; Decrypted GatewaySettings dump (see FORMAT.md)
; key = ed209d4afaf4421cdcd90e86af3c599b (aligned at 0x60)

00000060:  5E 13 5E CD 60 A2 0D 28 22 EB F1 7E 6C 8F D1 8F  ^.^.`..("..~l...
00000070:  AE F6 E1 CC BE 96 C9 04 0A 6B 6B B6 CA 4B 59 C8  .........kk..KY.
00000080:  0B C9 17 28 61 16 67 80 6C 60 91 4C AA 73 F7 D9  ...(a.g.l`.L.s..
00000090:  12 8D 7C 41 F8 3E 69 DE 33 A5 46 B2 69 83 61 DB  ..|A.>i.3.F.i.a.
000000A0:  14 D7 B5 A1 93 C9 AB D1 E9 EF E2 E4 09 61 86 E4  .............a..
000000B0:  C1 A8 D5 31 73 C5 01 52 27 89 B1 C0 0D FC 93 56  ...1s..R'......V
000000C0:  53 F5 F3 0B 43 39 E3 2D BF F7 E1 3F E5 75 D7 34  S...C9.-...?.u.4
000000D0:  FA E9 D9 1F DF 81 49 49 22 6A 68 CB 73 72 D1 08  ......II"jh.sr..
000000E0:  A1 91 93 8B 43 CB 4F A7 38 E5 8F BF 71 FD F8 54  ....C.O.8...q..T
000000F0:  28 7D 8A B2 5F 05 BA 46 EB DB 4E 84 05 81 BC D1  (}.._..F..N.....
00000100:  6B 4B 05 C6 76 6B D3 82 7C 24 02 03 7D AC 79 B4  kK..vk..|$..}.y.
00000110:  A1 35 17 BE AF F3 01 06 7E 17 43 F2 7D CB E0 9A  .5......~.C.}...
00000120:  DC F6 0F 04 FE 9D 00 00 00 00 00 00 00 00 00 00  ................
00000130:  00 00 00 00 00 00 00 00 00 00 00 00 00 00 00 00  ................ [zeros]
00000140:  00 00 00 00 00 00 00 00 00 00 00 00 00 00 00 00  ................ [zeros]
00000150:  00 00 00 00 00 00 00 00 00 00 00 00 00 00 00 00  ................ [zeros]
00000160:  00 00 00 00 00 00 00 00 00 00 00 00 00 00 00 00  ................ [zeros]
00000170:  00 00 00 00 00 00 EC 78 CD 10 50 C8 E3 66 89 6B  .......x..P..f.k
00000180:  63 A9 A4 49 FE 71 70 59 05 B5 15 24 FC BB 0E 7E  c..I.qpY...$...~
00000190:  39 50 5E 56 80 9D 88 6A CF 09 34 30 D0 0E 67 5F  9P^V...j..40..g_
000001A0:  34 19 30 67 4A 59 FF FA 81 7C 39 95 CE 3B FE 9B  4.0gJY...|9..;..
000001B0:  0A B4 5D 9D F7 F4 2A 07 CB 3B 07 98 B3 D2 4E D3  ..]...*..;....N.
000001C0:  94 C1 5C 07 E1 C0 3F 81 B0 C6 A5 92 D2 EF B1 77  ..\...?........w
000001D0:  02 26 CE C3 CF 1A 9B 50 D2 8D E1 7A 78 29 67 51  .&.....P...zx)gQ
000001E0:  98 7F C7 50 0C 1C DA A6 28 69 0D 60 4B 8C A9 6B  ...P....(i.`K..k
000001F0:  56 A8 D3 FC 2B 30 EC 38 D0 9B 1D F0 51 66 53 29  V...+0.8....QfS)
00000200:  9F 13 35 A9 03 06 C7 72 6F 69 11 BD D0 11 C5 6F  ..5....roi.....o
00000210:  F3 DD 06 D5 6C 26 B2 44 90 87 4A 96 60 EE 8D 69  ....l&.D..J.`..i
00000220:  64 9C FC 16 CD C1 BA F0 79 8F FA A6 91 7A 23 1E  d.......y....z#.
00000230:  3F 12 5A C9 71 31 F0 EC 94 C5 AD F0 6F B3 1A 97  ?.Z.q1......o...
00000240:  EE 04 6A 95 DB 41 DF 30 08 A0 99 54 DD BD 88 2D  ..j..A.0...T...-
00000250:  59 AA 1E 15 EB 04 A0 8F 2C B9 D3 AE 15 8F 59 51  Y.......,.....YQ
00000260:  7E 88 6B B4 A6 96 B0 66 A4 FF 9E 4E 64 26 42 FD  ~.k....f...Nd&B.
00000270:  B9 FE A6 D9 57 B2 96 9C 49 4B 16 2F 93 D5 A2 14  ....W...IK./....
00000280:  17 7E 41 D0 57 8E EA B5 F7 55 B4 F6 25 FF BE A5  .~A.W....U..%...
00000290:  3A 05 24 8F D5 88 2F 8F C0 BD 60 71 BB 91 55 92  :.$.../...`q..U.
000002A0:  1D E4 52 0A 76 6F 61 70 2F 43 9F C3 AA 84 2A 28  ..R.voap/C....*(
000002B0:  F1 91 0E 87 33 49 68 AD 88 02 44 C7 8A 2E 99 9F  ....3Ih...D.....
000002C0:  C1 00 9D E4 4A 8C 7C D8 E3 58 7F 4B 23 51 B7 2C  ....J.|..X.K#Q.,
000002D0:  77 23 B9 75 8F 86 AD 4C 3E E9 37 40 2B B6 C9 B5  w#.u...L>.7@+...
000002E0:  9C F4 42 A9 76 EE 18 14 F3 AE A5 82 1C 54 0E D7  ..B.v........T..
000002F0:  70 19 4B D8 60 51 EA E9 6E E9 1F 8C 0F 6D A7 B3  p.K.`Q..n....m..
00000300:  2C 85 BD 58 FC 43 0F 2B 0C EC 84 20 DD BF 05 77  ,..X.C.+... ...w
00000310:  CE BE CD 87 DA AE 33 68 ED F2 E8 32 8F B0 AC 8F  ......3h...2....
00000320:  92 AD DD 6A B8 BB 33 68 ED F2 E8 32 8F B0 AC 8F  ...j..3h...2....
00000330:  92 AD DD 6A B8 BB 4E FE 63 36 90 F9 72 A0 6E 0C  ...j..N.c6..r.n.
00000340:  EA 1B 92 2E 03 2F AA D0 AA BB E7 D6 01 FB 56 4D  ...../........VM
00000350:  FF 29 DA EF 30 3C 5D E2 50 39 A4 78 F0 3C 09 A6  .)..0<].P9.x.<..
00000360:  FD 22 79 93 8A 68 E9 E0 FE 6D D7 CA 36 EF 12 06  ."y..h...m..6...
00000370:  AE E9 6E 29 4D CF 29 45 C1 F9 CA 1A 07 9C 6F DB  ..n)M.)E......o.
00000380:  BD 68 BF 2A 7D AB 00 00 00 00 00 00 00 00 00 00  .h.*}...........
00000390:  00 00 00 00 00 00 00 00 00 00 00 00 00 00 00 00  ................ [zeros]
000003A0:  00 00 00 00 00 00 00 00 00 00 00 00 00 00 00 00  ................ [zeros]
000003B0:  00 00 00 00 00 00 00 00 00 00 00 00 00 00 00 00  ................ [zeros]
000003C0:  00 00 00 00 00 00 00 00 00 00 00 00 00 00 00 00  ................ [zeros]
000003D0:  00 00 00 00 00 00 00 00 00 00 00 00 00 00 00 00  ................ [zeros]
000003E0:  00 00 00 00 00 00 00 00 00 00 00 00 00 00 00 00  ................ [zeros]
000003F0:  00 00 00 00 00 00 00 00 00 00 00 00 00 00 00 00  ................ [zeros]
00000400:  00 00 00 00 00 00 00 00 00 00 00 00 00 00 00 00  ................ [zeros]
00000410:  00 00 00 00 00 00 00 00 00 00 00 00 00 00 00 00  ................ [zeros]
00000420:  00 00 00 00 00 00 00 00 00 00 00 00 00 00 00 00  ................ [zeros]
00000430:  00 00 00 00 00 00 00 00 00 00 00 00 00 00 00 00  ................ [zeros]
00000440:  00 00 00 00 00 00 00 00 00 00 00 00 00 00 00 00  ................ [zeros]
00000450:  00 00 00 00 00 00 00 00 00 00 00 00 00 00 00 00  ................ [zeros]
00000460:  00 00 00 00 00 00 00 00 00 00 00 00 00 00 00 00  ................ [zeros]
00000470:  00 00 00 00 00 00 00 00 00 00 00 00 00 00 00 00  ................ [zeros]
00000480:  00 00 00 00 00 00 00 00 00 00 00 00 00 00 00 00  ................ [zeros]
00000490:  00 00 00 00 00 00 00 00 00 00 00 00 00 00 00 00  ................ [zeros]
000004A0:  00 00 00 00 00 00 00 00 00 00 00 00 00 00 00 00  ................ [zeros]
000004B0:  00 00 00 00 00 00 00 00 00 00 00 00 00 00 00 00  ................ [zeros]
000004C0:  00 00 00 00 00 00 00 00 00 00 00 00 00 00 00 00  ................ [zeros]
000004D0:  00 00 00 00 00 00 00 00 00 00 00 00 00 00 00 00  ................ [zeros]
000004E0:  00 00 00 00 00 00 00 00 00 00 00 00 00 00 00 00  ................ [zeros]
000004F0:  00 00 00 00 00 00 00 00 00 00 00 00 00 00 00 00  ................ [zeros]
00000500:  00 00 00 00 00 00 0D 99 57 BB 28 B7 92 50 B4 8D  ........W.(..P..
00000510:  32 12 CC 13 A4 97 B5 FE 2C 4A 3E 11 2A 5C E4 CE  2.......,J>.*\..
00000520:  56 77 57 24 39 DC 4A 2C 71 07 54 E8 B6 18 88 BC  VwW$9.J,q.T.....
00000530:  5F 01 89 13 16 2E 25 50 50 8D 87 28 05 F9 42 C5  _.....%PP..(..B.
00000540:  2C 56 50 4B A6 AC FA B3 80 B1 BC 1D 0F BF C7 66  ,VPK...........f
00000550:  26 20 1D CA CE 99 A9 5A B0 9E 1B 1C D8 15 A1 17  & .....Z........
00000560:  5F FC E0 16 9E 16 CC 74 F3 86 F8 D4 8E 37 C1 59  _......t.....7.Y
00000570:  B0 4D 1C 4A 9E 27 39 5A F2 77 4B 29 2F AF 67 96  .M.J.'9Z.wK)/.g.
00000580:  C8 6B D4 65 92 F8 01 F7 F0 B0 BB 47 E9 B3 62 DD  .k.e.......G..b.
00000590:  72 14 FD A5 AC D4 4C 49 1A AC 64 5B FE F5 DE D1  r.....LI..d[....
000005A0:  78 B8 16 FD B3 10 91 BA 06 F3 53 CA 53 4F D7 7B  x.........S.SO.{
000005B0:  29 21 F3 D3 BC AD D7 62 3D 26 60 9D 78 5B 0B 8D  )!.....b=&`.x[..
000005C0:  61 D5 01 72 B3 57 9B 6F C4 06 32 31 3A 6C 06 D8  a..r.W.o..21:l..
000005D0:  37 55 77 F7 3E DB BD 97 56 6D 86 41 4D DE 51 C1  7Uw.>...Vm.AM.Q.
000005E0:  5A 38 D4 BB 97 93 D8 B1 8E B9 E9 6F 40 F8 FD 03  Z8.........o@...
000005F0:  A5 AF 08 BF 0B 68 D6 9C BF 89 92 AF F4 F6 BB 93  .....h..........
00000600:  0E D0 CC D2 7F 14 E6 05 B0 21 75 CA 00 03 58 E3  .........!u...X.
00000610:  9C 79 D3 79 24 BC E6 39 B4 18 F6 29 05 68 10 51  .y.y$..9...).h.Q
00000620:  62 C9 30 F4 6B F3 DC E2 62 C9 9B C2 B9 FA 59 D0  b.0.k...b.....Y.
00000630:  E6 08 E9 44 CE B1 54 80 42 ED 32 F3 31 E6 A9 EC  ...D..T.B.2.1...
00000640:  6B FD 48 D6 6A D9 ED C3 41 04 BA 01 73 69 CD BC  k.H.j...A...si..
00000650:  21 FE 9B 8B CD 15 E7 4F 85 53 A4 64 D4 4D 27 E6  !......O.S.d.M'.
00000660:  00 91 C1 1E 1B 7E BE FA B7 2A 44 59 6F 3C 43 DC  .....~...*DYo<C.
00000670:  78 DE 10 66 4B 55 F8 FD 36 60 DB AA E1 B6 24 11  x..fKU..6`....$.
00000680:  7A 1F 48 C1 6A 25 FD 1F 69 70 13 BC 73 BE 57 EF  z.H.j%..ip..s.W.
00000690:  CE 9F 27 F8 9F 51 3D 62 12 F5 88 36 49 FE 79 46  ..'..Q=b...6I.yF
000006A0:  9E 93 7E C6 01 EC 7A 4D 0B 85 63 AC D2 61 A9 46  ..~...zM..c..a.F
000006B0:  DE 32 F5 61 62 CC 7C CD 84 2B 7B 4D 96 D5 C6 C6  .2.ab.|..+{M....
000006C0:  ED 98 8B 51 35 D6 0C C4 E1 74 E8 4E F5 E7 BC 03  ...Q5....t.N....
000006D0:  95 D3 F6 16 D9 0D 54 C0 2B FD 8C C8 60 28 FA F4  ......T.+...`(..
000006E0:  46 3A 63 14 4B 5C A6 C1 76 D6 AE 1B 84 DC 84 DA  F:c.K\..v.......
000006F0:  19 6C 71 19 75 4B 5D 8F A0 EB 30 71 A0 AC BA 0B  .lq.uK]...0q....
00000700:  46 DD 8E EB 12 EB 31 9F 7C 69 2B EC 0B A4 3A 7C  F.....1.|i+...:|
00000710:  1F DB BB EF 39 CE 24 49 1E 82 13 23 3E 53 35 EC  ....9.$I...#>S5.
00000720:  E2 FB 18 6C 53 FA 6D 88 7B 32 27 77 FA C9 24 2E  ...lS.m.{2'w..$.
00000730:  30 A5 A6 4A D2 74 35 55 B4 9F 8B 47 0C FC E9 0B  0..J.t5U...G....
00000740:  A4 A7 FF 18 52 66 5F 60 E5 CD 79 53 37 D8 05 9B  ....Rf_`..yS7...
00000750:  B0 4A 86 52 7C ED 7C 27 20 1D 97 BD 57 88 C9 6F  .J.R|.|' ...W..o
00000760:  D5 0A 5D 66 EC B2 FD 10 55 BF 64 CD 1C D2 90 30  ..]f....U.d....0
00000770:  E2 44 0A 98 CC 18 E0 F6 0E 4F 31 6A 7E 7C 05 F4  .D.......O1j~|..
00000780:  4A AD 1A 5B 90 45 9D 8E 7B 65 16 C8 9B AD 09 D9  J..[.E..{e......
00000790:  2E 3C 68 2B B0 0A 13 9C 23 B4 57 88 81 D9 51 BB  .<h+....#.W...Q.
000007A0:  CC B4 C9 AB A5 02 9E AC 79 A5 91 A2 56 2F 1A F3  ........y...V/..
000007B0:  FE 52 33 A9 A5 56 EF 61 42 AE 85 AF 9A 55 4D 41  .R3..V.aB....UMA
000007C0:  6B 3F AE 48 AB F0 E2 AD D5 8D 81 19 41 E6 16 72  k?.H........A..r
000007D0:  E8 32 64 5D 2D B6 E5 86 C4 BE 1F DB C2 45 0A 22  .2d]-........E."
000007E0:  26 1B D2 C8 A9 7F F7 42 C0 A8 9E 17 80 7F B5 41  &......B.......A
000007F0:  8B 2D 5B 4F A8 C6 F5 60 2D BC 07 6A 46 C5 D8 87  .-[O...`-..jF...
00000800:  BF AB 25 EF C4 E5 13 BD E8 20 89 79 70 AC 47 A2  ..%...... .yp.G.
00000810:  8D 81 84 67 D3 CB F4 B8 42 B7 F7 BC A4 82 EA 4A  ...g....B......J
00000820:  D2 C0 6B A9 78 91 6A C9 38 5C 4F 55 0A B8 F8 20  ..k.x.j.8\OU... 
00000830:  25 F8 0A C7 38 2A 62 92 FF 8A D1 C8 7A C0 C0 93  %...8*b.....z...
00000840:  01 8A A1 98 FE BC 8D 23 28 77 02 8C 97 3C 6B 47  .......#(w...<kG
00000850:  50 99 37 1E 12 68 94 4F 3D 5B C7 0D 86 F8 53 9E  P.7..h.O=[....S.
00000860:  D1 84 AB B0 EA 80 5C 1A 2D 7C 09 3F 3C 32 F3 C7  ......\.-|.?<2..
00000870:  27 41 CC 5E AB DD B3 3E 13 95 31 9C B8 00 B0 AC  'A.^...>..1.....
00000880:  26 BA FE A1 AA D0 C0 CE AC 95 83 10 5C 8B EB DF  &...........\...
00000890:  D4 15 C5 61 DD 6F 26 A6 00 B7 75 DC F3 B6 DB 23  ...a.o&...u....#
000008A0:  04 F3 AB B1 6A 3F E6 24 15 DE C4 25 C8 20 CE 95  ....j?.$...%. ..
000008B0:  33 E2 56 33 75 F7 BD D7 78 C5 6B D8 82 1E 9C 6B  3.V3u...x.k....k
000008C0:  F2 19 96 2E 43 B8 18 5C 82 DA 2A A6 43 BF 31 8A  ....C..\..*.C.1.
000008D0:  E7 22 88 C1 79 93 95 0E E5 D6 29 8E A4 64 1E B5  ."..y.....)..d..
000008E0:  6C C5 7C 87 FC 26 6F E3 0D 86 FE AC 60 0B 18 D2  l.|..&o.....`...
000008F0:  B7 F1 A1 A7 A7 C8 02 CE 92 23 7B F4 C1 53 AE 4A  .........#{..S.J
00000900:  D5 1F 99 6F 0F 7D 80 74 B6 62 E2 BC AC D0 00 02  ...o.}.t.b......
00000910:  B3 67 32 03 0B C6 A9 18 FC 7D DE 83 CB 21 EF D9  .g2......}...!..
00000920:  06 B1 41 9A 00 B4 53 D3 08 18 07 25 01 9D 26 F1  ..A...S....%..&.
00000930:  CF 28 58 EA CF A7 DA 2A F0 6A BF D1 D9 F8 75 1F  .(X....*.j....u.
00000940:  1B 46 79 14 BA 6C 77 82 C4 C8 CA 4D FD 05 AD CF  .Fy..lw....M....
00000950:  86 09 64 27 B9 B3 1D 80 D6 22 5D F4 CE 72 3B 3E  ..d'....."]..r;>
00000960:  A0 9A 02 68 5D 63 E5 49 BB C7 EE 7A 4C DD BA A8  ...h]c.I...zL...
00000970:  ED C0 2C 04 11 54 3A C0 47 66 5A 31 9B C8 5F 08  ..,..T:.GfZ1.._.
00000980:  6F 98 46 14 F2 3D BF 6A 08 5F E2 FA CE 40 BE 2D  o.F..=.j._...@.-
00000990:  C9 74 01 37 F1 97 D0 7D 63 95 6E 02 63 0F BE B6  .t.7...}c.n.c...
000009A0:  E4 FE CE 2B A6 F6 A7 CB F5 02 8F 2D 17 13 B2 AC  ...+.......-....
000009B0:  89 1D C7 E7 07 4D 12 7E 9E DA 19 5A 8B 5F 43 27  .....M.~...Z._C'
000009C0:  E9 0D D9 E0 4A 4C F1 5E E5 5E 23 44 75 0F F0 7C  ....JL.^.^#Du..|
000009D0:  D9 BF D0 81 F7 F5 20 23 C5 D2 9B 09 F8 B6 D3 B0  ...... #........
000009E0:  4A CB 1B 1B 64 4E 4A 2A 26 0B CE FB A7 B9 3C BD  J...dNJ*&.....<.
000009F0:  1E B3 47 CB 79 A9 78 4C 12 1D B6 5A DB 4D C5 66  ..G.y.xL...Z.M.f
00000A00:  F9 ED 7A 07 69 09 D1 70 C7 04 B8 77 30 64 BE B1  ..z.i..p...w0d..
00000A10:  D6 63 DD 32 7C 20 72 FE 61 0D AF 96 E4 1B 0C 74  .c.2| r.a......t
00000A20:  35 84 04 EE 14 22 CC FF A8 CA 61 BF 80 A6 79 FD  5...."....a...y.
00000A30:  7B 50 D8 27 33 10 A5 CF E3 C1 88 DB A9 07 71 2C  {P.'3.........q,
00000A40:  FF 7B 4B 29 EF 32 A9 55 56 44 5F DB 06 C2 DC FA  .{K).2.UVD_.....
00000A50:  58 50 38 A9 1D 29 57 5A 13 4D D2 B7 69 32 0C F4  XP8..)WZ.M..i2..
00000A60:  BC 95 3E A8 1A 9B A6 C9 E6 0B 41 9D B2 7D DA 3B  ..>.......A..}.;
00000A70:  9D 98 77 C4 F3 C7 19 E1 70 20 A3 9E 19 A7 24 FF  ..w.....p ....$.
00000A80:  D7 DE A1 A8 1D A6 00 00 00 00 00 00 00 00 00 00  ................
00000A90:  00 00 00 00 00 00 00 00 00 00 00 00 00 00 00 00  ................ [zeros]
00000AA0:  00 00 00 00 00 00 00 00 00 00 00 00 00 00 00 00  ................ [zeros]
00000AB0:  00 00 00 00 00 00 00 00 00 00 00 00 00 00 00 00  ................ [zeros]
00000AC0:  00 00 00 00 00 00 00 00 00 00 00 00 00 00 00 00  ................ [zeros]
00000AD0:  00 00 00 00 00 00 00 00 00 00 00 00 00 00 00 00  ................ [zeros]
00000AE0:  00 00 00 00 00 00 00 00 00 00 00 00 00 00 00 00  ................ [zeros]
00000AF0:  00 00 00 00 00 00 00 00 00 00 00 00 00 00 00 00  ................ [zeros]
00000B00:  00 00 00 00 00 00 00 00 00 00 00 00 00 00 00 00  ................ [zeros]
00000B10:  00 00 00 00 00 00 00 00 00 00 00 00 00 00 00 00  ................ [zeros]
00000B20:  00 00 00 00 00 00 00 00 00 00 00 00 00 00 00 00  ................ [zeros]
00000B30:  00 00 00 00 00 00 00 00 00 00 00 00 00 00 00 00  ................ [zeros]
00000B40:  00 00 00 00 00 00 00 00 00 00 00 00 00 00 00 00  ................ [zeros]
00000B50:  00 00 00 00 00 00 00 00 00 00 00 00 00 00 00 00  ................ [zeros]
00000B60:  00 00 00 00 00 00 00 00 00 00 00 00 00 00 00 00  ................ [zeros]
00000B70:  00 00 00 00 00 00 00 00 00 00 00 00 00 00 00 00  ................ [zeros]
00000B80:  00 00 00 00 00 00 00 00 00 00 00 00 00 00 00 00  ................ [zeros]
00000B90:  00 00 00 00 00 00 00 00 00 00 00 00 00 00 00 00  ................ [zeros]
00000BA0:  00 00 00 00 00 00 00 00 00 00 00 00 00 00 00 00  ................ [zeros]
00000BB0:  00 00 00 00 00 00 00 00 00 00 00 00 00 00 00 00  ................ [zeros]
00000BC0:  00 00 00 00 00 00 00 00 00 00 00 00 00 00 00 00  ................ [zeros]
00000BD0:  00 00 00 00 00 00 00 00 00 00 00 00 00 00 00 00  ................ [zeros]
00000BE0:  00 00 00 00 00 00 00 00 00 00 00 00 00 00 00 00  ................ [zeros]
00000BF0:  00 00 00 00 00 00 00 00 00 00 00 00 00 00 00 00  ................ [zeros]
00000C00:  00 00 00 00 00 00 00 00 00 00 00 00 00 00 00 00  ................ [zeros]
00000C10:  00 00 00 00 00 00 00 00 00 00 00 00 00 00 00 00  ................ [zeros]
00000C20:  00 00 00 00 00 00 00 00 00 00 00 00 00 00 00 00  ................ [zeros]
00000C30:  00 00 00 00 00 00 00 00 00 00 00 00 00 00 00 00  ................ [zeros]
00000C40:  00 00 00 00 00 00 00 00 00 00 00 00 00 00 00 00  ................ [zeros]
00000C50:  00 00 00 00 00 00 00 00 00 00 00 00 00 00 00 00  ................ [zeros]
00000C60:  00 00 00 00 00 00 00 00 00 00 00 00 00 00 00 00  ................ [zeros]
00000C70:  00 00 00 00 00 00 00 00 00 00 00 00 00 00 00 00  ................ [zeros]
00000C80:  00 00 00 00 00 00 00 00 00 00 00 00 00 00 00 00  ................ [zeros]
00000C90:  00 00 00 00 00 00 00 00 00 00 00 00 00 00 00 00  ................ [zeros]
00000CA0:  00 00 00 00 00 00 00 00 00 00 00 00 00 00 00 00  ................ [zeros]
00000CB0:  00 00 00 00 00 00 00 00 00 00 00 00 00 00 00 00  ................ [zeros]
00000CC0:  00 00 00 00 00 00 00 00 00 00 00 00 00 00 00 00  ................ [zeros]
00000CD0:  00 00 00 00 00 00 00 00 00 00 00 00 00 00 00 00  ................ [zeros]
00000CE0:  00 00 00 00 00 00 00 00 00 00 00 00 00 00 00 00  ................ [zeros]
00000CF0:  00 00 00 00 00 00 00 00 00 00 00 00 00 00 00 00  ................ [zeros]
00000D00:  00 00 00 00 00 00 00 00 00 00 00 00 00 00 00 00  ................ [zeros]
00000D10:  00 00 00 00 00 00 00 00 00 00 00 00 00 00 00 00  ................ [zeros]
00000D20:  00 00 00 00 00 00 00 00 00 00 00 00 00 00 00 00  ................ [zeros]
00000D30:  00 00 00 00 00 00 00 00 00 00 00 00 00 00 00 00  ................ [zeros]
00000D40:  00 00 00 00 00 00 00 00 00 00 00 00 00 00 00 00  ................ [zeros]
00000D50:  00 00 00 00 00 00 00 00 00 00 00 00 00 00 00 00  ................ [zeros]
00000D60:  00 00 00 00 00 00 00 00 00 00 00 00 00 00 00 00  ................ [zeros]
00000D70:  00 00 00 00 00 00 00 00 00 00 00 00 00 00 00 00  ................ [zeros]
00000D80:  00 00 00 00 00 00 00 00 00 00 00 00 00 00 00 00  ................ [zeros]
00000D90:  00 00 00 00 00 00 00 00 00 00 00 00 00 00 00 00  ................ [zeros]
00000DA0:  00 00 00 00 00 00 00 00 00 00 00 00 00 00 00 00  ................ [zeros]
00000DB0:  00 00 00 00 00 00 00 00 00 00 00 00 00 00 00 00  ................ [zeros]
00000DC0:  00 00 00 00 00 00 00 00 00 00 00 00 00 00 00 00  ................ [zeros]
00000DD0:  00 00 00 00 00 00 00 00 00 00 00 00 00 00 00 00  ................ [zeros]
00000DE0:  00 00 00 00 00 00 00 00 00 00 00 00 00 00 00 00  ................ [zeros]
00000DF0:  00 00 00 00 00 00 00 00 00 00 00 00 00 00 00 00  ................ [zeros]
00000E00:  00 00 00 00 00 00 00 00 00 00 00 00 00 00 00 00  ................ [zeros]
00000E10:  00 00 00 00 00 00 00 00 00 00 00 00 00 00 00 00  ................ [zeros]
00000E20:  00 00 00 00 00 00 00 00 00 00 00 00 00 00 00 00  ................ [zeros]
00000E30:  00 00 00 00 00 00 00 00 00 00 00 00 00 00 00 00  ................ [zeros]
00000E40:  00 00 00 00 00 00 00 00 00 00 00 00 00 00 00 00  ................ [zeros]
00000E50:  00 00 00 00 00 00 00 00 00 00 00 00 00 00 00 00  ................ [zeros]
00000E60:  00 00 00 00 00 00 00 00 00 00 00 00 00 00 00 00  ................ [zeros]
00000E70:  00 00 00 00 00 00 74 D1 1F 2F 9D 9F 0B 53 FA 46  ......t../...S.F
00000E80:  C5 5F D4 20 2D 6C 00 00 00 00 00 00 00 00 00 00  ._. -l..........
00000E90:  00 00 00 00 00 00 00 00 00 00 00 00 00 00 00 00  ................ [zeros]
00000EA0:  00 00 00 00 00 00 00 00 00 00 00 00 00 00 00 00  ................ [zeros]
00000EB0:  00 00 00 00 00 00 00 00 00 00 00 00 00 00 00 00  ................ [zeros]
00000EC0:  00 00 00 00 00 00 00 00 00 00 00 00 00 00 00 00  ................ [zeros]
00000ED0:  00 00 00 00 00 00 00 00 00 00 00 00 00 00 00 00  ................ [zeros]
00000EE0:  00 00 00 00 00 00 00 00 00 00 00 00 00 00 00 00  ................ [zeros]
00000EF0:  00 00 00 00 00 00 00 00 00 00 00 00 00 00 00 00  ................ [zeros]
00000F00:  00 00 00 00 00 00 00 00 00 00 00 00 00 00 00 00  ................ [zeros]
00000F10:  00 00 00 00 00 00 00 00 00 00 00 00 00 00 00 00  ................ [zeros]
00000F20:  00 00 00 00 00 00 00 00 00 00 00 00 00 00 00 00  ................ [zeros]
00000F30:  00 00 00 00 00 00 00 00 00 00 00 00 00 00 00 00  ................ [zeros]
00000F40:  00 00 00 00 00 00 00 00 00 00 00 00 00 00 00 00  ................ [zeros]
00000F50:  00 00 00 00 00 00 00 00 00 00 00 00 00 00 00 00  ................ [zeros]
00000F60:  00 00 00 00 00 00 00 00 00 00 00 00 00 00 00 00  ................ [zeros]
00000F70:  00 00 00 00 00 00 00 00 00 00 00 00 00 00 00 00  ................ [zeros]
00000F80:  00 00 00 00 00 00 00 00 00 00 00 00 00 00 00 00  ................ [zeros]
00000F90:  00 00 00 00 00 00 00 00 00 00 00 00 00 00 00 00  ................ [zeros]
00000FA0:  00 00 00 00 00 00 00 00 00 00 00 00 00 00 00 00  ................ [zeros]
00000FB0:  00 00 00 00 00 00 00 00 00 00 00 00 00 00 00 00  ................ [zeros]
00000FC0:  00 00 00 00 00 00 00 00 00 00 00 00 00 00 00 00  ................ [zeros]
00000FD0:  00 00 00 00 00 00 00 00 00 00 00 00 00 00 00 00  ................ [zeros]
00000FE0:  00 00 00 00 00 00 00 00 00 00 00 00 00 00 00 00  ................ [zeros]
00000FF0:  00 00 00 00 00 00 00 00 00 00 00 00 00 00 00 00  ................ [zeros]
00001000:  00 00 00 00 00 00 00 00 00 00 00 00 00 00 00 00  ................ [zeros]
00001010:  00 00 00 00 00 00 00 00 00 00 00 00 00 00 00 00  ................ [zeros]
00001020:  00 00 00 00 00 00 00 00 00 00 00 00 00 00 00 00  ................ [zeros]
00001030:  00 00 00 00 00 00 00 00 00 00 00 00 00 00 00 00  ................ [zeros]
00001040:  00 00 00 00 00 00 00 00 00 00 00 00 00 00 00 00  ................ [zeros]
00001050:  00 00 00 00 00 00 00 00 00 00 00 00 00 00 00 00  ................ [zeros]
00001060:  00 00 00 00 00 00 00 00 00 00 00 00 00 00 00 00  ................ [zeros]
00001070:  00 00 00 00 00 00 00 00 00 00 00 00 00 00 00 00  ................ [zeros]
00001080:  00 00 00 00 00 00 00 00 00 00 00 00 00 00 00 00  ................ [zeros]
00001090:  00 00 00 00 00 00 00 00 00 00 00 00 00 00 00 00  ................ [zeros]
000010A0:  00 00 00 00 00 00 00 00 00 00 00 00 00 00 00 00  ................ [zeros]
000010B0:  00 00 00 00 00 00 00 00 00 00 00 00 00 00 00 00  ................ [zeros]
000010C0:  00 00 00 00 00 00 00 00 00 00 00 00 00 00 00 00  ................ [zeros]
000010D0:  00 00 00 00 00 00 00 00 00 00 00 00 00 00 00 00  ................ [zeros]
000010E0:  00 00 00 00 00 00 00 00 00 00 00 00 00 00 00 00  ................ [zeros]
000010F0:  00 00 00 00 00 00 00 00 00 00 00 00 00 00 00 00  ................ [zeros]
00001100:  00 00 00 00 00 00 00 00 00 00 00 00 00 00 00 00  ................ [zeros]
00001110:  00 00 00 00 00 00 00 00 00 00 00 00 00 00 00 00  ................ [zeros]
00001120:  00 00 00 00 00 00 00 00 00 00 00 00 00 00 00 00  ................ [zeros]
00001130:  00 00 00 00 00 00 00 00 00 00 00 00 00 00 00 00  ................ [zeros]
00001140:  00 00 00 00 00 00 00 00 00 00 00 00 00 00 00 00  ................ [zeros]
00001150:  00 00 00 00 00 00 00 00 00 00 00 00 00 00 00 00  ................ [zeros]
00001160:  00 00 00 00 00 00 00 00 00 00 00 00 00 00 00 00  ................ [zeros]
00001170:  00 00 00 00 00 00 00 00 00 00 00 00 00 00 00 00  ................ [zeros]
00001180:  00 00 00 00 00 00 00 00 00 00 00 00 00 00 00 00  ................ [zeros]
00001190:  00 00 00 00 00 00 00 00 00 00 00 00 00 00 00 00  ................ [zeros]
000011A0:  00 00 00 00 00 00 00 00 00 00 00 00 00 00 00 00  ................ [zeros]
000011B0:  00 00 00 00 00 00 00 00 00 00 00 00 00 00 00 00  ................ [zeros]
000011C0:  00 00 00 00 00 00 00 00 00 00 00 00 00 00 00 00  ................ [zeros]
000011D0:  00 00 00 00 00 00 00 00 00 00 00 00 00 00 00 00  ................ [zeros]
000011E0:  00 00 00 00 00 00 00 00 00 00 00 00 00 00 00 00  ................ [zeros]
000011F0:  00 00 00 00 00 00 00 00 00 00 00 00 00 00 00 00  ................ [zeros]
00001200:  00 00 00 00 00 00 00 00 00 00 00 00 00 00 00 00  ................ [zeros]
00001210:  00 00 00 00 00 00 00 00 00 00 00 00 00 00 00 00  ................ [zeros]
00001220:  00 00 00 00 00 00 00 00 00 00 00 00 00 00 00 00  ................ [zeros]
00001230:  00 00 00 00 00 00 00 00 00 00 00 00 00 00 00 00  ................ [zeros]
00001240:  00 00 00 00 00 00 00 00 00 00 00 00 00 00 00 00  ................ [zeros]
00001250:  00 00 00 00 00 00 00 00 00 00 00 00 00 00 00 00  ................ [zeros]
00001260:  00 00 00 00 00 00 00 00 00 00 00 00 00 00 00 00  ................ [zeros]
00001270:  00 00 00 00 00 00 F1 52 DA 05 75 47 44 FC DE DF  .......R..uGD...
00001280:  89 06 0F 8E 4D 6D 00 00 00 00 00 00 00 00 00 00  ....Mm..........
00001290:  00 00 00 00 00 00 00 00 00 00 00 00 00 00 00 00  ................ [zeros]
000012A0:  00 00 00 00 00 00 00 00 00 00 00 00 00 00 00 00  ................ [zeros]
000012B0:  00 00 00 00 00 00 00 00 00 00 00 00 00 00 00 00  ................ [zeros]
000012C0:  00 00 00 00 00 00 00 00 00 00 00 00 00 00 00 00  ................ [zeros]
000012D0:  00 00 00 00 00 00 00 00 00 00 00 00 00 00 00 00  ................ [zeros]
000012E0:  00 00 00 00 00 00 00 00 00 00 00 00 00 00 00 00  ................ [zeros]
000012F0:  00 00 00 00 00 00 00 00 00 00 00 00 00 00 00 00  ................ [zeros]
00001300:  00 00 00 00 00 00 00 00 00 00 00 00 00 00 00 00  ................ [zeros]
00001310:  00 00 00 00 00 00 00 00 00 00 00 00 00 00 00 00  ................ [zeros]
00001320:  00 00 00 00 00 00 00 00 00 00 00 00 00 00 00 00  ................ [zeros]
00001330:  00 00 00 00 00 00 00 00 00 00 00 00 00 00 00 00  ................ [zeros]
00001340:  00 00 00 00 00 00 00 00 00 00 00 00 00 00 00 00  ................ [zeros]
00001350:  00 00 00 00 00 00 00 00 00 00 00 00 00 00 00 00  ................ [zeros]
00001360:  00 00 00 00 00 00 00 00 00 00 00 00 00 00 00 00  ................ [zeros]
00001370:  00 00 00 00 00 00 00 00 00 00 00 00 00 00 00 00  ................ [zeros]
00001380:  00 00 00 00 00 00 00 00 00 00 00 00 00 00 00 00  ................ [zeros]
00001390:  00 00 00 00 00 00 00 00 00 00 00 00 00 00 00 00  ................ [zeros]
000013A0:  00 00 00 00 00 00 00 00 00 00 00 00 00 00 00 00  ................ [zeros]
000013B0:  00 00 00 00 00 00 00 00 00 00 00 00 00 00 00 00  ................ [zeros]
000013C0:  00 00 00 00 00 00 00 00 00 00 00 00 00 00 00 00  ................ [zeros]
000013D0:  00 00 00 00 00 00 00 00 00 00 00 00 00 00 00 00  ................ [zeros]
000013E0:  00 00 00 00 00 00 00 00 00 00 00 00 00 00 00 00  ................ [zeros]
000013F0:  00 00 00 00 00 00 00 00 00 00 00 00 00 00 00 00  ................ [zeros]
00001400:  00 00 00 00 00 00 00 00 00 00 00 00 00 00 00 00  ................ [zeros]
00001410:  00 00 00 00 00 00 00 00 00 00 00 00 00 00 00 00  ................ [zeros]
00001420:  00 00 00 00 00 00 00 00 00 00 00 00 00 00 00 00  ................ [zeros]
00001430:  00 00 00 00 00 00 00 00 00 00 00 00 00 00 00 00  ................ [zeros]
00001440:  00 00 00 00 00 00 00 00 00 00 00 00 00 00 00 00  ................ [zeros]
00001450:  00 00 00 00 00 00 00 00 00 00 00 00 00 00 00 00  ................ [zeros]
00001460:  00 00 00 00 00 00 00 00 00 00 00 00 00 00 00 00  ................ [zeros]
00001470:  00 00 00 00 00 00 00 00 00 00 00 00 00 00 00 00  ................ [zeros]
00001480:  00 00 00 00 00 00 00 00 00 00 00 00 00 00 00 00  ................ [zeros]
00001490:  00 00 00 00 00 00 00 00 00 00 00 00 00 00 00 00  ................ [zeros]
000014A0:  00 00 00 00 00 00 00 00 00 00 00 00 00 00 00 00  ................ [zeros]
000014B0:  00 00 00 00 00 00 00 00 00 00 00 00 00 00 00 00  ................ [zeros]
000014C0:  00 00 00 00 00 00 00 00 00 00 00 00 00 00 00 00  ................ [zeros]
000014D0:  00 00 00 00 00 00 00 00 00 00 00 00 00 00 00 00  ................ [zeros]
000014E0:  00 00 00 00 00 00 00 00 00 00 00 00 00 00 00 00  ................ [zeros]
000014F0:  00 00 00 00 00 00 00 00 00 00 00 00 00 00 00 00  ................ [zeros]
00001500:  00 00 00 00 00 00 00 00 00 00 00 00 00 00 00 00  ................ [zeros]
00001510:  00 00 00 00 00 00 00 00 00 00 00 00 00 00 00 00  ................ [zeros]
00001520:  00 00 00 00 00 00 00 00 00 00 00 00 00 00 00 00  ................ [zeros]
00001530:  00 00 00 00 00 00 00 00 00 00 00 00 00 00 00 00  ................ [zeros]
00001540:  00 00 00 00 00 00 00 00 00 00 00 00 00 00 00 00  ................ [zeros]
00001550:  00 00 00 00 00 00 00 00 00 00 00 00 00 00 00 00  ................ [zeros]
00001560:  00 00 00 00 00 00 00 00 00 00 00 00 00 00 00 00  ................ [zeros]
00001570:  00 00 00 00 00 00 00 00 00 00 00 00 00 00 00 00  ................ [zeros]
00001580:  00 00 00 00 00 00 00 00 00 00 00 00 00 00 00 00  ................ [zeros]
00001590:  00 00 00 00 00 00 00 00 00 00 00 00 00 00 00 00  ................ [zeros]
000015A0:  00 00 00 00 00 00 00 00 00 00 00 00 00 00 00 00  ................ [zeros]
000015B0:  00 00 00 00 00 00 00 00 00 00 00 00 00 00 00 00  ................ [zeros]
000015C0:  00 00 00 00 00 00 00 00 00 00 00 00 00 00 00 00  ................ [zeros]
000015D0:  00 00 00 00 00 00 00 00 00 00 00 00 00 00 00 00  ................ [zeros]
000015E0:  00 00 00 00 00 00 00 00 00 00 00 00 00 00 00 00  ................ [zeros]
000015F0:  00 00 00 00 00 00 00 00 00 00 00 00 00 00 00 00  ................ [zeros]
00001600:  00 00 00 00 00 00 00 00 00 00 00 00 00 00 00 00  ................ [zeros]
00001610:  00 00 00 00 00 00 00 00 00 00 00 00 00 00 00 00  ................ [zeros]
00001620:  00 00 00 00 00 00 00 00 00 00 00 00 00 00 00 00  ................ [zeros]
00001630:  00 00 00 00 00 00 00 00 00 00 00 00 00 00 00 00  ................ [zeros]
00001640:  00 00 00 00 00 00 00 00 00 00 00 00 00 00 00 00  ................ [zeros]
00001650:  00 00 00 00 00 00 00 00 00 00 00 00 00 00 00 00  ................ [zeros]
00001660:  00 00 00 00 00 00 00 00 00 00 00 00 00 00 00 00  ................ [zeros]
00001670:  00 00 00 00 00 00 BE 47 F9 20 D8 AC 86 4A 4A BB  .......G. ...JJ.
00001680:  09 39 D4 EB B7 E8 00 00 00 00 00 00 00 00 00 00  .9..............
00001690:  00 00 00 00 00 00 00 00 00 00 00 00 00 00 00 00  ................ [zeros]
000016A0:  00 00 00 00 00 00 00 00 00 00 00 00 00 00 00 00  ................ [zeros]
000016B0:  00 00 00 00 00 00 00 00 00 00 00 00 00 00 00 00  ................ [zeros]
000016C0:  00 00 00 00 00 00 00 00 00 00 00 00 00 00 00 00  ................ [zeros]
000016D0:  00 00 00 00 00 00 00 00 00 00 00 00 00 00 00 00  ................ [zeros]
000016E0:  00 00 00 00 00 00 00 00 00 00 00 00 00 00 00 00  ................ [zeros]
000016F0:  00 00 00 00 00 00 00 00 00 00 00 00 00 00 00 00  ................ [zeros]
00001700:  00 00 00 00 00 00 00 00 00 00 00 00 00 00 00 00  ................ [zeros]
00001710:  00 00 00 00 00 00 00 00 00 00 00 00 00 00 00 00  ................ [zeros]
00001720:  00 00 00 00 00 00 00 00 00 00 00 00 00 00 00 00  ................ [zeros]
00001730:  00 00 00 00 00 00 00 00 00 00 00 00 00 00 00 00  ................ [zeros]
00001740:  00 00 00 00 00 00 00 00 00 00 00 00 00 00 00 00  ................ [zeros]
00001750:  00 00 00 00 00 00 00 00 00 00 00 00 00 00 00 00  ................ [zeros]
00001760:  00 00 00 00 00 00 00 00 00 00 00 00 00 00 00 00  ................ [zeros]
00001770:  00 00 00 00 00 00 00 00 00 00 00 00 00 00 00 00  ................ [zeros]
00001780:  00 00 00 00 00 00 00 00 00 00 00 00 00 00 00 00  ................ [zeros]
00001790:  00 00 00 00 00 00 00 00 00 00 00 00 00 00 00 00  ................ [zeros]
000017A0:  00 00 00 00 00 00 00 00 00 00 00 00 00 00 00 00  ................ [zeros]
000017B0:  00 00 00 00 00 00 00 00 00 00 00 00 00 00 00 00  ................ [zeros]
000017C0:  00 00 00 00 00 00 00 00 00 00 00 00 00 00 00 00  ................ [zeros]
000017D0:  00 00 00 00 00 00 00 00 00 00 00 00 00 00 00 00  ................ [zeros]
000017E0:  00 00 00 00 00 00 00 00 00 00 00 00 00 00 00 00  ................ [zeros]
000017F0:  00 00 00 00 00 00 00 00 00 00 00 00 00 00 00 00  ................ [zeros]
00001800:  00 00 00 00 00 00 00 00 00 00 00 00 00 00 00 00  ................ [zeros]
00001810:  00 00 00 00 00 00 00 00 00 00 00 00 00 00 00 00  ................ [zeros]
00001820:  00 00 00 00 00 00 00 00 00 00 00 00 00 00 00 00  ................ [zeros]
00001830:  00 00 00 00 00 00 00 00 00 00 00 00 00 00 00 00  ................ [zeros]
00001840:  00 00 00 00 00 00 00 00 00 00 00 00 00 00 00 00  ................ [zeros]
00001850:  00 00 00 00 00 00 00 00 00 00 00 00 00 00 00 00  ................ [zeros]
00001860:  00 00 00 00 00 00 00 00 00 00 00 00 00 00 00 00  ................ [zeros]
00001870:  00 00 00 00 00 00 00 00 00 00 00 00 00 00 00 00  ................ [zeros]
00001880:  00 00 00 00 00 00 00 00 00 00 00 00 00 00 00 00  ................ [zeros]
00001890:  00 00 00 00 00 00 00 00 00 00 00 00 00 00 00 00  ................ [zeros]
000018A0:  00 00 00 00 00 00 00 00 00 00 00 00 00 00 00 00  ................ [zeros]
000018B0:  00 00 00 00 00 00 00 00 00 00 00 00 00 00 00 00  ................ [zeros]
000018C0:  00 00 00 00 00 00 00 00 00 00 00 00 00 00 00 00  ................ [zeros]
000018D0:  00 00 00 00 00 00 00 00 00 00 00 00 00 00 00 00  ................ [zeros]
000018E0:  00 00 00 00 00 00 00 00 00 00 00 00 00 00 00 00  ................ [zeros]
000018F0:  00 00 00 00 00 00 00 00 00 00 00 00 00 00 00 00  ................ [zeros]
00001900:  00 00 00 00 00 00 00 00 00 00 00 00 00 00 00 00  ................ [zeros]
00001910:  00 00 00 00 00 00 00 00 00 00 00 00 00 00 00 00  ................ [zeros]
00001920:  00 00 00 00 00 00 00 00 00 00 00 00 00 00 00 00  ................ [zeros]
00001930:  00 00 00 00 00 00 00 00 00 00 00 00 00 00 00 00  ................ [zeros]
00001940:  00 00 00 00 00 00 00 00 00 00 00 00 00 00 00 00  ................ [zeros]
00001950:  00 00 00 00 00 00 00 00 00 00 00 00 00 00 00 00  ................ [zeros]
00001960:  00 00 00 00 00 00 00 00 00 00 00 00 00 00 00 00  ................ [zeros]
00001970:  00 00 00 00 00 00 00 00 00 00 00 00 00 00 00 00  ................ [zeros]
00001980:  00 00 00 00 00 00 00 00 00 00 00 00 00 00 00 00  ................ [zeros]
00001990:  00 00 00 00 00 00 00 00 00 00 00 00 00 00 00 00  ................ [zeros]
000019A0:  00 00 00 00 00 00 00 00 00 00 00 00 00 00 00 00  ................ [zeros]
000019B0:  00 00 00 00 00 00 00 00 00 00 00 00 00 00 00 00  ................ [zeros]
000019C0:  00 00 00 00 00 00 00 00 00 00 00 00 00 00 00 00  ................ [zeros]
000019D0:  00 00 00 00 00 00 00 00 00 00 00 00 00 00 00 00  ................ [zeros]
000019E0:  00 00 00 00 00 00 00 00 00 00 00 00 00 00 00 00  ................ [zeros]
000019F0:  00 00 00 00 00 00 00 00 00 00 00 00 00 00 00 00  ................ [zeros]
00001A00:  00 00 00 00 00 00 00 00 00 00 00 00 00 00 00 00  ................ [zeros]
00001A10:  00 00 00 00 00 00 00 00 00 00 00 00 00 00 00 00  ................ [zeros]
00001A20:  00 00 00 00 00 00 00 00 00 00 00 00 00 00 00 00  ................ [zeros]
00001A30:  00 00 00 00 00 00 00 00 00 00 00 00 00 00 00 00  ................ [zeros]
00001A40:  00 00 00 00 00 00 00 00 00 00 00 00 00 00 00 00  ................ [zeros]
00001A50:  00 00 00 00 00 00 00 00 00 00 00 00 00 00 00 00  ................ [zeros]
00001A60:  00 00 00 00 00 00 00 00 00 00 00 00 00 00 00 00  ................ [zeros]
00001A70:  00 00 00 00 00 00 B0 6C F8 BF 6E F4 C8 E9 DB 68  .......l..n....h
00001A80:  CB E6 54 5E C5 DE 5D B3 78 C8 55 AE D3 AD C3 A2  ..T^..].x.U.....
00001A90:  15 C7 CE 04 85 68 1D 3D 11 6A 61 12 74 08 CB 63  .....h.=.ja.t..c
00001AA0:  FF E9 C0 0D E0 A5 18 4C 70 A1 5E 2E 7F 0E D6 09  .......Lp.^.....
00001AB0:  31 0B 7F CF F9 F1 94 90 BE F7 BD 3B 69 15 28 F9  1..........;i.(.
00001AC0:  A8 43 37 80 33 38 BE 9A D5 2C 7E 42 D2 43 E7 3F  .C7.38...,~B.C.?
00001AD0:  96 E9 62 41 A3 4E 6F 51 5E 2C 2D FD 39 81 25 EF  ..bA.NoQ^,-.9.%.
00001AE0:  D1 9C A0 17 F3 D9 77 4F C0 49 79 97 E6 5D 30 3F  ......wO.Iy..]0?
00001AF0:  26 8B AD 19 CD 56 E5 9F 6B F5 9F 70 B5 1D 82 0C  &....V..k..p....
00001B00:  91 8C CB 0C 42 2F E9 EC 49 CD 7D 0A 6A 07 21 EF  ....B/..I.}.j.!.
00001B10:  60 4A AE 48 FE 6A 28 F2 4B 00 29 55 C3 38 47 93  `J.H.j(.K.)U.8G.
00001B20:  A4 04 D8 12 20 21 27 AF 28 34 88 06 53 B8 2C 38  .... !'.(4..S.,8
00001B30:  0D 48 90 70 25 73 3A 10 0A F9 F9 C0 CA 34 B8 B4  .H.p%s:......4..
00001B40:  12 BB 91 3D 00 12 09 39 0A 9E E2 92 1B 29 63 96  ...=...9.....)c.
00001B50:  AE 0F 66 28 4F 7A F3 7D 35 A4 0C 1C 2B B7 75 C8  ..f(Oz.}5...+.u.
00001B60:  AF 66 CC E7 A9 70 46 94 5B 5E 0A 25 07 5C 5E 98  .f...pF.[^.%.\^.
00001B70:  70 FC 22 03 14 63 78 8A 99 68 61 1D 5E 63 A8 25  p."..cx..ha.^c.%
00001B80:  CA 60 13 F1 4A 8B E9 68 BB 22 9F 29 DD 16 98 44  .`..J..h.".)...D
00001B90:  65 44 06 81 7E 46 9A D6 C9 78 77 87 C8 04 43 9E  eD..~F...xw...C.
00001BA0:  59 90 32 EE E2 94 77 11 E2 DA FD 1B 64 08 E2 40  Y.2...w.....d..@
00001BB0:  23 50 31 53 87 29 63 9C 33 49 1E B6 C6 A0 B1 8E  #P1S.)c.3I......
00001BC0:  C4 9B 77 E7 BB FA 7D C8 C6 C5 C8 C6 00 02 F6 93  ..w...}.........
00001BD0:  03 ED 9F AA 4F 4E A1 68 4B 3E E7 64 47 2E 7B EF  ....ON.hK>.dG.{.
00001BE0:  06 4C 5F EF 10 E2 1A 2A 3E B8 24 B5 1C BB 5C B5  .L_....*>.$...\.
00001BF0:  DC A1 95 9C 70 BA 32 61 57 84 9C E4 20 7F 5E 0F  ....p.2aW... .^.
00001C00:  4F 15 6A 1B 8C F7 8F DD 0B 82 A7 CC B2 DF EC 45  O.j............E
00001C10:  62 A8 EB 3A 50 A0 43 06 8E AF 03 50 08 BA 7C C1  b..:P.C....P..|.
00001C20:  44 D1 F5 FF C9 59 36 66 5E 15 E4 1B 31 84 BA 8C  D....Y6f^...1...
00001C30:  98 90 76 D5 47 A9 F0 BB 38 DB DA F7 C5 B7 0F CA  ..v.G...8.......
00001C40:  FE FB C8 B0 B3 EA A0 AA 97 92 56 45 17 B9 7A 65  ..........VE..ze
00001C50:  C8 64 B6 A2 14 A7 CD 9B 6E 8C F8 F2 31 D8 14 CD  .d......n...1...
00001C60:  22 38 B3 B3 21 63 C5 0D 4A 5C CB 6C DF 48 59 09  "8..!c..J\.l.HY.
00001C70:  BE F2 DC 66 9F 1D C4 AC 38 13 4D 52 92 54 9A C9  ...f....8.MR.T..
00001C80:  C1 99 7F 81 EA 7D 96 71 25 5D 4A 70 5C 05 69 0F  .....}.q%]Jp\.i.
00001C90:  03 D9 5D A2 29 20 ED 9D 4A DA E8 E3 26 34 E5 7D  ..].) ..J...&4.}
00001CA0:  A8 D6 86 F0 C0 E9 EC 84 B3 46 6C 82 BB 5E 25 84  .........Fl..^%.
00001CB0:  6A D4 FA 2F 44 B0 FE 6A 45 D5 6A 98 43 31 00 C5  j../D..jE.j.C1..
00001CC0:  0E 40 C5 71 A8 7E 1A 59 C3 F2 64 C9 54 70 20 6A  .@.q.~.Y..d.Tp j
00001CD0:  B0 61 76 60 3D FB C4 FB C0 A3 BB 0E 4C DC 14 04  .av`=.......L...
00001CE0:  4E 97 0A E4 6D 0E 10 FB 9F 58 A5 01 E4 E2 5F 70  N...m....X...._p
00001CF0:  22 A3 59 3B FC 82 42 E2 28 AD DF DD B5 F3 1D 10  ".Y;..B.(.......
00001D00:  37 05 4D 70 46 2A 97 41 D1 74 83 FD 1A E7 EF CF  7.MpF*.A.t......
00001D10:  6A B2 1A 6A 37 A4 49 95 90 FD FA AE EB 26 96 91  j..j7.I......&..
00001D20:  1C C7 55 D0 72 B6 E5 9F 6B F5 9F 70 B5 1D 82 0C  ..U.r...k..p....
00001D30:  91 8C CB 0C 42 2F DE C6 70 CA EC D7 B5 B8 1E F7  ....B/..p.......
00001D40:  40 16 66 6D 85 5B 50 DF 38 A5 F5 79 1B D9 92 52  @.fm.[P.8..y...R
00001D50:  A1 6B E5 B5 B3 FE 27 AF 28 34 88 06 53 B8 2C 38  .k....'.(4..S.,8
00001D60:  0D 48 90 70 25 73 C2 9C 57 86 9D DE E9 E6 2B F8  .H.p%s..W.....+.
00001D70:  11 EC C9 0A 0A 93 36 64 42 98 05 13 AC F2 46 F8  ......6dB.....F.
00001D80:  4D 89 30 8B C0 2E F8 EA 23 24 0F F3 8A D1 DA 46  M.0.....#$.....F
00001D90:  E8 A4 24 28 9B AB 04 B0 8C 14 5F 7B 2A 10 5B ED  ..$(......_{*.[.
00001DA0:  B7 F4 B2 9E 2F D3 DC 11 11 E6 4A A2 31 5B E4 2B  ..../.....J.1[.+
00001DB0:  5E 58 DF DE 47 2F 1B 3E D0 A9 BD D1 3B 31 DF 41  ^X..G/.>....;1.A
00001DC0:  A1 C3 88 2C 80 CF 01 96 1F DE EA C5 80 7F F5 7D  ...,...........}
00001DD0:  B0 4E B1 A7 FF 2A 78 A4 02 43 2C 44 A7 82 31 46  .N...*x..C,D..1F
00001DE0:  9F 74 2B 24 16 4B F4 6E 67 C7 C7 B8 4D 46 3B 61  .t+$.K.ng...MF;a
00001DF0:  49 BF 56 41 84 08 92 BE B3 C8 A8 1A 56 5C 63 3C  I.VA........V\c<
00001E00:  D7 7D 7D 01 70 7C 2E 04 FB CD F7 C5 CA BE 33 F3  .}}.p|........3.
00001E10:  AD 7E 2D D6 A2 48 E1 E2 C5 C4 E5 86 FF 80 E0 69  .~-..H.........i
00001E20:  52 70 FB 1D 74 B8 EB 7C FD 20 73 F8 79 86 ED 84  Rp..t..|. s.y...
00001E30:  4A D6 23 90 83 8F 4E 8D 5F D3 B9 19 98 A3 DF 97  J.#...N._.......
00001E40:  A3 4C 6A 50 86 AA 46 A8 DC 34 A7 35 00 57 73 30  .LjP..F..4.5.Ws0
00001E50:  C5 8D 23 18 62 00 C7 33 7E FA 5B 51 D7 C6 FF E1  ..#.b..3~.[Q....
00001E60:  14 41 72 ED CA 1C 9E D8 FE 22 0B EE 5A 69 BE CA  .Ar......"..Zi..
00001E70:  33 28 70 9B 56 29 8A 14 E2 4B 18 DB E4 31 7D 2E  3(p.V)...K...1}.
00001E80:  C4 63 E7 D2 EA EA 23 8B 2A EA 34 FA EC CC 75 DB  .c....#.*.4...u.
00001E90:  CB 87 5E 81 C3 E8 CF 3F 11 6E 44 8F D4 FA E2 2E  ..^....?.nD.....
00001EA0:  55 5E 98 27 23 A8 41 46 72 B2 19 B0 23 AE 15 9C  U^.'#.AFr...#...
00001EB0:  1E E5 0E 10 82 DB 9C 9D A6 37 EF FC 0A 94 DF 43  .........7.....C
00001EC0:  A1 E4 C6 97 80 20 8B 2E B4 63 67 3C 56 B6 66 09  ..... ...cg<V.f.
00001ED0:  A2 83 AD 81 7A 8C B0 4E 77 9F AF 18 7A E0 EC 20  ....z..Nw...z.. 
00001EE0:  A5 53 DE DE 2C F8 4A 3D E3 D0 0B F1 A8 52 BC E1  .S..,.J=.....R..
00001EF0:  0C 1C 0F 93 AF D6 D2 0B 31 60 F2 F4 F0 78 02 D5  ........1`...x..
00001F00:  36 B8 6F 66 5E 2D 1C 5B A8 40 FE D9 F7 3A DF 4E  6.of^-.[.@...:.N
00001F10:  01 77 00 FF B4 6D E2 C2 77 7A 32 DE B0 AD A6 04  .w...m..wz2.....
00001F20:  73 A4 41 D2 9D 1B B4 BB 73 0A 81 6A 46 59 82 4D  s.A.....s..jFY.M
00001F30:  10 41 58 11 35 7D 1D 3D 11 6A 61 12 74 08 CB 63  .AX.5}.=.ja.t..c
00001F40:  FF E9 C0 0D E0 A5 18 4C 70 A1 5E 2E 7F 0E D6 09  .......Lp.^.....
00001F50:  31 0B 7F CF F9 F1 94 90 BE F7 BD 3B 69 15 28 F9  1..........;i.(.
00001F60:  A8 43 37 80 33 38 BE 9A D5 2C 7E 42 D2 43 E7 3F  .C7.38...,~B.C.?
00001F70:  96 E9 62 41 A3 4E 2C FF 1D C3 7C 55 57 30 29 7A  ..bA.N,...|UW0)z
00001F80:  4F C2 82 D3 46 1D A6 B9 FF 3B 75 86 8A 9C 81 AA  O...F....;u.....
00001F90:  5A 9F 03 4B FB 76 DD 89 68 EB AC 6D 14 6E C0 74  Z..K.v..h..m.n.t
00001FA0:  2D 1F 4C 3D 8C B1 A3 98 3D BA FD 1C 5F 58 F8 42  -.L=....=..._X.B
00001FB0:  9F 33 D4 76 B4 94 39 0D E9 08 55 FD 1D 87 A9 6E  .3.v..9...U....n
00001FC0:  A6 DD 0B 39 28 A1 88 1B 6D 6A 5F 95 37 82 FD 68  ...9(...mj_.7..h
00001FD0:  92 C8 E5 5A 62 4A 0A 03 38 F2 14 3A BC B3 49 5A  ...ZbJ..8..:..IZ
00001FE0:  F8 CA 4C 52 BB 4E 09 97 C3 78 EA 8D 93 76 3A 54  ..LR.N...x...v:T
00001FF0:  AB 33 63 D8 B1 F1 37 B0 54 75 41 0F F1 07 01 26  .3c...7.TuA....&
00002000:  3F 40 3A 66 B9 14 BA BC 7B CC 0B 2A DA A5 8A EF  ?@:f....{..*....
00002010:  42 02 B1 EC 64 6A 38 50 40 37 BC CE F9 CA D9 B8  B...dj8P@7......
00002020:  8C F4 00 66 25 FF E4 CC B4 8A 78 C4 0B 81 37 E4  ...f%.....x...7.
00002030:  1A FC CE 90 22 1C FF 22 07 A1 10 1A 2D F7 FE 7B  ....".."....-..{
00002040:  AF CB 2C 1F 0F E7 8C 83 B7 13 94 70 A1 57 64 20  ..,........p.Wd 
00002050:  F3 96 52 6D B2 99 B6 5C ED 27 03 4C 0F 05 8B 02  ..Rm...\.'.L....
00002060:  A4 C4 A1 DE AE 2D 6C B7 04 18 CD F2 AF 60 EF BE  .....-l......`..
00002070:  23 EF 20 93 9F AF 98 52 34 9F 20 49 9F 53 E4 A7  #. ....R4. I.S..
00002080:  DA 11 47 A1 69 45 DE ED 55 B9 8E 74 06 A0 5F 24  ..G.iE..U..t.._$
00002090:  67 7A 6F 15 BD 36 99 A8 C2 6C 35 2D DC 66 23 4B  gzo..6...l5-.f#K
000020A0:  45 A0 0E B3 74 78 F3 7D 35 A4 0C 1C 2B B7 75 C8  E...tx.}5...+.u.
000020B0:  AF 66 CC E7 A9 70 46 94 5B 5E 0A 25 07 5C 5E 98  .f...pF.[^.%.\^.
000020C0:  70 FC 22 03 14 63 91 58 E1 F9 B2 98 14 89 A2 45  p."..c.X.......E
000020D0:  05 80 5C 39 EE DD D0 07 88 57 01 10 80 BF 7B 3A  ..\9.....W....{:
000020E0:  51 01 5F BE 7E 41 8A 14 E2 4B 18 DB E4 31 7D 2E  Q._.~A...K...1}.
000020F0:  C4 63 E7 D2 EA EA 5F 7A 83 05 F9 C6 DC 71 27 4A  .c...._z.....q'J
00002100:  7D 9F E5 18 69 A2 CF 3F 11 6E 44 8F D4 FA E2 2E  }...i..?.nD.....
00002110:  55 5E 98 27 23 A8 41 46 72 B2 19 B0 23 AE 15 9C  U^.'#.AFr...#...
00002120:  1E E5 0E 10 82 DB 9A 55 8D 2E 3C D0 31 28 31 E9  .......U..<.1(1.
00002130:  47 B4 8F B4 D5 9D 9A 2E A6 F3 B4 FE B7 DA 91 50  G..............P
00002140:  F9 FD 39 DA 12 20 B0 4E 77 9F AF 18 7A E0 EC 20  ..9.. .Nw...z.. 
00002150:  A5 53 DE DE 2C F8 4A 3D E3 D0 0B F1 A8 52 BC E1  .S..,.J=.....R..
00002160:  0C 1C 0F 93 AF D6 D2 0B 31 60 F2 F4 F0 78 02 D5  ........1`...x..
00002170:  36 B8 6F 66 5E 2D FE 2D A3 9D BC 6B 44 F1 51 59  6.of^-.-...kD.QY
00002180:  3E 06 B5 CB BC B5 9D 0A A9 9B 78 FD E4 F9 0F 1B  >.........x.....
00002190:  DF 73 E3 A1 F0 97 9C B4 57 27 5A 08 74 69 3C FB  .s......W'Z.ti<.
000021A0:  A8 6F 93 A7 DB B2 EC 43 62 7C F3 86 A5 28 59 A1  .o.....Cb|...(Y.
000021B0:  A7 39 0D 3D 56 B1 F0 2B EA E6 3A 2C 91 A7 7B 78  .9.=V..+..:,..{x
000021C0:  4F 53 18 FF C3 F8 94 90 BE F7 BD 3B 69 15 28 F9  OS.........;i.(.
000021D0:  A8 43 37 80 33 38 BE 9A D5 2C 7E 42 D2 43 E7 3F  .C7.38...,~B.C.?
000021E0:  96 E9 62 41 A3 4E F5 9F 76 82 C7 B3 7A 0A DB 10  ..bA.N..v...z...
000021F0:  35 11 EF 06 1C D8 41 46 6A 1C 65 19 CA F9 52 BC  5.....AFj.e...R.
00002200:  EB E7 ED 0A A0 A3 BA BC 7B CC 0B 2A DA A5 8A EF  ........{..*....
00002210:  42 02 B1 EC 64 6A 20 7D 21 52 CA 08 51 55 1C CE  B...dj }!R..QU..
00002220:  6D 26 1E 09 DD 66 06 F7 57 6F 3B 46 4C 35 6F 95  m&...f..Wo;FL5o.
00002230:  20 91 D4 63 07 25 41 5B B3 6C EF 26 D5 21 92 C1   ..c.%A[.l.&.!..
00002240:  33 E0 A6 9F 87 21 F6 42 15 78 25 48 A2 1B 33 09  3....!.B.x%H..3.
00002250:  7E C9 29 31 31 DC A9 C3 D6 21 4A 08 1E 68 21 28  ~.)11....!J..h!(
00002260:  1D 3D 5F C7 69 32 2E 2A 63 00 62 3B 09 CE 12 33  .=_.i2.*c.b;...3
00002270:  08 7A 71 9D 9B B6 17 D3 0E 6F 23 14 B8 D9 23 56  .zq......o#...#V
00002280:  00 59 C1 AE 96 9D 36 77 E7 B2 AB D3 21 8B 0E DC  .Y....6w....!...
00002290:  64 63 90 9E 6C DB 24 6C DE A6 5F 17 2C 99 46 1E  dc..l.$l.._.,.F.
000022A0:  91 B9 E3 BD 81 82 8A 0A 4B 98 4B 36 59 C8 53 A3  ........K.K6Y.S.
000022B0:  C1 18 8E 15 20 88 81 AD 30 39 72 A6 7A 45 02 C1  .... ...09r.zE..
000022C0:  D6 B1 FC 5A D2 43 22 C3 99 3E A5 18 5F 25 36 6A  ...Z.C"..>.._%6j
000022D0:  CE 60 6F 6B 5B 18 B4 F6 3B E2 AC 46 B7 EA F3 91  .`ok[...;..F....
000022E0:  9F BF 92 C9 7E D3 98 52 34 9F 20 49 9F 53 E4 A7  ....~..R4. I.S..
000022F0:  DA 11 47 A1 69 45 C0 18 E3 A6 E4 35 34 F6 67 56  ..G.iE.....54.gV
00002300:  1A C1 EB C0 70 23 99 A8 C2 6C 35 2D DC 66 23 4B  ....p#...l5-.f#K
00002310:  45 A0 0E B3 74 78 F3 7D 35 A4 0C 1C 2B B7 75 C8  E...tx.}5...+.u.
00002320:  AF 66 CC E7 A9 70 46 94 5B 5E 0A 25 07 5C 5E 98  .f...pF.[^.%.\^.
00002330:  70 FC 22 03 14 63 91 58 E1 F9 B2 98 14 89 A2 45  p."..c.X.......E
00002340:  05 80 5C 39 EE DD 94 BB 59 FE 03 32 C1 CB 3B 9B  ..\9....Y..2..;.
00002350:  B1 0E 43 3E 6F 52 9F BC 94 AF 20 91 72 44 59 59  ..C>oR.... .rDYY
00002360:  00 BD 2D 1E 5A 6E D0 14 7C DB B3 36 40 A0 2D 32  ..-.Zn..|..6@.-2
00002370:  1C E5 C2 68 95 DE 8B 2E B4 63 67 3C 56 B6 66 09  ...h.....cg<V.f.
00002380:  A2 83 AD 81 7A 8C 30 80 84 DD EF D6 D8 83 6B 93  ....z.0.......k.
00002390:  BC 23 3A CA C3 48 79 82 0E 66 9F B6 41 2C 9E 3F  .#:..Hy..f..A,.?
000023A0:  9D D1 69 EB 90 16 0D 0F 2B 61 78 3D A4 D0 7B 2A  ..i.....+ax=..{*
000023B0:  59 27 C7 0F FE 9D 76 39 FB 45 FE F8 21 94 24 78  Y'....v9.E..!.$x
000023C0:  46 B7 D8 C3 3E 81 99 00 DA BA F5 DC 46 05 D3 5D  F...>.......F..]
000023D0:  6B 4E E3 EB 37 E5 F1 95 41 30 BD 65 73 87 97 88  kN..7...A0.es...
000023E0:  B7 39 9F B8 14 F8 25 3B C3 03 AF 40 A1 57 B9 3E  .9....%;...@.W.>
000023F0:  C6 64 41 6E CB D7 16 ED 12 08 8B 54 E5 FD AF EF  .dAn.......T....
00002400:  7D 75 56 BF A7 85 55 35 40 BA 30 12 C2 5B FC C3  }uV...U5@.0..[..
00002410:  20 C4 E1 F0 92 FA 21 AF 65 10 3A B3 45 C6 7D 04   .....!.e.:.E.}.
00002420:  C1 D0 2D 5E EA 00 70 B4 FF E9 B5 65 12 5E DD 25  ..-^..p....e.^.%
00002430:  FC 37 29 60 0A F0 10 FB 9F 58 A5 01 E4 E2 5F 70  .7)`.....X...._p
00002440:  22 A3 59 3B FC 82 42 E2 28 AD DF DD B5 F3 1D 10  ".Y;..B.(.......
00002450:  37 05 4D 70 46 2A CD BF 8D 29 F4 F9 0F B7 15 1B  7.MpF*...)......
00002460:  7D 51 55 B6 1D A5 67 C1 78 1F 3E F4 2C 34 CD D9  }QU...g.x.>.,4..
00002470:  F0 D0 90 45 0E F4 2E 04 FB CD F7 C5 CA BE 33 F3  ...E..........3.
00002480:  AD 7E 2D D6 A2 48 83 9B 54 7B DF 6F F0 6A B4 0E  .~-..H..T{.o.j..
00002490:  EC 74 96 CB F2 30 6C 62 BB 5D 5D 48 9C 49 10 8B  .t...0lb.]]H.I..
000024A0:  72 98 0C 82 E1 4C F3 01 30 02 87 F2 B7 CA 29 DF  r....L..0.....).
000024B0:  BD 65 83 13 A8 92 E8 35 5F 43 F1 62 C5 A4 D6 8C  .e.....5_C.b....
000024C0:  8C 53 0D ED B3 51 6A 2F 5F 11 13 11 18 87 23 D6  .S...Qj/_.....#.
000024D0:  9C E2 FA 44 A0 71 87 78 3C 76 76 17 7D 7A 13 3E  ...D.q.x<vv.}z.>
000024E0:  B9 12 63 C0 D4 B9 FD DF A6 13 1B CF 98 C7 10 85  ..c.............
000024F0:  B1 95 AC 27 11 1F 2E A1 7D E6 D3 96 86 9A F9 5E  ...'....}......^
00002500:  30 1D 86 91 2C 01 1A 67 F6 2E 4E 4E F5 FF 48 97  0...,..g..NN..H.
00002510:  27 95 BC 40 C4 79 87 F6 72 87 5C 30 4C 6B D3 D8  '..@.y..r.\0Lk..
00002520:  EA 52 1B A3 06 48 64 99 6E C7 73 39 93 D0 64 FD  .R...Hd.n.s9..d.
00002530:  FD D2 36 18 D2 DD CF 3F 11 6E 44 8F D4 FA E2 2E  ..6....?.nD.....
00002540:  55 5E 98 27 23 A8 28 AF 3C 61 5E CF A5 BE 9B E3  U^.'#.(.<a^.....
00002550:  18 66 4D 24 97 4C 1C FA C9 E5 89 31 F1 87 0B 9A  .fM$.L.....1....
00002560:  6E BD 56 40 A7 44 63 E7 42 E6 43 33 45 CC D2 0F  n.V@.Dc.B.C3E...
00002570:  02 90 26 15 77 40 B9 7C D7 C5 76 AA B9 A3 25 05  ..&.w@.|..v...%.
00002580:  9D 1A 44 2C B4 D1 A9 B7 76 C1 1A 8D FB 49 86 20  ..D,....v....I. 
00002590:  DA 5E 6C FE 62 CC E4 B6 61 56 A1 AE 7D 5A 83 7B  .^l.b...aV..}Z.{
000025A0:  73 E7 5F BD E2 48 1C 0F 4A CB 86 15 DC AC 00 18  s._..H..J.......
000025B0:  D4 8A 13 B0 58 4D 95 7E F4 76 4B 4F AD D2 90 6A  ....XM.~.vKO...j
000025C0:  CC FF 17 4B EB 79 1F 66 56 40 FF 00 F2 4D 93 23  ...K.y.fV@...M.#
000025D0:  72 6E 08 D3 51 CE B9 C1 87 51 1C 64 80 FE BC 39  rn..Q....Q.d...9
000025E0:  F3 32 B7 8E 17 E2 E9 24 AC F9 6F 1E D4 25 0F 22  .2.....$..o..%."
000025F0:  33 CB C8 45 C5 BB 11 64 AB 58 67 D7 4F 49 08 83  3..E...d.Xg.OI..
00002600:  C3 B1 34 86 C5 87 1C C2 E1 49 83 4B 39 F7 2E 59  ..4......I.K9..Y
00002610:  CE 55 AC 92 60 86 EC 43 62 7C F3 86 A5 28 59 A1  .U..`..Cb|...(Y.
00002620:  A7 39 0D 3D 56 B1 F0 2B EA E6 3A 2C 91 A7 7B 78  .9.=V..+..:,..{x
00002630:  4F 53 18 FF C3 F8 94 90 BE F7 BD 3B 69 15 28 F9  OS.........;i.(.
00002640:  A8 43 37 80 33 38 54 20 65 21 CB A4 9D EB 7C 0A  .C7.38T e!....|.
00002650:  2A 6E 3C EA CF 2C 63 68 79 B8 6D CD 09 B3 79 BE  *n<..,chy.m...y.
00002660:  78 99 A4 6C B7 C7 25 6A D6 0B 88 9A 07 03 63 D2  x..l..%j......c.
00002670:  3C C6 34 DC 80 D5 5E EF E1 14 9F 58 D6 68 85 07  <.4...^....X.h..
00002680:  4E 86 5F ED B2 62 1F D8 13 0A A8 8A 18 12 B0 65  N._..b.........e
00002690:  03 12 4B 35 75 9B 9A 0F 8F B3 AF 68 2A 2C 64 83  ..K5u......h*,d.
000026A0:  7B FD 99 E1 61 47 8A 0A 4B 98 4B 36 59 C8 53 A3  {...aG..K.K6Y.S.
000026B0:  C1 18 8E 15 20 88 81 AD 30 39 72 A6 7A 45 02 C1  .... ...09r.zE..
000026C0:  D6 B1 FC 5A D2 43 D6 A3 D5 49 7D E8 8F 44 9F AA  ...Z.C...I}..D..
000026D0:  DF 6F 06 3D F9 3A C8 E2 FB 57 7B 5C 08 C7 41 0D  .o.=.:...W{\..A.
000026E0:  F8 66 00 F9 7E 04 2E 04 FB CD F7 C5 CA BE 33 F3  .f..~.........3.
000026F0:  AD 7E 2D D6 A2 48 48 6B 06 BD 86 F5 8D 62 58 26  .~-..HHk.....bX&
00002700:  CC E9 30 A5 C7 1A AF 9B 2A 5A 42 50 8A 1E E5 42  ..0.....*ZBP...B
00002710:  C0 3C F9 47 BB 2B F3 01 30 02 87 F2 B7 CA 29 DF  .<.G.+..0.....).
00002720:  BD 65 83 13 A8 92 DC D3 BB 5C B0 39 4C E2 F4 25  .e.......\.9L..%
00002730:  38 B9 9E C3 E3 4D C3 40 98 09 30 EF 0F 45 55 F6  8....M.@..0..EU.
00002740:  6A 96 8B 16 67 E6 40 20 32 1C 2B E5 BC 20 1F 68  j...g.@ 2.+.. .h
00002750:  7F 98 19 4E C7 DA 3D 95 D1 2E 1E B3 6B 70 69 3E  ...N..=.....kpi>
00002760:  B4 EF F4 AD 0C 51 1D E2 F8 D1 38 39 27 9D 1E B6  .....Q....89'...
00002770:  7A 1F B4 CE 5B 48 4A 67 90 44 C1 B2 DD CD 9B CB  z...[HJg.D......
00002780:  A4 D2 4B 99 56 9A 28 AF 3C 61 5E CF A5 BE 9B E3  ..K.V.(.<a^.....
00002790:  18 66 4D 24 97 4C 1C FA C9 E5 89 31 F1 87 0B 9A  .fM$.L.....1....
000027A0:  6E BD 56 40 A7 44 44 ED 9C 53 3C C5 CC E6 C4 AD  n.V@.DD..S<.....
000027B0:  62 2A 21 85 C6 41 6A 39 FC 9B 6E 4D 96 7F 6A 4D  b*!..Aj9..nM..jM
000027C0:  0A 38 EF 42 2C 70 40 48 82 B1 09 1D 84 15 3A 72  .8.B,p@H......:r
000027D0:  4D 5C 99 D3 9C 00 44 2A B0 21 7A 9F 4A D9 FD 81  M\....D*.!z.J...
000027E0:  62 64 CD 9E DD 61 CD 9B 6E 8C F8 F2 31 D8 14 CD  bd...a..n...1...
000027F0:  22 38 B3 B3 21 63 C5 0D 4A 5C CB 6C DF 48 59 09  "8..!c..J\.l.HY.
00002800:  BE F2 DC 66 9F 1D C4 AC 38 13 4D 52 92 54 9A C9  ...f....8.MR.T..
00002810:  C1 99 7F 81 EA 7D AC ED F2 A2 D5 C3 93 66 98 B3  .....}.......f..
00002820:  15 04 DA 7C 85 19 D9 9B EF 4E AB 2C DD 64 C5 D7  ...|.....N.,.d..
00002830:  23 23 AF B2 22 81 28 12 44 80 EB D1 16 1A 36 FD  ##..".(.D.....6.
00002840:  99 E5 2B 5A 24 55 5E EF E1 14 9F 58 D6 68 85 07  ..+Z$U^....X.h..
00002850:  4E 86 5F ED B2 62 10 9D B7 66 77 3D 95 D9 1F 3D  N._..b...fw=...=
00002860:  CA 67 8E B9 B9 09 EF AB 3E 4C 8E B2 E6 B5 60 5B  .g......>L....`[
00002870:  88 6A 0A 46 2C B7 4B 17 24 00 62 CB 1D 69 B4 D4  .j.F,.K.$.b..i..
00002880:  4E 25 A5 4A 2E F6 BC 89 3F 0B D0 8D 51 56 37 8A  N%.J....?...QV7.
00002890:  41 42 E6 13 65 F1 77 E5 3F 11 24 E0 C6 FD 85 53  AB..e.w.?.$....S
000028A0:  9C 33 49 70 EF 41 FF 22 07 A1 10 1A 2D F7 FE 7B  .3Ip.A."....-..{
000028B0:  AF CB 2C 1F 0F E7 8C 83 B7 13 94 70 A1 57 64 20  ..,........p.Wd 
000028C0:  F3 96 52 6D B2 99 B6 5C ED 27 03 4C 0F 05 8B 02  ..Rm...\.'.L....
000028D0:  A4 C4 A1 DE AE 2D 9E 36 F2 89 B3 E2 C6 43 73 EC  .....-.6.....Cs.
000028E0:  4E 10 9C 8A A2 33 98 52 34 9F 20 49 9F 53 E4 A7  N....3.R4. I.S..
000028F0:  DA 11 47 A1 69 45 5B 5A 62 B6 EA 7A E6 E6 26 20  ..G.iE[Zb..z..& 
00002900:  3B 07 79 92 B4 27 09 39 0A 9E E2 92 1B 29 63 96  ;.y..'.9.....)c.
00002910:  AE 0F 66 28 4F 7A F3 7D 35 A4 0C 1C 2B B7 75 C8  ..f(Oz.}5...+.u.
00002920:  AF 66 CC E7 A9 70 46 94 5B 5E 0A 25 07 5C 5E 98  .f...pF.[^.%.\^.
00002930:  70 FC 22 03 14 63 91 58 E1 F9 B2 98 14 89 A2 45  p."..c.X.......E
00002940:  05 80 5C 39 EE DD 0B C2 5B E3 C5 B8 8B 51 D5 B8  ..\9....[....Q..
00002950:  E0 4B A3 2A E8 A7 AF A5 1A B8 F7 26 22 95 C4 92  .K.*.......&"...
00002960:  89 18 FA 19 59 6A 63 DA A3 B9 A2 46 DC 96 C5 BB  ....Yjc....F....
00002970:  07 BB CA D6 40 1C 43 8B 25 5D D2 11 01 E0 F1 2A  ....@.C.%].....*
00002980:  D2 E2 11 BC ED 10 C2 E2 8C D7 F4 6F 06 51 7C 67  ...........o.Q|g
00002990:  2F 2A 89 46 B7 61 AD 34 FF 87 D8 5B 10 DB 70 C8  /*.F.a.4...[..p.
000029A0:  12 9C E9 30 B3 7B 4A 67 90 44 C1 B2 DD CD 9B CB  ...0.{Jg.D......
000029B0:  A4 D2 4B 99 56 9A 28 AF 3C 61 5E CF A5 BE 9B E3  ..K.V.(.<a^.....
000029C0:  18 66 4D 24 97 4C 1C FA C9 E5 89 31 F1 87 0B 9A  .fM$.L.....1....
000029D0:  6E BD 56 40 A7 44 44 ED 9C 53 3C C5 CC E6 C4 AD  n.V@.DD..S<.....
000029E0:  62 2A 21 85 C6 41 6A 39 FC 9B 6E 4D 96 7F 6A 4D  b*!..Aj9..nM..jM
000029F0:  0A 38 EF 42 2C 70 BE FE 7B CC 1F 37 73 99 9A C9  .8.B,p..{..7s...
00002A00:  26 AC A6 D4 F8 F7 96 CD CE 3A BE 00 0E CA 65 E7  &........:....e.
00002A10:  D9 C1 B2 CB 58 0A CD 9B 6E 8C F8 F2 31 D8 14 CD  ....X...n...1...
00002A20:  22 38 B3 B3 21 63 C5 0D 4A 5C CB 6C DF 48 59 09  "8..!c..J\.l.HY.
00002A30:  BE F2 DC 66 9F 1D C4 AC 38 13 4D 52 92 54 9A C9  ...f....8.MR.T..
00002A40:  C1 99 7F 81 EA 7D AC ED F2 A2 D5 C3 93 66 98 B3  .....}.......f..
00002A50:  15 04 DA 7C 85 19 5B BD C6 1D 1C 2E 8A 70 AA 46  ...|..[......p.F
00002A60:  AB 1D 2C 93 E5 70 00 42 D4 BD 81 F7 1D 4D 61 22  ..,..p.B.....Ma"
00002A70:  8E F7 D0 82 FE 86 4B 17 24 00 62 CB 1D 69 B4 D4  ......K.$.b..i..
00002A80:  4E 25 A5 4A 2E F6 11 5A E6 4E DD AE 85 C6 D3 43  N%.J...Z.N.....C
00002A90:  71 46 A6 41 88 94 06 F7 57 6F 3B 46 4C 35 6F 95  qF.A....Wo;FL5o.
00002AA0:  20 91 D4 63 07 25 73 C4 69 DE B2 E9 FA B4 0C E5   ..c.%s.i.......
00002AB0:  90 19 E7 7A 95 55 FF F4 87 03 71 94 49 BC DA 15  ...z.U....q.I...
00002AC0:  1E 10 09 83 4A 3B A9 C3 D6 21 4A 08 1E 68 21 28  ....J;...!J..h!(
00002AD0:  1D 3D 5F C7 69 32 2E 2A 63 00 62 3B 09 CE 12 33  .=_.i2.*c.b;...3
00002AE0:  08 7A 71 9D 9B B6 68 9C 05 6E 51 D5 36 75 B1 07  .zq...h..nQ.6u..
00002AF0:  23 A5 0C 61 FB B4 E2 44 F4 7A 25 46 67 1F 12 7D  #..a...D.z%Fg..}
00002B00:  9A 4E 2B 4B F0 31 24 6C DE A6 5F 17 2C 99 46 1E  .N+K.1$l.._.,.F.
00002B10:  91 B9 E3 BD 81 82 8A 0A 4B 98 4B 36 59 C8 53 A3  ........K.K6Y.S.
00002B20:  C1 18 8E 15 20 88 81 AD 30 39 72 A6 7A 45 02 C1  .... ...09r.zE..
00002B30:  D6 B1 FC 5A D2 43 EB B6 48 E8 C9 C5 8B 97 05 12  ...Z.C..H.......
00002B40:  85 EF A6 E4 F8 6B 8E 31 B5 04 0A 5B 3B B8 21 F8  .....k.1...[;.!.
00002B50:  CE 4E F6 B6 42 71 98 52 34 9F 20 49 9F 53 E4 A7  .N..Bq.R4. I.S..
00002B60:  DA 11 47 A1 69 45 1E F3 7D 53 75 12 22 98 C0 9A  ..G.iE..}Su."...
00002B70:  13 31 A0 12 5E F0 99 A8 C2 6C 35 2D DC 66 23 4B  .1..^....l5-.f#K
00002B80:  45 A0 0E B3 74 78 F3 7D 35 A4 0C 1C 2B B7 75 C8  E...tx.}5...+.u.
00002B90:  AF 66 CC E7 A9 70 46 94 5B 5E 0A 25 07 5C 5E 98  .f...pF.[^.%.\^.
00002BA0:  70 FC 22 03 14 63 91 58 E1 F9 B2 98 14 89 A2 45  p."..c.X.......E
00002BB0:  05 80 5C 39 EE DD 0B C2 5B E3 C5 B8 8B 51 D5 B8  ..\9....[....Q..
00002BC0:  E0 4B A3 2A E8 A7 3C 3E 5E 4C 77 FA 0B 14 F5 50  .K.*..<>^Lw....P
00002BD0:  7A 70 75 CE E6 F2 14 50 44 42 31 5E 06 DB 04 99  zpu....PDB1^....
00002BE0:  D9 3C 95 40 96 90 2E 19 64 97 21 61 9E DA 28 4D  .<.@....d.!a..(M
00002BF0:  48 8E 67 B3 12 0E C2 E2 8C D7 F4 6F 06 51 7C 67  H.g........o.Q|g
00002C00:  2F 2A 89 46 B7 61 CA F3 F7 BF B2 F4 36 81 23 BA  /*.F.a......6.#.
00002C10:  05 1E 51 EE E0 B4 9A 99 27 9C 69 2B 33 5C 41 98  ..Q.....'.i+3\A.
00002C20:  05 05 7D 9A 62 E9 6D F0 36 50 A1 DB B2 06 48 81  ..}.b.m.6P....H.
00002C30:  48 E7 67 2B EE 28 EE 79 74 D3 7A 7C 43 3D CA AD  H.g+.(.yt.z|C=..
00002C40:  2B E5 6B B4 1B 3D 7A B5 92 B2 6B F6 9D BA C5 E3  +.k..=z...k.....
00002C50:  EE FA A6 31 E1 D0 FE 49 0C CA 26 80 69 CB EF BF  ...1...I..&.i...
00002C60:  96 00 E9 7B 22 82 7D C8 C6 C5 C8 C6 00 02 F6 93  ...{".}.........
00002C70:  03 ED 9F AA 4F 4E A1 68 4B 3E E7 64 47 2E 7B EF  ....ON.hK>.dG.{.
00002C80:  06 4C 5F EF 10 E2 DA AA FB 2C ED 38 F9 F9 99 E9  .L_......,.8....
00002C90:  B9 5D D7 AA D5 AC B8 4E D0 25 94 74 F5 FA CD FF  .].....N.%.t....
00002CA0:  C3 E8 7E 2F 94 33 4F 5C 82 D7 ED B5 45 E8 CC 61  ..~/.3O\....E..a
00002CB0:  BF 1D 16 7D F6 F1 19 C3 31 B9 FC 47 C1 5C 52 49  ...}....1..G.\RI
00002CC0:  FE 0D B7 7E CD 3D 8B 2E B4 63 67 3C 56 B6 66 09  ...~.=...cg<V.f.
00002CD0:  A2 83 AD 81 7A 8C B0 4E 77 9F AF 18 7A E0 EC 20  ....z..Nw...z.. 
00002CE0:  A5 53 DE DE 2C F8 4A 3D E3 D0 0B F1 A8 52 BC E1  .S..,.J=.....R..
00002CF0:  0C 1C 0F 93 AF D6 45 D0 1B AA 42 21 0C 3F 95 34  ......E...B!.?.4
00002D00:  28 33 CD 02 3C 4B A5 63 5F 0B 77 1C 80 A8 51 F5  (3..<K.c_.w...Q.
00002D10:  FC 1B EE A8 DA 54 C6 B9 BC D3 CA C7 B8 8D 5A 71  .....T........Zq
00002D20:  C9 EF 2E 17 D4 2D F7 A8 07 26 06 00 D2 C2 F3 97  .....-...&......
00002D30:  A2 34 A1 07 A7 A7 B0 81 7D 46 E0 8F B2 13 6A EF  .4......}F....j.
00002D40:  F5 D1 F5 0F 84 E8 39 0D E9 08 55 FD 1D 87 A9 6E  ......9...U....n
00002D50:  A6 DD 0B 39 28 A1 59 90 57 80 92 DC EB B8 14 5B  ...9(.Y.W......[
00002D60:  17 EA A2 55 4B 49 96 A1 E0 AB 2E B2 82 C7 19 1F  ...UKI..........
00002D70:  81 7D E9 40 E6 E0 28 F2 4B 00 29 55 C3 38 47 93  .}.@..(.K.)U.8G.
00002D80:  A4 04 D8 12 20 21 A5 64 CA 01 F8 6F 6D 9F B6 5A  .... !.d...om..Z
00002D90:  D7 EC DA E9 A8 BC 3B 37 3C B2 E8 55 19 AF B9 30  ......;7<..U...0
00002DA0:  3D 99 10 FF 9A 16 95 4A 50 DE 79 88 50 6D 8D 2E  =......JP.y.Pm..
00002DB0:  73 7B 23 FE A9 CF 6A 2F 5F 11 13 11 18 87 23 D6  s{#...j/_.....#.
00002DC0:  9C E2 FA 44 A0 71 87 78 3C 76 76 17 7D 7A 13 3E  ...D.q.x<vv.}z.>
00002DD0:  B9 12 63 C0 D4 B9 FD DF A6 13 1B CF 98 C7 10 85  ..c.............
00002DE0:  B1 95 AC 27 11 1F 2E A1 7D E6 D3 96 86 9A F9 5E  ...'....}......^
00002DF0:  30 1D 86 91 2C 01 1A 67 F6 2E 4E 4E F5 FF 48 97  0...,..g..NN..H.
00002E00:  27 95 BC 40 C4 79 FA 17 AF 71 7B 2A 6C 9B 96 B5  '..@.y...q{*l...
00002E10:  E6 8B 5A 5A FB 9A CF 3C 42 D4 B7 C9 76 56 6B E2  ..ZZ...<B...vVk.
00002E20:  45 5F A9 D8 2D 24 CF 3F 11 6E 44 8F D4 FA E2 2E  E_..-$.?.nD.....
00002E30:  55 5E 98 27 23 A8 28 AF 3C 61 5E CF A5 BE 9B E3  U^.'#.(.<a^.....
00002E40:  18 66 4D 24 97 4C 1C FA C9 E5 89 31 F1 87 0B 9A  .fM$.L.....1....
00002E50:  6E BD 56 40 A7 44 63 E7 42 E6 43 33 45 CC D2 0F  n.V@.Dc.B.C3E...
00002E60:  02 90 26 15 77 40 B9 7C D7 C5 76 AA B9 A3 25 05  ..&.w@.|..v...%.
00002E70:  9D 1A 44 2C B4 D1 7A D2 4E 8B 28 8E D8 12 07 C2  ..D,..z.N.(.....
00002E80:  6F 8C D1 1D 57 E0 69 29 55 22 8A 1F 2D 27 2F E9  o...W.i)U"..-'/.
00002E90:  9C 24 1D 22 4A 6D 54 C5 4C 96 F8 22 5E 13 B4 D0  .$."JmT.L.."^...
00002EA0:  44 65 85 D0 39 B0 95 7E F4 76 4B 4F AD D2 90 6A  De..9..~.vKO...j
00002EB0:  CC FF 17 4B EB 79 FE F8 D2 2C FE 38 0C 86 7C F5  ...K.y...,.8..|.
00002EC0:  8F 3F FA E2 4B C6 B9 C1 87 51 1C 64 80 FE BC 39  .?..K....Q.d...9
00002ED0:  F3 32 B7 8E 17 E2 E9 24 AC F9 6F 1E D4 25 0F 22  .2.....$..o..%."
00002EE0:  33 CB C8 45 C5 BB 11 64 AB 58 67 D7 4F 49 08 83  3..E...d.Xg.OI..
00002EF0:  C3 B1 34 86 C5 87 97 59 B0 25 A6 3F 45 6E 05 DB  ..4....Y.%.?En..
00002F00:  19 DB A4 1E CA DD 1D 3D 11 6A 61 12 74 08 CB 63  .......=.ja.t..c
00002F10:  FF E9 C0 0D E0 A5 18 4C 70 A1 5E 2E 7F 0E D6 09  .......Lp.^.....
00002F20:  31 0B 7F CF F9 F1 94 90 BE F7 BD 3B 69 15 28 F9  1..........;i.(.
00002F30:  A8 43 37 80 33 38 54 20 65 21 CB A4 9D EB 7C 0A  .C7.38T e!....|.
00002F40:  2A 6E 3C EA CF 2C 6B 2D 8A 89 30 E9 57 97 AF 29  *n<..,k-..0.W..)
00002F50:  09 F6 20 47 AF ED 58 35 33 3E E2 8C 15 F0 D8 B6  .. G..X53>......
00002F60:  40 E1 CE 81 3D EC B3 C1 FB 15 C9 2B BB D3 DF 5F  @...=......+..._
00002F70:  3D E4 1B A3 CB 59 33 CD E1 0D F9 58 B9 C0 85 10  =....Y3....X....
00002F80:  16 0D 7E B2 CF 99 24 6C DE A6 5F 17 2C 99 46 1E  ..~...$l.._.,.F.
00002F90:  91 B9 E3 BD 81 82 8A 0A 4B 98 4B 36 59 C8 53 A3  ........K.K6Y.S.
00002FA0:  C1 18 8E 15 20 88 81 AD 30 39 72 A6 7A 45 02 C1  .... ...09r.zE..
00002FB0:  D6 B1 FC 5A D2 43 90 AA 19 A0 5A AF 34 26 BF D8  ...Z.C....Z.4&..
00002FC0:  4F E5 51 80 71 3F 89 DA 6C 5A B6 E6 90 4F BA BB  O.Q.q?..lZ...O..
00002FD0:  28 B0 54 83 97 5C F1 D0 AB 2F 91 B6 9C 16 77 3C  (.T..\.../....w<
00002FE0:  A9 39 29 FC 94 6A 7C 09 83 79 98 37 D0 B6 4E 48  .9)..j|..y.7..NH
00002FF0:  12 06 78 95 A6 FA A9 93 78 F6 E5 EC C8 D2 EB 79  ..x.....x......y
00003000:  68 5D A8 D0 59 65 8C 14 2A 3A 56 6A 60 0C 2D FD  h]..Ye..*:Vj`.-.
00003010:  95 C5 87 49 BB FE C2 34 34 90 BF 87 C9 12 88 C5  ...I...44.......
00003020:  28 DF 16 68 0A 5C FE 49 0C CA 26 80 69 CB EF BF  (..h.\.I..&.i...
00003030:  96 00 E9 7B 22 82 7D C8 C6 C5 C8 C6 00 02 F6 93  ...{".}.........
00003040:  03 ED 9F AA 4F 4E A1 68 4B 3E E7 64 47 2E 7B EF  ....ON.hK>.dG.{.
00003050:  06 4C 5F EF 10 E2 DA AA FB 2C ED 38 F9 F9 99 E9  .L_......,.8....
00003060:  B9 5D D7 AA D5 AC 7F 48 A3 A7 B3 97 B2 56 18 6D  .].....H.....V.m
00003070:  D7 16 0F F8 AF 37 50 0B 3B 4E 7B B9 FE 22 BA D9  .....7P.;N{.."..
00003080:  EE 36 7E 29 09 54 E9 F9 16 86 72 1E 5E CA 34 75  .6~).T....r.^.4u
00003090:  66 5F E9 2A DB E1 0D 0F 2B 61 78 3D A4 D0 7B 2A  f_.*....+ax=..{*
000030A0:  59 27 C7 0F FE 9D 76 39 FB 45 FE F8 21 94 24 78  Y'....v9.E..!.$x
000030B0:  46 B7 D8 C3 3E 81 99 00 DA BA F5 DC 46 05 D3 5D  F...>.......F..]
000030C0:  6B 4E E3 EB 37 E5 9F 5C 36 0A BB 2D 2B A7 B2 90  kN..7..\6..-+...
000030D0:  9F F0 CA 22 A5 BA CF DE D6 0A E9 B2 43 39 2D BF  ..."........C9-.
000030E0:  02 61 9E BC E8 B5 41 46 6A 1C 65 19 CA F9 52 BC  .a....AFj.e...R.
000030F0:  EB E7 ED 0A A0 A3 F8 18 11 14 0A 08 01 75 B8 08  .............u..
00003100:  A6 D6 F3 42 25 5C 19 80 69 84 9E F1 96 11 0F 38  ...B%\..i......8
00003110:  F3 92 08 46 82 EB 05 A9 FE A2 DB 42 FC E9 79 B5  ...F.......B..y.
00003120:  C2 13 56 82 D2 89 F2 5B 45 62 12 64 50 6B 53 72  ..V....[Eb.dPkSr
00003130:  BF 3D 7F A2 26 D0 AD 24 D6 38 33 8C F2 83 61 E4  .=..&..$.83...a.
00003140:  FA E6 1F 51 62 2C 73 F6 7E 01 C8 C5 93 8F E6 98  ...Qb,s.~.......
00003150:  1D 9A 08 B5 C9 51 2E 2A 63 00 62 3B 09 CE 12 33  .....Q.*c.b;...3
00003160:  08 7A 71 9D 9B B6 CE 70 72 DD 4A 70 09 29 C6 B4  .zq....pr.Jp.)..
00003170:  CA 5E 1A 82 26 D2 EF 23 94 B4 4D 17 61 81 A9 E0  .^..&..#..M.a...
00003180:  18 7D 9D 80 64 85 24 6C DE A6 5F 17 2C 99 46 1E  .}..d.$l.._.,.F.
00003190:  91 B9 E3 BD 81 82 8A 0A 4B 98 4B 36 59 C8 53 A3  ........K.K6Y.S.
000031A0:  C1 18 8E 15 20 88 81 AD 30 39 72 A6 7A 45 02 C1  .... ...09r.zE..
000031B0:  D6 B1 FC 5A D2 43 00 F4 D1 5C 0B 3D AA 9F E7 B4  ...Z.C...\.=....
000031C0:  7B C9 B2 0E CC DD 9A 32 1C 44 FF C3 E5 2F A5 8F  {......2.D.../..
000031D0:  C6 13 98 EF 42 06 EE 10 5C 79 C0 DC 0E 86 EF 94  ....B...\y......
000031E0:  85 09 49 22 E9 10 67 97 98 C9 A3 B8 B7 9E 01 8D  ..I"..g.........
000031F0:  0C 97 1A 19 8F AB 70 54 E2 0D 4A 8E 03 CC 58 23  ......pT..J...X#
00003200:  A1 31 5A 2C 53 F8 72 EB E0 34 62 40 AF 06 EC 2A  .1Z,S.r..4b@...*
00003210:  78 A0 E2 9B A5 67 5C F0 CC AF 70 25 2F 6A 39 36  x....g\...p%/j96
00003220:  E3 52 84 D8 6C 33 AA A2 90 DC 50 2D 85 19 8C 69  .R..l3....P-...i
00003230:  A5 F5 31 DF FD 17 DD 50 6E AF 8C 74 EA F5 50 59  ..1....Pn..t..PY
00003240:  BB E8 29 B7 E1 65 76 CC 65 AF A0 3E 08 7D B2 D7  ..)..ev.e..>.}..
00003250:  D3 A7 C8 3F 58 2F AB 35 81 68 B1 CA 84 71 5F E2  ...?X/.5.h...q_.
00003260:  DD 4C 98 B8 B0 1B 0D 0F 2B 61 78 3D A4 D0 7B 2A  .L......+ax=..{*
00003270:  59 27 C7 0F FE 9D F0 BB 38 DB DA F7 C5 B7 0F CA  Y'......8.......
00003280:  FE FB C8 B0 B3 EA 00 E3 5C 59 13 AD 72 97 38 36  ........\Y..r.86
00003290:  7F 73 31 C3 C7 CD C1 B4 59 41 B0 56 20 70 57 B9  .s1.....YA.V pW.
000032A0:  E8 96 1A B6 8E E8 92 17 BA E0 5B 8C CA 5D 12 6C  ..........[..].l
000032B0:  EC 54 2D A7 BE D4 B5 FA CE 2F 53 6A 2E 08 D2 63  .T-....../Sj...c
000032C0:  B1 7F 5F DD 33 9A 59 ED 02 F9 EC F5 C8 49 69 A9  .._.3.Y......Ii.
000032D0:  38 AE 24 33 48 4E 6E 4E 92 2C 19 4F CC 9E BF 8D  8.$3HNnN.,.O....
000032E0:  12 F2 DB F5 9F 1E 70 B4 FF E9 B5 65 12 5E DD 25  ......p....e.^.%
000032F0:  FC 37 29 60 0A F0 10 FB 9F 58 A5 01 E4 E2 5F 70  .7)`.....X...._p
00003300:  22 A3 59 3B FC 82 FA 01 5D B9 3E F2 EF 65 A0 D5  ".Y;....].>..e..
00003310:  2C 30 B9 3F 19 34 76 74 C4 36 F0 EF 6C 3B BD 75  ,0.?.4vt.6..l;.u
00003320:  DE 6C AE 58 2A C5 4A 24 89 A3 00 3D 9D 8E AF 28  .l.X*.J$...=...(
00003330:  06 5B 9D 24 F6 F8 F7 A8 07 26 06 00 D2 C2 F3 97  .[.$.....&......
00003340:  A2 34 A1 07 A7 A7 32 80 60 AB B9 EF CB 95 A9 E4  .4....2.`.......
00003350:  1F DD 71 82 CD C7 1B 3E D0 A9 BD D1 3B 31 DF 41  ..q....>....;1.A
00003360:  A1 C3 88 2C 80 CF 01 96 1F DE EA C5 80 7F F5 7D  ...,...........}
00003370:  B0 4E B1 A7 FF 2A 78 A4 02 43 2C 44 A7 82 31 46  .N...*x..C,D..1F
00003380:  9F 74 2B 24 16 4B 80 4E 9A 9E CB 37 E3 79 78 47  .t+$.K.N...7.yxG
00003390:  56 30 E3 07 C4 5B F3 FB EF 42 D5 76 AF 75 05 F6  V0...[...B.v.u..
000033A0:  4C 00 07 1E DC EE 20 6D 89 ED 58 33 D5 32 40 B3  L..... m..X3.2@.
000033B0:  3E 5B 1F E1 FF F4 1E D1 92 03 6B CB 6F 48 FA 79  >[........k.oH.y
000033C0:  BD C0 36 0F A2 9F F3 BD 55 FD 0F 3C 3B 47 74 16  ..6.....U..<;Gt.
000033D0:  49 73 EF DA 1B 92 94 25 57 49 4F 99 D7 A9 05 E9  Is.....%WIO.....
000033E0:  07 BD D7 80 F5 5A 58 65 7E 91 64 A0 E8 1E C3 DE  .....ZXe~.d.....
000033F0:  2D 0A F9 83 46 21 B9 9F DA 11 21 1A 27 DA 76 71  -...F!....!.'.vq
00003400:  A9 16 6D EC AC 45 43 03 26 E5 40 88 E7 34 E8 79  ..m..EC.&.@..4.y
00003410:  2C A0 78 0D 17 B8 CD A3 3C CD 83 B1 8D CA 3F 5B  ,.x.....<.....?[
00003420:  95 C5 FA F9 90 CA 11 13 16 F6 F2 D9 BE 50 3F 9B  .............P?.
00003430:  28 51 69 47 D9 AB 53 E3 A4 4F 8C DD F6 D6 E1 6B  (QiG..S..O.....k
00003440:  CC FD 18 E3 D4 08 85 98 50 03 1A 43 72 5C E8 0F  ........P..Cr\..
00003450:  BF 7E 29 5F 58 5E 1A 0F B3 EC 52 D9 15 7A A0 AF  .~)_X^....R..z..
00003460:  7B D9 BB 32 FA 5C 68 2E FD 1E D4 83 22 18 71 6C  {..2.\h.....".ql
00003470:  9C 7A 96 58 40 CE 70 B4 FF E9 B5 65 12 5E DD 25  .z.X@.p....e.^.%
00003480:  FC 37 29 60 0A F0 10 FB 9F 58 A5 01 E4 E2 5F 70  .7)`.....X...._p
00003490:  22 A3 59 3B FC 82 42 E2 28 AD DF DD B5 F3 1D 10  ".Y;..B.(.......
000034A0:  37 05 4D 70 46 2A E3 3B 03 11 36 0B 34 2A CD F2  7.MpF*.;..6.4*..
000034B0:  95 3F 7C 20 8C 77 29 06 2D C9 9C 3B 3F BD C4 A6  .?| .w).-..;?...
000034C0:  62 0E 88 BB 4D CA 98 52 34 9F 20 49 9F 53 E4 A7  b...M..R4. I.S..
000034D0:  DA 11 47 A1 69 45 04 B6 19 1A 88 F5 00 6E 18 E3  ..G.iE.......n..
000034E0:  6F D3 1F 83 20 2F 7D FD 81 E2 18 CE 25 16 96 2A  o... /}.....%..*
000034F0:  39 D7 72 91 60 7A 51 44 24 7C 3D A6 E8 CA 3F CA  9.r.`zQD$|=...?.
00003500:  79 C4 57 32 83 A9 38 E3 0C 6B CB E1 7D 65 E5 C0  y.W2..8..k..}e..
00003510:  64 54 8B 79 A4 1D 6C 62 BB 5D 5D 48 9C 49 10 8B  dT.y..lb.]]H.I..
00003520:  72 98 0C 82 E1 4C 49 DB 34 DC 32 87 C6 2B 20 A3  r....LI.4.2..+ .
00003530:  E9 43 C1 14 D1 48 BA 23 AF 76 9A D1 64 80 56 CD  .C...H.#.v..d.V.
00003540:  07 AD 92 4C 7F DD 89 DA B8 4F C4 73 13 4B AA B7  ...L.....O.s.K..
00003550:  50 BA 67 3A 38 96 B9 9F DA 11 21 1A 27 DA 76 71  P.g:8.....!.'.vq
00003560:  A9 16 6D EC AC 45 43 03 26 E5 40 88 E7 34 E8 79  ..m..EC.&.@..4.y
00003570:  2C A0 78 0D 17 B8 CD A3 3C CD 83 B1 8D CA 3F 5B  ,.x.....<.....?[
00003580:  95 C5 FA F9 90 CA 11 13 16 F6 F2 D9 BE 50 3F 9B  .............P?.
00003590:  28 51 69 47 D9 AB BB ED 0A D7 67 02 D5 71 F1 48  (QiG......g..q.H
000035A0:  C2 4A 94 33 B3 94 27 1E 46 D1 2D 54 C9 96 CF 58  .J.3..'.F.-T...X
000035B0:  33 2D 5D 0D 88 95 07 B5 F5 96 95 D1 EE 27 C0 2D  3-]..........'.-
000035C0:  5B C7 78 6F CF BA C1 B4 59 41 B0 56 20 70 57 B9  [.xo....YA.V pW.
000035D0:  E8 96 1A B6 8E E8 B7 E1 3E 10 C1 EF 97 DD ED 65  ........>......e
000035E0:  D7 7C 1B 96 10 C6 C4 AC 38 13 4D 52 92 54 9A C9  .|......8.MR.T..
000035F0:  C1 99 7F 81 EA 7D AC ED F2 A2 D5 C3 93 66 98 B3  .....}.......f..
00003600:  15 04 DA 7C 85 19 1D 5A A7 E6 89 57 40 40 1A B7  ...|...Z...W@@..
00003610:  79 59 99 05 7E 88 08 F4 D6 39 F1 F4 E8 6C F1 32  yY..~....9...l.2
00003620:  CF 3A 9D A8 64 59 14 85 72 4B B9 0F 6C A7 B7 04  .:..dY..rK..l...
00003630:  77 4F D6 F8 A8 75 65 9A BD 0F F0 4F 0D EF 7F 00  wO...ue....O....
00003640:  29 C9 09 3B D8 19 05 A9 FE A2 DB 42 FC E9 79 B5  )..;.......B..y.
00003650:  C2 13 56 82 D2 89 F2 5B 45 62 12 64 50 6B 53 72  ..V....[Eb.dPkSr
00003660:  BF 3D 7F A2 26 D0 F5 19 75 DF 95 A0 33 D6 E6 4E  .=..&...u...3..N
00003670:  DB A6 95 6F AC DA 73 F6 7E 01 C8 C5 93 8F E6 98  ...o..s.~.......
00003680:  1D 9A 08 B5 C9 51 2E 2A 63 00 62 3B 09 CE 12 33  .....Q.*c.b;...3
00003690:  08 7A 71 9D 9B B6 0B 0E 7C EE AF C4 D4 7E 48 83  .zq.....|....~H.
000036A0:  C2 F7 3D EF A9 7B 9F A9 B5 88 CD F6 6E 33 74 A2  ..=..{......n3t.
000036B0:  47 75 AA 96 18 78 24 6C DE A6 5F 17 2C 99 46 1E  Gu...x$l.._.,.F.
000036C0:  91 B9 E3 BD 81 82 8A 0A 4B 98 4B 36 59 C8 53 A3  ........K.K6Y.S.
000036D0:  C1 18 8E 15 20 88 81 AD 30 39 72 A6 7A 45 02 C1  .... ...09r.zE..
000036E0:  D6 B1 FC 5A D2 43 ED 40 D5 42 67 29 20 15 36 A9  ...Z.C.@.Bg) .6.
000036F0:  52 73 4F E9 63 2C 60 52 43 B9 DE EA 47 60 39 A5  RsO.c,`RC...G`9.
00003700:  F2 C0 CE 3C 00 EF EE 10 5C 79 C0 DC 0E 86 EF 94  ...<....\y......
00003710:  85 09 49 22 E9 10 71 87 89 07 3B BF 8B 92 C1 B5  ..I"..q...;.....
00003720:  06 38 AC E6 9C B3 70 54 E2 0D 4A 8E 03 CC 58 23  .8....pT..J...X#
00003730:  A1 31 5A 2C 53 F8 72 EB E0 34 62 40 AF 06 EC 2A  .1Z,S.r..4b@...*
00003740:  78 A0 E2 9B A5 67 5C F0 CC AF 70 25 2F 6A 39 36  x....g\...p%/j96
00003750:  E3 52 84 D8 6C 33 AA A2 90 DC 50 2D 85 19 8C 69  .R..l3....P-...i
00003760:  A5 F5 31 DF FD 17 DD 50 6E AF 8C 74 EA F5 50 59  ..1....Pn..t..PY
00003770:  BB E8 29 B7 E1 65 76 CC 65 AF A0 3E 08 7D B2 D7  ..)..ev.e..>.}..
00003780:  D3 A7 C8 3F 58 2F 3F A6 88 5A 2C D9 10 21 EA CC  ...?X/?..Z,..!..
00003790:  2A 0C 00 A4 1D 74 0D 0F 2B 61 78 3D A4 D0 7B 2A  *....t..+ax=..{*
000037A0:  59 27 C7 0F FE 9D F0 BB 38 DB DA F7 C5 B7 0F CA  Y'......8.......
000037B0:  FE FB C8 B0 B3 EA 9D 85 1C 17 0B 82 E7 52 37 DD  .............R7.
000037C0:  4C 38 AC 4B 3E 59 C1 B4 59 41 B0 56 20 70 57 B9  L8.K>Y..YA.V pW.
000037D0:  E8 96 1A B6 8E E8 B7 E1 3E 10 C1 EF 97 DD ED 65  ........>......e
000037E0:  D7 7C 1B 96 10 C6 C4 AC 38 13 4D 52 92 54 9A C9  .|......8.MR.T..
000037F0:  C1 99 7F 81 EA 7D 96 71 25 5D 4A 70 5C 05 69 0F  .....}.q%]Jp\.i.
00003800:  03 D9 5D A2 29 20 53 FD 20 69 47 BA 70 5F A2 0E  ..].) S. iG.p_..
00003810:  DF DA 91 0E CD 81 82 A9 01 CC C2 18 C3 C4 0E AF  ................
00003820:  A2 8D 53 6D 76 68 1A 0F B3 EC 52 D9 15 7A A0 AF  ..Smvh....R..z..
00003830:  7B D9 BB 32 FA 5C 7C 73 9A A5 04 A1 55 0D 01 C8  {..2.\|s....U...
00003840:  05 D7 F9 C6 68 50 70 B4 FF E9 B5 65 12 5E DD 25  ....hPp....e.^.%
00003850:  FC 37 29 60 0A F0 10 FB 9F 58 A5 01 E4 E2 5F 70  .7)`.....X...._p
00003860:  22 A3 59 3B FC 82 42 E2 28 AD DF DD B5 F3 1D 10  ".Y;..B.(.......
00003870:  37 05 4D 70 46 2A 41 60 20 34 22 43 27 10 62 B3  7.MpF*A` 4"C'.b.
00003880:  2C EA 59 36 0D A2 92 BB 1A 53 B2 2B C2 8F 27 6E  ,.Y6.....S.+..'n
00003890:  E7 FB 28 C0 DD A4 98 52 34 9F 20 49 9F 53 E4 A7  ..(....R4. I.S..
000038A0:  DA 11 47 A1 69 45 6C 92 D2 07 9D 96 7F 9F 19 76  ..G.iEl........v
000038B0:  44 AA E4 46 C4 87 7D FD 81 E2 18 CE 25 16 96 2A  D..F..}.....%..*
000038C0:  39 D7 72 91 60 7A 51 44 24 7C 3D A6 E8 CA 3F CA  9.r.`zQD$|=...?.
000038D0:  79 C4 57 32 83 A9 A3 17 DB 6F 1C 3D 25 A3 88 24  y.W2.....o.=%..$
000038E0:  3A EE 42 21 48 CB 6C 62 BB 5D 5D 48 9C 49 10 8B  :.B!H.lb.]]H.I..
000038F0:  72 98 0C 82 E1 4C 49 DB 34 DC 32 87 C6 2B 20 A3  r....LI.4.2..+ .
00003900:  E9 43 C1 14 D1 48 BA 23 AF 76 9A D1 64 80 56 CD  .C...H.#.v..d.V.
00003910:  07 AD 92 4C 7F DD 6E D4 97 3D FF 9D C2 8C 77 C4  ...L..n..=....w.
00003920:  1F DC A3 3E 65 FB B9 9F DA 11 21 1A 27 DA 76 71  ...>e.....!.'.vq
00003930:  A9 16 6D EC AC 45 43 03 26 E5 40 88 E7 34 E8 79  ..m..EC.&.@..4.y
00003940:  2C A0 78 0D 17 B8 CD A3 3C CD 83 B1 8D CA 3F 5B  ,.x.....<.....?[
00003950:  95 C5 FA F9 90 CA 11 13 16 F6 F2 D9 BE 50 3F 9B  .............P?.
00003960:  28 51 69 47 D9 AB D4 63 B8 AF 5E 2C 3B 3B D6 B0  (QiG...c..^,;;..
00003970:  91 12 37 5D 40 7F B0 85 28 14 87 16 CA FC D4 C8  ..7]@...(.......
00003980:  F9 34 7E 06 7D 42 D7 3A 89 B0 D3 AB 08 34 7D 4C  .4~.}B.:.....4}L
00003990:  C9 3D ED 41 B0 8F C1 B4 59 41 B0 56 20 70 57 B9  .=.A....YA.V pW.
000039A0:  E8 96 1A B6 8E E8 B7 E1 3E 10 C1 EF 97 DD ED 65  ........>......e
000039B0:  D7 7C 1B 96 10 C6 C4 AC 38 13 4D 52 92 54 9A C9  .|......8.MR.T..
000039C0:  C1 99 7F 81 EA 7D AC ED F2 A2 D5 C3 93 66 98 B3  .....}.......f..
000039D0:  15 04 DA 7C 85 19 BD 7B 39 70 77 8E 64 2D 56 46  ...|...{9pw.d-VF
000039E0:  15 C6 08 91 C5 34 5F 37 EF AD A3 2B 78 DD 8C C4  .....4_7...+x...
000039F0:  93 8F E6 5F B2 0C 14 85 72 4B B9 0F 6C A7 B7 04  ..._....rK..l...
00003A00:  77 4F D6 F8 A8 75 25 B3 AC 60 63 3D 2B AC 79 5F  wO...u%..`c=+.y_
00003A10:  71 88 E4 18 07 E5 05 A9 FE A2 DB 42 FC E9 79 B5  q..........B..y.
00003A20:  C2 13 56 82 D2 89 F2 5B 45 62 12 64 50 6B 53 72  ..V....[Eb.dPkSr
00003A30:  BF 3D 7F A2 26 D0 12 D3 F4 4D C7 D3 10 85 6A 51  .=..&....M....jQ
00003A40:  82 B6 25 F8 22 CF 1B 3E D0 A9 BD D1 3B 31 DF 41  ..%."..>....;1.A
00003A50:  A1 C3 88 2C 80 CF 01 96 1F DE EA C5 80 7F F5 7D  ...,...........}
00003A60:  B0 4E B1 A7 FF 2A 78 A4 02 43 2C 44 A7 82 31 46  .N...*x..C,D..1F
00003A70:  9F 74 2B 24 16 4B 4F 35 6E E2 7B 6D E3 C4 33 F6  .t+$.KO5n.{m..3.
00003A80:  FE 66 BA EE 9D CB 7E 58 D2 81 AB 93 67 6B 0F E8  .f....~X....gk..
00003A90:  FF CE 35 06 72 D8 2E 04 FB CD F7 C5 CA BE 33 F3  ..5.r.........3.
00003AA0:  AD 7E 2D D6 A2 48 1C 17 76 11 83 9F 69 83 51 BE  .~-..H..v...i.Q.
00003AB0:  AB E3 8A 79 06 7D EB 7C FD 20 73 F8 79 86 ED 84  ...y.}.|. s.y...
00003AC0:  4A D6 23 90 83 8F 4E 8D 5F D3 B9 19 98 A3 DF 97  J.#...N._.......
00003AD0:  A3 4C 6A 50 86 AA 46 A8 DC 34 A7 35 00 57 73 30  .LjP..F..4.5.Ws0
00003AE0:  C5 8D 23 18 62 00 C7 33 7E FA 5B 51 D7 C6 FF E1  ..#.b..3~.[Q....
00003AF0:  14 41 72 ED CA 1C F4 28 B1 C8 FD 76 51 48 8D E3  .Ar....(...vQH..
00003B00:  01 65 9E C2 1B 06 B6 86 47 C9 6D E4 C9 7D C9 78  .e......G.m..}.x
00003B10:  07 04 CF CF 34 94 D0 2D E0 3F 9A 58 37 C7 4E 6A  ....4..-.?.X7.Nj
00003B20:  62 8B 05 F5 D2 E6 8B 2E B4 63 67 3C 56 B6 66 09  b........cg<V.f.
00003B30:  A2 83 AD 81 7A 8C 30 80 84 DD EF D6 D8 83 6B 93  ....z.0.......k.
00003B40:  BC 23 3A CA C3 48 4A 82 6F 76 34 AD 24 6F 59 8B  .#:..HJ.ov4.$oY.
00003B50:  9C 29 F0 92 C2 AF 0D 0F 2B 61 78 3D A4 D0 7B 2A  .)......+ax=..{*
00003B60:  59 27 C7 0F FE 9D 5F 8C 93 27 F9 48 1A 66 A3 C8  Y'...._..'.H.f..
00003B70:  36 68 40 E0 41 16 41 30 35 2D 09 9F A0 16 38 46  6h@.A.A05-....8F
00003B80:  6C 17 A7 92 8C FB FA 91 0F B6 F3 39 F8 58 EC B0  l..........9.X..
00003B90:  C7 88 AD 61 48 E1 CF 3F 11 6E 44 8F D4 FA E2 2E  ...aH..?.nD.....
00003BA0:  55 5E 98 27 23 A8 28 AF 3C 61 5E CF A5 BE 9B E3  U^.'#.(.<a^.....
00003BB0:  18 66 4D 24 97 4C 1C FA C9 E5 89 31 F1 87 0B 9A  .fM$.L.....1....
00003BC0:  6E BD 56 40 A7 44 44 ED 9C 53 3C C5 CC E6 C4 AD  n.V@.DD..S<.....
00003BD0:  62 2A 21 85 C6 41 17 EE A8 6D 31 9D 57 05 75 43  b*!..A...m1.W.uC
00003BE0:  AE B5 F6 C3 91 A3 2F 48 1E 65 D4 AC 88 78 58 E6  ....../H.e...xX.
00003BF0:  74 01 9C 28 A8 1D B0 6E D8 C0 44 3D DE B4 EC AD  t..(...n..D=....
00003C00:  9A AD B3 72 8F 7D 1D 3D 11 6A 61 12 74 08 CB 63  ...r.}.=.ja.t..c
00003C10:  FF E9 C0 0D E0 A5 0B 9A F6 E2 05 41 06 56 67 78  ...........A.Vgx
00003C20:  6C 47 A9 14 7C 5A 8A 3B DE 0A EA 06 82 6B E1 6B  lG..|Z.;.....k.k
00003C30:  B4 01 3F 85 19 68 1D C0 F7 66 DC 72 6B 3E D3 DA  ..?..h...f.rk>..
00003C40:  CF 92 72 4D 1C E0 B2 5B 94 78 3D B5 2B 4F AB 62  ..rM...[.x=.+O.b
00003C50:  71 E6 F4 C6 F8 4F BD 3C A0 DA C1 1E E5 D4 14 3E  q....O.<.......>
00003C60:  4F F8 2F E8 FE AF 4C D3 6E 45 61 D5 EF CF E5 3E  O./...L.nEa....>
00003C70:  32 54 E5 D8 AA 6F BA 7C B6 8D 7D 7C EE 9E 50 66  2T...o.|..}|..Pf
00003C80:  8B 3A 2A 0C 3B 8F 2C B9 E7 39 0E 05 E3 D0 97 88  .:*.;.,..9......
00003C90:  74 97 B6 EE 37 0F C4 AC 38 13 4D 52 92 54 9A C9  t...7...8.MR.T..
00003CA0:  C1 99 7F 81 EA 7D 96 71 25 5D 4A 70 5C 05 69 0F  .....}.q%]Jp\.i.
00003CB0:  03 D9 5D A2 29 20 ED 9D 4A DA E8 E3 26 34 E5 7D  ..].) ..J...&4.}
00003CC0:  A8 D6 86 F0 C0 E9 B5 32 35 EA 71 FC AF FB D8 3A  .......25.q....:
00003CD0:  E2 23 59 FD E0 CB 9D F9 97 86 69 FE 8F 12 5E AE  .#Y.......i...^.
00003CE0:  8C B8 29 97 2E B1 15 DE 05 38 96 19 B6 BF 3B EF  ..)......8....;.
00003CF0:  0E 3B 57 37 46 BF 32 7B 1B 7F A4 BD BB 3F 89 12  .;W7F.2{.....?..
00003D00:  3B 8D 6D 94 B7 57 A6 D2 3B B8 54 55 CB E6 63 7A  ;.m..W..;.TU..cz
00003D10:  1D 90 87 21 2E 64 EB AE E3 AF 96 F2 85 AB 47 00  ...!.d........G.
00003D20:  86 27 E6 62 F2 DD D7 BE FA 92 49 64 3E 4D CB 2F  .'.b......Id>M./
00003D30:  D2 30 9E 5D DB EE 5D E2 50 39 A4 78 F0 3C 09 A6  .0.]..].P9.x.<..
00003D40:  FD 22 79 93 8A 68 E4 56 D1 9A B9 67 FA 98 A8 3C  ."y..h.V...g...<
00003D50:  B4 E8 E4 E1 86 1A EA AE 59 FD 7B AF 52 D0 C3 5C  ........Y.{.R..\
00003D60:  3F BA 30 5B 19 DC 0D 5B EC 45 FA FA F5 F6 21 AF  ?.0[...[.E....!.
00003D70:  82 1A 1C 5F 50 45 38 5E B5 EA FC A0 7F B1 8F 38  ..._PE8^.......8
00003D80:  C0 6B B9 E8 EC 26 D7 C9 E8 D2 D1 78 88 3A 75 C6  .k...&.....x.:u.
00003D90:  AB E9 5C DD 6D 50 F0 DE D0 B4 2A 45 37 3D 4C 97  ..\.mP....*E7=L.
00003DA0:  28 90 5E A8 29 0F 38 AC 2B 78 9A F2 64 42 C2 BA  (.^.).8.+x..dB..
00003DB0:  D5 D3 54 98 BF 1B E1 99 5F FA 24 05 E7 93 C2 D7  ..T....._.$.....
00003DC0:  A9 A2 D8 A9 CF 35 36 77 19 04 61 88 96 94 E1 A2  .....56w..a.....
00003DD0:  79 DD DC 03 C3 11 E7 66 25 40 6C 1F 6C 04 33 73  y......f%@l.l.3s
00003DE0:  F4 DF 2E CA A4 6A 59 D8 E0 43 CF 80 5D 4A CE D2  .....jY..C..]J..
00003DF0:  FF FC 7E C2 3B AB 1A 2E E0 AE BB 80 01 56 90 47  ..~.;........V.G
00003E00:  7A 41 B0 B1 B2 15 20 B6 A0 0C 6E 6F D0 6B 28 59  zA.... ...no.k(Y
00003E10:  23 68 86 53 17 70 78 2B 24 04 27 62 6D AA FE 1C  #h.S.px+$.'bm...
00003E20:  2C 14 78 C4 8B 3A DD B7 28 FB F6 67 A4 5F 25 19  ,.x..:..(..g._%.
00003E30:  C6 08 C1 C2 ED 8D F0 D1 46 4E AC 9F 09 95 0C F4  ........FN......
00003E40:  A9 2A C7 A8 1D 82 0F 13 CA 68 78 2C C6 B4 70 D7  .*.......hx,..p.
00003E50:  D4 EC 12 FE 72 85 DD E8 3F 04 E4 4D 85 75 80 04  ....r...?..M.u..
00003E60:  BB 58 79 4C 8E 36 EF 47 61 42 8D 07 C4 64 F1 AA  .XyL.6.GaB...d..
00003E70:  99 61 58 15 79 BE 37 F4 0B 33 6A 15 5F 18 F5 09  .aX.y.7..3j._...
00003E80:  35 36 41 73 DE BA 16 EF D4 A9 BE 0D 06 D2 59 0E  56As..........Y.
00003E90:  71 B9 6A 4C C9 72 9A 86 6F 07 99 0F 4E C2 CF 52  q.jL.r..o...N..R
00003EA0:  19 98 72 DA 9E CF BE 52 C3 FC 87 36 85 E7 0E F8  ..r....R...6....
00003EB0:  E6 50 F5 D1 1B 18 A7 9F 47 54 B3 1B 91 D1 ED 16  .P......GT......
00003EC0:  FE 74 87 5B 4C 09 B9 6F B1 4A C9 D4 35 39 14 C0  .t.[L..o.J..59..
00003ED0:  DF D6 88 CA 4C 4A 00 00 00 00 00 00 00 00 00 00  ....LJ..........
00003EE0:  00 00 00 00 00 00 00 00 00 00 00 00 00 00 00 00  ................ [zeros]
00003EF0:  00 00 00 00 00 00 FE 69 46 C2 9D 05 EB D4 C7 7D  .......iF......}
00003F00:  D5 23 D2 BD 3C 4E 90 94 57 3B 3E F2 E7 2B 8C 2E  .#..<N..W;>..+..
00003F10:  C2 C8 82 17 CA 29 00 00 00 00 00 00 00 00 00 00  .....)..........
00003F20:  00 00 00 00 00 00 00 00 00 00 00 00 00 00 00 00  ................ [zeros]
00003F30:  00 00 00 00 00 00 00 00 00 00 00 00 00 00 00 00  ................ [zeros]
00003F40:  00 00 00 00 00 00 00 00 00 00 00 00 00 00 00 00  ................ [zeros]
00003F50:  00 00 00 00 00 00 00 00 00 00 00 00 00 00 00 00  ................ [zeros]
00003F60:  00 00 00 00 00 00 00 00 00 00 00 00 00 00 00 00  ................ [zeros]
00003F70:  00 00 00 00 00 00 00 00 00 00 00 00 00 00 00 00  ................ [zeros]
00003F80:  00 00 00 00 00 00 00 00 00 00 00 00 00 00 00 00  ................ [zeros]
00003F90:  00 00 00 00 00 00 00 00 00 00 00 00 00 00 00 00  ................ [zeros]
00003FA0:  00 00 00 00 00 00 52 3C E3 10 90 ED D3 91 40 0B  ......R<......@.
00003FB0:  49 53 7A A1 2E 1F A5 BF C0 0A D0 69 75 C4 05 63  ISz........iu..c
00003FC0:  34 9B F6 73 02 E0 4A E6 7A AB 7C 49 1A C7 DF 0B  4..s..J.z.|I....
00003FD0:  3F AD 46 8C 8E FD 87 5F 54 AC B7 DC 5C 2C A3 27  ?.F...._T...\,.'
00003FE0:  02 FA 6F 44 AF 55 00 00 00 00 00 00 00 00 00 00  ..oD.U..........
00003FF0:  00 00 00 00 00 00 00 00 00 00 00 00 00 00 00 00  ................ [zeros]
00004000:  00 00 00 00 00 00 EE CD F5 5C 1B 9D 2B 93 ED 33  .........\..+..3
00004010:  AC 21 91 42 24 F2 FB C9 88 B0 D3 32 AF EE 6D 6D  .!.B$......2..mm
00004020:  66 BB D7 00 71 A7 F7 E7 72 9E 99 F1 A6 CB 19 E8  f...q...r.......
00004030:  F9 0E 89 B5 96 4E 88 91 09 91 79 8E EE C0 CF 48  .....N....y....H
00004040:  CC 64 92 DE 7A 01 F4 44 90 7F EB 8E 38 16 AF 66  .d..z..D....8..f
00004050:  5F E6 2D 02 22 89 E5 CC 56 41 E4 89 DA 13 50 9C  _.-."...VA....P.
00004060:  E2 80 99 61 9A 23 42 AD 95 3F 6A CE 03 79 24 E0  ...a.#B..?j..y$.
00004070:  D8 F0 EC A1 30 1B A6 B2 53 65 1F 3F 3D 78 0F 76  ....0...Se.?=x.v
00004080:  FD F6 6D 64 C3 F1 5B 22 C9 27 01 37 FE 48 E0 2F  ..md..[".'.7.H./
00004090:  B9 A7 3F A7 F1 5B B6 49 72 22 0A 5F BA DB 9A 86  ..?..[.Ir"._....
000040A0:  FD 44 33 D9 E5 4B 00 00 00 00 00 00 00 00 00 00  .D3..K..........
000040B0:  00 00 00 00 00 00 00 00 00 00 00 00 00 00 00 00  ................ [zeros]
000040C0:  00 00 00 00 00 00 00 00 00 00 00 00 00 00 00 00  ................ [zeros]
000040D0:  00 00 00 00 00 00 00 00 00 00 00 00 00 00 00 00  ................ [zeros]
000040E0:  00 00 00 00 00 00 00 00 00 00 00 00 00 00 00 00  ................ [zeros]
000040F0:  00 00 00 00 00 00 00 00 00 00 00 00 00 00 00 00  ................ [zeros]
00004100:  00 00 00 00 00 00 00 00 00 00 00 00 00 00 00 00  ................ [zeros]
00004110:  00 00 00 00 00 00 00 00 00 00 00 00 00 00 00 00  ................ [zeros]
00004120:  00 00 00 00 00 00 00 00 00 00 00 00 00 00 00 00  ................ [zeros]
00004130:  00 00 00 00 00 00 00 00 00 00 00 00 00 00 00 00  ................ [zeros]
00004140:  00 00 00 00 00 00 00 00 00 00 00 00 00 00 00 00  ................ [zeros]
00004150:  00 00 00 00 00 00 00 00 00 00 00 00 00 00 00 00  ................ [zeros]
00004160:  00 00 00 00 00 00 DA A2 B6 FD 65 7B BC 54 06 57  ..........e{.T.W
00004170:  3C 14 F3 C6 48 40 81 96 77 1C CC 72 EC 1E 0D 01  <...H@..w..r....
00004180:  95 A0 3C B4 99 CF 00 00 00 00 00 00 00 00 00 00  ..<.............
00004190:  00 00 00 00 00 00 00 00 00 00 00 00 00 00 00 00  ................ [zeros]
000041A0:  00 00 00 00 00 00 00 00 00 00 00 00 00 00 00 00  ................ [zeros]
000041B0:  00 00 00 00 00 00 00 00 00 00 00 00 00 00 00 00  ................ [zeros]
000041C0:  00 00 00 00 00 00 00 00 00 00 00 00 00 00 00 00  ................ [zeros]
000041D0:  00 00 00 00 00 00 00 00 00 00 00 00 00 00 00 00  ................ [zeros]
000041E0:  00 00 00 00 00 00 00 00 00 00 00 00 00 00 00 00  ................ [zeros]
000041F0:  00 00 00 00 00 00 00 00 00 00 00 00 00 00 00 00  ................ [zeros]
00004200:  00 00 00 00 00 00 00 00 00 00 00 00 00 00 00 00  ................ [zeros]
00004210:  00 00 00 00 00 00 00 00 00 00 00 00 00 00 00 00  ................ [zeros]
00004220:  00 00 00 00 00 00 00 00 00 00 00 00 00 00 00 00  ................ [zeros]
00004230:  00 00 00 00 00 00 00 00 00 00 00 00 00 00 00 00  ................ [zeros]
00004240:  00 00 00 00 00 00 00 00 00 00 00 00 00 00 00 00  ................ [zeros]
00004250:  00 00 00 00 00 00 00 00 00 00 00 00 00 00 00 00  ................ [zeros]
00004260:  00 00 00 00 00 00 00 00 00 00 00 00 00 00 00 00  ................ [zeros]
00004270:  00 00 00 00 00 00 00 00 00 00 00 00 00 00 00 00  ................ [zeros]
00004280:  00 00 00 00 00 00 00 00 00 00 00 00 00 00 00 00  ................ [zeros]
00004290:  00 00 00 00 00 00 90 EE 88 84 90 BF 1D F9 4A 37  ..............J7
000042A0:  51 4B 89 85 36 45 A2 D3 F5 FC DA 28 E9 DD 5D 02  QK..6E.....(..].
000042B0:  82 A6 03 BA 0D D7 00 00 00 00 00 00 00 00 00 00  ................
000042C0:  00 00 00 00 00 00 00 00 00 00 00 00 00 00 00 00  ................ [zeros]
000042D0:  00 00 00 00 00 00 00 00 00 00 00 00 00 00 00 00  ................ [zeros]
000042E0:  00 00 00 00 00 00 00 00 00 00 00 00 00 00 00 00  ................ [zeros]
000042F0:  00 00 00 00 00 00 00 00 00 00 00 00 00 00 00 00  ................ [zeros]
00004300:  00 00 00 00 00 00 00 00 00 00 00 00 00 00 00 00  ................ [zeros]
00004310:  00 00 00 00 00 00 00 00 00 00 00 00 00 00 00 00  ................ [zeros]
00004320:  00 00 00 00 00 00 00 00 00 00 00 00 00 00 00 00  ................ [zeros]
00004330:  00 00 00 00 00 00 00 00 00 00 00 00 00 00 00 00  ................ [zeros]
00004340:  00 00 00 00 00 00 00 00 00 00 00 00 00 00 00 00  ................ [zeros]
00004350:  00 00 00 00 00 00 00 00 00 00 00 00 00 00 00 00  ................ [zeros]
00004360:  00 00 00 00 00 00 00 00 00 00 00 00 00 00 00 00  ................ [zeros]
00004370:  00 00 00 00 00 00 00 00 00 00 00 00 00 00 00 00  ................ [zeros]
00004380:  00 00 00 00 00 00 00 00 00 00 00 00 00 00 00 00  ................ [zeros]
00004390:  00 00 00 00 00 00 00 00 00 00 00 00 00 00 00 00  ................ [zeros]
000043A0:  00 00 00 00 00 00 00 00 00 00 00 00 00 00 00 00  ................ [zeros]
000043B0:  00 00 00 00 00 00 00 00 00 00 00 00 00 00 00 00  ................ [zeros]
000043C0:  00 00 00 00 00 00 00 00 00 00 00 00 00 00 00 00  ................ [zeros]
000043D0:  00 00 00 00 00 00 00 00 00 00 00 00 00 00 00 00  ................ [zeros]
000043E0:  00 00 00 00 00 00 00 00 00 00 00 00 00 00 00 00  ................ [zeros]
000043F0:  00 00 00 00 00 00 00 00 00 00 00 00 00 00 00 00  ................ [zeros]
00004400:  00 00 00 00 00 00 00 00 00 00 00 00 00 00 00 00  ................ [zeros]
00004410:  00 00 00 00 00 00 00 00 00 00 00 00 00 00 00 00  ................ [zeros]
00004420:  00 00 00 00 00 00 00 00 00 00 00 00 00 00 00 00  ................ [zeros]
00004430:  00 00 00 00 00 00 5F 28 1D 5F 2D 0F 93 0B 94 E7  ......_(._-.....
00004440:  81 B7 F8 91 A8 87 FE AA B8 80 F5 73 A1 EA B4 2D  ...........s...-
00004450:  53 1D 81 B9 84 B1 46 C8 83 45 4B 4C E5 31 65 77  S.....F..EKL.1ew
00004460:  A9 87 6A AE 64 33 77 56 5B 77 A9 0B AA 28 C1 21  ..j.d3wV[w...(.!
00004470:  4C 58 0A CB 53 6E F7 5F 35 F3 1E D4 AF ED 3D CE  LX..Sn._5.....=.
00004480:  5A 80 4F 41 02 C6 7F 15 5B 18 A1 07 4B 56 1C 81  Z.OA....[...KV..
00004490:  7C 52 B6 FC 81 26 05 02 24 9B 48 9D 72 A5 8C 85  |R...&..$.H.r...
000044A0:  DA CC AD 68 2B 48 1F C2 41 A4 B5 65 C7 73 5F 9D  ...h+H..A..e.s_.
000044B0:  2D D2 E4 18 95 92 CD 61 12 A1 F1 99 25 CE 83 41  -......a....%..A
000044C0:  9F 53 C6 A8 81 0D 77 56 5B 77 A9 0B AA 28 C1 21  .S....wV[w...(.!
000044D0:  4C 58 0A CB 53 6E 81 C3 58 33 37 00 CF E4 B3 AA  LX..Sn..X37.....
000044E0:  A5 1B 69 A0 3E D2 2F 1A D1 64 6F FD C8 27 46 11  ..i.>./..do..'F.
000044F0:  D7 69 32 2D DB 18 FA 57 49 1A 89 A7 D0 26 94 09  .i2-...WI....&..
00004500:  22 E0 40 86 E7 A5 1B C1 29 67 02 CB A1 27 0A 63  ".@.....)g...'.c
00004510:  EF C7 A3 B8 96 32 00 00 00 00 00 00 00 00 00 00  .....2..........
00004520:  00 00 00 00 00 00 00 00 00 00 00 00 00 00 00 00  ................ [zeros]
00004530:  00 00 00 00 00 00 00 00 00 00 00 00 00 00 00 00  ................ [zeros]
00004540:  00 00 00 00 00 00 00 00 00 00 00 00 00 00 00 00  ................ [zeros]
00004550:  00 00 00 00 00 00 00 00 00 00 00 00 00 00 00 00  ................ [zeros]
00004560:  00 00 00 00 00 00 00 00 00 00 00 00 00 00 00 00  ................ [zeros]
00004570:  00 00 00 00 00 00 00 00 00 00 00 00 00 00 00 00  ................ [zeros]
00004580:  00 00 00 00 00 00 00 00 00 00 00 00 00 00 00 00  ................ [zeros]
00004590:  00 00 00 00 00 00 00 00 00 00 00 00 00 00 00 00  ................ [zeros]
000045A0:  00 00 00 00 00 00 00 00 00 00 00 00 00 00 00 00  ................ [zeros]
000045B0:  00 00 00 00 00 00 00 00 00 00 00 00 00 00 00 00  ................ [zeros]
000045C0:  00 00 00 00 00 00 00 00 00 00 00 00 00 00 00 00  ................ [zeros]
000045D0:  00 00 00 00 00 00 00 00 00 00 00 00 00 00 00 00  ................ [zeros]
000045E0:  00 00 00 00 00 00 00 00 00 00 00 00 00 00 00 00  ................ [zeros]
000045F0:  00 00 00 00 00 00 00 00 00 00 00 00 00 00 00 00  ................ [zeros]
00004600:  00 00 00 00 00 00 00 00 00 00 00 00 00 00 00 00  ................ [zeros]
00004610:  00 00 00 00 00 00 00 00 00 00 00 00 00 00 00 00  ................ [zeros]
00004620:  00 00 00 00 00 00 00 00 00 00 00 00 00 00 00 00  ................ [zeros]
00004630:  00 00 00 00 00 00 00 00 00 00 00 00 00 00 00 00  ................ [zeros]
00004640:  00 00 00 00 00 00 00 00 00 00 00 00 00 00 00 00  ................ [zeros]
00004650:  00 00 00 00 00 00 00 00 00 00 00 00 00 00 00 00  ................ [zeros]
00004660:  00 00 00 00 00 00 00 00 00 00 00 00 00 00 00 00  ................ [zeros]
00004670:  00 00 00 00 00 00 00 00 00 00 00 00 00 00 00 00  ................ [zeros]
00004680:  00 00 00 00 00 00 00 00 00 00 00 00 00 00 00 00  ................ [zeros]
00004690:  00 00 00 00 00 00 00 00 00 00 00 00 00 00 00 00  ................ [zeros]
000046A0:  00 00 00 00 00 00 00 00 00 00 00 00 00 00 00 00  ................ [zeros]
000046B0:  00 00 00 00 00 00 00 00 00 00 00 00 00 00 00 00  ................ [zeros]
000046C0:  00 00 00 00 00 00 00 00 00 00 00 00 00 00 00 00  ................ [zeros]
000046D0:  00 00 00 00 00 00 00 00 00 00 00 00 00 00 00 00  ................ [zeros]
000046E0:  00 00 00 00 00 00 00 00 00 00 00 00 00 00 00 00  ................ [zeros]
000046F0:  00 00 00 00 00 00 00 00 00 00 00 00 00 00 00 00  ................ [zeros]
00004700:  00 00 00 00 00 00 00 00 00 00 00 00 00 00 00 00  ................ [zeros]
00004710:  00 00 00 00 00 00 00 00 00 00 00 00 00 00 00 00  ................ [zeros]
00004720:  00 00 00 00 00 00 00 00 00 00 00 00 00 00 00 00  ................ [zeros]
00004730:  00 00 00 00 00 00 00 00 00 00 00 00 00 00 00 00  ................ [zeros]
00004740:  00 00 00 00 00 00 00 00 00 00 00 00 00 00 00 00  ................ [zeros]
00004750:  00 00 00 00 00 00 00 00 00 00 00 00 00 00 00 00  ................ [zeros]
00004760:  00 00 00 00 00 00 00 00 00 00 00 00 00 00 00 00  ................ [zeros]
00004770:  00 00 00 00 00 00 00 00 00 00 00 00 00 00 00 00  ................ [zeros]
00004780:  00 00 00 00 00 00 00 00 00 00 00 00 00 00 00 00  ................ [zeros]
00004790:  00 00 00 00 00 00 00 00 00 00 00 00 00 00 00 00  ................ [zeros]
000047A0:  00 00 00 00 00 00 00 00 00 00 00 00 00 00 00 00  ................ [zeros]
000047B0:  00 00 00 00 00 00 00 00 00 00 00 00 00 00 00 00  ................ [zeros]
000047C0:  00 00 00 00 00 00 00 00 00 00 00 00 00 00 00 00  ................ [zeros]
000047D0:  00 00 00 00 00 00 00 00 00 00 00 00 00 00 00 00  ................ [zeros]
000047E0:  00 00 00 00 00 00 00 00 00 00 00 00 00 00 00 00  ................ [zeros]
000047F0:  00 00 00 00 00 00 00 00 00 00 00 00 00 00 00 00  ................ [zeros]
00004800:  00 00 00 00 00 00 00 00 00 00 00 00 00 00 00 00  ................ [zeros]
00004810:  00 00 00 00 00 00 00 00 00 00 00 00 00 00 00 00  ................ [zeros]
00004820:  00 00 00 00 00 00 00 00 00 00 00 00 00 00 00 00  ................ [zeros]
00004830:  00 00 00 00 00 00 00 00 00 00 00 00 00 00 00 00  ................ [zeros]
00004840:  00 00 00 00 00 00 00 00 00 00 00 00 00 00 00 00  ................ [zeros]
00004850:  00 00 00 00 00 00 00 00 00 00 00 00 00 00 00 00  ................ [zeros]
00004860:  00 00 00 00 00 00 00 00 00 00 00 00 00 00 00 00  ................ [zeros]
00004870:  00 00 00 00 00 00 00 00 00 00 00 00 00 00 00 00  ................ [zeros]
00004880:  00 00 00 00 00 00 00 00 00 00 00 00 00 00 00 00  ................ [zeros]
00004890:  00 00 00 00 00 00 00 00 00 00 00 00 00 00 00 00  ................ [zeros]
000048A0:  00 00 00 00 00 00 00 00 00 00 00 00 00 00 00 00  ................ [zeros]
000048B0:  00 00 00 00 00 00 00 00 00 00 00 00 00 00 00 00  ................ [zeros]
000048C0:  00 00 00 00 00 00 00 00 00 00 00 00 00 00 00 00  ................ [zeros]
000048D0:  00 00 00 00 00 00 00 00 00 00 00 00 00 00 00 00  ................ [zeros]
000048E0:  00 00 00 00 00 00 00 00 00 00 00 00 00 00 00 00  ................ [zeros]
000048F0:  00 00 00 00 00 00 00 00 00 00 00 00 00 00 00 00  ................ [zeros]
00004900:  00 00 00 00 00 00 00 00 00 00 00 00 00 00 00 00  ................ [zeros]
00004910:  00 00 00 00 00 00 00 00 00 00 00 00 00 00 00 00  ................ [zeros]
00004920:  00 00 00 00 00 00 00 00 00 00 00 00 00 00 00 00  ................ [zeros]
00004930:  00 00 00 00 00 00 00 00 00 00 00 00 00 00 00 00  ................ [zeros]
00004940:  00 00 00 00 00 00 00 00 00 00 00 00 00 00 00 00  ................ [zeros]
00004950:  00 00 00 00 00 00 00 00 00 00 00 00 00 00 00 00  ................ [zeros]
00004960:  00 00 00 00 00 00 00 00 00 00 00 00 00 00 00 00  ................ [zeros]
00004970:  00 00 00 00 00 00 00 00 00 00 00 00 00 00 00 00  ................ [zeros]
00004980:  00 00 00 00 00 00 00 00 00 00 00 00 00 00 00 00  ................ [zeros]
00004990:  00 00 00 00 00 00 00 00 00 00 00 00 00 00 00 00  ................ [zeros]
000049A0:  00 00 00 00 00 00 00 00 00 00 00 00 00 00 00 00  ................ [zeros]
000049B0:  00 00 00 00 00 00 00 00 00 00 00 00 00 00 00 00  ................ [zeros]
000049C0:  00 00 00 00 00 00 00 00 00 00 00 00 00 00 00 00  ................ [zeros]
000049D0:  00 00 00 00 00 00 00 00 00 00 00 00 00 00 00 00  ................ [zeros]
000049E0:  00 00 00 00 00 00 00 00 00 00 00 00 00 00 00 00  ................ [zeros]
000049F0:  00 00 00 00 00 00 00 00 00 00 00 00 00 00 00 00  ................ [zeros]
00004A00:  00 00 00 00 00 00 00 00 00 00 00 00 00 00 00 00  ................ [zeros]
00004A10:  00 00 00 00 00 00 00 00 00 00 00 00 00 00 00 00  ................ [zeros]
00004A20:  00 00 00 00 00 00 00 00 00 00 00 00 00 00 00 00  ................ [zeros]
00004A30:  00 00 00 00 00 00 00 00 00 00 00 00 00 00 00 00  ................ [zeros]
00004A40:  00 00 00 00 00 00 00 00 00 00 00 00 00 00 00 00  ................ [zeros]
00004A50:  00 00 00 00 00 00 00 00 00 00 00 00 00 00 00 00  ................ [zeros]
00004A60:  00 00 00 00 00 00 00 00 00 00 00 00 00 00 00 00  ................ [zeros]
00004A70:  00 00 00 00 00 00 00 00 00 00 00 00 00 00 00 00  ................ [zeros]
00004A80:  00 00 00 00 00 00 00 00 00 00 00 00 00 00 00 00  ................ [zeros]
00004A90:  00 00 00 00 00 00 00 00 00 00 00 00 00 00 00 00  ................ [zeros]
00004AA0:  00 00 00 00 00 00 00 00 00 00 00 00 00 00 00 00  ................ [zeros]
00004AB0:  00 00 00 00 00 00 00 00 00 00 00 00 00 00 00 00  ................ [zeros]
00004AC0:  00 00 00 00 00 00 00 00 00 00 00 00 00 00 00 00  ................ [zeros]
00004AD0:  00 00 00 00 00 00 00 00 00 00 00 00 00 00 00 00  ................ [zeros]
00004AE0:  00 00 00 00 00 00 00 00 00 00 00 00 00 00 00 00  ................ [zeros]
00004AF0:  00 00 00 00 00 00 00 00 00 00 00 00 00 00 00 00  ................ [zeros]
00004B00:  00 00 00 00 00 00 A4 C5 6E 4B 1E E2 2C BF 3E 58  ........nK..,.>X
00004B10:  13 39 FD F2 E2 E4 50 F8 54 2F 3F D6 5D C7 8D CB  .9....P.T/?.]...
00004B20:  D6 19 EE B3 C7 07 1B 19 17 98 FE 3E 42 FA 33 00  ...........>B.3.
00004B30:  B4 FC DB 29 2B E5 6D DB 1E 10 24 96 C8 45 C7 83  ...)+.m...$..E..
00004B40:  75 50 3E EE B7 BF 6D DB 1E 10 24 96 C8 45 C7 83  uP>...m...$..E..
00004B50:  75 50 3E EE B7 BF 6D DB 1E 10 24 96 C8 45 C7 83  uP>...m...$..E..
00004B60:  75 50 3E EE B7 BF 6D DB 1E 10 24 96 C8 45 C7 83  uP>...m...$..E..
00004B70:  75 50 3E EE B7 BF 6D DB 1E 10 24 96 C8 45 C7 83  uP>...m...$..E..
00004B80:  75 50 3E EE B7 BF 6D DB 1E 10 24 96 C8 45 C7 83  uP>...m...$..E..
00004B90:  75 50 3E EE B7 BF 6D DB 1E 10 24 96 C8 45 C7 83  uP>...m...$..E..
00004BA0:  75 50 3E EE B7 BF 6D DB 1E 10 24 96 C8 45 C7 83  uP>...m...$..E..
00004BB0:  75 50 3E EE B7 BF 6D DB 1E 10 24 96 C8 45 C7 83  uP>...m...$..E..
00004BC0:  75 50 3E EE B7 BF 6D DB 1E 10 24 96 C8 45 C7 83  uP>...m...$..E..
00004BD0:  75 50 3E EE B7 BF 6D DB 1E 10 24 96 C8 45 C7 83  uP>...m...$..E..
00004BE0:  75 50 3E EE B7 BF 6D DB 1E 10 24 96 C8 45 C7 83  uP>...m...$..E..
00004BF0:  75 50 3E EE B7 BF 6D DB 1E 10 24 96 C8 45 C7 83  uP>...m...$..E..
00004C00:  75 50 3E EE B7 BF 6D DB 1E 10 24 96 C8 45 C7 83  uP>...m...$..E..
00004C10:  75 50 3E EE B7 BF 3B B9 F1 C9 83 88 33 61 D4 B9  uP>...;.....3a..
00004C20:  B0 91 11 21 52 67 F0 30 66 43 73 AA 74 A8 DB 44  ...!Rg.0fCs.t..D
00004C30:  F3 F3 27 BA A7 CE 00 00 00 00 00 00 00 00 00 00  ..'.............
00004C40:  00 00 00 00 00 00 00 00 00 00 00 00 00 00 00 00  ................ [zeros]
00004C50:  00 00 00 00 00 00 00 00 00 00 00 00 00 00 00 00  ................ [zeros]
00004C60:  00 00 00 00 00 00 00 00 00 00 00 00 00 00 00 00  ................ [zeros]
00004C70:  00 00 00 00 00 00 00 00 00 00 00 00 00 00 00 00  ................ [zeros]
00004C80:  00 00 00 00 00 00 00 00 00 00 00 00 00 00 00 00  ................ [zeros]
00004C90:  00 00 00 00 00 00 00 00 00 00 00 00 00 00 00 00  ................ [zeros]
00004CA0:  00 00 00 00 00 00 00 00 00 00 00 00 00 00 00 00  ................ [zeros]
00004CB0:  00 00 00 00 00 00 00 00 00 00 00 00 00 00 00 00  ................ [zeros]
00004CC0:  00 00 00 00 00 00 00 00 00 00 00 00 00 00 00 00  ................ [zeros]
00004CD0:  00 00 00 00 00 00 00 00 00 00 00 00 00 00 00 00  ................ [zeros]
00004CE0:  00 00 00 00 00 00 00 00 00 00 00 00 00 00 00 00  ................ [zeros]
00004CF0:  00 00 00 00 00 00 00 00 00 00 00 00 00 00 00 00  ................ [zeros]
00004D00:  00 00 00 00 00 00 00 00 00 00 00 00 00 00 00 00  ................ [zeros]
00004D10:  00 00 00 00 00 00 00 00 00 00 00 00 00 00 00 00  ................ [zeros]
00004D20:  00 00 00 00 00 00 00 00 00 00 00 00 00 00 00 00  ................ [zeros]
00004D30:  00 00 00 00 00 00 49 71 CC E7 47 6C 53 3F 63 72  ......Iq..GlS?cr
00004D40:  9E 7E 53 48 A0 2E 6D DB 1E 10 24 96 C8 45 C7 83  .~SH..m...$..E..
00004D50:  75 50 3E EE B7 BF 6D DB 1E 10 24 96 C8 45 C7 83  uP>...m...$..E..
00004D60:  75 50 3E EE B7 BF 6D DB 1E 10 24 96 C8 45 C7 83  uP>...m...$..E..
00004D70:  75 50 3E EE B7 BF 6D DB 1E 10 24 96 C8 45 C7 83  uP>...m...$..E..
00004D80:  75 50 3E EE B7 BF 6D DB 1E 10 24 96 C8 45 C7 83  uP>...m...$..E..
00004D90:  75 50 3E EE B7 BF 6D DB 1E 10 24 96 C8 45 C7 83  uP>...m...$..E..
00004DA0:  75 50 3E EE B7 BF 6D DB 1E 10 24 96 C8 45 C7 83  uP>...m...$..E..
00004DB0:  75 50 3E EE B7 BF 6D DB 1E 10 24 96 C8 45 C7 83  uP>...m...$..E..
00004DC0:  75 50 3E EE B7 BF 6D DB 1E 10 24 96 C8 45 C7 83  uP>...m...$..E..
00004DD0:  75 50 3E EE B7 BF 6D DB 1E 10 24 96 C8 45 C7 83  uP>...m...$..E..
00004DE0:  75 50 3E EE B7 BF 6D DB 1E 10 24 96 C8 45 C7 83  uP>...m...$..E..
00004DF0:  75 50 3E EE B7 BF 6D DB 1E 10 24 96 C8 45 C7 83  uP>...m...$..E..
00004E00:  75 50 3E EE B7 BF 6D DB 1E 10 24 96 C8 45 C7 83  uP>...m...$..E..
00004E10:  75 50 3E EE B7 BF 6D DB 1E 10 24 96 C8 45 C7 83  uP>...m...$..E..
00004E20:  75 50 3E EE B7 BF 6D DB 1E 10 24 96 C8 45 C7 83  uP>...m...$..E..
00004E30:  75 50 3E EE B7 BF B1 99 98 5B F1 C1 8F 62 A4 2A  uP>......[...b.*
00004E40:  BA 79 DE FE 67 08 6D DB 1E 10 24 96 C8 45 C7 83  .y..g.m...$..E..
00004E50:  75 50 3E EE B7 BF 6D DB 1E 10 24 96 C8 45 C7 83  uP>...m...$..E..
00004E60:  75 50 3E EE B7 BF 6D DB 1E 10 24 96 C8 45 C7 83  uP>...m...$..E..
00004E70:  75 50 3E EE B7 BF 6D DB 1E 10 24 96 C8 45 C7 83  uP>...m...$..E..
00004E80:  75 50 3E EE B7 BF 6D DB 1E 10 24 96 C8 45 C7 83  uP>...m...$..E..
00004E90:  75 50 3E EE B7 BF 6D DB 1E 10 24 96 C8 45 C7 83  uP>...m...$..E..
00004EA0:  75 50 3E EE B7 BF 6D DB 1E 10 24 96 C8 45 C7 83  uP>...m...$..E..
00004EB0:  75 50 3E EE B7 BF 6D DB 1E 10 24 96 C8 45 C7 83  uP>...m...$..E..
00004EC0:  75 50 3E EE B7 BF 6D DB 1E 10 24 96 C8 45 C7 83  uP>...m...$..E..
00004ED0:  75 50 3E EE B7 BF 6D DB 1E 10 24 96 C8 45 C7 83  uP>...m...$..E..
00004EE0:  75 50 3E EE B7 BF 6D DB 1E 10 24 96 C8 45 C7 83  uP>...m...$..E..
00004EF0:  75 50 3E EE B7 BF 6D DB 1E 10 24 96 C8 45 C7 83  uP>...m...$..E..
00004F00:  75 50 3E EE B7 BF 6D DB 1E 10 24 96 C8 45 C7 83  uP>...m...$..E..
00004F10:  75 50 3E EE B7 BF 6D DB 1E 10 24 96 C8 45 C7 83  uP>...m...$..E..
00004F20:  75 50 3E EE B7 BF 6D DB 1E 10 24 96 C8 45 C7 83  uP>...m...$..E..
00004F30:  75 50 3E EE B7 BF 0E 5D 29 F1 BF E5 BF D5 13 B5  uP>....]).......
00004F40:  7B 75 68 A0 CD F8 00 00 00 00 00 00 00 00 00 00  {uh.............
00004F50:  00 00 00 00 00 00 00 00 00 00 00 00 00 00 00 00  ................ [zeros]
00004F60:  00 00 00 00 00 00 00 00 00 00 00 00 00 00 00 00  ................ [zeros]
00004F70:  00 00 00 00 00 00 00 00 00 00 00 00 00 00 00 00  ................ [zeros]
00004F80:  00 00 00 00 00 00 87 DB 4B 8E 7A 17 60 A1 22 CE  ........K.z.`.".
00004F90:  27 C8 65 8B D4 22 C7 AE 53 DD D9 8A DC FC 83 2A  '.e.."..S......*
00004FA0:  BB F6 AF 6F E6 F4 C7 AE 53 DD D9 8A DC FC 83 2A  ...o....S......*
00004FB0:  BB F6 AF 6F E6 F4 80 14 30 7F FE D0 65 DC 50 E3  ...o....0...e.P.
00004FC0:  5D 60 B2 E1 88 68 8E 14 2A 72 71 E6 01 5A C1 26  ]`...h..*rq..Z.&
00004FD0:  7C 78 66 19 89 7F 15 8E C7 A3 D6 50 88 B9 D9 DE  |xf........P....
00004FE0:  2F CE 3E 28 81 81 C3 DE 65 D4 9D 42 BF 20 D5 61  /.>(....e..B. .a
00004FF0:  EB ED 0C F3 CD 5B 75 7B E3 FB 59 FF 71 74 60 5E  .....[u{..Y.qt`^
00005000:  0D D6 73 35 02 4C 57 90 86 5B 0B 38 E0 19 42 6A  ..s5.LW..[.8..Bj
00005010:  46 15 DA CD 6D 6C 00 00 00 00 00 00 00 00 00 00  F...ml..........
00005020:  00 00 00 00 00 00 00 00 00 00 00 00 00 00 00 00  ................ [zeros]
00005030:  00 00 00 00 00 00 00 00 00 00 00 00 00 00 00 00  ................ [zeros]
00005040:  00 00 00 00 00 00 00 00 00 00 00 00 00 00 00 00  ................ [zeros]
00005050:  00 00 00 00 00 00 00 00 00 00 00 00 00 00 00 00  ................ [zeros]
00005060:  00 00 00 00 00 00 00 00 00 00 00 00 00 00 00 00  ................ [zeros]
00005070:  00 00 00 00 00 00 00 00 00 00 00 00 00 00 00 00  ................ [zeros]
00005080:  00 00 00 00 00 00 00 00 00 00 00 00 00 00 00 00  ................ [zeros]
00005090:  00 00 00 00 00 00 00 00 00 00 00 00 00 00 00 00  ................ [zeros]
000050A0:  00 00 00 00 00 00 00 00 00 00 00 00 00 00 00 00  ................ [zeros]
000050B0:  00 00 00 00 00 00 00 00 00 00 00 00 00 00 00 00  ................ [zeros]
000050C0:  00 00 00 00 00 00 00 00 00 00 00 00 00 00 00 00  ................ [zeros]
000050D0:  00 00 00 00 00 00 7F 15 5B 18 A1 07 4B 56 1C 81  ........[...KV..
000050E0:  7C 52 B6 FC 81 26 F5 A9 9D 06 8B F2 43 84 C6 09  |R...&......C...
000050F0:  FD FF 4F F7 FB 0A F9 62 29 85 E2 AE 19 B6 B3 FD  ..O....b).......
00005100:  01 6E 72 FA F8 C0 D1 15 CB E9 B2 18 3D FA BF 6D  .nr.........=..m
00005110:  14 3E 21 EE B5 FD E6 A4 C9 D1 BF F8 11 91 27 73  .>!...........'s
00005120:  07 62 B8 1F 7A 90 B0 D4 F0 29 1E 48 67 52 DC A4  .b..z....).HgR..
00005130:  3A 5A 00 DB 77 59 CF E2 7F 5F 3E 7F D3 43 CE FB  :Z..wY..._>..C..
00005140:  BC 06 A2 C6 67 6C F4 1B AE 83 A4 0E E3 F6 02 17  ....gl..........
00005150:  68 98 80 7C 57 24 6A 03 1A 03 DA A1 E7 77 E9 01  h..|W$j......w..
00005160:  AF 39 68 B4 ED E3 00 00 00 00 00 00 00 00 00 00  .9h.............
00005170:  00 00 00 00 00 00 00 00 00 00 00 00 00 00 00 00  ................ [zeros]
00005180:  00 00 00 00 00 00 55 44 C7 7A AE 8E 50 18 A8 08  ......UD.z..P...
00005190:  F2 E1 23 66 72 24 4A 05 75 D4 52 C7 C4 6D FF B0  ..#fr$J.u.R..m..
000051A0:  DD 6A 84 91 67 8D 11 7E 88 11 FB 7D 28 0E E7 EF  .j..g..~...}(...
000051B0:  EF A8 10 33 EB 62 CB 62 BE 3A 14 D8 2B 57 31 74  ...3.b.b.:..+W1t
000051C0:  70 B4 FC E7 0F 01 00 00 00 00 00 00 00 00 00 00  p...............
000051D0:  00 00 00 00 00 00 22 2B DB C5 AD 7E 2B E7 FB 88  ......"+...~+...
000051E0:  1E 52 24 90 43 71 36 1A A3 4D 6F 48 FA 2A B4 56  .R$.Cq6..MoH.*.V
000051F0:  D6 48 AE 0C 25 55 CF 40 D9 5A 3E 5E 06 58 09 E6  .H..%U.@.Z>^.X..
00005200:  67 C9 30 64 95 02 BC AE FD 75 F3 1F 3B E3 9F E6  g.0d.....u..;...
00005210:  44 F3 B3 5A C7 3A E1 E4 CE FF FC 50 EB AB 6E E4  D..Z.:.....P..n.
00005220:  CE FD 49 86 8B 93 24 38 16 B6 C4 8C 4C 88 E6 CB  ..I...$8....L...
00005230:  BD 74 63 8B B7 5D 11 7E 88 11 FB 7D 28 0E E7 EF  .tc..].~...}(...
00005240:  EF A8 10 33 EB 62 00 00 00 00 00 00 00 00 00 00  ...3.b..........
00005250:  00 00 00 00 00 00 00 00 00 00 00 00 00 00 00 00  ................ [zeros]
00005260:  00 00 00 00 00 00 00 00 00 00 00 00 00 00 00 00  ................ [zeros]
00005270:  00 00 00 00 00 00 00 00 00 00 00 00 00 00 00 00  ................ [zeros]
00005280:  00 00 00 00 00 00 00 00 00 00 00 00 00 00 00 00  ................ [zeros]
00005290:  00 00 00 00 00 00 00 00 00 00 00 00 00 00 00 00  ................ [zeros]
000052A0:  00 00 00 00 00 00 00 00 00 00 00 00 00 00 00 00  ................ [zeros]
000052B0:  00 00 00 00 00 00 00 00 00 00 00 00 00 00 00 00  ................ [zeros]
000052C0:  00 00 00 00 00 00 00 00 00 00 00 00 00 00 00 00  ................ [zeros]
000052D0:  00 00 00 00 00 00 00 00 00 00 00 00 00 00 00 00  ................ [zeros]
000052E0:  00 00 00 00 00 00 00 00 00 00 00 00 00 00 00 00  ................ [zeros]
000052F0:  00 00 00 00 00 00 00 00 00 00 00 00 00 00 00 00  ................ [zeros]
00005300:  00 00 00 00 00 00 00 00 00 00 00 00 00 00 00 00  ................ [zeros]
00005310:  00 00 00 00 00 00 3B 95 D6 A2 54 95 10 6C 0C 5F  ......;...T..l._
00005320:  A0 2A DA 9F D8 66 C7 A0 76 00 52 A3 95 67 E8 36  .*...f..v.R..g.6
00005330:  45 4F 9A F2 88 41 07 FB 2F E6 B1 55 18 A6 F2 09  EO...A../..U....
00005340:  8C 9A AC D6 1A D8 9C 5A 39 22 05 CB 00 1F 5D EB  .......Z9"....].
00005350:  6E 4D 4E 91 14 E9 C7 A0 76 00 52 A3 95 67 E8 36  nMN.....v.R..g.6
00005360:  45 4F 9A F2 88 41 07 FB 2F E6 B1 55 18 A6 F2 09  EO...A../..U....
00005370:  8C 9A AC D6 1A D8 9C 5A 39 22 05 CB 00 1F 5D EB  .......Z9"....].
00005380:  6E 4D 4E 91 14 E9 C2 3B 18 DC D4 E7 64 55 6F 62  nMN....;....dUob
00005390:  2D 74 BC FC 7D 22 03 5E 68 8F B0 66 50 E0 69 F5  -t..}".^h..fP.i.
000053A0:  24 2A 51 35 D9 9B 11 77 EF 03 E3 CB 69 16 2B 7F  $*Q5...w....i.+.
000053B0:  1D 5B B7 6B 11 75 21 23 21 86 AE 5A BB 9F 46 BD  .[.k.u!#!..Z..F.
000053C0:  F1 66 3E 29 03 D9 6C 25 A0 44 79 9B B5 A9 1D 6E  .f>)..l%.Dy....n
000053D0:  D9 63 B6 55 39 58 71 F7 A4 56 B1 41 A9 CE CB F0  .c.U9Xq..V.A....
000053E0:  7D 6C FA 98 0F 77 F3 C9 FE 59 AE FD 3F E9 A0 85  }l...w...Y..?...
000053F0:  57 39 9A 05 05 2C 6E D7 3B F2 2F 45 BE 9C 1A 4C  W9...,n.;./E...L
00005400:  A1 E1 93 FF EC E2 00 00 00 00 00 00 00 00 00 00  ................
00005410:  00 00 00 00 00 00 82 A2 46 B1 59 BC 06 04 D1 0E  ........F.Y.....
00005420:  AD 2E 35 20 7E 9F 26 C9 4D 99 BE 0E FC E9 80 80  ..5 ~.&.M.......
00005430:  D0 66 D7 33 C2 7A EA 0F 75 9E 71 52 02 F2 39 27  .f.3.z..u.qR..9'
00005440:  FA 17 F7 9E 10 23 DD 55 F1 4D 3B 21 A7 14 1C 8B  .....#.U.M;!....
00005450:  52 83 3E 0D 02 11 71 63 A8 3A 60 FA 64 34 68 F6  R.>...qc.:`.d4h.
00005460:  20 08 D2 5E 35 B1 BC AE FD 75 F3 1F 3B E3 9F E6   ..^5....u..;...
00005470:  44 F3 B3 5A C7 3A 00 00 00 00 00 00 00 00 00 00  D..Z.:..........
00005480:  00 00 00 00 00 00 22 2B DB C5 AD 7E 2B E7 FB 88  ......"+...~+...
00005490:  1E 52 24 90 43 71 24 38 16 B6 C4 8C 4C 88 E6 CB  .R$.Cq$8....L...
000054A0:  BD 74 63 8B B7 5D 00 00 00 00 00 00 00 00 00 00  .tc..]..........
000054B0:  00 00 00 00 00 00 CF 40 D9 5A 3E 5E 06 58 09 E6  .......@.Z>^.X..
000054C0:  67 C9 30 64 95 02 CB 62 BE 3A 14 D8 2B 57 31 74  g.0d...b.:..+W1t
000054D0:  70 B4 FC E7 0F 01 00 00 00 00 00 00 00 00 00 00  p...............
000054E0:  00 00 00 00 00 00 E1 E4 CE FF FC 50 EB AB 6E E4  ...........P..n.
000054F0:  CE FD 49 86 8B 93 00 00 00 00 00 00 00 00 00 00  ..I.............
00005500:  00 00 00 00 00 00 36 1A A3 4D 6F 48 FA 2A B4 56  ......6..MoH.*.V
00005510:  D6 48 AE 0C 25 55 11 7E 88 11 FB 7D 28 0E E7 EF  .H..%U.~...}(...
00005520:  EF A8 10 33 EB 62 00 00 00 00 00 00 00 00 00 00  ...3.b..........
00005530:  00 00 00 00 00 00 BC AE FD 75 F3 1F 3B E3 9F E6  .........u..;...
00005540:  44 F3 B3 5A C7 3A 00 00 00 00 00 00 00 00 00 00  D..Z.:..........
00005550:  00 00 00 00 00 00 22 2B DB C5 AD 7E 2B E7 FB 88  ......"+...~+...
00005560:  1E 52 24 90 43 71 24 38 16 B6 C4 8C 4C 88 E6 CB  .R$.Cq$8....L...
00005570:  BD 74 63 8B B7 5D 00 00 00 00 00 00 00 00 00 00  .tc..]..........
00005580:  00 00 00 00 00 00 CF 40 D9 5A 3E 5E 06 58 09 E6  .......@.Z>^.X..
00005590:  67 C9 30 64 95 02 00 00 00 00 00 00 00 00 00 00  g.0d............
000055A0:  00 00 00 00 00 00 00 00 00 00 00 00 00 00 00 00  ................ [zeros]
000055B0:  00 00 00 00 00 00 00 00 00 00 00 00 00 00 00 00  ................ [zeros]
000055C0:  00 00 00 00 00 00 00 00 00 00 00 00 00 00 00 00  ................ [zeros]
000055D0:  00 00 00 00 00 00 00 00 00 00 00 00 00 00 00 00  ................ [zeros]
000055E0:  00 00 00 00 00 00 BD 66 5B 60 ED 3C BF 83 6B 70  .......f[`.<..kp
000055F0:  4C 5F E9 19 81 F9 5A 47 BA 24 F5 A1 D4 55 DC 65  L_....ZG.$...U.e
00005600:  78 86 C8 D1 EE 3D 63 FC C6 AC F6 A2 B8 98 69 9A  x....=c.......i.
00005610:  40 F8 36 7C 2D 60 5A 47 BA 24 F5 A1 D4 55 DC 65  @.6|-`ZG.$...U.e
00005620:  78 86 C8 D1 EE 3D 07 BE AF 38 78 CD CB EA 87 1B  x....=...8x.....
00005630:  54 B8 1B A1 55 B0 18 F3 86 FC F8 46 C4 4A EC D3  T...U......F.J..
00005640:  11 56 B2 D7 65 A2 0B E2 4B B6 AE BF 4C A5 2C BA  .V..e...K...L.,.
00005650:  E6 5C 7D DE CA 39 AE 18 DC C8 B7 9D 44 72 4B B7  .\}..9......DrK.
00005660:  23 17 55 A7 CE 2C 29 35 23 A1 30 A4 42 08 17 E9  #.U..,)5#.0.B...
00005670:  3D DF 21 29 3C 6A 20 22 DF A3 75 E4 FA A8 48 E7  =.!)<j "..u...H.
00005680:  07 19 2F A2 A6 8C 00 00 00 00 00 00 00 00 00 00  ../.............
00005690:  00 00 00 00 00 00 AE B8 FB 76 D2 D1 A1 21 52 13  .........v...!R.
000056A0:  5C 29 9A 2D 0F 91 4F E9 92 FD CE B3 E2 62 2F 76  \).-..O......b/v
000056B0:  5E FB DC 45 0C FD 31 81 69 83 0E BC 5A 86 8A 5F  ^..E..1.i...Z.._
000056C0:  6C 41 BD 0B 7D 11 1B C6 A1 85 87 EA A3 93 C9 8B  lA..}...........
000056D0:  B2 02 F4 D5 B0 72 2A A2 0A B8 F8 8E 14 7D CB 68  .....r*......}.h
000056E0:  00 22 1B EB 49 CB C2 7D CB 7F CD 54 61 BE E9 34  ."..I..}...Ta..4
000056F0:  5E 28 5C BD F9 38 28 C4 B0 80 AE B7 B4 8E 8A CD  ^(\..8(.........
00005700:  CA DF C0 8E 89 AB 5D 18 D2 30 CF F1 12 BB 14 0B  ......]..0......
00005710:  21 07 E2 98 24 B0 B7 CE 49 F2 F5 29 29 1C FC 14  !...$...I..))...
00005720:  46 FE 07 B6 4F 8E FD CC 05 72 98 2E BC D9 B2 97  F...O....r......
00005730:  60 DB ED B2 A6 E5 00 00 00 00 00 00 00 00 00 00  `...............
00005740:  00 00 00 00 00 00 00 00 00 00 00 00 00 00 00 00  ................ [zeros]
00005750:  00 00 00 00 00 00 00 00 00 00 00 00 00 00 00 00  ................ [zeros]
00005760:  00 00 00 00 00 00 00 00 00 00 00 00 00 00 00 00  ................ [zeros]
00005770:  00 00 00 00 00 00 00 00 00 00 00 00 00 00 00 00  ................ [zeros]
00005780:  00 00 00 00 00 00 59 72 D9 7E 64 F8 64 64 72 60  ......Yr.~d.ddr`
00005790:  14 60 FD B3 21 93 82 82 CF 2F 81 CD DD 8E 90 98  .`..!..../......
000057A0:  EE 16 9A 7D 7C B6 21 7D FE 5E 00 59 1F 04 E8 6C  ...}|.!}.^.Y...l
000057B0:  98 96 21 28 4E 0A 7C 9A 7D 8B 88 88 22 1A AD AB  ..!(N.|.}..."...
000057C0:  70 CF 5D 51 B1 9D FB 2B 9E D9 79 A1 A1 2A 54 29  p.]Q...+..y..*T)
000057D0:  C8 B5 C0 61 52 25 5F D4 C0 50 9B FC 19 66 D8 31  ...aR%_..P...f.1
000057E0:  DA A7 5E A9 62 66 4C 90 4A EF 2A 51 6A 06 36 4F  ..^.bfL.J.*Qj.6O
000057F0:  B9 73 49 F0 9D 4C 57 93 FF 7B 29 45 9A 7A 5B 8D  .sI..LW..{)E.z[.
00005800:  FC 2D 3B FD F6 9E 90 60 1F 9D 65 7D 4C CD 9D A9  .-;....`..e}L...
00005810:  26 05 59 13 38 52 23 06 D2 F1 A5 E4 38 7C 52 9D  &.Y.8R#.....8|R.
00005820:  81 5D E4 E8 33 70 88 1D 35 65 04 42 07 7C BC BE  .]..3p..5e.B.|..
00005830:  63 5D 03 F4 07 CC BA 47 DA EF FC 0F 7D 5C 6B 20  c].....G....}\k 
00005840:  EA F8 C2 0F 04 B7 AD 2B C6 DA 5E B7 E7 FE 9E 1B  .......+..^.....
00005850:  F5 20 DA DC EE A6 F1 91 AE 63 F8 B0 9A 94 AD 62  . .......c.....b
00005860:  3C 62 97 9B 80 B6 10 AF A9 A4 50 04 30 AA 1E 4B  <b........P.0..K
00005870:  0C 4D 68 A3 60 36 B1 C3 3B 84 AA 8C D5 0A 05 30  .Mh.`6..;......0
00005880:  01 70 CD F2 05 D3 36 95 83 21 07 02 46 7D 9D CA  .p....6..!..F}..
00005890:  95 4A A8 42 24 C1 49 26 65 56 8F 40 A2 BC DA A0  .J.B$.I&eV.@....
000058A0:  74 38 AB 4E 65 19 7F 66 56 90 F4 F5 24 0F 9D F1  t8.Ne..fV...$...
000058B0:  AD 68 F6 D5 A3 70 F0 BC D8 78 A2 9C 9D 43 24 DD  .h...p...x...C$.
000058C0:  6D CC 8A 0D 0D 8F DE 3B 97 7E C2 B7 F5 6E 56 46  m......;.~...nVF
000058D0:  F2 18 C4 A3 7F 0D C4 2D C9 38 E1 68 29 69 99 52  .......-.8.h)i.R
000058E0:  EB B1 66 2C 12 09 04 9D 82 BE 7A 8C A9 50 31 35  ..f,......z..P15
000058F0:  BB 92 52 74 10 1F 36 C9 19 5F 8F 41 7B 5C B7 D8  ..Rt..6.._.A{\..
00005900:  8F E4 34 C8 23 A5 D2 1F BF 46 0A B9 75 1B 94 4A  ..4.#....F..u..J
00005910:  FF 61 FA C9 F9 43 DA 65 F7 74 02 12 66 79 F3 FB  .a...C.e.t..fy..
00005920:  D0 C8 2C 9E 78 66 74 F2 4C 5D D0 15 26 8D 0A 3F  ..,.xft.L]..&..?
00005930:  A9 B1 49 FD 80 8A B2 7F 75 52 4D E1 B3 FC 7F 7A  ..I.....uRM....z
00005940:  13 CE F9 52 F4 24 76 B1 44 1E 6A A2 6B C0 60 C5  ...R.$v.D.j.k.`.
00005950:  28 4F D9 74 E4 C5 28 F9 76 65 54 C0 4C 02 76 E0  (O.t..(.veT.L.v.
00005960:  C8 91 94 B2 30 D3 3F 93 4D 10 32 3D 09 36 FA DC  ....0.?.M.2=.6..
00005970:  39 88 DD 0A 0D BC A6 E1 9B 17 02 D9 83 51 5A 37  9............QZ7
00005980:  78 F2 28 B5 EC 78 BF A8 BD A2 AF 08 0E F3 67 7B  x.(..x........g{
00005990:  8A 59 26 9A 08 9F 82 74 55 F7 5E 2F 34 5D 7F 9E  .Y&....tU.^/4]..
000059A0:  B1 19 E5 48 DD AC 7B 96 8B 1C 79 C6 C3 A1 3C 20  ...H..{...y...< 
000059B0:  BE 0D D6 21 E5 BB 2F F9 5D 85 C3 B3 3C 75 FB 99  ...!../.]...<u..
000059C0:  CA C7 92 9C A9 C2 00 00 00 00 00 00 00 00 00 00  ................
000059D0:  00 00 00 00 00 00 00 00 00 00 00 00 00 00 00 00  ................ [zeros]
000059E0:  00 00 00 00 00 00 00 00 00 00 00 00 00 00 00 00  ................ [zeros]
000059F0:  00 00 00 00 00 00 00 00 00 00 00 00 00 00 00 00  ................ [zeros]
00005A00:  00 00 00 00 00 00 00 00 00 00 00 00 00 00 00 00  ................ [zeros]
00005A10:  00 00 00 00 00 00 00 00 00 00 00 00 00 00 00 00  ................ [zeros]
00005A20:  00 00 00 00 00 00 00 00 00 00 00 00 00 00 00 00  ................ [zeros]
00005A30:  00 00 00 00 00 00 F7 1F 04 82 97 DE B3 15 19 49  ...............I
00005A40:  CF 75 BF 64 4D 07 B6 35 68 60 85 4F B6 D9 B5 30  .u.dM..5h`.O...0
00005A50:  84 CA 14 F9 8D FB 57 B3 CE B1 9E 86 AD 83 1A F4  ......W.........
00005A60:  3F F9 1F 06 BD FF 25 7D 4B 75 94 9D 4D D1 D9 7B  ?.....%}Ku..M..{
00005A70:  93 7C B2 4A 0B 14 6C 17 B3 0C 60 DD B4 D1 D4 35  .|.J..l...`....5
00005A80:  B7 9F 46 B4 EC 88 14 75 C0 09 62 49 65 7F 89 53  ..F....u..bIe..S
00005A90:  E5 0C 9C 3C 01 AF C4 3B F6 1C 6B 5E 2E 08 6E E8  ...<...;..k^..n.
00005AA0:  55 08 72 2F 46 F9 64 53 AB E5 E9 93 CB 56 F5 7E  U.r/F.dS.....V.~
00005AB0:  86 53 8E E7 B9 62 D7 3D 96 0F AF AA 56 DC 37 F0  .S...b.=....V.7.
00005AC0:  20 45 48 F0 49 A7 A3 3E C9 A4 88 72 3E 8C 97 B1   EH.I..>...r>...
00005AD0:  8C CB 9C F0 DF A3 A2 1B 23 F2 EB 12 9D 36 9F CD  ........#....6..
00005AE0:  93 90 20 AA 66 8C 8C BA 9E AC 0D 91 F6 D3 A4 E5  .. .f...........
00005AF0:  DE 57 1E 1D 13 80 21 4D 0F AD 07 24 FD A0 D2 9B  .W....!M...$....
00005B00:  F2 08 91 BC 94 33 BE 39 58 CE 03 39 2E 69 D6 70  .....3.9X..9.i.p
00005B10:  07 DA 47 96 51 EE 00 00 00 00 00 00 00 00 00 00  ..G.Q...........
00005B20:  00 00 00 00 00 00 00 00 00 00 00 00 00 00 00 00  ................ [zeros]
00005B30:  00 00 00 00 00 00 00 00 00 00 00 00 00 00 00 00  ................ [zeros]
00005B40:  00 00 00 00 00 00 00 00 00 00 00 00 00 00 00 00  ................ [zeros]
00005B50:  00 00 00 00 00 00 00 00 00 00 00 00 00 00 00 00  ................ [zeros]
00005B60:  00 00 00 00 00 00 00 00 00 00 00 00 00 00 00 00  ................ [zeros]
00005B70:  00 00 00 00 00 00 00 00 00 00 00 00 00 00 00 00  ................ [zeros]
00005B80:  00 00 00 00 00 00 00 00 00 00 00 00 00 00 00 00  ................ [zeros]
00005B90:  00 00 00 00 00 00 00 00 00 00 00 00 00 00 00 00  ................ [zeros]
00005BA0:  00 00 00 00 00 00 00 00 00 00 00 00 00 00 00 00  ................ [zeros]
00005BB0:  00 00 00 00 00 00 00 00 00 00 00 00 00 00 00 00  ................ [zeros]
00005BC0:  00 00 00 00 00 00 00 00 00 00 00 00 00 00 00 00  ................ [zeros]
00005BD0:  00 00 00 00 00 00 00 00 00 00 00 00 00 00 00 00  ................ [zeros]
00005BE0:  00 00 00 00 00 00 00 00 00 00 00 00 00 00 00 00  ................ [zeros]
00005BF0:  00 00 00 00 00 00 69 7C D8 6E 6B 6B FA B6 2F EC  ......i|.nkk../.
00005C00:  39 43 D2 A1 90 FE 00 00 00 00 00 00 00 00 00 00  9C..............
00005C10:  00 00 00 00 00 00 92 9F F6 71 E6 39 94 16 82 C2  .........q.9....
00005C20:  6B 54 01 22 D6 08 06 E3 80 38 BC 3B F1 47 23 CB  kT.".....8.;.G#.
00005C30:  C6 E4 10 5E 71 8E 8A 93 47 DE C0 19 E1 DC 92 70  ...^q...G......p
00005C40:  DD 4C 96 BE FD 9B 0D 68 D7 FD 3B 39 3E D8 FE 0E  .L.....h..;9>...
00005C50:  D7 CD F9 CC 1B 97 00 00 00 00 00 00 00 00 00 00  ................
00005C60:  00 00 00 00 00 00 B0 FB 0D 90 96 5A A2 A8 72 2E  ...........Z..r.
00005C70:  9F 45 FC DC E5 1F 60 63 D4 30 C9 14 F4 E4 45 EB  .E....`c.0....E.
00005C80:  35 C5 5B C6 47 7E 81 90 72 85 A5 04 32 F1 23 5D  5.[.G~..r...2.#]
00005C90:  DC 5E E8 F8 3E EA 46 D0 4C 17 01 E7 5B C5 81 6B  .^..>.F.L...[..k
00005CA0:  28 85 E7 FC 18 E2 FB 0C 3B 3B AF DB 82 99 17 87  (.......;;......
00005CB0:  00 4C 69 81 56 D6 A6 29 76 52 2A 7E A3 36 76 EC  .Li.V..)vR*~.6v.
00005CC0:  63 8D CB FD E8 E3 D5 A6 3E AE 99 0B 62 44 B8 90  c.......>...bD..
00005CD0:  46 E9 CD 75 FB 02 32 48 67 B0 8B 79 8E 88 E0 76  F..u..2Hg..y...v
00005CE0:  0E 07 32 39 52 8A 03 66 D3 95 B2 FB 76 E1 03 74  ..29R..f....v..t
00005CF0:  DD 4F F0 5C B9 2E 0C D2 D4 A3 3D B2 81 F7 2D A4  .O.\......=...-.
00005D00:  A1 42 5C 38 56 CB B7 45 92 D5 3D 11 BA 71 D2 8B  .B\8V..E..=..q..
00005D10:  A2 1A 00 79 32 19 A8 05 A6 4B 8F 72 41 80 DE 1E  ...y2....K.rA...
00005D20:  90 C1 11 97 29 3F DD 75 E6 86 9F F3 D0 78 7B 74  ....)?.u.....x{t
00005D30:  63 EA 36 CC 5E 1A F2 DC 83 FA 9B 5E 61 32 B2 5E  c.6.^......^a2.^
00005D40:  A6 F1 00 DB 08 31 DF 28 D5 D5 6E 82 FC 15 DA 4E  .....1.(..n....N
00005D50:  66 39 24 70 0C A3 F6 F6 A6 80 CC A7 FA AF 8A A0  f9$p............
00005D60:  20 FA 5F 75 31 FB 16 07 0C 20 CE 47 35 94 B1 EF   ._u1.... .G5...
00005D70:  71 29 8F 3A B4 58 E6 AB C2 2B CB 09 F8 1A 01 27  q).:.X...+.....'
00005D80:  46 37 3C 47 EE 40 2F 7D 3B 55 0B A2 06 AB 0A 8E  F7<G.@/};U......
00005D90:  06 4C 66 C1 B2 F1 58 8D 48 4C CD 7B A6 6C 2A 76  .Lf...X.HL.{.l*v
00005DA0:  C8 B6 9A BD 8E A5 E0 55 9C CE 12 EB 7D 9C DD 9C  .......U....}...
00005DB0:  7B 3A CF 93 46 34 EC B8 F9 AF 31 2B 51 FD 11 DC  {:..F4....1+Q...
00005DC0:  A7 27 E5 04 30 0C 06 D0 23 88 69 09 57 16 52 B7  .'..0...#.i.W.R.
00005DD0:  EC 8E E6 F0 D2 5C 94 B2 64 52 3E 73 1F 23 F5 58  .....\..dR>s.#.X
00005DE0:  B3 73 D2 E0 4B BD A1 F4 39 5B 62 66 C3 B5 D3 77  .s..K...9[bf...w
00005DF0:  EA E0 44 B3 C1 BF 4A 4E 9D EA D8 EC 8D F9 FB B7  ..D...JN........
00005E00:  40 AB D8 FF DA BE AB D1 E9 EF E2 E4 09 61 86 E4  @............a..
00005E10:  C1 A8 D5 31 73 C5 B0 AC 33 65 F2 FB 0C 94 37 CA  ...1s...3e....7.
00005E20:  27 2F 73 39 52 AA 12 C0 9F 4E F3 AA FF DA F7 EF  '/s9R....N......
00005E30:  43 19 C8 36 32 0B 00 00 00 00 00 00 00 00 00 00  C..62...........
00005E40:  00 00 00 00 00 00 00 00 00 00 00 00 00 00 00 00  ................ [zeros]
00005E50:  00 00 00 00 00 00 00 00 00 00 00 00 00 00 00 00  ................ [zeros]
00005E60:  00 00 00 00 00 00 00 00 00 00 00 00 00 00 00 00  ................ [zeros]
00005E70:  00 00 00 00 00 00 00 00 00 00 00 00 00 00 00 00  ................ [zeros]
00005E80:  00 00 00 00 00 00 00 00 00 00 00 00 00 00 00 00  ................ [zeros]
00005E90:  00 00 00 00 00 00 00 00 00 00 00 00 00 00 00 00  ................ [zeros]
00005EA0:  00 00 00 00 00 00 00 00 00 00 00 00 00 00 00 00  ................ [zeros]
00005EB0:  00 00 00 00 00 00 00 00 00 00 00 00 00 00 00 00  ................ [zeros]
00005EC0:  00 00 00 00 00 00 00 00 00 00 00 00 00 00 00 00  ................ [zeros]
00005ED0:  00 00 00 00 00 00 00 00 00 00 00 00 00 00 00 00  ................ [zeros]
00005EE0:  00 00 00 00 00 00 00 00 00 00 00 00 00 00 00 00  ................ [zeros]
00005EF0:  00 00 00 00 00 00 00 00 00 00 00 00 00 00 00 00  ................ [zeros]
00005F00:  00 00 00 00 00 00 DC B9 7A 05 C8 46 40 37 4A 37  ........z..F@7J7
00005F10:  8C FC 20 96 1A 97 00 00 00 00 00 00 00 00 00 00  .. .............
00005F20:  00 00 00 00 00 00 85 26 D3 D7 55 38 2C F8 25 4A  .......&..U8,.%J
00005F30:  00 62 FC 68 2A EB 22 D2 54 46 EE 7C 2E 1B 5C 9D  .b.h*.".TF.|..\.
00005F40:  A6 85 EF 88 F6 EE F8 7B 37 50 60 C6 29 69 0F 4C  .......{7P`.)i.L
00005F50:  FC A7 52 3E 0C 38 6C A8 C1 E0 48 48 02 98 ED 82  ..R>.8l...HH....
00005F60:  AE D1 09 DC 76 00 00 00 00 00 00 00 00 00 00 00  ....v...........
00005F70:  00 00 00 00 00 00 79 96 1D FA 6D 71 04 1E 88 9E  ......y...mq....
00005F80:  C7 63 DA 2D 45 D5 DE 1C 05 66 AD A3 C2 F1 89 39  .c.-E....f.....9
00005F90:  53 09 79 FC 1E 2B 3D 71 D8 07 A2 DE 5F EF 51 33  S.y..+=q...._.Q3
00005FA0:  01 EC BD 3B 6A AE 3C 89 9D 2A D3 D4 87 34 D8 75  ...;j.<..*...4.u
00005FB0:  42 F7 16 9F 7E 7D CF B8 51 E6 56 04 FF 2A AA BD  B...~}..Q.V..*..
00005FC0:  AD C0 54 5D 5F 32 5C CA 35 F1 E5 E4 D8 EA A7 40  ..T]_2\.5......@
00005FD0:  06 C6 BA 67 6C 8A A0 28 83 F6 33 F0 2E 33 78 BF  ...gl..(..3..3x.
00005FE0:  64 7D BE DE 51 C4 54 6B 12 D7 A8 0D 04 A3 C8 D5  d}..Q.Tk........
00005FF0:  CF 75 0C AA 63 C5 7D DB 30 80 94 9C 48 1C 5A 9E  .u..c.}.0...H.Z.
00006000:  CE 29 72 5B 56 85 6F 28 04 B8 F9 63 C6 DF 3E F0  .)r[V.o(...c..>.
00006010:  E9 0A 10 C6 B4 6A 8D 41 2C 46 F2 3A 7C 3D 18 7A  .....j.A,F.:|=.z
00006020:  CF 2C 62 57 E5 6D B7 40 02 CC 13 5C 19 7B EB 6D  .,bW.m.@...\.{.m
00006030:  36 CF 47 62 80 1E 46 5A 94 C7 CC F3 55 A0 12 F2  6.Gb..FZ....U...
00006040:  AC 99 7A CB DE 05 8B B8 27 CB 7C 17 C3 1E 82 1C  ..z.....'.|.....
00006050:  F5 4B 0D F9 5D 11 2D 86 05 17 F4 48 8B D4 1A AE  .K..].-....H....
00006060:  A5 09 9E 8D 97 F4 54 F9 E8 EA 2C D4 33 54 EC C4  ......T...,.3T..
00006070:  91 76 A7 B7 03 E3 52 62 B4 AB ED AD 7A 7A E8 C3  .v....Rb....zz..
00006080:  64 B9 BF 88 9E 3C F2 E6 72 BD 15 E9 9A A5 B4 71  d....<..r......q
00006090:  84 E5 20 AE DA E3 C0 C6 2C D7 94 7A B1 DD F8 E2  .. .....,..z....
000060A0:  38 F1 F5 A2 4A 21 3B E8 4B 58 5A 7C 05 63 82 49  8...J!;.KXZ|.c.I
000060B0:  F1 48 F2 A4 75 38 52 7D A4 8C 54 CE B8 EC E5 78  .H..u8R}..T....x
000060C0:  2A 7F D8 20 23 E4 61 0A 88 C9 BF BF 6C 68 88 AF  *.. #.a.....lh..
000060D0:  15 C5 2C E5 F3 50 18 B5 91 A9 CA 05 6D 7F 03 5E  ..,..P......m..^
000060E0:  06 4B BC DE E7 A7 82 EF AE 70 2C EA DD 1C 27 14  .K.......p,...'.
000060F0:  15 7D E8 BD B0 09 F1 BE 6A EA 8E 5A 56 5A D2 F7  .}......j..ZVZ..
00006100:  1D BA 82 4E EF C6 B6 E4 DB 96 75 66 D0 2A DC 5D  ...N......uf.*.]
00006110:  B0 B0 19 22 D7 C2 31 F8 A2 F8 7A A7 5F 37 91 27  ..."..1...z._7.'
00006120:  42 C3 E6 4F 31 C2 00 00 00 00 00 00 00 00 00 00  B..O1...........
00006130:  00 00 00 00 00 00 00 00 00 00 00 00 00 00 00 00  ................ [zeros]
00006140:  00 00 00 00 00 00 00 00 00 00 00 00 00 00 00 00  ................ [zeros]
00006150:  00 00 00 00 00 00 00 00 00 00 00 00 00 00 00 00  ................ [zeros]
00006160:  00 00 00 00 00 00 00 00 00 00 00 00 00 00 00 00  ................ [zeros]
00006170:  00 00 00 00 00 00 33 18 98 12 07 54 D6 A4 40 CB  ......3....T..@.
00006180:  5A 4D B6 B3 D7 79 C6 AD 34 10 8A 3F F4 56 4B 33  ZM...y..4..?.VK3
00006190:  86 55 B0 15 8A 00 DC A6 15 D0 35 11 84 4C 2E 2D  .U........5..L.-
000061A0:  93 54 81 B9 66 24 44 A4 F2 3D 55 75 4C 88 85 2C  .T..f$D..=UuL..,
000061B0:  85 A0 A8 C5 4D 6A 00 00 00 00 00 00 00 00 00 00  ....Mj..........
000061C0:  00 00 00 00 00 00 00 00 00 00 00 00 00 00 00 00  ................ [zeros]
000061D0:  00 00 00 00 00 00 00 00 00 00 00 00 00 00 00 00  ................ [zeros]
000061E0:  00 00 00 00 00 00 00 00 00 00 00 00 00 00 00 00  ................ [zeros]
000061F0:  00 00 00 00 00 00 00 00 00 00 00 00 00 00 00 00  ................ [zeros]
00006200:  00 00 00 00 00 00 00 00 00 00 00 00 00 00 00 00  ................ [zeros]
00006210:  00 00 00 00 00 00 00 00 00 00 00 00 00 00 00 00  ................ [zeros]
00006220:  00 00 00 00 00 00 00 00 00 00 00 00 00 00 00 00  ................ [zeros]
00006230:  00 00 00 00 00 00 00 00 00 00 00 00 00 00 00 00  ................ [zeros]
00006240:  00 00 00 00 00 00 00 00 00 00 00 00 00 00 00 00  ................ [zeros]
00006250:  00 00 00 00 00 00 00 00 00 00 00 00 00 00 00 00  ................ [zeros]
00006260:  00 00 00 00 00 00 45 9E 95 C6 8F FD 6C 1B FB 4C  ......E.....l..L
00006270:  99 82 E1 29 D3 2E F6 20 81 FB B8 C7 DA C0 3C 01  ...)... ......<.
00006280:  2B 65 DD 45 AE 3D 6D DB 1E 10 24 96 C8 45 C7 83  +e.E.=m...$..E..
00006290:  75 50 3E EE B7 BF 23 55 81 DC BB 7C FE 9A 01 F2  uP>...#U...|....
000062A0:  7C CA FB C1 BD 93 AC 0E 23 D6 D3 C4 C8 EE 0E 04  |.......#.......
000062B0:  AE 74 B9 DD 91 2A 00 00 00 00 00 00 00 00 00 00  .t...*..........
000062C0:  00 00 00 00 00 00 00 00 00 00 00 00 00 00 00 00  ................ [zeros]
000062D0:  00 00 00 00 00 00 00 00 00 00 00 00 00 00 00 00  ................ [zeros]
000062E0:  00 00 00 00 00 00 00 00 00 00 00 00 00 00 00 00  ................ [zeros]
000062F0:  00 00 00 00 00 00 00 00 00 00 00 00 00 00 00 00  ................ [zeros]
00006300:  00 00 00 00 00 00 2E D1 33 B9 4A BC 69 94 B7 D8  ........3.J.i...
00006310:  6B E1 F7 71 77 D3 8E ED 40 B8 FD 79 39 04 BF F0  k..qw...@..y9...
00006320:  79 26 C9 0A 22 05 00 00 00 00 00 00 00 00 00 00  y&.."...........
00006330:  00 00 00 00 00 00 00 00 00 00 00 00 00 00 00 00  ................ [zeros]
00006340:  00 00 00 00 00 00 00 00 00 00 00 00 00 00 00 00  ................ [zeros]
00006350:  00 00 00 00 00 00 00 00 00 00 00 00 00 00 00 00  ................ [zeros]
00006360:  00 00 00 00 00 00 00 00 00 00 00 00 00 00 00 00  ................ [zeros]
00006370:  00 00 00 00 00 00 00 00 00 00 00 00 00 00 00 00  ................ [zeros]
00006380:  00 00 00 00 00 00 00 00 00 00 00 00 00 00 00 00  ................ [zeros]
00006390:  00 00 00 00 00 00 00 00 00 00 00 00 00 00 00 00  ................ [zeros]
000063A0:  00 00 00 00 00 00 00 00 00 00 00 00 00 00 00 00  ................ [zeros]
000063B0:  00 00 00 00 00 00 00 00 00 00 00 00 00 00 00 00  ................ [zeros]
000063C0:  00 00 00 00 00 00 00 00 00 00 00 00 00 00 00 00  ................ [zeros]
000063D0:  00 00 00 00 00 00 50 52 52 7A 45 BB 0D 7C FE 5F  ......PRRzE..|._
000063E0:  68 3E 39 C8 35 7E 96 30 F4 10 13 51 01 94 80 D0  h>9.5~.0...Q....
000063F0:  DA D8 A9 83 BB C1 1D 2D D0 87 31 67 BE E5 CA C2  .......-..1g....
00006400:  17 DB B5 23 47 C5 AB D1 E9 EF E2 E4 09 61 86 E4  ...#G........a..
00006410:  C1 A8 D5 31 73 C5 00 00 00 00 00 00 00 00 00 00  ...1s...........
00006420:  00 00 00 00 00 00 00 00 00 00 00 00 00 00 00 00  ................ [zeros]
00006430:  00 00 00 00 00 00 00 00 00 00 00 00 00 00 00 00  ................ [zeros]
00006440:  00 00 00 00 00 00 00 00 00 00 00 00 00 00 00 00  ................ [zeros]
00006450:  00 00 00 00 00 00 00 00 00 00 00 00 00 00 00 00  ................ [zeros]
00006460:  00 00 00 00 00 00 A0 C9 5C 3C 10 7F CD 4C 32 1F  ........\<...L2.
00006470:  2E B3 63 B3 93 34 A9 58 09 99 FE D6 27 55 C8 28  ..c..4.X....'U.(
00006480:  35 97 9C E8 0A A6 00 00 00 00 00 00 00 00 00 00  5...............
00006490:  00 00 00 00 00 00 00 00 00 00 00 00 00 00 00 00  ................ [zeros]
000064A0:  00 00 00 00 00 00 00 00 00 00 00 00 00 00 00 00  ................ [zeros]
000064B0:  00 00 00 00 00 00 00 00 00 00 00 00 00 00 00 00  ................ [zeros]
000064C0:  00 00 00 00 00 00 00 00 00 00 00 00 00 00 00 00  ................ [zeros]
000064D0:  00 00 00 00 00 00 00 00 00 00 00 00 00 00 00 00  ................ [zeros]
000064E0:  00 00 00 00 00 00 00 00 00 00 00 00 00 00 00 00  ................ [zeros]
000064F0:  00 00 00 00 00 00 00 00 00 00 00 00 00 00 00 00  ................ [zeros]
00006500:  00 00 00 00 00 00 00 00 00 00 00 00 00 00 00 00  ................ [zeros]
00006510:  00 00 00 00 00 00 00 00 00 00 00 00 00 00 00 00  ................ [zeros]
00006520:  00 00 00 00 00 00 00 00 00 00 00 00 00 00 00 00  ................ [zeros]
00006530:  00 00 00 00 00 00 00 00 00 00 00 00 00 00 00 00  ................ [zeros]
00006540:  00 00 00 00 00 00 56 A9 A0 21 41 E1 40 D4 13 E2  ......V..!A.@...
00006550:  77 92 A3 38 A9 2A B8 7E 2E FD 92 38 D0 36 23 41  w..8.*.~...8.6#A
00006560:  FE AF 34 7F D2 81 01 9F D1 A1 17 E3 76 04 23 CB  ..4.........v.#.
00006570:  1A CD DA E0 03 54 0E AF E5 E7 72 F9 D1 31 6C 0C  .....T....r..1l.
00006580:  E9 9B 88 6C 4C C6 E4 EF 56 56 33 25 AF 99 23 F6  ...lL...VV3%..#.
00006590:  A2 12 3C 44 F4 5F 79 08 C7 FE 8B 2B 46 66 F8 01  ..<D._y....+Ff..
000065A0:  9F AB 74 40 2A 78 E3 25 A7 40 96 99 9B E0 D7 BA  ..t@*x.%.@......
000065B0:  A9 30 1F 4E 3A CD 72 98 27 1F 57 B4 17 A4 87 C9  .0.N:.r.'.W.....
000065C0:  C9 70 CA 94 D5 F1 3D 3F 1D DE CD 01 D4 66 99 71  .p....=?.....f.q
000065D0:  89 E0 2D 05 71 27 38 31 44 F3 02 D5 53 8F 25 61  ..-.q'81D...S.%a
000065E0:  ED E5 7A F5 ED A0 95 27 EA 29 B9 8A 44 A9 11 6E  ..z....'.)..D..n
000065F0:  45 87 D1 C0 08 38 6D DB 1E 10 24 96 C8 45 C7 83  E....8m...$..E..
00006600:  75 50 3E EE B7 BF 6B AC 4C BC CB 33 08 F0 AF 4E  uP>...k.L..3...N
00006610:  87 9C B3 38 44 C9 88 83 3F CA 94 B6 B0 72 8A 9D  ...8D...?....r..
00006620:  B9 3A 26 75 B8 33 CB CA 63 EE FB E2 B3 DE CC 44  .:&u.3..c......D
00006630:  90 69 F7 9D 89 50 83 C9 D2 4C 12 E3 F6 C3 53 7E  .i...P...L....S~
00006640:  70 A4 D3 33 8F 5A 3D 9E 7B FA 09 13 4F 75 6F D7  p..3.Z=.{...Ouo.
00006650:  B3 8C 6B A5 A9 FB AA 11 FB 79 59 90 F7 78 36 FC  ..k......yY..x6.
00006660:  F0 00 5B 41 01 CD 2C C0 0C D9 1E CB B1 A9 B3 E3  ..[A..,.........
00006670:  9E 2C 7C C7 8B E2 73 F3 BE C3 26 57 92 07 E2 93  .,|...s...&W....
00006680:  12 93 11 B3 D7 5F 00 00 00 00 00 00 00 00 00 00  ....._..........
00006690:  00 00 00 00 00 00 F8 1B A5 02 56 A1 F2 32 8B F7  ..........V..2..
000066A0:  D9 BB 55 A9 D9 72 62 17 05 39 58 2D 23 B2 C4 D4  ..U..rb..9X-#...
000066B0:  1E F5 5B 53 2A 94 C9 2D 02 0B A6 CD E1 94 A0 76  ..[S*..-.......v
000066C0:  77 F6 EC 09 5F 48 00 00 00 00 00 00 00 00 00 00  w..._H..........
000066D0:  00 00 00 00 00 00 74 D1 1F 2F 9D 9F 0B 53 FA 46  ......t../...S.F
000066E0:  C5 5F D4 20 2D 6C F1 52 DA 05 75 47 44 FC DE DF  ._. -l.R..uGD...
000066F0:  89 06 0F 8E 4D 6D 50 80 F8 FA BA 3A 2C 4C E3 DF  ....MmP....:,L..
00006700:  C2 A1 BF 71 88 89 00 00 00 00 00 00 00 00 00 00  ...q............
00006710:  00 00 00 00 00 00 59 20 43 71 A4 B4 71 0B C6 34  ......Y Cq..q..4
00006720:  77 D0 1E 37 C2 E7 B0 1B 40 9C 0E 23 1C 31 81 7E  w..7....@..#.1.~
00006730:  C0 5E 47 66 17 C9 00 00 00 00 00 00 00 00 00 00  .^Gf............
00006740:  00 00 00 00 00 00 C8 2D A3 6E 50 15 71 A6 67 2E  .......-.nP.q.g.
00006750:  2C 82 D9 E3 24 FF BE 47 F9 20 D8 AC 86 4A 4A BB  ,...$..G. ...JJ.
00006760:  09 39 D4 EB B7 E8 98 4E 85 1E 48 56 93 81 76 A1  .9.....N..HV..v.
00006770:  A1 18 F2 D0 B9 AA 00 00 00 00 00 00 00 00 00 00  ................
00006780:  00 00 00 00 00 00 F8 1B A5 02 56 A1 F2 32 8B F7  ..........V..2..
00006790:  D9 BB 55 A9 D9 72 62 17 05 39 58 2D 23 B2 C4 D4  ..U..rb..9X-#...
000067A0:  1E F5 5B 53 2A 94 AD FA DB 8E 89 02 FC BB 7C 15  ..[S*.........|.
000067B0:  E8 52 EE B9 BC 3E 00 00 00 00 00 00 00 00 00 00  .R...>..........
000067C0:  00 00 00 00 00 00 00 00 00 00 00 00 00 00 00 00  ................ [zeros]
000067D0:  00 00 00 00 00 00 00 00 00 00 00 00 00 00 00 00  ................ [zeros]
000067E0:  00 00 00 00 00 00 00 00 00 00 00 00 00 00 00 00  ................ [zeros]
000067F0:  00 00 00 00 00 00 00 00 00 00 00 00 00 00 00 00  ................ [zeros]
00006800:  00 00 00 00 00 00 00 00 00 00 00 00 00 00 00 00  ................ [zeros]
00006810:  00 00 00 00 00 00 00 00 00 00 00 00 00 00 00 00  ................ [zeros]
00006820:  00 00 00 00 00 00 00 00 00 00 00 00 00 00 00 00  ................ [zeros]
00006830:  00 00 00 00 00 00 00 00 00 00 00 00 00 00 00 00  ................ [zeros]
00006840:  00 00 00 00 00 00 00 00 00 00 00 00 00 00 00 00  ................ [zeros]
00006850:  00 00 00 00 00 00 00 00 00 00 00 00 00 00 00 00  ................ [zeros]
00006860:  00 00 00 00 00 00 00 00 00 00 00 00 00 00 00 00  ................ [zeros]
00006870:  00 00 00 00 00 00 00 00 00 00 00 00 00 00 00 00  ................ [zeros]
00006880:  00 00 00 00 00 00 D8 46 0C FA 83 5A EC 25 3D DD  .......F...Z.%=.
00006890:  35 89 99 88 7E 10 29 02 44 05 B0 14 42 EC F7 97  5...~.).D...B...
000068A0:  C5 3F 93 01 3A 2B 8F B8 04 C4 24 89 F5 61 44 64  .?..:+....$..aDd
000068B0:  A5 A7 CE E5 D4 7B 00 00 00 00 00 00 00 00 00 00  .....{..........
000068C0:  00 00 00 00 00 00 54 E8 D9 6C A3 82 E4 85 86 90  ......T..l......
000068D0:  98 CD C1 A2 50 3B 00 00 00 00 00 00 00 00 00 00  ....P;..........
000068E0:  00 00 00 00 00 00 63 44 53 58 F0 08 61 E9 71 F8  ......cDSX..a.q.
000068F0:  6D 35 40 9B 35 BB 40 DC C0 8B 1A 9B C1 5C B6 E5  m5@.5.@......\..
00006900:  55 A4 06 5F 12 6B D8 46 0C FA 83 5A EC 25 3D DD  U.._.k.F...Z.%=.
00006910:  35 89 99 88 7E 10 17 2F B6 CA A9 8A F7 F2 85 6D  5...~../.......m
00006920:  26 6C 5A A6 86 7A B0 A0 6F 2A B8 0D 04 0C BB 01  &lZ..z..o*......
00006930:  D4 5C D7 A3 EB 45 E5 32 4D 98 3C 7B CD 12 9F 70  .\...E.2M.<{...p
00006940:  F5 54 8F 0A FB B1 5D EC EE C7 84 09 C7 53 28 C3  .T....]......S(.
00006950:  7E CA F2 4E 4E 88 F1 2A 07 2E 85 C0 91 31 E8 00  ~..NN..*.....1..
00006960:  1E 56 0F 4A 50 01 BB B8 A5 A8 D9 45 4F 43 BF 91  .V.JP......EOC..
00006970:  EB F8 8B 88 A0 B3 8F D6 C0 B6 9E 95 51 90 BD 9D  ............Q...
00006980:  D3 23 31 CE FB 2D C2 F1 30 65 54 B1 93 28 88 99  .#1..-..0eT..(..
00006990:  1B 2C 69 DC 46 18 55 2C 07 A3 1F 93 5A 0A 7D 5F  .,i.F.U,....Z.}_
000069A0:  29 5F 66 1D D5 62 17 24 8A A3 49 35 DE B9 94 BD  )_f..b.$..I5....
000069B0:  AD 65 D6 6D 99 F4 66 CD 71 99 CD 07 A7 BF 5B C7  .e.m..f.q.....[.
000069C0:  42 E0 96 D6 6F EA 4D 46 B9 42 D5 3C 0E 25 60 75  B...o.MF.B.<.%`u
000069D0:  FF 21 FF A5 39 8D 8B 88 26 8F B7 17 85 32 72 96  .!..9...&....2r.
000069E0:  E4 F4 28 72 93 CD 7E EE 28 FD E9 82 55 D8 30 61  ..(r..~.(...U.0a
000069F0:  35 5E 8F E1 48 6C 89 F0 51 27 A2 C5 42 5E 9E F5  5^..Hl..Q'..B^..
00006A00:  C1 AD 12 C5 C5 8E 00 00 00 00 00 00 00 00 00 00  ................
00006A10:  00 00 00 00 00 00 00 00 00 00 00 00 00 00 00 00  ................ [zeros]
00006A20:  00 00 00 00 00 00 50 80 F8 FA BA 3A 2C 4C E3 DF  ......P....:,L..
00006A30:  C2 A1 BF 71 88 89 00 00 00 00 00 00 00 00 00 00  ...q............
00006A40:  00 00 00 00 00 00 00 00 00 00 00 00 00 00 00 00  ................ [zeros]
00006A50:  00 00 00 00 00 00 00 00 00 00 00 00 00 00 00 00  ................ [zeros]
00006A60:  00 00 00 00 00 00 EF C3 9B ED D3 C9 EC 3A DE 62  .............:.b
00006A70:  C1 27 BF 9F 02 DE 00 00 00 00 00 00 00 00 00 00  .'..............
00006A80:  00 00 00 00 00 00 00 00 00 00 00 00 00 00 00 00  ................ [zeros]
00006A90:  00 00 00 00 00 00 E8 60 D5 3A C1 F3 E3 34 F4 03  .......`.:...4..
00006AA0:  75 47 14 BF 91 20 00 00 00 00 00 00 00 00 00 00  uG... ..........
00006AB0:  00 00 00 00 00 00 00 00 00 00 00 00 00 00 00 00  ................ [zeros]
00006AC0:  00 00 00 00 00 00 4C 24 75 7F 0C E6 F3 A5 B4 B6  ......L$u.......
00006AD0:  71 66 9D 55 3E A8 00 00 00 00 00 00 00 00 00 00  qf.U>...........
00006AE0:  00 00 00 00 00 00 00 00 00 00 00 00 00 00 00 00  ................ [zeros]
00006AF0:  00 00 00 00 00 00 00 00 00 00 00 00 00 00 00 00  ................ [zeros]
00006B00:  00 00 00 00 00 00 19 E1 70 20 A3 9E 19 A7 24 FF  ........p ....$.
00006B10:  D7 DE A1 A8 1D A6 00 00 00 00 00 00 00 00 00 00  ................
00006B20:  00 00 00 00 00 00 00 00 00 00 00 00 00 00 00 00  ................ [zeros]
00006B30:  00 00 00 00 00 00 C2 03 FA 29 89 07 64 87 B4 F1  .........)..d...
00006B40:  91 27 B6 36 A6 C1 00 00 00 00 00 00 00 00 00 00  .'.6............
00006B50:  00 00 00 00 00 00 00 00 00 00 00 00 00 00 00 00  ................ [zeros]
00006B60:  00 00 00 00 00 00 E1 A6 F1 27 25 9A 41 5A F0 72  .........'%.AZ.r
00006B70:  2F EA 89 E5 4A E6 42 DE 45 9F 9F 0D 54 C6 77 E1  /...J.B.E...T.w.
00006B80:  3A E9 06 CE DE 8F E4 84 7C 6A 8A DE 2C 8E C6 55  :.......|j..,..U
00006B90:  06 C0 0B 45 63 79 AB 03 DB B9 3B 90 A0 20 BB F8  ...Ecy....;.. ..
00006BA0:  1E 63 F5 F8 51 4A 36 95 83 21 07 02 46 7D 9D CA  .c..QJ6..!..F}..
00006BB0:  95 4A A8 42 24 C1 25 68 EF A2 AE 8E 3D 64 39 78  .J.B$.%h....=d9x
00006BC0:  A4 D2 56 F9 EE 3D 5B 52 FC 91 A4 93 15 E9 05 B6  ..V..=[R........
00006BD0:  B2 9A 7E 55 54 3D 20 12 A3 56 D9 22 96 F6 56 71  ..~UT= ..V."..Vq
00006BE0:  11 4C A7 B6 2D 68 D0 6A D0 EC 9D DF C5 CB F2 16  .L..-h.j........
00006BF0:  7F 01 3D D2 49 B8 BD D5 B0 3B 74 36 04 92 30 F7  ..=.I....;t6..0.
00006C00:  D9 95 9B 0A D5 8B 7E 66 55 63 14 EE AE BF 93 1B  ......~fUc......
00006C10:  1D 68 57 A2 D6 A4 17 B3 97 33 F9 F8 5E F2 44 7C  .hW......3..^.D|
00006C20:  0D 69 7D 21 A5 3D EE 53 30 06 1C D0 31 88 03 1A  .i}!.=.S0...1...
00006C30:  3B 21 36 7E 0C 3B BD 49 C1 F2 74 40 8B 2E 2A 93  ;!6~.;.I..t@..*.
00006C40:  48 52 A1 11 CB 0A 44 7F 6E 2C F9 5F B7 4D 8B 0C  HR....D.n,._.M..
00006C50:  C5 D4 F4 FD 97 1C E9 A3 9E F9 CC 64 BC A7 E9 CF  ...........d....
00006C60:  63 2E CC 72 5E 10 79 BC A7 34 40 56 1C 44 46 F3  c..r^.y..4@V.DF.
00006C70:  99 0B D0 67 9E 2B DE D0 65 E7 1B DD BC DD 52 68  ...g.+..e.....Rh
00006C80:  A4 35 04 C4 00 1D DE D0 65 E7 1B DD BC DD 52 68  .5......e.....Rh
00006C90:  A4 35 04 C4 00 1D DE D0 65 E7 1B DD BC DD 52 68  .5......e.....Rh
00006CA0:  A4 35 04 C4 00 1D 7A 9E 6B A4 45 20 8B B3 BB 6C  .5....z.k.E ...l
00006CB0:  DF 87 56 0B 37 70 6F D5 B3 9F 45 2B 5F B2 BF D9  ..V.7po...E+_...
00006CC0:  5E 4A 30 1E 22 72 6F D5 B3 9F 45 2B 5F B2 BF D9  ^J0."ro...E+_...
00006CD0:  5E 4A 30 1E 22 72 6F D5 B3 9F 45 2B 5F B2 BF D9  ^J0."ro...E+_...
00006CE0:  5E 4A 30 1E 22 72 07 7A 08 E8 58 CC 45 FA 1A 39  ^J0."r.z..X.E..9
00006CF0:  49 A5 B4 54 15 95 A0 CE 27 6E 6E CA BF 6F 7E 89  I..T....'nn..o~.
00006D00:  4B EC 2F EC 7B 1F DD 84 23 D5 64 65 89 E4 D4 FD  K./.{...#.de....
00006D10:  4B D4 F9 65 FF 4B 64 AA 34 14 BF 3B 5E 6F 8D B3  K..e.Kd.4..;^o..
00006D20:  49 D3 2A 2C 6F FF 4F A7 22 73 DA AD 1F F4 AC 3E  I.*,o.O."s.....>
00006D30:  68 E4 C3 8D 58 5B 6D 6F B0 EF 68 B5 F0 EC A1 48  h...X[mo..h....H
00006D40:  21 BC FB 24 A3 E9 53 2D A9 BC 9E DB 19 B3 2D B5  !..$..S-......-.
00006D50:  1C 74 CE F0 52 F9 53 2D A9 BC 9E DB 19 B3 2D B5  .t..R.S-......-.
00006D60:  1C 74 CE F0 52 F9 53 2D A9 BC 9E DB 19 B3 2D B5  .t..R.S-......-.
00006D70:  1C 74 CE F0 52 F9 15 3A A8 9F 52 C4 C9 EE 37 26  .t..R..:..R...7&
00006D80:  0E 5D 41 8E 39 BD DC B5 B6 B8 3F 3B 23 47 03 8E  .]A.9.....?;#G..
00006D90:  E0 BA E2 5E 53 76 B6 7B 75 1C B6 07 AA 46 C7 73  ...^Sv.{u....F.s
00006DA0:  7C AC 08 81 F3 CA 6C 5B A3 E5 4F C3 16 EE 7D 80  |.....l[..O...}.
00006DB0:  25 22 33 50 C7 47 68 28 2C 0B 02 D9 B4 D9 66 BB  %"3P.Gh(,.....f.
00006DC0:  9C 68 20 31 6B 63 BB 3C 3A C2 85 E3 86 F5 32 9E  .h 1kc.<:.....2.
00006DD0:  8F DE B3 3C 7B FE 3F B3 1A CD 26 4A 92 0D 90 31  ...<{.?...&J...1
00006DE0:  EE EA CE 8D DA 30 F9 03 33 E3 5C 3F B1 90 97 7C  .....0..3.\?...|
00006DF0:  10 A4 40 38 E4 C7 D4 E4 9D 94 A0 F1 4D E4 EA D6  ..@8........M...
00006E00:  81 8A 94 A9 70 E8 0D 5F 15 E0 9C 1A 7A 7F 82 3A  ....p.._....z..:
00006E10:  BE 98 7A 3C 0D 91 DC B5 B6 B8 3F 3B 23 47 03 8E  ..z<......?;#G..
00006E20:  E0 BA E2 5E 53 76 B6 7B 75 1C B6 07 AA 46 C7 73  ...^Sv.{u....F.s
00006E30:  7C AC 08 81 F3 CA 6C 5B A3 E5 4F C3 16 EE 7D 80  |.....l[..O...}.
00006E40:  25 22 33 50 C7 47 68 28 2C 0B 02 D9 B4 D9 66 BB  %"3P.Gh(,.....f.
00006E50:  9C 68 20 31 6B 63 BB 3C 3A C2 85 E3 86 F5 32 9E  .h 1kc.<:.....2.
00006E60:  8F DE B3 3C 7B FE 3F B3 1A CD 26 4A 92 0D 90 31  ...<{.?...&J...1
00006E70:  EE EA CE 8D DA 30 31 4E 16 A7 1A ED 42 C5 0F C7  .....01N....B...
00006E80:  7E 85 30 23 FD 19 B0 EC 26 BA B5 CB B1 9B 10 4A  ~.0#....&......J
00006E90:  C4 BC 3B A8 0E E2 58 2E 3A 38 6C FB 6B 16 AF D6  ..;...X.:8l.k...
00006EA0:  57 95 61 D0 7C C9 19 E1 70 20 A3 9E 19 A7 24 FF  W.a.|...p ....$.
00006EB0:  D7 DE A1 A8 1D A6 7F 15 5B 18 A1 07 4B 56 1C 81  ........[...KV..
00006EC0:  7C 52 B6 FC 81 26 00 00 00 00 00 00 00 00 00 00  |R...&..........
00006ED0:  00 00 00 00 00 00 00 00 00 00 00 00 00 00 00 00  ................ [zeros]
00006EE0:  00 00 00 00 00 00 00 00 00 00 00 00 00 00 00 00  ................ [zeros]
00006EF0:  00 00 00 00 00 00 00 00 00 00 00 00 00 00 00 00  ................ [zeros]
00006F00:  00 00 00 00 00 00 DC 41 E8 CD 88 1D 61 26 7E F7  .......A....a&~.
00006F10:  0F 24 84 87 04 6E 95 BD 94 15 5B DC 0D BF 39 23  .$...n....[...9#
00006F20:  A4 D0 1E C1 A7 FC 6B F8 6D 8B 65 78 3F F3 C7 B2  ......k.m.ex?...
00006F30:  B2 3C A8 13 7C C4 0E C6 37 B3 F2 7A 80 36 3A 25  .<..|...7..z.6:%
00006F40:  6D A3 39 A5 14 44 29 45 C1 F9 CA 1A 07 9C 6F DB  m.9..D)E......o.
00006F50:  BD 68 BF 2A 7D AB 00 00 00 00 00 00 00 00 00 00  .h.*}...........
00006F60:  00 00 00 00 00 00 00 00 00 00 00 00 00 00 00 00  ................ [zeros]
00006F70:  00 00 00 00 00 00 00 00 00 00 00 00 00 00 00 00  ................ [zeros]
00006F80:  00 00 00 00 00 00 00 00 00 00 00 00 00 00 00 00  ................ [zeros]
00006F90:  00 00 00 00 00 00 00 00 00 00 00 00 00 00 00 00  ................ [zeros]
00006FA0:  00 00 00 00 00 00 00 00 00 00 00 00 00 00 00 00  ................ [zeros]
00006FB0:  00 00 00 00 00 00 00 00 00 00 00 00 00 00 00 00  ................ [zeros]
00006FC0:  00 00 00 00 00 00 00 00 00 00 00 00 00 00 00 00  ................ [zeros]
00006FD0:  00 00 00 00 00 00 00 00 00 00 00 00 00 00 00 00  ................ [zeros]
00006FE0:  00 00 00 00 00 00 00 00 00 00 00 00 00 00 00 00  ................ [zeros]
00006FF0:  00 00 00 00 00 00 00 00 00 00 00 00 00 00 00 00  ................ [zeros]
00007000:  00 00 00 00 00 00 50 61 72 F2 82 89 BF 96 FD 79  ......Par......y
00007010:  14 03 43 A4 38 7B 07 65 61 EA 2E C5 E0 97 02 36  ..C.8{.ea......6
00007020:  5D 9E 7A 0D 72 5E A0 14 67 C0 77 23 D8 E9 C7 EE  ].z.r^..g.w#....
00007030:  6C 59 1E CA F2 4F 8C 0B 1D 0D E2 1F 00 FB 1C 68  lY...O.........h
00007040:  AB E1 63 37 01 77 00 00 00 00 00 00 00 00 00 00  ..c7.w..........
00007050:  00 00 00 00 00 00 00 00 00 00 00 00 00 00 00 00  ................ [zeros]
00007060:  00 00 00 00 00 00 00 00 00 00 00 00 00 00 00 00  ................ [zeros]
00007070:  00 00 00 00 00 00 00 00 00 00 00 00 00 00 00 00  ................ [zeros]
00007080:  00 00 00 00 00 00 00 00 00 00 00 00 00 00 00 00  ................ [zeros]
00007090:  00 00 00 00 00 00 BF 06 68 54 77 82 84 A0 AE 48  ........hTw....H
000070A0:  18 C6 15 A8 C3 BA B2 E6 A4 09 51 E9 FE 25 97 C8  ..........Q..%..
000070B0:  E0 89 56 13 42 B5 00 00 00 00 00 00 00 00 00 00  ..V.B...........
000070C0:  00 00 00 00 00 00 00 00 00 00 00 00 00 00 00 00  ................ [zeros]
000070D0:  00 00 00 00 00 00 00 00 00 00 00 00 00 00 00 00  ................ [zeros]
000070E0:  00 00 00 00 00 00 00 00 00 00 00 00 00 00 00 00  ................ [zeros]
000070F0:  00 00 00 00 00 00 00 00 00 00 00 00 00 00 00 00  ................ [zeros]
00007100:  00 00 00 00 00 00 00 00 00 00 00 00 00 00 00 00  ................ [zeros]
00007110:  00 00 00 00 00 00 00 00 00 00 00 00 00 00 00 00  ................ [zeros]
00007120:  00 00 00 00 00 00 00 00 00 00 00 00 00 00 00 00  ................ [zeros]
00007130:  00 00 00 00 00 00 00 00 00 00 00 00 00 00 00 00  ................ [zeros]
00007140:  00 00 00 00 00 00 00 00 00 00 00 00 00 00 00 00  ................ [zeros]
00007150:  00 00 00 00 00 00 00 00 00 00 00 00 00 00 00 00  ................ [zeros]
00007160:  00 00 00 00 00 00 A0 CC A7 AF 70 B8 20 C1 C8 81  ..........p. ...
00007170:  28 DB 63 3D 6B EB 34 5A 63 7C 3F F2 10 A2 C1 A8  (.c=k.4Zc|?.....
00007180:  84 64 BA 10 00 D6 D0 0E 45 6F DD 5D 3B D8 23 62  .d......Eo.];.#b
00007190:  68 66 3C 55 A3 72 00 00 00 00 00 00 00 00 00 00  hf<U.r..........
000071A0:  00 00 00 00 00 00 2F 60 1A D3 D4 AE FC 6E 78 5A  ....../`.....nxZ
000071B0:  B3 8F 3F 6E 99 06 00 00 00 00 00 00 00 00 00 00  ..?n............
000071C0:  00 00 00 00 00 00 00 00 00 00 00 00 00 00 00 00  ................ [zeros]
000071D0:  00 00 00 00 00 00 00 00 00 00 00 00 00 00 00 00  ................ [zeros]
000071E0:  00 00 00 00 00 00 00 00 00 00 00 00 00 00 00 00  ................ [zeros]
000071F0:  00 00 00 00 00 00 00 00 00 00 00 00 00 00 00 00  ................ [zeros]
00007200:  00 00 00 00 00 00 D6 BD AF 20 13 5C D7 21 4C 50  ......... .\.!LP
00007210:  4E 21 A7 03 4F 0A 40 34 A1 47 23 C2 80 2F 65 F0  N!..O.@4.G#../e.
00007220:  84 8E 4B 9C 2F FB 00 00 00 00 00 00 00 00 00 00  ..K./...........
00007230:  00 00 00 00 00 00 00 00 00 00 00 00 00 00 00 00  ................ [zeros]
00007240:  00 00 00 00 00 00 00 00 00 00 00 00 00 00 00 00  ................ [zeros]
00007250:  00 00 00 00 00 00 00 00 00 00 00 00 00 00 00 00  ................ [zeros]
00007260:  00 00 00 00 00 00 00 00 00 00 00 00 00 00 00 00  ................ [zeros]
00007270:  00 00 00 00 00 00 00 00 00 00 00 00 00 00 00 00  ................ [zeros]
00007280:  00 00 00 00 00 00 00 00 00 00 00 00 00 00 00 00  ................ [zeros]
00007290:  00 00 00 00 00 00 00 00 00 00 00 00 00 00 00 00  ................ [zeros]
000072A0:  00 00 00 00 00 00 00 00 00 00 00 00 00 00 00 00  ................ [zeros]
000072B0:  00 00 00 00 00 00 00 00 00 00 00 00 00 00 00 00  ................ [zeros]
000072C0:  00 00 00 00 00 00 00 00 00 00 00 00 00 00 00 00  ................ [zeros]
000072D0:  00 00 00 00 00 00 BF FD 84 05 04 06 0E 30 65 CB  .............0e.
000072E0:  1E 0E 72 E5 04 41 29 42 E9 A2 09 79 90 5B E9 2B  ..r..A)B...y.[.+
000072F0:  D2 3B 85 AD 67 95 15 DE AF 5E EF A7 6B E8 FC 01  .;..g....^..k...
00007300:  8B BD EA 31 79 A9 AE 16 2E AC 12 2B 6B CA 7F 5D  ...1y......+k..]
00007310:  9C 83 C8 BD AA FF D4 62 00 B5 99 B4 4A 59 79 9F  .......b....JYy.
00007320:  B6 FD 24 5B A4 15 86 DA 17 4B 26 DB 9F 42 50 47  ..$[.....K&..BPG
00007330:  60 B8 C9 7F B4 FE 5C 69 6B 0F 9A 51 1E EA 87 09  `.....\ik..Q....
00007340:  2E 36 6A 02 49 C0 A1 51 AC 15 7E BE 8F 7D 78 CB  .6j.I..Q..~..}x.
00007350:  3D 70 3F 6C E0 EA 3C 50 5B 80 3F 15 62 21 C4 62  =p?l..<P[.?.b!.b
00007360:  86 05 59 E4 63 BB 1C 1D 4D 7E 91 E3 89 BD 5A 67  ..Y.c...M~....Zg
00007370:  1C A0 BB C1 6B 84 3D 9E 7B FA 09 13 4F 75 6F D7  ....k.=.{...Ouo.
00007380:  B3 8C 6B A5 A9 FB B9 69 AF 40 01 D5 D7 CB 0C D3  ..k....i.@......
00007390:  5C BA 66 D9 68 5F 17 CA 1D AA 16 73 5C 04 1D A6  \.f.h_.....s\...
000073A0:  92 35 1D FA 7A C9 1B D7 10 D4 17 BA 61 CD 50 7F  .5..z.......a.P.
000073B0:  7D B8 6F 1E 8A 33 F7 57 BF 5C 79 D9 CF 81 E2 E7  }.o..3.W.\y.....
000073C0:  E9 EB 31 70 E7 43 C6 83 D8 FD 9A 22 D4 0F 81 A8  ..1p.C....."....
000073D0:  A9 C4 4C 5E B2 46 A4 C4 0D 85 C8 7D 6E CE 31 C2  ..L^.F.....}n.1.
000073E0:  33 61 B7 40 37 E8 4C 23 20 B4 50 1E F2 E5 63 5F  3a.@7.L# .P...c_
000073F0:  95 D1 EB 8A 19 30 07 31 42 A9 9F AD 52 A9 7D 16  .....0.1B...R.}.
00007400:  29 1B 21 BA 56 70 14 9E 1A D8 23 2F 01 01 1D 78  ).!.Vp....#/...x
00007410:  43 92 FC 1F DF D9 0C E7 30 FE 52 F7 72 B2 3D 38  C.......0.R.r.=8
00007420:  F5 29 7B D1 00 96 BE 47 F9 20 D8 AC 86 4A 4A BB  .){....G. ...JJ.
00007430:  09 39 D4 EB B7 E8 98 4E 85 1E 48 56 93 81 76 A1  .9.....N..HV..v.
00007440:  A1 18 F2 D0 B9 AA 00 00 00 00 00 00 00 00 00 00  ................
00007450:  00 00 00 00 00 00 F8 1B A5 02 56 A1 F2 32 8B F7  ..........V..2..
00007460:  D9 BB 55 A9 D9 72 62 17 05 39 58 2D 23 B2 C4 D4  ..U..rb..9X-#...
00007470:  1E F5 5B 53 2A 94 C9 2D 02 0B A6 CD E1 94 A0 76  ..[S*..-.......v
00007480:  77 F6 EC 09 5F 48 00 00 00 00 00 00 00 00 00 00  w..._H..........
00007490:  00 00 00 00 00 00 74 D1 1F 2F 9D 9F 0B 53 FA 46  ......t../...S.F
000074A0:  C5 5F D4 20 2D 6C DF EB F0 6B 07 B1 94 73 C0 26  ._. -l...k...s.&
000074B0:  13 D1 17 0C 17 E4 19 E1 70 20 A3 9E 19 A7 24 FF  ........p ....$.
000074C0:  D7 DE A1 A8 1D A6 C2 03 FA 29 89 07 64 87 B4 F1  .........)..d...
000074D0:  91 27 B6 36 A6 C1 F8 C6 49 7F 12 94 D5 64 B4 A4  .'.6....I....d..
000074E0:  00 1B 99 65 D6 B7 B0 1B 40 9C 0E 23 1C 31 81 7E  ...e....@..#.1.~
000074F0:  C0 5E 47 66 17 C9 00 00 00 00 00 00 00 00 00 00  .^Gf............
00007500:  00 00 00 00 00 00 C8 2D A3 6E 50 15 71 A6 67 2E  .......-.nP.q.g.
00007510:  2C 82 D9 E3 24 FF BE 47 F9 20 D8 AC 86 4A 4A BB  ,...$..G. ...JJ.
00007520:  09 39 D4 EB B7 E8 98 4E 85 1E 48 56 93 81 76 A1  .9.....N..HV..v.
00007530:  A1 18 F2 D0 B9 AA 00 00 00 00 00 00 00 00 00 00  ................
00007540:  00 00 00 00 00 00 14 62 3D F0 2D AA 2E 44 21 E0  .......b=.-..D!.
00007550:  9F 0E AB 20 09 60 00 00 00 00 00 00 00 00 00 00  ... .`..........
00007560:  00 00 00 00 00 00 00 00 00 00 00 00 00 00 00 00  ................ [zeros]
00007570:  00 00 00 00 00 00 00 00 00 00 00 00 00 00 00 00  ................ [zeros]
00007580:  00 00 00 00 00 00 00 00 00 00 00 00 00 00 00 00  ................ [zeros]
00007590:  00 00 00 00 00 00 00 00 00 00 00 00 00 00 00 00  ................ [zeros]
000075A0:  00 00 00 00 00 00 00 00 00 00 00 00 00 00 00 00  ................ [zeros]
000075B0:  00 00 00 00 00 00 00 00 00 00 00 00 00 00 00 00  ................ [zeros]
000075C0:  00 00 00 00 00 00 00 00 00 00 00 00 00 00 00 00  ................ [zeros]
000075D0:  00 00 00 00 00 00 00 00 00 00 00 00 00 00 00 00  ................ [zeros]
000075E0:  00 00 00 00 00 00 00 00 00 00 00 00 00 00 00 00  ................ [zeros]
000075F0:  00 00 00 00 00 00 00 00 00 00 00 00 00 00 00 00  ................ [zeros]
00007600:  00 00 00 00 00 00 00 00 00 00 00 00 00 00 00 00  ................ [zeros]
00007610:  00 00 00 00 00 00 00 00 00 00 00 00 00 00 00 00  ................ [zeros]
00007620:  00 00 00 00 00 00 71 21 3C 29 04 C6 34 3F 67 CA  ......q!<)..4?g.
00007630:  1E E5 1E FB 5E 26 AD FA DB 8E 89 02 FC BB 7C 15  ....^&........|.
00007640:  E8 52 EE B9 BC 3E 00 00 00 00 00 00 00 00 00 00  .R...>..........
00007650:  00 00 00 00 00 00 72 A9 90 71 B0 C0 7C B0 D1 EA  ......r..q..|...
00007660:  82 16 2C A8 1C 53 00 00 00 00 00 00 00 00 00 00  ..,..S..........
00007670:  00 00 00 00 00 00 6C F7 85 64 E2 64 EA 18 8E 88  ......l..d.d....
00007680:  A6 B9 F3 E7 A1 21 DC F4 A5 9B D4 EE 97 B3 DA 72  .....!.........r
00007690:  50 9C A1 6F 36 E1 15 DE B7 60 1F 25 07 FE D7 41  P..o6....`.%...A
000076A0:  01 37 18 09 6F B6 F2 9B 14 E4 5F 22 BA 55 8A AA  .7..o....._".U..
000076B0:  B7 43 E4 D9 07 72 AC CB 6F E9 07 89 8E C1 5D 47  .C...r..o.....]G
000076C0:  D5 1B 77 D5 87 F6 71 64 45 05 90 92 01 F4 E8 F0  ..w...qdE.......
000076D0:  BF FB 67 AF 10 6D 37 F4 87 8B 96 9C 84 F7 0B FC  ..g..m7.........
000076E0:  7E 7E 07 D9 28 6F F3 A2 28 37 D7 DD 63 00 78 C7  ~~..(o..(7..c.x.
000076F0:  58 D2 37 C0 A3 2D 26 8F D8 61 D5 AB 48 F8 0F 84  X.7..-&..a..H...
00007700:  FB D7 85 E9 62 01 A0 59 07 48 90 D2 9D 2D 54 DA  ....b..Y.H...-T.
00007710:  46 B0 BC 12 81 10 27 4E 31 BA 7D 43 25 E0 4F E6  F.....'N1.}C%.O.
00007720:  C0 51 3B F1 A4 89 D6 2B 67 F6 3B 91 6A 34 21 8B  .Q;....+g.;.j4!.
00007730:  39 A7 BF 7E 58 28 25 88 EB E3 90 7B 09 BC 18 A4  9..~X(%....{....
00007740:  9B 8C F7 E2 0C C0 52 E3 B9 C4 2A 15 4D 8A 09 24  ......R...*.M..$
00007750:  98 AA 53 C6 91 08 E6 19 C4 64 BF 07 C0 FD FC 2D  ..S......d.....-
00007760:  72 04 0E 62 D0 BB 8E AE 66 87 AC B1 09 E5 55 CD  r..b....f.....U.
00007770:  34 3E C3 93 74 CB 0A B2 79 E8 87 04 24 C4 03 3A  4>..t...y...$..:
00007780:  31 B9 DC AE A8 60 15 07 8C 00 CE 01 57 5B 5E AE  1....`......W[^.
00007790:  44 75 91 B7 1E 4F 00 00 00 00 00 00 00 00 00 00  Du...O..........
000077A0:  00 00 00 00 00 00 00 00 00 00 00 00 00 00 00 00  ................ [zeros]
000077B0:  00 00 00 00 00 00 00 00 00 00 00 00 00 00 00 00  ................ [zeros]
000077C0:  00 00 00 00 00 00 74 D1 1F 2F 9D 9F 0B 53 FA 46  ......t../...S.F
000077D0:  C5 5F D4 20 2D 6C 00 00 00 00 00 00 00 00 00 00  ._. -l..........
000077E0:  00 00 00 00 00 00 00 00 00 00 00 00 00 00 00 00  ................ [zeros]
000077F0:  00 00 00 00 00 00 F1 52 DA 05 75 47 44 FC DE DF  .......R..uGD...
00007800:  89 06 0F 8E 4D 6D 00 00 00 00 00 00 00 00 00 00  ....Mm..........
00007810:  00 00 00 00 00 00 00 00 00 00 00 00 00 00 00 00  ................ [zeros]
00007820:  00 00 00 00 00 00 50 80 F8 FA BA 3A 2C 4C E3 DF  ......P....:,L..
00007830:  C2 A1 BF 71 88 89 00 00 00 00 00 00 00 00 00 00  ...q............
00007840:  00 00 00 00 00 00 00 00 00 00 00 00 00 00 00 00  ................ [zeros]
00007850:  00 00 00 00 00 00 00 00 00 00 00 00 00 00 00 00  ................ [zeros]
00007860:  00 00 00 00 00 00 EF C3 9B ED D3 C9 EC 3A DE 62  .............:.b
00007870:  C1 27 BF 9F 02 DE 00 00 00 00 00 00 00 00 00 00  .'..............
00007880:  00 00 00 00 00 00 00 00 00 00 00 00 00 00 00 00  ................ [zeros]
00007890:  00 00 00 00 00 00 E8 60 D5 3A C1 F3 E3 34 F4 03  .......`.:...4..
000078A0:  75 47 14 BF 91 20 00 00 00 00 00 00 00 00 00 00  uG... ..........
000078B0:  00 00 00 00 00 00 00 00 00 00 00 00 00 00 00 00  ................ [zeros]
000078C0:  00 00 00 00 00 00 4C 24 75 7F 0C E6 F3 A5 B4 B6  ......L$u.......
000078D0:  71 66 9D 55 3E A8 00 00 00 00 00 00 00 00 00 00  qf.U>...........
000078E0:  00 00 00 00 00 00 00 00 00 00 00 00 00 00 00 00  ................ [zeros]
000078F0:  00 00 00 00 00 00 00 00 00 00 00 00 00 00 00 00  ................ [zeros]
00007900:  00 00 00 00 00 00 78 99 E5 CE A2 23 41 C2 BE 2F  ......x....#A../
00007910:  A6 AE C3 41 F7 6D 10 9F 72 DD 4B D4 B8 8D 6E B4  ...A.m..r.K...n.
00007920:  9C 42 A1 4F E6 A1 FE 13 02 FE 52 57 6C 0F A8 02  .B.O......RWl...
00007930:  FC 47 10 54 ED 97 E1 86 9F E3 CA 85 A3 9D F9 8E  .G.T............
00007940:  B5 10 88 52 9B 17 36 95 83 21 07 02 46 7D 9D CA  ...R..6..!..F}..
00007950:  95 4A A8 42 24 C1 E0 30 48 1F ED BF B8 BB 57 91  .J.B$..0H.....W.
00007960:  1F 3D 8B D9 4C 74 88 32 D8 11 CC BF 47 89 8F 0B  .=..Lt.2....G...
00007970:  4A 2B F9 9D DB C5 BF C4 25 88 E7 C8 18 AA B2 9E  J+......%.......
00007980:  B5 68 BF BB 95 E9 BA FC 59 FD 6C 31 CF 9E AC EF  .h......Y.l1....
00007990:  DB E6 7C 26 8A 7D A4 3C 84 A1 89 7A B3 BF 65 C2  ..|&.}.<...z..e.
000079A0:  12 50 FD 27 C1 62 4E 30 4A 22 43 48 E5 17 12 0A  .P.'.bN0J"CH....
000079B0:  32 7A F6 F1 9C 02 5F EB 10 1B 96 23 C9 9E EB AF  2z...._....#....
000079C0:  10 57 75 A0 C1 39 BE 7A 96 CB 04 00 70 86 45 7B  .Wu..9.z....p.E{
000079D0:  7B 87 19 90 8A 7F BD 49 C1 F2 74 40 8B 2E 2A 93  {......I..t@..*.
000079E0:  48 52 A1 11 CB 0A 44 7F 6E 2C F9 5F B7 4D 8B 0C  HR....D.n,._.M..
000079F0:  C5 D4 F4 FD 97 1C E9 A3 9E F9 CC 64 BC A7 E9 CF  ...........d....
00007A00:  63 2E CC 72 5E 10 3E 49 1A 00 1D 0A 11 43 CA 5B  c..r^.>I.....C.[
00007A10:  E9 DB DA 31 58 4C 09 FB 8E 9E D1 2C D2 95 5A DC  ...1XL.....,..Z.
00007A20:  3B 5E F4 05 D8 21 09 FB 8E 9E D1 2C D2 95 5A DC  ;^...!.....,..Z.
00007A30:  3B 5E F4 05 D8 21 E8 D9 04 F0 BB B0 2C 76 21 5E  ;^...!......,v!^
00007A40:  2C 75 47 FA 21 19 A8 A1 4D A0 C3 DB BA EB B6 97  ,uG.!...M.......
00007A50:  C1 58 88 40 3B 39 A8 A1 4D A0 C3 DB BA EB B6 97  .X.@;9..M.......
00007A60:  C1 58 88 40 3B 39 A8 A1 4D A0 C3 DB BA EB B6 97  .X.@;9..M.......
00007A70:  C1 58 88 40 3B 39 4E BF 7C C5 50 ED 82 03 3C 31  .X.@;9N.|.P...<1
00007A80:  8C 55 8A BB E1 1C DD 84 23 D5 64 65 89 E4 D4 FD  .U......#.de....
00007A90:  4B D4 F9 65 FF 4B 64 AA 34 14 BF 3B 5E 6F 8D B3  K..e.Kd.4..;^o..
00007AA0:  49 D3 2A 2C 6F FF 39 CF F1 77 4B E2 B4 36 A0 75  I.*,o.9..wK..6.u
00007AB0:  E4 94 6C EE 19 AD 98 DC E6 91 E9 5A AA DD 9C B0  ..l........Z....
00007AC0:  62 4E F0 54 3E E7 42 78 B1 85 24 11 63 4E 5E CB  bN.T>.Bx..$.cN^.
00007AD0:  15 D0 49 C1 6E 48 DA 20 9A BF C4 D8 DE 30 32 6F  ..I.nH. .....02o
00007AE0:  04 78 BF E2 AD 94 2F F8 48 82 90 19 41 28 11 83  .x..../.H...A(..
00007AF0:  34 9E FF B9 6E FE 2F F8 48 82 90 19 41 28 11 83  4...n./.H...A(..
00007B00:  34 9E FF B9 6E FE 68 EC B8 62 D6 60 D2 C6 FD CE  4...n.h..b.`....
00007B10:  4F 34 C0 41 0B BD CD 66 04 BF 07 A0 F8 CC 9C 2A  O4.A...f.......*
00007B20:  BB 1D 4A D1 7A 15 F8 C8 AA EE 5F 54 36 71 5A 12  ..J.z....._T6qZ.
00007B30:  55 C3 73 98 97 D6 F2 2E 89 CA 60 2C 93 E9 1B 3D  U.s.......`,...=
00007B40:  91 F3 61 F7 56 FB 8F C8 E2 7B 88 37 9D B6 36 9B  ..a.V....{.7..6.
00007B50:  73 9C 5A 95 C1 48 E3 D2 F0 68 F2 E6 6E 43 58 62  s.Z..H...h..nCXb
00007B60:  21 ED E6 5E F2 91 99 13 37 87 D1 5D D3 81 1C 6B  !..^....7..]...k
00007B70:  9D 76 05 67 98 CF 34 66 29 E9 35 5D 13 D5 A0 14  .v.g..4f).5]....
00007B80:  40 58 28 2B DB A1 10 D9 67 08 68 C1 81 EA 0A 6D  @X(+....g.h....m
00007B90:  B8 51 E0 AA CE D2 4D D4 5A 8A 14 F5 89 60 73 8B  .Q....M.Z....`s.
00007BA0:  BA 2B C1 87 F5 25 CD 66 04 BF 07 A0 F8 CC 9C 2A  .+...%.f.......*
00007BB0:  BB 1D 4A D1 7A 15 F8 C8 AA EE 5F 54 36 71 5A 12  ..J.z....._T6qZ.
00007BC0:  55 C3 73 98 97 D6 F2 2E 89 CA 60 2C 93 E9 1B 3D  U.s.......`,...=
00007BD0:  91 F3 61 F7 56 FB 8F C8 E2 7B 88 37 9D B6 36 9B  ..a.V....{.7..6.
00007BE0:  73 9C 5A 95 C1 48 E3 D2 F0 68 F2 E6 6E 43 58 62  s.Z..H...h..nCXb
00007BF0:  21 ED E6 5E F2 91 99 13 37 87 D1 5D D3 81 1C 6B  !..^....7..]...k
00007C00:  9D 76 05 67 98 CF B6 65 C2 11 27 94 3D 4B C5 55  .v.g...e..'.=K.U
00007C10:  1E A3 9E 62 EA 62 C2 63 7D 0C E8 A9 83 2E 12 23  ...b.b.c}......#
00007C20:  61 24 7D 45 66 53 00 00 00 00 00 00 00 00 00 00  a$}EfS..........
00007C30:  00 00 00 00 00 00 56 14 D7 F9 DA 4B AD 68 93 F1  ......V....K.h..
00007C40:  F9 29 F2 58 58 68 99 96 50 9B A6 31 52 48 34 E6  .).XXh..P..1RH4.
00007C50:  EF 11 BE 54 25 84 E9 EE DD 9E 79 8C 36 AA B9 3D  ...T%.....y.6..=
00007C60:  C8 64 33 5F AC E5 48 1C DC 27                    .d3_..H..'

; --- structure summary (block types) ---
; 0x00000060..+0xD0  data   (208 bytes)
; 0x00000130..+0x40  zeros  (64 bytes)
; 0x00000170..+0x220  data   (544 bytes)
; 0x00000390..+0x170  zeros  (368 bytes)
; 0x00000500..+0x590  data   (1424 bytes)
; 0x00000A90..+0x3E0  zeros  (992 bytes)
; 0x00000E70..+0x20  data   (32 bytes)
; 0x00000E90..+0x3E0  zeros  (992 bytes)
; 0x00001270..+0x20  data   (32 bytes)
; 0x00001290..+0x3E0  zeros  (992 bytes)
; 0x00001670..+0x20  data   (32 bytes)
; 0x00001690..+0x3E0  zeros  (992 bytes)
; 0x00001A70..+0x2470  data   (9328 bytes)
; 0x00003EE0..+0x10  zeros  (16 bytes)
; 0x00003EF0..+0x30  data   (48 bytes)
; 0x00003F20..+0x80  zeros  (128 bytes)
; 0x00003FA0..+0x50  data   (80 bytes)
; 0x00003FF0..+0x10  zeros  (16 bytes)
; 0x00004000..+0xB0  data   (176 bytes)
; 0x000040B0..+0xB0  zeros  (176 bytes)
; 0x00004160..+0x30  data   (48 bytes)
; 0x00004190..+0x100  zeros  (256 bytes)
; 0x00004290..+0x30  data   (48 bytes)
; 0x000042C0..+0x170  zeros  (368 bytes)
; 0x00004430..+0xF0  data   (240 bytes)
; 0x00004520..+0x5E0  zeros  (1504 bytes)
; 0x00004B00..+0x140  data   (320 bytes)
; 0x00004C40..+0xF0  zeros  (240 bytes)
; 0x00004D30..+0x220  data   (544 bytes)
; 0x00004F50..+0x30  zeros  (48 bytes)
; 0x00004F80..+0xA0  data   (160 bytes)
; 0x00005020..+0xB0  zeros  (176 bytes)
; 0x000050D0..+0xA0  data   (160 bytes)
; 0x00005170..+0x10  zeros  (16 bytes)
; 0x00005180..+0xD0  data   (208 bytes)
; 0x00005250..+0xC0  zeros  (192 bytes)
; 0x00005310..+0x290  data   (656 bytes)
; 0x000055A0..+0x40  zeros  (64 bytes)
; 0x000055E0..+0x160  data   (352 bytes)
; 0x00005740..+0x40  zeros  (64 bytes)
; 0x00005780..+0x250  data   (592 bytes)
; 0x000059D0..+0x60  zeros  (96 bytes)
; 0x00005A30..+0xF0  data   (240 bytes)
; 0x00005B20..+0xD0  zeros  (208 bytes)
; 0x00005BF0..+0x250  data   (592 bytes)
; 0x00005E40..+0xC0  zeros  (192 bytes)
; 0x00005F00..+0x230  data   (560 bytes)
; 0x00006130..+0x40  zeros  (64 bytes)
; 0x00006170..+0x50  data   (80 bytes)
; 0x000061C0..+0xA0  zeros  (160 bytes)
; 0x00006260..+0x60  data   (96 bytes)
; 0x000062C0..+0x40  zeros  (64 bytes)
; 0x00006300..+0x30  data   (48 bytes)
; 0x00006330..+0xA0  zeros  (160 bytes)
; 0x000063D0..+0x50  data   (80 bytes)
; 0x00006420..+0x40  zeros  (64 bytes)
; 0x00006460..+0x30  data   (48 bytes)
; 0x00006490..+0xB0  zeros  (176 bytes)
; 0x00006540..+0x280  data   (640 bytes)
; 0x000067C0..+0xC0  zeros  (192 bytes)
; 0x00006880..+0x190  data   (400 bytes)
; 0x00006A10..+0x10  zeros  (16 bytes)
; 0x00006A20..+0x20  data   (32 bytes)
; 0x00006A40..+0x20  zeros  (32 bytes)
; 0x00006A60..+0x20  data   (32 bytes)
; 0x00006A80..+0x10  zeros  (16 bytes)
; 0x00006A90..+0x20  data   (32 bytes)
; 0x00006AB0..+0x10  zeros  (16 bytes)
; 0x00006AC0..+0x20  data   (32 bytes)
; 0x00006AE0..+0x20  zeros  (32 bytes)
; 0x00006B00..+0x20  data   (32 bytes)
; 0x00006B20..+0x10  zeros  (16 bytes)
; 0x00006B30..+0x20  data   (32 bytes)
; 0x00006B50..+0x10  zeros  (16 bytes)
; 0x00006B60..+0x370  data   (880 bytes)
; 0x00006ED0..+0x30  zeros  (48 bytes)
; 0x00006F00..+0x60  data   (96 bytes)
; 0x00006F60..+0xA0  zeros  (160 bytes)
; 0x00007000..+0x50  data   (80 bytes)
; 0x00007050..+0x40  zeros  (64 bytes)
; 0x00007090..+0x30  data   (48 bytes)
; 0x000070C0..+0xA0  zeros  (160 bytes)
; 0x00007160..+0x60  data   (96 bytes)
; 0x000071C0..+0x40  zeros  (64 bytes)
; 0x00007200..+0x30  data   (48 bytes)
; 0x00007230..+0xA0  zeros  (160 bytes)
; 0x000072D0..+0x290  data   (656 bytes)
; 0x00007560..+0xC0  zeros  (192 bytes)
; 0x00007620..+0x180  data   (384 bytes)
; 0x000077A0..+0x20  zeros  (32 bytes)
; 0x000077C0..+0x20  data   (32 bytes)
; 0x000077E0..+0x10  zeros  (16 bytes)
; 0x000077F0..+0x20  data   (32 bytes)
; 0x00007810..+0x10  zeros  (16 bytes)
; 0x00007820..+0x20  data   (32 bytes)
; 0x00007840..+0x20  zeros  (32 bytes)
; 0x00007860..+0x20  data   (32 bytes)
; 0x00007880..+0x10  zeros  (16 bytes)
; 0x00007890..+0x20  data   (32 bytes)
; 0x000078B0..+0x10  zeros  (16 bytes)
; 0x000078C0..+0x20  data   (32 bytes)
; 0x000078E0..+0x20  zeros  (32 bytes)
; 0x00007900..+0x360  data   (864 bytes)
