; Decrypted GatewaySettings dump (see FORMAT.md)
; key = 8f6537af1add5e7ca1dd0ea7833d5260 (aligned at 0x60)

00000060:  BC 4D 71 87 4F 19 6F 15 88 02 69 1B 0C 97 DB 6D  .Mq.O.o...i....m
00000070:  7B 76 06 37 E6 97 68 16 AF 6A 8E B8 94 B9 50 35  {v.7..h..j....P5
00000080:  28 14 87 D1 81 EB 82 23 86 61 FE 1F 5C 4A 14 F1  (......#.a..\J..
00000090:  74 34 C5 42 56 CA D4 5A CC 79 63 99 D5 60 97 49  t4.BV..Z.yc..`.I
000000A0:  6A 96 D9 AF 2E DD 18 3D B7 B0 04 B5 E2 F1 7B 54  j......=......{T
000000B0:  DA 53 45 A2 FC 15 C2 91 E9 C1 48 2F 3D 69 90 6C  .SE.......H/=i.l
000000C0:  2C 80 D6 2E E4 1C C5 29 E9 2C 25 64 0D 47 E7 3B  ,......).,%d.G.;
000000D0:  2C 52 EC F3 AB DB 06 D2 10 CE 4F 65 D7 AA DF A8  ,R........Oe....
000000E0:  A8 15 4E 9E 13 F2 2A 79 79 16 AA A8 23 16 73 3B  ..N...*yy...#.s;
000000F0:  C6 FC 56 DF 55 6D FE 50 99 D6 25 CD C7 68 22 B4  ..V.Um.P..%..h".
00000100:  5B 8E C7 7A CC 68 26 1E 76 A1 8C 4C 72 3C 2E 19  [..z.h&.v..Lr<..
00000110:  6C F7 74 C3 7D 27 C3 0F EB BC D5 84 46 BE CC 90  l.t.}'......F...
00000120:  BF E6 3A A6 DC 4D 00 00 00 00 00 00 00 00 00 00  ..:..M..........
00000130:  00 00 00 00 00 00 00 00 00 00 00 00 00 00 00 00  ................ [zeros]
00000140:  00 00 00 00 00 00 00 00 00 00 00 00 00 00 00 00  ................ [zeros]
00000150:  00 00 00 00 00 00 00 00 00 00 00 00 00 00 00 00  ................ [zeros]
00000160:  00 00 00 00 00 00 00 00 00 00 00 00 00 00 00 00  ................ [zeros]
00000170:  00 00 00 00 00 00 45 4E A6 A3 50 8C 6B 9D 38 10  ......EN..P.k.8.
00000180:  16 10 36 30 53 55 B4 5B B5 90 9D D4 78 FE A8 9B  ..60SU.[....x...
00000190:  DC 63 2B A6 D1 59 37 27 62 01 12 62 4F 13 B6 31  .c+..Y7'b..bO..1
000001A0:  8B FF 70 03 E9 07 28 19 DE 8C 18 4A 79 3F 55 EF  ..p...(....Jy?U.
000001B0:  0C 6B 93 1F 91 57 47 A3 ED 56 3C 41 84 03 C9 5C  .k...WG..V<A...\
000001C0:  8A CE 2C 8E 4A 40 3C 2C 38 A9 1F 1B 64 5A 45 5A  ..,.J@<,8...dZEZ
000001D0:  24 E8 86 8C D9 83 7B 18 43 8A ED AC D6 AF 09 F4  $.....{.C.......
000001E0:  2E A1 BC E8 B1 63 0F 4F E8 6E C1 E7 06 95 FB 1A  .....c.O.n......
000001F0:  3B FB 13 32 D6 29 1A 3B 65 8D 25 C7 A4 98 9F 54  ;..2.).;e.%....T
00000200:  A8 BC 64 35 AE 75 93 61 05 10 B6 C4 FE 9E CC 07  ..d5.u.a........
00000210:  C0 69 11 F0 C9 F1 4C CC 39 7E B7 14 03 98 17 95  .i....L.9~......
00000220:  2F B6 9C E5 27 7D 4B 5B C3 46 EC A5 E9 7E 81 56  /...'}K[.F...~.V
00000230:  33 CB DF 07 3E 25 5D 9D E0 2F 07 64 81 C9 88 50  3...>%]../.d...P
00000240:  27 32 6B 1F A6 2D 43 47 8E B5 B7 29 73 85 CA 81  '2k..-CG...)s...
00000250:  B6 5E BA 46 85 6A 00 A1 6E E0 FC DE 46 7C 58 C3  .^.F.j..n...F|X.
00000260:  07 A2 B8 F2 21 3C 96 0F A5 1D 18 6B 64 14 94 D9  ....!<.....kd...
00000270:  09 9F 0F D5 24 E2 0F 02 0D 10 01 64 35 8C 2F 36  ....$......d5./6
00000280:  5F 2E 7A 55 17 07 B1 72 68 FD 19 45 41 2B 59 74  _.zU...rh..EA+Yt
00000290:  83 8A 96 43 EA 77 0A DE 39 10 0C 20 DA A2 98 D2  ...C.w..9.. ....
000002A0:  B5 6C B5 4B A3 B0 11 4A 2A DE 36 D5 80 13 25 FE  .l.K...J*.6...%.
000002B0:  45 AB 05 59 9E F3 9C 35 B5 9A EB 4A 33 26 08 89  E..Y...5...J3&..
000002C0:  99 CE 20 A7 7E C9 42 71 AC E6 6E A3 81 5A D9 C4  .. .~.Bq..n..Z..
000002D0:  CE BE 95 44 ED 2F B2 CF F5 2D 2F BE 88 BC BA 96  ...D./...-/.....
000002E0:  A4 25 D2 C2 37 1F 29 CD 19 17 08 AE 75 EF 6E 16  .%..7.).....u.n.
000002F0:  22 32 A3 89 4F 75 94 BA B7 5B 05 93 95 F8 DF C9  "2..Ou...[......
00000300:  C2 8D 07 2C 63 C2 9C C0 35 A8 4B 1B 1B A5 FC EC  ...,c...5.K.....
00000310:  94 0F 09 D1 E0 98 D6 C8 AA 85 96 26 70 19 57 4E  ...........&p.WN
00000320:  30 E1 D4 28 D1 C5 70 ED 18 55 49 53 70 DF 7A 44  0..(..p..UISp.zD
00000330:  21 43 3C 07 5E B4 7A 75 87 45 12 E2 FB BE 4E 7C  !C<.^.zu.E....N|
00000340:  FB 60 08 4A 36 AE A1 7B AF CB 6F AC 16 C6 FA 54  .`.J6..{..o....T
00000350:  31 1E 78 C9 61 08 7A 75 87 45 12 E2 FB BE 4E 7C  1.x.a.zu.E....N|
00000360:  FB 60 08 4A 36 AE 43 CC BC 75 7F EC D7 82 FD C4  .`.J6.C..u......
00000370:  54 80 9B 62 9A 6C 00 00 00 00 00 00 00 00 00 00  T..b.l..........
00000380:  00 00 00 00 00 00 00 00 00 00 00 00 00 00 00 00  ................ [zeros]
00000390:  00 00 00 00 00 00 00 00 00 00 00 00 00 00 00 00  ................ [zeros]
000003A0:  00 00 00 00 00 00 00 00 00 00 00 00 00 00 00 00  ................ [zeros]
000003B0:  00 00 00 00 00 00 00 00 00 00 00 00 00 00 00 00  ................ [zeros]
000003C0:  00 00 00 00 00 00 00 00 00 00 00 00 00 00 00 00  ................ [zeros]
000003D0:  00 00 00 00 00 00 00 00 00 00 00 00 00 00 00 00  ................ [zeros]
000003E0:  00 00 00 00 00 00 00 00 00 00 00 00 00 00 00 00  ................ [zeros]
000003F0:  00 00 00 00 00 00 00 00 00 00 00 00 00 00 00 00  ................ [zeros]
00000400:  00 00 00 00 00 00 00 00 00 00 00 00 00 00 00 00  ................ [zeros]
00000410:  00 00 00 00 00 00 00 00 00 00 00 00 00 00 00 00  ................ [zeros]
00000420:  00 00 00 00 00 00 00 00 00 00 00 00 00 00 00 00  ................ [zeros]
00000430:  00 00 00 00 00 00 00 00 00 00 00 00 00 00 00 00  ................ [zeros]
00000440:  00 00 00 00 00 00 00 00 00 00 00 00 00 00 00 00  ................ [zeros]
00000450:  00 00 00 00 00 00 00 00 00 00 00 00 00 00 00 00  ................ [zeros]
00000460:  00 00 00 00 00 00 00 00 00 00 00 00 00 00 00 00  ................ [zeros]
00000470:  00 00 00 00 00 00 00 00 00 00 00 00 00 00 00 00  ................ [zeros]
00000480:  00 00 00 00 00 00 00 00 00 00 00 00 00 00 00 00  ................ [zeros]
00000490:  00 00 00 00 00 00 00 00 00 00 00 00 00 00 00 00  ................ [zeros]
000004A0:  00 00 00 00 00 00 00 00 00 00 00 00 00 00 00 00  ................ [zeros]
000004B0:  00 00 00 00 00 00 00 00 00 00 00 00 00 00 00 00  ................ [zeros]
000004C0:  00 00 00 00 00 00 00 00 00 00 00 00 00 00 00 00  ................ [zeros]
000004D0:  00 00 00 00 00 00 00 00 00 00 00 00 00 00 00 00  ................ [zeros]
000004E0:  00 00 00 00 00 00 00 00 00 00 00 00 00 00 00 00  ................ [zeros]
000004F0:  00 00 00 00 00 00 00 00 00 00 00 00 00 00 00 00  ................ [zeros]
00000500:  00 00 00 00 00 00 14 83 B7 DF DB E3 37 36 DA BC  ............76..
00000510:  95 AB 8E 8F 1B C1 EB 03 34 16 DF 7D 09 7D D4 64  ........4..}.}.d
00000520:  1E B4 3F 0D 06 4B 99 D4 2B 45 83 12 FA D5 63 20  ..?..K..+E....c 
00000530:  7E 7E 0D E7 5F EE 95 C0 57 E5 58 9B 46 98 09 ED  ~~.._...W.X.F...
00000540:  60 99 59 68 9C 33 04 D6 75 52 31 7E F1 94 D3 23  `.Yh.3..uR1~...#
00000550:  5C 71 20 C4 43 3D 94 3F 98 C9 BC CA 51 3B A0 78  \q .C=.?....Q;.x
00000560:  0A 88 08 08 62 2E 68 78 B7 F0 FC 6B CA EB BD C5  ....b.hx...k....
00000570:  43 5D 3A 69 BE A3 07 37 3F F5 55 00 07 3D CC 24  C]:i...7?.U..=.$
00000580:  F6 C8 77 CE C6 C2 1B 4B 8E AE 29 30 E9 7F 01 6C  ..w....K..)0...l
00000590:  1E EF 13 BB 86 25 BC 0D 84 89 D6 71 D1 07 D7 61  .....%.....q...a
000005A0:  80 B5 B2 96 25 B3 DF A8 E2 A0 97 33 02 05 B3 3C  ....%......3...<
000005B0:  CC 79 B0 D0 D4 0A AB 71 CD 1F C3 EF 3D 88 0E 43  .y.....q....=..C
000005C0:  B6 E2 DF 85 E2 CC 0D 44 A9 67 71 9C E1 F3 4D 12  .......D.gq...M.
000005D0:  8D 78 3F D9 8A 5C 01 57 EB D4 FC B0 13 F3 3B 02  .x?..\.W......;.
000005E0:  D6 8D 71 D9 BC 30 05 60 8B 3E 6F 03 65 86 62 99  ..q..0.`.>o.e.b.
000005F0:  54 FF D7 2D FA B9 0A 23 D7 A1 43 01 6B E4 FA 09  T..-...#..C.k...
00000600:  CF B8 7E DA 0A 21 7D 13 5A DE 2B 6B 8C 53 78 28  ..~..!}.Z.+k.Sx(
00000610:  BD E6 EE 27 FE 6F 33 1B 3B DF B2 AB 0F 57 E3 A3  ...'.o3.;....W..
00000620:  E2 12 89 7F C2 A8 DC 74 9D BE 27 B8 77 9F 99 72  .......t..'.w..r
00000630:  D7 47 EA E0 45 B5 31 55 DD 27 25 5A 13 09 44 0D  .G..E.1U.'%Z..D.
00000640:  A8 2B 22 79 0A 10 88 51 73 1C A5 A5 C2 79 A2 01  .+"y...Qs....y..
00000650:  CD 76 70 CF 3D C2 7C DD 0D 29 A2 9B 4F 3D 09 3A  .vp.=.|..)..O=.:
00000660:  FA F6 21 C5 84 73 1E 41 D1 CC 57 67 0C 8D FD 49  ..!..s.A..Wg...I
00000670:  22 40 00 93 A2 E5 AD C4 74 AF 2D 47 50 60 D7 92  "@......t.-GP`..
00000680:  DD 9C 4A 5C E9 AB 09 65 C1 26 5E 97 6C 79 20 45  ..J\...e.&^.ly E
00000690:  7D 7B 1E D0 7D F9 3B A4 9E 54 FB 30 36 97 50 BE  }{..}.;..T.06.P.
000006A0:  05 21 DB A0 B6 E4 13 1B 0B 8A CD E1 C0 79 50 FB  .!...........yP.
000006B0:  CE E0 AC 09 BF 7E BC 76 89 26 24 86 16 FC 91 46  .....~.v.&$....F
000006C0:  AC 02 81 4A AE 61 EF B1 A4 70 D7 49 5B BD C5 66  ...J.a...p.I[..f
000006D0:  61 48 EB 77 F5 3D 06 F5 E5 DA AF 2C D6 C2 90 31  aH.w.=.....,...1
000006E0:  12 EC 8B DD E9 44 F3 48 D2 53 43 1F 35 01 B8 28  .....D.H.SC.5..(
000006F0:  A7 26 21 61 0F F9 77 92 D5 63 DF AE BA 00 D1 7A  .&!a..w..c.....z
00000700:  8E 26 B3 BA 60 69 48 E5 D3 5D 16 C6 B7 3E 32 A4  .&..`iH..]...>2.
00000710:  D7 9B B1 88 4E D1 F1 08 02 DC EE 3C A8 76 2C EF  ....N......<.v,.
00000720:  74 51 53 67 43 2F 54 AF B5 44 AF A7 1A 74 1C BE  tQSgC/T..D...t..
00000730:  D8 9D 8F A4 7E FA 39 3E ED 40 1F 81 9D 3D 89 9C  ....~.9>.@...=..
00000740:  9A 73 08 AF AC 1A F6 C3 63 1A E1 66 A9 36 C1 B5  .s......c..f.6..
00000750:  BE F2 98 2F 8A 94 D8 CE 2B 0D 93 BE 45 98 7A DC  .../....+...E.z.
00000760:  06 2D 6A 6D ED CF 5D 08 3D 0C F8 8D 94 7B 1A 71  .-jm..].=....{.q
00000770:  A7 BE 28 65 54 51 2F F3 0D 04 3D 04 38 7A DA F2  ..(eTQ/...=.8z..
00000780:  8D 46 EA 44 79 8D F4 B1 9E AC F9 F7 C2 5F 72 FA  .F.Dy........_r.
00000790:  76 19 61 4A 6D 0E B6 6B 7A 94 F4 EE A4 4D 6D 49  v.aJm..kz....MmI
000007A0:  4C B5 E4 E8 6F 62 54 AF B5 44 AF A7 1A 74 1C BE  L...obT..D...t..
000007B0:  D8 9D 8F A4 7E FA 4F 8A 36 B0 90 AC DE 00 64 55  ....~.O.6.....dU
000007C0:  17 7B 22 1E DD 9D D3 A0 CE 9B D5 E8 4C F8 78 A6  .{".........L.x.
000007D0:  64 C7 06 3F F5 D0 89 89 6A 50 B0 08 B0 3B 6E C2  d..?....jP...;n.
000007E0:  30 57 C8 C2 42 B8 4E AB FE 18 87 06 58 21 1D DF  0W..B.N.....X!..
000007F0:  95 52 5B 62 3E 06 1C 15 FB 39 B4 45 1A CF 62 E1  .R[b>....9.E..b.
00000800:  18 63 95 59 7D BD DD F9 AB BE F1 6B 6B 0A B3 D1  .c.Y}......kk...
00000810:  3D 8C CA A5 85 2F CD 2D F8 5A 5E 3C 96 6F 52 FB  =..../.-.Z^<.oR.
00000820:  30 A2 F5 45 CF 29 26 57 B1 D7 B2 A8 36 DB 73 91  0..E.)&W....6.s.
00000830:  03 65 C6 13 F9 27 8D E2 F1 BE 3A 9B A1 6D 6F 72  .e...'....:..mor
00000840:  D7 DA 8B 66 4C 6D AF B0 4B F3 F7 03 28 FC C2 C5  ...fLm..K...(...
00000850:  AC 5C 0E DC 83 CA 48 BA E3 BD 6B 66 D0 8D F6 2D  .\....H...kf...-
00000860:  D2 1D 7C 5E D3 37 2B 0D 4D D6 91 D8 F4 A1 B4 08  ..|^.7+.M.......
00000870:  6A 3B 5A 37 8E 56 DE 36 AF C0 B1 3A 8B FB 0B 24  j;Z7.V.6...:...$
00000880:  91 84 3C 9D A7 99 94 D9 0C 6F FF AE 12 C1 45 5F  ..<......o....E_
00000890:  9A F3 D7 23 F4 90 9A CE B7 E4 5F 9F 68 7D 38 6E  ...#......_.h}8n
000008A0:  1B 63 6A 23 3B 21 E7 2C CB B2 54 89 13 EA 37 D6  .cj#;!.,..T...7.
000008B0:  1C E9 3F D8 98 10 BF 13 B6 A3 10 13 A4 76 D9 C4  ..?..........v..
000008C0:  D1 9A 89 AA 7F 1B BA 81 8E 25 C3 E3 98 C1 2F 53  .........%..../S
000008D0:  AA C1 63 E5 2F 53 27 27 A4 E2 69 0F E9 D7 C7 8D  ..c./S''..i.....
000008E0:  35 1F 13 7C BC 05 6E E3 3E F2 C7 89 DF 70 C6 E7  5..|..n.>....p..
000008F0:  61 20 AA 2A 4F 61 94 39 98 9D A5 1E 2B D2 30 DC  a .*Oa.9....+.0.
00000900:  B1 D9 73 E5 5F 0B 1E D5 B9 0C 77 B8 CD 93 EE B1  ..s._.....w.....
00000910:  98 D5 5B 4A CE 22 01 61 09 41 23 41 9F 3B D7 B0  ..[J.".a.A#A.;..
00000920:  46 A7 03 87 DC AF E3 77 EC 39 98 E6 61 0C 65 07  F......w.9..a.e.
00000930:  6C 57 44 85 9D 16 B3 E8 C9 8C 9B 55 35 CB 52 2E  lWD........U5.R.
00000940:  33 2D 6E C6 DD E2 52 35 A6 E1 D6 89 00 DF 96 2C  3-n...R5.......,
00000950:  E4 4A 4D 94 C2 DA 8D A6 45 89 15 16 AB AD 1F C7  .JM.....E.......
00000960:  11 03 02 82 16 E2 3B A8 B9 3F D6 C3 E9 04 C1 DA  ......;..?......
00000970:  EB 9E 6B 9B 9B FA FE 49 B7 62 92 96 2D 03 3D 5D  ..k....I.b..-.=]
00000980:  B2 71 72 00 AA 54 B2 EA 73 A3 51 C6 C9 CE 20 02  .qr..T..s.Q... .
00000990:  A3 0B 62 3B D6 99 7E 9A 71 BD 47 1F F8 6B 17 23  ..b;..~.q.G..k.#
000009A0:  47 CF 0A 57 B2 B1 59 57 87 27 4D C6 C6 00 99 6F  G..W..YW.'M....o
000009B0:  D8 86 E0 53 8A 7E F3 06 A6 F8 B9 48 61 83 E2 F0  ...S.~.....Ha...
000009C0:  45 FD 5B 57 AF 76 D3 1D 5E 40 75 1C D5 C4 1F 54  E.[W.v..^@u....T
000009D0:  B0 45 DE 7B C1 57 17 FF 61 17 F7 A4 EB 04 07 85  .E.{.W..a.......
000009E0:  9D 9C C1 99 70 8C 0F 2B 3B 85 67 31 27 1A 76 82  ....p..+;.g1'.v.
000009F0:  62 55 69 A0 47 6E B7 1C D4 AB 9B 88 12 F4 FC 5A  bUi.Gn.........Z
00000A00:  6B F6 57 81 23 F0 69 53 8C 0A F4 1E 52 33 48 D1  k.W.#.iS....R3H.
00000A10:  8D 28 A5 8F B6 10 0D 44 AB 72 8D AD B6 A7 FD 5D  .(.....D.r.....]
00000A20:  B2 49 EF 69 97 36 6A CE 5D CB A6 B9 FA C2 BE 7A  .I.i.6j.]......z
00000A30:  18 FD 54 EF 95 DD 53 09 EC D1 CA 35 B5 31 6D 8E  ..T...S....5.1m.
00000A40:  94 03 FF AC 87 85 C7 1C E6 D8 15 BC 31 AC 60 45  ............1.`E
00000A50:  BB C1 50 21 CB BA 78 E2 F5 F7 CE BB A8 B4 D8 23  ..P!..x........#
00000A60:  AD 92 D4 83 2B 0F 75 A1 99 D5 28 A2 0E 40 9A 8C  ....+.u...(..@..
00000A70:  C3 B7 B4 37 D9 08 00 00 00 00 00 00 00 00 00 00  ...7............
00000A80:  00 00 00 00 00 00 00 00 00 00 00 00 00 00 00 00  ................ [zeros]
00000A90:  00 00 00 00 00 00 00 00 00 00 00 00 00 00 00 00  ................ [zeros]
00000AA0:  00 00 00 00 00 00 00 00 00 00 00 00 00 00 00 00  ................ [zeros]
00000AB0:  00 00 00 00 00 00 00 00 00 00 00 00 00 00 00 00  ................ [zeros]
00000AC0:  00 00 00 00 00 00 00 00 00 00 00 00 00 00 00 00  ................ [zeros]
00000AD0:  00 00 00 00 00 00 00 00 00 00 00 00 00 00 00 00  ................ [zeros]
00000AE0:  00 00 00 00 00 00 00 00 00 00 00 00 00 00 00 00  ................ [zeros]
00000AF0:  00 00 00 00 00 00 00 00 00 00 00 00 00 00 00 00  ................ [zeros]
00000B00:  00 00 00 00 00 00 00 00 00 00 00 00 00 00 00 00  ................ [zeros]
00000B10:  00 00 00 00 00 00 00 00 00 00 00 00 00 00 00 00  ................ [zeros]
00000B20:  00 00 00 00 00 00 00 00 00 00 00 00 00 00 00 00  ................ [zeros]
00000B30:  00 00 00 00 00 00 00 00 00 00 00 00 00 00 00 00  ................ [zeros]
00000B40:  00 00 00 00 00 00 00 00 00 00 00 00 00 00 00 00  ................ [zeros]
00000B50:  00 00 00 00 00 00 00 00 00 00 00 00 00 00 00 00  ................ [zeros]
00000B60:  00 00 00 00 00 00 00 00 00 00 00 00 00 00 00 00  ................ [zeros]
00000B70:  00 00 00 00 00 00 00 00 00 00 00 00 00 00 00 00  ................ [zeros]
00000B80:  00 00 00 00 00 00 00 00 00 00 00 00 00 00 00 00  ................ [zeros]
00000B90:  00 00 00 00 00 00 00 00 00 00 00 00 00 00 00 00  ................ [zeros]
00000BA0:  00 00 00 00 00 00 00 00 00 00 00 00 00 00 00 00  ................ [zeros]
00000BB0:  00 00 00 00 00 00 00 00 00 00 00 00 00 00 00 00  ................ [zeros]
00000BC0:  00 00 00 00 00 00 00 00 00 00 00 00 00 00 00 00  ................ [zeros]
00000BD0:  00 00 00 00 00 00 00 00 00 00 00 00 00 00 00 00  ................ [zeros]
00000BE0:  00 00 00 00 00 00 00 00 00 00 00 00 00 00 00 00  ................ [zeros]
00000BF0:  00 00 00 00 00 00 00 00 00 00 00 00 00 00 00 00  ................ [zeros]
00000C00:  00 00 00 00 00 00 00 00 00 00 00 00 00 00 00 00  ................ [zeros]
00000C10:  00 00 00 00 00 00 00 00 00 00 00 00 00 00 00 00  ................ [zeros]
00000C20:  00 00 00 00 00 00 00 00 00 00 00 00 00 00 00 00  ................ [zeros]
00000C30:  00 00 00 00 00 00 00 00 00 00 00 00 00 00 00 00  ................ [zeros]
00000C40:  00 00 00 00 00 00 00 00 00 00 00 00 00 00 00 00  ................ [zeros]
00000C50:  00 00 00 00 00 00 00 00 00 00 00 00 00 00 00 00  ................ [zeros]
00000C60:  00 00 00 00 00 00 00 00 00 00 00 00 00 00 00 00  ................ [zeros]
00000C70:  00 00 00 00 00 00 00 00 00 00 00 00 00 00 00 00  ................ [zeros]
00000C80:  00 00 00 00 00 00 00 00 00 00 00 00 00 00 00 00  ................ [zeros]
00000C90:  00 00 00 00 00 00 00 00 00 00 00 00 00 00 00 00  ................ [zeros]
00000CA0:  00 00 00 00 00 00 00 00 00 00 00 00 00 00 00 00  ................ [zeros]
00000CB0:  00 00 00 00 00 00 00 00 00 00 00 00 00 00 00 00  ................ [zeros]
00000CC0:  00 00 00 00 00 00 00 00 00 00 00 00 00 00 00 00  ................ [zeros]
00000CD0:  00 00 00 00 00 00 00 00 00 00 00 00 00 00 00 00  ................ [zeros]
00000CE0:  00 00 00 00 00 00 00 00 00 00 00 00 00 00 00 00  ................ [zeros]
00000CF0:  00 00 00 00 00 00 00 00 00 00 00 00 00 00 00 00  ................ [zeros]
00000D00:  00 00 00 00 00 00 00 00 00 00 00 00 00 00 00 00  ................ [zeros]
00000D10:  00 00 00 00 00 00 00 00 00 00 00 00 00 00 00 00  ................ [zeros]
00000D20:  00 00 00 00 00 00 00 00 00 00 00 00 00 00 00 00  ................ [zeros]
00000D30:  00 00 00 00 00 00 00 00 00 00 00 00 00 00 00 00  ................ [zeros]
00000D40:  00 00 00 00 00 00 00 00 00 00 00 00 00 00 00 00  ................ [zeros]
00000D50:  00 00 00 00 00 00 00 00 00 00 00 00 00 00 00 00  ................ [zeros]
00000D60:  00 00 00 00 00 00 00 00 00 00 00 00 00 00 00 00  ................ [zeros]
00000D70:  00 00 00 00 00 00 00 00 00 00 00 00 00 00 00 00  ................ [zeros]
00000D80:  00 00 00 00 00 00 00 00 00 00 00 00 00 00 00 00  ................ [zeros]
00000D90:  00 00 00 00 00 00 00 00 00 00 00 00 00 00 00 00  ................ [zeros]
00000DA0:  00 00 00 00 00 00 00 00 00 00 00 00 00 00 00 00  ................ [zeros]
00000DB0:  00 00 00 00 00 00 00 00 00 00 00 00 00 00 00 00  ................ [zeros]
00000DC0:  00 00 00 00 00 00 00 00 00 00 00 00 00 00 00 00  ................ [zeros]
00000DD0:  00 00 00 00 00 00 00 00 00 00 00 00 00 00 00 00  ................ [zeros]
00000DE0:  00 00 00 00 00 00 00 00 00 00 00 00 00 00 00 00  ................ [zeros]
00000DF0:  00 00 00 00 00 00 00 00 00 00 00 00 00 00 00 00  ................ [zeros]
00000E00:  00 00 00 00 00 00 00 00 00 00 00 00 00 00 00 00  ................ [zeros]
00000E10:  00 00 00 00 00 00 00 00 00 00 00 00 00 00 00 00  ................ [zeros]
00000E20:  00 00 00 00 00 00 00 00 00 00 00 00 00 00 00 00  ................ [zeros]
00000E30:  00 00 00 00 00 00 00 00 00 00 00 00 00 00 00 00  ................ [zeros]
00000E40:  00 00 00 00 00 00 00 00 00 00 00 00 00 00 00 00  ................ [zeros]
00000E50:  00 00 00 00 00 00 00 00 00 00 00 00 00 00 00 00  ................ [zeros]
00000E60:  00 00 00 00 00 00 14 25 7F 41 85 10 44 8F 16 3B  .......%.A..D..;
00000E70:  27 09 8C 7A 6F 3A 00 00 00 00 00 00 00 00 00 00  '..zo:..........
00000E80:  00 00 00 00 00 00 00 00 00 00 00 00 00 00 00 00  ................ [zeros]
00000E90:  00 00 00 00 00 00 00 00 00 00 00 00 00 00 00 00  ................ [zeros]
00000EA0:  00 00 00 00 00 00 00 00 00 00 00 00 00 00 00 00  ................ [zeros]
00000EB0:  00 00 00 00 00 00 00 00 00 00 00 00 00 00 00 00  ................ [zeros]
00000EC0:  00 00 00 00 00 00 00 00 00 00 00 00 00 00 00 00  ................ [zeros]
00000ED0:  00 00 00 00 00 00 00 00 00 00 00 00 00 00 00 00  ................ [zeros]
00000EE0:  00 00 00 00 00 00 00 00 00 00 00 00 00 00 00 00  ................ [zeros]
00000EF0:  00 00 00 00 00 00 00 00 00 00 00 00 00 00 00 00  ................ [zeros]
00000F00:  00 00 00 00 00 00 00 00 00 00 00 00 00 00 00 00  ................ [zeros]
00000F10:  00 00 00 00 00 00 00 00 00 00 00 00 00 00 00 00  ................ [zeros]
00000F20:  00 00 00 00 00 00 00 00 00 00 00 00 00 00 00 00  ................ [zeros]
00000F30:  00 00 00 00 00 00 00 00 00 00 00 00 00 00 00 00  ................ [zeros]
00000F40:  00 00 00 00 00 00 00 00 00 00 00 00 00 00 00 00  ................ [zeros]
00000F50:  00 00 00 00 00 00 00 00 00 00 00 00 00 00 00 00  ................ [zeros]
00000F60:  00 00 00 00 00 00 00 00 00 00 00 00 00 00 00 00  ................ [zeros]
00000F70:  00 00 00 00 00 00 00 00 00 00 00 00 00 00 00 00  ................ [zeros]
00000F80:  00 00 00 00 00 00 00 00 00 00 00 00 00 00 00 00  ................ [zeros]
00000F90:  00 00 00 00 00 00 00 00 00 00 00 00 00 00 00 00  ................ [zeros]
00000FA0:  00 00 00 00 00 00 00 00 00 00 00 00 00 00 00 00  ................ [zeros]
00000FB0:  00 00 00 00 00 00 00 00 00 00 00 00 00 00 00 00  ................ [zeros]
00000FC0:  00 00 00 00 00 00 00 00 00 00 00 00 00 00 00 00  ................ [zeros]
00000FD0:  00 00 00 00 00 00 00 00 00 00 00 00 00 00 00 00  ................ [zeros]
00000FE0:  00 00 00 00 00 00 00 00 00 00 00 00 00 00 00 00  ................ [zeros]
00000FF0:  00 00 00 00 00 00 00 00 00 00 00 00 00 00 00 00  ................ [zeros]
00001000:  00 00 00 00 00 00 00 00 00 00 00 00 00 00 00 00  ................ [zeros]
00001010:  00 00 00 00 00 00 00 00 00 00 00 00 00 00 00 00  ................ [zeros]
00001020:  00 00 00 00 00 00 00 00 00 00 00 00 00 00 00 00  ................ [zeros]
00001030:  00 00 00 00 00 00 00 00 00 00 00 00 00 00 00 00  ................ [zeros]
00001040:  00 00 00 00 00 00 00 00 00 00 00 00 00 00 00 00  ................ [zeros]
00001050:  00 00 00 00 00 00 00 00 00 00 00 00 00 00 00 00  ................ [zeros]
00001060:  00 00 00 00 00 00 00 00 00 00 00 00 00 00 00 00  ................ [zeros]
00001070:  00 00 00 00 00 00 00 00 00 00 00 00 00 00 00 00  ................ [zeros]
00001080:  00 00 00 00 00 00 00 00 00 00 00 00 00 00 00 00  ................ [zeros]
00001090:  00 00 00 00 00 00 00 00 00 00 00 00 00 00 00 00  ................ [zeros]
000010A0:  00 00 00 00 00 00 00 00 00 00 00 00 00 00 00 00  ................ [zeros]
000010B0:  00 00 00 00 00 00 00 00 00 00 00 00 00 00 00 00  ................ [zeros]
000010C0:  00 00 00 00 00 00 00 00 00 00 00 00 00 00 00 00  ................ [zeros]
000010D0:  00 00 00 00 00 00 00 00 00 00 00 00 00 00 00 00  ................ [zeros]
000010E0:  00 00 00 00 00 00 00 00 00 00 00 00 00 00 00 00  ................ [zeros]
000010F0:  00 00 00 00 00 00 00 00 00 00 00 00 00 00 00 00  ................ [zeros]
00001100:  00 00 00 00 00 00 00 00 00 00 00 00 00 00 00 00  ................ [zeros]
00001110:  00 00 00 00 00 00 00 00 00 00 00 00 00 00 00 00  ................ [zeros]
00001120:  00 00 00 00 00 00 00 00 00 00 00 00 00 00 00 00  ................ [zeros]
00001130:  00 00 00 00 00 00 00 00 00 00 00 00 00 00 00 00  ................ [zeros]
00001140:  00 00 00 00 00 00 00 00 00 00 00 00 00 00 00 00  ................ [zeros]
00001150:  00 00 00 00 00 00 00 00 00 00 00 00 00 00 00 00  ................ [zeros]
00001160:  00 00 00 00 00 00 00 00 00 00 00 00 00 00 00 00  ................ [zeros]
00001170:  00 00 00 00 00 00 00 00 00 00 00 00 00 00 00 00  ................ [zeros]
00001180:  00 00 00 00 00 00 00 00 00 00 00 00 00 00 00 00  ................ [zeros]
00001190:  00 00 00 00 00 00 00 00 00 00 00 00 00 00 00 00  ................ [zeros]
000011A0:  00 00 00 00 00 00 00 00 00 00 00 00 00 00 00 00  ................ [zeros]
000011B0:  00 00 00 00 00 00 00 00 00 00 00 00 00 00 00 00  ................ [zeros]
000011C0:  00 00 00 00 00 00 00 00 00 00 00 00 00 00 00 00  ................ [zeros]
000011D0:  00 00 00 00 00 00 00 00 00 00 00 00 00 00 00 00  ................ [zeros]
000011E0:  00 00 00 00 00 00 00 00 00 00 00 00 00 00 00 00  ................ [zeros]
000011F0:  00 00 00 00 00 00 00 00 00 00 00 00 00 00 00 00  ................ [zeros]
00001200:  00 00 00 00 00 00 00 00 00 00 00 00 00 00 00 00  ................ [zeros]
00001210:  00 00 00 00 00 00 00 00 00 00 00 00 00 00 00 00  ................ [zeros]
00001220:  00 00 00 00 00 00 00 00 00 00 00 00 00 00 00 00  ................ [zeros]
00001230:  00 00 00 00 00 00 00 00 00 00 00 00 00 00 00 00  ................ [zeros]
00001240:  00 00 00 00 00 00 00 00 00 00 00 00 00 00 00 00  ................ [zeros]
00001250:  00 00 00 00 00 00 00 00 00 00 00 00 00 00 00 00  ................ [zeros]
00001260:  00 00 00 00 00 00 60 8A 30 87 4A A5 CC E2 42 43  ......`.0.J...BC
00001270:  90 A7 10 03 75 57 00 00 00 00 00 00 00 00 00 00  ....uW..........
00001280:  00 00 00 00 00 00 00 00 00 00 00 00 00 00 00 00  ................ [zeros]
00001290:  00 00 00 00 00 00 00 00 00 00 00 00 00 00 00 00  ................ [zeros]
000012A0:  00 00 00 00 00 00 00 00 00 00 00 00 00 00 00 00  ................ [zeros]
000012B0:  00 00 00 00 00 00 00 00 00 00 00 00 00 00 00 00  ................ [zeros]
000012C0:  00 00 00 00 00 00 00 00 00 00 00 00 00 00 00 00  ................ [zeros]
000012D0:  00 00 00 00 00 00 00 00 00 00 00 00 00 00 00 00  ................ [zeros]
000012E0:  00 00 00 00 00 00 00 00 00 00 00 00 00 00 00 00  ................ [zeros]
000012F0:  00 00 00 00 00 00 00 00 00 00 00 00 00 00 00 00  ................ [zeros]
00001300:  00 00 00 00 00 00 00 00 00 00 00 00 00 00 00 00  ................ [zeros]
00001310:  00 00 00 00 00 00 00 00 00 00 00 00 00 00 00 00  ................ [zeros]
00001320:  00 00 00 00 00 00 00 00 00 00 00 00 00 00 00 00  ................ [zeros]
00001330:  00 00 00 00 00 00 00 00 00 00 00 00 00 00 00 00  ................ [zeros]
00001340:  00 00 00 00 00 00 00 00 00 00 00 00 00 00 00 00  ................ [zeros]
00001350:  00 00 00 00 00 00 00 00 00 00 00 00 00 00 00 00  ................ [zeros]
00001360:  00 00 00 00 00 00 00 00 00 00 00 00 00 00 00 00  ................ [zeros]
00001370:  00 00 00 00 00 00 00 00 00 00 00 00 00 00 00 00  ................ [zeros]
00001380:  00 00 00 00 00 00 00 00 00 00 00 00 00 00 00 00  ................ [zeros]
00001390:  00 00 00 00 00 00 00 00 00 00 00 00 00 00 00 00  ................ [zeros]
000013A0:  00 00 00 00 00 00 00 00 00 00 00 00 00 00 00 00  ................ [zeros]
000013B0:  00 00 00 00 00 00 00 00 00 00 00 00 00 00 00 00  ................ [zeros]
000013C0:  00 00 00 00 00 00 00 00 00 00 00 00 00 00 00 00  ................ [zeros]
000013D0:  00 00 00 00 00 00 00 00 00 00 00 00 00 00 00 00  ................ [zeros]
000013E0:  00 00 00 00 00 00 00 00 00 00 00 00 00 00 00 00  ................ [zeros]
000013F0:  00 00 00 00 00 00 00 00 00 00 00 00 00 00 00 00  ................ [zeros]
00001400:  00 00 00 00 00 00 00 00 00 00 00 00 00 00 00 00  ................ [zeros]
00001410:  00 00 00 00 00 00 00 00 00 00 00 00 00 00 00 00  ................ [zeros]
00001420:  00 00 00 00 00 00 00 00 00 00 00 00 00 00 00 00  ................ [zeros]
00001430:  00 00 00 00 00 00 00 00 00 00 00 00 00 00 00 00  ................ [zeros]
00001440:  00 00 00 00 00 00 00 00 00 00 00 00 00 00 00 00  ................ [zeros]
00001450:  00 00 00 00 00 00 00 00 00 00 00 00 00 00 00 00  ................ [zeros]
00001460:  00 00 00 00 00 00 00 00 00 00 00 00 00 00 00 00  ................ [zeros]
00001470:  00 00 00 00 00 00 00 00 00 00 00 00 00 00 00 00  ................ [zeros]
00001480:  00 00 00 00 00 00 00 00 00 00 00 00 00 00 00 00  ................ [zeros]
00001490:  00 00 00 00 00 00 00 00 00 00 00 00 00 00 00 00  ................ [zeros]
000014A0:  00 00 00 00 00 00 00 00 00 00 00 00 00 00 00 00  ................ [zeros]
000014B0:  00 00 00 00 00 00 00 00 00 00 00 00 00 00 00 00  ................ [zeros]
000014C0:  00 00 00 00 00 00 00 00 00 00 00 00 00 00 00 00  ................ [zeros]
000014D0:  00 00 00 00 00 00 00 00 00 00 00 00 00 00 00 00  ................ [zeros]
000014E0:  00 00 00 00 00 00 00 00 00 00 00 00 00 00 00 00  ................ [zeros]
000014F0:  00 00 00 00 00 00 00 00 00 00 00 00 00 00 00 00  ................ [zeros]
00001500:  00 00 00 00 00 00 00 00 00 00 00 00 00 00 00 00  ................ [zeros]
00001510:  00 00 00 00 00 00 00 00 00 00 00 00 00 00 00 00  ................ [zeros]
00001520:  00 00 00 00 00 00 00 00 00 00 00 00 00 00 00 00  ................ [zeros]
00001530:  00 00 00 00 00 00 00 00 00 00 00 00 00 00 00 00  ................ [zeros]
00001540:  00 00 00 00 00 00 00 00 00 00 00 00 00 00 00 00  ................ [zeros]
00001550:  00 00 00 00 00 00 00 00 00 00 00 00 00 00 00 00  ................ [zeros]
00001560:  00 00 00 00 00 00 00 00 00 00 00 00 00 00 00 00  ................ [zeros]
00001570:  00 00 00 00 00 00 00 00 00 00 00 00 00 00 00 00  ................ [zeros]
00001580:  00 00 00 00 00 00 00 00 00 00 00 00 00 00 00 00  ................ [zeros]
00001590:  00 00 00 00 00 00 00 00 00 00 00 00 00 00 00 00  ................ [zeros]
000015A0:  00 00 00 00 00 00 00 00 00 00 00 00 00 00 00 00  ................ [zeros]
000015B0:  00 00 00 00 00 00 00 00 00 00 00 00 00 00 00 00  ................ [zeros]
000015C0:  00 00 00 00 00 00 00 00 00 00 00 00 00 00 00 00  ................ [zeros]
000015D0:  00 00 00 00 00 00 00 00 00 00 00 00 00 00 00 00  ................ [zeros]
000015E0:  00 00 00 00 00 00 00 00 00 00 00 00 00 00 00 00  ................ [zeros]
000015F0:  00 00 00 00 00 00 00 00 00 00 00 00 00 00 00 00  ................ [zeros]
00001600:  00 00 00 00 00 00 00 00 00 00 00 00 00 00 00 00  ................ [zeros]
00001610:  00 00 00 00 00 00 00 00 00 00 00 00 00 00 00 00  ................ [zeros]
00001620:  00 00 00 00 00 00 00 00 00 00 00 00 00 00 00 00  ................ [zeros]
00001630:  00 00 00 00 00 00 00 00 00 00 00 00 00 00 00 00  ................ [zeros]
00001640:  00 00 00 00 00 00 00 00 00 00 00 00 00 00 00 00  ................ [zeros]
00001650:  00 00 00 00 00 00 00 00 00 00 00 00 00 00 00 00  ................ [zeros]
00001660:  00 00 00 00 00 00 4B 31 98 86 AE 36 80 88 E0 8A  ......K1...6....
00001670:  FE 3C A8 BF DD 7C 00 00 00 00 00 00 00 00 00 00  .<...|..........
00001680:  00 00 00 00 00 00 00 00 00 00 00 00 00 00 00 00  ................ [zeros]
00001690:  00 00 00 00 00 00 00 00 00 00 00 00 00 00 00 00  ................ [zeros]
000016A0:  00 00 00 00 00 00 00 00 00 00 00 00 00 00 00 00  ................ [zeros]
000016B0:  00 00 00 00 00 00 00 00 00 00 00 00 00 00 00 00  ................ [zeros]
000016C0:  00 00 00 00 00 00 00 00 00 00 00 00 00 00 00 00  ................ [zeros]
000016D0:  00 00 00 00 00 00 00 00 00 00 00 00 00 00 00 00  ................ [zeros]
000016E0:  00 00 00 00 00 00 00 00 00 00 00 00 00 00 00 00  ................ [zeros]
000016F0:  00 00 00 00 00 00 00 00 00 00 00 00 00 00 00 00  ................ [zeros]
00001700:  00 00 00 00 00 00 00 00 00 00 00 00 00 00 00 00  ................ [zeros]
00001710:  00 00 00 00 00 00 00 00 00 00 00 00 00 00 00 00  ................ [zeros]
00001720:  00 00 00 00 00 00 00 00 00 00 00 00 00 00 00 00  ................ [zeros]
00001730:  00 00 00 00 00 00 00 00 00 00 00 00 00 00 00 00  ................ [zeros]
00001740:  00 00 00 00 00 00 00 00 00 00 00 00 00 00 00 00  ................ [zeros]
00001750:  00 00 00 00 00 00 00 00 00 00 00 00 00 00 00 00  ................ [zeros]
00001760:  00 00 00 00 00 00 00 00 00 00 00 00 00 00 00 00  ................ [zeros]
00001770:  00 00 00 00 00 00 00 00 00 00 00 00 00 00 00 00  ................ [zeros]
00001780:  00 00 00 00 00 00 00 00 00 00 00 00 00 00 00 00  ................ [zeros]
00001790:  00 00 00 00 00 00 00 00 00 00 00 00 00 00 00 00  ................ [zeros]
000017A0:  00 00 00 00 00 00 00 00 00 00 00 00 00 00 00 00  ................ [zeros]
000017B0:  00 00 00 00 00 00 00 00 00 00 00 00 00 00 00 00  ................ [zeros]
000017C0:  00 00 00 00 00 00 00 00 00 00 00 00 00 00 00 00  ................ [zeros]
000017D0:  00 00 00 00 00 00 00 00 00 00 00 00 00 00 00 00  ................ [zeros]
000017E0:  00 00 00 00 00 00 00 00 00 00 00 00 00 00 00 00  ................ [zeros]
000017F0:  00 00 00 00 00 00 00 00 00 00 00 00 00 00 00 00  ................ [zeros]
00001800:  00 00 00 00 00 00 00 00 00 00 00 00 00 00 00 00  ................ [zeros]
00001810:  00 00 00 00 00 00 00 00 00 00 00 00 00 00 00 00  ................ [zeros]
00001820:  00 00 00 00 00 00 00 00 00 00 00 00 00 00 00 00  ................ [zeros]
00001830:  00 00 00 00 00 00 00 00 00 00 00 00 00 00 00 00  ................ [zeros]
00001840:  00 00 00 00 00 00 00 00 00 00 00 00 00 00 00 00  ................ [zeros]
00001850:  00 00 00 00 00 00 00 00 00 00 00 00 00 00 00 00  ................ [zeros]
00001860:  00 00 00 00 00 00 00 00 00 00 00 00 00 00 00 00  ................ [zeros]
00001870:  00 00 00 00 00 00 00 00 00 00 00 00 00 00 00 00  ................ [zeros]
00001880:  00 00 00 00 00 00 00 00 00 00 00 00 00 00 00 00  ................ [zeros]
00001890:  00 00 00 00 00 00 00 00 00 00 00 00 00 00 00 00  ................ [zeros]
000018A0:  00 00 00 00 00 00 00 00 00 00 00 00 00 00 00 00  ................ [zeros]
000018B0:  00 00 00 00 00 00 00 00 00 00 00 00 00 00 00 00  ................ [zeros]
000018C0:  00 00 00 00 00 00 00 00 00 00 00 00 00 00 00 00  ................ [zeros]
000018D0:  00 00 00 00 00 00 00 00 00 00 00 00 00 00 00 00  ................ [zeros]
000018E0:  00 00 00 00 00 00 00 00 00 00 00 00 00 00 00 00  ................ [zeros]
000018F0:  00 00 00 00 00 00 00 00 00 00 00 00 00 00 00 00  ................ [zeros]
00001900:  00 00 00 00 00 00 00 00 00 00 00 00 00 00 00 00  ................ [zeros]
00001910:  00 00 00 00 00 00 00 00 00 00 00 00 00 00 00 00  ................ [zeros]
00001920:  00 00 00 00 00 00 00 00 00 00 00 00 00 00 00 00  ................ [zeros]
00001930:  00 00 00 00 00 00 00 00 00 00 00 00 00 00 00 00  ................ [zeros]
00001940:  00 00 00 00 00 00 00 00 00 00 00 00 00 00 00 00  ................ [zeros]
00001950:  00 00 00 00 00 00 00 00 00 00 00 00 00 00 00 00  ................ [zeros]
00001960:  00 00 00 00 00 00 00 00 00 00 00 00 00 00 00 00  ................ [zeros]
00001970:  00 00 00 00 00 00 00 00 00 00 00 00 00 00 00 00  ................ [zeros]
00001980:  00 00 00 00 00 00 00 00 00 00 00 00 00 00 00 00  ................ [zeros]
00001990:  00 00 00 00 00 00 00 00 00 00 00 00 00 00 00 00  ................ [zeros]
000019A0:  00 00 00 00 00 00 00 00 00 00 00 00 00 00 00 00  ................ [zeros]
000019B0:  00 00 00 00 00 00 00 00 00 00 00 00 00 00 00 00  ................ [zeros]
000019C0:  00 00 00 00 00 00 00 00 00 00 00 00 00 00 00 00  ................ [zeros]
000019D0:  00 00 00 00 00 00 00 00 00 00 00 00 00 00 00 00  ................ [zeros]
000019E0:  00 00 00 00 00 00 00 00 00 00 00 00 00 00 00 00  ................ [zeros]
000019F0:  00 00 00 00 00 00 00 00 00 00 00 00 00 00 00 00  ................ [zeros]
00001A00:  00 00 00 00 00 00 00 00 00 00 00 00 00 00 00 00  ................ [zeros]
00001A10:  00 00 00 00 00 00 00 00 00 00 00 00 00 00 00 00  ................ [zeros]
00001A20:  00 00 00 00 00 00 00 00 00 00 00 00 00 00 00 00  ................ [zeros]
00001A30:  00 00 00 00 00 00 00 00 00 00 00 00 00 00 00 00  ................ [zeros]
00001A40:  00 00 00 00 00 00 00 00 00 00 00 00 00 00 00 00  ................ [zeros]
00001A50:  00 00 00 00 00 00 00 00 00 00 00 00 00 00 00 00  ................ [zeros]
00001A60:  00 00 00 00 00 00 00 00 00 00 00 00 00 00 00 00  ................ [zeros]
00001A70:  00 00 00 00 00 00 48 26 2A 7D AB 7E 5A 32 91 C3  ......H&*}.~Z2..
00001A80:  D6 1C D6 3D C4 E7 2C 4A 6D F0 54 4C 89 61 60 8C  ...=..,Jm.TL.a`.
00001A90:  3E 0E 87 7F C4 FC DC FF 16 37 E7 EC 42 80 FB CE  >........7..B...
00001AA0:  3A B7 B6 BA E4 D6 9C 33 DB 77 2C 07 05 37 7E 12  :......3.w,..7~.
00001AB0:  CB DC 9F 64 0E C1 1B C5 84 1A 4D 17 F6 0A DD 67  ...d......M....g
00001AC0:  25 43 3C FC 04 6F 5E D6 25 F9 89 EE DA A4 AE CA  %C<..o^.%.......
00001AD0:  BF 7C CD 70 C5 F4 EB 84 B2 B0 90 5C 1D 7D 0A 89  .|.p.......\.}..
00001AE0:  0F 17 CD 6D 17 44 CC 7B 10 21 9D DE 71 8E 67 48  ...m.D.{.!..q.gH
00001AF0:  6E 1E C4 9E D0 2E 71 11 BF E0 0A 4D 40 33 84 53  n.....q....M@3.S
00001B00:  FB A6 90 AA 24 29 B3 01 20 78 77 B8 E4 60 C7 79  ....$).. xw..`.y
00001B10:  48 CA BB BA E5 BD 72 7A B2 04 14 E2 CD 5C A4 AF  H.....rz.....\..
00001B20:  75 76 73 12 42 36 3F A9 36 98 67 07 6E 97 31 5E  uvs.B6?.6.g.n.1^
00001B30:  8D 89 DF 2C BE B3 D9 2F 9A 26 D9 9E 7B C7 B6 DC  ...,.../.&..{...
00001B40:  DB 37 8A 09 35 4C 5E C6 D3 1E 4A 11 A8 88 DB 06  .7..5L^...J.....
00001B50:  1D 09 18 A9 23 A1 FA 94 FF AD 98 4C 9A BC 91 06  ....#......L....
00001B60:  C0 F6 26 C4 5E 44 1D 04 7C 34 D0 07 3C 52 ED FA  ..&.^D..|4..<R..
00001B70:  22 05 B5 7E 75 62 32 A5 4A A5 DF F2 31 BC 25 00  "..~ub2.J...1.%.
00001B80:  78 8E A7 B3 53 80 A3 3D 38 B1 C7 12 7E C7 8A 1E  x...S..=8...~...
00001B90:  49 C5 C9 95 97 E1 91 DE 62 5B 01 FB 7B 4E 26 C3  I.......b[..{N&.
00001BA0:  17 1C 5F 04 2D E5 9C 67 05 8B EB 80 11 01 CF B4  .._.-..g........
00001BB0:  97 DD B9 BF 3F 03 DC B5 B9 6D BB A6 E3 2F 48 5A  ....?....m.../HZ
00001BC0:  C0 27 89 45 32 AD EC 80 04 86 08 85 F1 E2 11 8A  .'.E2...........
00001BD0:  69 1E B4 C7 AD 9D 8A EF F5 AA 21 A9 93 A5 15 1A  i.........!.....
00001BE0:  D1 1B 16 D3 BC 58 06 8A 1F 97 A4 A8 4B EB D9 CB  .....X......K...
00001BF0:  9E 25 02 4F BB B0 86 84 B4 7E D9 24 E0 9E B4 17  .%.O.....~.$....
00001C00:  EE 7A AA 47 EA C1 F4 17 FE 6F 83 2A E9 16 F3 39  .z.G.....o.*...9
00001C10:  98 57 8C 8A 0A 41 28 74 E5 0C 7F 0B D3 77 FB FE  .W...A(t.....w..
00001C20:  8B 18 83 89 1E 17 D1 62 59 4A 8A 9D B2 E4 8E AA  .......bYJ......
00001C30:  65 5C 49 87 A5 05 96 B6 7E F0 EE C8 E9 6F 2F DD  e\I.....~....o/.
00001C40:  FB 67 06 65 9F 65 AA 09 F7 B2 A5 CA 71 8B DF DB  .g.e.e......q...
00001C50:  2D 16 09 5D 6A 39 A3 B1 7A 07 D3 E2 87 EF 07 DE  -..]j9..z.......
00001C60:  DB 29 88 35 DB AF 5D F0 F9 A6 88 20 9B 77 73 28  .).5..].... .ws(
00001C70:  3B 38 DC 99 43 A8 4A 37 27 5B 28 62 F3 F7 E1 18  ;8..C.J7'[(b....
00001C80:  06 BD 0D D5 AF 08 A3 A9 A4 EE AB 8C 7B 2D 38 81  ............{-8.
00001C90:  00 55 A3 56 43 C8 2B DF 53 57 7B AE 0E 8B A1 86  .U.VC.+.SW{.....
00001CA0:  89 61 9C CB 61 01 B9 9A E5 A0 B1 09 2B DE B2 2C  .a..a.......+..,
00001CB0:  A6 68 99 BD 02 87 ED 74 03 8F DA 3A 40 25 5A 18  .h.....t...:@%Z.
00001CC0:  25 F2 26 BE 51 A7 9D 2B F0 7E 46 CB 42 9E D6 30  %.&.Q..+.~F.B..0
00001CD0:  15 91 03 57 21 9F CD C1 8F 23 BB 49 71 28 10 BE  ...W!....#.Iq(..
00001CE0:  95 AA 47 3E 66 CA 95 8F 57 28 B5 6D A0 2F 8D 1F  ..G>f...W(.m./..
00001CF0:  FF AD C7 D9 56 44 CA 75 77 17 58 7B 0D 4B 92 1C  ....VD.uw.X{.K..
00001D00:  EF 0E 27 F4 13 09 10 2F B9 50 E3 D6 D3 C0 19 97  ..'..../.P......
00001D10:  62 AD B0 2A 3D 43 60 FB E4 C2 5E 43 D0 A6 72 21  b..*=C`...^C..r!
00001D20:  59 E1 E2 61 51 9C 20 4C E0 F2 3A 81 44 B3 F7 BC  Y..aQ. L..:.D...
00001D30:  A5 8D 78 17 C2 9C 41 53 37 8D BE D0 4C 6E 7D A8  ..x...AS7...Ln}.
00001D40:  D2 21 76 4E 02 31 28 85 59 C7 6A BE 4E F3 82 F5  .!vN.1(.Y.j.N...
00001D50:  AB E0 ED D9 04 9B 1E AF 3B EE 7A 38 C8 D0 56 24  ........;.z8..V$
00001D60:  36 7A 2B 5D 7A 6C F8 1F EB B2 6F B7 CC E6 AA CF  6z+]zl....o.....
00001D70:  02 AB 18 BD 90 D5 E2 CA 9C 63 05 39 FE EA 63 A6  .........c.9..c.
00001D80:  FE 73 56 4F 30 3D 77 39 B6 10 5C 31 83 10 67 7D  .sVO0=w9..\1..g}
00001D90:  93 8C 71 38 7E 8C E8 8C BD 40 E6 50 74 66 77 9F  ..q8~....@.Ptfw.
00001DA0:  DB 5D E2 FE A9 D0 32 E1 26 8F DF 6E 9D 82 1A F2  .]....2.&..n....
00001DB0:  16 C2 C1 B4 51 C9 21 1B A0 D4 80 93 02 50 DD CC  ....Q.!......P..
00001DC0:  2C 65 79 7D F0 20 0B 40 CB A7 54 79 EF 6E 42 44  ,ey}. .@..Ty.nBD
00001DD0:  60 64 31 A0 44 A2 8F C6 56 7F B4 C5 51 41 55 1D  `d1.D...V...QAU.
00001DE0:  CB 75 29 C5 C3 DB 8B 07 A0 FD E3 1E BD 8E 19 AF  .u).............
00001DF0:  E3 FF 64 ED F4 60 F4 B4 3C F2 16 5F 52 0C C3 A1  ..d..`..<.._R...
00001E00:  75 D5 BD 69 19 97 2D 24 BF 28 AC 18 06 51 E6 A5  u..i..-$.(...Q..
00001E10:  E3 16 F4 29 65 7E 2B 20 9C 23 4F 6A B7 D7 24 D1  ...)e~+ .#Oj..$.
00001E20:  8C F0 3C E5 67 D7 A9 B3 37 2C CE BA 93 BA 18 EC  ..<.g...7,......
00001E30:  87 65 48 D3 46 C6 D7 4F 02 77 60 C0 BB 79 3E 4E  .eH.F..O.w`..y>N
00001E40:  47 98 FF DB 1B FB 1A 0E EB ED 3C 32 F4 69 B5 96  G.........<2.i..
00001E50:  F0 4D 56 79 ED 48 74 DA 61 15 CE 0E 61 26 36 D6  .MVy.Ht.a...a&6.
00001E60:  C3 A7 7E 75 9C 29 BC C0 84 5C 29 F9 42 89 20 5C  ..~u.)...\).B. \
00001E70:  37 BE 7C 9C F6 16 3D 18 ED C8 7B EC 3A 83 64 55  7.|...=...{.:.dU
00001E80:  00 07 64 9B 13 0E 1C 2F E2 68 A8 D3 A5 B3 38 14  ..d..../.h....8.
00001E90:  BA 74 09 04 3A FA 18 00 61 49 0B 9C F1 5F CD 59  .t..:...aI..._.Y
00001EA0:  8A BC F6 C1 A7 28 E8 52 C0 A2 F7 F3 45 D9 FC D0  .....(.R....E...
00001EB0:  60 E3 56 4A 60 4B BB 02 B2 18 9C 49 8E F0 CA 83  `.VJ`K.....I....
00001EC0:  3D 4C 0F F4 85 49 41 5B 58 9B 7A 17 2F F0 60 D7  =L...IA[X.z./.`.
00001ED0:  C6 E9 A6 13 67 32 EB BE AE F1 36 AA 84 41 E7 A4  ....g2....6..A..
00001EE0:  2B 00 62 D9 15 E8 3F 98 26 2F 96 38 3E 26 99 5F  +.b...?.&/.8>&._
00001EF0:  E5 48 D2 47 9F 54 5A B2 3C 3C B9 68 E2 B8 99 C7  .H.G.TZ.<<.h....
00001F00:  46 E2 FE E9 96 AE 05 7C D6 AE D1 BF 8A AC 3F 0A  F......|......?.
00001F10:  C9 8C 4E 65 F9 50 28 FF 17 03 7F AE 58 FE D1 89  ..Ne.P(.....X...
00001F20:  9A 34 8E 77 BE 81 6D 45 3A 11 1E 53 73 38 B9 E9  .4.w..mE:..Ss8..
00001F30:  96 24 D8 AA 63 CF E2 1F 55 5F 6A FD 77 17 56 D7  .$..c...U_j.w.V.
00001F40:  DB D0 36 4D F6 1F 1F 78 F1 77 6E EE 57 56 07 43  ..6M...x.wn.WV.C
00001F50:  AD 97 0D 41 E8 B6 37 3D 13 32 D7 DF 5C 1C 0D 22  ...A..7=.2..\.."
00001F60:  59 63 F0 03 F3 C0 78 1A D7 2E BB C0 BB 20 62 A8  Yc....x...... b.
00001F70:  CF 84 4A DC C0 16 54 8A 51 B5 FD B6 DC 2C D3 BD  ..J...T.Q....,..
00001F80:  E1 50 53 39 D3 70 93 B9 63 03 C3 5E 11 B3 34 A9  .PS9.p..c..^..4.
00001F90:  94 7E B9 72 1D 64 32 E1 26 8F DF 6E 9D 82 1A F2  .~.r.d2.&..n....
00001FA0:  16 C2 C1 B4 51 C9 AF A1 F0 B9 5C 62 84 49 90 ED  ....Q.....\b.I..
00001FB0:  14 08 A5 64 8C EA A9 DB 02 31 06 34 20 56 FB 9E  ...d.....1.4 V..
00001FC0:  6B 1F 13 7A D5 06 8F C6 56 7F B4 C5 51 41 55 1D  k..z....V...QAU.
00001FD0:  CB 75 29 C5 C3 DB 8F 2E 98 3E F9 4E DC B9 36 FC  .u)......>.N..6.
00001FE0:  69 0F 47 49 CA 40 07 20 79 83 51 B5 F0 52 F0 FE  i.GI.@. y.Q..R..
00001FF0:  42 67 1A 6D 55 71 6A B5 1B 7C FC B3 66 48 92 E2  Bg.mUqj..|..fH..
00002000:  E8 C9 5B 58 92 12 CA F3 33 00 47 7E 08 D4 BE 2E  ..[X....3.G~....
00002010:  7D BE 49 8C 15 CF 8A EF F5 AA 21 A9 93 A5 15 1A  }.I.......!.....
00002020:  D1 1B 16 D3 BC 58 C5 D1 97 EE F7 1B 5A A4 B1 B3  .....X......Z...
00002030:  B8 B3 DE 17 2E E4 72 92 E0 DB F5 3F 4A 8A 66 F4  ......r....?J.f.
00002040:  AE 75 DA 4E 25 32 11 A4 8D 02 7C BC 48 5A 8A 91  .u.N%2....|.HZ..
00002050:  08 74 50 2F 4F 9F 0F E5 E1 B7 59 D0 83 19 3C 2E  .tP/O.....Y...<.
00002060:  0E D3 B6 3E 41 F4 BC F5 64 2B F9 1C CF F9 A3 4D  ...>A...d+.....M
00002070:  37 ED 4E 7E CD 61 0E ED 39 B0 FB F2 FA 7B A9 5C  7.N~.a..9....{.\
00002080:  27 06 B7 D5 B8 16 3D A2 61 07 EE 4C 30 DA 28 7F  '.....=.a..L0.(.
00002090:  84 99 3E C1 2E 31 FA 74 0E 40 16 DC 83 D6 95 3B  ..>..1.t.@.....;
000020A0:  DA 12 B6 DB 2C 07 54 3F B5 91 62 9F 68 CF 3C B3  ....,.T?..b.h.<.
000020B0:  8E 2A 57 5C 29 B8 D4 D1 4F D6 2C E2 5B 78 D3 2C  .*W\)...O.,.[x.,
000020C0:  FB 34 C7 53 8A C5 19 52 6A 81 63 B5 EE 60 29 0B  .4.S...Rj.c..`).
000020D0:  23 6D 29 CF 79 0F 1D F9 35 8E F2 D7 E3 D1 4B 43  #m).y...5.....KC
000020E0:  77 3C CD E2 25 A2 E5 9A 6E 28 6F E4 05 FF 95 EE  w<..%...n(o.....
000020F0:  97 BF 0E 6E 7C 50 68 6D 97 5A AC 45 8F 6F 9A 27  ...n|Phm.Z.E.o.'
00002100:  CF 34 A4 53 3F 3F D5 0B A6 85 AA A4 BC C9 17 59  .4.S??.........Y
00002110:  E0 71 8B 25 9F 9F 8E FD 25 D6 03 5A 79 95 D3 FB  .q.%....%..Zy...
00002120:  30 E8 64 DE 82 D6 4E 5B C8 C3 D5 24 81 CA FE 6C  0.d...N[...$...l
00002130:  76 53 2A 9E 5C 7E C5 D1 97 EE F7 1B 5A A4 B1 B3  vS*.\~......Z...
00002140:  B8 B3 DE 17 2E E4 72 92 E0 DB F5 3F 4A 8A 66 F4  ......r....?J.f.
00002150:  AE 75 DA 4E 25 32 11 A4 8D 02 7C BC 48 5A 8A 91  .u.N%2....|.HZ..
00002160:  08 74 50 2F 4F 9F 5D DA B9 56 BE 99 2E 71 5D 47  .tP/O.]..V...q]G
00002170:  FA 37 B7 71 5E 7D 14 19 EC 0B 73 0D 3E 85 80 85  .7.q^}....s.>...
00002180:  65 47 E2 94 04 B5 54 3F B5 91 62 9F 68 CF 3C B3  eG....T?..b.h.<.
00002190:  8E 2A 57 5C 29 B8 90 E8 07 B9 BC 00 57 BD 6A 02  .*W\).......W.j.
000021A0:  30 20 03 BA F7 5F 3D 18 ED C8 7B EC 3A 83 64 55  0 ..._=...{.:.dU
000021B0:  00 07 64 9B 13 0E 08 E0 F5 0D 1B A8 49 D5 DA 12  ..d.........I...
000021C0:  35 FF B3 B2 2B AC 0D EA EF 9A DF A6 00 ED 5E 70  5...+.........^p
000021D0:  58 6F A5 EB EF A7 7F 5D 4E DB 2C 11 4B 4C 89 66  Xo.....]N.,.KL.f
000021E0:  90 F3 7F 09 53 AF DA E8 87 34 F7 E5 B6 A0 59 BA  ....S....4....Y.
000021F0:  32 71 F6 52 F6 FF FF 88 66 5F B3 97 17 6C 45 89  2q.R....f_...lE.
00002200:  B0 2B 25 9C E8 85 9A 8C BE CC 0E DA 69 6C C9 74  .+%.........il.t
00002210:  D1 7C B3 70 1E C2 6B 1A D0 B7 04 D6 01 59 2F 03  .|.p..k......Y/.
00002220:  55 4C 6B 6B 3C B4 8B 10 63 EA 0F FE 25 55 6F ED  ULkk<...c...%Uo.
00002230:  FA 68 BC 6E 71 8A 1F 78 F1 77 6E EE 57 56 07 43  .h.nq..x.wn.WV.C
00002240:  AD 97 0D 41 E8 B6 37 3D 13 32 D7 DF 5C 1C 0D 22  ...A..7=.2..\.."
00002250:  59 63 F0 03 F3 C0 78 1A D7 2E BB C0 BB 20 62 A8  Yc....x...... b.
00002260:  CF 84 4A DC C0 16 54 8A 51 B5 FD B6 DC 2C D3 BD  ..J...T.Q....,..
00002270:  E1 50 53 39 D3 70 5C 6A 06 2A CD 88 CC F0 0C 96  .PS9.p\j.*......
00002280:  72 41 B7 4F 7E A7 D3 89 5F B4 6A 3F 7A 01 13 B7  rA.O~..._.j?z...
00002290:  D4 09 DC A4 E7 C1 58 D3 34 F4 76 AF 55 42 7C A5  ......X.4.v.UB|.
000022A0:  13 A7 91 B5 4C 08 A9 DB 02 31 06 34 20 56 FB 9E  ....L....1.4 V..
000022B0:  6B 1F 13 7A D5 06 8F C6 56 7F B4 C5 51 41 55 1D  k..z....V...QAU.
000022C0:  CB 75 29 C5 C3 DB 2E E8 7A 03 D1 2B 30 6A 2F 5B  .u).....z..+0j/[
000022D0:  B8 5A 6B E4 7D 76 07 20 79 83 51 B5 F0 52 F0 FE  .Zk.}v. y.Q..R..
000022E0:  42 67 1A 6D 55 71 2D 24 BF 28 AC 18 06 51 E6 A5  Bg.mUq-$.(...Q..
000022F0:  E3 16 F4 29 65 7E 2B 20 9C 23 4F 6A B7 D7 24 D1  ...)e~+ .#Oj..$.
00002300:  8C F0 3C E5 67 D7 A9 B3 37 2C CE BA 93 BA 18 EC  ..<.g...7,......
00002310:  87 65 48 D3 46 C6 D7 4F 02 77 60 C0 BB 79 3E 4E  .eH.F..O.w`..y>N
00002320:  47 98 FF DB 1B FB 6D CC FC D8 83 D4 AE BE 0A D8  G.....m.........
00002330:  26 F0 71 8D AB 83 4D F8 9E BE 56 50 72 BE 4A 08  &.q...M...VPr.J.
00002340:  0D A9 51 D2 E7 9F 74 BE 98 08 75 E3 1D A6 3C 37  ..Q...t...u...<7
00002350:  B2 78 A2 82 40 B4 8D F3 C8 F9 71 D1 3F EA 67 4C  .x..@.....q.?.gL
00002360:  01 F2 99 38 66 39 F7 7A 30 70 6C D3 76 9C 0B CC  ...8f9.z0pl.v...
00002370:  5B 64 63 D3 18 AF A9 FD 0E B5 E7 4C E3 FD 91 2D  [dc........L...-
00002380:  19 41 E1 36 41 38 CB 7E CA FC E2 2B 66 57 07 AF  .A.6A8.~...+fW..
00002390:  98 C2 CB E8 71 5F E5 1C 01 B8 9A DF 96 EA 6B 80  ....q_........k.
000023A0:  74 4B E0 15 39 B3 65 CB 41 B0 3D 8D 62 7C 9E F3  tK..9.e.A.=.b|..
000023B0:  2D FC 72 5F 5A 5D ED 74 03 8F DA 3A 40 25 5A 18  -.r_Z].t...:@%Z.
000023C0:  25 F2 26 BE 51 A7 9D 2B F0 7E 46 CB 42 9E D6 30  %.&.Q..+.~F.B..0
000023D0:  15 91 03 57 21 9F CD C1 8F 23 BB 49 71 28 10 BE  ...W!....#.Iq(..
000023E0:  95 AA 47 3E 66 CA 95 8F 57 28 B5 6D A0 2F 8D 1F  ..G>f...W(.m./..
000023F0:  FF AD C7 D9 56 44 D2 95 BB CE AA 7B 47 F5 B5 5C  ....VD.....{G..\
00002400:  26 21 E4 80 D7 80 10 2F B9 50 E3 D6 D3 C0 19 97  &!...../.P......
00002410:  62 AD B0 2A 3D 43 B0 F1 38 FD FB 58 72 43 29 E9  b..*=C..8..XrC).
00002420:  F5 E4 30 CE 13 2D 20 4C E0 F2 3A 81 44 B3 F7 BC  ..0..- L..:.D...
00002430:  A5 8D 78 17 C2 9C 41 53 37 8D BE D0 4C 6E 7D A8  ..x...AS7...Ln}.
00002440:  D2 21 76 4E 02 31 D5 CC B3 E3 09 0D 0F 43 2A 63  .!vN.1.......C*c
00002450:  45 5C EA FF 9A 57 1E AF 3B EE 7A 38 C8 D0 56 24  E\...W..;.z8..V$
00002460:  36 7A 2B 5D 7A 6C F8 1F EB B2 6F B7 CC E6 AA CF  6z+]zl....o.....
00002470:  02 AB 18 BD 90 D5 E2 CA 9C 63 05 39 FE EA 63 A6  .........c.9..c.
00002480:  FE 73 56 4F 30 3D 77 39 B6 10 5C 31 83 10 67 7D  .sVO0=w9..\1..g}
00002490:  93 8C 71 38 7E 8C 89 8B AF 6E BD 6F A0 43 1D 24  ..q8~....n.o.C.$
000024A0:  63 92 3B 09 37 28 D3 60 0B 30 EB 49 3C AD 09 49  c.;.7(.`.0.I<..I
000024B0:  48 7F A5 86 E4 2F 1B C0 2A 3A 2E A0 D7 94 01 71  H..../..*:.....q
000024C0:  CA 52 E6 0C FA DD 07 20 79 83 51 B5 F0 52 F0 FE  .R..... y.Q..R..
000024D0:  42 67 1A 6D 55 71 6A B5 1B 7C FC B3 66 48 92 E2  Bg.mUqj..|..fH..
000024E0:  E8 C9 5B 58 92 12 37 C5 04 93 39 02 09 07 03 FB  ..[X..7...9.....
000024F0:  DC CC 64 93 60 D8 4E 5B C8 C3 D5 24 81 CA FE 6C  ..d.`.N[...$...l
00002500:  76 53 2A 9E 5C 7E C5 D1 97 EE F7 1B 5A A4 B1 B3  vS*.\~......Z...
00002510:  B8 B3 DE 17 2E E4 72 92 E0 DB F5 3F 4A 8A 66 F4  ......r....?J.f.
00002520:  AE 75 DA 4E 25 32 11 A4 8D 02 7C BC 48 5A 8A 91  .u.N%2....|.HZ..
00002530:  08 74 50 2F 4F 9F 8B AB 96 98 D2 1B B2 67 1E 01  .tP/O........g..
00002540:  43 DC 89 39 F3 25 64 CD AF 7C 8E 08 A8 21 D5 97  C..9.%d..|...!..
00002550:  CB 54 76 1A 98 98 00 33 5F 62 C1 6C 55 18 4A 0D  .Tv....3_b.lU.J.
00002560:  85 14 46 95 36 15 07 78 31 D7 4E 22 EA 49 42 B2  ..F.6..x1.N".IB.
00002570:  DC 91 EB E7 C9 4D A3 A9 A4 EE AB 8C 7B 2D 38 81  .....M......{-8.
00002580:  00 55 A3 56 43 C8 62 36 AF 6E 12 27 40 E1 69 35  .U.VC.b6.n.'@.i5
00002590:  DE A0 91 C6 D3 EE 19 9C B4 4E 98 EB EC C6 5B 58  .........N....[X
000025A0:  08 D7 5C 51 2B 34 CD A2 C7 29 F1 41 36 DE 22 8D  ..\Q+4...).A6.".
000025B0:  2A DB BD 2C E9 33 9D 2B F0 7E 46 CB 42 9E D6 30  *..,.3.+.~F.B..0
000025C0:  15 91 03 57 21 9F FF 10 99 61 B8 ED A2 93 4C 3B  ...W!....a....L;
000025D0:  EE 02 78 D9 B1 6A 68 9F DA 32 2E 79 F9 9A 71 9D  ..x..jh..2.y..q.
000025E0:  9A 53 D7 05 48 28 1E E3 30 5B C1 24 0B 6C E5 C2  .S..H(..0[.$.l..
000025F0:  FC 83 2C CA 84 EC 76 7D 5A A7 EF 58 50 C5 E0 25  ..,...v}Z..XP..%
00002600:  C0 BC 13 BC EC 8E F5 D9 3B 19 AC 82 F6 57 7B E7  ........;....W{.
00002610:  DF B9 95 C0 F7 A6 AD 23 AA 9D CA 2A 21 C9 8D 67  .......#...*!..g
00002620:  30 B3 D4 53 B1 C9 85 9C 03 6F F4 3E 1A 31 77 BF  0..S.....o.>.1w.
00002630:  08 A0 4C AE BB 81 6B 08 A9 B1 AB C4 EF E8 F3 22  ..L...k........"
00002640:  48 D8 A9 EF 14 A8 F1 59 03 1A 4F ED EB F8 D0 2F  H......Y..O..../
00002650:  99 FE 5F 68 1F 7A 85 A0 41 A5 66 9E E4 5D 39 99  .._h.z..A.f..]9.
00002660:  77 05 FB D6 BA 51 09 34 11 74 CF C5 31 14 6F 4A  w....Q.4.t..1.oJ
00002670:  0A B0 2E 70 7A 3D 8C FE 72 37 FB B3 63 D0 C9 30  ...pz=..r7..c..0
00002680:  16 2E 5B 86 36 31 D8 BB 74 B2 74 1E 57 E1 98 4E  ..[.61..t.t.W..N
00002690:  BF 27 E7 65 97 E1 68 5D 94 07 CF DB 75 F9 C7 EF  .'.e..h]....u...
000026A0:  31 78 EC 6F 54 88 4A E9 60 92 AE B3 7A 97 4D 79  1x.oT.J.`...z.My
000026B0:  94 EF 19 CA 77 E5 99 F3 F2 8A 91 99 07 3C 88 ED  ....w........<..
000026C0:  68 5F 56 30 0B DA DC FF 16 37 E7 EC 42 80 FB CE  h_V0.....7..B...
000026D0:  3A B7 B6 BA E4 D6 9C 33 DB 77 2C 07 05 37 7E 12  :......3.w,..7~.
000026E0:  CB DC 9F 64 0E C1 E7 08 F1 D2 F1 37 04 E1 82 C4  ...d.......7....
000026F0:  CE D1 E8 FB 6C 4A 5E D6 25 F9 89 EE DA A4 AE CA  ....lJ^.%.......
00002700:  BF 7C CD 70 C5 F4 EB 84 B2 B0 90 5C 1D 7D 0A 89  .|.p.......\.}..
00002710:  0F 17 CD 6D 17 44 CC 7B 10 21 9D DE 71 8E 67 48  ...m.D.{.!..q.gH
00002720:  6E 1E C4 9E D0 2E 71 11 BF E0 0A 4D 40 33 84 53  n.....q....M@3.S
00002730:  FB A6 90 AA 24 29 2C 81 47 01 EB B4 AA DF AB 1D  ....$),.G.......
00002740:  AC 2A 83 28 80 41 9F 9F 3F 34 68 49 86 82 F8 33  .*.(.A..?4hI...3
00002750:  1A 0A D5 67 A0 B1 9D 70 C1 05 C7 9B 74 92 70 95  ...g...p....t.p.
00002760:  50 95 C8 04 08 11 AB E4 EA B4 63 B2 5E 79 8B 5E  P.........c.^y.^
00002770:  40 3B 14 60 29 CE E3 55 BC 15 AB DB 89 43 EC C8  @;.`)..U.....C..
00002780:  C1 EE CF 89 95 EA 5A 83 14 6F E6 9B 0B 0D 1E A0  ......Z..o......
00002790:  39 DF D1 47 AE 41 15 29 D1 4A A3 B4 C7 39 C7 30  9..G.A.).J...9.0
000027A0:  6A C3 ED 1F F4 DA 3C D6 29 4F 23 CD 87 6E D0 C7  j.....<.)O#..n..
000027B0:  9E 38 60 7B 53 11 BC 35 EA 4A 40 E4 15 43 18 6E  .8`{S..5.J@..C.n
000027C0:  0C 60 0C 50 2E 14 EF E3 88 18 88 9B 60 6F B2 4E  .`.P........`o.N
000027D0:  D1 79 3B 18 EF B1 D4 35 2D 18 55 5A C8 22 C5 36  .y;....5-.UZ.".6
000027E0:  4C 0B 4F 08 4B BB D0 04 BC F0 9D 05 25 76 2B A9  L.O.K.......%v+.
000027F0:  15 F2 60 6C 23 59 31 81 77 DA 66 F0 1F D5 78 2C  ..`l#Y1.w.f...x,
00002800:  8D E1 28 9E C9 17 F6 1C AC 34 6A C2 AB A0 CF 5D  ..(......4j....]
00002810:  25 1F 41 B7 21 BD 06 8A 1F 97 A4 A8 4B EB D9 CB  %.A.!.......K...
00002820:  9E 25 02 4F BB B0 45 03 9D 8C 80 5E A5 FF 4D 45  .%.O..E....^..ME
00002830:  50 A3 F1 EB F1 66 F4 17 FE 6F 83 2A E9 16 F3 39  P....f...o.*...9
00002840:  98 57 8C 8A 0A 41 28 74 E5 0C 7F 0B D3 77 FB FE  .W...A(t.....w..
00002850:  8B 18 83 89 1E 17 D1 62 59 4A 8A 9D B2 E4 8E AA  .......bYJ......
00002860:  65 5C 49 87 A5 05 96 B6 7E F0 EE C8 E9 6F 2F DD  e\I.....~....o/.
00002870:  FB 67 06 65 9F 65 91 BF 9F 1E E6 6A 3B CC F0 86  .g.e.e.....j;...
00002880:  15 FE C9 65 0D 9F 15 38 AF 68 C3 7C AA 48 0F AD  ...e...8.h.|.H..
00002890:  16 A0 43 61 9A 9E 72 9F B7 48 E5 79 DA D1 4A F7  ..Ca..r..H.y..J.
000028A0:  D6 F4 47 15 58 26 38 F3 B2 5D 95 2A B6 C8 D2 53  ..G.X&8..].*...S
000028B0:  7A F5 81 1F FB 49 A3 A9 A4 EE AB 8C 7B 2D 38 81  z....I......{-8.
000028C0:  00 55 A3 56 43 C8 62 36 AF 6E 12 27 40 E1 69 35  .U.VC.b6.n.'@.i5
000028D0:  DE A0 91 C6 D3 EE 4D FC 69 DE 78 F6 87 3D D2 8B  ......M.i.x..=..
000028E0:  BE C5 65 29 E9 2E F0 75 5C C6 EB 4C E6 2F 30 D0  ..e)...u\..L./0.
000028F0:  3C 6C 6E A5 D8 A2 9D 2B F0 7E 46 CB 42 9E D6 30  <ln....+.~F.B..0
00002900:  15 91 03 57 21 9F CD C1 8F 23 BB 49 71 28 10 BE  ...W!....#.Iq(..
00002910:  95 AA 47 3E 66 CA 95 8F 57 28 B5 6D A0 2F 8D 1F  ..G>f...W(.m./..
00002920:  FF AD C7 D9 56 44 E8 DC F3 45 77 ED 92 96 05 CE  ....VD...Ew.....
00002930:  1A 67 CB E9 93 88 10 2F B9 50 E3 D6 D3 C0 19 97  .g...../.P......
00002940:  62 AD B0 2A 3D 43 D8 C8 6D 87 BC 2C 71 D2 0C 7E  b..*=C..m..,q..~
00002950:  EE 8A 1F 99 F1 16 ED 56 CF 26 1A 82 82 36 CB B2  .......V.&...6..
00002960:  46 F8 75 EC 60 14 41 53 37 8D BE D0 4C 6E 7D A8  F.u.`.AS7...Ln}.
00002970:  D2 21 76 4E 02 31 87 AB E6 64 6A 96 A8 54 25 93  .!vN.1...dj..T%.
00002980:  39 44 B1 41 69 F6 49 56 C0 EC 4C 13 0A A9 A7 E9  9D.Ai.IV..L.....
00002990:  71 C7 CB D2 2D 5A F8 1F EB B2 6F B7 CC E6 AA CF  q...-Z....o.....
000029A0:  02 AB 18 BD 90 D5 E2 CA 9C 63 05 39 FE EA 63 A6  .........c.9..c.
000029B0:  FE 73 56 4F 30 3D 77 39 B6 10 5C 31 83 10 67 7D  .sVO0=w9..\1..g}
000029C0:  93 8C 71 38 7E 8C 89 8B AF 6E BD 6F A0 43 1D 24  ..q8~....n.o.C.$
000029D0:  63 92 3B 09 37 28 66 F8 85 6D A1 5C 50 10 BA 88  c.;.7(f..m.\P...
000029E0:  72 78 85 9C 79 0D 48 15 47 A3 8C D1 2F 69 EF 59  rx..y.H.G.../i.Y
000029F0:  72 7A E2 D0 D5 AC F4 B4 3C F2 16 5F 52 0C C3 A1  rz......<.._R...
00002A00:  75 D5 BD 69 19 97 6A B5 1B 7C FC B3 66 48 92 E2  u..i..j..|..fH..
00002A10:  E8 C9 5B 58 92 12 28 3D AA D4 C8 8E 50 69 24 A1  ..[X..(=....Pi$.
00002A20:  EB B4 64 C3 65 F7 4E 5B C8 C3 D5 24 81 CA FE 6C  ..d.e.N[...$...l
00002A30:  76 53 2A 9E 5C 7E C5 D1 97 EE F7 1B 5A A4 B1 B3  vS*.\~......Z...
00002A40:  B8 B3 DE 17 2E E4 72 92 E0 DB F5 3F 4A 8A 66 F4  ......r....?J.f.
00002A50:  AE 75 DA 4E 25 32 11 A4 8D 02 7C BC 48 5A 8A 91  .u.N%2....|.HZ..
00002A60:  08 74 50 2F 4F 9F 5D DA B9 56 BE 99 2E 71 5D 47  .tP/O.]..V...q]G
00002A70:  FA 37 B7 71 5E 7D 59 84 0F EA 4A 24 7C 8F 3E C9  .7.q^}Y...J$|.>.
00002A80:  34 95 06 E4 55 31 6D 84 9B A7 41 3B E0 7E D2 F8  4...U1m...A;.~..
00002A90:  0A 90 9D 74 F7 64 3D 6D 95 34 69 28 A9 AA CB DF  ...t.d=m.4i(....
00002AA0:  7D 94 32 CB 6D 43 3D 18 ED C8 7B EC 3A 83 64 55  }.2.mC=...{.:.dU
00002AB0:  00 07 64 9B 13 0E 5E E3 32 2F 14 7E E3 7A 11 6A  ..d...^.2/.~.z.j
00002AC0:  2E 7E 22 99 AC 54 FA ED CB 96 2E D0 C4 20 E7 FB  .~"..T....... ..
00002AD0:  AB D4 6F 4F CF 10 E8 52 C0 A2 F7 F3 45 D9 FC D0  ..oO...R....E...
00002AE0:  60 E3 56 4A 60 4B BB 02 B2 18 9C 49 8E F0 CA 83  `.VJ`K.....I....
00002AF0:  3D 4C 0F F4 85 49 41 5B 58 9B 7A 17 2F F0 60 D7  =L...IA[X.z./.`.
00002B00:  C6 E9 A6 13 67 32 20 21 86 DA 4E 73 CE FF 73 A3  ....g2 !..Ns..s.
00002B10:  7A 70 39 FD FC 36 3F 98 26 2F 96 38 3E 26 99 5F  zp9..6?.&/.8>&._
00002B20:  E5 48 D2 47 9F 54 5A B2 3C 3C B9 68 E2 B8 99 C7  .H.G.TZ.<<.h....
00002B30:  46 E2 FE E9 96 AE 72 9F E9 16 56 AA 3D 4F AA 87  F.....r...V.=O..
00002B40:  DB C6 C0 30 13 08 28 FF 17 03 7F AE 58 FE D1 89  ...0..(.....X...
00002B50:  9A 34 8E 77 BE 81 6D 45 3A 11 1E 53 73 38 B9 E9  .4.w..mE:..Ss8..
00002B60:  96 24 D8 AA 63 CF C7 93 DF 7C 2D 89 7A 4C C4 64  .$..c....|-.zL.d
00002B70:  44 C4 8F 6F AB 73 F8 C4 7A 3F 9F A1 8B 8F 97 D0  D..o.s..z?......
00002B80:  D8 5A 01 B3 90 83 69 BB 96 D6 86 68 2E CE 7B A0  .Z....i....h..{.
00002B90:  91 51 37 D8 15 4C 6B C7 B8 B4 1F 69 78 06 07 A0  .Q7..Lk....ix...
00002BA0:  37 1C 9E 65 31 48 18 47 80 F7 9B 95 D1 F7 0F 27  7..e1H.G.......'
00002BB0:  2C A8 AA AD 75 9D E1 2C 3F B3 B4 40 CA 35 75 38  ,...u..,?..@.5u8
00002BC0:  45 F6 E7 FB 35 66 62 36 AF 6E 12 27 40 E1 69 35  E...5fb6.n.'@.i5
00002BD0:  DE A0 91 C6 D3 EE A8 F3 63 41 03 C2 F3 D2 7C 61  ........cA....|a
00002BE0:  02 77 17 91 86 5C 24 40 77 55 3A E8 92 72 49 38  .w...\$@wU:..rI8
00002BF0:  D9 C0 E8 58 8B 1A C9 69 12 22 78 EE FC BC 53 73  ...X...i."x...Ss
00002C00:  A0 82 C3 13 E8 76 99 36 4C 6F 1E E2 7A 62 0B 70  .....v.6Lo..zb.p
00002C10:  7F CE D6 9E 37 2F 63 BA E8 B8 1F 2E 58 41 BE 80  ....7/c.....XA..
00002C20:  C5 E0 0A 7E 5C DD B1 58 0E 68 B5 4A AB 42 EF C0  ...~\..X.h.J.B..
00002C30:  21 68 B6 BE 58 EE 70 37 05 74 4A 4E BA 8F AF A8  !h..X.p7.tJN....
00002C40:  A2 0D 1E FF 84 C9 49 56 C0 EC 4C 13 0A A9 A7 E9  ......IV..L.....
00002C50:  71 C7 CB D2 2D 5A F8 1F EB B2 6F B7 CC E6 AA CF  q...-Z....o.....
00002C60:  02 AB 18 BD 90 D5 E2 CA 9C 63 05 39 FE EA 63 A6  .........c.9..c.
00002C70:  FE 73 56 4F 30 3D 77 39 B6 10 5C 31 83 10 67 7D  .sVO0=w9..\1..g}
00002C80:  93 8C 71 38 7E 8C 0E D8 4D 96 93 42 43 CA 2D 11  ..q8~...M..BC.-.
00002C90:  F3 46 3F EF C5 0B 86 AD 17 47 DB 21 0A 61 7B 4A  .F?......G.!.a{J
00002CA0:  48 E3 32 0E CB A7 ED 80 5E 59 9B 17 98 F9 A6 70  H.2.....^Y.....p
00002CB0:  A9 6C 3D AF 5F E8 F4 B4 3C F2 16 5F 52 0C C3 A1  .l=._...<.._R...
00002CC0:  75 D5 BD 69 19 97 6A B5 1B 7C FC B3 66 48 92 E2  u..i..j..|..fH..
00002CD0:  E8 C9 5B 58 92 12 2C 33 4F 7A DF 01 70 FF BE AA  ..[X..,3Oz..p...
00002CE0:  DD A3 95 40 14 39 8A EF F5 AA 21 A9 93 A5 15 1A  ...@.9....!.....
00002CF0:  D1 1B 16 D3 BC 58 C5 D1 97 EE F7 1B 5A A4 B1 B3  .....X......Z...
00002D00:  B8 B3 DE 17 2E E4 72 92 E0 DB F5 3F 4A 8A 66 F4  ......r....?J.f.
00002D10:  AE 75 DA 4E 25 32 11 A4 8D 02 7C BC 48 5A 8A 91  .u.N%2....|.HZ..
00002D20:  08 74 50 2F 4F 9F 8D 24 28 CE 8A 6D 1A D5 85 B3  .tP/O..$(..m....
00002D30:  7C 74 82 8E 19 8D FB 6A 50 D2 47 3F CD 4F C8 51  |t.....jP.G?.O.Q
00002D40:  80 F3 69 E8 0A 09 D2 30 E8 DA F0 F5 6E BB A8 A1  ..i....0....n...
00002D50:  B4 0A A1 06 9F DC FC 0C D4 B8 3D 8E AB 62 44 BF  ..........=..bD.
00002D60:  07 63 78 24 1C 20 8D F3 C8 F9 71 D1 3F EA 67 4C  .cx$. ....q.?.gL
00002D70:  01 F2 99 38 66 39 02 60 C5 58 06 09 CB 71 72 09  ...8f9.`.X...qr.
00002D80:  EA 7A BB 6B 00 49 5F 33 6C 38 AD C3 35 5F 69 39  .z.k.I_3l8..5_i9
00002D90:  FE 30 85 11 3E 32 E8 52 C0 A2 F7 F3 45 D9 FC D0  .0..>2.R....E...
00002DA0:  60 E3 56 4A 60 4B BB 02 B2 18 9C 49 8E F0 CA 83  `.VJ`K.....I....
00002DB0:  3D 4C 0F F4 85 49 41 5B 58 9B 7A 17 2F F0 60 D7  =L...IA[X.z./.`.
00002DC0:  C6 E9 A6 13 67 32 2E E0 C2 A5 28 04 42 AC 39 72  ....g2....(.B.9r
00002DD0:  4C 84 18 CE FB 00 7E F7 7F 93 D3 83 AA DF 71 68  L.....~.......qh
00002DE0:  B3 8A 6E CF 8C E5 10 2F B9 50 E3 D6 D3 C0 19 97  ..n..../.P......
00002DF0:  62 AD B0 2A 3D 43 11 3E AE 0B 6D 76 09 F2 F4 8A  b..*=C.>..mv....
00002E00:  66 35 A1 2D 68 D5 20 4C E0 F2 3A 81 44 B3 F7 BC  f5.-h. L..:.D...
00002E10:  A5 8D 78 17 C2 9C 41 53 37 8D BE D0 4C 6E 7D A8  ..x...AS7...Ln}.
00002E20:  D2 21 76 4E 02 31 AE C3 AF 24 75 99 B9 F3 36 A9  .!vN.1...$u...6.
00002E30:  99 CA 41 E5 C8 A8 1E AF 3B EE 7A 38 C8 D0 56 24  ..A.....;.z8..V$
00002E40:  36 7A 2B 5D 7A 6C F8 1F EB B2 6F B7 CC E6 AA CF  6z+]zl....o.....
00002E50:  02 AB 18 BD 90 D5 E2 CA 9C 63 05 39 FE EA 63 A6  .........c.9..c.
00002E60:  FE 73 56 4F 30 3D 77 39 B6 10 5C 31 83 10 67 7D  .sVO0=w9..\1..g}
00002E70:  93 8C 71 38 7E 8C B7 05 D3 31 3D AA B5 89 AD ED  ..q8~....1=.....
00002E80:  A5 56 85 F5 1B F3 D6 B3 AC 6A 59 DF 12 19 47 B0  .V.......jY...G.
00002E90:  2D 43 A2 B9 63 D1 FF 93 F5 D7 E1 21 07 A9 B8 CE  -C..c......!....
00002EA0:  D6 D5 F8 27 E2 78 8A EF F5 AA 21 A9 93 A5 15 1A  ...'.x....!.....
00002EB0:  D1 1B 16 D3 BC 58 06 8A 1F 97 A4 A8 4B EB D9 CB  .....X......K...
00002EC0:  9E 25 02 4F BB B0 B6 B0 57 4D 4A AE 9E C2 8D 81  .%.O....WMJ.....
00002ED0:  37 71 A8 3E 29 16 F4 17 FE 6F 83 2A E9 16 F3 39  7q.>)....o.*...9
00002EE0:  98 57 8C 8A 0A 41 28 74 E5 0C 7F 0B D3 77 FB FE  .W...A(t.....w..
00002EF0:  8B 18 83 89 1E 17 D1 62 59 4A 8A 9D B2 E4 8E AA  .......bYJ......
00002F00:  65 5C 49 87 A5 05 96 B6 7E F0 EE C8 E9 6F 2F DD  e\I.....~....o/.
00002F10:  FB 67 06 65 9F 65 D8 9C 27 5F D8 91 6F 04 6A 86  .g.e.e..'_..o.j.
00002F20:  10 D8 10 2F EC 13 15 38 AF 68 C3 7C AA 48 0F AD  .../...8.h.|.H..
00002F30:  16 A0 43 61 9A 9E AE CA 08 36 B7 A5 4E 86 20 BD  ..Ca.....6..N. .
00002F40:  25 FE F8 5B 99 67 06 99 5D 84 21 1D 4F 3F CC 73  %..[.g..].!.O?.s
00002F50:  46 4F 86 8F 9C 2F A3 A9 A4 EE AB 8C 7B 2D 38 81  FO.../......{-8.
00002F60:  00 55 A3 56 43 C8 F9 AB 94 7D 07 1F 42 A9 78 B3  .U.VC....}..B.x.
00002F70:  45 F3 4F E9 77 5C D6 1B 0A BC 51 F4 9C 0A 65 4E  E.O.w\....Q...eN
00002F80:  EF B5 D8 5B 40 33 ED 74 03 8F DA 3A 40 25 5A 18  ...[@3.t...:@%Z.
00002F90:  25 F2 26 BE 51 A7 9D 2B F0 7E 46 CB 42 9E D6 30  %.&.Q..+.~F.B..0
00002FA0:  15 91 03 57 21 9F CD C1 8F 23 BB 49 71 28 10 BE  ...W!....#.Iq(..
00002FB0:  95 AA 47 3E 66 CA 95 8F 57 28 B5 6D A0 2F 8D 1F  ..G>f...W(.m./..
00002FC0:  FF AD C7 D9 56 44 DB 0B FE DA 6C 0F BD 38 F8 5D  ....VD....l..8.]
00002FD0:  B2 7E 95 EC 50 6C 10 2F B9 50 E3 D6 D3 C0 19 97  .~..Pl./.P......
00002FE0:  62 AD B0 2A 3D 43 8C EA BB E6 A5 D5 6F 9E D8 C8  b..*=C......o...
00002FF0:  81 12 5C 0D AB B1 20 4C E0 F2 3A 81 44 B3 F7 BC  ..\... L..:.D...
00003000:  A5 8D 78 17 C2 9C 41 53 37 8D BE D0 4C 6E 7D A8  ..x...AS7...Ln}.
00003010:  D2 21 76 4E 02 31 0C B0 79 93 70 23 6C 73 6D B6  .!vN.1..y.p#lsm.
00003020:  2A 57 FA EC 88 DA 5A B0 6E 7F 2B 6C E4 1B 69 8E  *W....Z.n.+l..i.
00003030:  5F 2A 87 B8 24 14 5E C6 D3 1E 4A 11 A8 88 DB 06  _*..$.^...J.....
00003040:  1D 09 18 A9 23 A1 2B 30 1F CE 10 F0 29 0D 22 4F  ....#.+0....)."O
00003050:  B1 EA E2 E3 E6 40 B2 AE 8D FC 6F F1 5C 32 2F 3F  .....@....o.\2/?
00003060:  D5 9D 56 2C 2D E9 BF BE B9 79 D9 70 BF B2 94 DC  ..V,-....y.p....
00003070:  17 04 A1 DC 5B 12 67 D4 3C 47 B5 83 C0 45 1D FD  ....[.g.<G...E..
00003080:  C8 17 2A FC A4 58 D7 D9 30 35 47 0E 21 07 AC D4  ..*..X..05G.!...
00003090:  6D F6 CA FD F3 67 1F 78 F1 77 6E EE 57 56 07 43  m....g.x.wn.WV.C
000030A0:  AD 97 0D 41 E8 B6 37 3D 13 32 D7 DF 5C 1C 0D 22  ...A..7=.2..\.."
000030B0:  59 63 F0 03 F3 C0 78 1A D7 2E BB C0 BB 20 62 A8  Yc....x...... b.
000030C0:  CF 84 4A DC C0 16 54 8A 51 B5 FD B6 DC 2C D3 BD  ..J...T.Q....,..
000030D0:  E1 50 53 39 D3 70 3E 70 9C 2A 55 CE 42 12 CA 40  .PS9.p>p.*U.B..@
000030E0:  D7 10 53 40 BD 32 31 1C 21 CD 27 11 74 E8 C8 C4  ..S@.21.!.'.t...
000030F0:  9F 6E 97 3A DC 36 93 5C 3B 14 43 12 B0 C1 26 FE  .n.:.6.\;.C...&.
00003100:  5C 9C 99 7C 8F 44 A9 DB 02 31 06 34 20 56 FB 9E  \..|.D...1.4 V..
00003110:  6B 1F 13 7A D5 06 8F C6 56 7F B4 C5 51 41 55 1D  k..z....V...QAU.
00003120:  CB 75 29 C5 C3 DB 75 C4 94 F3 3C 6B F4 D9 95 B4  .u)...u...<k....
00003130:  1D 5B 10 F2 B7 0F F4 B4 3C F2 16 5F 52 0C C3 A1  .[......<.._R...
00003140:  75 D5 BD 69 19 97 2D 24 BF 28 AC 18 06 51 E6 A5  u..i..-$.(...Q..
00003150:  E3 16 F4 29 65 7E 2B 20 9C 23 4F 6A B7 D7 24 D1  ...)e~+ .#Oj..$.
00003160:  8C F0 3C E5 67 D7 A9 B3 37 2C CE BA 93 BA 18 EC  ..<.g...7,......
00003170:  87 65 48 D3 46 C6 D3 53 F5 4B 17 FF 40 C0 F9 B3  .eH.F..S.K..@...
00003180:  6D D5 E9 0F C3 68 F1 F4 52 6C 33 95 9C 98 B9 A2  m....h..Rl3.....
00003190:  D8 46 A0 E6 F3 E6 69 90 8C E5 7E 15 9F 55 29 38  .F....i...~..U)8
000031A0:  AF A0 D2 07 2C 18 DA F7 B1 F0 F8 68 30 13 E1 DA  ....,......h0...
000031B0:  DC 14 81 6E 8F F4 63 A8 3D F1 45 FD 01 0F 98 24  ...n..c.=.E....$
000031C0:  E0 FE 97 16 03 5B 2A FB DF AD 77 58 4D E7 5D 4C  .....[*...wXM.]L
000031D0:  B9 8D AE 6E F1 6D 0B 93 DD 96 C5 72 DE 92 43 8C  ...n.m.....r..C.
000031E0:  C8 9C E8 E7 FD 86 2B 46 27 F4 4B E5 F5 AA 3E 5D  ......+F'.K...>]
000031F0:  3B 74 C4 BF C3 AD B8 28 82 A5 B9 FD 46 DC DF 00  ;t.....(....F...
00003200:  07 CC 1E B8 72 A2 A5 6D CB 95 C1 87 01 50 93 E3  ....r..m.....P..
00003210:  3C BE 15 D7 7F CF 76 18 29 D2 01 72 58 1E A7 43  <.....v.)..rX..C
00003220:  31 FF A1 D5 AA 99 10 57 9E F4 D9 11 B9 35 81 6E  1......W.....5.n
00003230:  0F F8 97 F7 00 32 FC 3A 74 2A 3A DB BA 1E EC CB  .....2.:t*:.....
00003240:  09 51 A7 26 43 9A 33 43 0E 04 8A 78 84 A9 65 24  .Q.&C.3C...x..e$
00003250:  32 DA 88 6D AC 18 21 68 B5 5F 52 20 F0 DE F1 DD  2..m..!h._R ....
00003260:  4A 9F D2 B6 DD 80 3A BF 95 92 10 DB 2B 89 3F EE  J.....:.....+.?.
00003270:  23 7B 36 1F 4E CB 43 12 ED 70 2E 7A 30 8C 21 60  #{6.N.C..p.z0.!`
00003280:  7F 45 F9 F1 41 74 50 06 D1 C0 17 29 5A F2 D2 73  .E..AtP....)Z..s
00003290:  A1 C2 27 F5 1B 72 26 E0 E6 5F EA 63 3B 65 8A 18  ..'..r&.._.c;e..
000032A0:  CD 40 C2 E2 4D 69 91 36 48 88 95 39 E1 72 36 2B  .@..Mi.6H..9.r6+
000032B0:  BB 37 AC B6 8F 2C B2 85 BF 14 82 C2 7E 17 69 A5  .7...,......~.i.
000032C0:  71 00 C9 3C BA B9 AB 2C CC 1F 6E 9F 17 77 FA A3  q..<...,..n..w..
000032D0:  84 90 79 BE C5 44 3C 37 74 69 EF C8 6B 71 DA E4  ..y..D<7ti..kq..
000032E0:  E7 39 E6 1B 69 98 22 47 B7 56 5C 8C F0 29 13 10  .9..i."G.V\..)..
000032F0:  6B EE 2D 47 CB 94 BA 7D 2B 25 4E 92 70 71 A8 25  k.-G...}+%N.pq.%
00003300:  D0 84 37 7B 9E C0 5C 39 99 31 54 F3 14 80 CC 31  ..7{..\9.1T....1
00003310:  3F 54 19 2E D6 6B 72 39 60 65 A7 68 57 47 41 DA  ?T...kr9`e.hWGA.
00003320:  CD 2E 50 3B AC 4D A9 DB 02 31 06 34 20 56 FB 9E  ..P;.M...1.4 V..
00003330:  6B 1F 13 7A D5 06 C3 38 DF BC 67 CA DF 78 22 0B  k..z...8..g..x".
00003340:  4A D3 81 AE D8 E8 D9 3B 6C A5 C8 72 B8 B6 B0 C3  J......;l..r....
00003350:  06 0E E9 8A 85 5E 1B 43 7A E4 E4 67 1A 43 AD 36  .....^.Cz..g.C.6
00003360:  96 C2 4C 74 EF 16 1E 02 C3 5E 65 04 DA 2F DB E6  ..Lt.....^e../..
00003370:  85 ED F2 35 89 F7 75 C5 1D 76 18 3B C5 53 92 A9  ...5..u..v.;.S..
00003380:  00 C3 52 84 CC 3F 72 9B 9D 8A B4 B1 C4 DD 6A 15  ..R..?r.......j.
00003390:  A7 7E FA 07 84 1D 7A ED 17 78 DF 88 8D 6A C2 9B  .~....z..x...j..
000033A0:  91 53 36 75 14 CF 63 A8 3D F1 45 FD 01 0F 98 24  .S6u..c.=.E....$
000033B0:  E0 FE 97 16 03 5B AB E9 8C 39 1A 9B DB F9 CA 71  .....[...9.....q
000033C0:  76 C5 7B 19 54 2F D8 E9 0C 06 E2 B6 B1 5E 22 45  v.{.T/.......^"E
000033D0:  31 5E D2 3A 53 E8 AD 7C 5C F8 EF 1D 75 EC 4E 56  1^.:S..|\...u.NV
000033E0:  88 02 32 8F B6 C9 B8 28 82 A5 B9 FD 46 DC DF 00  ..2....(....F...
000033F0:  07 CC 1E B8 72 A2 A5 6D CB 95 C1 87 01 50 93 E3  ....r..m.....P..
00003400:  3C BE 15 D7 7F CF 01 86 0B 43 C6 6D 65 CF 5F 48  <........C.me._H
00003410:  CA 43 BD 90 24 91 1F A5 AC 32 CF 7F 66 70 52 08  .C..$....2..fpR.
00003420:  64 32 17 B9 D8 C4 FC 3A 74 2A 3A DB BA 1E EC CB  d2.....:t*:.....
00003430:  09 51 A7 26 43 9A 8F 3E D5 4A 40 55 47 CA 03 03  .Q.&C..>.J@UG...
00003440:  06 74 1C 0F 67 3C 49 93 1E 2C 45 3F 7C 23 D0 67  .t..g<I..,E?|#.g
00003450:  2A F0 08 B8 AB CF 3A BF 95 92 10 DB 2B 89 3F EE  *.....:.....+.?.
00003460:  23 7B 36 1F 4E CB 88 9B C7 91 E5 DC A3 81 87 F6  #{6.N...........
00003470:  18 EB B4 39 27 A0 44 B0 66 AE 41 8E 6F 10 B0 E7  ...9'.D.f.A.o...
00003480:  79 D1 C2 DA B5 E8 26 E0 E6 5F EA 63 3B 65 8A 18  y.....&.._.c;e..
00003490:  CD 40 C2 E2 4D 69 91 36 48 88 95 39 E1 72 36 2B  .@..Mi.6H..9.r6+
000034A0:  BB 37 AC B6 8F 2C B2 85 BF 14 82 C2 7E 17 69 A5  .7...,......~.i.
000034B0:  71 00 C9 3C BA B9 BC E2 B7 7B 43 EE B0 56 CA 0A  q..<.....{C..V..
000034C0:  A0 E8 9B AA 23 62 7C 08 2B 8C AA 9F E2 18 80 D1  ....#b|.+.......
000034D0:  B9 43 02 98 E0 17 D4 63 4B 46 77 0A 60 81 B4 14  .C.....cKFw.`...
000034E0:  F1 C2 46 45 FB 6C CE 1B A3 9A 46 ED C0 0F DC 7F  ..FE.l....F.....
000034F0:  A6 E6 27 39 7B 5C 5C 39 99 31 54 F3 14 80 CC 31  ..'9{\\9.1T....1
00003500:  3F 54 19 2E D6 6B 71 AD 80 91 8A 85 06 58 CA FB  ?T...kq......X..
00003510:  CE EC 17 4D 49 0A 0B 40 CB A7 54 79 EF 6E 42 44  ...MI..@..Ty.nBD
00003520:  60 64 31 A0 44 A2 C3 38 DF BC 67 CA DF 78 22 0B  `d1.D..8..g..x".
00003530:  4A D3 81 AE D8 E8 D9 3B 6C A5 C8 72 B8 B6 B0 C3  J......;l..r....
00003540:  06 0E E9 8A 85 5E 1B 43 7A E4 E4 67 1A 43 AD 36  .....^.Cz..g.C.6
00003550:  96 C2 4C 74 EF 16 04 33 C4 1A 94 ED A6 EB C9 15  ..Lt...3........
00003560:  8E 0B A8 8D 32 6F D4 2C C9 3A 80 7F CF BF 21 A7  ....2o.,.:....!.
00003570:  6B D8 3B 17 7A 04 3B 20 91 4C A2 17 CC FE 87 38  k.;.z.; .L.....8
00003580:  D6 3B A1 5A BF D7 95 A9 43 E1 B4 CA 43 C8 15 40  .;.Z....C...C..@
00003590:  11 05 E7 58 D6 4F 47 08 D6 EC F9 81 B7 67 EC 3F  ...X.OG......g.?
000035A0:  C2 69 79 9F 2D E7 4D 74 86 31 5E 86 66 72 C6 A5  .iy.-.Mt.1^.fr..
000035B0:  45 D3 EA 7D 88 5D CB A4 3B DE 32 29 05 19 05 46  E..}.]..;.2)...F
000035C0:  EC 8D 93 70 E5 E9 7F 7E D1 76 43 B2 2B 26 19 90  ...p...~.vC.+&..
000035D0:  08 DF B3 8B 09 08 6F C2 F5 BD 53 CE FF FE 48 02  ......o...S...H.
000035E0:  20 29 44 73 99 67 C7 56 8A BE 65 B4 B1 1D 34 07   )Ds.g.V..e...4.
000035F0:  75 BD E7 6C 0F E6 1A 0C 97 31 97 61 AF 21 34 2A  u..l.....1.a.!4*
00003600:  F9 E8 84 65 F4 6B A4 A1 3D 6D E2 09 35 F7 7E D8  ...e.k..=m..5.~.
00003610:  37 41 8B B9 D3 4F AF DB B6 41 62 82 5F D6 7F 33  7A...O...Ab._..3
00003620:  6C E4 C1 05 2B 1C 21 6D 1B A1 15 40 C1 AD 95 BD  l...+.!m...@....
00003630:  78 14 4E 61 C6 51 FF E2 8C 91 52 A5 9C 42 53 5A  x.Na.Q....R..BSZ
00003640:  93 50 03 A5 7C C4 31 F8 80 AC 7A 4E A5 2D 35 15  .P..|.1...zN.-5.
00003650:  9B A1 F8 D8 50 72 B5 1F 83 A1 58 68 71 86 6B 89  ....Pr....Xhq.k.
00003660:  70 3D 13 72 CB DF 77 F2 9A 4F AC 7D 92 87 DD B8  p=.r..w..O.}....
00003670:  12 00 9B 0C 01 D8 69 40 7F D2 1B 17 07 6C ED 26  ......i@.....l.&
00003680:  FB BD 18 A3 56 0A 4D 6E FE 4F A8 1C B6 08 C4 77  ....V.Mn.O.....w
00003690:  8E 12 AE CD A6 B3 C8 D2 B3 AE 32 A8 C8 07 7A 00  ..........2...z.
000036A0:  E1 FB 5B 1E 06 2A F4 CF D2 99 1B E6 E5 F1 FE 9E  ..[..*..........
000036B0:  3E DC 97 A4 6C 24 53 53 0A C6 D5 17 BD F6 28 57  >...l$SS......(W
000036C0:  C0 38 B0 1C 44 15 47 A3 CF C2 61 D3 04 A0 22 F0  .8..D.G...a...".
000036D0:  53 04 61 EA 9B 54 F3 08 A2 06 87 7C 9B E9 AC 85  S.a..T.....|....
000036E0:  15 B4 5E DD D2 1F 01 10 B4 91 71 06 2E 8C A8 70  ..^.......q....p
000036F0:  14 D8 39 4B CC 73 7C E2 67 2B 0D 13 6D 18 0F 68  ..9K.s|.g+..m..h
00003700:  14 24 CE 38 CC 53 D6 5E 8F 76 20 EC 16 38 F0 A2  .$.8.S.^.v ..8..
00003710:  39 96 1D 39 85 BA 02 C6 5C 62 DD 3B 25 EA BF 40  9..9....\b.;%..@
00003720:  9B A3 1E A7 75 C4 69 40 7F D2 1B 17 07 6C ED 26  ....u.i@.....l.&
00003730:  FB BD 18 A3 56 0A 4D 6E FE 4F A8 1C B6 08 C4 77  ....V.Mn.O.....w
00003740:  8E 12 AE CD A6 B3 C8 D2 B3 AE 32 A8 C8 07 7A 00  ..........2...z.
00003750:  E1 FB 5B 1E 06 2A 7A 84 94 3A 6D 3E 59 8E AE 7D  ..[..*z..:m>Y..}
00003760:  22 7B 56 E5 CA 13 31 0F 88 7B A1 BE 1D 4E 74 4D  "{V...1..{...NtM
00003770:  09 88 48 55 86 3B 98 53 CA BA B0 4E 33 61 39 6C  ..HU.;.S...N3a9l
00003780:  0F 79 56 61 B1 A6 9B 0A 45 B6 84 B6 3D 75 C1 95  .yVa....E...=u..
00003790:  8F 95 4B 4B 44 9F 4A 9B 77 D1 62 FD 08 69 C2 25  ..KKD.J.w.b..i.%
000037A0:  FE 33 E1 15 EE 54 7C E2 67 2B 0D 13 6D 18 0F 68  .3...T|.g+..m..h
000037B0:  14 24 CE 38 CC 53 D6 5E 8F 76 20 EC 16 38 F0 A2  .$.8.S.^.v ..8..
000037C0:  39 96 1D 39 85 BA E1 D9 0B 94 C5 4F B0 55 5D 54  9..9.......O.U]T
000037D0:  81 E3 43 71 C2 78 49 75 59 57 8C E4 22 2A 58 9C  ..Cq.xIuYW.."*X.
000037E0:  99 BE 1B D3 3A 96 1A C9 B1 40 2A 99 18 2D 0B 20  ....:....@*..-. 
000037F0:  29 B8 E1 75 C8 09 5A D6 78 2B 29 F6 30 2C 41 DA  )..u..Z.x+).0,A.
00003800:  FC BD 40 6A 4C 35 CF 82 18 13 26 55 9F E4 77 D4  ..@jL5....&U..w.
00003810:  1B 0A 9A 76 86 F9 F0 68 67 0B 90 AD 69 5F B4 95  ...v...hg...i_..
00003820:  9B 3B 98 8C 5D C8 2E 77 FD 29 91 FE AD 28 01 0A  .;..]..w.)...(..
00003830:  A7 72 E1 24 E3 CB B6 27 FF A0 96 43 96 C9 04 7D  .r.$...'...C...}
00003840:  34 97 54 93 6B 37 24 40 77 55 3A E8 92 72 49 38  4.T.k7$@wU:..rI8
00003850:  D9 C0 E8 58 8B 1A A3 5B A0 68 38 89 6D B8 55 ED  ...X...[.h8.m.U.
00003860:  F2 F0 6E AE 59 F2 1E 78 8F E4 9D 77 0A C2 6A DE  ..n.Y..x...w..j.
00003870:  E7 0E 13 BB DB E4 4A E2 3C C9 C9 F3 3B 7C 8A FF  ......J.<...;|..
00003880:  90 EA AA 88 0C AD 8B F9 C1 0A CF 4C E6 3E 12 FE  ...........L.>..
00003890:  B7 21 88 E0 3C 78 6C 12 17 5D 29 DB E7 C2 7C 46  .!..<xl..])...|F
000038A0:  5F 85 F4 A6 25 7B 2A A1 28 94 92 42 E6 C2 C4 F5  _...%{*.(..B....
000038B0:  00 B9 B7 78 7F BF 04 73 96 E6 A2 83 CD 1B DE BD  ...x...s........
000038C0:  CF 0E D0 3F C4 A2 92 45 3B 5F 03 03 FE 43 9C FF  ...?...E;_...C..
000038D0:  28 DE 9D 46 38 8B 5B 9E 56 D5 34 6F 8C 81 57 2F  (..F8.[.V.4o..W/
000038E0:  2E BD DB 83 4A 26 5F 1B C0 AB C6 91 18 75 71 24  ....J&_......uq$
000038F0:  89 F4 10 AC 53 02 3E 6C DB F2 F0 47 DF 97 1D 42  ....S.>l...G...B
00003900:  F6 24 28 96 66 9D 7D 0B 79 A1 66 18 4F 0E 3E DA  .$(.f.}.y.f.O.>.
00003910:  92 82 86 77 5F 0D E0 93 E8 06 B1 4D 8D 0D 12 36  ...w_......M...6
00003920:  4E 16 B1 46 7C B8 AF 25 CF 07 E4 9F FD 1B 2A CE  N..F|..%......*.
00003930:  E4 80 A0 E1 F4 86 76 2D FA 40 7C 3A CA 8F 86 50  ......v-.@|:...P
00003940:  0B 79 11 BD 6C 3F EB 53 2F BD 57 19 12 C0 5E 85  .y..l?.S/.W...^.
00003950:  94 08 83 EE B9 4C 0B 1E A9 11 97 DE B2 EC 27 84  .....L........'.
00003960:  46 EB 35 68 F3 79 C7 07 39 A9 86 31 F1 C6 E9 C2  F.5h.y..9..1....
00003970:  11 A2 C4 A9 78 CF 4A 23 FF A5 75 64 F7 BE 9A 00  ....x.J#..ud....
00003980:  AD 44 80 D1 64 F2 46 98 4C 33 7F 3D BB 34 68 FE  .D..d.F.L3.=.4h.
00003990:  8F 37 80 87 92 07 8C E7 61 FE D1 6A 5B ED D8 24  .7......a..j[..$
000039A0:  1D 52 62 71 10 42 EE 42 92 E9 34 F5 19 F5 2E E1  .Rbq.B.B..4.....
000039B0:  E7 87 01 03 CD 22 09 1A 0F 99 82 85 16 01 9C 31  .....".........1
000039C0:  1F 06 10 EA E2 D5 EF 8C 4B 30 67 E6 3D 70 0F FE  ........K0g.=p..
000039D0:  E5 F6 7A 5D AE AB 77 96 23 45 6F 76 E9 9E 6E 27  ..z]..w.#Eov..n'
000039E0:  A2 7A CE C5 2D A8 9E 12 D1 65 2C 21 5C 7A 68 F8  .z..-....e,!\zh.
000039F0:  45 AD 2D 3E F2 80 E8 12 CC D9 31 A8 E8 00 97 68  E.->......1....h
00003A00:  7E A1 E0 2B 9A C6 5B AD 02 77 EB 07 CC 86 0E 7C  ~..+..[..w.....|
00003A10:  7C 54 F4 06 1C E8 7E 6F 64 79 48 1F 6B 4E D4 AE  |T....~odyH.kN..
00003A20:  1C 58 CF BC FA D8 3E 6E 8E 04 F4 12 7F 33 26 7A  .X....>n.....3&z
00003A30:  D1 EA 01 01 6B F9 3C C7 A7 B7 9C D7 F6 72 41 D3  ....k.<......rA.
00003A40:  B9 F3 E4 53 95 B1 3C AC A4 40 DA FE 13 61 22 E5  ...S..<..@...a".
00003A50:  EE 74 C5 7E 74 75 7C BB 62 38 1C 87 7A AD 4E 2C  .t.~tu|.b8..z.N,
00003A60:  77 E6 B0 1C 0D 6D 69 D4 63 3A 71 31 A8 7B 31 2C  w....mi.c:q1.{1,
00003A70:  ED 32 6E 38 9D 55 CC 34 41 CE AD 32 42 42 FF 2D  .2n8.U.4A..2BB.-
00003A80:  46 B0 52 DA 5F 60 9A A6 59 E2 1C 92 D9 F6 7F EF  F.R._`..Y.......
00003A90:  2E AB 0B D4 EC 9C 5D 71 2E 6C EE 66 2C F5 D1 F7  ......]q.l.f,...
00003AA0:  93 47 E8 B9 9B 29 80 B5 8F BD B1 15 38 6D 24 36  .G...)......8m$6
00003AB0:  B6 D9 98 34 70 AC E8 1A 4D 4E EA 21 E5 E9 6C 00  ...4p...MN.!..l.
00003AC0:  65 5A E5 02 0B E9 A2 CD EB 9B A1 B3 C7 95 66 06  eZ............f.
00003AD0:  36 2D 23 7E 9B DE B4 05 D0 EE A8 EC 5B BC 36 CA  6-#~........[.6.
00003AE0:  07 89 8E E1 60 EF 09 96 95 99 B7 8A 6D 7E B1 5F  ....`.......m~._
00003AF0:  5E C7 D7 9B 79 55 4D 95 A8 BF 59 37 50 D6 6C EA  ^...yUM...Y7P.l.
00003B00:  EF 54 AB CF 2A 80 90 AB 05 04 3D 99 34 69 96 1B  .T..*.....=.4i..
00003B10:  5B 05 F4 06 93 A6 BB 4F F1 12 64 0C 61 63 C3 91  [......O..d.ac..
00003B20:  85 58 EA FD 4B 58 D1 EF 37 26 81 71 AD A9 09 79  .X..KX..7&.q...y
00003B30:  11 4D 75 2A 24 BC CD 25 95 33 1A 05 3E 6B A5 6A  .Mu*$..%.3..>k.j
00003B40:  D7 0B FE 8D 72 ED FA 38 FE B4 D4 EA E2 95 B3 96  ....r..8........
00003B50:  E4 80 A4 7F 60 18 AB 59 45 37 19 08 43 AB B0 AF  ....`..YE7..C...
00003B60:  A1 35 A5 1A D9 CD 6B 20 BD C0 66 33 7C 79 D7 5F  .5....k ..f3|y._
00003B70:  1E 17 6A D3 69 3B DA 52 CC F6 67 C5 D1 B0 49 FC  ..j.i;.R..g...I.
00003B80:  5B 56 11 68 6C B9 A0 BE 51 A8 37 55 7B D5 5C 3D  [V.hl...Q.7U{.\=
00003B90:  F8 B9 9A 4A 58 04 F5 8E E0 06 D1 C5 C7 79 3B 31  ...JX........y;1
00003BA0:  07 48 6A 20 38 BD D1 95 EE F7 BF F8 7D 9E 1E 39  .Hj 8.......}..9
00003BB0:  9B 94 4E F0 2B 36 3A 08 FF 64 60 5A 6F A9 71 31  ..N.+6:..d`Zo.q1
00003BC0:  87 C7 45 67 1A 58 3D 26 69 B5 2C DD 5E 05 23 0F  ..Eg.X=&i.,.^.#.
00003BD0:  3F C2 87 37 7B 4E 58 09 C2 8F 6F 48 91 D7 8A 19  ?..7{NX...oH....
00003BE0:  13 B8 57 F6 AB FB 00 00 00 00 00 00 00 00 00 00  ..W.............
00003BF0:  00 00 00 00 00 00 00 00 00 00 00 00 00 00 00 00  ................ [zeros]
00003C00:  00 00 00 00 00 00 AA 33 FF 1F 54 9F 7F 61 0C 74  .......3..T..a.t
00003C10:  5F 1B 43 B3 23 4C D6 E4 81 25 78 A2 B0 23 F0 AB  _.C.#L...%x..#..
00003C20:  57 05 5D E4 51 19 00 00 00 00 00 00 00 00 00 00  W.].Q...........
00003C30:  00 00 00 00 00 00 00 00 00 00 00 00 00 00 00 00  ................ [zeros]
00003C40:  00 00 00 00 00 00 00 00 00 00 00 00 00 00 00 00  ................ [zeros]
00003C50:  00 00 00 00 00 00 00 00 00 00 00 00 00 00 00 00  ................ [zeros]
00003C60:  00 00 00 00 00 00 00 00 00 00 00 00 00 00 00 00  ................ [zeros]
00003C70:  00 00 00 00 00 00 00 00 00 00 00 00 00 00 00 00  ................ [zeros]
00003C80:  00 00 00 00 00 00 00 00 00 00 00 00 00 00 00 00  ................ [zeros]
00003C90:  00 00 00 00 00 00 00 00 00 00 00 00 00 00 00 00  ................ [zeros]
00003CA0:  00 00 00 00 00 00 00 00 00 00 00 00 00 00 00 00  ................ [zeros]
00003CB0:  00 00 00 00 00 00 12 2F 12 B4 B2 60 4C B2 20 4B  ......./...`L. K
00003CC0:  44 0A 5C 54 78 AA 7B B1 B6 5D D6 2C 1D A9 40 A7  D.\Tx.{..].,..@.
00003CD0:  D9 EE 6F BF A1 E4 AA 18 58 C7 30 5E 1F 40 B8 D7  ..o.....X.0^.@..
00003CE0:  09 5F E0 17 88 C4 4A 3B 1A 12 7F 33 38 EC 57 3E  ._....J;...38.W>
00003CF0:  E9 E7 94 A6 84 BE 59 39 A2 C0 9F 14 DA CB 2C 87  ......Y9......,.
00003D00:  C6 B9 6B 2B 18 90 00 00 00 00 00 00 00 00 00 00  ..k+............
00003D10:  00 00 00 00 00 00 B9 37 60 E7 A2 DB B6 3D 18 D3  .......7`....=..
00003D20:  63 3D 09 6B 58 2E 51 D7 88 26 FE AB EE E7 60 BD  c=.kX.Q..&....`.
00003D30:  6F 8C CA 96 42 4B 59 FF D0 F0 53 54 DA 2F 12 1A  o...BKY...ST./..
00003D40:  E6 14 25 A1 86 FF 85 D9 8A ED 3C BA 76 DD 4D F1  ..%.......<.v.M.
00003D50:  AC 95 60 36 B5 DD DF 27 DE A8 B3 B3 E2 24 68 E9  ..`6...'.....$h.
00003D60:  FB 76 3E 51 9A B3 E8 18 CE A4 5A 78 03 C4 91 D6  .v>Q......Zx....
00003D70:  1C 6C 06 94 B2 0F F7 EE 19 6C 5D 5F C2 49 AF C0  .l.......l]_.I..
00003D80:  4D DA 6A 97 DC B9 BC FA 6C 7A E3 5E C2 A6 65 78  M.j.....lz.^..ex
00003D90:  43 3B C5 8F 45 40 42 A5 C7 F3 50 84 D8 5C 06 31  C;..E@B...P..\.1
00003DA0:  F8 98 87 E8 8A AD 5B 60 AD B1 FD 13 2C 10 35 4D  ......[`....,.5M
00003DB0:  BA 97 CC 39 BD 04 00 00 00 00 00 00 00 00 00 00  ...9............
00003DC0:  00 00 00 00 00 00 00 00 00 00 00 00 00 00 00 00  ................ [zeros]
00003DD0:  00 00 00 00 00 00 00 00 00 00 00 00 00 00 00 00  ................ [zeros]
00003DE0:  00 00 00 00 00 00 00 00 00 00 00 00 00 00 00 00  ................ [zeros]
00003DF0:  00 00 00 00 00 00 00 00 00 00 00 00 00 00 00 00  ................ [zeros]
00003E00:  00 00 00 00 00 00 00 00 00 00 00 00 00 00 00 00  ................ [zeros]
00003E10:  00 00 00 00 00 00 00 00 00 00 00 00 00 00 00 00  ................ [zeros]
00003E20:  00 00 00 00 00 00 00 00 00 00 00 00 00 00 00 00  ................ [zeros]
00003E30:  00 00 00 00 00 00 00 00 00 00 00 00 00 00 00 00  ................ [zeros]
00003E40:  00 00 00 00 00 00 00 00 00 00 00 00 00 00 00 00  ................ [zeros]
00003E50:  00 00 00 00 00 00 00 00 00 00 00 00 00 00 00 00  ................ [zeros]
00003E60:  00 00 00 00 00 00 00 00 00 00 00 00 00 00 00 00  ................ [zeros]
00003E70:  00 00 00 00 00 00 DF 78 9C FE 5B 43 22 C0 7E ED  .......x..[C".~.
00003E80:  CB 53 A3 2D 14 0E 39 DD E2 3C 37 FA D3 6F 3D DD  .S.-..9..<7..o=.
00003E90:  DE 1D 93 AA 03 18 D5 35 A7 98 FC 8F 99 4E 8C 3F  .......5.....N.?
00003EA0:  EF 8E CF 4C 0B AA BA 05 C9 2E 68 13 51 F8 9A D7  ...L......h.Q...
00003EB0:  DF E3 B4 98 57 E8 00 00 00 00 00 00 00 00 00 00  ....W...........
00003EC0:  00 00 00 00 00 00 00 00 00 00 00 00 00 00 00 00  ................ [zeros]
00003ED0:  00 00 00 00 00 00 00 00 00 00 00 00 00 00 00 00  ................ [zeros]
00003EE0:  00 00 00 00 00 00 00 00 00 00 00 00 00 00 00 00  ................ [zeros]
00003EF0:  00 00 00 00 00 00 00 00 00 00 00 00 00 00 00 00  ................ [zeros]
00003F00:  00 00 00 00 00 00 00 00 00 00 00 00 00 00 00 00  ................ [zeros]
00003F10:  00 00 00 00 00 00 00 00 00 00 00 00 00 00 00 00  ................ [zeros]
00003F20:  00 00 00 00 00 00 00 00 00 00 00 00 00 00 00 00  ................ [zeros]
00003F30:  00 00 00 00 00 00 00 00 00 00 00 00 00 00 00 00  ................ [zeros]
00003F40:  00 00 00 00 00 00 00 00 00 00 00 00 00 00 00 00  ................ [zeros]
00003F50:  00 00 00 00 00 00 00 00 00 00 00 00 00 00 00 00  ................ [zeros]
00003F60:  00 00 00 00 00 00 00 00 00 00 00 00 00 00 00 00  ................ [zeros]
00003F70:  00 00 00 00 00 00 00 00 00 00 00 00 00 00 00 00  ................ [zeros]
00003F80:  00 00 00 00 00 00 00 00 00 00 00 00 00 00 00 00  ................ [zeros]
00003F90:  00 00 00 00 00 00 00 00 00 00 00 00 00 00 00 00  ................ [zeros]
00003FA0:  00 00 00 00 00 00 00 00 00 00 00 00 00 00 00 00  ................ [zeros]
00003FB0:  00 00 00 00 00 00 00 00 00 00 00 00 00 00 00 00  ................ [zeros]
00003FC0:  00 00 00 00 00 00 00 00 00 00 00 00 00 00 00 00  ................ [zeros]
00003FD0:  00 00 00 00 00 00 00 00 00 00 00 00 00 00 00 00  ................ [zeros]
00003FE0:  00 00 00 00 00 00 00 00 00 00 00 00 00 00 00 00  ................ [zeros]
00003FF0:  00 00 00 00 00 00 00 00 00 00 00 00 00 00 00 00  ................ [zeros]
00004000:  00 00 00 00 00 00 00 00 00 00 00 00 00 00 00 00  ................ [zeros]
00004010:  00 00 00 00 00 00 A6 02 F3 20 9C 51 36 30 9D 6F  ......... .Q60.o
00004020:  6D 50 59 21 69 C5 CF 20 72 53 62 7C E3 37 3C 97  mPY!i.. rSb|.7<.
00004030:  7B 98 9F 72 34 E6 E0 D1 91 67 25 22 5A C3 6E C3  {..r4....g%"Z.n.
00004040:  F8 D2 31 C4 0F E8 00 00 00 00 00 00 00 00 00 00  ..1.............
00004050:  00 00 00 00 00 00 00 00 00 00 00 00 00 00 00 00  ................ [zeros]
00004060:  00 00 00 00 00 00 00 00 00 00 00 00 00 00 00 00  ................ [zeros]
00004070:  00 00 00 00 00 00 00 00 00 00 00 00 00 00 00 00  ................ [zeros]
00004080:  00 00 00 00 00 00 00 00 00 00 00 00 00 00 00 00  ................ [zeros]
00004090:  00 00 00 00 00 00 00 00 00 00 00 00 00 00 00 00  ................ [zeros]
000040A0:  00 00 00 00 00 00 00 00 00 00 00 00 00 00 00 00  ................ [zeros]
000040B0:  00 00 00 00 00 00 00 00 00 00 00 00 00 00 00 00  ................ [zeros]
000040C0:  00 00 00 00 00 00 00 00 00 00 00 00 00 00 00 00  ................ [zeros]
000040D0:  00 00 00 00 00 00 00 00 00 00 00 00 00 00 00 00  ................ [zeros]
000040E0:  00 00 00 00 00 00 F1 7C F1 F3 9E E9 B0 F3 53 9D  .......|......S.
000040F0:  81 E0 8B D5 2B 5F 66 76 6E 26 72 CC 93 58 D7 D3  ....+_fvn&r..X..
00004100:  57 D5 0F C9 CD 21 97 DB 51 14 78 14 54 1E A4 2A  W....!..Q.x.T..*
00004110:  F7 90 47 E3 93 19 21 1D 77 C9 09 0C DB 0A 4E 70  ..G...!.w.....Np
00004120:  C2 02 BD 72 35 5A 00 00 00 00 00 00 00 00 00 00  ...r5Z..........
00004130:  00 00 00 00 00 00 00 00 00 00 00 00 00 00 00 00  ................ [zeros]
00004140:  00 00 00 00 00 00 CC 55 69 9B 60 88 30 62 93 75  .......Ui.`.0b.u
00004150:  93 18 24 58 82 7B 30 CF BF 99 0D 0C 7E 2D B2 79  ..$X.{0.....~-.y
00004160:  BD 29 A3 B9 E6 F9 85 38 EE 4F F5 7A EB 01 A4 A1  .).....8.O.z....
00004170:  A7 80 0C 75 42 97 76 C3 87 18 C1 F8 54 7C B0 34  ...uB.v.....T|.4
00004180:  BE 38 A8 65 09 0C 36 36 19 83 C7 76 28 BF 05 C0  .8.e..66...v(...
00004190:  9F 3A AC E1 C9 2F A0 68 48 BF 14 B8 3F D9 EB E3  .:.../.hH...?...
000041A0:  79 08 11 76 9E 92 3E 57 2C F9 99 AB ED 64 BC F8  y..v..>W,....d..
000041B0:  9C 72 98 EB AA 3B 8F 0F 1E 93 97 05 75 E2 FF 1D  .r...;......u...
000041C0:  5E 70 F7 55 F2 E9 7C B0 13 C8 17 3A E8 36 1A 72  ^p.U..|....:.6.r
000041D0:  C9 77 32 B1 48 64 76 C3 87 18 C1 F8 54 7C B0 34  .w2.Hdv.....T|.4
000041E0:  BE 38 A8 65 09 0C AF 1B 77 C2 02 F0 87 B3 A2 1B  .8.e....w.......
000041F0:  D4 49 BF 7E 2A CA 59 F1 EC 3A 76 EE 6E F2 BF A8  .I.~*.Y..:v.n...
00004200:  41 D4 11 8C B1 48 3A AC FF 92 73 7B 35 22 C9 99  A....H:...s{5"..
00004210:  F9 B5 C2 6D CB 77 43 5E 58 EA C0 BC F7 C7 3E 4E  ...m.wC^X.....>N
00004220:  7A 6F 68 7B EF 1E 00 00 00 00 00 00 00 00 00 00  zoh{............
00004230:  00 00 00 00 00 00 00 00 00 00 00 00 00 00 00 00  ................ [zeros]
00004240:  00 00 00 00 00 00 00 00 00 00 00 00 00 00 00 00  ................ [zeros]
00004250:  00 00 00 00 00 00 00 00 00 00 00 00 00 00 00 00  ................ [zeros]
00004260:  00 00 00 00 00 00 00 00 00 00 00 00 00 00 00 00  ................ [zeros]
00004270:  00 00 00 00 00 00 00 00 00 00 00 00 00 00 00 00  ................ [zeros]
00004280:  00 00 00 00 00 00 00 00 00 00 00 00 00 00 00 00  ................ [zeros]
00004290:  00 00 00 00 00 00 00 00 00 00 00 00 00 00 00 00  ................ [zeros]
000042A0:  00 00 00 00 00 00 00 00 00 00 00 00 00 00 00 00  ................ [zeros]
000042B0:  00 00 00 00 00 00 00 00 00 00 00 00 00 00 00 00  ................ [zeros]
000042C0:  00 00 00 00 00 00 00 00 00 00 00 00 00 00 00 00  ................ [zeros]
000042D0:  00 00 00 00 00 00 00 00 00 00 00 00 00 00 00 00  ................ [zeros]
000042E0:  00 00 00 00 00 00 00 00 00 00 00 00 00 00 00 00  ................ [zeros]
000042F0:  00 00 00 00 00 00 00 00 00 00 00 00 00 00 00 00  ................ [zeros]
00004300:  00 00 00 00 00 00 00 00 00 00 00 00 00 00 00 00  ................ [zeros]
00004310:  00 00 00 00 00 00 00 00 00 00 00 00 00 00 00 00  ................ [zeros]
00004320:  00 00 00 00 00 00 00 00 00 00 00 00 00 00 00 00  ................ [zeros]
00004330:  00 00 00 00 00 00 00 00 00 00 00 00 00 00 00 00  ................ [zeros]
00004340:  00 00 00 00 00 00 00 00 00 00 00 00 00 00 00 00  ................ [zeros]
00004350:  00 00 00 00 00 00 00 00 00 00 00 00 00 00 00 00  ................ [zeros]
00004360:  00 00 00 00 00 00 00 00 00 00 00 00 00 00 00 00  ................ [zeros]
00004370:  00 00 00 00 00 00 00 00 00 00 00 00 00 00 00 00  ................ [zeros]
00004380:  00 00 00 00 00 00 00 00 00 00 00 00 00 00 00 00  ................ [zeros]
00004390:  00 00 00 00 00 00 00 00 00 00 00 00 00 00 00 00  ................ [zeros]
000043A0:  00 00 00 00 00 00 00 00 00 00 00 00 00 00 00 00  ................ [zeros]
000043B0:  00 00 00 00 00 00 00 00 00 00 00 00 00 00 00 00  ................ [zeros]
000043C0:  00 00 00 00 00 00 00 00 00 00 00 00 00 00 00 00  ................ [zeros]
000043D0:  00 00 00 00 00 00 00 00 00 00 00 00 00 00 00 00  ................ [zeros]
000043E0:  00 00 00 00 00 00 00 00 00 00 00 00 00 00 00 00  ................ [zeros]
000043F0:  00 00 00 00 00 00 00 00 00 00 00 00 00 00 00 00  ................ [zeros]
00004400:  00 00 00 00 00 00 00 00 00 00 00 00 00 00 00 00  ................ [zeros]
00004410:  00 00 00 00 00 00 00 00 00 00 00 00 00 00 00 00  ................ [zeros]
00004420:  00 00 00 00 00 00 00 00 00 00 00 00 00 00 00 00  ................ [zeros]
00004430:  00 00 00 00 00 00 00 00 00 00 00 00 00 00 00 00  ................ [zeros]
00004440:  00 00 00 00 00 00 00 00 00 00 00 00 00 00 00 00  ................ [zeros]
00004450:  00 00 00 00 00 00 00 00 00 00 00 00 00 00 00 00  ................ [zeros]
00004460:  00 00 00 00 00 00 00 00 00 00 00 00 00 00 00 00  ................ [zeros]
00004470:  00 00 00 00 00 00 00 00 00 00 00 00 00 00 00 00  ................ [zeros]
00004480:  00 00 00 00 00 00 00 00 00 00 00 00 00 00 00 00  ................ [zeros]
00004490:  00 00 00 00 00 00 00 00 00 00 00 00 00 00 00 00  ................ [zeros]
000044A0:  00 00 00 00 00 00 00 00 00 00 00 00 00 00 00 00  ................ [zeros]
000044B0:  00 00 00 00 00 00 00 00 00 00 00 00 00 00 00 00  ................ [zeros]
000044C0:  00 00 00 00 00 00 00 00 00 00 00 00 00 00 00 00  ................ [zeros]
000044D0:  00 00 00 00 00 00 00 00 00 00 00 00 00 00 00 00  ................ [zeros]
000044E0:  00 00 00 00 00 00 00 00 00 00 00 00 00 00 00 00  ................ [zeros]
000044F0:  00 00 00 00 00 00 00 00 00 00 00 00 00 00 00 00  ................ [zeros]
00004500:  00 00 00 00 00 00 00 00 00 00 00 00 00 00 00 00  ................ [zeros]
00004510:  00 00 00 00 00 00 00 00 00 00 00 00 00 00 00 00  ................ [zeros]
00004520:  00 00 00 00 00 00 00 00 00 00 00 00 00 00 00 00  ................ [zeros]
00004530:  00 00 00 00 00 00 00 00 00 00 00 00 00 00 00 00  ................ [zeros]
00004540:  00 00 00 00 00 00 00 00 00 00 00 00 00 00 00 00  ................ [zeros]
00004550:  00 00 00 00 00 00 00 00 00 00 00 00 00 00 00 00  ................ [zeros]
00004560:  00 00 00 00 00 00 00 00 00 00 00 00 00 00 00 00  ................ [zeros]
00004570:  00 00 00 00 00 00 00 00 00 00 00 00 00 00 00 00  ................ [zeros]
00004580:  00 00 00 00 00 00 00 00 00 00 00 00 00 00 00 00  ................ [zeros]
00004590:  00 00 00 00 00 00 00 00 00 00 00 00 00 00 00 00  ................ [zeros]
000045A0:  00 00 00 00 00 00 00 00 00 00 00 00 00 00 00 00  ................ [zeros]
000045B0:  00 00 00 00 00 00 00 00 00 00 00 00 00 00 00 00  ................ [zeros]
000045C0:  00 00 00 00 00 00 00 00 00 00 00 00 00 00 00 00  ................ [zeros]
000045D0:  00 00 00 00 00 00 00 00 00 00 00 00 00 00 00 00  ................ [zeros]
000045E0:  00 00 00 00 00 00 00 00 00 00 00 00 00 00 00 00  ................ [zeros]
000045F0:  00 00 00 00 00 00 00 00 00 00 00 00 00 00 00 00  ................ [zeros]
00004600:  00 00 00 00 00 00 00 00 00 00 00 00 00 00 00 00  ................ [zeros]
00004610:  00 00 00 00 00 00 00 00 00 00 00 00 00 00 00 00  ................ [zeros]
00004620:  00 00 00 00 00 00 00 00 00 00 00 00 00 00 00 00  ................ [zeros]
00004630:  00 00 00 00 00 00 00 00 00 00 00 00 00 00 00 00  ................ [zeros]
00004640:  00 00 00 00 00 00 00 00 00 00 00 00 00 00 00 00  ................ [zeros]
00004650:  00 00 00 00 00 00 00 00 00 00 00 00 00 00 00 00  ................ [zeros]
00004660:  00 00 00 00 00 00 00 00 00 00 00 00 00 00 00 00  ................ [zeros]
00004670:  00 00 00 00 00 00 00 00 00 00 00 00 00 00 00 00  ................ [zeros]
00004680:  00 00 00 00 00 00 00 00 00 00 00 00 00 00 00 00  ................ [zeros]
00004690:  00 00 00 00 00 00 00 00 00 00 00 00 00 00 00 00  ................ [zeros]
000046A0:  00 00 00 00 00 00 00 00 00 00 00 00 00 00 00 00  ................ [zeros]
000046B0:  00 00 00 00 00 00 00 00 00 00 00 00 00 00 00 00  ................ [zeros]
000046C0:  00 00 00 00 00 00 00 00 00 00 00 00 00 00 00 00  ................ [zeros]
000046D0:  00 00 00 00 00 00 00 00 00 00 00 00 00 00 00 00  ................ [zeros]
000046E0:  00 00 00 00 00 00 00 00 00 00 00 00 00 00 00 00  ................ [zeros]
000046F0:  00 00 00 00 00 00 00 00 00 00 00 00 00 00 00 00  ................ [zeros]
00004700:  00 00 00 00 00 00 00 00 00 00 00 00 00 00 00 00  ................ [zeros]
00004710:  00 00 00 00 00 00 00 00 00 00 00 00 00 00 00 00  ................ [zeros]
00004720:  00 00 00 00 00 00 00 00 00 00 00 00 00 00 00 00  ................ [zeros]
00004730:  00 00 00 00 00 00 00 00 00 00 00 00 00 00 00 00  ................ [zeros]
00004740:  00 00 00 00 00 00 00 00 00 00 00 00 00 00 00 00  ................ [zeros]
00004750:  00 00 00 00 00 00 00 00 00 00 00 00 00 00 00 00  ................ [zeros]
00004760:  00 00 00 00 00 00 00 00 00 00 00 00 00 00 00 00  ................ [zeros]
00004770:  00 00 00 00 00 00 00 00 00 00 00 00 00 00 00 00  ................ [zeros]
00004780:  00 00 00 00 00 00 00 00 00 00 00 00 00 00 00 00  ................ [zeros]
00004790:  00 00 00 00 00 00 00 00 00 00 00 00 00 00 00 00  ................ [zeros]
000047A0:  00 00 00 00 00 00 00 00 00 00 00 00 00 00 00 00  ................ [zeros]
000047B0:  00 00 00 00 00 00 00 00 00 00 00 00 00 00 00 00  ................ [zeros]
000047C0:  00 00 00 00 00 00 00 00 00 00 00 00 00 00 00 00  ................ [zeros]
000047D0:  00 00 00 00 00 00 00 00 00 00 00 00 00 00 00 00  ................ [zeros]
000047E0:  00 00 00 00 00 00 00 00 00 00 00 00 00 00 00 00  ................ [zeros]
000047F0:  00 00 00 00 00 00 00 00 00 00 00 00 00 00 00 00  ................ [zeros]
00004800:  00 00 00 00 00 00 00 00 00 00 00 00 00 00 00 00  ................ [zeros]
00004810:  00 00 00 00 00 00 BA C1 B5 28 7E 6C 18 76 3D E6  .........(~l.v=.
00004820:  6B 23 33 5A E8 3A 68 FD 32 A2 21 CD 72 D4 79 9E  k#3Z.:h.2.!.r.y.
00004830:  97 E3 3E 23 07 D4 84 06 E4 8A C2 66 AE 93 BE 5F  ..>#.......f..._
00004840:  43 50 44 D8 24 39 DE E3 EE D5 6A B8 AE 94 AD 1C  CPD.$9....j.....
00004850:  44 83 9E 49 C6 00 DE E3 EE D5 6A B8 AE 94 AD 1C  D..I......j.....
00004860:  44 83 9E 49 C6 00 DE E3 EE D5 6A B8 AE 94 AD 1C  D..I......j.....
00004870:  44 83 9E 49 C6 00 DE E3 EE D5 6A B8 AE 94 AD 1C  D..I......j.....
00004880:  44 83 9E 49 C6 00 DE E3 EE D5 6A B8 AE 94 AD 1C  D..I......j.....
00004890:  44 83 9E 49 C6 00 DE E3 EE D5 6A B8 AE 94 AD 1C  D..I......j.....
000048A0:  44 83 9E 49 C6 00 DE E3 EE D5 6A B8 AE 94 AD 1C  D..I......j.....
000048B0:  44 83 9E 49 C6 00 DE E3 EE D5 6A B8 AE 94 AD 1C  D..I......j.....
000048C0:  44 83 9E 49 C6 00 DE E3 EE D5 6A B8 AE 94 AD 1C  D..I......j.....
000048D0:  44 83 9E 49 C6 00 DE E3 EE D5 6A B8 AE 94 AD 1C  D..I......j.....
000048E0:  44 83 9E 49 C6 00 DE E3 EE D5 6A B8 AE 94 AD 1C  D..I......j.....
000048F0:  44 83 9E 49 C6 00 DE E3 EE D5 6A B8 AE 94 AD 1C  D..I......j.....
00004900:  44 83 9E 49 C6 00 DE E3 EE D5 6A B8 AE 94 AD 1C  D..I......j.....
00004910:  44 83 9E 49 C6 00 DE E3 EE D5 6A B8 AE 94 AD 1C  D..I......j.....
00004920:  44 83 9E 49 C6 00 2A 3B 46 5D C5 AA 2D EE FD 46  D..I..*;F]..-..F
00004930:  71 D7 FA 84 F3 3C 5C 00 D3 7A 31 70 A9 C1 6E 0F  q....<\..z1p..n.
00004940:  62 72 64 D8 16 4A 00 00 00 00 00 00 00 00 00 00  brd..J..........
00004950:  00 00 00 00 00 00 00 00 00 00 00 00 00 00 00 00  ................ [zeros]
00004960:  00 00 00 00 00 00 00 00 00 00 00 00 00 00 00 00  ................ [zeros]
00004970:  00 00 00 00 00 00 00 00 00 00 00 00 00 00 00 00  ................ [zeros]
00004980:  00 00 00 00 00 00 00 00 00 00 00 00 00 00 00 00  ................ [zeros]
00004990:  00 00 00 00 00 00 00 00 00 00 00 00 00 00 00 00  ................ [zeros]
000049A0:  00 00 00 00 00 00 00 00 00 00 00 00 00 00 00 00  ................ [zeros]
000049B0:  00 00 00 00 00 00 00 00 00 00 00 00 00 00 00 00  ................ [zeros]
000049C0:  00 00 00 00 00 00 00 00 00 00 00 00 00 00 00 00  ................ [zeros]
000049D0:  00 00 00 00 00 00 00 00 00 00 00 00 00 00 00 00  ................ [zeros]
000049E0:  00 00 00 00 00 00 00 00 00 00 00 00 00 00 00 00  ................ [zeros]
000049F0:  00 00 00 00 00 00 00 00 00 00 00 00 00 00 00 00  ................ [zeros]
00004A00:  00 00 00 00 00 00 00 00 00 00 00 00 00 00 00 00  ................ [zeros]
00004A10:  00 00 00 00 00 00 00 00 00 00 00 00 00 00 00 00  ................ [zeros]
00004A20:  00 00 00 00 00 00 00 00 00 00 00 00 00 00 00 00  ................ [zeros]
00004A30:  00 00 00 00 00 00 00 00 00 00 00 00 00 00 00 00  ................ [zeros]
00004A40:  00 00 00 00 00 00 E1 A9 64 D9 DC 59 79 B4 E8 9C  ........d..Yy...
00004A50:  02 FA 2B DC 8F CE DE E3 EE D5 6A B8 AE 94 AD 1C  ..+.......j.....
00004A60:  44 83 9E 49 C6 00 DE E3 EE D5 6A B8 AE 94 AD 1C  D..I......j.....
00004A70:  44 83 9E 49 C6 00 DE E3 EE D5 6A B8 AE 94 AD 1C  D..I......j.....
00004A80:  44 83 9E 49 C6 00 DE E3 EE D5 6A B8 AE 94 AD 1C  D..I......j.....
00004A90:  44 83 9E 49 C6 00 DE E3 EE D5 6A B8 AE 94 AD 1C  D..I......j.....
00004AA0:  44 83 9E 49 C6 00 DE E3 EE D5 6A B8 AE 94 AD 1C  D..I......j.....
00004AB0:  44 83 9E 49 C6 00 DE E3 EE D5 6A B8 AE 94 AD 1C  D..I......j.....
00004AC0:  44 83 9E 49 C6 00 DE E3 EE D5 6A B8 AE 94 AD 1C  D..I......j.....
00004AD0:  44 83 9E 49 C6 00 DE E3 EE D5 6A B8 AE 94 AD 1C  D..I......j.....
00004AE0:  44 83 9E 49 C6 00 DE E3 EE D5 6A B8 AE 94 AD 1C  D..I......j.....
00004AF0:  44 83 9E 49 C6 00 DE E3 EE D5 6A B8 AE 94 AD 1C  D..I......j.....
00004B00:  44 83 9E 49 C6 00 DE E3 EE D5 6A B8 AE 94 AD 1C  D..I......j.....
00004B10:  44 83 9E 49 C6 00 DE E3 EE D5 6A B8 AE 94 AD 1C  D..I......j.....
00004B20:  44 83 9E 49 C6 00 DE E3 EE D5 6A B8 AE 94 AD 1C  D..I......j.....
00004B30:  44 83 9E 49 C6 00 DE E3 EE D5 6A B8 AE 94 AD 1C  D..I......j.....
00004B40:  44 83 9E 49 C6 00 97 4A 25 6E 9B 68 25 63 E9 57  D..I...J%n.h%c.W
00004B50:  11 61 B4 D6 EE 0A DE E3 EE D5 6A B8 AE 94 AD 1C  .a........j.....
00004B60:  44 83 9E 49 C6 00 DE E3 EE D5 6A B8 AE 94 AD 1C  D..I......j.....
00004B70:  44 83 9E 49 C6 00 DE E3 EE D5 6A B8 AE 94 AD 1C  D..I......j.....
00004B80:  44 83 9E 49 C6 00 DE E3 EE D5 6A B8 AE 94 AD 1C  D..I......j.....
00004B90:  44 83 9E 49 C6 00 DE E3 EE D5 6A B8 AE 94 AD 1C  D..I......j.....
00004BA0:  44 83 9E 49 C6 00 DE E3 EE D5 6A B8 AE 94 AD 1C  D..I......j.....
00004BB0:  44 83 9E 49 C6 00 DE E3 EE D5 6A B8 AE 94 AD 1C  D..I......j.....
00004BC0:  44 83 9E 49 C6 00 DE E3 EE D5 6A B8 AE 94 AD 1C  D..I......j.....
00004BD0:  44 83 9E 49 C6 00 DE E3 EE D5 6A B8 AE 94 AD 1C  D..I......j.....
00004BE0:  44 83 9E 49 C6 00 DE E3 EE D5 6A B8 AE 94 AD 1C  D..I......j.....
00004BF0:  44 83 9E 49 C6 00 DE E3 EE D5 6A B8 AE 94 AD 1C  D..I......j.....
00004C00:  44 83 9E 49 C6 00 DE E3 EE D5 6A B8 AE 94 AD 1C  D..I......j.....
00004C10:  44 83 9E 49 C6 00 DE E3 EE D5 6A B8 AE 94 AD 1C  D..I......j.....
00004C20:  44 83 9E 49 C6 00 DE E3 EE D5 6A B8 AE 94 AD 1C  D..I......j.....
00004C30:  44 83 9E 49 C6 00 DE E3 EE D5 6A B8 AE 94 AD 1C  D..I......j.....
00004C40:  44 83 9E 49 C6 00 1C 23 95 09 B7 67 3E 3A 1D 12  D..I...#...g>:..
00004C50:  D3 AC 60 A6 2A AA 00 00 00 00 00 00 00 00 00 00  ..`.*...........
00004C60:  00 00 00 00 00 00 00 00 00 00 00 00 00 00 00 00  ................ [zeros]
00004C70:  00 00 00 00 00 00 00 00 00 00 00 00 00 00 00 00  ................ [zeros]
00004C80:  00 00 00 00 00 00 00 00 00 00 00 00 00 00 00 00  ................ [zeros]
00004C90:  00 00 00 00 00 00 B7 BE C7 FC D0 C6 14 8F E8 88  ................
00004CA0:  FD FE 6D 5C 78 CE F0 3D 1A 6E 7F 5A 1C F8 26 E9  ..m\x..=.n.Z..&.
00004CB0:  76 BB 3A 72 8E 04 65 C4 A6 B5 18 B2 35 6B 35 77  v.:r..e.....5k5w
00004CC0:  8B 23 EE 3C 4A 13 F4 28 AB 7F 46 D9 70 2F 54 5F  .#.<J..(..F.p/T_
00004CD0:  D4 7E 72 77 23 BC 35 73 B3 C5 1F 90 BE 9F 6E 88  .~rw#.5s......n.
00004CE0:  9D 3F 00 B0 0B A9 78 29 32 61 0B 99 54 14 09 E5  .?....x)2a..T...
00004CF0:  D1 53 25 DB FA 21 31 A5 A1 F6 B8 72 A9 76 3F 41  .S%..!1....r.v?A
00004D00:  9A B3 37 E4 43 32 EA E9 B1 6F E8 78 ED A2 65 C2  ..7.C2...o.x..e.
00004D10:  BB 38 EA B6 F5 4F 68 DC 4E 91 83 E3 A4 A0 EA 48  .8...Oh.N......H
00004D20:  29 9B 0F C0 7A 2E 00 00 00 00 00 00 00 00 00 00  )...z...........
00004D30:  00 00 00 00 00 00 00 00 00 00 00 00 00 00 00 00  ................ [zeros]
00004D40:  00 00 00 00 00 00 00 00 00 00 00 00 00 00 00 00  ................ [zeros]
00004D50:  00 00 00 00 00 00 00 00 00 00 00 00 00 00 00 00  ................ [zeros]
00004D60:  00 00 00 00 00 00 00 00 00 00 00 00 00 00 00 00  ................ [zeros]
00004D70:  00 00 00 00 00 00 00 00 00 00 00 00 00 00 00 00  ................ [zeros]
00004D80:  00 00 00 00 00 00 00 00 00 00 00 00 00 00 00 00  ................ [zeros]
00004D90:  00 00 00 00 00 00 00 00 00 00 00 00 00 00 00 00  ................ [zeros]
00004DA0:  00 00 00 00 00 00 00 00 00 00 00 00 00 00 00 00  ................ [zeros]
00004DB0:  00 00 00 00 00 00 00 00 00 00 00 00 00 00 00 00  ................ [zeros]
00004DC0:  00 00 00 00 00 00 00 00 00 00 00 00 00 00 00 00  ................ [zeros]
00004DD0:  00 00 00 00 00 00 00 00 00 00 00 00 00 00 00 00  ................ [zeros]
00004DE0:  00 00 00 00 00 00 A0 68 48 BF 14 B8 3F D9 EB E3  .......hH...?...
00004DF0:  79 08 11 76 9E 92 BA 4D 58 D5 83 BA D3 99 3F 66  y..v...MX.....?f
00004E00:  60 FD CA 5E 40 05 28 2A 17 C1 96 C3 FE B1 CF CA  `..^@.(*........
00004E10:  66 DC 46 C3 E6 B2 6C 47 C7 85 66 49 28 68 28 F6  f.F...lG..fI(h(.
00004E20:  C9 A3 02 E4 31 C6 01 2F D8 37 DB F9 E8 27 17 24  ....1../.7...'.$
00004E30:  B9 AE 22 70 85 3C 44 A3 1B AB 46 D0 09 F6 E0 50  .."p.<D...F....P
00004E40:  16 1F 7A F3 E2 58 DF 17 8E 25 FE 84 ED 63 16 51  ..z..X...%...c.Q
00004E50:  DA B4 6D 56 C7 8B 92 36 BF FD C5 EA 44 52 26 02  ..mV...6....DR&.
00004E60:  58 47 3C 6D F9 C5 46 B4 41 8F 41 A9 5A D6 9A 92  XG<m..F.A.A.Z...
00004E70:  48 68 14 8D 66 C4 00 00 00 00 00 00 00 00 00 00  Hh..f...........
00004E80:  00 00 00 00 00 00 00 00 00 00 00 00 00 00 00 00  ................ [zeros]
00004E90:  00 00 00 00 00 00 EE 10 D2 15 2F 6A 96 F6 FB 82  ........../j....
00004EA0:  C4 8F B0 B5 26 A3 51 FC A7 0D 58 D9 F9 4F 40 D7  ....&.Q...X..O@.
00004EB0:  9C 5B AD 4E 9A 4D 23 AF DA E8 D7 AD BA 12 0F 52  .[.N.M#........R
00004EC0:  F5 F9 33 E3 E4 05 04 7B 5F B6 1D D4 EA 8B 5A 76  ..3....{_.....Zv
00004ED0:  DA 2E 99 2F 20 95 00 00 00 00 00 00 00 00 00 00  .../ ...........
00004EE0:  00 00 00 00 00 00 B8 CF 20 CC 85 FB 0E 71 B8 8F  ........ ....q..
00004EF0:  95 A4 D8 00 6E 8D 4A C0 AE 50 6B 77 2E 35 65 25  ....n.J..Pkw.5e%
00004F00:  CC 5F 12 17 9A 0C D4 6F 50 C5 98 E6 56 46 E1 44  ._.....oP...VF.D
00004F10:  8E 3E 61 50 A1 F0 49 DC 5F 30 47 75 B5 57 33 0E  .>aP..I._0Gu.W3.
00004F20:  2B 86 75 4F 4E B4 39 31 94 43 A4 D1 50 67 15 8B  +.uON.91.C..Pg..
00004F30:  BA EF 12 0B 7F 16 22 6A 60 7B AB EE 38 F1 4C 03  ......"j`{..8.L.
00004F40:  0F 44 94 CF D9 86 23 AF DA E8 D7 AD BA 12 0F 52  .D....#........R
00004F50:  F5 F9 33 E3 E4 05 00 00 00 00 00 00 00 00 00 00  ..3.............
00004F60:  00 00 00 00 00 00 00 00 00 00 00 00 00 00 00 00  ................ [zeros]
00004F70:  00 00 00 00 00 00 00 00 00 00 00 00 00 00 00 00  ................ [zeros]
00004F80:  00 00 00 00 00 00 00 00 00 00 00 00 00 00 00 00  ................ [zeros]
00004F90:  00 00 00 00 00 00 00 00 00 00 00 00 00 00 00 00  ................ [zeros]
00004FA0:  00 00 00 00 00 00 00 00 00 00 00 00 00 00 00 00  ................ [zeros]
00004FB0:  00 00 00 00 00 00 00 00 00 00 00 00 00 00 00 00  ................ [zeros]
00004FC0:  00 00 00 00 00 00 00 00 00 00 00 00 00 00 00 00  ................ [zeros]
00004FD0:  00 00 00 00 00 00 00 00 00 00 00 00 00 00 00 00  ................ [zeros]
00004FE0:  00 00 00 00 00 00 00 00 00 00 00 00 00 00 00 00  ................ [zeros]
00004FF0:  00 00 00 00 00 00 00 00 00 00 00 00 00 00 00 00  ................ [zeros]
00005000:  00 00 00 00 00 00 00 00 00 00 00 00 00 00 00 00  ................ [zeros]
00005010:  00 00 00 00 00 00 00 00 00 00 00 00 00 00 00 00  ................ [zeros]
00005020:  00 00 00 00 00 00 96 3B 1E 53 6D 80 68 59 31 0E  .......;.Sm.hY1.
00005030:  44 C7 4C 0D 8E CF 2E 62 56 54 96 4F CE CA 30 DC  D.L....bVT.O..0.
00005040:  75 82 A9 67 E8 66 77 1D 0D 43 39 58 DA 48 39 31  u..g.fw..C9X.H91
00005050:  2A 7C CD 50 7F A5 32 F2 25 38 3D 3C 64 09 CF 3F  *|.P..2.%8=<d..?
00005060:  2A C3 2A 29 32 A4 2E 62 56 54 96 4F CE CA 30 DC  *.*)2..bVT.O..0.
00005070:  75 82 A9 67 E8 66 77 1D 0D 43 39 58 DA 48 39 31  u..g.fw..C9X.H91
00005080:  2A 7C CD 50 7F A5 32 F2 25 38 3D 3C 64 09 CF 3F  *|.P..2.%8=<d..?
00005090:  2A C3 2A 29 32 A4 12 31 0A 88 45 5E C9 46 D7 B1  *.*)2..1..E^.F..
000050A0:  8C DB 64 A4 BF 8F A1 37 D9 1E 6B 8D C8 E8 FE 23  ..d....7..k....#
000050B0:  64 22 EC DC 53 2D 68 9E 92 75 AE AE 34 9A 4E 78  d"..S-h..u..4.Nx
000050C0:  47 1A 4E 7C 15 5E 7C 0A B9 4F C3 BC C7 64 EF ED  G.N|.^|..O...d..
000050D0:  77 61 5B D3 D1 5B 32 E7 70 CE 5D FA 07 52 39 22  wa[..[2.p.]..R9"
000050E0:  70 87 15 56 4D A2 30 9F F0 FA E4 53 35 A4 FB 46  p..VM.0....S5..F
000050F0:  3A 03 D9 41 68 A6 4B B8 74 53 84 F4 4B 5E C9 68  :..Ah.K.tS..K^.h
00005100:  F5 69 E6 82 85 E2 3F C2 3C AA 16 18 CA 26 EF FF  .i....?.<....&..
00005110:  E5 4A 8A 67 C1 87 00 00 00 00 00 00 00 00 00 00  .J.g............
00005120:  00 00 00 00 00 00 94 E9 CB 53 6B 8A 5F CD 47 C0  .........Sk._.G.
00005130:  A7 25 42 2A F7 ED CB 75 BE 7D 3C D5 E1 9C 9C 60  .%B*...u.}<....`
00005140:  4C 93 76 29 58 8C B3 DB B7 44 2E 9A 15 D9 C8 F7  L.v)X....D......
00005150:  9C BE CE F8 7C 38 57 EE A8 D3 87 BB 82 98 86 6F  ....|8W........o
00005160:  BA E1 E1 8A 18 23 AC 88 64 6F 23 E5 96 43 4C 00  .....#..do#..CL.
00005170:  8D 1C 7D 89 BE 93 24 04 FB 7F D5 19 B5 7D A1 B2  ..}...$......}..
00005180:  DD CC 36 E8 F6 B9 21 88 EC 83 69 B1 FC BC 43 15  ..6...!...i...C.
00005190:  78 13 59 FF 83 16 BE 7B 5E BC 46 12 1B 43 3B B5  x.Y....{^.F..C;.
000051A0:  CD 97 76 A2 68 A4 22 6A 60 7B AB EE 38 F1 4C 03  ..v.h."j`{..8.L.
000051B0:  0F 44 94 CF D9 86 00 00 00 00 00 00 00 00 00 00  .D..............
000051C0:  00 00 00 00 00 00 D4 6F 50 C5 98 E6 56 46 E1 44  .......oP...VF.D
000051D0:  8E 3E 61 50 A1 F0 04 7B 5F B6 1D D4 EA 8B 5A 76  .>aP...{_.....Zv
000051E0:  DA 2E 99 2F 20 95 00 00 00 00 00 00 00 00 00 00  .../ ...........
000051F0:  00 00 00 00 00 00 39 31 94 43 A4 D1 50 67 15 8B  ......91.C..Pg..
00005200:  BA EF 12 0B 7F 16 00 00 00 00 00 00 00 00 00 00  ................
00005210:  00 00 00 00 00 00 4A C0 AE 50 6B 77 2E 35 65 25  ......J..Pkw.5e%
00005220:  CC 5F 12 17 9A 0C 23 AF DA E8 D7 AD BA 12 0F 52  ._....#........R
00005230:  F5 F9 33 E3 E4 05 00 00 00 00 00 00 00 00 00 00  ..3.............
00005240:  00 00 00 00 00 00 49 DC 5F 30 47 75 B5 57 33 0E  ......I._0Gu.W3.
00005250:  2B 86 75 4F 4E B4 00 00 00 00 00 00 00 00 00 00  +.uON...........
00005260:  00 00 00 00 00 00 B8 CF 20 CC 85 FB 0E 71 B8 8F  ........ ....q..
00005270:  95 A4 D8 00 6E 8D 22 6A 60 7B AB EE 38 F1 4C 03  ....n."j`{..8.L.
00005280:  0F 44 94 CF D9 86 00 00 00 00 00 00 00 00 00 00  .D..............
00005290:  00 00 00 00 00 00 D4 6F 50 C5 98 E6 56 46 E1 44  .......oP...VF.D
000052A0:  8E 3E 61 50 A1 F0 00 00 00 00 00 00 00 00 00 00  .>aP............
000052B0:  00 00 00 00 00 00 00 00 00 00 00 00 00 00 00 00  ................ [zeros]
000052C0:  00 00 00 00 00 00 00 00 00 00 00 00 00 00 00 00  ................ [zeros]
000052D0:  00 00 00 00 00 00 00 00 00 00 00 00 00 00 00 00  ................ [zeros]
000052E0:  00 00 00 00 00 00 00 00 00 00 00 00 00 00 00 00  ................ [zeros]
000052F0:  00 00 00 00 00 00 FF 85 78 15 41 34 24 A5 75 AE  ........x.A4$.u.
00005300:  BD 26 4C 22 ED C6 AA D2 87 CE 2B 47 35 8A 1A EA  .&L"......+G5...
00005310:  45 B7 3E 98 60 73 B1 F2 3C 01 D3 72 8E 16 08 0D  E.>.`s..<..r....
00005320:  20 40 72 9E C7 BA AA D2 87 CE 2B 47 35 8A 1A EA   @r.......+G5...
00005330:  45 B7 3E 98 60 73 30 7E 30 96 99 B7 51 6F A0 0B  E.>.`s0~0...Qo..
00005340:  C6 D4 ED CF 63 47 D8 DE 23 CF 1B E2 4D 60 FF 9F  ....cG..#...M`..
00005350:  B9 85 58 54 44 15 98 A8 3B EA 9F A0 03 22 D9 30  ..XTD...;....".0
00005360:  D7 F4 27 96 57 DC B2 F9 F6 A2 2A B4 C2 57 A4 30  ..'.W.....*..W.0
00005370:  BA 0E FF F4 2E C5 E3 57 AE 80 F8 01 72 81 CE B8  .......W....r...
00005380:  1D 45 AE B0 C1 64 19 47 34 98 91 17 79 CA 74 11  .E...d.G4...y.t.
00005390:  ED 77 60 97 15 67 00 00 00 00 00 00 00 00 00 00  .w`..g..........
000053A0:  00 00 00 00 00 00 62 06 40 AC 96 6B BB BC 55 E7  ......b.@..k..U.
000053B0:  7E 8C F2 19 F8 C5 CB 9A B9 92 E0 36 C2 FA 3C D0  ~..........6..<.
000053C0:  94 87 34 03 A4 03 43 5A FF 23 13 DF F3 B9 95 4F  ..4...CZ.#.....O
000053D0:  03 D4 3F CA 7E 99 19 D2 FB 85 8E E7 36 8A B2 12  ..?.~.......6...
000053E0:  AB 11 A0 2D 42 C5 03 CC A8 78 03 4C 7D 1C 4D 70  ...-B....x.L}.Mp
000053F0:  E8 5A 37 CD BB F1 E8 56 5B E3 B8 BC 23 FA 0B DD  .Z7....V[...#...
00005400:  90 3D FC AB B0 E6 46 71 CD 23 E3 31 46 63 9E C9  .=....Fq.#.1Fc..
00005410:  BE 96 12 05 1C 81 F5 EF 37 CC D8 12 45 C8 6C 85  ........7...E.l.
00005420:  39 22 D8 7A 94 A0 5A A9 E2 E0 95 04 74 B7 E4 E5  9".z..Z.....t...
00005430:  23 D6 14 A4 97 F8 62 E5 F9 5B 3D 49 EB 2D 1A A9  #.....b..[=I.-..
00005440:  32 46 A0 99 EA 3A 84 DC 96 1B 99 66 B6 0E EC 9E  2F...:.....f....
00005450:  42 78 F9 4C F5 E8 00 00 00 00 00 00 00 00 00 00  Bx.L............
00005460:  00 00 00 00 00 00 00 00 00 00 00 00 00 00 00 00  ................ [zeros]
00005470:  00 00 00 00 00 00 00 00 00 00 00 00 00 00 00 00  ................ [zeros]
00005480:  00 00 00 00 00 00 00 00 00 00 00 00 00 00 00 00  ................ [zeros]
00005490:  00 00 00 00 00 00 78 A8 3B 07 0B D5 68 F2 4D AC  ......x.;...h.M.
000054A0:  5F 94 66 44 E8 74 E4 D3 D2 26 19 F7 3A 3D BB E5  _.fD.t...&..:=..
000054B0:  31 1D FB FB AE 2B DD 8A 04 14 1A 90 EB F8 B9 1E  1....+..........
000054C0:  DD D5 4E 8A 0B F7 E7 60 0D CC 3A 04 C5 2C 54 00  ..N....`..:..,T.
000054D0:  0E 62 C4 59 CB 28 1E 94 58 45 61 7D CC B7 A0 89  .b.Y.(..XEa}....
000054E0:  6C 73 80 A2 8F 40 B6 1C 56 A6 29 27 E7 EC C1 EF  ls...@..V.)'....
000054F0:  EB 4F 7C E4 1B 0B D6 5B BA 6C BE 8C 52 E5 46 73  .O|....[.l..R.Fs
00005500:  51 3B A5 01 11 B4 A1 2F 59 C5 0C 63 9F A6 EE 9C  Q;...../Y..c....
00005510:  8B 6D A4 02 6B 18 52 8D 22 40 2E 7C 5D 0C 53 58  .m..k.R."@.|].SX
00005520:  C8 3F 51 7A 1E 28 D7 64 57 2A 6C 77 EA A2 82 E7  .?Qz.(.dW*lw....
00005530:  CD 92 91 09 AC 76 3E F4 D2 4F 86 5E C5 88 32 40  .....v>..O.^..2@
00005540:  6A 23 D7 CC B4 A7 31 A2 26 17 5F D3 CC 7D 83 1E  j#....1.&._..}..
00005550:  E3 3E AE 51 95 D7 01 42 D8 4C 20 22 77 DA F1 C3  .>.Q...B.L "w...
00005560:  0F C3 B0 23 74 64 82 55 1E A7 F8 07 B7 79 17 A9  ...#td.U.....y..
00005570:  87 53 2E 2B 16 C0 9D B8 11 04 18 F6 E8 7B FF 99  .S.+.........{..
00005580:  4D 3D 10 59 3F F9 97 4C 49 AA D2 D2 73 86 99 2D  M=.Y?..LI...s..-
00005590:  22 86 FA 31 39 A7 39 22 DB 9E 64 40 6D 7E 38 7A  "..19.9"..d@m~8z
000055A0:  09 ED 42 F4 6A E3 C5 CE EC 1A C8 4B 3E 9C 18 EE  ..B.j......K>...
000055B0:  23 1A A0 20 78 D4 9D E7 9B 64 FB 9B 32 AD D0 16  #.. x....d..2...
000055C0:  7C 0D FC A8 96 AD 9B 03 6A 94 77 46 4D 37 B1 94  |.......j.wFM7..
000055D0:  47 AB 00 91 21 D1 7C 2F 16 F8 E2 98 5C 25 21 6A  G...!.|/....\%!j
000055E0:  B5 81 BB D6 30 47 1D F0 E2 9C 3B DA B9 A5 5E DB  ....0G....;...^.
000055F0:  F9 CD F0 CB 3D 71 5F CD 9C 16 EE 56 F5 34 6C B5  ....=q_....V.4l.
00005600:  D2 13 51 11 9E 9E ED 17 E5 B9 D2 B3 E6 AB 5C AF  ..Q...........\.
00005610:  0E 50 E2 B9 B5 E0 3E 6D 68 7E F8 4E D3 60 76 AF  .P....>mh~.N.`v.
00005620:  50 92 F3 7C 39 D5 2E 67 6A 1E DF 13 10 51 D6 18  P..|9..gj....Q..
00005630:  8D CD EF 91 E4 B2 17 5E FC 2B 90 68 3C 06 9F FE  .......^.+.h<...
00005640:  B2 66 39 02 5D 33 00 00 00 00 00 00 00 00 00 00  .f9.]3..........
00005650:  00 00 00 00 00 00 E1 16 48 40 A3 EB 9C CA 14 22  ........H@....."
00005660:  82 32 9F 9A 3A 9E 17 75 72 ED C7 FD 1D 8D 21 9E  .2..:..ur.....!.
00005670:  33 5E B1 2E 7C 06 D8 9A 22 39 9C 60 20 AC 29 C9  3^..|..."9.` .).
00005680:  A6 D2 B5 CE 51 3C 24 54 39 CC 4F A6 5F 28 65 28  ....Q<$T9.O._(e(
00005690:  C7 9F A4 EC C7 7C 99 CC 31 54 46 5A 9C 2E E9 6D  .....|..1TFZ...m
000056A0:  5E CD CC 37 78 0C 37 F3 32 5E 8D B2 A5 BD DB 1B  ^..7x.7.2^......
000056B0:  C3 97 C5 AF E4 3D 95 02 03 8E AD 9A AA 60 97 23  .....=.......`.#
000056C0:  28 42 9D FD 33 77 3A 0A 1E 76 B5 D8 62 4C 8D A8  (B..3w:..v..bL..
000056D0:  32 96 DA 12 56 9F 7F 23 CF CA C0 86 CE 03 31 E3  2...V..#......1.
000056E0:  2E E3 78 BF 30 0C 58 70 C6 92 EA 7A 7C 7C B5 E4  ..x.0.Xp...z||..
000056F0:  68 A9 9D DB 8E CC A6 48 BF 16 CB B6 CC 8C 56 63  h......H......Vc
00005700:  1F CD 86 8A 67 7C 17 2F 7A 1B DF 47 B0 FC 48 3F  ....g|./z..G..H?
00005710:  FF FB FE 52 5D 37 00 00 00 00 00 00 00 00 00 00  ...R]7..........
00005720:  00 00 00 00 00 00 00 00 00 00 00 00 00 00 00 00  ................ [zeros]
00005730:  00 00 00 00 00 00 00 00 00 00 00 00 00 00 00 00  ................ [zeros]
00005740:  00 00 00 00 00 00 00 00 00 00 00 00 00 00 00 00  ................ [zeros]
00005750:  00 00 00 00 00 00 00 00 00 00 00 00 00 00 00 00  ................ [zeros]
00005760:  00 00 00 00 00 00 00 00 00 00 00 00 00 00 00 00  ................ [zeros]
00005770:  00 00 00 00 00 00 00 00 00 00 00 00 00 00 00 00  ................ [zeros]
00005780:  00 00 00 00 00 00 75 76 DD F7 D4 93 FD 95 21 F8  ......uv......!.
00005790:  F5 D9 53 0D 01 8D 5E 4D 75 55 9D 64 A9 17 5A D3  ..S...^MuU.d..Z.
000057A0:  4D BF FC 3F 72 BD 39 4E D7 CC AE 63 53 8E AF 83  M..?r.9N...cS...
000057B0:  C9 CB 45 B6 6D 8E CE DA 81 BC 03 58 D6 80 40 89  ..E.m......X..@.
000057C0:  1E 07 45 65 6D 7C 54 98 82 F0 B0 5C AB 29 58 05  ..Eem|T....\.)X.
000057D0:  94 CF BE 41 10 F6 39 F4 C6 C5 46 F3 A2 F7 E2 E1  ...A..9...F.....
000057E0:  A2 36 B6 28 15 45 0B DD 15 6C 4E 0B 5C E3 74 EA  .6.(.E...lN.\.t.
000057F0:  A5 3D 7B 01 E4 1E 49 08 40 9D E6 60 29 49 8E 95  .={...I.@..`)I..
00005800:  70 E3 1E A3 1A BC 70 B7 BE C1 7F 24 25 92 07 2F  p.....p....$%../
00005810:  09 FF 02 89 F7 3D 1C 4F 46 45 4E 95 D0 8B E6 42  .....=.OFEN....B
00005820:  65 D1 6D E9 93 73 96 E6 30 99 45 75 7D 17 B1 8A  e.m..s..0.Eu}...
00005830:  26 C6 C1 DB 21 41 E3 1B 74 C8 A8 50 98 2B 02 E6  &...!A..t..P.+..
00005840:  DA E0 CF 5A 47 29 1C 77 E6 4E D5 05 22 30 FD AE  ...ZG).w.N.."0..
00005850:  B2 F0 0F 51 F8 7D 7F CF F8 0C 36 F9 9D 12 1E E4  ...Q.}....6.....
00005860:  E1 5A DE 9A 25 2E 00 00 00 00 00 00 00 00 00 00  .Z..%...........
00005870:  00 00 00 00 00 00 00 00 00 00 00 00 00 00 00 00  ................ [zeros]
00005880:  00 00 00 00 00 00 00 00 00 00 00 00 00 00 00 00  ................ [zeros]
00005890:  00 00 00 00 00 00 00 00 00 00 00 00 00 00 00 00  ................ [zeros]
000058A0:  00 00 00 00 00 00 00 00 00 00 00 00 00 00 00 00  ................ [zeros]
000058B0:  00 00 00 00 00 00 00 00 00 00 00 00 00 00 00 00  ................ [zeros]
000058C0:  00 00 00 00 00 00 00 00 00 00 00 00 00 00 00 00  ................ [zeros]
000058D0:  00 00 00 00 00 00 00 00 00 00 00 00 00 00 00 00  ................ [zeros]
000058E0:  00 00 00 00 00 00 00 00 00 00 00 00 00 00 00 00  ................ [zeros]
000058F0:  00 00 00 00 00 00 00 00 00 00 00 00 00 00 00 00  ................ [zeros]
00005900:  00 00 00 00 00 00 00 00 00 00 00 00 00 00 00 00  ................ [zeros]
00005910:  00 00 00 00 00 00 00 00 00 00 00 00 00 00 00 00  ................ [zeros]
00005920:  00 00 00 00 00 00 00 00 00 00 00 00 00 00 00 00  ................ [zeros]
00005930:  00 00 00 00 00 00 00 00 00 00 00 00 00 00 00 00  ................ [zeros]
00005940:  00 00 00 00 00 00 B2 E8 65 5B 05 54 22 30 9F 7E  ........e[.T"0.~
00005950:  66 9A 4E 29 2F 56 00 00 00 00 00 00 00 00 00 00  f.N)/V..........
00005960:  00 00 00 00 00 00 0B 24 8E 1F 34 B6 A3 E2 28 A4  .......$..4...(.
00005970:  95 7C F4 11 BF 88 EC 03 93 62 CF 53 FB B2 39 CA  .|.......b.S..9.
00005980:  66 0F A8 98 B6 2F EB 7F 15 E0 AD E6 A5 39 B5 7A  f..../.......9.z
00005990:  CA 15 F7 89 28 2F 95 64 AC 5E 66 0D D2 9C CB 1D  ....(/.d.^f.....
000059A0:  A8 1E 71 1D 62 E1 00 00 00 00 00 00 00 00 00 00  ..q.b...........
000059B0:  00 00 00 00 00 00 39 4A C1 FC 1C BB 86 38 78 8D  ......9J.....8x.
000059C0:  F2 BF 0F 90 D1 B5 E8 DC AD CA E8 37 70 94 BC 5F  ...........7p.._
000059D0:  1B F3 24 C7 AD 31 21 E3 E2 16 74 F9 8D AA 79 2E  ..$..1!...t...y.
000059E0:  E0 45 BC 78 9B A7 A1 32 69 7F 63 44 38 D4 4B D5  .E.x...2i.cD8.K.
000059F0:  57 2D AF D1 FF FB B3 7B 5E 18 83 8E 02 A2 65 FA  W-.....{^.....e.
00005A00:  21 E3 39 62 48 EE 7A 79 E6 D3 07 CB D6 90 BB 1D  !.9bH.zy........
00005A10:  A4 A4 E8 60 BD D4 51 CA C9 AB 28 86 9B DD 58 BA  ...`..Q...(...X.
00005A20:  D1 95 14 28 47 35 15 EA 4B 35 A8 2B D8 8D 01 C6  ...(G5..K5.+....
00005A30:  28 9C 38 89 9B 85 78 0C FD 5C DE E1 A5 02 5B 81  (.8...x..\....[.
00005A40:  35 6D 86 B0 10 13 17 64 C2 9C 68 04 46 77 30 B4  5m.....d..h.Fw0.
00005A50:  2A 22 BB 3F 6F 09 92 2F 38 6F 9E 48 65 76 0D 10  *".?o../8o.Hev..
00005A60:  E7 66 0A B8 C5 AE 2E 2C 92 0F 38 4D BD 6F C3 0C  .f.....,..8M.o..
00005A70:  09 61 8F 9F 42 F1 05 51 C3 2D C9 03 A5 C1 2C AF  .a..B..Q.-....,.
00005A80:  66 00 3D 16 B9 F4 F9 19 75 25 A1 3C C1 22 2D D4  f.=.....u%.<."-.
00005A90:  2E 2E 26 7D B8 CE 19 8A 17 43 9A 3C 2D BE 9D 78  ..&}.....C.<-..x
00005AA0:  68 3E B5 ED 8F 00 FB 15 49 D7 50 2B 69 47 A9 09  h>......I.P+iG..
00005AB0:  41 8B A5 4B 27 1F C7 0F CE F0 53 BF 6E 5F 14 FB  A..K'.....S.n_..
00005AC0:  89 A0 00 61 FC 17 6D 8C 12 DD FD 64 5A 4B B0 EF  ...a..m....dZK..
00005AD0:  64 83 31 BE 0D AB AE CA 2B 0C AB 33 B7 94 E0 F6  d.1.....+..3....
00005AE0:  E4 4E 4D BA B2 D3 AD 85 36 65 D8 60 B0 7D 1F AF  .NM.....6e.`.}..
00005AF0:  55 25 DE 54 42 81 36 09 20 22 31 4C 7C 85 79 82  U%.TB.6. "1L|.y.
00005B00:  86 55 D5 7B 04 A4 C3 36 05 B0 8A 8A A4 4C 94 40  .U.{...6.....L.@
00005B10:  4B 85 DF 00 D0 CF 90 C2 2D 47 36 5D 4B 76 11 FB  K.......-G6]Kv..
00005B20:  4F E2 9F 4F 65 90 E4 65 B0 91 5C 53 BC 07 82 EA  O..Oe..e..\S....
00005B30:  00 05 C1 83 68 E0 40 B2 87 99 0E CF 9E BC E5 03  ....h.@.........
00005B40:  63 D1 1E 18 AF 19 F0 F8 6B 24 73 0A A8 F3 41 F0  c.......k$s...A.
00005B50:  AF 81 90 0E E6 D1 50 67 5C 73 40 B7 4E E1 81 A1  ......Pg\s@.N...
00005B60:  75 4A B6 19 25 E8 D4 5A F5 99 A8 E9 49 23 CC 9C  uJ..%..Z....I#..
00005B70:  7A 2A 6E F2 10 30 3A EB 63 24 D0 1D A1 58 39 8F  z*n..0:.c$...X9.
00005B80:  68 E6 76 E7 2A 69 00 00 00 00 00 00 00 00 00 00  h.v.*i..........
00005B90:  00 00 00 00 00 00 00 00 00 00 00 00 00 00 00 00  ................ [zeros]
00005BA0:  00 00 00 00 00 00 00 00 00 00 00 00 00 00 00 00  ................ [zeros]
00005BB0:  00 00 00 00 00 00 00 00 00 00 00 00 00 00 00 00  ................ [zeros]
00005BC0:  00 00 00 00 00 00 00 00 00 00 00 00 00 00 00 00  ................ [zeros]
00005BD0:  00 00 00 00 00 00 00 00 00 00 00 00 00 00 00 00  ................ [zeros]
00005BE0:  00 00 00 00 00 00 00 00 00 00 00 00 00 00 00 00  ................ [zeros]
00005BF0:  00 00 00 00 00 00 00 00 00 00 00 00 00 00 00 00  ................ [zeros]
00005C00:  00 00 00 00 00 00 00 00 00 00 00 00 00 00 00 00  ................ [zeros]
00005C10:  00 00 00 00 00 00 00 00 00 00 00 00 00 00 00 00  ................ [zeros]
00005C20:  00 00 00 00 00 00 00 00 00 00 00 00 00 00 00 00  ................ [zeros]
00005C30:  00 00 00 00 00 00 00 00 00 00 00 00 00 00 00 00  ................ [zeros]
00005C40:  00 00 00 00 00 00 00 00 00 00 00 00 00 00 00 00  ................ [zeros]
00005C50:  00 00 00 00 00 00 91 E2 C0 0C F2 54 43 7C 99 62  ...........TC|.b
00005C60:  74 51 33 0F A7 1E 00 00 00 00 00 00 00 00 00 00  tQ3.............
00005C70:  00 00 00 00 00 00 38 62 07 C5 AD 83 EA 8A 75 FE  ......8b......u.
00005C80:  96 6D 24 24 97 66 AE 9A 91 6F 5A 54 C5 1E C8 48  .m$$.f...oZT...H
00005C90:  86 B2 9E A8 64 61 54 1F 12 C9 09 28 3F 65 B9 5C  ....daT....(?e.\
00005CA0:  ED 8D 13 DD 41 BB 83 4F 68 7D AA 3A 76 9D 54 FD  ....A..Oh}.:v.T.
00005CB0:  BE 89 E6 24 01 E6 00 00 00 00 00 00 00 00 00 00  ...$............
00005CC0:  00 00 00 00 00 00 23 EB F4 61 FE 8F A0 6D 8C E1  ......#..a...m..
00005CD0:  DA 62 CC C4 61 0C E4 BD 78 F8 23 AD AF B3 15 29  .b..a...x.#....)
00005CE0:  BB 87 5E 12 B9 AF D4 05 54 0A 97 73 25 8C A6 82  ..^.....T..s%...
00005CF0:  EC 0C C7 C7 F3 99 A2 00 22 0D 9F CA C4 8B A7 2A  ........"......*
00005D00:  BB 79 D4 EF 5F 4F 91 54 3C C5 54 31 BD DC C8 DB  .y.._O.T<.T1....
00005D10:  BA 26 CD A1 E2 EC BF F8 D1 88 2A F3 55 B7 41 07  .&........*.U.A.
00005D20:  81 1B 54 62 74 A1 FB D4 0E 8F DF 04 A0 B2 52 85  ..Tbt.........R.
00005D30:  E3 A3 F6 05 F4 91 0D 52 A5 A9 7D F0 82 F8 39 A4  .......R..}...9.
00005D40:  3C 2E E3 E8 0D E0 59 FE 0C 92 62 95 E3 F3 3B 9C  <.....Y...b...;.
00005D50:  83 68 70 BF B2 D1 9F CE 62 8B 16 A9 4F E1 C8 25  .hp.....b...O..%
00005D60:  CE 6B 3A 2F 6C B5 F1 34 7A 26 8E 23 A1 C7 40 0D  .k:/l..4z&.#..@.
00005D70:  C2 13 03 19 47 28 9E 6A 61 19 8B 49 8C 63 7A 2F  ....G(.ja..I.cz/
00005D80:  0B D5 EA B4 9A 78 AC FC 4F 55 DA 3B 77 ED 9F 6A  .....x..OU.;w..j
00005D90:  EB 09 21 50 58 E7 F6 81 8E 05 E6 92 C1 22 E3 1B  ..!PX........"..
00005DA0:  15 84 11 34 E4 C2 CA BF 68 BD 03 CD BE 80 B8 87  ...4....h.......
00005DB0:  BA 29 A0 8C 76 B4 3A 03 E6 D0 F0 62 F7 63 44 A2  .)..v.:....b.cD.
00005DC0:  EB 3A A1 24 1C 7C 39 C2 61 72 4E 39 3B BD 3E 6B  .:.$.|9.arN9;.>k
00005DD0:  CE 33 96 98 EE B9 12 18 13 58 3B 73 B4 AA DD D0  .3.......X;s....
00005DE0:  6F 19 FA 28 13 BE CE CC 65 F5 ED 29 2C B4 45 30  o..(....e..),.E0
00005DF0:  E8 EB FA D0 C1 28 D8 36 88 52 67 B8 A8 25 03 6E  .....(.6.Rg..%.n
00005E00:  34 77 11 85 08 CA C2 DB 71 09 03 1A 4A 9E 5D FB  4w......q...J.].
00005E10:  6D E9 34 FD 53 11 DA 21 13 10 18 DE 5E A2 73 14  m.4.S..!....^.s.
00005E20:  84 2E FE DB 83 52 BF 42 F2 AE 62 02 42 FC 0E C4  .....R.B..b.B...
00005E30:  E3 3B B4 EC 2C C5 7F B4 F1 E3 13 0B 89 D7 64 F9  .;..,.........d.
00005E40:  83 C0 B5 12 DC B2 57 A6 13 0C 9B 0A 52 8B BD 66  ......W.....R..f
00005E50:  12 99 F5 97 86 C2 1A 5D D6 6D 16 3E F3 FE 1F B4  .......].m.>....
00005E60:  0F FB B9 98 A5 22 A6 02 F3 20 9C 51 36 30 9D 6F  ....."... .Q60.o
00005E70:  6D 50 59 21 69 C5 00 00 00 00 00 00 00 00 00 00  mPY!i...........
00005E80:  00 00 00 00 00 00 00 00 00 00 00 00 00 00 00 00  ................ [zeros]
00005E90:  00 00 00 00 00 00 00 00 00 00 00 00 00 00 00 00  ................ [zeros]
00005EA0:  00 00 00 00 00 00 00 00 00 00 00 00 00 00 00 00  ................ [zeros]
00005EB0:  00 00 00 00 00 00 00 00 00 00 00 00 00 00 00 00  ................ [zeros]
00005EC0:  00 00 00 00 00 00 D6 F4 9E E4 E2 E4 81 FF E1 99  ................
00005ED0:  E3 A0 5B E7 7F 6F 15 8F C7 03 6E 6F 91 56 57 0C  ..[..o....no.VW.
00005EE0:  4B F0 BF DD F4 F2 95 A1 10 31 5C E0 61 66 FF 93  K........1\.af..
00005EF0:  18 26 07 0E 44 6B 0B 8D 2B DC 90 B8 F0 C8 5D 83  .&..Dk..+.....].
00005F00:  AC AC 37 29 37 8A 00 00 00 00 00 00 00 00 00 00  ..7)7...........
00005F10:  00 00 00 00 00 00 00 00 00 00 00 00 00 00 00 00  ................ [zeros]
00005F20:  00 00 00 00 00 00 00 00 00 00 00 00 00 00 00 00  ................ [zeros]
00005F30:  00 00 00 00 00 00 00 00 00 00 00 00 00 00 00 00  ................ [zeros]
00005F40:  00 00 00 00 00 00 00 00 00 00 00 00 00 00 00 00  ................ [zeros]
00005F50:  00 00 00 00 00 00 00 00 00 00 00 00 00 00 00 00  ................ [zeros]
00005F60:  00 00 00 00 00 00 00 00 00 00 00 00 00 00 00 00  ................ [zeros]
00005F70:  00 00 00 00 00 00 00 00 00 00 00 00 00 00 00 00  ................ [zeros]
00005F80:  00 00 00 00 00 00 00 00 00 00 00 00 00 00 00 00  ................ [zeros]
00005F90:  00 00 00 00 00 00 00 00 00 00 00 00 00 00 00 00  ................ [zeros]
00005FA0:  00 00 00 00 00 00 00 00 00 00 00 00 00 00 00 00  ................ [zeros]
00005FB0:  00 00 00 00 00 00 FB 5C B7 F2 D4 0D 0F 94 8F 4F  .......\.......O
00005FC0:  B0 D0 7D BC DE 3C 4A C7 A8 9C D3 E7 A5 F9 FD 0B  ..}..<J.........
00005FD0:  DD A1 02 F9 CC 0A F7 07 04 E0 54 A5 13 39 23 AD  ..........T..9#.
00005FE0:  98 23 6B 85 E1 E7 AE AC 51 4B 56 AF A7 74 80 7C  .#k.....QKV..t.|
00005FF0:  5F 12 7A 39 82 A7 DD C6 15 BF 08 65 D6 73 9F 10  _.z9.......e.s..
00006000:  DD 4B C8 34 44 FD 00 00 00 00 00 00 00 00 00 00  .K.4D...........
00006010:  00 00 00 00 00 00 00 00 00 00 00 00 00 00 00 00  ................ [zeros]
00006020:  00 00 00 00 00 00 00 00 00 00 00 00 00 00 00 00  ................ [zeros]
00006030:  00 00 00 00 00 00 00 00 00 00 00 00 00 00 00 00  ................ [zeros]
00006040:  00 00 00 00 00 00 00 00 00 00 00 00 00 00 00 00  ................ [zeros]
00006050:  00 00 00 00 00 00 C0 BF 5D 38 55 6A D8 B7 EC 2F  ........]8Uj.../
00006060:  CD 19 BD 60 E1 CA D1 B5 9D 18 97 14 86 33 82 11  ...`.........3..
00006070:  A0 7A B3 32 99 52 00 00 00 00 00 00 00 00 00 00  .z.2.R..........
00006080:  00 00 00 00 00 00 00 00 00 00 00 00 00 00 00 00  ................ [zeros]
00006090:  00 00 00 00 00 00 00 00 00 00 00 00 00 00 00 00  ................ [zeros]
000060A0:  00 00 00 00 00 00 00 00 00 00 00 00 00 00 00 00  ................ [zeros]
000060B0:  00 00 00 00 00 00 00 00 00 00 00 00 00 00 00 00  ................ [zeros]
000060C0:  00 00 00 00 00 00 00 00 00 00 00 00 00 00 00 00  ................ [zeros]
000060D0:  00 00 00 00 00 00 00 00 00 00 00 00 00 00 00 00  ................ [zeros]
000060E0:  00 00 00 00 00 00 00 00 00 00 00 00 00 00 00 00  ................ [zeros]
000060F0:  00 00 00 00 00 00 00 00 00 00 00 00 00 00 00 00  ................ [zeros]
00006100:  00 00 00 00 00 00 00 00 00 00 00 00 00 00 00 00  ................ [zeros]
00006110:  00 00 00 00 00 00 00 00 00 00 00 00 00 00 00 00  ................ [zeros]
00006120:  00 00 00 00 00 00 C5 EE B5 B5 D4 6C 2E F7 28 E6  ...........l..(.
00006130:  F6 FD D4 8A B8 D8 D1 DF 7B AD D5 8F 00 9A CF EA  ........{.......
00006140:  84 B5 3D 00 6E 7E 11 BA 3A 29 40 4A 5C 67 BF 2E  ..=.n~..:)@J\g..
00006150:  A9 F8 55 54 18 F2 50 67 5C 73 40 B7 4E E1 81 A1  ..UT..Pg\s@.N...
00006160:  75 4A B6 19 25 E8 00 00 00 00 00 00 00 00 00 00  uJ..%...........
00006170:  00 00 00 00 00 00 00 00 00 00 00 00 00 00 00 00  ................ [zeros]
00006180:  00 00 00 00 00 00 00 00 00 00 00 00 00 00 00 00  ................ [zeros]
00006190:  00 00 00 00 00 00 00 00 00 00 00 00 00 00 00 00  ................ [zeros]
000061A0:  00 00 00 00 00 00 00 00 00 00 00 00 00 00 00 00  ................ [zeros]
000061B0:  00 00 00 00 00 00 0F 87 21 2C F7 47 C2 2B 60 C6  ........!,.G.+`.
000061C0:  25 49 75 F5 37 C4 8B 82 DC 86 E5 89 04 49 E7 DB  %Iu.7........I..
000061D0:  45 0F 57 86 C5 C2 00 00 00 00 00 00 00 00 00 00  E.W.............
000061E0:  00 00 00 00 00 00 00 00 00 00 00 00 00 00 00 00  ................ [zeros]
000061F0:  00 00 00 00 00 00 00 00 00 00 00 00 00 00 00 00  ................ [zeros]
00006200:  00 00 00 00 00 00 00 00 00 00 00 00 00 00 00 00  ................ [zeros]
00006210:  00 00 00 00 00 00 00 00 00 00 00 00 00 00 00 00  ................ [zeros]
00006220:  00 00 00 00 00 00 00 00 00 00 00 00 00 00 00 00  ................ [zeros]
00006230:  00 00 00 00 00 00 00 00 00 00 00 00 00 00 00 00  ................ [zeros]
00006240:  00 00 00 00 00 00 00 00 00 00 00 00 00 00 00 00  ................ [zeros]
00006250:  00 00 00 00 00 00 00 00 00 00 00 00 00 00 00 00  ................ [zeros]
00006260:  00 00 00 00 00 00 00 00 00 00 00 00 00 00 00 00  ................ [zeros]
00006270:  00 00 00 00 00 00 00 00 00 00 00 00 00 00 00 00  ................ [zeros]
00006280:  00 00 00 00 00 00 CE 7C 4D 6F BB 25 EF 36 3D AB  .......|Mo.%.6=.
00006290:  BC 5E E1 F8 FF 62 D9 B2 5C F2 56 B6 C4 79 A1 40  .^...b..\.V..y.@
000062A0:  C2 56 41 B8 E1 B3 3A E8 CE BC 83 42 43 27 1B 2B  .VA...:....BC'.+
000062B0:  BB 3A 27 BA 32 4B A9 87 32 38 6E D0 E0 04 57 45  .:'.2K..28n...WE
000062C0:  F8 42 26 E2 3A E8 A2 6B 96 24 5A 9B E8 03 35 60  .B&.:..k.$Z...5`
000062D0:  98 FD 9D 98 DD 4B A9 63 43 EA C7 EE A8 B0 17 2D  .....K.cC......-
000062E0:  EC 7B B6 9C 30 E6 A8 18 C4 D3 71 92 75 5B B6 DC  .{..0.....q.u[..
000062F0:  7E 56 4E DC 4E 25 F3 04 91 44 ED 6C 76 A9 31 5B  ~VN.N%...D.lv.1[
00006300:  44 A9 55 C7 A6 3D BF 16 AA 63 0C E1 D8 AE 34 D3  D.U..=...c....4.
00006310:  80 EA 9C F2 5E B9 1A 19 BA 9C 4C 2E A2 73 C8 B9  ....^.....L..s..
00006320:  06 3A 85 3E 5A 6E 66 9E D6 A7 A5 2B F1 40 B4 47  .:.>Znf....+.@.G
00006330:  38 AF B3 A4 F9 F2 B2 44 43 5C B0 28 A1 FB 22 04  8......DC\.(..".
00006340:  2D 6E 7E 3F 36 D2 BA A6 D3 A4 38 99 8D 48 CE 96  -n~?6.....8..H..
00006350:  AA 7A DD 7F 7E 9A C3 44 3B 9A D0 25 DD 6F D3 6B  .z..~..D;..%.o.k
00006360:  D2 79 1E B9 13 48 5B D6 14 21 4D 26 FE 61 BB 09  .y...H[..!M&.a..
00006370:  A3 D3 74 C5 C1 17 F9 83 56 30 45 85 B2 07 0E F3  ..t.....V0E.....
00006380:  51 AE D4 A1 75 C9 F7 F1 83 8A F8 B5 75 7E 0C D9  Q...u.......u~..
00006390:  CD 9A FE BA 07 D9 B3 37 D4 5A 08 8F 60 38 80 B8  .......7.Z..`8..
000063A0:  B4 44 40 FC BB 9D 72 54 DF BD 51 AA 16 D3 3B 7A  .D@...rT..Q...;z
000063B0:  01 E6 D7 C7 65 18 66 A8 E2 DE 0C 62 A5 0D BD D8  ....e.f....b....
000063C0:  9F C6 AB 4A F0 CD B4 9B DF DD A6 D3 97 DA 48 8E  ...J..........H.
000063D0:  82 4B 68 92 09 AC 00 00 00 00 00 00 00 00 00 00  .Kh.............
000063E0:  00 00 00 00 00 00 BC 3D DB 6D B4 5C E4 7B A7 87  .......=.m.\.{..
000063F0:  ED 8D 76 B7 D2 76 E0 9E 74 F4 C2 51 D7 D0 BD 57  ..v..v..t..Q...W
00006400:  9F 07 73 DA A0 F0 8A 74 ED CE A4 05 D1 C3 75 A2  ..s....t......u.
00006410:  EA 59 A6 F2 B5 A1 00 00 00 00 00 00 00 00 00 00  .Y..............
00006420:  00 00 00 00 00 00 AE AC 51 4B 56 AF A7 74 80 7C  ........QKV..t.|
00006430:  5F 12 7A 39 82 A7 D6 14 17 81 1E C8 E8 B6 6B 79  _.z9..........ky
00006440:  D6 D9 DA 40 C8 C5 77 69 27 ED 7B 3A 69 F3 66 A8  ...@..wi'.{:i.f.
00006450:  67 DA F5 73 04 EA 5A 87 C3 B1 32 E5 11 6A 87 8B  g..s..Z...2..j..
00006460:  91 8B 4F 6A AB 44 8C 9D 51 7C 9B 7E C2 E8 D0 C4  ..Oj.D..Q|.~....
00006470:  03 95 F3 76 AC 99 67 1A 45 50 2F 24 FA FB D8 01  ...v..g.EP/$....
00006480:  00 E8 67 C8 F9 FB 00 00 00 00 00 00 00 00 00 00  ..g.............
00006490:  00 00 00 00 00 00 E1 63 80 10 63 9C B9 C4 05 B4  .......c..c.....
000064A0:  3B DA C2 8D 1A 22 14 25 7F 41 85 10 44 8F 16 3B  ;....".%.A..D..;
000064B0:  27 09 8C 7A 6F 3A 60 8A 30 87 4A A5 CC E2 42 43  '..zo:`.0.J...BC
000064C0:  90 A7 10 03 75 57 00 00 00 00 00 00 00 00 00 00  ....uW..........
000064D0:  00 00 00 00 00 00 BC 3D DB 6D B4 5C E4 7B A7 87  .......=.m.\.{..
000064E0:  ED 8D 76 B7 D2 76 E0 9E 74 F4 C2 51 D7 D0 BD 57  ..v..v..t..Q...W
000064F0:  9F 07 73 DA A0 F0 77 6D AE 2B 32 40 F1 4A 9C 92  ..s...wm.+2@.J..
00006500:  AA 3E AB 45 C7 22 00 00 00 00 00 00 00 00 00 00  .>.E."..........
00006510:  00 00 00 00 00 00 00 00 00 00 00 00 00 00 00 00  ................ [zeros]
00006520:  00 00 00 00 00 00 00 00 00 00 00 00 00 00 00 00  ................ [zeros]
00006530:  00 00 00 00 00 00 00 00 00 00 00 00 00 00 00 00  ................ [zeros]
00006540:  00 00 00 00 00 00 00 00 00 00 00 00 00 00 00 00  ................ [zeros]
00006550:  00 00 00 00 00 00 00 00 00 00 00 00 00 00 00 00  ................ [zeros]
00006560:  00 00 00 00 00 00 00 00 00 00 00 00 00 00 00 00  ................ [zeros]
00006570:  00 00 00 00 00 00 00 00 00 00 00 00 00 00 00 00  ................ [zeros]
00006580:  00 00 00 00 00 00 00 00 00 00 00 00 00 00 00 00  ................ [zeros]
00006590:  00 00 00 00 00 00 00 00 00 00 00 00 00 00 00 00  ................ [zeros]
000065A0:  00 00 00 00 00 00 00 00 00 00 00 00 00 00 00 00  ................ [zeros]
000065B0:  00 00 00 00 00 00 00 00 00 00 00 00 00 00 00 00  ................ [zeros]
000065C0:  00 00 00 00 00 00 00 00 00 00 00 00 00 00 00 00  ................ [zeros]
000065D0:  00 00 00 00 00 00 37 0C 58 ED 29 1E 16 7B F0 E7  ......7.X.)..{..
000065E0:  99 AB CA 1F 86 21 AA E3 83 4E D8 E8 12 95 F8 05  .....!...N......
000065F0:  BB 9E ED B8 EF 9A 01 DC 12 C4 D5 B8 E2 3A 88 AE  .............:..
00006600:  99 B5 D8 7F A8 0D 00 00 00 00 00 00 00 00 00 00  ................
00006610:  00 00 00 00 00 00 66 3A 3A B0 44 89 69 B3 15 49  ......f::.D.i..I
00006620:  51 31 6A EF 11 0A 5A 87 C3 B1 32 E5 11 6A 87 8B  Q1j...Z...2..j..
00006630:  91 8B 4F 6A AB 44 BD D2 3B 66 BB A6 CB 4A 5D 62  ..Oj.D..;f...J]b
00006640:  F8 7C 3E E8 1A 55 96 77 EE 42 CE F4 DB 20 0B 51  .|>..U.w.B... .Q
00006650:  5D 47 C3 04 DE 80 D0 97 CE D6 F0 69 6F 29 A5 CC  ]G.........io)..
00006660:  ED B1 5C 9D D9 97 9A DC 14 8A 92 4A 94 A4 A4 C7  ..\........J....
00006670:  6C 3C 15 2B 09 35 B5 3A 4D 71 3C 71 CE 89 87 EC  l<.+.5.:Mq<q....
00006680:  E9 30 14 6F 19 D1 D4 F1 4D 73 EC BE 14 B3 5B 2B  .0.o....Ms....[+
00006690:  09 A9 E8 1C CE DC 80 77 7F CE 3A 75 04 E3 EE DE  .......w..:u....
000066A0:  7F D8 33 E4 C3 74 EF C9 1D 0F 18 B1 51 BD 7A 44  ..3..t......Q.zD
000066B0:  C0 18 C4 B4 BA DE 53 42 5F 3E 03 F2 03 23 60 3A  ......SB_>...#`:
000066C0:  A8 25 CD 52 B6 E8 4B 99 4D 72 A6 E0 41 86 C0 D4  .%.R..K.Mr..A...
000066D0:  A6 A7 9D 90 3E D6 85 98 EE EA F3 2B 10 A2 8B D8  ....>......+....
000066E0:  EC BA E1 0F EB D9 E1 9A 33 86 28 E2 CC 0B 2E 08  ........3.(.....
000066F0:  99 33 BB 0B 9A 6E AA CD A7 5A 29 44 75 E4 7E 48  .3...n...Z)Du.~H
00006700:  39 7D B5 B8 CE 84 58 6C 21 85 FE 8D F8 99 D4 7B  9}....Xl!......{
00006710:  6A C1 DD 57 43 C9 B8 16 B1 84 0F FD D2 21 F4 1F  j..WC........!..
00006720:  06 8C F8 22 9F B0 97 76 C3 27 80 A2 1A E4 90 21  ..."...v.'.....!
00006730:  D8 EB 5E B4 CF 59 AC 09 BB 11 4C EA 0F 6E AE AE  ..^..Y....L..n..
00006740:  01 81 A8 AF 78 9E 61 1A 99 05 71 8E D1 7F 08 F2  ....x.a...q.....
00006750:  30 4B 53 D6 0F 74 00 00 00 00 00 00 00 00 00 00  0KS..t..........
00006760:  00 00 00 00 00 00 00 00 00 00 00 00 00 00 00 00  ................ [zeros]
00006770:  00 00 00 00 00 00 77 69 27 ED 7B 3A 69 F3 66 A8  ......wi'.{:i.f.
00006780:  67 DA F5 73 04 EA 00 00 00 00 00 00 00 00 00 00  g..s............
00006790:  00 00 00 00 00 00 00 00 00 00 00 00 00 00 00 00  ................ [zeros]
000067A0:  00 00 00 00 00 00 E6 09 17 6E 6F EB 88 8A 4B C9  .........no...K.
000067B0:  7D 46 A3 8D 4D D4 00 00 00 00 00 00 00 00 00 00  }F..M...........
000067C0:  00 00 00 00 00 00 00 00 00 00 00 00 00 00 00 00  ................ [zeros]
000067D0:  00 00 00 00 00 00 00 00 00 00 00 00 00 00 00 00  ................ [zeros]
000067E0:  00 00 00 00 00 00 09 4F D6 33 FE 44 22 C0 94 CE  .......O.3.D"...
000067F0:  4D 14 A0 34 A2 BE 00 00 00 00 00 00 00 00 00 00  M..4............
00006800:  00 00 00 00 00 00 00 00 00 00 00 00 00 00 00 00  ................ [zeros]
00006810:  00 00 00 00 00 00 E7 AE 10 30 8F 8A DA 65 EF 1A  .........0...e..
00006820:  E6 0B 3E 12 19 CB 00 00 00 00 00 00 00 00 00 00  ..>.............
00006830:  00 00 00 00 00 00 00 00 00 00 00 00 00 00 00 00  ................ [zeros]
00006840:  00 00 00 00 00 00 4B 31 98 86 AE 36 80 88 E0 8A  ......K1...6....
00006850:  FE 3C A8 BF DD 7C 00 00 00 00 00 00 00 00 00 00  .<...|..........
00006860:  00 00 00 00 00 00 00 00 00 00 00 00 00 00 00 00  ................ [zeros]
00006870:  00 00 00 00 00 00 00 00 00 00 00 00 00 00 00 00  ................ [zeros]
00006880:  00 00 00 00 00 00 50 1B B7 1A 74 FE EF 58 59 C4  ......P...t..XY.
00006890:  BE 8A 62 0D 05 CD 00 00 00 00 00 00 00 00 00 00  ..b.............
000068A0:  00 00 00 00 00 00 00 00 00 00 00 00 00 00 00 00  ................ [zeros]
000068B0:  00 00 00 00 00 00 50 33 CD 76 5A 36 11 8B A0 C9  ......P3.vZ6....
000068C0:  A5 D2 80 26 63 E8 08 24 C5 0E 88 89 94 C1 AC A4  ...&c..$........
000068D0:  B5 D0 48 61 E3 5A 08 24 C5 0E 88 89 94 C1 AC A4  ..Ha.Z.$........
000068E0:  B5 D0 48 61 E3 5A F6 5A 22 61 C5 C5 E8 3E 0E 85  ..Ha.Z.Z"a...>..
000068F0:  05 2F 3B B2 31 7C 9B 03 6A 94 77 46 4D 37 B1 94  ./;.1|..j.wFM7..
00006900:  47 AB 00 91 21 D1 B2 34 BF DB EA 6F B5 F1 50 B1  G...!..4...o..P.
00006910:  32 29 EF 51 EC 77 FE 17 CA 0C B7 66 52 2F 7E 55  2).Q.w.....fR/~U
00006920:  17 78 93 88 39 2A F4 10 96 83 E7 73 CF DF B6 66  .x..9*.....s...f
00006930:  2F CE 7E F2 5B 5B B6 CA CD B3 C8 0A 41 B0 72 D9  /.~.[[......A.r.
00006940:  CC E6 E3 FF C4 27 F0 50 05 24 6F 27 FB 7A 6A C6  .....'.P.$o'.zj.
00006950:  02 81 BB D8 6B E0 87 E5 68 7B 30 33 B4 EC 29 64  ....k...h{03..)d
00006960:  C6 62 56 6B 29 72 A8 89 4E 85 6B 07 08 09 E7 AC  .bVk)r..N.k.....
00006970:  82 87 87 A6 E0 49 8C 7A 56 53 E0 E9 9A C4 05 E3  .....I.zVS......
00006980:  20 81 6B D9 95 D8 B2 A6 99 26 73 8B DB 3F 25 17   .k......&s..?%.
00006990:  1C DF 2A 1E 8E 07 47 00 F0 73 34 19 D9 6F FC 97  ..*...G..s4..o..
000069A0:  D2 AA C5 DE 05 06 00 BD C9 30 B2 3D E1 CC 6D 42  .........0.=..mB
000069B0:  47 C5 C6 A8 F9 A3 68 BF 66 D6 89 7E 47 65 0D 57  G.....h.f..~Ge.W
000069C0:  36 39 67 B3 16 9A 66 45 E7 84 18 D9 BD 3D C1 F8  69g...fE.....=..
000069D0:  C5 0A ED 1B C3 22 66 45 E7 84 18 D9 BD 3D C1 F8  ....."fE.....=..
000069E0:  C5 0A ED 1B C3 22 66 45 E7 84 18 D9 BD 3D C1 F8  ....."fE.....=..
000069F0:  C5 0A ED 1B C3 22 F7 A2 D2 AA 5E 62 88 EE 3A 86  ....."....^b..:.
00006A00:  38 DE 98 04 09 04 FA 09 28 DE 82 E4 A3 AE 81 C4  8.......(.......
00006A10:  B5 F3 87 F7 30 3F FA 09 28 DE 82 E4 A3 AE 81 C4  ....0?..(.......
00006A20:  B5 F3 87 F7 30 3F 7F A7 C7 69 3F 0D 50 6D 1B 64  ....0?...i?.Pm.d
00006A30:  CA 27 3F 26 2A 73 A7 DA 29 A2 A0 4E C0 2C DA FF  .'?&*s..)..N.,..
00006A40:  21 57 84 F5 CA 1A 1E 18 EF 14 E8 5A A8 ED 82 94  !W.........Z....
00006A50:  4E 7A 5A 58 23 E6 4F 68 B5 09 60 22 2F AA 8F 01  NzZX#.Oh..`"/...
00006A60:  00 07 41 53 DA F6 9E 5D F6 0A 07 17 CA 33 D5 A8  ..AS...].....3..
00006A70:  B5 77 26 8A 88 99 09 62 D1 6A D1 FB 74 8D A5 CF  .w&....b.j..t...
00006A80:  E1 FF 57 E1 BF EC 35 2F 87 7A 31 40 CF F2 1B C5  ..W...5/.z1@....
00006A90:  45 66 0C D9 B4 44 FF 4E B2 0F 9E 3B B1 B5 2F C0  Ef...D.N...;../.
00006AA0:  FB DC 1D 9F 0F BD FF 4E B2 0F 9E 3B B1 B5 2F C0  .......N...;../.
00006AB0:  FB DC 1D 9F 0F BD FF 4E B2 0F 9E 3B B1 B5 2F C0  .......N...;../.
00006AC0:  FB DC 1D 9F 0F BD CA ED DB 3D DD A4 F3 3C 44 53  .........=...<DS
00006AD0:  A0 AF DA 38 0A AF D6 35 FE 4B 5C D4 E3 E7 6E D8  ...8...5.K\...n.
00006AE0:  90 DB A0 D7 54 5E FB 61 C2 E2 62 FC 29 64 61 EE  ....T^.a..b.)da.
00006AF0:  F5 B5 F2 0E 5A CB DF B7 D2 7D 5A 6E 40 27 66 65  ....Z....}Zn@'fe
00006B00:  4F ED CC 6B 72 E5 62 ED AE 5D EE AA 00 D6 7D A4  O..kr.b..]....}.
00006B10:  78 E9 E5 A2 4E 32 34 4F 74 ED D7 9C 63 A1 C9 2E  x...N24Ot...c...
00006B20:  11 9F C5 F0 FC A6 F2 3B 13 CD 2D C5 B2 17 45 CD  .......;..-...E.
00006B30:  E1 2C 0D D1 A9 05 C0 F2 DD 90 44 BB 2E CB D8 64  .,........D....d
00006B40:  B4 1E AD C2 4B FB 3D F0 A7 D3 90 39 7A C7 B5 EC  ....K.=....9z...
00006B50:  A8 C6 41 C4 07 15 61 B5 28 3F 0A F3 FA 74 82 C5  ..A...a.(?...t..
00006B60:  CE EE 1E F9 BE C1 D6 35 FE 4B 5C D4 E3 E7 6E D8  .......5.K\...n.
00006B70:  90 DB A0 D7 54 5E FB 61 C2 E2 62 FC 29 64 61 EE  ....T^.a..b.)da.
00006B80:  F5 B5 F2 0E 5A CB DF B7 D2 7D 5A 6E 40 27 66 65  ....Z....}Zn@'fe
00006B90:  4F ED CC 6B 72 E5 62 ED AE 5D EE AA 00 D6 7D A4  O..kr.b..]....}.
00006BA0:  78 E9 E5 A2 4E 32 34 4F 74 ED D7 9C 63 A1 C9 2E  x...N24Ot...c...
00006BB0:  11 9F C5 F0 FC A6 F2 3B 13 CD 2D C5 B2 17 45 CD  .......;..-...E.
00006BC0:  E1 2C 0D D1 A9 05 1B B1 61 FC 3C 46 F5 DE C5 10  .,......a.<F....
00006BD0:  B9 A9 93 BE B4 44 99 9C F1 60 3D BB 38 95 0A F5  .....D...`=.8...
00006BE0:  E0 7B 6B A5 51 FF 69 31 5A CF E6 D1 FC 57 CA 9C  .{k.Q.i1Z....W..
00006BF0:  63 5A 0B B1 5C D6 00 00 00 00 00 00 00 00 00 00  cZ..\...........
00006C00:  00 00 00 00 00 00 6D 80 49 F3 10 A5 50 4A A2 9F  ......m.I...PJ..
00006C10:  68 06 00 23 6F 87 00 00 00 00 00 00 00 00 00 00  h..#o...........
00006C20:  00 00 00 00 00 00 00 00 00 00 00 00 00 00 00 00  ................ [zeros]
00006C30:  00 00 00 00 00 00 00 00 00 00 00 00 00 00 00 00  ................ [zeros]
00006C40:  00 00 00 00 00 00 00 00 00 00 00 00 00 00 00 00  ................ [zeros]
00006C50:  00 00 00 00 00 00 96 08 72 BD 35 69 CE 8E 26 E9  ........r.5i..&.
00006C60:  36 F1 2D AC 43 2F A0 0F 80 38 E1 B0 43 33 EC 0C  6.-.C/...8..C3..
00006C70:  57 65 92 32 EC 77 1F 82 51 28 EE 6B 86 24 CE CB  We.2.w..Q(.k.$..
00006C80:  CF 5A 7A 3F 23 B5 1B 71 69 F4 E0 30 35 EC 1E 8C  .Zz?#..qi..05...
00006C90:  90 99 66 19 1A C8 00 00 00 00 00 00 00 00 00 00  ..f.............
00006CA0:  00 00 00 00 00 00 00 00 00 00 00 00 00 00 00 00  ................ [zeros]
00006CB0:  00 00 00 00 00 00 00 00 00 00 00 00 00 00 00 00  ................ [zeros]
00006CC0:  00 00 00 00 00 00 00 00 00 00 00 00 00 00 00 00  ................ [zeros]
00006CD0:  00 00 00 00 00 00 00 00 00 00 00 00 00 00 00 00  ................ [zeros]
00006CE0:  00 00 00 00 00 00 00 00 00 00 00 00 00 00 00 00  ................ [zeros]
00006CF0:  00 00 00 00 00 00 00 00 00 00 00 00 00 00 00 00  ................ [zeros]
00006D00:  00 00 00 00 00 00 00 00 00 00 00 00 00 00 00 00  ................ [zeros]
00006D10:  00 00 00 00 00 00 00 00 00 00 00 00 00 00 00 00  ................ [zeros]
00006D20:  00 00 00 00 00 00 00 00 00 00 00 00 00 00 00 00  ................ [zeros]
00006D30:  00 00 00 00 00 00 00 00 00 00 00 00 00 00 00 00  ................ [zeros]
00006D40:  00 00 00 00 00 00 00 00 00 00 00 00 00 00 00 00  ................ [zeros]
00006D50:  00 00 00 00 00 00 CE B8 B5 CA 08 93 F4 B6 23 7B  ..............#{
00006D60:  AB 2E AB C9 0C 29 CC BE 78 F1 B7 0A DC 5A 84 EA  .....)..x....Z..
00006D70:  FE 5A 77 C3 3C 19 88 FD 03 FC 5E D9 98 BD 2C 6C  .Zw.<.....^...,l
00006D80:  44 0F 5B AE 06 E3 CE 62 48 0B 5F D3 BF C9 7C A7  D.[....bH._...|.
00006D90:  51 87 C5 A9 FF 38 00 00 00 00 00 00 00 00 00 00  Q....8..........
00006DA0:  00 00 00 00 00 00 00 00 00 00 00 00 00 00 00 00  ................ [zeros]
00006DB0:  00 00 00 00 00 00 00 00 00 00 00 00 00 00 00 00  ................ [zeros]
00006DC0:  00 00 00 00 00 00 00 00 00 00 00 00 00 00 00 00  ................ [zeros]
00006DD0:  00 00 00 00 00 00 00 00 00 00 00 00 00 00 00 00  ................ [zeros]
00006DE0:  00 00 00 00 00 00 CD 38 9C 65 4D EC 35 BD 73 ED  .......8.eM.5.s.
00006DF0:  E3 52 20 54 9C 84 A7 EF 41 2B F7 CD 6F DA 20 8D  .R T....A+..o. .
00006E00:  5F 0E AC 70 3A FA 00 00 00 00 00 00 00 00 00 00  _..p:...........
00006E10:  00 00 00 00 00 00 00 00 00 00 00 00 00 00 00 00  ................ [zeros]
00006E20:  00 00 00 00 00 00 00 00 00 00 00 00 00 00 00 00  ................ [zeros]
00006E30:  00 00 00 00 00 00 00 00 00 00 00 00 00 00 00 00  ................ [zeros]
00006E40:  00 00 00 00 00 00 00 00 00 00 00 00 00 00 00 00  ................ [zeros]
00006E50:  00 00 00 00 00 00 00 00 00 00 00 00 00 00 00 00  ................ [zeros]
00006E60:  00 00 00 00 00 00 00 00 00 00 00 00 00 00 00 00  ................ [zeros]
00006E70:  00 00 00 00 00 00 00 00 00 00 00 00 00 00 00 00  ................ [zeros]
00006E80:  00 00 00 00 00 00 00 00 00 00 00 00 00 00 00 00  ................ [zeros]
00006E90:  00 00 00 00 00 00 00 00 00 00 00 00 00 00 00 00  ................ [zeros]
00006EA0:  00 00 00 00 00 00 00 00 00 00 00 00 00 00 00 00  ................ [zeros]
00006EB0:  00 00 00 00 00 00 54 6D E8 2B A2 D3 39 78 C0 5D  ......Tm.+..9x.]
00006EC0:  70 BF 58 D5 DC 44 30 22 57 C5 EE FA 4F C7 2B 81  p.X..D0"W...O.+.
00006ED0:  65 6B 18 03 43 0C 5C 79 AE A8 74 8C 0C C9 20 DC  ek..C.\y..t... .
00006EE0:  DD C1 A8 33 DB A0 00 00 00 00 00 00 00 00 00 00  ...3............
00006EF0:  00 00 00 00 00 00 10 1A C7 AD 33 FC FB 37 42 54  ..........3..7BT
00006F00:  BE 0B 00 81 2D 73 00 00 00 00 00 00 00 00 00 00  ....-s..........
00006F10:  00 00 00 00 00 00 00 00 00 00 00 00 00 00 00 00  ................ [zeros]
00006F20:  00 00 00 00 00 00 00 00 00 00 00 00 00 00 00 00  ................ [zeros]
00006F30:  00 00 00 00 00 00 00 00 00 00 00 00 00 00 00 00  ................ [zeros]
00006F40:  00 00 00 00 00 00 00 00 00 00 00 00 00 00 00 00  ................ [zeros]
00006F50:  00 00 00 00 00 00 97 34 E4 D9 DF BC 79 90 91 A7  .......4....y...
00006F60:  35 1D 03 8F 6E 95 00 00 00 00 00 00 00 00 00 00  5...n...........
00006F70:  00 00 00 00 00 00 00 00 00 00 00 00 00 00 00 00  ................ [zeros]
00006F80:  00 00 00 00 00 00 00 00 00 00 00 00 00 00 00 00  ................ [zeros]
00006F90:  00 00 00 00 00 00 00 00 00 00 00 00 00 00 00 00  ................ [zeros]
00006FA0:  00 00 00 00 00 00 00 00 00 00 00 00 00 00 00 00  ................ [zeros]
00006FB0:  00 00 00 00 00 00 00 00 00 00 00 00 00 00 00 00  ................ [zeros]
00006FC0:  00 00 00 00 00 00 00 00 00 00 00 00 00 00 00 00  ................ [zeros]
00006FD0:  00 00 00 00 00 00 00 00 00 00 00 00 00 00 00 00  ................ [zeros]
00006FE0:  00 00 00 00 00 00 00 00 00 00 00 00 00 00 00 00  ................ [zeros]
00006FF0:  00 00 00 00 00 00 00 00 00 00 00 00 00 00 00 00  ................ [zeros]
00007000:  00 00 00 00 00 00 00 00 00 00 00 00 00 00 00 00  ................ [zeros]
00007010:  00 00 00 00 00 00 00 00 00 00 00 00 00 00 00 00  ................ [zeros]
00007020:  00 00 00 00 00 00 E6 39 F3 1D 24 C2 1F 5E F6 09  .......9..$..^..
00007030:  06 2B 24 52 88 0A A2 13 09 5E 42 E2 51 E0 41 11  .+$R.....^B.Q.A.
00007040:  66 B2 D3 13 E1 EC BE 05 6B E3 EA B8 A2 7B C5 34  f.......k....{.4
00007050:  AD B2 60 FD 81 BA 81 CB E9 13 6D F9 E8 B3 34 E6  ..`.......m...4.
00007060:  B1 BD FA 61 C9 0B AB 8A 52 B8 A3 05 B9 1D A6 0F  ...a....R.......
00007070:  D6 84 18 8D C4 84 B8 E8 7A B7 7A 3A 58 40 65 96  ........z.z:X@e.
00007080:  93 BF 7E D4 23 AB ED 53 DE 04 D7 FC 65 BE B2 DA  ..~.#..S....e...
00007090:  6D 49 46 23 B2 59 DE E3 EE D5 6A B8 AE 94 AD 1C  mIF#.Y....j.....
000070A0:  44 83 9E 49 C6 00 60 FC E7 36 31 1D 04 39 B3 5F  D..I..`..61..9._
000070B0:  02 A4 F0 0A AF F2 F7 F1 83 8A F8 B5 75 7E 0C D9  ............u~..
000070C0:  CD 9A FE BA 07 D9 1E 84 90 98 A0 B9 E9 AE 35 13  ..............5.
000070D0:  70 90 F2 FF A1 AB D8 92 61 B1 90 BA 51 A1 71 D1  p.......a...Q.q.
000070E0:  F6 38 B0 72 E9 A1 6A 22 18 B4 18 7A A0 6F BD BE  .8.r..j"...z.o..
000070F0:  8F 08 39 BB 77 E7 1A C0 EA F0 9A 50 DE CD F8 E0  ..9.w......P....
00007100:  10 86 B1 A5 FE 09 0D 44 D4 12 02 CF 2B 24 A6 47  .......D....+$.G
00007110:  F1 F0 1A D5 C5 DD 9F 42 0C E4 72 8F 41 ED 61 75  .......B..r.A.au
00007120:  2E AE A0 C9 71 35 93 6E D4 45 49 E2 9B FE 4B E3  ....q5.n.EI...K.
00007130:  49 F0 05 16 DA 97 06 53 18 72 93 FF 48 D3 ED 1D  I......S.r..H...
00007140:  7A 2A 16 B6 CE 7A 68 3A D8 B1 97 80 A3 12 4D 41  z*...zh:......MA
00007150:  C5 D3 5D 2E CF E2 CD 35 0F FF 42 92 FE B9 55 86  ..]....5..B...U.
00007160:  E6 A1 A5 D4 8C 57 84 0A BE C3 FE DC 5D 31 B5 68  .....W......]1.h
00007170:  41 77 D5 97 C2 B9 14 25 7F 41 85 10 44 8F 16 3B  Aw.....%.A..D..;
00007180:  27 09 8C 7A 6F 3A 60 8A 30 87 4A A5 CC E2 42 43  '..zo:`.0.J...BC
00007190:  90 A7 10 03 75 57 00 00 00 00 00 00 00 00 00 00  ....uW..........
000071A0:  00 00 00 00 00 00 BC 3D DB 6D B4 5C E4 7B A7 87  .......=.m.\.{..
000071B0:  ED 8D 76 B7 D2 76 E0 9E 74 F4 C2 51 D7 D0 BD 57  ..v..v..t..Q...W
000071C0:  9F 07 73 DA A0 F0 8A 74 ED CE A4 05 D1 C3 75 A2  ..s....t......u.
000071D0:  EA 59 A6 F2 B5 A1 00 00 00 00 00 00 00 00 00 00  .Y..............
000071E0:  00 00 00 00 00 00 AE AC 51 4B 56 AF A7 74 80 7C  ........QKV..t.|
000071F0:  5F 12 7A 39 82 A7 2C 70 EA D4 70 17 74 60 E9 CD  _.z9..,p..p.t`..
00007200:  07 8D 3C 58 96 E9 00 00 00 00 00 00 00 00 00 00  ..<X............
00007210:  00 00 00 00 00 00 50 1B B7 1A 74 FE EF 58 59 C4  ......P...t..XY.
00007220:  BE 8A 62 0D 05 CD C8 37 1B 6C 3B DE C3 B1 9B D7  ..b....7.l;.....
00007230:  AD C5 8A 1B 64 63 67 1A 45 50 2F 24 FA FB D8 01  ....dcg.EP/$....
00007240:  00 E8 67 C8 F9 FB 00 00 00 00 00 00 00 00 00 00  ..g.............
00007250:  00 00 00 00 00 00 E1 63 80 10 63 9C B9 C4 05 B4  .......c..c.....
00007260:  3B DA C2 8D 1A 22 14 25 7F 41 85 10 44 8F 16 3B  ;....".%.A..D..;
00007270:  27 09 8C 7A 6F 3A 60 8A 30 87 4A A5 CC E2 42 43  '..zo:`.0.J...BC
00007280:  90 A7 10 03 75 57 00 00 00 00 00 00 00 00 00 00  ....uW..........
00007290:  00 00 00 00 00 00 3A 9D 42 AF 86 84 BB C4 DC 09  ......:.B.......
000072A0:  B7 78 2C 8C A6 AE 00 00 00 00 00 00 00 00 00 00  .x,.............
000072B0:  00 00 00 00 00 00 00 00 00 00 00 00 00 00 00 00  ................ [zeros]
000072C0:  00 00 00 00 00 00 00 00 00 00 00 00 00 00 00 00  ................ [zeros]
000072D0:  00 00 00 00 00 00 00 00 00 00 00 00 00 00 00 00  ................ [zeros]
000072E0:  00 00 00 00 00 00 00 00 00 00 00 00 00 00 00 00  ................ [zeros]
000072F0:  00 00 00 00 00 00 00 00 00 00 00 00 00 00 00 00  ................ [zeros]
00007300:  00 00 00 00 00 00 00 00 00 00 00 00 00 00 00 00  ................ [zeros]
00007310:  00 00 00 00 00 00 00 00 00 00 00 00 00 00 00 00  ................ [zeros]
00007320:  00 00 00 00 00 00 00 00 00 00 00 00 00 00 00 00  ................ [zeros]
00007330:  00 00 00 00 00 00 00 00 00 00 00 00 00 00 00 00  ................ [zeros]
00007340:  00 00 00 00 00 00 00 00 00 00 00 00 00 00 00 00  ................ [zeros]
00007350:  00 00 00 00 00 00 00 00 00 00 00 00 00 00 00 00  ................ [zeros]
00007360:  00 00 00 00 00 00 00 00 00 00 00 00 00 00 00 00  ................ [zeros]
00007370:  00 00 00 00 00 00 E4 73 05 3E 49 96 3C 02 3A 2D  .......s.>I.<.:-
00007380:  B9 85 8D A0 CC 36 77 6D AE 2B 32 40 F1 4A 9C 92  .....6wm.+2@.J..
00007390:  AA 3E AB 45 C7 22 00 00 00 00 00 00 00 00 00 00  .>.E."..........
000073A0:  00 00 00 00 00 00 55 17 F8 BD 86 0C FC B0 B2 99  ......U.........
000073B0:  5F 4A 65 60 80 00 00 00 00 00 00 00 00 00 00 00  _Je`............
000073C0:  00 00 00 00 00 00 4D DD 95 B1 9A 2A E2 8C D5 0D  ......M....*....
000073D0:  99 61 D2 37 88 FB 94 F4 FD 18 49 2D 54 06 23 81  .a.7......I-T.#.
000073E0:  F7 C9 06 46 62 8E 9B B4 A0 A7 4E 70 F4 72 61 86  ...Fb.....Np.ra.
000073F0:  12 92 6F 29 1C BA B8 97 87 B8 93 CA FC 38 AD 5C  ..o).........8.\
00007400:  63 03 46 6F 84 FF 71 0C 73 63 D7 99 44 AD 62 D8  c.Fo..q.sc..D.b.
00007410:  51 BB A1 34 C0 3F 9E 07 4D 10 54 E0 EB 94 71 06  Q..4.?..M.T...q.
00007420:  06 D0 30 FF E8 BC CE F8 15 71 FB 73 41 51 A7 DA  ..0......q.sAQ..
00007430:  4A 3E C2 3D AD 6F 48 61 2A 98 2A 0D 53 C3 91 5D  J>.=.oHa*.*.S..]
00007440:  96 67 96 5E 6B E3 DF ED 86 45 11 55 4A 27 6E 84  .g.^k....E.UJ'n.
00007450:  E7 A3 EA D3 C9 0B 99 33 CA B8 88 61 80 1B F2 9D  .......3...a....
00007460:  C6 D1 B0 49 D6 CD BA D5 F1 C9 7E 39 F9 57 C3 44  ...I......~9.W.D
00007470:  71 BF 4C 87 0F 9D 2E 4A 88 0D A4 F1 80 FC EB CE  q.L....J........
00007480:  BF B4 FE B5 70 8D C4 E3 44 78 2B 43 30 32 9E A8  ....p...Dx+C02..
00007490:  3B 2C E6 F3 E2 AC 67 FB E0 67 3D 60 9F 2A F6 AB  ;,....g..g=`.*..
000074A0:  53 0F F0 E7 1F 68 05 11 02 BE 14 D4 C1 3E CB 0C  S....h.......>..
000074B0:  B4 85 C9 01 BE C9 92 C7 DC 43 8D A6 80 BB C2 A7  .........C......
000074C0:  A4 57 EA 9E 13 5B 8E 0B B5 4B C1 4E 42 C8 37 70  .W...[...K.NB.7p
000074D0:  A1 61 97 86 BD EC 51 54 91 E0 C9 B9 94 E0 BA E5  .a....QT........
000074E0:  4E 2E E7 BD 1E F2 00 00 00 00 00 00 00 00 00 00  N...............
000074F0:  00 00 00 00 00 00 00 00 00 00 00 00 00 00 00 00  ................ [zeros]
00007500:  00 00 00 00 00 00 00 00 00 00 00 00 00 00 00 00  ................ [zeros]
00007510:  00 00 00 00 00 00 AE AC 51 4B 56 AF A7 74 80 7C  ........QKV..t.|
00007520:  5F 12 7A 39 82 A7 00 00 00 00 00 00 00 00 00 00  _.z9............
00007530:  00 00 00 00 00 00 00 00 00 00 00 00 00 00 00 00  ................ [zeros]
00007540:  00 00 00 00 00 00 D6 14 17 81 1E C8 E8 B6 6B 79  ..............ky
00007550:  D6 D9 DA 40 C8 C5 00 00 00 00 00 00 00 00 00 00  ...@............
00007560:  00 00 00 00 00 00 00 00 00 00 00 00 00 00 00 00  ................ [zeros]
00007570:  00 00 00 00 00 00 77 69 27 ED 7B 3A 69 F3 66 A8  ......wi'.{:i.f.
00007580:  67 DA F5 73 04 EA 00 00 00 00 00 00 00 00 00 00  g..s............
00007590:  00 00 00 00 00 00 00 00 00 00 00 00 00 00 00 00  ................ [zeros]
000075A0:  00 00 00 00 00 00 E6 09 17 6E 6F EB 88 8A 4B C9  .........no...K.
000075B0:  7D 46 A3 8D 4D D4 00 00 00 00 00 00 00 00 00 00  }F..M...........
000075C0:  00 00 00 00 00 00 00 00 00 00 00 00 00 00 00 00  ................ [zeros]
000075D0:  00 00 00 00 00 00 00 00 00 00 00 00 00 00 00 00  ................ [zeros]
000075E0:  00 00 00 00 00 00 09 4F D6 33 FE 44 22 C0 94 CE  .......O.3.D"...
000075F0:  4D 14 A0 34 A2 BE 00 00 00 00 00 00 00 00 00 00  M..4............
00007600:  00 00 00 00 00 00 00 00 00 00 00 00 00 00 00 00  ................ [zeros]
00007610:  00 00 00 00 00 00 E7 AE 10 30 8F 8A DA 65 EF 1A  .........0...e..
00007620:  E6 0B 3E 12 19 CB 00 00 00 00 00 00 00 00 00 00  ..>.............
00007630:  00 00 00 00 00 00 00 00 00 00 00 00 00 00 00 00  ................ [zeros]
00007640:  00 00 00 00 00 00 2F 93 BE 11 AA A9 29 AA 09 2C  ....../.....)..,
00007650:  12 D8 3B 1A CC D6 74 BD 7A 7F A2 92 99 71 B4 AC  ..;...t.z....q..
00007660:  88 D2 43 CA 44 5D A1 7B 46 70 CA 3C 71 BA 53 19  ..C.D].{Fp.<q.S.
00007670:  B6 6E BE 58 A8 9F 66 24 42 FB 42 88 07 F7 10 F3  .n.X..f$B.B.....
00007680:  66 81 3E 89 BD 95 9D E7 9B 64 FB 9B 32 AD D0 16  f.>......d..2...
00007690:  7C 0D FC A8 96 AD 9B 03 6A 94 77 46 4D 37 B1 94  |.......j.wFM7..
000076A0:  47 AB 00 91 21 D1 D9 6A 89 FC 41 57 C6 50 AD A1  G...!..j..AW.P..
000076B0:  9B EB A2 17 51 A7 FD 16 0B 1C DF 69 95 AA 72 73  ....Q......i..rs
000076C0:  CD 91 DA 07 49 AB C1 33 C4 14 57 6C A6 90 CA CE  ....I..3..Wl....
000076D0:  4A 95 ED E5 0E 4E 89 48 50 6D F2 25 A8 F6 5A 14  J....N.HPm.%..Z.
000076E0:  7A 3A 92 38 95 9C 5F 2B 6E 76 6E 49 AC AF 4B 97  z:.8.._+nvnI..K.
000076F0:  59 8F FC B3 AE 31 6A 37 3E 06 7D B7 50 2C 15 A8  Y....1j7>.}.P,..
00007700:  99 E5 70 26 EE DD ED 5A 5A 9F EF CF 5A 56 94 D3  ..p&...ZZ...ZV..
00007710:  78 33 AE 9B 9E 3B 6D B7 A4 DA 2C E5 2A 2D 93 D4  x3...;m...,.*-..
00007720:  32 34 B8 0C 06 71 B2 A6 99 26 73 8B DB 3F 25 17  24...q...&s..?%.
00007730:  1C DF 2A 1E 8E 07 47 00 F0 73 34 19 D9 6F FC 97  ..*...G..s4..o..
00007740:  D2 AA C5 DE 05 06 00 BD C9 30 B2 3D E1 CC 6D 42  .........0.=..mB
00007750:  47 C5 C6 A8 F9 A3 B4 68 38 E6 A2 0E D4 C4 D1 A0  G......h8.......
00007760:  FE AB D2 1B 87 BF 24 9A C1 D0 16 68 D9 E3 93 44  ......$....h...D
00007770:  BB A0 1D 01 90 1B 24 9A C1 D0 16 68 D9 E3 93 44  ......$....h...D
00007780:  BB A0 1D 01 90 1B C1 43 8B 05 A7 15 DD 80 4E E4  .......C......N.
00007790:  23 F3 B3 01 49 C7 61 27 DE DC 33 4F 90 D6 27 83  #...I.a'..3O..'.
000077A0:  35 AD 85 21 DC 82 61 27 DE DC 33 4F 90 D6 27 83  5..!..a'..3O..'.
000077B0:  35 AD 85 21 DC 82 61 27 DE DC 33 4F 90 D6 27 83  5..!..a'..3O..'.
000077C0:  35 AD 85 21 DC 82 5C 79 27 61 91 C3 3D 65 E0 A7  5..!..\y'a..=e..
000077D0:  8D 24 90 24 05 C3 4F 68 B5 09 60 22 2F AA 8F 01  .$.$..Oh..`"/...
000077E0:  00 07 41 53 DA F6 9E 5D F6 0A 07 17 CA 33 D5 A8  ..AS...].....3..
000077F0:  B5 77 26 8A 88 99 E9 4C 88 A6 D3 04 5E 21 DC 7C  .w&....L....^!.|
00007800:  5C F1 FC EC AA C1 1D 64 59 9A 63 D9 12 CD 64 C8  \......dY.c...d.
00007810:  B4 0B 32 44 5B F2 33 59 C5 60 A7 38 FA 0B 5E 0C  ..2D[.3Y.`.8..^.
00007820:  3E E6 06 14 16 CE 0D AC AC FE 7C 97 C2 55 68 55  >.........|..UhU
00007830:  92 16 D5 C9 44 58 50 7F 8B 7B 0E 93 0F 70 8E FB  ....DXP..{...p..
00007840:  9E 85 4F 00 92 10 50 7F 8B 7B 0E 93 0F 70 8E FB  ..O...P..{...p..
00007850:  9E 85 4F 00 92 10 38 C9 C1 F8 2E 80 79 4E A1 C4  ..O...8.....yN..
00007860:  E5 84 3E CE E2 58 B6 59 B5 B8 B1 95 56 0B 59 11  ..>..X.Y....V.Y.
00007870:  42 81 7C F9 D6 DF 6B 7F 97 E9 5F 26 02 52 9E 1E  B.|...k..._&.R..
00007880:  AC F6 8C 5D E9 8B E5 5C E7 ED E3 75 D3 96 B9 4C  ...]...\...u...L
00007890:  C9 60 1B DC DE 0C 0F 2B C0 44 94 B8 79 7B CA 2D  .`.....+.D..y{.-
000078A0:  06 C6 0A 60 A6 0C C1 4D 7D 51 B4 76 D2 CB 68 0F  ...`...M}Q.v..h.
000078B0:  50 CF 23 A9 9F 35 61 59 5B 95 E1 6D 15 32 44 EB  P.#..5aY[..m.2D.
000078C0:  4D 39 C0 D6 7D A9 3A 27 0F 05 39 3E 6F 59 F1 D5  M9..}.:'..9>oY..
000078D0:  E6 E9 B8 7A 98 66 2E 2C 92 0F 38 4D BD 6F C3 0C  ...z.f.,..8M.o..
000078E0:  09 61 8F 9F 42 F1 0D 38 D2 EF 09 7A 2C B0 CB 02  .a..B..8...z,...
000078F0:  44 CC 2C 9F 2B A4 B6 59 B5 B8 B1 95 56 0B 59 11  D.,.+..Y....V.Y.
00007900:  42 81 7C F9 D6 DF 6B 7F 97 E9 5F 26 02 52 9E 1E  B.|...k..._&.R..
00007910:  AC F6 8C 5D E9 8B E5 5C E7 ED E3 75 D3 96 B9 4C  ...]...\...u...L
00007920:  C9 60 1B DC DE 0C 0F 2B C0 44 94 B8 79 7B CA 2D  .`.....+.D..y{.-
00007930:  06 C6 0A 60 A6 0C C1 4D 7D 51 B4 76 D2 CB 68 0F  ...`...M}Q.v..h.
00007940:  50 CF 23 A9 9F 35 61 59 5B 95 E1 6D 15 32 44 EB  P.#..5aY[..m.2D.
00007950:  4D 39 C0 D6 7D A9 48 46 4B B7 39 09 CC EF BB 6E  M9..}.HFK.9....n
00007960:  50 ED 3A 4E D0 11 00 00 00 00 00 00 00 00 00 00  P.:N............
00007970:  00 00 00 00 00 00 65 41 0D 08 8A 14 61 42 0B 81  ......eA....aB..
00007980:  CD A0 00 F4 D5 6C 97 22 5B 21 94 42 89 EE 11 D8  .....l."[!.B....
00007990:  95 5B 5A EE 8E 4B 31 B6 A4 AC 39 65 AD 7D 1D 9B  .[Z..K1...9e.}..
000079A0:  F9 EA CE 32 25 35 61 AB 81 FB 39 B8 E9 48 1C 14  ...2%5a...9..H..
000079B0:  B3 9A 7D 62 85 33 DE 47 86 A8 21 0C AB EC F7 E8  ..}b.3.G..!.....
000079C0:  C7 74 1E DC D5 13 80 51 AA 29 DF 42 BD BB E1 CA  .t.....Q.).B....
000079D0:  A2 8C 37 AF 38 F3 F1 B4 7C B9 75 EE 53 57 D5 9A  ..7.8...|.u.SW..
000079E0:  D6 6C 87 48 E6 61 F1 B4 7C B9 75 EE 53 57 D5 9A  .l.H.a..|.u.SW..
000079F0:  D6 6C 87 48 E6 61 F1 B4 7C B9 75 EE 53 57 D5 9A  .l.H.a..|.u.SW..
00007A00:  D6 6C 87 48 E6 61 F1 B4 7C B9 75 EE 53 57 D5 9A  .l.H.a..|.u.SW..
00007A10:  D6 6C 87 48 E6 61 F1 B4 7C B9 75 EE 53 57 D5 9A  .l.H.a..|.u.SW..
00007A20:  D6 6C 87 48 E6 61 B5 3A 4D 71 3C 71 CE 89 87 EC  .l.H.a.:Mq<q....
00007A30:  E9 30 14 6F 19 D1 B5 3A 4D 71 3C 71 CE 89 87 EC  .0.o...:Mq<q....
00007A40:  E9 30 14 6F 19 D1 B5 3A 4D 71 3C 71 CE 89 87 EC  .0.o...:Mq<q....
00007A50:  E9 30 14 6F 19 D1 B5 3A 4D 71 3C 71 CE 89 87 EC  .0.o...:Mq<q....
00007A60:  E9 30 14 6F 19 D1 B5 3A 4D 71 3C 71 CE 89 87 EC  .0.o...:Mq<q....
00007A70:  E9 30 14 6F 19 D1 A8 8D 12 7F 09 1F 12 9B 4B C6  .0.o..........K.
00007A80:  FD BC E9 05 58 DE 00 00 00 00 00 00 00 00 00 00  ....X...........
00007A90:  00 00 00 00 00 00 00 00 00 00 00 00 00 00 00 00  ................ [zeros]
00007AA0:  00 00 00 00 00 00 00 00 00 00 00 00 00 00 00 00  ................ [zeros]
00007AB0:  00 00 00 00 00 00 00 00 00 00 00 00 00 00 00 00  ................ [zeros]
00007AC0:  00 00 00 00 00 00 00 00 00 00 00 00 00 00 00 00  ................ [zeros]
00007AD0:  00 00 00 00 00 00 00 00 00 00 00 00 00 00 00 00  ................ [zeros]
00007AE0:  00 00 00 00 00 00 00 00 00 00 00 00 00 00 00 00  ................ [zeros]
00007AF0:  00 00 00 00 00 00 00 00 00 00 00 00 00 00 00 00  ................ [zeros]
00007B00:  00 00 00 00 00 00 00 00 00 00 00 00 00 00 00 00  ................ [zeros]
00007B10:  00 00 00 00 00 00 00 00 00 00 00 00 00 00 00 00  ................ [zeros]
00007B20:  00 00 00 00 00 00 00 00 00 00 00 00 00 00 00 00  ................ [zeros]
00007B30:  00 00 00 00 00 00 00 00 00 00 00 00 00 00 00 00  ................ [zeros]
00007B40:  00 00 00 00 00 00 00 00 00 00 00 00 00 00 00 00  ................ [zeros]
00007B50:  00 00 00 00 00 00 00 00 00 00 00 00 00 00 00 00  ................ [zeros]
00007B60:  00 00 00 00 00 00 00 00 00 00 00 00 00 00 00 00  ................ [zeros]
00007B70:  00 00 00 00 00 00 00 00 00 00 00 00 00 00 00 00  ................ [zeros]
00007B80:  00 00 00 00 00 00 00 00 00 00 00 00 00 00 00 00  ................ [zeros]
00007B90:  00 00 00 00 00 00 00 00 00 00 00 00 00 00 00 00  ................ [zeros]
00007BA0:  00 00 00 00 00 00 00 00 00 00 00 00 00 00 00 00  ................ [zeros]
00007BB0:  00 00 00 00 00 00 00 00 00 00 00 00 00 00 00 00  ................ [zeros]
00007BC0:  00 00 00 00 00 00 00 00 00 00 00 00 00 00 00 00  ................ [zeros]
00007BD0:  00 00 00 00 00 00 00 00 00 00 00 00 00 00 00 00  ................ [zeros]
00007BE0:  00 00 00 00 00 00 00 00 00 00 00 00 00 00 00 00  ................ [zeros]
00007BF0:  00 00 00 00 00 00 00 00 00 00 00 00 00 00 00 00  ................ [zeros]
00007C00:  00 00 00 00 00 00 00 00 00 00 00 00 00 00 00 00  ................ [zeros]
00007C10:  00 00 00 00 00 00 00 00 00 00 00 00 00 00 00 00  ................ [zeros]
00007C20:  00 00 00 00 00 00 00 00 00 00 00 00 00 00 00 00  ................ [zeros]
00007C30:  00 00 00 00 00 00 00 00 00 00 00 00 00 00 00 00  ................ [zeros]
00007C40:  00 00 00 00 00 00 00 00 00 00 00 00 00 00 00 00  ................ [zeros]
00007C50:  00 00 00 00 00 00 00 00 00 00 00 00 00 00 00 00  ................ [zeros]
00007C60:  00 00 00 00 00 00 00 00 00 00 00 00 00 00 00 00  ................ [zeros]
00007C70:  00 00 00 00 00 00 00 00 00 00 00 00 00 00 00 00  ................ [zeros]
00007C80:  00 00 00 00 00 00 00 00 00 00 00 00 00 00 00 00  ................ [zeros]
00007C90:  00 00 00 00 00 00 00 00 00 00 00 00 00 00 00 00  ................ [zeros]
00007CA0:  00 00 00 00 00 00 00 00 00 00 00 00 00 00 00 00  ................ [zeros]
00007CB0:  00 00 00 00 00 00 00 00 00 00 00 00 00 00 00 00  ................ [zeros]
00007CC0:  00 00 00 00 00 00 00 00 00 00 00 00 00 00 00 00  ................ [zeros]
00007CD0:  00 00 00 00 00 00 00 00 00 00 00 00 00 00 00 00  ................ [zeros]
00007CE0:  00 00 00 00 00 00 00 00 00 00 00 00 00 00 00 00  ................ [zeros]
00007CF0:  00 00 00 00 00 00 00 00 00 00 00 00 00 00 00 00  ................ [zeros]
00007D00:  00 00 00 00 00 00 00 00 00 00 00 00 00 00 00 00  ................ [zeros]
00007D10:  00 00 00 00 00 00 00 00 00 00 00 00 00 00 00 00  ................ [zeros]
00007D20:  00 00 00 00 00 00 00 00 00 00 00 00 00 00 00 00  ................ [zeros]
00007D30:  00 00 00 00 00 00 00 00 00 00 00 00 00 00 00 00  ................ [zeros]
00007D40:  00 00 00 00 00 00 00 00 00 00 00 00 00 00 00 00  ................ [zeros]
00007D50:  00 00 00 00 00 00 00 00 00 00 00 00 00 00 00 00  ................ [zeros]
00007D60:  00 00 00 00 00 00 00 00 00 00 00 00 00 00 00 00  ................ [zeros]
00007D70:  00 00 00 00 00 00 00 00 00 00 00 00 00 00 00 00  ................ [zeros]
00007D80:  00 00 00 00 00 00 00 00 00 00 00 00 00 00 00 00  ................ [zeros]
00007D90:  00 00 00 00 00 00 00 00 00 00 00 00 00 00 00 00  ................ [zeros]
00007DA0:  00 00 00 00 00 00 00 00 00 00 00 00 00 00 00 00  ................ [zeros]
00007DB0:  00 00 00 00 00 00 18 44 B0 27 43 CC 28 94 F9 11  .......D.'C.(...
00007DC0:  23 23 9C 64 00 52 0E DB 7A D5 FF 17 54 8A 40 22  ##.d.R..z...T.@"
00007DD0:  39 D2 72 5F 89 B4 0E DB 7A D5 FF 17 54 8A 40 22  9.r_....z...T.@"
00007DE0:  39 D2 72 5F 89 B4 0E DB 7A D5 FF 17 54 8A 40 22  9.r_....z...T.@"
00007DF0:  39 D2 72 5F 89 B4 0E DB 7A D5 FF 17 54 8A 40 22  9.r_....z...T.@"
00007E00:  39 D2 72 5F 89 B4 0E DB 7A D5 FF 17 54 8A 40 22  9.r_....z...T.@"
00007E10:  39 D2 72 5F 89 B4 10 3F C9 BC 50 5F F3 56 17 6A  9.r_...?..P_.V.j
00007E20:  87 C6 49 91 E4 BE 10 3F C9 BC 50 5F F3 56 17 6A  ..I....?..P_.V.j
00007E30:  87 C6 49 91 E4 BE 10 3F C9 BC 50 5F F3 56 17 6A  ..I....?..P_.V.j
00007E40:  87 C6 49 91 E4 BE 10 3F C9 BC 50 5F F3 56 17 6A  ..I....?..P_.V.j
00007E50:  87 C6 49 91 E4 BE 10 3F C9 BC 50 5F F3 56 17 6A  ..I....?..P_.V.j
00007E60:  87 C6 49 91 E4 BE 13 A9 7F 49 F3 65 D4 0B 15 63  ..I......I.e...c
00007E70:  74 8F CC F5 41 B7 5F 32 60 26 E2 02 E9 58 85 82  t...A._2`&...X..
00007E80:  B6 F5 6C A2 46 DE 00 00 00 00 00 00 00 00 00 00  ..l.F...........
00007E90:  00 00 00 00 00 00 7D C7 3C C4 B6 44 B7 21 ED 64  ......}.<..D.!.d
00007EA0:  8A 4A 16 C5 D2 2C 10 C4 B1 B1 C9 39 45 BB 42 29  .J...,.....9E.B)
00007EB0:  42 BB 54 4C 9F E9 A4 F9 C6 27 B8 CE 52 96 70 92  B.TL.....'..R.p.
00007EC0:  2D 6C 41 69 05 D4                                -lAi..

; --- structure summary (block types) ---
; 0x00000060..+0xD0  data   (208 bytes)
; 0x00000130..+0x40  zeros  (64 bytes)
; 0x00000170..+0x210  data   (528 bytes)
; 0x00000380..+0x180  zeros  (384 bytes)
; 0x00000500..+0x580  data   (1408 bytes)
; 0x00000A80..+0x3E0  zeros  (992 bytes)
; 0x00000E60..+0x20  data   (32 bytes)
; 0x00000E80..+0x3E0  zeros  (992 bytes)
; 0x00001260..+0x20  data   (32 bytes)
; 0x00001280..+0x3E0  zeros  (992 bytes)
; 0x00001660..+0x20  data   (32 bytes)
; 0x00001680..+0x3F0  zeros  (1008 bytes)
; 0x00001A70..+0x2180  data   (8576 bytes)
; 0x00003BF0..+0x10  zeros  (16 bytes)
; 0x00003C00..+0x30  data   (48 bytes)
; 0x00003C30..+0x80  zeros  (128 bytes)
; 0x00003CB0..+0x110  data   (272 bytes)
; 0x00003DC0..+0xB0  zeros  (176 bytes)
; 0x00003E70..+0x50  data   (80 bytes)
; 0x00003EC0..+0x150  zeros  (336 bytes)
; 0x00004010..+0x40  data   (64 bytes)
; 0x00004050..+0x90  zeros  (144 bytes)
; 0x000040E0..+0x50  data   (80 bytes)
; 0x00004130..+0x10  zeros  (16 bytes)
; 0x00004140..+0xF0  data   (240 bytes)
; 0x00004230..+0x5E0  zeros  (1504 bytes)
; 0x00004810..+0x140  data   (320 bytes)
; 0x00004950..+0xF0  zeros  (240 bytes)
; 0x00004A40..+0x220  data   (544 bytes)
; 0x00004C60..+0x30  zeros  (48 bytes)
; 0x00004C90..+0xA0  data   (160 bytes)
; 0x00004D30..+0xB0  zeros  (176 bytes)
; 0x00004DE0..+0xA0  data   (160 bytes)
; 0x00004E80..+0x10  zeros  (16 bytes)
; 0x00004E90..+0xD0  data   (208 bytes)
; 0x00004F60..+0xC0  zeros  (192 bytes)
; 0x00005020..+0x290  data   (656 bytes)
; 0x000052B0..+0x40  zeros  (64 bytes)
; 0x000052F0..+0x170  data   (368 bytes)
; 0x00005460..+0x30  zeros  (48 bytes)
; 0x00005490..+0x290  data   (656 bytes)
; 0x00005720..+0x60  zeros  (96 bytes)
; 0x00005780..+0xF0  data   (240 bytes)
; 0x00005870..+0xD0  zeros  (208 bytes)
; 0x00005940..+0x250  data   (592 bytes)
; 0x00005B90..+0xC0  zeros  (192 bytes)
; 0x00005C50..+0x230  data   (560 bytes)
; 0x00005E80..+0x40  zeros  (64 bytes)
; 0x00005EC0..+0x50  data   (80 bytes)
; 0x00005F10..+0xA0  zeros  (160 bytes)
; 0x00005FB0..+0x60  data   (96 bytes)
; 0x00006010..+0x40  zeros  (64 bytes)
; 0x00006050..+0x30  data   (48 bytes)
; 0x00006080..+0xA0  zeros  (160 bytes)
; 0x00006120..+0x50  data   (80 bytes)
; 0x00006170..+0x40  zeros  (64 bytes)
; 0x000061B0..+0x30  data   (48 bytes)
; 0x000061E0..+0xA0  zeros  (160 bytes)
; 0x00006280..+0x290  data   (656 bytes)
; 0x00006510..+0xC0  zeros  (192 bytes)
; 0x000065D0..+0x190  data   (400 bytes)
; 0x00006760..+0x10  zeros  (16 bytes)
; 0x00006770..+0x20  data   (32 bytes)
; 0x00006790..+0x10  zeros  (16 bytes)
; 0x000067A0..+0x20  data   (32 bytes)
; 0x000067C0..+0x20  zeros  (32 bytes)
; 0x000067E0..+0x20  data   (32 bytes)
; 0x00006800..+0x10  zeros  (16 bytes)
; 0x00006810..+0x20  data   (32 bytes)
; 0x00006830..+0x10  zeros  (16 bytes)
; 0x00006840..+0x20  data   (32 bytes)
; 0x00006860..+0x20  zeros  (32 bytes)
; 0x00006880..+0x20  data   (32 bytes)
; 0x000068A0..+0x10  zeros  (16 bytes)
; 0x000068B0..+0x370  data   (880 bytes)
; 0x00006C20..+0x30  zeros  (48 bytes)
; 0x00006C50..+0x50  data   (80 bytes)
; 0x00006CA0..+0xB0  zeros  (176 bytes)
; 0x00006D50..+0x50  data   (80 bytes)
; 0x00006DA0..+0x40  zeros  (64 bytes)
; 0x00006DE0..+0x30  data   (48 bytes)
; 0x00006E10..+0xA0  zeros  (160 bytes)
; 0x00006EB0..+0x60  data   (96 bytes)
; 0x00006F10..+0x40  zeros  (64 bytes)
; 0x00006F50..+0x20  data   (32 bytes)
; 0x00006F70..+0xB0  zeros  (176 bytes)
; 0x00007020..+0x290  data   (656 bytes)
; 0x000072B0..+0xC0  zeros  (192 bytes)
; 0x00007370..+0x180  data   (384 bytes)
; 0x000074F0..+0x20  zeros  (32 bytes)
; 0x00007510..+0x20  data   (32 bytes)
; 0x00007530..+0x10  zeros  (16 bytes)
; 0x00007540..+0x20  data   (32 bytes)
; 0x00007560..+0x10  zeros  (16 bytes)
; 0x00007570..+0x20  data   (32 bytes)
; 0x00007590..+0x10  zeros  (16 bytes)
; 0x000075A0..+0x20  data   (32 bytes)
; 0x000075C0..+0x20  zeros  (32 bytes)
; 0x000075E0..+0x20  data   (32 bytes)
; 0x00007600..+0x10  zeros  (16 bytes)
; 0x00007610..+0x20  data   (32 bytes)
; 0x00007630..+0x10  zeros  (16 bytes)
; 0x00007640..+0x450  data   (1104 bytes)
; 0x00007A90..+0x320  zeros  (800 bytes)
; 0x00007DB0..+0x110  data   (272 bytes)
