; Decrypted GatewaySettings dump (see FORMAT.md)
; key = 4a9b70d391d2c1bc888ed2b68998aaa3 (aligned at 0x60)

00000060:  24 65 D7 15 25 24 EE 57 00 85 DB 00 FA 4B 3E 6D  $e..%$.W.....K>m
00000070:  F5 34 BB F7 CD 30 9A EF A7 03 25 60 15 C3 AF 41  .4...0....%`...A
00000080:  B2 28 C1 BE 94 BE 36 CA DE 48 95 DD E4 10 DF 21  .(....6..H.....!
00000090:  40 56 41 2B 33 9E 93 41 A9 04 85 18 2F 64 34 94  @VA+3..A..../d4.
000000A0:  84 02 C2 91 5E C3 38 4A 10 F8 13 D7 82 DF FD 4F  ....^.8J.......O
000000B0:  2E 99 A4 D6 5A D8 83 DE D6 57 22 7A 37 6E 04 8C  ....Z....W"z7n..
000000C0:  46 4A 6B FA 43 EE 46 E5 1D 1E B6 2E 2E 22 38 29  FJk.C.F......"8)
000000D0:  2C D6 4A 6A 81 47 B1 AF 29 AF BA 0D 72 65 36 8B  ,.Jj.G..)...re6.
000000E0:  EB 5D 1D 38 AD E6 4A 4F 25 25 4F B9 9C F4 8B 02  .].8..JO%%O.....
000000F0:  3D 97 43 24 C6 50 1D B0 70 8F 65 84 12 E2 6D 6B  =.C$.P..p.e...mk
00000100:  C4 CB 4C AE 75 3D A3 3C C2 E0 09 5C 39 61 9E 45  ..L.u=.<...\9a.E
00000110:  18 AF FB 5A 9E E5 F4 4C 13 92 31 28 7E 06 5F 05  ...Z...L..1(~._.
00000120:  E8 D6 95 0D 4E 48 00 00 00 00 00 00 00 00 00 00  ....NH..........
00000130:  00 00 00 00 00 00 00 00 00 00 00 00 00 00 00 00  ................ [zeros]
00000140:  00 00 00 00 00 00 00 00 00 00 00 00 00 00 00 00  ................ [zeros]
00000150:  00 00 00 00 00 00 00 00 00 00 00 00 00 00 00 00  ................ [zeros]
00000160:  00 00 00 00 00 00 00 00 00 00 00 00 00 00 00 00  ................ [zeros]
00000170:  00 00 00 00 00 00 CA 26 F9 F7 3A 81 C4 AC 46 DD  .......&..:...F.
00000180:  7A CC 17 79 4E F8 BE 72 E7 8F F1 FA D5 FE 5F 3D  z..yN..r......_=
00000190:  D4 A6 23 6E 27 5E C2 54 67 D5 A3 3E 87 58 FA 97  ..#n'^.Tg..>.X..
000001A0:  89 DA 8C 12 FF A4 C2 1C 39 AD 94 E3 4A 85 5F 64  ........9...J._d
000001B0:  BB 96 A4 82 2B 74 7D 7D FF F8 DA F0 BE 76 64 39  ....+t}}.....vd9
000001C0:  E4 45 4F 19 DB 42 3B 3E 51 F9 C3 48 AA 58 24 CD  .EO..B;>Q..H.X$.
000001D0:  8E F2 DD C0 B4 70 7B CD 5B E7 C0 A8 6B 35 84 0D  .....p{.[...k5..
000001E0:  AE 43 19 3D B9 C2 E6 1E 32 36 53 6B D0 9E 11 99  .C.=....26Sk....
000001F0:  FA 37 57 FD E6 1D 1F 93 E4 7B 66 88 CB 81 C8 09  .7W......{f.....
00000200:  9A AE 35 CC 78 A6 EB CC 02 16 41 63 FC 6C AD C8  ..5.x.....Ac.l..
00000210:  CE E1 FA 86 A0 18 83 DE 50 41 44 8B EF 04 AE 81  ........PAD.....
00000220:  E2 5E E7 A2 3D C4 E3 9F 04 B1 C3 26 53 D7 62 39  .^..=......&S.b9
00000230:  98 77 4C 9C D8 92 3A 35 F5 5A CC 72 25 9F 5F BD  .wL...:5.Z.r%._.
00000240:  9E 7F 99 F8 7C BD A9 DE FD E1 F5 EC 2B CC 6F DB  ....|.......+.o.
00000250:  5F D3 EF 6F A1 A4 EA 32 44 AD 95 99 3C CE F5 A7  _..o...2D...<...
00000260:  96 28 AC A2 92 AD 05 8B 0A 73 C6 57 EB F0 44 C2  .(.......s.W..D.
00000270:  D0 4A A0 74 9F 95 56 8E 92 E4 A4 97 11 FC 33 AF  .J.t..V.......3.
00000280:  22 98 12 D2 25 1D CA A2 0B B5 94 82 08 5F 26 6F  "...%........_&o
00000290:  70 AC 73 65 2A 25 19 18 D9 CB B0 66 97 BF 6A 50  p.se*%.....f..jP
000002A0:  0E 13 54 12 B4 5B 57 71 D5 8F FF 70 58 F1 A9 CD  ..T..[Wq...pX...
000002B0:  78 4C 74 17 E5 08 BA 77 E5 8B 67 00 D8 D2 5A 9B  xLt....w..g...Z.
000002C0:  C1 7E E4 94 BA 64 9A 26 51 FE 24 D1 D4 8F 29 1E  .~...d.&Q.$...).
000002D0:  EC F5 5F C1 BB 76 80 79 51 76 B8 1E 74 4E 5A DC  .._..v.yQv..tNZ.
000002E0:  62 B2 E4 94 22 E6 33 C9 D2 95 CC 5B 4C 23 77 0D  b...".3....[L#w.
000002F0:  95 DB F1 1C 00 43 9F 06 4A A4 62 C4 CA FE 3A E9  .....C..J.b...:.
00000300:  0E B9 98 8C 5A 87 53 35 BD CD 02 0E A2 B6 98 A0  ....Z.S5........
00000310:  D6 3C C2 79 C6 70 52 85 61 62 00 7B 43 C7 DB 3F  .<.y.pR.ab.{C..?
00000320:  98 3D DD AC 85 DD 1E 03 C1 F8 6C E3 30 4B 0A C2  .=........l.0K..
00000330:  F6 51 7B E2 6A 34 8C 5C 8F AC 80 9E 4C DC 2A 60  .Q{.j4.\....L.*`
00000340:  43 EB 30 E9 89 03 17 AD AE 6E CD B6 4F 87 0D 2C  C.0......n..O..,
00000350:  71 42 FE 47 F3 9D 8C 5C 8F AC 80 9E 4C DC 2A 60  qB.G...\....L.*`
00000360:  43 EB 30 E9 89 03 5C 29 D1 F3 CD 61 03 2D C2 94  C.0...\)...a.-..
00000370:  F2 5C 58 09 24 16 00 00 00 00 00 00 00 00 00 00  .\X.$...........
00000380:  00 00 00 00 00 00 00 00 00 00 00 00 00 00 00 00  ................ [zeros]
00000390:  00 00 00 00 00 00 00 00 00 00 00 00 00 00 00 00  ................ [zeros]
000003A0:  00 00 00 00 00 00 00 00 00 00 00 00 00 00 00 00  ................ [zeros]
000003B0:  00 00 00 00 00 00 00 00 00 00 00 00 00 00 00 00  ................ [zeros]
000003C0:  00 00 00 00 00 00 00 00 00 00 00 00 00 00 00 00  ................ [zeros]
000003D0:  00 00 00 00 00 00 00 00 00 00 00 00 00 00 00 00  ................ [zeros]
000003E0:  00 00 00 00 00 00 00 00 00 00 00 00 00 00 00 00  ................ [zeros]
000003F0:  00 00 00 00 00 00 00 00 00 00 00 00 00 00 00 00  ................ [zeros]
00000400:  00 00 00 00 00 00 00 00 00 00 00 00 00 00 00 00  ................ [zeros]
00000410:  00 00 00 00 00 00 00 00 00 00 00 00 00 00 00 00  ................ [zeros]
00000420:  00 00 00 00 00 00 00 00 00 00 00 00 00 00 00 00  ................ [zeros]
00000430:  00 00 00 00 00 00 00 00 00 00 00 00 00 00 00 00  ................ [zeros]
00000440:  00 00 00 00 00 00 00 00 00 00 00 00 00 00 00 00  ................ [zeros]
00000450:  00 00 00 00 00 00 00 00 00 00 00 00 00 00 00 00  ................ [zeros]
00000460:  00 00 00 00 00 00 00 00 00 00 00 00 00 00 00 00  ................ [zeros]
00000470:  00 00 00 00 00 00 00 00 00 00 00 00 00 00 00 00  ................ [zeros]
00000480:  00 00 00 00 00 00 00 00 00 00 00 00 00 00 00 00  ................ [zeros]
00000490:  00 00 00 00 00 00 00 00 00 00 00 00 00 00 00 00  ................ [zeros]
000004A0:  00 00 00 00 00 00 00 00 00 00 00 00 00 00 00 00  ................ [zeros]
000004B0:  00 00 00 00 00 00 00 00 00 00 00 00 00 00 00 00  ................ [zeros]
000004C0:  00 00 00 00 00 00 00 00 00 00 00 00 00 00 00 00  ................ [zeros]
000004D0:  00 00 00 00 00 00 00 00 00 00 00 00 00 00 00 00  ................ [zeros]
000004E0:  00 00 00 00 00 00 00 00 00 00 00 00 00 00 00 00  ................ [zeros]
000004F0:  00 00 00 00 00 00 00 00 00 00 00 00 00 00 00 00  ................ [zeros]
00000500:  00 00 00 00 00 00 BB 0F E5 76 80 51 DE 79 BC 7D  .........v.Q.y.}
00000510:  61 C0 B5 90 52 4B FE 83 CA 6A D9 C3 77 2D AC E0  a...RK...j..w-..
00000520:  2E E2 F2 74 05 A7 A8 B9 A4 B7 79 06 56 DF 4E 8A  ...t......y.V.N.
00000530:  92 0E 35 22 CD 6D F7 BC F1 9C 8F 8C F5 57 52 8F  ..5".m.......WR.
00000540:  DB 3B 01 FE 7A 9C E2 E0 B3 78 FD 8A 4E 89 9A 73  .;..z....x..N..s
00000550:  B6 DE 8B 5E 6D C9 C1 FA 20 39 EC 5C DC 46 26 DC  ...^m... 9.\.F&.
00000560:  17 7D A1 F0 EB DA 91 63 CB 98 41 64 13 75 D1 15  .}.....c..Ad.u..
00000570:  F2 1C 48 E1 F1 AC FE 87 34 03 94 F4 88 AB 55 2B  ..H.....4.....U+
00000580:  3C A8 86 48 80 32 9D DD 05 00 8E 9A A6 11 EB AE  <..H.2..........
00000590:  D2 CC 6C EE 57 17 37 CB C3 FF 52 F6 22 45 39 DE  ..l.W.7...R."E9.
000005A0:  B6 5C F3 48 71 66 D8 F4 C8 1B 45 54 50 6A E9 92  .\.Hqf....ETPj..
000005B0:  B7 37 CE 5F 34 94 38 C4 6B 49 61 AA 4C 35 8F 29  .7._4.8.kIa.L5.)
000005C0:  A9 3E 92 51 5C 9C F7 D1 9B DE 3E F9 EE 1B 13 B9  .>.Q\.....>.....
000005D0:  D2 30 47 DC 9D DB F9 E0 EF C5 0F B2 4A AA 62 BC  .0G.........J.b.
000005E0:  77 3B 3E 25 87 83 82 24 8A D3 3B 45 B8 81 05 B9  w;>%...$..;E....
000005F0:  CA 92 05 48 10 66 8E A8 84 A7 AC D6 26 25 21 5B  ...H.f......&%![
00000600:  C6 49 15 C0 31 08 DE 18 E6 E2 D2 92 26 A9 C6 56  .I..1.......&..V
00000610:  61 CF 66 8E 91 63 85 64 F4 1A 66 54 EA 7B 0A 27  a.f..c.d..fT.{.'
00000620:  70 B6 10 23 FF DB C6 81 03 EE 7D 90 5D 22 77 53  p..#......}.]"wS
00000630:  FB 38 16 DE FB 4D 4A AC 3F 3C 30 86 5B F2 1A 87  .8...MJ.?<0.[...
00000640:  10 BD 35 4D 34 28 D9 91 5E E1 9C 10 4F F1 F0 EE  ..5M4(..^...O...
00000650:  96 E2 E5 67 3A BB 61 8D 87 E7 7B 9B 00 ED FC 35  ...g:.a...{....5
00000660:  40 11 5B 5C 67 0C 1F B3 26 81 AF A4 42 8B C3 BA  @.[\g...&...B...
00000670:  28 52 45 80 01 59 4D 52 0F 8E 0B 29 1D 17 CB 01  (RE..YMR...)....
00000680:  D2 20 F3 05 FC A6 4E C9 92 95 44 4B 37 03 57 E3  . ....N...DK7.W.
00000690:  06 C4 A3 E8 23 A1 FB 4D 86 24 F7 AB B0 D2 03 4C  ....#..M.$.....L
000006A0:  A2 8F F9 B9 7C 5E B9 0A 3A A5 C2 4B E5 01 FC 50  ....|^..:..K...P
000006B0:  C0 F8 7A 09 5C F0 96 F6 3D F5 28 FA A8 35 C1 C8  ..z.\...=.(..5..
000006C0:  F9 A1 A7 3F 65 E9 F2 E5 F5 0E FE 3E 39 F8 CB D6  ...?e......>9...
000006D0:  2D 7B C9 99 0B D6 60 9A 16 90 56 D5 1D F3 19 31  -{....`...V....1
000006E0:  8E 7E A0 D9 DC 06 F9 38 37 B8 3E 67 CD 51 E6 B9  .~.....87.>g.Q..
000006F0:  56 EA 88 3E A4 20 2A 15 2C A9 5C 62 0A E4 6F AF  V..>. *.,.\b..o.
00000700:  F9 81 36 74 2E 89 DC 6D D2 A2 C9 79 00 C1 C0 55  ..6t...m...y...U
00000710:  C9 8A E0 B5 A1 8C 61 7A D7 57 56 52 6D AD 9E 8B  ......az.WVRm...
00000720:  C4 2F D8 55 AF 29 29 7B 1A D0 C3 CF FE 0D 69 31  ./.U.)){......i1
00000730:  8D 08 DB E9 3C 78 0E 04 11 A4 84 66 C2 A7 D9 32  ....<x.....f...2
00000740:  E5 B7 AC 69 6B 3C 2E D4 2F F2 88 1E 00 80 75 EF  ...ik<../.....u.
00000750:  F5 18 56 70 0A 8F 28 7E 67 5B 9C 79 11 A0 1E B1  ..Vp..(~g[.y....
00000760:  95 3E E7 52 9B 6C E2 F4 86 D0 D8 8F 92 5A D5 D1  .>.R.l.......Z..
00000770:  CE E0 4D 3D 39 BC 08 1A 02 A9 DA 3F 5C 39 6A 87  ..M=9......?\9j.
00000780:  38 5D BE EB F3 47 C7 C1 62 EC FD 99 4E E8 8A 4E  8]...G..b...N..N
00000790:  B2 A8 D5 EC 07 FF E8 D5 93 DA 68 60 17 EA FE 5F  ..........h`..._
000007A0:  E1 C1 EF 16 18 95 CB DF F9 9E 08 60 CD D6 0E 16  ...........`....
000007B0:  F7 8F 3E A5 59 0F 31 67 65 EA 61 94 71 C5 30 F7  ..>.Y.1ge.a.q.0.
000007C0:  37 14 6A 8E 43 5A 16 46 E1 04 3E EF EE 9A A3 BF  7.j.CZ.F..>.....
000007D0:  83 7D 33 59 2E 63 38 F4 36 62 EA 36 A4 77 4B 72  .}3Y.c8.6b.6.wKr
000007E0:  02 EC 86 CA 78 B0 51 5C C8 98 C0 63 24 A1 CA EA  ....x.Q\...c$...
000007F0:  38 93 43 70 2E 81 B8 96 33 EE FB 6B 07 A5 A4 80  8.Cp....3..k....
00000800:  06 11 E9 E9 7D F1 B5 A7 67 89 81 31 DF E5 95 7C  ....}...g..1...|
00000810:  0C 31 A2 04 6B 57 9D 4D 09 E0 02 85 71 6F F1 A9  .1..kW.M....qo..
00000820:  D4 73 C4 6F 23 EC 87 89 AF 78 6C 82 07 DD 24 15  .s.o#....xl...$.
00000830:  AC EE 97 FC DB 95 E6 39 B1 C9 47 BD 50 3D 07 1C  .......9..G.P=..
00000840:  19 95 F4 B5 F5 F7 44 CB BC 7C 51 A4 D3 52 3D CD  ......D..|Q..R=.
00000850:  7A ED 71 E4 71 1D 9D 5A 6A 11 D9 84 FF CC EB 60  z.q.q..Zj......`
00000860:  E5 0B DC F5 34 F1 50 81 AA 99 C5 17 B0 05 87 F2  ....4.P.........
00000870:  38 CD C7 7E 77 8A 28 FA F6 89 85 06 5B 33 0C E3  8..~w.(.....[3..
00000880:  C4 C9 08 E9 B6 10 29 17 2A 6F CD 2D ED EA 91 82  ......).*o.-....
00000890:  70 FE F3 1A 4C EC EF D9 2F 6B 02 A1 96 7A 07 5E  p...L.../k...z.^
000008A0:  A0 FD 44 76 D0 0E 18 6D 49 FA 6B 62 AD 26 5E D3  ..Dv...mI.kb.&^.
000008B0:  63 B3 F0 B2 95 A7 18 6D 20 AB FA 8D 65 1B D5 29  c......m ...e..)
000008C0:  75 95 71 F9 5D EB 07 8B CA 4B EC FF D2 E8 40 35  u.q.]....K....@5
000008D0:  45 99 89 81 3D 9D 0A F1 43 35 40 9D 14 16 C9 34  E...=...C5@....4
000008E0:  F8 51 71 62 76 62 2C 88 90 22 50 F2 EE 43 1E 53  .Qqbvb,.."P..C.S
000008F0:  6A 56 DF 6B 07 9E 01 80 26 E3 71 C7 88 B9 7C 8B  jV.k....&.q...|.
00000900:  92 53 CF E5 DD C3 66 85 A6 B7 BF B2 2B DB 54 DF  .S....f.....+.T.
00000910:  76 19 1F 04 CA 3E 8E 31 63 AB 97 74 C5 B8 4B B7  v....>.1c..t..K.
00000920:  47 BA 10 F8 23 E2 CD 6D 03 15 24 1F CC 44 33 91  G...#..m..$..D3.
00000930:  6B 90 5F 95 B1 96 CC 8C 67 60 2E B8 1C 75 86 2B  k._.....g`...u.+
00000940:  78 77 8A 4D 33 E6 18 52 40 B6 81 4D 17 81 02 4F  xw.M3..R@..M...O
00000950:  74 DE 21 44 E9 E4 CD 27 4B 02 28 6A C7 0F D6 B2  t.!D...'K.(j....
00000960:  8E 75 F2 93 1C E4 2B 51 76 70 D1 DD 8D D3 59 93  .u....+Qvp....Y.
00000970:  94 AC E6 87 34 B4 4A 13 FD 08 EE D4 6F 40 35 89  ....4.J.....o@5.
00000980:  CD 06 80 93 9D 6C 0B EA 19 9A 2E 9E 4C A1 DE D9  .....l......L...
00000990:  8E 44 2D 0C E5 DA 5F 30 90 9B 74 04 5F AF 5C EE  .D-..._0..t._.\.
000009A0:  BE A9 A8 36 EE B5 E8 A9 DC 7E E4 69 93 CF C0 FF  ...6.....~.i....
000009B0:  CC 84 88 AA F8 8D E5 D8 37 BF E5 59 48 6D F8 A1  ........7..YHm..
000009C0:  1F 5A AF 86 11 3A 9E AA 30 40 68 B4 65 9F 8D 5F  .Z...:..0@h.e.._
000009D0:  C5 33 99 6A 11 2B BD C7 E2 3B 83 9E 8C E1 54 CF  .3.j.+...;....T.
000009E0:  A8 93 10 C6 C7 C3 ED B4 A9 ED E9 16 60 A3 CD F1  ............`...
000009F0:  D5 22 94 19 8E 51 77 50 50 47 5A 96 91 3D FC 89  ."...QwPPGZ..=..
00000A00:  E4 4E 7B 4F 96 70 42 94 D7 BD 0A A4 6D B7 17 EF  .N{O.pB.....m...
00000A10:  4A 89 49 44 EF 4E 1B 40 01 4B E0 63 65 C8 03 F3  J.ID.N.@.K.ce...
00000A20:  D7 9F FB E6 3A 49 7A 62 78 93 03 8A 82 BF 1E 6B  ....:Izbx......k
00000A30:  81 80 8F 98 91 E1 A2 56 A0 A0 FE 4B BC 36 F7 23  .......V...K.6.#
00000A40:  94 B1 BA B7 97 A1 E0 6D 73 D2 EB 97 A8 A7 66 F3  .......ms.....f.
00000A50:  66 C4 20 54 23 82 F9 3E 3B B4 7B 92 7C 25 00 BF  f. T#..>;.{.|%..
00000A60:  45 9E 1D 6E B9 9B 3B 17 74 BC 5B A3 78 8E DB 86  E..n..;.t.[.x...
00000A70:  97 37 1D 02 90 4D 00 00 00 00 00 00 00 00 00 00  .7...M..........
00000A80:  00 00 00 00 00 00 00 00 00 00 00 00 00 00 00 00  ................ [zeros]
00000A90:  00 00 00 00 00 00 00 00 00 00 00 00 00 00 00 00  ................ [zeros]
00000AA0:  00 00 00 00 00 00 00 00 00 00 00 00 00 00 00 00  ................ [zeros]
00000AB0:  00 00 00 00 00 00 00 00 00 00 00 00 00 00 00 00  ................ [zeros]
00000AC0:  00 00 00 00 00 00 00 00 00 00 00 00 00 00 00 00  ................ [zeros]
00000AD0:  00 00 00 00 00 00 00 00 00 00 00 00 00 00 00 00  ................ [zeros]
00000AE0:  00 00 00 00 00 00 00 00 00 00 00 00 00 00 00 00  ................ [zeros]
00000AF0:  00 00 00 00 00 00 00 00 00 00 00 00 00 00 00 00  ................ [zeros]
00000B00:  00 00 00 00 00 00 00 00 00 00 00 00 00 00 00 00  ................ [zeros]
00000B10:  00 00 00 00 00 00 00 00 00 00 00 00 00 00 00 00  ................ [zeros]
00000B20:  00 00 00 00 00 00 00 00 00 00 00 00 00 00 00 00  ................ [zeros]
00000B30:  00 00 00 00 00 00 00 00 00 00 00 00 00 00 00 00  ................ [zeros]
00000B40:  00 00 00 00 00 00 00 00 00 00 00 00 00 00 00 00  ................ [zeros]
00000B50:  00 00 00 00 00 00 00 00 00 00 00 00 00 00 00 00  ................ [zeros]
00000B60:  00 00 00 00 00 00 00 00 00 00 00 00 00 00 00 00  ................ [zeros]
00000B70:  00 00 00 00 00 00 00 00 00 00 00 00 00 00 00 00  ................ [zeros]
00000B80:  00 00 00 00 00 00 00 00 00 00 00 00 00 00 00 00  ................ [zeros]
00000B90:  00 00 00 00 00 00 00 00 00 00 00 00 00 00 00 00  ................ [zeros]
00000BA0:  00 00 00 00 00 00 00 00 00 00 00 00 00 00 00 00  ................ [zeros]
00000BB0:  00 00 00 00 00 00 00 00 00 00 00 00 00 00 00 00  ................ [zeros]
00000BC0:  00 00 00 00 00 00 00 00 00 00 00 00 00 00 00 00  ................ [zeros]
00000BD0:  00 00 00 00 00 00 00 00 00 00 00 00 00 00 00 00  ................ [zeros]
00000BE0:  00 00 00 00 00 00 00 00 00 00 00 00 00 00 00 00  ................ [zeros]
00000BF0:  00 00 00 00 00 00 00 00 00 00 00 00 00 00 00 00  ................ [zeros]
00000C00:  00 00 00 00 00 00 00 00 00 00 00 00 00 00 00 00  ................ [zeros]
00000C10:  00 00 00 00 00 00 00 00 00 00 00 00 00 00 00 00  ................ [zeros]
00000C20:  00 00 00 00 00 00 00 00 00 00 00 00 00 00 00 00  ................ [zeros]
00000C30:  00 00 00 00 00 00 00 00 00 00 00 00 00 00 00 00  ................ [zeros]
00000C40:  00 00 00 00 00 00 00 00 00 00 00 00 00 00 00 00  ................ [zeros]
00000C50:  00 00 00 00 00 00 00 00 00 00 00 00 00 00 00 00  ................ [zeros]
00000C60:  00 00 00 00 00 00 00 00 00 00 00 00 00 00 00 00  ................ [zeros]
00000C70:  00 00 00 00 00 00 00 00 00 00 00 00 00 00 00 00  ................ [zeros]
00000C80:  00 00 00 00 00 00 00 00 00 00 00 00 00 00 00 00  ................ [zeros]
00000C90:  00 00 00 00 00 00 00 00 00 00 00 00 00 00 00 00  ................ [zeros]
00000CA0:  00 00 00 00 00 00 00 00 00 00 00 00 00 00 00 00  ................ [zeros]
00000CB0:  00 00 00 00 00 00 00 00 00 00 00 00 00 00 00 00  ................ [zeros]
00000CC0:  00 00 00 00 00 00 00 00 00 00 00 00 00 00 00 00  ................ [zeros]
00000CD0:  00 00 00 00 00 00 00 00 00 00 00 00 00 00 00 00  ................ [zeros]
00000CE0:  00 00 00 00 00 00 00 00 00 00 00 00 00 00 00 00  ................ [zeros]
00000CF0:  00 00 00 00 00 00 00 00 00 00 00 00 00 00 00 00  ................ [zeros]
00000D00:  00 00 00 00 00 00 00 00 00 00 00 00 00 00 00 00  ................ [zeros]
00000D10:  00 00 00 00 00 00 00 00 00 00 00 00 00 00 00 00  ................ [zeros]
00000D20:  00 00 00 00 00 00 00 00 00 00 00 00 00 00 00 00  ................ [zeros]
00000D30:  00 00 00 00 00 00 00 00 00 00 00 00 00 00 00 00  ................ [zeros]
00000D40:  00 00 00 00 00 00 00 00 00 00 00 00 00 00 00 00  ................ [zeros]
00000D50:  00 00 00 00 00 00 00 00 00 00 00 00 00 00 00 00  ................ [zeros]
00000D60:  00 00 00 00 00 00 00 00 00 00 00 00 00 00 00 00  ................ [zeros]
00000D70:  00 00 00 00 00 00 00 00 00 00 00 00 00 00 00 00  ................ [zeros]
00000D80:  00 00 00 00 00 00 00 00 00 00 00 00 00 00 00 00  ................ [zeros]
00000D90:  00 00 00 00 00 00 00 00 00 00 00 00 00 00 00 00  ................ [zeros]
00000DA0:  00 00 00 00 00 00 00 00 00 00 00 00 00 00 00 00  ................ [zeros]
00000DB0:  00 00 00 00 00 00 00 00 00 00 00 00 00 00 00 00  ................ [zeros]
00000DC0:  00 00 00 00 00 00 00 00 00 00 00 00 00 00 00 00  ................ [zeros]
00000DD0:  00 00 00 00 00 00 00 00 00 00 00 00 00 00 00 00  ................ [zeros]
00000DE0:  00 00 00 00 00 00 00 00 00 00 00 00 00 00 00 00  ................ [zeros]
00000DF0:  00 00 00 00 00 00 00 00 00 00 00 00 00 00 00 00  ................ [zeros]
00000E00:  00 00 00 00 00 00 00 00 00 00 00 00 00 00 00 00  ................ [zeros]
00000E10:  00 00 00 00 00 00 00 00 00 00 00 00 00 00 00 00  ................ [zeros]
00000E20:  00 00 00 00 00 00 00 00 00 00 00 00 00 00 00 00  ................ [zeros]
00000E30:  00 00 00 00 00 00 00 00 00 00 00 00 00 00 00 00  ................ [zeros]
00000E40:  00 00 00 00 00 00 00 00 00 00 00 00 00 00 00 00  ................ [zeros]
00000E50:  00 00 00 00 00 00 00 00 00 00 00 00 00 00 00 00  ................ [zeros]
00000E60:  00 00 00 00 00 00 00 00 00 00 00 00 00 00 00 00  ................ [zeros]
00000E70:  00 00 00 00 00 00 AE 3B 84 19 6C 69 75 04 92 BF  .......;..liu...
00000E80:  1E F2 EA C5 7B 88 00 00 00 00 00 00 00 00 00 00  ....{...........
00000E90:  00 00 00 00 00 00 00 00 00 00 00 00 00 00 00 00  ................ [zeros]
00000EA0:  00 00 00 00 00 00 00 00 00 00 00 00 00 00 00 00  ................ [zeros]
00000EB0:  00 00 00 00 00 00 00 00 00 00 00 00 00 00 00 00  ................ [zeros]
00000EC0:  00 00 00 00 00 00 00 00 00 00 00 00 00 00 00 00  ................ [zeros]
00000ED0:  00 00 00 00 00 00 00 00 00 00 00 00 00 00 00 00  ................ [zeros]
00000EE0:  00 00 00 00 00 00 00 00 00 00 00 00 00 00 00 00  ................ [zeros]
00000EF0:  00 00 00 00 00 00 00 00 00 00 00 00 00 00 00 00  ................ [zeros]
00000F00:  00 00 00 00 00 00 00 00 00 00 00 00 00 00 00 00  ................ [zeros]
00000F10:  00 00 00 00 00 00 00 00 00 00 00 00 00 00 00 00  ................ [zeros]
00000F20:  00 00 00 00 00 00 00 00 00 00 00 00 00 00 00 00  ................ [zeros]
00000F30:  00 00 00 00 00 00 00 00 00 00 00 00 00 00 00 00  ................ [zeros]
00000F40:  00 00 00 00 00 00 00 00 00 00 00 00 00 00 00 00  ................ [zeros]
00000F50:  00 00 00 00 00 00 00 00 00 00 00 00 00 00 00 00  ................ [zeros]
00000F60:  00 00 00 00 00 00 00 00 00 00 00 00 00 00 00 00  ................ [zeros]
00000F70:  00 00 00 00 00 00 00 00 00 00 00 00 00 00 00 00  ................ [zeros]
00000F80:  00 00 00 00 00 00 00 00 00 00 00 00 00 00 00 00  ................ [zeros]
00000F90:  00 00 00 00 00 00 00 00 00 00 00 00 00 00 00 00  ................ [zeros]
00000FA0:  00 00 00 00 00 00 00 00 00 00 00 00 00 00 00 00  ................ [zeros]
00000FB0:  00 00 00 00 00 00 00 00 00 00 00 00 00 00 00 00  ................ [zeros]
00000FC0:  00 00 00 00 00 00 00 00 00 00 00 00 00 00 00 00  ................ [zeros]
00000FD0:  00 00 00 00 00 00 00 00 00 00 00 00 00 00 00 00  ................ [zeros]
00000FE0:  00 00 00 00 00 00 00 00 00 00 00 00 00 00 00 00  ................ [zeros]
00000FF0:  00 00 00 00 00 00 00 00 00 00 00 00 00 00 00 00  ................ [zeros]
00001000:  00 00 00 00 00 00 00 00 00 00 00 00 00 00 00 00  ................ [zeros]
00001010:  00 00 00 00 00 00 00 00 00 00 00 00 00 00 00 00  ................ [zeros]
00001020:  00 00 00 00 00 00 00 00 00 00 00 00 00 00 00 00  ................ [zeros]
00001030:  00 00 00 00 00 00 00 00 00 00 00 00 00 00 00 00  ................ [zeros]
00001040:  00 00 00 00 00 00 00 00 00 00 00 00 00 00 00 00  ................ [zeros]
00001050:  00 00 00 00 00 00 00 00 00 00 00 00 00 00 00 00  ................ [zeros]
00001060:  00 00 00 00 00 00 00 00 00 00 00 00 00 00 00 00  ................ [zeros]
00001070:  00 00 00 00 00 00 00 00 00 00 00 00 00 00 00 00  ................ [zeros]
00001080:  00 00 00 00 00 00 00 00 00 00 00 00 00 00 00 00  ................ [zeros]
00001090:  00 00 00 00 00 00 00 00 00 00 00 00 00 00 00 00  ................ [zeros]
000010A0:  00 00 00 00 00 00 00 00 00 00 00 00 00 00 00 00  ................ [zeros]
000010B0:  00 00 00 00 00 00 00 00 00 00 00 00 00 00 00 00  ................ [zeros]
000010C0:  00 00 00 00 00 00 00 00 00 00 00 00 00 00 00 00  ................ [zeros]
000010D0:  00 00 00 00 00 00 00 00 00 00 00 00 00 00 00 00  ................ [zeros]
000010E0:  00 00 00 00 00 00 00 00 00 00 00 00 00 00 00 00  ................ [zeros]
000010F0:  00 00 00 00 00 00 00 00 00 00 00 00 00 00 00 00  ................ [zeros]
00001100:  00 00 00 00 00 00 00 00 00 00 00 00 00 00 00 00  ................ [zeros]
00001110:  00 00 00 00 00 00 00 00 00 00 00 00 00 00 00 00  ................ [zeros]
00001120:  00 00 00 00 00 00 00 00 00 00 00 00 00 00 00 00  ................ [zeros]
00001130:  00 00 00 00 00 00 00 00 00 00 00 00 00 00 00 00  ................ [zeros]
00001140:  00 00 00 00 00 00 00 00 00 00 00 00 00 00 00 00  ................ [zeros]
00001150:  00 00 00 00 00 00 00 00 00 00 00 00 00 00 00 00  ................ [zeros]
00001160:  00 00 00 00 00 00 00 00 00 00 00 00 00 00 00 00  ................ [zeros]
00001170:  00 00 00 00 00 00 00 00 00 00 00 00 00 00 00 00  ................ [zeros]
00001180:  00 00 00 00 00 00 00 00 00 00 00 00 00 00 00 00  ................ [zeros]
00001190:  00 00 00 00 00 00 00 00 00 00 00 00 00 00 00 00  ................ [zeros]
000011A0:  00 00 00 00 00 00 00 00 00 00 00 00 00 00 00 00  ................ [zeros]
000011B0:  00 00 00 00 00 00 00 00 00 00 00 00 00 00 00 00  ................ [zeros]
000011C0:  00 00 00 00 00 00 00 00 00 00 00 00 00 00 00 00  ................ [zeros]
000011D0:  00 00 00 00 00 00 00 00 00 00 00 00 00 00 00 00  ................ [zeros]
000011E0:  00 00 00 00 00 00 00 00 00 00 00 00 00 00 00 00  ................ [zeros]
000011F0:  00 00 00 00 00 00 00 00 00 00 00 00 00 00 00 00  ................ [zeros]
00001200:  00 00 00 00 00 00 00 00 00 00 00 00 00 00 00 00  ................ [zeros]
00001210:  00 00 00 00 00 00 00 00 00 00 00 00 00 00 00 00  ................ [zeros]
00001220:  00 00 00 00 00 00 00 00 00 00 00 00 00 00 00 00  ................ [zeros]
00001230:  00 00 00 00 00 00 00 00 00 00 00 00 00 00 00 00  ................ [zeros]
00001240:  00 00 00 00 00 00 00 00 00 00 00 00 00 00 00 00  ................ [zeros]
00001250:  00 00 00 00 00 00 00 00 00 00 00 00 00 00 00 00  ................ [zeros]
00001260:  00 00 00 00 00 00 00 00 00 00 00 00 00 00 00 00  ................ [zeros]
00001270:  00 00 00 00 00 00 2F 70 F0 01 1A 42 A0 3A AC 17  ....../p...B.:..
00001280:  13 43 4C E0 58 96 00 00 00 00 00 00 00 00 00 00  .CL.X...........
00001290:  00 00 00 00 00 00 00 00 00 00 00 00 00 00 00 00  ................ [zeros]
000012A0:  00 00 00 00 00 00 00 00 00 00 00 00 00 00 00 00  ................ [zeros]
000012B0:  00 00 00 00 00 00 00 00 00 00 00 00 00 00 00 00  ................ [zeros]
000012C0:  00 00 00 00 00 00 00 00 00 00 00 00 00 00 00 00  ................ [zeros]
000012D0:  00 00 00 00 00 00 00 00 00 00 00 00 00 00 00 00  ................ [zeros]
000012E0:  00 00 00 00 00 00 00 00 00 00 00 00 00 00 00 00  ................ [zeros]
000012F0:  00 00 00 00 00 00 00 00 00 00 00 00 00 00 00 00  ................ [zeros]
00001300:  00 00 00 00 00 00 00 00 00 00 00 00 00 00 00 00  ................ [zeros]
00001310:  00 00 00 00 00 00 00 00 00 00 00 00 00 00 00 00  ................ [zeros]
00001320:  00 00 00 00 00 00 00 00 00 00 00 00 00 00 00 00  ................ [zeros]
00001330:  00 00 00 00 00 00 00 00 00 00 00 00 00 00 00 00  ................ [zeros]
00001340:  00 00 00 00 00 00 00 00 00 00 00 00 00 00 00 00  ................ [zeros]
00001350:  00 00 00 00 00 00 00 00 00 00 00 00 00 00 00 00  ................ [zeros]
00001360:  00 00 00 00 00 00 00 00 00 00 00 00 00 00 00 00  ................ [zeros]
00001370:  00 00 00 00 00 00 00 00 00 00 00 00 00 00 00 00  ................ [zeros]
00001380:  00 00 00 00 00 00 00 00 00 00 00 00 00 00 00 00  ................ [zeros]
00001390:  00 00 00 00 00 00 00 00 00 00 00 00 00 00 00 00  ................ [zeros]
000013A0:  00 00 00 00 00 00 00 00 00 00 00 00 00 00 00 00  ................ [zeros]
000013B0:  00 00 00 00 00 00 00 00 00 00 00 00 00 00 00 00  ................ [zeros]
000013C0:  00 00 00 00 00 00 00 00 00 00 00 00 00 00 00 00  ................ [zeros]
000013D0:  00 00 00 00 00 00 00 00 00 00 00 00 00 00 00 00  ................ [zeros]
000013E0:  00 00 00 00 00 00 00 00 00 00 00 00 00 00 00 00  ................ [zeros]
000013F0:  00 00 00 00 00 00 00 00 00 00 00 00 00 00 00 00  ................ [zeros]
00001400:  00 00 00 00 00 00 00 00 00 00 00 00 00 00 00 00  ................ [zeros]
00001410:  00 00 00 00 00 00 00 00 00 00 00 00 00 00 00 00  ................ [zeros]
00001420:  00 00 00 00 00 00 00 00 00 00 00 00 00 00 00 00  ................ [zeros]
00001430:  00 00 00 00 00 00 00 00 00 00 00 00 00 00 00 00  ................ [zeros]
00001440:  00 00 00 00 00 00 00 00 00 00 00 00 00 00 00 00  ................ [zeros]
00001450:  00 00 00 00 00 00 00 00 00 00 00 00 00 00 00 00  ................ [zeros]
00001460:  00 00 00 00 00 00 00 00 00 00 00 00 00 00 00 00  ................ [zeros]
00001470:  00 00 00 00 00 00 00 00 00 00 00 00 00 00 00 00  ................ [zeros]
00001480:  00 00 00 00 00 00 00 00 00 00 00 00 00 00 00 00  ................ [zeros]
00001490:  00 00 00 00 00 00 00 00 00 00 00 00 00 00 00 00  ................ [zeros]
000014A0:  00 00 00 00 00 00 00 00 00 00 00 00 00 00 00 00  ................ [zeros]
000014B0:  00 00 00 00 00 00 00 00 00 00 00 00 00 00 00 00  ................ [zeros]
000014C0:  00 00 00 00 00 00 00 00 00 00 00 00 00 00 00 00  ................ [zeros]
000014D0:  00 00 00 00 00 00 00 00 00 00 00 00 00 00 00 00  ................ [zeros]
000014E0:  00 00 00 00 00 00 00 00 00 00 00 00 00 00 00 00  ................ [zeros]
000014F0:  00 00 00 00 00 00 00 00 00 00 00 00 00 00 00 00  ................ [zeros]
00001500:  00 00 00 00 00 00 00 00 00 00 00 00 00 00 00 00  ................ [zeros]
00001510:  00 00 00 00 00 00 00 00 00 00 00 00 00 00 00 00  ................ [zeros]
00001520:  00 00 00 00 00 00 00 00 00 00 00 00 00 00 00 00  ................ [zeros]
00001530:  00 00 00 00 00 00 00 00 00 00 00 00 00 00 00 00  ................ [zeros]
00001540:  00 00 00 00 00 00 00 00 00 00 00 00 00 00 00 00  ................ [zeros]
00001550:  00 00 00 00 00 00 00 00 00 00 00 00 00 00 00 00  ................ [zeros]
00001560:  00 00 00 00 00 00 00 00 00 00 00 00 00 00 00 00  ................ [zeros]
00001570:  00 00 00 00 00 00 00 00 00 00 00 00 00 00 00 00  ................ [zeros]
00001580:  00 00 00 00 00 00 00 00 00 00 00 00 00 00 00 00  ................ [zeros]
00001590:  00 00 00 00 00 00 00 00 00 00 00 00 00 00 00 00  ................ [zeros]
000015A0:  00 00 00 00 00 00 00 00 00 00 00 00 00 00 00 00  ................ [zeros]
000015B0:  00 00 00 00 00 00 00 00 00 00 00 00 00 00 00 00  ................ [zeros]
000015C0:  00 00 00 00 00 00 00 00 00 00 00 00 00 00 00 00  ................ [zeros]
000015D0:  00 00 00 00 00 00 00 00 00 00 00 00 00 00 00 00  ................ [zeros]
000015E0:  00 00 00 00 00 00 00 00 00 00 00 00 00 00 00 00  ................ [zeros]
000015F0:  00 00 00 00 00 00 00 00 00 00 00 00 00 00 00 00  ................ [zeros]
00001600:  00 00 00 00 00 00 00 00 00 00 00 00 00 00 00 00  ................ [zeros]
00001610:  00 00 00 00 00 00 00 00 00 00 00 00 00 00 00 00  ................ [zeros]
00001620:  00 00 00 00 00 00 00 00 00 00 00 00 00 00 00 00  ................ [zeros]
00001630:  00 00 00 00 00 00 00 00 00 00 00 00 00 00 00 00  ................ [zeros]
00001640:  00 00 00 00 00 00 00 00 00 00 00 00 00 00 00 00  ................ [zeros]
00001650:  00 00 00 00 00 00 00 00 00 00 00 00 00 00 00 00  ................ [zeros]
00001660:  00 00 00 00 00 00 00 00 00 00 00 00 00 00 00 00  ................ [zeros]
00001670:  00 00 00 00 00 00 DB F0 22 E6 DE BA E4 96 9B 4A  ........"......J
00001680:  B2 EE C1 9B 36 77 00 00 00 00 00 00 00 00 00 00  ....6w..........
00001690:  00 00 00 00 00 00 00 00 00 00 00 00 00 00 00 00  ................ [zeros]
000016A0:  00 00 00 00 00 00 00 00 00 00 00 00 00 00 00 00  ................ [zeros]
000016B0:  00 00 00 00 00 00 00 00 00 00 00 00 00 00 00 00  ................ [zeros]
000016C0:  00 00 00 00 00 00 00 00 00 00 00 00 00 00 00 00  ................ [zeros]
000016D0:  00 00 00 00 00 00 00 00 00 00 00 00 00 00 00 00  ................ [zeros]
000016E0:  00 00 00 00 00 00 00 00 00 00 00 00 00 00 00 00  ................ [zeros]
000016F0:  00 00 00 00 00 00 00 00 00 00 00 00 00 00 00 00  ................ [zeros]
00001700:  00 00 00 00 00 00 00 00 00 00 00 00 00 00 00 00  ................ [zeros]
00001710:  00 00 00 00 00 00 00 00 00 00 00 00 00 00 00 00  ................ [zeros]
00001720:  00 00 00 00 00 00 00 00 00 00 00 00 00 00 00 00  ................ [zeros]
00001730:  00 00 00 00 00 00 00 00 00 00 00 00 00 00 00 00  ................ [zeros]
00001740:  00 00 00 00 00 00 00 00 00 00 00 00 00 00 00 00  ................ [zeros]
00001750:  00 00 00 00 00 00 00 00 00 00 00 00 00 00 00 00  ................ [zeros]
00001760:  00 00 00 00 00 00 00 00 00 00 00 00 00 00 00 00  ................ [zeros]
00001770:  00 00 00 00 00 00 00 00 00 00 00 00 00 00 00 00  ................ [zeros]
00001780:  00 00 00 00 00 00 00 00 00 00 00 00 00 00 00 00  ................ [zeros]
00001790:  00 00 00 00 00 00 00 00 00 00 00 00 00 00 00 00  ................ [zeros]
000017A0:  00 00 00 00 00 00 00 00 00 00 00 00 00 00 00 00  ................ [zeros]
000017B0:  00 00 00 00 00 00 00 00 00 00 00 00 00 00 00 00  ................ [zeros]
000017C0:  00 00 00 00 00 00 00 00 00 00 00 00 00 00 00 00  ................ [zeros]
000017D0:  00 00 00 00 00 00 00 00 00 00 00 00 00 00 00 00  ................ [zeros]
000017E0:  00 00 00 00 00 00 00 00 00 00 00 00 00 00 00 00  ................ [zeros]
000017F0:  00 00 00 00 00 00 00 00 00 00 00 00 00 00 00 00  ................ [zeros]
00001800:  00 00 00 00 00 00 00 00 00 00 00 00 00 00 00 00  ................ [zeros]
00001810:  00 00 00 00 00 00 00 00 00 00 00 00 00 00 00 00  ................ [zeros]
00001820:  00 00 00 00 00 00 00 00 00 00 00 00 00 00 00 00  ................ [zeros]
00001830:  00 00 00 00 00 00 00 00 00 00 00 00 00 00 00 00  ................ [zeros]
00001840:  00 00 00 00 00 00 00 00 00 00 00 00 00 00 00 00  ................ [zeros]
00001850:  00 00 00 00 00 00 00 00 00 00 00 00 00 00 00 00  ................ [zeros]
00001860:  00 00 00 00 00 00 00 00 00 00 00 00 00 00 00 00  ................ [zeros]
00001870:  00 00 00 00 00 00 00 00 00 00 00 00 00 00 00 00  ................ [zeros]
00001880:  00 00 00 00 00 00 00 00 00 00 00 00 00 00 00 00  ................ [zeros]
00001890:  00 00 00 00 00 00 00 00 00 00 00 00 00 00 00 00  ................ [zeros]
000018A0:  00 00 00 00 00 00 00 00 00 00 00 00 00 00 00 00  ................ [zeros]
000018B0:  00 00 00 00 00 00 00 00 00 00 00 00 00 00 00 00  ................ [zeros]
000018C0:  00 00 00 00 00 00 00 00 00 00 00 00 00 00 00 00  ................ [zeros]
000018D0:  00 00 00 00 00 00 00 00 00 00 00 00 00 00 00 00  ................ [zeros]
000018E0:  00 00 00 00 00 00 00 00 00 00 00 00 00 00 00 00  ................ [zeros]
000018F0:  00 00 00 00 00 00 00 00 00 00 00 00 00 00 00 00  ................ [zeros]
00001900:  00 00 00 00 00 00 00 00 00 00 00 00 00 00 00 00  ................ [zeros]
00001910:  00 00 00 00 00 00 00 00 00 00 00 00 00 00 00 00  ................ [zeros]
00001920:  00 00 00 00 00 00 00 00 00 00 00 00 00 00 00 00  ................ [zeros]
00001930:  00 00 00 00 00 00 00 00 00 00 00 00 00 00 00 00  ................ [zeros]
00001940:  00 00 00 00 00 00 00 00 00 00 00 00 00 00 00 00  ................ [zeros]
00001950:  00 00 00 00 00 00 00 00 00 00 00 00 00 00 00 00  ................ [zeros]
00001960:  00 00 00 00 00 00 00 00 00 00 00 00 00 00 00 00  ................ [zeros]
00001970:  00 00 00 00 00 00 00 00 00 00 00 00 00 00 00 00  ................ [zeros]
00001980:  00 00 00 00 00 00 00 00 00 00 00 00 00 00 00 00  ................ [zeros]
00001990:  00 00 00 00 00 00 00 00 00 00 00 00 00 00 00 00  ................ [zeros]
000019A0:  00 00 00 00 00 00 00 00 00 00 00 00 00 00 00 00  ................ [zeros]
000019B0:  00 00 00 00 00 00 00 00 00 00 00 00 00 00 00 00  ................ [zeros]
000019C0:  00 00 00 00 00 00 00 00 00 00 00 00 00 00 00 00  ................ [zeros]
000019D0:  00 00 00 00 00 00 00 00 00 00 00 00 00 00 00 00  ................ [zeros]
000019E0:  00 00 00 00 00 00 00 00 00 00 00 00 00 00 00 00  ................ [zeros]
000019F0:  00 00 00 00 00 00 00 00 00 00 00 00 00 00 00 00  ................ [zeros]
00001A00:  00 00 00 00 00 00 00 00 00 00 00 00 00 00 00 00  ................ [zeros]
00001A10:  00 00 00 00 00 00 00 00 00 00 00 00 00 00 00 00  ................ [zeros]
00001A20:  00 00 00 00 00 00 00 00 00 00 00 00 00 00 00 00  ................ [zeros]
00001A30:  00 00 00 00 00 00 00 00 00 00 00 00 00 00 00 00  ................ [zeros]
00001A40:  00 00 00 00 00 00 00 00 00 00 00 00 00 00 00 00  ................ [zeros]
00001A50:  00 00 00 00 00 00 00 00 00 00 00 00 00 00 00 00  ................ [zeros]
00001A60:  00 00 00 00 00 00 00 00 00 00 00 00 00 00 00 00  ................ [zeros]
00001A70:  00 00 00 00 00 00 78 F6 0E CD 2F D2 F8 0F 74 C8  ......x.../...t.
00001A80:  E6 8A 58 84 AF 49 AC 6F 80 36 8A 61 E1 10 42 E9  ..X..I.o.6.a..B.
00001A90:  CB C3 88 A8 56 54 39 CC 4D 7C BC 18 E2 5D D2 E8  ....VT9.M|...]..
00001AA0:  9A 7A 69 08 1A 54 0A B1 94 EF 9F FB A5 2A 85 63  .zi..T.......*.c
00001AB0:  4B 8A E0 93 CF CA DA 3C 9F 4D 53 94 E5 CE B9 FD  K......<.MS.....
00001AC0:  07 A1 9B 29 B9 55 27 EA F5 59 8F 70 DC 79 3C C1  ...).U'..Y.p.y<.
00001AD0:  DF 09 E5 72 0D 5E 27 2E 91 AA C7 44 45 4F 02 17  ...r.^'....DEO..
00001AE0:  F6 C8 64 1D 8C 82 85 C3 25 87 0C 65 97 75 D7 8A  ..d.....%..e.u..
00001AF0:  0E AE A4 22 93 82 C8 DB 8F 38 FD 28 79 53 8A 9F  ...".....8.(yS..
00001B00:  E7 9D 5A 3C 49 82 CA C9 D4 B6 1A A1 5C 47 89 CF  ..Z<I.......\G..
00001B10:  DC 71 5D 23 C9 2E 04 73 AF 15 E0 6D E6 72 9F 05  .q]#...s...m.r..
00001B20:  D0 5B 79 35 8D 81 49 C1 C6 1D 2C 3E F9 64 BC 20  .[y5..I...,>.d. 
00001B30:  6A 0E 2D 18 8D B8 CE 9D C7 75 EC 93 37 0F 7D 36  j.-......u..7.}6
00001B40:  0A 1B C4 58 F0 C0 E5 1D 10 D1 AC 75 FD 13 B9 9B  ...X.......u....
00001B50:  6C B5 F4 91 32 94 D1 A9 DB 5D E0 01 A0 A3 B0 4D  l...2....].....M
00001B60:  E3 95 D2 5C 63 DE CF 69 8E 67 93 11 61 65 10 23  ...\c..i.g..ae.#
00001B70:  D6 9B 06 F6 88 1D C1 A5 EE 28 4F 7B D1 42 EB CE  .........(O{.B..
00001B80:  B6 96 C3 57 56 89 82 A5 5E BA 72 21 05 EB 42 E6  ...WV...^.r!..B.
00001B90:  4A FC E9 69 DD D5 E9 1C 8D E3 45 C5 A6 B2 5A 3C  J..i......E...Z<
00001BA0:  8C D2 76 FE FB FF 9C 09 C9 6A 15 1F DE 7B FB E6  ..v......j...{..
00001BB0:  51 DA 79 60 3E D8 BE AD 83 C6 3F 3F A0 5F 74 25  Q.y`>.....??._t%
00001BC0:  9B 00 80 9F 8B 83 25 0C BB 74 B8 B3 F4 1B 6F D1  ......%..t....o.
00001BD0:  AD FD 56 6B E2 73 1A 27 5C 7A E2 35 71 C7 05 0B  ..Vk.s.'\z.5q...
00001BE0:  0C D3 64 BC 1F 50 2F D5 53 34 37 5D 55 C4 60 45  ..d..P/.S47]U.`E
00001BF0:  69 85 83 8D 01 49 2A B1 10 D7 12 F9 01 BC 61 78  i....I*.......ax
00001C00:  B8 50 2C 7E A5 B9 92 76 C0 D0 81 EC 04 1F C0 1E  .P,~...v........
00001C10:  A7 B6 65 B3 4F 7E CF 35 BF 4A DB B3 B1 FA 25 F6  ..e.O~.5.J....%.
00001C20:  D3 28 59 D5 FE 2F 66 A9 C9 1B 3C 2F 0C 39 F7 F0  .(Y../f...</.9..
00001C30:  9A 66 F3 E6 6B 2F 23 D5 E6 8C 11 56 D6 D6 3C B1  .f..k/#....V..<.
00001C40:  84 25 1D EB CC 81 0F 43 6F D6 5C AD C4 F7 5B 77  .%.....Co.\...[w
00001C50:  BB 69 D7 64 A2 CB 54 8E 17 B6 30 E2 0E 3D 52 6B  .i.d..T...0..=Rk
00001C60:  91 6E 8A CE 08 AB A1 45 60 86 2C A9 4B 94 24 1C  .n.....E`.,.K.$.
00001C70:  79 77 29 9B 01 13 44 6B F7 82 86 7D 54 12 A0 20  yw)...Dk...}T.. 
00001C80:  0E 50 C6 57 C9 27 83 B0 D9 AD B6 D7 D8 DD 05 DD  .P.W.'..........
00001C90:  DC BD 30 95 C3 47 0A B1 94 EF 9F FB A5 2A 85 63  ..0..G.......*.c
00001CA0:  4B 8A E0 93 CF CA 1A E0 F7 29 DA E4 28 84 15 E0  K........)..(...
00001CB0:  FA 3E 2D 91 6D D1 6B 5C 90 C3 4C E1 15 15 44 0D  .>-.m.k\..L...D.
00001CC0:  DA 6B C7 F5 8D D9 6A 97 4A A2 53 96 7F BE 2E 28  .k....j.J.S....(
00001CD0:  FB A6 F4 F6 51 F9 B4 86 9C 4E 3F 35 F4 33 8D 9A  ....Q....N?5.3..
00001CE0:  F8 39 D5 66 E0 89 D3 63 34 87 8F 71 6E 7D 7E 85  .9.f...c4..qn}~.
00001CF0:  CA 1B 75 2F 54 0A 14 20 79 BD 7D 84 BF 88 95 6C  ..u/T.. y.}....l
00001D00:  BF CA AC 00 DD 19 7D AD BA 4C 3A E6 26 01 43 DD  ......}..L:.&.C.
00001D10:  A6 F8 4A 2C 45 07 F5 93 3E F0 0C 9E 05 E7 CB 08  ..J,E...>.......
00001D20:  6E 8A F2 A7 7F DE 6D 64 F1 B3 EC 39 D6 7E 76 6B  n.....md...9.~vk
00001D30:  AA 00 FD 53 FA 8F C9 9A F2 BD 8A 71 77 C3 A0 38  ...S.......qw..8
00001D40:  7B 28 27 49 C6 9F 18 5A 79 34 B1 87 FE DC 96 F4  {('I...Zy4......
00001D50:  1B 6C CC 67 3C 01 90 F5 DE FF A4 39 CA 57 A1 60  .l.g<......9.W.`
00001D60:  6A BF E8 76 C9 BF C9 70 62 77 55 77 8D 32 5E AE  j..v...pbwUw.2^.
00001D70:  3D 4B 66 28 22 81 34 C0 C1 99 F8 6D 4C BD 86 FC  =Kf(".4....mL...
00001D80:  03 03 82 FA 10 7D 58 9F 1C 85 E8 C4 DE 0A 8B 06  .....}X.........
00001D90:  E1 16 B9 BD 2D AE 1F 69 94 02 8D 12 BC C4 0E 6E  ....-..i.......n
00001DA0:  24 63 58 E4 9E 3E EC 9F 4E 11 BE 71 AC 2A 24 1C  $cX..>..N..q.*$.
00001DB0:  DF A7 09 F3 99 FA D9 4E 2E 2F DA 31 15 10 D8 48  .......N./.1...H
00001DC0:  37 11 45 C7 A6 E3 6B 4B 65 EE D5 9B E2 E6 F5 A5  7.E...kKe.......
00001DD0:  DF CF 36 00 7C 86 13 25 86 E9 57 15 89 49 4F 3B  ..6.|..%..W..IO;
00001DE0:  C8 D0 13 19 79 B2 BA D7 B6 13 ED 58 70 A5 44 5C  ....y......Xp.D\
00001DF0:  40 63 87 FD A6 94 53 31 04 01 E0 64 E1 67 8A BE  @c....S1...d.g..
00001E00:  AA 01 3D 7D 95 44 D7 F8 E5 74 A7 1A CE 8A 73 76  ..=}.D...t....sv
00001E10:  4C 11 1C 6C 41 F3 9A BC 53 21 00 F6 36 44 8B E9  L..lA...S!..6D..
00001E20:  BD B5 FF 7F 81 19 06 2F 9B 93 E9 D6 0D 5D 46 B9  ......./.....]F.
00001E30:  11 A2 55 A8 E1 53 4A 3E 24 8F 5E 70 A1 85 E8 DA  ..U..SJ>$.^p....
00001E40:  50 7C 44 46 68 F3 EE ED 99 77 AC 6E 0A 7E D4 11  P|DFh....w.n.~..
00001E50:  1B E8 4C C9 06 CC F7 8A 29 2F B7 70 11 2F 5B AE  ..L.....)/.p./[.
00001E60:  A2 34 7D 1B 47 6F C7 C4 87 95 A1 9E 27 72 01 CD  .4}.Go......'r..
00001E70:  BF 43 83 1A E3 68 CD E4 1A 82 6B E6 77 60 74 E6  .C...h....k.w`t.
00001E80:  12 E7 2C D7 E0 E0 57 EE 2D 55 7A 5C A5 E2 26 D8  ..,...W.-Uz\..&.
00001E90:  FC D5 50 2A A2 00 83 3D 37 EB BC A7 7A C4 89 37  ..P*...=7...z..7
00001EA0:  EA 7D 08 3B ED A3 37 77 A1 BA A2 12 E0 C3 2F 83  .}.;..7w....../.
00001EB0:  E3 84 E9 C2 A3 4A 2D F0 16 BE 4E 39 BD B8 32 8B  .....J-...N9..2.
00001EC0:  45 0F A0 09 E7 1B 5E 71 3F 5D CA 24 D6 8E B3 65  E.....^q?].$...e
00001ED0:  35 4B 40 16 50 09 37 37 3A 0B A9 16 DA EA 94 5A  5K@.P.77:......Z
00001EE0:  E4 C9 20 12 81 FA 5F 51 72 B3 39 6D A3 1E A6 32  .. ..._Qr.9m...2
00001EF0:  23 68 1D 7E 36 15 DB D2 D5 61 95 1C 36 5E 1D 9E  #h.~6....a..6^..
00001F00:  DB EC 8D D7 13 4B E5 2B 23 22 19 3E 59 E1 B4 A0  .....K.+#".>Y...
00001F10:  E0 2C C4 75 5B F7 44 8B 86 9F 5E 32 BE 26 0F C5  .,.u[.D...^2.&..
00001F20:  CC 57 64 CD C1 09 04 54 AA 7C 8C DB 55 03 82 92  .Wd....T.|..U...
00001F30:  15 F9 49 6E 2A 2A 1D 8F 22 1E 8C F2 48 A8 15 33  ..In**.."...H..3
00001F40:  5F 30 F4 57 B6 00 A2 95 F1 8A E6 0A 3D 7F B5 A6  _0.W........=...
00001F50:  3C 1B 18 31 DC 29 68 96 89 F4 CE 8A 26 AD 57 07  <..1.)h.....&.W.
00001F60:  67 59 D6 EF 96 16 66 EA E3 FC B8 12 9B E3 25 9D  gY....f.......%.
00001F70:  F6 B8 F5 70 07 07 F3 62 D1 27 C7 3E 01 33 42 C2  ...p...b.'.>.3B.
00001F80:  E2 14 CF 82 6C CD 7F 29 A1 28 B5 3B 6E 36 38 0D  ....l..).(.;n68.
00001F90:  6A 30 14 CF 04 5F F1 1F D0 C5 AB 4F 46 23 27 B4  j0..._.....OF#'.
00001FA0:  45 34 03 41 18 87 C7 3F 58 21 08 BD 9D 1E D1 4B  E4.A...?X!.....K
00001FB0:  47 5F 62 C0 B4 21 38 7F FA 77 36 D4 E9 9C D9 4D  G_b..!8..w6....M
00001FC0:  DB 4D D0 18 24 78 83 B0 D9 AD B6 D7 D8 DD 05 DD  .M..$x..........
00001FD0:  DC BD 30 95 C3 47 0A B1 94 EF 9F FB A5 2A 85 63  ..0..G.......*.c
00001FE0:  4B 8A E0 93 CF CA 23 C6 82 0C F3 D6 57 29 99 C6  K.....#.....W)..
00001FF0:  BA 29 21 4A 63 0C 90 CE 09 15 F8 62 74 A4 00 D5  .)!Jc......bt...
00002000:  0E C7 AD 1B DB 81 D5 D2 2C 52 98 16 FC 2C C6 52  ........,R...,.R
00002010:  47 8A DA 60 CD D7 85 C3 25 87 0C 65 97 75 D7 8A  G..`....%..e.u..
00002020:  0E AE A4 22 93 82 C8 DB 8F 38 FD 28 79 53 8A 9F  ...".....8.(yS..
00002030:  E7 9D 5A 3C 49 82 CA C9 D4 B6 1A A1 5C 47 89 CF  ..Z<I.......\G..
00002040:  DC 71 5D 23 C9 2E E5 8E B3 8E 46 7A FF 4A F1 71  .q]#......Fz.J.q
00002050:  89 E6 26 AC E8 D8 1F 6A 9A 00 50 C1 EC CE E8 E5  ..&....j..P.....
00002060:  22 D9 18 A7 FD 89 FA D4 52 06 3F 89 2C 66 A6 2C  ".......R.?.,f.,
00002070:  01 0C 5C 3B E4 15 D3 B7 1B 90 8D DC 83 26 EC 52  ..\;.........&.R
00002080:  79 97 25 DD 57 46 92 AE 29 54 D6 F3 CE 2C 1B 0B  y.%.WF..)T...,..
00002090:  B9 D3 A5 49 89 A3 A1 B3 1F C9 79 AF A7 48 EC E8  ...I......y..H..
000020A0:  01 BE 53 84 6B 2F 89 50 FE 18 B8 A7 16 FF C4 4A  ..S.k/.P.......J
000020B0:  94 6A 9E 9F FC 13 82 A5 5E BA 72 21 05 EB 42 E6  .j......^.r!..B.
000020C0:  4A FC E9 69 DD D5 E9 1C 8D E3 45 C5 A6 B2 5A 3C  J..i......E...Z<
000020D0:  8C D2 76 FE FB FF 9C 09 C9 6A 15 1F DE 7B FB E6  ..v......j...{..
000020E0:  51 DA 79 60 3E D8 81 A6 6F FE 88 63 0F 2B 94 75  Q.y`>...o..c.+.u
000020F0:  EE CE DE 18 DF 05 25 0C BB 74 B8 B3 F4 1B 6F D1  ......%..t....o.
00002100:  AD FD 56 6B E2 73 8B 79 8A 10 88 DD CA 64 6A A0  ..Vk.s.y.....dj.
00002110:  01 4B 9F 58 74 AA 1B 1A 41 EE A4 66 EB 7C F9 CD  .K.Xt...A..f.|..
00002120:  77 EF 3F BB E0 10 2A B1 10 D7 12 F9 01 BC 61 78  w.?...*.......ax
00002130:  B8 50 2C 7E A5 B9 A5 2F 6F 6E FA 66 AE 8D B0 F4  .P,~.../on.f....
00002140:  B1 86 AA 6F E3 C5 CF 35 BF 4A DB B3 B1 FA 25 F6  ...o...5.J....%.
00002150:  D3 28 59 D5 FE 2F 66 A9 C9 1B 3C 2F 0C 39 F7 F0  .(Y../f...</.9..
00002160:  9A 66 F3 E6 6B 2F 23 D5 E6 8C 11 56 D6 D6 3C B1  .f..k/#....V..<.
00002170:  84 25 1D EB CC 81 0F 43 6F D6 5C AD C4 F7 5B 77  .%.....Co.\...[w
00002180:  BB 69 D7 64 A2 CB 66 B2 31 BC 10 B7 A6 1B 08 E5  .i.d..f.1.......
00002190:  EA 1E CF B7 59 BD F1 CB D0 8D 23 7E D7 14 CB FB  ....Y.....#~....
000021A0:  DB 4F 03 22 FA D3 6C 17 03 B5 2E E5 45 E1 B1 9D  .O."..l.....E...
000021B0:  7F BA CE 7C 68 19 4A F9 8A 5A B1 39 F3 CD EA FF  ...|h.J..Z.9....
000021C0:  D2 AA 31 0C 5F 81 BE 3C E6 02 26 F2 A8 ED F2 CA  ..1._..<..&.....
000021D0:  1D 4E F9 A3 BD 9A E2 12 7B 6B 15 17 A4 98 00 B1  .N......{k......
000021E0:  10 97 9B 95 0D 84 83 B0 D9 AD B6 D7 D8 DD 05 DD  ................
000021F0:  DC BD 30 95 C3 47 32 E8 90 A2 7B 80 5C 9D F1 DB  ..0..G2...{.\...
00002200:  91 1F FD E8 A5 02 68 7D 1E 2A 11 FF 99 3F 6A 1E  ......h}.*...?j.
00002210:  AD 95 23 5D 69 22 61 0A 2D F6 22 BA 90 D9 66 71  ..#]i"a.-."...fq
00002220:  30 6F 19 A3 70 F6 18 00 AA A9 96 7C 82 AE 16 39  0o..p......|...9
00002230:  6D 5F 8D 39 DB 58 9A 9F 4E A8 B5 F3 16 5C E1 7D  m_.9.X..N....\.}
00002240:  60 2A 70 4D 7E 6F E8 83 40 59 B2 A4 02 F4 73 F4  `*pM~o..@Y....s.
00002250:  20 44 52 F2 FA 3B CC 61 5B 47 B8 8B A1 EF EB A6   DR..;.a[G......
00002260:  E0 A1 87 69 EA D9 9D 8A 40 A4 C2 A4 69 C6 47 C8  ...i....@...i.G.
00002270:  C3 8F 56 4F 31 E2 94 BE 59 C8 94 49 D1 5C F3 39  ..VO1...Y..I.\.9
00002280:  04 DD 19 02 71 D8 59 41 A8 AA 9B 94 F9 84 4D 1F  ....q.YA......M.
00002290:  BC 71 E0 D6 F3 EB 9E 27 31 E8 C8 23 03 DB E4 24  .q.....'1..#...$
000022A0:  24 37 96 F9 F0 FA 2B 63 2D 91 A2 82 BB C4 1E 61  $7....+c-......a
000022B0:  F5 51 50 D1 18 95 F3 91 5B FA D4 69 E4 04 11 73  .QP.....[..i...s
000022C0:  E7 AA 30 10 4D 2A A4 7F 8F A3 BF E3 3D 3E 04 90  ..0.M*......=>..
000022D0:  36 95 D4 58 8C FB 29 1D 31 4C 80 42 54 58 79 3B  6..X..).1L.BTXy;
000022E0:  3F 18 D2 A9 96 BF 24 78 80 4F C6 6C 35 80 3B AC  ?.....$x.O.l5.;.
000022F0:  11 39 DA DC 58 6A 35 30 97 7E D0 39 71 ED BF 5D  .9..Xj50.~.9q..]
00002300:  69 51 47 F4 4C C9 C5 F4 DF A4 C1 A8 F8 96 ED C7  iQG.L...........
00002310:  50 50 BE 1C 9C 14 60 C1 B7 AD EA D8 6D C2 0D 6E  PP....`.....m..n
00002320:  EA CA A7 8F FB 5D 03 D1 E6 3D 74 E1 EF 00 07 F1  .....]...=t.....
00002330:  BA 8D 26 FD F8 21 00 1A A0 26 9D 06 3F D4 86 18  ..&..!...&..?...
00002340:  7B C9 01 FC ED 40 92 AE 29 54 D6 F3 CE 2C 1B 0B  {....@..)T...,..
00002350:  B9 D3 A5 49 89 A3 3F 1D BE 20 5B 0B 05 89 B4 6B  ...I..?.. [....k
00002360:  6C 39 AB C7 C3 B0 89 50 FE 18 B8 A7 16 FF C4 4A  l9.....P.......J
00002370:  94 6A 9E 9F FC 13 82 A5 5E BA 72 21 05 EB 42 E6  .j......^.r!..B.
00002380:  4A FC E9 69 DD D5 E9 1C 8D E3 45 C5 A6 B2 5A 3C  J..i......E...Z<
00002390:  8C D2 76 FE FB FF CC 81 D4 21 64 1F 8E BF 31 B6  ..v......!d...1.
000023A0:  F3 69 11 1B AD C4 EB 6D E2 5E 76 FE DF 18 55 91  .i.....m.^v...U.
000023B0:  6B 33 56 F2 B9 65 25 0C BB 74 B8 B3 F4 1B 6F D1  k3V..e%..t....o.
000023C0:  AD FD 56 6B E2 73 AA D4 AA 5F B7 E2 29 EF 18 79  ..Vk.s..._..)..y
000023D0:  7A 67 B6 A7 77 DE 1B 1A 41 EE A4 66 EB 7C F9 CD  zg..w...A..f.|..
000023E0:  77 EF 3F BB E0 10 2A B1 10 D7 12 F9 01 BC 61 78  w.?...*.......ax
000023F0:  B8 50 2C 7E A5 B9 55 4C 77 F9 7D EB 7E 39 9D 1E  .P,~..ULw.}.~9..
00002400:  35 E3 7D 18 80 CD 4F AF B4 ED 41 B0 1D BA A7 D6  5.}...O...A.....
00002410:  C1 E5 5C BE B9 DD 66 A9 C9 1B 3C 2F 0C 39 F7 F0  ..\...f...</.9..
00002420:  9A 66 F3 E6 6B 2F 23 D5 E6 8C 11 56 D6 D6 3C B1  .f..k/#....V..<.
00002430:  84 25 1D EB CC 81 0F 43 6F D6 5C AD C4 F7 5B 77  .%.....Co.\...[w
00002440:  BB 69 D7 64 A2 CB CA B7 27 AB CF 5D B5 7B F9 D2  .i.d....'..].{..
00002450:  E3 7F 26 63 3F 8D 4B E7 E3 05 E2 24 96 09 B8 B1  ..&c?.K....$....
00002460:  50 73 B5 87 6E 84 E3 FB B1 31 A3 0A 89 B8 D2 41  Ps..n....1.....A
00002470:  0F E5 97 9A CC C1 22 58 D1 6D EA 2B C4 91 4C 24  ......"X.m.+..L$
00002480:  91 46 83 4D DE BC BE 3C E6 02 26 F2 A8 ED F2 CA  .F.M...<..&.....
00002490:  1D 4E F9 A3 BD 9A 5E BF EF D3 B7 65 9F 15 E5 4D  .N....^....e...M
000024A0:  9C 11 58 B0 C0 25 83 B0 D9 AD B6 D7 D8 DD 05 DD  ..X..%..........
000024B0:  DC BD 30 95 C3 47 32 E8 90 A2 7B 80 5C 9D F1 DB  ..0..G2...{.\...
000024C0:  91 1F FD E8 A5 02 68 7D 1E 2A 11 FF 99 3F 6A 1E  ......h}.*...?j.
000024D0:  AD 95 23 5D 69 22 61 0A 2D F6 22 BA 90 D9 66 71  ..#]i"a.-."...fq
000024E0:  30 6F 19 A3 70 F6 67 D9 A7 C0 A2 37 80 4C 2D E7  0o..p.g....7.L-.
000024F0:  1B A5 31 EA 05 15 19 84 A4 5B 61 43 1F B9 10 C1  ..1......[aC....
00002500:  2A E6 E3 65 3E 33 7A 0B F1 24 03 77 3D 78 D0 A0  *..e>3z..$.w=x..
00002510:  5D 1B B3 D8 5A 31 50 4D 12 D2 CC 20 4D 7A B6 BD  ]...Z1PM... Mz..
00002520:  70 8C 34 A1 1E D0 E5 1D 10 D1 AC 75 FD 13 B9 9B  p.4........u....
00002530:  6C B5 F4 91 32 94 92 D3 F2 AB AD 20 9F BB FD 9D  l...2...... ....
00002540:  00 84 2B 40 50 98 F9 3B 1D 86 9C 06 45 39 C2 B4  ..+@P..;....E9..
00002550:  A4 2C F4 14 14 15 C1 A5 EE 28 4F 7B D1 42 EB CE  .,.......(O{.B..
00002560:  B6 96 C3 57 56 89 82 A5 5E BA 72 21 05 EB 42 E6  ...WV...^.r!..B.
00002570:  4A FC E9 69 DD D5 E9 1C 8D E3 45 C5 A6 B2 5A 3C  J..i......E...Z<
00002580:  8C D2 76 FE FB FF A2 9B 19 88 42 86 92 E7 97 83  ..v.......B.....
00002590:  88 0E A8 04 94 72 D0 4A E6 6F 4D E5 B5 9B E4 EA  .....r.J.oM.....
000025A0:  19 5D 54 B5 F1 4B E5 2B 23 22 19 3E 59 E1 B4 A0  .]T..K.+#".>Y...
000025B0:  E0 2C C4 75 5B F7 FE 2A E0 AE 56 7D A4 7A B3 2F  .,.u[..*..V}.z./
000025C0:  FC 4F EE 48 42 41 B6 84 D3 36 D0 74 88 78 0B FE  .O.HBA...6.t.x..
000025D0:  B4 1B 63 0A BA 55 1D 8F 22 1E 8C F2 48 A8 15 33  ..c..U.."...H..3
000025E0:  5F 30 F4 57 B6 00 29 87 45 BF 1B F6 4B BC 9B 61  _0.W..).E...K..a
000025F0:  92 91 71 E1 B1 E1 68 96 89 F4 CE 8A 26 AD 57 07  ..q...h.....&.W.
00002600:  67 59 D6 EF 96 16 66 EA E3 FC B8 12 9B E3 25 9D  gY....f.......%.
00002610:  F6 B8 F5 70 07 07 F3 62 D1 27 C7 3E 01 33 42 C2  ...p...b.'.>.3B.
00002620:  E2 14 CF 82 6C CD 7F 29 A1 28 B5 3B 6E 36 38 0D  ....l..).(.;n68.
00002630:  6A 30 14 CF 04 5F 50 6F C2 9E 79 97 47 C1 62 4F  j0..._Po..y.G.bO
00002640:  78 A9 CF 02 D4 03 C7 3F 58 21 08 BD 9D 1E D1 4B  x......?X!.....K
00002650:  47 5F 62 C0 B4 21 ED 50 18 3C B7 16 D9 30 62 A1  G_b..!.P.<...0b.
00002660:  94 42 93 C3 3F EB 83 B0 D9 AD B6 D7 D8 DD 05 DD  .B..?...........
00002670:  DC BD 30 95 C3 47 0A B1 94 EF 9F FB A5 2A 85 63  ..0..G.......*.c
00002680:  4B 8A E0 93 CF CA F6 69 06 EE 13 CE B2 18 9B 6B  K......i.......k
00002690:  0C 36 86 A6 56 5F 27 EA F5 59 8F 70 DC 79 3C C1  .6..V_'..Y.p.y<.
000026A0:  DF 09 E5 72 0D 5E 27 2E 91 AA C7 44 45 4F 02 17  ...r.^'....DEO..
000026B0:  F6 C8 64 1D 8C 82 85 C3 25 87 0C 65 97 75 D7 8A  ..d.....%..e.u..
000026C0:  0E AE A4 22 93 82 C8 DB 8F 38 FD 28 79 53 8A 9F  ...".....8.(yS..
000026D0:  E7 9D 5A 3C 49 82 CA C9 D4 B6 1A A1 5C 47 89 CF  ..Z<I.......\G..
000026E0:  DC 71 5D 23 C9 2E B5 90 77 03 74 E9 47 2E E3 DE  .q]#....w.t.G...
000026F0:  50 CC 05 37 3D C2 A6 86 4E 83 5F AD B9 43 5E 3D  P..7=...N._..C^=
00002700:  6B 0A 99 B2 76 6B 87 12 4C D0 98 12 BB 5A 6D 48  k...vk..L....ZmH
00002710:  59 CD D0 56 36 FB E5 1D 10 D1 AC 75 FD 13 B9 9B  Y..V6......u....
00002720:  6C B5 F4 91 32 94 92 D3 F2 AB AD 20 9F BB FD 9D  l...2...... ....
00002730:  00 84 2B 40 50 98 BF 0F 39 37 65 83 D2 AE 8A CC  ..+@P...97e.....
00002740:  24 6A 03 A2 05 3C 3D AA 78 CB F7 4C B5 61 7E F0  $j...<=.x..L.a~.
00002750:  D6 80 67 E7 06 13 FA 37 CE D0 4D BB 9E 0F 9C 13  ..g....7..M.....
00002760:  4D A7 E4 24 3C F3 B2 1A 0D F3 03 64 09 64 28 D4  M..$<......d.d(.
00002770:  C2 B7 49 CC B5 E0 9C 0E B6 F3 6E F5 00 5D 1E 80  ..I.......n..]..
00002780:  C3 F2 32 04 01 2F 2B B9 EA 00 00 EE D2 39 99 A8  ..2../+......9..
00002790:  A0 C0 D9 33 73 29 BB A5 6A DE A8 DD E5 68 EF 28  ...3s)..j....h.(
000027A0:  57 A3 AB FD 3D A9 89 DA 8B 61 E9 B1 6B 67 33 DB  W...=....a..kg3.
000027B0:  E1 85 65 A5 0F A1 7F CA A0 DA F1 6E E5 29 10 6E  ..e........n.).n
000027C0:  C8 3C D1 FB 00 11 82 C1 A3 8B 22 EB AE 6B E4 24  .<........"..k.$
000027D0:  3A 43 B3 69 B1 F4 EF F4 C6 F7 17 9D 5D 10 15 C5  :C.i........]...
000027E0:  D6 4E FB 00 42 F4 E0 82 EA F1 87 69 ED 63 DD B7  .N..B......i.c..
000027F0:  98 48 6F 43 F1 28 3A 77 AA BD C6 D3 09 C3 27 23  .HoC.(:w......'#
00002800:  3C DB 48 8D B4 26 76 7E 7A F3 B2 91 2A 28 AD 4B  <.H..&v~z...*(.K
00002810:  C6 2D C3 A4 D6 DE 4D 45 22 9B CC 4C B3 58 2E AA  .-....ME"..L.X..
00002820:  10 FA B2 D9 28 63 07 89 E2 AA 5F 24 F3 CC 70 18  ....(c...._$..p.
00002830:  95 83 66 09 CB 03 93 E5 E9 76 03 AC C4 46 21 E7  ..f......v...F!.
00002840:  00 E4 F7 C2 E7 69 0A D6 B4 78 04 A9 68 81 4C 49  .....i...x..h.LI
00002850:  31 5A 53 6B 88 6B 58 37 97 CF 5A 2C 54 EA 45 C0  1ZSk.kX7..Z,T.E.
00002860:  8E 7B FA CA AE C7 AB 1F CC 07 64 3B 3F 84 D9 1F  .{........d;?...
00002870:  77 2C FC 19 6B 06 52 A0 F0 3D C5 B7 7D A8 C9 22  w,..k.R..=..}.."
00002880:  01 FC B6 88 94 42 78 53 55 7B 64 A8 70 49 04 F3  .....BxSU{d.pI..
00002890:  EE D8 96 6E 25 E3 3E 13 8D 9A C4 FC 19 02 16 58  ...n%.>........X
000028A0:  5D CD 05 AF 2D FF 20 06 FB 0A E6 0D AB A9 79 AE  ]...-. .......y.
000028B0:  C4 A8 0D 67 8F 28 DD 78 9D 55 95 F1 14 1E 3F 5B  ...g.(.x.U....?[
000028C0:  9B 30 DE 18 DB B7 74 23 33 1B 57 AD 79 27 6E D8  .0....t#3.W.y'n.
000028D0:  91 C6 DA 10 C6 AC 8C 4E 89 7D 4F C4 AD E0 C1 C8  .......N.}O.....
000028E0:  F3 80 DF 55 AD F5 6E A8 F4 6F 26 37 90 EE CC A3  ...U..n..o&7....
000028F0:  FB 9F 16 B4 88 F7 4A F9 8A 5A B1 39 F3 CD EA FF  ......J..Z.9....
00002900:  D2 AA 31 0C 5F 81 9B 65 56 8C 90 98 6E EE 7B 2C  ..1._..eV...n.{,
00002910:  92 37 BA 45 22 54 1F CA 9F DB 6D 78 48 F2 ED 52  .7.E"T....mxH..R
00002920:  0F D1 62 AC FF FE 6F B0 C6 7E D0 B9 8C 1B 5A D8  ..b...o..~....Z.
00002930:  EA 61 6E DE 2E 56 FF CD 16 E9 01 68 0C 90 35 F2  .an..V.....h..5.
00002940:  C5 8E F6 E2 57 8B 7E 63 E7 A7 83 5C 8B 0E 3C 0E  ....W.~c...\..<.
00002950:  DA BF DB F6 87 CD 21 D5 A3 58 28 65 23 52 1B 7B  ......!..X(e#R.{
00002960:  4C A1 BF 4B E4 28 C8 69 10 93 DF 4B DC CD 8B 9D  L..K.(.i...K....
00002970:  E4 33 62 FA 53 F8 30 B9 89 E6 DE 60 63 9A 2C 56  .3b.S.0....`c.,V
00002980:  3C B4 DA C4 3D B9 3A 35 B9 66 C9 90 72 47 73 E8  <...=.:5.f..rGs.
00002990:  74 C1 0E 9B 96 61 20 0E 75 6B 98 E8 8E 7D 38 09  t....a .uk...}8.
000029A0:  33 DB BB 9D 17 7B 65 06 68 0E 8E B1 3A 46 87 A5  3....{e.h...:F..
000029B0:  31 21 0D 91 52 3C 9B 38 67 10 5C F0 24 66 1E 50  1!..R<.8g.\.$f.P
000029C0:  8F DE 39 23 30 FB 01 83 6E 45 CB 6C 58 3D A7 08  ..9#0...nE.lX=..
000029D0:  B2 F0 87 3D 0D B9 03 7A CC 25 58 1D DB 33 69 88  ...=...z.%X..3i.
000029E0:  86 51 95 0B D3 9F F5 31 CD ED 71 A8 3B 86 F2 4C  .Q.....1..q.;..L
000029F0:  79 62 4F 23 6A 5C 3D A3 48 2B FA 52 09 C7 9B 2A  ybO#j\=.H+.R...*
00002A00:  D7 7B 4A CC 2F B6 02 0D 60 E3 43 8E 90 13 08 62  .{J./...`.C....b
00002A10:  6D C3 E7 B7 65 B6 B9 33 58 44 02 3D D6 56 3E 1D  m...e..3XD.=.V>.
00002A20:  BF FC 49 C0 B9 3C D5 87 56 E7 3B 85 4E BE BA 1C  ..I..<..V.;.N...
00002A30:  BD 84 A5 61 6F 79 37 FC C6 05 E9 59 7C A8 0D B5  ...aoy7....Y|...
00002A40:  4B 35 DB C1 49 77 D4 E7 E9 CC DE 93 CC F2 E5 5E  K5..Iw.........^
00002A50:  9B C3 C1 6D 1F 74 02 FB 4A D1 EA 92 20 BC 12 DF  ...m.t..J... ...
00002A60:  2C 97 0A AB 51 4B 39 98 25 B7 75 11 73 D8 8D 83  ,...QK9.%.u.s...
00002A70:  D2 D8 4E AA A0 B2 3A E2 C7 07 63 46 90 A2 06 FC  ..N...:...cF....
00002A80:  B9 41 51 ED 3E FA 44 7D 48 39 58 F7 E6 F0 11 3F  .AQ.>.D}H9X....?
00002A90:  5E EB 91 A2 F3 07 1D 46 50 D1 25 D7 0C AE C6 05  ^......FP.%.....
00002AA0:  F1 D9 27 63 E1 09 B8 BA AC 3B D0 BE BE 5F 2C 40  ..'c.....;..._,@
00002AB0:  14 4F 70 9E 36 C1 74 23 33 1B 57 AD 79 27 6E D8  .Op.6.t#3.W.y'n.
00002AC0:  91 C6 DA 10 C6 AC 8C 4E 89 7D 4F C4 AD E0 C1 C8  .......N.}O.....
00002AD0:  F3 80 DF 55 AD F5 AC 2C 1A 95 24 5B 31 F7 DC 6E  ...U...,..$[1..n
00002AE0:  28 9E 24 20 5B 98 22 58 D1 6D EA 2B C4 91 4C 24  (.$ [."X.m.+..L$
00002AF0:  91 46 83 4D DE BC 9B 65 56 8C 90 98 6E EE 7B 2C  .F.M...eV...n.{,
00002B00:  92 37 BA 45 22 54 1F CA 9F DB 6D 78 48 F2 ED 52  .7.E"T....mxH..R
00002B10:  0F D1 62 AC FF FE 6F B0 C6 7E D0 B9 8C 1B 5A D8  ..b...o..~....Z.
00002B20:  EA 61 6E DE 2E 56 91 37 CF C6 79 69 F5 F9 D5 E3  .an..V.7..yi....
00002B30:  DA 01 50 82 3A F2 B4 28 7F 6E 9E EC E2 E1 FF B8  ..P.:..(.n......
00002B40:  B0 A9 C7 D3 44 82 50 D9 38 6D BA 3A 84 F1 F1 32  ....D.P.8m.:...2
00002B50:  4D F9 AF BD ED E9 D8 79 90 56 55 EA F8 08 52 8B  M......y.VU...R.
00002B60:  D5 01 6B A0 48 A9 1B 23 29 E5 99 DF 8D C4 0C 4B  ..k.H..#)......K
00002B70:  E6 FA 52 E9 79 2C 7C 5E C6 CE 92 DF 63 5C C5 EC  ..R.y,|^....c\..
00002B80:  38 62 7D 40 52 83 65 B5 50 01 34 20 E3 9B DD 2A  8b}@R.e.P.4 ...*
00002B90:  4E AB 72 AD 49 11 5A 55 E4 54 37 1A FE E8 30 31  N.r.I.ZU.T7...01
00002BA0:  52 EB 70 33 D3 FF 9B 38 67 10 5C F0 24 66 1E 50  R.p3...8g.\.$f.P
00002BB0:  8F DE 39 23 30 FB 01 83 6E 45 CB 6C 58 3D A7 08  ..9#0...nE.lX=..
00002BC0:  B2 F0 87 3D 0D B9 52 B3 FF 30 A0 B0 95 47 A7 D4  ...=..R..0...G..
00002BD0:  14 2C 60 37 52 50 AA 87 B5 45 B8 F2 FE 7E 4B 8E  .,`7RP...E...~K.
00002BE0:  B6 17 F8 FB C6 55 3D A3 48 2B FA 52 09 C7 9B 2A  .....U=.H+.R...*
00002BF0:  D7 7B 4A CC 2F B6 25 02 24 CC 50 BA 9D 72 72 B3  .{J./.%.$.P..rr.
00002C00:  DE 04 57 00 D7 3B C1 5D 4C CF D9 95 4E 64 39 2A  ..W..;.]L...Nd9*
00002C10:  E8 14 EF 56 E1 AC D5 87 56 E7 3B 85 4E BE BA 1C  ...V....V.;.N...
00002C20:  BD 84 A5 61 6F 79 AE D2 6D FA 60 56 E9 B3 79 1B  ...aoy..m.`V..y.
00002C30:  67 1C E5 64 0B A8 EC 66 E5 A9 CA F1 C8 A7 22 07  g..d...f......".
00002C40:  1A 51 E2 0F FF 52 02 FB 4A D1 EA 92 20 BC 12 DF  .Q...R..J... ...
00002C50:  2C 97 0A AB 51 4B 39 98 25 B7 75 11 73 D8 8D 83  ,...QK9.%.u.s...
00002C60:  D2 D8 4E AA A0 B2 3A E2 C7 07 63 46 90 A2 06 FC  ..N...:...cF....
00002C70:  B9 41 51 ED 3E FA 59 41 C5 14 CF 5C 22 A7 FB 73  .AQ.>.YA...\"..s
00002C80:  DB 55 29 41 BE 6A 7D A0 6E DB D3 6C 9F C1 8A FE  .U)A.j}.n..l....
00002C90:  CC 74 F1 D6 91 E8 B5 6E 23 61 34 6B 0F 8A 80 91  .t.....n#a4k....
00002CA0:  E8 3F 71 09 C7 D3 8B 46 44 DB 6C 7C 08 94 83 28  .?q....FD.l|...(
00002CB0:  53 05 CF BF FE 35 86 A0 41 F8 37 27 56 20 B3 AE  S....5..A.7'V ..
00002CC0:  36 4D 9B 13 A3 3F 49 34 53 57 3B 1F C3 06 B5 A6  6M...?I4SW;.....
00002CD0:  1A 3A BD C9 BC E7 D4 F0 96 07 25 7F BF 2A 7A CA  .:........%..*z.
00002CE0:  93 C1 25 F2 C5 7D 7C 41 C2 20 D3 8E B0 AE 66 CB  ..%..}|A. ....f.
00002CF0:  4B A8 46 CA 21 42 2A E9 72 71 56 24 D8 B0 CA C5  K.F.!B*.rqV$....
00002D00:  3C F2 3D BE CB 18 1A B1 FB F2 FB 57 66 F2 FA 13  <.=........Wf...
00002D10:  2B 7C 3C 2E 09 6D 80 C5 6D 7E 34 34 26 6E 1D 4A  +|<..m..m~44&n.J
00002D20:  8B C3 95 55 9E 9F 44 9A 03 28 E4 5A E9 A0 1F FF  ...U..D..(.Z....
00002D30:  60 03 DC CE 43 5C 99 0C 05 AC C1 B7 79 25 7A 6C  `...C\......y%zl
00002D40:  FD 85 03 66 FE 6F B7 E9 80 43 7C E3 77 65 D7 4D  ...f.o...C|.we.M
00002D50:  C6 E0 28 04 4C 6D 0C 98 73 95 38 DB EC FA 18 D6  ..(.Lm..s.8.....
00002D60:  BC B1 6B 3A 33 7E 0E 3D 7E 53 5C CA 40 C8 28 85  ..k:3~.=~S\.@.(.
00002D70:  1E EC 89 37 01 73 DD F4 6E 85 E9 1C 1E 44 C1 AE  ...7.s..n....D..
00002D80:  C2 90 05 15 01 6F 79 79 E2 51 5A AC FA 86 41 D2  .....oyy.QZ...A.
00002D90:  2E F3 5C 05 FF 3D 78 78 1B 26 1B 6D B0 A5 AA 41  ..\..=xx.&.m...A
00002DA0:  9C 31 72 A5 1A 12 A2 08 11 9B F2 37 E6 58 BD 3C  .1r........7.X.<
00002DB0:  12 77 85 44 CC FD 3E 99 75 AF 67 56 EE DA 0B D5  .w.D..>.u.gV....
00002DC0:  28 23 6C FF AC AA D8 65 DA CB 71 E3 C8 58 6B C4  (#l....e..q..Xk.
00002DD0:  A9 C0 92 2A B6 33 CA 9E EB 5E 5C 8C E8 00 42 C5  ...*.3...^\...B.
00002DE0:  BB 49 AC 56 A4 BF CE A6 D7 F5 26 0B 85 F4 2D A9  .I.V......&...-.
00002DF0:  C7 2D 7C 7E 37 17 25 D1 11 44 A0 24 9E 36 12 62  .-|~7.%..D.$.6.b
00002E00:  74 D9 B4 3A A3 56 7D B7 7B 4A F2 A0 9C 6A EB 0A  t..:.V}.{J...j..
00002E10:  84 0C BC B2 8D AB 82 DA CA 58 97 0F D3 80 63 AE  .........X....c.
00002E20:  ED 43 A0 A0 80 DA C7 40 5B 37 EB 0C DF 23 24 99  .C.....@[7...#$.
00002E30:  07 92 52 94 77 2D 9C 34 5F 6B 24 CB 77 78 80 A9  ..R.w-.4_k$.wx..
00002E40:  9D 19 7F 8B 44 5B 78 78 1B 26 1B 6D B0 A5 AA 41  ....D[xx.&.m...A
00002E50:  9C 31 72 A5 1A 12 A2 08 11 9B F2 37 E6 58 BD 3C  .1r........7.X.<
00002E60:  12 77 85 44 CC FD D7 C7 89 11 C3 98 ED 84 0B 9F  .w.D............
00002E70:  8E 53 38 4C 9A 00 AF 36 83 E0 A5 42 DF 94 19 E3  .S8L...6...B....
00002E80:  5A 6A 3A 70 34 82 73 6B BF 65 C9 5A FF 35 D3 C4  Zj:p4.sk.e.Z.5..
00002E90:  F3 92 7C F2 BC B6 47 25 3B 35 1A E5 56 92 B1 E2  ..|...G%;5..V...
00002EA0:  CA 47 19 BE 5B 7D 37 5C 57 6E 8A 14 89 09 CD 7F  .G..[}7\Wn......
00002EB0:  98 4D 58 14 BA B5 7D B7 7B 4A F2 A0 9C 6A EB 0A  .MX...}.{J...j..
00002EC0:  84 0C BC B2 8D AB 82 DA CA 58 97 0F D3 80 63 AE  .........X....c.
00002ED0:  ED 43 A0 A0 80 DA C7 40 5B 37 EB 0C DF 23 24 99  .C.....@[7...#$.
00002EE0:  07 92 52 94 77 2D D0 83 54 B5 EE 7E F6 D1 FA B7  ..R.w-..T..~....
00002EF0:  38 8D 82 52 78 06 DE 72 78 8C 39 01 CC 8F 91 86  8..Rx..rx.9.....
00002F00:  FE B0 C5 11 4C AD D1 94 E9 A0 CF 85 C2 CF 2A CB  ....L.........*.
00002F10:  13 9C 08 45 FE A4 E1 D3 EF 25 14 C5 75 4B C4 9E  ...E.....%..uK..
00002F20:  6D E8 C8 A7 E3 A4 D6 B2 35 8A BB 75 E9 68 03 93  m.......5..u.h..
00002F30:  B3 D8 C7 49 FE 60 C3 EF 1C 81 7C 9A 2A FC F8 18  ...I.`....|.*...
00002F40:  24 F3 08 DA 40 63 6F 55 93 17 56 4C 7A 30 ED BE  $...@coU..VLz0..
00002F50:  12 C9 F9 BF 06 26 4D 56 A5 78 D4 A2 96 02 99 38  .....&MV.x.....8
00002F60:  0B 5E 9E EA E3 26 E5 47 AD B4 47 20 75 95 06 8E  .^...&.G..G u...
00002F70:  05 BA 48 00 F9 F8 39 86 FB 6D 8A 11 B0 93 E0 3D  ..H...9..m.....=
00002F80:  11 F0 B7 7A 75 89 BF 3F 21 C7 D1 D5 BA 52 A2 40  ...zu..?!....R.@
00002F90:  9F A5 D6 AE 69 16 D4 7E 96 78 23 49 5F EA 6A 3B  ....i..~.x#I_.j;
00002FA0:  9B 1B 00 15 BC 56 A9 FA D3 34 B4 45 68 EF 1D 00  .....V...4.Eh...
00002FB0:  FE 4F 3E 7A C6 D9 00 32 F1 A6 6D D6 39 88 34 1D  .O>z...2..m.9.4.
00002FC0:  F2 21 3E 28 CF D8 C5 7E 07 43 23 9D EC E1 9F C2  .!>(...~.C#.....
00002FD0:  86 9D AE 15 25 3B D8 F3 3E 8D 86 CD 57 56 51 C1  ....%;..>...WVQ.
00002FE0:  81 27 31 EB 70 D1 B5 56 94 83 8D 65 5E F2 0D E7  .'1.p..V...e^...
00002FF0:  43 B8 B1 DF 7F 75 18 ED EF 90 B0 DC 02 A1 7C 39  C....u........|9
00003000:  FA AE 73 F7 32 B7 27 52 AF E9 CB 75 9C 84 58 7B  ..s.2.'R...u..X{
00003010:  CC 66 18 54 8A C6 72 FB 92 65 56 3D BF 19 A5 9A  .f.T..r..eV=....
00003020:  6D 24 5C 38 1D A6 0F AF 14 00 F1 5F EB CA 9B EC  m$\8......._....
00003030:  1D 69 64 21 BE E1 70 C2 C2 C6 63 C8 7B E7 42 C9  .id!..p...c.{.B.
00003040:  AC 4D 6B 03 EB 77 2F 9F 26 ED E4 29 27 A3 1C AA  .Mk..w/.&..)'...
00003050:  BC FB E5 DB AD B4 85 1A CF D3 95 59 69 4E 81 87  ...........YiN..
00003060:  4D 6E 02 CC 48 C0 31 F5 82 19 63 28 FD 0C 61 A8  Mn..H.1...c(..a.
00003070:  0A 88 B7 D9 B0 E1 68 4D 79 28 B4 18 A6 24 77 5D  ......hMy(...$w]
00003080:  8D 60 EF F1 40 44 67 5B 0A A8 3B 31 20 E9 A9 35  .`..@Dg[..;1 ..5
00003090:  C4 C7 07 F6 7E 5E A6 BC 51 FD 26 04 69 83 F4 84  ....~^..Q.&.i...
000030A0:  F9 07 44 7A E1 CB 8A 34 2C 09 13 C7 75 E0 CB 16  ..Dz...4,...u...
000030B0:  52 CA 7F 0B 15 E5 27 9E 30 91 83 6B 03 B0 31 35  R.....'.0..k..15
000030C0:  B3 04 22 F9 63 4F 25 58 BF 83 BA 55 26 90 F5 54  ..".cO%X...U&..T
000030D0:  F8 12 2D 0C 01 19 F3 05 74 F3 CC 5E 41 3A 2D 9D  ..-.....t..^A:-.
000030E0:  39 E2 BD CE E8 9D 88 82 30 94 D2 2E 12 42 11 B6  9.......0....B..
000030F0:  9F 02 A3 DF C4 40 8F D6 CF BE C8 C4 ED 2E CB 91  .....@..........
00003100:  28 A5 8D 29 D2 9A 82 79 0A 71 8B 08 97 CC 3E 75  (..)...y.q....>u
00003110:  2E 37 61 29 A8 75 F7 32 D5 3A 95 E3 89 12 14 AD  .7a).u.2.:......
00003120:  FA 71 73 D3 6F 52 7D 7F C1 72 4A 47 FD F4 CB 01  .qs.oR}..rJG....
00003130:  89 B9 C1 B2 E5 91 77 0D 50 50 B5 88 71 41 1D 2E  ......w.PP..qA..
00003140:  56 C1 46 7D 67 33 3A 56 47 A0 F6 F0 CC 16 C4 26  V.F}g3:VG......&
00003150:  9F 46 3D A1 23 F4 8A 5A 7A 24 66 8B E3 1F AD 19  .F=.#..Zz$f.....
00003160:  5F B0 A3 26 5D DE 8E AF 06 58 0E 64 04 83 DF 6A  _..&]....X.d...j
00003170:  63 AB 3D 9F 9E A6 51 32 68 AF 4A 6A 7B 7F 3E D7  c.=...Q2h.Jj{.>.
00003180:  30 37 69 10 E1 E0 76 D2 80 6C 61 65 3A CD 7E 18  07i...v..lae:.~.
00003190:  7A AF 73 DA E2 4C BF 17 7C DC 64 ED 89 8F 35 64  z.s..L..|.d...5d
000031A0:  86 3D 6C 0F 77 49 33 C9 9D BB 6B 28 D0 71 60 FD  .=l.wI3...k(.q`.
000031B0:  92 80 E7 A0 A9 66 F3 2F AC 83 1D B2 BA 6E 94 81  .....f./.....n..
000031C0:  CA 1E 5A 27 B6 AA CE B1 4E B4 E2 EC D1 F6 88 A3  ..Z'....N.......
000031D0:  5E 7A 5C 65 F0 A8 3C 2F D6 38 70 AB 5D A5 76 8A  ^z\e..</.8p.].v.
000031E0:  66 52 81 4F B0 73 A5 31 5E B5 04 75 64 6E DC 73  fR.O.s.1^..udn.s
000031F0:  EC 68 BF 47 77 2C 45 2A 41 51 7C 59 DC FC 68 08  .h.Gw,E*AQ|Y..h.
00003200:  70 2B A0 0E DF 2F F9 32 C1 59 70 08 7B 7F 71 F7  p+.../.2.Yp.{.q.
00003210:  B3 F3 45 31 00 D9 97 3E EB 81 8A 67 6B 3E C0 AF  ..E1...>...gk>..
00003220:  00 89 D8 5A 71 68 F4 D8 5A 80 F7 2D 43 1F 3D 4F  ...Zqh..Z..-C.=O
00003230:  55 FA 9D 7C 1D BF B2 5E 77 11 C3 FE CB 58 23 2D  U..|...^w....X#-
00003240:  64 98 3C 30 71 AA 26 6E E7 21 D4 BA 2A F3 05 E5  d.<0q.&n.!..*...
00003250:  D7 3C 3F 01 60 3B 40 63 18 B3 4E 3E 20 13 95 83  .<?.`;@c..N> ...
00003260:  6F 0A 3A B2 44 A6 60 7E 0A 7D A5 67 88 8D 29 46  o.:.D.`~.}.g..)F
00003270:  83 C1 77 8C A1 ED 21 AA A7 ED BC 7D 85 F3 6B 3D  ..w...!....}..k=
00003280:  65 2D 7C 44 C3 21 03 86 F7 AD 9E 41 13 BE 70 50  e-|D.!.....A..pP
00003290:  8A 30 84 F4 05 0B 49 0C 99 D6 FD E7 90 B2 35 D3  .0....I.......5.
000032A0:  67 37 27 AD 25 A0 D2 47 58 DC D9 A9 84 A7 13 D4  g7'.%..GX.......
000032B0:  32 6D C4 1A E4 E4 DC 02 1C E1 D9 4D 92 B8 F1 92  2m.........M....
000032C0:  CC 76 4A 24 DE B0 09 9E 28 EA EC 4B 8A AE A2 76  .vJ$....(..K...v
000032D0:  4C 79 9D CA 38 98 C3 13 CE 6E C6 96 7C 61 AC 4C  Ly..8....n..|a.L
000032E0:  31 19 9B F8 15 0F 35 30 97 7E D0 39 71 ED BF 5D  1.....50.~.9q..]
000032F0:  69 51 47 F4 4C C9 C0 62 F6 CA C4 C7 A1 0A C9 46  iQG.L..b.......F
00003300:  94 5C 05 31 51 D7 39 86 FB 6D 8A 11 B0 93 E0 3D  .\.1Q.9..m.....=
00003310:  11 F0 B7 7A 75 89 F8 5D 7A 30 98 9D D8 5F D2 28  ...zu..]z0..._.(
00003320:  98 D7 AB 0C 1D 2A D9 41 2F 45 C7 EF DE F4 39 1B  .....*.A/E....9.
00003330:  39 FF 1A 13 32 84 DA 42 CB D5 78 86 4A 4B 00 D5  9...2..B..x.JK..
00003340:  C2 74 21 73 87 50 A8 CE 41 66 81 D4 5B D8 3C 8F  .t!s.P..Af..[.<.
00003350:  39 F8 50 C0 41 17 00 32 F1 A6 6D D6 39 88 34 1D  9.P.A..2..m.9.4.
00003360:  F2 21 3E 28 CF D8 A9 97 21 D6 F0 E6 AE 6F 97 06  .!>(....!....o..
00003370:  03 38 91 FC A3 A0 9D 47 BB AF 37 CE CD 1B 7E F2  .8.....G..7...~.
00003380:  38 B0 B2 85 CB AF 69 C8 48 85 8F 12 7D 8C C6 B0  8.....i.H...}...
00003390:  33 5A 29 0C 30 81 7C 27 C7 26 A1 CC 3D F5 76 CE  3Z).0.|'.&..=.v.
000033A0:  70 00 E4 7A 1A 5B D6 2E 62 F2 F6 31 70 09 FA 9E  p..z.[..b..1p...
000033B0:  8C 95 FF 47 8E 0A 88 82 30 94 D2 2E 12 42 11 B6  ...G....0....B..
000033C0:  9F 02 A3 DF C4 40 94 A5 72 A3 66 E5 E3 38 0A 22  .....@..r.f..8."
000033D0:  3B 53 E8 94 9B 16 60 C1 B7 AD EA D8 6D C2 0D 6E  ;S....`.....m..n
000033E0:  EA CA A7 8F FB 5D 33 3A 25 50 34 AC 79 92 A7 CF  .....]3:%P4.y...
000033F0:  41 F8 95 3D 27 CA AE B4 CF 3A 1B 9C 54 B1 13 55  A..='....:..T..U
00003400:  DF 6D D9 25 24 2E 0F F7 14 DE 88 C4 A1 59 98 45  .m.%$........Y.E
00003410:  50 E5 86 2F E5 FC E8 64 60 71 78 F7 27 08 14 E4  P../...d`qx.'...
00003420:  B9 9E CA 5A 9E DD C9 2B 68 1D C8 F8 88 F2 4F AC  ...Z...+h.....O.
00003430:  A5 C8 79 2C 58 C5 75 82 E9 02 AC A0 35 5E F2 EB  ..y,X.u.....5^..
00003440:  F0 77 06 69 6F 7C 8E AF 06 58 0E 64 04 83 DF 6A  .w.io|...X.d...j
00003450:  63 AB 3D 9F 9E A6 23 8E 53 10 27 66 E2 FB A6 F6  c.=...#.S.'f....
00003460:  EE BB D2 73 5D 90 2C 2E FF CB 7D F9 04 5A 34 09  ...s].,...}..Z4.
00003470:  7D 5F 24 56 FF BA DE B7 81 58 EA 15 BF 10 05 3E  }_$V.....X.....>
00003480:  82 3C 2C 93 F0 2E B5 B9 8B C2 9C 2B FC 4A 3C 04  .<,........+.J<.
00003490:  C2 D1 A8 B7 AE A7 F4 3B EB 3C 56 FB B3 B6 57 97  .......;.<V...W.
000034A0:  C2 6F ED DF AE CC 82 79 0A 71 8B 08 97 CC 3E 75  .o.....y.q....>u
000034B0:  2E 37 61 29 A8 75 30 FC E6 2B 95 82 5A E4 F3 24  .7a).u0..+..Z..$
000034C0:  9A EF D3 63 85 0F 2D 83 E6 F5 B9 A6 CF 26 C8 00  ...c..-......&..
000034D0:  07 B9 F5 DD A1 5F F7 26 97 86 B6 60 20 6D BC CE  ....._.&...` m..
000034E0:  F9 C3 52 A2 E0 C0 7E 1C D0 4E 31 4F 7A 6D EF A6  ..R...~..N1Ozm..
000034F0:  08 98 67 A5 DA C3 3A 56 47 A0 F6 F0 CC 16 C4 26  ..g...:VG......&
00003500:  9F 46 3D A1 23 F4 30 A2 96 E9 C6 19 B1 AE B6 99  .F=.#.0.........
00003510:  B1 AC 5C 21 D1 45 B2 5E 77 11 C3 FE CB 58 23 2D  ..\!.E.^w....X#-
00003520:  64 98 3C 30 71 AA 13 E6 4A 4E E2 55 2E 76 76 9C  d.<0q...JN.U.vv.
00003530:  D9 69 12 87 CE D7 D5 44 6A 4B 1F AA 15 F0 97 29  .i.....DjK.....)
00003540:  EB 55 BF 5B EA F8 9C 71 EA B2 A7 82 07 3E 0E 38  .U.[...q.....>.8
00003550:  D7 BB 0C 3F 45 82 25 B0 2A BF 33 48 E6 15 48 0E  ...?E.%.*.3H..H.
00003560:  7B 1B F1 97 7B 5E 94 62 20 70 79 E5 67 FA 1E 8B  {...{^.b py.g...
00003570:  EF 30 41 17 96 55 B2 AD 7A D1 20 60 ED 2E 2A 3B  .0A..U..z. `..*;
00003580:  10 9C CE E6 96 DD 38 55 25 6E 14 FA A1 29 13 D7  ......8U%n...)..
00003590:  E8 DC 22 80 7C E2 8E 02 99 76 16 99 AD 62 3A 20  ..".|....v...b: 
000035A0:  01 F0 6C 5E 72 35 A9 0B 67 1A F9 BD FA 64 18 7A  ..l^r5..g....d.z
000035B0:  B2 0E F5 99 B7 D9 34 0E 5D 3B 38 06 71 88 C2 F3  ......4.];8.q...
000035C0:  44 54 18 7D 83 ED 97 3E EB 81 8A 67 6B 3E C0 AF  DT.}...>...gk>..
000035D0:  00 89 D8 5A 71 68 93 30 E0 11 1A 2E 6F 02 CE 7A  ...Zqh.0....o..z
000035E0:  61 A4 8C 4B F0 F5 39 86 FB 6D 8A 11 B0 93 E0 3D  a..K..9..m.....=
000035F0:  11 F0 B7 7A 75 89 DC 2F BE 8B 75 AC A3 9A 33 D5  ...zu../..u...3.
00003600:  42 8B BE 61 54 3E 5F 09 BF 50 DA 83 76 2A A1 A2  B..aT>_..P..v*..
00003610:  76 A3 AF A8 10 26 D5 C9 1E F8 2F 21 4B CC F0 3C  v....&..../!K..<
00003620:  EA 56 3C 64 62 9C 17 43 32 D8 75 F4 AC CB E6 58  .V<db..C2.u....X
00003630:  02 53 23 4C 2B E1 9E 27 31 E8 C8 23 03 DB E4 24  .S#L+..'1..#...$
00003640:  24 37 96 F9 F0 FA 2B 63 2D 91 A2 82 BB C4 1E 61  $7....+c-......a
00003650:  F5 51 50 D1 18 95 F3 91 5B FA D4 69 E4 04 11 73  .QP.....[..i...s
00003660:  E7 AA 30 10 4D 2A A4 7F 8F A3 BF E3 3D 3E 04 90  ..0.M*......=>..
00003670:  36 95 D4 58 8C FB 9B 25 70 2E 97 E8 09 5C 0B 7D  6..X...%p....\.}
00003680:  4F 11 5D 72 34 CB 09 3F 87 DD B1 8B AE 56 AB D9  O.]r4..?.....V..
00003690:  83 D9 E7 E8 86 F0 35 30 97 7E D0 39 71 ED BF 5D  ......50.~.9q..]
000036A0:  69 51 47 F4 4C C9 C5 F4 DF A4 C1 A8 F8 96 ED C7  iQG.L...........
000036B0:  50 50 BE 1C 9C 14 60 C1 B7 AD EA D8 6D C2 0D 6E  PP....`.....m..n
000036C0:  EA CA A7 8F FB 5D 03 D1 E6 3D 74 E1 EF 00 07 F1  .....]...=t.....
000036D0:  BA 8D 26 FD F8 21 00 1A A0 26 9D 06 3F D4 86 18  ..&..!...&..?...
000036E0:  7B C9 01 FC ED 40 FE 1C 2E 15 39 CF CD F3 55 7A  {....@....9...Uz
000036F0:  0A CC 65 4F 07 BD CF BA 71 D6 8F 1C CC 78 DF BE  ..eO....q....x..
00003700:  3D 6B E5 D6 8A C9 67 5B 0A A8 3B 31 20 E9 A9 35  =k....g[..;1 ..5
00003710:  C4 C7 07 F6 7E 5E A6 BC 51 FD 26 04 69 83 F4 84  ....~^..Q.&.i...
00003720:  F9 07 44 7A E1 CB 8A 34 2C 09 13 C7 75 E0 CB 16  ..Dz...4,...u...
00003730:  52 CA 7F 0B 15 E5 27 9E 30 91 83 6B 03 B0 31 35  R.....'.0..k..15
00003740:  B3 04 22 F9 63 4F 25 58 BF 83 BA 55 26 90 F5 54  ..".cO%X...U&..T
00003750:  F8 12 2D 0C 01 19 CF 7D B1 A1 93 85 0E A2 F9 3B  ..-....}.......;
00003760:  1D 78 BF 73 1F 6A 88 82 30 94 D2 2E 12 42 11 B6  .x.s.j..0....B..
00003770:  9F 02 A3 DF C4 40 8F D6 CF BE C8 C4 ED 2E CB 91  .....@..........
00003780:  28 A5 8D 29 D2 9A 82 79 0A 71 8B 08 97 CC 3E 75  (..)...y.q....>u
00003790:  2E 37 61 29 A8 75 F7 32 D5 3A 95 E3 89 12 14 AD  .7a).u.2.:......
000037A0:  FA 71 73 D3 6F 52 48 03 08 30 A6 2D 63 B8 0A 39  .qs.oRH..0.-c..9
000037B0:  57 05 14 31 FE 01 DA DB 16 36 52 A7 D0 08 E3 9E  W..1.....6R.....
000037C0:  68 96 58 2C E0 E1 91 5E 0B 38 E1 A9 F6 E1 17 C0  h.X,...^.8......
000037D0:  CB 3B CB 4B D8 80 90 EA 59 F1 74 3D 56 61 60 21  .;.K....Y.t=Va`!
000037E0:  A9 1B C4 B4 CD 30 20 55 4A F7 73 F2 3C 87 7B 96  .....0 UJ.s.<.{.
000037F0:  03 03 5D 96 50 B5 42 04 33 35 21 CC 07 C0 20 C2  ..].P.B.35!... .
00003800:  A4 B3 B9 F4 6E 89 C0 CB 41 17 CF AD DF D2 4E FE  ....n...A.....N.
00003810:  25 55 3B 70 4F 81 F3 53 7B D1 E8 51 B9 41 CE 37  %U;pO..S{..Q.A.7
00003820:  98 C0 B8 AF 42 83 B0 B4 D9 FB AF 2A 3E 5F 26 0E  ....B......*>_&.
00003830:  88 FE B9 E0 25 83 6D EE B9 51 34 54 FE E6 32 EE  ....%.m..Q4T..2.
00003840:  DD 74 81 50 6E 40 B0 4B 62 74 FB C8 32 BF A8 96  .t.Pn@.Kbt..2...
00003850:  B2 E3 5E 1D 68 09 B2 AD 7A D1 20 60 ED 2E 2A 3B  ..^.h...z. `..*;
00003860:  10 9C CE E6 96 DD 97 E1 C3 D1 40 68 84 CB 6B 0D  ..........@h..k.
00003870:  A0 AC 79 B4 DA 8D 66 07 4B AA 45 FB 84 E4 15 87  ..y...f.K.E.....
00003880:  10 3D 73 76 F7 A0 E5 67 98 26 FC B5 0B 21 00 B9  .=sv...g.&...!..
00003890:  F5 2A 43 01 6C E6 85 D8 26 DD BA 18 54 FC EE C0  .*C.l...&...T...
000038A0:  5C F3 B6 39 BB A5 C4 86 EC 71 DE 05 D1 65 37 9F  \..9.....q...e7.
000038B0:  C8 E6 8C C4 42 6F 70 7C AD 44 01 34 B3 FA E5 20  ....Bop|.D.4... 
000038C0:  AF 5F F9 CE 4F D7 04 29 E2 67 50 4E B4 EF DE B5  ._..O..).gPN....
000038D0:  7D B4 6D 46 DA 35 A9 3C BF 24 B5 F6 07 CC 94 48  }.mF.5.<.$.....H
000038E0:  E8 79 39 64 56 79 71 CA CD CC E5 10 8E D2 6F 87  .y9dVyq.......o.
000038F0:  AA 2A 60 FB 7A 47 ED BB D9 3A 13 8D B4 2B AB 60  .*`.zG...:...+.`
00003900:  FA 86 59 95 E5 9B 84 D9 1D 4E 32 45 75 27 04 ED  ..Y......N2Eu'..
00003910:  5E EE 8D F8 AA 20 A7 0A B6 2E F5 4E 94 93 64 63  ^.... .....N..dc
00003920:  3A 92 85 C5 17 47 2B 63 2D 91 A2 82 BB C4 1E 61  :....G+c-......a
00003930:  F5 51 50 D1 18 95 2E 80 EC 6E FE 5B 00 CF B7 4A  .QP......n.[...J
00003940:  34 75 1D 58 FF 06 59 25 20 2C D4 0D EA 47 D9 DC  4u.X..Y% ,...G..
00003950:  34 CF 55 99 8A 79 2B 02 5D 8F 45 9D 3F F6 06 8E  4.U..y+.].E.?...
00003960:  77 8B 61 5E E1 F0 3E DF 1E 4C 4C E4 6D 32 14 B8  w.a^..>..LL.m2..
00003970:  42 AD A3 82 DB 40 0F AF 14 00 F1 5F EB CA 9B EC  B....@....._....
00003980:  1D 69 64 21 BE E1 4F 52 80 7D 71 55 ED 73 A6 E7  .id!..OR.}qU.s..
00003990:  19 61 7C 46 1E 2A 52 C8 61 9D 98 38 46 F9 B4 DF  .a|F.*R.a..8F...
000039A0:  B1 61 76 03 CC C4 85 0D 3D E1 C1 AD 49 D1 81 0B  .av.....=...I...
000039B0:  79 A0 6C FA E6 EA 92 C6 6D 86 04 29 C1 78 DD 85  y.l.....m..).x..
000039C0:  69 18 93 88 8D 66 40 CB CD DC 02 C4 C4 CC 7E 79  i....f@.......~y
000039D0:  A0 98 F9 B0 07 D6 C2 F8 C8 24 5C 49 20 24 AA 3C  .........$\I $.<
000039E0:  2A 95 2B 66 97 DA 9E 48 5F 82 DA 7E 1E 03 11 1A  *.+f...H_..~....
000039F0:  87 15 CE 14 7E 91 75 24 58 92 5A 20 2E 62 FE 65  ....~.u$X.Z .b.e
00003A00:  C9 12 79 9A 13 47 06 42 07 A5 0D C9 BE 94 11 63  ..y..G.B.......c
00003A10:  F4 BC 21 9E 44 35 9F BD E5 3A 3D 9A 38 08 9B 00  ..!.D5...:=.8...
00003A20:  4D 4E 4C D5 DC 00 C7 5A C8 00 E1 AE 30 E0 88 7B  MNL....Z....0..{
00003A30:  BF DB 40 8C 78 6C 29 7C A4 70 3C 7B 89 6F FD 33  ..@.xl)|.p<{.o.3
00003A40:  1A D4 C4 5D C5 9A 99 0C 05 AC C1 B7 79 25 7A 6C  ...]........y%zl
00003A50:  FD 85 03 66 FE 6F 94 55 68 C6 76 7A 1E E4 26 26  ...f.o.Uh.vz..&&
00003A60:  01 45 C4 A6 BE CB 8E EE AC D1 53 AE 8F 9D EF E6  .E........S.....
00003A70:  19 EC 8B 1A F3 2B 9D 55 D8 E6 37 B1 F5 97 52 2D  .....+.U..7...R-
00003A80:  91 A2 63 8C 0C 47 87 CE 1F A2 40 E1 32 A0 43 7B  ..c..G....@.2.C{
00003A90:  07 75 EE C0 A3 C3 B8 F7 3D 91 E8 F6 B9 C6 78 AC  .u......=.....x.
00003AA0:  D6 85 DE C6 E3 0D F3 58 58 C5 60 B6 EC 62 93 A2  .......XX.`..b..
00003AB0:  2B 1E 61 6A D2 DC D3 2A 03 C6 E7 89 E3 A5 B7 79  +.aj...*.......y
00003AC0:  15 40 C5 52 E2 8D B1 98 49 90 B8 9B 3E 3E 77 57  .@.R....I...>>wW
00003AD0:  88 6A 15 9E 93 2A 30 91 FA 66 AE F2 FA 99 3C 71  .j...*0..f....<q
00003AE0:  F5 C8 BE 28 AC 4A 73 7F 4A 76 7F CE 6E 8C F9 81  ...(.Js.Jv..n...
00003AF0:  26 4D 28 F7 96 96 A3 87 FE A5 E2 82 C0 FD 65 1D  &M(...........e.
00003B00:  50 A8 D7 4B 56 74 45 48 C1 BA 48 F6 3C DA 06 A8  P..KVtEH..H.<...
00003B10:  F3 B2 AC 4D 99 70 F3 2F AC 83 1D B2 BA 6E 94 81  ...M.p./.....n..
00003B20:  CA 1E 5A 27 B6 AA B2 2F AA 21 BA 6F AC 50 1D 1B  ..Z'.../.!.o.P..
00003B30:  75 F4 E3 22 26 89 BF F5 CE 5B A3 83 FC 52 05 87  u.."&....[...R..
00003B40:  7B B9 95 50 30 29 B6 6D 95 98 5E D8 B2 CB 0B 22  {..P0).m..^...."
00003B50:  AD F3 E4 29 56 1A 00 94 16 DA A3 D9 CC B3 BE 06  ...)V...........
00003B60:  1D 87 5D DF B6 C8 C5 9F CB B2 F6 06 F4 E5 34 A8  ..]...........4.
00003B70:  B0 DC 64 28 9F F4 90 30 CE 96 DE 73 A2 B2 66 A3  ..d(...0...s..f.
00003B80:  FD ED 95 89 D9 4E 90 EA 59 F1 74 3D 56 61 60 21  .....N..Y.t=Va`!
00003B90:  A9 1B C4 B4 CD 30 C9 BC BD 4B 0B 5E D9 65 32 CD  .....0...K.^.e2.
00003BA0:  D4 49 F1 3A 37 CC CF 8C 03 9E 8D E2 9A 81 90 56  .I.:7..........V
00003BB0:  CD B6 6D D7 9C DA 86 B5 7C D3 5F F9 DD A3 E6 40  ..m.....|._....@
00003BC0:  B8 39 FF 40 4A B4 DA CC 78 54 6A 2B F6 35 05 BD  .9.@J...xTj+.5..
00003BD0:  BB 4F B3 00 19 13 10 BF D0 92 FA 24 E7 D0 73 7C  .O.........$..s|
00003BE0:  DE 03 0F 46 F4 A2 03 86 F7 AD 9E 41 13 BE 70 50  ...F.......A..pP
00003BF0:  8A 30 84 F4 05 0B D6 78 04 BF EF 25 8E 99 57 5C  .0.....x...%..W\
00003C00:  5B C2 81 A9 B0 30 DE BD 45 C7 57 FC 45 3A 7A 25  [....0..E.W.E:z%
00003C10:  85 F3 9F 22 54 FA 03 A0 3D 3C 49 25 77 CB 12 D2  ..."T...=<I%w...
00003C20:  98 D3 8E 02 DB 33 CA 65 BC A7 1A 1E F3 E4 7C CA  .....3.e......|.
00003C30:  74 BF 1E F3 5D E4 7E 0C B7 D3 25 B7 6E 37 BD E6  t...].~...%.n7..
00003C40:  05 B6 A5 04 44 B3 05 82 10 F9 15 A5 46 47 1A 72  ....D.......FG.r
00003C50:  AA 2D AF 7A F0 28 C4 86 EC 71 DE 05 D1 65 37 9F  .-.z.(...q...e7.
00003C60:  C8 E6 8C C4 42 6F A0 FF 23 DA 56 A5 6A 7E 5F B1  ....Bo..#.V.j~_.
00003C70:  BA C7 AD AA A8 0E A5 00 AC CD B7 7C 8B 81 11 EF  ...........|....
00003C80:  D1 C2 FA 96 2E 38 4B E1 C4 CF 8F 93 F0 BC E1 6A  .....8K........j
00003C90:  32 D0 B3 AF 4C F3 BC DA 9D D0 04 AA 5D 15 B6 73  2...L.......]..s
00003CA0:  97 EA 50 00 C9 C1 FB 61 BA A8 4E BE 13 2A AA 3B  ..P....a..N..*.;
00003CB0:  34 6C A2 A6 E4 41 B6 9B 17 FF A0 BD 20 99 83 E4  4l...A...... ...
00003CC0:  F3 B3 D3 B3 73 82 8C 5C 8F AC 80 9E 4C DC 2A 60  ....s..\....L.*`
00003CD0:  43 EB 30 E9 89 03 87 B5 03 79 72 43 DD 78 71 54  C.0......yrC.xqT
00003CE0:  13 A3 2A AC C0 B3 74 D0 97 04 F3 11 27 53 34 0A  ..*...t.....'S4.
00003CF0:  26 17 11 E5 AA 6C B0 14 E9 25 45 D1 46 7F AB 6A  &....l...%E.F..j
00003D00:  43 C5 DE E0 53 EB 77 3D 35 0C 4C DE 0D 72 98 C0  C...S.w=5.L..r..
00003D10:  B6 10 10 42 82 B0 61 57 95 90 60 B9 33 CB 55 56  ...B..aW..`.3.UV
00003D20:  1F F2 3E 45 FE 9E B4 2F 25 08 E1 4E 17 78 F5 C8  ..>E.../%..N.x..
00003D30:  7B 79 93 04 ED BE AB 62 3E D7 C3 74 A3 7B DD 18  {y.....b>..t.{..
00003D40:  AE 64 06 26 A6 FA E3 AC 86 DE 66 BE 4F CB 6E 1F  .d.&......f.O.n.
00003D50:  2A D2 92 98 1A BB 19 68 23 B4 8D 93 42 EB D2 9E  *......h#...B...
00003D60:  2E 90 A1 5D 49 25 25 CF 52 EE BB E7 A0 CC 67 80  ...]I%%.R.....g.
00003D70:  50 C6 11 A7 9E 77 D4 93 C9 0F F3 B7 CF 94 1B CE  P....w..........
00003D80:  1A 9B B6 F7 C4 43 85 B8 8C 3A E1 7C 64 02 75 2A  .....C...:.|d.u*
00003D90:  3C DA B6 70 7F 0D 00 8D A1 BE D5 4C 43 4C 8C 91  <..p.......LCL..
00003DA0:  05 5E F9 E9 AF 1D 41 50 D2 D5 E3 BD 5F C8 63 01  .^....AP...._.c.
00003DB0:  41 69 10 A9 EB E3 3C EE 5F BD B6 12 A1 01 08 7B  Ai....<._......{
00003DC0:  95 66 D9 BC D6 86 D6 6C 3A 21 74 90 CC 70 DB DF  .f.....l:!t..p..
00003DD0:  E1 D6 EF 62 8E AC EC 13 4C A5 A9 A3 B1 27 AE 52  ...b....L....'.R
00003DE0:  A2 75 A8 79 83 FF 39 80 AF A6 DC 95 C8 CA B2 EC  .u.y..9.........
00003DF0:  A3 A6 C0 12 6F BA 1A C5 E0 24 A7 88 F9 65 C5 1F  ....o....$...e..
00003E00:  80 12 2D 64 FE 3C 6B 13 4C A8 54 20 7B 83 30 DF  ..-d.<k.L.T {.0.
00003E10:  FF 1C 44 1A 70 6C 0C 37 7C 7B 5B EA 2A A6 E2 79  ..D.pl.7|{[.*..y
00003E20:  29 74 6F E4 B4 A4 5B 47 A6 DD 8F BE 1B 48 FF 3F  )to...[G.....H.?
00003E30:  80 13 BE 44 75 0C D5 82 80 4A 2F 00 B4 AA E7 04  ...Du....J/.....
00003E40:  E2 B7 69 92 D3 B2 41 A4 BA A9 2A 73 B2 86 0E 89  ..i...A...*s....
00003E50:  E3 91 B7 F9 C5 78 34 E2 8B CD 6B 31 25 10 7E BC  .....x4...k1%.~.
00003E60:  21 FF 29 0E 0D BE 00 00 00 00 00 00 00 00 00 00  !.).............
00003E70:  00 00 00 00 00 00 00 00 00 00 00 00 00 00 00 00  ................ [zeros]
00003E80:  00 00 00 00 00 00 C7 38 33 49 3F 12 78 B5 FE 0F  .......83I?.x...
00003E90:  F7 D3 85 F5 A9 EB D5 22 66 11 83 0A DD 20 84 03  ......."f.... ..
00003EA0:  18 DB 74 4E 10 D5 60 13 C7 97 2E D7 CB 98 52 2F  ..tN..`.......R/
00003EB0:  1C 88 2E C1 D4 95 00 00 00 00 00 00 00 00 00 00  ................
00003EC0:  00 00 00 00 00 00 00 00 00 00 00 00 00 00 00 00  ................ [zeros]
00003ED0:  00 00 00 00 00 00 00 00 00 00 00 00 00 00 00 00  ................ [zeros]
00003EE0:  00 00 00 00 00 00 00 00 00 00 00 00 00 00 00 00  ................ [zeros]
00003EF0:  00 00 00 00 00 00 00 00 00 00 00 00 00 00 00 00  ................ [zeros]
00003F00:  00 00 00 00 00 00 00 00 00 00 00 00 00 00 00 00  ................ [zeros]
00003F10:  00 00 00 00 00 00 00 00 00 00 00 00 00 00 00 00  ................ [zeros]
00003F20:  00 00 00 00 00 00 00 00 00 00 00 00 00 00 00 00  ................ [zeros]
00003F30:  00 00 00 00 00 00 F9 BF 93 21 6C B9 65 7B D7 32  .........!l.e{.2
00003F40:  3B B1 61 85 31 A9 4D B2 7D 4D 48 9E 5C 86 EA F6  ;.a.1.M.}MH.\...
00003F50:  FE D1 AE 30 66 21 C5 FD 63 DC 5B EF 35 A1 44 5A  ...0f!..c.[.5.DZ
00003F60:  2C CE 4C 51 9D DB F0 F5 4B 69 F9 D5 CB DF A4 B4  ,.LQ....Ki......
00003F70:  44 D4 43 F8 E0 93 74 E9 D6 1B 65 5C 65 40 07 26  D.C...t...e\e@.&
00003F80:  D5 D9 EF 28 F2 4B D6 3A 12 1F 11 E0 8A 2D 08 E6  ...(.K.:.....-..
00003F90:  35 A0 B8 95 4A C8 D7 C4 14 16 AE 59 5F E9 D7 7E  5...J......Y_..~
00003FA0:  F4 D7 07 A9 F3 C3 62 21 6A EC AC 9A BD 1F 67 DF  ......b!j.....g.
00003FB0:  03 6B 6B 87 C7 9F 6C 9B F9 9B 4F 75 1F 6A 9A 24  .kk...l...Ou.j.$
00003FC0:  2D 30 A0 67 0A 13 6A 63 22 30 ED EA 36 13 84 49  -0.g..jc"0..6..I
00003FD0:  80 D0 77 45 D7 7F FC D7 C8 CB 90 83 36 5C FC 64  ..wE........6\.d
00003FE0:  94 C9 D8 88 70 76 6D 4B 65 37 42 64 75 D6 98 21  ....pvmKe7Bdu..!
00003FF0:  1F 6F 68 73 14 71 88 E9 D9 B4 C9 43 4C 03 A5 2B  .ohs.q.....CL..+
00004000:  52 88 B1 AA 3E 61 7A E7 B8 CB 41 33 DF D1 CA EF  R...>az...A3....
00004010:  20 D2 F3 99 44 B6 D9 74 8B 3B 5F 1C 4F 74 18 25   ...D..t.;_.Ot.%
00004020:  CD 6F DE E8 5C 33 12 6C 8E 58 80 62 BA 38 C7 51  .o..\3.l.X.b.8.Q
00004030:  88 0B 64 37 BD B7 D2 56 E5 A2 4D F6 39 86 8E 8D  ..d7...V..M.9...
00004040:  36 37 E6 0D 30 0C 00 00 00 00 00 00 00 00 00 00  67..0...........
00004050:  00 00 00 00 00 00 00 00 00 00 00 00 00 00 00 00  ................ [zeros]
00004060:  00 00 00 00 00 00 00 00 00 00 00 00 00 00 00 00  ................ [zeros]
00004070:  00 00 00 00 00 00 00 00 00 00 00 00 00 00 00 00  ................ [zeros]
00004080:  00 00 00 00 00 00 00 00 00 00 00 00 00 00 00 00  ................ [zeros]
00004090:  00 00 00 00 00 00 00 00 00 00 00 00 00 00 00 00  ................ [zeros]
000040A0:  00 00 00 00 00 00 00 00 00 00 00 00 00 00 00 00  ................ [zeros]
000040B0:  00 00 00 00 00 00 00 00 00 00 00 00 00 00 00 00  ................ [zeros]
000040C0:  00 00 00 00 00 00 00 00 00 00 00 00 00 00 00 00  ................ [zeros]
000040D0:  00 00 00 00 00 00 00 00 00 00 00 00 00 00 00 00  ................ [zeros]
000040E0:  00 00 00 00 00 00 00 00 00 00 00 00 00 00 00 00  ................ [zeros]
000040F0:  00 00 00 00 00 00 AE EC 09 E9 5E 2B 4C 7A 13 E0  ..........^+Lz..
00004100:  94 28 34 C4 4A 7C 7C AE B2 70 A5 29 B9 91 69 1A  .(4.J||..p.)..i.
00004110:  D0 42 6B 31 96 DE 04 05 8A CF CD 9B 9C F2 FD 4B  .Bk1...........K
00004120:  F3 5E 50 F0 8B 3E 14 69 60 8C 2D 3D 35 BD 41 74  .^P..>.i`.-=5.At
00004130:  60 E6 5D B5 D2 9D 00 00 00 00 00 00 00 00 00 00  `.].............
00004140:  00 00 00 00 00 00 00 00 00 00 00 00 00 00 00 00  ................ [zeros]
00004150:  00 00 00 00 00 00 00 00 00 00 00 00 00 00 00 00  ................ [zeros]
00004160:  00 00 00 00 00 00 00 00 00 00 00 00 00 00 00 00  ................ [zeros]
00004170:  00 00 00 00 00 00 00 00 00 00 00 00 00 00 00 00  ................ [zeros]
00004180:  00 00 00 00 00 00 00 00 00 00 00 00 00 00 00 00  ................ [zeros]
00004190:  00 00 00 00 00 00 00 00 00 00 00 00 00 00 00 00  ................ [zeros]
000041A0:  00 00 00 00 00 00 00 00 00 00 00 00 00 00 00 00  ................ [zeros]
000041B0:  00 00 00 00 00 00 00 00 00 00 00 00 00 00 00 00  ................ [zeros]
000041C0:  00 00 00 00 00 00 00 00 00 00 00 00 00 00 00 00  ................ [zeros]
000041D0:  00 00 00 00 00 00 00 00 00 00 00 00 00 00 00 00  ................ [zeros]
000041E0:  00 00 00 00 00 00 00 00 00 00 00 00 00 00 00 00  ................ [zeros]
000041F0:  00 00 00 00 00 00 00 00 00 00 00 00 00 00 00 00  ................ [zeros]
00004200:  00 00 00 00 00 00 00 00 00 00 00 00 00 00 00 00  ................ [zeros]
00004210:  00 00 00 00 00 00 00 00 00 00 00 00 00 00 00 00  ................ [zeros]
00004220:  00 00 00 00 00 00 00 00 00 00 00 00 00 00 00 00  ................ [zeros]
00004230:  00 00 00 00 00 00 00 00 00 00 00 00 00 00 00 00  ................ [zeros]
00004240:  00 00 00 00 00 00 00 00 00 00 00 00 00 00 00 00  ................ [zeros]
00004250:  00 00 00 00 00 00 00 00 00 00 00 00 00 00 00 00  ................ [zeros]
00004260:  00 00 00 00 00 00 00 00 00 00 00 00 00 00 00 00  ................ [zeros]
00004270:  00 00 00 00 00 00 00 00 00 00 00 00 00 00 00 00  ................ [zeros]
00004280:  00 00 00 00 00 00 00 00 00 00 00 00 00 00 00 00  ................ [zeros]
00004290:  00 00 00 00 00 00 00 00 00 00 00 00 00 00 00 00  ................ [zeros]
000042A0:  00 00 00 00 00 00 38 A7 5F 64 F5 23 B9 58 C5 16  ......8._d.#.X..
000042B0:  7A 04 99 50 5F D2 D2 66 AE 14 4E 2D B1 F1 69 92  z..P_..f..N-..i.
000042C0:  0D 05 5C BC 4C D3 00 00 00 00 00 00 00 00 00 00  ..\.L...........
000042D0:  00 00 00 00 00 00 00 00 00 00 00 00 00 00 00 00  ................ [zeros]
000042E0:  00 00 00 00 00 00 00 00 00 00 00 00 00 00 00 00  ................ [zeros]
000042F0:  00 00 00 00 00 00 00 00 00 00 00 00 00 00 00 00  ................ [zeros]
00004300:  00 00 00 00 00 00 00 00 00 00 00 00 00 00 00 00  ................ [zeros]
00004310:  00 00 00 00 00 00 00 00 00 00 00 00 00 00 00 00  ................ [zeros]
00004320:  00 00 00 00 00 00 00 00 00 00 00 00 00 00 00 00  ................ [zeros]
00004330:  00 00 00 00 00 00 00 00 00 00 00 00 00 00 00 00  ................ [zeros]
00004340:  00 00 00 00 00 00 00 00 00 00 00 00 00 00 00 00  ................ [zeros]
00004350:  00 00 00 00 00 00 00 00 00 00 00 00 00 00 00 00  ................ [zeros]
00004360:  00 00 00 00 00 00 00 00 00 00 00 00 00 00 00 00  ................ [zeros]
00004370:  00 00 00 00 00 00 00 00 00 00 00 00 00 00 00 00  ................ [zeros]
00004380:  00 00 00 00 00 00 00 00 00 00 00 00 00 00 00 00  ................ [zeros]
00004390:  00 00 00 00 00 00 00 00 00 00 00 00 00 00 00 00  ................ [zeros]
000043A0:  00 00 00 00 00 00 00 00 00 00 00 00 00 00 00 00  ................ [zeros]
000043B0:  00 00 00 00 00 00 00 00 00 00 00 00 00 00 00 00  ................ [zeros]
000043C0:  00 00 00 00 00 00 00 00 00 00 00 00 00 00 00 00  ................ [zeros]
000043D0:  00 00 00 00 00 00 A4 9A BE AA 97 79 97 66 3F F1  ...........y.f?.
000043E0:  C9 E9 E3 8F 74 13 6B B4 B3 40 0C 20 23 27 A8 0E  ....t.k..@. #'..
000043F0:  9F D5 A6 48 0E F1 DF DD CB 90 1B 4B A6 20 58 AC  ...H.......K. X.
00004400:  93 D8 3D B7 D0 A9 00 00 00 00 00 00 00 00 00 00  ..=.............
00004410:  00 00 00 00 00 00 BC 50 98 AD 67 26 44 EB D9 8C  .......P..g&D...
00004420:  E4 27 4C AD 8C 9C 00 00 00 00 00 00 00 00 00 00  .'L.............
00004430:  00 00 00 00 00 00 F6 7B 7B 6D 38 08 D7 4B C1 9E  .......{{m8..K..
00004440:  49 B4 26 01 B8 C8 00 00 00 00 00 00 00 00 00 00  I.&.............
00004450:  00 00 00 00 00 00 B5 19 A3 97 B2 AD C2 A8 85 DB  ................
00004460:  FD 60 23 AF BF 00 00 00 00 00 00 00 00 00 00 00  .`#.............
00004470:  00 00 00 00 00 00 4F C0 CE 55 55 4C 55 5B CE 5D  ......O..UULU[.]
00004480:  4B E7 FB D7 CA 19 66 31 7F 13 4A 7C C6 8A 8E AB  K.....f1..J|....
00004490:  56 1C 3A 20 D1 31 53 C9 D7 FD 4F D8 6A 05 B2 84  V.: .1S...O.j...
000044A0:  62 3C F0 C7 F5 48 00 00 00 00 00 00 00 00 00 00  b<...H..........
000044B0:  00 00 00 00 00 00 00 00 00 00 00 00 00 00 00 00  ................ [zeros]
000044C0:  00 00 00 00 00 00 00 00 00 00 00 00 00 00 00 00  ................ [zeros]
000044D0:  00 00 00 00 00 00 00 00 00 00 00 00 00 00 00 00  ................ [zeros]
000044E0:  00 00 00 00 00 00 00 00 00 00 00 00 00 00 00 00  ................ [zeros]
000044F0:  00 00 00 00 00 00 00 00 00 00 00 00 00 00 00 00  ................ [zeros]
00004500:  00 00 00 00 00 00 00 00 00 00 00 00 00 00 00 00  ................ [zeros]
00004510:  00 00 00 00 00 00 00 00 00 00 00 00 00 00 00 00  ................ [zeros]
00004520:  00 00 00 00 00 00 00 00 00 00 00 00 00 00 00 00  ................ [zeros]
00004530:  00 00 00 00 00 00 00 00 00 00 00 00 00 00 00 00  ................ [zeros]
00004540:  00 00 00 00 00 00 00 00 00 00 00 00 00 00 00 00  ................ [zeros]
00004550:  00 00 00 00 00 00 00 00 00 00 00 00 00 00 00 00  ................ [zeros]
00004560:  00 00 00 00 00 00 00 00 00 00 00 00 00 00 00 00  ................ [zeros]
00004570:  00 00 00 00 00 00 00 00 00 00 00 00 00 00 00 00  ................ [zeros]
00004580:  00 00 00 00 00 00 00 00 00 00 00 00 00 00 00 00  ................ [zeros]
00004590:  00 00 00 00 00 00 00 00 00 00 00 00 00 00 00 00  ................ [zeros]
000045A0:  00 00 00 00 00 00 00 00 00 00 00 00 00 00 00 00  ................ [zeros]
000045B0:  00 00 00 00 00 00 00 00 00 00 00 00 00 00 00 00  ................ [zeros]
000045C0:  00 00 00 00 00 00 00 00 00 00 00 00 00 00 00 00  ................ [zeros]
000045D0:  00 00 00 00 00 00 00 00 00 00 00 00 00 00 00 00  ................ [zeros]
000045E0:  00 00 00 00 00 00 00 00 00 00 00 00 00 00 00 00  ................ [zeros]
000045F0:  00 00 00 00 00 00 00 00 00 00 00 00 00 00 00 00  ................ [zeros]
00004600:  00 00 00 00 00 00 00 00 00 00 00 00 00 00 00 00  ................ [zeros]
00004610:  00 00 00 00 00 00 00 00 00 00 00 00 00 00 00 00  ................ [zeros]
00004620:  00 00 00 00 00 00 00 00 00 00 00 00 00 00 00 00  ................ [zeros]
00004630:  00 00 00 00 00 00 00 00 00 00 00 00 00 00 00 00  ................ [zeros]
00004640:  00 00 00 00 00 00 00 00 00 00 00 00 00 00 00 00  ................ [zeros]
00004650:  00 00 00 00 00 00 00 00 00 00 00 00 00 00 00 00  ................ [zeros]
00004660:  00 00 00 00 00 00 00 00 00 00 00 00 00 00 00 00  ................ [zeros]
00004670:  00 00 00 00 00 00 00 00 00 00 00 00 00 00 00 00  ................ [zeros]
00004680:  00 00 00 00 00 00 00 00 00 00 00 00 00 00 00 00  ................ [zeros]
00004690:  00 00 00 00 00 00 00 00 00 00 00 00 00 00 00 00  ................ [zeros]
000046A0:  00 00 00 00 00 00 00 00 00 00 00 00 00 00 00 00  ................ [zeros]
000046B0:  00 00 00 00 00 00 00 00 00 00 00 00 00 00 00 00  ................ [zeros]
000046C0:  00 00 00 00 00 00 00 00 00 00 00 00 00 00 00 00  ................ [zeros]
000046D0:  00 00 00 00 00 00 00 00 00 00 00 00 00 00 00 00  ................ [zeros]
000046E0:  00 00 00 00 00 00 00 00 00 00 00 00 00 00 00 00  ................ [zeros]
000046F0:  00 00 00 00 00 00 00 00 00 00 00 00 00 00 00 00  ................ [zeros]
00004700:  00 00 00 00 00 00 00 00 00 00 00 00 00 00 00 00  ................ [zeros]
00004710:  00 00 00 00 00 00 00 00 00 00 00 00 00 00 00 00  ................ [zeros]
00004720:  00 00 00 00 00 00 00 00 00 00 00 00 00 00 00 00  ................ [zeros]
00004730:  00 00 00 00 00 00 00 00 00 00 00 00 00 00 00 00  ................ [zeros]
00004740:  00 00 00 00 00 00 00 00 00 00 00 00 00 00 00 00  ................ [zeros]
00004750:  00 00 00 00 00 00 00 00 00 00 00 00 00 00 00 00  ................ [zeros]
00004760:  00 00 00 00 00 00 00 00 00 00 00 00 00 00 00 00  ................ [zeros]
00004770:  00 00 00 00 00 00 00 00 00 00 00 00 00 00 00 00  ................ [zeros]
00004780:  00 00 00 00 00 00 00 00 00 00 00 00 00 00 00 00  ................ [zeros]
00004790:  00 00 00 00 00 00 00 00 00 00 00 00 00 00 00 00  ................ [zeros]
000047A0:  00 00 00 00 00 00 00 00 00 00 00 00 00 00 00 00  ................ [zeros]
000047B0:  00 00 00 00 00 00 00 00 00 00 00 00 00 00 00 00  ................ [zeros]
000047C0:  00 00 00 00 00 00 00 00 00 00 00 00 00 00 00 00  ................ [zeros]
000047D0:  00 00 00 00 00 00 00 00 00 00 00 00 00 00 00 00  ................ [zeros]
000047E0:  00 00 00 00 00 00 00 00 00 00 00 00 00 00 00 00  ................ [zeros]
000047F0:  00 00 00 00 00 00 00 00 00 00 00 00 00 00 00 00  ................ [zeros]
00004800:  00 00 00 00 00 00 00 00 00 00 00 00 00 00 00 00  ................ [zeros]
00004810:  00 00 00 00 00 00 00 00 00 00 00 00 00 00 00 00  ................ [zeros]
00004820:  00 00 00 00 00 00 00 00 00 00 00 00 00 00 00 00  ................ [zeros]
00004830:  00 00 00 00 00 00 00 00 00 00 00 00 00 00 00 00  ................ [zeros]
00004840:  00 00 00 00 00 00 00 00 00 00 00 00 00 00 00 00  ................ [zeros]
00004850:  00 00 00 00 00 00 00 00 00 00 00 00 00 00 00 00  ................ [zeros]
00004860:  00 00 00 00 00 00 00 00 00 00 00 00 00 00 00 00  ................ [zeros]
00004870:  00 00 00 00 00 00 00 00 00 00 00 00 00 00 00 00  ................ [zeros]
00004880:  00 00 00 00 00 00 00 00 00 00 00 00 00 00 00 00  ................ [zeros]
00004890:  00 00 00 00 00 00 00 00 00 00 00 00 00 00 00 00  ................ [zeros]
000048A0:  00 00 00 00 00 00 00 00 00 00 00 00 00 00 00 00  ................ [zeros]
000048B0:  00 00 00 00 00 00 00 00 00 00 00 00 00 00 00 00  ................ [zeros]
000048C0:  00 00 00 00 00 00 00 00 00 00 00 00 00 00 00 00  ................ [zeros]
000048D0:  00 00 00 00 00 00 00 00 00 00 00 00 00 00 00 00  ................ [zeros]
000048E0:  00 00 00 00 00 00 00 00 00 00 00 00 00 00 00 00  ................ [zeros]
000048F0:  00 00 00 00 00 00 00 00 00 00 00 00 00 00 00 00  ................ [zeros]
00004900:  00 00 00 00 00 00 00 00 00 00 00 00 00 00 00 00  ................ [zeros]
00004910:  00 00 00 00 00 00 00 00 00 00 00 00 00 00 00 00  ................ [zeros]
00004920:  00 00 00 00 00 00 00 00 00 00 00 00 00 00 00 00  ................ [zeros]
00004930:  00 00 00 00 00 00 00 00 00 00 00 00 00 00 00 00  ................ [zeros]
00004940:  00 00 00 00 00 00 00 00 00 00 00 00 00 00 00 00  ................ [zeros]
00004950:  00 00 00 00 00 00 00 00 00 00 00 00 00 00 00 00  ................ [zeros]
00004960:  00 00 00 00 00 00 00 00 00 00 00 00 00 00 00 00  ................ [zeros]
00004970:  00 00 00 00 00 00 00 00 00 00 00 00 00 00 00 00  ................ [zeros]
00004980:  00 00 00 00 00 00 00 00 00 00 00 00 00 00 00 00  ................ [zeros]
00004990:  00 00 00 00 00 00 00 00 00 00 00 00 00 00 00 00  ................ [zeros]
000049A0:  00 00 00 00 00 00 00 00 00 00 00 00 00 00 00 00  ................ [zeros]
000049B0:  00 00 00 00 00 00 00 00 00 00 00 00 00 00 00 00  ................ [zeros]
000049C0:  00 00 00 00 00 00 00 00 00 00 00 00 00 00 00 00  ................ [zeros]
000049D0:  00 00 00 00 00 00 00 00 00 00 00 00 00 00 00 00  ................ [zeros]
000049E0:  00 00 00 00 00 00 00 00 00 00 00 00 00 00 00 00  ................ [zeros]
000049F0:  00 00 00 00 00 00 00 00 00 00 00 00 00 00 00 00  ................ [zeros]
00004A00:  00 00 00 00 00 00 00 00 00 00 00 00 00 00 00 00  ................ [zeros]
00004A10:  00 00 00 00 00 00 00 00 00 00 00 00 00 00 00 00  ................ [zeros]
00004A20:  00 00 00 00 00 00 00 00 00 00 00 00 00 00 00 00  ................ [zeros]
00004A30:  00 00 00 00 00 00 00 00 00 00 00 00 00 00 00 00  ................ [zeros]
00004A40:  00 00 00 00 00 00 00 00 00 00 00 00 00 00 00 00  ................ [zeros]
00004A50:  00 00 00 00 00 00 00 00 00 00 00 00 00 00 00 00  ................ [zeros]
00004A60:  00 00 00 00 00 00 00 00 00 00 00 00 00 00 00 00  ................ [zeros]
00004A70:  00 00 00 00 00 00 00 00 00 00 00 00 00 00 00 00  ................ [zeros]
00004A80:  00 00 00 00 00 00 00 00 00 00 00 00 00 00 00 00  ................ [zeros]
00004A90:  00 00 00 00 00 00 00 00 00 00 00 00 00 00 00 00  ................ [zeros]
00004AA0:  00 00 00 00 00 00 6B AF AF 4D B4 2D 50 90 F4 B0  ......k..M.-P...
00004AB0:  8C 67 CD B0 E7 D1 8F 83 D6 21 9D B8 84 54 B3 EB  .g.......!...T..
00004AC0:  BC 1D D6 FB FD 09 1C C3 8A 8D F3 89 B5 9B E9 38  ...............8
00004AD0:  19 20 BA 35 83 26 1C C3 8A 8D F3 89 B5 9B E9 38  . .5.&.........8
00004AE0:  19 20 BA 35 83 26 1C C3 8A 8D F3 89 B5 9B E9 38  . .5.&.........8
00004AF0:  19 20 BA 35 83 26 1C C3 8A 8D F3 89 B5 9B E9 38  . .5.&.........8
00004B00:  19 20 BA 35 83 26 1C C3 8A 8D F3 89 B5 9B E9 38  . .5.&.........8
00004B10:  19 20 BA 35 83 26 1C C3 8A 8D F3 89 B5 9B E9 38  . .5.&.........8
00004B20:  19 20 BA 35 83 26 1C C3 8A 8D F3 89 B5 9B E9 38  . .5.&.........8
00004B30:  19 20 BA 35 83 26 1C C3 8A 8D F3 89 B5 9B E9 38  . .5.&.........8
00004B40:  19 20 BA 35 83 26 1C C3 8A 8D F3 89 B5 9B E9 38  . .5.&.........8
00004B50:  19 20 BA 35 83 26 1C C3 8A 8D F3 89 B5 9B E9 38  . .5.&.........8
00004B60:  19 20 BA 35 83 26 1C C3 8A 8D F3 89 B5 9B E9 38  . .5.&.........8
00004B70:  19 20 BA 35 83 26 1C C3 8A 8D F3 89 B5 9B E9 38  . .5.&.........8
00004B80:  19 20 BA 35 83 26 1C C3 8A 8D F3 89 B5 9B E9 38  . .5.&.........8
00004B90:  19 20 BA 35 83 26 1C C3 8A 8D F3 89 B5 9B E9 38  . .5.&.........8
00004BA0:  19 20 BA 35 83 26 1C C3 8A 8D F3 89 B5 9B E9 38  . .5.&.........8
00004BB0:  19 20 BA 35 83 26 22 7B EC 81 1C 36 03 42 0E 52  . .5.&"{...6.B.R
00004BC0:  98 6F 62 F8 84 8C 00 00 00 00 00 00 00 00 00 00  .ob.............
00004BD0:  00 00 00 00 00 00 00 00 00 00 00 00 00 00 00 00  ................ [zeros]
00004BE0:  00 00 00 00 00 00 00 00 00 00 00 00 00 00 00 00  ................ [zeros]
00004BF0:  00 00 00 00 00 00 00 00 00 00 00 00 00 00 00 00  ................ [zeros]
00004C00:  00 00 00 00 00 00 00 00 00 00 00 00 00 00 00 00  ................ [zeros]
00004C10:  00 00 00 00 00 00 00 00 00 00 00 00 00 00 00 00  ................ [zeros]
00004C20:  00 00 00 00 00 00 00 00 00 00 00 00 00 00 00 00  ................ [zeros]
00004C30:  00 00 00 00 00 00 00 00 00 00 00 00 00 00 00 00  ................ [zeros]
00004C40:  00 00 00 00 00 00 00 00 00 00 00 00 00 00 00 00  ................ [zeros]
00004C50:  00 00 00 00 00 00 00 00 00 00 00 00 00 00 00 00  ................ [zeros]
00004C60:  00 00 00 00 00 00 00 00 00 00 00 00 00 00 00 00  ................ [zeros]
00004C70:  00 00 00 00 00 00 00 00 00 00 00 00 00 00 00 00  ................ [zeros]
00004C80:  00 00 00 00 00 00 00 00 00 00 00 00 00 00 00 00  ................ [zeros]
00004C90:  00 00 00 00 00 00 00 00 00 00 00 00 00 00 00 00  ................ [zeros]
00004CA0:  00 00 00 00 00 00 00 00 00 00 00 00 00 00 00 00  ................ [zeros]
00004CB0:  00 00 00 00 00 00 00 00 00 00 00 00 00 00 00 00  ................ [zeros]
00004CC0:  00 00 00 00 00 00 00 00 00 00 00 00 00 00 00 00  ................ [zeros]
00004CD0:  00 00 00 00 00 00 A4 61 7B 2D 08 7A 12 FD C5 B1  .......a{-.z....
00004CE0:  43 15 72 39 46 C7 1C C3 8A 8D F3 89 B5 9B E9 38  C.r9F..........8
00004CF0:  19 20 BA 35 83 26 1C C3 8A 8D F3 89 B5 9B E9 38  . .5.&.........8
00004D00:  19 20 BA 35 83 26 1C C3 8A 8D F3 89 B5 9B E9 38  . .5.&.........8
00004D10:  19 20 BA 35 83 26 1C C3 8A 8D F3 89 B5 9B E9 38  . .5.&.........8
00004D20:  19 20 BA 35 83 26 1C C3 8A 8D F3 89 B5 9B E9 38  . .5.&.........8
00004D30:  19 20 BA 35 83 26 1C C3 8A 8D F3 89 B5 9B E9 38  . .5.&.........8
00004D40:  19 20 BA 35 83 26 1C C3 8A 8D F3 89 B5 9B E9 38  . .5.&.........8
00004D50:  19 20 BA 35 83 26 1C C3 8A 8D F3 89 B5 9B E9 38  . .5.&.........8
00004D60:  19 20 BA 35 83 26 1C C3 8A 8D F3 89 B5 9B E9 38  . .5.&.........8
00004D70:  19 20 BA 35 83 26 1C C3 8A 8D F3 89 B5 9B E9 38  . .5.&.........8
00004D80:  19 20 BA 35 83 26 1C C3 8A 8D F3 89 B5 9B E9 38  . .5.&.........8
00004D90:  19 20 BA 35 83 26 1C C3 8A 8D F3 89 B5 9B E9 38  . .5.&.........8
00004DA0:  19 20 BA 35 83 26 1C C3 8A 8D F3 89 B5 9B E9 38  . .5.&.........8
00004DB0:  19 20 BA 35 83 26 1C C3 8A 8D F3 89 B5 9B E9 38  . .5.&.........8
00004DC0:  19 20 BA 35 83 26 1C C3 8A 8D F3 89 B5 9B E9 38  . .5.&.........8
00004DD0:  19 20 BA 35 83 26 A4 61 7B 2D 08 7A 12 FD C5 B1  . .5.&.a{-.z....
00004DE0:  43 15 72 39 46 C7 1C C3 8A 8D F3 89 B5 9B E9 38  C.r9F..........8
00004DF0:  19 20 BA 35 83 26 1C C3 8A 8D F3 89 B5 9B E9 38  . .5.&.........8
00004E00:  19 20 BA 35 83 26 1C C3 8A 8D F3 89 B5 9B E9 38  . .5.&.........8
00004E10:  19 20 BA 35 83 26 1C C3 8A 8D F3 89 B5 9B E9 38  . .5.&.........8
00004E20:  19 20 BA 35 83 26 1C C3 8A 8D F3 89 B5 9B E9 38  . .5.&.........8
00004E30:  19 20 BA 35 83 26 1C C3 8A 8D F3 89 B5 9B E9 38  . .5.&.........8
00004E40:  19 20 BA 35 83 26 1C C3 8A 8D F3 89 B5 9B E9 38  . .5.&.........8
00004E50:  19 20 BA 35 83 26 1C C3 8A 8D F3 89 B5 9B E9 38  . .5.&.........8
00004E60:  19 20 BA 35 83 26 1C C3 8A 8D F3 89 B5 9B E9 38  . .5.&.........8
00004E70:  19 20 BA 35 83 26 1C C3 8A 8D F3 89 B5 9B E9 38  . .5.&.........8
00004E80:  19 20 BA 35 83 26 1C C3 8A 8D F3 89 B5 9B E9 38  . .5.&.........8
00004E90:  19 20 BA 35 83 26 1C C3 8A 8D F3 89 B5 9B E9 38  . .5.&.........8
00004EA0:  19 20 BA 35 83 26 1C C3 8A 8D F3 89 B5 9B E9 38  . .5.&.........8
00004EB0:  19 20 BA 35 83 26 1C C3 8A 8D F3 89 B5 9B E9 38  . .5.&.........8
00004EC0:  19 20 BA 35 83 26 1C C3 8A 8D F3 89 B5 9B E9 38  . .5.&.........8
00004ED0:  19 20 BA 35 83 26 00 00 00 00 00 00 00 00 00 00  . .5.&..........
00004EE0:  00 00 00 00 00 00 00 00 00 00 00 00 00 00 00 00  ................ [zeros]
00004EF0:  00 00 00 00 00 00 00 00 00 00 00 00 00 00 00 00  ................ [zeros]
00004F00:  00 00 00 00 00 00 00 00 00 00 00 00 00 00 00 00  ................ [zeros]
00004F10:  00 00 00 00 00 00 00 00 00 00 00 00 00 00 00 00  ................ [zeros]
00004F20:  00 00 00 00 00 00 B4 C9 04 28 DB 42 A6 36 55 7C  .........(.B.6U|
00004F30:  71 3D D4 85 65 F8 B4 C9 04 28 DB 42 A6 36 55 7C  q=..e....(.B.6U|
00004F40:  71 3D D4 85 65 F8 61 C5 7F 84 5B 1E CA BF 55 36  q=..e.a...[...U6
00004F50:  DB FA BB 5B 84 4C 84 91 B1 BB 5B 2A B6 C7 83 39  ...[.L....[*...9
00004F60:  88 8D 09 85 B9 2C E5 F3 8D 7C DD FE 7C 26 E8 7D  .....,...|..|&.}
00004F70:  E8 9B 4C 20 45 B4 0C 02 DC 12 C8 0D D8 B8 3E D6  ..L E.........>.
00004F80:  DD 38 1D 2C 7E 43 2E D6 A0 69 D4 25 42 4E DD B1  .8.,~C...i.%BN..
00004F90:  54 A7 8A F0 51 C0 51 3B F3 8C EC C6 F2 5C 49 9C  T...Q.Q;.....\I.
00004FA0:  4B FD F8 37 6E AF A4 6E 0E D9 7E 09 8A C0 CE 5E  K..7n..n..~....^
00004FB0:  2A 04 35 98 C7 C2 00 00 00 00 00 00 00 00 00 00  *.5.............
00004FC0:  00 00 00 00 00 00 00 00 00 00 00 00 00 00 00 00  ................ [zeros]
00004FD0:  00 00 00 00 00 00 00 00 00 00 00 00 00 00 00 00  ................ [zeros]
00004FE0:  00 00 00 00 00 00 00 00 00 00 00 00 00 00 00 00  ................ [zeros]
00004FF0:  00 00 00 00 00 00 00 00 00 00 00 00 00 00 00 00  ................ [zeros]
00005000:  00 00 00 00 00 00 00 00 00 00 00 00 00 00 00 00  ................ [zeros]
00005010:  00 00 00 00 00 00 00 00 00 00 00 00 00 00 00 00  ................ [zeros]
00005020:  00 00 00 00 00 00 00 00 00 00 00 00 00 00 00 00  ................ [zeros]
00005030:  00 00 00 00 00 00 00 00 00 00 00 00 00 00 00 00  ................ [zeros]
00005040:  00 00 00 00 00 00 00 00 00 00 00 00 00 00 00 00  ................ [zeros]
00005050:  00 00 00 00 00 00 00 00 00 00 00 00 00 00 00 00  ................ [zeros]
00005060:  00 00 00 00 00 00 AE EC 09 E9 5E 2B 4C 7A 13 E0  ..........^+Lz..
00005070:  94 28 34 C4 4A 7C AE 40 D7 94 77 13 DB A6 7E D2  .(4.J|.@..w...~.
00005080:  31 9B 8F 48 24 CC 5F D9 17 EF 89 FC 88 2A 9C FF  1..H$._......*..
00005090:  47 D7 B6 7F 29 B8 97 71 1E 65 15 FC B1 D6 C6 34  G...)..q.e.....4
000050A0:  AD C8 C1 09 35 6D F7 80 39 6E BA 75 C3 96 92 D5  ....5m..9n.u....
000050B0:  90 94 44 EC 0B 28 75 D3 CF 65 16 13 CD 3C 41 ED  ..D..(u..e...<A.
000050C0:  43 3C 65 56 B5 D8 47 4F 8A CB D2 60 26 02 A9 8B  C<eV..GO...`&...
000050D0:  1E 08 32 AE D3 EA 43 08 F1 5A B3 4F 4F 9C 65 13  ..2...C..Z.OO.e.
000050E0:  BC 06 F3 7F FB 08 4D D8 7D 46 A9 3A 5B 27 B2 97  ......M.}F.:['..
000050F0:  8E BD 23 62 28 90 5E 39 C8 43 FF 81 26 D1 D9 86  ..#b(.^9.C..&...
00005100:  56 51 24 BA 79 F7 00 00 00 00 00 00 00 00 00 00  VQ$.y...........
00005110:  00 00 00 00 00 00 00 00 00 00 00 00 00 00 00 00  ................ [zeros]
00005120:  00 00 00 00 00 00 A1 45 8E 5B 1D 7E 84 0D 79 D8  .......E.[.~..y.
00005130:  D6 12 D8 19 53 3B A5 9F 7E 43 3E 2E 5D 01 0F AF  ....S;..~C>.]...
00005140:  D8 99 AF 51 04 CB 17 27 A0 A4 62 62 59 9C 21 5C  ...Q...'..bbY.!\
00005150:  B0 25 73 DB BD D1 8C D7 44 69 B5 B0 F9 F3 DD 1A  .%s.....Di......
00005160:  EE D6 6B EB 5F 8E 1C 2C 4C FF FD 24 5C B9 F7 4F  ..k._..,L..$\..O
00005170:  5D 20 EB AE C5 8D 89 34 FA 0B 6A A7 5A 2B 35 BE  ] .....4..j.Z+5.
00005180:  E1 5B 24 9D 92 5F 33 AA 36 9C 18 E7 38 73 CB 6C  .[$.._3.6...8s.l
00005190:  3B 5C 66 80 E3 0A AE 40 D7 94 77 13 DB A6 7E D2  ;\f....@..w...~.
000051A0:  31 9B 8F 48 24 CC 00 00 00 00 00 00 00 00 00 00  1..H$...........
000051B0:  00 00 00 00 00 00 15 40 EA 87 D8 2D 3F F1 56 E9  .......@...-?.V.
000051C0:  C3 F8 AC 28 B7 10 A5 9F 7E 43 3E 2E 5D 01 0F AF  ...(....~C>.]...
000051D0:  D8 99 AF 51 04 CB 17 27 A0 A4 62 62 59 9C 21 5C  ...Q...'..bbY.!\
000051E0:  B0 25 73 DB BD D1 00 00 00 00 00 00 00 00 00 00  .%s.............
000051F0:  00 00 00 00 00 00 00 00 00 00 00 00 00 00 00 00  ................ [zeros]
00005200:  00 00 00 00 00 00 00 00 00 00 00 00 00 00 00 00  ................ [zeros]
00005210:  00 00 00 00 00 00 00 00 00 00 00 00 00 00 00 00  ................ [zeros]
00005220:  00 00 00 00 00 00 00 00 00 00 00 00 00 00 00 00  ................ [zeros]
00005230:  00 00 00 00 00 00 00 00 00 00 00 00 00 00 00 00  ................ [zeros]
00005240:  00 00 00 00 00 00 00 00 00 00 00 00 00 00 00 00  ................ [zeros]
00005250:  00 00 00 00 00 00 00 00 00 00 00 00 00 00 00 00  ................ [zeros]
00005260:  00 00 00 00 00 00 00 00 00 00 00 00 00 00 00 00  ................ [zeros]
00005270:  00 00 00 00 00 00 00 00 00 00 00 00 00 00 00 00  ................ [zeros]
00005280:  00 00 00 00 00 00 00 00 00 00 00 00 00 00 00 00  ................ [zeros]
00005290:  00 00 00 00 00 00 00 00 00 00 00 00 00 00 00 00  ................ [zeros]
000052A0:  00 00 00 00 00 00 00 00 00 00 00 00 00 00 00 00  ................ [zeros]
000052B0:  00 00 00 00 00 00 B2 4B 00 1D B8 FA 66 D2 F6 79  .......K....f..y
000052C0:  82 19 6A 80 27 AE B8 67 FF 55 4C DC E6 CC 07 77  ..j.'..g.UL....w
000052D0:  36 2C 42 BD 31 40 BE E5 34 56 1C 4D 34 59 39 4B  6,B.1@..4V.M4Y9K
000052E0:  59 69 89 D7 AF D2 B2 4B 00 1D B8 FA 66 D2 F6 79  Yi.....K....f..y
000052F0:  82 19 6A 80 27 AE B8 67 FF 55 4C DC E6 CC 07 77  ..j.'..g.UL....w
00005300:  36 2C 42 BD 31 40 BE E5 34 56 1C 4D 34 59 39 4B  6,B.1@..4V.M4Y9K
00005310:  59 69 89 D7 AF D2 B2 4B 00 1D B8 FA 66 D2 F6 79  Yi.....K....f..y
00005320:  82 19 6A 80 27 AE AD 93 63 53 E5 F1 AD 84 4A F2  ..j.'...cS....J.
00005330:  C3 7C E2 49 BE 47 00 00 00 00 00 00 00 00 00 00  .|.I.G..........
00005340:  00 00 00 00 00 00 48 A6 FA 22 0C C9 1C 4B 6A 67  ......H.."...Kjg
00005350:  7B F0 EF 71 52 64 16 44 A6 51 13 DE 6A FC 74 C8  {..qRd.D.Q..j.t.
00005360:  FA 1C A7 DC 07 54 9E 0D B5 1D 07 8B E3 85 7C D7  .....T........|.
00005370:  4E 98 54 8B 65 00 4C AB 63 8B 7D 95 8A 7E DC 73  N.T.e.L.c.}..~.s
00005380:  6C 72 C9 BA 9D B9 30 7A F9 41 D9 41 96 21 B0 E5  lr....0z.A.A.!..
00005390:  7C F8 B5 72 73 FC 0C 16 D4 A3 42 DD 81 C8 25 35  |..rs.....B...%5
000053A0:  86 54 4B B6 CD B0 36 93 09 5C D2 AF 32 58 C2 88  .TK...6..\..2X..
000053B0:  DC BE 21 34 EF B9 C6 76 44 9A AF 31 DC 30 EE 76  ..!4...vD..1.0.v
000053C0:  5F 1A 24 04 F5 27 46 5E 0C 12 7D A5 92 B6 2A F1  _.$..'F^..}...*.
000053D0:  AA 7B F4 98 08 DA 07 BC CD 25 F6 F2 73 C7 81 74  .{.......%..s..t
000053E0:  28 B8 63 AA F2 00 8F C6 D5 C7 9E 64 79 82 09 2A  (.c........dy..*
000053F0:  04 89 74 FA 3D 1D A4 5B D9 0E 81 47 51 48 43 3A  ..t.=..[...GQHC:
00005400:  BD 3D D9 A9 E4 1D 20 59 B0 23 F7 7F 58 84 DE 77  .=.... Y.#..X..w
00005410:  9C 09 F4 D5 9E 7F 0C C4 F6 3A 99 CF EF 51 C3 E0  .........:...Q..
00005420:  40 C6 FA 93 E8 D4 83 42 F6 DF C1 2A 67 A4 0A 95  @......B...*g...
00005430:  A1 5C 5F B0 E4 36 A5 9F 7E 43 3E 2E 5D 01 0F AF  .\_..6..~C>.]...
00005440:  D8 99 AF 51 04 CB 33 AA 36 9C 18 E7 38 73 CB 6C  ...Q..3.6...8s.l
00005450:  3B 5C 66 80 E3 0A 00 00 00 00 00 00 00 00 00 00  ;\f.............
00005460:  00 00 00 00 00 00 8C D7 44 69 B5 B0 F9 F3 DD 1A  ........Di......
00005470:  EE D6 6B EB 5F 8E 00 00 00 00 00 00 00 00 00 00  ..k._...........
00005480:  00 00 00 00 00 00 15 40 EA 87 D8 2D 3F F1 56 E9  .......@...-?.V.
00005490:  C3 F8 AC 28 B7 10 89 34 FA 0B 6A A7 5A 2B 35 BE  ...(...4..j.Z+5.
000054A0:  E1 5B 24 9D 92 5F 00 00 00 00 00 00 00 00 00 00  .[$.._..........
000054B0:  00 00 00 00 00 00 17 27 A0 A4 62 62 59 9C 21 5C  .......'..bbY.!\
000054C0:  B0 25 73 DB BD D1 AE 40 D7 94 77 13 DB A6 7E D2  .%s....@..w...~.
000054D0:  31 9B 8F 48 24 CC 00 00 00 00 00 00 00 00 00 00  1..H$...........
000054E0:  00 00 00 00 00 00 1C 2C 4C FF FD 24 5C B9 F7 4F  .......,L..$\..O
000054F0:  5D 20 EB AE C5 8D 00 00 00 00 00 00 00 00 00 00  ] ..............
00005500:  00 00 00 00 00 00 A5 9F 7E 43 3E 2E 5D 01 0F AF  ........~C>.]...
00005510:  D8 99 AF 51 04 CB 33 AA 36 9C 18 E7 38 73 CB 6C  ...Q..3.6...8s.l
00005520:  3B 5C 66 80 E3 0A 00 00 00 00 00 00 00 00 00 00  ;\f.............
00005530:  00 00 00 00 00 00 00 00 00 00 00 00 00 00 00 00  ................ [zeros]
00005540:  00 00 00 00 00 00 00 00 00 00 00 00 00 00 00 00  ................ [zeros]
00005550:  00 00 00 00 00 00 00 00 00 00 00 00 00 00 00 00  ................ [zeros]
00005560:  00 00 00 00 00 00 00 00 00 00 00 00 00 00 00 00  ................ [zeros]
00005570:  00 00 00 00 00 00 00 00 00 00 00 00 00 00 00 00  ................ [zeros]
00005580:  00 00 00 00 00 00 86 EC B8 75 4E 5E 87 D7 F5 76  .........uN^...v
00005590:  A5 B5 D7 54 7E CD D4 E4 02 D5 2B FD 13 4A DB C0  ...T~.....+..J..
000055A0:  37 AA 24 2E C5 88 3A 78 9E 42 22 96 D3 40 0B 61  7.$...:x.B"..@.a
000055B0:  03 ED A2 01 C1 BF D4 E4 02 D5 2B FD 13 4A DB C0  ..........+..J..
000055C0:  37 AA 24 2E C5 88 42 68 37 AE AD B8 6E BC 78 6B  7.$...Bh7...n.xk
000055D0:  26 D0 B0 FC 8A 36 73 45 55 74 58 D1 07 42 4C F0  &....6sEUtX..BL.
000055E0:  8B 63 A6 AA 8C B3 50 AF E8 39 C5 79 E2 BC 83 9F  .c....P..9.y....
000055F0:  77 5A D8 B3 E7 67 0B 6E 06 F7 69 DD 19 C7 5C 26  wZ...g.n..i...\&
00005600:  36 C7 FD CF 80 3F C2 34 75 1D 72 59 51 99 EE B2  6....?.4u.rYQ...
00005610:  35 14 93 76 26 06 00 00 00 00 00 00 00 00 00 00  5..v&...........
00005620:  00 00 00 00 00 00 B5 B8 02 C4 55 75 DD 26 6E D5  ..........Uu.&n.
00005630:  0D 0C 53 B2 95 7B 84 D7 8D C9 1B 4A 81 D6 93 B0  ..S..{.....J....
00005640:  8A 2F DF 08 13 B4 8F A8 E3 D8 B3 91 1B B5 77 B6  ./............w.
00005650:  25 6D 46 53 A8 EA 8D 74 BE 69 0F 63 A4 52 62 45  %mFS...t.i.c.RbE
00005660:  50 56 8B 22 49 DC C2 4D 76 32 75 23 18 AD 87 66  PV."I..Mv2u#...f
00005670:  BC 38 B7 4D 4C 67 01 9D 9F F8 47 CF 00 2A 77 00  .8.MLg....G..*w.
00005680:  43 F2 4E 9A B5 09 F8 2D 63 B9 01 F1 98 F7 E2 D0  C.N....-c.......
00005690:  37 3D C5 21 C1 2B 28 5A 5D F3 E7 D4 1B 55 3E E9  7=.!.+(Z]....U>.
000056A0:  CD 87 4F D5 E1 4D 97 00 D7 19 97 96 FC DE 73 5E  ..O..M........s^
000056B0:  50 70 8C F7 40 7C B6 B2 B2 F2 53 A7 FF FA A1 C3  Pp..@|....S.....
000056C0:  66 AE A5 B6 B2 F9 02 27 3B C4 57 26 0E 00 DA C2  f......';.W&....
000056D0:  A6 5B 1B B5 54 DD 00 00 00 00 00 00 00 00 00 00  .[..T...........
000056E0:  00 00 00 00 00 00 00 00 00 00 00 00 00 00 00 00  ................ [zeros]
000056F0:  00 00 00 00 00 00 00 00 00 00 00 00 00 00 00 00  ................ [zeros]
00005700:  00 00 00 00 00 00 00 00 00 00 00 00 00 00 00 00  ................ [zeros]
00005710:  00 00 00 00 00 00 D7 C4 14 16 AE 59 5F E9 D7 7E  ...........Y_..~
00005720:  F4 D7 07 A9 F3 C3 13 CA 31 80 B0 99 97 06 1D F1  ........1.......
00005730:  BE 48 8E 3B 57 E4 66 80 FD 0C B9 4B 92 AE 31 C0  .H.;W.f....K..1.
00005740:  7A F9 F6 35 A9 CF 3F FE D6 0E 98 A5 12 78 EB 10  z..5..?......x..
00005750:  28 3E 83 E9 2C 89 A5 2E DB 66 12 F8 1F 99 37 12  (>..,....f....7.
00005760:  50 30 CA FF 0E B1 A4 55 A3 5F 8B 38 E5 1B 78 B3  P0.....U._.8..x.
00005770:  0B F9 70 9D CF 71 12 22 7E 2B DC 33 D7 EA 5F 0A  ..p..q."~+.3.._.
00005780:  DA 01 EE 97 62 AF 83 52 9E 30 D5 01 51 87 8C B3  ....b..R.0..Q...
00005790:  8A B0 59 C1 30 87 C7 20 82 D6 F4 72 76 16 E0 78  ..Y.0.. ...rv..x
000057A0:  36 6F AF 74 BF 39 8C C2 F0 44 38 01 52 73 70 AF  6o.t.9...D8.Rsp.
000057B0:  F5 66 56 BA F4 B7 67 A0 EE 26 AA F4 71 B0 B4 5C  .fV...g..&..q..\
000057C0:  BA 77 19 50 66 12 D3 2B 7F 28 30 56 B4 7C 25 FA  .w.Pf..+.(0V.|%.
000057D0:  1D DA D9 49 89 AF FB 05 45 82 11 C2 8D E8 B8 E3  ...I....E.......
000057E0:  14 00 0F 07 1D C8 3C 59 D3 B7 94 32 2F 35 DA C5  ......<Y...2/5..
000057F0:  A4 82 93 B2 16 03 26 06 14 E5 4F 3D 58 FE 40 B7  ......&...O=X.@.
00005800:  24 1F D1 32 FC EF 92 3B FA 46 65 E4 CC B7 23 47  $..2...;.Fe...#G
00005810:  75 C1 10 F0 82 11 04 C9 DC D4 27 9D 24 BE 29 F3  u.........'.$.).
00005820:  41 2F 86 0A D9 84 88 43 87 15 7C 76 DD AC 2D 6A  A/.....C..|v..-j
00005830:  E7 83 33 DF 06 53 9F 37 74 1A D4 45 2C 9F 67 58  ..3..S.7t..E,.gX
00005840:  6F DD 6B B1 BD FD 2F B3 FF 1A D1 AA BA 76 69 85  o.k.../......vi.
00005850:  22 CB C5 49 78 1E 6A 02 E2 F5 06 17 EB 72 69 0E  "..Ix.j......ri.
00005860:  DE 85 88 DB 33 6F F8 7E 19 C0 7A 34 59 D0 92 F1  ....3o.~..z4Y...
00005870:  B8 E6 78 EC B6 D3 5F AF 5B 6D 33 42 B4 D1 A2 46  ..x..._.[m3B...F
00005880:  57 56 41 2E 09 6E 03 BD 9F AA 2B F8 2D 11 A6 91  WVA..n....+.-...
00005890:  9F D4 46 F2 C0 09 1B 0A D4 11 C6 A5 50 2C BC 59  ..F.........P,.Y
000058A0:  C7 AA 1C B6 95 EC A3 54 9C F0 98 27 1E B9 19 8B  .......T...'....
000058B0:  67 6D F3 DD 6A F7 7D C1 7A 0A 8F 23 CB E7 C0 F5  gm..j.}.z..#....
000058C0:  DF 4E 34 E7 64 28 46 A8 42 EA 7C C6 A4 B1 E8 C6  .N4.d(F.B.|.....
000058D0:  2E 1D 49 25 E0 90 39 A5 6E FD F5 BD 57 BC A4 0F  ..I%..9.n...W...
000058E0:  EF 31 1A 8A 59 0F E4 71 1D 91 FE 22 D9 A2 BD D9  .1..Y..q..."....
000058F0:  CA C0 52 5B 47 31 96 9B 2A 76 56 0D CA 53 6D BC  ..R[G1..*vV..Sm.
00005900:  92 29 05 63 9B 1B 3B 1A 19 2C F0 1D 77 C1 8B F9  .).c..;..,..w...
00005910:  A5 07 5B 98 36 24 E6 3B A7 B0 7E EE CB A4 5F 56  ..[.6$.;..~..._V
00005920:  6E 37 0A A3 54 A0 FB 08 43 63 B2 1C 53 BB C9 C7  n7..T...Cc..S...
00005930:  84 2D E4 15 09 C7 02 43 AF D2 93 64 13 CB 49 BD  .-.....C...d..I.
00005940:  2D FE 9A DD 08 FB E1 A9 C7 17 C3 58 12 40 68 BA  -..........X.@h.
00005950:  AF 7A A2 DE EE A6 89 3C 8C 3A 49 AC AC B5 CD 17  .z.....<.:I.....
00005960:  EF 74 71 C1 E5 9D 26 7D B4 8F C2 0B 23 86 DA 86  .tq...&}....#...
00005970:  95 B3 AC FF E4 1B 07 4D A9 A1 F9 B0 AD CF 44 9B  .......M......D.
00005980:  19 21 72 54 09 49 2C 9E E6 2A C2 76 11 DD FF 56  .!rT.I,..*.v...V
00005990:  7B 1C 6D DE 1B 4B 00 00 00 00 00 00 00 00 00 00  {.m..K..........
000059A0:  00 00 00 00 00 00 00 00 00 00 00 00 00 00 00 00  ................ [zeros]
000059B0:  00 00 00 00 00 00 00 00 00 00 00 00 00 00 00 00  ................ [zeros]
000059C0:  00 00 00 00 00 00 00 00 00 00 00 00 00 00 00 00  ................ [zeros]
000059D0:  00 00 00 00 00 00 00 00 00 00 00 00 00 00 00 00  ................ [zeros]
000059E0:  00 00 00 00 00 00 00 00 00 00 00 00 00 00 00 00  ................ [zeros]
000059F0:  00 00 00 00 00 00 00 00 00 00 00 00 00 00 00 00  ................ [zeros]
00005A00:  00 00 00 00 00 00 27 13 00 0E 13 2D 31 3F 1A 72  ......'....-1?.r
00005A10:  24 FF C4 2C F5 5D 22 87 7D 9B 0D E0 40 C8 BE 6D  $..,.]".}...@..m
00005A20:  8B F1 E6 58 B5 0B 23 A8 41 15 B3 55 10 38 85 B7  ...X..#.A..U.8..
00005A30:  19 7C 3C 03 A7 31 12 28 45 7E 2F 2A 88 9F 18 C6  .|<..1.(E~/*....
00005A40:  71 EE 40 8D AF FA AF 5C C0 9C CF 73 6C A7 64 4D  q.@....\...sl.dM
00005A50:  41 E1 0F 8C 9E E0 E5 E3 01 C9 DB F3 45 FF 15 3B  A...........E..;
00005A60:  E7 88 E5 99 4B D4 FC 8B 2C 26 B5 D6 EF 46 42 C9  ....K...,&...FB.
00005A70:  17 F3 F1 A9 55 56 64 41 A3 79 F3 41 10 52 B7 72  ....UVdA.y.A.R.r
00005A80:  A0 AD DA C9 7B 82 23 3D B3 D2 21 7D 51 52 3C 8E  ....{.#=..!}QR<.
00005A90:  63 B7 87 33 10 6B 82 2B 4B C4 AB A9 94 24 3E AE  c..3.k.+K....$>.
00005AA0:  82 0F 0C 5A C9 BF 09 BD 64 17 FD A9 28 90 B3 B4  ...Z....d...(...
00005AB0:  4B 02 9D D2 18 06 00 00 00 00 00 00 00 00 00 00  K...............
00005AC0:  00 00 00 00 00 00 BF 71 25 B8 38 0F 14 C4 9A DB  .......q%.8.....
00005AD0:  E0 12 34 74 9D A7 78 A3 63 0E F9 3F 39 29 51 BB  ..4t..x.c..?9)Q.
00005AE0:  13 F2 37 1B C9 9E 00 00 00 00 00 00 00 00 00 00  ..7.............
00005AF0:  00 00 00 00 00 00 00 00 00 00 00 00 00 00 00 00  ................ [zeros]
00005B00:  00 00 00 00 00 00 00 00 00 00 00 00 00 00 00 00  ................ [zeros]
00005B10:  00 00 00 00 00 00 00 00 00 00 00 00 00 00 00 00  ................ [zeros]
00005B20:  00 00 00 00 00 00 00 00 00 00 00 00 00 00 00 00  ................ [zeros]
00005B30:  00 00 00 00 00 00 00 00 00 00 00 00 00 00 00 00  ................ [zeros]
00005B40:  00 00 00 00 00 00 00 00 00 00 00 00 00 00 00 00  ................ [zeros]
00005B50:  00 00 00 00 00 00 00 00 00 00 00 00 00 00 00 00  ................ [zeros]
00005B60:  00 00 00 00 00 00 00 00 00 00 00 00 00 00 00 00  ................ [zeros]
00005B70:  00 00 00 00 00 00 00 00 00 00 00 00 00 00 00 00  ................ [zeros]
00005B80:  00 00 00 00 00 00 00 00 00 00 00 00 00 00 00 00  ................ [zeros]
00005B90:  00 00 00 00 00 00 00 00 00 00 00 00 00 00 00 00  ................ [zeros]
00005BA0:  00 00 00 00 00 00 00 00 00 00 00 00 00 00 00 00  ................ [zeros]
00005BB0:  00 00 00 00 00 00 38 4A 10 F8 13 D7 82 DF FD 4F  ......8J.......O
00005BC0:  2E 99 A4 D6 5A D8 AC BA 80 FF EF CE BC EB F7 AB  ....Z...........
00005BD0:  D0 7C 8C 8D E7 F4 00 00 00 00 00 00 00 00 00 00  .|..............
00005BE0:  00 00 00 00 00 00 74 37 19 3A 47 9D 82 F0 A2 69  ......t7.:G....i
00005BF0:  6C 23 95 03 2E 46 04 66 29 C5 CA 76 4C 8B 36 2B  l#...F.f)..vL.6+
00005C00:  26 C2 EF A9 7D C2 54 11 50 3F D3 0B B7 FB C0 6A  &...}.T.P?.....j
00005C10:  F2 E2 44 43 4C 55 00 00 00 00 00 00 00 00 00 00  ..DCLU..........
00005C20:  00 00 00 00 00 00 3A CD 7D 05 AE 99 08 F8 16 43  ......:.}......C
00005C30:  86 20 A1 E3 D4 BC 68 06 08 20 96 F8 53 E6 CC AB  . ....h.. ..S...
00005C40:  8B 02 BA D7 BE 9D CD 9E 97 2E E1 8F 22 A5 EA 81  ............"...
00005C50:  F7 2F 76 07 4D 2B 7F 3B 16 94 E4 06 84 71 F5 B3  ./v.M+.;.....q..
00005C60:  33 6A AA 87 ED DD 40 F5 BC AA 1F F5 80 FC A9 D6  3j....@.........
00005C70:  DB D6 83 7A 7E 89 63 90 CA 32 68 FD CE E9 52 E1  ...z~.c..2h...R.
00005C80:  91 4E B6 FD 66 7F 10 9F FC 29 15 A8 91 EC 24 46  .N..f....)....$F
00005C90:  E7 00 CB F6 2F D1 00 29 C2 BE 5F EF 62 2A 62 98  ..../..).._.b*b.
00005CA0:  0F DE DB BD 9A A9 09 A3 F3 B9 51 55 67 51 D2 B9  ..........QUgQ..
00005CB0:  2F 24 20 6C 73 4D 05 97 7E 1D 42 E2 7B AD 7E AE  /$ lsM..~.B.{.~.
00005CC0:  19 EB 5D 8A F4 05 99 C5 25 0C 26 BF 46 A7 2F 56  ..].....%.&.F./V
00005CD0:  0B 71 A0 A3 17 33 23 4D A7 07 E9 99 B6 FD 90 E0  .q...3#M........
00005CE0:  9D AD C3 31 E8 57 57 B4 EF 4B 38 3B 25 CA D3 77  ...1.WW..K8;%..w
00005CF0:  E4 CF 15 E4 78 95 ED 88 95 19 2C 93 C8 67 7A 94  ....x.....,..gz.
00005D00:  92 05 AE E3 44 08 40 9F 9F 2D A4 76 C6 6B 0B 39  ....D.@..-.v.k.9
00005D10:  A7 1E 3A 19 38 B0 BC 90 F6 33 B4 D4 8D 7B 85 5B  ..:.8....3...{.[
00005D20:  DA 7D 6B FA C1 D3 D1 D7 9F F7 0A 13 6D C7 64 EA  .}k.........m.d.
00005D30:  73 CC DD 56 4F 95 24 B2 7F 4A 77 53 ED 75 B4 D5  s..VO.$..JwS.u..
00005D40:  27 E7 1B 34 ED 3E 38 9A 35 AD 52 CF 40 C4 CC AE  '..4.>8.5.R.@...
00005D50:  4E 74 3B 47 E1 1F D9 62 E3 A6 E8 71 FE 21 6D E4  Nt;G...b...q.!m.
00005D60:  2A 76 5C 23 F8 5B 4A AE 74 F5 D9 0C A5 13 01 32  *v\#.[J.t......2
00005D70:  BE A8 2C CB 4E 85 6F 18 B3 E5 31 99 41 0F 3D 32  ..,.N.o...1.A.=2
00005D80:  26 B5 43 C8 DE E6 2C 1F F4 19 65 94 A0 B5 0E B1  &.C...,...e.....
00005D90:  98 C0 82 08 70 D7 DC 69 CA 2F 58 BD 4B 85 9B F0  ....p..i./X.K...
00005DA0:  B6 01 A3 E2 6C 1C 1C 2D C4 AD F3 CD FE 26 46 12  ....l..-.....&F.
00005DB0:  43 11 35 CD DE 41 C5 DB FD 1E 55 04 C5 8D AE 44  C.5..A....U....D
00005DC0:  A1 6C 18 81 89 9B AC BA 80 FF EF CE BC EB F7 AB  .l..............
00005DD0:  D0 7C 8C 8D E7 F4 0F F4 A4 89 8E 72 BA 4F 2F 69  .|.........r.O/i
00005DE0:  2C 22 C9 17 F0 EA 88 84 09 5A CF 42 1B 94 19 CC  ,".......Z.B....
00005DF0:  9C A4 79 E9 9A E1 00 00 00 00 00 00 00 00 00 00  ..y.............
00005E00:  00 00 00 00 00 00 00 00 00 00 00 00 00 00 00 00  ................ [zeros]
00005E10:  00 00 00 00 00 00 00 00 00 00 00 00 00 00 00 00  ................ [zeros]
00005E20:  00 00 00 00 00 00 00 00 00 00 00 00 00 00 00 00  ................ [zeros]
00005E30:  00 00 00 00 00 00 00 00 00 00 00 00 00 00 00 00  ................ [zeros]
00005E40:  00 00 00 00 00 00 00 00 00 00 00 00 00 00 00 00  ................ [zeros]
00005E50:  00 00 00 00 00 00 00 00 00 00 00 00 00 00 00 00  ................ [zeros]
00005E60:  00 00 00 00 00 00 00 00 00 00 00 00 00 00 00 00  ................ [zeros]
00005E70:  00 00 00 00 00 00 00 00 00 00 00 00 00 00 00 00  ................ [zeros]
00005E80:  00 00 00 00 00 00 00 00 00 00 00 00 00 00 00 00  ................ [zeros]
00005E90:  00 00 00 00 00 00 00 00 00 00 00 00 00 00 00 00  ................ [zeros]
00005EA0:  00 00 00 00 00 00 00 00 00 00 00 00 00 00 00 00  ................ [zeros]
00005EB0:  00 00 00 00 00 00 00 00 00 00 00 00 00 00 00 00  ................ [zeros]
00005EC0:  00 00 00 00 00 00 00 00 00 00 00 00 00 00 00 00  ................ [zeros]
00005ED0:  00 00 00 00 00 00 4B F0 C4 5C 11 46 6B 2D 04 C0  ......K..\.Fk-..
00005EE0:  85 0D A3 8C 2A 46 00 00 00 00 00 00 00 00 00 00  ....*F..........
00005EF0:  00 00 00 00 00 00 1F 05 C7 47 14 BD 89 16 AE 0A  .........G......
00005F00:  0A 6B BB 57 6D 11 B8 68 C9 6F 90 37 CE 22 7C 52  .k.Wm..h.o.7."|R
00005F10:  11 8A BF 24 F7 03 66 39 36 9E DF 77 72 D6 E4 0F  ...$..f96..wr...
00005F20:  45 72 BE 19 8E 38 AA BD 7A 55 E0 05 FB CF 4F 39  Er...8..zU....O9
00005F30:  78 E1 35 29 95 21 38 4A 10 F8 13 D7 82 DF FD 4F  x.5).!8J.......O
00005F40:  2E 99 A4 D6 5A D8 71 3A D6 2B 92 50 E7 AC 28 6C  ....Z.q:.+.P..(l
00005F50:  CD 16 C6 39 A4 B0 97 D0 65 58 2B E0 3D E1 DC 3C  ...9....eX+.=..<
00005F60:  BC 28 DD 38 63 0A CA F0 A2 6E 66 BE 29 9F 54 AB  .(.8c....nf.).T.
00005F70:  2E A6 09 01 E8 6F 5F B0 D7 35 98 60 99 39 12 B1  .....o_..5.`.9..
00005F80:  A3 AC 0F A7 E7 95 20 DE E7 A0 1C B0 FC 3D 33 8A  ...... ......=3.
00005F90:  F4 CD F5 E5 7D 9E 1E EF 30 39 04 B7 D0 AE 55 C5  ....}...09....U.
00005FA0:  C4 9D 92 38 47 C8 A3 DF F5 4D D8 A7 08 D0 C8 FB  ...8G....M......
00005FB0:  44 B4 09 7E 7B FC 59 56 4B AA BB B0 1E D6 0D 8D  D..~{.YVK.......
00005FC0:  B5 1C 4B B8 C6 54 87 F8 8B B8 1C 2B E2 71 09 CA  ..K..T.....+.q..
00005FD0:  54 8D 60 65 89 34 B7 79 77 59 B9 DE 09 96 5C 05  T.`e.4.ywY....\.
00005FE0:  44 26 D9 9A 2D 23 BB CC A7 CB 84 FF CB 19 72 85  D&..-#........r.
00005FF0:  EE ED 42 3E 72 7A A2 BB BF 86 0F BD 68 A9 F1 40  ..B>rz......h..@
00006000:  2F 16 E7 9A B6 66 55 9A 94 99 5B 27 5D 9D 7A 8F  /....fU...['].z.
00006010:  91 DB F3 41 E2 91 DE BC 5F 10 6B B0 31 96 0B D2  ...A...._.k.1...
00006020:  8C 1E 26 9E 8D 53 39 F3 C0 7E 72 68 1E 6F 75 12  ..&..S9..~rh.ou.
00006030:  74 79 03 8A 8D 1B 28 8C 65 85 9C 52 B4 2A 65 02  ty....(.e..R.*e.
00006040:  1E 99 FD D4 F2 DD 88 1E C7 BD 7D 0F 07 70 95 CB  ..........}..p..
00006050:  15 1C D6 18 D4 17 6C 61 A3 6C 7A 96 AD 93 92 E3  ......la.lz.....
00006060:  26 70 C9 EB 13 1C 9A E7 91 14 F9 65 3C 80 CF A5  &p.........e<...
00006070:  A0 BC E2 83 C7 D3 ED 02 EB 6C 6D 7E 26 9A 41 3C  .........lm~&.A<
00006080:  2A E1 C8 5D 81 5D 84 B4 A7 7F C0 DB 4F D1 56 5D  *..].]......O.V]
00006090:  F9 03 FF 94 6B 76 0F F4 9C 77 74 9E A7 1C 37 7A  ....kv...wt...7z
000060A0:  F9 39 B0 61 ED 66 5F 3E F5 4E 12 DB 98 F5 72 A0  .9.a.f_>.N....r.
000060B0:  AE 64 9A 0B 3C 3B 80 7E 2D 26 31 DD 1F 63 6A BA  .d..<;.~-&1..cj.
000060C0:  A8 40 74 5A 7A 36 DF 2A FE 74 08 1E 6C 73 82 5B  .@tZz6.*.t..ls.[
000060D0:  9F 5E 4B C8 EC 86 2C 9E E6 2A C2 76 11 DD FF 56  .^K...,..*.v...V
000060E0:  7B 1C 6D DE 1B 4B B6 46 75 48 5E 1E CD EA 36 CF  {.m..K.FuH^...6.
000060F0:  51 97 52 13 D4 34 00 00 00 00 00 00 00 00 00 00  Q.R..4..........
00006100:  00 00 00 00 00 00 00 00 00 00 00 00 00 00 00 00  ................ [zeros]
00006110:  00 00 00 00 00 00 00 00 00 00 00 00 00 00 00 00  ................ [zeros]
00006120:  00 00 00 00 00 00 00 00 00 00 00 00 00 00 00 00  ................ [zeros]
00006130:  00 00 00 00 00 00 CD 24 4E C9 97 6D 53 70 38 92  .......$N..mSp8.
00006140:  51 80 44 55 70 1C 76 67 75 6C B6 02 1D 96 63 58  Q.DUp.vgul....cX
00006150:  B1 7B 91 D7 0B 97 04 1A A5 8A E1 6D 6B A9 38 5C  .{.........mk.8\
00006160:  38 BF 17 47 0B 0A 01 30 80 69 FD 01 90 5D 51 AD  8..G...0.i...]Q.
00006170:  A0 21 65 20 E7 12 6A 3E FF 86 C7 FF D2 71 5F 96  .!e ..j>.....q_.
00006180:  FA 47 9D 5C 2E D1 00 00 00 00 00 00 00 00 00 00  .G.\............
00006190:  00 00 00 00 00 00 00 00 00 00 00 00 00 00 00 00  ................ [zeros]
000061A0:  00 00 00 00 00 00 00 00 00 00 00 00 00 00 00 00  ................ [zeros]
000061B0:  00 00 00 00 00 00 00 00 00 00 00 00 00 00 00 00  ................ [zeros]
000061C0:  00 00 00 00 00 00 00 00 00 00 00 00 00 00 00 00  ................ [zeros]
000061D0:  00 00 00 00 00 00 00 00 00 00 00 00 00 00 00 00  ................ [zeros]
000061E0:  00 00 00 00 00 00 00 00 00 00 00 00 00 00 00 00  ................ [zeros]
000061F0:  00 00 00 00 00 00 00 00 00 00 00 00 00 00 00 00  ................ [zeros]
00006200:  00 00 00 00 00 00 00 00 00 00 00 00 00 00 00 00  ................ [zeros]
00006210:  00 00 00 00 00 00 00 00 00 00 00 00 00 00 00 00  ................ [zeros]
00006220:  00 00 00 00 00 00 00 00 00 00 00 00 00 00 00 00  ................ [zeros]
00006230:  00 00 00 00 00 00 34 9E 7F 32 F2 F7 AF AC 0A 03  ......4..2......
00006240:  91 63 D5 54 36 3C EC 79 4B 46 7E 3D C1 92 1A C4  .c.T6<.yKF~=....
00006250:  F3 08 4A EA E1 48 95 F7 04 B9 EA 0E 63 51 37 AE  ..J..H......cQ7.
00006260:  1A 29 03 F5 E9 33 38 4A 10 F8 13 D7 82 DF FD 4F  .)...38J.......O
00006270:  2E 99 A4 D6 5A D8 00 00 00 00 00 00 00 00 00 00  ....Z...........
00006280:  00 00 00 00 00 00 00 00 00 00 00 00 00 00 00 00  ................ [zeros]
00006290:  00 00 00 00 00 00 00 00 00 00 00 00 00 00 00 00  ................ [zeros]
000062A0:  00 00 00 00 00 00 00 00 00 00 00 00 00 00 00 00  ................ [zeros]
000062B0:  00 00 00 00 00 00 00 00 00 00 00 00 00 00 00 00  ................ [zeros]
000062C0:  00 00 00 00 00 00 C7 27 CB 18 53 08 18 1B 48 AB  .......'..S...H.
000062D0:  31 39 94 34 C3 12 12 D5 83 24 6D 6C 61 EE C4 54  19.4.....$mla..T
000062E0:  32 D2 5E 6A 70 7D 00 00 00 00 00 00 00 00 00 00  2.^jp}..........
000062F0:  00 00 00 00 00 00 00 00 00 00 00 00 00 00 00 00  ................ [zeros]
00006300:  00 00 00 00 00 00 00 00 00 00 00 00 00 00 00 00  ................ [zeros]
00006310:  00 00 00 00 00 00 00 00 00 00 00 00 00 00 00 00  ................ [zeros]
00006320:  00 00 00 00 00 00 00 00 00 00 00 00 00 00 00 00  ................ [zeros]
00006330:  00 00 00 00 00 00 00 00 00 00 00 00 00 00 00 00  ................ [zeros]
00006340:  00 00 00 00 00 00 00 00 00 00 00 00 00 00 00 00  ................ [zeros]
00006350:  00 00 00 00 00 00 00 00 00 00 00 00 00 00 00 00  ................ [zeros]
00006360:  00 00 00 00 00 00 00 00 00 00 00 00 00 00 00 00  ................ [zeros]
00006370:  00 00 00 00 00 00 00 00 00 00 00 00 00 00 00 00  ................ [zeros]
00006380:  00 00 00 00 00 00 00 00 00 00 00 00 00 00 00 00  ................ [zeros]
00006390:  00 00 00 00 00 00 D0 75 73 6D B3 43 72 DF 3A 67  .......usm.Cr.:g
000063A0:  CE 12 B0 F6 C8 F3 BC 38 49 0F D5 BB 7A AF F2 81  .......8I...z...
000063B0:  E8 46 2A 2D 4B 3E BD CE 2E 23 12 4A B2 79 F2 99  .F*-K>...#.J.y..
000063C0:  05 BA 4C 8B 01 D7 AE 3B 84 19 6C 69 75 04 92 BF  ..L....;..liu...
000063D0:  1E F2 EA C5 7B 88 0F F4 A4 89 8E 72 BA 4F 2F 69  ....{......r.O/i
000063E0:  2C 22 C9 17 F0 EA 00 00 00 00 00 00 00 00 00 00  ,"..............
000063F0:  00 00 00 00 00 00 00 00 00 00 00 00 00 00 00 00  ................ [zeros]
00006400:  00 00 00 00 00 00 00 00 00 00 00 00 00 00 00 00  ................ [zeros]
00006410:  00 00 00 00 00 00 00 00 00 00 00 00 00 00 00 00  ................ [zeros]
00006420:  00 00 00 00 00 00 00 00 00 00 00 00 00 00 00 00  ................ [zeros]
00006430:  00 00 00 00 00 00 CD 57 8C F1 30 63 89 35 8C 11  .......W..0c.5..
00006440:  1B 90 C9 22 4D A7 53 2F 54 0E 7E 0E 47 1B 8A 04  ..."M.S/T.~.G...
00006450:  55 DD D4 96 8A C7 00 00 00 00 00 00 00 00 00 00  U...............
00006460:  00 00 00 00 00 00 00 00 00 00 00 00 00 00 00 00  ................ [zeros]
00006470:  00 00 00 00 00 00 00 00 00 00 00 00 00 00 00 00  ................ [zeros]
00006480:  00 00 00 00 00 00 00 00 00 00 00 00 00 00 00 00  ................ [zeros]
00006490:  00 00 00 00 00 00 00 00 00 00 00 00 00 00 00 00  ................ [zeros]
000064A0:  00 00 00 00 00 00 00 00 00 00 00 00 00 00 00 00  ................ [zeros]
000064B0:  00 00 00 00 00 00 00 00 00 00 00 00 00 00 00 00  ................ [zeros]
000064C0:  00 00 00 00 00 00 00 00 00 00 00 00 00 00 00 00  ................ [zeros]
000064D0:  00 00 00 00 00 00 00 00 00 00 00 00 00 00 00 00  ................ [zeros]
000064E0:  00 00 00 00 00 00 00 00 00 00 00 00 00 00 00 00  ................ [zeros]
000064F0:  00 00 00 00 00 00 00 00 00 00 00 00 00 00 00 00  ................ [zeros]
00006500:  00 00 00 00 00 00 7C 02 BE 6B B2 64 FA 70 C8 38  ......|..k.d.p.8
00006510:  61 B9 CB F2 60 51 7F F9 95 F7 CB E7 A5 E6 9B 0D  a...`Q..........
00006520:  3E 41 2A 38 0F 59 9D 20 66 FD 37 A9 B1 E3 C2 A4  >A*8.Y. f.7.....
00006530:  24 D4 9A 2B CA 19 6C 0D A5 B6 18 F1 34 4C A4 8F  $..+..l.....4L..
00006540:  64 DE 56 BF FE 73 48 24 EE CC 56 32 F2 77 8D 0D  d.V..sH$..V2.w..
00006550:  10 D6 69 3B 59 04 F3 6A 5B DE BE 2E 67 32 91 A2  ..i;Y..j[...g2..
00006560:  4E F1 66 36 D8 16 C4 1E 2D A3 C5 B7 D9 05 1B 89  N.f6....-.......
00006570:  24 02 FD E8 E3 66 86 A9 A0 B8 BC C2 45 0A E2 71  $....f......E..q
00006580:  41 52 5B 43 47 60 C4 C0 33 71 4A A5 4A 74 B1 05  AR[CG`..3qJ.Jt..
00006590:  5C 82 77 0D 0E AE CA 2C 18 F0 2C DD 51 99 C7 07  \.w....,..,.Q...
000065A0:  97 2C D2 B1 42 D2 1B 0F 18 B0 0B B6 A8 ED DA 08  .,..B...........
000065B0:  C5 D5 82 67 27 B9 44 6F EF BC 58 9D 82 B3 C2 95  ...g'.Do..X.....
000065C0:  46 43 88 94 F9 79 2A D3 25 07 7B F9 BE CB 1E 7B  FC...y*.%.{....{
000065D0:  F2 4B 16 9F 8E F6 47 BE 6C 42 47 CA 53 EF EF 4F  .K....G.lBG.S..O
000065E0:  08 FB 61 BF 16 2C E2 A5 BD 68 ED FD E6 3C FC D4  ..a..,...h...<..
000065F0:  E0 D5 1E 8E E2 6B 55 6B 52 EE 26 5C A2 CD 8C B4  .....kUkR.&\....
00006600:  5D 64 02 87 91 C8 E6 49 40 AF 8A 84 FE EF 54 A6  ]d.....I@.....T.
00006610:  6B 87 8D 10 E3 EA 13 5E A4 E2 9A 27 12 F6 60 F2  k......^...'..`.
00006620:  2F 87 90 66 8E 56 E0 88 31 6E 49 46 53 F8 23 10  /..f.V..1nIFS.#.
00006630:  D0 81 DF 17 8E ED 32 82 C0 8A 84 9C FE 01 FD AB  ......2.........
00006640:  4A B9 5C 17 2E E1 9F 59 1F B5 D2 66 1B B5 5F 1C  J.\....Y...f.._.
00006650:  BC 1E 4D AF D3 8E 8B 61 14 61 59 1D 25 72 D4 30  ..M....a.aY.%r.0
00006660:  70 98 C2 98 03 65 3A 5D 0D 63 34 50 21 C0 C5 6B  p....e:].c4P!..k
00006670:  59 77 BB DA A7 C4 00 00 00 00 00 00 00 00 00 00  Yw..............
00006680:  00 00 00 00 00 00 CC 21 DF F7 63 96 3A EA 7E A7  .......!..c.:.~.
00006690:  5A A9 2D 30 27 0E DA 1C 1C A3 3D 7A 01 4A 8B 25  Z.-0'.....=z.J.%
000066A0:  C6 2E E6 07 51 8F 3E 02 24 F6 BA 0D 40 87 BF 4B  ....Q.>.$...@..K
000066B0:  6A 79 31 93 5B CC 00 00 00 00 00 00 00 00 00 00  jy1.[...........
000066C0:  00 00 00 00 00 00 EB 2C F0 93 56 94 83 B4 FC 7F  .......,..V.....
000066D0:  FC D1 F6 80 F3 34 BF D5 36 CB F1 BC 7C 19 AD 5D  .....4..6...|..]
000066E0:  ED 38 66 C5 84 F4 A3 EF 14 A6 BC 01 F3 D3 C5 0C  .8f.............
000066F0:  CC CF DD BC 34 45 A6 E9 66 F3 E4 13 99 CF 39 9D  ....4E..f.....9.
00006700:  9B 1F 3E 85 1A DD 3D BC B8 4E E5 7D 85 9E 69 91  ..>...=..N.}..i.
00006710:  4F D1 FF 75 FD E5 00 00 00 00 00 00 00 00 00 00  O..u............
00006720:  00 00 00 00 00 00 AE 3B 84 19 6C 69 75 04 92 BF  .......;..liu...
00006730:  1E F2 EA C5 7B 88 2F 70 F0 01 1A 42 A0 3A AC 17  ....{./p...B.:..
00006740:  13 43 4C E0 58 96 8B 61 14 61 59 1D 25 72 D4 30  .CL.X..a.aY.%r.0
00006750:  70 98 C2 98 03 65 3A 5D 0D 63 34 50 21 C0 C5 6B  p....e:].c4P!..k
00006760:  59 77 BB DA A7 C4 00 00 00 00 00 00 00 00 00 00  Yw..............
00006770:  00 00 00 00 00 00 BB 0C AC 39 92 22 D9 2A 2E 0A  .........9.".*..
00006780:  5D 2F 03 87 28 8D 00 00 00 00 00 00 00 00 00 00  ]/..(...........
00006790:  00 00 00 00 00 00 00 00 00 00 00 00 00 00 00 00  ................ [zeros]
000067A0:  00 00 00 00 00 00 00 00 00 00 00 00 00 00 00 00  ................ [zeros]
000067B0:  00 00 00 00 00 00 00 00 00 00 00 00 00 00 00 00  ................ [zeros]
000067C0:  00 00 00 00 00 00 00 00 00 00 00 00 00 00 00 00  ................ [zeros]
000067D0:  00 00 00 00 00 00 00 00 00 00 00 00 00 00 00 00  ................ [zeros]
000067E0:  00 00 00 00 00 00 00 00 00 00 00 00 00 00 00 00  ................ [zeros]
000067F0:  00 00 00 00 00 00 00 00 00 00 00 00 00 00 00 00  ................ [zeros]
00006800:  00 00 00 00 00 00 00 00 00 00 00 00 00 00 00 00  ................ [zeros]
00006810:  00 00 00 00 00 00 00 00 00 00 00 00 00 00 00 00  ................ [zeros]
00006820:  00 00 00 00 00 00 00 00 00 00 00 00 00 00 00 00  ................ [zeros]
00006830:  00 00 00 00 00 00 00 00 00 00 00 00 00 00 00 00  ................ [zeros]
00006840:  00 00 00 00 00 00 00 00 00 00 00 00 00 00 00 00  ................ [zeros]
00006850:  00 00 00 00 00 00 A9 04 88 EF 18 E6 1A BA 64 CE  ..............d.
00006860:  DE 30 AE 8E C2 08 6D B6 99 C0 2B 39 89 40 04 5E  .0....m...+9.@.^
00006870:  C7 47 B3 31 F3 0E 00 00 00 00 00 00 00 00 00 00  .G.1............
00006880:  00 00 00 00 00 00 9B C0 03 C7 0A CA 38 45 B6 59  ............8E.Y
00006890:  5F E7 2C 9E BB F9 00 00 00 00 00 00 00 00 00 00  _.,.............
000068A0:  00 00 00 00 00 00 17 B5 73 EC 18 9E 7F F6 71 9D  ........s.....q.
000068B0:  CA 0F A7 D6 2F 61 C8 6A 51 F4 CC 50 48 B5 8C 22  ..../a.jQ..PH.."
000068C0:  FB 73 AF D9 AC 0F FF F4 30 7E 5E 1E BF 19 5A 70  .s......0~^...Zp
000068D0:  3D 3E 70 9B A7 19 8E E0 1C 79 B9 9C 0E 04 BF 79  =>p......y.....y
000068E0:  EA 8F F1 7D 03 1F 9B 6C F7 A2 1C 68 9E 15 FE EE  ...}...l...h....
000068F0:  28 23 5C 1B 4C AA AD 9E 1E D0 36 22 43 45 EE 46  (#\.L.....6"CE.F
00006900:  CD 42 0A B9 19 8F 4D C0 D0 B8 C1 09 3E 1D AB 6B  .B....M.....>..k
00006910:  45 A2 79 83 B6 A5 9F ED AC 0B 2B A0 FF 1D E2 40  E.y.......+....@
00006920:  B5 79 40 07 71 61 36 EF 7F 8B A6 BA BC FF 95 31  .y@.qa6........1
00006930:  E0 F9 B0 07 B9 E0 16 D4 BD A9 F2 75 7E 77 6E 56  ...........u~wnV
00006940:  23 D2 F1 EC 59 70 BA 74 16 CE 7F 0D AA 6D 4E BC  #...Yp.t.....mN.
00006950:  00 3E FE A2 58 04 76 37 C3 85 21 EB F3 0A 82 51  .>..X.v7..!....Q
00006960:  AC 3F B6 EC DA B0 E0 6F 53 C9 95 4A 6C 16 5F 33  .?.....oS..Jl._3
00006970:  CE F3 00 57 36 87 88 FB 55 28 55 2F C6 5B F7 AC  ...W6...U(U/.[..
00006980:  7C A8 FD BF 32 A9 0D CD 05 33 CC 43 59 47 B0 B2  |...2....3.CYG..
00006990:  F9 CE 38 B8 1C 06 D9 5A F2 9A 9E A1 C4 A3 D2 91  ..8....Z........
000069A0:  3A 16 E5 C0 DA 79 A1 12 22 E6 B9 9E 92 7E A7 C5  :....y.."....~..
000069B0:  AA 47 01 62 DF EA 2D 57 B6 EA C1 69 36 E1 8E 07  .G.b..-W...i6...
000069C0:  A5 6F 37 F2 39 D6 00 00 00 00 00 00 00 00 00 00  .o7.9...........
000069D0:  00 00 00 00 00 00 00 00 00 00 00 00 00 00 00 00  ................ [zeros]
000069E0:  00 00 00 00 00 00 00 00 00 00 00 00 00 00 00 00  ................ [zeros]
000069F0:  00 00 00 00 00 00 EB 2C F0 93 56 94 83 B4 FC 7F  .......,..V.....
00006A00:  FC D1 F6 80 F3 34 00 00 00 00 00 00 00 00 00 00  .....4..........
00006A10:  00 00 00 00 00 00 00 00 00 00 00 00 00 00 00 00  ................ [zeros]
00006A20:  00 00 00 00 00 00 D8 B4 35 87 25 D1 C2 77 57 A5  ........5.%..wW.
00006A30:  3D 1E 54 F9 4E 08 00 00 00 00 00 00 00 00 00 00  =.T.N...........
00006A40:  00 00 00 00 00 00 00 00 00 00 00 00 00 00 00 00  ................ [zeros]
00006A50:  00 00 00 00 00 00 5F 74 2A 32 6C C2 A8 C7 BF 5A  ......_t*2l....Z
00006A60:  2B DA DE C4 5B 09 00 00 00 00 00 00 00 00 00 00  +...[...........
00006A70:  00 00 00 00 00 00 00 00 00 00 00 00 00 00 00 00  ................ [zeros]
00006A80:  00 00 00 00 00 00 00 00 00 00 00 00 00 00 00 00  ................ [zeros]
00006A90:  00 00 00 00 00 00 E9 05 6A 87 1E BF BA 47 37 D1  ........j....G7.
00006AA0:  BF 63 B6 E0 57 80 00 00 00 00 00 00 00 00 00 00  .c..W...........
00006AB0:  00 00 00 00 00 00 00 00 00 00 00 00 00 00 00 00  ................ [zeros]
00006AC0:  00 00 00 00 00 00 DB F0 22 E6 DE BA E4 96 9B 4A  ........"......J
00006AD0:  B2 EE C1 9B 36 77 00 00 00 00 00 00 00 00 00 00  ....6w..........
00006AE0:  00 00 00 00 00 00 00 00 00 00 00 00 00 00 00 00  ................ [zeros]
00006AF0:  00 00 00 00 00 00 87 FC 4D 11 84 D1 7A 1A 93 80  ........M...z...
00006B00:  A9 6B 5D 3A EB F9 00 00 00 00 00 00 00 00 00 00  .k]:............
00006B10:  00 00 00 00 00 00 00 00 00 00 00 00 00 00 00 00  ................ [zeros]
00006B20:  00 00 00 00 00 00 00 00 00 00 00 00 00 00 00 00  ................ [zeros]
00006B30:  00 00 00 00 00 00 0B B8 3E 1A 73 28 92 63 33 E8  ........>.s(.c3.
00006B40:  80 88 83 A8 29 01 E7 75 4B C4 AD B6 66 E0 66 5E  ....)..uK...f.f^
00006B50:  76 63 C3 BF 19 F4 DB F5 B4 7E 49 4D D2 EA 61 5E  vc.......~IM..a^
00006B60:  72 72 1B 98 8C CC 8A 4C 00 9D 38 27 21 B4 4D 56  rr.....L..8'!.MV
00006B70:  C0 35 9D 94 D0 4D 6A 02 E2 F5 06 17 EB 72 69 0E  .5...Mj......ri.
00006B80:  DE 85 88 DB 33 6F 3B F4 60 A6 1F 15 A7 6F 5E 7A  ....3o;.`....o^z
00006B90:  6A 7D FB 07 4E F7 5B 8D 66 F7 57 1E 7E F6 2E 7F  j}..N.[.f.W.~...
00006BA0:  21 5C FC 59 8F B1 82 95 8B 1B AA F8 3D EF 52 2F  !\.Y........=.R/
00006BB0:  53 FC 1E D5 59 76 79 4B 7C 8A DB 93 15 63 A4 DE  S...YvyK|....c..
00006BC0:  BC 30 10 14 67 D2 DB A2 B1 22 A9 1A 30 8E B0 CE  .0..g...."..0...
00006BD0:  3A 9B FF EF 3D F0 3C 09 D4 FD 45 3E B4 FB 49 2D  :...=.<...E>..I-
00006BE0:  AC 29 65 7E B5 9B 29 81 8D 66 57 7A E5 F9 9D 7D  .)e~..)..fWz...}
00006BF0:  A0 8C C2 CC BC 5A F0 40 D5 E6 C0 F0 02 74 64 F0  .....Z.@.....td.
00006C00:  74 CF F9 88 82 C3 09 84 10 00 1C D6 21 7B 1A E4  t...........!{..
00006C10:  D8 8B 09 0A 8F 98 B1 72 B1 66 F8 25 03 2E 95 63  .......r.f.%...c
00006C20:  77 8C 56 32 6D 45 58 56 BB 52 03 C3 71 FB C0 AA  w.V2mEXV.R..q...
00006C30:  4C AE 5E E8 EE 74 2F 82 90 31 1C 63 2E 37 1E BA  L.^..t/..1.c.7..
00006C40:  C1 36 71 26 43 B9 77 1F F3 F9 1A 82 8D A3 57 F3  .6q&C.w.......W.
00006C50:  B9 5E 74 D5 D6 8D 77 1F F3 F9 1A 82 8D A3 57 F3  .^t...w.......W.
00006C60:  B9 5E 74 D5 D6 8D BB 92 D6 18 8A DE A5 E3 31 95  .^t...........1.
00006C70:  6B 13 5C 40 D5 04 C6 4E 09 29 07 58 2F 2D 71 A6  k.\@...N.).X/-q.
00006C80:  40 2C 31 6C 25 2D C6 4E 09 29 07 58 2F 2D 71 A6  @,1l%-.N.).X/-q.
00006C90:  40 2C 31 6C 25 2D C6 4E 09 29 07 58 2F 2D 71 A6  @,1l%-.N.).X/-q.
00006CA0:  40 2C 31 6C 25 2D 70 6D 49 1C 69 EA 3E 6B F0 08  @,1l%-pmI.i.>k..
00006CB0:  FA 27 75 91 B7 0C 6E 33 95 C2 0F 21 0F 31 B3 B2  .'u...n3...!.1..
00006CC0:  D1 5F AD B6 9E 76 DA FF 2F 5C 3F C3 4D AA 7C 41  ._...v../\?.M.|A
00006CD0:  3F 78 B5 28 E7 14 71 77 0D 27 44 DA CD 5D 36 6A  ?x.(..qw.'D..]6j
00006CE0:  5D EC 16 9F E7 E5 4E 6C 2B 18 04 E1 B4 59 E3 C0  ].....Nl+....Y..
00006CF0:  41 19 DD 12 43 80 55 33 83 23 B0 47 F6 07 6D AD  A...C.U3.#.G..m.
00006D00:  84 91 1C 81 BE DD 8D 56 D7 40 90 62 72 0F 56 B1  .......V.@.br.V.
00006D10:  3E 04 D8 82 1C E4 30 7C 34 1C E2 9F 3E 54 F3 5D  >.....0|4...>T.]
00006D20:  80 A9 25 BD 99 86 30 7C 34 1C E2 9F 3E 54 F3 5D  ..%...0|4...>T.]
00006D30:  80 A9 25 BD 99 86 50 DD F4 FE BF 77 05 C1 01 F2  ..%...P....w....
00006D40:  C1 E9 62 16 38 23 B2 BC 80 59 67 9D C0 30 D1 84  ..b.8#...Yg..0..
00006D50:  C9 0B 7D 87 82 8F F4 9A 25 F9 59 28 B4 65 C1 AD  ..}.....%.Y(.e..
00006D60:  C5 EB 2F EC F7 18 B7 62 40 09 9F 49 9A 3E E3 3E  ../....b@..I.>.>
00006D70:  59 EE 2D 85 4E 46 44 86 88 B1 21 7D 0C 61 98 37  Y.-.NFD...!}.a.7
00006D80:  84 50 C8 00 8F 28 57 00 7E E4 20 A8 D1 8C FD F4  .P...(W.~. .....
00006D90:  36 9C 65 C1 6F 72 EC 35 03 0B 7A 84 2B 4F D6 0D  6.e.or.5..z.+O..
00006DA0:  67 CD 62 5B 74 19 60 06 24 ED 6E 48 6E 2B F1 45  g.b[t.`.$.nHn+.E
00006DB0:  E6 21 38 FF D5 22 74 7A D1 BF 67 C7 EF B9 B8 32  .!8.."tz..g....2
00006DC0:  0B 27 FA ED 64 F7 5D 1F F4 E7 AE 0E 3F D8 12 4C  .'..d.].....?..L
00006DD0:  40 DF 94 60 24 55 B2 BC 80 59 67 9D C0 30 D1 84  @..`$U...Yg..0..
00006DE0:  C9 0B 7D 87 82 8F F4 9A 25 F9 59 28 B4 65 C1 AD  ..}.....%.Y(.e..
00006DF0:  C5 EB 2F EC F7 18 B7 62 40 09 9F 49 9A 3E E3 3E  ../....b@..I.>.>
00006E00:  59 EE 2D 85 4E 46 44 86 88 B1 21 7D 0C 61 98 37  Y.-.NFD...!}.a.7
00006E10:  84 50 C8 00 8F 28 57 00 7E E4 20 A8 D1 8C FD F4  .P...(W.~. .....
00006E20:  36 9C 65 C1 6F 72 EC 35 03 0B 7A 84 2B 4F D6 0D  6.e.or.5..z.+O..
00006E30:  67 CD 62 5B 74 19 0D 47 B9 9C F5 37 4D 60 00 65  g.b[t..G...7M`.e
00006E40:  B5 F1 13 12 AE 10 C7 DE B4 60 2D E7 7D E3 0D 93  .........`-.}...
00006E50:  1E 27 29 3E 6F 7A CC C6 52 0F 7E 8E AD BB 12 52  .')>oz..R.~....R
00006E60:  0D DA 4A 41 F9 71 6A 38 76 4D 0D 95 26 70 EC 6B  ..JA.qj8vM..&p.k
00006E70:  D8 E5 FD 01 4A FC C7 38 33 49 3F 12 78 B5 FE 0F  ....J..83I?.x...
00006E80:  F7 D3 85 F5 A9 EB 00 00 00 00 00 00 00 00 00 00  ................
00006E90:  00 00 00 00 00 00 00 00 00 00 00 00 00 00 00 00  ................ [zeros]
00006EA0:  00 00 00 00 00 00 00 00 00 00 00 00 00 00 00 00  ................ [zeros]
00006EB0:  00 00 00 00 00 00 00 00 00 00 00 00 00 00 00 00  ................ [zeros]
00006EC0:  00 00 00 00 00 00 00 00 00 00 00 00 00 00 00 00  ................ [zeros]
00006ED0:  00 00 00 00 00 00 1C 82 07 6C 6D 26 D4 E3 4A 1C  .........lm&..J.
00006EE0:  59 73 22 F2 FC 76 44 7C 65 84 0E 7E 9D DF 30 01  Ys"..vD|e..~..0.
00006EF0:  BC BE CF 21 1D FB C8 C8 3D DF 33 34 E8 8E D9 24  ...!....=.34...$
00006F00:  51 D6 B1 D4 44 9D 8F B4 A2 21 66 BF 7C 86 F1 29  Q...D....!f.|..)
00006F10:  99 EF 31 B5 9B 4B 00 00 00 00 00 00 00 00 00 00  ..1..K..........
00006F20:  00 00 00 00 00 00 00 00 00 00 00 00 00 00 00 00  ................ [zeros]
00006F30:  00 00 00 00 00 00 00 00 00 00 00 00 00 00 00 00  ................ [zeros]
00006F40:  00 00 00 00 00 00 00 00 00 00 00 00 00 00 00 00  ................ [zeros]
00006F50:  00 00 00 00 00 00 00 00 00 00 00 00 00 00 00 00  ................ [zeros]
00006F60:  00 00 00 00 00 00 00 00 00 00 00 00 00 00 00 00  ................ [zeros]
00006F70:  00 00 00 00 00 00 00 00 00 00 00 00 00 00 00 00  ................ [zeros]
00006F80:  00 00 00 00 00 00 00 00 00 00 00 00 00 00 00 00  ................ [zeros]
00006F90:  00 00 00 00 00 00 00 00 00 00 00 00 00 00 00 00  ................ [zeros]
00006FA0:  00 00 00 00 00 00 00 00 00 00 00 00 00 00 00 00  ................ [zeros]
00006FB0:  00 00 00 00 00 00 00 00 00 00 00 00 00 00 00 00  ................ [zeros]
00006FC0:  00 00 00 00 00 00 A3 AB 44 3D 52 A9 0F 54 27 D3  ........D=R..T'.
00006FD0:  40 A4 B9 EA F3 AA 62 D9 B0 5E 53 C1 90 7E E4 77  @.....b..^S..~.w
00006FE0:  38 4F 27 00 2B D2 BB DC 53 5B DD AF 1C 3D 1A 17  8O'.+...S[...=..
00006FF0:  86 9C C8 67 B0 B4 00 00 00 00 00 00 00 00 00 00  ...g............
00007000:  00 00 00 00 00 00 A6 07 87 75 77 DD AE 0C 59 78  .........uw...Yx
00007010:  DE CF D4 F5 48 64 00 00 00 00 00 00 00 00 00 00  ....Hd..........
00007020:  00 00 00 00 00 00 00 00 00 00 00 00 00 00 00 00  ................ [zeros]
00007030:  00 00 00 00 00 00 00 00 00 00 00 00 00 00 00 00  ................ [zeros]
00007040:  00 00 00 00 00 00 00 00 00 00 00 00 00 00 00 00  ................ [zeros]
00007050:  00 00 00 00 00 00 00 00 00 00 00 00 00 00 00 00  ................ [zeros]
00007060:  00 00 00 00 00 00 56 4B F1 4E 04 9C BD 78 33 C7  ......VK.N...x3.
00007070:  26 C8 3A 21 BF 19 0E BC 3B D6 B6 2D 77 AC E3 AC  &.:!....;..-w...
00007080:  36 8C D2 48 82 81 00 00 00 00 00 00 00 00 00 00  6..H............
00007090:  00 00 00 00 00 00 00 00 00 00 00 00 00 00 00 00  ................ [zeros]
000070A0:  00 00 00 00 00 00 00 00 00 00 00 00 00 00 00 00  ................ [zeros]
000070B0:  00 00 00 00 00 00 00 00 00 00 00 00 00 00 00 00  ................ [zeros]
000070C0:  00 00 00 00 00 00 00 00 00 00 00 00 00 00 00 00  ................ [zeros]
000070D0:  00 00 00 00 00 00 00 00 00 00 00 00 00 00 00 00  ................ [zeros]
000070E0:  00 00 00 00 00 00 00 00 00 00 00 00 00 00 00 00  ................ [zeros]
000070F0:  00 00 00 00 00 00 00 00 00 00 00 00 00 00 00 00  ................ [zeros]
00007100:  00 00 00 00 00 00 00 00 00 00 00 00 00 00 00 00  ................ [zeros]
00007110:  00 00 00 00 00 00 00 00 00 00 00 00 00 00 00 00  ................ [zeros]
00007120:  00 00 00 00 00 00 00 00 00 00 00 00 00 00 00 00  ................ [zeros]
00007130:  00 00 00 00 00 00 66 33 EB 6B 17 C9 60 EE A0 32  ......f3.k..`..2
00007140:  C8 D9 94 E7 2C 1C 89 37 A0 01 95 27 D8 87 72 D6  ....,..7...'..r.
00007150:  05 D5 A3 6C A6 86 BA 90 B5 04 7A 33 3D 2A F4 37  ...l......z3=*.7
00007160:  CC 63 74 D9 35 4A 26 42 F2 B6 E1 A4 17 47 3E 6E  .ct.5J&B.....G>n
00007170:  79 74 8E 68 DE DD 00 00 00 00 00 00 00 00 00 00  yt.h............
00007180:  00 00 00 00 00 00 00 00 00 00 00 00 00 00 00 00  ................ [zeros]
00007190:  00 00 00 00 00 00 00 00 00 00 00 00 00 00 00 00  ................ [zeros]
000071A0:  00 00 00 00 00 00 00 00 00 00 00 00 00 00 00 00  ................ [zeros]
000071B0:  00 00 00 00 00 00 00 00 00 00 00 00 00 00 00 00  ................ [zeros]
000071C0:  00 00 00 00 00 00 84 86 F4 E2 6D D8 F2 D8 47 8C  ..........m...G.
000071D0:  58 80 2F 2F 4C DB 7C FA 49 2B 21 25 55 D3 EC 3D  X.//L.|.I+!%U..=
000071E0:  CA 55 D9 0A 08 E7 00 00 00 00 00 00 00 00 00 00  .U..............
000071F0:  00 00 00 00 00 00 00 00 00 00 00 00 00 00 00 00  ................ [zeros]
00007200:  00 00 00 00 00 00 00 00 00 00 00 00 00 00 00 00  ................ [zeros]
00007210:  00 00 00 00 00 00 00 00 00 00 00 00 00 00 00 00  ................ [zeros]
00007220:  00 00 00 00 00 00 00 00 00 00 00 00 00 00 00 00  ................ [zeros]
00007230:  00 00 00 00 00 00 00 00 00 00 00 00 00 00 00 00  ................ [zeros]
00007240:  00 00 00 00 00 00 00 00 00 00 00 00 00 00 00 00  ................ [zeros]
00007250:  00 00 00 00 00 00 00 00 00 00 00 00 00 00 00 00  ................ [zeros]
00007260:  00 00 00 00 00 00 00 00 00 00 00 00 00 00 00 00  ................ [zeros]
00007270:  00 00 00 00 00 00 00 00 00 00 00 00 00 00 00 00  ................ [zeros]
00007280:  00 00 00 00 00 00 00 00 00 00 00 00 00 00 00 00  ................ [zeros]
00007290:  00 00 00 00 00 00 BC 06 56 D1 90 2D 31 06 02 62  ........V..-1..b
000072A0:  82 31 36 5E 49 F4 6E DD 89 0A E1 28 7B 72 F0 41  .16^I.n....({r.A
000072B0:  31 CD 59 68 D1 2F 09 D4 10 A4 7A 07 36 68 EA 93  1.Yh./....z.6h..
000072C0:  2D 72 AD 5C D9 5A DC 48 41 E6 E4 D0 B1 30 51 EA  -r.\.Z.HA....0Q.
000072D0:  E2 07 0C F8 2E 2E 6D 99 E5 FC 20 38 C8 85 34 A7  ......m... 8..4.
000072E0:  FD 77 5F 19 3A 1D 48 32 6B C1 81 32 D4 7D 20 B4  .w_.:.H2k..2.} .
000072F0:  86 87 DC F5 9F 9A 75 7E 86 6D 74 0D E4 13 96 37  ......u~.mt....7
00007300:  84 2E 72 2F 5E 14 C7 25 0F 17 16 0B 33 9F 7D 14  ..r/^..%....3.}.
00007310:  33 4D A2 C9 63 DE 45 80 6E D8 6C B1 49 4E 7C 6A  3M..c.E.n.l.IN|j
00007320:  74 80 19 87 2B 45 0D 7D 7F 15 73 28 C8 D8 CF 17  t...+E.}..s(....
00007330:  A6 5B BB 24 A3 AE E6 49 40 AF 8A 84 FE EF 54 A6  .[.$...I@.....T.
00007340:  6B 87 8D 10 E3 EA 6D B7 CB E0 E3 9B 60 3B F0 42  k.....m.....`;.B
00007350:  B1 D5 89 C7 FA D5 F1 29 A6 72 B4 28 6E 90 39 45  .......).r.(n.9E
00007360:  13 B2 7E 13 89 D9 21 7C 81 9C BF 8D 21 2A 7E 25  ..~...!|....!*~%
00007370:  C3 A7 09 29 0A C8 F9 62 8C 1F DF D8 FE 77 E3 1C  ...)...b.....w..
00007380:  D0 72 5B 93 89 37 F6 D3 56 06 F8 05 D7 67 36 E4  .r[..7..V....g6.
00007390:  93 FD FC EF 3E E9 1C C3 8A 8D F3 89 B5 9B E9 38  ....>..........8
000073A0:  19 20 BA 35 83 26 F0 F8 6E C7 34 71 6A 44 1E E0  . .5.&..n.4qjD..
000073B0:  DE 03 1A D4 1E E0 80 EF 45 4C 24 99 C8 08 73 8B  ........EL$...s.
000073C0:  34 81 3A BA 32 9D 8E C3 11 69 22 0A A8 A6 52 84  4.:.2....i"...R.
000073D0:  27 6A 25 81 C9 80 FE 0F 83 BA 13 79 33 D7 02 46  'j%........y3..F
000073E0:  7F 27 6F C7 32 5C 00 00 00 00 00 00 00 00 00 00  .'o.2\..........
000073F0:  00 00 00 00 00 00 AE 3B 84 19 6C 69 75 04 92 BF  .......;..liu...
00007400:  1E F2 EA C5 7B 88 2F 70 F0 01 1A 42 A0 3A AC 17  ....{./p...B.:..
00007410:  13 43 4C E0 58 96 8B 61 14 61 59 1D 25 72 D4 30  .CL.X..a.aY.%r.0
00007420:  70 98 C2 98 03 65 3A 5D 0D 63 34 50 21 C0 C5 6B  p....e:].c4P!..k
00007430:  59 77 BB DA A7 C4 00 00 00 00 00 00 00 00 00 00  Yw..............
00007440:  00 00 00 00 00 00 CC 21 DF F7 63 96 3A EA 7E A7  .......!..c.:.~.
00007450:  5A A9 2D 30 27 0E DA 1C 1C A3 3D 7A 01 4A 8B 25  Z.-0'.....=z.J.%
00007460:  C6 2E E6 07 51 8F F5 84 26 8E 73 44 EE 62 C2 36  ....Q...&.sD.b.6
00007470:  BE 98 F3 90 C1 4C 23 59 5A D9 BF 60 29 88 F4 FC  .....L#YZ..`)...
00007480:  48 99 B8 BC A5 6B 87 FC 4D 11 84 D1 7A 1A 93 80  H....k..M...z...
00007490:  A9 6B 5D 3A EB F9 00 00 00 00 00 00 00 00 00 00  .k]:............
000074A0:  00 00 00 00 00 00 2C 9E E6 2A C2 76 11 DD FF 56  ......,..*.v...V
000074B0:  7B 1C 6D DE 1B 4B A6 E9 66 F3 E4 13 99 CF 39 9D  {.m..K..f.....9.
000074C0:  9B 1F 3E 85 1A DD 3D BC B8 4E E5 7D 85 9E 69 91  ..>...=..N.}..i.
000074D0:  4F D1 FF 75 FD E5 00 00 00 00 00 00 00 00 00 00  O..u............
000074E0:  00 00 00 00 00 00 AE 3B 84 19 6C 69 75 04 92 BF  .......;..liu...
000074F0:  1E F2 EA C5 7B 88 2F 70 F0 01 1A 42 A0 3A AC 17  ....{./p...B.:..
00007500:  13 43 4C E0 58 96 74 3A 29 27 0A 71 59 B9 0A 8C  .CL.X.t:)'.qY...
00007510:  0A 33 1E AD D1 24 00 00 00 00 00 00 00 00 00 00  .3...$..........
00007520:  00 00 00 00 00 00 00 00 00 00 00 00 00 00 00 00  ................ [zeros]
00007530:  00 00 00 00 00 00 00 00 00 00 00 00 00 00 00 00  ................ [zeros]
00007540:  00 00 00 00 00 00 00 00 00 00 00 00 00 00 00 00  ................ [zeros]
00007550:  00 00 00 00 00 00 00 00 00 00 00 00 00 00 00 00  ................ [zeros]
00007560:  00 00 00 00 00 00 00 00 00 00 00 00 00 00 00 00  ................ [zeros]
00007570:  00 00 00 00 00 00 00 00 00 00 00 00 00 00 00 00  ................ [zeros]
00007580:  00 00 00 00 00 00 00 00 00 00 00 00 00 00 00 00  ................ [zeros]
00007590:  00 00 00 00 00 00 00 00 00 00 00 00 00 00 00 00  ................ [zeros]
000075A0:  00 00 00 00 00 00 00 00 00 00 00 00 00 00 00 00  ................ [zeros]
000075B0:  00 00 00 00 00 00 00 00 00 00 00 00 00 00 00 00  ................ [zeros]
000075C0:  00 00 00 00 00 00 00 00 00 00 00 00 00 00 00 00  ................ [zeros]
000075D0:  00 00 00 00 00 00 00 00 00 00 00 00 00 00 00 00  ................ [zeros]
000075E0:  00 00 00 00 00 00 23 45 E7 78 A4 E0 B9 23 56 78  ......#E.x...#Vx
000075F0:  69 71 72 3E 30 AD AF BA 3D 36 20 0E B4 8F EF 4A  iqr>0...=6 ....J
00007600:  F1 E5 46 4F CD 74 BB 0C AC 39 92 22 D9 2A 2E 0A  ..FO.t...9.".*..
00007610:  5D 2F 03 87 28 8D 00 00 00 00 00 00 00 00 00 00  ]/..(...........
00007620:  00 00 00 00 00 00 EF 8C 5F 36 C8 33 CF A1 F2 52  ........_6.3...R
00007630:  99 B9 5F 3A B4 15 1E CC 7B 19 0D 25 E4 E3 47 8E  .._:....{..%..G.
00007640:  54 2B 33 23 CB C1 20 1D 20 A4 96 EB B8 C8 FF 17  T+3#.. . .......
00007650:  43 D1 27 BF 67 45 AB 9F 1C DC D4 31 5E 80 9C 5D  C.'.gE.....1^..]
00007660:  62 A7 25 59 B6 1C ED 8F A7 A2 59 EF 1F C7 E5 22  b.%Y......Y...."
00007670:  21 C5 B8 99 FC 44 E1 44 25 C7 FA 8D B2 40 61 29  !....D.D%....@a)
00007680:  2A 31 91 9C 33 10 66 6E 4E A4 48 97 FD 58 2E D8  *1..3.fnN.H..X..
00007690:  46 89 BC 4D D9 71 49 3C E4 F2 F6 CF 39 FA 40 13  F..M.qI<....9.@.
000076A0:  15 C9 9D C0 C8 50 A7 7D 23 E8 9C 33 38 91 E8 6D  .....P.}#..38..m
000076B0:  B8 DF C3 B7 98 B5 3F ED 8B 76 B3 D9 29 FF B3 EB  ......?..v..)...
000076C0:  A0 5A 50 CC 7D 72 6E 86 AC 3A C8 B3 85 42 2E 83  .ZP.}rn..:...B..
000076D0:  9E 04 B7 74 B3 78 A6 5B DD 5F A7 FC B2 46 E9 CC  ...t.x.[._...F..
000076E0:  97 64 62 37 16 4D 8D 0E DA 09 93 9A F2 B3 77 52  .db7.M........wR
000076F0:  75 B3 8A 98 E0 10 B2 91 29 AE A8 54 6C A0 26 27  u.......)..Tl.&'
00007700:  76 C7 05 7B C4 00 87 DF DE 36 EE 44 AD 8A 2C 69  v..{.....6.D..,i
00007710:  5A 8B 5A 87 B8 E8 CF CD A2 A7 E3 38 93 69 D5 2D  Z.Z........8.i.-
00007720:  F7 C9 B7 70 75 C2 FB DE 21 B9 0C 2A 00 51 57 A0  ...pu...!..*.QW.
00007730:  94 1E 52 4F 0A B9 FB 05 7D 02 F3 17 08 02 DF AC  ..RO....}.......
00007740:  E2 B0 49 21 0A 43 74 36 10 96 17 79 DC 7C B6 CE  ..I!.Ct6...y.|..
00007750:  CA 7D 63 10 9E 80 BB D2 A3 68 47 4C EF 71 30 21  .}c......hGL.q0!
00007760:  D6 70 5C F4 72 3C 00 00 00 00 00 00 00 00 00 00  .p\.r<..........
00007770:  00 00 00 00 00 00 00 00 00 00 00 00 00 00 00 00  ................ [zeros]
00007780:  00 00 00 00 00 00 DA 1C 1C A3 3D 7A 01 4A 8B 25  ..........=z.J.%
00007790:  C6 2E E6 07 51 8F 00 00 00 00 00 00 00 00 00 00  ....Q...........
000077A0:  00 00 00 00 00 00 00 00 00 00 00 00 00 00 00 00  ................ [zeros]
000077B0:  00 00 00 00 00 00 3E 02 24 F6 BA 0D 40 87 BF 4B  ......>.$...@..K
000077C0:  6A 79 31 93 5B CC 00 00 00 00 00 00 00 00 00 00  jy1.[...........
000077D0:  00 00 00 00 00 00 00 00 00 00 00 00 00 00 00 00  ................ [zeros]
000077E0:  00 00 00 00 00 00 00 00 00 00 00 00 00 00 00 00  ................ [zeros]
000077F0:  00 00 00 00 00 00 EB 2C F0 93 56 94 83 B4 FC 7F  .......,..V.....
00007800:  FC D1 F6 80 F3 34 00 00 00 00 00 00 00 00 00 00  .....4..........
00007810:  00 00 00 00 00 00 00 00 00 00 00 00 00 00 00 00  ................ [zeros]
00007820:  00 00 00 00 00 00 D8 B4 35 87 25 D1 C2 77 57 A5  ........5.%..wW.
00007830:  3D 1E 54 F9 4E 08 00 00 00 00 00 00 00 00 00 00  =.T.N...........
00007840:  00 00 00 00 00 00 00 00 00 00 00 00 00 00 00 00  ................ [zeros]
00007850:  00 00 00 00 00 00 5F 74 2A 32 6C C2 A8 C7 BF 5A  ......_t*2l....Z
00007860:  2B DA DE C4 5B 09 00 00 00 00 00 00 00 00 00 00  +...[...........
00007870:  00 00 00 00 00 00 00 00 00 00 00 00 00 00 00 00  ................ [zeros]
00007880:  00 00 00 00 00 00 00 00 00 00 00 00 00 00 00 00  ................ [zeros]
00007890:  00 00 00 00 00 00 E9 05 6A 87 1E BF BA 47 37 D1  ........j....G7.
000078A0:  BF 63 B6 E0 57 80 00 00 00 00 00 00 00 00 00 00  .c..W...........
000078B0:  00 00 00 00 00 00 00 00 00 00 00 00 00 00 00 00  ................ [zeros]
000078C0:  00 00 00 00 00 00 8D 86 4E 15 C6 5C 08 2D 30 DE  ........N..\.-0.
000078D0:  90 F8 C5 2B 1D 16 DD CE DC 22 71 53 0F ED B1 6F  ...+....."qS...o
000078E0:  67 C0 A7 8A 7F D0 DD CE DC 22 71 53 0F ED B1 6F  g........"qS...o
000078F0:  67 C0 A7 8A 7F D0 01 AC A8 86 68 47 5E F6 0A 02  g.........hG^...
00007900:  A5 B3 AF 4F BD CA 2F B3 FF 1A D1 AA BA 76 69 85  ...O../......vi.
00007910:  22 CB C5 49 78 1E C2 21 71 60 1C 82 7E 45 F1 40  "..Ix..!q`..~E.@
00007920:  25 94 81 F5 15 4C 3A 9E 21 A0 A9 C0 1C BE B7 A3  %....L:.!.......
00007930:  48 D3 2A 90 72 0D FC C9 54 40 14 41 8B 3C 4E E2  H.*.r...T@.A.<N.
00007940:  AE 60 FE 4E D4 11 0B 80 AB AA C4 43 32 71 02 B5  .`.N.......C2q..
00007950:  F3 28 93 0B B3 6D 32 D2 F4 56 D1 24 E2 F6 41 7D  .(...m2..V.$..A}
00007960:  63 1D 9B 06 45 A3 45 FE B7 C7 F3 AE DF 1E FD 21  c...E.E........!
00007970:  FD 10 CB 7D B5 71 1D 02 E2 0E 66 1B 92 17 1F F6  ...}.q....f.....
00007980:  F7 E8 B6 4A E3 61 37 17 9E 2E E1 35 FF 04 37 01  ...J.a7....5..7.
00007990:  0D CD B7 10 A6 FF F0 40 D5 E6 C0 F0 02 74 64 F0  .......@.....td.
000079A0:  74 CF F9 88 82 C3 09 84 10 00 1C D6 21 7B 1A E4  t...........!{..
000079B0:  D8 8B 09 0A 8F 98 B1 72 B1 66 F8 25 03 2E 95 63  .......r.f.%...c
000079C0:  77 8C 56 32 6D 45 71 43 81 F2 63 8A 13 47 AF F2  w.V2mEqC..c..G..
000079D0:  15 80 0D 09 AD FD AC EC 32 1C B4 96 43 A4 DA F8  ........2...C...
000079E0:  C2 35 6C DC 40 86 AC EC 32 1C B4 96 43 A4 DA F8  .5l.@...2...C...
000079F0:  C2 35 6C DC 40 86 AC EC 32 1C B4 96 43 A4 DA F8  .5l.@...2...C...
00007A00:  C2 35 6C DC 40 86 D7 59 B5 1D 0B E5 CB 9B D0 78  .5l.@..Y.......x
00007A10:  5D 41 39 71 9F 7F D0 AF 15 D5 12 A0 50 A4 BF A6  ]A9q........P...
00007A20:  5C 4F 7F 72 46 66 D0 AF 15 D5 12 A0 50 A4 BF A6  \O.rFf......P...
00007A30:  5C 4F 7F 72 46 66 97 50 11 10 8F B6 8F 67 AA F2  \O.rFf.P.....g..
00007A40:  BD AC 0E 75 E8 D1 DA FF 2F 5C 3F C3 4D AA 7C 41  ...u..../\?.M.|A
00007A50:  3F 78 B5 28 E7 14 71 77 0D 27 44 DA CD 5D 36 6A  ?x.(..qw.'D..]6j
00007A60:  5D EC 16 9F E7 E5 4E 6C 2B 18 04 E1 B4 59 E3 C0  ].....Nl+....Y..
00007A70:  41 19 DD 12 43 80 8D 8D EE 84 12 D4 41 65 6A 9B  A...C.......Aej.
00007A80:  A8 90 FF D6 1D 13 FD 3B 2C C2 A0 1A 6D 5D CF 92  .......;,...m]..
00007A90:  67 77 87 9B 8C AC 4C 41 B6 A8 D1 89 F3 39 54 7B  gw....LA.....9T{
00007AA0:  79 86 D9 EF CA 75 63 6A D8 81 C9 DD 83 12 BD DD  y....ucj........
00007AB0:  AD 3D 4E 62 50 E8 63 6A D8 81 C9 DD 83 12 BD DD  .=NbP.cj........
00007AC0:  AD 3D 4E 62 50 E8 63 6A D8 81 C9 DD 83 12 BD DD  .=NbP.cj........
00007AD0:  AD 3D 4E 62 50 E8 5A 4D 4E 5D E7 38 49 B3 C5 E4  .=NbP.ZMN].8I...
00007AE0:  68 86 39 C7 C7 5A 4A 3A 15 62 09 D5 44 6A 67 38  h.9..ZJ:.b..Djg8
00007AF0:  83 4D BF 8C 83 CB F3 16 D0 75 92 4B FE 04 C2 92  .M.......u.K....
00007B00:  E3 DD 81 92 7B 18 1F F7 12 66 6E 12 68 D8 37 85  ....{....fn.h.7.
00007B10:  79 F5 9D 4F F4 3F CC 42 F2 89 99 26 FC F7 38 46  y..O.?.B...&..8F
00007B20:  27 16 AC BF AB FD A8 41 DA 33 BA E5 31 85 F0 6A  '......A.3..1..j
00007B30:  27 0E F0 B8 76 4F 0D 38 E3 CC 52 56 47 1C 8D 95  '...vO.8..RVG...
00007B40:  CC 45 87 C1 6C C2 23 4D A7 07 E9 99 B6 FD 90 E0  .E..l.#M........
00007B50:  9D AD C3 31 E8 57 57 B4 EF 4B 38 3B 25 CA D3 77  ...1.WW..K8;%..w
00007B60:  E4 CF 15 E4 78 95 8E 31 B9 7F 39 2D D1 DA 7D 5C  ....x..1..9-..}\
00007B70:  96 41 22 30 DA AE 4A 3A 15 62 09 D5 44 6A 67 38  .A"0..J:.b..Djg8
00007B80:  83 4D BF 8C 83 CB F3 16 D0 75 92 4B FE 04 C2 92  .M.......u.K....
00007B90:  E3 DD 81 92 7B 18 1F F7 12 66 6E 12 68 D8 37 85  ....{....fn.h.7.
00007BA0:  79 F5 9D 4F F4 3F CC 42 F2 89 99 26 FC F7 38 46  y..O.?.B...&..8F
00007BB0:  27 16 AC BF AB FD A8 41 DA 33 BA E5 31 85 F0 6A  '......A.3..1..j
00007BC0:  27 0E F0 B8 76 4F 0B D4 35 5A 79 62 CA 0C 04 59  '...vO..5Zyb...Y
00007BD0:  22 7F FF 20 98 FB B6 4F C1 DC 27 61 C5 5B 49 E0  ".. ...O..'a.[I.
00007BE0:  A4 DF CA 40 D9 F3 B1 18 9F 92 3E C6 37 42 48 77  ...@......>.7BHw
00007BF0:  E8 2F 89 8A E5 13 AA 40 92 DF FA 43 0D E5 0D 35  ./.....@...C...5
00007C00:  2B BA C6 7E 3E 9F 31 93 BD 57 CA 1A 4D B1 5F BF  +..~>.1..W..M._.
00007C10:  4E BB 6A 69 E2 93 41 C8 88 6C 63 9C 5D EA 1F AD  N.ji..A..lc.]...
00007C20:  A4 AA 6D 26 52 BA C1 BC 89 84 D2 B6 88 92 AA A3  ..m&R...........
00007C30:  B4                                               .

; --- structure summary (block types) ---
; 0x00000060..+0xD0  data   (208 bytes)
; 0x00000130..+0x40  zeros  (64 bytes)
; 0x00000170..+0x210  data   (528 bytes)
; 0x00000380..+0x180  zeros  (384 bytes)
; 0x00000500..+0x580  data   (1408 bytes)
; 0x00000A80..+0x3F0  zeros  (1008 bytes)
; 0x00000E70..+0x20  data   (32 bytes)
; 0x00000E90..+0x3E0  zeros  (992 bytes)
; 0x00001270..+0x20  data   (32 bytes)
; 0x00001290..+0x3E0  zeros  (992 bytes)
; 0x00001670..+0x20  data   (32 bytes)
; 0x00001690..+0x3E0  zeros  (992 bytes)
; 0x00001A70..+0x2400  data   (9216 bytes)
; 0x00003E70..+0x10  zeros  (16 bytes)
; 0x00003E80..+0x40  data   (64 bytes)
; 0x00003EC0..+0x70  zeros  (112 bytes)
; 0x00003F30..+0x120  data   (288 bytes)
; 0x00004050..+0xA0  zeros  (160 bytes)
; 0x000040F0..+0x50  data   (80 bytes)
; 0x00004140..+0x160  zeros  (352 bytes)
; 0x000042A0..+0x30  data   (48 bytes)
; 0x000042D0..+0x100  zeros  (256 bytes)
; 0x000043D0..+0xE0  data   (224 bytes)
; 0x000044B0..+0x5F0  zeros  (1520 bytes)
; 0x00004AA0..+0x130  data   (304 bytes)
; 0x00004BD0..+0x100  zeros  (256 bytes)
; 0x00004CD0..+0x210  data   (528 bytes)
; 0x00004EE0..+0x40  zeros  (64 bytes)
; 0x00004F20..+0xA0  data   (160 bytes)
; 0x00004FC0..+0xA0  zeros  (160 bytes)
; 0x00005060..+0xB0  data   (176 bytes)
; 0x00005110..+0x10  zeros  (16 bytes)
; 0x00005120..+0xD0  data   (208 bytes)
; 0x000051F0..+0xC0  zeros  (192 bytes)
; 0x000052B0..+0x280  data   (640 bytes)
; 0x00005530..+0x50  zeros  (80 bytes)
; 0x00005580..+0x160  data   (352 bytes)
; 0x000056E0..+0x30  zeros  (48 bytes)
; 0x00005710..+0x290  data   (656 bytes)
; 0x000059A0..+0x60  zeros  (96 bytes)
; 0x00005A00..+0xF0  data   (240 bytes)
; 0x00005AF0..+0xC0  zeros  (192 bytes)
; 0x00005BB0..+0x250  data   (592 bytes)
; 0x00005E00..+0xD0  zeros  (208 bytes)
; 0x00005ED0..+0x230  data   (560 bytes)
; 0x00006100..+0x30  zeros  (48 bytes)
; 0x00006130..+0x60  data   (96 bytes)
; 0x00006190..+0xA0  zeros  (160 bytes)
; 0x00006230..+0x50  data   (80 bytes)
; 0x00006280..+0x40  zeros  (64 bytes)
; 0x000062C0..+0x30  data   (48 bytes)
; 0x000062F0..+0xA0  zeros  (160 bytes)
; 0x00006390..+0x60  data   (96 bytes)
; 0x000063F0..+0x40  zeros  (64 bytes)
; 0x00006430..+0x30  data   (48 bytes)
; 0x00006460..+0xA0  zeros  (160 bytes)
; 0x00006500..+0x290  data   (656 bytes)
; 0x00006790..+0xC0  zeros  (192 bytes)
; 0x00006850..+0x180  data   (384 bytes)
; 0x000069D0..+0x20  zeros  (32 bytes)
; 0x000069F0..+0x20  data   (32 bytes)
; 0x00006A10..+0x10  zeros  (16 bytes)
; 0x00006A20..+0x20  data   (32 bytes)
; 0x00006A40..+0x10  zeros  (16 bytes)
; 0x00006A50..+0x20  data   (32 bytes)
; 0x00006A70..+0x20  zeros  (32 bytes)
; 0x00006A90..+0x20  data   (32 bytes)
; 0x00006AB0..+0x10  zeros  (16 bytes)
; 0x00006AC0..+0x20  data   (32 bytes)
; 0x00006AE0..+0x10  zeros  (16 bytes)
; 0x00006AF0..+0x20  data   (32 bytes)
; 0x00006B10..+0x20  zeros  (32 bytes)
; 0x00006B30..+0x360  data   (864 bytes)
; 0x00006E90..+0x40  zeros  (64 bytes)
; 0x00006ED0..+0x50  data   (80 bytes)
; 0x00006F20..+0xA0  zeros  (160 bytes)
; 0x00006FC0..+0x60  data   (96 bytes)
; 0x00007020..+0x40  zeros  (64 bytes)
; 0x00007060..+0x30  data   (48 bytes)
; 0x00007090..+0xA0  zeros  (160 bytes)
; 0x00007130..+0x50  data   (80 bytes)
; 0x00007180..+0x40  zeros  (64 bytes)
; 0x000071C0..+0x30  data   (48 bytes)
; 0x000071F0..+0xA0  zeros  (160 bytes)
; 0x00007290..+0x290  data   (656 bytes)
; 0x00007520..+0xC0  zeros  (192 bytes)
; 0x000075E0..+0x190  data   (400 bytes)
; 0x00007770..+0x10  zeros  (16 bytes)
; 0x00007780..+0x20  data   (32 bytes)
; 0x000077A0..+0x10  zeros  (16 bytes)
; 0x000077B0..+0x20  data   (32 bytes)
; 0x000077D0..+0x20  zeros  (32 bytes)
; 0x000077F0..+0x20  data   (32 bytes)
; 0x00007810..+0x10  zeros  (16 bytes)
; 0x00007820..+0x20  data   (32 bytes)
; 0x00007840..+0x10  zeros  (16 bytes)
; 0x00007850..+0x20  data   (32 bytes)
; 0x00007870..+0x20  zeros  (32 bytes)
; 0x00007890..+0x20  data   (32 bytes)
; 0x000078B0..+0x10  zeros  (16 bytes)
; 0x000078C0..+0x370  data   (880 bytes)
