; Decrypted GatewaySettings dump (see FORMAT.md)
; key = ba21ec524f2c34503f0bc15e5f6f984f (aligned at 0x60)

00000060:  00 33 50 17 06 8E 33 39 D8 9B C4 49 8F FA 73 34  .3P...39...I..s4
00000070:  30 35 E6 2B 26 D9 CB 75 80 AC 18 9B 33 02 BD 90  05.+&..u....3...
00000080:  F7 E1 E0 D9 21 94 6E 00 5B C3 85 9C DC 28 CF AD  ....!.n.[....(..
00000090:  DB 98 69 C9 7E E8 1F 37 21 41 0A 49 FF B7 EC 10  ..i.~..7!A.I....
000000A0:  32 BB 53 9A 83 7E 00 00 00 00 00 00 00 00 00 00  2.S..~..........
000000B0:  00 00 00 00 00 00 7B 1B AF 8B DE F5 CF 5C E2 84  ......{......\..
000000C0:  C2 F4 8D EA 50 4F 48 71 33 0B 40 5C 0A B9 A7 ED  ....POHq3.@\....
000000D0:  CF FF C4 E8 81 BD 90 22 4F D0 97 B0 B8 32 E6 B1  ......."O....2..
000000E0:  3B 7D 7E 80 FA F0 1B EB E1 74 35 AA 39 DA 4F 54  ;}~......t5.9.OT
000000F0:  BD D6 F6 50 3C 60 1E 6E 10 C4 98 DF DA A5 A3 68  ...P<`.n.......h
00000100:  DB 1A 8A 34 B7 28 1A 13 54 63 97 AE 3D 1E 8E B0  ...4.(..Tc..=...
00000110:  A2 08 B5 06 1E 17 45 B9 95 6D 61 AD CA 82 E5 24  ......E..ma....$
00000120:  BE 78 8B 86 56 5B 00 00 00 00 00 00 00 00 00 00  .x..V[..........
00000130:  00 00 00 00 00 00 00 00 00 00 00 00 00 00 00 00  ................ [zeros]
00000140:  00 00 00 00 00 00 00 00 00 00 00 00 00 00 00 00  ................ [zeros]
00000150:  00 00 00 00 00 00 00 00 00 00 00 00 00 00 00 00  ................ [zeros]
00000160:  00 00 00 00 00 00 00 00 00 00 00 00 00 00 00 00  ................ [zeros]
00000170:  00 00 00 00 00 00 57 51 99 58 79 0A D1 C5 41 6C  ......WQ.Xy...Al
00000180:  1A 2F 59 EE C9 3A 60 CC A1 37 79 5D 12 AE 68 D0  ./Y..:`..7y]..h.
00000190:  5A 77 DC 02 75 03 46 23 6F B7 DC D7 53 3D BC E0  Zw..u.F#o...S=..
000001A0:  5A 44 F7 49 D0 77 68 87 8E 08 F2 50 70 54 DE 46  ZD.I.wh....PpT.F
000001B0:  7A E7 0E B2 18 F0 DB 60 DE 05 6B 4B 8D F6 14 A5  z......`..kK....
000001C0:  E0 E3 99 08 F7 DA FB 50 6A 39 B0 70 D7 8A 86 8B  .......Pj9.p....
000001D0:  71 99 E2 84 69 E0 C4 2B 6F 64 6D F4 4C F1 1D 26  q...i..+odm.L..&
000001E0:  F0 85 CA AA A1 14 13 1B FF 25 5D FB 1E 2C 1C 97  .........%]..,..
000001F0:  14 EA 61 DB 9C 7D 75 FF F4 D2 11 BB 41 4A FD C9  ..a..}u.....AJ..
00000200:  B4 36 68 9A 2A 24 4E 1B 6F 49 94 A1 6C 1B 60 F6  .6h.*$N.oI..l.`.
00000210:  0D F5 BD 69 6A 0A DD 5D 6C 5E 48 2A B0 5D 50 5C  ...ij..]l^H*.]P\
00000220:  76 6C 45 76 18 F3 2A 12 F7 43 B3 19 A3 DC 39 9F  vlEv..*..C....9.
00000230:  4E F8 35 61 FE 73 D2 CF F8 A4 27 98 97 39 5B 88  N.5a.s....'..9[.
00000240:  E4 1C 0E BA A7 7F 1E 6C 82 37 CC D9 7B B7 58 C8  .......l.7..{.X.
00000250:  4E 99 AA FA 24 3A 26 FE 21 23 72 83 45 F2 B7 2C  N...$:&.!#r.E..,
00000260:  E2 82 92 F1 44 9C E1 56 6F B4 4F 86 1B E1 56 17  ....D..Vo.O...V.
00000270:  8F 6C BE 22 5A 94 62 3C 41 E0 CF DE 1F 88 0E E2  .l."Z.b<A.......
00000280:  A4 74 BA 6D BB 43 1D F0 51 8C FC 6D 5D D0 7B 0E  .t.m.C..Q..m].{.
00000290:  F2 1E 16 D5 BF F1 EA 02 C7 6E 4F 89 FD 4D 43 00  .........nO..MC.
000002A0:  02 31 DA 9B 47 33 09 72 74 F3 CE 6F D9 0F 0B 62  .1..G3.rt..o...b
000002B0:  D1 1D 69 E3 FF 88 BD 14 51 1C EB E7 28 CE A3 68  ..i.....Q...(..h
000002C0:  F5 01 18 D7 88 61 0B A5 F4 1A B3 4E F4 F8 44 B6  .....a.....N..D.
000002D0:  1F F9 B4 07 85 E9 D8 43 E1 94 F1 B4 BD 50 CA 7F  .......C.....P..
000002E0:  5D 08 E4 18 D1 79 59 C8 D7 A6 DC 42 63 AD F8 8B  ]....yY....Bc...
000002F0:  93 E7 B7 BB 7C DE 82 BD 99 07 E3 95 1A AF 25 06  ....|.........%.
00000300:  70 5C 64 D5 C3 C9 2D 3D A2 0D 91 3C 87 88 EA 84  p\d...-=...<....
00000310:  77 0C 87 81 75 12 2C EA C4 DA 33 0B FB 4B E6 E5  w...u.,...3..K..
00000320:  CE 52 38 90 7E BF 2C EA C4 DA 33 0B FB 4B E6 E5  .R8.~.,...3..K..
00000330:  CE 52 38 90 7E BF F2 F3 F2 E0 61 35 8C 21 23 1F  .R8.~.....a5.!#.
00000340:  ED 3E D1 1A EB 99 2F 52 69 F7 BC E7 A5 4B 6E 5E  .>..../Ri....Kn^
00000350:  9D 7C CF E5 96 64 49 C1 FD 99 0B DC 7E F0 E8 40  .|...dI.....~..@
00000360:  E7 58 CC 54 A6 20 2B 85 CC 88 CE 24 26 85 7E A2  .X.T. +....$&.~.
00000370:  9F 26 7E BE 55 37 D1 6F F3 9B 9D EC 89 32 80 1C  .&~.U7.o.....2..
00000380:  F5 F2 F7 84 03 9F 00 00 00 00 00 00 00 00 00 00  ................
00000390:  00 00 00 00 00 00 00 00 00 00 00 00 00 00 00 00  ................ [zeros]
000003A0:  00 00 00 00 00 00 00 00 00 00 00 00 00 00 00 00  ................ [zeros]
000003B0:  00 00 00 00 00 00 00 00 00 00 00 00 00 00 00 00  ................ [zeros]
000003C0:  00 00 00 00 00 00 00 00 00 00 00 00 00 00 00 00  ................ [zeros]
000003D0:  00 00 00 00 00 00 00 00 00 00 00 00 00 00 00 00  ................ [zeros]
000003E0:  00 00 00 00 00 00 00 00 00 00 00 00 00 00 00 00  ................ [zeros]
000003F0:  00 00 00 00 00 00 00 00 00 00 00 00 00 00 00 00  ................ [zeros]
00000400:  00 00 00 00 00 00 00 00 00 00 00 00 00 00 00 00  ................ [zeros]
00000410:  00 00 00 00 00 00 00 00 00 00 00 00 00 00 00 00  ................ [zeros]
00000420:  00 00 00 00 00 00 00 00 00 00 00 00 00 00 00 00  ................ [zeros]
00000430:  00 00 00 00 00 00 00 00 00 00 00 00 00 00 00 00  ................ [zeros]
00000440:  00 00 00 00 00 00 00 00 00 00 00 00 00 00 00 00  ................ [zeros]
00000450:  00 00 00 00 00 00 00 00 00 00 00 00 00 00 00 00  ................ [zeros]
00000460:  00 00 00 00 00 00 00 00 00 00 00 00 00 00 00 00  ................ [zeros]
00000470:  00 00 00 00 00 00 00 00 00 00 00 00 00 00 00 00  ................ [zeros]
00000480:  00 00 00 00 00 00 00 00 00 00 00 00 00 00 00 00  ................ [zeros]
00000490:  00 00 00 00 00 00 00 00 00 00 00 00 00 00 00 00  ................ [zeros]
000004A0:  00 00 00 00 00 00 00 00 00 00 00 00 00 00 00 00  ................ [zeros]
000004B0:  00 00 00 00 00 00 00 00 00 00 00 00 00 00 00 00  ................ [zeros]
000004C0:  00 00 00 00 00 00 00 00 00 00 00 00 00 00 00 00  ................ [zeros]
000004D0:  00 00 00 00 00 00 00 00 00 00 00 00 00 00 00 00  ................ [zeros]
000004E0:  00 00 00 00 00 00 00 00 00 00 00 00 00 00 00 00  ................ [zeros]
000004F0:  00 00 00 00 00 00 00 00 00 00 00 00 00 00 00 00  ................ [zeros]
00000500:  00 00 00 00 00 00 AB 4A 3A AD 2D 1E 22 C2 C6 01  .......J:.-."...
00000510:  C9 65 2A B3 30 F4 8D 62 19 6F 55 A5 34 F5 65 82  .e*.0..b.oU.4.e.
00000520:  66 E9 C1 D0 0D A3 D3 8E 5F 94 E7 D9 55 7E 0C F9  f......._...U~..
00000530:  70 90 1D AF 5C A1 70 64 82 83 C0 9A 3A EC 45 4A  p...\.pd....:.EJ
00000540:  60 65 7F 86 AA 62 5B 5F 59 93 63 E6 1A EB 79 2D  `e...b[_Y.c...y-
00000550:  DD B6 3D 8D D5 D7 72 13 4D 08 F3 9B 53 30 A3 3F  ..=...r.M...S0.?
00000560:  B6 87 55 89 71 D5 4D 6B 72 6F 3F 46 52 17 BE 8E  ..U.q.Mkro?FR...
00000570:  02 BC FE 95 8F 1A 41 88 DF CA 55 54 AD A7 62 EE  ......A...UT..b.
00000580:  69 FE 67 01 F8 00 46 9E 4F E3 EA 91 70 09 95 C2  i.g...F.O...p...
00000590:  38 B2 04 63 D9 C8 A8 D9 87 AC EE DE 3A DE 37 0F  8..c........:.7.
000005A0:  08 8D BC BA 7F 3C 52 BF 76 CF 93 EC 0D C7 18 41  .....<R.v......A
000005B0:  BA 13 26 16 55 5B CD C7 D6 C5 28 D9 4F EE B7 EE  ..&.U[....(.O...
000005C0:  91 E5 DF 0A D3 9F 12 E6 66 D5 93 84 B7 AB FB 59  ........f......Y
000005D0:  7D 4B 09 60 F7 6D 2D B8 84 D7 82 92 96 20 0D 5E  }K.`.m-...... .^
000005E0:  59 6C 3A 16 C1 D1 14 42 A0 BC 65 8A FF C4 56 EE  Yl:....B..e...V.
000005F0:  BE E4 38 A0 4C CE DF 81 9C 1B 86 94 70 1A D0 D6  ..8.L.......p...
00000600:  02 C8 1D 08 E9 B2 AA 15 DC A4 D1 18 CD BE CD 0F  ................
00000610:  69 73 31 A8 D8 F7 B1 CF F0 DF 2E 18 F6 97 C7 97  is1.............
00000620:  67 42 25 30 08 36 EC BA CB 63 86 69 15 51 6C 0D  gB%0.6...c.i.Ql.
00000630:  72 76 B2 80 2F F1 12 F8 DB E8 53 D2 91 04 40 28  rv../.....S...@(
00000640:  16 77 22 A3 85 25 A9 F1 E7 53 B8 32 41 20 7A 7D  .w"..%...S.2A z}
00000650:  14 20 20 BF 54 68 80 6A 49 29 F5 92 70 6E 57 D4  .  .Th.jI)..pnW.
00000660:  5A 59 F7 24 03 78 39 3F EE E7 F7 3A 02 FF 3F 41  ZY.$.x9?...:..?A
00000670:  70 30 DF BC 5D DB D9 41 BB A5 47 A2 BD 9E EE A0  p0..]..A..G.....
00000680:  21 35 52 F6 B3 36 4E F3 F5 61 76 CD 58 5B 48 3A  !5R..6N..av.X[H:
00000690:  F1 A5 B5 3D 06 64 BB 60 43 65 7E 00 F0 8F DA 88  ...=.d.`Ce~.....
000006A0:  87 D9 0E 99 FB 7D 5C 68 37 A2 4C D8 A0 FA 4E BB  .....}\h7.L...N.
000006B0:  54 5A 5C AE 96 46 FA D1 9E 35 FA 43 40 DF C1 7C  TZ\..F...5.C@..|
000006C0:  C4 E7 24 7B 76 33 40 80 E8 BB 9B FB 39 E1 67 26  ..${v3@.....9.g&
000006D0:  41 38 15 D1 99 5A 1C 91 3A 4B EA B1 E5 31 C6 0A  A8...Z..:K...1..
000006E0:  FC F2 16 B2 B0 85 9B 5C 56 0C A8 D6 C5 F8 C5 F0  .......\V.......
000006F0:  A1 2F DC DD 81 69 DE EB A2 A0 FD FC 27 A0 74 DC  ./...i......'.t.
00000700:  8A 62 BC D2 32 F0 75 2E 0F 8B 30 03 26 33 B1 01  .b..2.u...0.&3..
00000710:  79 CA 3B F7 F5 26 31 B6 0A A6 CE 0A D6 FA 5D 9B  y.;..&1.......].
00000720:  52 D4 3F 26 2E 9A 11 48 F1 48 C9 41 FE 29 11 07  R.?&...H.H.A.)..
00000730:  2D F5 10 C1 D0 61 4C 97 4B B3 96 07 38 DE 0B 54  -....aL.K...8..T
00000740:  D0 44 99 98 C8 77 A4 F0 64 20 39 FB 60 8F AB 47  .D...w..d 9.`..G
00000750:  95 44 4A D2 51 DD 5D 41 F5 59 51 EC 42 87 0C 7D  .DJ.Q.]A.YQ.B..}
00000760:  39 00 D2 43 DE FC BC 18 86 28 50 BB 38 ED C1 CA  9..C.....(P.8...
00000770:  70 3F 97 02 F2 BD E1 57 06 D7 6C 9F 96 D5 D7 B5  p?.....W..l.....
00000780:  6C 73 2F 33 99 C0 D2 24 AB F3 F8 00 83 5A 6E 5E  ls/3...$.....Zn^
00000790:  C9 21 95 CE 24 61 B5 F1 ED 06 9F D2 41 AB 93 4D  .!..$a......A..M
000007A0:  E6 4A 33 87 0E 7A 19 77 F1 4F DF 61 C8 EA 29 9B  .J3..z.w.O.a..).
000007B0:  B1 7E E9 20 4B A5 C9 30 DA 7B 64 80 16 97 93 EB  .~. K..0.{d.....
000007C0:  CF 7A 02 94 8E E0 9E C4 A4 C0 F7 0F 19 A7 D7 83  .z..............
000007D0:  54 55 C0 6F 68 FC D9 21 3F 34 F7 ED 79 23 F1 F3  TU.oh..!?4..y#..
000007E0:  E4 A2 1A 91 CC 5A F8 F7 5B D1 77 5E A4 6D F8 1F  .....Z..[.w^.m..
000007F0:  DC 72 CD 05 28 E2 EA 0B 5C 48 BD AE 19 4C 6B 5C  .r..(...\H...Lk\
00000800:  72 F3 77 C9 89 3E 53 DE 51 C1 FF 62 BF 27 CB 2A  r.w..>S.Q..b.'.*
00000810:  88 A9 D1 8F 26 0A 64 4B 75 C4 FB 33 53 6C 5F EC  ....&.dKu..3Sl_.
00000820:  55 F1 02 99 5B 6D 86 20 1E 0D CF BE 91 E6 1A A9  U...[m. ........
00000830:  A9 86 9E 37 39 04 09 5C 50 A1 E5 13 B2 BB 30 42  ...79..\P.....0B
00000840:  C6 0D EC 20 F6 F4 CB E8 B8 F3 ED C3 0A C0 AD FF  ... ............
00000850:  E4 00 44 A5 C2 10 A1 01 E8 EF B1 EB 60 44 D2 54  ..D.........`D.T
00000860:  E7 BC 1E 78 83 71 93 FD 33 47 2C 6E 90 E1 8D 3D  ...x.q..3G,n...=
00000870:  8A D6 06 4D F2 91 68 99 AB C3 7D 30 D0 20 87 08  ...M..h...}0. ..
00000880:  BE 80 55 33 9A F8 80 C8 33 03 44 02 8D 25 63 20  ..U3....3.D..%c 
00000890:  36 0C 0D 6B FB A6 4B ED 87 C6 1A 80 73 9E 84 C2  6..k..K.....s...
000008A0:  D5 B9 B2 4A AD 1A 58 7C 63 47 E0 DC 1A F4 CF 7F  ...J..X|cG......
000008B0:  C0 BF D8 F8 1F FC 96 07 59 54 05 66 DB E4 3D 3A  ........YT.f..=:
000008C0:  78 75 7A 77 A7 77 B7 1A 43 BA F5 BE D0 91 C7 CC  xuzw.w..C.......
000008D0:  BD 60 EF AE 85 C0 09 2C F4 1A 23 4A F1 89 11 2C  .`.....,..#J...,
000008E0:  D1 44 B1 BC 33 07 98 6D 70 41 F6 09 18 2F BF 43  .D..3..mpA.../.C
000008F0:  10 07 C3 A7 FB C9 0A 5D 4C F3 A2 2F F1 F5 13 11  .......]L../....
00000900:  B3 D2 A1 FD 4E 99 D5 EE D4 DD F4 ED D6 EC FA FE  ....N...........
00000910:  A6 42 61 5E DE 4A 77 F0 ED A7 98 7D 06 13 1B B7  .Ba^.Jw....}....
00000920:  87 6A AA AC D5 CA 03 4F 9C 7D 18 58 83 54 C6 82  .j.....O.}.X.T..
00000930:  4F 2B 0A E4 4A E6 B8 3C 16 32 12 4A D3 AA 26 D6  O+..J..<.2.J..&.
00000940:  D7 B5 A5 4E B0 93 A8 EA 04 67 0A 1E 24 D7 92 1B  ...N.....g..$...
00000950:  59 60 44 66 2F 7E 86 C2 E6 41 3E 07 09 1B 20 B5  Y`Df/~...A>... .
00000960:  52 FB 4B 79 B2 01 E5 D0 E1 76 A6 1F DB E0 80 D7  R.Ky.....v......
00000970:  52 9B CF 25 BC B1 35 D9 EC DC 4E F3 4F AA 4E A0  R..%..5...N.O.N.
00000980:  24 1E 29 CB 02 3C 06 40 8A 10 55 2B 1C 17 7D 70  $.)..<.@..U+..}p
00000990:  53 DA CE FE D3 C0 01 9B 89 24 77 B4 11 A8 0F 31  S........$w....1
000009A0:  46 7B 80 81 68 C5 1B 5F 0D 2C BA 14 4C 89 B7 BA  F{..h.._.,..L...
000009B0:  C8 84 D0 1D 89 B9 D8 7C 5C 6F 1E F0 0F 05 A3 DF  .......|\o......
000009C0:  E6 DC FB 72 6C E5 1F 2E A9 3E 53 63 7F 51 3E 7B  ...rl....>Sc.Q>{
000009D0:  74 1B BD D4 B8 76 20 E1 9E 71 F0 D6 46 C4 62 AD  t....v ..q..F.b.
000009E0:  BD 7D 65 46 DA 63 53 3F 2F D4 06 6E 11 75 47 32  .}eF.cS?/..n.uG2
000009F0:  59 4B F0 F7 97 9C 46 55 1C 72 5E 85 7E C4 55 79  YK....FU.r^.~.Uy
00000A00:  6C 6C 5A 16 EC AC C3 5C AD D3 B1 DA 34 A5 65 FD  llZ....\....4.e.
00000A10:  0A B9 97 34 25 53 0A 1F 7D A6 A5 B1 9B 42 29 9B  ...4%S..}....B).
00000A20:  2C C1 05 88 A9 C0 F0 86 32 28 96 F2 F5 52 0E 31  ,.......2(...R.1
00000A30:  B9 53 1A B4 E9 35 FC 29 14 14 FD 0A EA 12 D4 A7  .S...5.)........
00000A40:  96 96 40 A1 F7 F1 E0 7E 28 CD 6E BF A7 38 2B AF  ..@....~(.n..8+.
00000A50:  0F A6 80 F3 17 50 00 00 00 00 00 00 00 00 00 00  .....P..........
00000A60:  00 00 00 00 00 00 00 00 00 00 00 00 00 00 00 00  ................ [zeros]
00000A70:  00 00 00 00 00 00 00 00 00 00 00 00 00 00 00 00  ................ [zeros]
00000A80:  00 00 00 00 00 00 00 00 00 00 00 00 00 00 00 00  ................ [zeros]
00000A90:  00 00 00 00 00 00 00 00 00 00 00 00 00 00 00 00  ................ [zeros]
00000AA0:  00 00 00 00 00 00 00 00 00 00 00 00 00 00 00 00  ................ [zeros]
00000AB0:  00 00 00 00 00 00 00 00 00 00 00 00 00 00 00 00  ................ [zeros]
00000AC0:  00 00 00 00 00 00 00 00 00 00 00 00 00 00 00 00  ................ [zeros]
00000AD0:  00 00 00 00 00 00 00 00 00 00 00 00 00 00 00 00  ................ [zeros]
00000AE0:  00 00 00 00 00 00 00 00 00 00 00 00 00 00 00 00  ................ [zeros]
00000AF0:  00 00 00 00 00 00 00 00 00 00 00 00 00 00 00 00  ................ [zeros]
00000B00:  00 00 00 00 00 00 00 00 00 00 00 00 00 00 00 00  ................ [zeros]
00000B10:  00 00 00 00 00 00 00 00 00 00 00 00 00 00 00 00  ................ [zeros]
00000B20:  00 00 00 00 00 00 00 00 00 00 00 00 00 00 00 00  ................ [zeros]
00000B30:  00 00 00 00 00 00 00 00 00 00 00 00 00 00 00 00  ................ [zeros]
00000B40:  00 00 00 00 00 00 00 00 00 00 00 00 00 00 00 00  ................ [zeros]
00000B50:  00 00 00 00 00 00 00 00 00 00 00 00 00 00 00 00  ................ [zeros]
00000B60:  00 00 00 00 00 00 00 00 00 00 00 00 00 00 00 00  ................ [zeros]
00000B70:  00 00 00 00 00 00 00 00 00 00 00 00 00 00 00 00  ................ [zeros]
00000B80:  00 00 00 00 00 00 00 00 00 00 00 00 00 00 00 00  ................ [zeros]
00000B90:  00 00 00 00 00 00 00 00 00 00 00 00 00 00 00 00  ................ [zeros]
00000BA0:  00 00 00 00 00 00 00 00 00 00 00 00 00 00 00 00  ................ [zeros]
00000BB0:  00 00 00 00 00 00 00 00 00 00 00 00 00 00 00 00  ................ [zeros]
00000BC0:  00 00 00 00 00 00 00 00 00 00 00 00 00 00 00 00  ................ [zeros]
00000BD0:  00 00 00 00 00 00 00 00 00 00 00 00 00 00 00 00  ................ [zeros]
00000BE0:  00 00 00 00 00 00 00 00 00 00 00 00 00 00 00 00  ................ [zeros]
00000BF0:  00 00 00 00 00 00 00 00 00 00 00 00 00 00 00 00  ................ [zeros]
00000C00:  00 00 00 00 00 00 00 00 00 00 00 00 00 00 00 00  ................ [zeros]
00000C10:  00 00 00 00 00 00 00 00 00 00 00 00 00 00 00 00  ................ [zeros]
00000C20:  00 00 00 00 00 00 00 00 00 00 00 00 00 00 00 00  ................ [zeros]
00000C30:  00 00 00 00 00 00 00 00 00 00 00 00 00 00 00 00  ................ [zeros]
00000C40:  00 00 00 00 00 00 00 00 00 00 00 00 00 00 00 00  ................ [zeros]
00000C50:  00 00 00 00 00 00 00 00 00 00 00 00 00 00 00 00  ................ [zeros]
00000C60:  00 00 00 00 00 00 00 00 00 00 00 00 00 00 00 00  ................ [zeros]
00000C70:  00 00 00 00 00 00 00 00 00 00 00 00 00 00 00 00  ................ [zeros]
00000C80:  00 00 00 00 00 00 00 00 00 00 00 00 00 00 00 00  ................ [zeros]
00000C90:  00 00 00 00 00 00 00 00 00 00 00 00 00 00 00 00  ................ [zeros]
00000CA0:  00 00 00 00 00 00 00 00 00 00 00 00 00 00 00 00  ................ [zeros]
00000CB0:  00 00 00 00 00 00 00 00 00 00 00 00 00 00 00 00  ................ [zeros]
00000CC0:  00 00 00 00 00 00 00 00 00 00 00 00 00 00 00 00  ................ [zeros]
00000CD0:  00 00 00 00 00 00 00 00 00 00 00 00 00 00 00 00  ................ [zeros]
00000CE0:  00 00 00 00 00 00 00 00 00 00 00 00 00 00 00 00  ................ [zeros]
00000CF0:  00 00 00 00 00 00 00 00 00 00 00 00 00 00 00 00  ................ [zeros]
00000D00:  00 00 00 00 00 00 00 00 00 00 00 00 00 00 00 00  ................ [zeros]
00000D10:  00 00 00 00 00 00 00 00 00 00 00 00 00 00 00 00  ................ [zeros]
00000D20:  00 00 00 00 00 00 00 00 00 00 00 00 00 00 00 00  ................ [zeros]
00000D30:  00 00 00 00 00 00 00 00 00 00 00 00 00 00 00 00  ................ [zeros]
00000D40:  00 00 00 00 00 00 00 00 00 00 00 00 00 00 00 00  ................ [zeros]
00000D50:  00 00 00 00 00 00 00 00 00 00 00 00 00 00 00 00  ................ [zeros]
00000D60:  00 00 00 00 00 00 00 00 00 00 00 00 00 00 00 00  ................ [zeros]
00000D70:  00 00 00 00 00 00 00 00 00 00 00 00 00 00 00 00  ................ [zeros]
00000D80:  00 00 00 00 00 00 00 00 00 00 00 00 00 00 00 00  ................ [zeros]
00000D90:  00 00 00 00 00 00 00 00 00 00 00 00 00 00 00 00  ................ [zeros]
00000DA0:  00 00 00 00 00 00 00 00 00 00 00 00 00 00 00 00  ................ [zeros]
00000DB0:  00 00 00 00 00 00 00 00 00 00 00 00 00 00 00 00  ................ [zeros]
00000DC0:  00 00 00 00 00 00 00 00 00 00 00 00 00 00 00 00  ................ [zeros]
00000DD0:  00 00 00 00 00 00 00 00 00 00 00 00 00 00 00 00  ................ [zeros]
00000DE0:  00 00 00 00 00 00 00 00 00 00 00 00 00 00 00 00  ................ [zeros]
00000DF0:  00 00 00 00 00 00 00 00 00 00 00 00 00 00 00 00  ................ [zeros]
00000E00:  00 00 00 00 00 00 00 00 00 00 00 00 00 00 00 00  ................ [zeros]
00000E10:  00 00 00 00 00 00 00 00 00 00 00 00 00 00 00 00  ................ [zeros]
00000E20:  00 00 00 00 00 00 00 00 00 00 00 00 00 00 00 00  ................ [zeros]
00000E30:  00 00 00 00 00 00 00 00 00 00 00 00 00 00 00 00  ................ [zeros]
00000E40:  00 00 00 00 00 00 00 00 00 00 00 00 00 00 00 00  ................ [zeros]
00000E50:  00 00 00 00 00 00 AA 8A 95 01 B0 15 C1 3D E9 6E  .............=.n
00000E60:  94 41 A8 2D 58 EC 00 00 00 00 00 00 00 00 00 00  .A.-X...........
00000E70:  00 00 00 00 00 00 00 00 00 00 00 00 00 00 00 00  ................ [zeros]
00000E80:  00 00 00 00 00 00 00 00 00 00 00 00 00 00 00 00  ................ [zeros]
00000E90:  00 00 00 00 00 00 00 00 00 00 00 00 00 00 00 00  ................ [zeros]
00000EA0:  00 00 00 00 00 00 00 00 00 00 00 00 00 00 00 00  ................ [zeros]
00000EB0:  00 00 00 00 00 00 00 00 00 00 00 00 00 00 00 00  ................ [zeros]
00000EC0:  00 00 00 00 00 00 00 00 00 00 00 00 00 00 00 00  ................ [zeros]
00000ED0:  00 00 00 00 00 00 00 00 00 00 00 00 00 00 00 00  ................ [zeros]
00000EE0:  00 00 00 00 00 00 00 00 00 00 00 00 00 00 00 00  ................ [zeros]
00000EF0:  00 00 00 00 00 00 00 00 00 00 00 00 00 00 00 00  ................ [zeros]
00000F00:  00 00 00 00 00 00 00 00 00 00 00 00 00 00 00 00  ................ [zeros]
00000F10:  00 00 00 00 00 00 00 00 00 00 00 00 00 00 00 00  ................ [zeros]
00000F20:  00 00 00 00 00 00 00 00 00 00 00 00 00 00 00 00  ................ [zeros]
00000F30:  00 00 00 00 00 00 00 00 00 00 00 00 00 00 00 00  ................ [zeros]
00000F40:  00 00 00 00 00 00 00 00 00 00 00 00 00 00 00 00  ................ [zeros]
00000F50:  00 00 00 00 00 00 00 00 00 00 00 00 00 00 00 00  ................ [zeros]
00000F60:  00 00 00 00 00 00 00 00 00 00 00 00 00 00 00 00  ................ [zeros]
00000F70:  00 00 00 00 00 00 00 00 00 00 00 00 00 00 00 00  ................ [zeros]
00000F80:  00 00 00 00 00 00 00 00 00 00 00 00 00 00 00 00  ................ [zeros]
00000F90:  00 00 00 00 00 00 00 00 00 00 00 00 00 00 00 00  ................ [zeros]
00000FA0:  00 00 00 00 00 00 00 00 00 00 00 00 00 00 00 00  ................ [zeros]
00000FB0:  00 00 00 00 00 00 00 00 00 00 00 00 00 00 00 00  ................ [zeros]
00000FC0:  00 00 00 00 00 00 00 00 00 00 00 00 00 00 00 00  ................ [zeros]
00000FD0:  00 00 00 00 00 00 00 00 00 00 00 00 00 00 00 00  ................ [zeros]
00000FE0:  00 00 00 00 00 00 00 00 00 00 00 00 00 00 00 00  ................ [zeros]
00000FF0:  00 00 00 00 00 00 00 00 00 00 00 00 00 00 00 00  ................ [zeros]
00001000:  00 00 00 00 00 00 00 00 00 00 00 00 00 00 00 00  ................ [zeros]
00001010:  00 00 00 00 00 00 00 00 00 00 00 00 00 00 00 00  ................ [zeros]
00001020:  00 00 00 00 00 00 00 00 00 00 00 00 00 00 00 00  ................ [zeros]
00001030:  00 00 00 00 00 00 00 00 00 00 00 00 00 00 00 00  ................ [zeros]
00001040:  00 00 00 00 00 00 00 00 00 00 00 00 00 00 00 00  ................ [zeros]
00001050:  00 00 00 00 00 00 00 00 00 00 00 00 00 00 00 00  ................ [zeros]
00001060:  00 00 00 00 00 00 00 00 00 00 00 00 00 00 00 00  ................ [zeros]
00001070:  00 00 00 00 00 00 00 00 00 00 00 00 00 00 00 00  ................ [zeros]
00001080:  00 00 00 00 00 00 00 00 00 00 00 00 00 00 00 00  ................ [zeros]
00001090:  00 00 00 00 00 00 00 00 00 00 00 00 00 00 00 00  ................ [zeros]
000010A0:  00 00 00 00 00 00 00 00 00 00 00 00 00 00 00 00  ................ [zeros]
000010B0:  00 00 00 00 00 00 00 00 00 00 00 00 00 00 00 00  ................ [zeros]
000010C0:  00 00 00 00 00 00 00 00 00 00 00 00 00 00 00 00  ................ [zeros]
000010D0:  00 00 00 00 00 00 00 00 00 00 00 00 00 00 00 00  ................ [zeros]
000010E0:  00 00 00 00 00 00 00 00 00 00 00 00 00 00 00 00  ................ [zeros]
000010F0:  00 00 00 00 00 00 00 00 00 00 00 00 00 00 00 00  ................ [zeros]
00001100:  00 00 00 00 00 00 00 00 00 00 00 00 00 00 00 00  ................ [zeros]
00001110:  00 00 00 00 00 00 00 00 00 00 00 00 00 00 00 00  ................ [zeros]
00001120:  00 00 00 00 00 00 00 00 00 00 00 00 00 00 00 00  ................ [zeros]
00001130:  00 00 00 00 00 00 00 00 00 00 00 00 00 00 00 00  ................ [zeros]
00001140:  00 00 00 00 00 00 00 00 00 00 00 00 00 00 00 00  ................ [zeros]
00001150:  00 00 00 00 00 00 00 00 00 00 00 00 00 00 00 00  ................ [zeros]
00001160:  00 00 00 00 00 00 00 00 00 00 00 00 00 00 00 00  ................ [zeros]
00001170:  00 00 00 00 00 00 00 00 00 00 00 00 00 00 00 00  ................ [zeros]
00001180:  00 00 00 00 00 00 00 00 00 00 00 00 00 00 00 00  ................ [zeros]
00001190:  00 00 00 00 00 00 00 00 00 00 00 00 00 00 00 00  ................ [zeros]
000011A0:  00 00 00 00 00 00 00 00 00 00 00 00 00 00 00 00  ................ [zeros]
000011B0:  00 00 00 00 00 00 00 00 00 00 00 00 00 00 00 00  ................ [zeros]
000011C0:  00 00 00 00 00 00 00 00 00 00 00 00 00 00 00 00  ................ [zeros]
000011D0:  00 00 00 00 00 00 00 00 00 00 00 00 00 00 00 00  ................ [zeros]
000011E0:  00 00 00 00 00 00 00 00 00 00 00 00 00 00 00 00  ................ [zeros]
000011F0:  00 00 00 00 00 00 00 00 00 00 00 00 00 00 00 00  ................ [zeros]
00001200:  00 00 00 00 00 00 00 00 00 00 00 00 00 00 00 00  ................ [zeros]
00001210:  00 00 00 00 00 00 00 00 00 00 00 00 00 00 00 00  ................ [zeros]
00001220:  00 00 00 00 00 00 00 00 00 00 00 00 00 00 00 00  ................ [zeros]
00001230:  00 00 00 00 00 00 00 00 00 00 00 00 00 00 00 00  ................ [zeros]
00001240:  00 00 00 00 00 00 00 00 00 00 00 00 00 00 00 00  ................ [zeros]
00001250:  00 00 00 00 00 00 D4 D4 EC AE 85 32 CF C1 94 0F  ...........2....
00001260:  5B EB B1 5F 13 7E 00 00 00 00 00 00 00 00 00 00  [.._.~..........
00001270:  00 00 00 00 00 00 00 00 00 00 00 00 00 00 00 00  ................ [zeros]
00001280:  00 00 00 00 00 00 00 00 00 00 00 00 00 00 00 00  ................ [zeros]
00001290:  00 00 00 00 00 00 00 00 00 00 00 00 00 00 00 00  ................ [zeros]
000012A0:  00 00 00 00 00 00 00 00 00 00 00 00 00 00 00 00  ................ [zeros]
000012B0:  00 00 00 00 00 00 00 00 00 00 00 00 00 00 00 00  ................ [zeros]
000012C0:  00 00 00 00 00 00 00 00 00 00 00 00 00 00 00 00  ................ [zeros]
000012D0:  00 00 00 00 00 00 00 00 00 00 00 00 00 00 00 00  ................ [zeros]
000012E0:  00 00 00 00 00 00 00 00 00 00 00 00 00 00 00 00  ................ [zeros]
000012F0:  00 00 00 00 00 00 00 00 00 00 00 00 00 00 00 00  ................ [zeros]
00001300:  00 00 00 00 00 00 00 00 00 00 00 00 00 00 00 00  ................ [zeros]
00001310:  00 00 00 00 00 00 00 00 00 00 00 00 00 00 00 00  ................ [zeros]
00001320:  00 00 00 00 00 00 00 00 00 00 00 00 00 00 00 00  ................ [zeros]
00001330:  00 00 00 00 00 00 00 00 00 00 00 00 00 00 00 00  ................ [zeros]
00001340:  00 00 00 00 00 00 00 00 00 00 00 00 00 00 00 00  ................ [zeros]
00001350:  00 00 00 00 00 00 00 00 00 00 00 00 00 00 00 00  ................ [zeros]
00001360:  00 00 00 00 00 00 00 00 00 00 00 00 00 00 00 00  ................ [zeros]
00001370:  00 00 00 00 00 00 00 00 00 00 00 00 00 00 00 00  ................ [zeros]
00001380:  00 00 00 00 00 00 00 00 00 00 00 00 00 00 00 00  ................ [zeros]
00001390:  00 00 00 00 00 00 00 00 00 00 00 00 00 00 00 00  ................ [zeros]
000013A0:  00 00 00 00 00 00 00 00 00 00 00 00 00 00 00 00  ................ [zeros]
000013B0:  00 00 00 00 00 00 00 00 00 00 00 00 00 00 00 00  ................ [zeros]
000013C0:  00 00 00 00 00 00 00 00 00 00 00 00 00 00 00 00  ................ [zeros]
000013D0:  00 00 00 00 00 00 00 00 00 00 00 00 00 00 00 00  ................ [zeros]
000013E0:  00 00 00 00 00 00 00 00 00 00 00 00 00 00 00 00  ................ [zeros]
000013F0:  00 00 00 00 00 00 00 00 00 00 00 00 00 00 00 00  ................ [zeros]
00001400:  00 00 00 00 00 00 00 00 00 00 00 00 00 00 00 00  ................ [zeros]
00001410:  00 00 00 00 00 00 00 00 00 00 00 00 00 00 00 00  ................ [zeros]
00001420:  00 00 00 00 00 00 00 00 00 00 00 00 00 00 00 00  ................ [zeros]
00001430:  00 00 00 00 00 00 00 00 00 00 00 00 00 00 00 00  ................ [zeros]
00001440:  00 00 00 00 00 00 00 00 00 00 00 00 00 00 00 00  ................ [zeros]
00001450:  00 00 00 00 00 00 00 00 00 00 00 00 00 00 00 00  ................ [zeros]
00001460:  00 00 00 00 00 00 00 00 00 00 00 00 00 00 00 00  ................ [zeros]
00001470:  00 00 00 00 00 00 00 00 00 00 00 00 00 00 00 00  ................ [zeros]
00001480:  00 00 00 00 00 00 00 00 00 00 00 00 00 00 00 00  ................ [zeros]
00001490:  00 00 00 00 00 00 00 00 00 00 00 00 00 00 00 00  ................ [zeros]
000014A0:  00 00 00 00 00 00 00 00 00 00 00 00 00 00 00 00  ................ [zeros]
000014B0:  00 00 00 00 00 00 00 00 00 00 00 00 00 00 00 00  ................ [zeros]
000014C0:  00 00 00 00 00 00 00 00 00 00 00 00 00 00 00 00  ................ [zeros]
000014D0:  00 00 00 00 00 00 00 00 00 00 00 00 00 00 00 00  ................ [zeros]
000014E0:  00 00 00 00 00 00 00 00 00 00 00 00 00 00 00 00  ................ [zeros]
000014F0:  00 00 00 00 00 00 00 00 00 00 00 00 00 00 00 00  ................ [zeros]
00001500:  00 00 00 00 00 00 00 00 00 00 00 00 00 00 00 00  ................ [zeros]
00001510:  00 00 00 00 00 00 00 00 00 00 00 00 00 00 00 00  ................ [zeros]
00001520:  00 00 00 00 00 00 00 00 00 00 00 00 00 00 00 00  ................ [zeros]
00001530:  00 00 00 00 00 00 00 00 00 00 00 00 00 00 00 00  ................ [zeros]
00001540:  00 00 00 00 00 00 00 00 00 00 00 00 00 00 00 00  ................ [zeros]
00001550:  00 00 00 00 00 00 00 00 00 00 00 00 00 00 00 00  ................ [zeros]
00001560:  00 00 00 00 00 00 00 00 00 00 00 00 00 00 00 00  ................ [zeros]
00001570:  00 00 00 00 00 00 00 00 00 00 00 00 00 00 00 00  ................ [zeros]
00001580:  00 00 00 00 00 00 00 00 00 00 00 00 00 00 00 00  ................ [zeros]
00001590:  00 00 00 00 00 00 00 00 00 00 00 00 00 00 00 00  ................ [zeros]
000015A0:  00 00 00 00 00 00 00 00 00 00 00 00 00 00 00 00  ................ [zeros]
000015B0:  00 00 00 00 00 00 00 00 00 00 00 00 00 00 00 00  ................ [zeros]
000015C0:  00 00 00 00 00 00 00 00 00 00 00 00 00 00 00 00  ................ [zeros]
000015D0:  00 00 00 00 00 00 00 00 00 00 00 00 00 00 00 00  ................ [zeros]
000015E0:  00 00 00 00 00 00 00 00 00 00 00 00 00 00 00 00  ................ [zeros]
000015F0:  00 00 00 00 00 00 00 00 00 00 00 00 00 00 00 00  ................ [zeros]
00001600:  00 00 00 00 00 00 00 00 00 00 00 00 00 00 00 00  ................ [zeros]
00001610:  00 00 00 00 00 00 00 00 00 00 00 00 00 00 00 00  ................ [zeros]
00001620:  00 00 00 00 00 00 00 00 00 00 00 00 00 00 00 00  ................ [zeros]
00001630:  00 00 00 00 00 00 00 00 00 00 00 00 00 00 00 00  ................ [zeros]
00001640:  00 00 00 00 00 00 00 00 00 00 00 00 00 00 00 00  ................ [zeros]
00001650:  00 00 00 00 00 00 CA 86 24 4B 65 3A 62 D8 C6 6D  ........$Ke:b..m
00001660:  23 A8 CB 62 10 98 00 00 00 00 00 00 00 00 00 00  #..b............
00001670:  00 00 00 00 00 00 00 00 00 00 00 00 00 00 00 00  ................ [zeros]
00001680:  00 00 00 00 00 00 00 00 00 00 00 00 00 00 00 00  ................ [zeros]
00001690:  00 00 00 00 00 00 00 00 00 00 00 00 00 00 00 00  ................ [zeros]
000016A0:  00 00 00 00 00 00 00 00 00 00 00 00 00 00 00 00  ................ [zeros]
000016B0:  00 00 00 00 00 00 00 00 00 00 00 00 00 00 00 00  ................ [zeros]
000016C0:  00 00 00 00 00 00 00 00 00 00 00 00 00 00 00 00  ................ [zeros]
000016D0:  00 00 00 00 00 00 00 00 00 00 00 00 00 00 00 00  ................ [zeros]
000016E0:  00 00 00 00 00 00 00 00 00 00 00 00 00 00 00 00  ................ [zeros]
000016F0:  00 00 00 00 00 00 00 00 00 00 00 00 00 00 00 00  ................ [zeros]
00001700:  00 00 00 00 00 00 00 00 00 00 00 00 00 00 00 00  ................ [zeros]
00001710:  00 00 00 00 00 00 00 00 00 00 00 00 00 00 00 00  ................ [zeros]
00001720:  00 00 00 00 00 00 00 00 00 00 00 00 00 00 00 00  ................ [zeros]
00001730:  00 00 00 00 00 00 00 00 00 00 00 00 00 00 00 00  ................ [zeros]
00001740:  00 00 00 00 00 00 00 00 00 00 00 00 00 00 00 00  ................ [zeros]
00001750:  00 00 00 00 00 00 00 00 00 00 00 00 00 00 00 00  ................ [zeros]
00001760:  00 00 00 00 00 00 00 00 00 00 00 00 00 00 00 00  ................ [zeros]
00001770:  00 00 00 00 00 00 00 00 00 00 00 00 00 00 00 00  ................ [zeros]
00001780:  00 00 00 00 00 00 00 00 00 00 00 00 00 00 00 00  ................ [zeros]
00001790:  00 00 00 00 00 00 00 00 00 00 00 00 00 00 00 00  ................ [zeros]
000017A0:  00 00 00 00 00 00 00 00 00 00 00 00 00 00 00 00  ................ [zeros]
000017B0:  00 00 00 00 00 00 00 00 00 00 00 00 00 00 00 00  ................ [zeros]
000017C0:  00 00 00 00 00 00 00 00 00 00 00 00 00 00 00 00  ................ [zeros]
000017D0:  00 00 00 00 00 00 00 00 00 00 00 00 00 00 00 00  ................ [zeros]
000017E0:  00 00 00 00 00 00 00 00 00 00 00 00 00 00 00 00  ................ [zeros]
000017F0:  00 00 00 00 00 00 00 00 00 00 00 00 00 00 00 00  ................ [zeros]
00001800:  00 00 00 00 00 00 00 00 00 00 00 00 00 00 00 00  ................ [zeros]
00001810:  00 00 00 00 00 00 00 00 00 00 00 00 00 00 00 00  ................ [zeros]
00001820:  00 00 00 00 00 00 00 00 00 00 00 00 00 00 00 00  ................ [zeros]
00001830:  00 00 00 00 00 00 00 00 00 00 00 00 00 00 00 00  ................ [zeros]
00001840:  00 00 00 00 00 00 00 00 00 00 00 00 00 00 00 00  ................ [zeros]
00001850:  00 00 00 00 00 00 00 00 00 00 00 00 00 00 00 00  ................ [zeros]
00001860:  00 00 00 00 00 00 00 00 00 00 00 00 00 00 00 00  ................ [zeros]
00001870:  00 00 00 00 00 00 00 00 00 00 00 00 00 00 00 00  ................ [zeros]
00001880:  00 00 00 00 00 00 00 00 00 00 00 00 00 00 00 00  ................ [zeros]
00001890:  00 00 00 00 00 00 00 00 00 00 00 00 00 00 00 00  ................ [zeros]
000018A0:  00 00 00 00 00 00 00 00 00 00 00 00 00 00 00 00  ................ [zeros]
000018B0:  00 00 00 00 00 00 00 00 00 00 00 00 00 00 00 00  ................ [zeros]
000018C0:  00 00 00 00 00 00 00 00 00 00 00 00 00 00 00 00  ................ [zeros]
000018D0:  00 00 00 00 00 00 00 00 00 00 00 00 00 00 00 00  ................ [zeros]
000018E0:  00 00 00 00 00 00 00 00 00 00 00 00 00 00 00 00  ................ [zeros]
000018F0:  00 00 00 00 00 00 00 00 00 00 00 00 00 00 00 00  ................ [zeros]
00001900:  00 00 00 00 00 00 00 00 00 00 00 00 00 00 00 00  ................ [zeros]
00001910:  00 00 00 00 00 00 00 00 00 00 00 00 00 00 00 00  ................ [zeros]
00001920:  00 00 00 00 00 00 00 00 00 00 00 00 00 00 00 00  ................ [zeros]
00001930:  00 00 00 00 00 00 00 00 00 00 00 00 00 00 00 00  ................ [zeros]
00001940:  00 00 00 00 00 00 00 00 00 00 00 00 00 00 00 00  ................ [zeros]
00001950:  00 00 00 00 00 00 00 00 00 00 00 00 00 00 00 00  ................ [zeros]
00001960:  00 00 00 00 00 00 00 00 00 00 00 00 00 00 00 00  ................ [zeros]
00001970:  00 00 00 00 00 00 00 00 00 00 00 00 00 00 00 00  ................ [zeros]
00001980:  00 00 00 00 00 00 00 00 00 00 00 00 00 00 00 00  ................ [zeros]
00001990:  00 00 00 00 00 00 00 00 00 00 00 00 00 00 00 00  ................ [zeros]
000019A0:  00 00 00 00 00 00 00 00 00 00 00 00 00 00 00 00  ................ [zeros]
000019B0:  00 00 00 00 00 00 00 00 00 00 00 00 00 00 00 00  ................ [zeros]
000019C0:  00 00 00 00 00 00 00 00 00 00 00 00 00 00 00 00  ................ [zeros]
000019D0:  00 00 00 00 00 00 00 00 00 00 00 00 00 00 00 00  ................ [zeros]
000019E0:  00 00 00 00 00 00 00 00 00 00 00 00 00 00 00 00  ................ [zeros]
000019F0:  00 00 00 00 00 00 00 00 00 00 00 00 00 00 00 00  ................ [zeros]
00001A00:  00 00 00 00 00 00 00 00 00 00 00 00 00 00 00 00  ................ [zeros]
00001A10:  00 00 00 00 00 00 00 00 00 00 00 00 00 00 00 00  ................ [zeros]
00001A20:  00 00 00 00 00 00 00 00 00 00 00 00 00 00 00 00  ................ [zeros]
00001A30:  00 00 00 00 00 00 00 00 00 00 00 00 00 00 00 00  ................ [zeros]
00001A40:  00 00 00 00 00 00 00 00 00 00 00 00 00 00 00 00  ................ [zeros]
00001A50:  00 00 00 00 00 00 CE 8F AD F6 B0 58 23 20 08 5C  ...........X# .\
00001A60:  4B 40 5E DF EB CE E1 C7 28 27 A1 CA D1 94 58 DF  K@^.....('....X.
00001A70:  7E AF 51 A4 AC 20 CE 79 1D 90 70 66 15 42 D4 63  ~.Q.. .y..pf.B.c
00001A80:  D2 6C DB C0 68 C8 BD AC 66 B6 C5 81 28 82 2D D2  .l..h...f...(.-.
00001A90:  BF C9 91 03 A2 7D 8F 76 1E 1E C5 65 B4 A2 B9 B6  .....}.v...e....
00001AA0:  61 CF 6C 75 AA 5A 9A 7D 83 39 1D D0 86 67 37 7F  a.lu.Z.}.9...g7.
00001AB0:  13 43 7B 28 F5 37 E4 56 41 5C 72 39 CB 91 FA 16  .C{(.7.VA\r9....
00001AC0:  61 5C 0D 67 52 D8 DB 42 B8 A5 D2 1D 6E 15 82 55  a\.gR..B....n..U
00001AD0:  E9 5B 94 7B 09 AC A9 37 CA 2E 66 7C EA 3B 0E D7  .[.{...7..f|.;..
00001AE0:  E1 D4 8F 1B D1 69 5E 20 A3 71 9B FB 17 F5 F2 D1  .....i^ .q......
00001AF0:  00 2E 9D FA 8B 70 18 4E 91 95 28 81 7F 85 46 69  .....p.N..(...Fi
00001B00:  38 8F 59 5A B4 EA 17 2E 13 2D 53 4D 44 DF DA 1A  8.YZ.....-SMD...
00001B10:  92 99 2C 65 DF 2F F3 58 8D D5 1D A4 FF 8F DA F1  ..,e./.X........
00001B20:  11 FA 19 6F A8 08 85 50 E1 23 C2 1A 8A 23 40 2A  ...o...P.#...#@*
00001B30:  69 DD CC 32 E5 E9 CE 43 26 DC A8 A8 28 70 B8 28  i..2...C&...(p.(
00001B40:  5C 13 08 EA 21 61 58 94 01 42 55 34 A9 14 61 26  \...!aX..BU4..a&
00001B50:  C9 64 11 01 C1 3B 52 E4 15 79 25 E8 A9 28 5E 13  .d...;R..y%..(^.
00001B60:  AB F1 08 DE 2A A4 66 CB D8 55 08 D8 B6 AF E4 9B  ....*.f..U......
00001B70:  F1 3B 9F EB 77 6F 1F C0 AC F1 29 76 D0 9A 43 D4  .;..wo....)v..C.
00001B80:  D1 B0 99 32 09 95 48 00 17 83 A6 BE F3 28 38 24  ...2..H......(8$
00001B90:  C8 49 ED 0A E2 07 B7 3A B6 44 DD 1E 22 42 A3 ED  .I.....:.D.."B..
00001BA0:  A6 C1 97 5A 8C 14 A0 EE D9 72 6F 01 52 23 61 EB  ...Z.....ro.R#a.
00001BB0:  0F 96 1E DB 61 41 89 AA E6 C3 1C 9B 1F 5E D7 FF  ....aA.......^..
00001BC0:  2D 52 5E D7 9F D8 41 8D 76 E1 48 09 91 DB 8D F3  -R^...A.v.H.....
00001BD0:  3C 32 D0 F7 58 16 F1 12 C2 4F 64 C5 9A 38 68 16  <2..X....Od..8h.
00001BE0:  A7 5B 4F B8 58 39 10 C1 17 60 88 DD 68 CC C4 08  .[O.X9...`..h...
00001BF0:  A6 63 86 09 33 FE 50 B0 CF 4B AA 21 3F 66 05 2E  .c..3.P..K.!?f..
00001C00:  FF DB B8 C3 C8 03 FF 8A 85 2D 19 A8 F9 A3 66 1B  .........-....f.
00001C10:  BB 99 1C 58 88 53 6E 52 B3 E3 E1 61 8D 63 99 BD  ...X.SnR...a.c..
00001C20:  48 9F 8E 31 1D 85 72 C0 B9 D1 63 EE B8 0F 0F 48  H..1..r...c....H
00001C30:  68 2C 2E 31 30 6B 45 AE 65 34 66 47 86 30 5C B5  h,.10kE.e4fG.0\.
00001C40:  CD A0 74 02 79 A6 B5 7A 16 A1 F8 24 00 6B 3D 57  ..t.y..z...$.k=W
00001C50:  5E 5D 42 BE 5B 36 98 EF 14 54 7E B4 DB 88 BA C2  ^]B.[6...T~.....
00001C60:  9E 7E 09 65 83 90 E9 14 91 31 86 C7 81 E2 B1 44  .~.e.....1.....D
00001C70:  EE 4C FD A8 20 00 4A 67 EF 86 B6 3A 95 26 44 67  .L.. .Jg...:.&Dg
00001C80:  CD E4 11 26 6F 48 7B 9E A7 D9 A7 55 22 7B 9D 76  ...&oH{....U"{.v
00001C90:  B0 AE 83 A3 C5 5B 98 7B 98 20 53 BD 2F 33 2A 0B  .....[.{. S./3*.
00001CA0:  38 3C C5 FF 7F 0F E7 68 CD 97 39 AE EC 10 33 89  8<.....h..9...3.
00001CB0:  90 B6 F8 ED D6 AD 31 24 35 E7 19 53 8E 0C 9E 39  ......1$5..S...9
00001CC0:  12 D1 E5 5C 48 7A 91 B9 BE 85 C8 44 F0 AD 38 70  ...\Hz.....D..8p
00001CD0:  11 97 39 7C 28 AC FC C7 C1 BF C5 95 9A 01 2E F9  ..9|(...........
00001CE0:  37 8C A6 07 2B 08 A4 F7 CF D3 53 84 A2 C4 DC A4  7...+.....S.....
00001CF0:  09 AB C4 B1 D4 C6 3A 83 B6 F3 FA EE 70 7F 31 69  ......:.....p.1i
00001D00:  D8 F9 CC B7 99 49 1C F4 49 76 3E 8A 6F 88 9C 8F  .....I..Iv>.o...
00001D10:  6B 76 E8 B8 55 06 BA 1A D3 A7 78 F7 EF 57 02 65  kv..U.....x..W.e
00001D20:  46 3B 52 5E EC 76 34 B7 87 F3 65 BB 83 5C DC 09  F;R^.v4...e..\..
00001D30:  8D 30 BE 74 F1 6A 9A 70 9F D8 EC 45 17 E8 28 38  .0.t.j.p...E..(8
00001D40:  EC B0 E1 83 2F 29 6F E9 63 08 6F FE 20 5C 9E 7C  ..../)o.c.o. \.|
00001D50:  AD 55 FF 9C 90 09 29 0A B8 D9 4C C7 6A 13 E5 A1  .U....)...L.j...
00001D60:  7F 4E EE 82 5B 17 AC 79 B3 22 C4 1B 05 CE 5D 54  .N..[..y."....]T
00001D70:  55 E4 23 BB 5A 99 25 90 77 7B AB 81 CA ED 41 91  U.#.Z.%.w{....A.
00001D80:  39 A4 07 28 A7 41 8A 84 DC B1 40 9F 68 CF 0E 8F  9..(.A....@.h...
00001D90:  44 FD 29 9F BF C2 29 07 6E 25 5C 05 83 C8 CF 5E  D.)...).n%\....^
00001DA0:  CF 8D 6B 12 D7 47 2E 95 D8 6C E0 B3 C1 FE F2 34  ..k..G...l.....4
00001DB0:  7B 34 A9 C2 F5 66 92 35 EC 07 19 E2 85 08 12 28  {4...f.5.......(
00001DC0:  60 11 69 B3 98 33 15 C8 90 81 68 18 C8 C3 61 44  `.i..3....h...aD
00001DD0:  7D BF 13 EF FB 27 36 80 3B 2B 32 E3 E8 58 CC 3F  }....'6.;+2..X.?
00001DE0:  B2 43 C1 8B CD C4 18 6E D7 66 31 41 D7 D0 49 70  .C.....n.f1A..Ip
00001DF0:  F8 C4 FB 0F 01 34 9B 3A 75 2E E2 53 E1 B5 6A 63  .....4.:u..S..jc
00001E00:  29 6E DE AB FD 79 71 11 F1 35 3C 5C DA 26 66 69  )n...yq..5<\.&fi
00001E10:  5E B7 0A 40 5D AC 9B 81 AE 45 D2 8D CB 3E 0E 56  ^..@]....E...>.V
00001E20:  41 0E D6 E4 80 9F 00 D6 9A 97 A2 34 01 16 FB DE  A..........4....
00001E30:  8F 05 94 CE FD 21 6C DC 5D CC 7A 29 9B 26 1A 47  .....!l.].z).&.G
00001E40:  F4 3D 3E 22 E7 19 6F 08 3C C6 45 DB C3 02 EC 58  .=>"..o.<.E....X
00001E50:  CF F5 2D 16 75 C0 84 72 C4 71 E6 E5 8D 90 5E AB  ..-.u..r.q....^.
00001E60:  E7 54 C9 14 5A 23 C0 7D 1E 32 13 D5 B9 93 A9 63  .T..Z#.}.2.....c
00001E70:  6B EE D6 D5 49 C2 70 1E 2E 21 93 7C 50 4A 13 55  k...I.p..!.|PJ.U
00001E80:  DF CB 56 94 DD F7 C5 73 AA 88 01 01 B5 AE E9 32  ..V....s.......2
00001E90:  DC 1E 03 D6 34 07 C1 D6 16 ED 22 AD 2C A2 37 EA  ....4.....".,.7.
00001EA0:  86 96 87 E5 74 98 31 EC 96 4E D5 B2 28 12 A0 79  ....t.1..N..(..y
00001EB0:  12 CC 17 8D 84 6D 3B 37 78 F4 D9 7E B7 5C 2D F8  .....m;7x..~.\-.
00001EC0:  2F F7 CD 10 D0 00 5C 6C 04 8C 83 1B 4E B6 3E E8  /.....\l....N.>.
00001ED0:  42 24 AC 62 FA FB 70 EF DB AF F6 08 C4 EA ED 00  B$.b..p.........
00001EE0:  E0 64 35 50 2C CD F7 0A 5E 05 FD 28 79 77 BF BF  .d5P,...^..(yw..
00001EF0:  AA F8 F0 53 C3 AB 98 EF 14 54 7E B4 DB 88 BA C2  ...S.....T~.....
00001F00:  9E 7E 09 65 83 90 E9 14 91 31 86 C7 81 E2 B1 44  .~.e.....1.....D
00001F10:  EE 4C FD A8 20 00 BA F4 06 77 20 61 B5 FC 9C 47  .L.. ....w a...G
00001F20:  E7 5F 74 35 A7 29 B4 D5 3C 43 CE 09 EC 60 AC 05  ._t5.)..<C...`..
00001F30:  EE 1C 63 3C EE 8A EC BA 37 0C 2A 10 26 60 1F 2B  ..c<....7.*.&`.+
00001F40:  51 01 4B EA A1 3D F7 40 BF E5 0F 4B DD 29 EA DC  Q.K..=.@...K.)..
00001F50:  D8 0F 36 38 02 96 CE 79 1D 90 70 66 15 42 D4 63  ..68...y..pf.B.c
00001F60:  D2 6C DB C0 68 C8 91 B9 BE 85 C8 44 F0 AD 38 70  .l..h......D..8p
00001F70:  11 97 39 7C 28 AC 45 BF 27 C8 66 DC B5 CB 54 14  ..9|(.E.'.f...T.
00001F80:  7C 51 0B F7 A7 F4 8A 3B CC BA C4 A1 2F 74 EC 2D  |Q.....;..../t.-
00001F90:  DC D4 82 AB 78 A3 BD 42 2C D5 34 38 B8 19 D6 3F  ....x..B,.48...?
00001FA0:  F8 18 1D 13 FC 57 1C F4 49 76 3E 8A 6F 88 9C 8F  .....W..Iv>.o...
00001FB0:  6B 76 E8 B8 55 06 BA 1A D3 A7 78 F7 EF 57 02 65  kv..U.....x..W.e
00001FC0:  46 3B 52 5E EC 76 69 27 22 FC E0 8F B2 5D C8 E2  F;R^.vi'"....]..
00001FD0:  4D 42 3F 97 C6 D8 56 E6 AC C6 A1 57 30 1B 87 81  MB?...V....W0...
00001FE0:  1D A1 7F 49 A1 77 0B 74 5D 20 69 55 CD 1D 36 09  ...I.w.t] iU..6.
00001FF0:  25 CD C9 34 2E C6 59 12 1D 18 93 EE DD 9C C0 21  %..4..Y........!
00002000:  55 8E 9A B7 73 1E 72 BC 1F 4D AB B9 03 26 D1 40  U...s.r..M...&.@
00002010:  E3 A9 11 F1 A7 60 25 90 77 7B AB 81 CA ED 41 91  .....`%.w{....A.
00002020:  39 A4 07 28 A7 41 8A 84 DC B1 40 9F 68 CF 0E 8F  9..(.A....@.h...
00002030:  44 FD 29 9F BF C2 E9 27 DB E2 4E D4 B8 A8 5A 4C  D.)....'..N...ZL
00002040:  C9 39 E6 57 34 F9 92 B8 CC 63 89 8C A9 48 AE 7E  .9.W4....c...H.~
00002050:  87 C1 78 2B 2E 28 80 4E A0 1E 6E 1D 32 7F AD 3D  ..x+.(.N..n.2..=
00002060:  2B 99 DF B2 65 62 AF D1 A1 B5 AD 5A 2C BC 90 C8  +...eb.....Z,...
00002070:  5F 4C B4 B6 02 19 24 B3 36 62 F9 CA C7 2A AD 05  _L....$.6b...*..
00002080:  7D 0E CF 51 23 4E 9D 81 3F 87 5E 20 18 90 5E F0  }..Q#N..?.^ ..^.
00002090:  3A BE F2 F1 FF 8A 20 82 60 0C 5D E1 3C 56 01 34  :..... .`.].<V.4
000020A0:  94 51 25 87 E9 1C 9D B5 AF 03 CC 8A C3 38 46 F7  .Q%..........8F.
000020B0:  A7 10 71 E4 21 0F 2A E1 04 BA 76 3C B5 D5 17 0A  ..q.!.*...v<....
000020C0:  0C 41 92 75 1F 1A 3A 69 DB 87 E7 59 8C B2 46 57  .A.u..:i...Y..FW
000020D0:  C4 51 81 8B 35 B5 17 92 F6 DA 3A 60 36 CC 05 F5  .Q..5.....:`6...
000020E0:  30 E3 B7 93 A2 EF FA E8 9E D8 36 EE 61 3C 94 15  0.........6.a<..
000020F0:  9B 60 39 DC B6 2C 2E 48 B4 9C B0 EB AC C6 72 45  .`9..,.H......rE
00002100:  49 38 76 1E E0 35 7B 71 D5 37 09 D8 21 91 58 22  I8v..5{q.7..!.X"
00002110:  E0 50 F6 66 C5 EB 73 D2 41 7C 73 7E 49 BE 39 35  .P.f..s.A|s~I.95
00002120:  53 61 90 91 C1 88 61 71 49 F2 5A 95 B8 54 FB 97  Sa....aqI.Z..T..
00002130:  42 4F C6 8E C2 69 12 64 82 02 BD CF 37 BF 56 64  BO...i.d....7.Vd
00002140:  0D EB 0E 02 25 19 5F AA 16 51 3E 95 D4 CC B5 D5  ....%._..Q>.....
00002150:  2E 9F 68 D6 A8 C6 F6 E4 C1 D6 CC 08 8D 05 49 66  ..h...........If
00002160:  B3 9E 7E C8 C6 C3 8C 1B 43 4E DC 99 1F 5B DF DD  ..~.....CN...[..
00002170:  42 9E 2E 73 07 C4 2C 4B 5A 9F 4C 6C 90 8D E2 40  B..s..,KZ.Ll...@
00002180:  5A E4 B6 B7 DB 61 8E 0B 45 B7 74 9D 6D 3A D5 62  Z....a..E.t.m:.b
00002190:  72 BD 5A 92 CF A1 66 72 6A 60 26 71 CD 42 F1 CC  r.Z...frj`&q.B..
000021A0:  26 63 78 A7 A2 E7 05 15 F1 E9 A0 8B 73 E7 D3 35  &cx.........s..5
000021B0:  DB 17 F6 52 EC 29 BC 88 F4 08 0B 0E 6C 65 5B F6  ...R.)......le[.
000021C0:  18 16 19 14 05 D8 19 86 34 0B 3C 3A B2 9B 1E C1  ........4.<:....
000021D0:  0B A5 FA 72 2C F3 57 54 3A 1A B3 B2 A7 25 3B 69  ...r,.WT:....%;i
000021E0:  30 C9 E9 66 DE 95 AE 3F F1 3C BE F5 A9 77 5D 89  0..f...?.<...w].
000021F0:  FC D4 22 33 31 B8 EE 8A 35 71 C2 E2 35 BF 2E F5  .."31...5q..5...
00002200:  60 82 07 C2 85 09 B2 9B 53 A3 F8 F8 AB BB 64 8B  `.......S.....d.
00002210:  15 E9 BF CB CB ED 9E D6 1F 9C FE AF D7 D4 23 62  ..............#b
00002220:  BA 03 E7 2D 45 25 31 16 94 17 4B F0 93 E2 C9 BC  ...-E%1...K.....
00002230:  00 7F 26 53 C1 FD E9 8D F7 00 74 F9 BD FB 78 CD  ..&S......t...x.
00002240:  3E 06 A5 1C 43 88 26 DB 35 6B 81 46 DC B7 16 C6  >...C.&.5k.F....
00002250:  73 EB C0 B7 44 E2 7E 04 ED 44 B5 B0 97 4D 87 46  s...D.~..D...M.F
00002260:  A4 8F 4C B7 46 93 F0 C5 2D CF AA 34 99 1F EB 14  ..L.F...-..4....
00002270:  C8 2F 91 54 71 6A 93 B7 2A E3 76 51 83 E8 9B A5  ./.Tqj..*.vQ....
00002280:  D6 B7 9B 68 73 6B 80 4E A0 1E 6E 1D 32 7F AD 3D  ...hsk.N..n.2..=
00002290:  2B 99 DF B2 65 62 19 67 DC EB 18 25 93 E9 2D 5F  +...eb.g...%..-_
000022A0:  9E F1 72 5F 10 02 24 B3 36 62 F9 CA C7 2A AD 05  ..r_..$.6b...*..
000022B0:  7D 0E CF 51 23 4E 9D 81 3F 87 5E 20 18 90 5E F0  }..Q#N..?.^ ..^.
000022C0:  3A BE F2 F1 FF 8A 98 83 AC 32 10 24 D5 0A A0 AE  :........2.$....
000022D0:  6E 47 EB FC 5C D7 A2 99 D1 D0 D9 25 86 D7 1F 8B  nG..\......%....
000022E0:  3B 08 AE 69 A2 B4 BC 4E 5E 16 03 23 1D BE F7 9B  ;..i...N^..#....
000022F0:  E6 D0 09 63 72 FF 5C A6 F8 D0 AE 3D F9 61 68 70  ...cr.\....=.ahp
00002300:  E5 4E 52 0B 6E D3 14 9E 40 E3 87 D1 0B 02 34 87  .NR.n...@.....4.
00002310:  20 B2 2E 62 E4 2E D3 31 C1 73 AF 95 4B 82 FD D0   ..b...1.s..K...
00002320:  8C 75 D2 49 24 C6 D1 6C C4 2B 7F A2 7C BC 63 CD  .u.I$..l.+..|.c.
00002330:  EE E4 D7 0F 96 47 6D E6 95 90 F7 E0 B7 0F 9E 93  .....Gm.........
00002340:  14 0F 71 99 BB 4F 02 CB BA 9A 17 10 AB 20 FB C6  ..q..O....... ..
00002350:  CC 2A F4 8C 8B 0E 84 55 C8 6E 52 71 8B 34 03 C5  .*.....U.nRq.4..
00002360:  F8 3A 23 85 8C 65 21 D6 30 2C D1 5A 16 81 7E 46  .:#..e!.0,.Z..~F
00002370:  87 98 85 63 45 72 5C 35 45 65 48 53 14 98 E2 E0  ...cEr\5EeHS....
00002380:  C4 61 2B D5 23 75 DE 89 9A D1 05 0E 0C 45 21 F2  .a+.#u.......E!.
00002390:  80 05 46 23 2A 96 24 17 D4 63 99 5D 3A 27 1C 89  ..F#*.$..c.]:'..
000023A0:  36 D4 3F CB A7 25 05 D7 61 4C E0 7A 30 B1 AB D8  6.?..%..aL.z0...
000023B0:  CE F3 62 21 58 EA 59 67 82 B4 D8 E1 F2 1E CB 75  ..b!X.Yg.......u
000023C0:  A4 B5 06 B4 5B 30 CF 64 01 81 98 F3 3D 5A 4B 22  ....[0.d....=ZK"
000023D0:  5C 76 A0 1E 8F 8D 03 2C A3 D1 4D 6F 8A EE 48 8B  \v.....,..Mo..H.
000023E0:  36 9C F1 F0 F1 BE 3E 4E 65 BD 2B 2E 60 B8 3B 3A  6.....>Ne.+.`.;:
000023F0:  13 60 63 F5 88 18 5C 16 98 83 F2 9D 49 C5 ED 10  .`c...\.....I...
00002400:  FF 40 FF C5 5C 56 FB 59 33 CA B4 BF 8E 59 3C E9  .@..\V.Y3....Y<.
00002410:  79 16 E2 98 5A 12 77 61 8B BE 79 EC F9 79 1D 34  y...Z.wa..y..y.4
00002420:  5B 0E 20 D8 6A DB 63 9D 6B A9 FA 16 00 06 ED 22  [. .j.c.k......"
00002430:  F2 BD 2C 96 81 30 80 4E A0 1E 6E 1D 32 7F AD 3D  ..,..0.N..n.2..=
00002440:  2B 99 DF B2 65 62 36 15 04 19 20 4C 9E 2B AB AE  +...eb6... L.+..
00002450:  CC B8 12 6D CD 49 4A 88 72 DD F2 8A 69 2A 0B BC  ...m.IJ.r...i*..
00002460:  AE 4E 3F D9 83 4B 9D 81 3F 87 5E 20 18 90 5E F0  .N?..K..?.^ ..^.
00002470:  3A BE F2 F1 FF 8A AC C7 30 15 73 A2 7E CB 11 1F  :.......0.s.~...
00002480:  C0 3C E0 B4 8B 9D A2 99 D1 D0 D9 25 86 D7 1F 8B  .<.........%....
00002490:  3B 08 AE 69 A2 B4 BC 4E 5E 16 03 23 1D BE F7 9B  ;..i...N^..#....
000024A0:  E6 D0 09 63 72 FF 5C A6 F8 D0 AE 3D F9 61 68 70  ...cr.\....=.ahp
000024B0:  E5 4E 52 0B 6E D3 14 9E 40 E3 87 D1 0B 02 34 87  .NR.n...@.....4.
000024C0:  20 B2 2E 62 E4 2E 9F 53 3A 4D 14 C8 4D 8B F3 82   ..b...S:M..M...
000024D0:  8F C5 F7 68 CC E5 EB 21 9B CF 5D D3 01 CA B4 1C  ...h...!..].....
000024E0:  3A F2 B2 8D 78 81 85 69 C7 47 2B 1E E7 CF 80 D8  :...x..i.G+.....
000024F0:  66 D8 2C 27 EC 29 6D 73 23 32 59 30 51 0B A1 0D  f.,'.)ms#2Y0Q...
00002500:  10 B1 CE CA 9A 7B 40 A5 66 41 0D F6 7F 36 21 C5  .....{@.fA...6!.
00002510:  63 1A D7 8C 0E 9D 03 2C A3 D1 4D 6F 8A EE 48 8B  c......,..Mo..H.
00002520:  36 9C F1 F0 F1 BE 3E 4E 65 BD 2B 2E 60 B8 3B 3A  6.....>Ne.+.`.;:
00002530:  13 60 63 F5 88 18 5C 16 98 83 F2 9D 49 C5 ED 10  .`c...\.....I...
00002540:  FF 40 FF C5 5C 56 FB 59 33 CA B4 BF 8E 59 3C E9  .@..\V.Y3....Y<.
00002550:  79 16 E2 98 5A 12 98 F6 EE EC 7C FB 71 0D 46 7D  y...Z.....|.q.F}
00002560:  0E C9 3C BC 74 99 A9 12 89 85 C0 80 4A 51 D9 C3  ..<.t.......JQ..
00002570:  02 B8 51 79 04 DF C7 A9 A6 0F BF 55 0F E5 95 25  ..Qy.......U...%
00002580:  D3 45 F2 0E 64 5D AC C7 30 15 73 A2 7E CB 11 1F  .E..d]..0.s.~...
00002590:  C0 3C E0 B4 8B 9D 47 AF FA A8 7C D8 04 A0 E3 FF  .<....G...|.....
000025A0:  6F 2B DC F1 72 24 5C 6C 04 8C 83 1B 4E B6 3E E8  o+..r$\l....N.>.
000025B0:  42 24 AC 62 FA FB B8 16 C5 A6 24 F2 5D F7 9A E8  B$.b......$.]...
000025C0:  7B 5F BF F4 BB 74 37 88 17 5F B7 DB 01 30 6C 0A  {_...t7.._...0l.
000025D0:  01 D6 56 FF FE DC E3 F8 B5 27 B4 9E FB AB 03 B8  ..V......'......
000025E0:  CD EF C7 E6 A6 47 AF 8A C9 B5 0D 71 12 D3 FB 76  .....G.....q...v
000025F0:  44 6D 10 73 D8 73 B0 FB AD AB 35 C5 F2 69 55 B5  Dm.s.s....5..iU.
00002600:  69 7C 37 F9 51 2D D9 6F 6A B2 26 74 38 68 6D 81  i|7.Q-.oj.&t8hm.
00002610:  68 F2 94 30 5E F6 DF 11 AF 4F 27 4C 64 E6 F1 EF  h..0^....O'Ld...
00002620:  91 05 0D 40 9B 68 1D 9A A4 01 AB A6 AB 3D C1 2C  ...@.h.......=.,
00002630:  B7 22 65 FF AB 3E 61 BB 77 4B 37 29 9E 22 1F 9F  ."e..>a.wK7)."..
00002640:  23 A1 64 C2 FB 1E 43 91 8C 0B C4 9D 20 43 78 DA  #.d...C..... Cx.
00002650:  25 86 FA 23 B4 C2 8C 73 D0 3F 05 28 50 D9 23 FB  %..#...s.?.(P.#.
00002660:  F8 35 42 07 71 09 09 40 B6 3D 16 ED FB AC BB D4  .5B.q..@.=......
00002670:  D7 57 E5 20 7A 35 A4 2F 34 AA FC 55 C5 8F 69 80  .W. z5./4..U..i.
00002680:  30 84 BD 54 5C 9B 2C 07 E9 07 5D C5 FE 3D 0C 5A  0..T\.,...]..=.Z
00002690:  64 F6 87 35 C4 6F 91 1A 67 B8 42 3A 02 4E A9 04  d..5.o..g.B:.N..
000026A0:  42 06 9E F3 D4 6C 1F 6B 95 C6 DC C7 BD 30 B7 ED  B....l.k.....0..
000026B0:  A8 C1 99 CD 3F 2F B6 71 A3 62 75 1A B0 4C 61 B4  ....?/.q.bu..La.
000026C0:  26 EE 1C 76 DD F3 8A 84 DC B1 40 9F 68 CF 0E 8F  &..v......@.h...
000026D0:  44 FD 29 9F BF C2 D3 BF 32 93 77 8B 54 42 AA B1  D.).....2.w.TB..
000026E0:  A1 BA F8 91 54 78 3B 1F 29 94 27 67 CF B7 5F CF  ....Tx;.).'g.._.
000026F0:  9C EE 62 74 80 C6 80 4E A0 1E 6E 1D 32 7F AD 3D  ..bt...N..n.2..=
00002700:  2B 99 DF B2 65 62 B0 FB AD AB 35 C5 F2 69 55 B5  +...eb....5..iU.
00002710:  69 7C 37 F9 51 2D 4A 88 72 DD F2 8A 69 2A 0B BC  i|7.Q-J.r...i*..
00002720:  AE 4E 3F D9 83 4B 9D 81 3F 87 5E 20 18 90 5E F0  .N?..K..?.^ ..^.
00002730:  3A BE F2 F1 FF 8A C3 F7 05 7E B6 64 04 A2 CB 4E  :........~.d...N
00002740:  5B 7C D4 40 C7 A8 A2 99 D1 D0 D9 25 86 D7 1F 8B  [|.@.......%....
00002750:  3B 08 AE 69 A2 B4 BC 4E 5E 16 03 23 1D BE F7 9B  ;..i...N^..#....
00002760:  E6 D0 09 63 72 FF 5C A6 F8 D0 AE 3D F9 61 68 70  ...cr.\....=.ahp
00002770:  E5 4E 52 0B 6E D3 14 9E 40 E3 87 D1 0B 02 34 87  .NR.n...@.....4.
00002780:  20 B2 2E 62 E4 2E 9F 53 3A 4D 14 C8 4D 8B F3 82   ..b...S:M..M...
00002790:  8F C5 F7 68 CC E5 9A 11 7D 18 1D B7 A9 F7 51 A6  ...h....}.....Q.
000027A0:  E0 88 4B BA DD B9 59 92 FF 2D 47 44 B1 72 EE 67  ..K...Y..-GD.r.g
000027B0:  08 E4 C3 8F 39 C7 67 76 7E 67 8C 7D D9 CC C6 DD  ....9.gv~g.}....
000027C0:  4B DF 6B 09 EA D6 84 5B 90 3C 00 CF 00 B5 6B C0  K.k....[.<....k.
000027D0:  29 D4 AC BA 3C 8C AB 96 34 E4 A4 41 EA 00 7C 5B  )...<...4..A..|[
000027E0:  2F 53 9E EB 98 F9 F3 D4 4C 8B B4 C9 AF E8 BA 14  /S......L.......
000027F0:  76 F1 8D B1 DD 59 4D 7C 98 D1 CC D3 A0 CB 5E 08  v....YM|......^.
00002800:  AC E4 67 E8 97 E6 E3 53 B2 1F 3A C8 06 4D 7C 15  ..g....S..:..M|.
00002810:  10 1F 5D 80 52 DE F0 C5 2D CF AA 34 99 1F EB 14  ..].R...-..4....
00002820:  C8 2F 91 54 71 6A E1 09 16 E8 F1 C5 B0 F2 48 47  ./.Tqj........HG
00002830:  3B 09 8A 6C F1 25 80 4E A0 1E 6E 1D 32 7F AD 3D  ;..l.%.N..n.2..=
00002840:  2B 99 DF B2 65 62 B9 EB 39 12 FF 8D BC A7 E0 59  +...eb..9......Y
00002850:  76 E1 83 BD BC D8 4A 88 72 DD F2 8A 69 2A 0B BC  v.....J.r...i*..
00002860:  AE 4E 3F D9 83 4B 9D 81 3F 87 5E 20 18 90 5E F0  .N?..K..?.^ ..^.
00002870:  3A BE F2 F1 FF 8A 0C A4 17 25 8F 80 60 68 BB D6  :........%..`h..
00002880:  60 0C B2 02 BF DF 2E 7D 6B 36 4D 19 98 93 5B 7F  `......}k6M...[.
00002890:  88 BD C7 7A F1 70 9E 74 E6 EB 44 8F DC 60 5D 41  ...z.p.t..D..`]A
000028A0:  AD FA 8C 3C 9A AA CD 31 B4 81 44 67 78 77 00 E8  ...<...1..Dgxw..
000028B0:  44 C4 28 89 A5 96 29 7B 33 0E FB 0F BD 42 9E 85  D.(...){3....B..
000028C0:  B2 FE DB 82 F8 CF 43 15 C1 67 2B 07 9A 78 1C C7  ......C..g+..x..
000028D0:  24 11 59 BC A8 92 0F 07 75 32 A2 AB 37 4E ED 42  $.Y.....u2..7N.B
000028E0:  8F 0C 56 D3 E3 89 51 F0 46 7D 18 DF 19 29 32 16  ..V...Q.F}...)2.
000028F0:  A6 A2 A8 18 3D A5 97 9E 85 A0 36 0D 9D 64 50 CC  ....=.....6..dP.
00002900:  FB 7C 0F BB DC 0A A4 83 7E E6 16 63 2F 31 EB 8B  .|......~..c/1..
00002910:  0A 17 24 81 10 D2 4B 46 E1 66 56 08 F7 C5 D4 AF  ..$...KF.fV.....
00002920:  F2 39 C4 31 5F FE B0 AF 15 AA 3B 87 F2 14 E5 E3  .9.1_.....;.....
00002930:  3C 17 0E 3B C0 93 88 E1 78 18 0A 49 DC 9E 37 9D  <..;....x..I..7.
00002940:  06 CF 82 33 57 A0 90 4C 16 1E 86 01 D9 64 CB 19  ...3W..L.....d..
00002950:  2E AB 6A 5D F7 06 6F 3F B1 09 50 B2 25 76 61 64  ..j]..o?..P.%vad
00002960:  E5 7F A1 0C 29 42 70 77 85 34 63 17 5B D4 D4 4E  ....)Bpw.4c.[..N
00002970:  EB 1B 38 21 F1 2E 62 A5 13 10 D1 0C 36 1F 12 79  ..8!..b.....6..y
00002980:  FD D2 A7 03 79 4E F3 58 8D D5 1D A4 FF 8F DA F1  ....yN.X........
00002990:  11 FA 19 6F A8 08 F6 AB 05 F1 22 6A 32 9C BF 7B  ...o......"j2..{
000029A0:  BE 64 C2 B5 EF FA EF F4 3E B4 F9 BE 4C 3D EB 66  .d......>...L=.f
000029B0:  E2 E9 A9 07 0D 64 92 35 EC 07 19 E2 85 08 12 28  .....d.5.......(
000029C0:  60 11 69 B3 98 33 29 7B 33 0E FB 0F BD 42 9E 85  `.i..3){3....B..
000029D0:  B2 FE DB 82 F8 CF 5A 0E 8F EA 03 04 24 52 17 10  ......Z.....$R..
000029E0:  01 BC D6 26 8B 12 18 6E D7 66 31 41 D7 D0 49 70  ...&...n.f1A..Ip
000029F0:  F8 C4 FB 0F 01 34 DB 4C 9F 87 94 8E 56 16 AC C0  .....4.L....V...
00002A00:  DA E6 FE 68 07 CF D9 6F 6A B2 26 74 38 68 6D 81  ...h...oj.&t8hm.
00002A10:  68 F2 94 30 5E F6 DF 11 AF 4F 27 4C 64 E6 F1 EF  h..0^....O'Ld...
00002A20:  91 05 0D 40 9B 68 1D 9A A4 01 AB A6 AB 3D C1 2C  ...@.h.......=.,
00002A30:  B7 22 65 FF AB 3E 61 BB 77 4B 37 29 9E 22 1F 9F  ."e..>a.wK7)."..
00002A40:  23 A1 64 C2 FB 1E 43 91 8C 0B C4 9D 20 43 78 DA  #.d...C..... Cx.
00002A50:  25 86 FA 23 B4 C2 D0 24 7C 0B 95 26 73 BE EE E9  %..#...$|..&s...
00002A60:  5E BE A6 C5 6F C9 2B 43 50 59 E9 62 19 70 34 C8  ^...o.+CPY.b.p4.
00002A70:  D6 B3 5C 40 44 17 9B FE 30 7A 79 67 A7 75 73 65  ..\@D...0zyg.use
00002A80:  80 43 24 14 C2 57 2C 07 E9 07 5D C5 FE 3D 0C 5A  .C$..W,...]..=.Z
00002A90:  64 F6 87 35 C4 6F 91 1A 67 B8 42 3A 02 4E A9 04  d..5.o..g.B:.N..
00002AA0:  42 06 9E F3 D4 6C 1F 6B 95 C6 DC C7 BD 30 B7 ED  B....l.k.....0..
00002AB0:  A8 C1 99 CD 3F 2F B6 71 A3 62 75 1A B0 4C 61 B4  ....?/.q.bu..La.
00002AC0:  26 EE 1C 76 DD F3 8A 84 DC B1 40 9F 68 CF 0E 8F  &..v......@.h...
00002AD0:  44 FD 29 9F BF C2 29 07 6E 25 5C 05 83 C8 CF 5E  D.)...).n%\....^
00002AE0:  CF 8D 6B 12 D7 47 9A 74 CE B0 DC AA DB AC CE 04  ..k..G.t........
00002AF0:  B0 45 09 3C 58 1B 92 35 EC 07 19 E2 85 08 12 28  .E.<X..5.......(
00002B00:  60 11 69 B3 98 33 92 CF 2C D4 F2 33 67 DF 4E 41  `.i..3..,..3g.NA
00002B10:  19 7E 97 A1 AD 8D 5A 0E 8F EA 03 04 24 52 17 10  .~....Z.....$R..
00002B20:  01 BC D6 26 8B 12 18 6E D7 66 31 41 D7 D0 49 70  ...&...n.f1A..Ip
00002B30:  F8 C4 FB 0F 01 34 EF 74 97 14 32 C8 5D 51 C4 61  .....4.t..2.]Q.a
00002B40:  A5 7C CE 82 8E 91 C7 A8 5A E0 FA C7 6E CD 0A 8B  .|......Z...n...
00002B50:  1C FF CC 77 1F AA 9B 81 AE 45 D2 8D CB 3E 0E 56  ...w.....E...>.V
00002B60:  41 0E D6 E4 80 9F 00 D6 9A 97 A2 34 01 16 FB DE  A..........4....
00002B70:  8F 05 94 CE FD 21 8F D1 D2 EC 49 91 25 AE 02 50  .....!....I.%..P
00002B80:  52 FA 03 10 CD 02 92 1B E8 24 CD 7B AC 60 A2 73  R........$.{.`.s
00002B90:  53 36 8E D2 83 1A 43 F4 B3 90 38 5A 32 62 3B 86  S6....C...8Z2b;.
00002BA0:  87 48 90 F9 E1 DD E3 CA 5E 69 7F 9B 49 70 00 E5  .H......^i..Ip..
00002BB0:  36 15 C8 E9 B8 61 6A C3 A0 76 E6 68 F7 3A A7 C6  6....aj..v.h.:..
00002BC0:  97 CE 2F 82 33 D8 BA F4 06 77 20 61 B5 FC 9C 47  ../.3....w a...G
00002BD0:  E7 5F 74 35 A7 29 E6 BA 0D 0C AB CA 4A 07 34 BF  ._t5.)......J.4.
00002BE0:  03 72 10 CE AD 89 22 22 A0 D1 18 52 FC 81 72 B3  .r....""...R..r.
00002BF0:  58 ED 6D E8 DB 61 DA 71 7C C2 91 78 B9 07 E5 CD  X.m..a.q|..x....
00002C00:  30 CC 13 FB DE BE 1B 9B 6C 01 E1 83 EF 36 1D 02  0.......l....6..
00002C10:  CF E5 7D 2E 2E E3 14 9A DC 1E 3F 25 3A 27 B2 9A  ..}.......?%:'..
00002C20:  DA 7B 7C 4C 33 7A A7 BE B9 3B F7 3B C1 23 94 6E  .{|L3z...;.;.#.n
00002C30:  FE EC A4 CA BA 79 29 C5 99 01 E8 49 E7 CF D3 3C  .....y)....I...<
00002C40:  EF 6C 22 C5 22 2D 61 61 C3 DD 60 64 90 66 67 30  .l"."-aa..`d.fg0
00002C50:  95 3A 2A EF F0 3C FE 97 34 BA F9 79 50 E0 6F 13  .:*..<..4..yP.o.
00002C60:  37 D9 B7 C8 F4 57 CE 43 26 DC A8 A8 28 70 B8 28  7....W.C&...(p.(
00002C70:  5C 13 08 EA 21 61 58 94 01 42 55 34 A9 14 61 26  \...!aX..BU4..a&
00002C80:  C9 64 11 01 C1 3B 8F D1 D2 EC 49 91 25 AE 02 50  .d...;....I.%..P
00002C90:  52 FA 03 10 CD 02 8C 39 2D 1C 41 74 8B 4A 73 76  R......9-.At.Jsv
00002CA0:  44 A5 A2 0A 80 27 1F C0 AC F1 29 76 D0 9A 43 D4  D....'....)v..C.
00002CB0:  D1 B0 99 32 09 95 BB 01 D8 5C 37 1F 51 B8 11 91  ...2.....\7.Q...
00002CC0:  E4 97 D1 70 61 A2 43 15 C1 67 2B 07 9A 78 1C C7  ...pa.C..g+..x..
00002CD0:  24 11 59 BC A8 92 0F 07 75 32 A2 AB 37 4E ED 42  $.Y.....u2..7N.B
00002CE0:  8F 0C 56 D3 E3 89 51 F0 46 7D 18 DF 19 29 32 16  ..V...Q.F}...)2.
00002CF0:  A6 A2 A8 18 3D A5 97 9E 85 A0 36 0D 9D 64 50 CC  ....=.....6..dP.
00002D00:  FB 7C 0F BB DC 0A A4 83 7E E6 16 63 2F 31 EB 8B  .|......~..c/1..
00002D10:  0A 17 24 81 10 D2 EF D2 67 55 D1 75 F6 5D 68 6B  ..$.....gU.u.]hk
00002D20:  AB F6 6C DF 67 5A 2B 43 50 59 E9 62 19 70 34 C8  ..l.gZ+CPY.b.p4.
00002D30:  D6 B3 5C 40 44 17 2D 02 FA 3F F8 EF 6F 8D 52 87  ..\@D.-..?..o.R.
00002D40:  7E 54 7F 5B 13 11 2C 07 E9 07 5D C5 FE 3D 0C 5A  ~T.[..,...]..=.Z
00002D50:  64 F6 87 35 C4 6F 91 1A 67 B8 42 3A 02 4E A9 04  d..5.o..g.B:.N..
00002D60:  42 06 9E F3 D4 6C 1F 6B 95 C6 DC C7 BD 30 B7 ED  B....l.k.....0..
00002D70:  A8 C1 99 CD 3F 2F B6 71 A3 62 75 1A B0 4C 61 B4  ....?/.q.bu..La.
00002D80:  26 EE 1C 76 DD F3 8A 84 DC B1 40 9F 68 CF 0E 8F  &..v......@.h...
00002D90:  44 FD 29 9F BF C2 D3 BF 32 93 77 8B 54 42 AA B1  D.).....2.w.TB..
00002DA0:  A1 BA F8 91 54 78 92 B8 CC 63 89 8C A9 48 AE 7E  ....Tx...c...H.~
00002DB0:  87 C1 78 2B 2E 28 80 4E A0 1E 6E 1D 32 7F AD 3D  ..x+.(.N..n.2..=
00002DC0:  2B 99 DF B2 65 62 24 66 4F E1 23 E4 2D 0B 76 D0  +...eb$fO.#.-.v.
00002DD0:  A6 C3 50 48 EC 34 4A 88 72 DD F2 8A 69 2A 0B BC  ..PH.4J.r...i*..
00002DE0:  AE 4E 3F D9 83 4B 9D 81 3F 87 5E 20 18 90 5E F0  .N?..K..?.^ ..^.
00002DF0:  3A BE F2 F1 FF 8A 9B 87 EF C1 5A BC 93 DD 28 C6  :.........Z...(.
00002E00:  CF 9E 40 71 D6 74 A2 99 D1 D0 D9 25 86 D7 1F 8B  ..@q.t.....%....
00002E10:  3B 08 AE 69 A2 B4 BC 4E 5E 16 03 23 1D BE F7 9B  ;..i...N^..#....
00002E20:  E6 D0 09 63 72 FF 5C A6 F8 D0 AE 3D F9 61 68 70  ...cr.\....=.ahp
00002E30:  E5 4E 52 0B 6E D3 14 9E 40 E3 87 D1 0B 02 34 87  .NR.n...@.....4.
00002E40:  20 B2 2E 62 E4 2E 9F 53 3A 4D 14 C8 4D 8B F3 82   ..b...S:M..M...
00002E50:  8F C5 F7 68 CC E5 EB 21 9B CF 5D D3 01 CA B4 1C  ...h...!..].....
00002E60:  3A F2 B2 8D 78 81 46 61 17 4C 0F 57 4D 15 82 3B  :...x.Fa.L.WM..;
00002E70:  3F A9 DE EB C3 8E EC 23 16 F0 B6 1C D0 16 B6 28  ?......#.......(
00002E80:  59 B9 3D FB 9D AB F8 E6 B0 6C 83 D3 2A 22 EB BE  Y.=......l..*"..
00002E90:  56 9C 99 86 CB 63 03 2C A3 D1 4D 6F 8A EE 48 8B  V....c.,..Mo..H.
00002EA0:  36 9C F1 F0 F1 BE 3E 4E 65 BD 2B 2E 60 B8 3B 3A  6.....>Ne.+.`.;:
00002EB0:  13 60 63 F5 88 18 5C 16 98 83 F2 9D 49 C5 ED 10  .`c...\.....I...
00002EC0:  FF 40 FF C5 5C 56 FB 59 33 CA B4 BF 8E 59 3C E9  .@..\V.Y3....Y<.
00002ED0:  79 16 E2 98 5A 12 98 F6 EE EC 7C FB 71 0D 46 7D  y...Z.....|.q.F}
00002EE0:  0E C9 3C BC 74 99 A9 12 89 85 C0 80 4A 51 D9 C3  ..<.t.......JQ..
00002EF0:  02 B8 51 79 04 DF 46 89 C2 18 AB AE 70 45 D2 2B  ..Qy..F.....pE.+
00002F00:  F6 86 90 19 A9 CD 9B 87 EF C1 5A BC 93 DD 28 C6  ..........Z...(.
00002F10:  CF 9E 40 71 D6 74 47 AF FA A8 7C D8 04 A0 E3 FF  ..@q.tG...|.....
00002F20:  6F 2B DC F1 72 24 5C 6C 04 8C 83 1B 4E B6 3E E8  o+..r$\l....N.>.
00002F30:  42 24 AC 62 FA FB A4 17 BA 2D A8 17 0A 7F C2 F7  B$.b.....-......
00002F40:  64 C4 29 F0 0A 02 97 6D 5A 90 69 63 8E 91 3D D5  d.)....mZ.ic..=.
00002F50:  BE D4 70 3E C1 41 30 45 68 8C 89 1C AC FF 1F 54  ..p>.A0Eh......T
00002F60:  52 00 18 DA 73 33 27 19 CC 3C 82 FE EA 6F 11 D2  R...s3'..<...o..
00002F70:  57 70 42 E9 2A 10 3E E9 33 18 D6 4E 38 A1 13 6F  WpB.*.>.3..N8..o
00002F80:  35 EC FD A8 B1 BA 9A 7D 83 39 1D D0 86 67 37 7F  5......}.9...g7.
00002F90:  13 43 7B 28 F5 37 E4 56 41 5C 72 39 CB 91 FA 16  .C{(.7.VA\r9....
00002FA0:  61 5C 0D 67 52 D8 DB 42 B8 A5 D2 1D 6E 15 82 55  a\.gR..B....n..U
00002FB0:  E9 5B 94 7B 09 AC 83 0F E4 28 DF 10 D6 C2 A4 49  .[.{.....(.....I
00002FC0:  AB 79 32 F5 C1 30 33 E9 4E 43 46 19 C4 4E DE 1A  .y2..03.NCF..N..
00002FD0:  6D 3D F8 A0 AE 60 9B 71 99 62 D6 85 3C 09 CE 99  m=...`.q.b..<...
00002FE0:  D3 70 D6 AB E3 79 E5 CB 36 9A B8 28 7B 0D E6 E4  .p...y..6..({...
00002FF0:  8E FB 84 AA FD F9 24 74 83 73 7F 60 1D 7B ED 4B  ......$t.s.`.{.K
00003000:  99 5D DA B3 4A 74 A8 EF 39 70 72 B5 BC C6 7E C2  .]..Jt..9pr...~.
00003010:  FE 58 AD 6F 13 76 8B F4 1F 4B 47 FD 92 53 EC A0  .X.o.v...KG..S..
00003020:  99 BD CB D4 89 AD 90 A2 49 8D D7 36 8C 8B F4 C9  ........I..6....
00003030:  A3 8C F7 57 D0 B4 29 5F 5F 13 02 ED CE DB 87 59  ...W..)__......Y
00003040:  4D 4D 32 82 D6 19 A4 17 BA 2D A8 17 0A 7F C2 F7  MM2......-......
00003050:  64 C4 29 F0 0A 02 8D CE 38 68 1A 88 02 0F D5 E9  d.).....8h......
00003060:  96 AA 80 82 CD CD 28 96 23 CF E3 4D E2 3F 47 39  ......(.#..M.?G9
00003070:  F6 62 7C 31 12 B5 3E 6D BE 43 D0 97 3B 04 96 8F  .b|1..>m.C..;...
00003080:  88 56 36 45 D8 59 52 FB AD 5A AC F2 E6 FB EE 7A  .V6E.YR..Z.....z
00003090:  5D E1 68 7D AC 06 32 40 F3 CF 39 9B 50 0B 98 A0  ].h}..2@..9.P...
000030A0:  CF 34 F7 F6 D0 08 ED DE DF 6F 8E 32 56 12 9A 3D  .4.......o.2V..=
000030B0:  68 42 D8 BA 0D A6 BD 38 D7 D5 9A 75 C0 B9 1E 48  hB.....8...u...H
000030C0:  01 FA CC 74 CB BF 75 99 AE 67 F3 A8 C6 3F 9F 0E  ...t..u..g...?..
000030D0:  20 55 39 BA 9D 48 2A E1 04 BA 76 3C B5 D5 17 0A   U9..H*...v<....
000030E0:  0C 41 92 75 1F 1A 3A 69 DB 87 E7 59 8C B2 46 57  .A.u..:i...Y..FW
000030F0:  C4 51 81 8B 35 B5 17 92 F6 DA 3A 60 36 CC 05 F5  .Q..5.....:`6...
00003100:  30 E3 B7 93 A2 EF FA E8 9E D8 36 EE 61 3C 94 15  0.........6.a<..
00003110:  9B 60 39 DC B6 2C BF AC 4D 7A 5D 67 F6 8E 4E C8  .`9..,..Mz]g..N.
00003120:  D8 2D 88 0E DB AF 2F AA 00 53 71 40 9E CD C6 39  .-..../..Sq@...9
00003130:  EC 01 5E B7 EC 3A 52 F7 4B 1A DB 3D 34 9C 47 75  ..^..:R.K..=4.Gu
00003140:  C0 8F AD CA B2 E0 61 71 49 F2 5A 95 B8 54 FB 97  ......aqI.Z..T..
00003150:  42 4F C6 8E C2 69 12 64 82 02 BD CF 37 BF 56 64  BO...i.d....7.Vd
00003160:  0D EB 0E 02 25 19 5F AA 16 51 3E 95 D4 CC B5 D5  ....%._..Q>.....
00003170:  2E 9F 68 D6 A8 C6 F6 E4 C1 D6 CC 08 8D 05 49 66  ..h...........If
00003180:  B3 9E 7E C8 C6 C3 8C 1B 43 4E DC 99 1F 5B DF DD  ..~.....CN...[..
00003190:  42 9E 2E 73 07 C4 E5 19 52 D5 3E D2 97 1C E4 5B  B..s....R.>....[
000031A0:  E5 FF DD 82 37 F2 FB C7 9C 86 DB 73 6D BF D0 93  ....7......sm...
000031B0:  88 D8 B1 0E C3 6A 33 D4 D4 C7 BE EA 31 8C 96 96  .....j3.....1...
000031C0:  AE 31 83 90 9B 98 FB FB 2B 09 D2 61 C3 20 44 18  .1......+..a. D.
000031D0:  E7 2B C5 C2 8B 98 B4 DF AC 38 9A 3A D1 63 47 F8  .+.......8.:.cG.
000031E0:  2D CC EF D2 68 B8 4F 32 CD 60 88 FD B4 BD 64 83  -...h.O2.`....d.
000031F0:  D7 95 78 92 C2 CD 57 54 3A 1A B3 B2 A7 25 3B 69  ..x...WT:....%;i
00003200:  30 C9 E9 66 DE 95 AE 3F F1 3C BE F5 A9 77 5D 89  0..f...?.<...w].
00003210:  FC D4 22 33 31 B8 EE 8A 35 71 C2 E2 35 BF 2E F5  .."31...5q..5...
00003220:  60 82 07 C2 85 09 E6 3F E4 90 72 E0 8F 0D CD B1  `......?..r.....
00003230:  B2 04 C7 BB 05 F6 E9 B4 C9 D6 10 1D 7D 02 28 6B  ............}.(k
00003240:  8E 73 BE F5 55 16 61 A4 6D A0 10 DD 47 6C CA 16  .s..U.a.m...Gl..
00003250:  F2 96 6B 4A 24 81 6F CF 6F E2 B8 EF 7B AF E5 6A  ..kJ$.o.o...{..j
00003260:  C6 D2 F7 04 0C 09 26 DB 35 6B 81 46 DC B7 16 C6  ......&.5k.F....
00003270:  73 EB C0 B7 44 E2 7E 04 ED 44 B5 B0 97 4D 87 46  s...D.~..D...M.F
00003280:  A4 8F 4C B7 46 93 F0 C5 2D CF AA 34 99 1F EB 14  ..L.F...-..4....
00003290:  C8 2F 91 54 71 6A A8 24 30 1F AE 4F 59 2E DE F9  ./.Tqj.$0..OY...
000032A0:  44 3E F5 A2 A4 CC 80 4E A0 1E 6E 1D 32 7F AD 3D  D>.....N..n.2..=
000032B0:  2B 99 DF B2 65 62 40 61 E4 EB A6 48 84 43 53 B2  +...eb@a...H.CS.
000032C0:  F0 21 8B A2 E3 00 86 B3 6C 5E EC 73 91 B8 45 54  .!......l^.s..ET
000032D0:  D7 9E 64 81 F7 D1 9D 81 3F 87 5E 20 18 90 5E F0  ..d.....?.^ ..^.
000032E0:  3A BE F2 F1 FF 8A FC 45 39 F4 63 9F E6 81 A6 F2  :......E9.c.....
000032F0:  A8 57 BA 95 93 59 81 B6 77 4A AA B3 91 DE 21 B8  .W...Y..wJ....!.
00003300:  A0 11 BE 5F 45 F9 9E 74 E6 EB 44 8F DC 60 5D 41  ..._E..t..D..`]A
00003310:  AD FA 8C 3C 9A AA CD 31 B4 81 44 67 78 77 00 E8  ...<...1..Dgxw..
00003320:  44 C4 28 89 A5 96 68 64 89 D0 CB C8 57 9D 17 9E  D.(...hd....W...
00003330:  A3 65 EA 61 21 9F C0 95 0D A0 E1 8B E2 8F 85 13  .e.a!...........
00003340:  37 7C 25 FF 58 7A F0 E0 E3 1A F4 E6 4C DF 2C 1E  7|%.Xz......L.,.
00003350:  E7 B8 72 89 0E 64 27 16 39 BA C6 C5 6B ED 26 FE  ..r..d'.9...k.&.
00003360:  58 C1 74 51 88 48 27 73 49 0A F4 EA B3 D7 9B 6A  X.tQ.H'sI......j
00003370:  98 4A 93 C8 E5 3F E6 5F 49 60 84 A2 79 33 C7 70  .J...?._I`..y3.p
00003380:  F9 A3 C3 B6 20 21 75 D6 7C AB 30 91 BE C6 9F 57  .... !u.|.0....W
00003390:  4D 5F B3 7C 61 0B 6D F3 7C 48 70 E6 A4 48 2F 2F  M_.|a.m.|Hp..H//
000033A0:  29 1D D7 88 DA 66 FE 62 46 DE 22 3F 25 CC FF 19  )....f.bF."?%...
000033B0:  20 A8 A8 6F D0 AB 18 68 AA 37 6A 44 19 7F B4 7D   ..o...h.7jD...}
000033C0:  E7 7D DC 2E 4C 73 22 1E 51 37 AD EC 98 B7 6F E4  .}..Ls".Q7....o.
000033D0:  E2 F8 93 29 DF E9 73 D2 41 7C 73 7E 49 BE 39 35  ...)..s.A|s~I.95
000033E0:  53 61 90 91 C1 88 61 71 49 F2 5A 95 B8 54 FB 97  Sa....aqI.Z..T..
000033F0:  42 4F C6 8E C2 69 12 64 82 02 BD CF 37 BF 56 64  BO...i.d....7.Vd
00003400:  0D EB 0E 02 25 19 43 91 8C 0B C4 9D 20 43 78 DA  ....%.C..... Cx.
00003410:  25 86 FA 23 B4 C2 EA AA 81 B0 7F 86 AC 04 AE 68  %..#...........h
00003420:  11 24 D0 4B 8A 44 36 08 85 79 2B 74 A1 D7 88 DB  .$.K.D6..y+t....
00003430:  8E 2F FF A3 DE C4 BB CA FD 68 52 80 F9 E6 5D 0E  ./.......hR...].
00003440:  95 36 61 5B 31 0F 8E 0B 45 B7 74 9D 6D 3A D5 62  .6a[1...E.t.m:.b
00003450:  72 BD 5A 92 CF A1 F5 CD D5 C3 97 20 DA 83 20 FA  r.Z........ .. .
00003460:  7C 72 8D 32 22 DD 1B C9 CE 4E C5 0C 70 49 81 00  |r.2"....N..pI..
00003470:  2F 66 1B F9 7B 43 95 F3 0D CA 6C 48 4B F3 CF 61  /f..{C....lHK..a
00003480:  22 D2 F2 9D 85 72 36 4B 8E D7 8C 4D AD 77 26 10  "....r6K...M.w&.
00003490:  46 AD 5D 1E 01 7C 0B 62 5B C4 9E A4 A5 79 DC 28  F.]..|.b[....y.(
000034A0:  88 88 A1 67 D6 FB 91 12 BA 61 B8 EF C6 40 2D 5C  ...g.....a...@-\
000034B0:  27 3F F8 28 6D 58 41 82 1D FC 54 63 FE C3 F6 1C  '?.(mXA...Tc....
000034C0:  06 BC 57 30 F5 C9 D2 F7 1D 3D DC 89 63 8C C0 C8  ..W0.....=..c...
000034D0:  5D 17 A5 1C B2 5A 7A 39 27 3B 16 E4 5C 31 EA C1  ]....Zz9';..\1..
000034E0:  76 34 72 65 C1 06 FE EF A9 5D D3 9E FD EF 0B 97  v4re.....]......
000034F0:  5B E4 BD 04 B1 8A 20 14 B4 22 C5 F5 11 81 C1 ED  [..... .."......
00003500:  43 45 A2 BE E2 FA 44 1B B5 69 A1 1E 00 65 15 8B  CE....D..i...e..
00003510:  06 02 1E 49 B4 30 0E 02 3B 57 DB 5A AA 58 3C 86  ...I.0..;W.Z.X<.
00003520:  B4 A1 7F ED 60 51 50 B6 CF 29 53 60 49 EF 74 AA  ....`QP..)S`I.t.
00003530:  4B FF B4 DB C0 2F 80 A8 00 8D C1 36 1C 03 D3 FB  K..../.....6....
00003540:  95 BA 2F 93 29 24 25 90 77 7B AB 81 CA ED 41 91  ../.)$%.w{....A.
00003550:  39 A4 07 28 A7 41 8A 84 DC B1 40 9F 68 CF 0E 8F  9..(.A....@.h...
00003560:  44 FD 29 9F BF C2 7F 05 38 8D 58 F0 41 CD B1 09  D.).....8.X.A...
00003570:  F7 AE 92 91 F8 FC A1 4B 76 E0 C9 49 41 E7 21 0A  .......Kv..IA.!.
00003580:  FB AD A1 6F 1E 40 00 45 9D 7B 07 55 E1 3F D1 3C  ...o.@.E.{.U.?.<
00003590:  5C A5 CB 86 0B BD 60 A7 C1 79 E5 76 C9 2E 50 BF  \.....`..y.v..P.
000035A0:  E4 0E AA 84 23 34 0D 23 42 E8 DA 06 98 34 D1 7F  ....#4.#B....4..
000035B0:  98 BC B4 94 43 40 5C 6C 04 8C 83 1B 4E B6 3E E8  ....C@\l....N.>.
000035C0:  42 24 AC 62 FA FB 19 92 E1 05 44 1E E2 60 6E D3  B$.b......D..`n.
000035D0:  36 37 96 97 47 C9 BB C6 95 11 B1 BF CA 5D 00 93  67..G........]..
000035E0:  C1 B0 49 8D B0 19 98 EF 14 54 7E B4 DB 88 BA C2  ..I......T~.....
000035F0:  9E 7E 09 65 83 90 E9 14 91 31 86 C7 81 E2 B1 44  .~.e.....1.....D
00003600:  EE 4C FD A8 20 00 4A 67 EF 86 B6 3A 95 26 44 67  .L.. .Jg...:.&Dg
00003610:  CD E4 11 26 6F 48 3A 61 61 FA 41 F9 03 24 BD C7  ...&oH:aa.A..$..
00003620:  81 D1 66 52 ED EC D4 70 15 93 C4 DD 1A A7 CE 59  ..fR...p.......Y
00003630:  E3 24 34 94 BD 7F E2 84 92 20 AE 23 D5 1B D9 70  .$4...... .#...p
00003640:  C8 9F B1 E4 77 84 90 37 6B D5 16 3F 78 D6 0F 4A  ....w..7k..?x..J
00003650:  57 35 B1 F1 79 51 53 FF 21 F3 3B 36 57 13 B8 43  W5..yQS.!.;6W..C
00003660:  A7 9D C6 91 1B D0 DD 01 D3 30 64 ED EE 2F EB F6  .........0d../..
00003670:  2E 5E 4D 1B 41 49 00 75 9F 97 35 E5 E5 96 E1 0F  .^M.AI.u..5.....
00003680:  94 48 A1 E1 C2 6D 19 86 34 0B 3C 3A B2 9B 1E C1  .H...m..4.<:....
00003690:  0B A5 FA 72 2C F3 57 54 3A 1A B3 B2 A7 25 3B 69  ...r,.WT:....%;i
000036A0:  30 C9 E9 66 DE 95 AE 3F F1 3C BE F5 A9 77 5D 89  0..f...?.<...w].
000036B0:  FC D4 22 33 31 B8 04 7A 55 41 B7 01 AC 5F 3E 67  .."31..zUA..._>g
000036C0:  03 85 D3 2D 13 B6 F0 C0 D6 16 3F 5F 88 88 CE AA  ...-......?_....
000036D0:  1F BD FB 2C B2 E8 F1 BF E1 35 4A A7 D3 E9 68 DF  ...,.....5J...h.
000036E0:  C3 52 03 2E 8A 3A D0 AB 88 BC 5B 91 56 0F 56 36  .R...:....[.V.V6
000036F0:  81 55 D6 74 EE CC 6E 88 39 B5 4C 13 BB AF 1D AD  .U.t..n.9.L.....
00003700:  D3 0B 67 32 6A A1 10 C1 17 60 88 DD 68 CC C4 08  ..g2j....`..h...
00003710:  A6 63 86 09 33 FE 50 B0 CF 4B AA 21 3F 66 05 2E  .c..3.P..K.!?f..
00003720:  FF DB B8 C3 C8 03 98 F6 EE EC 7C FB 71 0D 46 7D  ..........|.q.F}
00003730:  0E C9 3C BC 74 99 84 E2 DA AC C8 10 56 B7 60 FD  ..<.t.......V.`.
00003740:  75 A6 4D FC 9C AA 05 C5 6B 88 66 B4 60 37 AB 4A  u.M.....k.f.`7.J
00003750:  DD 02 D1 79 F7 BB 56 BE B4 AD 11 46 12 C5 5A AF  ...y..V....F..Z.
00003760:  2D 72 AE E4 CB 8A 3B 37 78 F4 D9 7E B7 5C 2D F8  -r....;7x..~.\-.
00003770:  2F F7 CD 10 D0 00 5C 6C 04 8C 83 1B 4E B6 3E E8  /.....\l....N.>.
00003780:  42 24 AC 62 FA FB A0 94 7E 6A 2F 51 CB 57 B3 C1  B$.b....~j/Q.W..
00003790:  FF F7 7B 67 20 10 36 20 C9 4C EC B2 AA 9D 72 74  ..{g .6 .L....rt
000037A0:  A1 B9 4D 5D 59 03 E3 F8 B5 27 B4 9E FB AB 03 B8  ..M]Y....'......
000037B0:  CD EF C7 E6 A6 47 AF 8A C9 B5 0D 71 12 D3 FB 76  .....G.....q...v
000037C0:  44 6D 10 73 D8 73 6F 59 57 65 79 CA 08 C9 F5 03  Dm.s.soYWey.....
000037D0:  4A 19 48 FB 71 48 5D 19 96 44 92 41 C8 8F D9 4B  J.H.qH]..D.A...K
000037E0:  DC 47 64 E5 97 6F B2 F5 32 89 43 D7 49 04 3D FF  .Gd..o..2.C.I.=.
000037F0:  1B F4 9C 2C A2 1F ED 3B AF 62 40 E7 4D 91 DB 72  ...,...;.b@.M..r
00003800:  0E 1D D2 CD DE 01 25 A4 96 BD C8 01 42 ED 0C 1A  ......%.....B...
00003810:  33 C8 D4 72 FA 77 98 E0 30 CD B4 00 3F B8 DB 47  3..r.w..0...?..G
00003820:  F6 70 19 C2 46 0B 0C B6 A6 53 07 0F CB 15 F3 5C  .p..F....S.....\
00003830:  84 FC 75 85 58 5F 2D BB 42 75 74 A6 E6 39 B7 B0  ..u.X_-.But..9..
00003840:  09 21 C8 0E 60 2E 73 D2 41 7C 73 7E 49 BE 39 35  .!..`.s.A|s~I.95
00003850:  53 61 90 91 C1 88 61 71 49 F2 5A 95 B8 54 FB 97  Sa....aqI.Z..T..
00003860:  42 4F C6 8E C2 69 12 64 82 02 BD CF 37 BF 56 64  BO...i.d....7.Vd
00003870:  0D EB 0E 02 25 19 5F AA 16 51 3E 95 D4 CC B5 D5  ....%._..Q>.....
00003880:  2E 9F 68 D6 A8 C6 9B 86 83 0B 15 3D 4C FC 09 6C  ..h........=L..l
00003890:  B6 74 AA 4C 31 B4 31 3F C1 0A FD 11 B6 3A F0 70  .t.L1.1?.....:.p
000038A0:  82 B7 50 89 BF 79 CC 61 40 27 31 30 74 1B 04 16  ..P..y.a@'10t...
000038B0:  6E 68 42 0A AC 92 37 AB B0 5C 19 F1 58 B0 65 2A  nhB...7..\..X.e*
000038C0:  62 5D DE A9 60 E2 A9 DD 5E 68 15 BF D0 FC 2D 97  b]..`...^h....-.
000038D0:  73 C5 B3 33 D3 9F BF D8 38 50 6F B4 BE 84 36 01  s..3....8Po...6.
000038E0:  2A E7 03 EC 88 30 AD C5 43 2B AE F8 51 32 AF 47  *....0..C+..Q2.G
000038F0:  3C 3F B5 EE 95 93 18 4E 91 95 28 81 7F 85 46 69  <?.....N..(...Fi
00003900:  38 8F 59 5A B4 EA 17 2E 13 2D 53 4D 44 DF DA 1A  8.YZ.....-SMD...
00003910:  92 99 2C 65 DF 2F DD 6D 79 82 53 D0 E9 86 35 0C  ..,e./.my.S...5.
00003920:  6C 61 A5 7B BF 12 E3 E0 B7 77 E0 83 9C C3 9C 0A  la.{.....w......
00003930:  20 11 1D 25 F9 7A 20 87 5A FA 03 48 4E 1E 0D 6F   ..%.z .Z..HN..o
00003940:  D6 03 80 96 74 C2 AC AB E4 6B 39 BE C1 8F 70 82  ....t....k9...p.
00003950:  24 38 D9 DF 34 9D 66 CF E7 7E 05 12 C6 16 61 3A  $8..4.f..~....a:
00003960:  32 F7 04 04 11 70 6F 08 3C C6 45 DB C3 02 EC 58  2....po.<.E....X
00003970:  CF F5 2D 16 75 C0 84 72 C4 71 E6 E5 8D 90 5E AB  ..-.u..r.q....^.
00003980:  E7 54 C9 14 5A 23 C0 7D 1E 32 13 D5 B9 93 A9 63  .T..Z#.}.2.....c
00003990:  6B EE D6 D5 49 C2 8B F4 1F 4B 47 FD 92 53 EC A0  k...I....KG..S..
000039A0:  99 BD CB D4 89 AD 90 A2 49 8D D7 36 8C 8B F4 C9  ........I..6....
000039B0:  A3 8C F7 57 D0 B4 29 5F 5F 13 02 ED CE DB 87 59  ...W..)__......Y
000039C0:  4D 4D 32 82 D6 19 C6 78 EB 2C 58 C4 DC FE 3C D8  MM2....x.,X...<.
000039D0:  86 6F DA B7 E1 10 E1 DE 84 F5 03 C2 7B F9 B8 F0  .o..........{...
000039E0:  B3 BD 26 29 F7 3A 28 96 23 CF E3 4D E2 3F 47 39  ..&).:(.#..M.?G9
000039F0:  F6 62 7C 31 12 B5 BB 0F B8 37 A2 6E CE 2C 7B E0  .b|1.....7.n.,{.
00003A00:  5C 08 E2 77 A4 26 E5 3D F0 EB FF D1 E0 EE 66 08  \..w.&.=......f.
00003A10:  C5 09 38 12 62 AB 32 40 F3 CF 39 9B 50 0B 98 A0  ..8.b.2@..9.P...
00003A20:  CF 34 F7 F6 D0 08 ED DE DF 6F 8E 32 56 12 9A 3D  .4.......o.2V..=
00003A30:  68 42 D8 BA 0D A6 D6 C0 66 6E 91 09 C7 AB 3D 0E  hB......fn....=.
00003A40:  B8 16 CE F7 06 93 97 9F B4 B1 A8 1A 03 E9 DE 7E  ...............~
00003A50:  23 8F 89 17 4F E4 2A E1 04 BA 76 3C B5 D5 17 0A  #...O.*...v<....
00003A60:  0C 41 92 75 1F 1A 3A 69 DB 87 E7 59 8C B2 46 57  .A.u..:i...Y..FW
00003A70:  C4 51 81 8B 35 B5 AB BE 34 E6 F3 A8 DB C1 CB 81  .Q..5...4.......
00003A80:  05 9A 0C E5 94 B6 7D 32 DE 13 15 28 96 76 39 13  ......}2...(.v9.
00003A90:  F1 FD A3 F5 5F E8 B7 40 86 5C E3 0F F1 B4 80 8D  ...._..@.\......
00003AA0:  15 5A 53 C6 69 F8 C2 17 9F 91 EB C8 1D 2D A7 AD  .ZS.i........-..
00003AB0:  9A A6 A1 DE F5 1B DE 6D 79 DA BA FE 74 47 91 64  .......my...tG.d
00003AC0:  95 8D 6D F0 B5 6D 91 B9 BE 85 C8 44 F0 AD 38 70  ..m..m.....D..8p
00003AD0:  11 97 39 7C 28 AC 17 06 02 0A 8F B7 93 D1 2B 57  ..9|(.........+W
00003AE0:  11 2C 3E C4 EC D8 6B F5 7E 37 75 26 49 F8 3F 51  .,>...k.~7u&I.?Q
00003AF0:  56 97 A4 40 75 EA D0 76 75 83 AD 74 85 C3 98 F4  V..@u..vu..t....
00003B00:  FA 1D 98 DA 04 75 7E B1 2C AD F1 16 7B D1 7A 55  .....u~.,...{.zU
00003B10:  E2 DD 10 B0 28 C3 80 49 61 D5 06 E0 4F D5 DF 17  ....(..Ia...O...
00003B20:  95 56 14 63 C1 28 C4 42 04 D9 20 6F D1 28 2C 6E  .V.c.(.B.. o.(,n
00003B30:  E7 A3 C1 D3 CD 94 B3 7C B3 6B D5 69 A6 59 D5 FA  .......|.k.i.Y..
00003B40:  C0 12 B0 65 E0 09 6B CF 56 26 CA 48 44 EA 3E 1F  ...e..k.V&.HD.>.
00003B50:  F4 00 4A 44 5A 85 D3 31 C1 73 AF 95 4B 82 FD D0  ..JDZ..1.s..K...
00003B60:  8C 75 D2 49 24 C6 C5 36 3F 78 D3 BC BB 14 13 5E  .u.I$..6?x.....^
00003B70:  20 7D BB 53 20 4D 6D 59 87 E5 3D AF B6 F7 E8 EB   }.S MmY..=.....
00003B80:  AC 99 D1 04 46 54 36 CF E1 E8 C4 A5 47 7E D7 90  ....FT6.....G~..
00003B90:  48 13 BD FD 50 0C 37 AB B0 5C 19 F1 58 B0 65 2A  H...P.7..\..X.e*
00003BA0:  62 5D DE A9 60 E2 A9 DD 5E 68 15 BF D0 FC 2D 97  b]..`...^h....-.
00003BB0:  73 C5 B3 33 D3 9F C2 F4 F0 F3 EA 82 C5 3B 02 79  s..3.........;.y
00003BC0:  45 C4 BA 55 6A 41 8A D1 FE D3 AD 5E C8 AA 4A 06  E..UjA.....^..J.
00003BD0:  4C A5 36 B7 8E F3 95 3B CB 64 16 4F AD F9 75 AB  L.6....;.d.O..u.
00003BE0:  51 F4 44 FC D9 AB 6E 99 CB E8 6E 0C 74 2E 08 8E  Q.D...n...n.t...
00003BF0:  48 85 14 12 64 4C D4 47 42 D6 B6 EF F7 CB FF C3  H...dL.GB.......
00003C00:  70 4A 57 B5 AF C0 E5 C4 2D 28 1C 9E 3C D6 83 8B  pJW.....-(..<...
00003C10:  8D 1C 59 A3 00 3B EE 92 2C FB DE 9D 69 52 74 CF  ..Y..;..,...iRt.
00003C20:  86 10 E0 F8 0B CA DC 61 5B 76 00 A1 BE E5 AF AF  .......a[v......
00003C30:  B9 53 3E E8 23 C4 57 17 57 7F CC 50 B5 4D BA 69  .S>.#.W.W..P.M.i
00003C40:  80 5B 4A 19 A6 82 26 DB 35 6B 81 46 DC B7 16 C6  .[J...&.5k.F....
00003C50:  73 EB C0 B7 44 E2 7E 04 ED 44 B5 B0 97 4D 87 46  s...D.~..D...M.F
00003C60:  A4 8F 4C B7 46 93 F0 C5 2D CF AA 34 99 1F EB 14  ..L.F...-..4....
00003C70:  C8 2F 91 54 71 6A 1C FD DE 11 5D 05 F0 05 B5 87  ./.Tqj....].....
00003C80:  BE B5 CD E9 5F 9E 80 4E A0 1E 6E 1D 32 7F AD 3D  ...._..N..n.2..=
00003C90:  2B 99 DF B2 65 62 C7 6E 7F 04 89 C2 2B 01 F2 AD  +...eb.n....+...
00003CA0:  AF EF DB 02 B0 05 FB E0 7A 65 56 E6 F0 F5 1C BE  ........zeV.....
00003CB0:  20 E0 C9 59 6C 7B C1 78 69 13 6D 93 93 72 31 87   ..Yl{.xi.m..r1.
00003CC0:  B6 46 B3 E1 5B 46 DB 52 6B ED AC E9 52 AA C9 4F  .F..[F.Rk...R..O
00003CD0:  DE 6F 06 67 EC 58 AA 84 62 6C 7F CC F9 40 70 01  .o.g.X..bl...@p.
00003CE0:  7B 97 C0 84 06 29 32 2D B6 45 44 94 76 2B 37 78  {....)2-.ED.v+7x
00003CF0:  CF 78 8A 18 F3 6A 82 75 52 D9 AF 35 7D 68 57 29  .x...j.uR..5}hW)
00003D00:  D5 CA 99 AE 8A FE A2 2D F0 BC 70 87 75 41 FE 25  .......-..p.uA.%
00003D10:  AD 50 7F 23 92 59 E3 53 99 FC 96 44 38 75 EA 19  .P.#.Y.S...D8u..
00003D20:  40 AF 3E CD E4 7C D6 67 EE 4E D8 3A 2D 32 F1 61  @.>..|.g.N.:-2.a
00003D30:  0D 63 90 DE B9 04 0E 4C 16 AC 7E 42 53 93 D0 FA  .c.....L..~BS...
00003D40:  68 44 A2 23 AD 10 B7 AC C3 01 01 68 AB D9 85 F2  hD.#.......h....
00003D50:  CB 4D 30 7F 60 C3 CD 9C 33 3E A9 13 CC 82 C6 BD  .M0.`...3>......
00003D60:  FD 4C 16 77 EE F5 EA A1 18 4F 1B C2 A2 89 B1 C7  .L.w.....O......
00003D70:  63 87 06 51 F3 F5 97 62 54 DF DD 89 E1 3B 94 F8  c..Q...bT....;..
00003D80:  F5 ED F3 F0 95 BD C1 01 41 7F AA 7A 6E 86 29 CE  ........A..zn.).
00003D90:  69 5F 84 7E 9A EE 98 1E B6 B9 CF 65 60 0C 4C E2  i_.~.......e`.L.
00003DA0:  FC 7F 9F F4 DE E0 26 DB 35 6B 81 46 DC B7 16 C6  ......&.5k.F....
00003DB0:  73 EB C0 B7 44 E2 7E 04 ED 44 B5 B0 97 4D 87 46  s...D.~..D...M.F
00003DC0:  A4 8F 4C B7 46 93 C8 CE F7 B8 60 D4 05 FC 29 AF  ..L.F.....`...).
00003DD0:  88 B0 10 5D 4E 59 8E F8 6B 16 70 3A AB FD 70 FB  ...]NY..k.p:..p.
00003DE0:  23 C5 00 90 3D FA AA 94 79 12 31 F0 EA 04 06 ED  #...=...y.1.....
00003DF0:  2C 70 AC F5 C3 AB 38 3E 58 FE A1 1F A8 26 D2 FA  ,p....8>X....&..
00003E00:  C2 27 D0 42 B4 49 0A 95 89 9B A6 33 A6 66 05 D5  .'.B.I.....3.f..
00003E10:  77 C1 88 B3 64 AA 49 C1 FD 99 0B DC 7E F0 E8 40  w...d.I.....~..@
00003E20:  E7 58 CC 54 A6 20 44 D6 0A C9 D7 1A 49 90 71 11  .X.T. D.....I.q.
00003E30:  71 AC 20 23 7D 8A 57 06 2B D2 5E D9 0C C5 CE 79  q. #}.W.+.^....y
00003E40:  EA 28 EE 2D 45 AC F4 20 E2 6D 40 DE EA 04 3E 60  .(.-E.. .m@...>`
00003E50:  42 2A F2 DA 91 BC 06 06 6C 72 DA DF 0E DA 4A 3A  B*......lr....J:
00003E60:  99 32 C9 99 CF 2C BF 7D 11 F4 C2 E9 A7 2D B9 DD  .2...,.}.....-..
00003E70:  2F 8F 39 E6 9F 1F 55 AF 80 F8 52 6C FF 17 C4 74  /.9...U...Rl...t
00003E80:  E1 0B FC 93 0E F8 96 89 BF 07 2C 8C 36 97 B5 53  ..........,.6..S
00003E90:  93 2B D7 7C 88 1F E9 D2 A2 39 D7 C0 5C 97 34 FF  .+.|.....9..\.4.
00003EA0:  23 8F AB 6C 02 6F 5B F1 5C 17 9B 5E 6C C8 05 69  #..l.o[.\..^l..i
00003EB0:  F0 9F DB F1 8E CC 61 C2 CD 68 65 E3 09 CA 77 19  ......a..he...w.
00003EC0:  72 D6 0C F4 12 8B 7E AA 35 F8 4F FA FA 9D 46 68  r.....~.5.O...Fh
00003ED0:  FF C7 16 BD A3 07 93 4D D8 23 0C A4 B9 D0 E4 42  .......M.#.....B
00003EE0:  4B 34 80 9B 4A B8 95 BD 0E F4 CD E7 1A CC 9E 1C  K4..J...........
00003EF0:  85 C1 CB 5D 4F 7A 7E FE 6A 12 3A 7E 16 63 EC 4C  ...]Oz~.j.:~.c.L
00003F00:  0B 37 DF 22 DF FA 46 B4 98 E1 D1 B0 77 85 5E 15  .7."..F.....w.^.
00003F10:  68 33 BB 0F 30 3B 6B 8E 99 B5 E1 19 61 90 29 80  h3..0;k.....a.).
00003F20:  F9 82 D8 E5 57 D7 FA 7E 46 FA 4C 6B 5F 2D C9 5A  ....W..~F.Lk_-.Z
00003F30:  2D 8C BB 7A 16 04 5F 64 5D 33 FA C0 2C 47 D0 53  -..z.._d]3..,G.S
00003F40:  00 F5 9F 69 4E 6E 45 16 31 88 D6 40 9B 24 29 F0  ...iNnE.1..@.$).
00003F50:  C5 5B F5 91 7D 86 F7 59 82 40 D1 A7 11 D0 B9 64  .[..}..Y.@.....d
00003F60:  50 74 E5 13 E4 0F FB 53 C0 38 AF 70 8F 77 89 0E  Pt.....S.8.p.w..
00003F70:  30 7A C6 EF CA 85 5B 45 DD 44 71 AE AD B8 36 58  0z....[E.Dq...6X
00003F80:  6B DC 61 A3 7F F7 84 44 9D 4C C1 16 20 B9 9B BD  k.a....D.L.. ...
00003F90:  B2 C1 44 0B 1C B4 EF 4F 62 26 3B 94 14 FB BC 32  ..D....Ob&;....2
00003FA0:  D4 BC 03 3E 15 0F 29 BB A4 76 C8 D0 2B E8 C2 85  ...>..)..v..+...
00003FB0:  F4 A6 A0 35 5F 07 00 00 00 00 00 00 00 00 00 00  ...5_...........
00003FC0:  00 00 00 00 00 00 00 00 00 00 00 00 00 00 00 00  ................ [zeros]
00003FD0:  00 00 00 00 00 00 D7 27 0E 29 A1 F4 86 87 04 8B  .......'.)......
00003FE0:  86 76 51 79 D0 C7 A9 5A 24 18 10 7F B6 5E CB C4  .vQy...Z$....^..
00003FF0:  2B 8E 91 68 AD FD 75 FB 43 C5 03 C8 B4 9C C3 AB  +..h..u.C.......
00004000:  C3 33 A5 77 6A AC 00 00 00 00 00 00 00 00 00 00  .3.wj...........
00004010:  00 00 00 00 00 00 00 00 00 00 00 00 00 00 00 00  ................ [zeros]
00004020:  00 00 00 00 00 00 00 00 00 00 00 00 00 00 00 00  ................ [zeros]
00004030:  00 00 00 00 00 00 00 00 00 00 00 00 00 00 00 00  ................ [zeros]
00004040:  00 00 00 00 00 00 00 00 00 00 00 00 00 00 00 00  ................ [zeros]
00004050:  00 00 00 00 00 00 00 00 00 00 00 00 00 00 00 00  ................ [zeros]
00004060:  00 00 00 00 00 00 00 00 00 00 00 00 00 00 00 00  ................ [zeros]
00004070:  00 00 00 00 00 00 00 00 00 00 00 00 00 00 00 00  ................ [zeros]
00004080:  00 00 00 00 00 00 1E E2 05 31 77 3C 17 61 FB B1  .........1w<.a..
00004090:  81 B0 A9 71 F1 8F 0B CB 8F 59 9F 20 0D E3 EE 4E  ...q.....Y. ...N
000040A0:  C7 D9 87 1A 8B F5 CF 07 EE 56 CE DB 9C A0 60 76  .........V....`v
000040B0:  74 E7 F4 B6 80 65 E7 1E 95 84 F7 07 53 6C 15 30  t....e......Sl.0
000040C0:  1A 0D 59 23 81 F1 00 00 00 00 00 00 00 00 00 00  ..Y#............
000040D0:  00 00 00 00 00 00 00 00 00 00 00 00 00 00 00 00  ................ [zeros]
000040E0:  00 00 00 00 00 00 00 00 00 00 00 00 00 00 00 00  ................ [zeros]
000040F0:  00 00 00 00 00 00 00 00 00 00 00 00 00 00 00 00  ................ [zeros]
00004100:  00 00 00 00 00 00 B7 3A D2 C4 81 0C A2 73 FB 34  .......:.....s.4
00004110:  5C 5D 45 26 13 EF 63 9E 48 3D E8 5D E3 B1 56 EA  \]E&..c.H=.]..V.
00004120:  BB C3 EB 30 E0 01 0A 1F 1A 95 B2 66 02 46 41 00  ...0.......f.FA.
00004130:  1A C7 C8 F6 D0 FC B1 A3 A5 ED 6D 72 73 BE EF 6D  ..........mrs..m
00004140:  98 3A EF 2B 73 D8 74 EC 53 ED 14 8B 25 70 4D 22  .:.+s.t.S...%pM"
00004150:  91 1B 25 63 D1 90 66 0B D2 14 EA 84 37 2D 16 8B  ..%c..f.....7-..
00004160:  38 E0 C4 36 FE D4 05 F6 5A BA 27 23 99 CF 0C 76  8..6....Z.'#...v
00004170:  5A 92 58 29 7D 27 2E 48 B3 AA 3B AD 26 8E 83 CB  Z.X)}'.H..;.&...
00004180:  5A A7 E1 3A B8 F9 B8 85 D5 24 40 F3 A2 9B 40 35  Z..:.....$@...@5
00004190:  5D 1C 10 A7 AA 28 00 00 00 00 00 00 00 00 00 00  ]....(..........
000041A0:  00 00 00 00 00 00 00 00 00 00 00 00 00 00 00 00  ................ [zeros]
000041B0:  00 00 00 00 00 00 00 00 00 00 00 00 00 00 00 00  ................ [zeros]
000041C0:  00 00 00 00 00 00 00 00 00 00 00 00 00 00 00 00  ................ [zeros]
000041D0:  00 00 00 00 00 00 00 00 00 00 00 00 00 00 00 00  ................ [zeros]
000041E0:  00 00 00 00 00 00 00 00 00 00 00 00 00 00 00 00  ................ [zeros]
000041F0:  00 00 00 00 00 00 00 00 00 00 00 00 00 00 00 00  ................ [zeros]
00004200:  00 00 00 00 00 00 00 00 00 00 00 00 00 00 00 00  ................ [zeros]
00004210:  00 00 00 00 00 00 00 00 00 00 00 00 00 00 00 00  ................ [zeros]
00004220:  00 00 00 00 00 00 00 00 00 00 00 00 00 00 00 00  ................ [zeros]
00004230:  00 00 00 00 00 00 00 00 00 00 00 00 00 00 00 00  ................ [zeros]
00004240:  00 00 00 00 00 00 9B 47 CD 65 1D 7C DC 11 93 63  .......G.e.|...c
00004250:  E3 6B 68 72 7A D2 70 E3 78 82 85 99 6E 1B 0E F4  .khrz.p.x...n...
00004260:  4F CF F0 4A E4 8D 04 C8 7D 32 E7 C5 52 C0 85 F4  O..J....}2..R...
00004270:  CB 94 8A D2 7A 6F 00 00 00 00 00 00 00 00 00 00  ....zo..........
00004280:  00 00 00 00 00 00 00 00 00 00 00 00 00 00 00 00  ................ [zeros]
00004290:  00 00 00 00 00 00 00 00 00 00 00 00 00 00 00 00  ................ [zeros]
000042A0:  00 00 00 00 00 00 00 00 00 00 00 00 00 00 00 00  ................ [zeros]
000042B0:  00 00 00 00 00 00 00 00 00 00 00 00 00 00 00 00  ................ [zeros]
000042C0:  00 00 00 00 00 00 00 00 00 00 00 00 00 00 00 00  ................ [zeros]
000042D0:  00 00 00 00 00 00 00 00 00 00 00 00 00 00 00 00  ................ [zeros]
000042E0:  00 00 00 00 00 00 00 00 00 00 00 00 00 00 00 00  ................ [zeros]
000042F0:  00 00 00 00 00 00 00 00 00 00 00 00 00 00 00 00  ................ [zeros]
00004300:  00 00 00 00 00 00 00 00 00 00 00 00 00 00 00 00  ................ [zeros]
00004310:  00 00 00 00 00 00 00 00 00 00 00 00 00 00 00 00  ................ [zeros]
00004320:  00 00 00 00 00 00 00 00 00 00 00 00 00 00 00 00  ................ [zeros]
00004330:  00 00 00 00 00 00 00 00 00 00 00 00 00 00 00 00  ................ [zeros]
00004340:  00 00 00 00 00 00 00 00 00 00 00 00 00 00 00 00  ................ [zeros]
00004350:  00 00 00 00 00 00 00 00 00 00 00 00 00 00 00 00  ................ [zeros]
00004360:  00 00 00 00 00 00 00 00 00 00 00 00 00 00 00 00  ................ [zeros]
00004370:  00 00 00 00 00 00 00 00 00 00 00 00 00 00 00 00  ................ [zeros]
00004380:  00 00 00 00 00 00 00 00 00 00 00 00 00 00 00 00  ................ [zeros]
00004390:  00 00 00 00 00 00 00 00 00 00 00 00 00 00 00 00  ................ [zeros]
000043A0:  00 00 00 00 00 00 00 00 00 00 00 00 00 00 00 00  ................ [zeros]
000043B0:  00 00 00 00 00 00 00 00 00 00 00 00 00 00 00 00  ................ [zeros]
000043C0:  00 00 00 00 00 00 00 00 00 00 00 00 00 00 00 00  ................ [zeros]
000043D0:  00 00 00 00 00 00 00 00 00 00 00 00 00 00 00 00  ................ [zeros]
000043E0:  00 00 00 00 00 00 00 00 00 00 00 00 00 00 00 00  ................ [zeros]
000043F0:  00 00 00 00 00 00 00 00 00 00 00 00 00 00 00 00  ................ [zeros]
00004400:  00 00 00 00 00 00 00 00 00 00 00 00 00 00 00 00  ................ [zeros]
00004410:  00 00 00 00 00 00 00 00 00 00 00 00 00 00 00 00  ................ [zeros]
00004420:  00 00 00 00 00 00 00 00 00 00 00 00 00 00 00 00  ................ [zeros]
00004430:  00 00 00 00 00 00 00 00 00 00 00 00 00 00 00 00  ................ [zeros]
00004440:  00 00 00 00 00 00 00 00 00 00 00 00 00 00 00 00  ................ [zeros]
00004450:  00 00 00 00 00 00 00 00 00 00 00 00 00 00 00 00  ................ [zeros]
00004460:  00 00 00 00 00 00 00 00 00 00 00 00 00 00 00 00  ................ [zeros]
00004470:  00 00 00 00 00 00 00 00 00 00 00 00 00 00 00 00  ................ [zeros]
00004480:  00 00 00 00 00 00 00 00 00 00 00 00 00 00 00 00  ................ [zeros]
00004490:  00 00 00 00 00 00 00 00 00 00 00 00 00 00 00 00  ................ [zeros]
000044A0:  00 00 00 00 00 00 00 00 00 00 00 00 00 00 00 00  ................ [zeros]
000044B0:  00 00 00 00 00 00 00 00 00 00 00 00 00 00 00 00  ................ [zeros]
000044C0:  00 00 00 00 00 00 00 00 00 00 00 00 00 00 00 00  ................ [zeros]
000044D0:  00 00 00 00 00 00 00 00 00 00 00 00 00 00 00 00  ................ [zeros]
000044E0:  00 00 00 00 00 00 00 00 00 00 00 00 00 00 00 00  ................ [zeros]
000044F0:  00 00 00 00 00 00 00 00 00 00 00 00 00 00 00 00  ................ [zeros]
00004500:  00 00 00 00 00 00 00 00 00 00 00 00 00 00 00 00  ................ [zeros]
00004510:  00 00 00 00 00 00 B3 CD F1 EB 0B C3 E6 AB EF B2  ................
00004520:  4F 1C 75 DA AE 67 A9 EB 26 2F 82 95 FF 42 94 98  O.u..g..&/...B..
00004530:  B0 54 97 E7 3F 30 19 BC 81 CC F1 EE 04 DB 56 FC  .T..?0........V.
00004540:  8F 28 7D 68 53 C4 EE A0 61 FD A1 A9 51 AC 32 32  .(}hS...a...Q.22
00004550:  5F FB 2A 94 B7 30 2A 04 E5 34 A3 74 E8 5C 36 A5  _.*..0*..4.t.\6.
00004560:  9B 72 74 86 F1 76 83 21 DD A6 A2 33 0D 2A B9 36  .rt..v.!...3.*.6
00004570:  D5 1A D2 31 04 FB 23 5D DE A6 33 80 71 4A A2 EE  ...1..#]..3.qJ..
00004580:  46 81 BE 9F 56 D7 1A 2F E3 A4 F2 CC 5A D4 4D 7A  F...V../....Z.Mz
00004590:  69 F1 5E C1 63 2D C7 1E ED EE EC BD D0 F3 63 A8  i.^.c-........c.
000045A0:  29 CA B8 7C 0F 6E EE A0 61 FD A1 A9 51 AC 32 32  )..|.n..a...Q.22
000045B0:  5F FB 2A 94 B7 30 96 72 BE C3 11 38 E4 D7 77 33  _.*..0.r...8..w3
000045C0:  FB 47 D6 28 59 F6 94 89 5F 4D 53 81 3F 68 9E 68  .G.(Y..._MS.?h.h
000045D0:  69 B2 DE CF DB 87 C6 15 12 8A 44 C9 82 41 F6 D2  i.........D..A..
000045E0:  0C 28 C1 DD 20 36 B2 62 2A FD F2 A1 49 F5 97 46  .(.. 6.b*...I..F
000045F0:  AB C9 71 BC EE AB 00 00 00 00 00 00 00 00 00 00  ..q.............
00004600:  00 00 00 00 00 00 00 00 00 00 00 00 00 00 00 00  ................ [zeros]
00004610:  00 00 00 00 00 00 00 00 00 00 00 00 00 00 00 00  ................ [zeros]
00004620:  00 00 00 00 00 00 00 00 00 00 00 00 00 00 00 00  ................ [zeros]
00004630:  00 00 00 00 00 00 00 00 00 00 00 00 00 00 00 00  ................ [zeros]
00004640:  00 00 00 00 00 00 00 00 00 00 00 00 00 00 00 00  ................ [zeros]
00004650:  00 00 00 00 00 00 00 00 00 00 00 00 00 00 00 00  ................ [zeros]
00004660:  00 00 00 00 00 00 00 00 00 00 00 00 00 00 00 00  ................ [zeros]
00004670:  00 00 00 00 00 00 00 00 00 00 00 00 00 00 00 00  ................ [zeros]
00004680:  00 00 00 00 00 00 00 00 00 00 00 00 00 00 00 00  ................ [zeros]
00004690:  00 00 00 00 00 00 00 00 00 00 00 00 00 00 00 00  ................ [zeros]
000046A0:  00 00 00 00 00 00 00 00 00 00 00 00 00 00 00 00  ................ [zeros]
000046B0:  00 00 00 00 00 00 00 00 00 00 00 00 00 00 00 00  ................ [zeros]
000046C0:  00 00 00 00 00 00 00 00 00 00 00 00 00 00 00 00  ................ [zeros]
000046D0:  00 00 00 00 00 00 00 00 00 00 00 00 00 00 00 00  ................ [zeros]
000046E0:  00 00 00 00 00 00 00 00 00 00 00 00 00 00 00 00  ................ [zeros]
000046F0:  00 00 00 00 00 00 00 00 00 00 00 00 00 00 00 00  ................ [zeros]
00004700:  00 00 00 00 00 00 00 00 00 00 00 00 00 00 00 00  ................ [zeros]
00004710:  00 00 00 00 00 00 00 00 00 00 00 00 00 00 00 00  ................ [zeros]
00004720:  00 00 00 00 00 00 00 00 00 00 00 00 00 00 00 00  ................ [zeros]
00004730:  00 00 00 00 00 00 00 00 00 00 00 00 00 00 00 00  ................ [zeros]
00004740:  00 00 00 00 00 00 00 00 00 00 00 00 00 00 00 00  ................ [zeros]
00004750:  00 00 00 00 00 00 00 00 00 00 00 00 00 00 00 00  ................ [zeros]
00004760:  00 00 00 00 00 00 00 00 00 00 00 00 00 00 00 00  ................ [zeros]
00004770:  00 00 00 00 00 00 00 00 00 00 00 00 00 00 00 00  ................ [zeros]
00004780:  00 00 00 00 00 00 00 00 00 00 00 00 00 00 00 00  ................ [zeros]
00004790:  00 00 00 00 00 00 00 00 00 00 00 00 00 00 00 00  ................ [zeros]
000047A0:  00 00 00 00 00 00 00 00 00 00 00 00 00 00 00 00  ................ [zeros]
000047B0:  00 00 00 00 00 00 00 00 00 00 00 00 00 00 00 00  ................ [zeros]
000047C0:  00 00 00 00 00 00 00 00 00 00 00 00 00 00 00 00  ................ [zeros]
000047D0:  00 00 00 00 00 00 00 00 00 00 00 00 00 00 00 00  ................ [zeros]
000047E0:  00 00 00 00 00 00 00 00 00 00 00 00 00 00 00 00  ................ [zeros]
000047F0:  00 00 00 00 00 00 00 00 00 00 00 00 00 00 00 00  ................ [zeros]
00004800:  00 00 00 00 00 00 00 00 00 00 00 00 00 00 00 00  ................ [zeros]
00004810:  00 00 00 00 00 00 00 00 00 00 00 00 00 00 00 00  ................ [zeros]
00004820:  00 00 00 00 00 00 00 00 00 00 00 00 00 00 00 00  ................ [zeros]
00004830:  00 00 00 00 00 00 00 00 00 00 00 00 00 00 00 00  ................ [zeros]
00004840:  00 00 00 00 00 00 00 00 00 00 00 00 00 00 00 00  ................ [zeros]
00004850:  00 00 00 00 00 00 00 00 00 00 00 00 00 00 00 00  ................ [zeros]
00004860:  00 00 00 00 00 00 00 00 00 00 00 00 00 00 00 00  ................ [zeros]
00004870:  00 00 00 00 00 00 00 00 00 00 00 00 00 00 00 00  ................ [zeros]
00004880:  00 00 00 00 00 00 00 00 00 00 00 00 00 00 00 00  ................ [zeros]
00004890:  00 00 00 00 00 00 00 00 00 00 00 00 00 00 00 00  ................ [zeros]
000048A0:  00 00 00 00 00 00 00 00 00 00 00 00 00 00 00 00  ................ [zeros]
000048B0:  00 00 00 00 00 00 00 00 00 00 00 00 00 00 00 00  ................ [zeros]
000048C0:  00 00 00 00 00 00 00 00 00 00 00 00 00 00 00 00  ................ [zeros]
000048D0:  00 00 00 00 00 00 00 00 00 00 00 00 00 00 00 00  ................ [zeros]
000048E0:  00 00 00 00 00 00 00 00 00 00 00 00 00 00 00 00  ................ [zeros]
000048F0:  00 00 00 00 00 00 00 00 00 00 00 00 00 00 00 00  ................ [zeros]
00004900:  00 00 00 00 00 00 00 00 00 00 00 00 00 00 00 00  ................ [zeros]
00004910:  00 00 00 00 00 00 00 00 00 00 00 00 00 00 00 00  ................ [zeros]
00004920:  00 00 00 00 00 00 00 00 00 00 00 00 00 00 00 00  ................ [zeros]
00004930:  00 00 00 00 00 00 00 00 00 00 00 00 00 00 00 00  ................ [zeros]
00004940:  00 00 00 00 00 00 00 00 00 00 00 00 00 00 00 00  ................ [zeros]
00004950:  00 00 00 00 00 00 00 00 00 00 00 00 00 00 00 00  ................ [zeros]
00004960:  00 00 00 00 00 00 00 00 00 00 00 00 00 00 00 00  ................ [zeros]
00004970:  00 00 00 00 00 00 00 00 00 00 00 00 00 00 00 00  ................ [zeros]
00004980:  00 00 00 00 00 00 00 00 00 00 00 00 00 00 00 00  ................ [zeros]
00004990:  00 00 00 00 00 00 00 00 00 00 00 00 00 00 00 00  ................ [zeros]
000049A0:  00 00 00 00 00 00 00 00 00 00 00 00 00 00 00 00  ................ [zeros]
000049B0:  00 00 00 00 00 00 00 00 00 00 00 00 00 00 00 00  ................ [zeros]
000049C0:  00 00 00 00 00 00 00 00 00 00 00 00 00 00 00 00  ................ [zeros]
000049D0:  00 00 00 00 00 00 00 00 00 00 00 00 00 00 00 00  ................ [zeros]
000049E0:  00 00 00 00 00 00 00 00 00 00 00 00 00 00 00 00  ................ [zeros]
000049F0:  00 00 00 00 00 00 00 00 00 00 00 00 00 00 00 00  ................ [zeros]
00004A00:  00 00 00 00 00 00 00 00 00 00 00 00 00 00 00 00  ................ [zeros]
00004A10:  00 00 00 00 00 00 00 00 00 00 00 00 00 00 00 00  ................ [zeros]
00004A20:  00 00 00 00 00 00 00 00 00 00 00 00 00 00 00 00  ................ [zeros]
00004A30:  00 00 00 00 00 00 00 00 00 00 00 00 00 00 00 00  ................ [zeros]
00004A40:  00 00 00 00 00 00 00 00 00 00 00 00 00 00 00 00  ................ [zeros]
00004A50:  00 00 00 00 00 00 00 00 00 00 00 00 00 00 00 00  ................ [zeros]
00004A60:  00 00 00 00 00 00 00 00 00 00 00 00 00 00 00 00  ................ [zeros]
00004A70:  00 00 00 00 00 00 00 00 00 00 00 00 00 00 00 00  ................ [zeros]
00004A80:  00 00 00 00 00 00 00 00 00 00 00 00 00 00 00 00  ................ [zeros]
00004A90:  00 00 00 00 00 00 00 00 00 00 00 00 00 00 00 00  ................ [zeros]
00004AA0:  00 00 00 00 00 00 00 00 00 00 00 00 00 00 00 00  ................ [zeros]
00004AB0:  00 00 00 00 00 00 00 00 00 00 00 00 00 00 00 00  ................ [zeros]
00004AC0:  00 00 00 00 00 00 00 00 00 00 00 00 00 00 00 00  ................ [zeros]
00004AD0:  00 00 00 00 00 00 00 00 00 00 00 00 00 00 00 00  ................ [zeros]
00004AE0:  00 00 00 00 00 00 00 00 00 00 00 00 00 00 00 00  ................ [zeros]
00004AF0:  00 00 00 00 00 00 00 00 00 00 00 00 00 00 00 00  ................ [zeros]
00004B00:  00 00 00 00 00 00 00 00 00 00 00 00 00 00 00 00  ................ [zeros]
00004B10:  00 00 00 00 00 00 00 00 00 00 00 00 00 00 00 00  ................ [zeros]
00004B20:  00 00 00 00 00 00 00 00 00 00 00 00 00 00 00 00  ................ [zeros]
00004B30:  00 00 00 00 00 00 00 00 00 00 00 00 00 00 00 00  ................ [zeros]
00004B40:  00 00 00 00 00 00 00 00 00 00 00 00 00 00 00 00  ................ [zeros]
00004B50:  00 00 00 00 00 00 00 00 00 00 00 00 00 00 00 00  ................ [zeros]
00004B60:  00 00 00 00 00 00 00 00 00 00 00 00 00 00 00 00  ................ [zeros]
00004B70:  00 00 00 00 00 00 00 00 00 00 00 00 00 00 00 00  ................ [zeros]
00004B80:  00 00 00 00 00 00 00 00 00 00 00 00 00 00 00 00  ................ [zeros]
00004B90:  00 00 00 00 00 00 00 00 00 00 00 00 00 00 00 00  ................ [zeros]
00004BA0:  00 00 00 00 00 00 00 00 00 00 00 00 00 00 00 00  ................ [zeros]
00004BB0:  00 00 00 00 00 00 00 00 00 00 00 00 00 00 00 00  ................ [zeros]
00004BC0:  00 00 00 00 00 00 00 00 00 00 00 00 00 00 00 00  ................ [zeros]
00004BD0:  00 00 00 00 00 00 00 00 00 00 00 00 00 00 00 00  ................ [zeros]
00004BE0:  00 00 00 00 00 00 00 00 00 00 00 00 00 00 00 00  ................ [zeros]
00004BF0:  00 00 00 00 00 00 56 73 C6 1D 44 78 C1 07 68 C0  ......Vs..Dx..h.
00004C00:  E1 55 1B 5B A2 F5 38 36 40 F2 D8 70 00 2F 93 6B  .U.[..86@..p./.k
00004C10:  77 B1 AA CB 93 FF 78 1D 80 74 8C 90 87 B1 F7 5C  w.....x..t.....\
00004C20:  5D 3B 19 3D CB 6A 78 1D 80 74 8C 90 87 B1 F7 5C  ];.=.jx..t.....\
00004C30:  5D 3B 19 3D CB 6A 78 1D 80 74 8C 90 87 B1 F7 5C  ];.=.jx..t.....\
00004C40:  5D 3B 19 3D CB 6A 78 1D 80 74 8C 90 87 B1 F7 5C  ];.=.jx..t.....\
00004C50:  5D 3B 19 3D CB 6A 78 1D 80 74 8C 90 87 B1 F7 5C  ];.=.jx..t.....\
00004C60:  5D 3B 19 3D CB 6A 78 1D 80 74 8C 90 87 B1 F7 5C  ];.=.jx..t.....\
00004C70:  5D 3B 19 3D CB 6A 78 1D 80 74 8C 90 87 B1 F7 5C  ];.=.jx..t.....\
00004C80:  5D 3B 19 3D CB 6A 78 1D 80 74 8C 90 87 B1 F7 5C  ];.=.jx..t.....\
00004C90:  5D 3B 19 3D CB 6A 78 1D 80 74 8C 90 87 B1 F7 5C  ];.=.jx..t.....\
00004CA0:  5D 3B 19 3D CB 6A 78 1D 80 74 8C 90 87 B1 F7 5C  ];.=.jx..t.....\
00004CB0:  5D 3B 19 3D CB 6A 78 1D 80 74 8C 90 87 B1 F7 5C  ];.=.jx..t.....\
00004CC0:  5D 3B 19 3D CB 6A 78 1D 80 74 8C 90 87 B1 F7 5C  ];.=.jx..t.....\
00004CD0:  5D 3B 19 3D CB 6A 78 1D 80 74 8C 90 87 B1 F7 5C  ];.=.jx..t.....\
00004CE0:  5D 3B 19 3D CB 6A 78 1D 80 74 8C 90 87 B1 F7 5C  ];.=.jx..t.....\
00004CF0:  5D 3B 19 3D CB 6A 78 1D 80 74 8C 90 87 B1 F7 5C  ];.=.jx..t.....\
00004D00:  5D 3B 19 3D CB 6A 1C B2 D1 E1 26 73 5D CA 4A 0F  ];.=.j....&s].J.
00004D10:  98 6D BA F5 7A 85 00 00 00 00 00 00 00 00 00 00  .m..z...........
00004D20:  00 00 00 00 00 00 00 00 00 00 00 00 00 00 00 00  ................ [zeros]
00004D30:  00 00 00 00 00 00 00 00 00 00 00 00 00 00 00 00  ................ [zeros]
00004D40:  00 00 00 00 00 00 00 00 00 00 00 00 00 00 00 00  ................ [zeros]
00004D50:  00 00 00 00 00 00 00 00 00 00 00 00 00 00 00 00  ................ [zeros]
00004D60:  00 00 00 00 00 00 00 00 00 00 00 00 00 00 00 00  ................ [zeros]
00004D70:  00 00 00 00 00 00 00 00 00 00 00 00 00 00 00 00  ................ [zeros]
00004D80:  00 00 00 00 00 00 00 00 00 00 00 00 00 00 00 00  ................ [zeros]
00004D90:  00 00 00 00 00 00 00 00 00 00 00 00 00 00 00 00  ................ [zeros]
00004DA0:  00 00 00 00 00 00 00 00 00 00 00 00 00 00 00 00  ................ [zeros]
00004DB0:  00 00 00 00 00 00 00 00 00 00 00 00 00 00 00 00  ................ [zeros]
00004DC0:  00 00 00 00 00 00 00 00 00 00 00 00 00 00 00 00  ................ [zeros]
00004DD0:  00 00 00 00 00 00 00 00 00 00 00 00 00 00 00 00  ................ [zeros]
00004DE0:  00 00 00 00 00 00 00 00 00 00 00 00 00 00 00 00  ................ [zeros]
00004DF0:  00 00 00 00 00 00 00 00 00 00 00 00 00 00 00 00  ................ [zeros]
00004E00:  00 00 00 00 00 00 00 00 00 00 00 00 00 00 00 00  ................ [zeros]
00004E10:  00 00 00 00 00 00 0E 3E E2 EE 17 3E C4 96 B2 E8  .......>...>....
00004E20:  BC D8 41 32 1C D4 78 1D 80 74 8C 90 87 B1 F7 5C  ..A2..x..t.....\
00004E30:  5D 3B 19 3D CB 6A 78 1D 80 74 8C 90 87 B1 F7 5C  ];.=.jx..t.....\
00004E40:  5D 3B 19 3D CB 6A 78 1D 80 74 8C 90 87 B1 F7 5C  ];.=.jx..t.....\
00004E50:  5D 3B 19 3D CB 6A 78 1D 80 74 8C 90 87 B1 F7 5C  ];.=.jx..t.....\
00004E60:  5D 3B 19 3D CB 6A 78 1D 80 74 8C 90 87 B1 F7 5C  ];.=.jx..t.....\
00004E70:  5D 3B 19 3D CB 6A 78 1D 80 74 8C 90 87 B1 F7 5C  ];.=.jx..t.....\
00004E80:  5D 3B 19 3D CB 6A 78 1D 80 74 8C 90 87 B1 F7 5C  ];.=.jx..t.....\
00004E90:  5D 3B 19 3D CB 6A 78 1D 80 74 8C 90 87 B1 F7 5C  ];.=.jx..t.....\
00004EA0:  5D 3B 19 3D CB 6A 78 1D 80 74 8C 90 87 B1 F7 5C  ];.=.jx..t.....\
00004EB0:  5D 3B 19 3D CB 6A 78 1D 80 74 8C 90 87 B1 F7 5C  ];.=.jx..t.....\
00004EC0:  5D 3B 19 3D CB 6A 78 1D 80 74 8C 90 87 B1 F7 5C  ];.=.jx..t.....\
00004ED0:  5D 3B 19 3D CB 6A 78 1D 80 74 8C 90 87 B1 F7 5C  ];.=.jx..t.....\
00004EE0:  5D 3B 19 3D CB 6A 78 1D 80 74 8C 90 87 B1 F7 5C  ];.=.jx..t.....\
00004EF0:  5D 3B 19 3D CB 6A 78 1D 80 74 8C 90 87 B1 F7 5C  ];.=.jx..t.....\
00004F00:  5D 3B 19 3D CB 6A 78 1D 80 74 8C 90 87 B1 F7 5C  ];.=.jx..t.....\
00004F10:  5D 3B 19 3D CB 6A BA 4A B9 28 A9 18 01 4D 03 BF  ];.=.j.J.(...M..
00004F20:  54 AD 0D CD 35 77 78 1D 80 74 8C 90 87 B1 F7 5C  T...5wx..t.....\
00004F30:  5D 3B 19 3D CB 6A 78 1D 80 74 8C 90 87 B1 F7 5C  ];.=.jx..t.....\
00004F40:  5D 3B 19 3D CB 6A 78 1D 80 74 8C 90 87 B1 F7 5C  ];.=.jx..t.....\
00004F50:  5D 3B 19 3D CB 6A 78 1D 80 74 8C 90 87 B1 F7 5C  ];.=.jx..t.....\
00004F60:  5D 3B 19 3D CB 6A 78 1D 80 74 8C 90 87 B1 F7 5C  ];.=.jx..t.....\
00004F70:  5D 3B 19 3D CB 6A 78 1D 80 74 8C 90 87 B1 F7 5C  ];.=.jx..t.....\
00004F80:  5D 3B 19 3D CB 6A 78 1D 80 74 8C 90 87 B1 F7 5C  ];.=.jx..t.....\
00004F90:  5D 3B 19 3D CB 6A 78 1D 80 74 8C 90 87 B1 F7 5C  ];.=.jx..t.....\
00004FA0:  5D 3B 19 3D CB 6A 78 1D 80 74 8C 90 87 B1 F7 5C  ];.=.jx..t.....\
00004FB0:  5D 3B 19 3D CB 6A 78 1D 80 74 8C 90 87 B1 F7 5C  ];.=.jx..t.....\
00004FC0:  5D 3B 19 3D CB 6A 78 1D 80 74 8C 90 87 B1 F7 5C  ];.=.jx..t.....\
00004FD0:  5D 3B 19 3D CB 6A 78 1D 80 74 8C 90 87 B1 F7 5C  ];.=.jx..t.....\
00004FE0:  5D 3B 19 3D CB 6A 78 1D 80 74 8C 90 87 B1 F7 5C  ];.=.jx..t.....\
00004FF0:  5D 3B 19 3D CB 6A 78 1D 80 74 8C 90 87 B1 F7 5C  ];.=.jx..t.....\
00005000:  5D 3B 19 3D CB 6A 78 1D 80 74 8C 90 87 B1 F7 5C  ];.=.jx..t.....\
00005010:  5D 3B 19 3D CB 6A DA 8D 9A 20 C7 80 5F 6E 7D 2B  ];.=.j... .._n}+
00005020:  F2 23 DD 0E 9C 7D 00 00 00 00 00 00 00 00 00 00  .#...}..........
00005030:  00 00 00 00 00 00 00 00 00 00 00 00 00 00 00 00  ................ [zeros]
00005040:  00 00 00 00 00 00 00 00 00 00 00 00 00 00 00 00  ................ [zeros]
00005050:  00 00 00 00 00 00 00 00 00 00 00 00 00 00 00 00  ................ [zeros]
00005060:  00 00 00 00 00 00 6F B1 70 00 C9 1A DF 59 6C FB  ......o.p....Yl.
00005070:  A7 00 B2 96 03 08 25 62 B9 5C 21 92 A8 F2 82 E7  ......%b.\!.....
00005080:  9D 14 0B 8D C5 39 25 62 B9 5C 21 92 A8 F2 82 E7  .....9%b.\!.....
00005090:  9D 14 0B 8D C5 39 14 56 04 82 23 6C E7 FC F2 0E  .....9.V..#l....
000050A0:  EB 43 BC DD CF 13 CA 1B 22 F4 EA 90 07 FA A9 E5  .C......".......
000050B0:  69 DD 01 F4 77 DF 67 EB 78 6B 2A 0F 7A AD A0 11  i...w.g.xk*.z...
000050C0:  DF E2 B7 AA 17 A8 AE 73 D4 DB 84 B8 B3 60 99 37  .......s.....`.7
000050D0:  64 18 02 44 3C A9 7C 7A 85 24 94 A2 93 00 AB 25  d..D<.|z.$.....%
000050E0:  F9 CD 85 61 4A E3 E2 10 25 D4 C1 FF 3B 3A E1 44  ...aJ...%...;:.D
000050F0:  79 08 72 F3 FA E1 00 00 00 00 00 00 00 00 00 00  y.r.............
00005100:  00 00 00 00 00 00 00 00 00 00 00 00 00 00 00 00  ................ [zeros]
00005110:  00 00 00 00 00 00 00 00 00 00 00 00 00 00 00 00  ................ [zeros]
00005120:  00 00 00 00 00 00 00 00 00 00 00 00 00 00 00 00  ................ [zeros]
00005130:  00 00 00 00 00 00 00 00 00 00 00 00 00 00 00 00  ................ [zeros]
00005140:  00 00 00 00 00 00 00 00 00 00 00 00 00 00 00 00  ................ [zeros]
00005150:  00 00 00 00 00 00 00 00 00 00 00 00 00 00 00 00  ................ [zeros]
00005160:  00 00 00 00 00 00 00 00 00 00 00 00 00 00 00 00  ................ [zeros]
00005170:  00 00 00 00 00 00 00 00 00 00 00 00 00 00 00 00  ................ [zeros]
00005180:  00 00 00 00 00 00 00 00 00 00 00 00 00 00 00 00  ................ [zeros]
00005190:  00 00 00 00 00 00 00 00 00 00 00 00 00 00 00 00  ................ [zeros]
000051A0:  00 00 00 00 00 00 00 00 00 00 00 00 00 00 00 00  ................ [zeros]
000051B0:  00 00 00 00 00 00 10 DF 79 1D 41 BB E0 10 E4 28  ........y.A....(
000051C0:  41 11 8F 33 0A 91 B5 A6 8B F2 C9 E0 12 5B B8 6E  A..3.........[.n
000051D0:  3A 56 26 BE 17 E7 36 24 95 CA 2D B9 52 C9 BA E0  :V&...6$..-.R...
000051E0:  CB D0 F1 17 B8 DB 39 0F D9 E8 E4 48 E3 E3 DD E3  ......9....H....
000051F0:  CE 04 FC 66 3D F3 4D FC C0 E0 06 8F 75 A1 68 FD  ...f=.M.....u.h.
00005200:  52 4F 2C 9E 5B F1 89 0F 74 F6 FE D9 07 53 59 24  RO,.[...t....SY$
00005210:  B5 4A 53 AA B6 F0 F3 99 80 55 D8 0B FC 94 3F 4F  .JS......U....?O
00005220:  8D E3 3C E0 FC AE 92 87 47 2D 87 3C 8A 19 F7 BC  ..<.....G-.<....
00005230:  2A 50 C2 53 34 11 1F 48 AF A7 22 96 07 F4 7B 01  *P.S4..H.."...{.
00005240:  C8 37 6A C4 32 4E 08 2A 34 83 53 5C 6C CC E1 60  .7j.2N.*4.S\l..`
00005250:  45 CE AB 2C 09 BC 8E 5C 99 9B 53 1A 4E 3D 9D E1  E..,...\..S.N=..
00005260:  16 66 4A 9D 41 D8 B5 5A 70 E4 D5 38 5E 5B 20 AE  .fJ.A..Zp..8^[ .
00005270:  F7 6B A4 83 61 46 69 34 43 E0 49 01 A9 B2 8E 31  .k..aFi4C.I....1
00005280:  C1 C6 78 5B 44 98 00 00 00 00 00 00 00 00 00 00  ..x[D...........
00005290:  00 00 00 00 00 00 BA 6B B7 E4 07 67 05 60 CA 62  .......k...g.`.b
000052A0:  65 DB BC E5 17 18 54 E0 CA 72 5E 51 E1 55 98 04  e.....T..r^Q.U..
000052B0:  FA 43 CE 1C 9E CB 88 1E 5D D4 B7 6B 64 EA 1C 2C  .C......]..kd..,
000052C0:  39 AB ED AC F4 60 AE C9 6A E8 47 79 F5 E3 E9 4B  9....`..j.Gy...K
000052D0:  73 EC DE 50 84 14 89 64 98 C7 A2 21 78 18 A4 67  s..P...d...!x..g
000052E0:  44 61 08 0D 2B 60 58 68 83 DD E6 38 71 70 A0 E3  Da..+`Xh...8qp..
000052F0:  61 B4 6C B8 FF 16 2C 3A C9 D2 EC 5C 73 10 0C E5  a.l...,:...\s...
00005300:  DB 8C 69 16 DD 74 2D 32 62 02 E1 3B 6A 4B 8E DA  ..i..t-2b..;jK..
00005310:  42 41 B7 0A E1 C7 00 00 00 00 00 00 00 00 00 00  BA..............
00005320:  00 00 00 00 00 00 BA 6B B7 E4 07 67 05 60 CA 62  .......k...g.`.b
00005330:  65 DB BC E5 17 18 00 00 00 00 00 00 00 00 00 00  e...............
00005340:  00 00 00 00 00 00 00 00 00 00 00 00 00 00 00 00  ................ [zeros]
00005350:  00 00 00 00 00 00 00 00 00 00 00 00 00 00 00 00  ................ [zeros]
00005360:  00 00 00 00 00 00 00 00 00 00 00 00 00 00 00 00  ................ [zeros]
00005370:  00 00 00 00 00 00 00 00 00 00 00 00 00 00 00 00  ................ [zeros]
00005380:  00 00 00 00 00 00 00 00 00 00 00 00 00 00 00 00  ................ [zeros]
00005390:  00 00 00 00 00 00 00 00 00 00 00 00 00 00 00 00  ................ [zeros]
000053A0:  00 00 00 00 00 00 00 00 00 00 00 00 00 00 00 00  ................ [zeros]
000053B0:  00 00 00 00 00 00 00 00 00 00 00 00 00 00 00 00  ................ [zeros]
000053C0:  00 00 00 00 00 00 00 00 00 00 00 00 00 00 00 00  ................ [zeros]
000053D0:  00 00 00 00 00 00 00 00 00 00 00 00 00 00 00 00  ................ [zeros]
000053E0:  00 00 00 00 00 00 00 00 00 00 00 00 00 00 00 00  ................ [zeros]
000053F0:  00 00 00 00 00 00 8D AE 46 3D C2 6D 8F D8 0C 19  ........F=.m....
00005400:  88 17 AB 35 55 53 9B 9F 3D 29 26 C3 0A 05 F6 AF  ...5US..=)&.....
00005410:  1A 0A 32 31 EA F6 3C 72 0F C4 A2 AE 5E CF B1 D8  ..21..<r....^...
00005420:  F6 CD 81 8F C9 08 BA 24 9E 58 0C 71 E7 64 41 F9  .......$.X.q.dA.
00005430:  54 61 44 40 76 37 9B 9F 3D 29 26 C3 0A 05 F6 AF  TaD@v7..=)&.....
00005440:  1A 0A 32 31 EA F6 3C 72 0F C4 A2 AE 5E CF B1 D8  ..21..<r....^...
00005450:  F6 CD 81 8F C9 08 BA 24 9E 58 0C 71 E7 64 41 F9  .......$.X.q.dA.
00005460:  54 61 44 40 76 37 9B 9F 3D 29 26 C3 0A 05 F6 AF  TaD@v7..=)&.....
00005470:  1A 0A 32 31 EA F6 C0 24 5D 81 F9 AE 46 4C 0E 6C  ..21...$]...FL.l
00005480:  0D 33 AA 4E 05 8A C4 00 D8 C2 46 B5 E1 6F 3D 3C  .3.N......F..o=<
00005490:  6C 5A AA 79 33 CF EE A7 DA EF 0E 4C 5F 90 E6 A4  lZ.y3......L_...
000054A0:  19 F1 41 CB 93 07 B6 8F 42 82 E8 E0 BB B7 C7 98  ..A.....B.......
000054B0:  07 38 75 84 85 F3 FA 9F C3 13 22 C2 BA 4F 6D 56  .8u......."..OmV
000054C0:  64 AB B0 43 D8 62 89 64 98 C7 A2 21 78 18 A4 67  d..C.b.d...!x..g
000054D0:  44 61 08 0D 2B 60 00 00 00 00 00 00 00 00 00 00  Da..+`..........
000054E0:  00 00 00 00 00 00 54 E0 CA 72 5E 51 E1 55 98 04  ......T..r^Q.U..
000054F0:  FA 43 CE 1C 9E CB 2C 3A C9 D2 EC 5C 73 10 0C E5  .C....,:...\s...
00005500:  DB 8C 69 16 DD 74 00 00 00 00 00 00 00 00 00 00  ..i..t..........
00005510:  00 00 00 00 00 00 AE C9 6A E8 47 79 F5 E3 E9 4B  ........j.Gy...K
00005520:  73 EC DE 50 84 14 00 00 00 00 00 00 00 00 00 00  s..P............
00005530:  00 00 00 00 00 00 BA 6B B7 E4 07 67 05 60 CA 62  .......k...g.`.b
00005540:  65 DB BC E5 17 18 58 68 83 DD E6 38 71 70 A0 E3  e.....Xh...8qp..
00005550:  61 B4 6C B8 FF 16 00 00 00 00 00 00 00 00 00 00  a.l.............
00005560:  00 00 00 00 00 00 88 1E 5D D4 B7 6B 64 EA 1C 2C  ........]..kd..,
00005570:  39 AB ED AC F4 60 2D 32 62 02 E1 3B 6A 4B 8E DA  9....`-2b..;jK..
00005580:  42 41 B7 0A E1 C7 00 00 00 00 00 00 00 00 00 00  BA..............
00005590:  00 00 00 00 00 00 89 64 98 C7 A2 21 78 18 A4 67  .......d...!x..g
000055A0:  44 61 08 0D 2B 60 00 00 00 00 00 00 00 00 00 00  Da..+`..........
000055B0:  00 00 00 00 00 00 54 E0 CA 72 5E 51 E1 55 98 04  ......T..r^Q.U..
000055C0:  FA 43 CE 1C 9E CB 2C 3A C9 D2 EC 5C 73 10 0C E5  .C....,:...\s...
000055D0:  DB 8C 69 16 DD 74 00 00 00 00 00 00 00 00 00 00  ..i..t..........
000055E0:  00 00 00 00 00 00 AE C9 6A E8 47 79 F5 E3 E9 4B  ........j.Gy...K
000055F0:  73 EC DE 50 84 14 00 00 00 00 00 00 00 00 00 00  s..P............
00005600:  00 00 00 00 00 00 BA 6B B7 E4 07 67 05 60 CA 62  .......k...g.`.b
00005610:  65 DB BC E5 17 18 58 68 83 DD E6 38 71 70 A0 E3  e.....Xh...8qp..
00005620:  61 B4 6C B8 FF 16 00 00 00 00 00 00 00 00 00 00  a.l.............
00005630:  00 00 00 00 00 00 88 1E 5D D4 B7 6B 64 EA 1C 2C  ........]..kd..,
00005640:  39 AB ED AC F4 60 2D 32 62 02 E1 3B 6A 4B 8E DA  9....`-2b..;jK..
00005650:  42 41 B7 0A E1 C7 00 00 00 00 00 00 00 00 00 00  BA..............
00005660:  00 00 00 00 00 00 89 64 98 C7 A2 21 78 18 A4 67  .......d...!x..g
00005670:  44 61 08 0D 2B 60 00 00 00 00 00 00 00 00 00 00  Da..+`..........
00005680:  00 00 00 00 00 00 00 00 00 00 00 00 00 00 00 00  ................ [zeros]
00005690:  00 00 00 00 00 00 00 00 00 00 00 00 00 00 00 00  ................ [zeros]
000056A0:  00 00 00 00 00 00 00 00 00 00 00 00 00 00 00 00  ................ [zeros]
000056B0:  00 00 00 00 00 00 00 00 00 00 00 00 00 00 00 00  ................ [zeros]
000056C0:  00 00 00 00 00 00 F1 D8 59 F2 E2 FB A0 00 91 A7  ........Y.......
000056D0:  D8 FD 31 FA 17 20 29 94 08 8B 5B EE A1 D3 9D 7B  ..1.. )...[....{
000056E0:  AC 70 16 87 F0 AB 00 00 00 00 00 00 00 00 00 00  .p..............
000056F0:  00 00 00 00 00 00 8A AA 02 4D C7 D2 58 B6 83 A0  .........M..X...
00005700:  DE BE 54 7D 55 96 00 00 00 00 00 00 00 00 00 00  ..T}U...........
00005710:  00 00 00 00 00 00 F3 95 9C 95 85 4A 80 D2 63 0D  ...........J..c.
00005720:  1A E1 64 30 40 04 05 27 C8 54 F6 7C 2B 8C 7A 3D  ..d0@..'.T.|+.z=
00005730:  E4 8E C7 DB AB 31 3C 9F 10 EC A3 D3 94 70 B9 B6  .....1<......p..
00005740:  1A EC D8 C2 C5 27 09 F4 60 E7 BA F9 CE 98 6A 59  .....'..`.....jY
00005750:  B6 C3 60 DA 8E 10 DC 6F BF CD 7E 17 E9 6C CE 50  ..`....o..~..l.P
00005760:  E8 B6 BC 50 86 ED 00 00 00 00 00 00 00 00 00 00  ...P............
00005770:  00 00 00 00 00 00 83 25 72 75 71 B9 C8 8E 86 6B  .......%ruq....k
00005780:  6D AE 54 5C 36 AB 09 AA FA EC 0F AD 94 D9 6B F8  m.T\6.........k.
00005790:  1F 68 0C E3 5D F7 A3 84 C8 AB DE 38 46 DF 2B 8F  .h..]......8F.+.
000057A0:  EC 7F B2 33 D5 7D 82 9A 2D FC D3 0A 9D 54 30 B4  ...3.}..-....T0.
000057B0:  44 7F 1C 6C 9B 24 D0 DB 69 6C 75 23 9C 82 56 B1  D..l.$..ilu#..V.
000057C0:  7A 5F 9D 6F 2C 83 6F 61 9F A6 96 9F 88 F6 D8 C0  z_.o,.oa........
000057D0:  B0 E6 01 8D BE B7 4D B1 2B 52 BB DD CB 9F 7A CF  ......M.+R....z.
000057E0:  D0 98 BF 0D F5 1C 45 B0 41 80 E9 19 10 0F CD 49  ......E.A......I
000057F0:  C3 77 20 07 78 A2 00 00 00 00 00 00 00 00 00 00  .w .x...........
00005800:  00 00 00 00 00 00 00 00 00 00 00 00 00 00 00 00  ................ [zeros]
00005810:  00 00 00 00 00 00 00 00 00 00 00 00 00 00 00 00  ................ [zeros]
00005820:  00 00 00 00 00 00 00 00 00 00 00 00 00 00 00 00  ................ [zeros]
00005830:  00 00 00 00 00 00 00 00 00 00 00 00 00 00 00 00  ................ [zeros]
00005840:  00 00 00 00 00 00 00 00 00 00 00 00 00 00 00 00  ................ [zeros]
00005850:  00 00 00 00 00 00 00 00 00 00 00 00 00 00 00 00  ................ [zeros]
00005860:  00 00 00 00 00 00 4C 1F DE 80 A3 6E 61 19 10 DA  ......L....na...
00005870:  11 C2 8C FA D5 F2 AD 2F 8F 95 FF 8B 2E 44 FD FD  ......./.....D..
00005880:  1D 28 E7 32 B3 71 B6 CE 2C 43 45 5B FF E4 13 76  .(.2.q..,CE[...v
00005890:  A4 55 FE 49 CF A3 DD 5C 68 A0 8C FC 48 12 AD 24  .U.I...\h...H..$
000058A0:  CA B5 CB 46 2E 44 75 69 E7 BA F3 39 7D ED B3 2A  ...F.Dui...9}..*
000058B0:  52 D1 E6 DA E0 C1 F7 A3 6E 3A 80 D7 8F E3 EB CE  R.......n:......
000058C0:  23 13 79 64 E8 B6 F4 A3 38 AC 91 A5 D9 64 DC E3  #.yd....8....d..
000058D0:  3A DB 85 B1 6D 7E 74 7B CD D4 8D DC 25 F4 4F 01  :...m~t{....%.O.
000058E0:  E2 9F 47 AE E1 6A D2 5E 2F 39 8C 09 D0 14 2C 53  ..G..j.^/9....,S
000058F0:  5E BE 55 84 7B BB 74 45 74 49 0B 01 57 8E 46 CF  ^.U.{.tEtI..W.F.
00005900:  16 1B 39 BA 39 0F 37 95 08 F4 EA 9F 16 26 5E 75  ..9.9.7......&^u
00005910:  06 7A 70 48 AC 7B 3A E2 34 B3 3A 70 ED D6 5E 85  .zpH.{:.4.:p..^.
00005920:  D1 C2 A2 93 9E CC E4 AE F8 53 22 B2 EF F3 94 3A  .........S"....:
00005930:  C1 2C 28 92 AA 07 39 AE C3 8F 75 72 6A 4A 85 22  .,(...9...urjJ."
00005940:  AD 4D 69 F1 5E AF 3A 23 4C 49 2D 85 D1 CC 2D A5  .Mi.^.:#LI-...-.
00005950:  91 0E C5 D0 D1 86 8B F8 D1 DF F5 20 64 5A CC 55  ........... dZ.U
00005960:  B9 6F 40 78 05 18 3B 81 3B AB 13 92 D4 EB 05 7C  .o@x..;.;......|
00005970:  E1 A5 8D A0 F2 5C AA 1E 7F 0F 23 6D 74 52 C1 AD  .....\....#mtR..
00005980:  0D 1C A6 13 CC 9A 85 D1 37 DB 8E 0F AC E2 21 1B  ........7.....!.
00005990:  EE 9A 63 C8 18 5A 82 FD 38 6E 15 97 DC 20 91 09  ..c..Z..8n... ..
000059A0:  05 A8 2D E7 FB 12 FE 9D D9 0D 5B 24 6B 0F 65 04  ..-.......[$k.e.
000059B0:  BE 1D 8B EE FF 09 62 8A 63 CD BB 21 DC C1 68 D8  ......b.c..!..h.
000059C0:  3C BB EF 7F 5B 0D F7 71 56 51 4A BC CE DB 65 DE  <...[..qVQJ...e.
000059D0:  B5 C3 C7 D3 78 C2 9E 34 22 39 63 D7 3A ED 8B DE  ....x..4"9c.:...
000059E0:  50 45 D6 7B 63 0B 7E 8F 39 C0 2A B9 27 30 CC 09  PE.{c.~.9.*.'0..
000059F0:  B1 4E 2C 96 4A 6D 39 DC E8 FD 86 F9 61 36 C2 91  .N,.Jm9.....a6..
00005A00:  B3 5C 33 69 EC 89 AA 8A 95 01 B0 15 C1 3D E9 6E  .\3i.........=.n
00005A10:  94 41 A8 2D 58 EC 00 00 00 00 00 00 00 00 00 00  .A.-X...........
00005A20:  00 00 00 00 00 00 00 00 00 00 00 00 00 00 00 00  ................ [zeros]
00005A30:  00 00 00 00 00 00 00 00 00 00 00 00 00 00 00 00  ................ [zeros]
00005A40:  00 00 00 00 00 00 00 00 00 00 00 00 00 00 00 00  ................ [zeros]
00005A50:  00 00 00 00 00 00 00 00 00 00 00 00 00 00 00 00  ................ [zeros]
00005A60:  00 00 00 00 00 00 00 00 00 00 00 00 00 00 00 00  ................ [zeros]
00005A70:  00 00 00 00 00 00 92 3B FA 16 E8 8D CE AD CB BF  .......;........
00005A80:  75 15 F4 80 3E 81 42 88 B3 2D E2 4E AF 14 1F B2  u...>.B..-.N....
00005A90:  24 2A 67 9B 69 AE 10 DF 79 1D 41 BB E0 10 E4 28  $*g.i...y.A....(
00005AA0:  41 11 8F 33 0A 91 43 21 0D 3F 8B 26 F4 C8 B3 72  A..3..C!.?.&...r
00005AB0:  FA 74 4D 91 32 74 40 DB D3 B3 ED 06 F8 B3 5D 6E  .tM.2t@.......]n
00005AC0:  C9 8F 55 72 0D 26 A5 8F 13 03 03 3F A3 9D FD E0  ..Ur.&.....?....
00005AD0:  C6 DD 68 85 26 05 3F F1 A8 F0 D0 8D 6B 9F CB F6  ..h.&.?.....k...
00005AE0:  D0 E8 EF D0 81 55 16 76 94 72 AA 74 C5 B9 67 FC  .....U.v.r.t..g.
00005AF0:  E1 5F 0D 6F F5 A9 D7 F1 22 95 85 83 B5 6B EB 8E  ._.o...."....k..
00005B00:  67 7E 81 86 64 A8 EE 13 C1 3F 27 FC 02 7A FA A4  g~..d....?'..z..
00005B10:  7D 2C E0 4F 99 17 CE 68 01 BF C9 C9 38 61 C0 C9  },.O...h....8a..
00005B20:  DD 95 E9 2E C8 B4 97 4F 4B CC CE C1 97 D7 CE 9E  .......OK.......
00005B30:  EA E2 1B 54 D8 72 96 72 BE C3 11 38 E4 D7 77 33  ...T.r.r...8..w3
00005B40:  FB 47 D6 28 59 F6 10 D0 79 3E A6 06 FD C5 78 FE  .G.(Y...y>....x.
00005B50:  FA 1E D8 40 EF F9 7D 6B D4 84 3A BA 40 5F 60 FC  ...@..}k..:.@_`.
00005B60:  59 4D CF C4 84 6D 00 00 00 00 00 00 00 00 00 00  YM...m..........
00005B70:  00 00 00 00 00 00 00 00 00 00 00 00 00 00 00 00  ................ [zeros]
00005B80:  00 00 00 00 00 00 00 00 00 00 00 00 00 00 00 00  ................ [zeros]
00005B90:  00 00 00 00 00 00 00 00 00 00 00 00 00 00 00 00  ................ [zeros]
00005BA0:  00 00 00 00 00 00 00 00 00 00 00 00 00 00 00 00  ................ [zeros]
00005BB0:  00 00 00 00 00 00 00 00 00 00 00 00 00 00 00 00  ................ [zeros]
00005BC0:  00 00 00 00 00 00 00 00 00 00 00 00 00 00 00 00  ................ [zeros]
00005BD0:  00 00 00 00 00 00 00 00 00 00 00 00 00 00 00 00  ................ [zeros]
00005BE0:  00 00 00 00 00 00 00 00 00 00 00 00 00 00 00 00  ................ [zeros]
00005BF0:  00 00 00 00 00 00 00 00 00 00 00 00 00 00 00 00  ................ [zeros]
00005C00:  00 00 00 00 00 00 00 00 00 00 00 00 00 00 00 00  ................ [zeros]
00005C10:  00 00 00 00 00 00 00 00 00 00 00 00 00 00 00 00  ................ [zeros]
00005C20:  00 00 00 00 00 00 00 00 00 00 00 00 00 00 00 00  ................ [zeros]
00005C30:  00 00 00 00 00 00 73 15 52 B0 D8 7B 40 EB 6D 29  ......s.R..{@.m)
00005C40:  22 8F 07 7B 87 00 00 00 00 00 00 00 00 00 00 00  "..{............
00005C50:  00 00 00 00 00 00 00 00 00 00 00 00 00 00 00 00  ................ [zeros]
00005C60:  00 00 00 00 00 00 72 C9 29 74 2C 54 97 BB 07 76  ......r.)t,T...v
00005C70:  D2 01 32 C4 45 05 15 06 9D 66 83 AB 6E E9 AC 4B  ..2.E....f..n..K
00005C80:  E7 3E 3A 2A 09 DD F5 7F 68 F4 0A 2F 72 EB 15 84  .>:*....h../r...
00005C90:  86 EF C9 24 97 58 00 00 00 00 00 00 00 00 00 00  ...$.X..........
00005CA0:  00 00 00 00 00 00 B7 65 A7 42 61 D5 85 C8 A7 2C  .......e.Ba....,
00005CB0:  48 BA 3D 83 97 B2 4D 47 0F D0 89 E2 37 2D C0 53  H.=...MG....7-.S
00005CC0:  7E 9F D1 A2 A8 E0 15 1E FF 93 7E E9 5A 77 B2 0E  ~.........~.Zw..
00005CD0:  BD 94 B9 2C 9D 40 BA F3 56 77 D1 D5 C8 23 86 08  ...,.@..Vw...#..
00005CE0:  63 7A 84 D7 5D 37 77 F4 DF BB 3B F7 AB 92 A7 80  cz..]7w...;.....
00005CF0:  FE 48 D0 DE 11 E6 F5 72 7A C7 B3 EA 91 08 70 85  .H.....rz.....p.
00005D00:  C7 9C 8D 09 5C 57 42 66 22 86 A8 B0 E7 3C 76 B1  ....\WBf"....<v.
00005D10:  F8 3D F5 24 3F 3E 60 D8 BF 15 B9 6E 78 D5 77 67  .=.$?>`....nx.wg
00005D20:  A1 7D B2 16 72 64 92 C3 02 46 64 51 3C A0 B7 01  .}..rd...FdQ<...
00005D30:  DD 7E BB 8E E0 E2 7A 74 66 84 FB 21 76 14 4D D4  .~....ztf..!v.M.
00005D40:  B2 50 4F 98 87 A8 1C EF A0 C8 5C AC 24 07 EE A3  .PO.......\.$...
00005D50:  90 C7 E6 C0 3D 2F 1D 5E 87 6F 1C CE E2 E4 C4 0D  ....=/.^.o......
00005D60:  9C 45 C3 5B 33 BB 65 9F 3D F7 94 C0 60 29 35 8D  .E.[3.e.=...`)5.
00005D70:  B3 0C FD D2 F6 48 55 8E 9D D4 C3 A6 E1 75 6B 93  .....HU......uk.
00005D80:  FA 72 8C 2C 74 C1 B7 E5 F2 91 94 AC 36 68 54 CF  .r.,t.......6hT.
00005D90:  DC 46 3C E0 27 7D 68 C9 C8 22 54 22 6F 6B C9 93  .F<.'}h.."T"ok..
00005DA0:  40 3E E4 41 57 3E EF D6 86 23 DA 37 5D 20 E6 53  @>.AW>...#.7] .S
00005DB0:  2B CE 9A A6 D0 31 FA 0A 9D E4 63 33 65 04 B9 8F  +....1....c3e...
00005DC0:  D5 A9 97 99 62 0E 04 AD 61 7C C7 12 E0 0E EE 49  ....b...a|.....I
00005DD0:  74 0E 62 6D F1 45 D2 3B D2 2F 68 03 BF B6 BD 67  t.bm.E.;./h....g
00005DE0:  60 4E 08 D1 6C 93 F4 BA A6 A4 77 6C 33 38 3F 04  `N..l.....wl38?.
00005DF0:  6E E2 C0 E3 E8 44 10 50 03 96 D9 C9 56 67 96 82  n....D.P....Vg..
00005E00:  B9 BB C2 13 88 D1 34 8C 2C 7B 1F 57 32 4A 5F 5E  ......4.,{.W2J_^
00005E10:  E5 2C EA 08 ED 3D 37 AE 59 37 B0 AD E6 3C B7 E5  .,...=7.Y7...<..
00005E20:  64 F9 2B B1 1E A7 E0 E0 9E 51 89 67 2A F4 5B DE  d.+......Q.g*.[.
00005E30:  12 73 1C 9D 0B 78 E4 29 C4 9B A4 57 F2 A4 B3 36  .s...x.)...W...6
00005E40:  1D A0 9C 19 48 16 00 00 00 00 00 00 00 00 00 00  ....H...........
00005E50:  00 00 00 00 00 00 6B B9 E7 77 8C C7 69 A4 D4 B7  ......k..w..i...
00005E60:  34 8B 64 20 FA 4D 83 8B 95 CA 3D 43 A6 25 D3 EE  4.d .M....=C.%..
00005E70:  D9 4D EE 51 D1 6C 00 00 00 00 00 00 00 00 00 00  .M.Q.l..........
00005E80:  00 00 00 00 00 00 00 00 00 00 00 00 00 00 00 00  ................ [zeros]
00005E90:  00 00 00 00 00 00 00 00 00 00 00 00 00 00 00 00  ................ [zeros]
00005EA0:  00 00 00 00 00 00 00 00 00 00 00 00 00 00 00 00  ................ [zeros]
00005EB0:  00 00 00 00 00 00 00 00 00 00 00 00 00 00 00 00  ................ [zeros]
00005EC0:  00 00 00 00 00 00 00 00 00 00 00 00 00 00 00 00  ................ [zeros]
00005ED0:  00 00 00 00 00 00 00 00 00 00 00 00 00 00 00 00  ................ [zeros]
00005EE0:  00 00 00 00 00 00 00 00 00 00 00 00 00 00 00 00  ................ [zeros]
00005EF0:  00 00 00 00 00 00 00 00 00 00 00 00 00 00 00 00  ................ [zeros]
00005F00:  00 00 00 00 00 00 00 00 00 00 00 00 00 00 00 00  ................ [zeros]
00005F10:  00 00 00 00 00 00 00 00 00 00 00 00 00 00 00 00  ................ [zeros]
00005F20:  00 00 00 00 00 00 00 00 00 00 00 00 00 00 00 00  ................ [zeros]
00005F30:  00 00 00 00 00 00 00 00 00 00 00 00 00 00 00 00  ................ [zeros]
00005F40:  00 00 00 00 00 00 00 00 00 00 00 00 00 00 00 00  ................ [zeros]
00005F50:  00 00 00 00 00 00 A2 97 9C DA F9 70 D3 9C 6E 9E  ...........p..n.
00005F60:  FD CC DB EF 65 E7 00 00 00 00 00 00 00 00 00 00  ....e...........
00005F70:  00 00 00 00 00 00 0C D2 34 7A 39 38 EA E2 A4 4B  ........4z98...K
00005F80:  1C B5 DC E4 1A B4 55 00 A9 95 42 FB 5C A9 4C 96  ......U...B.\.L.
00005F90:  10 76 72 8A 52 61 67 86 EB 9D 88 EE 7B 0C C4 18  .vr.Rag.....{...
00005FA0:  7C 6B 84 C7 43 F3 4D 23 FD 6A F9 9B 21 EB 13 46  |k..C.M#.j..!..F
00005FB0:  67 6C 16 42 B2 CE 8E 5C 99 9B 53 1A 4E 3D 9D E1  gl.B...\..S.N=..
00005FC0:  16 66 4A 9D 41 D8 E1 14 33 A1 83 F3 98 42 85 BE  .fJ.A...3....B..
00005FD0:  E9 22 6B 32 90 10 E8 2A 68 C1 7A 64 F1 0B 09 52  ."k2...*h.zd...R
00005FE0:  36 A8 8F 1C 41 4A DD 9C 49 75 C4 C5 E2 60 62 76  6...AJ..Iu...`bv
00005FF0:  56 7A 47 43 25 E3 37 BC 18 41 2D 3D 04 B3 5C 34  VzGC%.7..A-=..\4
00006000:  DE 2E 01 68 B4 35 A6 BF A9 6B 3C A8 51 5E 51 75  ...h.5...k<.Q^Qu
00006010:  49 42 81 9D EF FD 30 6C 35 F6 51 0B 60 DD 33 CE  IB....0l5.Q.`.3.
00006020:  B1 B7 F9 56 3A E9 55 F9 B3 82 52 6E F1 81 8F 23  ...V:.U...Rn...#
00006030:  D8 33 1F 06 56 A2 C0 F9 D3 EC CD BA 0E 32 D5 33  .3..V........2.3
00006040:  A2 C3 30 C7 AE C8 E7 30 3B ED 86 9C 01 6A 0E DF  ..0....0;....j..
00006050:  46 48 B6 74 2C 21 54 F2 91 20 D0 7D 6D 71 C8 6E  FH.t,!T.. .}mq.n
00006060:  18 7A 18 59 C3 98 15 F8 6B 68 56 B0 6E 64 C6 39  .z.Y....khV.nd.9
00006070:  EE FC 0E 94 3B AF 2C 4F 34 5B CF 54 49 F2 99 86  ....;.,O4[.TI...
00006080:  3D 12 E4 6B D8 DD 6B 9C C4 10 F0 7E E3 50 F7 F0  =..k..k....~.P..
00006090:  97 B6 49 87 B8 F5 6D 8D 00 07 88 8F 27 72 A0 17  ..I...m.....'r..
000060A0:  32 CA 60 37 0E 92 AC 89 B9 D4 C6 7F 48 AE 73 F3  2.`7........H.s.
000060B0:  A8 64 6C 20 27 2C 82 43 B1 D1 BC 78 79 AE 4F 2B  .dl ',.C...xy.O+
000060C0:  8D E9 03 58 0B 88 60 33 16 95 A4 BB 89 58 02 9B  ...X..`3.....X..
000060D0:  E8 83 53 A0 E1 37 79 6B AB 40 A3 78 08 56 32 83  ..S..7yk.@.x.V2.
000060E0:  C0 15 4F 14 53 28 90 E1 5A 55 8C 22 C1 88 B8 B1  ..O.S(..ZU."....
000060F0:  D4 32 3E 76 F7 99 1F B4 8C 90 77 E6 AF 5E 3D 68  .2>v......w..^=h
00006100:  D4 5A C5 DD B9 5B 96 A3 D9 B7 49 47 F7 2E 61 E3  .Z...[....IG..a.
00006110:  6C CE 2F F0 6D 35 3A A7 6F EE E2 47 B8 20 D5 25  l./.m5:.o..G. .%
00006120:  42 C6 21 1A 33 68 E7 55 01 36 E0 43 20 89 A9 DA  B.!.3h.U.6.C ...
00006130:  FD 8C 27 0D 81 F7 9A 7F 45 12 56 5E D4 CB 2F C2  ..'.....E.V^../.
00006140:  14 67 9E FD D7 3C AF 3F 58 E7 7E 8A 7F 0F 67 36  .g...<.?X.~...g6
00006150:  1D 0E AC F9 4C 8F AA 8A 95 01 B0 15 C1 3D E9 6E  ....L........=.n
00006160:  94 41 A8 2D 58 EC A5 7C DC A8 F2 25 E5 BC 04 A1  .A.-X..|...%....
00006170:  CB A2 8C DE C4 A2 00 00 00 00 00 00 00 00 00 00  ................
00006180:  00 00 00 00 00 00 00 00 00 00 00 00 00 00 00 00  ................ [zeros]
00006190:  00 00 00 00 00 00 00 00 00 00 00 00 00 00 00 00  ................ [zeros]
000061A0:  00 00 00 00 00 00 00 00 00 00 00 00 00 00 00 00  ................ [zeros]
000061B0:  00 00 00 00 00 00 A2 82 08 CB 8F 05 71 7B AB C8  ............q{..
000061C0:  BF 94 FF 9C EC 6F FC A1 B8 65 FF C3 45 12 FF D5  .....o...e..E...
000061D0:  16 CB CA BD 50 D2 5E AF A6 B4 CA 41 31 40 61 30  ....P.^....A1@a0
000061E0:  5C 9C AC 5B BF 74 70 91 FF B3 92 0D 54 A2 0F 4A  \..[.tp.....T..J
000061F0:  47 09 D2 1F B4 A1 D1 6F F3 9B 9D EC 89 32 80 1C  G......o.....2..
00006200:  F5 F2 F7 84 03 9F 00 00 00 00 00 00 00 00 00 00  ................
00006210:  00 00 00 00 00 00 00 00 00 00 00 00 00 00 00 00  ................ [zeros]
00006220:  00 00 00 00 00 00 00 00 00 00 00 00 00 00 00 00  ................ [zeros]
00006230:  00 00 00 00 00 00 00 00 00 00 00 00 00 00 00 00  ................ [zeros]
00006240:  00 00 00 00 00 00 00 00 00 00 00 00 00 00 00 00  ................ [zeros]
00006250:  00 00 00 00 00 00 00 00 00 00 00 00 00 00 00 00  ................ [zeros]
00006260:  00 00 00 00 00 00 00 00 00 00 00 00 00 00 00 00  ................ [zeros]
00006270:  00 00 00 00 00 00 00 00 00 00 00 00 00 00 00 00  ................ [zeros]
00006280:  00 00 00 00 00 00 00 00 00 00 00 00 00 00 00 00  ................ [zeros]
00006290:  00 00 00 00 00 00 00 00 00 00 00 00 00 00 00 00  ................ [zeros]
000062A0:  00 00 00 00 00 00 00 00 00 00 00 00 00 00 00 00  ................ [zeros]
000062B0:  00 00 00 00 00 00 35 75 B9 F4 14 DA F3 3A FF 2C  ......5u.....:.,
000062C0:  14 1C DD D4 5F 84 DC 3B 02 54 93 69 CF 68 9B 51  ...._..;.T.i.h.Q
000062D0:  33 87 C8 16 0E F6 95 9D 97 37 B8 62 12 85 16 7C  3........7.b...|
000062E0:  A5 B1 68 B2 50 CA 8E 5C 99 9B 53 1A 4E 3D 9D E1  ..h.P..\..S.N=..
000062F0:  16 66 4A 9D 41 D8 00 00 00 00 00 00 00 00 00 00  .fJ.A...........
00006300:  00 00 00 00 00 00 00 00 00 00 00 00 00 00 00 00  ................ [zeros]
00006310:  00 00 00 00 00 00 00 00 00 00 00 00 00 00 00 00  ................ [zeros]
00006320:  00 00 00 00 00 00 00 00 00 00 00 00 00 00 00 00  ................ [zeros]
00006330:  00 00 00 00 00 00 00 00 00 00 00 00 00 00 00 00  ................ [zeros]
00006340:  00 00 00 00 00 00 3F 44 AF 86 AF 7B 37 16 E5 FF  ......?D...{7...
00006350:  F3 AB 0E EE E1 A6 F9 38 1C 23 9D 70 45 1C 6E 72  .......8.#.pE.nr
00006360:  25 F2 63 85 A9 0D 00 00 00 00 00 00 00 00 00 00  %.c.............
00006370:  00 00 00 00 00 00 00 00 00 00 00 00 00 00 00 00  ................ [zeros]
00006380:  00 00 00 00 00 00 00 00 00 00 00 00 00 00 00 00  ................ [zeros]
00006390:  00 00 00 00 00 00 00 00 00 00 00 00 00 00 00 00  ................ [zeros]
000063A0:  00 00 00 00 00 00 00 00 00 00 00 00 00 00 00 00  ................ [zeros]
000063B0:  00 00 00 00 00 00 00 00 00 00 00 00 00 00 00 00  ................ [zeros]
000063C0:  00 00 00 00 00 00 00 00 00 00 00 00 00 00 00 00  ................ [zeros]
000063D0:  00 00 00 00 00 00 00 00 00 00 00 00 00 00 00 00  ................ [zeros]
000063E0:  00 00 00 00 00 00 00 00 00 00 00 00 00 00 00 00  ................ [zeros]
000063F0:  00 00 00 00 00 00 00 00 00 00 00 00 00 00 00 00  ................ [zeros]
00006400:  00 00 00 00 00 00 00 00 00 00 00 00 00 00 00 00  ................ [zeros]
00006410:  00 00 00 00 00 00 BC 85 8D 0A E5 AA 42 2A 46 72  ............B*Fr
00006420:  F9 F7 70 DB 2E 55 9D 70 25 24 67 43 CF B2 3B 40  ..p..U.p%$gC..;@
00006430:  07 C5 1B 5B 75 2F 8F 27 44 FD D8 95 F5 59 8F 56  ...[u/.'D....Y.V
00006440:  3F AC 86 37 75 27 00 00 00 00 00 00 00 00 00 00  ?..7u'..........
00006450:  00 00 00 00 00 00 6B B9 E7 77 8C C7 69 A4 D4 B7  ......k..w..i...
00006460:  34 8B 64 20 FA 4D 00 00 00 00 00 00 00 00 00 00  4.d .M..........
00006470:  00 00 00 00 00 00 00 00 00 00 00 00 00 00 00 00  ................ [zeros]
00006480:  00 00 00 00 00 00 00 00 00 00 00 00 00 00 00 00  ................ [zeros]
00006490:  00 00 00 00 00 00 00 00 00 00 00 00 00 00 00 00  ................ [zeros]
000064A0:  00 00 00 00 00 00 00 00 00 00 00 00 00 00 00 00  ................ [zeros]
000064B0:  00 00 00 00 00 00 CA B1 2D BA 64 3A 8A BD E1 40  ........-.d:...@
000064C0:  E7 41 0E 0F A4 03 24 CA C8 20 1D AA 0C 63 A1 37  .A....$.. ...c.7
000064D0:  14 E7 93 DC EA 58 00 00 00 00 00 00 00 00 00 00  .....X..........
000064E0:  00 00 00 00 00 00 00 00 00 00 00 00 00 00 00 00  ................ [zeros]
000064F0:  00 00 00 00 00 00 00 00 00 00 00 00 00 00 00 00  ................ [zeros]
00006500:  00 00 00 00 00 00 00 00 00 00 00 00 00 00 00 00  ................ [zeros]
00006510:  00 00 00 00 00 00 00 00 00 00 00 00 00 00 00 00  ................ [zeros]
00006520:  00 00 00 00 00 00 00 00 00 00 00 00 00 00 00 00  ................ [zeros]
00006530:  00 00 00 00 00 00 00 00 00 00 00 00 00 00 00 00  ................ [zeros]
00006540:  00 00 00 00 00 00 00 00 00 00 00 00 00 00 00 00  ................ [zeros]
00006550:  00 00 00 00 00 00 00 00 00 00 00 00 00 00 00 00  ................ [zeros]
00006560:  00 00 00 00 00 00 00 00 00 00 00 00 00 00 00 00  ................ [zeros]
00006570:  00 00 00 00 00 00 00 00 00 00 00 00 00 00 00 00  ................ [zeros]
00006580:  00 00 00 00 00 00 80 4B 01 38 DC EC 3A BA CD 20  .......K.8..:.. 
00006590:  3E 00 A6 41 C6 2B E1 EA 37 6B 43 D1 9E 57 73 77  >..A.+..7kC..Wsw
000065A0:  01 7D 63 4C 30 A6 83 11 15 91 B9 48 21 A9 8D C9  .}cL0......H!...
000065B0:  98 8F 0E D1 3D EE AD 04 C2 11 73 5D F1 D5 37 C9  ....=.....s]..7.
000065C0:  53 9F 09 AD E9 7C 70 77 85 34 63 17 5B D4 D4 4E  S....|pw.4c.[..N
000065D0:  EB 1B 38 21 F1 2E 2B 80 5F 2E 5C DA FC 37 41 70  ..8!..+._.\..7Ap
000065E0:  BA 7D 0A BA 65 D1 F1 8D BA D0 01 B0 6E D3 7F F0  .}..e.......n...
000065F0:  86 34 A7 ED 1A C1 3E EC 06 59 7B C7 EC 1D 5B FA  .4....>..Y{...[.
00006600:  E7 2A F1 CF B2 A4 17 87 96 98 D3 26 0E E0 13 C8  .*.........&....
00006610:  D8 49 C3 3B CE 81 A8 55 D2 B3 CB B3 8C 73 E0 39  .I.;...U.....s.9
00006620:  D5 A8 DE A0 43 93 D1 E0 BB 96 80 6E 5F D0 ED 66  ....C......n_..f
00006630:  35 16 79 CA AE 1D 48 58 28 A3 39 6C 1E 57 40 C3  5.y...HX(.9l.W@.
00006640:  32 F7 63 85 79 A4 FE 7C BD 42 B4 1D 58 5A 31 72  2.c.y..|.B..XZ1r
00006650:  A8 42 20 26 84 B7 9D 66 06 9C A3 71 20 D0 4B 07  .B &...f...q .K.
00006660:  E8 B1 E6 F4 C1 8A 86 09 4C F0 B5 A0 F9 40 C3 E2  ........L....@..
00006670:  9E FA 42 50 57 3C 7D EB E5 B2 10 2F D6 A0 28 FC  ..BPW<}..../..(.
00006680:  E4 06 CF 64 C7 1F D9 9A EF 54 81 68 7A D1 D4 63  ...d.....T.hz..c
00006690:  FD 6D C5 B2 56 4D AA 77 12 A7 FF FF 21 AB B0 4E  .m..VM.w....!..N
000066A0:  10 35 6A 8D 03 29 E8 7C 82 6F F2 F2 F6 05 50 EB  .5j..).|.o....P.
000066B0:  0A 4B D7 26 31 84 CE 50 AE D3 61 6D 43 55 71 04  .K.&1..P..amCUq.
000066C0:  73 02 51 0A 76 11 AB 85 B3 23 D3 B2 3E C7 EC 99  s.Q.v....#..>...
000066D0:  F8 A1 F8 DA 6A FF 71 1E 2A 8E 3B 78 D1 83 27 BC  ....j.q.*.;x..'.
000066E0:  79 8A 50 9B 22 AA B2 A8 F5 B4 66 5F 6D E3 E7 79  y.P.".....f_m..y
000066F0:  22 9B EA 3A AD 68 00 00 00 00 00 00 00 00 00 00  "..:.h..........
00006700:  00 00 00 00 00 00 E3 8F 07 08 6F 46 23 B3 F6 E1  ..........oF#...
00006710:  1F F7 2B 7D 09 61 BC 2A 6C 92 ED 49 17 92 DD C9  ..+}.a.*l..I....
00006720:  49 F1 FB 32 35 15 4A C5 D2 23 D7 98 BD DC 90 72  I..25.J..#.....r
00006730:  10 AD 99 33 87 99 00 00 00 00 00 00 00 00 00 00  ...3............
00006740:  00 00 00 00 00 00 D1 09 5F 49 4C 38 20 4D 24 06  ........_IL8 M$.
00006750:  14 B5 CD 14 4E B4 4E 6B 34 16 41 F2 A8 61 78 91  ....N.Nk4.A..ax.
00006760:  93 1A AA 0C A6 72 AA 8A 95 01 B0 15 C1 3D E9 6E  .....r.......=.n
00006770:  94 41 A8 2D 58 EC D4 D4 EC AE 85 32 CF C1 94 0F  .A.-X......2....
00006780:  5B EB B1 5F 13 7E 29 93 FC 30 26 8E 57 63 FB AE  [.._.~)..0&.Wc..
00006790:  AA 9C 85 B7 71 F7 9B E5 CD 7F 0E 8A 74 92 C4 C0  ....q.......t...
000067A0:  6B 84 B6 18 82 E8 00 00 00 00 00 00 00 00 00 00  k...............
000067B0:  00 00 00 00 00 00 CF 08 85 F8 C9 19 66 93 FC 46  ............f..F
000067C0:  77 1D FD 7D D0 F2 71 1E 2A 8E 3B 78 D1 83 27 BC  w..}..q.*.;x..'.
000067D0:  79 8A 50 9B 22 AA B2 A8 F5 B4 66 5F 6D E3 E7 79  y.P.".....f_m..y
000067E0:  22 9B EA 3A AD 68 00 00 00 00 00 00 00 00 00 00  "..:.h..........
000067F0:  00 00 00 00 00 00 98 C1 ED AF C7 6A 0E E3 75 A8  ...........j..u.
00006800:  16 57 4F 7B 4E 4D 00 00 00 00 00 00 00 00 00 00  .WO{NM..........
00006810:  00 00 00 00 00 00 00 00 00 00 00 00 00 00 00 00  ................ [zeros]
00006820:  00 00 00 00 00 00 00 00 00 00 00 00 00 00 00 00  ................ [zeros]
00006830:  00 00 00 00 00 00 00 00 00 00 00 00 00 00 00 00  ................ [zeros]
00006840:  00 00 00 00 00 00 00 00 00 00 00 00 00 00 00 00  ................ [zeros]
00006850:  00 00 00 00 00 00 00 00 00 00 00 00 00 00 00 00  ................ [zeros]
00006860:  00 00 00 00 00 00 00 00 00 00 00 00 00 00 00 00  ................ [zeros]
00006870:  00 00 00 00 00 00 00 00 00 00 00 00 00 00 00 00  ................ [zeros]
00006880:  00 00 00 00 00 00 00 00 00 00 00 00 00 00 00 00  ................ [zeros]
00006890:  00 00 00 00 00 00 00 00 00 00 00 00 00 00 00 00  ................ [zeros]
000068A0:  00 00 00 00 00 00 00 00 00 00 00 00 00 00 00 00  ................ [zeros]
000068B0:  00 00 00 00 00 00 00 00 00 00 00 00 00 00 00 00  ................ [zeros]
000068C0:  00 00 00 00 00 00 00 00 00 00 00 00 00 00 00 00  ................ [zeros]
000068D0:  00 00 00 00 00 00 A9 FE F6 F4 15 8E B3 6F 88 63  .............o.c
000068E0:  6C 1B 36 4E D2 56 5B D2 2A 34 AB E5 5B E7 B3 9F  l.6N.V[.*4..[...
000068F0:  0D 7E 71 A9 89 4D 00 00 00 00 00 00 00 00 00 00  .~q..M..........
00006900:  00 00 00 00 00 00 17 5E 91 B4 D5 FF 3A D6 9F 4E  .......^....:..N
00006910:  7C 38 A9 31 AB AA 00 00 00 00 00 00 00 00 00 00  |8.1............
00006920:  00 00 00 00 00 00 90 E2 FC 8A D2 45 F7 91 B5 80  ...........E....
00006930:  FE 67 36 1C 9E 83 05 C4 F0 68 A2 FC 88 9B 9C 96  .g6......h......
00006940:  F6 6B 76 87 3A 66 9B 4A 61 E3 8A C2 B7 8C 84 D0  .kv.:f.Ja.......
00006950:  FB 78 2E 21 56 15 AD B8 6C 04 69 E7 7A A8 DD 65  .x.!V...l.i.z..e
00006960:  79 42 FB 9F 72 2B 7E 4D B7 B2 AC 46 94 52 B1 B1  yB..r+~M...F.R..
00006970:  6C D3 AD 80 76 D3 0A 9F 2D B7 6D C9 EF B7 68 FB  l...v...-.m...h.
00006980:  97 C3 92 DC AC AE 18 1F 5F 68 B9 74 B4 10 56 7F  ........_h.t..V.
00006990:  9C 4B 4C EF DB 0B 3C A1 55 A3 29 71 40 F7 2F C0  .KL...<.U.)q@./.
000069A0:  38 C6 13 31 0F 9E 18 D4 59 66 13 00 12 F4 25 C7  8..1....Yf....%.
000069B0:  EE 48 78 72 2B 89 F5 18 01 7C 6A 8F CC 17 50 83  .Hxr+....|j...P.
000069C0:  72 4F 4F 2F C8 DE F3 D0 F9 BA B7 7A 18 35 E0 69  rOO/.......z.5.i
000069D0:  B5 8C B6 BD E5 1B 06 86 B9 09 8F D9 7C D5 88 AC  ............|...
000069E0:  BF 80 8A AE 39 C4 D1 97 AD 6A 5E 1F 30 75 9C BD  ....9....j^.0u..
000069F0:  9B 28 AD AB 88 99 99 01 E9 2A D2 09 E1 20 66 E3  .(.......*... f.
00006A00:  84 ED 51 01 C8 CF 44 02 A0 C3 DF EF EA 24 21 38  ..Q...D......$!8
00006A10:  33 F5 42 21 07 B4 82 B5 04 DA 85 F6 2E AE 01 49  3.B!...........I
00006A20:  D8 2A F6 CB 79 14 11 DE C5 A7 9C E9 34 15 26 55  .*..y.......4.&U
00006A30:  C4 0D 68 B6 7B 43 6D 45 1E D0 61 66 DE E4 EB 67  ..h.{CmE..af...g
00006A40:  8E 31 20 AC 61 A0 00 00 00 00 00 00 00 00 00 00  .1 .a...........
00006A50:  00 00 00 00 00 00 00 00 00 00 00 00 00 00 00 00  ................ [zeros]
00006A60:  00 00 00 00 00 00 00 00 00 00 00 00 00 00 00 00  ................ [zeros]
00006A70:  00 00 00 00 00 00 D1 09 5F 49 4C 38 20 4D 24 06  ........_IL8 M$.
00006A80:  14 B5 CD 14 4E B4 00 00 00 00 00 00 00 00 00 00  ....N...........
00006A90:  00 00 00 00 00 00 00 00 00 00 00 00 00 00 00 00  ................ [zeros]
00006AA0:  00 00 00 00 00 00 CA 86 24 4B 65 3A 62 D8 C6 6D  ........$Ke:b..m
00006AB0:  23 A8 CB 62 10 98 00 00 00 00 00 00 00 00 00 00  #..b............
00006AC0:  00 00 00 00 00 00 00 00 00 00 00 00 00 00 00 00  ................ [zeros]
00006AD0:  00 00 00 00 00 00 A0 5E 64 99 DE 40 C1 F2 C4 74  .......^d..@...t
00006AE0:  35 11 F3 FA 9F 2D 00 00 00 00 00 00 00 00 00 00  5....-..........
00006AF0:  00 00 00 00 00 00 00 00 00 00 00 00 00 00 00 00  ................ [zeros]
00006B00:  00 00 00 00 00 00 00 00 00 00 00 00 00 00 00 00  ................ [zeros]
00006B10:  00 00 00 00 00 00 5D 2D D9 78 F8 EE F4 16 99 F7  ......]-.x......
00006B20:  CE FD FB 09 AB DF 00 00 00 00 00 00 00 00 00 00  ................
00006B30:  00 00 00 00 00 00 00 00 00 00 00 00 00 00 00 00  ................ [zeros]
00006B40:  00 00 00 00 00 00 6A 5D 98 29 46 73 D6 87 21 2D  ......j].)Fs..!-
00006B50:  9E BE 09 ED F6 A7 00 00 00 00 00 00 00 00 00 00  ................
00006B60:  00 00 00 00 00 00 00 00 00 00 00 00 00 00 00 00  ................ [zeros]
00006B70:  00 00 00 00 00 00 1B F4 0B C3 6B F9 72 5D 56 5E  ..........k.r]V^
00006B80:  13 C5 88 3C 36 73 00 00 00 00 00 00 00 00 00 00  ...<6s..........
00006B90:  00 00 00 00 00 00 00 00 00 00 00 00 00 00 00 00  ................ [zeros]
00006BA0:  00 00 00 00 00 00 00 00 00 00 00 00 00 00 00 00  ................ [zeros]
00006BB0:  00 00 00 00 00 00 94 F7 47 E7 B2 D4 53 6C 55 03  ........G...SlU.
00006BC0:  27 5A BA 6C 21 F4 3D 3C 6F 5E C5 14 93 EB DD BF  'Z.l!.=<o^......
00006BD0:  A0 87 34 62 CD 1D BB 23 36 45 16 36 68 D5 03 85  ..4b...#6E.6h...
00006BE0:  64 BA 0F 0C 73 0F 9F 63 75 88 5F 00 BA A4 53 0B  d...s..cu._...S.
00006BF0:  CB 30 BC 5B 23 E6 37 95 08 F4 EA 9F 16 26 5E 75  .0.[#.7......&^u
00006C00:  06 7A 70 48 AC 7B 06 25 20 3A EA EE F1 B8 1A B0  .zpH.{.% :......
00006C10:  72 D6 4C 62 71 0B 64 78 A8 47 CA 19 B5 1A 7C 72  r.Lbq.dx.G....|r
00006C20:  7E 0E F0 41 99 AE 55 45 05 2D 6D 13 59 64 8D D8  ~..A..UE.-m.Yd..
00006C30:  71 F7 54 A3 0F AB 5E 3E E4 84 EC D5 EA CB BC CC  q.T...^>........
00006C40:  DD DA 2C 11 C2 BA 8E A5 F9 47 5C A0 B5 0A FC 67  ..,......G\....g
00006C50:  EE C9 23 B2 C5 4B A3 C6 6F D7 79 13 BC FC AA B9  ..#..K..o.y.....
00006C60:  F4 90 51 FB 88 E7 F7 2A 39 6E 66 C4 2B 10 BF FF  ..Q....*9nf.+...
00006C70:  34 35 2B EC 3A 78 FF D0 2C FB A8 84 98 92 AF F0  45+.:x..,.......
00006C80:  6E 7B B1 E1 10 2D 3E 11 34 B0 32 B6 28 03 44 33  n{...->.4.2.(.D3
00006C90:  D3 79 44 0C 71 20 D5 46 6B D3 1B 5C D2 56 0E 41  .yD.q .Fk..\.V.A
00006CA0:  F9 6B F8 F1 F0 65 7A F5 F5 C7 47 0F C7 BE 03 0C  .k...ez...G.....
00006CB0:  3C 4E 60 B2 31 A6 EC 79 86 AD 9C 06 DA A8 00 3F  <N`.1..y.......?
00006CC0:  0C C8 6F 77 B0 0C 5B 42 38 6E 84 00 F3 C3 01 52  ..ow..[B8n.....R
00006CD0:  15 92 2E 3C 8C EC 5B 42 38 6E 84 00 F3 C3 01 52  ...<..[B8n.....R
00006CE0:  15 92 2E 3C 8C EC EF 88 6B 3E 62 1A AD 0D 3A 4F  ...<....k>b...:O
00006CF0:  DD 29 D2 F7 4D 64 59 DB C2 CD 40 29 69 3F A5 9B  .)..MdY...@)i?..
00006D00:  EC D1 7F 8E 9A 7A 59 DB C2 CD 40 29 69 3F A5 9B  .....zY...@)i?..
00006D10:  EC D1 7F 8E 9A 7A 59 DB C2 CD 40 29 69 3F A5 9B  .....zY...@)i?..
00006D20:  EC D1 7F 8E 9A 7A ED 3E 33 9D EB 33 69 AD 4C CE  .....z.>3..3i.L.
00006D30:  6C 05 72 7D 59 F5 F9 A3 22 42 35 DF C4 9A 22 9A  l.r}Y..."B5...".
00006D40:  60 A0 5E A1 3B 7E C9 5F 91 15 8A 74 66 D8 C5 D4  `.^.;~._...tf...
00006D50:  D6 87 46 97 CD 24 F8 FB 89 EC A8 92 51 B9 7B 24  ..F..$......Q.{$
00006D60:  61 B9 D0 F2 64 37 54 29 AE AB CF 7B 77 78 E5 68  a...d7T)...{wx.h
00006D70:  86 9F DB C0 09 25 8B B1 81 78 B5 EE 7A 62 9F 33  .....%...x..zb.3
00006D80:  1E 3C 72 17 B2 85 C6 EE 93 7C D0 7A 78 D5 54 55  .<r......|.zx.TU
00006D90:  B2 99 C2 59 A9 F7 AE 09 73 00 89 54 57 5A FC 2B  ...Y....s..TWZ.+
00006DA0:  CD 69 A9 E5 0D E1 AE 09 73 00 89 54 57 5A FC 2B  .i......s..TWZ.+
00006DB0:  CD 69 A9 E5 0D E1 08 EE C6 C0 78 17 80 DD ED 96  .i........x.....
00006DC0:  3F E6 AC 03 18 9C 25 E5 E7 B8 6B 19 8A 83 19 00  ?.....%...k.....
00006DD0:  B2 A8 40 3C 00 21 70 1D 06 FD FC BA 51 D9 B2 B8  ..@<.!p.....Q...
00006DE0:  EB 0C 69 4E E9 47 56 9C BF 93 2E 7A EC 99 1A 68  ..iN.GV....z...h
00006DF0:  29 D7 CD 7F 6A 35 C8 8C 6C 69 81 CB 1C 69 0E 85  )...j5..li...i..
00006E00:  84 C6 12 35 1B 63 88 C0 5F 0D BB 36 70 F3 0D 77  ...5.c.._..6p..w
00006E10:  02 81 5A BB 74 BA 13 BD 36 0A 87 37 4D DF 66 0E  ..Z.t...6..7M.f.
00006E20:  4B 7B D7 4D 45 5F 30 B6 B1 94 49 CD B3 EB BD 4D  K{.ME_0...I....M
00006E30:  BD 57 82 5C 6F 5A 1F 0D 4E 58 4C C3 6C C7 7F 07  .W.\oZ..NXL.l...
00006E40:  3B 7E 8B C2 59 D0 AC 9E B3 5A AB EF 9F B6 C0 DC  ;~..Y....Z......
00006E50:  21 3F CB 3D A2 C2 25 E5 E7 B8 6B 19 8A 83 19 00  !?.=..%...k.....
00006E60:  B2 A8 40 3C 00 21 70 1D 06 FD FC BA 51 D9 B2 B8  ..@<.!p.....Q...
00006E70:  EB 0C 69 4E E9 47 56 9C BF 93 2E 7A EC 99 1A 68  ..iN.GV....z...h
00006E80:  29 D7 CD 7F 6A 35 C8 8C 6C 69 81 CB 1C 69 0E 85  )...j5..li...i..
00006E90:  84 C6 12 35 1B 63 88 C0 5F 0D BB 36 70 F3 0D 77  ...5.c.._..6p..w
00006EA0:  02 81 5A BB 74 BA 13 BD 36 0A 87 37 4D DF 66 0E  ..Z.t...6..7M.f.
00006EB0:  4B 7B D7 4D 45 5F A2 9B B2 B4 68 82 48 BD 2D 44  K{.ME_....h.H.-D
00006EC0:  8C CD BB 2F 2D 6C 61 BD 6E 3C DD F6 35 AC CC BB  .../-la.n<..5...
00006ED0:  FC 7A 63 1A 04 DD 24 74 83 73 7F 60 1D 7B ED 4B  .zc...$t.s.`.{.K
00006EE0:  99 5D DA B3 4A 74 3B 81 AD 2A 06 A9 48 2F 34 F5  .]..Jt;..*..H/4.
00006EF0:  3F D5 58 6D C3 FD CE 15 FB 30 1A 73 7A B3 72 66  ?.Xm.....0.sz.rf
00006F00:  76 3E 21 EE C6 5B 00 00 00 00 00 00 00 00 00 00  v>!..[..........
00006F10:  00 00 00 00 00 00 00 00 00 00 00 00 00 00 00 00  ................ [zeros]
00006F20:  00 00 00 00 00 00 00 00 00 00 00 00 00 00 00 00  ................ [zeros]
00006F30:  00 00 00 00 00 00 00 00 00 00 00 00 00 00 00 00  ................ [zeros]
00006F40:  00 00 00 00 00 00 00 00 00 00 00 00 00 00 00 00  ................ [zeros]
00006F50:  00 00 00 00 00 00 78 35 C6 86 CC AC 4A ED 86 4F  ......x5....J..O
00006F60:  4B 46 EE 6D 2F 0C E7 86 AB DD 39 E5 BA 5B 00 2F  KF.m/.....9..[./
00006F70:  C0 81 7A CF EC A6 EC 16 55 44 6B E6 28 24 01 2C  ..z.....UDk.($.,
00006F80:  13 59 9C E4 04 68 F1 4D A1 42 50 AA 2C 3E 79 A2  .Y...h.M.BP.,>y.
00006F90:  83 F7 50 E1 60 BE 00 00 00 00 00 00 00 00 00 00  ..P.`...........
00006FA0:  00 00 00 00 00 00 00 00 00 00 00 00 00 00 00 00  ................ [zeros]
00006FB0:  00 00 00 00 00 00 00 00 00 00 00 00 00 00 00 00  ................ [zeros]
00006FC0:  00 00 00 00 00 00 00 00 00 00 00 00 00 00 00 00  ................ [zeros]
00006FD0:  00 00 00 00 00 00 00 00 00 00 00 00 00 00 00 00  ................ [zeros]
00006FE0:  00 00 00 00 00 00 00 00 00 00 00 00 00 00 00 00  ................ [zeros]
00006FF0:  00 00 00 00 00 00 00 00 00 00 00 00 00 00 00 00  ................ [zeros]
00007000:  00 00 00 00 00 00 00 00 00 00 00 00 00 00 00 00  ................ [zeros]
00007010:  00 00 00 00 00 00 00 00 00 00 00 00 00 00 00 00  ................ [zeros]
00007020:  00 00 00 00 00 00 00 00 00 00 00 00 00 00 00 00  ................ [zeros]
00007030:  00 00 00 00 00 00 00 00 00 00 00 00 00 00 00 00  ................ [zeros]
00007040:  00 00 00 00 00 00 37 05 80 1B 8A 77 04 7B 70 4A  ......7....w.{pJ
00007050:  FD 8E 4B 50 D7 6D BF 39 23 79 56 0D E9 56 B9 ED  ..KP.m.9#yV..V..
00007060:  E7 A8 14 77 FC ED 09 2C 0C 20 BC 82 17 85 EA F4  ...w...,. ......
00007070:  95 2D B2 FB D8 A4 00 00 00 00 00 00 00 00 00 00  .-..............
00007080:  00 00 00 00 00 00 7C A7 56 E1 11 F0 B3 36 12 D0  ......|.V....6..
00007090:  87 64 AC B9 04 93 00 00 00 00 00 00 00 00 00 00  .d..............
000070A0:  00 00 00 00 00 00 00 00 00 00 00 00 00 00 00 00  ................ [zeros]
000070B0:  00 00 00 00 00 00 00 00 00 00 00 00 00 00 00 00  ................ [zeros]
000070C0:  00 00 00 00 00 00 00 00 00 00 00 00 00 00 00 00  ................ [zeros]
000070D0:  00 00 00 00 00 00 00 00 00 00 00 00 00 00 00 00  ................ [zeros]
000070E0:  00 00 00 00 00 00 01 9C C6 D4 2B 6A EE 54 C8 BD  ..........+j.T..
000070F0:  21 AD 1E AA 83 5C 00 00 00 00 00 00 00 00 00 00  !....\..........
00007100:  00 00 00 00 00 00 00 00 00 00 00 00 00 00 00 00  ................ [zeros]
00007110:  00 00 00 00 00 00 00 00 00 00 00 00 00 00 00 00  ................ [zeros]
00007120:  00 00 00 00 00 00 00 00 00 00 00 00 00 00 00 00  ................ [zeros]
00007130:  00 00 00 00 00 00 00 00 00 00 00 00 00 00 00 00  ................ [zeros]
00007140:  00 00 00 00 00 00 00 00 00 00 00 00 00 00 00 00  ................ [zeros]
00007150:  00 00 00 00 00 00 00 00 00 00 00 00 00 00 00 00  ................ [zeros]
00007160:  00 00 00 00 00 00 00 00 00 00 00 00 00 00 00 00  ................ [zeros]
00007170:  00 00 00 00 00 00 00 00 00 00 00 00 00 00 00 00  ................ [zeros]
00007180:  00 00 00 00 00 00 00 00 00 00 00 00 00 00 00 00  ................ [zeros]
00007190:  00 00 00 00 00 00 00 00 00 00 00 00 00 00 00 00  ................ [zeros]
000071A0:  00 00 00 00 00 00 00 00 00 00 00 00 00 00 00 00  ................ [zeros]
000071B0:  00 00 00 00 00 00 AA 6C AB 18 A2 4E C8 5B E3 0E  .......l...N.[..
000071C0:  1D DB 88 0A 76 7E 4F 98 A8 88 45 72 21 82 AF BE  ....v~O...Er!...
000071D0:  DB 3F 7B E3 C0 52 12 61 C2 9B F5 7F 70 C2 C1 CA  .?{..R.a....p...
000071E0:  FA 77 6A 0E 18 58 AA 95 C7 EC 87 A4 0B 39 F5 90  .wj..X.......9..
000071F0:  B0 80 86 B0 4D F4 00 00 00 00 00 00 00 00 00 00  ....M...........
00007200:  00 00 00 00 00 00 00 00 00 00 00 00 00 00 00 00  ................ [zeros]
00007210:  00 00 00 00 00 00 00 00 00 00 00 00 00 00 00 00  ................ [zeros]
00007220:  00 00 00 00 00 00 00 00 00 00 00 00 00 00 00 00  ................ [zeros]
00007230:  00 00 00 00 00 00 00 00 00 00 00 00 00 00 00 00  ................ [zeros]
00007240:  00 00 00 00 00 00 F1 9B D1 AC 74 93 DD 4E 61 25  ..........t..Na%
00007250:  1B 04 3A 0E 46 C8 23 94 8B 89 6B AB 27 D9 5A 64  ..:.F.#...k.'.Zd
00007260:  D7 1D 9C 3C 8C 28 00 00 00 00 00 00 00 00 00 00  ...<.(..........
00007270:  00 00 00 00 00 00 00 00 00 00 00 00 00 00 00 00  ................ [zeros]
00007280:  00 00 00 00 00 00 00 00 00 00 00 00 00 00 00 00  ................ [zeros]
00007290:  00 00 00 00 00 00 00 00 00 00 00 00 00 00 00 00  ................ [zeros]
000072A0:  00 00 00 00 00 00 00 00 00 00 00 00 00 00 00 00  ................ [zeros]
000072B0:  00 00 00 00 00 00 00 00 00 00 00 00 00 00 00 00  ................ [zeros]
000072C0:  00 00 00 00 00 00 00 00 00 00 00 00 00 00 00 00  ................ [zeros]
000072D0:  00 00 00 00 00 00 00 00 00 00 00 00 00 00 00 00  ................ [zeros]
000072E0:  00 00 00 00 00 00 00 00 00 00 00 00 00 00 00 00  ................ [zeros]
000072F0:  00 00 00 00 00 00 00 00 00 00 00 00 00 00 00 00  ................ [zeros]
00007300:  00 00 00 00 00 00 00 00 00 00 00 00 00 00 00 00  ................ [zeros]
00007310:  00 00 00 00 00 00 31 58 53 00 2F 66 7F 2A 8F 9D  ......1XS./f.*..
00007320:  C6 14 3C EC D8 10 95 98 B9 86 42 49 6F 93 52 5A  ..<.......BIo.RZ
00007330:  C6 CB B8 C0 F9 33 4A 1E D9 AD 63 FE 11 41 7D 1B  .....3J...c..A}.
00007340:  B2 20 5C E3 1B 1F 96 AB A1 33 AC D8 2F 50 7D AD  . \......3../P}.
00007350:  E1 0F F4 20 C7 13 67 C0 97 34 64 67 C6 73 30 40  ... ..g..4dg.s0@
00007360:  13 96 A0 BB F5 3A 09 B6 F2 6E 7C 4F DD 14 DB 9F  .....:...n|O....
00007370:  12 9E C1 24 8D 3A EA 3E 2F 34 B7 05 60 83 6F 31  ...$.:.>/4..`.o1
00007380:  AD 86 3D 92 B6 F8 9B E3 74 31 E8 14 1A 02 82 2E  ..=.....t1......
00007390:  03 A4 D0 38 CC 99 22 A3 B2 30 EA 47 FD 2F 0C 96  ...8.."..0.G./..
000073A0:  8A 5A 77 46 CA 66 C6 28 A9 48 59 05 82 2C BD 3E  .ZwF.f.(.HY..,.>
000073B0:  AF 27 E3 BD C4 A0 D9 9A EF 54 81 68 7A D1 D4 63  .'.......T.hz..c
000073C0:  FD 6D C5 B2 56 4D D9 AC E6 14 E6 C0 F2 F8 B9 24  .m..VM.........$
000073D0:  F7 99 39 63 E3 EC 99 6B 0F 50 23 BC 8A 91 E4 B5  ..9c...k.P#.....
000073E0:  E4 7F 02 AC BB B1 F4 E1 76 84 D3 72 52 8C B6 48  ........v..rR..H
000073F0:  8B 8F 0E 90 DF 0B C9 77 F2 72 51 7A CC 68 B7 07  .......w.rQz.h..
00007400:  29 33 31 C0 07 3C 8B 0B C4 D5 DA FB 7C 3E 4A DC  )31..<......|>J.
00007410:  84 3C 7C 11 73 8A 78 1D 80 74 8C 90 87 B1 F7 5C  .<|.s.x..t.....\
00007420:  5D 3B 19 3D CB 6A EB 95 0D 2C 69 75 70 AF 08 02  ];.=.j...,iup...
00007430:  05 96 B9 EE 4E 1D 3E EC 06 59 7B C7 EC 1D 5B FA  ....N.>..Y{...[.
00007440:  E7 2A F1 CF B2 A4 55 98 6F 7C E5 E2 5E B0 4F 16  .*....U.o|..^.O.
00007450:  51 50 A7 89 14 A6 8A E1 3D 77 8B D0 55 35 B6 09  QP......=w..U5..
00007460:  4B 22 56 2A 67 67 9B E5 CD 7F 0E 8A 74 92 C4 C0  K"V*gg......t...
00007470:  6B 84 B6 18 82 E8 00 00 00 00 00 00 00 00 00 00  k...............
00007480:  00 00 00 00 00 00 CF 08 85 F8 C9 19 66 93 FC 46  ............f..F
00007490:  77 1D FD 7D D0 F2 71 1E 2A 8E 3B 78 D1 83 27 BC  w..}..q.*.;x..'.
000074A0:  79 8A 50 9B 22 AA B2 A8 F5 B4 66 5F 6D E3 E7 79  y.P.".....f_m..y
000074B0:  22 9B EA 3A AD 68 00 00 00 00 00 00 00 00 00 00  "..:.h..........
000074C0:  00 00 00 00 00 00 E3 8F 07 08 6F 46 23 B3 F6 E1  ..........oF#...
000074D0:  1F F7 2B 7D 09 61 BC 2A 6C 92 ED 49 17 92 DD C9  ..+}.a.*l..I....
000074E0:  49 F1 FB 32 35 15 DD 4E A2 CA 00 53 9F 16 67 7F  I..25..N...S..g.
000074F0:  F9 DF C3 3A 53 C2 91 64 1D 4D 0A AF 14 D0 C5 52  ...:S..d.M.....R
00007500:  0F 58 A8 83 98 58 1B F4 0B C3 6B F9 72 5D 56 5E  .X...X....k.r]V^
00007510:  13 C5 88 3C 36 73 00 00 00 00 00 00 00 00 00 00  ...<6s..........
00007520:  00 00 00 00 00 00 AA 8A 95 01 B0 15 C1 3D E9 6E  .............=.n
00007530:  94 41 A8 2D 58 EC D4 D4 EC AE 85 32 CF C1 94 0F  .A.-X......2....
00007540:  5B EB B1 5F 13 7E 29 93 FC 30 26 8E 57 63 FB AE  [.._.~)..0&.Wc..
00007550:  AA 9C 85 B7 71 F7 9B E5 CD 7F 0E 8A 74 92 C4 C0  ....q.......t...
00007560:  6B 84 B6 18 82 E8 00 00 00 00 00 00 00 00 00 00  k...............
00007570:  00 00 00 00 00 00 CF 08 85 F8 C9 19 66 93 FC 46  ............f..F
00007580:  77 1D FD 7D D0 F2 AE 29 41 F4 BB 29 0C 86 2B 71  w..}...)A..)..+q
00007590:  82 57 1B EF 03 D0 00 00 00 00 00 00 00 00 00 00  .W..............
000075A0:  00 00 00 00 00 00 00 00 00 00 00 00 00 00 00 00  ................ [zeros]
000075B0:  00 00 00 00 00 00 00 00 00 00 00 00 00 00 00 00  ................ [zeros]
000075C0:  00 00 00 00 00 00 00 00 00 00 00 00 00 00 00 00  ................ [zeros]
000075D0:  00 00 00 00 00 00 00 00 00 00 00 00 00 00 00 00  ................ [zeros]
000075E0:  00 00 00 00 00 00 00 00 00 00 00 00 00 00 00 00  ................ [zeros]
000075F0:  00 00 00 00 00 00 00 00 00 00 00 00 00 00 00 00  ................ [zeros]
00007600:  00 00 00 00 00 00 00 00 00 00 00 00 00 00 00 00  ................ [zeros]
00007610:  00 00 00 00 00 00 00 00 00 00 00 00 00 00 00 00  ................ [zeros]
00007620:  00 00 00 00 00 00 00 00 00 00 00 00 00 00 00 00  ................ [zeros]
00007630:  00 00 00 00 00 00 00 00 00 00 00 00 00 00 00 00  ................ [zeros]
00007640:  00 00 00 00 00 00 00 00 00 00 00 00 00 00 00 00  ................ [zeros]
00007650:  00 00 00 00 00 00 00 00 00 00 00 00 00 00 00 00  ................ [zeros]
00007660:  00 00 00 00 00 00 83 38 4B CF A1 B5 D7 95 E5 A1  .......8K.......
00007670:  BB 46 6A 0B 03 1D 1F C3 4A 86 8A FC F2 6C 1E 61  .Fj.....J....l.a
00007680:  A5 E9 AB 89 45 7C 98 C1 ED AF C7 6A 0E E3 75 A8  ....E|.....j..u.
00007690:  16 57 4F 7B 4E 4D 00 00 00 00 00 00 00 00 00 00  .WO{NM..........
000076A0:  00 00 00 00 00 00 8C 24 72 64 E8 84 34 BE FD C9  .......$rd..4...
000076B0:  99 DA 06 AD 58 96 EE 86 FA 40 B7 E9 E5 9A 52 D8  ....X....@....R.
000076C0:  E4 AC 71 CB 46 14 47 12 15 7F 04 62 F2 7D 0E B6  ..q.F.G....b.}..
000076D0:  D5 FF 88 74 B9 E7 7E D2 A4 E7 8D 6B 6E AF 19 30  ...t..~....kn..0
000076E0:  8F 80 E3 A3 94 C9 C0 BB D7 8B D0 03 A9 D9 8A 4C  ...............L
000076F0:  4E 3E 45 14 CE F1 34 DD 37 F2 98 B4 77 AB DE 9B  N>E...4.7...w...
00007700:  75 7F BE 06 54 59 88 04 64 89 86 3D 70 93 5E 30  u...TY..d..=p.^0
00007710:  36 71 70 2A C9 DB 3D 41 D7 70 05 C1 83 52 01 14  6qp*..=A.p...R..
00007720:  95 2E 19 16 A7 C9 96 03 C3 34 C5 30 60 5E 17 14  .........4.0`^..
00007730:  FD CB A6 1E AF A8 60 04 A9 21 97 DF 40 B1 66 66  ......`..!..@.ff
00007740:  78 4B F2 24 9F 6C E4 A9 38 41 72 9B 41 27 07 D2  xK.$.l..8Ar.A'..
00007750:  D7 CC E7 B0 F1 2E 1C 11 23 D1 3C D2 29 44 B0 D8  ........#.<.)D..
00007760:  7F F8 34 74 58 BC 92 18 A0 F4 40 9D 7F 23 2E 21  ..4tX.....@..#.!
00007770:  9E 41 AC D6 90 6E FC 3E EB 94 63 70 8C 38 EC 12  .A...n.>..cp.8..
00007780:  68 AF 0A 26 48 78 68 57 46 1A 4F 17 0E CF 0E 52  h..&HxhWF.O....R
00007790:  FA AC 32 9B A0 71 55 74 17 2E BD B7 09 67 87 61  ..2..qUt.....g.a
000077A0:  53 7B 3B BD 64 F4 DF 39 C0 02 CE B9 00 FF 47 80  S{;.d..9......G.
000077B0:  94 37 0E FD 2F 64 10 FC F7 C4 9B 92 8A D2 DC 99  .7../d..........
000077C0:  E2 05 05 B0 F4 83 05 6A 06 7B 43 13 B2 0A 59 BC  .......j.{C...Y.
000077D0:  97 C2 8E 26 0B 92 15 9A 70 8D F5 64 37 2C 00 A6  ...&....p..d7,..
000077E0:  89 31 69 F8 33 81 00 00 00 00 00 00 00 00 00 00  .1i.3...........
000077F0:  00 00 00 00 00 00 00 00 00 00 00 00 00 00 00 00  ................ [zeros]
00007800:  00 00 00 00 00 00 BC 2A 6C 92 ED 49 17 92 DD C9  .......*l..I....
00007810:  49 F1 FB 32 35 15 00 00 00 00 00 00 00 00 00 00  I..25...........
00007820:  00 00 00 00 00 00 00 00 00 00 00 00 00 00 00 00  ................ [zeros]
00007830:  00 00 00 00 00 00 4A C5 D2 23 D7 98 BD DC 90 72  ......J..#.....r
00007840:  10 AD 99 33 87 99 00 00 00 00 00 00 00 00 00 00  ...3............
00007850:  00 00 00 00 00 00 00 00 00 00 00 00 00 00 00 00  ................ [zeros]
00007860:  00 00 00 00 00 00 00 00 00 00 00 00 00 00 00 00  ................ [zeros]
00007870:  00 00 00 00 00 00 D1 09 5F 49 4C 38 20 4D 24 06  ........_IL8 M$.
00007880:  14 B5 CD 14 4E B4 00 00 00 00 00 00 00 00 00 00  ....N...........
00007890:  00 00 00 00 00 00 00 00 00 00 00 00 00 00 00 00  ................ [zeros]
000078A0:  00 00 00 00 00 00 CA 86 24 4B 65 3A 62 D8 C6 6D  ........$Ke:b..m
000078B0:  23 A8 CB 62 10 98 00 00 00 00 00 00 00 00 00 00  #..b............
000078C0:  00 00 00 00 00 00 00 00 00 00 00 00 00 00 00 00  ................ [zeros]
000078D0:  00 00 00 00 00 00 A0 5E 64 99 DE 40 C1 F2 C4 74  .......^d..@...t
000078E0:  35 11 F3 FA 9F 2D 00 00 00 00 00 00 00 00 00 00  5....-..........
000078F0:  00 00 00 00 00 00 00 00 00 00 00 00 00 00 00 00  ................ [zeros]
00007900:  00 00 00 00 00 00 00 00 00 00 00 00 00 00 00 00  ................ [zeros]
00007910:  00 00 00 00 00 00 5D 2D D9 78 F8 EE F4 16 99 F7  ......]-.x......
00007920:  CE FD FB 09 AB DF 00 00 00 00 00 00 00 00 00 00  ................
00007930:  00 00 00 00 00 00 00 00 00 00 00 00 00 00 00 00  ................ [zeros]
00007940:  00 00 00 00 00 00 CE B5 E9 A6 52 BE 37 57 76 16  ..........R.7Wv.
00007950:  94 20 83 9D 3B BE 29 9A 16 C5 C1 7E 96 16 B8 99  . ..;.)....~....
00007960:  AE DC 87 86 4D FD B8 79 7D 8C 2A C6 A5 94 7B 14  ....M..y}.*...{.
00007970:  7A 40 D9 2F D3 44 3C 86 A7 E7 23 8C 31 A1 8F 12  z@./.D<...#.1...
00007980:  46 33 DE D0 A0 DE D8 99 15 1A 3F E2 8B 1F CA E9  F3........?.....
00007990:  50 F2 C3 F7 4D 3E 2C BC C1 6A 23 80 4D FF 0B 04  P...M>,..j#.M...
000079A0:  07 5E 83 8E D2 5E 7A 4F C3 D5 0F 44 D4 D0 F0 4B  .^...^zO...D...K
000079B0:  AE D4 CE 81 D3 D2 35 2C CA AC A2 B2 3B 91 A2 9F  ......5,....;...
000079C0:  74 3A A9 CB ED B3 FF AC 6A B7 65 F3 41 FE DA 98  t:......j.e.A...
000079D0:  9C D1 3E 3D F0 9C 73 C6 EC 40 3D 69 E9 F7 03 60  ..>=..s..@=i...`
000079E0:  C2 A2 C0 ED 8F 50 B0 17 4E 58 B5 1F 4C 2E 1D 69  .....P..NX..L..i
000079F0:  05 0C 4D 1E 81 63 71 A1 58 C2 2C 4C BE 2C 7D 5E  ..M..cq.X.,L.,}^
00007A00:  A4 09 1C 7E 4F 6F 96 18 DD F2 C0 F5 15 B6 55 F7  ...~Oo........U.
00007A10:  4C E1 A5 D8 10 CE FF D0 2C FB A8 84 98 92 AF F0  L.......,.......
00007A20:  6E 7B B1 E1 10 2D 3E 11 34 B0 32 B6 28 03 44 33  n{...->.4.2.(.D3
00007A30:  D3 79 44 0C 71 20 D5 46 6B D3 1B 5C D2 56 0E 41  .yD.q .Fk..\.V.A
00007A40:  F9 6B F8 F1 F0 65 97 3C 50 CE EA 9B 91 CE FC 68  .k...e.<P......h
00007A50:  EA 03 08 DA DF 51 18 8F 5D F0 00 98 04 10 6D 21  .....Q..].....m!
00007A60:  A5 BC 21 D4 80 0C 18 8F 5D F0 00 98 04 10 6D 21  ..!.....].....m!
00007A70:  A5 BC 21 D4 80 0C 18 8F 5D F0 00 98 04 10 6D 21  ..!.....].....m!
00007A80:  A5 BC 21 D4 80 0C AF A4 5A 28 08 9A 9C 67 41 55  ..!.....Z(...gAU
00007A90:  41 26 C4 11 F6 68 76 49 EB DC E1 C5 F7 B2 80 88  A&...hvI........
00007AA0:  39 19 CE EF 0B 06 76 49 EB DC E1 C5 F7 B2 80 88  9.....vI........
00007AB0:  39 19 CE EF 0B 06 4B E2 E0 C0 AB 7A 20 91 DE 61  9.....K....z ..a
00007AC0:  11 5A 08 3A 56 CC C9 5F 91 15 8A 74 66 D8 C5 D4  .Z.:V.._...tf...
00007AD0:  D6 87 46 97 CD 24 F8 FB 89 EC A8 92 51 B9 7B 24  ..F..$......Q.{$
00007AE0:  61 B9 D0 F2 64 37 54 29 AE AB CF 7B 77 78 E5 68  a...d7T)...{wx.h
00007AF0:  86 9F DB C0 09 25 08 08 0F 6D 2C E9 CD 0D 6A F4  .....%...m,...j.
00007B00:  7B 18 1A C0 D6 DB 5E FB 3A 9D 75 9F 54 AC 2F 1C  {.....^.:.u.T./.
00007B10:  01 81 3C 94 F7 EC 75 D6 5B 84 F5 79 91 D0 D3 46  ..<...u.[..y...F
00007B20:  15 7E AE 33 2F F8 EB A3 77 F7 97 E9 65 27 ED 16  .~.3/...w...e'..
00007B30:  E4 98 97 71 83 7E EB A3 77 F7 97 E9 65 27 ED 16  ...q.~..w...e'..
00007B40:  E4 98 97 71 83 7E EB A3 77 F7 97 E9 65 27 ED 16  ...q.~..w...e'..
00007B50:  E4 98 97 71 83 7E 95 FF 8B C1 41 2F 0D 6D 03 D9  ...q.~....A/.m..
00007B60:  39 50 CA D4 A3 C9 5D 38 11 2B 55 E3 A9 57 F4 ED  9P....]8.+U..W..
00007B70:  18 A6 42 EC AC 9D 15 AA F6 8A 9F 54 35 72 CA 01  ..B........T5r..
00007B80:  83 EF 5A B9 12 98 6B 04 B4 C3 9C 14 48 23 F4 93  ..Z...k.....H#..
00007B90:  F7 15 B1 A1 D2 D4 15 76 47 DB B8 57 8B F8 4D 36  .......vG..W..M6
00007BA0:  BD 35 13 30 31 A3 E2 DD 17 FC F4 E5 7A 6D D5 3A  .5.01.......zm.:
00007BB0:  36 AE CE D0 C7 93 63 40 C2 F5 32 72 55 9E 56 93  6.....c@..2rU.V.
00007BC0:  DC DA DF B0 7E 26 1D 5E 87 6F 1C CE E2 E4 C4 0D  ....~&.^.o......
00007BD0:  9C 45 C3 5B 33 BB 65 9F 3D F7 94 C0 60 29 35 8D  .E.[3.e.=...`)5.
00007BE0:  B3 0C FD D2 F6 48 07 7E D2 07 00 C2 38 C7 B6 71  .....H.~....8..q
00007BF0:  67 4B 99 33 3C EC 5D 38 11 2B 55 E3 A9 57 F4 ED  gK.3<.]8.+U..W..
00007C00:  18 A6 42 EC AC 9D 15 AA F6 8A 9F 54 35 72 CA 01  ..B........T5r..
00007C10:  83 EF 5A B9 12 98 6B 04 B4 C3 9C 14 48 23 F4 93  ..Z...k.....H#..
00007C20:  F7 15 B1 A1 D2 D4 15 76 47 DB B8 57 8B F8 4D 36  .......vG..W..M6
00007C30:  BD 35 13 30 31 A3 E2 DD 17 FC F4 E5 7A 6D D5 3A  .5.01.......zm.:
00007C40:  36 AE CE D0 C7 93 A1 2E 8D 23 50 B3 C7 6D 55 28  6........#P..mU(
00007C50:  40 69 BB B3 DF CD 41 17 A0 8C 19 FC 6D E9 32 83  @i....A.....m.2.
00007C60:  BB CD F6 18 E1 44 C6 C4 ED F4 8F 31 43 8E D7 CB  .....D.....1C...
00007C70:  8B C5 6F BD 07 59 E4 9F 73 00 30 9F CA 38 96 B2  ..o..Y..s.0..8..
00007C80:  60 8C B4 96 4C C3 11 9B A6 33 29 27 93 BB AA A9  `...L....3)'....
00007C90:  2B A2 15 60 14 A6 5F 60 E2 B5 4C CD CC 17 60 1F  +..`.._`..L...`.
00007CA0:  16 EE 8D 06 3D 12 34 51 35 0B C1 5F 55 6F 98 B1  ....=.4Q5.._Uo..

; --- structure summary (block types) ---
; 0x00000060..+0xD0  data   (208 bytes)
; 0x00000130..+0x40  zeros  (64 bytes)
; 0x00000170..+0x220  data   (544 bytes)
; 0x00000390..+0x170  zeros  (368 bytes)
; 0x00000500..+0x560  data   (1376 bytes)
; 0x00000A60..+0x3F0  zeros  (1008 bytes)
; 0x00000E50..+0x20  data   (32 bytes)
; 0x00000E70..+0x3E0  zeros  (992 bytes)
; 0x00001250..+0x20  data   (32 bytes)
; 0x00001270..+0x3E0  zeros  (992 bytes)
; 0x00001650..+0x20  data   (32 bytes)
; 0x00001670..+0x3E0  zeros  (992 bytes)
; 0x00001A50..+0x2570  data   (9584 bytes)
; 0x00003FC0..+0x10  zeros  (16 bytes)
; 0x00003FD0..+0x40  data   (64 bytes)
; 0x00004010..+0x70  zeros  (112 bytes)
; 0x00004080..+0x50  data   (80 bytes)
; 0x000040D0..+0x30  zeros  (48 bytes)
; 0x00004100..+0xA0  data   (160 bytes)
; 0x000041A0..+0xA0  zeros  (160 bytes)
; 0x00004240..+0x40  data   (64 bytes)
; 0x00004280..+0x290  zeros  (656 bytes)
; 0x00004510..+0xF0  data   (240 bytes)
; 0x00004600..+0x5F0  zeros  (1520 bytes)
; 0x00004BF0..+0x130  data   (304 bytes)
; 0x00004D20..+0xF0  zeros  (240 bytes)
; 0x00004E10..+0x220  data   (544 bytes)
; 0x00005030..+0x30  zeros  (48 bytes)
; 0x00005060..+0xA0  data   (160 bytes)
; 0x00005100..+0xB0  zeros  (176 bytes)
; 0x000051B0..+0x190  data   (400 bytes)
; 0x00005340..+0xB0  zeros  (176 bytes)
; 0x000053F0..+0x290  data   (656 bytes)
; 0x00005680..+0x40  zeros  (64 bytes)
; 0x000056C0..+0x140  data   (320 bytes)
; 0x00005800..+0x60  zeros  (96 bytes)
; 0x00005860..+0x1C0  data   (448 bytes)
; 0x00005A20..+0x50  zeros  (80 bytes)
; 0x00005A70..+0x100  data   (256 bytes)
; 0x00005B70..+0xC0  zeros  (192 bytes)
; 0x00005C30..+0x20  data   (32 bytes)
; 0x00005C50..+0x10  zeros  (16 bytes)
; 0x00005C60..+0x220  data   (544 bytes)
; 0x00005E80..+0xD0  zeros  (208 bytes)
; 0x00005F50..+0x230  data   (560 bytes)
; 0x00006180..+0x30  zeros  (48 bytes)
; 0x000061B0..+0x60  data   (96 bytes)
; 0x00006210..+0xA0  zeros  (160 bytes)
; 0x000062B0..+0x50  data   (80 bytes)
; 0x00006300..+0x40  zeros  (64 bytes)
; 0x00006340..+0x30  data   (48 bytes)
; 0x00006370..+0xA0  zeros  (160 bytes)
; 0x00006410..+0x60  data   (96 bytes)
; 0x00006470..+0x40  zeros  (64 bytes)
; 0x000064B0..+0x30  data   (48 bytes)
; 0x000064E0..+0xA0  zeros  (160 bytes)
; 0x00006580..+0x290  data   (656 bytes)
; 0x00006810..+0xC0  zeros  (192 bytes)
; 0x000068D0..+0x180  data   (384 bytes)
; 0x00006A50..+0x20  zeros  (32 bytes)
; 0x00006A70..+0x20  data   (32 bytes)
; 0x00006A90..+0x10  zeros  (16 bytes)
; 0x00006AA0..+0x20  data   (32 bytes)
; 0x00006AC0..+0x10  zeros  (16 bytes)
; 0x00006AD0..+0x20  data   (32 bytes)
; 0x00006AF0..+0x20  zeros  (32 bytes)
; 0x00006B10..+0x20  data   (32 bytes)
; 0x00006B30..+0x10  zeros  (16 bytes)
; 0x00006B40..+0x20  data   (32 bytes)
; 0x00006B60..+0x10  zeros  (16 bytes)
; 0x00006B70..+0x20  data   (32 bytes)
; 0x00006B90..+0x20  zeros  (32 bytes)
; 0x00006BB0..+0x360  data   (864 bytes)
; 0x00006F10..+0x40  zeros  (64 bytes)
; 0x00006F50..+0x50  data   (80 bytes)
; 0x00006FA0..+0xA0  zeros  (160 bytes)
; 0x00007040..+0x60  data   (96 bytes)
; 0x000070A0..+0x40  zeros  (64 bytes)
; 0x000070E0..+0x20  data   (32 bytes)
; 0x00007100..+0xB0  zeros  (176 bytes)
; 0x000071B0..+0x50  data   (80 bytes)
; 0x00007200..+0x40  zeros  (64 bytes)
; 0x00007240..+0x30  data   (48 bytes)
; 0x00007270..+0xA0  zeros  (160 bytes)
; 0x00007310..+0x290  data   (656 bytes)
; 0x000075A0..+0xC0  zeros  (192 bytes)
; 0x00007660..+0x190  data   (400 bytes)
; 0x000077F0..+0x10  zeros  (16 bytes)
; 0x00007800..+0x20  data   (32 bytes)
; 0x00007820..+0x10  zeros  (16 bytes)
; 0x00007830..+0x20  data   (32 bytes)
; 0x00007850..+0x20  zeros  (32 bytes)
; 0x00007870..+0x20  data   (32 bytes)
; 0x00007890..+0x10  zeros  (16 bytes)
; 0x000078A0..+0x20  data   (32 bytes)
; 0x000078C0..+0x10  zeros  (16 bytes)
; 0x000078D0..+0x20  data   (32 bytes)
; 0x000078F0..+0x20  zeros  (32 bytes)
; 0x00007910..+0x20  data   (32 bytes)
; 0x00007930..+0x10  zeros  (16 bytes)
; 0x00007940..+0x370  data   (880 bytes)
