; Decrypted GatewaySettings dump (see FORMAT.md)
; key = 69386998822a866b1cec2233fdd7be31 (aligned at 0x60)

00000060:  A5 02 79 DE 35 3F 23 0A F7 E3 04 C2 D4 D9 C4 F3  ..y.5?#.........
00000070:  5B AD 26 EB B2 87 8A B3 26 31 66 E2 14 85 55 E9  [.&.....&1f...U.
00000080:  8A 0C C3 E8 15 F2 58 74 AB 0F 33 85 D4 5E D9 F5  ......Xt..3..^..
00000090:  87 55 52 B1 2E 06 A1 11 6D 4B A0 EB 95 36 24 56  .UR.....mK...6$V
000000A0:  1B 05 CC 9D 25 7A 5E AF BA DF 9E C9 E3 B9 1C 50  ....%z^........P
000000B0:  DB B2 07 EA D4 02 AE 8F 4A FE EE 7E 8E 7C 4F B4  ........J..~.|O.
000000C0:  4D 60 AE 27 E0 D1 FD C0 3C E2 02 DE 3F C9 47 7B  M`.'....<...?.G{
000000D0:  2D 1E 78 69 D0 46 F6 89 1D B7 60 06 A3 F4 B3 59  -.xi.F....`....Y
000000E0:  B2 BC F3 FA 21 F0 5D 37 D4 18 78 B1 09 17 E9 36  ....!.]7..x....6
000000F0:  C4 1E 2F C5 04 11 47 F6 A1 63 20 8D 26 62 3F F6  ../...G..c .&b?.
00000100:  53 11 80 B6 A6 D2 64 2C A4 36 6E 8A 16 A4 A8 33  S.....d,.6n....3
00000110:  BA 8F 88 E1 C3 43 FB 30 A3 32 A6 51 59 9B 9B 04  .....C.0.2.QY...
00000120:  A3 92 37 CF 22 F0 00 00 00 00 00 00 00 00 00 00  ..7."...........
00000130:  00 00 00 00 00 00 00 00 00 00 00 00 00 00 00 00  ................ [zeros]
00000140:  00 00 00 00 00 00 00 00 00 00 00 00 00 00 00 00  ................ [zeros]
00000150:  00 00 00 00 00 00 00 00 00 00 00 00 00 00 00 00  ................ [zeros]
00000160:  00 00 00 00 00 00 00 00 00 00 00 00 00 00 00 00  ................ [zeros]
00000170:  00 00 00 00 00 00 1A 64 ED 43 F1 15 5A 21 F1 4E  .......d.C..Z!.N
00000180:  7E 5D 74 A7 8B 25 0A 25 E1 B2 74 98 42 BA 97 7A  ~]t..%.%..t.B..z
00000190:  C5 E0 26 C9 0E 1D D9 91 98 FA 7A A1 6A D3 17 C5  ..&.......z.j...
000001A0:  7A C2 C4 3D 75 C8 43 45 D8 82 05 58 4D 84 CE DE  z..=u.CE...XM...
000001B0:  7B 74 D4 6A A9 C3 80 9E 6B A7 43 7F 66 1D C3 5A  {t.j....k.C.f..Z
000001C0:  1A 06 B4 FB B7 2E 74 71 22 9D 5A BD 98 65 24 F9  ......tq".Z..e$.
000001D0:  BA F9 53 E0 63 CD 33 BC 97 CD 99 F0 F5 6C F3 D8  ..S.c.3......l..
000001E0:  0D 73 19 9A 35 4C 89 32 0A D1 A0 0F 9E 68 37 A7  .s..5L.2.....h7.
000001F0:  5B F5 5E 46 37 5B 46 36 42 FD A2 73 79 F9 D8 55  [.^F7[F6B..sy..U
00000200:  1B 87 8D A2 45 0B F1 D4 82 B0 9D 46 5B D0 45 4E  ....E......F[.EN
00000210:  B3 9D 81 AD 20 BE 06 DB 26 57 D0 0C E3 79 EA 0C  .... ...&W...y..
00000220:  27 04 21 42 0D 04 32 4A 8A B4 66 D2 3F 43 4D BA  '.!B..2J..f.?CM.
00000230:  D1 0D 12 0F 0F F9 24 DA A5 A5 1B 4B DD 5B 20 66  ......$....K.[ f
00000240:  CD 09 60 45 C1 81 7D 05 99 BB 23 82 68 B6 64 AF  ..`E..}...#.h.d.
00000250:  1E F1 36 4C 95 5E 1A E3 D5 F1 2C 2D FB F1 27 10  ..6L.^....,-..'.
00000260:  07 C9 9D D1 77 4F 2F BE 0D 1E F0 44 3D 17 EE 3D  ....wO/....D=..=
00000270:  86 67 D8 C0 8C 1D C0 F2 45 A6 B5 B9 9F F8 E1 20  .g......E...... 
00000280:  33 E9 89 DB 92 B5 FB 6D 1A DF 55 A3 93 EA B7 D6  3......m..U.....
00000290:  94 CE 5F 50 08 F2 44 AF C9 EB 4D C1 8C C4 35 2E  .._P..D...M...5.
000002A0:  EC BD B3 D2 B0 11 FA 9A E1 D5 6C 05 15 6A 7B B0  ..........l..j{.
000002B0:  EA 01 04 C0 3E 20 82 A1 D0 59 49 31 B2 EE 2B 26  ....> ...YI1..+&
000002C0:  EA 93 BB 7A 23 C5 51 48 83 85 CA E4 65 F0 B7 96  ...z#.QH....e...
000002D0:  63 3E 42 E9 FB 0C 05 85 A4 74 F7 E1 A9 D1 F4 4B  c>B......t.....K
000002E0:  E5 3B 36 39 CC F3 29 1F 57 40 AE 93 B5 94 43 EE  .;69..).W@....C.
000002F0:  BC 9B CC E7 CF 23 E5 F8 40 96 94 80 84 E5 4C AB  .....#..@.....L.
00000300:  1F 9C 5F CD E1 F1 89 21 A9 97 8E 3F F1 AF 99 57  .._....!...?...W
00000310:  3B 8A 85 7B E3 DE 8F 1D D3 60 9E 7E EA 91 10 E2  ;..{.....`.~....
00000320:  AA 17 78 7E 61 15 AD 06 7A E3 4C 23 CB 2B 01 1D  ..x~a...z.L#.+..
00000330:  03 6D BF 6A 95 A5 CB AF 81 B0 57 BB BB E6 98 97  .m.j......W.....
00000340:  B3 2B 00 F1 ED 54 B8 4E 7D 3B BA A8 4B 61 78 AB  .+...T.N};..Kax.
00000350:  B8 0F D7 34 D1 73 CB AF 81 B0 57 BB BB E6 98 97  ...4.s....W.....
00000360:  B3 2B 00 F1 ED 54 5F BA 92 0D C8 B2 A9 B4 A6 15  .+...T_.........
00000370:  4C 8D 56 DD 3D 40 00 00 00 00 00 00 00 00 00 00  L.V.=@..........
00000380:  00 00 00 00 00 00 00 00 00 00 00 00 00 00 00 00  ................ [zeros]
00000390:  00 00 00 00 00 00 00 00 00 00 00 00 00 00 00 00  ................ [zeros]
000003A0:  00 00 00 00 00 00 00 00 00 00 00 00 00 00 00 00  ................ [zeros]
000003B0:  00 00 00 00 00 00 00 00 00 00 00 00 00 00 00 00  ................ [zeros]
000003C0:  00 00 00 00 00 00 00 00 00 00 00 00 00 00 00 00  ................ [zeros]
000003D0:  00 00 00 00 00 00 00 00 00 00 00 00 00 00 00 00  ................ [zeros]
000003E0:  00 00 00 00 00 00 00 00 00 00 00 00 00 00 00 00  ................ [zeros]
000003F0:  00 00 00 00 00 00 00 00 00 00 00 00 00 00 00 00  ................ [zeros]
00000400:  00 00 00 00 00 00 00 00 00 00 00 00 00 00 00 00  ................ [zeros]
00000410:  00 00 00 00 00 00 00 00 00 00 00 00 00 00 00 00  ................ [zeros]
00000420:  00 00 00 00 00 00 00 00 00 00 00 00 00 00 00 00  ................ [zeros]
00000430:  00 00 00 00 00 00 00 00 00 00 00 00 00 00 00 00  ................ [zeros]
00000440:  00 00 00 00 00 00 00 00 00 00 00 00 00 00 00 00  ................ [zeros]
00000450:  00 00 00 00 00 00 00 00 00 00 00 00 00 00 00 00  ................ [zeros]
00000460:  00 00 00 00 00 00 00 00 00 00 00 00 00 00 00 00  ................ [zeros]
00000470:  00 00 00 00 00 00 00 00 00 00 00 00 00 00 00 00  ................ [zeros]
00000480:  00 00 00 00 00 00 00 00 00 00 00 00 00 00 00 00  ................ [zeros]
00000490:  00 00 00 00 00 00 00 00 00 00 00 00 00 00 00 00  ................ [zeros]
000004A0:  00 00 00 00 00 00 00 00 00 00 00 00 00 00 00 00  ................ [zeros]
000004B0:  00 00 00 00 00 00 00 00 00 00 00 00 00 00 00 00  ................ [zeros]
000004C0:  00 00 00 00 00 00 00 00 00 00 00 00 00 00 00 00  ................ [zeros]
000004D0:  00 00 00 00 00 00 00 00 00 00 00 00 00 00 00 00  ................ [zeros]
000004E0:  00 00 00 00 00 00 00 00 00 00 00 00 00 00 00 00  ................ [zeros]
000004F0:  00 00 00 00 00 00 00 00 00 00 00 00 00 00 00 00  ................ [zeros]
00000500:  00 00 00 00 00 00 B6 0E 83 D9 D0 24 D6 CE 47 A0  ...........$..G.
00000510:  B2 9C 7C F4 A7 90 A6 D7 74 E7 17 D3 44 82 06 4E  ..|.....t...D..N
00000520:  96 8B EF C3 01 AA 67 53 8E FA D8 97 6C 04 67 B8  ......gS....l.g.
00000530:  53 68 A5 20 73 10 3F 1F 0B 18 A3 BD C1 CE CA 9E  Sh. s.?.........
00000540:  0A 32 08 62 75 89 17 E5 FA 84 69 E6 9C DD C3 16  .2.bu.....i.....
00000550:  E7 7C 5A 0C D4 3A 5E DD 99 EC F6 C2 8E 3A 24 13  .|Z..:^......:$.
00000560:  99 A9 E4 07 C8 16 7B 71 36 81 13 C6 09 58 0F 13  ......{q6....X..
00000570:  AB C9 21 85 8D E8 4F 50 B9 10 41 61 09 94 15 FC  ..!...OP..Aa....
00000580:  F7 65 AC 86 AC 8C 12 BB 83 46 2E 02 F0 35 21 12  .e.......F...5!.
00000590:  4C 93 B5 B8 92 E6 7A D0 34 66 01 F0 B9 76 43 A7  L.....z.4f...vC.
000005A0:  7C 6C AB D4 C5 F9 2C B0 99 70 1D 60 38 C8 B2 30  |l....,..p.`8..0
000005B0:  9C D7 BE 60 E0 44 28 A7 02 86 33 E1 EB 82 F8 8E  ...`.D(...3.....
000005C0:  E4 77 67 1F 77 97 9A 6B 0E 7F 31 1A E4 7B AB F6  .wg.w..k..1..{..
000005D0:  84 4C 64 92 56 02 2F 34 ED 54 03 6A BC 49 B9 8F  .Ld.V./4.T.j.I..
000005E0:  9A 07 D5 99 0D 63 F4 DF 06 4B 97 A9 45 FF 62 6B  .....c...K..E.bk
000005F0:  E7 2A 38 59 74 0B 89 97 A2 E9 C9 61 B4 D6 1C 15  .*8Yt......a....
00000600:  74 9F 1F 3B 54 FF AD 16 E5 B9 62 76 BF 8D 02 8B  t..;T.....bv....
00000610:  D7 A2 85 FA 69 67 F7 AB 24 DB C8 8F 77 53 48 62  ....ig..$...wSHb
00000620:  67 12 69 25 93 48 48 83 82 78 89 25 05 8C EB 14  g.i%.HH..x.%....
00000630:  F8 B7 28 FC D2 D0 7D D6 A8 40 6A 65 63 A3 73 46  ..(...}..@jec.sF
00000640:  F9 76 84 E9 DA C7 94 47 F2 01 46 E8 5C 20 EE 66  .v.....G..F.\ .f
00000650:  40 8C 72 47 C2 E0 EA 94 C3 0A 88 9D 15 84 C7 09  @.rG............
00000660:  D1 B2 8D 82 4A 77 5C E4 B6 15 73 E9 71 A7 C5 7C  ....Jw\...s.q..|
00000670:  F7 18 A0 D7 92 89 5A 36 B1 B2 42 5D 23 B3 5F BA  ......Z6..B]#._.
00000680:  C6 B2 91 FF 09 42 FA 6A 1F 77 DB 27 82 FC 54 5B  .....B.j.w.'..T[
00000690:  E2 9A 7A 62 92 50 F5 B8 CB 04 26 FF 09 FE CD 56  ..zb.P....&....V
000006A0:  DD 7A 37 05 F4 E9 81 06 CE 0E 57 19 FF 5F 8C 21  .z7.......W.._.!
000006B0:  D6 3C E8 91 B0 9E 15 E4 95 B7 B3 BE D4 2A 95 C9  .<...........*..
000006C0:  42 9B 18 8F 58 2C 8D 7D 7C 82 19 DE 0C 87 8F 9E  B...X,.}|.......
000006D0:  51 F6 94 E4 4B 9F 02 44 95 CE 8D 7C DC 04 9D 50  Q...K..D...|...P
000006E0:  A9 17 8D 2A 70 2D EA 71 14 AE C5 F6 A3 DD EF EF  ...*p-.q........
000006F0:  F5 8C A6 F1 DF E0 1F 7D 57 42 D0 FB 96 D1 22 B5  .......}WB....".
00000700:  70 27 B3 49 56 BD 68 99 85 F6 B8 31 54 98 6C 93  p'.IV.h....1T.l.
00000710:  7E 17 A3 1D A0 C3 C8 85 C6 A8 5C B3 28 34 F9 F6  ~.........\.(4..
00000720:  73 94 D9 47 DA 01 BB 60 DF 9E 8A 67 C7 DE 03 23  s..G...`...g...#
00000730:  12 A1 5E DC 7C 0B EF E4 97 64 99 E4 26 7E 53 25  ..^.|....d..&~S%
00000740:  29 5F 6D 1D 41 00 9D 61 D3 11 14 B1 90 38 E3 96  )_m.A..a.....8..
00000750:  06 83 86 B4 65 56 F9 BE F9 92 70 00 EF 25 99 CE  ....eV....p..%..
00000760:  DA CE 11 B3 27 E9 0D 0A 9B 1D F6 59 B2 4D 49 3E  ....'......Y.MI>
00000770:  DE BB D0 FF 7B 98 89 AD 8C BE 4D C1 66 0E BE 06  ....{.....M.f...
00000780:  B2 2F F1 87 77 E3 14 09 5C AA 88 48 61 3B 0A 73  ./..w...\..Ha;.s
00000790:  69 E2 C0 DB 3E BB E3 BE 4F 07 3C FF F5 22 66 E4  i...>...O.<.."f.
000007A0:  7A E0 C9 7A D8 78 BB 60 DF 9E 8A 67 C7 DE 03 23  z..z.x.`...g...#
000007B0:  12 A1 5E DC 7C 0B E4 F8 63 5F 85 29 68 C0 97 63  ..^.|...c_.)h..c
000007C0:  7E 88 3F D5 06 FF 69 FE 48 E0 8F 57 0F AE CE FD  ~.?...i.H..W....
000007D0:  22 3A 59 DE 45 9B 7C 15 6B 5C F1 86 AB 12 06 81  ":Y.E.|.k\......
000007E0:  64 B2 1C 66 D0 81 33 FD 9F 2C 83 34 B4 77 B8 BD  d..f..3..,.4.w..
000007F0:  6B A3 C1 3C 51 DF B8 6E 10 51 D0 9D FB AE CA 0A  k..<Q..n.Q......
00000800:  E0 8C 95 96 27 9A A2 66 EB D1 C5 B2 41 B3 E3 85  ....'..f....A...
00000810:  99 5D FD FF 63 17 85 1A 8B 88 42 22 92 13 43 9A  .]..c.....B"..C.
00000820:  11 7C D3 48 0B B7 E8 15 2C BD 91 B0 5D 51 2F 99  .|.H....,...]Q/.
00000830:  81 3F 92 2C 05 4A 07 57 A1 2C D3 12 83 DF 16 5F  .?.,.J.W.,....._
00000840:  97 66 CB 02 AF 92 F7 A2 8C EE 09 B2 9F 90 AC 70  .f.............p
00000850:  1D 65 0F 9C 6D C2 CA 08 34 17 BD 23 5D BD B7 72  .e..m...4..#]..r
00000860:  DB 38 E6 9A F4 B7 06 37 CB 0C 87 6E 51 CE 4B 44  .8.....7...nQ.KD
00000870:  92 E1 C9 7E 52 8A 40 09 29 DD 30 99 C7 B9 17 A5  ...~R.@.).0.....
00000880:  FC 97 73 E9 43 1D A2 42 E7 22 D5 43 27 82 FE 64  ..s.C..B.".C'..d
00000890:  21 CB A5 B2 06 F5 51 93 C8 60 65 31 2B FB A0 6E  !.....Q..`e1+..n
000008A0:  55 F3 1D 9A 6C CF AC 53 7F 35 27 9F AC 9E BC D2  U...l..S.5'.....
000008B0:  9C 8A D7 3C 19 27 A3 45 9F 8F 07 F1 F2 5E 01 19  ...<.'.E.....^..
000008C0:  36 01 43 D4 01 71 6B A5 5B DB 12 3A F5 0F D5 74  6.C..qk.[..:...t
000008D0:  24 25 E4 3A 6E B8 88 B6 18 75 C0 19 1C 28 17 43  $%.:n....u...(.C
000008E0:  B1 97 CD F8 ED 4F DD AC 92 3E 6E 08 DF 68 0A 68  .....O...>n..h.h
000008F0:  DD BE A7 32 35 C9 78 C6 E7 0D 47 1C 39 25 4D 3F  ...25.x...G.9%M?
00000900:  AE A7 89 1C BD 50 60 59 8E 5E 68 A6 76 83 D5 4D  .....P`Y.^h.v..M
00000910:  9A 88 6D 2C 30 C8 47 44 7D C9 5A 38 2D 45 1B BD  ..m,0.GD}.Z8-E..
00000920:  9D 70 54 C3 12 55 84 17 1F 99 10 B7 0F D6 91 51  .pT..U.........Q
00000930:  25 04 B0 37 2F 00 E6 A1 58 91 6F 36 62 20 30 5F  %..7/...X.o6b 0_
00000940:  E8 C7 8D F2 8F 45 9D 42 18 46 62 19 A4 C2 40 83  .....E.B.Fb...@.
00000950:  DD 8E FA 21 EB FB 2E 83 2C 43 F3 28 35 EE 55 DD  ...!....,C.(5.U.
00000960:  7F D8 C0 CD 2E 40 E7 76 05 C7 C6 ED E2 E2 0E 13  .....@.v........
00000970:  E0 4F C9 3E 3E 9A 7D 8D 97 FD EE C5 BB F3 06 98  .O.>>.}.........
00000980:  83 9A 8D EB 0F C7 84 8D 7E 70 2E D4 62 71 62 3A  ........~p..bqb:
00000990:  22 AE 01 DE 3F 29 C7 CA 96 E3 BC C9 6B 7E 9F A1  "...?)......k~..
000009A0:  50 B4 4E D2 01 56 11 1D 19 73 74 4C BF 6C D4 4B  P.N..V...stL.l.K
000009B0:  3C 51 12 82 F7 4B 02 F8 0A 0F 09 5A 21 D3 1C 67  <Q...K.....Z!..g
000009C0:  24 F0 3B 97 FF 4A E7 B5 E4 4D 78 89 4F 84 22 B8  $.;..J...Mx.O.".
000009D0:  EE D1 FA 1A DF 12 63 71 D7 9B F5 96 B3 95 F8 D1  ......cq........
000009E0:  B3 54 7B AB 65 34 38 8C 73 50 12 39 7A F7 4C 48  .T{.e48.sP.9z.LH
000009F0:  E4 94 37 B0 42 F7 22 3C C2 E0 41 7A 00 68 E9 09  ..7.B."<..Az.h..
00000A00:  73 64 DA 84 98 9B D0 E6 42 83 FC C7 1A EC 9D A7  sd......B.......
00000A10:  F8 9E 98 DE 9C 29 87 96 AB 8D 49 87 CD 76 1B 10  .....)....I..v..
00000A20:  40 0E 7F 82 ED 7E 63 A5 1E FE A3 B2 CB BF C9 AF  @....~c.........
00000A30:  EF 7B BE B8 BE AC 59 EA DF 97 68 5E 61 3C E3 CF  .{....Y...h^a<..
00000A40:  86 40 62 D1 8C DA 9B 08 F8 79 EB 74 21 45 FF A6  .@b......y.t!E..
00000A50:  61 C2 E4 E0 E0 EE 64 5D AF 86 92 2E E0 7F E8 13  a.....d]........
00000A60:  7B 6D 14 A3 0E 9C 4E 44 B9 A4 EF 8A 38 83 2C BA  {m....ND....8.,.
00000A70:  FA 9E 42 BC 00 09 00 00 00 00 00 00 00 00 00 00  ..B.............
00000A80:  00 00 00 00 00 00 00 00 00 00 00 00 00 00 00 00  ................ [zeros]
00000A90:  00 00 00 00 00 00 00 00 00 00 00 00 00 00 00 00  ................ [zeros]
00000AA0:  00 00 00 00 00 00 00 00 00 00 00 00 00 00 00 00  ................ [zeros]
00000AB0:  00 00 00 00 00 00 00 00 00 00 00 00 00 00 00 00  ................ [zeros]
00000AC0:  00 00 00 00 00 00 00 00 00 00 00 00 00 00 00 00  ................ [zeros]
00000AD0:  00 00 00 00 00 00 00 00 00 00 00 00 00 00 00 00  ................ [zeros]
00000AE0:  00 00 00 00 00 00 00 00 00 00 00 00 00 00 00 00  ................ [zeros]
00000AF0:  00 00 00 00 00 00 00 00 00 00 00 00 00 00 00 00  ................ [zeros]
00000B00:  00 00 00 00 00 00 00 00 00 00 00 00 00 00 00 00  ................ [zeros]
00000B10:  00 00 00 00 00 00 00 00 00 00 00 00 00 00 00 00  ................ [zeros]
00000B20:  00 00 00 00 00 00 00 00 00 00 00 00 00 00 00 00  ................ [zeros]
00000B30:  00 00 00 00 00 00 00 00 00 00 00 00 00 00 00 00  ................ [zeros]
00000B40:  00 00 00 00 00 00 00 00 00 00 00 00 00 00 00 00  ................ [zeros]
00000B50:  00 00 00 00 00 00 00 00 00 00 00 00 00 00 00 00  ................ [zeros]
00000B60:  00 00 00 00 00 00 00 00 00 00 00 00 00 00 00 00  ................ [zeros]
00000B70:  00 00 00 00 00 00 00 00 00 00 00 00 00 00 00 00  ................ [zeros]
00000B80:  00 00 00 00 00 00 00 00 00 00 00 00 00 00 00 00  ................ [zeros]
00000B90:  00 00 00 00 00 00 00 00 00 00 00 00 00 00 00 00  ................ [zeros]
00000BA0:  00 00 00 00 00 00 00 00 00 00 00 00 00 00 00 00  ................ [zeros]
00000BB0:  00 00 00 00 00 00 00 00 00 00 00 00 00 00 00 00  ................ [zeros]
00000BC0:  00 00 00 00 00 00 00 00 00 00 00 00 00 00 00 00  ................ [zeros]
00000BD0:  00 00 00 00 00 00 00 00 00 00 00 00 00 00 00 00  ................ [zeros]
00000BE0:  00 00 00 00 00 00 00 00 00 00 00 00 00 00 00 00  ................ [zeros]
00000BF0:  00 00 00 00 00 00 00 00 00 00 00 00 00 00 00 00  ................ [zeros]
00000C00:  00 00 00 00 00 00 00 00 00 00 00 00 00 00 00 00  ................ [zeros]
00000C10:  00 00 00 00 00 00 00 00 00 00 00 00 00 00 00 00  ................ [zeros]
00000C20:  00 00 00 00 00 00 00 00 00 00 00 00 00 00 00 00  ................ [zeros]
00000C30:  00 00 00 00 00 00 00 00 00 00 00 00 00 00 00 00  ................ [zeros]
00000C40:  00 00 00 00 00 00 00 00 00 00 00 00 00 00 00 00  ................ [zeros]
00000C50:  00 00 00 00 00 00 00 00 00 00 00 00 00 00 00 00  ................ [zeros]
00000C60:  00 00 00 00 00 00 00 00 00 00 00 00 00 00 00 00  ................ [zeros]
00000C70:  00 00 00 00 00 00 00 00 00 00 00 00 00 00 00 00  ................ [zeros]
00000C80:  00 00 00 00 00 00 00 00 00 00 00 00 00 00 00 00  ................ [zeros]
00000C90:  00 00 00 00 00 00 00 00 00 00 00 00 00 00 00 00  ................ [zeros]
00000CA0:  00 00 00 00 00 00 00 00 00 00 00 00 00 00 00 00  ................ [zeros]
00000CB0:  00 00 00 00 00 00 00 00 00 00 00 00 00 00 00 00  ................ [zeros]
00000CC0:  00 00 00 00 00 00 00 00 00 00 00 00 00 00 00 00  ................ [zeros]
00000CD0:  00 00 00 00 00 00 00 00 00 00 00 00 00 00 00 00  ................ [zeros]
00000CE0:  00 00 00 00 00 00 00 00 00 00 00 00 00 00 00 00  ................ [zeros]
00000CF0:  00 00 00 00 00 00 00 00 00 00 00 00 00 00 00 00  ................ [zeros]
00000D00:  00 00 00 00 00 00 00 00 00 00 00 00 00 00 00 00  ................ [zeros]
00000D10:  00 00 00 00 00 00 00 00 00 00 00 00 00 00 00 00  ................ [zeros]
00000D20:  00 00 00 00 00 00 00 00 00 00 00 00 00 00 00 00  ................ [zeros]
00000D30:  00 00 00 00 00 00 00 00 00 00 00 00 00 00 00 00  ................ [zeros]
00000D40:  00 00 00 00 00 00 00 00 00 00 00 00 00 00 00 00  ................ [zeros]
00000D50:  00 00 00 00 00 00 00 00 00 00 00 00 00 00 00 00  ................ [zeros]
00000D60:  00 00 00 00 00 00 00 00 00 00 00 00 00 00 00 00  ................ [zeros]
00000D70:  00 00 00 00 00 00 00 00 00 00 00 00 00 00 00 00  ................ [zeros]
00000D80:  00 00 00 00 00 00 00 00 00 00 00 00 00 00 00 00  ................ [zeros]
00000D90:  00 00 00 00 00 00 00 00 00 00 00 00 00 00 00 00  ................ [zeros]
00000DA0:  00 00 00 00 00 00 00 00 00 00 00 00 00 00 00 00  ................ [zeros]
00000DB0:  00 00 00 00 00 00 00 00 00 00 00 00 00 00 00 00  ................ [zeros]
00000DC0:  00 00 00 00 00 00 00 00 00 00 00 00 00 00 00 00  ................ [zeros]
00000DD0:  00 00 00 00 00 00 00 00 00 00 00 00 00 00 00 00  ................ [zeros]
00000DE0:  00 00 00 00 00 00 00 00 00 00 00 00 00 00 00 00  ................ [zeros]
00000DF0:  00 00 00 00 00 00 00 00 00 00 00 00 00 00 00 00  ................ [zeros]
00000E00:  00 00 00 00 00 00 00 00 00 00 00 00 00 00 00 00  ................ [zeros]
00000E10:  00 00 00 00 00 00 00 00 00 00 00 00 00 00 00 00  ................ [zeros]
00000E20:  00 00 00 00 00 00 00 00 00 00 00 00 00 00 00 00  ................ [zeros]
00000E30:  00 00 00 00 00 00 00 00 00 00 00 00 00 00 00 00  ................ [zeros]
00000E40:  00 00 00 00 00 00 00 00 00 00 00 00 00 00 00 00  ................ [zeros]
00000E50:  00 00 00 00 00 00 00 00 00 00 00 00 00 00 00 00  ................ [zeros]
00000E60:  00 00 00 00 00 00 8B 69 29 EC 46 E8 C4 58 CA EF  .......i).F..X..
00000E70:  CE 99 90 D9 AF 41 00 00 00 00 00 00 00 00 00 00  .....A..........
00000E80:  00 00 00 00 00 00 00 00 00 00 00 00 00 00 00 00  ................ [zeros]
00000E90:  00 00 00 00 00 00 00 00 00 00 00 00 00 00 00 00  ................ [zeros]
00000EA0:  00 00 00 00 00 00 00 00 00 00 00 00 00 00 00 00  ................ [zeros]
00000EB0:  00 00 00 00 00 00 00 00 00 00 00 00 00 00 00 00  ................ [zeros]
00000EC0:  00 00 00 00 00 00 00 00 00 00 00 00 00 00 00 00  ................ [zeros]
00000ED0:  00 00 00 00 00 00 00 00 00 00 00 00 00 00 00 00  ................ [zeros]
00000EE0:  00 00 00 00 00 00 00 00 00 00 00 00 00 00 00 00  ................ [zeros]
00000EF0:  00 00 00 00 00 00 00 00 00 00 00 00 00 00 00 00  ................ [zeros]
00000F00:  00 00 00 00 00 00 00 00 00 00 00 00 00 00 00 00  ................ [zeros]
00000F10:  00 00 00 00 00 00 00 00 00 00 00 00 00 00 00 00  ................ [zeros]
00000F20:  00 00 00 00 00 00 00 00 00 00 00 00 00 00 00 00  ................ [zeros]
00000F30:  00 00 00 00 00 00 00 00 00 00 00 00 00 00 00 00  ................ [zeros]
00000F40:  00 00 00 00 00 00 00 00 00 00 00 00 00 00 00 00  ................ [zeros]
00000F50:  00 00 00 00 00 00 00 00 00 00 00 00 00 00 00 00  ................ [zeros]
00000F60:  00 00 00 00 00 00 00 00 00 00 00 00 00 00 00 00  ................ [zeros]
00000F70:  00 00 00 00 00 00 00 00 00 00 00 00 00 00 00 00  ................ [zeros]
00000F80:  00 00 00 00 00 00 00 00 00 00 00 00 00 00 00 00  ................ [zeros]
00000F90:  00 00 00 00 00 00 00 00 00 00 00 00 00 00 00 00  ................ [zeros]
00000FA0:  00 00 00 00 00 00 00 00 00 00 00 00 00 00 00 00  ................ [zeros]
00000FB0:  00 00 00 00 00 00 00 00 00 00 00 00 00 00 00 00  ................ [zeros]
00000FC0:  00 00 00 00 00 00 00 00 00 00 00 00 00 00 00 00  ................ [zeros]
00000FD0:  00 00 00 00 00 00 00 00 00 00 00 00 00 00 00 00  ................ [zeros]
00000FE0:  00 00 00 00 00 00 00 00 00 00 00 00 00 00 00 00  ................ [zeros]
00000FF0:  00 00 00 00 00 00 00 00 00 00 00 00 00 00 00 00  ................ [zeros]
00001000:  00 00 00 00 00 00 00 00 00 00 00 00 00 00 00 00  ................ [zeros]
00001010:  00 00 00 00 00 00 00 00 00 00 00 00 00 00 00 00  ................ [zeros]
00001020:  00 00 00 00 00 00 00 00 00 00 00 00 00 00 00 00  ................ [zeros]
00001030:  00 00 00 00 00 00 00 00 00 00 00 00 00 00 00 00  ................ [zeros]
00001040:  00 00 00 00 00 00 00 00 00 00 00 00 00 00 00 00  ................ [zeros]
00001050:  00 00 00 00 00 00 00 00 00 00 00 00 00 00 00 00  ................ [zeros]
00001060:  00 00 00 00 00 00 00 00 00 00 00 00 00 00 00 00  ................ [zeros]
00001070:  00 00 00 00 00 00 00 00 00 00 00 00 00 00 00 00  ................ [zeros]
00001080:  00 00 00 00 00 00 00 00 00 00 00 00 00 00 00 00  ................ [zeros]
00001090:  00 00 00 00 00 00 00 00 00 00 00 00 00 00 00 00  ................ [zeros]
000010A0:  00 00 00 00 00 00 00 00 00 00 00 00 00 00 00 00  ................ [zeros]
000010B0:  00 00 00 00 00 00 00 00 00 00 00 00 00 00 00 00  ................ [zeros]
000010C0:  00 00 00 00 00 00 00 00 00 00 00 00 00 00 00 00  ................ [zeros]
000010D0:  00 00 00 00 00 00 00 00 00 00 00 00 00 00 00 00  ................ [zeros]
000010E0:  00 00 00 00 00 00 00 00 00 00 00 00 00 00 00 00  ................ [zeros]
000010F0:  00 00 00 00 00 00 00 00 00 00 00 00 00 00 00 00  ................ [zeros]
00001100:  00 00 00 00 00 00 00 00 00 00 00 00 00 00 00 00  ................ [zeros]
00001110:  00 00 00 00 00 00 00 00 00 00 00 00 00 00 00 00  ................ [zeros]
00001120:  00 00 00 00 00 00 00 00 00 00 00 00 00 00 00 00  ................ [zeros]
00001130:  00 00 00 00 00 00 00 00 00 00 00 00 00 00 00 00  ................ [zeros]
00001140:  00 00 00 00 00 00 00 00 00 00 00 00 00 00 00 00  ................ [zeros]
00001150:  00 00 00 00 00 00 00 00 00 00 00 00 00 00 00 00  ................ [zeros]
00001160:  00 00 00 00 00 00 00 00 00 00 00 00 00 00 00 00  ................ [zeros]
00001170:  00 00 00 00 00 00 00 00 00 00 00 00 00 00 00 00  ................ [zeros]
00001180:  00 00 00 00 00 00 00 00 00 00 00 00 00 00 00 00  ................ [zeros]
00001190:  00 00 00 00 00 00 00 00 00 00 00 00 00 00 00 00  ................ [zeros]
000011A0:  00 00 00 00 00 00 00 00 00 00 00 00 00 00 00 00  ................ [zeros]
000011B0:  00 00 00 00 00 00 00 00 00 00 00 00 00 00 00 00  ................ [zeros]
000011C0:  00 00 00 00 00 00 00 00 00 00 00 00 00 00 00 00  ................ [zeros]
000011D0:  00 00 00 00 00 00 00 00 00 00 00 00 00 00 00 00  ................ [zeros]
000011E0:  00 00 00 00 00 00 00 00 00 00 00 00 00 00 00 00  ................ [zeros]
000011F0:  00 00 00 00 00 00 00 00 00 00 00 00 00 00 00 00  ................ [zeros]
00001200:  00 00 00 00 00 00 00 00 00 00 00 00 00 00 00 00  ................ [zeros]
00001210:  00 00 00 00 00 00 00 00 00 00 00 00 00 00 00 00  ................ [zeros]
00001220:  00 00 00 00 00 00 00 00 00 00 00 00 00 00 00 00  ................ [zeros]
00001230:  00 00 00 00 00 00 00 00 00 00 00 00 00 00 00 00  ................ [zeros]
00001240:  00 00 00 00 00 00 00 00 00 00 00 00 00 00 00 00  ................ [zeros]
00001250:  00 00 00 00 00 00 00 00 00 00 00 00 00 00 00 00  ................ [zeros]
00001260:  00 00 00 00 00 00 BE 60 EF 7F 18 F6 28 B2 A2 86  .......`....(...
00001270:  07 8D 88 D2 A9 79 00 00 00 00 00 00 00 00 00 00  .....y..........
00001280:  00 00 00 00 00 00 00 00 00 00 00 00 00 00 00 00  ................ [zeros]
00001290:  00 00 00 00 00 00 00 00 00 00 00 00 00 00 00 00  ................ [zeros]
000012A0:  00 00 00 00 00 00 00 00 00 00 00 00 00 00 00 00  ................ [zeros]
000012B0:  00 00 00 00 00 00 00 00 00 00 00 00 00 00 00 00  ................ [zeros]
000012C0:  00 00 00 00 00 00 00 00 00 00 00 00 00 00 00 00  ................ [zeros]
000012D0:  00 00 00 00 00 00 00 00 00 00 00 00 00 00 00 00  ................ [zeros]
000012E0:  00 00 00 00 00 00 00 00 00 00 00 00 00 00 00 00  ................ [zeros]
000012F0:  00 00 00 00 00 00 00 00 00 00 00 00 00 00 00 00  ................ [zeros]
00001300:  00 00 00 00 00 00 00 00 00 00 00 00 00 00 00 00  ................ [zeros]
00001310:  00 00 00 00 00 00 00 00 00 00 00 00 00 00 00 00  ................ [zeros]
00001320:  00 00 00 00 00 00 00 00 00 00 00 00 00 00 00 00  ................ [zeros]
00001330:  00 00 00 00 00 00 00 00 00 00 00 00 00 00 00 00  ................ [zeros]
00001340:  00 00 00 00 00 00 00 00 00 00 00 00 00 00 00 00  ................ [zeros]
00001350:  00 00 00 00 00 00 00 00 00 00 00 00 00 00 00 00  ................ [zeros]
00001360:  00 00 00 00 00 00 00 00 00 00 00 00 00 00 00 00  ................ [zeros]
00001370:  00 00 00 00 00 00 00 00 00 00 00 00 00 00 00 00  ................ [zeros]
00001380:  00 00 00 00 00 00 00 00 00 00 00 00 00 00 00 00  ................ [zeros]
00001390:  00 00 00 00 00 00 00 00 00 00 00 00 00 00 00 00  ................ [zeros]
000013A0:  00 00 00 00 00 00 00 00 00 00 00 00 00 00 00 00  ................ [zeros]
000013B0:  00 00 00 00 00 00 00 00 00 00 00 00 00 00 00 00  ................ [zeros]
000013C0:  00 00 00 00 00 00 00 00 00 00 00 00 00 00 00 00  ................ [zeros]
000013D0:  00 00 00 00 00 00 00 00 00 00 00 00 00 00 00 00  ................ [zeros]
000013E0:  00 00 00 00 00 00 00 00 00 00 00 00 00 00 00 00  ................ [zeros]
000013F0:  00 00 00 00 00 00 00 00 00 00 00 00 00 00 00 00  ................ [zeros]
00001400:  00 00 00 00 00 00 00 00 00 00 00 00 00 00 00 00  ................ [zeros]
00001410:  00 00 00 00 00 00 00 00 00 00 00 00 00 00 00 00  ................ [zeros]
00001420:  00 00 00 00 00 00 00 00 00 00 00 00 00 00 00 00  ................ [zeros]
00001430:  00 00 00 00 00 00 00 00 00 00 00 00 00 00 00 00  ................ [zeros]
00001440:  00 00 00 00 00 00 00 00 00 00 00 00 00 00 00 00  ................ [zeros]
00001450:  00 00 00 00 00 00 00 00 00 00 00 00 00 00 00 00  ................ [zeros]
00001460:  00 00 00 00 00 00 00 00 00 00 00 00 00 00 00 00  ................ [zeros]
00001470:  00 00 00 00 00 00 00 00 00 00 00 00 00 00 00 00  ................ [zeros]
00001480:  00 00 00 00 00 00 00 00 00 00 00 00 00 00 00 00  ................ [zeros]
00001490:  00 00 00 00 00 00 00 00 00 00 00 00 00 00 00 00  ................ [zeros]
000014A0:  00 00 00 00 00 00 00 00 00 00 00 00 00 00 00 00  ................ [zeros]
000014B0:  00 00 00 00 00 00 00 00 00 00 00 00 00 00 00 00  ................ [zeros]
000014C0:  00 00 00 00 00 00 00 00 00 00 00 00 00 00 00 00  ................ [zeros]
000014D0:  00 00 00 00 00 00 00 00 00 00 00 00 00 00 00 00  ................ [zeros]
000014E0:  00 00 00 00 00 00 00 00 00 00 00 00 00 00 00 00  ................ [zeros]
000014F0:  00 00 00 00 00 00 00 00 00 00 00 00 00 00 00 00  ................ [zeros]
00001500:  00 00 00 00 00 00 00 00 00 00 00 00 00 00 00 00  ................ [zeros]
00001510:  00 00 00 00 00 00 00 00 00 00 00 00 00 00 00 00  ................ [zeros]
00001520:  00 00 00 00 00 00 00 00 00 00 00 00 00 00 00 00  ................ [zeros]
00001530:  00 00 00 00 00 00 00 00 00 00 00 00 00 00 00 00  ................ [zeros]
00001540:  00 00 00 00 00 00 00 00 00 00 00 00 00 00 00 00  ................ [zeros]
00001550:  00 00 00 00 00 00 00 00 00 00 00 00 00 00 00 00  ................ [zeros]
00001560:  00 00 00 00 00 00 00 00 00 00 00 00 00 00 00 00  ................ [zeros]
00001570:  00 00 00 00 00 00 00 00 00 00 00 00 00 00 00 00  ................ [zeros]
00001580:  00 00 00 00 00 00 00 00 00 00 00 00 00 00 00 00  ................ [zeros]
00001590:  00 00 00 00 00 00 00 00 00 00 00 00 00 00 00 00  ................ [zeros]
000015A0:  00 00 00 00 00 00 00 00 00 00 00 00 00 00 00 00  ................ [zeros]
000015B0:  00 00 00 00 00 00 00 00 00 00 00 00 00 00 00 00  ................ [zeros]
000015C0:  00 00 00 00 00 00 00 00 00 00 00 00 00 00 00 00  ................ [zeros]
000015D0:  00 00 00 00 00 00 00 00 00 00 00 00 00 00 00 00  ................ [zeros]
000015E0:  00 00 00 00 00 00 00 00 00 00 00 00 00 00 00 00  ................ [zeros]
000015F0:  00 00 00 00 00 00 00 00 00 00 00 00 00 00 00 00  ................ [zeros]
00001600:  00 00 00 00 00 00 00 00 00 00 00 00 00 00 00 00  ................ [zeros]
00001610:  00 00 00 00 00 00 00 00 00 00 00 00 00 00 00 00  ................ [zeros]
00001620:  00 00 00 00 00 00 00 00 00 00 00 00 00 00 00 00  ................ [zeros]
00001630:  00 00 00 00 00 00 00 00 00 00 00 00 00 00 00 00  ................ [zeros]
00001640:  00 00 00 00 00 00 00 00 00 00 00 00 00 00 00 00  ................ [zeros]
00001650:  00 00 00 00 00 00 00 00 00 00 00 00 00 00 00 00  ................ [zeros]
00001660:  00 00 00 00 00 00 D7 A0 BF 71 07 5B A4 DD 16 30  .........q.[...0
00001670:  B3 2E BA 7D 2D C1 00 00 00 00 00 00 00 00 00 00  ...}-...........
00001680:  00 00 00 00 00 00 00 00 00 00 00 00 00 00 00 00  ................ [zeros]
00001690:  00 00 00 00 00 00 00 00 00 00 00 00 00 00 00 00  ................ [zeros]
000016A0:  00 00 00 00 00 00 00 00 00 00 00 00 00 00 00 00  ................ [zeros]
000016B0:  00 00 00 00 00 00 00 00 00 00 00 00 00 00 00 00  ................ [zeros]
000016C0:  00 00 00 00 00 00 00 00 00 00 00 00 00 00 00 00  ................ [zeros]
000016D0:  00 00 00 00 00 00 00 00 00 00 00 00 00 00 00 00  ................ [zeros]
000016E0:  00 00 00 00 00 00 00 00 00 00 00 00 00 00 00 00  ................ [zeros]
000016F0:  00 00 00 00 00 00 00 00 00 00 00 00 00 00 00 00  ................ [zeros]
00001700:  00 00 00 00 00 00 00 00 00 00 00 00 00 00 00 00  ................ [zeros]
00001710:  00 00 00 00 00 00 00 00 00 00 00 00 00 00 00 00  ................ [zeros]
00001720:  00 00 00 00 00 00 00 00 00 00 00 00 00 00 00 00  ................ [zeros]
00001730:  00 00 00 00 00 00 00 00 00 00 00 00 00 00 00 00  ................ [zeros]
00001740:  00 00 00 00 00 00 00 00 00 00 00 00 00 00 00 00  ................ [zeros]
00001750:  00 00 00 00 00 00 00 00 00 00 00 00 00 00 00 00  ................ [zeros]
00001760:  00 00 00 00 00 00 00 00 00 00 00 00 00 00 00 00  ................ [zeros]
00001770:  00 00 00 00 00 00 00 00 00 00 00 00 00 00 00 00  ................ [zeros]
00001780:  00 00 00 00 00 00 00 00 00 00 00 00 00 00 00 00  ................ [zeros]
00001790:  00 00 00 00 00 00 00 00 00 00 00 00 00 00 00 00  ................ [zeros]
000017A0:  00 00 00 00 00 00 00 00 00 00 00 00 00 00 00 00  ................ [zeros]
000017B0:  00 00 00 00 00 00 00 00 00 00 00 00 00 00 00 00  ................ [zeros]
000017C0:  00 00 00 00 00 00 00 00 00 00 00 00 00 00 00 00  ................ [zeros]
000017D0:  00 00 00 00 00 00 00 00 00 00 00 00 00 00 00 00  ................ [zeros]
000017E0:  00 00 00 00 00 00 00 00 00 00 00 00 00 00 00 00  ................ [zeros]
000017F0:  00 00 00 00 00 00 00 00 00 00 00 00 00 00 00 00  ................ [zeros]
00001800:  00 00 00 00 00 00 00 00 00 00 00 00 00 00 00 00  ................ [zeros]
00001810:  00 00 00 00 00 00 00 00 00 00 00 00 00 00 00 00  ................ [zeros]
00001820:  00 00 00 00 00 00 00 00 00 00 00 00 00 00 00 00  ................ [zeros]
00001830:  00 00 00 00 00 00 00 00 00 00 00 00 00 00 00 00  ................ [zeros]
00001840:  00 00 00 00 00 00 00 00 00 00 00 00 00 00 00 00  ................ [zeros]
00001850:  00 00 00 00 00 00 00 00 00 00 00 00 00 00 00 00  ................ [zeros]
00001860:  00 00 00 00 00 00 00 00 00 00 00 00 00 00 00 00  ................ [zeros]
00001870:  00 00 00 00 00 00 00 00 00 00 00 00 00 00 00 00  ................ [zeros]
00001880:  00 00 00 00 00 00 00 00 00 00 00 00 00 00 00 00  ................ [zeros]
00001890:  00 00 00 00 00 00 00 00 00 00 00 00 00 00 00 00  ................ [zeros]
000018A0:  00 00 00 00 00 00 00 00 00 00 00 00 00 00 00 00  ................ [zeros]
000018B0:  00 00 00 00 00 00 00 00 00 00 00 00 00 00 00 00  ................ [zeros]
000018C0:  00 00 00 00 00 00 00 00 00 00 00 00 00 00 00 00  ................ [zeros]
000018D0:  00 00 00 00 00 00 00 00 00 00 00 00 00 00 00 00  ................ [zeros]
000018E0:  00 00 00 00 00 00 00 00 00 00 00 00 00 00 00 00  ................ [zeros]
000018F0:  00 00 00 00 00 00 00 00 00 00 00 00 00 00 00 00  ................ [zeros]
00001900:  00 00 00 00 00 00 00 00 00 00 00 00 00 00 00 00  ................ [zeros]
00001910:  00 00 00 00 00 00 00 00 00 00 00 00 00 00 00 00  ................ [zeros]
00001920:  00 00 00 00 00 00 00 00 00 00 00 00 00 00 00 00  ................ [zeros]
00001930:  00 00 00 00 00 00 00 00 00 00 00 00 00 00 00 00  ................ [zeros]
00001940:  00 00 00 00 00 00 00 00 00 00 00 00 00 00 00 00  ................ [zeros]
00001950:  00 00 00 00 00 00 00 00 00 00 00 00 00 00 00 00  ................ [zeros]
00001960:  00 00 00 00 00 00 00 00 00 00 00 00 00 00 00 00  ................ [zeros]
00001970:  00 00 00 00 00 00 00 00 00 00 00 00 00 00 00 00  ................ [zeros]
00001980:  00 00 00 00 00 00 00 00 00 00 00 00 00 00 00 00  ................ [zeros]
00001990:  00 00 00 00 00 00 00 00 00 00 00 00 00 00 00 00  ................ [zeros]
000019A0:  00 00 00 00 00 00 00 00 00 00 00 00 00 00 00 00  ................ [zeros]
000019B0:  00 00 00 00 00 00 00 00 00 00 00 00 00 00 00 00  ................ [zeros]
000019C0:  00 00 00 00 00 00 00 00 00 00 00 00 00 00 00 00  ................ [zeros]
000019D0:  00 00 00 00 00 00 00 00 00 00 00 00 00 00 00 00  ................ [zeros]
000019E0:  00 00 00 00 00 00 00 00 00 00 00 00 00 00 00 00  ................ [zeros]
000019F0:  00 00 00 00 00 00 00 00 00 00 00 00 00 00 00 00  ................ [zeros]
00001A00:  00 00 00 00 00 00 00 00 00 00 00 00 00 00 00 00  ................ [zeros]
00001A10:  00 00 00 00 00 00 00 00 00 00 00 00 00 00 00 00  ................ [zeros]
00001A20:  00 00 00 00 00 00 00 00 00 00 00 00 00 00 00 00  ................ [zeros]
00001A30:  00 00 00 00 00 00 00 00 00 00 00 00 00 00 00 00  ................ [zeros]
00001A40:  00 00 00 00 00 00 00 00 00 00 00 00 00 00 00 00  ................ [zeros]
00001A50:  00 00 00 00 00 00 00 00 00 00 00 00 00 00 00 00  ................ [zeros]
00001A60:  00 00 00 00 00 00 00 00 00 00 00 00 00 00 00 00  ................ [zeros]
00001A70:  00 00 00 00 00 00 A2 B3 95 3B D6 19 7F D1 CA D5  .........;......
00001A80:  B0 E7 29 54 8A C2 63 99 04 91 73 29 27 2C 13 00  ..)T..c...s)',..
00001A90:  30 6B 14 2A 27 95 F7 D4 6B E2 A9 CB E4 C7 1B ED  0k.*'...k.......
00001AA0:  68 8D 70 63 EB BF BA 5F D6 7D B9 B7 50 5D 77 2C  h.pc..._.}..P]w,
00001AB0:  24 C5 0B 29 73 37 89 34 78 D8 0F 30 A1 8B 7F 22  $..)s7.4x..0..."
00001AC0:  4B C1 63 F3 C7 FE 07 91 DF 01 AE 76 32 E8 DC 02  K.c........v2...
00001AD0:  8E CC 9E 7E B1 D8 F0 8B 8D 2A DD 3F C7 05 CE 6C  ...~.....*.?...l
00001AE0:  0B A9 A5 E1 14 72 85 F5 14 3D F6 FD 54 46 6E 39  .....r...=..TFn9
00001AF0:  67 94 A4 6B 32 A1 C9 51 72 1D 2C 8A 16 21 F5 AE  g..k2..Qr.,..!..
00001B00:  07 E4 C6 89 C5 69 6F 36 D3 82 A7 AF 5C FF 25 DF  .....io6....\.%.
00001B10:  AC E0 44 75 81 4D A7 3F 50 3D 36 79 98 DE AE 69  ..Du.M.?P=6y...i
00001B20:  20 80 36 2A 28 BB 4F B0 EF EE 4F 5B B8 FE 20 39   .6*(.O...O[.. 9
00001B30:  99 A6 DB 35 60 4B 43 92 31 66 DD C0 82 FD 76 8B  ...5`KC.1f....v.
00001B40:  2E 22 69 35 1B 17 7B 0C 5F D6 A3 6E 8A 0E 0E EB  ."i5..{._..n....
00001B50:  D5 9A 9D A8 79 52 9B 9B 23 3E 97 5F 3C 6E F8 4F  ....yR..#>._<n.O
00001B60:  C9 8B 28 F2 37 C9 9D 5F 58 AA 48 CD AA 84 2F EA  ..(.7.._X.H.../.
00001B70:  BD 51 0A 28 DD A9 66 45 78 F3 7E 0C 88 2C C2 15  .Q.(..fEx.~..,..
00001B80:  C0 8F DD 10 12 B9 6C 52 66 06 D0 C8 06 9D ED E4  ......lRf.......
00001B90:  75 38 D2 18 AD E2 77 53 C4 C2 A5 C2 DA 0D 55 CF  u8....wS......U.
00001BA0:  5C D4 C3 B9 84 D9 C1 9D 47 21 EC A7 D7 65 AB 32  \.......G!...e.2
00001BB0:  0B B9 39 25 48 16 6C AE F2 AB 16 7E 3D CE A9 6F  ..9%H.l....~=..o
00001BC0:  9C F3 56 F6 E1 4B A3 EA 64 0C 0E B7 D8 CF C4 01  ..V..K..d.......
00001BD0:  AE 6B 6D 3C 77 4C C0 39 5D 64 48 69 15 0C 70 A6  .km<wL.9]dHi..p.
00001BE0:  09 AF AA A9 DE E0 E2 CE BE 00 81 17 83 B1 44 8D  ..............D.
00001BF0:  01 DF CD B5 87 05 73 7E 29 B2 C2 9D D6 9F 54 BC  ......s~).....T.
00001C00:  73 36 C7 06 1D B1 B4 FF 1D 2F E0 37 2A DF 4A 95  s6......./.7*.J.
00001C10:  07 8E 7F 34 70 83 AF 1B 9B 21 76 C2 29 A3 2E E0  ...4p....!v.)...
00001C20:  8A D3 7B D7 8D CF AA 3D D6 46 26 64 99 8F 3C 11  ..{....=.F&d..<.
00001C30:  BF 11 6D 28 FF FF 05 44 E3 0A 8C 39 D1 10 E9 F6  ..m(...D...9....
00001C40:  CE 47 8D B0 4C F5 90 08 76 B9 CC 09 6D 60 38 46  .G..L...v...m`8F
00001C50:  1D 62 A9 08 2A 31 BA A6 70 F8 E7 F7 95 1D 53 5A  .b..*1..p.....SZ
00001C60:  35 BA 58 A0 EF C4 C0 4A FF B1 A0 2B 3B DB A7 B1  5.X....J...+;...
00001C70:  27 22 17 33 D1 AB D4 F5 35 01 44 C6 4E FD E0 68  '".3....5.D.N..h
00001C80:  56 AD F2 84 AE C9 58 5B 89 8C 75 2D 7B 72 19 57  V.....X[..u-{r.W
00001C90:  03 0D 1B 39 1E 3F FA 0C F9 57 6D A3 74 DA 3D 59  ...9.?...Wm.t.=Y
00001CA0:  76 D5 E6 52 56 05 0A 6E 94 06 7C 54 E5 53 8A B4  v..RV..n..|T.S..
00001CB0:  42 EB F6 DA 3F 79 4B 20 5C F3 C4 42 A1 01 27 00  B...?yK \..B..'.
00001CC0:  AC 46 27 7B 0E 94 8B 2B DE 6D D3 D3 D6 1D 1A 37  .F'{...+.m.....7
00001CD0:  FA 3A 99 DB 98 CD D6 4D B4 28 9A 92 13 F3 38 32  .:.....M.(....82
00001CE0:  75 DA F0 A3 37 FF E6 D9 C0 31 E2 BE 13 06 DF 0B  u...7....1......
00001CF0:  AB A9 2B EA 86 1D DC 40 F0 77 A0 43 9D 19 5E B8  ..+....@.w.C..^.
00001D00:  A2 F3 DE 55 B0 4C 9B 9B 23 3E 97 5F 3C 6E F8 4F  ...U.L..#>._<n.O
00001D10:  C9 8B 28 F2 37 C9 B2 03 AF D0 6D 85 93 AC A7 45  ..(.7.....m....E
00001D20:  76 31 AE E2 60 E4 64 AF 6D 7F D8 6C 7D 47 BD DC  v1..`.d.m..l}G..
00001D30:  2B 7E 97 ED 55 39 6C 52 66 06 D0 C8 06 9D ED E4  +~..U9lRf.......
00001D40:  75 38 D2 18 AD E2 22 24 F9 3F 9C 55 3F B3 44 60  u8...."$.?.U?.D`
00001D50:  8C 9B C5 36 A0 26 B2 95 77 34 AD D4 29 6A 0B FB  ...6.&..w4..)j..
00001D60:  0C 0D 62 4E 38 94 5E 35 AC D0 E1 94 25 A5 5B 6F  ..bN8.^5....%.[o
00001D70:  BC DC 1E C5 7D 00 CF D6 41 A6 31 5C EB DF 65 11  ....}...A.1\..e.
00001D80:  F8 32 91 94 21 B6 7A B5 E1 C8 3A 95 6B 35 53 6B  .2..!.z...:.k5Sk
00001D90:  4B C1 56 B7 2C 69 C0 15 40 7B A5 B6 5C 7D B0 45  K.V.,i..@{..\}.E
00001DA0:  FD CF 91 82 13 97 32 75 A5 9E 59 03 37 5D 4A 91  ......2u..Y.7]J.
00001DB0:  5E 36 B3 6F FB 6E 87 AD 48 AE D4 D6 E7 69 B1 9E  ^6.o.n..H....i..
00001DC0:  4C F4 B3 D7 B6 8C 25 AA CA 24 BD 22 9B B7 29 3B  L.....%..$."..);
00001DD0:  80 43 F3 87 DE D5 0B 60 51 7E D6 DA 38 EA 19 C3  .C.....`Q~..8...
00001DE0:  56 ED 22 AC A1 EF B4 94 5D 39 70 A2 DE EB 19 FE  V.".....]9p.....
00001DF0:  6E 34 97 C3 F7 AE 7E 4C 55 2C 16 8D 1F AA 47 70  n4....~LU,....Gp
00001E00:  14 84 0B B2 2D 87 14 E4 C8 95 A6 EF 8E 88 56 48  ....-.........VH
00001E10:  0A 94 44 9F 65 D4 E5 56 51 69 E5 3B 79 E1 7C 1F  ..D.e..VQi.;y.|.
00001E20:  87 16 61 8F F8 F4 A0 FB 20 8D BA 0E F0 A6 90 69  ..a..... ......i
00001E30:  09 0C 6B D0 38 F0 CA 08 B2 E8 C2 6B 9C B7 6C 3E  ..k.8......k..l>
00001E40:  65 84 B9 75 BF 2C C9 36 EC BE 6E E2 94 AD 48 18  e..u.,.6..n...H.
00001E50:  02 08 E5 F6 5C D2 CC 89 00 08 1F 5D F1 13 93 16  ....\......]....
00001E60:  90 78 B0 71 05 E0 93 9F E5 11 52 3A 5B 2B AE E4  .x.q......R:[+..
00001E70:  C2 C0 77 CE 52 48 AF 2E 46 22 AA 5A 36 DB FA 41  ..w.RH..F".Z6..A
00001E80:  28 26 06 B7 E7 15 C6 63 D5 C9 F4 A0 BB 47 7F 85  (&.....c.....G..
00001E90:  AE 2D 25 46 79 FA 0A 6E 94 06 7C 54 E5 53 8A B4  .-%Fy..n..|T.S..
00001EA0:  42 EB F6 DA 3F 79 1E 95 4B 1F BA 99 E3 72 0F 22  B...?y..K....r."
00001EB0:  A3 85 96 17 F9 A5 32 60 27 55 80 B8 19 CE 9F 57  ......2`'U.....W
00001EC0:  78 B0 D1 C6 85 E0 70 A0 47 6A 4D E7 63 B9 A0 47  x.....p.GjM.c..G
00001ED0:  94 69 DA 78 85 70 6F 36 D3 82 A7 AF 5C FF 25 DF  .i.x.po6....\.%.
00001EE0:  AC E0 44 75 81 4D A7 3F 50 3D 36 79 98 DE AE 69  ..Du.M.?P=6y...i
00001EF0:  20 80 36 2A 28 BB 4F B0 EF EE 4F 5B B8 FE 20 39   .6*(.O...O[.. 9
00001F00:  99 A6 DB 35 60 4B 36 67 51 7D 56 E0 63 26 4B 22  ...5`K6gQ}V.c&K"
00001F10:  55 81 ED 32 CC D3 F6 B9 1E 51 D6 D5 48 69 D0 62  U..2.....Q..Hi.b
00001F20:  DF 7F 49 CB D2 B2 9A 72 B1 D1 5A 0D 96 C5 5B E7  ..I....r..Z...[.
00001F30:  5D 28 32 C8 38 28 DC 15 F8 6D 46 3B E7 9E 88 3A  ](2.8(...mF;...:
00001F40:  7F 6D 8E 66 80 2D C4 00 EF A8 83 71 13 8E 6E B4  .m.f.-.....q..n.
00001F50:  E5 39 1F 2B 23 81 5E 35 AC D0 E1 94 25 A5 5B 6F  .9.+#.^5....%.[o
00001F60:  BC DC 1E C5 7D 00 9A 83 B3 DE 04 BC A9 C7 E4 A0  ....}...........
00001F70:  7E B2 E2 94 79 28 2D 2D 2F AD 76 32 6F D9 26 DA  ~...y(--/.v2o.&.
00001F80:  23 29 B9 FC 02 74 C0 15 40 7B A5 B6 5C 7D B0 45  #)...t..@{..\}.E
00001F90:  FD CF 91 82 13 97 37 C9 C4 75 97 B8 61 7E 24 9F  ......7..u..a~$.
00001FA0:  CA DF 91 9E 9E 42 9A AC E5 3B 19 E1 4D 81 6F D3  .....B...;..M.o.
00001FB0:  4F BB 74 49 07 B8 05 5E DB 62 5D 34 D5 3A 78 FD  O.tI...^.b]4.:x.
00001FC0:  E6 52 70 9F 18 01 C8 65 2D 80 95 A5 9C 73 D8 22  .Rp....e-....s."
00001FD0:  F4 53 C5 CF BA FA B7 47 1C 7C 9C 52 D9 5A 04 A4  .S.....G.|.R.Z..
00001FE0:  06 69 8C D3 A6 E6 72 9B 82 0A DE 34 30 BB F7 4D  .i....r....40..M
00001FF0:  95 A7 5D 83 36 E1 5F C8 C9 C4 A9 85 6A 74 66 6D  ..].6._.....jtfm
00002000:  B9 51 59 19 71 70 DD 1C D6 4E 4E C0 55 DC C1 67  .QY.qp...NN.U..g
00002010:  DC B5 F5 56 B9 34 5F D5 3C 71 F5 85 7A C0 CD 1E  ...V.4_.<q..z...
00002020:  A8 04 60 4C 2C 48 9F 61 73 0F E3 AA 28 A0 16 BC  ..`L,H.as...(...
00002030:  CD 3A D3 3F 6C EE 93 8F CA D9 C8 E4 FE 2E 91 82  .:.?l...........
00002040:  03 68 1A DA 67 49 5D 40 E7 12 F3 0E 46 72 0E C3  .h..gI]@....Fr..
00002050:  BC AC 22 53 54 C2 37 08 B7 D7 F6 0B F2 4C E3 B3  .."ST.7......L..
00002060:  BD B5 8A 80 AD ED 8C 43 03 CF 00 53 CD 3F DF 8A  .......C...S.?..
00002070:  D4 7D 6D EF 03 06 EB B0 9D 35 87 51 92 B0 90 7A  .}m......5.Q...z
00002080:  B2 BD CD 82 E1 94 95 17 24 73 CA CC 93 E2 70 38  ........$s....p8
00002090:  17 DE 2D E9 24 5B 12 B2 73 66 71 C8 6B 94 4A E9  ..-.$[..sfq.k.J.
000020A0:  AC FA 9B 4A FF ED B8 E1 C3 A1 1D 16 F9 8B E4 CA  ...J............
000020B0:  9B B4 6A 6B 23 0F F9 57 4A 1E 6D 4A 2B 15 A4 3F  ..jk#..WJ.mJ+..?
000020C0:  7E 06 72 B0 DE 65 6E DB 97 F5 B6 BD C2 98 C2 41  ~.r..en........A
000020D0:  83 14 EA F9 4B 9C 05 12 0B F5 5F 41 7F D0 5E DC  ....K....._A..^.
000020E0:  E8 07 45 C5 A2 39 8E BD 4A EE 37 B9 51 7E 74 E1  ..E..9..J.7.Q~t.
000020F0:  0C D5 93 20 3E 2A DD 34 18 11 43 43 74 23 15 79  ... >*.4..CCt#.y
00002100:  3C C6 40 8D 3E ED CD F4 0A AE 96 3D 15 69 7F 1C  <.@.>......=.i..
00002110:  03 8F D0 27 0A 6A 6C 71 EC F2 0F 5F 93 79 B2 E0  ...'.jlq..._.y..
00002120:  DA 30 34 BA F1 B6 39 C7 72 9E 83 09 B7 3B F8 6B  .04...9.r....;.k
00002130:  75 1B EC 65 67 36 4B 02 13 6A D6 92 93 A7 99 F2  u..eg6K..j......
00002140:  DF AD 76 13 BF F0 41 93 8A 45 F4 97 29 50 47 5E  ..v...A..E..)PG^
00002150:  32 D0 6B 4D A9 42 A9 D6 1A 6E D7 2A 0B 80 E4 77  2.kM.B...n.*...w
00002160:  41 64 07 26 7A 2A DC 44 C4 03 A5 84 A3 D6 1E 7A  Ad.&z*.D.......z
00002170:  74 90 69 7F 78 A7 F5 7D 92 A9 E6 C5 18 77 54 74  t.i.x..}.....wTt
00002180:  68 CC B7 93 77 C7 BC DF A9 60 6B C5 84 82 9E 19  h...w....`k.....
00002190:  83 A3 98 61 58 D6 A3 92 E7 90 BF 7B E4 31 18 19  ...aX......{.1..
000021A0:  90 33 16 A7 A1 7C 8D 86 BC 84 DE 07 C4 63 AE 7E  .3...|.......c.~
000021B0:  0C AB 2D F7 41 DF 89 AF AC 1D ED 0A DE E7 E0 03  ..-.A...........
000021C0:  B3 87 7C 1D 84 A0 98 46 F8 E4 A9 4F 90 8A 76 37  ..|....F...O..v7
000021D0:  C5 72 4E B2 6A 07 C6 46 46 4F 54 62 C7 2E E0 8B  .rN.j..FFOTb....
000021E0:  19 9C 2D D4 B1 95 09 92 A1 0A 14 A5 97 95 65 28  ..-...........e(
000021F0:  09 22 53 00 C6 75 6C 6E 26 46 3C F1 7B 1D 30 9D  ."S..uln&F<.{.0.
00002200:  49 49 E2 42 9A 1F DA E1 90 C3 84 AF D9 66 EA 95  II.B.........f..
00002210:  20 F7 62 6D 76 04 78 7B 6B 71 26 68 D4 A4 E3 90   .bmv.x{kq&h....
00002220:  F1 11 BA D3 A9 49 0D AC D3 0C 75 41 21 65 A8 35  .....I....uA!e.5
00002230:  AB CE BC AC 84 49 37 17 E4 FC 2D A1 84 0E 33 E0  .....I7...-...3.
00002240:  6F 84 C5 7D AB 1B 1E 0E FE 0E DE FB ED FF 63 85  o..}..........c.
00002250:  03 BD D0 A6 37 0D 94 E7 65 74 85 21 B3 95 8E 22  ....7...et.!..."
00002260:  FA 84 B1 DD F2 8D 9A 72 B1 D1 5A 0D 96 C5 5B E7  .......r..Z...[.
00002270:  5D 28 32 C8 38 28 15 1A EB 81 29 9D D2 E8 6B 7D  ](2.8(....)...k}
00002280:  B2 53 20 C3 59 86 C4 00 EF A8 83 71 13 8E 6E B4  .S .Y......q..n.
00002290:  E5 39 1F 2B 23 81 5E 35 AC D0 E1 94 25 A5 5B 6F  .9.+#.^5....%.[o
000022A0:  BC DC 1E C5 7D 00 A3 67 36 1C 4E B2 DF 59 A6 6B  ....}..g6.N..Y.k
000022B0:  E0 B0 B4 F8 88 85 71 87 17 26 0A 11 42 25 50 C8  ......q..&..B%P.
000022C0:  9E 31 68 2D 48 F1 C0 15 40 7B A5 B6 5C 7D B0 45  .1h-H...@{..\}.E
000022D0:  FD CF 91 82 13 97 32 75 A5 9E 59 03 37 5D 4A 91  ......2u..Y.7]J.
000022E0:  5E 36 B3 6F FB 6E 87 AD 48 AE D4 D6 E7 69 B1 9E  ^6.o.n..H....i..
000022F0:  4C F4 B3 D7 B6 8C 25 AA CA 24 BD 22 9B B7 29 3B  L.....%..$."..);
00002300:  80 43 F3 87 DE D5 37 51 2D CF C2 12 EC 34 4B 18  .C....7Q-....4K.
00002310:  92 B9 AF BC 41 A5 BA 1E BC 07 32 AC 76 91 98 9A  ....A.....2.v...
00002320:  31 32 79 FB DB 34 5F CE 99 A2 AC 9C 38 97 92 28  12y..4_.....8..(
00002330:  B0 77 F9 BC 25 A1 14 E4 C8 95 A6 EF 8E 88 56 48  .w..%.........VH
00002340:  0A 94 44 9F 65 D4 0A 40 8A CB 8F DC 17 C8 C1 00  ..D.e..@........
00002350:  63 BF B7 BF EC 03 40 D2 8E BA 9E 62 EA 94 79 EB  c.....@....b..y.
00002360:  27 0B BC 21 D6 EF CA 08 B2 E8 C2 6B 9C B7 6C 3E  '..!.......k..l>
00002370:  65 84 B9 75 BF 2C C9 36 EC BE 6E E2 94 AD 48 18  e..u.,.6..n...H.
00002380:  02 08 E5 F6 5C D2 CC 89 00 08 1F 5D F1 13 93 16  ....\......]....
00002390:  90 78 B0 71 05 E0 93 9F E5 11 52 3A 5B 2B AE E4  .x.q......R:[+..
000023A0:  C2 C0 77 CE 52 48 3D 06 6A B8 8D D2 34 BD 4F C8  ..w.RH=.j...4.O.
000023B0:  5C 07 BA 3F C3 D4 1C B9 08 E5 C4 50 0F 07 27 69  \..?.......P..'i
000023C0:  D4 0C 1E 8C 14 92 B2 CC F3 69 12 0A 44 3E D8 F7  .........i..D>..
000023D0:  74 51 29 8A 6C 57 62 54 B1 1B 3F 29 AE 2D 0B 99  tQ).lWbT..?).-..
000023E0:  D3 C3 38 7D 89 21 49 03 29 C5 6B 88 F4 41 A6 D3  ..8}.!I.).k..A..
000023F0:  43 92 3A 5F 3A 04 A7 14 2D D2 D4 AA 62 60 B9 AC  C.:_:...-...b`..
00002400:  DF E1 4A 59 47 22 6F 36 D3 82 A7 AF 5C FF 25 DF  ..JYG"o6....\.%.
00002410:  AC E0 44 75 81 4D A7 3F 50 3D 36 79 98 DE AE 69  ..Du.M.?P=6y...i
00002420:  20 80 36 2A 28 BB 4F B0 EF EE 4F 5B B8 FE 20 39   .6*(.O...O[.. 9
00002430:  99 A6 DB 35 60 4B 43 92 31 66 DD C0 82 FD 76 8B  ...5`KC.1f....v.
00002440:  2E 22 69 35 1B 17 62 37 A5 B6 8B E8 47 4C 0A 39  ."i5..b7....GL.9
00002450:  C7 41 8B F5 4F 85 9B 9B 23 3E 97 5F 3C 6E F8 4F  .A..O...#>._<n.O
00002460:  C9 8B 28 F2 37 C9 E0 8B 6A 65 69 91 FB 2D 19 D6  ..(.7...jei..-..
00002470:  03 BA 28 E1 B2 D5 66 45 78 F3 7E 0C 88 2C C2 15  ..(...fEx.~..,..
00002480:  C0 8F DD 10 12 B9 6C 52 66 06 D0 C8 06 9D ED E4  ......lRf.......
00002490:  75 38 D2 18 AD E2 E6 17 6B DA FD DB BD FC C0 8F  u8......k.......
000024A0:  57 62 AB 61 CF 59 D6 19 D2 4F 4F F0 8F 54 01 B6  Wb.a.Y...OO..T..
000024B0:  67 DE F8 A4 60 D3 68 3C C6 37 08 BA 3A 63 9D 83  g...`.h<.7..:c..
000024C0:  30 CF 0E 1F 5B D5 94 CA AB 89 CF D8 62 20 35 54  0...[.......b 5T
000024D0:  8F 5D D0 ED C6 70 20 AE E8 01 CA 26 C8 49 12 B6  .]...p ....&.I..
000024E0:  11 D9 6D AB 94 45 FF 55 83 12 6B 78 37 44 80 8D  ..m..E.U..kx7D..
000024F0:  98 40 65 56 13 D7 B0 36 2D BA C4 03 F9 62 25 50  .@eV...6-....b%P
00002500:  46 FF A0 81 27 5E 8D 94 59 A7 61 6F F6 27 CD 2B  F...'^..Y.ao.'.+
00002510:  CE 15 BA B6 14 E2 C8 B0 E4 14 7F 78 24 85 07 47  ...........x$..G
00002520:  58 CB 58 FE A8 D3 BA 97 45 44 A1 98 D7 55 BE E8  X.X.....ED...U..
00002530:  82 3E 9D 8A 7A B8 2D 6A 04 FB CA 09 03 05 9B 8C  .>..z.-j........
00002540:  80 E2 94 07 86 17 D4 40 EF 9E A9 EE 38 98 E2 B0  .......@....8...
00002550:  65 2C 8A 97 C1 31 C2 A3 6B E4 6A 45 AB 02 6E B4  e,...1..k.jE..n.
00002560:  BE 8D 0C A5 AC 2E 14 91 5D 2B FB 49 41 E2 72 87  ........]+.IA.r.
00002570:  A1 16 DC 29 42 16 F6 21 98 85 93 94 74 70 97 D6  ...)B..!....tp..
00002580:  1C DE A8 0C FE F5 D1 DC 43 DD 75 0F A3 57 F8 35  ........C.u..W.5
00002590:  10 41 74 D4 A5 76 AE 65 91 21 9D 91 E0 8C 10 05  .At..v.e.!......
000025A0:  EF 32 24 1B 64 E9 ED 0C 20 17 3B 48 FE 81 D0 A9  .2$.d... .;H....
000025B0:  A6 84 13 51 D4 37 E9 E7 29 9C 67 D6 42 67 60 ED  ...Q.7..).g.Bg`.
000025C0:  15 1E A1 3C D6 05 41 A9 99 15 11 AA 0C 4D D3 E3  ...<..A......M..
000025D0:  4A 6F 30 4F E3 61 B1 C0 76 52 B2 00 DF 11 36 6D  Jo0O.a..vR....6m
000025E0:  AD A7 D6 34 D6 CF 77 DD 37 E3 A3 CA F0 4D 72 51  ...4..w.7....MrQ
000025F0:  B5 E7 BE 2E 82 31 EC B7 64 53 63 37 01 A3 E2 6B  .....1..dSc7...k
00002600:  5A AF 5C 58 0A C3 74 77 2F AC FB DC AD E8 95 1F  Z.\X..tw/.......
00002610:  E3 82 3B 54 AE B9 40 D2 8E BA 9E 62 EA 94 79 EB  ..;T..@....b..y.
00002620:  27 0B BC 21 D6 EF CA 08 B2 E8 C2 6B 9C B7 6C 3E  '..!.......k..l>
00002630:  65 84 B9 75 BF 2C C9 36 EC BE 6E E2 94 AD 48 18  e..u.,.6..n...H.
00002640:  02 08 E5 F6 5C D2 CC 89 00 08 1F 5D F1 13 93 16  ....\......]....
00002650:  90 78 B0 71 05 E0 0D 8E 45 27 3E D9 5B 4E B6 C6  .x.q....E'>.[N..
00002660:  BC CA 66 B3 CE 3A AB 35 6B EA 77 C1 A5 BE E2 2C  ..f..:.5k.w....,
00002670:  22 90 0B 2F 49 B5 07 3E F7 0D F5 D5 13 B6 A7 DE  "../I..>........
00002680:  D7 88 D9 C3 2D BF B2 CC F3 69 12 0A 44 3E D8 F7  ....-....i..D>..
00002690:  74 51 29 8A 6C 57 62 54 B1 1B 3F 29 AE 2D 0B 99  tQ).lWbT..?).-..
000026A0:  D3 C3 38 7D 89 21 1D 37 2E 98 6F A7 9F 2F 73 9B  ..8}.!.7..o../s.
000026B0:  93 DF 26 E2 62 84 65 DF 32 1F 1C C2 CE 94 E1 00  ..&.b.e.2.......
000026C0:  A0 70 38 FD 25 2E 76 E9 D9 5B 4C 3E 7A FF 67 A2  .p8.%.v..[L>z.g.
000026D0:  2B 45 A8 35 5A 60 A7 3F 50 3D 36 79 98 DE AE 69  +E.5Z`.?P=6y...i
000026E0:  20 80 36 2A 28 BB 4F B0 EF EE 4F 5B B8 FE 20 39   .6*(.O...O[.. 9
000026F0:  99 A6 DB 35 60 4B 37 52 01 E0 39 AB 01 8A C5 AE  ...5`K7R..9.....
00002700:  49 9B EF 8F 34 A4 25 71 D8 D0 30 19 DD 2E A9 C8  I...4.%q..0.....
00002710:  81 C9 46 18 7D 2E 9B 9B 23 3E 97 5F 3C 6E F8 4F  ..F.}...#>._<n.O
00002720:  C9 8B 28 F2 37 C9 9B E3 94 6D 57 CC E3 B2 59 B4  ..(.7....mW...Y.
00002730:  BE 61 D8 FE 92 2B 64 AF 6D 7F D8 6C 7D 47 BD DC  .a...+d.m..l}G..
00002740:  2B 7E 97 ED 55 39 6C 52 66 06 D0 C8 06 9D ED E4  +~..U9lRf.......
00002750:  75 38 D2 18 AD E2 FF 9E D2 5A 33 8C 51 35 EE 79  u8.......Z3.Q5.y
00002760:  0F 5E B9 2F B5 07 D6 19 D2 4F 4F F0 8F 54 01 B6  .^./.....OO..T..
00002770:  67 DE F8 A4 60 D3 68 3C C6 37 08 BA 3A 63 9D 83  g...`.h<.7..:c..
00002780:  30 CF 0E 1F 5B D5 94 CA AB 89 CF D8 62 20 35 54  0...[.......b 5T
00002790:  8F 5D D0 ED C6 70 20 AE E8 01 CA 26 C8 49 12 B6  .]...p ....&.I..
000027A0:  11 D9 6D AB 94 45 EF D2 29 62 AF 0D 12 6E 91 DB  ..m..E..)b...n..
000027B0:  13 74 08 FE 7C 62 28 9A A0 5A 51 3B 24 7B E7 45  .t..|b(..ZQ;${.E
000027C0:  58 EB 12 78 9C 77 47 49 79 3C 1B 8E 01 F4 94 4A  X..x.wGIy<.....J
000027D0:  E2 6B 4F 9D 7C 27 7E 4C 55 2C 16 8D 1F AA 47 70  .kO.|'~LU,....Gp
000027E0:  14 84 0B B2 2D 87 14 E4 C8 95 A6 EF 8E 88 56 48  ....-.........VH
000027F0:  0A 94 44 9F 65 D4 B7 CA 07 C6 4E 94 02 EC FE F6  ..D.e.....N.....
00002800:  6B A3 11 6A 42 A6 A0 FB 20 8D BA 0E F0 A6 90 69  k..jB... ......i
00002810:  09 0C 6B D0 38 F0 CA 08 B2 E8 C2 6B 9C B7 6C 3E  ..k.8......k..l>
00002820:  65 84 B9 75 BF 2C C9 36 EC BE 6E E2 94 AD 48 18  e..u.,.6..n...H.
00002830:  02 08 E5 F6 5C D2 CC 89 00 08 1F 5D F1 13 93 16  ....\......]....
00002840:  90 78 B0 71 05 E0 53 02 D2 B1 B5 38 DF 64 2E CC  .x.q..S....8.d..
00002850:  2D F2 8E F1 1E EA F9 1D A9 88 19 CB B6 BB 74 D8  -.............t.
00002860:  23 D2 C5 EF FF EA 5C 85 8F 2B 6E 44 AA 8A 65 A5  #.....\..+nD..e.
00002870:  46 60 95 1B C6 5F AD 29 68 B4 AB 78 FB 81 54 BC  F`..._.)h..x..T.
00002880:  F2 F2 67 CA BD 6A 09 F2 F4 F4 76 FD E1 2D A4 80  ..g..j....v..-..
00002890:  8B C9 E3 F4 9A B0 B8 B1 8A 76 1E 85 45 73 65 48  .........v..EseH
000028A0:  10 AF EC 31 BA E1 19 0A B9 25 86 40 F2 3F 03 2E  ...1.....%.@.?..
000028B0:  8E 2E 13 26 26 EB 78 7B 6B 71 26 68 D4 A4 E3 90  ...&&.x{kq&h....
000028C0:  F1 11 BA D3 A9 49 0D AC D3 0C 75 41 21 65 A8 35  .....I....uA!e.5
000028D0:  AB CE BC AC 84 49 37 17 E4 FC 2D A1 84 0E 33 E0  .....I7...-...3.
000028E0:  6F 84 C5 7D AB 1B 74 F0 7A D1 F5 6E 0F 5B AC C8  o..}..t.z..n.[..
000028F0:  B3 76 05 ED 24 D9 94 E7 65 74 85 21 B3 95 8E 22  .v..$...et.!..."
00002900:  FA 84 B1 DD F2 8D 9A 72 B1 D1 5A 0D 96 C5 5B E7  .......r..Z...[.
00002910:  5D 28 32 C8 38 28 7D CE 8B 84 EA CE 7F 30 04 63  ](2.8(}......0.c
00002920:  F0 06 DD 49 9B 28 C4 00 EF A8 83 71 13 8E 6E B4  ...I.(.....q..n.
00002930:  E5 39 1F 2B 23 81 5E 35 AC D0 E1 94 25 A5 5B 6F  .9.+#.^5....%.[o
00002940:  BC DC 1E C5 7D 00 52 DB 0A E3 E9 A0 A3 78 3D 7E  ....}.R......x=~
00002950:  1C 12 BA 26 C7 CC 7A B5 E1 C8 3A 95 6B 35 53 6B  ...&..z...:.k5Sk
00002960:  4B C1 56 B7 2C 69 C0 15 40 7B A5 B6 5C 7D B0 45  K.V.,i..@{..\}.E
00002970:  FD CF 91 82 13 97 32 75 A5 9E 59 03 37 5D 4A 91  ......2u..Y.7]J.
00002980:  5E 36 B3 6F FB 6E 87 AD 48 AE D4 D6 E7 69 B1 9E  ^6.o.n..H....i..
00002990:  4C F4 B3 D7 B6 8C 25 AA CA 24 BD 22 9B B7 29 3B  L.....%..$."..);
000029A0:  80 43 F3 87 DE D5 7B 68 13 EB 03 AE 7A 56 F0 D6  .C....{h....zV..
000029B0:  2B 10 93 C4 13 CB D8 5F 53 B8 BB 76 51 26 D2 85  +......_S..vQ&..
000029C0:  0A 52 33 59 BD A4 7E 4C 55 2C 16 8D 1F AA 47 70  .R3Y..~LU,....Gp
000029D0:  14 84 0B B2 2D 87 14 E4 C8 95 A6 EF 8E 88 56 48  ....-.........VH
000029E0:  0A 94 44 9F 65 D4 05 44 1A 10 3B 42 53 91 33 37  ..D.e..D..;BS.37
000029F0:  11 2D FD AE D8 35 55 75 6E 6B AF 1E FB 2C EF 4E  .-...5Uunk...,.N
00002A00:  5A 3A 03 86 AA D5 CE A4 DF 09 15 37 14 75 FB AE  Z:.........7.u..
00002A10:  B0 A5 57 9E 86 55 96 22 F5 A2 CB CB 6B 5F B5 50  ..W..U."....k_.P
00002A20:  21 40 53 76 B5 72 04 55 34 3A 31 02 49 9D 90 7A  !@Sv.r.U4:1.I..z
00002A30:  62 EA 6C 80 58 C6 77 88 C6 B2 78 61 8B E4 DE 5E  b.l.X.w...xa...^
00002A40:  27 70 E0 F4 6B 2E CF 6F D2 C0 97 86 64 E7 7F 4B  'p..k..o....d..K
00002A50:  96 07 06 53 62 B9 A4 BF C6 88 0D A7 9B F4 E3 8B  ...Sb...........
00002A60:  6D DC EA 76 F3 E4 B4 FF 1D 2F E0 37 2A DF 4A 95  m..v...../.7*.J.
00002A70:  07 8E 7F 34 70 83 AF 1B 9B 21 76 C2 29 A3 2E E0  ...4p....!v.)...
00002A80:  8A D3 7B D7 8D CF AA 3D D6 46 26 64 99 8F 3C 11  ..{....=.F&d..<.
00002A90:  BF 11 6D 28 FF FF 05 44 E3 0A 8C 39 D1 10 E9 F6  ..m(...D...9....
00002AA0:  CE 47 8D B0 4C F5 92 F9 C7 FB DF A4 50 A9 5B 7F  .G..L.......P.[.
00002AB0:  D8 25 AD 8C E3 A3 7F AB AE 54 D7 13 64 AD 13 77  .%.......T..d..w
00002AC0:  60 EA 83 B2 21 22 58 CC 6F 1E 5C 7C 97 8D B5 5F  `...!"X.o.\|..._
00002AD0:  41 1C FE 6E DF 5C D4 F5 35 01 44 C6 4E FD E0 68  A..n.\..5.D.N..h
00002AE0:  56 AD F2 84 AE C9 58 5B 89 8C 75 2D 7B 72 19 57  V.....X[..u-{r.W
00002AF0:  03 0D 1B 39 1E 3F CF C1 5B E8 E8 A1 EE B9 AC A5  ...9.?..[.......
00002B00:  52 23 0F D8 B3 4B B2 CC F3 69 12 0A 44 3E D8 F7  R#...K...i..D>..
00002B10:  74 51 29 8A 6C 57 FB A9 12 BD 95 A0 81 D1 E1 22  tQ).lW........."
00002B20:  85 33 40 0D 28 1B 8B 2B DE 6D D3 D3 D6 1D 1A 37  .3@.(..+.m.....7
00002B30:  FA 3A 99 DB 98 CD D6 4D B4 28 9A 92 13 F3 38 32  .:.....M.(....82
00002B40:  75 DA F0 A3 37 FF B7 72 7A 67 FB 59 1F 02 A5 4D  u...7..rzg.Y...M
00002B50:  FF 87 43 3C 5D 9C 02 ED 0A 1E 44 93 27 19 80 7C  ..C<].....D.'..|
00002B60:  B2 D5 57 1B F8 17 B0 37 5B 9B 09 55 15 28 49 A8  ..W....7[..U.(I.
00002B70:  37 A9 72 BD 67 46 A0 C7 18 60 50 2B 2C C7 DA 22  7.r.gF...`P+,.."
00002B80:  01 1F DF 58 E0 57 9C 75 D1 51 63 47 81 B3 42 9A  ...X.W.u.QcG..B.
00002B90:  93 F5 30 3C FD D8 97 5A 84 E8 70 00 C8 0C 0C ED  ..0<...Z..p.....
00002BA0:  A5 ED 4F C8 AB 9B 98 8E 12 A3 27 90 CA 8A 8E 75  ..O.......'....u
00002BB0:  2E 76 30 DE 28 86 68 D8 C3 59 99 19 72 08 3C 09  .v0.(.h..Y..r.<.
00002BC0:  FA 8C C8 E4 86 75 19 8B E7 3F F2 B1 35 24 6F 4B  .....u...?..5$oK
00002BD0:  13 B5 F4 C7 9D 30 9E B8 48 4B 7F A2 AD 97 7B AC  .....0..HK....{.
00002BE0:  A2 3A 33 D1 95 38 76 3D C5 FC 0A E0 84 37 DA 89  .:3..8v=.....7..
00002BF0:  F4 7B 67 AC 25 7A CD F2 A8 79 52 61 CD 86 C9 D7  .{g.%z...yRa....
00002C00:  8A 13 2F 55 5B EF 67 F8 2D 05 4F 27 A0 F2 BD B6  ../U[.g.-.O'....
00002C10:  AB F1 C7 50 B2 2A E0 00 86 E2 1A 67 DF C2 50 22  ...P.*.....g..P"
00002C20:  66 6C 07 54 2E 13 F5 3B 2A 89 3A C0 CC 72 21 D3  fl.T...;*.:..r!.
00002C30:  5E 00 E6 BC 75 16 8C 9D 47 DC D9 39 27 10 26 EE  ^...u...G..9'.&.
00002C40:  2F 79 0E 1C 27 07 3F 34 30 26 68 B7 7B C1 63 3F  /y..'.?40&h.{.c?
00002C50:  E7 16 77 30 7F 32 55 DD FC C4 97 AD E2 87 96 EB  ..w0.2U.........
00002C60:  CA D5 5A 69 77 D8 93 15 2E 59 D8 16 14 7F 9A 3F  ..Ziw....Y.....?
00002C70:  8B 28 E6 35 7C DE D4 F3 88 D4 B4 68 11 5D 5C E8  .(.5|......h.]\.
00002C80:  FE 49 D4 23 D9 30 94 1E 8B 7B 9A 97 9D 75 C9 50  .I.#.0...{...u.P
00002C90:  48 EE 83 AF 53 65 50 13 68 FA 4B 33 5C 59 01 43  H...SeP.h.K3\Y.C
00002CA0:  3D E2 D7 58 1B 9D 87 59 CC E7 69 B8 1E 1F F7 8E  =..X...Y..i.....
00002CB0:  1F A4 A1 72 11 7C 6C E2 49 4C 1D E6 C1 D9 DA FC  ...r.|l.IL......
00002CC0:  91 45 C8 2A 5B 76 19 94 10 13 2B 72 C0 7A 27 55  .E.*[v....+r.z'U
00002CD0:  05 60 F0 3C 95 4F C3 A5 3C 8F 50 66 28 7C 5B F2  .`.<.O..<.Pf(|[.
00002CE0:  EB FC 21 E8 36 14 5F CF C7 B4 C6 4C CF 77 52 E6  ..!.6._....L.wR.
00002CF0:  AA FE 0A 18 9B 29 D4 F5 35 01 44 C6 4E FD E0 68  .....)..5.D.N..h
00002D00:  56 AD F2 84 AE C9 EC 92 71 73 E7 30 4E 5E B7 1B  V.......qs.0N^..
00002D10:  89 FC 08 DC 3C FE 4D 4F 34 30 71 4B 21 FE 21 F0  ....<.MO40qK!.!.
00002D20:  93 30 03 F4 7F A7 B5 53 05 88 AE A0 FE 35 D3 11  .0.....S.....5..
00002D30:  95 BE 2B E8 DB 3C 1E 2D B1 68 72 9D 6D 33 FE 99  ..+..<.-.hr.m3..
00002D40:  39 C7 C0 46 05 97 30 D6 74 B5 0D A5 4D 8D 15 B3  9..F..0.t...M...
00002D50:  70 9C 46 B6 A9 66 B0 37 5B 9B 09 55 15 28 49 A8  p.F..f.7[..U.(I.
00002D60:  37 A9 72 BD 67 46 2C 20 26 79 FB 0F E8 33 B0 66  7.r.gF, &y...3.f
00002D70:  BA E0 31 15 23 4D 9C 75 D1 51 63 47 81 B3 42 9A  ..1.#M.u.QcG..B.
00002D80:  93 F5 30 3C FD D8 97 5A 84 E8 70 00 C8 0C 0C ED  ..0<...Z..p.....
00002D90:  A5 ED 4F C8 AB 9B A1 6D 36 F1 21 33 0E 10 91 BC  ..O....m6.!3....
00002DA0:  BE 9F FA 17 12 05 52 98 49 9B 31 67 6D 3E 76 9B  ......R.I.1gm>v.
00002DB0:  5A AD C9 28 EE 62 19 8B E7 3F F2 B1 35 24 6F 4B  Z..(.b...?..5$oK
00002DC0:  13 B5 F4 C7 9D 30 9E B8 48 4B 7F A2 AD 97 7B AC  .....0..HK....{.
00002DD0:  A2 3A 33 D1 95 38 76 3D C5 FC 0A E0 84 37 DA 89  .:3..8v=.....7..
00002DE0:  F4 7B 67 AC 25 7A 2F 6C 73 98 1B FD 3B 23 3E 54  .{g.%z/ls...;#>T
00002DF0:  4B F1 8E 61 7D F0 97 15 29 BC 86 81 28 2E A2 CA  K..a}...)...(...
00002E00:  A0 C6 8B 6E 9F D7 2B 78 67 4B 0D BA 0D 70 1F 42  ...n..+xgK...p.B
00002E10:  73 21 8D ED 7F 02 49 57 CF B2 29 FA 60 6B 80 AA  s!....IW..).`k..
00002E20:  D4 99 67 84 F6 CF 8C 9D 47 DC D9 39 27 10 26 EE  ..g.....G..9'.&.
00002E30:  2F 79 0E 1C 27 07 B5 7E 93 A6 BB 2D 52 78 4C 63  /y..'..~...-RxLc
00002E40:  BC C7 B4 A1 4A 0A F7 04 28 7A 98 1B 5D D5 D6 C7  ....J...(z..]...
00002E50:  41 D2 73 AC C9 A0 93 15 2E 59 D8 16 14 7F 9A 3F  A.s......Y.....?
00002E60:  8B 28 E6 35 7C DE D4 F3 88 D4 B4 68 11 5D 5C E8  .(.5|......h.]\.
00002E70:  FE 49 D4 23 D9 30 94 1E 8B 7B 9A 97 9D 75 C9 50  .I.#.0...{...u.P
00002E80:  48 EE 83 AF 53 65 C9 F9 10 A6 EF 97 8D 95 E6 76  H...Se.........v
00002E90:  3E 1A A6 E1 4D 36 22 F1 0C 50 06 C5 89 3E 17 84  >...M6"..P...>..
00002EA0:  CA 66 FE 13 4B DE 9E 9F 87 A4 BF 0D 7C E0 D4 02  .f..K.......|...
00002EB0:  38 43 1B 47 F4 10 8A 21 D5 7B BB EE 8C 1C E6 4E  8C.G...!.{.....N
00002EC0:  83 CD 8E 12 11 7B C3 A5 3C 8F 50 66 28 7C 5B F2  .....{..<.Pf(|[.
00002ED0:  EB FC 21 E8 36 14 ED CB 24 12 59 F0 6A A7 BE 6B  ..!.6...$.Y.j..k
00002EE0:  45 E4 3F B3 C2 47 7C E2 53 73 C1 D5 3C DD 22 A3  E.?..G|.Ss..<.".
00002EF0:  A1 58 D1 FB D9 41 2B EA 71 4B 36 78 72 E6 16 9E  .X...A+.qK6xr...
00002F00:  F1 32 A8 1A CC 2F 4D 4F 34 30 71 4B 21 FE 21 F0  .2.../MO40qK!.!.
00002F10:  93 30 03 F4 7F A7 B5 53 05 88 AE A0 FE 35 D3 11  .0.....S.....5..
00002F20:  95 BE 2B E8 DB 3C 88 98 EE 22 28 D8 D3 28 B8 C9  ..+..<..."(..(..
00002F30:  DC 4C 30 55 BD 1E 10 B6 E0 DC 11 94 3C 4D 8D CF  .L0U........<M..
00002F40:  32 CE 82 B9 6F B4 7E DE 3F 56 60 A5 23 3F 90 44  2...o.~.?V`.#?.D
00002F50:  CC 8E 09 DB C6 08 25 19 21 C0 5B 0C 8D 67 16 36  ......%.!.[..g.6
00002F60:  81 5E 60 63 E2 C8 89 C5 01 87 8B 9E 6B A9 90 77  .^`c........k..w
00002F70:  4D FC D6 1A 82 A4 A4 81 1A 8C F6 55 53 54 0F 69  M..........UST.i
00002F80:  79 B9 E8 D9 C1 68 E9 59 57 6C 6F E4 73 8D 9D 95  y....h.YWlo.s...
00002F90:  B1 2A 1B 61 14 C1 F7 D4 6B E2 A9 CB E4 C7 1B ED  .*.a....k.......
00002FA0:  68 8D 70 63 EB BF B3 5D E7 3F A1 1F 23 26 24 6C  h.pc...].?..#&$l
00002FB0:  D5 EB 57 32 81 89 1F AA C4 CF 31 C2 DA 38 67 BF  ..W2......1..8g.
00002FC0:  F1 2D 8C 28 96 78 A8 04 5E EA A3 93 0B 07 EA 7F  .-.(.x..^.......
00002FD0:  54 81 38 93 39 FD 6B 8B 4F E4 B7 9F 79 26 4F 59  T.8.9.k.O...y&OY
00002FE0:  4A 1B 36 2F 40 2A 10 99 0F CF B5 2B BC 5E F7 B3  J.6/@*.....+.^..
00002FF0:  30 53 2D 90 71 50 7E 98 9E 13 3B 64 1C 9B E6 61  0S-.qP~...;d...a
00003000:  90 FA 1A E2 30 E5 6B 69 FF 8B C2 BD 7A 22 23 E3  ....0.ki....z"#.
00003010:  E1 6C B0 C3 CD 72 61 64 54 27 C3 41 5D 7C 3D CE  .l...radT'.A]|=.
00003020:  C5 D1 09 5D 0A 62 31 50 CE 43 D5 8C CE 4A 85 61  ...].b1P.C...J.a
00003030:  AE 5A F8 48 92 B4 7A 01 E2 97 9E F6 90 66 67 0F  .Z.H..z......fg.
00003040:  86 D0 D4 BD 66 E3 43 3F 7E 5C 04 B9 CB 6B FC 67  ....f.C?~\...k.g
00003050:  AD 08 40 1E E4 7C D6 9A E7 7B FF 29 BF 25 A0 5C  ..@..|...{.).%.\
00003060:  6F F9 E8 18 EB B0 9E 1B 89 48 13 D4 FA F5 FB CC  o........H......
00003070:  70 5B 6A B0 D4 CF 97 4C 06 FE 40 8F 6A 69 47 A9  p[j....L..@.jiG.
00003080:  59 FD 61 68 82 08 BE D1 E5 24 3F 63 35 14 40 85  Y.ah.....$?c5.@.
00003090:  B7 10 E3 67 7A BB E7 F0 2F D9 26 E3 E6 34 49 B0  ...gz.../.&..4I.
000030A0:  E8 61 57 9D 30 BF 24 88 46 F1 89 07 C2 82 4C 10  .aW.0.$.F.....L.
000030B0:  FB C4 C4 54 B5 01 D5 F9 8C D7 0D 13 7A 01 B1 A4  ...T........z...
000030C0:  F4 26 DD 31 11 46 14 E1 AC 1C F0 F6 C5 19 A1 44  .&.1.F.........D
000030D0:  BF D1 D8 1E AA 8A 31 5C E4 B3 D0 8B D2 73 E5 CC  ......1\.....s..
000030E0:  87 2F 51 23 6C 70 1D 2C E6 32 DF D3 3D 6A 96 A3  ./Q#lp.,.2..=j..
000030F0:  87 22 84 BD CA D8 13 5D 0C C6 36 52 61 26 DF D0  .".....]..6Ra&..
00003100:  AB 27 1A 0F DA E7 D6 9A E7 7B FF 29 BF 25 A0 5C  .'.......{.).%.\
00003110:  6F F9 E8 18 EB B0 9E 1B 89 48 13 D4 FA F5 FB CC  o........H......
00003120:  70 5B 6A B0 D4 CF 44 48 96 E1 57 44 B7 3B B3 E9  p[j...DH..WD.;..
00003130:  60 77 74 7E 05 54 0E 89 B5 C7 46 69 2B CA 0B BE  `wt~.T....Fi+...
00003140:  85 60 EB DA 2B 5C 38 D4 85 04 05 32 89 AF 8F 13  .`..+\8....2....
00003150:  20 92 54 CA C3 93 43 84 32 DE 30 B8 4E DF 1B 49   .T...C.2.0.N..I
00003160:  75 8F 9F 5F EF 2E CC 13 1E 6B ED 8A 4F 17 6A AA  u.._.....k..O.j.
00003170:  8E EB EB 00 88 05 14 E1 AC 1C F0 F6 C5 19 A1 44  ...............D
00003180:  BF D1 D8 1E AA 8A 31 5C E4 B3 D0 8B D2 73 E5 CC  ......1\.....s..
00003190:  87 2F 51 23 6C 70 D0 68 19 6E D9 98 85 28 26 38  ./Q#lp.h.n...(&8
000031A0:  F9 6F A6 D4 5A B2 55 59 78 39 5E FA 47 85 84 4E  .o..Z.UYx9^.G..N
000031B0:  F5 7A 82 25 BB 6F F0 67 27 8E 40 56 9C 99 B3 E9  .z.%.o.g'.@V....
000031C0:  B0 65 88 E5 AB 93 6C AE F9 AC F4 B3 D0 69 2A 38  .e....l......i*8
000031D0:  31 FB 33 88 4F 01 D2 0C BD 3B 22 C9 20 8F 8E AE  1.3.O....;". ...
000031E0:  B0 5D EB D3 94 9F 79 2A DF F7 8D D6 1C 45 D7 8A  .]....y*.....E..
000031F0:  B9 9D 16 9F 62 15 BD 01 3E 0F A7 19 77 60 51 70  ....b...>...w`Qp
00003200:  3F 29 64 8F D0 2F A3 E7 31 74 A2 21 CC 4C A9 31  ?)d../..1t.!.L.1
00003210:  22 2D B4 DA EC A8 E9 E7 29 9C 67 D6 42 67 60 ED  "-......).g.Bg`.
00003220:  15 1E A1 3C D6 05 42 B6 1F 8E 4A 17 B7 C4 D8 2F  ...<..B...J..../
00003230:  29 08 24 4F D7 B6 72 12 DE 67 7C 13 E1 D4 E4 05  ).$O..r..g|.....
00003240:  29 DE C7 BF CF 7B F5 37 8B 30 DA 40 26 92 35 22  )....{.7.0.@&.5"
00003250:  8F 59 16 04 77 5F 6C AE F9 AC F4 B3 D0 69 2A 38  .Y..w_l......i*8
00003260:  31 FB 33 88 4F 01 68 FB DF 23 3E AC 30 04 78 93  1.3.O.h..#>.0.x.
00003270:  B1 EF 7C 79 73 80 1B B6 FE FA 07 2C 76 0C 8D A3  ..|ys......,v...
00003280:  B9 9F C8 75 1D 6D 6E 6F 48 E5 96 C6 E4 D1 76 76  ...u.mnoH.....vv
00003290:  8E 29 D8 D2 E6 90 A9 93 89 4C 11 82 3A B5 0F 53  .).......L..:..S
000032A0:  88 F2 3F 44 5E 15 A5 96 72 6D 52 D9 15 8C DC 2C  ..?D^...rmR....,
000032B0:  AF E7 8B F0 28 EE AD 32 DB C8 96 02 1C 48 72 27  ....(..2.....Hr'
000032C0:  A5 EB F6 07 5D BB 3A 33 41 3F 12 C2 11 28 36 66  ....].:3A?...(6f
000032D0:  4D 77 F6 EE E9 1D 69 DD 40 6D 56 E8 C9 59 5F AE  Mw....i.@mV..Y_.
000032E0:  7F B5 75 AF F6 AB 96 1E 61 7D 27 AA 47 D9 D5 4A  ..u.....a}'.G..J
000032F0:  8C A8 BD 70 C4 BF 84 4A DC 9A 32 7C BB 9B 59 F7  ...p...J..2|..Y.
00003300:  96 32 31 54 72 73 69 15 88 BE 02 83 DF 9B C3 51  .21Trsi........Q
00003310:  E1 29 74 87 11 87 83 2D 8C C0 0E 3C 19 27 CC FA  .)t....-...<.'..
00003320:  FD D2 9C F8 A1 07 45 68 AE AC 1E 59 C8 14 18 46  ......Eh...Y...F
00003330:  8C 9E CB A2 5C 27 44 C4 DB BF D1 DD 1F DA 26 A5  ....\'D.......&.
00003340:  C0 0F 8F D3 42 28 EC FD D2 5E 64 8F 96 5A 55 35  ....B(...^d..ZU5
00003350:  ED 7A 0A 8A 10 73 2E 38 13 E7 7A B8 59 96 6D 8F  .z...s.8..z.Y.m.
00003360:  C9 EE C7 41 08 3D 74 EC 40 FC AE D1 8A 5F CE 22  ...A.=t.@...._."
00003370:  76 F5 D5 C7 43 29 E2 C6 23 3B 37 14 47 74 4F A1  v...C)..#;7.GtO.
00003380:  B1 56 EF D6 C0 AE B9 7D 26 79 30 B8 DF C0 D6 F4  .V.....}&y0.....
00003390:  96 C1 31 AE 5A 10 0D 1A 90 43 B0 4C A3 1E 6B 39  ..1.Z....C.L..k9
000033A0:  EF A6 22 A0 30 8C D3 0A 1F 5D CA EE 91 E5 7E 12  ..".0....]....~.
000033B0:  0E C0 07 72 FC 85 84 1B B7 71 9F 26 99 EE 0B EC  ...r.....q.&....
000033C0:  FD 1E BD 15 4D 54 A9 90 7F 8E 20 B3 B9 03 CC 70  ....MT.... ....p
000033D0:  47 84 3F B6 1B 16 C4 02 B1 15 4F 78 11 17 4B CD  G.?.......Ox..K.
000033E0:  BA 4E 5D D6 D3 32 C6 A1 60 CC A2 29 A2 97 1B FE  .N]..2..`..)....
000033F0:  DA A7 CE BE A4 D3 24 B3 9B 72 1A 9B A7 91 B0 13  ......$..r......
00003400:  6F D6 CA C9 B5 07 F7 D4 6B E2 A9 CB E4 C7 1B ED  o.......k.......
00003410:  68 8D 70 63 EB BF BA 5F D6 7D B9 B7 50 5D 77 2C  h.pc..._.}..P]w,
00003420:  24 C5 0B 29 73 37 89 34 78 D8 0F 30 A1 8B 7F 22  $..)s7.4x..0..."
00003430:  4B C1 63 F3 C7 FE 07 91 DF 01 AE 76 32 E8 DC 02  K.c........v2...
00003440:  8E CC 9E 7E B1 D8 AF DA 00 75 7E 30 20 1A E5 D1  ...~.....u~0 ...
00003450:  A6 51 C3 76 0B 6D 24 D2 84 35 36 F6 22 56 05 CE  .Q.v.m$..56."V..
00003460:  27 C0 3D 88 BA 17 2F 79 EA 77 A4 93 C5 39 F8 B2  '.=.../y.w...9..
00003470:  87 AA 47 17 C8 C5 99 60 DB 28 B1 B3 BB 13 A5 19  ..G....`.(......
00003480:  45 F6 F0 E0 CD 0E EC 79 B8 AC 2E 4D CB E1 A5 31  E......y...M...1
00003490:  42 A7 66 7E 73 7D BD 75 FB A4 DE 91 CF 20 3B 32  B.f~s}.u..... ;2
000034A0:  F6 F6 EC EC 7F 23 BC 97 0B 34 C5 1D 90 82 94 38  .....#...4.....8
000034B0:  24 5E 9B E3 4F 3B D1 43 86 94 C5 D0 71 FE FC 80  $^..O;.C....q...
000034C0:  B9 9D 02 2B A1 56 33 06 A7 62 62 D1 D8 23 ED 15  ...+.V3..bb..#..
000034D0:  D1 F1 75 DC A8 CE C1 9D 47 21 EC A7 D7 65 AB 32  ..u.....G!...e.2
000034E0:  0B B9 39 25 48 16 C0 FC 6C BA 9D 4B D8 94 EB B8  ..9%H...l..K....
000034F0:  46 66 28 1C AC 3C 5B 2E 8D 9A 53 91 2B 72 25 56  Ff(..<[...S.+r%V
00003500:  D3 65 B9 03 51 31 48 90 B7 80 C7 A0 A4 73 92 1C  .e..Q1H......s..
00003510:  17 DF 8A 65 40 6E B0 5C 7B 6E CC 5C B9 F7 02 EB  ...e@n.\{n.\....
00003520:  88 4E DA BC ED 42 1C 7D 30 38 8B A0 7E 61 42 97  .N...B.}08..~aB.
00003530:  C3 FF 53 E5 27 00 86 01 F4 50 2F 0E FB 73 7A DE  ..S.'....P/..sz.
00003540:  48 6A CB 93 28 21 93 84 8B 6D 7E 99 C3 C7 AE 3E  Hj..(!...m~....>
00003550:  DB C9 8F E0 E1 C7 6E 6F 48 E5 96 C6 E4 D1 76 76  ......noH.....vv
00003560:  8E 29 D8 D2 E6 90 32 76 31 EC C9 1A CF 57 81 D5  .)....2v1....W..
00003570:  66 3F B9 EE 6A 28 4C A7 A2 5D 75 35 B9 6A FC 50  f?..j(L..]u5.j.P
00003580:  D2 04 4E 8B C8 2C 03 DE 3F BC 6D 8B E0 9A D8 34  ..N..,..?.m....4
00003590:  3B 76 5C CC 4C 32 12 BC A1 EE BA 2E CB B9 EC 9D  ;v\.L2..........
000035A0:  A8 FD 5F 8A 71 A3 E9 E7 29 9C 67 D6 42 67 60 ED  .._.q...).g.Bg`.
000035B0:  15 1E A1 3C D6 05 7B C6 EA 31 E3 76 FE CD 26 BF  ...<..{..1.v..&.
000035C0:  13 8F EB DC 5B BC 83 98 8C 55 7C EE DB 23 D2 0D  ....[....U|..#..
000035D0:  BA 91 5C 38 AD 59 37 E7 6B 34 F5 86 3D E8 46 D0  ..\8.Y7.k4..=.F.
000035E0:  46 B3 4F 1F 96 A9 11 4D E7 AE CD 32 71 47 79 46  F.O....M...2qGyF
000035F0:  9A 01 C4 5A 68 13 58 00 95 D9 0A 1A BD CE 05 AF  ...Zh.X.........
00003600:  2E 36 9B F3 39 38 50 B3 20 5D EA C3 05 21 50 78  .6..98P. ]...!Px
00003610:  76 02 78 C3 A2 28 A1 CF CB 59 C9 66 0D 91 EF F9  v.x..(...Y.f....
00003620:  81 79 D8 EC 1A 98 DA 6B 3A 8F ED 20 18 EB 89 B0  .y.....k:.. ....
00003630:  3A 71 EF 66 53 DE A6 24 1D 64 9D E6 09 B7 7A 8B  :q.fS..$.d....z.
00003640:  D1 6B 4D 3D BC CA AA 4E C0 18 9A C5 45 84 0C CD  .kM=...N....E...
00003650:  9D 88 84 BD D6 F1 AB 77 BF 8A 66 CC C6 CC E3 27  .......w..f....'
00003660:  7B 5B B8 7D F7 C2 86 55 02 C9 70 25 87 15 88 E8  {[.}...U..p%....
00003670:  30 81 86 A8 C8 EA D3 0A 1F 5D CA EE 91 E5 7E 12  0........]....~.
00003680:  0E C0 07 72 FC 85 CD D9 32 46 7E 12 74 18 3A 23  ...r....2F~.t.:#
00003690:  64 28 94 42 6E 0F F3 2B B3 F5 C4 24 70 66 71 14  d(.Bn..+...$pfq.
000036A0:  FD CC CE A8 D7 2F 73 DC 13 D4 0E E7 07 BF B5 81  ...../s.........
000036B0:  17 F6 E1 C7 77 0C CF AC 01 35 0D C4 84 89 72 DC  ....w....5....r.
000036C0:  6F 4D 64 9D B8 43 D3 40 64 D1 78 B4 75 20 47 D8  oMd..C.@d.x.u G.
000036D0:  F2 84 E9 0C FC 02 FD 59 F8 39 0E E5 1F F1 C2 0E  .......Y.9......
000036E0:  40 9C 73 A2 FC 96 AA B2 58 87 81 25 CC 5B E6 94  @.s.....X..%.[..
000036F0:  02 0B C1 33 48 53 D0 C0 43 FA 2A D7 A4 1D 95 08  ...3HS..C.*.....
00003700:  24 AF 98 98 C9 24 1F 22 9C D6 87 5D 2B 73 F5 52  $....$."...]+s.R
00003710:  EA FA FF 65 DC 4C 2A CE 39 94 36 19 21 8D 49 3F  ...e.L*.9.6.!.I?
00003720:  B4 66 37 11 28 23 65 52 CE 55 5B 97 A5 B0 8E ED  .f7.(#eR.U[.....
00003730:  76 BB 50 2B 4C 61 61 CF 07 D7 53 6C C2 C9 72 5C  v.P+Laa...Sl..r\
00003740:  9F A5 B9 8D 0F 1C 00 2F 16 C3 81 B3 0E BA E8 C3  ......./........
00003750:  EF D5 60 38 F5 7B 50 0B 73 EA 93 CC 37 3A 5E 91  ..`8.{P.s...7:^.
00003760:  3F 6B 58 EA 9A D9 6D F7 2A B2 A2 86 1E 3F 7A 6B  ?kX...m.*....?zk
00003770:  B9 23 63 B6 5F F6 D7 36 68 A6 47 77 97 28 40 54  .#c._..6h.Gw.(@T
00003780:  4E FA 2B ED 4E 1C 5B 00 9E 16 34 11 37 1C 17 24  N.+.N.[...4.7..$
00003790:  53 B7 65 0A 4B C7 C5 60 AC 56 3C 2B 9D 78 E9 A3  S.e.K..`.V<+.x..
000037A0:  48 78 7A 8D 04 A3 DB 2B C2 49 4A CC FE 53 5A 15  Hxz....+.IJ..SZ.
000037B0:  C6 18 D4 48 66 4B F7 D4 6B E2 A9 CB E4 C7 1B ED  ...HfK..k.......
000037C0:  68 8D 70 63 EB BF 84 B3 DA 29 B1 1A FC 90 0B 65  h.pc.....).....e
000037D0:  30 9B FB 2D 2F A0 21 15 42 FC D1 E7 F0 72 D3 8E  0..-/.!.B....r..
000037E0:  3F 2E 6F C9 F4 93 65 CA EF 23 63 94 11 A0 63 2D  ?.o...e..#c...c-
000037F0:  3A 0F 24 57 9A 96 9B 1A 5B F0 47 0E 34 B5 14 37  :.$W....[.G.4..7
00003800:  65 A5 98 FD 74 E7 19 10 65 54 F2 24 41 88 83 6E  e...t...eT.$A..n
00003810:  C8 BF 43 77 17 E7 2B 43 63 91 BE AC E5 8C E7 2F  ..Cw..+Cc....../
00003820:  68 FF 1F EA 88 85 78 B0 0E 9D 00 2A 97 12 7A 5D  h.....x....*..z]
00003830:  9A 64 FE 97 45 F2 36 D6 20 F6 FD A8 72 93 7B 1C  .d..E.6. ...r.{.
00003840:  21 C3 E0 33 9C CA E7 B3 CB 25 8D 9E 99 6D 36 4F  !..3.....%...m6O
00003850:  F3 8F BC 71 CB 29 BF 3E F6 2C ED 2D 87 4F 40 8A  ...q.).>.,.-.O@.
00003860:  08 19 D2 47 BA C0 B4 47 60 5C 33 35 34 26 31 6C  ...G...G`\354&1l
00003870:  14 CF C2 A9 DF 82 D8 A3 2A 93 B4 45 F4 AA 45 13  ........*..E..E.
00003880:  42 B3 52 8A 0C BF C1 9D 47 21 EC A7 D7 65 AB 32  B.R.....G!...e.2
00003890:  0B B9 39 25 48 16 6C AE F2 AB 16 7E 3D CE A9 6F  ..9%H.l....~=..o
000038A0:  9C F3 56 F6 E1 4B A3 EA 64 0C 0E B7 D8 CF C4 01  ..V..K..d.......
000038B0:  AE 6B 6D 3C 77 4C C0 39 5D 64 48 69 15 0C 70 A6  .km<wL.9]dHi..p.
000038C0:  09 AF AA A9 DE E0 0A 14 A6 6D 3C 90 32 1B F6 D6  .........m<.2...
000038D0:  A8 1B A4 03 7C BF 74 2F 73 96 93 7B 83 45 57 24  ....|.t/s..{.EW$
000038E0:  09 9B 38 FB A5 D6 D4 40 EF 9E A9 EE 38 98 E2 B0  ..8....@....8...
000038F0:  65 2C 8A 97 C1 31 C2 A3 6B E4 6A 45 AB 02 6E B4  e,...1..k.jE..n.
00003900:  BE 8D 0C A5 AC 2E 14 91 5D 2B FB 49 41 E2 72 87  ........]+.IA.r.
00003910:  A1 16 DC 29 42 16 F6 21 98 85 93 94 74 70 97 D6  ...)B..!....tp..
00003920:  1C DE A8 0C FE F5 D1 DC 43 DD 75 0F A3 57 F8 35  ........C.u..W.5
00003930:  10 41 74 D4 A5 76 5F A9 51 13 49 A0 E6 E9 E0 96  .At..v_.Q.I.....
00003940:  DC 86 3E FE A2 C3 A3 D1 27 EE 26 E7 AA C1 A2 42  ..>.....'.&....B
00003950:  AE BF 5D 38 EA A5 E9 E7 29 9C 67 D6 42 67 60 ED  ..]8....).g.Bg`.
00003960:  15 1E A1 3C D6 05 41 A9 99 15 11 AA 0C 4D D3 E3  ...<..A......M..
00003970:  4A 6F 30 4F E3 61 B1 C0 76 52 B2 00 DF 11 36 6D  Jo0O.a..vR....6m
00003980:  AD A7 D6 34 D6 CF 77 DD 37 E3 A3 CA F0 4D 72 51  ...4..w.7....MrQ
00003990:  B5 E7 BE 2E 82 31 08 2A 4E CF 63 50 83 5D BC 40  .....1.*N.cP.].@
000039A0:  AF 49 45 4E F5 40 20 0B B5 51 CF 47 B5 AB 7A 02  .IEN.@ ..Q.G..z.
000039B0:  23 AE 69 A8 21 89 44 C4 DB BF D1 DD 1F DA 26 A5  #.i.!.D.......&.
000039C0:  C0 0F 8F D3 42 28 EC FD D2 5E 64 8F 96 5A 55 35  ....B(...^d..ZU5
000039D0:  ED 7A 0A 8A 10 73 2E 38 13 E7 7A B8 59 96 6D 8F  .z...s.8..z.Y.m.
000039E0:  C9 EE C7 41 08 3D 74 EC 40 FC AE D1 8A 5F CE 22  ...A.=t.@...._."
000039F0:  76 F5 D5 C7 43 29 E2 C6 23 3B 37 14 47 74 4F A1  v...C)..#;7.GtO.
00003A00:  B1 56 EF D6 C0 AE B9 7D 26 79 30 B8 DF C0 D6 F4  .V.....}&y0.....
00003A10:  96 C1 31 AE 5A 10 1D 7A EC E6 86 61 27 51 71 A8  ..1.Z..z...a'Qq.
00003A20:  93 81 20 50 E9 76 D3 0A 1F 5D CA EE 91 E5 7E 12  .. P.v...]....~.
00003A30:  0E C0 07 72 FC 85 84 1B B7 71 9F 26 99 EE 0B EC  ...r.....q.&....
00003A40:  FD 1E BD 15 4D 54 A9 90 7F 8E 20 B3 B9 03 CC 70  ....MT.... ....p
00003A50:  47 84 3F B6 1B 16 3A 3E AA 19 86 EA 72 D6 32 02  G.?...:>....r.2.
00003A60:  C8 30 23 A2 80 4E D9 BF A8 D8 10 AC 87 86 D7 98  .0#..N..........
00003A70:  DC 98 4B A6 46 C8 1E 16 94 1D 9C 49 77 B9 6B 0F  ..K.F......Iw.k.
00003A80:  75 54 84 F3 E5 9F 95 5E 4E 3B E4 7E EA 94 ED C9  uT.....^N;.~....
00003A90:  9D 66 FB 86 48 96 E7 0E 89 4A 20 40 11 37 75 3C  .f..H....J @.7u<
00003AA0:  9E C1 B7 2F D6 82 D7 15 8D 1C 6C C9 23 37 5C E4  .../......l.#7\.
00003AB0:  85 E0 C7 E7 D9 9C ED E8 A7 F5 A9 B6 D0 FE 41 5F  ..............A_
00003AC0:  5D 5A 06 AA 10 4E 44 27 40 B6 B6 1E A5 69 CB D6  ]Z...ND'@....i..
00003AD0:  A8 1B F2 E9 E1 DC 05 A7 CA C8 D1 F4 97 D0 AF 2B  ...............+
00003AE0:  0A DB 09 8F E6 83 63 44 99 18 48 3F A1 F7 BE C1  ......cD..H?....
00003AF0:  DE AA 17 36 62 CD 00 2F 16 C3 81 B3 0E BA E8 C3  ...6b../........
00003B00:  EF D5 60 38 F5 7B AC 8A 4C 2D B8 53 4A F6 38 0B  ..`8.{..L-.SJ.8.
00003B10:  56 F8 CF 0C E6 B0 04 4A 60 0F 0E D3 9C B8 41 40  V......J`.....A@
00003B20:  EB B0 A1 0D 9F D3 B7 EE E0 53 7D F5 66 18 E7 62  .........S}.f..b
00003B30:  88 73 6B 8B FE E7 F3 F5 A9 B5 96 2B EF 9F 1B 75  .sk........+...u
00003B40:  2C B6 8D F6 19 D5 3D E8 A6 A6 5E 38 28 EE C9 9E  ,.....=...^8(...
00003B50:  5D 13 CC 44 EB C2 34 DE 26 63 D0 F7 23 8A EE 0C  ]..D..4.&c..#...
00003B60:  71 79 CD 59 5D B1 D1 16 00 FD F1 6B 50 0A 2E CA  qy.Y]......kP...
00003B70:  13 6C 5D D5 62 B2 13 18 44 B3 39 BD 44 7A 47 88  .l].b...D.9.DzG.
00003B80:  A7 22 E0 2F 7E 33 1A AA A4 D6 C7 A6 DD F2 1F E9  ."./~3..........
00003B90:  D4 CF D1 81 6F 1C 18 EB 99 8F 5D E9 CD C7 DC 7D  ....o.....]....}
00003BA0:  49 08 32 96 A1 87 77 93 32 DD 22 B0 C3 BC 8F AD  I.2...w.2.".....
00003BB0:  1F FD A9 41 E9 4D 4F 24 76 16 21 47 AD 94 8D 02  ...A.MO$v.!G....
00003BC0:  8E 85 CF 00 12 46 2B 43 63 91 BE AC E5 8C E7 2F  .....F+Cc....../
00003BD0:  68 FF 1F EA 88 85 84 4D 5F 92 FF B7 B1 2D DC 36  h......M_....-.6
00003BE0:  8A 8F B9 C6 F0 4B C8 61 E1 7A 36 68 07 DC 46 BB  .....K.a.z6h..F.
00003BF0:  CC 37 DA 66 1B 38 48 FC 82 BD 43 31 32 CE D2 9E  .7.f.8H...C12...
00003C00:  6D A9 D6 43 7F 17 5C 2D BB 4C 63 84 DA 47 49 A9  m..C..\-.Lc..GI.
00003C10:  2B E2 5E 52 41 6A 51 A1 45 1C E0 51 BB D9 63 6B  +.^RAjQ.E..Q..ck
00003C20:  B1 FF CF 8F 60 23 3A DA 08 83 C2 84 2C A8 D5 19  ....`#:.....,...
00003C30:  D3 86 81 12 30 53 87 96 01 5C 5D F8 98 2B E5 3F  ....0S...\]..+.?
00003C40:  BE 4D BD A7 07 0B 72 40 46 73 28 A5 A6 DC 97 14  .M....r@Fs(.....
00003C50:  7B 57 7B 52 E3 3B 8E EC E6 C4 B6 37 D0 9C 47 9B  {W{R.;.....7..G.
00003C60:  74 FB 47 AC F1 D3 BD AB 8B A5 18 02 E8 97 E1 07  t.G.............
00003C70:  34 A0 98 E7 10 17 BC 39 D8 3F 5F B0 C4 F0 81 EC  4......9.?_.....
00003C80:  7C 71 7D 6F 14 03 9F 61 88 31 4C 49 9C 80 77 4F  |q}o...a.1LI..wO
00003C90:  3D A2 23 3C 35 26 91 26 07 BF 38 9F 73 D9 84 9A  =.#<5&.&..8.s...
00003CA0:  96 BB 00 56 0B A6 E8 1A F6 1B 2F 02 4C E3 D1 98  ...V....../.L...
00003CB0:  2A BC DE F2 45 C5 AA 64 A5 44 0A 95 45 98 45 45  *...E..d.D..E.EE
00003CC0:  6D C2 38 5E 2B 6F F0 21 DE E0 85 C4 7C CD 41 6A  m.8^+o.!....|.Aj
00003CD0:  48 88 FC 0F 37 EB 1B 75 56 30 2B 78 9F 38 09 6F  H...7..uV0+x.8.o
00003CE0:  CD AA 72 FC 80 6C 71 6A 63 24 C0 FB E5 4A EB 72  ..r..lqjc$...J.r
00003CF0:  BC 39 9E 0D 12 78 10 16 F5 19 AE 2D 74 2B AE 27  .9...x.....-t+.'
00003D00:  99 33 21 C6 3D 1A 4A 68 67 FC F8 27 76 A6 AB A5  .3!.=.Jhg..'v...
00003D10:  E0 3E 87 85 7A C7 4E F4 E6 ED E2 DF 74 D2 1F 2E  .>..z.N.....t...
00003D20:  4D FE 1D 13 FC E3 7B 0F EA EF 5E D0 72 31 C0 35  M.....{...^.r1.5
00003D30:  C6 0A 38 3A 3C 36 4E F4 E6 ED E2 DF 74 D2 1F 2E  ..8:<6N.....t...
00003D40:  4D FE 1D 13 FC E3 95 21 0F B9 D6 43 67 33 99 53  M......!...Cg3.S
00003D50:  58 9E 0A 51 C0 52 1E 60 08 61 69 96 C8 35 55 BD  X..Q.R.`.ai..5U.
00003D60:  C7 14 A0 66 A2 00 81 3B 2D E4 A3 35 2C A9 1A 63  ...f...;-..5,..c
00003D70:  84 51 BD 36 61 A8 14 EA D1 D3 E3 E2 01 A5 EA 37  .Q.6a..........7
00003D80:  EC 44 29 B2 40 92 AC D5 4C 8D 81 D7 78 AA 2E D4  .D).@...L...x...
00003D90:  39 5D 17 76 87 BC 59 E3 68 94 4D AF 4F DE 75 72  9].v..Y.h.M.O.ur
00003DA0:  A5 4C 26 9D 59 CD FA F2 2C 4B 8D DB 08 FE 2B E8  .L&.Y...,K....+.
00003DB0:  80 51 08 AD EF AF 9F 29 91 A8 EE 71 33 AE 4F 48  .Q.....)...q3.OH
00003DC0:  5F 3C CA 03 B8 C0 7B B5 83 8A 47 A8 F4 D6 45 1C  _<....{...G...E.
00003DD0:  4C 60 4B E6 31 45 00 00 00 00 00 00 00 00 00 00  L`K.1E..........
00003DE0:  00 00 00 00 00 00 00 00 00 00 00 00 00 00 00 00  ................ [zeros]
00003DF0:  00 00 00 00 00 00 00 00 00 00 00 00 00 00 00 00  ................ [zeros]
00003E00:  00 00 00 00 00 00 3B EA 30 32 96 95 4D 2C 34 77  ......;.02..M,4w
00003E10:  55 83 AE 02 17 47 97 B0 75 08 E3 6C 75 81 72 CC  U....G..u..lu.r.
00003E20:  F1 2A 22 5B 4E D5 00 00 00 00 00 00 00 00 00 00  .*"[N...........
00003E30:  00 00 00 00 00 00 00 00 00 00 00 00 00 00 00 00  ................ [zeros]
00003E40:  00 00 00 00 00 00 00 00 00 00 00 00 00 00 00 00  ................ [zeros]
00003E50:  00 00 00 00 00 00 00 00 00 00 00 00 00 00 00 00  ................ [zeros]
00003E60:  00 00 00 00 00 00 00 00 00 00 00 00 00 00 00 00  ................ [zeros]
00003E70:  00 00 00 00 00 00 00 00 00 00 00 00 00 00 00 00  ................ [zeros]
00003E80:  00 00 00 00 00 00 00 00 00 00 00 00 00 00 00 00  ................ [zeros]
00003E90:  00 00 00 00 00 00 00 00 00 00 00 00 00 00 00 00  ................ [zeros]
00003EA0:  00 00 00 00 00 00 90 C0 F2 66 D9 DD E7 26 05 CE  .........f...&..
00003EB0:  41 4D B7 32 C5 79 3F F8 0A C9 FD 42 C3 F3 9F E5  AM.2.y?....B....
00003EC0:  CD F8 7E 90 B3 93 4B C6 E9 F6 02 4D 4A 43 E2 FC  ..~...K....MJC..
00003ED0:  7D F5 04 37 79 41 E9 03 17 CB 89 CD 38 6B 62 EC  }..7yA......8kb.
00003EE0:  5A F4 80 18 6F BF 53 E8 2D F2 D5 2C 61 42 45 DC  Z...o.S.-..,aBE.
00003EF0:  5E 5E D0 59 A5 A0 BE E1 E0 4C 4E 97 13 D2 D3 FD  ^^.Y.....LN.....
00003F00:  4F 6A 88 F0 61 47 00 00 00 00 00 00 00 00 00 00  Oj..aG..........
00003F10:  00 00 00 00 00 00 F6 C3 42 80 C7 66 34 F3 EB B3  ........B..f4...
00003F20:  22 82 B8 D6 80 F5 94 5F 2A 6B 55 42 FB 08 F2 9C  "......_*kUB....
00003F30:  1C 1F 4E 6E 61 84 8D 44 19 2D 46 A7 66 FC E9 5B  ..Nna..D.-F.f..[
00003F40:  EB DF B4 32 3B C0 2C D1 79 86 37 22 F0 92 A5 A9  ...2;.,.y.7"....
00003F50:  5E 8A 69 6E 9B F4 4C 74 45 DC C3 5B 69 2D E7 7F  ^.in..LtE..[i-..
00003F60:  C4 62 E2 34 48 76 BC 2E F4 1C C3 55 48 A1 2E 8A  .b.4Hv.....UH...
00003F70:  63 C9 2F 35 28 FF EE 7B 14 E8 6A 09 CE 83 87 5E  c./5(..{..j....^
00003F80:  EF 9D AF EF 56 1C 1C 9C 3C F4 D4 49 1F 9A DE CE  ....V...<..I....
00003F90:  09 D1 4C E4 44 D7 72 AB 01 FE 79 CA 5B 78 87 B0  ..L.D.r...y.[x..
00003FA0:  80 F4 91 98 CA F7 69 36 39 C5 A6 A3 CF D9 48 56  ......i69.....HV
00003FB0:  31 07 BC 55 55 C5 00 00 00 00 00 00 00 00 00 00  1..UU...........
00003FC0:  00 00 00 00 00 00 00 00 00 00 00 00 00 00 00 00  ................ [zeros]
00003FD0:  00 00 00 00 00 00 00 00 00 00 00 00 00 00 00 00  ................ [zeros]
00003FE0:  00 00 00 00 00 00 00 00 00 00 00 00 00 00 00 00  ................ [zeros]
00003FF0:  00 00 00 00 00 00 00 00 00 00 00 00 00 00 00 00  ................ [zeros]
00004000:  00 00 00 00 00 00 00 00 00 00 00 00 00 00 00 00  ................ [zeros]
00004010:  00 00 00 00 00 00 00 00 00 00 00 00 00 00 00 00  ................ [zeros]
00004020:  00 00 00 00 00 00 00 00 00 00 00 00 00 00 00 00  ................ [zeros]
00004030:  00 00 00 00 00 00 00 00 00 00 00 00 00 00 00 00  ................ [zeros]
00004040:  00 00 00 00 00 00 00 00 00 00 00 00 00 00 00 00  ................ [zeros]
00004050:  00 00 00 00 00 00 00 00 00 00 00 00 00 00 00 00  ................ [zeros]
00004060:  00 00 00 00 00 00 00 00 00 00 00 00 00 00 00 00  ................ [zeros]
00004070:  00 00 00 00 00 00 E7 3F 20 22 9B 66 8A D9 E3 47  .......? ".f...G
00004080:  46 BB D8 EC 47 6C 1B 62 61 6E 62 CF C3 72 D1 0D  F...Gl.banb..r..
00004090:  E6 5E 4B 16 F4 E0 78 D4 39 B1 9A 2A F9 B9 D7 97  .^K...x.9..*....
000040A0:  B1 2E DA B2 65 7C 5E C1 1F C1 B3 8A 97 5A 82 C1  ....e|^......Z..
000040B0:  65 4C 23 A6 61 95 00 00 00 00 00 00 00 00 00 00  eL#.a...........
000040C0:  00 00 00 00 00 00 00 00 00 00 00 00 00 00 00 00  ................ [zeros]
000040D0:  00 00 00 00 00 00 00 00 00 00 00 00 00 00 00 00  ................ [zeros]
000040E0:  00 00 00 00 00 00 00 00 00 00 00 00 00 00 00 00  ................ [zeros]
000040F0:  00 00 00 00 00 00 00 00 00 00 00 00 00 00 00 00  ................ [zeros]
00004100:  00 00 00 00 00 00 00 00 00 00 00 00 00 00 00 00  ................ [zeros]
00004110:  00 00 00 00 00 00 00 00 00 00 00 00 00 00 00 00  ................ [zeros]
00004120:  00 00 00 00 00 00 00 00 00 00 00 00 00 00 00 00  ................ [zeros]
00004130:  00 00 00 00 00 00 00 00 00 00 00 00 00 00 00 00  ................ [zeros]
00004140:  00 00 00 00 00 00 00 00 00 00 00 00 00 00 00 00  ................ [zeros]
00004150:  00 00 00 00 00 00 00 00 00 00 00 00 00 00 00 00  ................ [zeros]
00004160:  00 00 00 00 00 00 00 00 00 00 00 00 00 00 00 00  ................ [zeros]
00004170:  00 00 00 00 00 00 00 00 00 00 00 00 00 00 00 00  ................ [zeros]
00004180:  00 00 00 00 00 00 00 00 00 00 00 00 00 00 00 00  ................ [zeros]
00004190:  00 00 00 00 00 00 00 00 00 00 00 00 00 00 00 00  ................ [zeros]
000041A0:  00 00 00 00 00 00 00 00 00 00 00 00 00 00 00 00  ................ [zeros]
000041B0:  00 00 00 00 00 00 00 00 00 00 00 00 00 00 00 00  ................ [zeros]
000041C0:  00 00 00 00 00 00 00 00 00 00 00 00 00 00 00 00  ................ [zeros]
000041D0:  00 00 00 00 00 00 00 00 00 00 00 00 00 00 00 00  ................ [zeros]
000041E0:  00 00 00 00 00 00 00 00 00 00 00 00 00 00 00 00  ................ [zeros]
000041F0:  00 00 00 00 00 00 00 00 00 00 00 00 00 00 00 00  ................ [zeros]
00004200:  00 00 00 00 00 00 00 00 00 00 00 00 00 00 00 00  ................ [zeros]
00004210:  00 00 00 00 00 00 AE B8 BF 0D 84 23 B6 C6 3E 0B  ...........#..>.
00004220:  86 54 49 9E 5B B8 87 98 4B 52 AF 23 16 43 E1 0F  .TI.[...KR.#.C..
00004230:  D4 C4 CA AD C0 78 5E C1 1F C1 B3 8A 97 5A 82 C1  .....x^......Z..
00004240:  65 4C 23 A6 61 95 00 00 00 00 00 00 00 00 00 00  eL#.a...........
00004250:  00 00 00 00 00 00 00 00 00 00 00 00 00 00 00 00  ................ [zeros]
00004260:  00 00 00 00 00 00 00 00 00 00 00 00 00 00 00 00  ................ [zeros]
00004270:  00 00 00 00 00 00 00 00 00 00 00 00 00 00 00 00  ................ [zeros]
00004280:  00 00 00 00 00 00 00 00 00 00 00 00 00 00 00 00  ................ [zeros]
00004290:  00 00 00 00 00 00 00 00 00 00 00 00 00 00 00 00  ................ [zeros]
000042A0:  00 00 00 00 00 00 00 00 00 00 00 00 00 00 00 00  ................ [zeros]
000042B0:  00 00 00 00 00 00 00 00 00 00 00 00 00 00 00 00  ................ [zeros]
000042C0:  00 00 00 00 00 00 00 00 00 00 00 00 00 00 00 00  ................ [zeros]
000042D0:  00 00 00 00 00 00 00 00 00 00 00 00 00 00 00 00  ................ [zeros]
000042E0:  00 00 00 00 00 00 00 00 00 00 00 00 00 00 00 00  ................ [zeros]
000042F0:  00 00 00 00 00 00 00 00 00 00 00 00 00 00 00 00  ................ [zeros]
00004300:  00 00 00 00 00 00 00 00 00 00 00 00 00 00 00 00  ................ [zeros]
00004310:  00 00 00 00 00 00 00 00 00 00 00 00 00 00 00 00  ................ [zeros]
00004320:  00 00 00 00 00 00 00 00 00 00 00 00 00 00 00 00  ................ [zeros]
00004330:  00 00 00 00 00 00 00 00 00 00 00 00 00 00 00 00  ................ [zeros]
00004340:  00 00 00 00 00 00 F4 A0 5D 4D 87 41 B4 BB 28 65  ........]M.A..(e
00004350:  B5 CE E4 CB E5 25 26 7F 15 C5 BD 92 40 74 AA 7E  .....%&.....@t.~
00004360:  D0 34 E4 15 22 62 28 5C 40 6B 08 08 21 3F 5C EE  .4.."b(\@k..!?\.
00004370:  3B 36 A6 00 BC A9 D9 D6 9A 4C DB 6D 9A 79 F9 20  ;6.......L.m.y. 
00004380:  B3 A4 BF BB 12 B3 AE DB 46 96 A0 2D 47 B4 9C A2  ........F..-G...
00004390:  DB 47 C9 A4 8E EC DE F4 DB E8 56 7D 2C A9 10 57  .G........V},..W
000043A0:  FB F6 04 5F 38 03 6E B9 E8 4B DA 50 CB E0 AF E8  ..._8.n..K.P....
000043B0:  69 48 F7 5E 0C 23 31 49 EA E5 3C 1D 28 E9 E2 BF  iH.^.#1I..<.(...
000043C0:  9F A9 BD F3 C3 03 05 74 94 28 3D 9A 04 6C 8B D2  .......t.(=..l..
000043D0:  26 09 D0 0E 4E 0D D9 D6 9A 4C DB 6D 9A 79 F9 20  &...N....L.m.y. 
000043E0:  B3 A4 BF BB 12 B3 5C 3A 6C 88 6C FB 20 A6 C0 5B  ......\:l.l. ..[
000043F0:  CD 98 8B EC 55 E9 AB 80 F7 AB 5C 6E 4E 1F 41 42  ....U.....\nN.AB
00004400:  5D 5A A5 99 D4 EC 62 FC B3 A3 38 71 DD 07 63 5B  ]Z....b...8q..c[
00004410:  74 A8 9E A2 C6 99 7A BF 01 B2 DC A7 79 52 CD 2D  t.....z.....yR.-
00004420:  C0 B2 C8 1D 8F AC 00 00 00 00 00 00 00 00 00 00  ................
00004430:  00 00 00 00 00 00 00 00 00 00 00 00 00 00 00 00  ................ [zeros]
00004440:  00 00 00 00 00 00 00 00 00 00 00 00 00 00 00 00  ................ [zeros]
00004450:  00 00 00 00 00 00 00 00 00 00 00 00 00 00 00 00  ................ [zeros]
00004460:  00 00 00 00 00 00 00 00 00 00 00 00 00 00 00 00  ................ [zeros]
00004470:  00 00 00 00 00 00 00 00 00 00 00 00 00 00 00 00  ................ [zeros]
00004480:  00 00 00 00 00 00 00 00 00 00 00 00 00 00 00 00  ................ [zeros]
00004490:  00 00 00 00 00 00 00 00 00 00 00 00 00 00 00 00  ................ [zeros]
000044A0:  00 00 00 00 00 00 00 00 00 00 00 00 00 00 00 00  ................ [zeros]
000044B0:  00 00 00 00 00 00 00 00 00 00 00 00 00 00 00 00  ................ [zeros]
000044C0:  00 00 00 00 00 00 00 00 00 00 00 00 00 00 00 00  ................ [zeros]
000044D0:  00 00 00 00 00 00 00 00 00 00 00 00 00 00 00 00  ................ [zeros]
000044E0:  00 00 00 00 00 00 00 00 00 00 00 00 00 00 00 00  ................ [zeros]
000044F0:  00 00 00 00 00 00 00 00 00 00 00 00 00 00 00 00  ................ [zeros]
00004500:  00 00 00 00 00 00 00 00 00 00 00 00 00 00 00 00  ................ [zeros]
00004510:  00 00 00 00 00 00 00 00 00 00 00 00 00 00 00 00  ................ [zeros]
00004520:  00 00 00 00 00 00 00 00 00 00 00 00 00 00 00 00  ................ [zeros]
00004530:  00 00 00 00 00 00 00 00 00 00 00 00 00 00 00 00  ................ [zeros]
00004540:  00 00 00 00 00 00 00 00 00 00 00 00 00 00 00 00  ................ [zeros]
00004550:  00 00 00 00 00 00 00 00 00 00 00 00 00 00 00 00  ................ [zeros]
00004560:  00 00 00 00 00 00 00 00 00 00 00 00 00 00 00 00  ................ [zeros]
00004570:  00 00 00 00 00 00 00 00 00 00 00 00 00 00 00 00  ................ [zeros]
00004580:  00 00 00 00 00 00 00 00 00 00 00 00 00 00 00 00  ................ [zeros]
00004590:  00 00 00 00 00 00 00 00 00 00 00 00 00 00 00 00  ................ [zeros]
000045A0:  00 00 00 00 00 00 00 00 00 00 00 00 00 00 00 00  ................ [zeros]
000045B0:  00 00 00 00 00 00 00 00 00 00 00 00 00 00 00 00  ................ [zeros]
000045C0:  00 00 00 00 00 00 00 00 00 00 00 00 00 00 00 00  ................ [zeros]
000045D0:  00 00 00 00 00 00 00 00 00 00 00 00 00 00 00 00  ................ [zeros]
000045E0:  00 00 00 00 00 00 00 00 00 00 00 00 00 00 00 00  ................ [zeros]
000045F0:  00 00 00 00 00 00 00 00 00 00 00 00 00 00 00 00  ................ [zeros]
00004600:  00 00 00 00 00 00 00 00 00 00 00 00 00 00 00 00  ................ [zeros]
00004610:  00 00 00 00 00 00 00 00 00 00 00 00 00 00 00 00  ................ [zeros]
00004620:  00 00 00 00 00 00 00 00 00 00 00 00 00 00 00 00  ................ [zeros]
00004630:  00 00 00 00 00 00 00 00 00 00 00 00 00 00 00 00  ................ [zeros]
00004640:  00 00 00 00 00 00 00 00 00 00 00 00 00 00 00 00  ................ [zeros]
00004650:  00 00 00 00 00 00 00 00 00 00 00 00 00 00 00 00  ................ [zeros]
00004660:  00 00 00 00 00 00 00 00 00 00 00 00 00 00 00 00  ................ [zeros]
00004670:  00 00 00 00 00 00 00 00 00 00 00 00 00 00 00 00  ................ [zeros]
00004680:  00 00 00 00 00 00 00 00 00 00 00 00 00 00 00 00  ................ [zeros]
00004690:  00 00 00 00 00 00 00 00 00 00 00 00 00 00 00 00  ................ [zeros]
000046A0:  00 00 00 00 00 00 00 00 00 00 00 00 00 00 00 00  ................ [zeros]
000046B0:  00 00 00 00 00 00 00 00 00 00 00 00 00 00 00 00  ................ [zeros]
000046C0:  00 00 00 00 00 00 00 00 00 00 00 00 00 00 00 00  ................ [zeros]
000046D0:  00 00 00 00 00 00 00 00 00 00 00 00 00 00 00 00  ................ [zeros]
000046E0:  00 00 00 00 00 00 00 00 00 00 00 00 00 00 00 00  ................ [zeros]
000046F0:  00 00 00 00 00 00 00 00 00 00 00 00 00 00 00 00  ................ [zeros]
00004700:  00 00 00 00 00 00 00 00 00 00 00 00 00 00 00 00  ................ [zeros]
00004710:  00 00 00 00 00 00 00 00 00 00 00 00 00 00 00 00  ................ [zeros]
00004720:  00 00 00 00 00 00 00 00 00 00 00 00 00 00 00 00  ................ [zeros]
00004730:  00 00 00 00 00 00 00 00 00 00 00 00 00 00 00 00  ................ [zeros]
00004740:  00 00 00 00 00 00 00 00 00 00 00 00 00 00 00 00  ................ [zeros]
00004750:  00 00 00 00 00 00 00 00 00 00 00 00 00 00 00 00  ................ [zeros]
00004760:  00 00 00 00 00 00 00 00 00 00 00 00 00 00 00 00  ................ [zeros]
00004770:  00 00 00 00 00 00 00 00 00 00 00 00 00 00 00 00  ................ [zeros]
00004780:  00 00 00 00 00 00 00 00 00 00 00 00 00 00 00 00  ................ [zeros]
00004790:  00 00 00 00 00 00 00 00 00 00 00 00 00 00 00 00  ................ [zeros]
000047A0:  00 00 00 00 00 00 00 00 00 00 00 00 00 00 00 00  ................ [zeros]
000047B0:  00 00 00 00 00 00 00 00 00 00 00 00 00 00 00 00  ................ [zeros]
000047C0:  00 00 00 00 00 00 00 00 00 00 00 00 00 00 00 00  ................ [zeros]
000047D0:  00 00 00 00 00 00 00 00 00 00 00 00 00 00 00 00  ................ [zeros]
000047E0:  00 00 00 00 00 00 00 00 00 00 00 00 00 00 00 00  ................ [zeros]
000047F0:  00 00 00 00 00 00 00 00 00 00 00 00 00 00 00 00  ................ [zeros]
00004800:  00 00 00 00 00 00 00 00 00 00 00 00 00 00 00 00  ................ [zeros]
00004810:  00 00 00 00 00 00 00 00 00 00 00 00 00 00 00 00  ................ [zeros]
00004820:  00 00 00 00 00 00 00 00 00 00 00 00 00 00 00 00  ................ [zeros]
00004830:  00 00 00 00 00 00 00 00 00 00 00 00 00 00 00 00  ................ [zeros]
00004840:  00 00 00 00 00 00 00 00 00 00 00 00 00 00 00 00  ................ [zeros]
00004850:  00 00 00 00 00 00 00 00 00 00 00 00 00 00 00 00  ................ [zeros]
00004860:  00 00 00 00 00 00 00 00 00 00 00 00 00 00 00 00  ................ [zeros]
00004870:  00 00 00 00 00 00 00 00 00 00 00 00 00 00 00 00  ................ [zeros]
00004880:  00 00 00 00 00 00 00 00 00 00 00 00 00 00 00 00  ................ [zeros]
00004890:  00 00 00 00 00 00 00 00 00 00 00 00 00 00 00 00  ................ [zeros]
000048A0:  00 00 00 00 00 00 00 00 00 00 00 00 00 00 00 00  ................ [zeros]
000048B0:  00 00 00 00 00 00 00 00 00 00 00 00 00 00 00 00  ................ [zeros]
000048C0:  00 00 00 00 00 00 00 00 00 00 00 00 00 00 00 00  ................ [zeros]
000048D0:  00 00 00 00 00 00 00 00 00 00 00 00 00 00 00 00  ................ [zeros]
000048E0:  00 00 00 00 00 00 00 00 00 00 00 00 00 00 00 00  ................ [zeros]
000048F0:  00 00 00 00 00 00 00 00 00 00 00 00 00 00 00 00  ................ [zeros]
00004900:  00 00 00 00 00 00 00 00 00 00 00 00 00 00 00 00  ................ [zeros]
00004910:  00 00 00 00 00 00 00 00 00 00 00 00 00 00 00 00  ................ [zeros]
00004920:  00 00 00 00 00 00 00 00 00 00 00 00 00 00 00 00  ................ [zeros]
00004930:  00 00 00 00 00 00 00 00 00 00 00 00 00 00 00 00  ................ [zeros]
00004940:  00 00 00 00 00 00 00 00 00 00 00 00 00 00 00 00  ................ [zeros]
00004950:  00 00 00 00 00 00 00 00 00 00 00 00 00 00 00 00  ................ [zeros]
00004960:  00 00 00 00 00 00 00 00 00 00 00 00 00 00 00 00  ................ [zeros]
00004970:  00 00 00 00 00 00 00 00 00 00 00 00 00 00 00 00  ................ [zeros]
00004980:  00 00 00 00 00 00 00 00 00 00 00 00 00 00 00 00  ................ [zeros]
00004990:  00 00 00 00 00 00 00 00 00 00 00 00 00 00 00 00  ................ [zeros]
000049A0:  00 00 00 00 00 00 00 00 00 00 00 00 00 00 00 00  ................ [zeros]
000049B0:  00 00 00 00 00 00 00 00 00 00 00 00 00 00 00 00  ................ [zeros]
000049C0:  00 00 00 00 00 00 00 00 00 00 00 00 00 00 00 00  ................ [zeros]
000049D0:  00 00 00 00 00 00 00 00 00 00 00 00 00 00 00 00  ................ [zeros]
000049E0:  00 00 00 00 00 00 00 00 00 00 00 00 00 00 00 00  ................ [zeros]
000049F0:  00 00 00 00 00 00 00 00 00 00 00 00 00 00 00 00  ................ [zeros]
00004A00:  00 00 00 00 00 00 00 00 00 00 00 00 00 00 00 00  ................ [zeros]
00004A10:  00 00 00 00 00 00 56 2B 80 FC 54 3E EE 24 01 1F  ......V+..T>.$..
00004A20:  0F 04 DB 24 CA 09 09 69 FF AD 1F 32 1E 21 B9 68  ...$...i...2.!.h
00004A30:  AA 37 74 25 13 C6 83 82 10 E0 BA 5D E7 DC 5B 1B  .7t%.......]..[.
00004A40:  9A E0 F3 4A 89 8C 06 8F 91 AE BC 00 C0 EA 89 F4  ...J............
00004A50:  AC 5D 29 1C 7B 0B 06 8F 91 AE BC 00 C0 EA 89 F4  .]).{...........
00004A60:  AC 5D 29 1C 7B 0B 06 8F 91 AE BC 00 C0 EA 89 F4  .]).{...........
00004A70:  AC 5D 29 1C 7B 0B 06 8F 91 AE BC 00 C0 EA 89 F4  .]).{...........
00004A80:  AC 5D 29 1C 7B 0B 06 8F 91 AE BC 00 C0 EA 89 F4  .]).{...........
00004A90:  AC 5D 29 1C 7B 0B 06 8F 91 AE BC 00 C0 EA 89 F4  .]).{...........
00004AA0:  AC 5D 29 1C 7B 0B 06 8F 91 AE BC 00 C0 EA 89 F4  .]).{...........
00004AB0:  AC 5D 29 1C 7B 0B 06 8F 91 AE BC 00 C0 EA 89 F4  .]).{...........
00004AC0:  AC 5D 29 1C 7B 0B 06 8F 91 AE BC 00 C0 EA 89 F4  .]).{...........
00004AD0:  AC 5D 29 1C 7B 0B 06 8F 91 AE BC 00 C0 EA 89 F4  .]).{...........
00004AE0:  AC 5D 29 1C 7B 0B 06 8F 91 AE BC 00 C0 EA 89 F4  .]).{...........
00004AF0:  AC 5D 29 1C 7B 0B 06 8F 91 AE BC 00 C0 EA 89 F4  .]).{...........
00004B00:  AC 5D 29 1C 7B 0B 06 8F 91 AE BC 00 C0 EA 89 F4  .]).{...........
00004B10:  AC 5D 29 1C 7B 0B 06 8F 91 AE BC 00 C0 EA 89 F4  .]).{...........
00004B20:  AC 5D 29 1C 7B 0B 6B 00 8E 26 35 C0 9F 26 04 B6  .]).{.k..&5..&..
00004B30:  BF 29 DA AC BF 0E 32 53 9A 90 09 16 A4 9D 00 C0  .)....2S........
00004B40:  1C 7D A2 CD 11 55 00 00 00 00 00 00 00 00 00 00  .}...U..........
00004B50:  00 00 00 00 00 00 00 00 00 00 00 00 00 00 00 00  ................ [zeros]
00004B60:  00 00 00 00 00 00 00 00 00 00 00 00 00 00 00 00  ................ [zeros]
00004B70:  00 00 00 00 00 00 00 00 00 00 00 00 00 00 00 00  ................ [zeros]
00004B80:  00 00 00 00 00 00 00 00 00 00 00 00 00 00 00 00  ................ [zeros]
00004B90:  00 00 00 00 00 00 00 00 00 00 00 00 00 00 00 00  ................ [zeros]
00004BA0:  00 00 00 00 00 00 00 00 00 00 00 00 00 00 00 00  ................ [zeros]
00004BB0:  00 00 00 00 00 00 00 00 00 00 00 00 00 00 00 00  ................ [zeros]
00004BC0:  00 00 00 00 00 00 00 00 00 00 00 00 00 00 00 00  ................ [zeros]
00004BD0:  00 00 00 00 00 00 00 00 00 00 00 00 00 00 00 00  ................ [zeros]
00004BE0:  00 00 00 00 00 00 00 00 00 00 00 00 00 00 00 00  ................ [zeros]
00004BF0:  00 00 00 00 00 00 00 00 00 00 00 00 00 00 00 00  ................ [zeros]
00004C00:  00 00 00 00 00 00 00 00 00 00 00 00 00 00 00 00  ................ [zeros]
00004C10:  00 00 00 00 00 00 00 00 00 00 00 00 00 00 00 00  ................ [zeros]
00004C20:  00 00 00 00 00 00 00 00 00 00 00 00 00 00 00 00  ................ [zeros]
00004C30:  00 00 00 00 00 00 00 00 00 00 00 00 00 00 00 00  ................ [zeros]
00004C40:  00 00 00 00 00 00 AB 78 15 B8 72 B0 18 29 1E 27  .......x..r..).'
00004C50:  CE 1F C2 75 80 25 06 8F 91 AE BC 00 C0 EA 89 F4  ...u.%..........
00004C60:  AC 5D 29 1C 7B 0B 06 8F 91 AE BC 00 C0 EA 89 F4  .]).{...........
00004C70:  AC 5D 29 1C 7B 0B 06 8F 91 AE BC 00 C0 EA 89 F4  .]).{...........
00004C80:  AC 5D 29 1C 7B 0B 06 8F 91 AE BC 00 C0 EA 89 F4  .]).{...........
00004C90:  AC 5D 29 1C 7B 0B 06 8F 91 AE BC 00 C0 EA 89 F4  .]).{...........
00004CA0:  AC 5D 29 1C 7B 0B 06 8F 91 AE BC 00 C0 EA 89 F4  .]).{...........
00004CB0:  AC 5D 29 1C 7B 0B 06 8F 91 AE BC 00 C0 EA 89 F4  .]).{...........
00004CC0:  AC 5D 29 1C 7B 0B 06 8F 91 AE BC 00 C0 EA 89 F4  .]).{...........
00004CD0:  AC 5D 29 1C 7B 0B 06 8F 91 AE BC 00 C0 EA 89 F4  .]).{...........
00004CE0:  AC 5D 29 1C 7B 0B 06 8F 91 AE BC 00 C0 EA 89 F4  .]).{...........
00004CF0:  AC 5D 29 1C 7B 0B 06 8F 91 AE BC 00 C0 EA 89 F4  .]).{...........
00004D00:  AC 5D 29 1C 7B 0B 06 8F 91 AE BC 00 C0 EA 89 F4  .]).{...........
00004D10:  AC 5D 29 1C 7B 0B 06 8F 91 AE BC 00 C0 EA 89 F4  .]).{...........
00004D20:  AC 5D 29 1C 7B 0B 06 8F 91 AE BC 00 C0 EA 89 F4  .]).{...........
00004D30:  AC 5D 29 1C 7B 0B 06 8F 91 AE BC 00 C0 EA 89 F4  .]).{...........
00004D40:  AC 5D 29 1C 7B 0B 8A 15 F6 4C 8C 22 F0 7C 3C 4E  .]).{....L.".|<N
00004D50:  8C 96 7A 85 5F 12 06 8F 91 AE BC 00 C0 EA 89 F4  ..z._...........
00004D60:  AC 5D 29 1C 7B 0B 06 8F 91 AE BC 00 C0 EA 89 F4  .]).{...........
00004D70:  AC 5D 29 1C 7B 0B 06 8F 91 AE BC 00 C0 EA 89 F4  .]).{...........
00004D80:  AC 5D 29 1C 7B 0B 06 8F 91 AE BC 00 C0 EA 89 F4  .]).{...........
00004D90:  AC 5D 29 1C 7B 0B 06 8F 91 AE BC 00 C0 EA 89 F4  .]).{...........
00004DA0:  AC 5D 29 1C 7B 0B 06 8F 91 AE BC 00 C0 EA 89 F4  .]).{...........
00004DB0:  AC 5D 29 1C 7B 0B 06 8F 91 AE BC 00 C0 EA 89 F4  .]).{...........
00004DC0:  AC 5D 29 1C 7B 0B 06 8F 91 AE BC 00 C0 EA 89 F4  .]).{...........
00004DD0:  AC 5D 29 1C 7B 0B 06 8F 91 AE BC 00 C0 EA 89 F4  .]).{...........
00004DE0:  AC 5D 29 1C 7B 0B 06 8F 91 AE BC 00 C0 EA 89 F4  .]).{...........
00004DF0:  AC 5D 29 1C 7B 0B 06 8F 91 AE BC 00 C0 EA 89 F4  .]).{...........
00004E00:  AC 5D 29 1C 7B 0B 06 8F 91 AE BC 00 C0 EA 89 F4  .]).{...........
00004E10:  AC 5D 29 1C 7B 0B 06 8F 91 AE BC 00 C0 EA 89 F4  .]).{...........
00004E20:  AC 5D 29 1C 7B 0B 06 8F 91 AE BC 00 C0 EA 89 F4  .]).{...........
00004E30:  AC 5D 29 1C 7B 0B 06 8F 91 AE BC 00 C0 EA 89 F4  .]).{...........
00004E40:  AC 5D 29 1C 7B 0B 47 5D 2D 68 DC B7 6E 4B 86 3B  .]).{.G]-h..nK.;
00004E50:  2A B8 25 82 56 9D 00 00 00 00 00 00 00 00 00 00  *.%.V...........
00004E60:  00 00 00 00 00 00 00 00 00 00 00 00 00 00 00 00  ................ [zeros]
00004E70:  00 00 00 00 00 00 00 00 00 00 00 00 00 00 00 00  ................ [zeros]
00004E80:  00 00 00 00 00 00 00 00 00 00 00 00 00 00 00 00  ................ [zeros]
00004E90:  00 00 00 00 00 00 71 DB A8 D3 F4 8F 99 40 FC 8F  ......q......@..
00004EA0:  A3 94 55 D0 3C F5 46 4D F0 94 28 FA AA B7 E6 48  ..U.<.FM..(....H
00004EB0:  F2 0C FF BA 78 91 8E 1F C6 D6 C1 B3 D8 05 66 BD  ....x.........f.
00004EC0:  1C D2 A5 F0 A5 44 FE 11 E1 D5 BC B2 D2 F8 53 86  .....D........S.
00004ED0:  62 61 E4 84 6D 39 99 24 16 C2 94 17 05 23 46 F3  ba..m9.$.....#F.
00004EE0:  87 1D 42 B3 D4 D2 30 92 5F 09 AF 6B 7A 45 94 93  ..B...0._..kzE..
00004EF0:  1F 7D 03 BE C7 97 BF B5 0D 1C 61 19 96 B5 61 2C  .}........a...a,
00004F00:  41 3F 8F 69 10 C0 31 B0 F9 A6 9C 44 43 00 CB B6  A?.i..1....DC...
00004F10:  4B 35 CC 92 16 2D 47 EB B1 17 D8 14 CA 53 17 CF  K5...-G......S..
00004F20:  09 85 09 23 29 24 00 00 00 00 00 00 00 00 00 00  ...#)$..........
00004F30:  00 00 00 00 00 00 00 00 00 00 00 00 00 00 00 00  ................ [zeros]
00004F40:  00 00 00 00 00 00 00 00 00 00 00 00 00 00 00 00  ................ [zeros]
00004F50:  00 00 00 00 00 00 00 00 00 00 00 00 00 00 00 00  ................ [zeros]
00004F60:  00 00 00 00 00 00 00 00 00 00 00 00 00 00 00 00  ................ [zeros]
00004F70:  00 00 00 00 00 00 00 00 00 00 00 00 00 00 00 00  ................ [zeros]
00004F80:  00 00 00 00 00 00 00 00 00 00 00 00 00 00 00 00  ................ [zeros]
00004F90:  00 00 00 00 00 00 00 00 00 00 00 00 00 00 00 00  ................ [zeros]
00004FA0:  00 00 00 00 00 00 00 00 00 00 00 00 00 00 00 00  ................ [zeros]
00004FB0:  00 00 00 00 00 00 00 00 00 00 00 00 00 00 00 00  ................ [zeros]
00004FC0:  00 00 00 00 00 00 00 00 00 00 00 00 00 00 00 00  ................ [zeros]
00004FD0:  00 00 00 00 00 00 00 00 00 00 00 00 00 00 00 00  ................ [zeros]
00004FE0:  00 00 00 00 00 00 DE F4 DB E8 56 7D 2C A9 10 57  ..........V},..W
00004FF0:  FB F6 04 5F 38 03 72 89 5B 92 E1 E1 E7 78 50 7B  ..._8.r.[....xP{
00005000:  5E 1E 7C 3D BB DB 44 5D 2E 69 6C F1 9A 6A 76 BE  ^.|=..D].il..jv.
00005010:  BD CB B2 85 EF 2C 3E 51 6F 17 A9 84 E8 FA 15 A6  .....,>Qo.......
00005020:  7A 3E 0D 3D 08 EE D2 6E 50 AD B7 20 26 51 61 30  z>.=...nP.. &Qa0
00005030:  C9 91 B3 E9 06 CA 6D E8 3F 00 98 C3 DA 79 6D EF  ......m.?....ym.
00005040:  3D BD 59 8F 90 42 92 EA E6 A0 36 63 48 2F 83 60  =.Y..B....6cH/.`
00005050:  27 EE E5 D6 7D 9F FF 42 CA 67 64 3C AA 2F 62 52  '...}..B.gd<./bR
00005060:  81 C3 2B 4D 20 AA C4 87 76 73 F3 E4 1E 4D AE F6  ..+M ...vs...M..
00005070:  1C E1 1E 29 16 62 00 00 00 00 00 00 00 00 00 00  ...).b..........
00005080:  00 00 00 00 00 00 00 00 00 00 00 00 00 00 00 00  ................ [zeros]
00005090:  00 00 00 00 00 00 36 9F 41 20 5D 98 C0 9C 03 62  ......6.A ]....b
000050A0:  64 B7 A6 97 73 06 6D A7 15 81 01 16 16 C1 37 C4  d...s.m.......7.
000050B0:  D6 25 5B F3 ED CD 7D FD CE BB 7F EC 3D 50 E4 54  .%[...}.....=P.T
000050C0:  90 AF B6 E4 B8 5F E1 94 AA 35 C4 7A 49 0B 20 12  ....._...5.zI. .
000050D0:  1E AC 3A 4E AE 35 D1 80 D5 3E BF 96 4A 7E CD 3D  ..:N.5...>..J~.=
000050E0:  B0 A6 23 3F 81 BA 5D BA A1 F3 6E 95 D6 56 3E EE  ..#?..]...n..V>.
000050F0:  DD E6 1C 9B 1E A7 00 00 00 00 00 00 00 00 00 00  ................
00005100:  00 00 00 00 00 00 EB FE 9B 36 98 AE 3E 40 5E D7  .........6..>@^.
00005110:  8E 03 6A 41 20 60 4D 06 F8 22 80 13 5C BB 10 A6  ..jA `M.."..\...
00005120:  BE F8 BF 72 C7 94 78 B2 2F 76 46 6B D5 38 0C 52  ...r..x./vFk.8.R
00005130:  52 A7 84 AE A5 26 B4 8C 09 92 55 6F 3C B5 5E 57  R....&....Uo<.^W
00005140:  A7 FF F6 53 CE 6A 7D FD CE BB 7F EC 3D 50 E4 54  ...S.j}.....=P.T
00005150:  90 AF B6 E4 B8 5F 00 00 00 00 00 00 00 00 00 00  ....._..........
00005160:  00 00 00 00 00 00 00 00 00 00 00 00 00 00 00 00  ................ [zeros]
00005170:  00 00 00 00 00 00 00 00 00 00 00 00 00 00 00 00  ................ [zeros]
00005180:  00 00 00 00 00 00 00 00 00 00 00 00 00 00 00 00  ................ [zeros]
00005190:  00 00 00 00 00 00 00 00 00 00 00 00 00 00 00 00  ................ [zeros]
000051A0:  00 00 00 00 00 00 00 00 00 00 00 00 00 00 00 00  ................ [zeros]
000051B0:  00 00 00 00 00 00 00 00 00 00 00 00 00 00 00 00  ................ [zeros]
000051C0:  00 00 00 00 00 00 00 00 00 00 00 00 00 00 00 00  ................ [zeros]
000051D0:  00 00 00 00 00 00 00 00 00 00 00 00 00 00 00 00  ................ [zeros]
000051E0:  00 00 00 00 00 00 00 00 00 00 00 00 00 00 00 00  ................ [zeros]
000051F0:  00 00 00 00 00 00 00 00 00 00 00 00 00 00 00 00  ................ [zeros]
00005200:  00 00 00 00 00 00 00 00 00 00 00 00 00 00 00 00  ................ [zeros]
00005210:  00 00 00 00 00 00 00 00 00 00 00 00 00 00 00 00  ................ [zeros]
00005220:  00 00 00 00 00 00 33 DF 39 25 C5 3C 19 DE E3 6D  ......3.9%.<...m
00005230:  17 93 24 DE 21 FC A9 2E 2E 93 74 BA DE 32 2E 35  ..$.!.....t..2.5
00005240:  AD 6E DF 88 E3 AF 80 C1 9E 89 62 0C B6 43 00 27  .n........b..C.'
00005250:  02 71 F8 04 51 A8 5C CF D2 13 1C 3C D7 EA A7 A6  .q..Q.\....<....
00005260:  63 85 C6 B5 87 B4 A9 2E 2E 93 74 BA DE 32 2E 35  c.........t..2.5
00005270:  AD 6E DF 88 E3 AF 80 C1 9E 89 62 0C B6 43 00 27  .n........b..C.'
00005280:  02 71 F8 04 51 A8 5C CF D2 13 1C 3C D7 EA A7 A6  .q..Q.\....<....
00005290:  63 85 C6 B5 87 B4 DB E1 B2 A9 DF AD 81 6A DE 8E  c............j..
000052A0:  D7 A5 E8 CF 65 F6 00 0B 2B 00 32 4B C4 4B 67 90  ....e...+.2K.Kg.
000052B0:  FE F8 B2 C3 61 F2 17 E2 40 C7 F2 B8 F5 CB 80 8C  ....a...@.......
000052C0:  CF E8 9B 5A CD 62 FA D0 D8 8E 81 A5 C0 8E 92 9C  ...Z.b..........
000052D0:  F7 02 D4 54 A0 8C 4E 51 47 1F 01 E0 43 9E C2 22  ...T..NQG...C.."
000052E0:  86 D0 AA 19 79 BC 6E 60 4C 46 6E 4A 77 28 1D 16  ....y.n`LFnJw(..
000052F0:  00 2F F5 EB 46 E4 12 59 C0 EB 6B 3D A2 0B F2 9A  ./..F..Y..k=....
00005300:  68 C5 4C E0 B3 B0 9C 9E 14 20 6D 60 A9 57 9D A8  h.L...... m`.W..
00005310:  19 65 61 27 72 56 7E 67 00 70 23 3D 4D D9 1F 3A  .ea'rV~g.p#=M..:
00005320:  34 2E 9B B8 CE 4C 75 D2 45 72 22 55 68 02 A7 AC  4....Lu.Er"Uh...
00005330:  EF 3C A4 38 83 7D 8A 83 72 37 DA CF 5C 63 10 F0  .<.8.}..r7..\c..
00005340:  60 BE D5 3E F3 F8 AC 8A 17 E5 9D 68 1C 16 48 A4  `..>.......h..H.
00005350:  03 D5 95 A4 BA 51 28 52 7F D2 FE 99 EC 09 80 A8  .....Q(R........
00005360:  7E A7 25 08 08 47 B0 E7 D3 6F FA D8 67 47 98 C1  ~.%..G...o..gG..
00005370:  BD BC 94 F9 4F 59 6E 82 51 D1 55 6D BF 90 AD 2B  ....OYn.Q.Um...+
00005380:  7B C2 B0 0B 71 6A C7 BF 8D BF 62 26 F5 2C D1 51  {...qj....b&.,.Q
00005390:  57 CF 43 40 48 91 F3 22 1A EA 81 8E 15 51 68 7C  W.C@H..".....Qh|
000053A0:  C8 5A EF 70 F9 F1 B4 8C 09 92 55 6F 3C B5 5E 57  .Z.p......Uo<.^W
000053B0:  A7 FF F6 53 CE 6A 00 00 00 00 00 00 00 00 00 00  ...S.j..........
000053C0:  00 00 00 00 00 00 EB FE 9B 36 98 AE 3E 40 5E D7  .........6..>@^.
000053D0:  8E 03 6A 41 20 60 E1 94 AA 35 C4 7A 49 0B 20 12  ..jA `...5.zI. .
000053E0:  1E AC 3A 4E AE 35 00 00 00 00 00 00 00 00 00 00  ..:N.5..........
000053F0:  00 00 00 00 00 00 78 B2 2F 76 46 6B D5 38 0C 52  ......x./vFk.8.R
00005400:  52 A7 84 AE A5 26 5D BA A1 F3 6E 95 D6 56 3E EE  R....&]...n..V>.
00005410:  DD E6 1C 9B 1E A7 00 00 00 00 00 00 00 00 00 00  ................
00005420:  00 00 00 00 00 00 7D FD CE BB 7F EC 3D 50 E4 54  ......}.....=P.T
00005430:  90 AF B6 E4 B8 5F 00 00 00 00 00 00 00 00 00 00  ....._..........
00005440:  00 00 00 00 00 00 4D 06 F8 22 80 13 5C BB 10 A6  ......M.."..\...
00005450:  BE F8 BF 72 C7 94 D1 80 D5 3E BF 96 4A 7E CD 3D  ...r.....>..J~.=
00005460:  B0 A6 23 3F 81 BA 00 00 00 00 00 00 00 00 00 00  ..#?............
00005470:  00 00 00 00 00 00 B4 8C 09 92 55 6F 3C B5 5E 57  ..........Uo<.^W
00005480:  A7 FF F6 53 CE 6A 00 00 00 00 00 00 00 00 00 00  ...S.j..........
00005490:  00 00 00 00 00 00 EB FE 9B 36 98 AE 3E 40 5E D7  .........6..>@^.
000054A0:  8E 03 6A 41 20 60 00 00 00 00 00 00 00 00 00 00  ..jA `..........
000054B0:  00 00 00 00 00 00 00 00 00 00 00 00 00 00 00 00  ................ [zeros]
000054C0:  00 00 00 00 00 00 00 00 00 00 00 00 00 00 00 00  ................ [zeros]
000054D0:  00 00 00 00 00 00 00 00 00 00 00 00 00 00 00 00  ................ [zeros]
000054E0:  00 00 00 00 00 00 00 00 00 00 00 00 00 00 00 00  ................ [zeros]
000054F0:  00 00 00 00 00 00 1D 9A EE 80 EA 61 BA 80 FF 4D  ...........a...M
00005500:  1C D0 A6 EF 43 CD 6E 96 68 E6 CD BC E4 2A 72 25  ....C.n.h....*r%
00005510:  99 2D 3C DB 96 28 F7 BB 73 0F E6 21 18 44 ED 67  .-<..(..s..!.D.g
00005520:  2E 9E 2F FF A1 8A 6E 96 68 E6 CD BC E4 2A 72 25  ../...n.h....*r%
00005530:  99 2D 3C DB 96 28 F8 D5 B8 63 19 D5 B2 6A 67 5F  .-<..(...c...jg_
00005540:  1B CC 14 AA E7 B0 A1 5C 2F 04 7E DD 7A 50 A6 DC  .......\/.~.zP..
00005550:  D2 E4 74 56 C3 3B B0 8E D7 76 3E 51 30 1D 93 CA  ..tV.;...v>Q0...
00005560:  F9 35 E4 D3 77 E9 DB 74 88 BB 2D F7 6C 24 1C EC  .5..w..t..-.l$..
00005570:  0C ED DE 08 31 24 5E 5D 97 9E 4E 6C BF 5F 8C 89  ....1$^]..Nl._..
00005580:  A0 E2 C5 C5 BC 7E 2C A6 BC E3 08 32 F9 DE 22 83  .....~,....2..".
00005590:  65 5A F6 1D E2 EA 00 00 00 00 00 00 00 00 00 00  eZ..............
000055A0:  00 00 00 00 00 00 88 65 47 83 3C EB 4F BB E5 DC  .......eG.<.O...
000055B0:  5D 4B 48 24 E2 A9 45 F1 F1 9B 9B 0C 8B FF E2 D8  ]KH$..E.........
000055C0:  D7 24 97 0B DC 51 0F 58 AA CA 36 88 EB 3C 03 03  .$...Q.X..6..<..
000055D0:  0C 86 07 32 43 B2 ED 58 5B FF 4C 7F 03 D7 9D B7  ...2C..X[.L.....
000055E0:  88 BB E0 26 7B 87 9D F0 4E AC 39 D1 EE 92 F5 88  ...&{...N.9.....
000055F0:  1A 3D 77 31 07 DE 22 44 53 34 AB 2D 1E EB DE A7  .=w1.."DS4.-....
00005600:  BF C8 64 47 BB 6B 20 56 0B D1 F3 02 C5 36 EB 0E  ..dG.k V.....6..
00005610:  24 E8 53 6B F6 A2 A5 5D 20 B5 D1 7C 1D 98 4F 42  $.Sk...] ..|..OB
00005620:  D0 2F 39 5A 7A 74 5E F6 F1 65 EE 3B F7 29 5C 6E  ./9Zzt^..e.;.)\n
00005630:  C1 06 29 82 BD D3 12 DC 14 94 4C 22 F7 BD 19 DE  ..).......L"....
00005640:  05 29 43 CF 5E D6 9F 26 50 AE 8B 70 AB 42 17 46  .)C.^..&P..p.B.F
00005650:  50 28 15 25 D3 68 00 00 00 00 00 00 00 00 00 00  P(.%.h..........
00005660:  00 00 00 00 00 00 00 00 00 00 00 00 00 00 00 00  ................ [zeros]
00005670:  00 00 00 00 00 00 00 00 00 00 00 00 00 00 00 00  ................ [zeros]
00005680:  00 00 00 00 00 00 00 00 00 00 00 00 00 00 00 00  ................ [zeros]
00005690:  00 00 00 00 00 00 EE C9 D0 28 E2 BF A1 3B D7 14  .........(...;..
000056A0:  0B 8D 8D 41 D0 36 CF FC 6A E4 A7 AD A9 F7 8A C4  ...A.6..j.......
000056B0:  3B DC D3 95 F3 BE 86 10 A8 BA B0 85 EA E4 7C 0A  ;.............|.
000056C0:  3E 11 79 E6 20 C1 01 B3 18 98 32 37 1B B5 7A D2  >.y. .....27..z.
000056D0:  67 D9 41 6B 4E 92 10 6D 35 E6 51 C5 34 8E 4F 84  g.AkN..m5.Q.4.O.
000056E0:  74 01 1D F8 60 E1 7C 4B 05 82 AC F3 47 8D 96 38  t...`.|K....G..8
000056F0:  50 C0 B2 58 2A 89 90 B9 7C DB 02 45 FD DC 3A 92  P..X*...|..E..:.
00005700:  BD F2 B3 0D 95 8A CD 7E 7D 2D C7 8F 97 27 47 54  .......~}-...'GT
00005710:  4C 9B F0 C3 CE 10 D5 CA 6B 8E A3 F1 44 C9 F1 37  L.......k...D..7
00005720:  62 DE 51 59 A4 85 A7 71 29 A9 37 77 E8 1B 1F 52  b.QY...q).7w...R
00005730:  A4 EE A0 B0 47 BE D8 DF 7A 72 71 6B AF F9 BE 64  ....G...zrqk...d
00005740:  6F 4C C2 38 00 87 77 91 EB 17 DB 73 7E F6 A7 3E  oL.8..w....s~..>
00005750:  C2 57 27 51 3B 17 28 26 43 ED E3 B3 C3 46 F2 27  .W'Q;.(&C....F.'
00005760:  5E 11 40 12 8B AE E5 D0 CC 22 C1 06 E0 5F 58 EA  ^.@......"..._X.
00005770:  9A 7F 79 60 7E EA 7C 85 F3 CA 2E C1 D9 44 A6 CC  ..y`~.|......D..
00005780:  4F 57 E7 6C C2 E4 65 2D 7A E9 A4 08 4C 59 42 B4  OW.l..e-z...LYB.
00005790:  0A A7 8D 8A DF 09 7A 64 35 7D 3B 76 28 B2 1A BE  ......zd5};v(...
000057A0:  78 DC 4D F7 23 D4 7E 20 29 A8 AC 3F 23 28 75 59  x.M.#.~ )..?#(uY
000057B0:  91 EE 03 E8 0B B9 70 9A 8A 00 10 59 9C CE CC 57  ......p....Y...W
000057C0:  73 FB B8 3E 53 F1 D8 E8 E4 79 B5 EA C4 A7 C0 BF  s..>S....y......
000057D0:  92 75 DA C4 90 7E C6 80 A1 AA EC D9 48 5A FD 83  .u...~......HZ..
000057E0:  DC C6 B7 EC 62 52 22 82 A7 32 1C 9D FA A8 E4 4D  ....bR"..2.....M
000057F0:  09 CF 4B 2D 28 F7 BB AF 4C 33 AA 3D C1 88 67 E8  ..K-(...L3.=..g.
00005800:  49 9D F7 C1 AC DA DC 0D D5 A3 C0 D8 0B 0C 40 0A  I.............@.
00005810:  5D D8 E7 E4 9C 5E 36 2A 24 2F 9F 00 CF 8F 5A B3  ]....^6*$/....Z.
00005820:  9D 0F 97 7D 04 F0 E9 2F 5B 07 0C B4 22 AA 0E FD  ...}.../[..."...
00005830:  FF DF FB 68 69 41 64 F8 E1 5B 65 6E 68 BE C1 17  ...hiAd..[enh...
00005840:  54 59 D4 E0 61 12 90 C0 F2 66 D9 DD E7 26 05 CE  TY..a....f...&..
00005850:  41 4D B7 32 C5 79 16 BD 44 5B 26 A4 A7 B6 2B 29  AM.2.y..D[&...+)
00005860:  62 2D F2 47 78 BC 99 38 4E 0E DA 8A DF FF 1D D2  b-.Gx..8N.......
00005870:  4E E9 F8 6B AD D2 D6 4F 9C 9B 90 FA EA BF CD 0F  N..k...O........
00005880:  ED 08 43 EB B1 A8 D0 43 3B 58 24 09 73 20 34 64  ..C....C;X$.s 4d
00005890:  BB A1 92 44 F8 3B 3A 28 2E C0 EF 1C 36 E7 70 A3  ...D.;:(....6.p.
000058A0:  4C 59 0D BF E1 D9 C0 7C 45 4D 04 7B 0E 04 68 60  LY.....|EM.{..h`
000058B0:  AE 0B AF 49 1F 19 C4 68 21 BF 61 F0 A2 BE 5E AD  ...I...h!.a...^.
000058C0:  40 73 B2 FE 55 96 EF 68 4C A6 C7 FC 25 26 56 FD  @s..U..hL...%&V.
000058D0:  AD 29 13 6B 0E 8D B6 E5 5C 4A 89 3A 50 BF 14 4B  .).k....\J.:P..K
000058E0:  C5 4F 12 69 AD 00 75 35 49 A6 14 74 5C 8A 08 27  .O.i..u5I..t\..'
000058F0:  C2 35 C6 A7 51 EB 6F D7 72 A4 55 C2 06 9C 7E 07  .5..Q.o.r.U...~.
00005900:  A2 89 D2 85 A8 30 00 00 00 00 00 00 00 00 00 00  .....0..........
00005910:  00 00 00 00 00 00 00 00 00 00 00 00 00 00 00 00  ................ [zeros]
00005920:  00 00 00 00 00 00 00 00 00 00 00 00 00 00 00 00  ................ [zeros]
00005930:  00 00 00 00 00 00 00 00 00 00 00 00 00 00 00 00  ................ [zeros]
00005940:  00 00 00 00 00 00 00 00 00 00 00 00 00 00 00 00  ................ [zeros]
00005950:  00 00 00 00 00 00 00 00 00 00 00 00 00 00 00 00  ................ [zeros]
00005960:  00 00 00 00 00 00 00 00 00 00 00 00 00 00 00 00  ................ [zeros]
00005970:  00 00 00 00 00 00 66 0E B4 64 48 A5 6B 77 8F 5A  ......f..dH.kw.Z
00005980:  2E 0C 13 62 BF C1 27 DD 65 27 EA 72 84 DD 62 F1  ...b..'.e'.r..b.
00005990:  D0 27 89 2C C5 9E 37 C7 33 F3 95 54 10 6C 42 3F  .'.,..7.3..T.lB?
000059A0:  14 CB 0D F6 EE 3D 6E DD A2 E4 A7 89 3A 71 87 D1  .....=n.....:q..
000059B0:  47 20 4E D4 99 F1 69 EE 34 85 9C D9 FC D5 F6 31  G N...i.4......1
000059C0:  31 D9 4D C3 ED 67 12 BF EF FE 21 8C B9 0D 91 F2  1.M..g....!.....
000059D0:  1F BD CE F9 7F CE 43 A7 FE 7C 0E 33 BC 92 1F CF  ......C..|.3....
000059E0:  0B 75 1C 7C 56 16 BE F7 8C 77 0B F1 78 03 B5 0E  .u.|V....w..x...
000059F0:  C8 0B 3C 83 21 92 DF 80 F3 DE 42 EE D2 35 F7 B4  ..<.!.....B..5..
00005A00:  71 CB AC 9F D7 26 84 82 CE 04 54 07 2A 50 1A 9B  q....&....T.*P..
00005A10:  01 3B 61 FD 90 80 A4 42 7D E4 6C 22 48 6B BF C0  .;a....B}.l"Hk..
00005A20:  34 41 6D 2B 7E 13 00 00 00 00 00 00 00 00 00 00  4Am+~...........
00005A30:  00 00 00 00 00 00 7D AA 73 75 1E DE A4 0F 57 94  ......}.su....W.
00005A40:  1F 04 B0 6D B0 46 9E 72 9A DD 0C 1D 20 03 3C 0B  ...m.F.r.... .<.
00005A50:  F5 03 56 7D 09 D2 00 00 00 00 00 00 00 00 00 00  ..V}............
00005A60:  00 00 00 00 00 00 00 00 00 00 00 00 00 00 00 00  ................ [zeros]
00005A70:  00 00 00 00 00 00 00 00 00 00 00 00 00 00 00 00  ................ [zeros]
00005A80:  00 00 00 00 00 00 00 00 00 00 00 00 00 00 00 00  ................ [zeros]
00005A90:  00 00 00 00 00 00 00 00 00 00 00 00 00 00 00 00  ................ [zeros]
00005AA0:  00 00 00 00 00 00 00 00 00 00 00 00 00 00 00 00  ................ [zeros]
00005AB0:  00 00 00 00 00 00 00 00 00 00 00 00 00 00 00 00  ................ [zeros]
00005AC0:  00 00 00 00 00 00 00 00 00 00 00 00 00 00 00 00  ................ [zeros]
00005AD0:  00 00 00 00 00 00 00 00 00 00 00 00 00 00 00 00  ................ [zeros]
00005AE0:  00 00 00 00 00 00 00 00 00 00 00 00 00 00 00 00  ................ [zeros]
00005AF0:  00 00 00 00 00 00 00 00 00 00 00 00 00 00 00 00  ................ [zeros]
00005B00:  00 00 00 00 00 00 00 00 00 00 00 00 00 00 00 00  ................ [zeros]
00005B10:  00 00 00 00 00 00 00 00 00 00 00 00 00 00 00 00  ................ [zeros]
00005B20:  00 00 00 00 00 00 00 00 00 00 00 00 00 00 00 00  ................ [zeros]
00005B30:  00 00 00 00 00 00 CC 05 35 1E 97 6A 9F FA 2E 9A  ........5..j....
00005B40:  6C F4 D6 29 78 33 00 00 00 00 00 00 00 00 00 00  l..)x3..........
00005B50:  00 00 00 00 00 00 0B 14 E8 F6 8F 9B ED 5D FC 77  .............].w
00005B60:  69 CF 69 CB D4 C8 E9 B5 01 B7 6E AD 33 64 00 A4  i.i.......n.3d..
00005B70:  BE A0 FE 65 90 36 B4 BC 5A 8F 01 E7 83 05 9F 19  ...e.6..Z.......
00005B80:  B1 B2 5B A0 B0 83 FD 96 F1 2F C1 E3 6F 20 4C 67  ..[....../..o Lg
00005B90:  3A 5E 0E 3E 79 3D 64 87 AD 39 AB 64 2E 3E 3F 9B  :^.>y=d..9.d.>?.
00005BA0:  71 79 46 44 1E 7C 8B 8C 56 4E 58 22 91 4D 32 EB  qyFD.|..VNX".M2.
00005BB0:  44 B1 26 E7 D6 59 5F 3D 5C 94 9E B9 CF 62 4C F9  D.&..Y_=\....bL.
00005BC0:  AE D7 65 3B CD D0 34 CD F6 6D 84 11 93 AA 97 F0  ..e;..4..m......
00005BD0:  99 51 59 A9 28 78 B9 E6 DF 31 EA FE 5F 43 03 A1  .QY.(x...1.._C..
00005BE0:  D7 81 45 0B 96 4B 63 7A 01 6A 4C 77 96 04 AD 53  ..E..Kcz.jLw...S
00005BF0:  01 84 12 84 A7 DD 7D 3B 25 75 FD AC EF 0A AF 94  ......};%u......
00005C00:  53 E4 29 25 18 14 58 E1 E2 61 AD 7E 60 39 81 EB  S.)%..X..a.~`9..
00005C10:  D0 29 4D 09 CA 08 D8 5E D4 BE 26 59 B5 AE 91 4C  .)M....^..&Y...L
00005C20:  05 F9 D9 93 BF 40 51 17 53 3F 76 DB E4 0D 8C 38  .....@Q.S?v....8
00005C30:  A3 96 44 F2 08 27 F4 66 9D 25 85 EE 19 FB 2A A0  ..D..'.f.%....*.
00005C40:  73 B2 D4 C5 57 FC 99 62 9E 51 80 4F 0B 3C 70 7A  s...W..b.Q.O.<pz
00005C50:  EC D0 00 46 B2 FB 23 D1 E1 04 9D CA D1 55 36 08  ...F..#......U6.
00005C60:  55 D7 7D D9 40 0B 07 35 08 D2 CC B0 7A 66 A5 9B  U.}.@..5....zf..
00005C70:  B1 48 22 04 10 33 17 9A A4 8C 6D 65 B0 17 10 F7  .H"..3....me....
00005C80:  E5 45 71 EA 36 21 17 C0 0F C4 F4 AF 6A 7B AF A0  .Eq.6!......j{..
00005C90:  E1 75 BB F1 89 44 8F 65 5F C8 59 FE BB 2E 7C 10  .u...D.e_.Y...|.
00005CA0:  B8 7F CE 88 7B C6 3A B4 6E 43 1B 3F C0 7A B0 E7  ....{.:.nC.?.z..
00005CB0:  87 74 27 11 0B 55 97 E7 D8 04 92 5A 6B C2 B9 E4  .t'..U.....Zk...
00005CC0:  E8 C9 99 B4 76 9A 04 2E 8D 3D 37 7F 79 FF DF 2B  ....v....=7.y..+
00005CD0:  1D 72 E2 E2 11 63 86 11 A3 D0 F2 94 08 3B 70 C3  .r...c.......;p.
00005CE0:  D7 A9 DD C0 45 38 E1 E0 A2 22 1A 36 F6 7C 07 46  ....E8...".6.|.F
00005CF0:  08 66 C6 5A 43 FB 3B 3F 9B D7 AC 32 00 FC 59 6A  .f.ZC.;?...2..Yj
00005D00:  58 99 8A 03 4F 76 56 B0 5F ED 1E 5B 2D 3F D8 3C  X...OvV._..[-?.<
00005D10:  B6 09 4A F3 B4 49 8F B8 73 D0 11 B5 77 F1 5D F6  ..J..I..s...w.].
00005D20:  BF CA C5 B1 23 55 D8 CD 96 65 0E BD B6 CB D6 BC  ....#U...e......
00005D30:  20 37 C4 DD 98 1D D4 E2 A3 6B FF A1 08 A4 2D 4C   7.......k....-L
00005D40:  9E 17 90 B6 28 54 B0 73 92 CE D8 08 BE 26 EE 56  ....(T.s.....&.V
00005D50:  F6 5B 52 FA DC 8B DC 22 B6 E0 52 0F FC 82 9C 87  .[R...."..R.....
00005D60:  4E 87 64 1B 3E E8 00 00 00 00 00 00 00 00 00 00  N.d.>...........
00005D70:  00 00 00 00 00 00 00 00 00 00 00 00 00 00 00 00  ................ [zeros]
00005D80:  00 00 00 00 00 00 00 00 00 00 00 00 00 00 00 00  ................ [zeros]
00005D90:  00 00 00 00 00 00 00 00 00 00 00 00 00 00 00 00  ................ [zeros]
00005DA0:  00 00 00 00 00 00 00 00 00 00 00 00 00 00 00 00  ................ [zeros]
00005DB0:  00 00 00 00 00 00 00 00 00 00 00 00 00 00 00 00  ................ [zeros]
00005DC0:  00 00 00 00 00 00 00 00 00 00 00 00 00 00 00 00  ................ [zeros]
00005DD0:  00 00 00 00 00 00 00 00 00 00 00 00 00 00 00 00  ................ [zeros]
00005DE0:  00 00 00 00 00 00 00 00 00 00 00 00 00 00 00 00  ................ [zeros]
00005DF0:  00 00 00 00 00 00 00 00 00 00 00 00 00 00 00 00  ................ [zeros]
00005E00:  00 00 00 00 00 00 00 00 00 00 00 00 00 00 00 00  ................ [zeros]
00005E10:  00 00 00 00 00 00 00 00 00 00 00 00 00 00 00 00  ................ [zeros]
00005E20:  00 00 00 00 00 00 00 00 00 00 00 00 00 00 00 00  ................ [zeros]
00005E30:  00 00 00 00 00 00 00 00 00 00 00 00 00 00 00 00  ................ [zeros]
00005E40:  00 00 00 00 00 00 FD 4B 43 39 69 3A 59 6C D6 D2  .......KC9i:Yl..
00005E50:  10 E5 BB 71 8D F4 00 00 00 00 00 00 00 00 00 00  ...q............
00005E60:  00 00 00 00 00 00 EC C1 0C 81 B1 E3 AA 8C 2C BB  ..............,.
00005E70:  57 67 6A 05 53 2E 72 FC AD 70 8B 04 2B A5 D7 B6  Wgj.S.r..p..+...
00005E80:  53 BD 76 02 12 60 D5 70 1A C1 C0 D7 DD 73 C8 05  S.v..`.p.....s..
00005E90:  FE C2 B8 EC B2 F1 B5 8D 0C A6 1A 7C CE 41 53 70  ...........|.ASp
00005EA0:  9D 95 11 5B 7C 2D 00 00 00 00 00 00 00 00 00 00  ...[|-..........
00005EB0:  00 00 00 00 00 00 2F 14 FA E9 D5 1E 85 13 07 3F  ....../........?
00005EC0:  F9 F7 F7 DB 21 E5 DF F7 93 81 0B F1 5E FE DF 04  ....!.......^...
00005ED0:  F0 42 1B 3A C1 6A E2 DD A1 6F BF 64 27 DA 34 77  .B.:.j...o.d'.4w
00005EE0:  E9 8C 0B 85 0C 78 B2 A4 76 07 77 5F 37 86 FB F2  .....x..v.w_7...
00005EF0:  5D D3 73 69 E2 B8 AC 95 C8 E1 A1 2C 43 2D 0B 42  ].si.......,C-.B
00005F00:  D1 F5 8B 96 CB 7A 2F 0F 03 3E 22 AB 78 A4 7A 4E  .....z/..>".x.zN
00005F10:  9D C4 10 3C 92 B9 4F FF 86 40 CE D9 6D 64 D3 F3  ...<..O..@..md..
00005F20:  3D C7 7B 86 C8 CF 42 7B 0D 27 9E 42 50 51 93 A2  =.{...B{.'.BPQ..
00005F30:  02 90 30 63 93 16 8A 0A 55 97 60 78 F6 0D 5F A9  ..0c....U.`x.._.
00005F40:  C9 D2 36 BF AF A3 7A 44 B2 CA 92 94 52 D3 A4 81  ..6...zD....R...
00005F50:  67 73 D0 4C E5 E8 36 D2 64 EC 36 18 18 18 DF 5B  gs.L..6.d.6....[
00005F60:  C9 1D 0C A5 2F 67 38 15 F1 AC 0D 9D C1 A8 07 85  ..../g8.........
00005F70:  A9 D4 0E 78 D5 88 98 82 BA 39 9E 67 7A 5E EC EC  ...x.....9.gz^..
00005F80:  06 40 D7 04 7F 03 C2 86 25 7F F1 CB 4A D2 4F 17  .@......%...J.O.
00005F90:  7B 8D BE 88 6C CA AD 34 EF 33 DC 08 BF E3 0A FE  {...l..4.3......
00005FA0:  D5 7D 07 B5 C4 B3 64 31 6F 53 A1 8D 66 EC 0E 80  .}....d1oS..f...
00005FB0:  0F F3 A2 0A C2 58 B2 52 1E E2 44 AF EE C8 82 60  .....X.R..D....`
00005FC0:  21 88 45 26 D1 C5 2F 15 3A AF C8 B8 07 A7 7C 5B  !.E&../.:.....|[
00005FD0:  40 B0 C6 30 FD E3 2D 49 C0 0E E5 1A 5E A1 9F C0  @..0..-I....^...
00005FE0:  36 9B C6 31 42 60 9F 0E 0B 3E 23 2A C6 99 9C AA  6..1B`...>#*....
00005FF0:  9D C2 31 2F 8D FA 5C 31 9B 43 7C E1 F9 F1 8C D9  ..1/..\1.C|.....
00006000:  8E B2 CA D5 2B C9 16 F9 F0 FC 6E DB 63 6F 0A ED  ....+.....n.co..
00006010:  E5 42 85 16 CE 6D 14 F9 7D 8E 0A 3E 83 C7 54 BF  .B...m..}..>..T.
00006020:  F5 A7 29 31 B6 7D 51 21 AA A2 D9 F2 26 7C 49 78  ..)1.}Q!....&|Ix
00006030:  72 5D B9 33 DA D7 3E 0A 7F 76 EA 5F 62 D7 D0 7B  r].3..>..v._b..{
00006040:  EF 7D 40 5E 92 D9 F1 CC 06 64 FF B1 A8 A3 71 E9  .}@^.....d....q.
00006050:  70 4B 46 27 54 8D 68 FF 62 50 82 91 EE 53 C0 81  pKF'T.h.bP...S..
00006060:  18 C5 F3 E9 54 EB 00 00 00 00 00 00 00 00 00 00  ....T...........
00006070:  00 00 00 00 00 00 00 00 00 00 00 00 00 00 00 00  ................ [zeros]
00006080:  00 00 00 00 00 00 00 00 00 00 00 00 00 00 00 00  ................ [zeros]
00006090:  00 00 00 00 00 00 00 00 00 00 00 00 00 00 00 00  ................ [zeros]
000060A0:  00 00 00 00 00 00 00 00 00 00 00 00 00 00 00 00  ................ [zeros]
000060B0:  00 00 00 00 00 00 2E 8B FF 59 63 13 90 DF 7F 94  .........Yc.....
000060C0:  AC 86 02 32 7B F1 3D AE 33 C6 55 F5 66 A1 A0 87  ...2{.=.3.U.f...
000060D0:  E9 F1 0A 36 16 F4 B6 51 38 E4 B8 7F D5 6B B1 4A  ...6...Q8....k.J
000060E0:  0E F5 B7 44 AA A8 5E 97 72 D6 90 D4 52 F9 E4 42  ...D..^.r...R..B
000060F0:  E2 43 D1 95 30 1D 00 00 00 00 00 00 00 00 00 00  .C..0...........
00006100:  00 00 00 00 00 00 00 00 00 00 00 00 00 00 00 00  ................ [zeros]
00006110:  00 00 00 00 00 00 00 00 00 00 00 00 00 00 00 00  ................ [zeros]
00006120:  00 00 00 00 00 00 00 00 00 00 00 00 00 00 00 00  ................ [zeros]
00006130:  00 00 00 00 00 00 00 00 00 00 00 00 00 00 00 00  ................ [zeros]
00006140:  00 00 00 00 00 00 00 00 00 00 00 00 00 00 00 00  ................ [zeros]
00006150:  00 00 00 00 00 00 00 00 00 00 00 00 00 00 00 00  ................ [zeros]
00006160:  00 00 00 00 00 00 00 00 00 00 00 00 00 00 00 00  ................ [zeros]
00006170:  00 00 00 00 00 00 00 00 00 00 00 00 00 00 00 00  ................ [zeros]
00006180:  00 00 00 00 00 00 00 00 00 00 00 00 00 00 00 00  ................ [zeros]
00006190:  00 00 00 00 00 00 00 00 00 00 00 00 00 00 00 00  ................ [zeros]
000061A0:  00 00 00 00 00 00 2C E3 B3 78 DB 5A 5B B6 37 80  ......,..x.Z[.7.
000061B0:  77 50 C8 99 27 2E C3 DB AA 6F D8 AC 82 44 B3 AD  wP..'....o...D..
000061C0:  20 11 90 6A 5A BC 31 98 30 0F AD C9 1F 74 72 54   ..jZ.1.0....trT
000061D0:  0B 30 6A F2 A3 6A 00 00 00 00 00 00 00 00 00 00  .0j..j..........
000061E0:  00 00 00 00 00 00 FD 96 F1 2F C1 E3 6F 20 4C 67  ........./..o Lg
000061F0:  3A 5E 0E 3E 79 3D 00 00 00 00 00 00 00 00 00 00  :^.>y=..........
00006200:  00 00 00 00 00 00 00 00 00 00 00 00 00 00 00 00  ................ [zeros]
00006210:  00 00 00 00 00 00 00 00 00 00 00 00 00 00 00 00  ................ [zeros]
00006220:  00 00 00 00 00 00 00 00 00 00 00 00 00 00 00 00  ................ [zeros]
00006230:  00 00 00 00 00 00 00 00 00 00 00 00 00 00 00 00  ................ [zeros]
00006240:  00 00 00 00 00 00 9E 87 77 E2 FF 16 D3 8C FF BB  ........w.......
00006250:  8A 0D 2A 02 56 52 00 00 00 00 00 00 00 00 00 00  ..*.VR..........
00006260:  00 00 00 00 00 00 00 00 00 00 00 00 00 00 00 00  ................ [zeros]
00006270:  00 00 00 00 00 00 00 00 00 00 00 00 00 00 00 00  ................ [zeros]
00006280:  00 00 00 00 00 00 00 00 00 00 00 00 00 00 00 00  ................ [zeros]
00006290:  00 00 00 00 00 00 00 00 00 00 00 00 00 00 00 00  ................ [zeros]
000062A0:  00 00 00 00 00 00 00 00 00 00 00 00 00 00 00 00  ................ [zeros]
000062B0:  00 00 00 00 00 00 00 00 00 00 00 00 00 00 00 00  ................ [zeros]
000062C0:  00 00 00 00 00 00 00 00 00 00 00 00 00 00 00 00  ................ [zeros]
000062D0:  00 00 00 00 00 00 00 00 00 00 00 00 00 00 00 00  ................ [zeros]
000062E0:  00 00 00 00 00 00 00 00 00 00 00 00 00 00 00 00  ................ [zeros]
000062F0:  00 00 00 00 00 00 00 00 00 00 00 00 00 00 00 00  ................ [zeros]
00006300:  00 00 00 00 00 00 00 00 00 00 00 00 00 00 00 00  ................ [zeros]
00006310:  00 00 00 00 00 00 94 46 3D 66 EE 5E A9 1C 66 5D  .......F=f.^..f]
00006320:  F5 8E 8F 93 E3 A1 D0 A3 A7 B3 0F 8A A9 6F 2A 7E  .............o*~
00006330:  AF DD E1 DF 3B 38 73 BB 8E 7A 92 73 9D 46 6D BA  ....;8s..z.s.Fm.
00006340:  6C 9B E3 30 94 F3 B0 73 92 CE D8 08 BE 26 EE 56  l..0...s.....&.V
00006350:  F6 5B 52 FA DC 8B 00 00 00 00 00 00 00 00 00 00  .[R.............
00006360:  00 00 00 00 00 00 00 00 00 00 00 00 00 00 00 00  ................ [zeros]
00006370:  00 00 00 00 00 00 00 00 00 00 00 00 00 00 00 00  ................ [zeros]
00006380:  00 00 00 00 00 00 00 00 00 00 00 00 00 00 00 00  ................ [zeros]
00006390:  00 00 00 00 00 00 00 00 00 00 00 00 00 00 00 00  ................ [zeros]
000063A0:  00 00 00 00 00 00 7B 5A 1E 1A C5 BB AE 26 F7 BA  ......{Z.....&..
000063B0:  41 87 1A C5 C0 18 C1 1C 66 A7 10 5E 0B B7 F3 82  A.......f..^....
000063C0:  CD EE 6F 21 F7 69 00 00 00 00 00 00 00 00 00 00  ..o!.i..........
000063D0:  00 00 00 00 00 00 00 00 00 00 00 00 00 00 00 00  ................ [zeros]
000063E0:  00 00 00 00 00 00 00 00 00 00 00 00 00 00 00 00  ................ [zeros]
000063F0:  00 00 00 00 00 00 00 00 00 00 00 00 00 00 00 00  ................ [zeros]
00006400:  00 00 00 00 00 00 00 00 00 00 00 00 00 00 00 00  ................ [zeros]
00006410:  00 00 00 00 00 00 00 00 00 00 00 00 00 00 00 00  ................ [zeros]
00006420:  00 00 00 00 00 00 00 00 00 00 00 00 00 00 00 00  ................ [zeros]
00006430:  00 00 00 00 00 00 00 00 00 00 00 00 00 00 00 00  ................ [zeros]
00006440:  00 00 00 00 00 00 00 00 00 00 00 00 00 00 00 00  ................ [zeros]
00006450:  00 00 00 00 00 00 00 00 00 00 00 00 00 00 00 00  ................ [zeros]
00006460:  00 00 00 00 00 00 00 00 00 00 00 00 00 00 00 00  ................ [zeros]
00006470:  00 00 00 00 00 00 47 3A AA 21 42 0C F1 3A E9 77  ......G:.!B..:.w
00006480:  86 EB 43 88 A0 04 B1 2D BE 40 08 77 CD AC 33 51  ..C....-.@.w..3Q
00006490:  91 26 9A 63 FD CD 32 ED 36 D7 32 06 03 2B 66 75  .&.c..2.6.2..+fu
000064A0:  C8 20 2C 7C 1F 02 03 45 AD E2 45 AC B0 2F 56 78  . ,|...E..E../Vx
000064B0:  46 9D 1B 3F 58 05 41 FD 16 8B D9 8C F9 CC BA 3F  F..?X.A........?
000064C0:  83 43 53 79 86 02 1B E3 23 59 21 2B D6 F2 8D 46  .CSy....#Y!+...F
000064D0:  FF 41 57 61 FC EB 8C EB BF FD E6 C7 A0 A5 55 25  .AWa..........U%
000064E0:  D8 7C 2B DE 06 BA 86 B6 2B BF 8F F9 F9 6C 40 FF  .|+.....+....l@.
000064F0:  AB 71 DD D5 00 C3 D9 B7 31 4E 8D 0A 18 7F 3C 81  .q......1N....<.
00006500:  7F CA 60 34 C7 3B 83 D0 ED 5D 47 7A 5C 8F C4 6D  ..`4.;...]Gz\..m
00006510:  09 D1 55 F5 A9 6C AB C0 D3 A6 27 78 B7 7E 35 EA  ..U..l....'x.~5.
00006520:  3F 08 FE B0 38 B4 07 EA 06 A2 22 11 A8 34 2A F3  ?...8....."..4*.
00006530:  2C 7B F9 AE 83 D0 32 2B D0 5B B6 2D 55 FF 99 53  ,{....2+.[.-U..S
00006540:  96 6D F4 DA D9 45 4B E5 77 59 8D 6E 89 E9 24 7F  .m...EK.wY.n..$.
00006550:  81 1A D3 80 B5 16 FC 42 24 5D 0E B9 46 C2 B3 1E  .......B$]..F...
00006560:  D2 80 DD B8 85 C9 12 9B 3B B7 0F 07 9E 0A 22 A2  ........;.....".
00006570:  23 7F EF 57 60 94 B4 74 56 AB C4 05 D1 F9 DB D8  #..W`..tV.......
00006580:  BB 23 63 02 B5 92 F2 E1 2C 53 03 4A 27 1C 30 87  .#c.....,S.J'.0.
00006590:  D3 32 8B 84 5C E6 06 8F 91 AE BC 00 C0 EA 89 F4  .2..\...........
000065A0:  AC 5D 29 1C 7B 0B D7 7D 51 45 C6 D5 10 DE CF 0F  .]).{..}QE......
000065B0:  60 87 14 76 58 64 D8 0A 22 C1 5C 52 78 0B 64 D9  `..vXd..".\Rx.d.
000065C0:  01 A9 0F 83 25 1A D7 A0 BF 71 07 5B A4 DD 16 30  ....%....q.[...0
000065D0:  B3 2E BA 7D 2D C1 00 00 00 00 00 00 00 00 00 00  ...}-...........
000065E0:  00 00 00 00 00 00 84 4D 46 38 AB A4 B0 4B D1 08  .......MF8...K..
000065F0:  60 BA AE F7 1A 4A 48 74 59 24 5C E1 50 95 9A 87  `....JHtY$\.P...
00006600:  4A 33 4D 08 87 CD C1 45 82 BB F3 AA E5 33 6B 96  J3M....E.....3k.
00006610:  6F 6A CB 38 75 F3 00 00 00 00 00 00 00 00 00 00  oj.8u...........
00006620:  00 00 00 00 00 00 16 E2 34 94 8B 3B 47 53 04 95  ........4..;GS..
00006630:  83 F3 C5 24 A7 BA 8B 69 29 EC 46 E8 C4 58 CA EF  ...$...i).F..X..
00006640:  CE 99 90 D9 AF 41 42 CD EC 92 C6 08 A8 51 31 A4  .....AB......Q1.
00006650:  5A AB 7D 69 22 06 B9 A4 CE 30 FE 76 B9 44 31 F6  Z.}i"....0.v.D1.
00006660:  DA 23 09 F7 89 71 FB B9 64 64 E3 75 F0 1C C6 43  .#...q..dd.u...C
00006670:  E1 BD F8 FE 4F 91 69 1F B5 41 92 B8 85 C5 A2 E0  ....O.i..A......
00006680:  2A AC 88 F2 A9 45 00 00 00 00 00 00 00 00 00 00  *....E..........
00006690:  00 00 00 00 00 00 37 48 6C 57 F9 7F F6 11 49 31  ......7HlW....I1
000066A0:  92 64 B9 A7 EA 1B 24 5C 5F A6 51 8F B1 A5 64 8A  .d....$\_.Q...d.
000066B0:  F5 D9 A4 69 AF F6 D7 A0 BF 71 07 5B A4 DD 16 30  ...i.....q.[...0
000066C0:  B3 2E BA 7D 2D C1 00 00 00 00 00 00 00 00 00 00  ...}-...........
000066D0:  00 00 00 00 00 00 84 4D 46 38 AB A4 B0 4B D1 08  .......MF8...K..
000066E0:  60 BA AE F7 1A 4A 08 75 14 DE A5 19 5E 6E 22 02  `....J.u....^n".
000066F0:  33 C8 36 7B EF 40 00 00 00 00 00 00 00 00 00 00  3.6{.@..........
00006700:  00 00 00 00 00 00 00 00 00 00 00 00 00 00 00 00  ................ [zeros]
00006710:  00 00 00 00 00 00 00 00 00 00 00 00 00 00 00 00  ................ [zeros]
00006720:  00 00 00 00 00 00 00 00 00 00 00 00 00 00 00 00  ................ [zeros]
00006730:  00 00 00 00 00 00 00 00 00 00 00 00 00 00 00 00  ................ [zeros]
00006740:  00 00 00 00 00 00 00 00 00 00 00 00 00 00 00 00  ................ [zeros]
00006750:  00 00 00 00 00 00 00 00 00 00 00 00 00 00 00 00  ................ [zeros]
00006760:  00 00 00 00 00 00 00 00 00 00 00 00 00 00 00 00  ................ [zeros]
00006770:  00 00 00 00 00 00 00 00 00 00 00 00 00 00 00 00  ................ [zeros]
00006780:  00 00 00 00 00 00 00 00 00 00 00 00 00 00 00 00  ................ [zeros]
00006790:  00 00 00 00 00 00 00 00 00 00 00 00 00 00 00 00  ................ [zeros]
000067A0:  00 00 00 00 00 00 00 00 00 00 00 00 00 00 00 00  ................ [zeros]
000067B0:  00 00 00 00 00 00 00 00 00 00 00 00 00 00 00 00  ................ [zeros]
000067C0:  00 00 00 00 00 00 2D D0 9E 4D B4 26 30 CC EA 49  ......-..M.&0..I
000067D0:  52 B6 C1 B5 FA 14 9F A5 2F 7D DF 74 60 A6 5F 00  R......./}.t`._.
000067E0:  C5 43 BE F1 D8 CA C7 50 C7 48 93 E7 96 13 A2 FA  .C.....P.H......
000067F0:  73 0C 32 9B 2C 7D 6B D0 F7 DF 1C 16 D6 F2 31 75  s.2.,}k.......1u
00006800:  50 AC D9 DC 83 C9 00 00 00 00 00 00 00 00 00 00  P...............
00006810:  00 00 00 00 00 00 9D 39 64 DF 4F 19 9C 22 65 9D  .......9d.O.."e.
00006820:  D7 54 EF 0D 5E B6 DA B6 1A 68 CC 12 D4 63 1F F7  .T..^....h...c..
00006830:  5D 4B F8 3C A0 FE 9D AB 98 43 7D 94 BE 47 3A 6F  ]K.<.....C}..G:o
00006840:  66 DE A5 51 E2 C1 4F 84 3D F2 39 ED F0 EC 3F 31  f..Q..O.=.9...?1
00006850:  27 91 A3 D5 D1 4E 1F 3E F5 28 DA 24 EA EE 99 83  '....N.>.(.$....
00006860:  0F 8C D7 C9 26 0B C0 54 C3 BB 4C 21 86 BA 0D 8F  ....&..T..L!....
00006870:  EA F9 B8 96 4F 63 8F DC E9 B4 AF 87 CE B3 E9 41  ....Oc.........A
00006880:  26 D1 52 23 F1 AD E5 D2 D9 1B 98 6A 06 C0 58 14  &.R#.......j..X.
00006890:  E9 2E 7B 86 80 0D 40 A8 E5 7D 3C 0D EC 53 2C B8  ..{...@..}<..S,.
000068A0:  00 8B 7A BE 7E 84 86 36 9D CF 84 31 F2 C5 6D 95  ..z.~..6...1..m.
000068B0:  06 54 02 BB E6 54 3A 28 A2 9D 9F 85 28 22 7F 1D  .T...T:(....("..
000068C0:  26 5F 6B 5D 5A DA A9 F7 26 8F 91 C8 ED 25 E6 6B  &_k]Z...&....%.k
000068D0:  D3 59 E4 A1 C7 1E 5D 0D 81 B3 64 8D 8D 32 41 EC  .Y....]...d..2A.
000068E0:  4E 69 69 42 09 F3 77 58 90 D3 2B 46 94 B7 8C 6B  NiiB..wX..+F...k
000068F0:  C3 8B 2F 86 98 95 53 25 F1 52 8E 11 34 61 FC 5F  ../...S%.R..4a._
00006900:  9B F2 8E 69 36 2A DD 3D 00 D7 76 BF 70 B1 58 00  ...i6*.=..v.p.X.
00006910:  99 F8 A7 36 AE 14 BC 8E E8 B5 5C FB BF AD F4 28  ...6......\....(
00006920:  6E 19 93 01 B6 31 A4 38 DC B4 6E 34 D7 05 81 C8  n....1.8..n4....
00006930:  3C 66 F1 EF 4D 29 F7 0F BE 95 B9 AC 4C ED 2D 90  <f..M)......L.-.
00006940:  C1 F9 54 2E CA CC 00 00 00 00 00 00 00 00 00 00  ..T.............
00006950:  00 00 00 00 00 00 00 00 00 00 00 00 00 00 00 00  ................ [zeros]
00006960:  00 00 00 00 00 00 8B 69 29 EC 46 E8 C4 58 CA EF  .......i).F..X..
00006970:  CE 99 90 D9 AF 41 00 00 00 00 00 00 00 00 00 00  .....A..........
00006980:  00 00 00 00 00 00 00 00 00 00 00 00 00 00 00 00  ................ [zeros]
00006990:  00 00 00 00 00 00 BE 60 EF 7F 18 F6 28 B2 A2 86  .......`....(...
000069A0:  07 8D 88 D2 A9 79 00 00 00 00 00 00 00 00 00 00  .....y..........
000069B0:  00 00 00 00 00 00 00 00 00 00 00 00 00 00 00 00  ................ [zeros]
000069C0:  00 00 00 00 00 00 00 00 00 00 00 00 00 00 00 00  ................ [zeros]
000069D0:  00 00 00 00 00 00 4F FE 4F 66 51 5D A5 95 26 F0  ......O.OfQ]..&.
000069E0:  8C FB 13 77 3C 26 00 00 00 00 00 00 00 00 00 00  ...w<&..........
000069F0:  00 00 00 00 00 00 00 00 00 00 00 00 00 00 00 00  ................ [zeros]
00006A00:  00 00 00 00 00 00 3C 2B 9B 44 BA F3 F1 95 99 35  ......<+.D.....5
00006A10:  AB 5C 91 51 1C 87 00 00 00 00 00 00 00 00 00 00  .\.Q............
00006A20:  00 00 00 00 00 00 00 00 00 00 00 00 00 00 00 00  ................ [zeros]
00006A30:  00 00 00 00 00 00 BA 55 95 BB E6 C6 3F AE 39 E2  .......U....?.9.
00006A40:  24 76 B5 57 50 C0 00 00 00 00 00 00 00 00 00 00  $v.WP...........
00006A50:  00 00 00 00 00 00 00 00 00 00 00 00 00 00 00 00  ................ [zeros]
00006A60:  00 00 00 00 00 00 00 00 00 00 00 00 00 00 00 00  ................ [zeros]
00006A70:  00 00 00 00 00 00 53 6B C9 B9 4B 2D 26 A0 FD 9C  ......Sk..K-&...
00006A80:  E4 3C F6 F0 A6 45 00 00 00 00 00 00 00 00 00 00  .<...E..........
00006A90:  00 00 00 00 00 00 00 00 00 00 00 00 00 00 00 00  ................ [zeros]
00006AA0:  00 00 00 00 00 00 D3 11 72 22 7D AC 5A F9 22 49  ........r"}.Z."I
00006AB0:  4C DE DB EC B8 DE D8 6D C4 BA 48 41 C6 CF A3 B5  L......m..HA....
00006AC0:  FD 75 1A A8 C5 09 C9 44 45 5D FD 51 39 3C FA D0  .u.....DE].Q9<..
00006AD0:  96 93 4D 8A E3 A0 44 A3 A1 61 8B F5 F0 80 D6 EC  ..M...D..a......
00006AE0:  CA 3C 88 F8 24 BC D8 E8 E4 79 B5 EA C4 A7 C0 BF  .<..$....y......
00006AF0:  92 75 DA C4 90 7E D9 9E 5E 5C D1 C7 5E F5 43 04  .u...~..^\..^.C.
00006B00:  8D 34 87 42 FB 34 ED 46 94 E1 4B B5 A5 B8 E7 20  .4.B.4.F..K.... 
00006B10:  B7 FD 1D 6D 86 48 7B 34 E0 C9 7B 5E D8 D0 A3 8B  ...m.H{4..{^....
00006B20:  C4 3F 8D 12 06 57 B7 A4 E0 21 5D 2E 4A 0E DB 65  .?...W...!].J..e
00006B30:  C9 0D A7 D8 8A EF EF A0 CA F0 2D 7C 17 71 20 4B  ..........-|.q K
00006B40:  87 C8 E7 C7 7B D8 88 6D 21 05 34 39 07 F2 E0 F4  ....{..m!.49....
00006B50:  C1 A2 4F CB 11 26 AD 40 20 9D FA C4 22 BE C3 01  ..O..&.@ ..."...
00006B60:  84 5F 13 F0 96 3A C6 1C 30 41 ED D3 DA A3 CD 64  ._...:..0A.....d
00006B70:  DD 6A 36 D8 9A 6C 33 3F 0F B7 2F D2 92 DA 1C 92  .j6..l3?../.....
00006B80:  5C D1 4C DB 71 3F 50 48 63 17 D1 6A B1 E4 A0 97  \.L.q?PHc..j....
00006B90:  D0 FB EE FC AB A9 B1 26 41 12 43 FA 06 79 D9 EF  .......&A.C..y..
00006BA0:  2D 69 3E EF FD F1 6A 86 E3 BB 98 D8 2B 79 EE 22  -i>...j.....+y."
00006BB0:  2F EA 06 9C 86 B0 4E D0 62 C3 2A 28 C4 C2 8E 5D  /.....N.b.*(...]
00006BC0:  6E 96 52 04 6C 31 4E D0 62 C3 2A 28 C4 C2 8E 5D  n.R.l1N.b.*(...]
00006BD0:  6E 96 52 04 6C 31 4E D0 62 C3 2A 28 C4 C2 8E 5D  n.R.l1N.b.*(...]
00006BE0:  6E 96 52 04 6C 31 17 5B AE FC A4 55 07 F6 44 93  n.R.l1.[...U..D.
00006BF0:  06 25 0E 71 1A EA D9 8D C1 A0 A6 02 03 C8 74 C9  .%.q..........t.
00006C00:  65 51 0A E0 43 91 D9 8D C1 A0 A6 02 03 C8 74 C9  eQ..C.........t.
00006C10:  65 51 0A E0 43 91 D4 B2 11 93 CC 4B E7 88 15 12  eQ..C......K....
00006C20:  93 35 1F B2 9F C0 31 2F 95 E9 D2 DA 46 56 C1 DF  .5....1/....FV..
00006C30:  15 4C C7 1D C5 B9 9A FF 7B 2F 4B 7A D3 04 D0 82  .L......{/Kz....
00006C40:  5F 7E FF F7 08 E2 D9 D5 B4 85 42 64 4A 67 9B FC  _~........BdJg..
00006C50:  D4 F1 9D E2 12 6D 61 96 03 F3 1D EA 56 45 35 7D  .....ma.....VE5}
00006C60:  E8 51 6B D0 B2 EC EB F4 6B 7E C7 88 00 46 14 53  .Qk.....k~...F.S
00006C70:  73 9A F3 0C 2D 40 B1 BB BC 75 C8 4F EC 32 3F 71  s...-@...u.O.2?q
00006C80:  E0 9F E2 42 2B 01 5B EC C3 BA 06 F3 FE 66 DF 1D  ...B+.[......f..
00006C90:  65 C1 F8 41 D3 93 5B EC C3 BA 06 F3 FE 66 DF 1D  e..A..[......f..
00006CA0:  65 C1 F8 41 D3 93 5B EC C3 BA 06 F3 FE 66 DF 1D  e..A..[......f..
00006CB0:  65 C1 F8 41 D3 93 5B 3C AA 02 98 CC 7D 38 54 A1  e..A..[<....}8T.
00006CC0:  1C 80 C5 2E FB BE 5F 0E 0A 10 35 22 80 38 92 F9  ......_...5".8..
00006CD0:  5F 4A 35 A5 12 6A 3C 78 E7 05 DF F4 67 B5 00 D3  _J5..j<x....g...
00006CE0:  B0 2D E7 6F 86 8E 6E FF 44 89 96 1B C8 BB 31 0E  .-.o..n.D.....1.
00006CF0:  60 62 CA 8E 6F AA EE AB 49 5A 80 03 93 56 69 42  `b..o...IZ...ViB
00006D00:  4D 26 F3 9C C1 F9 02 36 C1 9D 3A 93 66 0C 4A 84  M&.....6..:.f.J.
00006D10:  A1 47 08 01 FB 56 04 4C A3 2D 2D 82 A4 11 CC 8B  .G...V.L.--.....
00006D20:  57 79 08 7E 09 20 BD C5 FB BA F7 61 95 8A 50 3D  Wy.~. .....a..P=
00006D30:  0D D7 01 EA AC A8 5E E4 3E 4C 14 5E 17 73 FA 80  ......^.>L.^.s..
00006D40:  B7 0A F3 78 9A 31 4D 00 BC B3 9D 2F 37 1C C4 69  ...x.1M..../7..i
00006D50:  04 3B 8E FB E8 43 5F 0E 0A 10 35 22 80 38 92 F9  .;...C_...5".8..
00006D60:  5F 4A 35 A5 12 6A 3C 78 E7 05 DF F4 67 B5 00 D3  _J5..j<x....g...
00006D70:  B0 2D E7 6F 86 8E 6E FF 44 89 96 1B C8 BB 31 0E  .-.o..n.D.....1.
00006D80:  60 62 CA 8E 6F AA EE AB 49 5A 80 03 93 56 69 42  `b..o...IZ...ViB
00006D90:  4D 26 F3 9C C1 F9 02 36 C1 9D 3A 93 66 0C 4A 84  M&.....6..:.f.J.
00006DA0:  A1 47 08 01 FB 56 81 67 7D C2 E4 60 AF 59 18 C5  .G...V.g}..`.Y..
00006DB0:  34 80 D2 F8 3C 17 48 4A A0 C1 22 31 81 C3 BC 1A  4...<.HJ.."1....
00006DC0:  A4 2D 2D A3 18 D7 E5 CD 65 A4 26 81 CE 01 09 5F  .--.....e.&...._
00006DD0:  AC 7C 0C 54 95 44 05 9F 68 A8 B0 AF FB BC 79 B2  .|.T.D..h.....y.
00006DE0:  7A 53 3D B2 D0 1C 00 00 00 00 00 00 00 00 00 00  zS=.............
00006DF0:  00 00 00 00 00 00 FF F8 87 81 42 7A 72 C4 5C 28  ..........Bzr.\(
00006E00:  4D E3 4F 15 13 31 00 00 00 00 00 00 00 00 00 00  M.O..1..........
00006E10:  00 00 00 00 00 00 00 00 00 00 00 00 00 00 00 00  ................ [zeros]
00006E20:  00 00 00 00 00 00 00 00 00 00 00 00 00 00 00 00  ................ [zeros]
00006E30:  00 00 00 00 00 00 00 00 00 00 00 00 00 00 00 00  ................ [zeros]
00006E40:  00 00 00 00 00 00 B9 00 27 71 2E 42 98 D5 79 47  ........'q.B..yG
00006E50:  BE 41 26 9A 4A 6C 26 ED 6C 7B 70 BC CD E5 44 E5  .A&.Jl&.l{p...D.
00006E60:  50 18 33 CE CB 01 13 36 D6 43 FB 49 63 2D 57 2E  P.3....6.C.Ic-W.
00006E70:  7F 29 CC 9A FE 54 9A 40 BF 25 CF E7 14 FD A3 0E  .)...T.@.%......
00006E80:  9C BF 4F 53 F3 63 00 00 00 00 00 00 00 00 00 00  ..OS.c..........
00006E90:  00 00 00 00 00 00 00 00 00 00 00 00 00 00 00 00  ................ [zeros]
00006EA0:  00 00 00 00 00 00 00 00 00 00 00 00 00 00 00 00  ................ [zeros]
00006EB0:  00 00 00 00 00 00 00 00 00 00 00 00 00 00 00 00  ................ [zeros]
00006EC0:  00 00 00 00 00 00 00 00 00 00 00 00 00 00 00 00  ................ [zeros]
00006ED0:  00 00 00 00 00 00 00 00 00 00 00 00 00 00 00 00  ................ [zeros]
00006EE0:  00 00 00 00 00 00 00 00 00 00 00 00 00 00 00 00  ................ [zeros]
00006EF0:  00 00 00 00 00 00 00 00 00 00 00 00 00 00 00 00  ................ [zeros]
00006F00:  00 00 00 00 00 00 00 00 00 00 00 00 00 00 00 00  ................ [zeros]
00006F10:  00 00 00 00 00 00 00 00 00 00 00 00 00 00 00 00  ................ [zeros]
00006F20:  00 00 00 00 00 00 00 00 00 00 00 00 00 00 00 00  ................ [zeros]
00006F30:  00 00 00 00 00 00 8A CA DB A0 42 F9 20 6F 61 E7  ..........B. oa.
00006F40:  6F 1D DE 7B 3C 89 CB B8 F6 50 7D 91 29 4C 6D 67  o..{<....P}.)Lmg
00006F50:  CA 22 72 4B 5B 89 06 8F 91 AE BC 00 C0 EA 89 F4  ."rK[...........
00006F60:  AC 5D 29 1C 7B 0B 66 E7 C2 EB A4 69 1E 76 C7 FB  .]).{.f....i.v..
00006F70:  6A 10 7F 09 E9 AF 19 52 B1 85 57 9F DA B3 8C E1  j......R..W.....
00006F80:  66 84 E2 1D E5 82 00 00 00 00 00 00 00 00 00 00  f...............
00006F90:  00 00 00 00 00 00 00 00 00 00 00 00 00 00 00 00  ................ [zeros]
00006FA0:  00 00 00 00 00 00 00 00 00 00 00 00 00 00 00 00  ................ [zeros]
00006FB0:  00 00 00 00 00 00 00 00 00 00 00 00 00 00 00 00  ................ [zeros]
00006FC0:  00 00 00 00 00 00 00 00 00 00 00 00 00 00 00 00  ................ [zeros]
00006FD0:  00 00 00 00 00 00 FD 62 3B B7 EA C5 31 50 95 69  .......b;...1P.i
00006FE0:  4B 19 11 6E C1 F7 2E 7B BC 25 58 BF BB 45 BF EF  K..n...{.%X..E..
00006FF0:  05 8D F0 65 49 19 00 00 00 00 00 00 00 00 00 00  ...eI...........
00007000:  00 00 00 00 00 00 00 00 00 00 00 00 00 00 00 00  ................ [zeros]
00007010:  00 00 00 00 00 00 00 00 00 00 00 00 00 00 00 00  ................ [zeros]
00007020:  00 00 00 00 00 00 00 00 00 00 00 00 00 00 00 00  ................ [zeros]
00007030:  00 00 00 00 00 00 00 00 00 00 00 00 00 00 00 00  ................ [zeros]
00007040:  00 00 00 00 00 00 00 00 00 00 00 00 00 00 00 00  ................ [zeros]
00007050:  00 00 00 00 00 00 00 00 00 00 00 00 00 00 00 00  ................ [zeros]
00007060:  00 00 00 00 00 00 00 00 00 00 00 00 00 00 00 00  ................ [zeros]
00007070:  00 00 00 00 00 00 00 00 00 00 00 00 00 00 00 00  ................ [zeros]
00007080:  00 00 00 00 00 00 00 00 00 00 00 00 00 00 00 00  ................ [zeros]
00007090:  00 00 00 00 00 00 00 00 00 00 00 00 00 00 00 00  ................ [zeros]
000070A0:  00 00 00 00 00 00 9A 44 0C 95 83 00 D0 97 4D 1B  .......D......M.
000070B0:  92 56 13 E1 ED 9B 5D C1 6E 77 04 1E F2 0A C2 EE  .V....].nw......
000070C0:  91 B6 B7 20 16 52 EC 9F D8 1D E7 BB FC 15 8D 37  ... .R.........7
000070D0:  81 96 B3 9D 50 98 90 C0 F2 66 D9 DD E7 26 05 CE  ....P....f...&..
000070E0:  41 4D B7 32 C5 79 00 00 00 00 00 00 00 00 00 00  AM.2.y..........
000070F0:  00 00 00 00 00 00 00 00 00 00 00 00 00 00 00 00  ................ [zeros]
00007100:  00 00 00 00 00 00 00 00 00 00 00 00 00 00 00 00  ................ [zeros]
00007110:  00 00 00 00 00 00 00 00 00 00 00 00 00 00 00 00  ................ [zeros]
00007120:  00 00 00 00 00 00 00 00 00 00 00 00 00 00 00 00  ................ [zeros]
00007130:  00 00 00 00 00 00 72 D0 B1 D2 2E 1B F5 F7 E5 CA  ......r.........
00007140:  02 3A 32 07 A0 25 D4 09 6C 37 8B BC 21 E2 87 82  .:2..%..l7..!...
00007150:  B4 64 1F BB A2 82 00 00 00 00 00 00 00 00 00 00  .d..............
00007160:  00 00 00 00 00 00 00 00 00 00 00 00 00 00 00 00  ................ [zeros]
00007170:  00 00 00 00 00 00 00 00 00 00 00 00 00 00 00 00  ................ [zeros]
00007180:  00 00 00 00 00 00 00 00 00 00 00 00 00 00 00 00  ................ [zeros]
00007190:  00 00 00 00 00 00 00 00 00 00 00 00 00 00 00 00  ................ [zeros]
000071A0:  00 00 00 00 00 00 00 00 00 00 00 00 00 00 00 00  ................ [zeros]
000071B0:  00 00 00 00 00 00 00 00 00 00 00 00 00 00 00 00  ................ [zeros]
000071C0:  00 00 00 00 00 00 00 00 00 00 00 00 00 00 00 00  ................ [zeros]
000071D0:  00 00 00 00 00 00 00 00 00 00 00 00 00 00 00 00  ................ [zeros]
000071E0:  00 00 00 00 00 00 00 00 00 00 00 00 00 00 00 00  ................ [zeros]
000071F0:  00 00 00 00 00 00 00 00 00 00 00 00 00 00 00 00  ................ [zeros]
00007200:  00 00 00 00 00 00 00 00 00 00 00 00 00 00 00 00  ................ [zeros]
00007210:  00 00 00 00 00 00 63 AD AD F6 5D D3 23 6B F0 AA  ......c...].#k..
00007220:  C6 0D 33 CD 6A F3 8D 3E 58 75 A8 5E 56 20 59 5A  ..3.j..>Xu.^V YZ
00007230:  08 C6 CB 19 2C 15 4E 32 98 90 5A 2F DE 46 AA 3A  ....,.N2..Z/.F.:
00007240:  18 E5 76 06 34 68 B0 C3 95 7D B3 99 59 2C 17 82  ..v.4h...}..Y,..
00007250:  0F 3D 2D CA 62 46 B6 57 F0 A1 CF 88 62 28 51 11  .=-.bF.W....b(Q.
00007260:  2B BE 60 F4 F3 FA 12 4D 45 3E 10 2B FE A2 4C E5  +.`....ME>.+..L.
00007270:  B4 EF 8F 3A 55 9E FC 7C 57 63 42 29 F7 98 5D 79  ...:U..|WcB)..]y
00007280:  D0 4B 89 35 02 34 FC 77 D9 2D 6D 2D FE 10 AC 04  .K.5.4.w.-m-....
00007290:  2E 27 3F 4A 16 74 FC CB 68 9A 2A AA C6 FA C9 39  .'?J.t..h.*....9
000072A0:  D9 30 FA F1 44 46 B4 74 56 AB C4 05 D1 F9 DB D8  .0..DF.tV.......
000072B0:  BB 23 63 02 B5 92 95 DD 3C 57 C7 78 88 6B E8 83  .#c.....<W.x.k..
000072C0:  C9 4A 39 8D 48 F9 06 8F 91 AE BC 00 C0 EA 89 F4  .J9.H...........
000072D0:  AC 5D 29 1C 7B 0B B1 0D D0 F3 FE 17 5C 64 F3 62  .]).{.......\d.b
000072E0:  4C A8 4A 8D 55 C0 97 66 BA D6 C1 9B A1 DA 36 A4  L.J.U..f......6.
000072F0:  A6 A2 70 A6 6B CD 9E 7D C6 1E 0E DC 56 3A 72 DE  ..p.k..}....V:r.
00007300:  23 28 C6 29 90 12 0B B8 9C 40 CE B4 6C 29 55 81  #(.).....@..l)U.
00007310:  F0 C7 70 AC FF BE 4A 2F 40 46 FC EA 29 35 8A 83  ..p...J/@F..)5..
00007320:  5C DD CF DD 1E B7 BE 3D 55 14 BF 3B EC E8 A5 FA  \......=U..;....
00007330:  8F 84 11 35 34 7D B3 F6 44 15 31 42 AC C6 DA 5B  ...54}..D.1B...[
00007340:  82 29 0A B6 B4 13 65 A6 17 D6 BC 58 C0 E9 99 3C  .)....e....X...<
00007350:  10 0D 16 16 3A AE 00 00 00 00 00 00 00 00 00 00  ....:...........
00007360:  00 00 00 00 00 00 37 48 6C 57 F9 7F F6 11 49 31  ......7HlW....I1
00007370:  92 64 B9 A7 EA 1B 24 5C 5F A6 51 8F B1 A5 64 8A  .d....$\_.Q...d.
00007380:  F5 D9 A4 69 AF F6 D7 A0 BF 71 07 5B A4 DD 16 30  ...i.....q.[...0
00007390:  B3 2E BA 7D 2D C1 00 00 00 00 00 00 00 00 00 00  ...}-...........
000073A0:  00 00 00 00 00 00 84 4D 46 38 AB A4 B0 4B D1 08  .......MF8...K..
000073B0:  60 BA AE F7 1A 4A 48 74 59 24 5C E1 50 95 9A 87  `....JHtY$\.P...
000073C0:  4A 33 4D 08 87 CD C1 45 82 BB F3 AA E5 33 6B 96  J3M....E.....3k.
000073D0:  6F 6A CB 38 75 F3 00 00 00 00 00 00 00 00 00 00  oj.8u...........
000073E0:  00 00 00 00 00 00 60 11 68 BD 09 0D BC E0 3C 9B  ......`.h.....<.
000073F0:  72 0C D7 B0 49 79 00 00 00 00 00 00 00 00 00 00  r...Iy..........
00007400:  00 00 00 00 00 00 53 6B C9 B9 4B 2D 26 A0 FD 9C  ......Sk..K-&...
00007410:  E4 3C F6 F0 A6 45 26 B5 07 9D D9 81 3C 44 0A C5  .<...E&.....<D..
00007420:  75 58 3B 82 DB 27 FB B9 64 64 E3 75 F0 1C C6 43  uX;..'..dd.u...C
00007430:  E1 BD F8 FE 4F 91 69 1F B5 41 92 B8 85 C5 A2 E0  ....O.i..A......
00007440:  2A AC 88 F2 A9 45 00 00 00 00 00 00 00 00 00 00  *....E..........
00007450:  00 00 00 00 00 00 37 48 6C 57 F9 7F F6 11 49 31  ......7HlW....I1
00007460:  92 64 B9 A7 EA 1B 24 5C 5F A6 51 8F B1 A5 64 8A  .d....$\_.Q...d.
00007470:  F5 D9 A4 69 AF F6 F6 1F E8 27 6A A2 EE 6B 67 52  ...i.....'j..kgR
00007480:  F8 DA 98 26 63 5A 00 00 00 00 00 00 00 00 00 00  ...&cZ..........
00007490:  00 00 00 00 00 00 00 00 00 00 00 00 00 00 00 00  ................ [zeros]
000074A0:  00 00 00 00 00 00 00 00 00 00 00 00 00 00 00 00  ................ [zeros]
000074B0:  00 00 00 00 00 00 00 00 00 00 00 00 00 00 00 00  ................ [zeros]
000074C0:  00 00 00 00 00 00 00 00 00 00 00 00 00 00 00 00  ................ [zeros]
000074D0:  00 00 00 00 00 00 00 00 00 00 00 00 00 00 00 00  ................ [zeros]
000074E0:  00 00 00 00 00 00 00 00 00 00 00 00 00 00 00 00  ................ [zeros]
000074F0:  00 00 00 00 00 00 00 00 00 00 00 00 00 00 00 00  ................ [zeros]
00007500:  00 00 00 00 00 00 00 00 00 00 00 00 00 00 00 00  ................ [zeros]
00007510:  00 00 00 00 00 00 00 00 00 00 00 00 00 00 00 00  ................ [zeros]
00007520:  00 00 00 00 00 00 00 00 00 00 00 00 00 00 00 00  ................ [zeros]
00007530:  00 00 00 00 00 00 00 00 00 00 00 00 00 00 00 00  ................ [zeros]
00007540:  00 00 00 00 00 00 00 00 00 00 00 00 00 00 00 00  ................ [zeros]
00007550:  00 00 00 00 00 00 6B D0 F7 DF 1C 16 D6 F2 31 75  ......k.......1u
00007560:  50 AC D9 DC 83 C9 D3 F6 35 5A C6 5E 50 C2 77 B9  P.......5Z.^P.w.
00007570:  3F B3 40 DF E2 70 08 75 14 DE A5 19 5E 6E 22 02  ?.@..p.u....^n".
00007580:  33 C8 36 7B EF 40 00 00 00 00 00 00 00 00 00 00  3.6{.@..........
00007590:  00 00 00 00 00 00 1E 16 F0 08 8A DE D5 BD 8B 55  ...............U
000075A0:  76 69 7F 15 61 56 00 00 00 00 00 00 00 00 00 00  vi..aV..........
000075B0:  00 00 00 00 00 00 42 CB 2F 33 1E 7D C5 BF F6 6F  ......B./3.}...o
000075C0:  5E 20 62 CF F9 06 76 D4 C6 99 A1 70 58 DD 28 89  ^ b...v....pX.(.
000075D0:  9C 29 03 CF 76 E5 EF C7 51 12 E9 96 D5 8B 9A CF  .)..v...Q.......
000075E0:  97 BC 39 37 CE E1 14 DE 17 25 BD 32 23 BC 03 FA  ..97.....%.2#...
000075F0:  C7 FD E5 13 F7 C3 D0 0D AF 31 F7 59 15 AC 3F 13  .........1.Y..?.
00007600:  07 16 44 67 FB 9B 95 31 3F 20 45 08 8C BE CE B8  ..Dg...1? E.....
00007610:  38 D8 84 7C D1 96 A5 5D 56 59 BB 40 9D 93 2F 1C  8..|...]VY.@../.
00007620:  1F 8C 02 61 2F B6 7F 18 43 B6 98 E9 65 DB DD C3  ...a/...C...e...
00007630:  E0 04 6C 52 93 50 22 94 5B DF 91 12 87 2A 5F 9B  ..lR.P".[....*_.
00007640:  AF 00 25 D7 21 6C DB C9 E7 93 1E B6 50 53 3B 59  ..%.!l......PS;Y
00007650:  72 2E 16 F1 D2 D4 29 0E 4D BE 35 61 DB C9 6D EC  r.....).M.5a..m.
00007660:  3C 33 48 B0 91 C2 0D C8 4A 22 1F 94 97 F7 E0 93  <3H.....J"......
00007670:  E3 8A 31 42 22 54 C4 B8 78 0B 2E 83 E7 7B FA EF  ..1B"T..x....{..
00007680:  B7 7A 16 4D 39 99 75 69 B2 BC 2B 70 C6 F0 30 72  .z.M9.ui..+p..0r
00007690:  65 9A 4E 22 17 14 35 E1 E8 C7 A6 B2 33 B0 C2 B7  e.N"..5.....3...
000076A0:  32 30 11 CB 1B CB 65 3A 07 10 48 A7 71 C6 35 75  20....e:..H.q.5u
000076B0:  66 01 5A BA E1 7F C6 E0 C6 A3 17 EE AB BA 0C 84  f.Z.............
000076C0:  4D 53 D8 42 CD 2C F7 AE 45 7D 13 69 65 09 C4 DE  MS.B.,..E}.ie...
000076D0:  69 9F 6C 15 CE BD 00 00 00 00 00 00 00 00 00 00  i.l.............
000076E0:  00 00 00 00 00 00 00 00 00 00 00 00 00 00 00 00  ................ [zeros]
000076F0:  00 00 00 00 00 00 C1 45 82 BB F3 AA E5 33 6B 96  .......E.....3k.
00007700:  6F 6A CB 38 75 F3 00 00 00 00 00 00 00 00 00 00  oj.8u...........
00007710:  00 00 00 00 00 00 00 00 00 00 00 00 00 00 00 00  ................ [zeros]
00007720:  00 00 00 00 00 00 00 00 00 00 00 00 00 00 00 00  ................ [zeros]
00007730:  00 00 00 00 00 00 16 E2 34 94 8B 3B 47 53 04 95  ........4..;GS..
00007740:  83 F3 C5 24 A7 BA 00 00 00 00 00 00 00 00 00 00  ...$............
00007750:  00 00 00 00 00 00 00 00 00 00 00 00 00 00 00 00  ................ [zeros]
00007760:  00 00 00 00 00 00 8B 69 29 EC 46 E8 C4 58 CA EF  .......i).F..X..
00007770:  CE 99 90 D9 AF 41 00 00 00 00 00 00 00 00 00 00  .....A..........
00007780:  00 00 00 00 00 00 00 00 00 00 00 00 00 00 00 00  ................ [zeros]
00007790:  00 00 00 00 00 00 BE 60 EF 7F 18 F6 28 B2 A2 86  .......`....(...
000077A0:  07 8D 88 D2 A9 79 00 00 00 00 00 00 00 00 00 00  .....y..........
000077B0:  00 00 00 00 00 00 00 00 00 00 00 00 00 00 00 00  ................ [zeros]
000077C0:  00 00 00 00 00 00 00 00 00 00 00 00 00 00 00 00  ................ [zeros]
000077D0:  00 00 00 00 00 00 4F FE 4F 66 51 5D A5 95 26 F0  ......O.OfQ]..&.
000077E0:  8C FB 13 77 3C 26 00 00 00 00 00 00 00 00 00 00  ...w<&..........
000077F0:  00 00 00 00 00 00 00 00 00 00 00 00 00 00 00 00  ................ [zeros]
00007800:  00 00 00 00 00 00 3C 2B 9B 44 BA F3 F1 95 99 35  ......<+.D.....5
00007810:  AB 5C 91 51 1C 87 00 00 00 00 00 00 00 00 00 00  .\.Q............
00007820:  00 00 00 00 00 00 00 00 00 00 00 00 00 00 00 00  ................ [zeros]
00007830:  00 00 00 00 00 00 0F A9 0C 0A 8E 6B 92 08 0A 63  ...........k...c
00007840:  02 84 6C 9C ED A9 D8 DF B5 36 F4 82 30 94 71 45  ..l......6..0.qE
00007850:  B9 65 91 E8 C9 A9 BB 74 29 88 C4 9A F7 92 48 D2  .e.....t).....H.
00007860:  22 34 F4 14 E5 11 57 6E F6 9F 34 86 3E 15 27 C7  "4....Wn..4.>.'.
00007870:  0D 87 43 A8 05 AA 70 9A 8A 00 10 59 9C CE CC 57  ..C...p....Y...W
00007880:  73 FB B8 3E 53 F1 0C D1 CC B7 29 BB 39 9C 4B 3E  s..>S.....).9.K>
00007890:  E2 69 D8 39 A0 1F DE D8 2F BB B2 BC C0 24 74 72  .i.9..../....$tr
000078A0:  D6 6C D5 B7 86 C2 8B 0A 79 02 67 7D 7A 42 C5 D6  .l......y.g}zB..
000078B0:  CA DB 64 FC AD 31 6C 73 74 CD E0 4E 3F 24 C1 0C  ..d..1lst..N?$..
000078C0:  3C 13 19 03 3A F6 F4 EC 07 F7 39 42 A5 E9 4E F7  <...:.....9B..N.
000078D0:  55 D8 5B 03 67 03 76 FF 60 DB D4 6A 7E 2F 54 D2  U.[.g.v.`..j~/T.
000078E0:  A1 22 E0 E5 ED CA 48 8C C0 47 95 E4 AA D5 4C F5  ."....H..G....L.
000078F0:  35 4B 1E FC 85 70 4B A6 F1 C1 4C 56 78 23 40 7C  5K...pK...LVx#@|
00007900:  5A 43 45 BA 2A 3A 94 FC C6 B4 3E 00 0C 65 4E FD  ZCE.*:....>..eN.
00007910:  72 82 CE 15 64 23 33 3F 0F B7 2F D2 92 DA 1C 92  r...d#3?../.....
00007920:  5C D1 4C DB 71 3F 50 48 63 17 D1 6A B1 E4 A0 97  \.L.q?PHc..j....
00007930:  D0 FB EE FC AB A9 5A 4A EC 5A 1E 3A 31 34 3A 07  ......ZJ.Z.:14:.
00007940:  2A C4 BE D6 20 A0 58 D4 C8 27 18 3B 5B 25 C6 F5  *... .X..'.;[%..
00007950:  22 00 11 2E D3 DB 58 D4 C8 27 18 3B 5B 25 C6 F5  ".....X..'.;[%..
00007960:  22 00 11 2E D3 DB 58 D4 C8 27 18 3B 5B 25 C6 F5  ".....X..'.;[%..
00007970:  22 00 11 2E D3 DB 44 71 14 43 E8 AA 06 80 99 E6  ".....Dq.C......
00007980:  D5 24 14 6B B4 4C 8A 0A 55 97 60 78 F6 0D 5F A9  .$.k.L..U.`x.._.
00007990:  C9 D2 36 BF AF A3 8A 0A 55 97 60 78 F6 0D 5F A9  ..6.....U.`x.._.
000079A0:  C9 D2 36 BF AF A3 8A 0A 55 97 60 78 F6 0D 5F A9  ..6.....U.`x.._.
000079B0:  C9 D2 36 BF AF A3 09 78 2C A6 AE F5 63 7B B3 A5  ..6....x,...c{..
000079C0:  4F F9 DD F8 05 ED D9 D5 B4 85 42 64 4A 67 9B FC  O.........BdJg..
000079D0:  D4 F1 9D E2 12 6D 61 96 03 F3 1D EA 56 45 35 7D  .....ma.....VE5}
000079E0:  E8 51 6B D0 B2 EC 26 18 F8 4D BF AB 69 7D 21 2D  .Qk...&..M..i}!-
000079F0:  D1 BD 43 5D DB 5F 01 9B 39 E6 3E 80 15 88 FB 81  ..C]._..9.>.....
00007A00:  E6 82 20 03 2A 28 A6 32 7F 59 F8 CE 86 A7 C6 0D  .. .*(.2.Y......
00007A10:  BC A5 C8 45 43 90 20 6F C2 8F E4 A2 F1 64 09 2D  ...EC. o.....d.-
00007A20:  39 D3 07 99 20 EE 20 6F C2 8F E4 A2 F1 64 09 2D  9... . o.....d.-
00007A30:  39 D3 07 99 20 EE 20 6F C2 8F E4 A2 F1 64 09 2D  9... . o.....d.-
00007A40:  39 D3 07 99 20 EE 55 F8 06 B1 C6 D4 6D 4E 27 E8  9... .U.....mN'.
00007A50:  4F B6 65 C5 1B 42 1F FF DE 10 DF 69 D3 51 20 70  O.e..B.....i.Q p
00007A60:  5D EB 30 D0 BB 44 B1 1B D0 3B 1E 29 A9 6C BF E6  ].0..D...;.).l..
00007A70:  1A 30 BA 27 9E 72 65 FF C9 4F A2 6F 73 13 5D D0  .0.'.re..O.os.].
00007A80:  79 5A A9 05 40 4D E4 D3 C9 D4 43 AC 22 FF 15 AC  yZ..@M....C."...
00007A90:  B7 50 1A 4E 8A 21 D6 8B 23 01 F6 EB 10 0A E8 AF  .P.N.!..#.......
00007AA0:  5A 84 C4 3E 02 2F 25 78 82 12 ED 09 30 1E E5 CA  Z..>./%x....0...
00007AB0:  8E 35 37 64 0B 88 A6 39 08 3C 36 4A 2C 17 55 91  .57d...9.<6J,.U.
00007AC0:  E6 81 9B 7D E0 A2 23 D1 E1 04 9D CA D1 55 36 08  ...}..#......U6.
00007AD0:  55 D7 7D D9 40 0B 13 2E F2 48 A2 96 40 56 7F 01  U.}.@....H..@V..
00007AE0:  D2 9C 63 C1 0F 4E 1F FF DE 10 DF 69 D3 51 20 70  ..c..N.....i.Q p
00007AF0:  5D EB 30 D0 BB 44 B1 1B D0 3B 1E 29 A9 6C BF E6  ].0..D...;.).l..
00007B00:  1A 30 BA 27 9E 72 65 FF C9 4F A2 6F 73 13 5D D0  .0.'.re..O.os.].
00007B10:  79 5A A9 05 40 4D E4 D3 C9 D4 43 AC 22 FF 15 AC  yZ..@M....C."...
00007B20:  B7 50 1A 4E 8A 21 D6 8B 23 01 F6 EB 10 0A E8 AF  .P.N.!..#.......
00007B30:  5A 84 C4 3E 02 2F 25 78 82 12 ED 09 30 1E E5 CA  Z..>./%x....0...
00007B40:  8E 35 37 64 0B 88 2D 18 0F C9 B6 20 C9 17 05 79  .57d..-.... ...y
00007B50:  2B 50 6D 73 33 7C 2C 0B 46 AA 83 02 92 31 54 5D  +Pms3|,.F....1T]
00007B60:  10 11 C5 31 F0 0E 90 C0 F2 66 D9 DD E7 26 05 CE  ...1.....f...&..
00007B70:  41 4D B7 32 C5 79 CC DF F1 A5 C6 5D 28 16 FA 8D  AM.2.y.....](...
00007B80:  BD C2 A4 34 82 39 51 BC 72 84 E9 C9 D4 D8 D3 47  ...4.9Q.r......G
00007B90:  A1 E6 AA A6 94 01 87 6B 1D EC 22 33 FC DD BE 31  .......k.."3...1
00007BA0:  68 32 69 98 7C                                   h2i.|

; --- structure summary (block types) ---
; 0x00000060..+0xD0  data   (208 bytes)
; 0x00000130..+0x40  zeros  (64 bytes)
; 0x00000170..+0x210  data   (528 bytes)
; 0x00000380..+0x180  zeros  (384 bytes)
; 0x00000500..+0x580  data   (1408 bytes)
; 0x00000A80..+0x3E0  zeros  (992 bytes)
; 0x00000E60..+0x20  data   (32 bytes)
; 0x00000E80..+0x3E0  zeros  (992 bytes)
; 0x00001260..+0x20  data   (32 bytes)
; 0x00001280..+0x3E0  zeros  (992 bytes)
; 0x00001660..+0x20  data   (32 bytes)
; 0x00001680..+0x3F0  zeros  (1008 bytes)
; 0x00001A70..+0x2370  data   (9072 bytes)
; 0x00003DE0..+0x20  zeros  (32 bytes)
; 0x00003E00..+0x30  data   (48 bytes)
; 0x00003E30..+0x70  zeros  (112 bytes)
; 0x00003EA0..+0x120  data   (288 bytes)
; 0x00003FC0..+0xB0  zeros  (176 bytes)
; 0x00004070..+0x50  data   (80 bytes)
; 0x000040C0..+0x150  zeros  (336 bytes)
; 0x00004210..+0x40  data   (64 bytes)
; 0x00004250..+0xF0  zeros  (240 bytes)
; 0x00004340..+0xF0  data   (240 bytes)
; 0x00004430..+0x5E0  zeros  (1504 bytes)
; 0x00004A10..+0x140  data   (320 bytes)
; 0x00004B50..+0xF0  zeros  (240 bytes)
; 0x00004C40..+0x220  data   (544 bytes)
; 0x00004E60..+0x30  zeros  (48 bytes)
; 0x00004E90..+0xA0  data   (160 bytes)
; 0x00004F30..+0xB0  zeros  (176 bytes)
; 0x00004FE0..+0xA0  data   (160 bytes)
; 0x00005080..+0x10  zeros  (16 bytes)
; 0x00005090..+0xD0  data   (208 bytes)
; 0x00005160..+0xC0  zeros  (192 bytes)
; 0x00005220..+0x290  data   (656 bytes)
; 0x000054B0..+0x40  zeros  (64 bytes)
; 0x000054F0..+0x170  data   (368 bytes)
; 0x00005660..+0x30  zeros  (48 bytes)
; 0x00005690..+0x280  data   (640 bytes)
; 0x00005910..+0x60  zeros  (96 bytes)
; 0x00005970..+0xF0  data   (240 bytes)
; 0x00005A60..+0xD0  zeros  (208 bytes)
; 0x00005B30..+0x240  data   (576 bytes)
; 0x00005D70..+0xD0  zeros  (208 bytes)
; 0x00005E40..+0x230  data   (560 bytes)
; 0x00006070..+0x40  zeros  (64 bytes)
; 0x000060B0..+0x50  data   (80 bytes)
; 0x00006100..+0xA0  zeros  (160 bytes)
; 0x000061A0..+0x60  data   (96 bytes)
; 0x00006200..+0x40  zeros  (64 bytes)
; 0x00006240..+0x20  data   (32 bytes)
; 0x00006260..+0xB0  zeros  (176 bytes)
; 0x00006310..+0x50  data   (80 bytes)
; 0x00006360..+0x40  zeros  (64 bytes)
; 0x000063A0..+0x30  data   (48 bytes)
; 0x000063D0..+0xA0  zeros  (160 bytes)
; 0x00006470..+0x290  data   (656 bytes)
; 0x00006700..+0xC0  zeros  (192 bytes)
; 0x000067C0..+0x190  data   (400 bytes)
; 0x00006950..+0x10  zeros  (16 bytes)
; 0x00006960..+0x20  data   (32 bytes)
; 0x00006980..+0x10  zeros  (16 bytes)
; 0x00006990..+0x20  data   (32 bytes)
; 0x000069B0..+0x20  zeros  (32 bytes)
; 0x000069D0..+0x20  data   (32 bytes)
; 0x000069F0..+0x10  zeros  (16 bytes)
; 0x00006A00..+0x20  data   (32 bytes)
; 0x00006A20..+0x10  zeros  (16 bytes)
; 0x00006A30..+0x20  data   (32 bytes)
; 0x00006A50..+0x20  zeros  (32 bytes)
; 0x00006A70..+0x20  data   (32 bytes)
; 0x00006A90..+0x10  zeros  (16 bytes)
; 0x00006AA0..+0x370  data   (880 bytes)
; 0x00006E10..+0x30  zeros  (48 bytes)
; 0x00006E40..+0x50  data   (80 bytes)
; 0x00006E90..+0xA0  zeros  (160 bytes)
; 0x00006F30..+0x60  data   (96 bytes)
; 0x00006F90..+0x40  zeros  (64 bytes)
; 0x00006FD0..+0x30  data   (48 bytes)
; 0x00007000..+0xA0  zeros  (160 bytes)
; 0x000070A0..+0x50  data   (80 bytes)
; 0x000070F0..+0x40  zeros  (64 bytes)
; 0x00007130..+0x30  data   (48 bytes)
; 0x00007160..+0xB0  zeros  (176 bytes)
; 0x00007210..+0x280  data   (640 bytes)
; 0x00007490..+0xC0  zeros  (192 bytes)
; 0x00007550..+0x190  data   (400 bytes)
; 0x000076E0..+0x10  zeros  (16 bytes)
; 0x000076F0..+0x20  data   (32 bytes)
; 0x00007710..+0x20  zeros  (32 bytes)
; 0x00007730..+0x20  data   (32 bytes)
; 0x00007750..+0x10  zeros  (16 bytes)
; 0x00007760..+0x20  data   (32 bytes)
; 0x00007780..+0x10  zeros  (16 bytes)
; 0x00007790..+0x20  data   (32 bytes)
; 0x000077B0..+0x20  zeros  (32 bytes)
; 0x000077D0..+0x20  data   (32 bytes)
; 0x000077F0..+0x10  zeros  (16 bytes)
; 0x00007800..+0x20  data   (32 bytes)
; 0x00007820..+0x10  zeros  (16 bytes)
; 0x00007830..+0x370  data   (880 bytes)
