; Decrypted GatewaySettings dump (see FORMAT.md)
; key = 909825b7f45ff12bd229104bff4d9063 (aligned at 0x60)

00000060:  38 03 CC 05 76 9E 8B D6 02 2B 15 11 D9 9D 43 E8  8...v....+....C.
00000070:  78 9F 80 C0 FD EA 66 FD 66 DE 07 E0 0E 0B 0E E6  x.....f.f.......
00000080:  06 15 8D 12 4F F7 8D AA 90 3C 66 87 18 8E A8 3E  ....O....<f....>
00000090:  13 ED E5 78 EE 02 17 FF B0 FE CB 11 3A 78 E3 B8  ...x........:x..
000000A0:  F6 94 5B 5C 20 EC 56 44 10 4E 55 EE 3E 03 91 3F  ..[\ .VD.NU.>..?
000000B0:  A2 92 2C 5C 20 6B 48 80 CE 7E FC 75 1D B0 EC 9B  ..,\ kH..~.u....
000000C0:  45 B0 D3 38 E5 D1 3C 41 F9 83 DF E5 A9 B7 12 6C  E..8..<A.......l
000000D0:  18 49 14 34 98 2D BA 01 B8 3A 3A 8E 9F DB 4F 60  .I.4.-...::...O`
000000E0:  6B D8 D5 45 33 3C 98 D9 AD E6 89 1B 9D C5 4E 83  k..E3<........N.
000000F0:  47 12 66 C0 5B F3 3C A9 3F B5 85 CD 8C DB 6C 81  G.f.[.<.?.....l.
00000100:  E2 23 BA 37 56 A6 06 07 B2 5A DE 81 7D 6F DD 6E  .#.7V....Z..}o.n
00000110:  D4 6B 7F 80 F5 5C DF B1 66 99 8A 9F BD 5D 3F 52  .k...\..f....]?R
00000120:  99 FF B7 C1 64 C4 00 00 00 00 00 00 00 00 00 00  ....d...........
00000130:  00 00 00 00 00 00 00 00 00 00 00 00 00 00 00 00  ................ [zeros]
00000140:  00 00 00 00 00 00 00 00 00 00 00 00 00 00 00 00  ................ [zeros]
00000150:  00 00 00 00 00 00 00 00 00 00 00 00 00 00 00 00  ................ [zeros]
00000160:  00 00 00 00 00 00 00 00 00 00 00 00 00 00 00 00  ................ [zeros]
00000170:  00 00 00 00 00 00 3A 39 E3 54 DD 1F 7A 3E A2 AB  ......:9.T..z>..
00000180:  D1 19 58 31 F8 3B D9 FA D9 ED 15 70 49 62 B6 86  ..X1.;.....pIb..
00000190:  33 89 E8 BF 48 7D A9 88 87 72 E2 8F 8E 16 08 09  3...H}...r......
000001A0:  AD E4 92 02 18 BF 89 FA F1 C3 1C 28 DD 2D D9 11  ...........(.-..
000001B0:  C4 FC D2 A6 23 48 69 FD 27 20 59 12 E4 DB F7 77  ....#Hi.' Y....w
000001C0:  60 31 57 C6 54 3D 25 DB 56 23 02 BC F9 DF E1 A7  `1W.T=%.V#......
000001D0:  0E 27 1C B9 CE BB AB E0 F9 55 C9 DB 21 A4 96 3F  .'.......U..!..?
000001E0:  EE 68 92 5A C0 AE D5 F2 28 73 50 2C 79 83 7A 0E  .h.Z....(sP,y.z.
000001F0:  DF 9B 0A C6 EE 6C 46 B4 73 BF BA 21 BC 51 AE 12  .....lF.s..!.Q..
00000200:  27 AF FD 54 41 06 FB E2 A2 71 78 B3 A4 2F 16 BD  '..TA....qx../..
00000210:  7A 6E 27 19 51 00 2D DE F9 52 3D 5D 82 D6 05 1B  zn'.Q.-..R=]....
00000220:  A7 2D 34 07 C4 90 EE CA B7 CF B5 32 96 04 C0 D3  .-4........2....
00000230:  52 AD 9B 91 D6 38 91 EC 24 69 F1 50 7A 3B 34 44  R....8..$i.Pz;4D
00000240:  5F F5 72 63 9A 65 C9 7B F5 59 34 85 A3 73 57 75  _.rc.e.{.Y4..sWu
00000250:  5B 7C AA CE D4 FC 55 88 35 B9 0E 78 56 85 02 C2  [|....U.5..xV...
00000260:  CA 66 9D E9 F4 7C 78 7E 6A 53 78 49 F2 BC AF 57  .f...|x~jSxI...W
00000270:  DD 9A 90 32 21 F7 9E E1 DB 79 C3 79 38 19 AC 56  ...2!....y.y8..V
00000280:  FE FB 8E E6 99 AC AB 1F 42 90 06 02 54 52 45 BE  ........B...TRE.
00000290:  F1 79 EF 9B 1F B4 97 D5 8B 32 44 46 1B 3C D2 DF  .y.......2DF.<..
000002A0:  7F 42 EC B6 4E 1B A9 0A 1E 6E 7D 88 93 8B 93 7A  .B..N....n}....z
000002B0:  4C 49 C2 42 44 47 F4 26 FF 62 94 AD 94 FC 3E C8  LI.BDG.&.b....>.
000002C0:  DD 5E 33 0C 29 C3 85 C1 FF 40 AC 2F 5D 80 9C 9D  .^3.)....@./]...
000002D0:  05 97 C2 38 CF 05 38 54 C9 94 80 88 18 F7 3B 89  ...8..8T......;.
000002E0:  76 AC 50 33 F1 4F 35 18 5C 28 C4 F2 2B 3A 8B 0B  v.P3.O5.\(..+:..
000002F0:  1A E1 92 08 85 83 A2 5E 16 51 86 14 EB B5 57 72  .......^.Q....Wr
00000300:  C2 49 DD C8 DA AA B7 BD 38 3D 76 B9 59 6D 49 8D  .I......8=v.YmI.
00000310:  B5 E8 EC 5D 3A FD 35 4A 09 C1 4E E7 FA 2A 7F 30  ...]:.5J..N..*.0
00000320:  7D 71 79 42 65 15 92 C9 6B 17 C5 6E 74 CC 53 6D  }qyBe...k..nt.Sm
00000330:  7C 8B 45 DE 1E 20 04 62 4D AE 46 AA B0 40 1D 69  |.E.. .bM.F..@.i
00000340:  55 BA 1F 25 AD 0F 4B E3 A7 DF 5C 2D 68 92 23 8E  U..%..K...\-h.#.
00000350:  28 25 74 9B 93 BC 04 62 4D AE 46 AA B0 40 1D 69  (%t....bM.F..@.i
00000360:  55 BA 1F 25 AD 0F 1F 78 19 78 33 73 D8 CD 3B 27  U..%...x.x3s..;'
00000370:  A3 F9 24 CB 7B 65 00 00 00 00 00 00 00 00 00 00  ..$.{e..........
00000380:  00 00 00 00 00 00 00 00 00 00 00 00 00 00 00 00  ................ [zeros]
00000390:  00 00 00 00 00 00 00 00 00 00 00 00 00 00 00 00  ................ [zeros]
000003A0:  00 00 00 00 00 00 00 00 00 00 00 00 00 00 00 00  ................ [zeros]
000003B0:  00 00 00 00 00 00 00 00 00 00 00 00 00 00 00 00  ................ [zeros]
000003C0:  00 00 00 00 00 00 00 00 00 00 00 00 00 00 00 00  ................ [zeros]
000003D0:  00 00 00 00 00 00 00 00 00 00 00 00 00 00 00 00  ................ [zeros]
000003E0:  00 00 00 00 00 00 00 00 00 00 00 00 00 00 00 00  ................ [zeros]
000003F0:  00 00 00 00 00 00 00 00 00 00 00 00 00 00 00 00  ................ [zeros]
00000400:  00 00 00 00 00 00 00 00 00 00 00 00 00 00 00 00  ................ [zeros]
00000410:  00 00 00 00 00 00 00 00 00 00 00 00 00 00 00 00  ................ [zeros]
00000420:  00 00 00 00 00 00 00 00 00 00 00 00 00 00 00 00  ................ [zeros]
00000430:  00 00 00 00 00 00 00 00 00 00 00 00 00 00 00 00  ................ [zeros]
00000440:  00 00 00 00 00 00 00 00 00 00 00 00 00 00 00 00  ................ [zeros]
00000450:  00 00 00 00 00 00 00 00 00 00 00 00 00 00 00 00  ................ [zeros]
00000460:  00 00 00 00 00 00 00 00 00 00 00 00 00 00 00 00  ................ [zeros]
00000470:  00 00 00 00 00 00 00 00 00 00 00 00 00 00 00 00  ................ [zeros]
00000480:  00 00 00 00 00 00 00 00 00 00 00 00 00 00 00 00  ................ [zeros]
00000490:  00 00 00 00 00 00 00 00 00 00 00 00 00 00 00 00  ................ [zeros]
000004A0:  00 00 00 00 00 00 00 00 00 00 00 00 00 00 00 00  ................ [zeros]
000004B0:  00 00 00 00 00 00 00 00 00 00 00 00 00 00 00 00  ................ [zeros]
000004C0:  00 00 00 00 00 00 00 00 00 00 00 00 00 00 00 00  ................ [zeros]
000004D0:  00 00 00 00 00 00 00 00 00 00 00 00 00 00 00 00  ................ [zeros]
000004E0:  00 00 00 00 00 00 00 00 00 00 00 00 00 00 00 00  ................ [zeros]
000004F0:  00 00 00 00 00 00 00 00 00 00 00 00 00 00 00 00  ................ [zeros]
00000500:  00 00 00 00 00 00 F6 9C 09 D4 F5 E8 11 5B 44 A3  .............[D.
00000510:  C4 D1 32 7F B6 F5 DF E9 98 FC 81 2A C1 C6 D2 C8  ..2........*....
00000520:  DC F1 F7 47 DE 00 89 7B 00 6D D9 C8 ED 2A 82 B2  ...G...{.m...*..
00000530:  BB E3 6B 7C E1 13 62 3B 26 FA 9B 1A 2F 31 70 53  ..k|..b;&.../1pS
00000540:  FC 2E 2B E4 9E 61 11 48 B1 6C 46 94 0D 99 6E FE  ..+..a.H.lF...n.
00000550:  6B 68 31 EB 7D 6D B8 4E 30 9A 15 5F 38 A9 2C 64  kh1.}m.N0.._8.,d
00000560:  DD 68 B6 A6 C8 CC 94 CE 37 01 EE 27 03 C0 EF A6  .h......7..'....
00000570:  35 80 FA 2E 1D A5 AC AA C7 4B 19 E8 1D 1D 6D C5  5........K....m.
00000580:  5E 07 85 2A C3 49 54 87 05 CD 4D 2C F3 B3 96 02  ^..*.IT...M,....
00000590:  6C 3C 16 3B AE C8 A5 07 AF EF B7 A9 BF 8C EB 56  l<.;...........V
000005A0:  42 CE FB 0D 3F ED 28 CC DF 00 6E F2 FC 10 28 B1  B...?.(...n...(.
000005B0:  F1 44 E8 6D 2D 43 7A 67 48 03 13 43 56 7A D5 BE  .D.m-CzgH..CVz..
000005C0:  63 DE D9 30 6F 84 CF AD A4 E4 0C 09 7D 3B 1F FF  c..0o.......};..
000005D0:  EB 56 68 05 53 AD CF 32 6F 7C 0F FD 96 81 2E DF  .Vh.S..2o|......
000005E0:  50 10 DD C8 08 44 A5 42 7E 04 DF 66 3C F9 17 C4  P....D.B~..f<...
000005F0:  B5 E0 6C 92 F5 01 3F 44 40 BE DF 65 91 57 6E A6  ..l...?D@..e.Wn.
00000600:  21 41 14 15 69 39 9D 35 41 57 47 A5 21 D7 02 80  !A..i9.5AWG.!...
00000610:  99 CC 9D 96 04 85 01 86 2C 01 E3 F3 6E 39 7E 3A  ........,...n9~:
00000620:  12 00 FE 89 0F 3E 01 A9 77 D5 C7 F2 ED 03 D6 44  .....>..w......D
00000630:  95 B5 A7 08 55 76 C2 CA 8C A8 29 34 C2 EE 08 A7  ....Uv....)4....
00000640:  2D 80 0A F5 93 AA 73 58 03 3A B4 70 B0 29 55 79  -.....sX.:.p.)Uy
00000650:  D9 7A 24 CA 52 80 37 6E E9 B0 31 FE 22 75 D7 89  .z$.R.7n..1."u..
00000660:  7E 0E 37 26 B1 11 BD CF 97 4A D7 DB 55 32 F7 9C  ~.7&.....J..U2..
00000670:  04 5A BB 35 45 4C E2 6F 3A 96 0A F1 D4 AB 81 44  .Z.5EL.o:......D
00000680:  01 9B 0E B5 68 E0 34 30 13 EC 70 33 F4 FE A7 BA  ....h.40..p3....
00000690:  6A 6E 00 A7 EB C5 DD ED B1 62 C2 8E 45 09 60 0A  jn.......b..E.`.
000006A0:  A0 D5 46 E7 96 C6 1C F5 DF 65 E3 93 CB F6 5C 3D  ..F......e....\=
000006B0:  25 7B B4 BD 1C 6D B7 77 26 B8 1E A0 B2 57 34 A2  %{...m.w&....W4.
000006C0:  11 6C 98 31 FB B4 4F E0 46 8C 53 67 4D 82 4F DF  .l.1..O.F.SgM.O.
000006D0:  87 EE 4A CC F6 AA F0 F4 2A 6C 19 9B 38 16 0F 9A  ..J.....*l..8...
000006E0:  9B 70 59 3A 62 94 8B DC 4E 66 AE 71 E2 78 62 FE  .pY:b...Nf.q.xb.
000006F0:  82 3C 1A 28 94 59 B1 A7 38 C8 8B 32 D7 3E 27 21  .<.(.Y..8..2.>'!
00000700:  42 E4 F5 89 42 7A 99 8D 8D F2 BB C6 D1 8D 5A B0  B...Bz........Z.
00000710:  A0 14 5D 8C 27 C3 70 6D 3E A6 C9 AB FD 2C B4 03  ..].'.pm>....,..
00000720:  36 AE 52 96 EF D5 0B 07 CA 35 DF 0F 68 79 82 83  6.R......5..hy..
00000730:  15 DC 02 B0 42 76 68 23 EA 2C EC C9 1D AD 98 1C  ....Bvh#.,......
00000740:  32 19 A0 35 1C A8 48 91 78 EE 80 CA 34 F0 6C F9  2..5..H.x...4.l.
00000750:  C9 32 BD 89 A7 63 A8 45 B5 7F C2 44 89 EB F7 D3  .2...c.E...D....
00000760:  A3 9C 2B D2 E5 A4 C5 4E 20 26 84 0E 73 39 AB EA  ..+....N &..s9..
00000770:  71 35 85 06 98 5A 67 48 45 10 22 2E 4A 1D 8B 61  q5...ZgHE.".J..a
00000780:  38 A8 66 D0 D6 9B 5C 83 2C 8E 8C FB 50 C3 F7 3A  8.f...\.,...P..:
00000790:  54 ED 15 29 B3 FD 3D B2 B2 4B C8 A4 80 F0 F3 70  T..)..=..K.....p
000007A0:  0B D6 E4 AC 70 2A 01 B0 4B F0 6B B1 B8 82 63 D7  ....p*..K.k...c.
000007B0:  F6 78 80 57 A8 29 21 CA 47 04 16 99 6A 8A D3 BB  .x.W.)!.G...j...
000007C0:  89 68 7D 67 EE 85 8F C1 E6 6F 9A 7D EC B0 28 C7  .h}g.....o.}..(.
000007D0:  18 16 4C D1 9C 11 C7 60 AE 75 85 5C 36 F6 13 9E  ..L....`.u.\6...
000007E0:  26 2E D5 E8 C3 D4 A4 2C C3 67 B6 56 B1 F0 4F F3  &......,.g.V..O.
000007F0:  37 5F 03 4A 74 D9 44 64 FD B5 93 45 53 D1 15 68  7_.Jt.Dd...ES..h
00000800:  59 E7 42 A7 A0 1E 5A EB E5 A8 BD F1 78 37 56 DC  Y.B...Z.....x7V.
00000810:  A0 65 CC F4 B2 9A BE 3A 71 22 08 50 86 1F 0E 22  .e.....:q".P..."
00000820:  4F 1A 6A 8F 35 B5 0D AF 87 AE 84 A1 B8 77 D2 59  O.j.5........w.Y
00000830:  6F FE AC F5 78 44 D3 F4 4C 23 6A A3 35 A7 E2 F1  o...xD..L#j.5...
00000840:  47 95 17 2F 73 FD 07 C9 D1 D8 B0 8D 88 7A 0A E7  G../s........z..
00000850:  83 2A DA E3 7D 03 89 D3 B6 3C E4 03 A4 1F 7F C2  .*..}....<......
00000860:  7D 95 1B 0D 71 56 94 B7 FE 09 11 26 EC F3 E8 5B  }...qV.....&...[
00000870:  11 A8 32 9E 63 B2 74 9B B0 F8 11 00 CB 3D E1 59  ..2.c.t......=.Y
00000880:  75 29 8C AE CB 24 5D 2F 4D 7C EB BF 4A 6B 38 48  u)...$]/M|..Jk8H
00000890:  7B 49 4C A3 FA 76 E2 6C 03 51 E4 96 D4 7F AA 23  {IL..v.l.Q.....#
000008A0:  19 16 FB DB 5B BC 8D EA 25 07 37 08 DC 22 99 0C  ....[...%.7.."..
000008B0:  6E B8 30 40 AF 31 73 90 43 EA B3 C3 5A BF D3 EA  n.0@.1s.C...Z...
000008C0:  8F 71 CA C3 95 BD 5C A7 8C 46 25 77 A1 66 51 D6  .q....\..F%w.fQ.
000008D0:  2C 92 AE 8E EF 3D BE 78 EB 3D 21 7B 71 AD 53 17  ,....=.x.=!{q.S.
000008E0:  A4 95 63 03 A6 ED CA 30 29 9D D0 48 7D 42 74 E6  ..c....0)..H}Bt.
000008F0:  1E 9F 68 16 26 75 6A 5B E1 7F B9 5B C0 E1 B9 6F  ..h.&uj[...[...o
00000900:  47 F4 5D 5D 48 F6 D2 FB FC 4C 44 7D 65 BC 7B BD  G.]]H....LD}e.{.
00000910:  2D 3D 5F 31 24 BA 99 D3 23 66 51 6B DF F2 8E 30  -=_1$...#fQk...0
00000920:  6D B1 0E 00 AA 2F 89 7D 2E 14 8D 03 4B 2D AE ED  m..../.}....K-..
00000930:  92 AC 18 0E D6 06 71 21 DF 57 79 C0 48 5F 3F 22  ......q!.Wy.H_?"
00000940:  28 39 E6 A7 3C B4 1C 98 FB B1 71 65 3C 83 B9 04  (9..<.....qe<...
00000950:  3D BE 1C 71 54 34 C9 7F 55 93 0A 09 85 DD 39 28  =..qT4..U.....9(
00000960:  B6 B6 72 D3 55 AF 77 8A 33 E8 92 16 FD 9F 96 52  ..r.U.w.3......R
00000970:  9A 8D 1D 13 7D 30 AB 18 83 EF 25 DF 73 8B 53 64  ....}0....%.s.Sd
00000980:  A5 10 34 1E 01 29 83 D2 27 8A C9 87 2E 1C 67 D3  ..4..)..'.....g.
00000990:  0C E1 63 0C 12 2E B8 2D 9F 60 6D 6D 3A 1E 06 F8  ..c....-.`mm:...
000009A0:  7B B7 60 A6 E6 57 43 5E F4 DE 73 79 38 94 F9 89  {.`..WC^..sy8...
000009B0:  E7 97 50 BD D7 5F 0E BE E1 DC 2E 43 9D 87 C1 A5  ..P.._.....C....
000009C0:  F9 5B 68 34 CD F9 B4 E3 6F A5 15 E4 0B AC DC DF  .[h4....o.......
000009D0:  BB A2 AC 9C 21 68 B1 13 4F B1 9E 4F 9F 09 2A C3  ....!h..O..O..*.
000009E0:  9B D0 40 2D 49 CE 29 CA CB 34 9A B4 46 C8 44 14  ..@-I.)..4..F.D.
000009F0:  2F E8 D8 EA F5 CD C6 03 6E 48 FA 53 C4 05 90 FC  /.......nH.S....
00000A00:  40 6B 3B 29 08 A0 E2 ED 67 92 60 A6 B7 2F 80 0B  @k;)....g.`../..
00000A10:  68 BF 84 FF BF E0 FE FE 5C 4B C5 ED D9 2A 3D 61  h.......\K...*=a
00000A20:  35 CA AA 07 AA B8 5F 81 02 76 97 32 FE 2C 72 E3  5....._..v.2.,r.
00000A30:  E4 59 A6 2F 0B E5 F8 9F 94 82 A9 92 6C A5 F2 BF  .Y./........l...
00000A40:  C6 B7 9B 17 DE 8B F0 17 DB 27 59 F8 93 59 7C 71  .........'Y..Y|q
00000A50:  C3 09 2D 58 59 AC 61 95 E0 F8 D6 F5 F8 D1 4E A9  ..-XY.a.......N.
00000A60:  06 6E E7 44 ED 10 92 44 96 D2 B8 CD F4 F3 AE AB  .n.D...D........
00000A70:  DE F1 FB 86 24 FF 00 00 00 00 00 00 00 00 00 00  ....$...........
00000A80:  00 00 00 00 00 00 00 00 00 00 00 00 00 00 00 00  ................ [zeros]
00000A90:  00 00 00 00 00 00 00 00 00 00 00 00 00 00 00 00  ................ [zeros]
00000AA0:  00 00 00 00 00 00 00 00 00 00 00 00 00 00 00 00  ................ [zeros]
00000AB0:  00 00 00 00 00 00 00 00 00 00 00 00 00 00 00 00  ................ [zeros]
00000AC0:  00 00 00 00 00 00 00 00 00 00 00 00 00 00 00 00  ................ [zeros]
00000AD0:  00 00 00 00 00 00 00 00 00 00 00 00 00 00 00 00  ................ [zeros]
00000AE0:  00 00 00 00 00 00 00 00 00 00 00 00 00 00 00 00  ................ [zeros]
00000AF0:  00 00 00 00 00 00 00 00 00 00 00 00 00 00 00 00  ................ [zeros]
00000B00:  00 00 00 00 00 00 00 00 00 00 00 00 00 00 00 00  ................ [zeros]
00000B10:  00 00 00 00 00 00 00 00 00 00 00 00 00 00 00 00  ................ [zeros]
00000B20:  00 00 00 00 00 00 00 00 00 00 00 00 00 00 00 00  ................ [zeros]
00000B30:  00 00 00 00 00 00 00 00 00 00 00 00 00 00 00 00  ................ [zeros]
00000B40:  00 00 00 00 00 00 00 00 00 00 00 00 00 00 00 00  ................ [zeros]
00000B50:  00 00 00 00 00 00 00 00 00 00 00 00 00 00 00 00  ................ [zeros]
00000B60:  00 00 00 00 00 00 00 00 00 00 00 00 00 00 00 00  ................ [zeros]
00000B70:  00 00 00 00 00 00 00 00 00 00 00 00 00 00 00 00  ................ [zeros]
00000B80:  00 00 00 00 00 00 00 00 00 00 00 00 00 00 00 00  ................ [zeros]
00000B90:  00 00 00 00 00 00 00 00 00 00 00 00 00 00 00 00  ................ [zeros]
00000BA0:  00 00 00 00 00 00 00 00 00 00 00 00 00 00 00 00  ................ [zeros]
00000BB0:  00 00 00 00 00 00 00 00 00 00 00 00 00 00 00 00  ................ [zeros]
00000BC0:  00 00 00 00 00 00 00 00 00 00 00 00 00 00 00 00  ................ [zeros]
00000BD0:  00 00 00 00 00 00 00 00 00 00 00 00 00 00 00 00  ................ [zeros]
00000BE0:  00 00 00 00 00 00 00 00 00 00 00 00 00 00 00 00  ................ [zeros]
00000BF0:  00 00 00 00 00 00 00 00 00 00 00 00 00 00 00 00  ................ [zeros]
00000C00:  00 00 00 00 00 00 00 00 00 00 00 00 00 00 00 00  ................ [zeros]
00000C10:  00 00 00 00 00 00 00 00 00 00 00 00 00 00 00 00  ................ [zeros]
00000C20:  00 00 00 00 00 00 00 00 00 00 00 00 00 00 00 00  ................ [zeros]
00000C30:  00 00 00 00 00 00 00 00 00 00 00 00 00 00 00 00  ................ [zeros]
00000C40:  00 00 00 00 00 00 00 00 00 00 00 00 00 00 00 00  ................ [zeros]
00000C50:  00 00 00 00 00 00 00 00 00 00 00 00 00 00 00 00  ................ [zeros]
00000C60:  00 00 00 00 00 00 00 00 00 00 00 00 00 00 00 00  ................ [zeros]
00000C70:  00 00 00 00 00 00 00 00 00 00 00 00 00 00 00 00  ................ [zeros]
00000C80:  00 00 00 00 00 00 00 00 00 00 00 00 00 00 00 00  ................ [zeros]
00000C90:  00 00 00 00 00 00 00 00 00 00 00 00 00 00 00 00  ................ [zeros]
00000CA0:  00 00 00 00 00 00 00 00 00 00 00 00 00 00 00 00  ................ [zeros]
00000CB0:  00 00 00 00 00 00 00 00 00 00 00 00 00 00 00 00  ................ [zeros]
00000CC0:  00 00 00 00 00 00 00 00 00 00 00 00 00 00 00 00  ................ [zeros]
00000CD0:  00 00 00 00 00 00 00 00 00 00 00 00 00 00 00 00  ................ [zeros]
00000CE0:  00 00 00 00 00 00 00 00 00 00 00 00 00 00 00 00  ................ [zeros]
00000CF0:  00 00 00 00 00 00 00 00 00 00 00 00 00 00 00 00  ................ [zeros]
00000D00:  00 00 00 00 00 00 00 00 00 00 00 00 00 00 00 00  ................ [zeros]
00000D10:  00 00 00 00 00 00 00 00 00 00 00 00 00 00 00 00  ................ [zeros]
00000D20:  00 00 00 00 00 00 00 00 00 00 00 00 00 00 00 00  ................ [zeros]
00000D30:  00 00 00 00 00 00 00 00 00 00 00 00 00 00 00 00  ................ [zeros]
00000D40:  00 00 00 00 00 00 00 00 00 00 00 00 00 00 00 00  ................ [zeros]
00000D50:  00 00 00 00 00 00 00 00 00 00 00 00 00 00 00 00  ................ [zeros]
00000D60:  00 00 00 00 00 00 00 00 00 00 00 00 00 00 00 00  ................ [zeros]
00000D70:  00 00 00 00 00 00 00 00 00 00 00 00 00 00 00 00  ................ [zeros]
00000D80:  00 00 00 00 00 00 00 00 00 00 00 00 00 00 00 00  ................ [zeros]
00000D90:  00 00 00 00 00 00 00 00 00 00 00 00 00 00 00 00  ................ [zeros]
00000DA0:  00 00 00 00 00 00 00 00 00 00 00 00 00 00 00 00  ................ [zeros]
00000DB0:  00 00 00 00 00 00 00 00 00 00 00 00 00 00 00 00  ................ [zeros]
00000DC0:  00 00 00 00 00 00 00 00 00 00 00 00 00 00 00 00  ................ [zeros]
00000DD0:  00 00 00 00 00 00 00 00 00 00 00 00 00 00 00 00  ................ [zeros]
00000DE0:  00 00 00 00 00 00 00 00 00 00 00 00 00 00 00 00  ................ [zeros]
00000DF0:  00 00 00 00 00 00 00 00 00 00 00 00 00 00 00 00  ................ [zeros]
00000E00:  00 00 00 00 00 00 00 00 00 00 00 00 00 00 00 00  ................ [zeros]
00000E10:  00 00 00 00 00 00 00 00 00 00 00 00 00 00 00 00  ................ [zeros]
00000E20:  00 00 00 00 00 00 00 00 00 00 00 00 00 00 00 00  ................ [zeros]
00000E30:  00 00 00 00 00 00 00 00 00 00 00 00 00 00 00 00  ................ [zeros]
00000E40:  00 00 00 00 00 00 00 00 00 00 00 00 00 00 00 00  ................ [zeros]
00000E50:  00 00 00 00 00 00 00 00 00 00 00 00 00 00 00 00  ................ [zeros]
00000E60:  00 00 00 00 00 00 00 00 00 00 00 00 00 00 00 00  ................ [zeros]
00000E70:  00 00 00 00 00 00 1C 01 78 7D AC 2F BE 61 82 60  ........x}./.a.`
00000E80:  9B ED A2 29 59 91 00 00 00 00 00 00 00 00 00 00  ...)Y...........
00000E90:  00 00 00 00 00 00 00 00 00 00 00 00 00 00 00 00  ................ [zeros]
00000EA0:  00 00 00 00 00 00 00 00 00 00 00 00 00 00 00 00  ................ [zeros]
00000EB0:  00 00 00 00 00 00 00 00 00 00 00 00 00 00 00 00  ................ [zeros]
00000EC0:  00 00 00 00 00 00 00 00 00 00 00 00 00 00 00 00  ................ [zeros]
00000ED0:  00 00 00 00 00 00 00 00 00 00 00 00 00 00 00 00  ................ [zeros]
00000EE0:  00 00 00 00 00 00 00 00 00 00 00 00 00 00 00 00  ................ [zeros]
00000EF0:  00 00 00 00 00 00 00 00 00 00 00 00 00 00 00 00  ................ [zeros]
00000F00:  00 00 00 00 00 00 00 00 00 00 00 00 00 00 00 00  ................ [zeros]
00000F10:  00 00 00 00 00 00 00 00 00 00 00 00 00 00 00 00  ................ [zeros]
00000F20:  00 00 00 00 00 00 00 00 00 00 00 00 00 00 00 00  ................ [zeros]
00000F30:  00 00 00 00 00 00 00 00 00 00 00 00 00 00 00 00  ................ [zeros]
00000F40:  00 00 00 00 00 00 00 00 00 00 00 00 00 00 00 00  ................ [zeros]
00000F50:  00 00 00 00 00 00 00 00 00 00 00 00 00 00 00 00  ................ [zeros]
00000F60:  00 00 00 00 00 00 00 00 00 00 00 00 00 00 00 00  ................ [zeros]
00000F70:  00 00 00 00 00 00 00 00 00 00 00 00 00 00 00 00  ................ [zeros]
00000F80:  00 00 00 00 00 00 00 00 00 00 00 00 00 00 00 00  ................ [zeros]
00000F90:  00 00 00 00 00 00 00 00 00 00 00 00 00 00 00 00  ................ [zeros]
00000FA0:  00 00 00 00 00 00 00 00 00 00 00 00 00 00 00 00  ................ [zeros]
00000FB0:  00 00 00 00 00 00 00 00 00 00 00 00 00 00 00 00  ................ [zeros]
00000FC0:  00 00 00 00 00 00 00 00 00 00 00 00 00 00 00 00  ................ [zeros]
00000FD0:  00 00 00 00 00 00 00 00 00 00 00 00 00 00 00 00  ................ [zeros]
00000FE0:  00 00 00 00 00 00 00 00 00 00 00 00 00 00 00 00  ................ [zeros]
00000FF0:  00 00 00 00 00 00 00 00 00 00 00 00 00 00 00 00  ................ [zeros]
00001000:  00 00 00 00 00 00 00 00 00 00 00 00 00 00 00 00  ................ [zeros]
00001010:  00 00 00 00 00 00 00 00 00 00 00 00 00 00 00 00  ................ [zeros]
00001020:  00 00 00 00 00 00 00 00 00 00 00 00 00 00 00 00  ................ [zeros]
00001030:  00 00 00 00 00 00 00 00 00 00 00 00 00 00 00 00  ................ [zeros]
00001040:  00 00 00 00 00 00 00 00 00 00 00 00 00 00 00 00  ................ [zeros]
00001050:  00 00 00 00 00 00 00 00 00 00 00 00 00 00 00 00  ................ [zeros]
00001060:  00 00 00 00 00 00 00 00 00 00 00 00 00 00 00 00  ................ [zeros]
00001070:  00 00 00 00 00 00 00 00 00 00 00 00 00 00 00 00  ................ [zeros]
00001080:  00 00 00 00 00 00 00 00 00 00 00 00 00 00 00 00  ................ [zeros]
00001090:  00 00 00 00 00 00 00 00 00 00 00 00 00 00 00 00  ................ [zeros]
000010A0:  00 00 00 00 00 00 00 00 00 00 00 00 00 00 00 00  ................ [zeros]
000010B0:  00 00 00 00 00 00 00 00 00 00 00 00 00 00 00 00  ................ [zeros]
000010C0:  00 00 00 00 00 00 00 00 00 00 00 00 00 00 00 00  ................ [zeros]
000010D0:  00 00 00 00 00 00 00 00 00 00 00 00 00 00 00 00  ................ [zeros]
000010E0:  00 00 00 00 00 00 00 00 00 00 00 00 00 00 00 00  ................ [zeros]
000010F0:  00 00 00 00 00 00 00 00 00 00 00 00 00 00 00 00  ................ [zeros]
00001100:  00 00 00 00 00 00 00 00 00 00 00 00 00 00 00 00  ................ [zeros]
00001110:  00 00 00 00 00 00 00 00 00 00 00 00 00 00 00 00  ................ [zeros]
00001120:  00 00 00 00 00 00 00 00 00 00 00 00 00 00 00 00  ................ [zeros]
00001130:  00 00 00 00 00 00 00 00 00 00 00 00 00 00 00 00  ................ [zeros]
00001140:  00 00 00 00 00 00 00 00 00 00 00 00 00 00 00 00  ................ [zeros]
00001150:  00 00 00 00 00 00 00 00 00 00 00 00 00 00 00 00  ................ [zeros]
00001160:  00 00 00 00 00 00 00 00 00 00 00 00 00 00 00 00  ................ [zeros]
00001170:  00 00 00 00 00 00 00 00 00 00 00 00 00 00 00 00  ................ [zeros]
00001180:  00 00 00 00 00 00 00 00 00 00 00 00 00 00 00 00  ................ [zeros]
00001190:  00 00 00 00 00 00 00 00 00 00 00 00 00 00 00 00  ................ [zeros]
000011A0:  00 00 00 00 00 00 00 00 00 00 00 00 00 00 00 00  ................ [zeros]
000011B0:  00 00 00 00 00 00 00 00 00 00 00 00 00 00 00 00  ................ [zeros]
000011C0:  00 00 00 00 00 00 00 00 00 00 00 00 00 00 00 00  ................ [zeros]
000011D0:  00 00 00 00 00 00 00 00 00 00 00 00 00 00 00 00  ................ [zeros]
000011E0:  00 00 00 00 00 00 00 00 00 00 00 00 00 00 00 00  ................ [zeros]
000011F0:  00 00 00 00 00 00 00 00 00 00 00 00 00 00 00 00  ................ [zeros]
00001200:  00 00 00 00 00 00 00 00 00 00 00 00 00 00 00 00  ................ [zeros]
00001210:  00 00 00 00 00 00 00 00 00 00 00 00 00 00 00 00  ................ [zeros]
00001220:  00 00 00 00 00 00 00 00 00 00 00 00 00 00 00 00  ................ [zeros]
00001230:  00 00 00 00 00 00 00 00 00 00 00 00 00 00 00 00  ................ [zeros]
00001240:  00 00 00 00 00 00 00 00 00 00 00 00 00 00 00 00  ................ [zeros]
00001250:  00 00 00 00 00 00 00 00 00 00 00 00 00 00 00 00  ................ [zeros]
00001260:  00 00 00 00 00 00 00 00 00 00 00 00 00 00 00 00  ................ [zeros]
00001270:  00 00 00 00 00 00 55 0C 9E 6D 8C 9A 6F 32 1F C9  ......U..m..o2..
00001280:  D2 D2 81 B2 34 CC 00 00 00 00 00 00 00 00 00 00  ....4...........
00001290:  00 00 00 00 00 00 00 00 00 00 00 00 00 00 00 00  ................ [zeros]
000012A0:  00 00 00 00 00 00 00 00 00 00 00 00 00 00 00 00  ................ [zeros]
000012B0:  00 00 00 00 00 00 00 00 00 00 00 00 00 00 00 00  ................ [zeros]
000012C0:  00 00 00 00 00 00 00 00 00 00 00 00 00 00 00 00  ................ [zeros]
000012D0:  00 00 00 00 00 00 00 00 00 00 00 00 00 00 00 00  ................ [zeros]
000012E0:  00 00 00 00 00 00 00 00 00 00 00 00 00 00 00 00  ................ [zeros]
000012F0:  00 00 00 00 00 00 00 00 00 00 00 00 00 00 00 00  ................ [zeros]
00001300:  00 00 00 00 00 00 00 00 00 00 00 00 00 00 00 00  ................ [zeros]
00001310:  00 00 00 00 00 00 00 00 00 00 00 00 00 00 00 00  ................ [zeros]
00001320:  00 00 00 00 00 00 00 00 00 00 00 00 00 00 00 00  ................ [zeros]
00001330:  00 00 00 00 00 00 00 00 00 00 00 00 00 00 00 00  ................ [zeros]
00001340:  00 00 00 00 00 00 00 00 00 00 00 00 00 00 00 00  ................ [zeros]
00001350:  00 00 00 00 00 00 00 00 00 00 00 00 00 00 00 00  ................ [zeros]
00001360:  00 00 00 00 00 00 00 00 00 00 00 00 00 00 00 00  ................ [zeros]
00001370:  00 00 00 00 00 00 00 00 00 00 00 00 00 00 00 00  ................ [zeros]
00001380:  00 00 00 00 00 00 00 00 00 00 00 00 00 00 00 00  ................ [zeros]
00001390:  00 00 00 00 00 00 00 00 00 00 00 00 00 00 00 00  ................ [zeros]
000013A0:  00 00 00 00 00 00 00 00 00 00 00 00 00 00 00 00  ................ [zeros]
000013B0:  00 00 00 00 00 00 00 00 00 00 00 00 00 00 00 00  ................ [zeros]
000013C0:  00 00 00 00 00 00 00 00 00 00 00 00 00 00 00 00  ................ [zeros]
000013D0:  00 00 00 00 00 00 00 00 00 00 00 00 00 00 00 00  ................ [zeros]
000013E0:  00 00 00 00 00 00 00 00 00 00 00 00 00 00 00 00  ................ [zeros]
000013F0:  00 00 00 00 00 00 00 00 00 00 00 00 00 00 00 00  ................ [zeros]
00001400:  00 00 00 00 00 00 00 00 00 00 00 00 00 00 00 00  ................ [zeros]
00001410:  00 00 00 00 00 00 00 00 00 00 00 00 00 00 00 00  ................ [zeros]
00001420:  00 00 00 00 00 00 00 00 00 00 00 00 00 00 00 00  ................ [zeros]
00001430:  00 00 00 00 00 00 00 00 00 00 00 00 00 00 00 00  ................ [zeros]
00001440:  00 00 00 00 00 00 00 00 00 00 00 00 00 00 00 00  ................ [zeros]
00001450:  00 00 00 00 00 00 00 00 00 00 00 00 00 00 00 00  ................ [zeros]
00001460:  00 00 00 00 00 00 00 00 00 00 00 00 00 00 00 00  ................ [zeros]
00001470:  00 00 00 00 00 00 00 00 00 00 00 00 00 00 00 00  ................ [zeros]
00001480:  00 00 00 00 00 00 00 00 00 00 00 00 00 00 00 00  ................ [zeros]
00001490:  00 00 00 00 00 00 00 00 00 00 00 00 00 00 00 00  ................ [zeros]
000014A0:  00 00 00 00 00 00 00 00 00 00 00 00 00 00 00 00  ................ [zeros]
000014B0:  00 00 00 00 00 00 00 00 00 00 00 00 00 00 00 00  ................ [zeros]
000014C0:  00 00 00 00 00 00 00 00 00 00 00 00 00 00 00 00  ................ [zeros]
000014D0:  00 00 00 00 00 00 00 00 00 00 00 00 00 00 00 00  ................ [zeros]
000014E0:  00 00 00 00 00 00 00 00 00 00 00 00 00 00 00 00  ................ [zeros]
000014F0:  00 00 00 00 00 00 00 00 00 00 00 00 00 00 00 00  ................ [zeros]
00001500:  00 00 00 00 00 00 00 00 00 00 00 00 00 00 00 00  ................ [zeros]
00001510:  00 00 00 00 00 00 00 00 00 00 00 00 00 00 00 00  ................ [zeros]
00001520:  00 00 00 00 00 00 00 00 00 00 00 00 00 00 00 00  ................ [zeros]
00001530:  00 00 00 00 00 00 00 00 00 00 00 00 00 00 00 00  ................ [zeros]
00001540:  00 00 00 00 00 00 00 00 00 00 00 00 00 00 00 00  ................ [zeros]
00001550:  00 00 00 00 00 00 00 00 00 00 00 00 00 00 00 00  ................ [zeros]
00001560:  00 00 00 00 00 00 00 00 00 00 00 00 00 00 00 00  ................ [zeros]
00001570:  00 00 00 00 00 00 00 00 00 00 00 00 00 00 00 00  ................ [zeros]
00001580:  00 00 00 00 00 00 00 00 00 00 00 00 00 00 00 00  ................ [zeros]
00001590:  00 00 00 00 00 00 00 00 00 00 00 00 00 00 00 00  ................ [zeros]
000015A0:  00 00 00 00 00 00 00 00 00 00 00 00 00 00 00 00  ................ [zeros]
000015B0:  00 00 00 00 00 00 00 00 00 00 00 00 00 00 00 00  ................ [zeros]
000015C0:  00 00 00 00 00 00 00 00 00 00 00 00 00 00 00 00  ................ [zeros]
000015D0:  00 00 00 00 00 00 00 00 00 00 00 00 00 00 00 00  ................ [zeros]
000015E0:  00 00 00 00 00 00 00 00 00 00 00 00 00 00 00 00  ................ [zeros]
000015F0:  00 00 00 00 00 00 00 00 00 00 00 00 00 00 00 00  ................ [zeros]
00001600:  00 00 00 00 00 00 00 00 00 00 00 00 00 00 00 00  ................ [zeros]
00001610:  00 00 00 00 00 00 00 00 00 00 00 00 00 00 00 00  ................ [zeros]
00001620:  00 00 00 00 00 00 00 00 00 00 00 00 00 00 00 00  ................ [zeros]
00001630:  00 00 00 00 00 00 00 00 00 00 00 00 00 00 00 00  ................ [zeros]
00001640:  00 00 00 00 00 00 00 00 00 00 00 00 00 00 00 00  ................ [zeros]
00001650:  00 00 00 00 00 00 00 00 00 00 00 00 00 00 00 00  ................ [zeros]
00001660:  00 00 00 00 00 00 00 00 00 00 00 00 00 00 00 00  ................ [zeros]
00001670:  00 00 00 00 00 00 75 9E AF 20 42 F7 EB 0B EF E6  ......u.. B.....
00001680:  C4 F9 16 F5 E6 6A 00 00 00 00 00 00 00 00 00 00  .....j..........
00001690:  00 00 00 00 00 00 00 00 00 00 00 00 00 00 00 00  ................ [zeros]
000016A0:  00 00 00 00 00 00 00 00 00 00 00 00 00 00 00 00  ................ [zeros]
000016B0:  00 00 00 00 00 00 00 00 00 00 00 00 00 00 00 00  ................ [zeros]
000016C0:  00 00 00 00 00 00 00 00 00 00 00 00 00 00 00 00  ................ [zeros]
000016D0:  00 00 00 00 00 00 00 00 00 00 00 00 00 00 00 00  ................ [zeros]
000016E0:  00 00 00 00 00 00 00 00 00 00 00 00 00 00 00 00  ................ [zeros]
000016F0:  00 00 00 00 00 00 00 00 00 00 00 00 00 00 00 00  ................ [zeros]
00001700:  00 00 00 00 00 00 00 00 00 00 00 00 00 00 00 00  ................ [zeros]
00001710:  00 00 00 00 00 00 00 00 00 00 00 00 00 00 00 00  ................ [zeros]
00001720:  00 00 00 00 00 00 00 00 00 00 00 00 00 00 00 00  ................ [zeros]
00001730:  00 00 00 00 00 00 00 00 00 00 00 00 00 00 00 00  ................ [zeros]
00001740:  00 00 00 00 00 00 00 00 00 00 00 00 00 00 00 00  ................ [zeros]
00001750:  00 00 00 00 00 00 00 00 00 00 00 00 00 00 00 00  ................ [zeros]
00001760:  00 00 00 00 00 00 00 00 00 00 00 00 00 00 00 00  ................ [zeros]
00001770:  00 00 00 00 00 00 00 00 00 00 00 00 00 00 00 00  ................ [zeros]
00001780:  00 00 00 00 00 00 00 00 00 00 00 00 00 00 00 00  ................ [zeros]
00001790:  00 00 00 00 00 00 00 00 00 00 00 00 00 00 00 00  ................ [zeros]
000017A0:  00 00 00 00 00 00 00 00 00 00 00 00 00 00 00 00  ................ [zeros]
000017B0:  00 00 00 00 00 00 00 00 00 00 00 00 00 00 00 00  ................ [zeros]
000017C0:  00 00 00 00 00 00 00 00 00 00 00 00 00 00 00 00  ................ [zeros]
000017D0:  00 00 00 00 00 00 00 00 00 00 00 00 00 00 00 00  ................ [zeros]
000017E0:  00 00 00 00 00 00 00 00 00 00 00 00 00 00 00 00  ................ [zeros]
000017F0:  00 00 00 00 00 00 00 00 00 00 00 00 00 00 00 00  ................ [zeros]
00001800:  00 00 00 00 00 00 00 00 00 00 00 00 00 00 00 00  ................ [zeros]
00001810:  00 00 00 00 00 00 00 00 00 00 00 00 00 00 00 00  ................ [zeros]
00001820:  00 00 00 00 00 00 00 00 00 00 00 00 00 00 00 00  ................ [zeros]
00001830:  00 00 00 00 00 00 00 00 00 00 00 00 00 00 00 00  ................ [zeros]
00001840:  00 00 00 00 00 00 00 00 00 00 00 00 00 00 00 00  ................ [zeros]
00001850:  00 00 00 00 00 00 00 00 00 00 00 00 00 00 00 00  ................ [zeros]
00001860:  00 00 00 00 00 00 00 00 00 00 00 00 00 00 00 00  ................ [zeros]
00001870:  00 00 00 00 00 00 00 00 00 00 00 00 00 00 00 00  ................ [zeros]
00001880:  00 00 00 00 00 00 00 00 00 00 00 00 00 00 00 00  ................ [zeros]
00001890:  00 00 00 00 00 00 00 00 00 00 00 00 00 00 00 00  ................ [zeros]
000018A0:  00 00 00 00 00 00 00 00 00 00 00 00 00 00 00 00  ................ [zeros]
000018B0:  00 00 00 00 00 00 00 00 00 00 00 00 00 00 00 00  ................ [zeros]
000018C0:  00 00 00 00 00 00 00 00 00 00 00 00 00 00 00 00  ................ [zeros]
000018D0:  00 00 00 00 00 00 00 00 00 00 00 00 00 00 00 00  ................ [zeros]
000018E0:  00 00 00 00 00 00 00 00 00 00 00 00 00 00 00 00  ................ [zeros]
000018F0:  00 00 00 00 00 00 00 00 00 00 00 00 00 00 00 00  ................ [zeros]
00001900:  00 00 00 00 00 00 00 00 00 00 00 00 00 00 00 00  ................ [zeros]
00001910:  00 00 00 00 00 00 00 00 00 00 00 00 00 00 00 00  ................ [zeros]
00001920:  00 00 00 00 00 00 00 00 00 00 00 00 00 00 00 00  ................ [zeros]
00001930:  00 00 00 00 00 00 00 00 00 00 00 00 00 00 00 00  ................ [zeros]
00001940:  00 00 00 00 00 00 00 00 00 00 00 00 00 00 00 00  ................ [zeros]
00001950:  00 00 00 00 00 00 00 00 00 00 00 00 00 00 00 00  ................ [zeros]
00001960:  00 00 00 00 00 00 00 00 00 00 00 00 00 00 00 00  ................ [zeros]
00001970:  00 00 00 00 00 00 00 00 00 00 00 00 00 00 00 00  ................ [zeros]
00001980:  00 00 00 00 00 00 00 00 00 00 00 00 00 00 00 00  ................ [zeros]
00001990:  00 00 00 00 00 00 00 00 00 00 00 00 00 00 00 00  ................ [zeros]
000019A0:  00 00 00 00 00 00 00 00 00 00 00 00 00 00 00 00  ................ [zeros]
000019B0:  00 00 00 00 00 00 00 00 00 00 00 00 00 00 00 00  ................ [zeros]
000019C0:  00 00 00 00 00 00 00 00 00 00 00 00 00 00 00 00  ................ [zeros]
000019D0:  00 00 00 00 00 00 00 00 00 00 00 00 00 00 00 00  ................ [zeros]
000019E0:  00 00 00 00 00 00 00 00 00 00 00 00 00 00 00 00  ................ [zeros]
000019F0:  00 00 00 00 00 00 00 00 00 00 00 00 00 00 00 00  ................ [zeros]
00001A00:  00 00 00 00 00 00 00 00 00 00 00 00 00 00 00 00  ................ [zeros]
00001A10:  00 00 00 00 00 00 00 00 00 00 00 00 00 00 00 00  ................ [zeros]
00001A20:  00 00 00 00 00 00 00 00 00 00 00 00 00 00 00 00  ................ [zeros]
00001A30:  00 00 00 00 00 00 00 00 00 00 00 00 00 00 00 00  ................ [zeros]
00001A40:  00 00 00 00 00 00 00 00 00 00 00 00 00 00 00 00  ................ [zeros]
00001A50:  00 00 00 00 00 00 00 00 00 00 00 00 00 00 00 00  ................ [zeros]
00001A60:  00 00 00 00 00 00 00 00 00 00 00 00 00 00 00 00  ................ [zeros]
00001A70:  00 00 00 00 00 00 96 6C BC 79 13 8D 7A D2 66 9B  .......l.y..z.f.
00001A80:  C1 D7 5C 93 BA 41 34 61 94 2B 35 55 AC EF 1F 01  ..\..A4a.+5U....
00001A90:  6E E0 38 C8 4A 22 29 90 4B E0 83 63 D2 09 82 45  n.8.J").K..c...E
00001AA0:  D4 40 17 02 C9 D8 59 DD 4D E9 B7 A4 79 FB 74 F3  .@....Y.M...y.t.
00001AB0:  6E 0B AE 33 38 B5 5B 41 1C 8A CB AB 61 F1 BA 13  n..38.[A....a...
00001AC0:  D9 93 5B 5A 6B 2E 46 F1 CE 0B 68 79 FB 94 06 67  ..[Zk.F...hy...g
00001AD0:  05 5F 99 41 87 3F 34 5B 24 0A 3C 4F 64 9D 81 2C  ._.A.?4[$.<Od..,
00001AE0:  DD 71 D1 B5 3B 5E 3A CB CC AF E1 7C 87 D6 D4 B0  .q..;^:....|....
00001AF0:  1D E6 99 03 45 6D A6 7D CD 64 B3 6C B2 04 2D CE  ....Em.}.d.l..-.
00001B00:  C2 78 3E 91 14 B6 E1 57 27 FB B7 10 BA 09 56 4E  .x>....W'.....VN
00001B10:  62 2A E4 D4 BB 0D 56 EF 89 A2 6E 11 56 1F 7D 2C  b*....V...n.V.},
00001B20:  B7 40 20 5E 05 25 2C 4F C2 8D 73 7E 6D FA 34 48  .@ ^.%,O..s~m.4H
00001B30:  2E AE A4 D1 F3 2D 39 01 7A 6A 02 53 D4 A4 74 30  .....-9.zj.S..t0
00001B40:  A2 0E 5D 42 D9 6D 90 DC F7 E7 D7 99 68 2A AE 10  ..]B.m......h*..
00001B50:  39 E5 C2 21 92 18 35 35 5C C7 33 A1 35 7C 8C 0C  9..!..55\.3.5|..
00001B60:  C4 04 B2 12 0B D5 BB 0C D3 8B AF F3 78 42 A1 F5  ............xB..
00001B70:  75 43 09 5B 70 DF 8D 0A 89 8C 2D 7D ED B5 96 9C  uC.[p.....-}....
00001B80:  34 7C 5E 2E 16 34 96 15 26 E5 80 05 CE 74 7D F2  4|^..4..&....t}.
00001B90:  CD B2 5B 54 A7 A1 8A 34 04 E9 90 15 E3 64 05 48  ..[T...4.....d.H
00001BA0:  36 80 08 66 E3 40 70 B7 DF 5F BD C3 E1 E4 F3 4E  6..f.@p.._.....N
00001BB0:  69 47 71 C2 D9 71 C4 49 B4 19 BE 1E 50 D1 13 F6  iGq..q.I....P...
00001BC0:  97 1F EF 41 EE F3 F7 1A F8 A9 14 9F 8F 29 00 45  ...A.........).E
00001BD0:  D5 2C 6E 7B F9 D8 BF AD 91 94 DF 39 3E C3 2B A9  .,n{.......9>.+.
00001BE0:  C9 0D 05 F2 0C 92 B0 CE D7 E3 CF A6 42 2A F1 EF  ............B*..
00001BF0:  D8 9E 39 A6 4D 59 CD 9E 02 22 52 AB 80 68 1E F5  ..9.MY..."R..h..
00001C00:  C5 68 3E 6D F9 D9 07 A7 5F 9F C1 52 51 36 ED 29  .h>m...._..RQ6.)
00001C10:  25 2B ED F3 05 79 BA 4A 77 81 F1 CC 9F C9 02 AA  %+...y.Jw.......
00001C20:  66 BC 15 95 07 EA E0 2B 6B A8 C7 B6 C2 03 50 0A  f......+k.....P.
00001C30:  80 BB BF A6 1D D7 79 95 3F D7 D1 11 57 A1 44 70  ......y.?...W.Dp
00001C40:  17 92 A7 C2 3F 56 CE ED 75 F6 47 AB BC BD 40 44  ....?V..u.G...@D
00001C50:  2E DB BF E8 6D 45 BF A8 89 5D BB B8 3F 7A 85 3F  ....mE...]..?z.?
00001C60:  7B 2B B4 D3 25 39 35 2B B4 A5 AA 5A C5 EB 0C F8  {+..%95+...Z....
00001C70:  E1 13 2B 8A 88 55 28 F4 D3 4D 7B 2A E7 D0 90 94  ..+..U(..M{*....
00001C80:  D0 94 9F A0 F1 E0 CA 90 C9 DF 5A DD B5 E8 08 98  ..........Z.....
00001C90:  8C 0D 69 97 EF 4C 59 DD 4D E9 B7 A4 79 FB 74 F3  ..i..LY.M...y.t.
00001CA0:  6E 0B AE 33 38 B5 97 1C 8C A4 5C 27 17 C8 0A A8  n..38.....\'....
00001CB0:  92 FE 6D C5 E0 A6 5F 68 9F 4C 06 AD D5 DC 90 6B  ..m..._h.L.....k
00001CC0:  E7 03 B9 F5 19 79 22 72 0D B9 0B 2C AA BF B7 B9  .....y"r...,....
00001CD0:  89 E6 76 7F 1A E8 CF 8C F1 EE 06 56 9B CC 77 AF  ..v........V..w.
00001CE0:  0C 5F EF 91 22 42 72 C7 6E 49 05 60 B7 F7 77 98  ._.."Br.nI.`..w.
00001CF0:  0E D0 92 DA CA B0 32 9B 1D BF 11 63 17 96 1B 7D  ......2....c...}
00001D00:  92 97 D2 BB 6E 62 7A DF 87 5B 35 5F 5E 77 B7 C1  ....nbz..[5_^w..
00001D10:  10 66 59 05 19 74 2C 5E 81 95 9E 81 3C 27 DA 41  .fY..t,^....<'.A
00001D20:  C0 9B 36 46 1F C6 D6 09 D0 5E CF 5C C0 F2 2D B3  ..6F.....^.\..-.
00001D30:  20 FF 63 D0 20 B3 93 C9 2B 2D 70 98 F8 BD 81 3E   .c. ...+-p....>
00001D40:  1D C2 06 A3 37 10 26 B4 E4 B3 6E CA C5 00 03 79  ....7.&...n....y
00001D50:  5B AA AC FC 84 94 E6 4E 8F 50 25 FA 94 1A 89 5C  [......N.P%....\
00001D60:  2E E6 D8 03 E1 69 11 C2 8A 59 41 E6 7B CC 41 15  .....i...YA.{.A.
00001D70:  55 C6 AE 36 74 46 91 C6 E2 F7 B8 88 DC B5 D8 2C  U..6tF.........,
00001D80:  C8 D2 68 7D 03 51 D6 D1 67 70 79 82 BB 1C D5 A0  ..h}.Q..gpy.....
00001D90:  0C AB A6 EE FF 62 92 7C E1 9F 8F 90 B5 0B E2 2E  .....b.|........
00001DA0:  C4 EF CD 59 EA F2 BB A5 ED D7 57 78 58 83 34 8C  ...Y......WxX.4.
00001DB0:  7A 98 81 B4 90 8E B6 0B E0 12 29 38 E1 A9 AF 96  z.........)8....
00001DC0:  43 6F 22 6D 26 5E 97 EF 37 4A C0 F6 E6 15 49 C2  Co"m&^..7J....I.
00001DD0:  88 7E 49 72 08 ED 19 37 3F D2 9B 0D D2 D6 FE E0  .~Ir...7?.......
00001DE0:  41 80 45 7C 04 68 D8 3C 76 9E 19 F3 90 BC F9 E4  A.E|.h.<v.......
00001DF0:  CB D5 A7 C8 1B 1F EF 5B 65 1F B2 7E 3C 95 16 39  .......[e..~<..9
00001E00:  3A 79 93 50 47 7F DE DC 25 E0 F5 AF 1A CD 0D 71  :y.PG...%......q
00001E10:  47 20 34 BC 3C BD 1C E1 BC 56 58 31 DB 6E AC 8B  G 4.<....VX1.n..
00001E20:  53 BD A4 CC 5E FE 5D 6D 2B 67 F3 D9 41 4F 19 39  S...^.]m+g..AO.9
00001E30:  67 7F D4 87 4B 23 83 69 BC F0 05 9D 62 AD 24 FB  g...K#.i....b.$.
00001E40:  B7 B5 02 92 9B C6 EA 6A 3F 11 7F 08 C8 94 D4 C2  .......j?.......
00001E50:  66 D5 88 AC D0 6C 3A E9 E2 57 6E B6 22 48 6B 85  f....l:..Wn."Hk.
00001E60:  2C 6D 33 0F 87 33 37 18 CC 27 2A 36 27 FB 6B 97  ,m3..37..'*6'.k.
00001E70:  AF C7 CF 98 2C 5E 7C 7E F9 0D 0E 7E 96 CC 3F B1  ....,^|~...~..?.
00001E80:  C8 23 A1 6D 64 A6 E5 39 5A AB 21 F7 F4 C1 5F 0B  .#.md..9Z.!..._.
00001E90:  A4 C8 22 D2 C5 C0 B8 F4 01 4A D2 02 F1 6B 62 F7  .."......J...kb.
00001EA0:  EC 99 9B E9 EF 0A 9F 8E 15 31 8C 78 F1 15 41 1D  .........1.x..A.
00001EB0:  F1 E1 7C B1 4E F4 63 20 08 B6 24 B5 A2 F1 2E 6B  ..|.N.c ..$....k
00001EC0:  02 E2 04 14 12 24 05 37 2F C3 96 FA B4 BE BD EF  .....$.7/.......
00001ED0:  31 74 67 F6 9E BD DD 07 71 C1 15 FE 0D B0 1A 04  1tg.....q.......
00001EE0:  41 F7 7D 20 27 AE C2 95 18 AA 10 82 29 E4 4D FD  A.} '.......).M.
00001EF0:  B1 9D 68 56 B1 34 36 8F 63 CB BC CB 27 23 94 5D  ..hV.46.c...'#.]
00001F00:  9A C6 7B F0 9D 27 B7 F6 E3 34 36 7F 55 FC 4A D2  ..{..'...46.U.J.
00001F10:  06 79 1F 33 B1 5D 62 1A 13 9A CD 8E 07 8D 8C EC  .y.3.]b.........
00001F20:  61 62 CD D6 96 B2 C6 EF 98 E8 E6 4E 88 B1 7D FB  ab.........N..}.
00001F30:  0F D7 5E 82 95 55 79 EB AD AF 6A ED 56 A4 DC DE  ..^..Uy...j.V...
00001F40:  D4 99 8C C4 DB E4 25 E2 4B 8A 92 78 20 64 9F C1  ......%.K..x d..
00001F50:  AE 8E 26 BC 69 44 BB B7 41 FC B1 39 94 8D 8D 5A  ..&.iD..A..9...Z
00001F60:  13 41 5A AF AF FD CC 9E 48 16 1B DB 3C 00 69 F7  .AZ.....H...<.i.
00001F70:  76 27 E7 0E D4 60 5B B9 C8 A1 57 DE 25 6E 0B 70  v'...`[...W.%n.p
00001F80:  AB A2 0B 3D 00 06 26 FD ED 8C 6C F5 B6 95 D8 D7  ...=..&...l.....
00001F90:  15 87 3E 3F 2A D5 39 97 CF 64 ED 58 0A 52 A9 47  ..>?*.9..d.X.R.G
00001FA0:  DF E0 C8 29 74 6D 97 C3 2A 3F FE 7A 1D AE 50 25  ...)tm..*?.z..P%
00001FB0:  7F 01 8E DC 44 7E 94 6A AE 17 F3 2E 6A 7F 50 FA  ....D~.j....j.P.
00001FC0:  C7 42 63 EB 53 5E CA 90 C9 DF 5A DD B5 E8 08 98  .Bc.S^....Z.....
00001FD0:  8C 0D 69 97 EF 4C 59 DD 4D E9 B7 A4 79 FB 74 F3  ..i..LY.M...y.t.
00001FE0:  6E 0B AE 33 38 B5 C0 79 92 1E 89 62 CD 65 AE 56  n..38..y...b.e.V
00001FF0:  32 9F 3C 92 EC 27 99 16 20 CF F1 60 3C BC A6 F0  2.<..'.. ..`<...
00002000:  39 7A A9 25 93 BA 16 FB 44 1F 5E 88 69 EB 14 FF  9z.%....D.^.i...
00002010:  E5 A7 DA 6B 5A 37 3A CB CC AF E1 7C 87 D6 D4 B0  ...kZ7:....|....
00002020:  1D E6 99 03 45 6D A6 7D CD 64 B3 6C B2 04 2D CE  ....Em.}.d.l..-.
00002030:  C2 78 3E 91 14 B6 E1 57 27 FB B7 10 BA 09 56 4E  .x>....W'.....VN
00002040:  62 2A E4 D4 BB 0D 27 4B F5 6C FD 15 E6 79 9B F5  b*....'K.l...y..
00002050:  66 C2 EE 87 44 38 C0 67 02 D6 94 D1 C9 F1 10 03  f...D8.g........
00002060:  8D E5 7D 5B 65 C7 83 07 F9 13 02 7B FA 5B 63 23  ..}[e......{.[c#
00002070:  E6 33 8D C7 46 CC CE CC 24 53 13 DF C9 F9 95 32  .3..F...$S.....2
00002080:  F9 0D 25 C0 48 CB D8 F0 9A 7F DD 96 5C 71 AC 11  ..%.H.......\q..
00002090:  12 8F 18 F7 53 E0 84 A1 D6 5D E1 E3 6E 99 17 03  ....S....]..n...
000020A0:  0F D9 4F 75 F5 2F 1F C3 10 2F 8D A7 9A 37 C1 64  ..Ou./.../...7.d
000020B0:  30 8B 66 06 46 C8 96 15 26 E5 80 05 CE 74 7D F2  0.f.F...&....t}.
000020C0:  CD B2 5B 54 A7 A1 8A 34 04 E9 90 15 E3 64 05 48  ..[T...4.....d.H
000020D0:  36 80 08 66 E3 40 70 B7 DF 5F BD C3 E1 E4 F3 4E  6..f.@p.._.....N
000020E0:  69 47 71 C2 D9 71 90 97 5B 5C E7 E5 F9 DC 55 84  iGq..q..[\....U.
000020F0:  F0 61 3E 79 33 00 F7 1A F8 A9 14 9F 8F 29 00 45  .a>y3........).E
00002100:  D5 2C 6E 7B F9 D8 1F EC 2F DB E7 84 49 B6 08 79  .,n{..../...I..y
00002110:  8F 2B CE 08 E0 AE B2 60 98 B1 25 2D C1 7A 98 4A  .+.....`..%-.z.J
00002120:  24 EE 64 6C 6B 42 CD 9E 02 22 52 AB 80 68 1E F5  $.dlkB..."R..h..
00002130:  C5 68 3E 6D F9 D9 CF 5F 9C 65 AB E4 EF D7 CE 71  .h>m..._.e.....q
00002140:  3C B5 3E E4 7B FF BA 4A 77 81 F1 CC 9F C9 02 AA  <.>.{..Jw.......
00002150:  66 BC 15 95 07 EA E0 2B 6B A8 C7 B6 C2 03 50 0A  f......+k.....P.
00002160:  80 BB BF A6 1D D7 79 95 3F D7 D1 11 57 A1 44 70  ......y.?...W.Dp
00002170:  17 92 A7 C2 3F 56 CE ED 75 F6 47 AB BC BD 40 44  ....?V..u.G...@D
00002180:  2E DB BF E8 6D 45 12 6A D0 78 A7 E4 3C F8 47 48  ....mE.j.x..<.GH
00002190:  83 9A D4 63 A3 6E E5 B0 B6 06 6F 3A 1C F9 E8 87  ...c.n....o:....
000021A0:  8B 8E 0C C5 16 C3 69 BB 7B D3 E0 47 1A 15 FA 60  ......i.{..G...`
000021B0:  24 BA 87 53 A0 91 AF 53 51 9B 84 5A F7 F4 3E F9  $..S...SQ..Z..>.
000021C0:  BD FE AC C6 B8 44 0E 32 59 E2 1A D3 45 EE 6A 6B  .....D.2Y...E.jk
000021D0:  12 08 BA 79 C4 C9 3C DD CA 1C 86 05 E9 E9 A5 41  ...y..<........A
000021E0:  02 F2 5F 47 9E BA CA 90 C9 DF 5A DD B5 E8 08 98  .._G......Z.....
000021F0:  8C 0D 69 97 EF 4C C8 29 0C B4 8F 27 0B 92 E1 51  ..i..L.)...'...Q
00002200:  8B 57 9C A1 28 B7 A5 3F FE 91 D2 FF 02 FF FE CA  .W..(..?........
00002210:  63 C9 D7 60 E8 01 AD 7F C6 22 05 BE DF AD C7 D7  c..`....."......
00002220:  48 A9 19 D3 14 15 DF A7 8C 4A CB AC F7 47 24 2C  H........J...G$,
00002230:  1D 79 EE 0B CA 85 0B 9B 4F 3B 09 3B 78 7D DB EC  .y......O;.;x}..
00002240:  64 90 25 13 83 7F 15 A3 C5 BC 11 7D CE 91 3B A7  d.%........}..;.
00002250:  F9 DB 20 EB 96 7D A2 8F C0 14 8F F5 D2 1B C9 CE  .. ..}..........
00002260:  33 2E D4 BF 33 1A A9 CA 27 DF CD A8 43 A5 73 F6  3...3...'...C.s.
00002270:  63 1F CD BC 16 1E 2C 78 66 2B 47 65 4C A3 6D 2E  c.....,xf+GeL.m.
00002280:  F2 07 83 07 51 1E 99 E5 48 52 63 EC 4D 8D CC C6  ....Q...HRc.M...
00002290:  97 B1 6D 37 BC 2A B2 20 0C 08 BF 98 A3 E7 F3 C1  ..m7.*. ........
000022A0:  9C E9 32 D2 68 DF 71 E1 BC AC AD 8D B9 53 A8 5A  ..2.h.q......S.Z
000022B0:  28 98 5C FA 9C A8 B6 1D A7 61 A1 0C 6B 35 A1 E3  (.\......a..k5..
000022C0:  41 BE 2C 92 83 53 3A EE 50 6D D9 33 FF D2 64 AB  A.,..S:.Pm.3..d.
000022D0:  48 6D A5 8B 63 3D B9 67 1A CA DB E8 99 6A 13 DF  Hm..c=.g.....j..
000022E0:  AE 40 A0 64 2A E0 B4 80 5F 81 90 A7 3C A8 CC A9  .@.d*..._...<...
000022F0:  9F 2A 61 79 8D 25 7E 71 BA 5E 0F 2F DB DA B3 9A  .*ay.%~q.^./....
00002300:  BA 9D FA 85 78 D6 BC 87 EB E6 8A 25 5C CB E6 C3  ....x......%\...
00002310:  FF 8C 6E 7E CF A8 02 CD E1 58 4F 68 9C 9C E6 4C  ..n~.....XOh...L
00002320:  36 60 2B CA 9F 3D 1A 0D 08 13 2F 41 27 6A 2F 82  6`+..=..../A'j/.
00002330:  33 78 D8 A4 33 35 2C 14 79 0D 31 2D 8E F6 6E B0  3x..35,.y.1-..n.
00002340:  E5 BC 5F 63 91 74 D8 F0 9A 7F DD 96 5C 71 AC 11  .._c.t......\q..
00002350:  12 8F 18 F7 53 E0 23 C6 DB 98 A5 A0 1F AB E8 E9  ....S.#.........
00002360:  E3 35 BF C5 C1 FB 1F C3 10 2F 8D A7 9A 37 C1 64  .5......./...7.d
00002370:  30 8B 66 06 46 C8 96 15 26 E5 80 05 CE 74 7D F2  0.f.F...&....t}.
00002380:  CD B2 5B 54 A7 A1 8A 34 04 E9 90 15 E3 64 05 48  ..[T...4.....d.H
00002390:  36 80 08 66 E3 40 F4 8F FB 7B E6 F6 62 C3 62 EA  6..f.@...{..b.b.
000023A0:  CA ED 1C AB A0 97 C4 68 16 1A 4B A4 C1 29 72 B6  .......h..K..)r.
000023B0:  0D D0 D6 E5 C4 FC F7 1A F8 A9 14 9F 8F 29 00 45  .............).E
000023C0:  D5 2C 6E 7B F9 D8 49 7C 52 A3 D9 FB 11 C8 FE 0C  .,n{..I|R.......
000023D0:  E8 00 5F 02 12 5F B2 60 98 B1 25 2D C1 7A 98 4A  .._.._.`..%-.z.J
000023E0:  24 EE 64 6C 6B 42 CD 9E 02 22 52 AB 80 68 1E F5  $.dlkB..."R..h..
000023F0:  C5 68 3E 6D F9 D9 49 7C D5 24 58 F5 64 08 A5 7D  .h>m..I|.$X.d..}
00002400:  41 8A B1 42 CC 56 5E 7A 78 5B B7 48 B6 C5 29 40  A..B.V^zx[.H..)@
00002410:  FC F9 D1 4B C3 62 E0 2B 6B A8 C7 B6 C2 03 50 0A  ...K.b.+k.....P.
00002420:  80 BB BF A6 1D D7 79 95 3F D7 D1 11 57 A1 44 70  ......y.?...W.Dp
00002430:  17 92 A7 C2 3F 56 CE ED 75 F6 47 AB BC BD 40 44  ....?V..u.G...@D
00002440:  2E DB BF E8 6D 45 7D AE 37 16 92 C6 3B 0F 76 97  ....mE}.7...;.v.
00002450:  12 29 C4 A2 37 05 FB 8D F9 80 68 D1 7F E8 3A 1B  .)..7.....h...:.
00002460:  05 0D C1 7C 8F E8 74 B4 59 65 C2 DD CE 30 59 FD  ...|..t.Ye...0Y.
00002470:  B1 41 07 0F 88 7A 5F FF BB 7B FE AE 3D 56 E4 4A  .A...z_..{..=V.J
00002480:  6A FB 80 CD E8 07 0E 32 59 E2 1A D3 45 EE 6A 6B  j......2Y...E.jk
00002490:  12 08 BA 79 C4 C9 D9 B4 25 75 EE 26 38 B7 44 41  ...y....%u.&8.DA
000024A0:  4E 0C 3D 8F A3 6B CA 90 C9 DF 5A DD B5 E8 08 98  N.=..k....Z.....
000024B0:  8C 0D 69 97 EF 4C C8 29 0C B4 8F 27 0B 92 E1 51  ..i..L.)...'...Q
000024C0:  8B 57 9C A1 28 B7 A5 3F FE 91 D2 FF 02 FF FE CA  .W..(..?........
000024D0:  63 C9 D7 60 E8 01 AD 7F C6 22 05 BE DF AD C7 D7  c..`....."......
000024E0:  48 A9 19 D3 14 15 86 4E 31 2A 50 71 88 94 B3 5F  H......N1*Pq..._
000024F0:  5F 21 CF 85 F2 ED B0 98 2B 8C 0B 36 7C 73 6F B3  _!......+..6|so.
00002500:  3B FC 74 2A 8C DB EB CB A0 0F FE CD 64 A1 EF BB  ;.t*........d...
00002510:  58 4C 0C 8A AA 4C 60 DD AA 21 D8 3F 05 48 CD BF  XL...L`..!.?.H..
00002520:  DA 0F E5 B1 B1 77 90 DC F7 E7 D7 99 68 2A AE 10  .....w......h*..
00002530:  39 E5 C2 21 92 18 FC 61 60 1F 7D FD 11 50 C0 B7  9..!...a`.}..P..
00002540:  CF D9 5E 3A CC B6 C2 D5 4D AC C7 E6 9C C5 6D 42  ..^:....M.....mB
00002550:  11 92 F6 93 92 DB 8D 0A 89 8C 2D 7D ED B5 96 9C  ..........-}....
00002560:  34 7C 5E 2E 16 34 96 15 26 E5 80 05 CE 74 7D F2  4|^..4..&....t}.
00002570:  CD B2 5B 54 A7 A1 8A 34 04 E9 90 15 E3 64 05 48  ..[T...4.....d.H
00002580:  36 80 08 66 E3 40 7E D5 16 47 54 17 A6 9F 77 37  6..f.@~..GT...w7
00002590:  34 DA 1D 7E 77 BD 4F 88 43 D4 16 99 EA 99 92 33  4..~w.O.C......3
000025A0:  FB FC A9 95 50 FF B7 F6 E3 34 36 7F 55 FC 4A D2  ....P....46.U.J.
000025B0:  06 79 1F 33 B1 5D 33 DB 12 84 C5 A4 06 F9 C3 D8  .y.3.]3.........
000025C0:  0F AA 67 1F 84 62 04 9D E4 9C 99 26 A5 9E FD 3E  ..g..b.....&...>
000025D0:  F8 C5 1D 3D E8 F3 79 EB AD AF 6A ED 56 A4 DC DE  ...=..y...j.V...
000025E0:  D4 99 8C C4 DB E4 A6 6F E0 51 0C 99 C6 AD 9C 38  .......o.Q.....8
000025F0:  F1 A8 69 3D 6B C5 BB B7 41 FC B1 39 94 8D 8D 5A  ..i=k...A..9...Z
00002600:  13 41 5A AF AF FD CC 9E 48 16 1B DB 3C 00 69 F7  .AZ.....H...<.i.
00002610:  76 27 E7 0E D4 60 5B B9 C8 A1 57 DE 25 6E 0B 70  v'...`[...W.%n.p
00002620:  AB A2 0B 3D 00 06 26 FD ED 8C 6C F5 B6 95 D8 D7  ...=..&...l.....
00002630:  15 87 3E 3F 2A D5 47 54 66 46 0C CC E2 0C 75 C4  ..>?*.GTfF....u.
00002640:  27 09 F8 9E 8C 39 97 C3 2A 3F FE 7A 1D AE 50 25  '....9..*?.z..P%
00002650:  7F 01 8E DC 44 7E 66 BF 9F 79 73 3F E9 2E 8E C5  ....D~f..ys?....
00002660:  4C 59 7B 52 CB 4F CA 90 C9 DF 5A DD B5 E8 08 98  LY{R.O....Z.....
00002670:  8C 0D 69 97 EF 4C 59 DD 4D E9 B7 A4 79 FB 74 F3  ..i..LY.M...y.t.
00002680:  6E 0B AE 33 38 B5 E0 6F 1D 77 0E 08 50 FC B9 09  n..38..o.w..P...
00002690:  39 FA CE D5 77 E5 46 F1 CE 0B 68 79 FB 94 06 67  9...w.F...hy...g
000026A0:  05 5F 99 41 87 3F 34 5B 24 0A 3C 4F 64 9D 81 2C  ._.A.?4[$.<Od..,
000026B0:  DD 71 D1 B5 3B 5E 3A CB CC AF E1 7C 87 D6 D4 B0  .q..;^:....|....
000026C0:  1D E6 99 03 45 6D A6 7D CD 64 B3 6C B2 04 2D CE  ....Em.}.d.l..-.
000026D0:  C2 78 3E 91 14 B6 E1 57 27 FB B7 10 BA 09 56 4E  .x>....W'.....VN
000026E0:  62 2A E4 D4 BB 0D C0 FB 36 AF C9 11 1F 62 AB 5A  b*......6....b.Z
000026F0:  9D 40 CF 1D 4E 53 75 68 D1 95 4D E5 8E 57 66 8A  .@..NSuh..M..Wf.
00002700:  60 D8 65 82 BA 11 F5 FD 0E CD 51 4E B6 91 CE D4  `.e.......QN....
00002710:  29 22 A3 2C F9 5B 90 DC F7 E7 D7 99 68 2A AE 10  )".,.[......h*..
00002720:  39 E5 C2 21 92 18 FC 61 60 1F 7D FD 11 50 C0 B7  9..!...a`.}..P..
00002730:  CF D9 5E 3A CC B6 FC FE 91 B0 3D E0 51 44 6D 05  ..^:......=.QDm.
00002740:  CD CA 47 33 44 81 F1 C0 2A B3 EE DA 70 FE A5 92  ..G3D...*...p...
00002750:  70 9E AB D1 15 08 2D 65 0B F7 AE AF 7E F9 32 0E  p.....-e....~.2.
00002760:  AD 05 6B 8B 9C 47 C3 51 43 FD 3E E6 75 44 DA 10  ..k..G.QC.>.uD..
00002770:  6E D5 5A 61 B9 EC 86 D7 EE 8B EB 2E 62 15 42 29  n.Za........b.B)
00002780:  BF 5A C0 5C 08 ED 51 AB AA F0 B8 76 2A 61 08 EA  .Z.\..Q....v*a..
00002790:  AA 1A AB BF E9 8D 3D F7 0D 08 18 72 70 C5 76 50  ......=....rp.vP
000027A0:  35 CF 20 34 FA 80 2D 7B A4 1E FB 47 79 31 16 61  5. 4..-{...Gy1.a
000027B0:  3D A8 6A 17 98 EA 11 0F DF F1 DC 4F 0E B0 BF BD  =.j........O....
000027C0:  3B 2A 0B 99 14 60 64 12 70 0E 71 5C 35 95 FE 4E  ;*...`d.p.q\5..N
000027D0:  B8 A4 58 3C C2 DD 91 6B C0 C5 FB 5D 66 6B DA 45  ..X<...k...]fk.E
000027E0:  9E 22 E3 4F E6 FF 9B AE A1 92 10 51 78 A7 FD 78  .".O.......Qx..x
000027F0:  47 3E FA 27 B7 97 FA B4 84 4B 47 F1 E1 02 B2 62  G>.'.....KG....b
00002800:  67 E3 DB 1F 8A 0E 09 BF E1 DE 52 3D 06 25 F6 98  g.........R=.%..
00002810:  2B F0 94 EB DC 83 34 0C 7D F5 09 59 17 43 09 05  +.....4.}..Y.C..
00002820:  1C A7 E0 FF 27 1C 93 D8 44 13 77 FB 21 73 A9 9B  ....'...D.w.!s..
00002830:  07 85 7B DA AE 39 7F 27 CD 78 09 C7 D0 D2 59 0C  ..{..9.'.x....Y.
00002840:  D7 B0 6C 57 E9 2A 9A 79 A1 F5 01 C6 F6 5E 52 A3  ..lW.*.y.....^R.
00002850:  68 2B F3 7F FA 91 AB 20 45 9A FE B1 97 C5 97 0B  h+..... E.......
00002860:  13 08 6D 6E E0 1F A9 EC B4 B1 D8 C8 11 E7 48 1D  ..mn..........H.
00002870:  99 42 B8 FB 1A C0 E4 E3 B5 83 1E 8C 16 DE FC 03  .B..............
00002880:  C6 7C 04 A6 63 35 FA 79 0B 45 7A 01 EF 8F 75 2E  .|..c5.y.Ez...u.
00002890:  43 AC 98 AC 2F C2 C8 68 42 3A EB D4 B7 4F 24 1E  C.../..hB:...O$.
000028A0:  E8 8A 7A B3 FC 04 2B 47 3C 08 D9 AF C7 17 D2 83  ..z...+G<.......
000028B0:  CC 73 22 AF 18 8D 55 CC EA 97 4E 8B 61 18 5B 45  .s"...U...N.a.[E
000028C0:  AE 6E D1 CF 3E 3F CF 6B 80 89 62 F2 F9 CB 21 D9  .n..>?.k..b...!.
000028D0:  BE F6 BE 30 DC E2 9B 94 12 3A 62 5F 9F CB 04 AF  ...0.....:b_....
000028E0:  AC F2 96 AB 39 D7 CA 94 0D 64 34 5B EC CD 0A BA  ....9....d4[....
000028F0:  45 A2 E3 AF 36 81 AF 53 51 9B 84 5A F7 F4 3E F9  E...6..SQ..Z..>.
00002900:  BD FE AC C6 B8 44 7D 7C BD 6C 78 CD BE E0 26 41  .....D}|.lx...&A
00002910:  7D 99 8B A9 D4 81 9D F3 E7 26 5D A7 BF 65 15 89  }........&]..e..
00002920:  D7 C7 C8 F7 A2 53 05 BB 70 EF BC 25 87 A4 8E 48  .....S..p..%...H
00002930:  D7 B4 06 52 41 2A 90 0F 38 FB 1F 9F AD E0 23 7D  ...RA*..8.....#}
00002940:  9E 3B 47 E0 9D 4A 8D 94 21 7D F5 0D B9 71 1D A7  .;G..J..!}...q..
00002950:  04 06 42 1D 25 72 F5 6D F9 9F 59 5F 9F F7 14 69  ..B.%r.m..Y_...i
00002960:  41 4E D6 0E 33 56 8B AC B6 68 DA 08 3C FA D7 34  AN..3V...h..<..4
00002970:  74 65 C1 97 22 6B 2A 68 AC B2 21 D1 39 E2 F2 DD  te.."k*h..!.9...
00002980:  FD E4 A4 38 E4 AB 7A AF E0 FB 2C 84 82 26 8E 1A  ...8..z...,..&..
00002990:  56 ED 93 0E D3 2D 78 94 4E 8C D7 31 22 34 C2 D5  V....-x.N..1"4..
000029A0:  FA 56 4D 6F 5A C4 F7 B4 DC 9B 03 81 D6 A6 19 F1  .VMoZ...........
000029B0:  C0 8E 8E 35 8A 63 78 35 81 44 D5 97 D1 96 9A DE  ...5.cx5.D......
000029C0:  E1 16 6C B1 3F 24 72 C2 4E F9 19 76 5B AE 66 4E  ..l.?$r.N..v[.fN
000029D0:  0A DD D6 98 25 98 DB 5C 83 11 2D 24 1C 2C 65 E2  ....%..\..-$.,e.
000029E0:  DD 8D 7D 35 0C 30 91 49 8C C3 73 13 18 D6 16 75  ..}5.0.I..s....u
000029F0:  22 00 8E 8F 36 74 21 8A 15 11 8A D3 BD 9B 75 88  "...6t!.......u.
00002A00:  8D 15 77 47 4C AA 23 72 DD C5 BD 27 B5 B7 3A 9E  ..wGL.#r...'..:.
00002A10:  0C D0 D8 3B BF A6 38 CA 42 93 55 1F 40 02 F3 BF  ...;..8.B.U.@...
00002A20:  EE E0 F7 1B F4 24 6C 4B D4 E4 08 81 43 2D 83 D2  .....$lK....C-..
00002A30:  FF DC E7 48 52 AF 1E F5 EB 12 D7 BE 34 DA 13 0D  ...HR.......4...
00002A40:  56 C0 07 3C B2 3B E1 DF 11 69 30 89 90 71 BC 69  V..<.;...i0..q.i
00002A50:  26 72 89 29 48 FC FD A5 C3 58 21 DC 9B 80 66 EB  &r.)H....X!...f.
00002A60:  37 C4 2D 3B 20 31 65 6D 70 A4 AE 83 F3 00 E0 BD  7.-; 1emp.......
00002A70:  CA D5 AA 14 67 82 DD 2E 9A 86 37 32 D0 A7 23 A6  ....g.....72..#.
00002A80:  DD 1C 24 8A FA E9 D0 DB 02 F2 8F 05 D2 3C C9 61  ..$..........<.a
00002A90:  FE 0D 94 99 C3 1A 3E B1 4E 8F 21 AB 05 1B 83 A6  ......>.N.!.....
00002AA0:  65 CD E0 D0 6A 37 8F CD 98 DE 87 DF 1E 01 2A F5  e...j7........*.
00002AB0:  6D 8B D6 2E 2E 6F CF 6B 80 89 62 F2 F9 CB 21 D9  m....o.k..b...!.
00002AC0:  BE F6 BE 30 DC E2 9B 94 12 3A 62 5F 9F CB 04 AF  ...0.....:b_....
00002AD0:  AC F2 96 AB 39 D7 6C 10 D6 58 07 CF 3E 55 9F 40  ....9.l..X..>U.@
00002AE0:  0C 59 A1 AE 81 B4 5F FF BB 7B FE AE 3D 56 E4 4A  .Y...._..{..=V.J
00002AF0:  6A FB 80 CD E8 07 7D 7C BD 6C 78 CD BE E0 26 41  j.....}|.lx...&A
00002B00:  7D 99 8B A9 D4 81 9D F3 E7 26 5D A7 BF 65 15 89  }........&]..e..
00002B10:  D7 C7 C8 F7 A2 53 05 BB 70 EF BC 25 87 A4 8E 48  .....S..p..%...H
00002B20:  D7 B4 06 52 41 2A 77 B5 1C C5 55 7C A7 8B 33 DE  ...RA*w...U|..3.
00002B30:  0E 33 52 4D B1 5F 23 23 BA 08 75 1F 36 F1 87 4A  .3RM._##..u.6..J
00002B40:  C5 03 75 04 73 77 9F 28 97 AE 21 D6 77 E6 29 B4  ..u.sw.(..!.w.).
00002B50:  42 04 11 1D 5B FE 40 B1 21 2B 44 51 03 75 0A 59  B...[.@.!+DQ.u.Y
00002B60:  7C 9C F8 8E A5 CE 7B 83 C0 B2 45 E1 0E C9 B6 6F  |.....{...E....o
00002B70:  E9 CB C3 4B 97 CE 3E F9 F3 4E 73 13 51 54 F0 25  ...K..>..Ns.QT.%
00002B80:  7F 1B 9A 96 5F 42 D3 83 AF 41 9D C5 EF 03 CA 35  ...._B...A.....5
00002B90:  5F 01 B9 7C 02 FB F8 29 7B A9 32 EF 36 40 D7 8E  _..|...){.2.6@..
00002BA0:  F3 59 DC CD 28 A1 78 35 81 44 D5 97 D1 96 9A DE  .Y..(.x5.D......
00002BB0:  E1 16 6C B1 3F 24 72 C2 4E F9 19 76 5B AE 66 4E  ..l.?$r.N..v[.fN
00002BC0:  0A DD D6 98 25 98 06 77 92 1A 55 F6 41 DB 66 0C  ....%..w..U.A.f.
00002BD0:  C2 ED EC 86 92 DF 45 C3 8D 96 91 AC E8 DC 77 32  ......E.......w2
00002BE0:  02 05 56 90 D3 66 21 8A 15 11 8A D3 BD 9B 75 88  ..V..f!.......u.
00002BF0:  8D 15 77 47 4C AA 82 33 E9 96 39 E7 5E 9F C2 22  ..wGL..3..9.^.."
00002C00:  B2 90 26 0C E9 8A 9D C0 C1 83 8F B4 7C D5 0C 11  ..&.........|...
00002C10:  5D CE 64 E4 0E B5 6C 4B D4 E4 08 81 43 2D 83 D2  ].d...lK....C-..
00002C20:  FF DC E7 48 52 AF EB AE 42 C0 A8 F0 BD 01 D7 DD  ...HR...B.......
00002C30:  8F 79 69 62 04 05 0A E9 F0 83 AD 31 F9 DB DB F4  .yib.......1....
00002C40:  A3 BD 33 F9 8F 8D FD A5 C3 58 21 DC 9B 80 66 EB  ..3......X!...f.
00002C50:  37 C4 2D 3B 20 31 65 6D 70 A4 AE 83 F3 00 E0 BD  7.-; 1emp.......
00002C60:  CA D5 AA 14 67 82 DD 2E 9A 86 37 32 D0 A7 23 A6  ....g.....72..#.
00002C70:  DD 1C 24 8A FA E9 99 A5 1D E2 DB 32 7B 54 D8 FF  ..$........2{T..
00002C80:  08 F0 74 21 C7 BD 02 FF 34 3A BB 2C 59 4D 88 33  ..t!....4:.,YM.3
00002C90:  A5 72 B0 14 64 2B EC 75 7C 99 EA 18 C7 4F 15 6A  .r..d+.u|....O.j
00002CA0:  D8 C6 97 1C 5C 30 1C 0A 72 15 1A 01 32 E0 EF 43  ....\0..r...2..C
00002CB0:  0B FB EF 0A 70 6C 7F 79 21 90 F4 9B 62 45 89 00  ....pl.y!...bE..
00002CC0:  7F 7C 20 54 D1 69 80 DB 8A 61 E5 56 9E 1C B5 B3  .| T.i...a.V....
00002CD0:  2B C7 C3 D2 B4 ED AD 60 20 BA C0 7C B0 17 7E 3A  +......` ..|..~:
00002CE0:  ED 69 A7 85 F5 F9 54 DA 0C 41 50 65 8E 28 3D 8A  .i....T..APe.(=.
00002CF0:  87 26 04 D2 82 32 75 C2 1F DF AB 41 06 68 71 4D  .&...2u....A.hqM
00002D00:  90 4A 12 73 A3 FB F3 04 6F 40 24 2F 11 67 54 22  .J.s....o@$/.gT"
00002D10:  F0 AF 5B 8E 6B 9A B3 DA 1A 2F 4D 1A EB CA 6E A6  ..[.k..../M...n.
00002D20:  1E 22 84 54 F3 72 D8 04 DF 6E 64 8E 57 52 3A 9E  .".T.r...nd.WR:.
00002D30:  07 9C 40 9C BA B5 6F B1 D5 A4 5C 80 37 CD D6 42  ..@...o...\.7..B
00002D40:  C9 B0 94 14 0A 6D 7B 9F 29 44 65 DF E7 7B 7E 51  .....m{.)De..{~Q
00002D50:  FA 82 B7 83 EB 43 2B 6C 94 48 43 43 C1 4D 51 E8  .....C+l.HCC.MQ.
00002D60:  D0 F9 65 01 B6 05 08 60 6A BD 9D 75 E0 13 CA C1  ..e....`j..u....
00002D70:  C1 09 AA 19 2C 7C 8C 04 8E 4C 51 4E F0 5B 98 90  ....,|...LQN.[..
00002D80:  94 86 D4 AA E4 EE 0B 3D 32 8E 28 81 73 C3 C6 38  .......=2.(.s..8
00002D90:  71 EE B6 11 A9 BC B6 D1 30 41 6B B5 FB A5 D7 2C  q.......0Ak....,
00002DA0:  E0 39 97 56 7D 53 36 4A 44 EA 76 3E 37 76 DD 37  .9.V}S6JD.v>7v.7
00002DB0:  70 E6 23 88 A4 C9 DA 5D 8C 4A 8C 97 FC 23 48 DB  p.#....].J...#H.
00002DC0:  3E C1 58 81 1A 82 3D 94 81 80 94 5F 5E EC A5 3F  >.X...=...._^..?
00002DD0:  A4 B3 54 E9 5E 27 03 AA F0 CA 0D 13 69 3D 77 1C  ..T.^'......i=w.
00002DE0:  A1 59 92 4F 8E 44 67 52 0F 45 A5 D0 0D EA 1D 1B  .Y.O.DgR.E......
00002DF0:  38 8A CF EA A2 4F DA EF 90 6E 39 CC 9D C3 70 45  8....O...n9...pE
00002E00:  C4 38 CB 57 CF 35 E8 BD F0 BB A7 B2 EF 3E DE C8  .8.W.5.......>..
00002E10:  3E BB 1F 38 5D 59 D9 10 A3 10 96 CE CC 7D E5 CF  >..8]Y.......}..
00002E20:  12 87 6E 64 AC 8C 10 0B 51 36 54 E6 D0 54 CA CF  ..nd....Q6T..T..
00002E30:  0C B9 29 D6 D6 11 6B 73 F8 BB DD 4F EA 0B 9B 8E  ..)...ks...O....
00002E40:  A9 12 73 7D A2 60 B6 D1 30 41 6B B5 FB A5 D7 2C  ..s}.`..0Ak....,
00002E50:  E0 39 97 56 7D 53 36 4A 44 EA 76 3E 37 76 DD 37  .9.V}S6JD.v>7v.7
00002E60:  70 E6 23 88 A4 C9 23 6E ED E9 60 65 3B 44 B0 B2  p.#...#n..`e;D..
00002E70:  8B AC 30 07 B9 27 C6 F7 C1 98 B2 AA F6 82 93 5F  ..0..'........._
00002E80:  2A FB 2E D7 45 B3 34 8C F5 BB 00 8C CF 89 45 7A  *...E.4.......Ez
00002E90:  23 E7 8F C9 80 A5 15 8F F3 C6 54 1F D9 60 C1 BF  #.........T..`..
00002EA0:  1F 45 61 31 DD E8 69 7E 92 3B 0B 93 34 56 B8 3C  .Ea1..i~.;..4V.<
00002EB0:  EB 8D 4B A6 43 93 E8 BD F0 BB A7 B2 EF 3E DE C8  ..K.C........>..
00002EC0:  3E BB 1F 38 5D 59 D9 10 A3 10 96 CE CC 7D E5 CF  >..8]Y.......}..
00002ED0:  12 87 6E 64 AC 8C 10 0B 51 36 54 E6 D0 54 CA CF  ..nd....Q6T..T..
00002EE0:  0C B9 29 D6 D6 11 27 8E CB 74 5E 15 33 1E C1 C7  ..)...'..t^.3...
00002EF0:  42 9D 6C E6 85 4D 78 9A 3F F9 FA 63 4F 37 DF 8D  B.l..Mx.?..cO7..
00002F00:  A4 AA B7 B6 3B 3D 3D 63 E3 71 E7 AF 16 D1 98 40  ....;==c.q.....@
00002F10:  44 A7 54 76 06 AB AB C5 99 FA FF 83 38 A0 A4 66  D.Tv........8..f
00002F20:  31 AB 00 95 F3 1B 31 AB C3 71 71 17 1F 4C BB 90  1.....1..qq..L..
00002F30:  B8 7C D9 68 10 7F 15 F1 BE D9 C9 25 DC 49 E3 64  .|.h.......%.I.d
00002F40:  29 2A DC 8C D9 42 13 BD 59 B7 3E FE F8 E5 BF 40  )*...B..Y.>....@
00002F50:  04 7C 7D EE DE C6 35 4A 63 1A 2A B7 52 70 28 D3  .|}...5Jc.*.Rp(.
00002F60:  FB 61 09 52 EB F2 35 42 24 71 47 56 61 23 53 67  .a.R..5B$qGVa#Sg
00002F70:  C3 0B 07 A6 5F F6 24 98 BD F3 F7 86 7F 0F 4D 32  ...._.$.......M2
00002F80:  05 7F 4D 82 A4 2E 19 63 61 56 75 E3 3E 7B 78 BF  ..M....caVu.>{x.
00002F90:  44 D5 AB AD 6E 93 4F F8 21 35 99 53 37 B3 F2 50  D...n.O.!5.S7..P
00002FA0:  81 D1 7B 9F 20 67 49 40 A5 A9 9D 23 2B D5 FE 7A  ..{. gI@...#+..z
00002FB0:  78 C6 1F 93 D5 52 EB 0E 4E F1 BA 1B 41 93 28 7A  x....R..N...A.(z
00002FC0:  42 8F D7 DC 0F 09 15 E7 9A 7A 62 10 B5 17 27 6E  B........zb...'n
00002FD0:  60 8D 03 B2 25 CC C3 2E 08 DF DB CF E2 64 F4 CC  `...%........d..
00002FE0:  87 12 FD 70 FE 59 DE ED E2 63 64 61 06 39 AC D9  ...p.Y...cda.9..
00002FF0:  C5 81 CC 40 FC 95 A1 89 57 D9 95 B2 1F DD EA 13  ...@....W.......
00003000:  DC C7 74 F1 F6 AA E1 2C 4D BF 59 F3 77 91 6F 84  ..t....,M.Y.w.o.
00003010:  75 C4 26 B8 67 6B 65 5E A9 D3 75 04 26 A3 D2 28  u.&.gke^..u.&..(
00003020:  2E 37 10 2C C3 18 7C EC EE 08 73 89 64 09 87 56  .7.,..|...s.d..V
00003030:  73 B0 0A 89 89 8B C5 47 F5 FA D5 C6 E6 D1 14 4E  s......G.......N
00003040:  0B 71 3C 76 FC 53 86 69 3F 1B 4F D2 EF AC 44 6B  .q<v.S.i?.O...Dk
00003050:  8D 44 37 39 4D 94 8D F3 E9 61 EB 54 DE 9A D4 90  .D79M....a.T....
00003060:  6B D3 AC 6B 33 25 B6 4C A4 6A 2D 38 12 E2 C7 84  k..k3%.L.j-8....
00003070:  05 C9 EF 68 54 FD 8B 8C 96 72 F6 C1 96 A6 1B 26  ...hT....r.....&
00003080:  2F 53 A1 18 7F B0 4C 83 E8 AD CD 79 D9 C0 C4 82  /S....L....y....
00003090:  9F 2D 2A BB 28 A2 45 E0 E0 8A 4A C4 2D AC CF 6F  .-*.(.E...J.-..o
000030A0:  91 4A 04 3E 55 B1 CE FE 88 BF A8 FE 0E 0B 30 5B  .J.>U.........0[
000030B0:  5A 17 7E D5 20 0C 7A 41 09 B5 CF 2B EE 6F E8 49  Z.~. .zA...+.o.I
000030C0:  C7 95 3C A4 19 9D 4E F8 D2 65 71 8F 66 9F D9 B9  ..<...N..eq.f...
000030D0:  8B E4 BB 51 0C AB 6B 30 D9 7A 52 4C FF C2 A3 1D  ...Q..k0.zRL....
000030E0:  4E 40 F1 FB 95 4F 8B 7C F1 A5 9B 88 59 9B 15 6D  N@...O.|....Y..m
000030F0:  4E 20 C0 BC 15 E1 A4 DA 29 80 EF 5D B1 60 69 CA  N ......)..].`i.
00003100:  09 1D 5A 83 2F D7 2C 77 F2 F0 F8 D5 71 A0 4A 1B  ..Z./.,w....q.J.
00003110:  60 B2 DF 80 5D 47 5E 5B E3 4C 38 F2 A7 0F E1 48  `...]G^[.L8....H
00003120:  76 2C 8E 7C 1C 68 5F 6A 7A E2 29 A8 AC 1A 47 04  v,.|.h_jz.)...G.
00003130:  61 84 E7 66 0C D9 E9 DE 6C 74 1C 06 88 9B D7 B8  a..f....lt......
00003140:  B7 C8 D4 86 EB 25 A6 B3 EC BA 80 5D 19 31 1B 55  .....%.....].1.U
00003150:  33 21 64 83 E7 77 79 D6 7D 7D 98 B5 61 87 AD 84  3!d..wy.}}..a...
00003160:  A0 A5 3D 24 FC 48 CC 44 21 80 E7 6A E3 43 AD D6  ..=$.H.D!..j.C..
00003170:  55 E5 20 E1 92 F1 CD B1 18 69 11 74 7D AB CB 1D  U. ......i.t}...
00003180:  DB E2 3D 6D 1F 24 37 CF BE AA 3B AF 9B 98 73 35  ..=m.$7...;...s5
00003190:  23 61 B7 FD A7 5B 64 D2 26 77 11 95 E7 1A 1A 93  #a...[d.&w......
000031A0:  BE EE 53 58 D1 20 B8 9F 6E 56 EE ED AC 39 50 EE  ..SX. ..nV...9P.
000031B0:  25 91 EC 7E 6D CE 9E CE 66 CD DA FB E0 2A 32 C4  %..~m...f....*2.
000031C0:  5C 5F 6B E3 52 6E 5F 04 F5 5E 72 B0 A6 EF 83 EE  \_k.Rn_..^r.....
000031D0:  53 18 14 8D 27 D5 AD 95 64 9B E2 FC 38 81 51 9D  S...'...d...8.Q.
000031E0:  73 E5 3C 81 10 DE C1 8D 51 54 66 EE 79 0E 25 7A  s.<.....QTf.y.%z
000031F0:  6D F1 DF E1 CC AC 9A 12 0C 4B 75 EA 38 D4 B8 23  m........Ku.8..#
00003200:  68 98 6D C0 FC 2C 7A F4 B7 48 D0 97 11 BC 8B C8  h.m..,z..H......
00003210:  23 37 EA FB BA 20 27 66 0F F8 16 E8 4A 98 47 76  #7... 'f....J.Gv
00003220:  0C 11 94 27 65 A2 24 87 83 D8 04 94 26 8C 2A B8  ...'e.$.....&.*.
00003230:  3F 09 39 4F 58 95 17 AE 76 3C E8 CA 6C 6B BD 4C  ?.9OX...v<..lk.L
00003240:  69 4C CF 47 70 73 5E BC D7 FE 7A C2 77 FE 25 07  iL.Gps^...z.w.%.
00003250:  E9 55 43 D1 A5 E1 0A 95 82 3A 14 29 2C 49 8A 73  .UC......:.),I.s
00003260:  B1 AB CB 05 D0 60 F0 EC 9C B2 D4 48 C0 A9 6E 38  .....`.....H..n8
00003270:  05 49 FA FC 40 8A C0 8A 61 1F FD A0 8F B9 73 2B  .I..@...a.....s+
00003280:  BA 5B C7 36 AB 86 47 F3 41 9A 6F 44 E7 FE 01 1C  .[.6..G.A.oD....
00003290:  3F CC 73 06 30 B1 B0 1B 88 BB FD AE E8 4C 42 73  ?.s.0........LBs
000032A0:  84 D9 80 19 A5 4A 1D 8C 9C 54 42 68 24 5D 57 05  .....J...TBh$]W.
000032B0:  40 DD 3E 34 DD 00 3F 4F 46 0A D7 39 CF 87 35 54  @.>4..?OF..9..5T
000032C0:  2E C7 CF FD D2 34 C8 DB 4D C4 27 B9 69 0A 85 26  .....4..M.'.i..&
000032D0:  8C 7B FC CD 54 67 29 94 CD F5 17 E9 F5 D9 1E 50  .{..Tg)........P
000032E0:  AC DA D0 2B D1 E4 7E 71 BA 5E 0F 2F DB DA B3 9A  ...+..~q.^./....
000032F0:  BA 9D FA 85 78 D6 F3 35 1C 45 C6 00 7B D3 62 2F  ....x..5.E..{.b/
00003300:  3B 2C 0A 84 90 52 24 98 BD F3 F7 86 7F 0F 4D 32  ;,...R$.......M2
00003310:  05 7F 4D 82 A4 2E C9 7E 39 A0 30 06 90 C2 13 9A  ..M....~9.0.....
00003320:  3E 39 1C F7 B0 0E 37 14 D1 FF AC 87 3F 03 5E B7  >9....7.....?.^.
00003330:  27 AE 35 8F FC 74 FB 04 35 5E 4C 61 E9 34 28 8C  '.5..t..5^La.4(.
00003340:  22 9B 7A 52 76 B1 9D 92 0D A5 2B D2 88 B0 21 E1  ".zRv.....+...!.
00003350:  66 14 D9 88 AC 8A EB 0E 4E F1 BA 1B 41 93 28 7A  f.......N...A.(z
00003360:  42 8F D7 DC 0F 09 1A D4 BC D7 BD FF A7 BF 09 96  B...............
00003370:  4D A5 81 E5 D3 7E 09 11 3D 53 AF 0B DE 37 76 7B  M....~..=S...7v{
00003380:  CA 57 33 FA D6 D2 1D 66 9B 47 DF 0E 1E 31 3B 2D  .W3....f.G...1;-
00003390:  BF CB E1 0C 55 9C 5C C3 85 A7 31 D7 23 5B 4E CE  ....U.\...1.#[N.
000033A0:  0B 22 30 15 F9 58 F8 C8 E6 87 8D A1 EF 9C 72 58  ."0..X........rX
000033B0:  03 01 A7 E9 8B DE 8B 7C F1 A5 9B 88 59 9B 15 6D  .......|....Y..m
000033C0:  4E 20 C0 BC 15 E1 E3 9B 62 F4 65 76 58 10 BB F4  N ......b.evX...
000033D0:  9A 1F BF BB 02 62 02 CD E1 58 4F 68 9C 9C E6 4C  .....b...XOh...L
000033E0:  36 60 2B CA 9F 3D 6A 2A 64 D9 5B 75 A5 54 CF D9  6`+..=j*d.[u.T..
000033F0:  FE 32 2C 4D 97 4C 26 91 BF E5 B3 80 58 BC 9B 74  .2,M.L&.....X..t
00003400:  CE B0 8A A1 49 62 7A CF 47 BA E9 36 73 C3 C0 3E  ....Ibz.G..6s..>
00003410:  4A B6 6E E7 A7 4D E3 E5 01 F1 2C 02 89 75 27 F0  J.n..M....,..u'.
00003420:  7B D7 04 7C 74 5A 1B 80 29 AB 74 C3 6C 2C 46 D7  {..|tZ..).t.l,F.
00003430:  28 96 66 1D 71 36 63 93 51 10 4A 30 72 3F A3 E1  (.f.q6c.Q.J0r?..
00003440:  51 C4 57 19 83 73 CC 44 21 80 E7 6A E3 43 AD D6  Q.W..s.D!..j.C..
00003450:  55 E5 20 E1 92 F1 BB 6E B7 0A 0B BB 52 A2 B7 D3  U. ....n....R...
00003460:  01 CD D4 B5 5D 32 22 01 32 FC A1 9B 74 59 7F 45  ....]2".2...tY.E
00003470:  97 D1 D1 CE FF 18 FD 55 CC A6 BF 8B 58 F6 69 74  .......U....X.it
00003480:  88 C8 D4 1B 75 EC 5C 72 1E 42 9F B6 06 9E 91 73  ....u.\r.B.....s
00003490:  A0 08 82 2E 2B C0 93 A6 F9 4A 35 14 B2 12 AF AC  ....+....J5.....
000034A0:  0B 35 47 60 13 EC 2C 77 F2 F0 F8 D5 71 A0 4A 1B  .5G`..,w....q.J.
000034B0:  60 B2 DF 80 5D 47 77 DC 89 E3 0B 3D 39 19 EE 8B  `...]Gw....=9...
000034C0:  03 E1 F8 39 3E 59 C3 6C 04 6E 46 C3 04 36 4E CE  ...9>Y.l.nF..6N.
000034D0:  4E 4E 1C 57 A5 31 4D 1C 01 E0 55 0E C3 53 AC E9  NN.W.1M...U..S..
000034E0:  F1 02 F9 B8 CC 5C EB FD C0 3B 7B 97 6D D2 25 6D  .....\...;{.m.%m
000034F0:  D8 82 0B 5D 47 61 A6 B3 EC BA 80 5D 19 31 1B 55  ...]Ga.....].1.U
00003500:  33 21 64 83 E7 77 9F 7F 48 F5 22 DA 41 0B C2 A1  3!d..w..H.".A...
00003510:  61 C9 1A 94 68 51 17 AE 76 3C E8 CA 6C 6B BD 4C  a...hQ..v<..lk.L
00003520:  69 4C CF 47 70 73 A5 B7 FE A3 42 F1 DE 99 21 BF  iL.Gps....B...!.
00003530:  77 F1 8A E2 B2 94 09 58 26 7F 4C 07 E6 6B 25 D7  w......X&.L..k%.
00003540:  4E 58 22 CA A1 94 79 DA 86 47 AE EE C3 12 3F 02  NX"...y..G....?.
00003550:  AC 31 F6 F2 1C 5F F8 4B F7 D2 10 D3 4A A5 FB 71  .1..._.K....J..q
00003560:  1D A4 83 90 27 CE 76 F8 06 2D E5 9A 81 D8 D2 2A  ....'.v..-.....*
00003570:  EB 4B 08 F8 36 BD 90 91 B9 F6 2B 66 B5 73 58 B4  .K..6.....+f.sX.
00003580:  9C C5 D0 BD 2C D2 EA B0 81 2D DA 27 23 C4 91 6F  ....,....-.'#..o
00003590:  B6 DA 2F ED FE 44 E9 F6 AB 53 30 74 E6 4E A0 F9  ../..D...S0t.N..
000035A0:  29 63 B5 E1 87 1A DD 85 D2 42 51 CE 9B 6C DB 25  )c.......BQ..l.%
000035B0:  4F 72 1A F3 C6 BA 98 CB 40 A2 48 9B 8C A7 45 00  Or......@.H...E.
000035C0:  7C F3 58 64 10 7A 27 66 0F F8 16 E8 4A 98 47 76  |.Xd.z'f....J.Gv
000035D0:  0C 11 94 27 65 A2 40 DA BD 3D A0 60 50 D6 E8 31  ...'e.@..=.`P..1
000035E0:  AF BA EB 5F 07 79 24 98 BD F3 F7 86 7F 0F 4D 32  ..._.y$.......M2
000035F0:  05 7F 4D 82 A4 2E 09 08 A8 82 29 A6 39 94 7A 63  ..M.......).9.zc
00003600:  8F B3 C1 47 E6 6A 89 39 9E EE B4 72 79 AC C5 15  ...G.j.9...ry...
00003610:  AF 46 79 87 E1 52 82 3B 6E 97 23 4C DC CA 70 E3  .Fy..R.;n.#L..p.
00003620:  2B 6E 90 9F 7B B5 F0 57 FC 87 8F A8 71 74 B1 17  +n..{..W....qt..
00003630:  1E 85 22 8E 03 F0 B2 20 0C 08 BF 98 A3 E7 F3 C1  ..".... ........
00003640:  9C E9 32 D2 68 DF 71 E1 BC AC AD 8D B9 53 A8 5A  ..2.h.q......S.Z
00003650:  28 98 5C FA 9C A8 B6 1D A7 61 A1 0C 6B 35 A1 E3  (.\......a..k5..
00003660:  41 BE 2C 92 83 53 3A EE 50 6D D9 33 FF D2 64 AB  A.,..S:.Pm.3..d.
00003670:  48 6D A5 8B 63 3D 23 61 29 5D D4 94 90 3C DE 80  Hm..c=#a)]...<..
00003680:  68 3B C3 A8 B3 14 78 47 3D 05 C1 68 76 37 1D C8  h;....xG=..hv7..
00003690:  D9 73 73 F2 DC F3 7E 71 BA 5E 0F 2F DB DA B3 9A  .ss...~q.^./....
000036A0:  BA 9D FA 85 78 D6 BC 87 EB E6 8A 25 5C CB E6 C3  ....x......%\...
000036B0:  FF 8C 6E 7E CF A8 02 CD E1 58 4F 68 9C 9C E6 4C  ..n~.....XOh...L
000036C0:  36 60 2B CA 9F 3D 1A 0D 08 13 2F 41 27 6A 2F 82  6`+..=..../A'j/.
000036D0:  33 78 D8 A4 33 35 2C 14 79 0D 31 2D 8E F6 6E B0  3x..35,.y.1-..n.
000036E0:  E5 BC 5F 63 91 74 55 AC CF F1 F3 66 5E AF 7F AD  .._c.tU....f^...
000036F0:  36 D5 1B 7A 03 E3 47 32 4A 4C 89 E7 15 A7 48 16  6..z..G2JL....H.
00003700:  5D 84 37 94 DA FC 4C 83 E8 AD CD 79 D9 C0 C4 82  ].7...L....y....
00003710:  9F 2D 2A BB 28 A2 45 E0 E0 8A 4A C4 2D AC CF 6F  .-*.(.E...J.-..o
00003720:  91 4A 04 3E 55 B1 CE FE 88 BF A8 FE 0E 0B 30 5B  .J.>U.........0[
00003730:  5A 17 7E D5 20 0C 7A 41 09 B5 CF 2B EE 6F E8 49  Z.~. .zA...+.o.I
00003740:  C7 95 3C A4 19 9D 4E F8 D2 65 71 8F 66 9F D9 B9  ..<...N..eq.f...
00003750:  8B E4 BB 51 0C AB 2C CD E3 B7 66 83 29 CC 8B C6  ...Q..,...f.)...
00003760:  1A 30 DF BC 8F 37 8B 7C F1 A5 9B 88 59 9B 15 6D  .0...7.|....Y..m
00003770:  4E 20 C0 BC 15 E1 A4 DA 29 80 EF 5D B1 60 69 CA  N ......)..].`i.
00003780:  09 1D 5A 83 2F D7 2C 77 F2 F0 F8 D5 71 A0 4A 1B  ..Z./.,w....q.J.
00003790:  60 B2 DF 80 5D 47 5E 5B E3 4C 38 F2 A7 0F E1 48  `...]G^[.L8....H
000037A0:  76 2C 8E 7C 1C 68 00 6A A5 33 F5 72 95 1F CD A7  v,.|.h.j.3.r....
000037B0:  E8 D7 FB 4D 91 89 19 86 A5 38 5C 43 63 20 5A 9B  ...M.....8\Cc Z.
000037C0:  7D EA 04 70 36 4A 2A 31 7A 7A D0 5A D9 FB 41 5B  }..p6J*1zz.Z..A[
000037D0:  CE 80 2D FB 62 BE 0B 7A 76 B8 53 23 82 97 F9 75  ..-.b..zv.S#...u
000037E0:  E7 54 11 9F 59 71 E2 61 8E 5C 60 53 16 39 C6 C1  .T..Yq.a.\`S.9..
000037F0:  AF 14 65 D6 E1 A4 7F 3F 01 27 BD 05 8A CC 3B 69  ..e....?.'....;i
00003800:  96 7E F6 13 63 12 CE 73 A9 5E 63 C2 51 66 C9 90  .~..c..s.^c.Qf..
00003810:  52 D1 AC B0 41 EA 8D 72 0A B4 A8 4F F9 80 6D C5  R...A..r...O..m.
00003820:  15 D3 4E 75 1E 53 C4 68 A5 6B 9A 7C 43 08 40 D7  ..Nu.S.h.k.|C.@.
00003830:  45 88 B2 D6 4A 61 FE D9 81 6F 34 2D 5A 01 E0 EA  E...Ja...o4-Z...
00003840:  A5 76 39 C1 C4 63 BE 9C 88 7E F2 91 1A D8 8A 1C  .v9..c...~......
00003850:  E1 E8 C5 44 A3 54 90 91 B9 F6 2B 66 B5 73 58 B4  ...D.T....+f.sX.
00003860:  9C C5 D0 BD 2C D2 60 D3 5D 58 65 5E FF 86 64 59  ....,.`.]Xe^..dY
00003870:  3E 5C 18 1D A4 5C 96 76 58 35 10 52 6E 81 62 82  >\...\.vX5.Rn.b.
00003880:  FD A4 42 49 E5 BF BC 3E BE 45 73 9C F5 AC C2 11  ..BI...>.Es.....
00003890:  39 49 DC B2 34 03 5B 93 D7 D1 4E 6F 7E 87 35 AD  9I..4.[...No~.5.
000038A0:  FC 37 34 D7 05 83 81 B2 ED 3B 25 7F 18 E6 F6 49  .74......;%....I
000038B0:  71 4C 47 11 DC E0 67 C4 5E C0 86 3B 43 9B EC B7  qLG...g.^..;C...
000038C0:  6B FD 9A 99 DF 3E 86 07 8C 06 F5 E8 00 32 31 D4  k....>.......21.
000038D0:  89 B9 4D 58 91 F3 D7 36 58 64 9C E8 0A E2 40 1A  ..MX...6Xd....@.
000038E0:  B3 C5 9E EB 60 E0 3E B5 67 FE 72 4A A5 CA 58 77  ....`.>.g.rJ..Xw
000038F0:  D5 CE 7C 0E BA 32 DA EC 3A FD 5A 9A C4 0B C5 82  ..|..2..:.Z.....
00003900:  25 FF 06 36 60 1B 01 16 61 3D 8D CD DD 4A 6C 49  %..6`...a=...JlI
00003910:  8B 39 FE 7B 7B 16 C7 11 10 30 4A A8 8F 1E A1 4E  .9.{{....0J....N
00003920:  19 05 D9 10 59 B6 71 E1 BC AC AD 8D B9 53 A8 5A  ....Y.q......S.Z
00003930:  28 98 5C FA 9C A8 AA 99 82 F1 A3 65 F3 C0 99 D3  (.\........e....
00003940:  56 30 11 FA C6 B9 F4 42 FF 0A 84 5C 85 27 70 78  V0.....B...\.'px
00003950:  B8 34 B5 BB F8 C3 C3 D1 43 FB 20 EF D0 71 9B 67  .4......C. ..q.g
00003960:  1A 6F 6F 63 DF D3 C1 B7 33 A8 84 DD E0 9C B3 25  .ooc....3......%
00003970:  C4 1E 91 FA C3 09 7C EC EE 08 73 89 64 09 87 56  ......|...s.d..V
00003980:  73 B0 0A 89 89 8B 4B E8 52 16 D4 22 74 98 1C 9C  s.....K.R.."t...
00003990:  01 8C BE 96 06 C1 48 ED 8B EB 87 47 E4 5B EB 2E  ......H....G.[..
000039A0:  22 16 CC 30 9A DE 8F 00 D4 E9 F9 D1 DC EB 42 21  "..0..........B!
000039B0:  AD 1F 14 A6 8C 37 37 91 78 7F 32 39 79 DE E7 94  .....77.x.29y...
000039C0:  BF E3 EF BE 01 82 B5 87 9F E2 6F C6 C0 5D 25 5B  ..........o..]%[
000039D0:  A6 70 E8 00 7E 6D 76 F7 8A 6B E5 82 18 D6 4D 91  .p..~mv..k....M.
000039E0:  C9 12 9E 00 53 7A 64 69 50 5C B7 A8 67 7E 09 41  ....SzdiP\..g~.A
000039F0:  9A 5A C2 14 E8 42 E8 E0 F6 F1 74 15 52 10 D7 76  .Z...B....t.R..v
00003A00:  F9 76 5C 21 07 9A 8C B5 5F C9 88 A1 B7 77 3B B4  .v\!...._....w;.
00003A10:  71 24 35 E8 17 5D E9 A4 2B F7 4D A8 75 9D 7D F7  q$5..]..+.M.u.}.
00003A20:  7C F7 A4 9E 97 40 0C 9F B2 E9 F8 8E 5A 80 41 06  |....@......Z.A.
00003A30:  33 86 F2 A6 97 5F BB B3 75 FB 80 98 17 0D FB 54  3...._..u......T
00003A40:  D9 61 99 30 D2 F9 6F B1 D5 A4 5C 80 37 CD D6 42  .a.0..o...\.7..B
00003A50:  C9 B0 94 14 0A 6D 93 E2 80 EA A5 04 FF A6 87 5D  .....m.........]
00003A60:  0E 3D 7A 65 B0 41 40 3D 6E 83 1C 10 6D AA 03 D7  .=ze.A@=n...m...
00003A70:  DA C9 53 FB C5 EA F6 28 28 3D BC 67 CF C5 8E 9E  ..S....((=.g....
00003A80:  C3 07 1C 99 8A 61 78 48 4F FC 7E FB 13 19 47 CA  .....axHO.~...G.
00003A90:  7C D4 77 08 7E 77 44 86 E3 19 8E 6E D0 9F 1D EB  |.w.~wD....n....
00003AA0:  F8 96 BB C8 4C A2 8B DE AF F7 8A 21 D9 F1 45 50  ....L......!..EP
00003AB0:  81 42 FF F0 57 F1 02 99 E8 B7 B8 8F 8D C4 5F ED  .B..W........._.
00003AC0:  68 B9 27 3A 00 4A 43 1F 1C 24 B3 42 1F 44 23 80  h.':.JC..$.B.D#.
00003AD0:  45 E2 C4 53 5D 02 88 A0 E1 4A 05 09 CA E7 CC C6  E..S]....J......
00003AE0:  8A 8E F6 47 BE 07 13 87 E6 38 A9 17 1B 01 30 7C  ...G.....8....0|
00003AF0:  E6 86 9D E7 CA 3F EE C1 89 C3 78 A3 81 80 19 DC  .....?....x.....
00003B00:  8E 81 FB 95 6A 0A 36 E6 F6 64 EF BF C1 2C 29 D3  ....j.6..d...,).
00003B10:  81 27 C5 3B B3 AB 9E CE 66 CD DA FB E0 2A 32 C4  .'.;....f....*2.
00003B20:  5C 5F 6B E3 52 6E 9F 36 C3 32 46 D4 A5 5C 5A 77  \_k.Rn.6.2F..\Zw
00003B30:  FA C0 E1 D0 44 78 B4 7C FD 65 3D CE DC 69 23 27  ....Dx.|.e=..i#'
00003B40:  09 40 AF 8B 6C 78 99 BD 0E 60 65 33 99 F2 83 D9  .@..lx...`e3....
00003B50:  44 AE E9 6E 80 D2 94 EB 9A 2E C0 3E 77 14 9A 78  D..n.......>w..x
00003B60:  01 07 64 14 E2 8C 72 B0 31 16 0A E6 C9 FF 72 31  ..d...r.1.....r1
00003B70:  AD E1 EE 78 A9 AC 7A 12 E0 D7 E4 D7 28 F5 E7 58  ...x..z.....(..X
00003B80:  08 EC C0 1F 4F D8 0B 7A 76 B8 53 23 82 97 F9 75  ....O..zv.S#...u
00003B90:  E7 54 11 9F 59 71 17 D7 B7 A5 25 8B D2 97 5A F1  .T..Yq....%...Z.
00003BA0:  B1 0D BA 6A 1E 0D B6 89 BA D9 B4 09 D9 C1 CE 45  ...j...........E
00003BB0:  65 7B D7 7F 5B 9F 09 96 CD 7F B0 85 27 FF 7F 7C  e{..[.......'..|
00003BC0:  C6 45 09 7B F7 4A 4C CB 63 89 FE BC DC 30 22 DE  .E.{.JL.c....0".
00003BD0:  C0 59 FE 63 F0 37 FD 39 03 1E C6 D6 6F BA 54 D4  .Y.c.7.9....o.T.
00003BE0:  DB B3 F3 3E 12 57 47 F3 41 9A 6F 44 E7 FE 01 1C  ...>.WG.A.oD....
00003BF0:  3F CC 73 06 30 B1 45 91 E3 5F 9A 04 BF 0A 3A 4A  ?.s.0.E.._....:J
00003C00:  E1 1B 0C 7C 33 AA A8 24 35 56 48 FB 10 06 B8 D4  ...|3..$5VH.....
00003C10:  A4 94 53 D5 D0 5F 77 2C D0 C6 22 FB 7B 68 31 F2  ..S.._w,..".{h1.
00003C20:  7D 57 2C A6 CA BD 89 1E 3E 39 AE DA 6C AA B4 F8  }W,.....>9..l...
00003C30:  8F 20 CD 8A E2 09 59 E3 CE 97 84 07 57 AC D8 2B  . ....Y.....W..+
00003C40:  B1 3D D9 DC 78 88 31 FA 3A 30 2C F8 4F 7A F4 F7  .=..x.1.:0,.Oz..
00003C50:  0A 10 A6 C7 68 43 81 B2 ED 3B 25 7F 18 E6 F6 49  ....hC...;%....I
00003C60:  71 4C 47 11 DC E0 03 21 8B F9 B8 6D CB A7 03 7D  qLG....!...m...}
00003C70:  B9 68 CB A4 B6 25 32 D3 42 4B 5F 70 1E 7D 38 2C  .h...%2.BK_p.}8,
00003C80:  B3 F8 24 A1 89 69 03 57 07 84 13 2A 40 32 F1 92  ..$..i.W...*@2..
00003C90:  92 4B 91 75 69 56 03 FC 56 BB 70 22 12 50 EF 89  .K.uiV..V.p".P..
00003CA0:  7A 04 C6 81 1E A6 41 54 73 F5 D3 C3 54 BF C1 08  z.....ATs...T...
00003CB0:  61 A8 80 CA 3A AB F1 64 E3 EA 5C E8 D8 DD 1C DF  a...:..d..\.....
00003CC0:  C5 4F CE C0 BD 4E 04 62 4D AE 46 AA B0 40 1D 69  .O...N.bM.F..@.i
00003CD0:  55 BA 1F 25 AD 0F D1 E0 15 0E 79 33 80 77 F8 9B  U..%......y3.w..
00003CE0:  70 66 CE 50 96 A0 73 8E D7 D4 0E 7C BB B4 96 32  pf.P..s....|...2
00003CF0:  97 6C 29 3D E7 47 7B 16 D2 76 CD 35 6F CA 92 21  .l)=.G{..v.5o..!
00003D00:  BF 6B E8 A8 71 3B 70 66 98 9D 93 A5 80 8A D4 D9  .k..q;pf........
00003D10:  80 AC 07 28 7F 62 F6 4A 52 6A 17 86 B0 0B 9C 65  ...(.b.JRj.....e
00003D20:  87 C1 FD 57 CB E1 D6 2C 10 21 3E 8F 10 07 CB 4F  ...W...,.!>....O
00003D30:  1B F4 5E 6E F1 17 A1 B3 E1 85 E6 03 B5 20 8B E0  ..^n......... ..
00003D40:  66 8C E2 62 2F 36 CD 20 22 48 B9 00 F2 2C F7 D5  f..b/6. "H...,..
00003D50:  D4 D9 2E 01 DB 1C 12 41 CB 8F FD 69 EE 0E 24 09  .......A...i..$.
00003D60:  B4 65 B5 65 31 70 E6 29 B0 C5 2D 02 E9 D1 AA 82  .e.e1p.)..-.....
00003D70:  10 1E 1C 40 32 D6 D5 34 EC F9 EB 95 A9 F4 14 46  ...@2..4.......F
00003D80:  03 91 38 07 0F 7B 19 11 9B BB 96 53 B5 38 E6 A9  ..8..{.....S.8..
00003D90:  38 ED 38 51 6E 7E D7 8A A9 0A 0F E1 B1 F2 43 48  8.8Qn~........CH
00003DA0:  1F CE C7 2C 25 D4 F5 66 3F 41 9C F5 CC B3 FE EE  ...,%..f?A......
00003DB0:  2C 03 FA 31 00 84 7D 1E 48 B1 89 9F AC 3E 68 6D  ,..1..}.H....>hm
00003DC0:  9D 6F 95 DC 44 BE 7B B6 6A A5 4C 7C FF 47 C8 16  .o..D.{.j.L|.G..
00003DD0:  35 8C D9 B1 5C C0 F6 D0 3F 27 F1 BD E3 6B 99 44  5...\...?'...k.D
00003DE0:  55 8E B4 2C D8 38 4A 1D 76 51 E6 C5 BE F5 97 92  U..,.8J.vQ......
00003DF0:  0E F7 AB 0C FA DD 1B D7 9B E6 6A 18 54 9B 03 EE  ..........j.T...
00003E00:  FF 59 E2 2C E9 57 E0 75 14 C0 71 CC DE 74 1F 73  .Y.,.W.u..q..t.s
00003E10:  8F 9D 62 3C F6 0C 17 18 4B 47 22 A8 27 5A 9D CB  ..b<....KG".'Z..
00003E20:  66 DF 84 ED 48 F2 01 56 31 15 C4 B8 39 B1 9A B8  f...H..V1...9...
00003E30:  66 F3 3E DA 24 55 B0 97 03 EB 43 08 D1 6F 05 27  f.>.$U....C..o.'
00003E40:  B1 6B 82 DA A4 3A 6E 95 28 D1 6D 0E 87 D3 43 8D  .k...:n.(.m...C.
00003E50:  24 CE 5B 7C 7E BF AE 46 B7 82 98 C5 6B 6D EF 72  $.[|~..F....km.r
00003E60:  8F BC 3E 40 5E C9 00 00 00 00 00 00 00 00 00 00  ..>@^...........
00003E70:  00 00 00 00 00 00 00 00 00 00 00 00 00 00 00 00  ................ [zeros]
00003E80:  00 00 00 00 00 00 F5 85 92 FC 19 27 70 C6 9E 05  ...........'p...
00003E90:  17 52 BD B8 25 57 55 C9 A4 80 D6 8B B8 F9 4F 8C  .R..%WU.......O.
00003EA0:  6A 2D B8 D1 4D BA 1D E2 71 0C 16 CA BF 56 98 32  j-..M...q....V.2
00003EB0:  4D 6B C7 3C 7C EF 00 00 00 00 00 00 00 00 00 00  Mk.<|...........
00003EC0:  00 00 00 00 00 00 00 00 00 00 00 00 00 00 00 00  ................ [zeros]
00003ED0:  00 00 00 00 00 00 00 00 00 00 00 00 00 00 00 00  ................ [zeros]
00003EE0:  00 00 00 00 00 00 00 00 00 00 00 00 00 00 00 00  ................ [zeros]
00003EF0:  00 00 00 00 00 00 00 00 00 00 00 00 00 00 00 00  ................ [zeros]
00003F00:  00 00 00 00 00 00 00 00 00 00 00 00 00 00 00 00  ................ [zeros]
00003F10:  00 00 00 00 00 00 00 00 00 00 00 00 00 00 00 00  ................ [zeros]
00003F20:  00 00 00 00 00 00 00 00 00 00 00 00 00 00 00 00  ................ [zeros]
00003F30:  00 00 00 00 00 00 A4 69 50 33 1B FA 6A FF DF B3  .......iP3..j...
00003F40:  C2 20 94 D6 A4 23 54 EC 1C 9B 2E 03 DF AE 37 B2  . ...#T.......7.
00003F50:  D3 A2 AF 17 15 80 FC 74 17 EA 83 1A A8 4C DA F6  .......t.....L..
00003F60:  B6 6C 24 4B E1 1F C0 C6 F2 E9 51 EE 47 EE 96 E2  .l$K......Q.G...
00003F70:  C6 7D 27 F0 84 67 05 C1 02 A0 DC 1B A2 11 71 4D  .}'..g........qM
00003F80:  05 3E E8 DE A6 80 01 F9 DD F8 B8 E5 CA CD B9 62  .>.............b
00003F90:  52 07 50 87 62 93 AC 8D B0 3B A9 57 4E 37 D2 0F  R.P.b....;.WN7..
00003FA0:  27 25 DC 7C 30 DA 98 B1 66 87 05 2A 9C D8 52 2F  '%.|0...f..*..R/
00003FB0:  BB E1 70 AE F2 10 70 55 2A 5A 37 5D 1C 1D 27 D1  ..p...pU*Z7]..'.
00003FC0:  B9 25 C4 B7 04 C6 76 09 E0 80 7D 4E 9E 3D 39 0D  .%....v...}N.=9.
00003FD0:  EC 41 51 22 03 62 A0 C2 04 92 64 CD EB B5 4E A2  .AQ".b....d...N.
00003FE0:  A1 19 4D D4 8A 4A 3E 91 40 E3 2A D1 A0 8A B4 BD  ..M..J>.@.*.....
00003FF0:  DC F7 A8 98 E2 48 13 12 55 46 40 69 1A 60 30 DD  .....H..UF@i.`0.
00004000:  6E 26 1F 5D 0A 4B D3 E7 D1 A4 67 A8 5F 71 7B DA  n&.].K....g._q{.
00004010:  3A 6A 9D D2 7A 0E DD 27 D1 D0 C4 94 A3 DD 5C D4  :j..z..'......\.
00004020:  3C 51 B2 E3 08 D1 13 3E EF 59 B9 4C 06 1E 2F 22  <Q.....>.Y.L../"
00004030:  4C C4 7B AB 3C AC EB 63 16 1A B1 06 D9 2E 08 C2  L.{.<..c........
00004040:  9D BA 26 D3 E1 D5 00 00 00 00 00 00 00 00 00 00  ..&.............
00004050:  00 00 00 00 00 00 00 00 00 00 00 00 00 00 00 00  ................ [zeros]
00004060:  00 00 00 00 00 00 00 00 00 00 00 00 00 00 00 00  ................ [zeros]
00004070:  00 00 00 00 00 00 00 00 00 00 00 00 00 00 00 00  ................ [zeros]
00004080:  00 00 00 00 00 00 00 00 00 00 00 00 00 00 00 00  ................ [zeros]
00004090:  00 00 00 00 00 00 00 00 00 00 00 00 00 00 00 00  ................ [zeros]
000040A0:  00 00 00 00 00 00 00 00 00 00 00 00 00 00 00 00  ................ [zeros]
000040B0:  00 00 00 00 00 00 00 00 00 00 00 00 00 00 00 00  ................ [zeros]
000040C0:  00 00 00 00 00 00 00 00 00 00 00 00 00 00 00 00  ................ [zeros]
000040D0:  00 00 00 00 00 00 00 00 00 00 00 00 00 00 00 00  ................ [zeros]
000040E0:  00 00 00 00 00 00 00 00 00 00 00 00 00 00 00 00  ................ [zeros]
000040F0:  00 00 00 00 00 00 8B D9 8C 0F 5A 55 A5 AB D4 B3  ..........ZU....
00004100:  93 3E 33 E9 16 74 E8 42 24 F8 A6 8F 82 44 07 21  .>3..t.B$....D.!
00004110:  4F 7A C4 2C E0 EC 0B 94 65 74 FD E3 96 8B 29 6B  Oz.,....et....)k
00004120:  39 B7 75 00 24 62 37 4E 15 0D 5E 94 D1 EF C5 E2  9.u.$b7N..^.....
00004130:  26 E3 B4 81 82 C1 00 00 00 00 00 00 00 00 00 00  &...............
00004140:  00 00 00 00 00 00 00 00 00 00 00 00 00 00 00 00  ................ [zeros]
00004150:  00 00 00 00 00 00 00 00 00 00 00 00 00 00 00 00  ................ [zeros]
00004160:  00 00 00 00 00 00 00 00 00 00 00 00 00 00 00 00  ................ [zeros]
00004170:  00 00 00 00 00 00 00 00 00 00 00 00 00 00 00 00  ................ [zeros]
00004180:  00 00 00 00 00 00 00 00 00 00 00 00 00 00 00 00  ................ [zeros]
00004190:  00 00 00 00 00 00 00 00 00 00 00 00 00 00 00 00  ................ [zeros]
000041A0:  00 00 00 00 00 00 00 00 00 00 00 00 00 00 00 00  ................ [zeros]
000041B0:  00 00 00 00 00 00 00 00 00 00 00 00 00 00 00 00  ................ [zeros]
000041C0:  00 00 00 00 00 00 00 00 00 00 00 00 00 00 00 00  ................ [zeros]
000041D0:  00 00 00 00 00 00 00 00 00 00 00 00 00 00 00 00  ................ [zeros]
000041E0:  00 00 00 00 00 00 00 00 00 00 00 00 00 00 00 00  ................ [zeros]
000041F0:  00 00 00 00 00 00 00 00 00 00 00 00 00 00 00 00  ................ [zeros]
00004200:  00 00 00 00 00 00 00 00 00 00 00 00 00 00 00 00  ................ [zeros]
00004210:  00 00 00 00 00 00 00 00 00 00 00 00 00 00 00 00  ................ [zeros]
00004220:  00 00 00 00 00 00 00 00 00 00 00 00 00 00 00 00  ................ [zeros]
00004230:  00 00 00 00 00 00 00 00 00 00 00 00 00 00 00 00  ................ [zeros]
00004240:  00 00 00 00 00 00 00 00 00 00 00 00 00 00 00 00  ................ [zeros]
00004250:  00 00 00 00 00 00 00 00 00 00 00 00 00 00 00 00  ................ [zeros]
00004260:  00 00 00 00 00 00 00 00 00 00 00 00 00 00 00 00  ................ [zeros]
00004270:  00 00 00 00 00 00 00 00 00 00 00 00 00 00 00 00  ................ [zeros]
00004280:  00 00 00 00 00 00 00 00 00 00 00 00 00 00 00 00  ................ [zeros]
00004290:  00 00 00 00 00 00 00 00 00 00 00 00 00 00 00 00  ................ [zeros]
000042A0:  00 00 00 00 00 00 A0 51 EF 85 8E C0 EB 44 57 93  .......Q.....DW.
000042B0:  16 13 62 D9 E3 74 61 9A AC E8 8C C8 46 85 08 99  ..b..ta.....F...
000042C0:  EF 22 70 3C 09 44 00 00 00 00 00 00 00 00 00 00  ."p<.D..........
000042D0:  00 00 00 00 00 00 00 00 00 00 00 00 00 00 00 00  ................ [zeros]
000042E0:  00 00 00 00 00 00 00 00 00 00 00 00 00 00 00 00  ................ [zeros]
000042F0:  00 00 00 00 00 00 00 00 00 00 00 00 00 00 00 00  ................ [zeros]
00004300:  00 00 00 00 00 00 00 00 00 00 00 00 00 00 00 00  ................ [zeros]
00004310:  00 00 00 00 00 00 00 00 00 00 00 00 00 00 00 00  ................ [zeros]
00004320:  00 00 00 00 00 00 00 00 00 00 00 00 00 00 00 00  ................ [zeros]
00004330:  00 00 00 00 00 00 00 00 00 00 00 00 00 00 00 00  ................ [zeros]
00004340:  00 00 00 00 00 00 00 00 00 00 00 00 00 00 00 00  ................ [zeros]
00004350:  00 00 00 00 00 00 00 00 00 00 00 00 00 00 00 00  ................ [zeros]
00004360:  00 00 00 00 00 00 00 00 00 00 00 00 00 00 00 00  ................ [zeros]
00004370:  00 00 00 00 00 00 00 00 00 00 00 00 00 00 00 00  ................ [zeros]
00004380:  00 00 00 00 00 00 00 00 00 00 00 00 00 00 00 00  ................ [zeros]
00004390:  00 00 00 00 00 00 00 00 00 00 00 00 00 00 00 00  ................ [zeros]
000043A0:  00 00 00 00 00 00 00 00 00 00 00 00 00 00 00 00  ................ [zeros]
000043B0:  00 00 00 00 00 00 00 00 00 00 00 00 00 00 00 00  ................ [zeros]
000043C0:  00 00 00 00 00 00 00 00 00 00 00 00 00 00 00 00  ................ [zeros]
000043D0:  00 00 00 00 00 00 25 33 83 A0 FC 02 A8 B2 2F 29  ......%3....../)
000043E0:  F2 36 08 17 64 06 B2 23 E8 1E 97 29 1B A9 A9 4A  .6..d..#...)...J
000043F0:  DA 36 7E E1 6B 68 BA C4 33 D8 CC 13 9D 27 D7 08  .6~.kh..3....'..
00004400:  FF EE 56 B9 D1 C3 00 00 00 00 00 00 00 00 00 00  ..V.............
00004410:  00 00 00 00 00 00 30 49 A4 B8 99 5B 54 CA 5A B2  ......0I...[T.Z.
00004420:  77 D5 99 FD 11 C5 00 00 00 00 00 00 00 00 00 00  w...............
00004430:  00 00 00 00 00 00 BE 8A 87 69 CE F8 99 C6 58 ED  .........i....X.
00004440:  98 D4 24 27 11 C6 00 00 00 00 00 00 00 00 00 00  ..$'............
00004450:  00 00 00 00 00 00 56 14 2E C5 5F 73 5F 0B 7F D4  ......V..._s_...
00004460:  F0 6E 20 EE CD BB 00 00 00 00 00 00 00 00 00 00  .n .............
00004470:  00 00 00 00 00 00 42 ED 3E 5E DF E3 69 46 9A 5F  ......B.>^..iF._
00004480:  6F BE 39 7D 0C DB 18 FE 04 BE 8E 62 8D 82 81 7E  o.9}.......b...~
00004490:  66 43 88 1E C5 F0 6D CF DB 27 15 AE 37 10 FD 4B  fC....m..'..7..K
000044A0:  0E 27 D1 A6 7E DE 00 00 00 00 00 00 00 00 00 00  .'..~...........
000044B0:  00 00 00 00 00 00 00 00 00 00 00 00 00 00 00 00  ................ [zeros]
000044C0:  00 00 00 00 00 00 00 00 00 00 00 00 00 00 00 00  ................ [zeros]
000044D0:  00 00 00 00 00 00 00 00 00 00 00 00 00 00 00 00  ................ [zeros]
000044E0:  00 00 00 00 00 00 00 00 00 00 00 00 00 00 00 00  ................ [zeros]
000044F0:  00 00 00 00 00 00 00 00 00 00 00 00 00 00 00 00  ................ [zeros]
00004500:  00 00 00 00 00 00 00 00 00 00 00 00 00 00 00 00  ................ [zeros]
00004510:  00 00 00 00 00 00 00 00 00 00 00 00 00 00 00 00  ................ [zeros]
00004520:  00 00 00 00 00 00 00 00 00 00 00 00 00 00 00 00  ................ [zeros]
00004530:  00 00 00 00 00 00 00 00 00 00 00 00 00 00 00 00  ................ [zeros]
00004540:  00 00 00 00 00 00 00 00 00 00 00 00 00 00 00 00  ................ [zeros]
00004550:  00 00 00 00 00 00 00 00 00 00 00 00 00 00 00 00  ................ [zeros]
00004560:  00 00 00 00 00 00 00 00 00 00 00 00 00 00 00 00  ................ [zeros]
00004570:  00 00 00 00 00 00 00 00 00 00 00 00 00 00 00 00  ................ [zeros]
00004580:  00 00 00 00 00 00 00 00 00 00 00 00 00 00 00 00  ................ [zeros]
00004590:  00 00 00 00 00 00 00 00 00 00 00 00 00 00 00 00  ................ [zeros]
000045A0:  00 00 00 00 00 00 00 00 00 00 00 00 00 00 00 00  ................ [zeros]
000045B0:  00 00 00 00 00 00 00 00 00 00 00 00 00 00 00 00  ................ [zeros]
000045C0:  00 00 00 00 00 00 00 00 00 00 00 00 00 00 00 00  ................ [zeros]
000045D0:  00 00 00 00 00 00 00 00 00 00 00 00 00 00 00 00  ................ [zeros]
000045E0:  00 00 00 00 00 00 00 00 00 00 00 00 00 00 00 00  ................ [zeros]
000045F0:  00 00 00 00 00 00 00 00 00 00 00 00 00 00 00 00  ................ [zeros]
00004600:  00 00 00 00 00 00 00 00 00 00 00 00 00 00 00 00  ................ [zeros]
00004610:  00 00 00 00 00 00 00 00 00 00 00 00 00 00 00 00  ................ [zeros]
00004620:  00 00 00 00 00 00 00 00 00 00 00 00 00 00 00 00  ................ [zeros]
00004630:  00 00 00 00 00 00 00 00 00 00 00 00 00 00 00 00  ................ [zeros]
00004640:  00 00 00 00 00 00 00 00 00 00 00 00 00 00 00 00  ................ [zeros]
00004650:  00 00 00 00 00 00 00 00 00 00 00 00 00 00 00 00  ................ [zeros]
00004660:  00 00 00 00 00 00 00 00 00 00 00 00 00 00 00 00  ................ [zeros]
00004670:  00 00 00 00 00 00 00 00 00 00 00 00 00 00 00 00  ................ [zeros]
00004680:  00 00 00 00 00 00 00 00 00 00 00 00 00 00 00 00  ................ [zeros]
00004690:  00 00 00 00 00 00 00 00 00 00 00 00 00 00 00 00  ................ [zeros]
000046A0:  00 00 00 00 00 00 00 00 00 00 00 00 00 00 00 00  ................ [zeros]
000046B0:  00 00 00 00 00 00 00 00 00 00 00 00 00 00 00 00  ................ [zeros]
000046C0:  00 00 00 00 00 00 00 00 00 00 00 00 00 00 00 00  ................ [zeros]
000046D0:  00 00 00 00 00 00 00 00 00 00 00 00 00 00 00 00  ................ [zeros]
000046E0:  00 00 00 00 00 00 00 00 00 00 00 00 00 00 00 00  ................ [zeros]
000046F0:  00 00 00 00 00 00 00 00 00 00 00 00 00 00 00 00  ................ [zeros]
00004700:  00 00 00 00 00 00 00 00 00 00 00 00 00 00 00 00  ................ [zeros]
00004710:  00 00 00 00 00 00 00 00 00 00 00 00 00 00 00 00  ................ [zeros]
00004720:  00 00 00 00 00 00 00 00 00 00 00 00 00 00 00 00  ................ [zeros]
00004730:  00 00 00 00 00 00 00 00 00 00 00 00 00 00 00 00  ................ [zeros]
00004740:  00 00 00 00 00 00 00 00 00 00 00 00 00 00 00 00  ................ [zeros]
00004750:  00 00 00 00 00 00 00 00 00 00 00 00 00 00 00 00  ................ [zeros]
00004760:  00 00 00 00 00 00 00 00 00 00 00 00 00 00 00 00  ................ [zeros]
00004770:  00 00 00 00 00 00 00 00 00 00 00 00 00 00 00 00  ................ [zeros]
00004780:  00 00 00 00 00 00 00 00 00 00 00 00 00 00 00 00  ................ [zeros]
00004790:  00 00 00 00 00 00 00 00 00 00 00 00 00 00 00 00  ................ [zeros]
000047A0:  00 00 00 00 00 00 00 00 00 00 00 00 00 00 00 00  ................ [zeros]
000047B0:  00 00 00 00 00 00 00 00 00 00 00 00 00 00 00 00  ................ [zeros]
000047C0:  00 00 00 00 00 00 00 00 00 00 00 00 00 00 00 00  ................ [zeros]
000047D0:  00 00 00 00 00 00 00 00 00 00 00 00 00 00 00 00  ................ [zeros]
000047E0:  00 00 00 00 00 00 00 00 00 00 00 00 00 00 00 00  ................ [zeros]
000047F0:  00 00 00 00 00 00 00 00 00 00 00 00 00 00 00 00  ................ [zeros]
00004800:  00 00 00 00 00 00 00 00 00 00 00 00 00 00 00 00  ................ [zeros]
00004810:  00 00 00 00 00 00 00 00 00 00 00 00 00 00 00 00  ................ [zeros]
00004820:  00 00 00 00 00 00 00 00 00 00 00 00 00 00 00 00  ................ [zeros]
00004830:  00 00 00 00 00 00 00 00 00 00 00 00 00 00 00 00  ................ [zeros]
00004840:  00 00 00 00 00 00 00 00 00 00 00 00 00 00 00 00  ................ [zeros]
00004850:  00 00 00 00 00 00 00 00 00 00 00 00 00 00 00 00  ................ [zeros]
00004860:  00 00 00 00 00 00 00 00 00 00 00 00 00 00 00 00  ................ [zeros]
00004870:  00 00 00 00 00 00 00 00 00 00 00 00 00 00 00 00  ................ [zeros]
00004880:  00 00 00 00 00 00 00 00 00 00 00 00 00 00 00 00  ................ [zeros]
00004890:  00 00 00 00 00 00 00 00 00 00 00 00 00 00 00 00  ................ [zeros]
000048A0:  00 00 00 00 00 00 00 00 00 00 00 00 00 00 00 00  ................ [zeros]
000048B0:  00 00 00 00 00 00 00 00 00 00 00 00 00 00 00 00  ................ [zeros]
000048C0:  00 00 00 00 00 00 00 00 00 00 00 00 00 00 00 00  ................ [zeros]
000048D0:  00 00 00 00 00 00 00 00 00 00 00 00 00 00 00 00  ................ [zeros]
000048E0:  00 00 00 00 00 00 00 00 00 00 00 00 00 00 00 00  ................ [zeros]
000048F0:  00 00 00 00 00 00 00 00 00 00 00 00 00 00 00 00  ................ [zeros]
00004900:  00 00 00 00 00 00 00 00 00 00 00 00 00 00 00 00  ................ [zeros]
00004910:  00 00 00 00 00 00 00 00 00 00 00 00 00 00 00 00  ................ [zeros]
00004920:  00 00 00 00 00 00 00 00 00 00 00 00 00 00 00 00  ................ [zeros]
00004930:  00 00 00 00 00 00 00 00 00 00 00 00 00 00 00 00  ................ [zeros]
00004940:  00 00 00 00 00 00 00 00 00 00 00 00 00 00 00 00  ................ [zeros]
00004950:  00 00 00 00 00 00 00 00 00 00 00 00 00 00 00 00  ................ [zeros]
00004960:  00 00 00 00 00 00 00 00 00 00 00 00 00 00 00 00  ................ [zeros]
00004970:  00 00 00 00 00 00 00 00 00 00 00 00 00 00 00 00  ................ [zeros]
00004980:  00 00 00 00 00 00 00 00 00 00 00 00 00 00 00 00  ................ [zeros]
00004990:  00 00 00 00 00 00 00 00 00 00 00 00 00 00 00 00  ................ [zeros]
000049A0:  00 00 00 00 00 00 00 00 00 00 00 00 00 00 00 00  ................ [zeros]
000049B0:  00 00 00 00 00 00 00 00 00 00 00 00 00 00 00 00  ................ [zeros]
000049C0:  00 00 00 00 00 00 00 00 00 00 00 00 00 00 00 00  ................ [zeros]
000049D0:  00 00 00 00 00 00 00 00 00 00 00 00 00 00 00 00  ................ [zeros]
000049E0:  00 00 00 00 00 00 00 00 00 00 00 00 00 00 00 00  ................ [zeros]
000049F0:  00 00 00 00 00 00 00 00 00 00 00 00 00 00 00 00  ................ [zeros]
00004A00:  00 00 00 00 00 00 00 00 00 00 00 00 00 00 00 00  ................ [zeros]
00004A10:  00 00 00 00 00 00 00 00 00 00 00 00 00 00 00 00  ................ [zeros]
00004A20:  00 00 00 00 00 00 00 00 00 00 00 00 00 00 00 00  ................ [zeros]
00004A30:  00 00 00 00 00 00 00 00 00 00 00 00 00 00 00 00  ................ [zeros]
00004A40:  00 00 00 00 00 00 00 00 00 00 00 00 00 00 00 00  ................ [zeros]
00004A50:  00 00 00 00 00 00 00 00 00 00 00 00 00 00 00 00  ................ [zeros]
00004A60:  00 00 00 00 00 00 00 00 00 00 00 00 00 00 00 00  ................ [zeros]
00004A70:  00 00 00 00 00 00 00 00 00 00 00 00 00 00 00 00  ................ [zeros]
00004A80:  00 00 00 00 00 00 00 00 00 00 00 00 00 00 00 00  ................ [zeros]
00004A90:  00 00 00 00 00 00 00 00 00 00 00 00 00 00 00 00  ................ [zeros]
00004AA0:  00 00 00 00 00 00 DC 51 2F 35 1E 26 78 1B D1 F9  .......Q/5.&x...
00004AB0:  0F FA EA 42 E6 18 A2 0D C1 9C 8A 4F 0C 26 5B 9A  ...B.......O.&[.
00004AC0:  37 12 F5 CC 16 42 3E D2 D5 26 19 3E 9F DC 31 CA  7....B>..&.>..1.
00004AD0:  04 B7 B8 E4 5F 70 3E D2 D5 26 19 3E 9F DC 31 CA  ...._p>..&.>..1.
00004AE0:  04 B7 B8 E4 5F 70 3E D2 D5 26 19 3E 9F DC 31 CA  ...._p>..&.>..1.
00004AF0:  04 B7 B8 E4 5F 70 3E D2 D5 26 19 3E 9F DC 31 CA  ...._p>..&.>..1.
00004B00:  04 B7 B8 E4 5F 70 3E D2 D5 26 19 3E 9F DC 31 CA  ...._p>..&.>..1.
00004B10:  04 B7 B8 E4 5F 70 3E D2 D5 26 19 3E 9F DC 31 CA  ...._p>..&.>..1.
00004B20:  04 B7 B8 E4 5F 70 3E D2 D5 26 19 3E 9F DC 31 CA  ...._p>..&.>..1.
00004B30:  04 B7 B8 E4 5F 70 3E D2 D5 26 19 3E 9F DC 31 CA  ...._p>..&.>..1.
00004B40:  04 B7 B8 E4 5F 70 3E D2 D5 26 19 3E 9F DC 31 CA  ...._p>..&.>..1.
00004B50:  04 B7 B8 E4 5F 70 3E D2 D5 26 19 3E 9F DC 31 CA  ...._p>..&.>..1.
00004B60:  04 B7 B8 E4 5F 70 3E D2 D5 26 19 3E 9F DC 31 CA  ...._p>..&.>..1.
00004B70:  04 B7 B8 E4 5F 70 3E D2 D5 26 19 3E 9F DC 31 CA  ...._p>..&.>..1.
00004B80:  04 B7 B8 E4 5F 70 3E D2 D5 26 19 3E 9F DC 31 CA  ...._p>..&.>..1.
00004B90:  04 B7 B8 E4 5F 70 3E D2 D5 26 19 3E 9F DC 31 CA  ...._p>..&.>..1.
00004BA0:  04 B7 B8 E4 5F 70 3E D2 D5 26 19 3E 9F DC 31 CA  ...._p>..&.>..1.
00004BB0:  04 B7 B8 E4 5F 70 9F 44 AD 7E 52 AC B2 9A 20 7D  ...._p.D.~R... }
00004BC0:  F4 C8 0B 6F 03 F6 00 00 00 00 00 00 00 00 00 00  ...o............
00004BD0:  00 00 00 00 00 00 00 00 00 00 00 00 00 00 00 00  ................ [zeros]
00004BE0:  00 00 00 00 00 00 00 00 00 00 00 00 00 00 00 00  ................ [zeros]
00004BF0:  00 00 00 00 00 00 00 00 00 00 00 00 00 00 00 00  ................ [zeros]
00004C00:  00 00 00 00 00 00 00 00 00 00 00 00 00 00 00 00  ................ [zeros]
00004C10:  00 00 00 00 00 00 00 00 00 00 00 00 00 00 00 00  ................ [zeros]
00004C20:  00 00 00 00 00 00 00 00 00 00 00 00 00 00 00 00  ................ [zeros]
00004C30:  00 00 00 00 00 00 00 00 00 00 00 00 00 00 00 00  ................ [zeros]
00004C40:  00 00 00 00 00 00 00 00 00 00 00 00 00 00 00 00  ................ [zeros]
00004C50:  00 00 00 00 00 00 00 00 00 00 00 00 00 00 00 00  ................ [zeros]
00004C60:  00 00 00 00 00 00 00 00 00 00 00 00 00 00 00 00  ................ [zeros]
00004C70:  00 00 00 00 00 00 00 00 00 00 00 00 00 00 00 00  ................ [zeros]
00004C80:  00 00 00 00 00 00 00 00 00 00 00 00 00 00 00 00  ................ [zeros]
00004C90:  00 00 00 00 00 00 00 00 00 00 00 00 00 00 00 00  ................ [zeros]
00004CA0:  00 00 00 00 00 00 00 00 00 00 00 00 00 00 00 00  ................ [zeros]
00004CB0:  00 00 00 00 00 00 00 00 00 00 00 00 00 00 00 00  ................ [zeros]
00004CC0:  00 00 00 00 00 00 00 00 00 00 00 00 00 00 00 00  ................ [zeros]
00004CD0:  00 00 00 00 00 00 E7 FF 34 5E 54 BF 16 6D 73 15  ........4^T..ms.
00004CE0:  4C 25 3A 14 17 10 3E D2 D5 26 19 3E 9F DC 31 CA  L%:...>..&.>..1.
00004CF0:  04 B7 B8 E4 5F 70 3E D2 D5 26 19 3E 9F DC 31 CA  ...._p>..&.>..1.
00004D00:  04 B7 B8 E4 5F 70 3E D2 D5 26 19 3E 9F DC 31 CA  ...._p>..&.>..1.
00004D10:  04 B7 B8 E4 5F 70 3E D2 D5 26 19 3E 9F DC 31 CA  ...._p>..&.>..1.
00004D20:  04 B7 B8 E4 5F 70 3E D2 D5 26 19 3E 9F DC 31 CA  ...._p>..&.>..1.
00004D30:  04 B7 B8 E4 5F 70 3E D2 D5 26 19 3E 9F DC 31 CA  ...._p>..&.>..1.
00004D40:  04 B7 B8 E4 5F 70 3E D2 D5 26 19 3E 9F DC 31 CA  ...._p>..&.>..1.
00004D50:  04 B7 B8 E4 5F 70 3E D2 D5 26 19 3E 9F DC 31 CA  ...._p>..&.>..1.
00004D60:  04 B7 B8 E4 5F 70 3E D2 D5 26 19 3E 9F DC 31 CA  ...._p>..&.>..1.
00004D70:  04 B7 B8 E4 5F 70 3E D2 D5 26 19 3E 9F DC 31 CA  ...._p>..&.>..1.
00004D80:  04 B7 B8 E4 5F 70 3E D2 D5 26 19 3E 9F DC 31 CA  ...._p>..&.>..1.
00004D90:  04 B7 B8 E4 5F 70 3E D2 D5 26 19 3E 9F DC 31 CA  ...._p>..&.>..1.
00004DA0:  04 B7 B8 E4 5F 70 3E D2 D5 26 19 3E 9F DC 31 CA  ...._p>..&.>..1.
00004DB0:  04 B7 B8 E4 5F 70 3E D2 D5 26 19 3E 9F DC 31 CA  ...._p>..&.>..1.
00004DC0:  04 B7 B8 E4 5F 70 3E D2 D5 26 19 3E 9F DC 31 CA  ...._p>..&.>..1.
00004DD0:  04 B7 B8 E4 5F 70 E7 FF 34 5E 54 BF 16 6D 73 15  ...._p..4^T..ms.
00004DE0:  4C 25 3A 14 17 10 3E D2 D5 26 19 3E 9F DC 31 CA  L%:...>..&.>..1.
00004DF0:  04 B7 B8 E4 5F 70 3E D2 D5 26 19 3E 9F DC 31 CA  ...._p>..&.>..1.
00004E00:  04 B7 B8 E4 5F 70 3E D2 D5 26 19 3E 9F DC 31 CA  ...._p>..&.>..1.
00004E10:  04 B7 B8 E4 5F 70 3E D2 D5 26 19 3E 9F DC 31 CA  ...._p>..&.>..1.
00004E20:  04 B7 B8 E4 5F 70 3E D2 D5 26 19 3E 9F DC 31 CA  ...._p>..&.>..1.
00004E30:  04 B7 B8 E4 5F 70 3E D2 D5 26 19 3E 9F DC 31 CA  ...._p>..&.>..1.
00004E40:  04 B7 B8 E4 5F 70 3E D2 D5 26 19 3E 9F DC 31 CA  ...._p>..&.>..1.
00004E50:  04 B7 B8 E4 5F 70 3E D2 D5 26 19 3E 9F DC 31 CA  ...._p>..&.>..1.
00004E60:  04 B7 B8 E4 5F 70 3E D2 D5 26 19 3E 9F DC 31 CA  ...._p>..&.>..1.
00004E70:  04 B7 B8 E4 5F 70 3E D2 D5 26 19 3E 9F DC 31 CA  ...._p>..&.>..1.
00004E80:  04 B7 B8 E4 5F 70 3E D2 D5 26 19 3E 9F DC 31 CA  ...._p>..&.>..1.
00004E90:  04 B7 B8 E4 5F 70 3E D2 D5 26 19 3E 9F DC 31 CA  ...._p>..&.>..1.
00004EA0:  04 B7 B8 E4 5F 70 3E D2 D5 26 19 3E 9F DC 31 CA  ...._p>..&.>..1.
00004EB0:  04 B7 B8 E4 5F 70 3E D2 D5 26 19 3E 9F DC 31 CA  ...._p>..&.>..1.
00004EC0:  04 B7 B8 E4 5F 70 3E D2 D5 26 19 3E 9F DC 31 CA  ...._p>..&.>..1.
00004ED0:  04 B7 B8 E4 5F 70 00 00 00 00 00 00 00 00 00 00  ...._p..........
00004EE0:  00 00 00 00 00 00 00 00 00 00 00 00 00 00 00 00  ................ [zeros]
00004EF0:  00 00 00 00 00 00 00 00 00 00 00 00 00 00 00 00  ................ [zeros]
00004F00:  00 00 00 00 00 00 00 00 00 00 00 00 00 00 00 00  ................ [zeros]
00004F10:  00 00 00 00 00 00 00 00 00 00 00 00 00 00 00 00  ................ [zeros]
00004F20:  00 00 00 00 00 00 B2 EB C8 8B 84 04 45 97 C7 20  ............E.. 
00004F30:  4E 78 81 9F AE 1A B2 EB C8 8B 84 04 45 97 C7 20  Nx..........E.. 
00004F40:  4E 78 81 9F AE 1A 3D E7 DA 39 9B D4 9A 89 38 4D  Nx....=..9....8M
00004F50:  FF 05 B6 01 B0 73 C4 F1 37 F0 DC D1 F2 75 F2 B2  .....s..7....u..
00004F60:  C6 1A 52 4C B4 5F 70 9C 6F ED EC 41 6A 03 E0 8F  ..RL._p.o..Aj...
00004F70:  D8 EE EA E5 4A 82 37 32 9D A2 D0 BE FD C8 8B FA  ....J.72........
00004F80:  F6 58 72 3D 27 E9 C8 52 10 84 87 3A BE 50 80 93  .Xr='..R...:.P..
00004F90:  17 07 83 5C B7 C3 50 E4 01 04 B9 1F AA 98 E5 BD  ...\..P.........
00004FA0:  51 D3 EC 74 DC 92 F9 98 79 73 54 F8 17 37 D8 9A  Q..t....ysT..7..
00004FB0:  6A 62 3B A9 85 4F 00 00 00 00 00 00 00 00 00 00  jb;..O..........
00004FC0:  00 00 00 00 00 00 00 00 00 00 00 00 00 00 00 00  ................ [zeros]
00004FD0:  00 00 00 00 00 00 00 00 00 00 00 00 00 00 00 00  ................ [zeros]
00004FE0:  00 00 00 00 00 00 00 00 00 00 00 00 00 00 00 00  ................ [zeros]
00004FF0:  00 00 00 00 00 00 00 00 00 00 00 00 00 00 00 00  ................ [zeros]
00005000:  00 00 00 00 00 00 00 00 00 00 00 00 00 00 00 00  ................ [zeros]
00005010:  00 00 00 00 00 00 00 00 00 00 00 00 00 00 00 00  ................ [zeros]
00005020:  00 00 00 00 00 00 00 00 00 00 00 00 00 00 00 00  ................ [zeros]
00005030:  00 00 00 00 00 00 00 00 00 00 00 00 00 00 00 00  ................ [zeros]
00005040:  00 00 00 00 00 00 00 00 00 00 00 00 00 00 00 00  ................ [zeros]
00005050:  00 00 00 00 00 00 00 00 00 00 00 00 00 00 00 00  ................ [zeros]
00005060:  00 00 00 00 00 00 8B D9 8C 0F 5A 55 A5 AB D4 B3  ..........ZU....
00005070:  93 3E 33 E9 16 74 E7 68 95 1D 56 64 F1 CE A0 1C  .>3..t.h..Vd....
00005080:  70 D7 F8 CD 3D 96 F8 48 35 76 96 C2 A6 5C B4 97  p...=..H5v...\..
00005090:  3E 14 44 94 4C 55 23 9D 6E 3C B7 8D 40 F4 23 20  >.D.LU#.n<..@.# 
000050A0:  3C BC 9F E9 52 F1 9B C5 AE D0 45 12 BC 8A 58 B9  <...R.....E...X.
000050B0:  2A 32 04 8B 58 42 C2 D5 C5 9F 70 1B A3 01 BB 94  *2..XB....p.....
000050C0:  17 1B 94 54 B2 95 1F 54 64 6F E9 8E 85 DC 73 F5  ...T...Tdo....s.
000050D0:  1B D3 C2 F4 87 26 70 39 CE 12 68 65 0B D4 21 08  .....&p9..he..!.
000050E0:  2F 4B 95 5F FB A0 D8 E3 06 9A 12 A9 76 C6 21 75  /K._........v.!u
000050F0:  F4 9C 49 61 C9 82 DE 09 0E 53 F6 1C B3 92 2C EC  ..Ia.....S....,.
00005100:  42 B2 3D 41 9B 88 00 00 00 00 00 00 00 00 00 00  B.=A............
00005110:  00 00 00 00 00 00 00 00 00 00 00 00 00 00 00 00  ................ [zeros]
00005120:  00 00 00 00 00 00 E1 5D 0C DB 0E 53 90 C9 5F F2  .......]...S.._.
00005130:  71 B1 E9 CC 33 72 8E B5 C5 F6 78 D7 F5 6E 53 18  q...3r....x..nS.
00005140:  97 00 53 52 87 52 42 B5 A1 38 94 C3 99 BD 9B 38  ..SR.RB..8.....8
00005150:  6A C4 5F A0 6A DA 32 89 8F 64 ED C3 E8 AA 96 AF  j._.j.2..d......
00005160:  3B 10 50 D6 63 B6 66 F2 5E AE C1 02 88 34 AF 4A  ;.P.c.f.^....4.J
00005170:  D9 12 31 95 67 6A 12 C3 03 58 CB C4 E7 3C F6 E6  ..1.gj...X...<..
00005180:  29 FE DC 5D 6B 17 8C 0E 7E 34 82 F3 78 A4 55 8C  )..]k...~4..x.U.
00005190:  B1 09 AB 05 29 18 E7 68 95 1D 56 64 F1 CE A0 1C  ....)..h..Vd....
000051A0:  70 D7 F8 CD 3D 96 00 00 00 00 00 00 00 00 00 00  p...=...........
000051B0:  00 00 00 00 00 00 F4 83 43 EB 70 9F EB 3A 1C 6D  ........C.p..:.m
000051C0:  BA DE 33 7F 6F 97 8E B5 C5 F6 78 D7 F5 6E 53 18  ..3.o.....x..nS.
000051D0:  97 00 53 52 87 52 42 B5 A1 38 94 C3 99 BD 9B 38  ..SR.RB..8.....8
000051E0:  6A C4 5F A0 6A DA 00 00 00 00 00 00 00 00 00 00  j._.j...........
000051F0:  00 00 00 00 00 00 00 00 00 00 00 00 00 00 00 00  ................ [zeros]
00005200:  00 00 00 00 00 00 00 00 00 00 00 00 00 00 00 00  ................ [zeros]
00005210:  00 00 00 00 00 00 00 00 00 00 00 00 00 00 00 00  ................ [zeros]
00005220:  00 00 00 00 00 00 00 00 00 00 00 00 00 00 00 00  ................ [zeros]
00005230:  00 00 00 00 00 00 00 00 00 00 00 00 00 00 00 00  ................ [zeros]
00005240:  00 00 00 00 00 00 00 00 00 00 00 00 00 00 00 00  ................ [zeros]
00005250:  00 00 00 00 00 00 00 00 00 00 00 00 00 00 00 00  ................ [zeros]
00005260:  00 00 00 00 00 00 00 00 00 00 00 00 00 00 00 00  ................ [zeros]
00005270:  00 00 00 00 00 00 00 00 00 00 00 00 00 00 00 00  ................ [zeros]
00005280:  00 00 00 00 00 00 00 00 00 00 00 00 00 00 00 00  ................ [zeros]
00005290:  00 00 00 00 00 00 00 00 00 00 00 00 00 00 00 00  ................ [zeros]
000052A0:  00 00 00 00 00 00 00 00 00 00 00 00 00 00 00 00  ................ [zeros]
000052B0:  00 00 00 00 00 00 BC 5D A8 86 73 63 8F 4E AA 4F  .......]..sc.N.O
000052C0:  39 A6 4D A6 09 6F 07 EE 7D 0F 13 AC CE E5 6E B1  9.M..o..}.....n.
000052D0:  22 5E 3B BB 28 76 F1 C9 6B 95 DE BB 87 4F 8E BD  "^;.(v..k....O..
000052E0:  4F DA 77 A9 16 BE BC 5D A8 86 73 63 8F 4E AA 4F  O.w....]..sc.N.O
000052F0:  39 A6 4D A6 09 6F 07 EE 7D 0F 13 AC CE E5 6E B1  9.M..o..}.....n.
00005300:  22 5E 3B BB 28 76 F1 C9 6B 95 DE BB 87 4F 8E BD  "^;.(v..k....O..
00005310:  4F DA 77 A9 16 BE BC 5D A8 86 73 63 8F 4E AA 4F  O.w....]..sc.N.O
00005320:  39 A6 4D A6 09 6F 2C 41 B9 1F 7E 17 A5 09 E0 81  9.M..o,A..~.....
00005330:  ED ED 7F 86 A0 5C 00 00 00 00 00 00 00 00 00 00  .....\..........
00005340:  00 00 00 00 00 00 D1 66 93 41 B3 E7 3A 57 AB F5  .......f.A..:W..
00005350:  27 09 B6 95 00 86 92 FA FC 74 33 12 80 74 12 2A  '........t3..t.*
00005360:  4F 33 37 40 31 0C 18 52 06 AE A8 C6 10 E6 80 87  O37@1..R........
00005370:  E4 C0 6E DB EC 82 6D 0D B3 1A 40 24 AB 08 AA 81  ..n...m...@$....
00005380:  23 71 BE 65 FE A3 94 64 DC CD 13 C2 11 47 CD F0  #q.e...d.....G..
00005390:  45 F0 E6 6F 3D B1 7C 51 9F B4 C3 01 0A 09 74 87  E..o=.|Q......t.
000053A0:  5D 7C 7F 86 75 2B 36 1B E3 97 FF E0 61 9B 05 30  ]|..u+6.....a..0
000053B0:  3C B6 AF BE 1D 37 BD 32 6D B4 B1 B2 E9 8A 96 E8  <....7.2m.......
000053C0:  EF 5D E8 5E C1 DD D1 28 89 F3 77 95 2C DD AE 25  .].^...(..w.,..%
000053D0:  32 FC FE BC 32 F5 28 5F 32 7C 8F 25 D5 D9 EB 06  2...2.(_2|.%....
000053E0:  46 48 F1 10 80 D1 A8 E6 A2 FC 2E 64 82 58 91 61  FH.........d.X.a
000053F0:  BC E0 FA 80 C0 DE 09 B0 A4 CB 5A 35 02 05 60 D2  ..........Z5..`.
00005400:  1F C9 01 CA 5E D3 79 88 C6 62 98 BE 09 57 59 37  ....^.y..b...WY7
00005410:  8A 94 AD A8 21 2F 6F 59 FF 67 A1 93 77 70 F2 4E  ....!/oY.g..wp.N
00005420:  02 AB A9 18 C5 10 CA 00 B4 E4 AA A3 36 73 CC D0  ............6s..
00005430:  E7 0C E1 70 2F 1D 8E B5 C5 F6 78 D7 F5 6E 53 18  ...p/.....x..nS.
00005440:  97 00 53 52 87 52 8C 0E 7E 34 82 F3 78 A4 55 8C  ..SR.R..~4..x.U.
00005450:  B1 09 AB 05 29 18 00 00 00 00 00 00 00 00 00 00  ....)...........
00005460:  00 00 00 00 00 00 32 89 8F 64 ED C3 E8 AA 96 AF  ......2..d......
00005470:  3B 10 50 D6 63 B6 00 00 00 00 00 00 00 00 00 00  ;.P.c...........
00005480:  00 00 00 00 00 00 F4 83 43 EB 70 9F EB 3A 1C 6D  ........C.p..:.m
00005490:  BA DE 33 7F 6F 97 12 C3 03 58 CB C4 E7 3C F6 E6  ..3.o....X...<..
000054A0:  29 FE DC 5D 6B 17 00 00 00 00 00 00 00 00 00 00  )..]k...........
000054B0:  00 00 00 00 00 00 42 B5 A1 38 94 C3 99 BD 9B 38  ......B..8.....8
000054C0:  6A C4 5F A0 6A DA E7 68 95 1D 56 64 F1 CE A0 1C  j._.j..h..Vd....
000054D0:  70 D7 F8 CD 3D 96 00 00 00 00 00 00 00 00 00 00  p...=...........
000054E0:  00 00 00 00 00 00 66 F2 5E AE C1 02 88 34 AF 4A  ......f.^....4.J
000054F0:  D9 12 31 95 67 6A 00 00 00 00 00 00 00 00 00 00  ..1.gj..........
00005500:  00 00 00 00 00 00 8E B5 C5 F6 78 D7 F5 6E 53 18  ..........x..nS.
00005510:  97 00 53 52 87 52 8C 0E 7E 34 82 F3 78 A4 55 8C  ..SR.R..~4..x.U.
00005520:  B1 09 AB 05 29 18 00 00 00 00 00 00 00 00 00 00  ....)...........
00005530:  00 00 00 00 00 00 00 00 00 00 00 00 00 00 00 00  ................ [zeros]
00005540:  00 00 00 00 00 00 00 00 00 00 00 00 00 00 00 00  ................ [zeros]
00005550:  00 00 00 00 00 00 00 00 00 00 00 00 00 00 00 00  ................ [zeros]
00005560:  00 00 00 00 00 00 00 00 00 00 00 00 00 00 00 00  ................ [zeros]
00005570:  00 00 00 00 00 00 00 00 00 00 00 00 00 00 00 00  ................ [zeros]
00005580:  00 00 00 00 00 00 43 C6 A8 0F 2D D2 89 76 00 8E  ......C...-..v..
00005590:  4A 6F 19 8C 28 30 61 82 5A 8B 82 4C 5B 89 85 18  Jo..(0a.Z..L[...
000055A0:  12 DF 09 25 3F F0 2A B2 6E 40 B1 59 20 6E 91 75  ...%?.*.n@.Y n.u
000055B0:  CA 91 42 22 0D F5 61 82 5A 8B 82 4C 5B 89 85 18  ..B"..a.Z..L[...
000055C0:  12 DF 09 25 3F F0 B4 87 88 99 DC 52 87 D5 95 EC  ...%?......R....
000055D0:  56 D9 C1 4C 22 C9 17 DD 49 BC 5F 09 68 F8 52 30  V..L"...I._.h.R0
000055E0:  DF D3 4E 7E 45 6F A8 9A 17 1C 49 F1 76 57 3D 4B  ..N~Eo....I.vW=K
000055F0:  B6 35 7F FE BF EE 69 37 76 45 56 7C C0 20 36 11  .5....i7vEV|. 6.
00005600:  F1 26 CD B3 FC 70 2E 15 A8 FE 49 A2 A1 EF 61 CA  .&...p....I...a.
00005610:  43 F3 F5 5B 09 22 00 00 00 00 00 00 00 00 00 00  C..[."..........
00005620:  00 00 00 00 00 00 41 0F C1 46 F3 AF 4E E4 7B 3F  ......A..F..N.{?
00005630:  39 53 5F C8 3F 34 D6 1D 80 63 1F F1 A9 7A 26 3B  9S_.?4...c...z&;
00005640:  3A AB 01 43 D1 63 95 30 EA 7F 6F A9 CB F9 E9 05  :..C.c.0..o.....
00005650:  7C 43 A9 B7 CA 11 96 E7 38 C6 E9 17 A9 7D 0D 7A  |C......8....}.z
00005660:  AB D5 C0 C6 B2 BE 7B 75 A6 BE 99 E2 5E 4D E8 01  ......{u....^M..
00005670:  28 A2 FF 0B 6B 15 51 56 1A 7B AC E9 17 8A DC 42  (...k.QV.{.....B
00005680:  BE C0 08 9F 26 80 DC CF A9 E7 5C A9 47 A4 C0 09  ....&.....\.G...
00005690:  8A FE 3D E1 D2 24 95 3F 05 0D F7 A5 76 8C 19 ED  ..=..$.?....v...
000056A0:  DB C3 D0 42 9A 97 BA D0 E2 14 F0 15 0A FF 7C 9D  ...B..........|.
000056B0:  83 0A AE AD 5C 1C 61 06 CA 2E B0 09 16 D4 65 3D  ....\.a.......e=
000056C0:  D5 28 6D 01 F3 F7 4A 3E 31 FD D8 50 15 60 4B 5E  .(m...J>1..P.`K^
000056D0:  D1 8B BC 0B F0 AB 00 00 00 00 00 00 00 00 00 00  ................
000056E0:  00 00 00 00 00 00 00 00 00 00 00 00 00 00 00 00  ................ [zeros]
000056F0:  00 00 00 00 00 00 00 00 00 00 00 00 00 00 00 00  ................ [zeros]
00005700:  00 00 00 00 00 00 00 00 00 00 00 00 00 00 00 00  ................ [zeros]
00005710:  00 00 00 00 00 00 AC 8D B0 3B A9 57 4E 37 D2 0F  .........;.WN7..
00005720:  27 25 DC 7C 30 DA CF 8D B2 E5 C4 C8 8F 93 FC 07  '%.|0...........
00005730:  82 94 AA 8F 34 E3 A7 6B 29 B2 A6 E4 69 AA 78 E3  ....4..k)...i.x.
00005740:  73 F2 69 13 10 5E B0 94 79 79 57 18 C1 C6 9F F7  s.i..^..yyW.....
00005750:  6A A9 13 D5 15 24 8A 57 F4 17 72 2F BE CE 72 A5  j....$.W..r/..r.
00005760:  C7 21 9E 4E 53 ED 70 1D 14 AD D7 C5 DC 14 40 77  .!.NS.p.......@w
00005770:  34 CD 20 2F C7 41 18 4A A3 41 43 A6 11 8A 61 7D  4. /.A.J.AC...a}
00005780:  08 05 6C 81 94 29 AB D4 18 DB 22 CF DB FA B2 AE  ..l..)....".....
00005790:  3E 9D 63 95 21 96 5F 89 1B 06 8F 9D 65 1D 63 9F  >.c.!._.....e.c.
000057A0:  FF 62 89 61 B2 CA 35 21 72 96 99 34 0D 61 29 03  .b.a..5!r..4.a).
000057B0:  4F 17 2E 44 57 DF 03 D3 10 DA 84 22 DF 81 58 46  O..DW......"..XF
000057C0:  76 36 ED 4C 0D C2 28 C1 B5 26 69 43 74 E4 35 F2  v6.L..(..&iCt.5.
000057D0:  7D 45 A3 B3 B1 7A 7D 6F 77 2D E3 80 D8 97 11 75  }E...z}ow-.....u
000057E0:  B3 D7 45 A7 82 28 24 41 5A 74 6D F2 40 41 0B 47  ..E..($AZtm.@A.G
000057F0:  BC 7E 07 EF 27 95 F0 2C AA 49 DC BA 23 42 F3 3D  .~..'..,.I..#B.=
00005800:  1E 8D AF 29 81 4E 96 95 AA E2 ED E6 72 24 CD 34  ...).N......r$.4
00005810:  97 7B B7 30 2F DA 8C 0F EE 56 13 A5 C4 93 A5 A2  .{.0/....V......
00005820:  C1 5A 29 F2 58 CF D9 5E 82 9A EC 8D 1F 00 6F A1  .Z).X..^......o.
00005830:  BA 50 76 F6 0D 3A 2A 81 F1 5D 9F C5 B4 D4 E9 BA  .Pv..:*..]......
00005840:  83 B0 74 8E AC 3B C4 37 7B 94 36 41 20 77 5A 20  ..t..;.7{.6A wZ 
00005850:  DB E7 3D 74 11 AE E6 B9 F9 55 46 7D 06 F0 E1 03  ..=t.....UF}....
00005860:  FA B8 79 34 2F 6C 9E 1D BF 0E 7D 6C 0D B3 3F BF  ..y4/l....}l..?.
00005870:  7B 28 FC 38 9C B0 D1 71 68 C7 7D CB 36 8A B6 44  {(.8...qh.}.6..D
00005880:  41 B5 24 73 84 FE AE F9 D8 9F DA 08 DC DD 3B 1D  A.$s..........;.
00005890:  97 CB 98 C2 BE 74 02 39 24 08 17 78 59 B0 F9 A3  .....t.9$..xY...
000058A0:  4D 88 24 42 9C DD F8 90 ED 05 C8 BA 8B D4 4D 0A  M.$B..........M.
000058B0:  EB 86 8F EE C6 75 84 B0 EA 94 0A 35 91 D6 34 40  .....u.....5..4@
000058C0:  EF 1F 5A 97 C2 8F 14 EC 65 28 65 29 D5 55 A8 B4  ..Z.....e(e).U..
000058D0:  45 EE 67 30 FE 86 1E A1 F6 34 53 12 1D CE 92 64  E.g0.....4S....d
000058E0:  DA 8F 1C 2F A3 D3 0E 64 B2 F2 FE 60 4E DB 66 8A  .../...d...`N.f.
000058F0:  6B FA 34 57 2B E7 68 DE 0C D5 44 A0 28 D1 92 D6  k.4W+.h...D.(...
00005900:  A1 88 09 58 45 23 09 E2 0A 43 D7 E4 EC AA 31 3D  ...XE#...C....1=
00005910:  35 07 3A B3 E3 3F 64 13 8A 7A 15 B5 9F 2A A7 59  5.:..?d..z...*.Y
00005920:  FA D4 2C B4 6C 4B 9D A8 3E 85 F0 06 32 F7 56 26  ..,.lK..>...2.V&
00005930:  D8 D8 BB 91 3F 0F 15 23 49 E0 FD 16 F6 BE 94 E4  ....?..#I.......
00005940:  80 77 0F BE 17 98 45 3B 65 DA 24 AB 6D BB 21 72  .w....E;e.$.m.!r
00005950:  95 2A A2 62 E2 C7 8F 51 D4 C7 84 CB 04 99 68 5E  .*.b...Q......h^
00005960:  D2 37 C1 E7 D3 A9 79 DA 48 D3 EF 9B 63 22 D8 D1  .7....y.H...c"..
00005970:  D5 C1 B0 B6 C3 88 35 B4 7E 95 2E E6 6F 95 90 2B  ......5.~...o..+
00005980:  CB CE 6C A5 BF 2E 8C 7C BD 7A 47 E1 3C 1E 70 52  ..l....|.zG.<.pR
00005990:  3C C8 46 32 39 7F 00 00 00 00 00 00 00 00 00 00  <.F29...........
000059A0:  00 00 00 00 00 00 00 00 00 00 00 00 00 00 00 00  ................ [zeros]
000059B0:  00 00 00 00 00 00 00 00 00 00 00 00 00 00 00 00  ................ [zeros]
000059C0:  00 00 00 00 00 00 00 00 00 00 00 00 00 00 00 00  ................ [zeros]
000059D0:  00 00 00 00 00 00 00 00 00 00 00 00 00 00 00 00  ................ [zeros]
000059E0:  00 00 00 00 00 00 00 00 00 00 00 00 00 00 00 00  ................ [zeros]
000059F0:  00 00 00 00 00 00 00 00 00 00 00 00 00 00 00 00  ................ [zeros]
00005A00:  00 00 00 00 00 00 BA B6 64 F6 57 13 EE 45 C7 CB  ........d.W..E..
00005A10:  BC 83 E4 83 F4 88 28 58 7E 40 D3 5E C1 A0 48 E3  ......(X~@.^..H.
00005A20:  09 73 51 E9 49 3B 24 D7 96 E3 33 92 D7 B9 81 58  .sQ.I;$...3....X
00005A30:  17 23 E0 A0 FF 21 EC 7C 7F 48 4C 0E 64 E2 AD B7  .#...!.|.HL.d...
00005A40:  65 96 91 D0 3B 8E 4B B7 43 1F E3 A0 3C C9 0A 14  e...;.K.C...<...
00005A50:  30 EA 3B FC D1 97 C4 E6 9D 77 FB E4 8B E7 CA 88  0.;......w......
00005A60:  AC 72 97 47 48 6B 00 5C 18 39 29 FF 4D A3 F0 55  .r.GHk.\.9).M..U
00005A70:  87 0B 15 F3 EA 38 18 B9 11 0F B1 93 04 63 91 5A  .....8.......c.Z
00005A80:  8A A3 90 66 BD D6 F2 58 6A FC 92 CF F1 D1 E0 06  ...f...Xj.......
00005A90:  1B 1A 1C 2C 0E 17 1C 61 CB 80 4D 9C C1 77 5A 38  ...,...a..M..wZ8
00005AA0:  92 D5 E7 D9 C2 CB B6 4F A0 CF D5 6E 9B 98 F1 E8  .......O...n....
00005AB0:  13 F7 2B 4E BC F1 00 00 00 00 00 00 00 00 00 00  ..+N............
00005AC0:  00 00 00 00 00 00 7F 20 13 DD DB 91 74 0E 0D D6  ....... ....t...
00005AD0:  68 99 A4 9C 11 C4 97 9E 4A 1F F4 0D D5 A6 C3 49  h.......J......I
00005AE0:  65 F6 78 56 D4 BA 00 00 00 00 00 00 00 00 00 00  e.xV............
00005AF0:  00 00 00 00 00 00 00 00 00 00 00 00 00 00 00 00  ................ [zeros]
00005B00:  00 00 00 00 00 00 00 00 00 00 00 00 00 00 00 00  ................ [zeros]
00005B10:  00 00 00 00 00 00 00 00 00 00 00 00 00 00 00 00  ................ [zeros]
00005B20:  00 00 00 00 00 00 00 00 00 00 00 00 00 00 00 00  ................ [zeros]
00005B30:  00 00 00 00 00 00 00 00 00 00 00 00 00 00 00 00  ................ [zeros]
00005B40:  00 00 00 00 00 00 00 00 00 00 00 00 00 00 00 00  ................ [zeros]
00005B50:  00 00 00 00 00 00 00 00 00 00 00 00 00 00 00 00  ................ [zeros]
00005B60:  00 00 00 00 00 00 00 00 00 00 00 00 00 00 00 00  ................ [zeros]
00005B70:  00 00 00 00 00 00 00 00 00 00 00 00 00 00 00 00  ................ [zeros]
00005B80:  00 00 00 00 00 00 00 00 00 00 00 00 00 00 00 00  ................ [zeros]
00005B90:  00 00 00 00 00 00 00 00 00 00 00 00 00 00 00 00  ................ [zeros]
00005BA0:  00 00 00 00 00 00 00 00 00 00 00 00 00 00 00 00  ................ [zeros]
00005BB0:  00 00 00 00 00 00 56 44 10 4E 55 EE 3E 03 91 3F  ......VD.NU.>..?
00005BC0:  A2 92 2C 5C 20 6B DD 4E 03 CB 1B 4C B8 0C 13 72  ..,\ k.N...L...r
00005BD0:  AD 0E 9C 0B FF 17 00 00 00 00 00 00 00 00 00 00  ................
00005BE0:  00 00 00 00 00 00 4A F5 71 6B 7B D6 91 34 6A AD  ......J.qk{..4j.
00005BF0:  F3 28 B0 78 67 5D 7D 7E 24 F6 44 99 5E C9 62 00  .(.xg]}~$.D.^.b.
00005C00:  83 FC 36 D2 05 3F 56 88 79 D0 49 23 7A F0 3B A2  ..6..?V.y.I#z.;.
00005C10:  24 14 FF 78 43 EB 00 00 00 00 00 00 00 00 00 00  $..xC...........
00005C20:  00 00 00 00 00 00 99 FE 89 D9 73 BD 35 B3 A5 24  ..........s.5..$
00005C30:  2F 71 7C BC B0 AA 25 F2 22 9A BB 78 08 E8 ED 62  /q|...%."..x...b
00005C40:  41 94 C3 33 FE 60 B0 C4 27 3F C9 94 C0 97 D6 9C  A..3.`..'?......
00005C50:  1E 6A 99 0D 74 C7 FD A4 1A B1 22 5C 80 BE 56 09  .j..t....."\..V.
00005C60:  BA 6A 9E 41 47 72 AD 37 45 5D 91 22 20 43 94 E7  .j.AGr.7E]." C..
00005C70:  65 BD D3 66 39 16 80 5C C5 09 DF 99 40 6B 6A 5C  e..f9..\....@kj\
00005C80:  1B 0F 1C 81 CE 4D 8B D3 53 1F 02 8F C6 F2 A5 1A  .....M..S.......
00005C90:  C0 2D 37 FC 20 0C BD 06 E2 67 7A C4 D6 C6 A9 1C  .-7. ....gz.....
00005CA0:  8B 77 64 84 24 BF 0F 6C 08 A4 E8 AA 6E CD B2 62  .wd.$..l....n..b
00005CB0:  75 09 71 F4 A7 A6 67 F9 5D 99 78 4C 14 4C BC 2D  u.q...g.].xL.L.-
00005CC0:  51 78 88 A5 A4 0B 0C B4 30 E9 B4 DE 3E 15 F3 59  Qx......0...>..Y
00005CD0:  B9 AA DF ED C3 F6 76 67 8B A7 92 47 80 AD 75 23  ......vg...G..u#
00005CE0:  DF EC 62 64 61 CF 0D 35 BD B6 06 27 86 59 0E 6C  ..bda..5...'.Y.l
00005CF0:  40 59 D1 AB 98 B6 EE 7B 0F B6 1A D3 BA E2 44 09  @Y.....{......D.
00005D00:  32 7C 63 17 FC E3 55 A2 55 84 BD BE 39 07 A5 4F  2|c...U.U...9..O
00005D10:  55 C7 24 23 88 CE AE 06 FF 77 D8 E1 C6 57 74 67  U.$#.....w...Wtg
00005D20:  20 67 A1 5A 51 59 77 7A 5C AB 89 7F A0 D9 E2 F9   g.ZQYwz\.......
00005D30:  F4 CA 6A 27 4F BA A8 A2 EF 27 71 8C 0B 62 94 D5  ..j'O....'q..b..
00005D40:  74 82 45 15 73 FC C5 83 AF 70 D5 82 EF 0D 73 A1  t.E.s....p....s.
00005D50:  C9 B7 F8 E1 BC 2B B6 B0 E3 79 56 51 CB 42 FF 52  .....+...yVQ.B.R
00005D60:  EF D8 F8 D8 61 90 92 A4 35 73 B9 EA 0B 17 EC 90  ....a...5s......
00005D70:  A7 2B AB 02 69 F1 BB C7 74 D2 99 13 7B 32 15 A2  .+..i...t...{2..
00005D80:  AA A9 15 73 20 1F E2 25 F1 69 D7 4C 0A 7A 22 33  ...s ..%.i.L.z"3
00005D90:  45 E2 B9 16 88 5F 27 14 82 F9 9A 08 7A 04 C3 0E  E...._'.....z...
00005DA0:  61 7C 4B 66 79 3B 15 F2 A1 B2 AC 47 16 E8 8A 31  a|Kfy;.....G...1
00005DB0:  05 5D C9 D5 D6 5D D3 68 4C 66 42 54 D4 1F 9A D9  .]...].hLfBT....
00005DC0:  54 8C DB E3 99 30 DD 4E 03 CB 1B 4C B8 0C 13 72  T....0.N...L...r
00005DD0:  AD 0E 9C 0B FF 17 DE 0F CD 5D 0B 81 9A 70 E4 6D  .........]...p.m
00005DE0:  81 40 28 90 F9 49 4A 22 AC 6F 76 29 A0 F9 05 29  .@(..IJ".ov)...)
00005DF0:  99 AC B6 A7 79 D6 00 00 00 00 00 00 00 00 00 00  ....y...........
00005E00:  00 00 00 00 00 00 00 00 00 00 00 00 00 00 00 00  ................ [zeros]
00005E10:  00 00 00 00 00 00 00 00 00 00 00 00 00 00 00 00  ................ [zeros]
00005E20:  00 00 00 00 00 00 00 00 00 00 00 00 00 00 00 00  ................ [zeros]
00005E30:  00 00 00 00 00 00 00 00 00 00 00 00 00 00 00 00  ................ [zeros]
00005E40:  00 00 00 00 00 00 00 00 00 00 00 00 00 00 00 00  ................ [zeros]
00005E50:  00 00 00 00 00 00 00 00 00 00 00 00 00 00 00 00  ................ [zeros]
00005E60:  00 00 00 00 00 00 00 00 00 00 00 00 00 00 00 00  ................ [zeros]
00005E70:  00 00 00 00 00 00 00 00 00 00 00 00 00 00 00 00  ................ [zeros]
00005E80:  00 00 00 00 00 00 00 00 00 00 00 00 00 00 00 00  ................ [zeros]
00005E90:  00 00 00 00 00 00 00 00 00 00 00 00 00 00 00 00  ................ [zeros]
00005EA0:  00 00 00 00 00 00 00 00 00 00 00 00 00 00 00 00  ................ [zeros]
00005EB0:  00 00 00 00 00 00 00 00 00 00 00 00 00 00 00 00  ................ [zeros]
00005EC0:  00 00 00 00 00 00 00 00 00 00 00 00 00 00 00 00  ................ [zeros]
00005ED0:  00 00 00 00 00 00 9A B6 85 67 4F DE 12 03 7F ED  .........gO.....
00005EE0:  C7 C0 7F 93 7B A2 00 00 00 00 00 00 00 00 00 00  ....{...........
00005EF0:  00 00 00 00 00 00 AF 45 27 F0 CF E4 E5 E0 31 DC  .......E'.....1.
00005F00:  D0 D3 D3 62 F7 3E 5D 8E 91 00 0E BE 6F 65 E7 8B  ...b.>].....oe..
00005F10:  0C 7F 94 C6 95 8E 6E FB E5 36 6B C8 93 4B 05 8D  ......n..6k..K..
00005F20:  E5 73 05 56 FE 81 F6 A6 4F 61 8A EB 13 10 8B D1  .s.V....Oa......
00005F30:  38 E3 06 99 E8 2F 56 44 10 4E 55 EE 3E 03 91 3F  8..../VD.NU.>..?
00005F40:  A2 92 2C 5C 20 6B 1B D2 CC 2A C3 0C 0A 57 A4 65  ..,\ k...*...W.e
00005F50:  4E ED AA 2B 7D 9D EC 3B F1 C5 9B D7 38 46 99 D8  N..+}..;....8F..
00005F60:  29 14 47 4F 74 80 08 03 CB 6B 44 6F 7E 20 CE DA  ).GOt....kDo~ ..
00005F70:  41 F2 05 43 F2 BC 65 E0 AA EA 32 18 69 88 84 60  A..C..e...2.i..`
00005F80:  2B B2 D5 D1 8F C7 14 B0 02 C1 12 FA 19 31 BA 5E  +............1.^
00005F90:  D6 D3 C5 91 0E 97 C5 33 28 B6 61 82 FA 65 16 2B  .......3(.a..e.+
00005FA0:  4C 42 62 FB B6 13 8B CB AF F0 A7 7D 24 1E B7 65  LBb........}$..e
00005FB0:  21 82 F4 3A FD 0C B1 AF B9 BE D2 27 A8 A7 F3 7B  !..:.......'...{
00005FC0:  EF 7B 79 E9 82 95 70 B8 50 B9 64 C4 B8 63 03 5A  .{y...p.P.d..c.Z
00005FD0:  FD 36 2C 6C 19 A7 87 26 E7 97 79 0E 7D DF 39 5B  .6,l...&..y.}.9[
00005FE0:  C1 4F 21 DD 69 0B A3 0F E9 F6 DB 3D 50 2A 4D B8  .O!.i......=P*M.
00005FF0:  91 FF FF B7 5F EA 0F 88 E0 64 DF 1A 03 94 AF 4E  ...._....d.....N
00006000:  29 EC 5E 13 1D B4 94 F6 13 47 6A 98 6A 2F 0D 1E  ).^......Gj.j/..
00006010:  85 2F F2 1B A5 2E B4 4E 34 00 01 2D 5C 60 63 ED  ./.....N4..-\`c.
00006020:  C3 79 8A 7D F0 79 93 D9 58 E0 A4 3B 4C ED 6A F6  .y.}.y..X..;L.j.
00006030:  15 B1 24 A2 CC F1 56 6D 1E 5A A9 D6 BD F8 3B CE  ..$...Vm.Z....;.
00006040:  59 1A 79 6A C3 BD 62 80 27 16 C5 46 05 3E 69 95  Y.yj..b.'..F.>i.
00006050:  D4 CF 45 6F C6 BA B2 18 83 21 CE B9 78 F1 83 66  ..Eo.....!..x..f
00006060:  3A 6C 44 78 1C F4 C1 D2 95 1A CE 5D CB 08 1A F6  :lDx.......]....
00006070:  25 67 81 5A 11 9D FE 12 00 63 3F 7B 19 3A EE F9  %g.Z.....c?{.:..
00006080:  4E 0D B0 25 87 F0 6A 8B D9 06 24 51 BB EA 44 39  N..%..j...$Q..D9
00006090:  EB 68 4B 7C 68 70 F0 65 6D 94 46 60 30 DB D8 DF  .hK|hp.em.F`0...
000060A0:  36 73 AA FE 1E 83 92 25 85 58 30 5B 00 10 5A B6  6s.....%.X0[..Z.
000060B0:  8F 44 EA 55 A8 A6 46 05 7D CB 32 42 F9 9F 93 04  .D.U..F.}.2B....
000060C0:  C1 52 5F E2 A5 87 10 81 CC AD CF 04 82 49 AF ED  .R_..........I..
000060D0:  E8 5C 9B BA 57 C7 8C 7C BD 7A 47 E1 3C 1E 70 52  .\..W..|.zG.<.pR
000060E0:  3C C8 46 32 39 7F 8F 4D 3F 4D 93 69 51 3E AC 5F  <.F29..M?M.iQ>._
000060F0:  4E CB AC 5E 74 7D 00 00 00 00 00 00 00 00 00 00  N..^t}..........
00006100:  00 00 00 00 00 00 00 00 00 00 00 00 00 00 00 00  ................ [zeros]
00006110:  00 00 00 00 00 00 00 00 00 00 00 00 00 00 00 00  ................ [zeros]
00006120:  00 00 00 00 00 00 00 00 00 00 00 00 00 00 00 00  ................ [zeros]
00006130:  00 00 00 00 00 00 27 E0 A7 71 94 1C 6B FF D5 08  ......'..q..k...
00006140:  38 EF 43 99 1E 70 67 03 9F D4 32 22 8C AA 01 A8  8.C..pg...2"....
00006150:  78 CB 03 7A 35 FA 22 C1 D4 99 2F 67 46 B7 67 BA  x..z5.".../gF.g.
00006160:  65 FA FB 18 22 7C 79 EA 16 E4 04 25 BC 12 12 75  e..."|y....%...u
00006170:  85 5E 6D 11 7E 89 A4 29 84 DA 41 20 B0 C5 8B 91  .^m.~..)..A ....
00006180:  ED 16 11 19 9E E6 00 00 00 00 00 00 00 00 00 00  ................
00006190:  00 00 00 00 00 00 00 00 00 00 00 00 00 00 00 00  ................ [zeros]
000061A0:  00 00 00 00 00 00 00 00 00 00 00 00 00 00 00 00  ................ [zeros]
000061B0:  00 00 00 00 00 00 00 00 00 00 00 00 00 00 00 00  ................ [zeros]
000061C0:  00 00 00 00 00 00 00 00 00 00 00 00 00 00 00 00  ................ [zeros]
000061D0:  00 00 00 00 00 00 00 00 00 00 00 00 00 00 00 00  ................ [zeros]
000061E0:  00 00 00 00 00 00 00 00 00 00 00 00 00 00 00 00  ................ [zeros]
000061F0:  00 00 00 00 00 00 00 00 00 00 00 00 00 00 00 00  ................ [zeros]
00006200:  00 00 00 00 00 00 00 00 00 00 00 00 00 00 00 00  ................ [zeros]
00006210:  00 00 00 00 00 00 00 00 00 00 00 00 00 00 00 00  ................ [zeros]
00006220:  00 00 00 00 00 00 00 00 00 00 00 00 00 00 00 00  ................ [zeros]
00006230:  00 00 00 00 00 00 61 45 EE 26 0C BA 30 23 16 D0  ......aE.&..0#..
00006240:  8D 6B 39 84 44 1F 49 73 BC 6D 2B 3B EC B4 A7 42  .k9.D.Is.m+;...B
00006250:  6E 91 B3 64 3D 9B ED CF 5C 3D 30 B1 DD 97 7E E4  n..d=...\=0...~.
00006260:  7D D0 65 F0 9B 68 56 44 10 4E 55 EE 3E 03 91 3F  }.e..hVD.NU.>..?
00006270:  A2 92 2C 5C 20 6B 00 00 00 00 00 00 00 00 00 00  ..,\ k..........
00006280:  00 00 00 00 00 00 00 00 00 00 00 00 00 00 00 00  ................ [zeros]
00006290:  00 00 00 00 00 00 00 00 00 00 00 00 00 00 00 00  ................ [zeros]
000062A0:  00 00 00 00 00 00 00 00 00 00 00 00 00 00 00 00  ................ [zeros]
000062B0:  00 00 00 00 00 00 00 00 00 00 00 00 00 00 00 00  ................ [zeros]
000062C0:  00 00 00 00 00 00 0F 5A A8 F3 73 BB 33 FB A0 06  .......Z..s.3...
000062D0:  64 0B B3 70 B6 D0 48 63 1B 65 41 01 D2 85 F0 92  d..p..Hc.eA.....
000062E0:  06 77 84 38 15 0F 00 00 00 00 00 00 00 00 00 00  .w.8............
000062F0:  00 00 00 00 00 00 00 00 00 00 00 00 00 00 00 00  ................ [zeros]
00006300:  00 00 00 00 00 00 00 00 00 00 00 00 00 00 00 00  ................ [zeros]
00006310:  00 00 00 00 00 00 00 00 00 00 00 00 00 00 00 00  ................ [zeros]
00006320:  00 00 00 00 00 00 00 00 00 00 00 00 00 00 00 00  ................ [zeros]
00006330:  00 00 00 00 00 00 00 00 00 00 00 00 00 00 00 00  ................ [zeros]
00006340:  00 00 00 00 00 00 00 00 00 00 00 00 00 00 00 00  ................ [zeros]
00006350:  00 00 00 00 00 00 00 00 00 00 00 00 00 00 00 00  ................ [zeros]
00006360:  00 00 00 00 00 00 00 00 00 00 00 00 00 00 00 00  ................ [zeros]
00006370:  00 00 00 00 00 00 00 00 00 00 00 00 00 00 00 00  ................ [zeros]
00006380:  00 00 00 00 00 00 00 00 00 00 00 00 00 00 00 00  ................ [zeros]
00006390:  00 00 00 00 00 00 2B A9 86 F0 7F 22 7D 07 C8 14  ......+...."}...
000063A0:  4E CB 15 DF 31 1D 58 67 3A DA 44 CB 36 B3 E1 B3  N...1.Xg:.D.6...
000063B0:  FE 44 5F 9E CB 02 B9 E4 1F 64 AB F6 3D 23 F2 88  .D_......d..=#..
000063C0:  B4 20 52 B2 1A 20 1C 01 78 7D AC 2F BE 61 82 60  . R.. ..x}./.a.`
000063D0:  9B ED A2 29 59 91 DE 0F CD 5D 0B 81 9A 70 E4 6D  ...)Y....]...p.m
000063E0:  81 40 28 90 F9 49 00 00 00 00 00 00 00 00 00 00  .@(..I..........
000063F0:  00 00 00 00 00 00 00 00 00 00 00 00 00 00 00 00  ................ [zeros]
00006400:  00 00 00 00 00 00 00 00 00 00 00 00 00 00 00 00  ................ [zeros]
00006410:  00 00 00 00 00 00 00 00 00 00 00 00 00 00 00 00  ................ [zeros]
00006420:  00 00 00 00 00 00 00 00 00 00 00 00 00 00 00 00  ................ [zeros]
00006430:  00 00 00 00 00 00 9B 40 FC 5A 2C 45 69 8E A0 83  .......@.Z,Ei...
00006440:  7A 88 05 04 17 93 F0 7B 1B 2F 55 4A 1B E9 6C 70  z......{./UJ..lp
00006450:  3C F6 6F 27 89 DD 00 00 00 00 00 00 00 00 00 00  <.o'............
00006460:  00 00 00 00 00 00 00 00 00 00 00 00 00 00 00 00  ................ [zeros]
00006470:  00 00 00 00 00 00 00 00 00 00 00 00 00 00 00 00  ................ [zeros]
00006480:  00 00 00 00 00 00 00 00 00 00 00 00 00 00 00 00  ................ [zeros]
00006490:  00 00 00 00 00 00 00 00 00 00 00 00 00 00 00 00  ................ [zeros]
000064A0:  00 00 00 00 00 00 00 00 00 00 00 00 00 00 00 00  ................ [zeros]
000064B0:  00 00 00 00 00 00 00 00 00 00 00 00 00 00 00 00  ................ [zeros]
000064C0:  00 00 00 00 00 00 00 00 00 00 00 00 00 00 00 00  ................ [zeros]
000064D0:  00 00 00 00 00 00 00 00 00 00 00 00 00 00 00 00  ................ [zeros]
000064E0:  00 00 00 00 00 00 00 00 00 00 00 00 00 00 00 00  ................ [zeros]
000064F0:  00 00 00 00 00 00 00 00 00 00 00 00 00 00 00 00  ................ [zeros]
00006500:  00 00 00 00 00 00 18 5A E5 EF 64 D7 D2 95 03 77  .......Z..d....w
00006510:  85 8E 61 30 3C 18 95 EA C1 50 7A C2 41 BB 03 60  ..a0<....Pz.A..`
00006520:  06 B5 BB AC 17 BE AC 62 85 EC 72 CA 3C DA A4 97  .......b..r.<...
00006530:  B0 7D E0 98 F7 59 FD 2C 1A D0 29 AB CF D7 B0 DA  .}...Y.,..).....
00006540:  49 C8 66 4D C6 77 E2 4F 29 85 0A B0 A0 26 C8 B0  I.fM.w.O)....&..
00006550:  16 C4 01 B3 00 52 A3 EE 86 36 6C AE AB 3C 69 E0  .....R...6l..<i.
00006560:  08 C3 F4 70 F8 3F A3 D7 B5 5E E2 66 D3 42 C6 4F  ...p.?...^.f.B.O
00006570:  89 33 9E F4 CE B7 A9 5E 8D 00 2F 4B AD C9 39 D6  .3.....^../K..9.
00006580:  36 10 79 24 DF EA 3F FF 6D A8 1A 09 04 41 E4 AA  6.y$..?.m....A..
00006590:  F5 80 58 FB 4D 19 06 A2 47 2E F4 FA BE 14 15 64  ..X.M...G......d
000065A0:  3D AB 03 E9 CF 16 BF 0C 1A AB 92 18 4F B2 0C 7D  =...........O..}
000065B0:  F0 AF 90 61 29 35 2E 92 F6 C0 45 F7 9C 7B 19 1B  ...a)5....E..{..
000065C0:  5B 4B 1F E8 48 4B 6F 40 33 3B C0 71 68 03 36 99  [K..HKo@3;.qh.6.
000065D0:  BD 69 74 0C 63 5A 14 74 2E A5 22 6C BB 7F 1F BE  .it.cZ.t.."l....
000065E0:  0F 23 DF 98 0E 36 B0 10 D9 38 A7 B5 B3 57 6A 71  .#...6...8...Wjq
000065F0:  E6 19 AF 11 09 FA 63 49 8A 93 DC E4 9E 34 68 36  ......cI.....4h6
00006600:  7E 46 20 6E 2A 92 69 07 6B 05 92 DD F2 0B 6B 57  ~F n*.i.k.....kW
00006610:  E6 84 21 9D 99 0A 42 84 B5 F8 52 AB CD 8D 60 5F  ..!...B...R...`_
00006620:  62 1E C0 1E 4B 46 21 1B 1D 40 4F B8 EA 2F CD AC  b...KF!..@O../..
00006630:  0C 50 18 31 70 CF 74 F5 98 27 0C 91 4E EF 29 E5  .P.1p.t..'..N.).
00006640:  6A 28 35 58 E9 DC B7 4B 2F 71 69 96 26 20 C7 F0  j(5X...K/qi.& ..
00006650:  46 6F B7 07 93 CA EC C6 0C 12 B7 F8 6D 3A 68 9C  Fo..........m:h.
00006660:  17 D6 31 CD EC C8 D9 EA D0 53 D9 B0 18 B4 11 47  ..1......S.....G
00006670:  49 BC A4 4F EB 93 00 00 00 00 00 00 00 00 00 00  I..O............
00006680:  00 00 00 00 00 00 27 81 5C 91 F0 4D 35 7C 38 19  ......'.\..M5|8.
00006690:  F6 31 F3 56 DA 02 19 A7 F5 A4 22 DE 48 BC 81 9F  .1.V......".H...
000066A0:  D7 F1 F8 8D 21 DC 86 30 8F B2 03 49 06 33 C0 F6  ....!..0...I.3..
000066B0:  9B CA FD 81 77 C1 00 00 00 00 00 00 00 00 00 00  ....w...........
000066C0:  00 00 00 00 00 00 EB 40 3E 5E 94 B3 D7 3B 98 9B  .......@>^...;..
000066D0:  D3 19 5F 4C C2 E8 17 63 CF C7 F0 3E 1B 85 A2 EE  .._L...c...>....
000066E0:  36 5D 4F 24 06 A6 95 4D CB CE 3A DA DC CE 08 ED  6]O$...M..:.....
000066F0:  90 41 D4 64 5B D1 D9 F4 BB 15 FF DE 96 7A 2B 82  .A.d[........z+.
00006700:  44 17 A6 6A 8E 6F 90 10 0C A0 80 C2 5A F7 90 A8  D..j.o......Z...
00006710:  2D F6 B4 5C 7C 36 00 00 00 00 00 00 00 00 00 00  -..\|6..........
00006720:  00 00 00 00 00 00 1C 01 78 7D AC 2F BE 61 82 60  ........x}./.a.`
00006730:  9B ED A2 29 59 91 55 0C 9E 6D 8C 9A 6F 32 1F C9  ...)Y.U..m..o2..
00006740:  D2 D2 81 B2 34 CC EC C6 0C 12 B7 F8 6D 3A 68 9C  ....4.......m:h.
00006750:  17 D6 31 CD EC C8 D9 EA D0 53 D9 B0 18 B4 11 47  ..1......S.....G
00006760:  49 BC A4 4F EB 93 00 00 00 00 00 00 00 00 00 00  I..O............
00006770:  00 00 00 00 00 00 79 29 C6 C2 C0 3F 27 DE 3D 03  ......y)...?'.=.
00006780:  A2 0A B3 66 F8 79 00 00 00 00 00 00 00 00 00 00  ...f.y..........
00006790:  00 00 00 00 00 00 00 00 00 00 00 00 00 00 00 00  ................ [zeros]
000067A0:  00 00 00 00 00 00 00 00 00 00 00 00 00 00 00 00  ................ [zeros]
000067B0:  00 00 00 00 00 00 00 00 00 00 00 00 00 00 00 00  ................ [zeros]
000067C0:  00 00 00 00 00 00 00 00 00 00 00 00 00 00 00 00  ................ [zeros]
000067D0:  00 00 00 00 00 00 00 00 00 00 00 00 00 00 00 00  ................ [zeros]
000067E0:  00 00 00 00 00 00 00 00 00 00 00 00 00 00 00 00  ................ [zeros]
000067F0:  00 00 00 00 00 00 00 00 00 00 00 00 00 00 00 00  ................ [zeros]
00006800:  00 00 00 00 00 00 00 00 00 00 00 00 00 00 00 00  ................ [zeros]
00006810:  00 00 00 00 00 00 00 00 00 00 00 00 00 00 00 00  ................ [zeros]
00006820:  00 00 00 00 00 00 00 00 00 00 00 00 00 00 00 00  ................ [zeros]
00006830:  00 00 00 00 00 00 00 00 00 00 00 00 00 00 00 00  ................ [zeros]
00006840:  00 00 00 00 00 00 00 00 00 00 00 00 00 00 00 00  ................ [zeros]
00006850:  00 00 00 00 00 00 1E FE 96 B2 44 53 40 BE 5E 9B  ..........DS@.^.
00006860:  2A E3 D3 C1 E2 63 6C A9 FF 04 37 2F CF A2 D2 5E  *....cl...7/...^
00006870:  14 96 B9 6C 28 D2 00 00 00 00 00 00 00 00 00 00  ...l(...........
00006880:  00 00 00 00 00 00 97 70 49 22 15 D0 5D AF 68 D9  .......pI"..].h.
00006890:  1A 07 0F 9C DA 79 00 00 00 00 00 00 00 00 00 00  .....y..........
000068A0:  00 00 00 00 00 00 92 F1 36 61 9D 46 CA CC D0 07  ........6a.F....
000068B0:  99 58 38 9F 82 46 3B 2F 23 1A 56 A2 18 20 09 07  .X8..F;/#.V.. ..
000068C0:  BD 1D 0C 99 FB 53 60 46 60 DA 9C 0C 0F F1 83 CA  .....S`F`.......
000068D0:  51 2D 1F 75 16 C6 27 83 C4 2C D8 0D 72 C5 7A E7  Q-.u..'..,..r.z.
000068E0:  B0 65 4F 9D 08 F4 AE 6A DB EC 5F 17 F6 3D 62 0B  .eO....j.._..=b.
000068F0:  5D 80 54 EE 9D 74 4D 92 9A DE 54 D9 C9 E5 D4 C8  ].T..tM...T.....
00006900:  5F BD 51 8C F0 D0 37 49 33 3E D2 34 AC 99 95 47  _.Q...7I3>.4...G
00006910:  DB 89 70 E8 80 13 74 AB A3 87 40 99 DA 59 3F C3  ..p...t...@..Y?.
00006920:  21 B0 11 B2 F1 EC 38 E8 3B C6 42 60 6F 3C 45 B2  !.....8.;.B`o<E.
00006930:  05 C6 8D 5B 05 79 32 26 53 76 A7 86 23 CA AD 05  ...[.y2&Sv..#...
00006940:  EF C8 97 B9 36 76 29 FC 3D 5C E1 84 DA 9E E1 A6  ....6v).=\......
00006950:  DE 77 12 CB BD 5F CC CE 89 39 8E C4 09 0C 27 5A  .w..._...9....'Z
00006960:  95 B4 50 A3 2E 0F EB 42 BC A7 9F 97 94 9F 93 C8  ..P....B........
00006970:  2E 37 52 42 89 BD E2 EF 86 D4 A4 54 51 9B 45 F3  .7RB.......TQ.E.
00006980:  85 1D 89 EE E5 22 BD 15 0C D4 3D 82 19 FC 42 38  ....."....=...B8
00006990:  9B 9C 4E 39 B2 F3 67 A8 50 EA E4 13 95 68 06 F3  ..N9..g.P....h..
000069A0:  AB EE D7 10 6F E6 A6 D8 EA BF 1D 89 58 FA 4D ED  ....o.......X.M.
000069B0:  46 91 8F 43 97 A2 C2 D1 8B A8 1D 62 06 84 84 9E  F..C.......b....
000069C0:  8C C3 17 62 24 4F 00 00 00 00 00 00 00 00 00 00  ...b$O..........
000069D0:  00 00 00 00 00 00 00 00 00 00 00 00 00 00 00 00  ................ [zeros]
000069E0:  00 00 00 00 00 00 00 00 00 00 00 00 00 00 00 00  ................ [zeros]
000069F0:  00 00 00 00 00 00 EB 40 3E 5E 94 B3 D7 3B 98 9B  .......@>^...;..
00006A00:  D3 19 5F 4C C2 E8 00 00 00 00 00 00 00 00 00 00  .._L............
00006A10:  00 00 00 00 00 00 00 00 00 00 00 00 00 00 00 00  ................ [zeros]
00006A20:  00 00 00 00 00 00 D3 39 FD 72 20 51 83 AD 02 66  .......9.r Q...f
00006A30:  79 C9 67 1D E3 6D 00 00 00 00 00 00 00 00 00 00  y.g..m..........
00006A40:  00 00 00 00 00 00 00 00 00 00 00 00 00 00 00 00  ................ [zeros]
00006A50:  00 00 00 00 00 00 BF D9 2E EE 89 FA 3B CB 07 04  ............;...
00006A60:  BD EF C2 DD 11 D6 00 00 00 00 00 00 00 00 00 00  ................
00006A70:  00 00 00 00 00 00 00 00 00 00 00 00 00 00 00 00  ................ [zeros]
00006A80:  00 00 00 00 00 00 00 00 00 00 00 00 00 00 00 00  ................ [zeros]
00006A90:  00 00 00 00 00 00 D4 3B 6A 86 5B 26 8C 79 F7 A2  .......;j.[&.y..
00006AA0:  7D 92 3A 2C 36 FA 00 00 00 00 00 00 00 00 00 00  }.:,6...........
00006AB0:  00 00 00 00 00 00 00 00 00 00 00 00 00 00 00 00  ................ [zeros]
00006AC0:  00 00 00 00 00 00 75 9E AF 20 42 F7 EB 0B EF E6  ......u.. B.....
00006AD0:  C4 F9 16 F5 E6 6A 00 00 00 00 00 00 00 00 00 00  .....j..........
00006AE0:  00 00 00 00 00 00 00 00 00 00 00 00 00 00 00 00  ................ [zeros]
00006AF0:  00 00 00 00 00 00 95 9B 47 10 31 BB 1A 19 2D F6  ........G.1...-.
00006B00:  40 F1 87 F2 0A D0 00 00 00 00 00 00 00 00 00 00  @...............
00006B10:  00 00 00 00 00 00 00 00 00 00 00 00 00 00 00 00  ................ [zeros]
00006B20:  00 00 00 00 00 00 00 00 00 00 00 00 00 00 00 00  ................ [zeros]
00006B30:  00 00 00 00 00 00 06 8B 89 C6 DE 14 78 FA 0D 43  ............x..C
00006B40:  94 0A 1F 86 61 70 16 FC D7 8E D6 BF 17 BE 2C 9B  ....ap........,.
00006B50:  31 1E 17 8B F2 9E A0 D3 BF FD 7C 7A 72 2D 2D 3B  1.........|zr--;
00006B60:  41 17 66 4E EC E2 CF 32 92 E8 67 68 D5 E9 2B A9  A.fN...2..gh..+.
00006B70:  1A AC B5 13 B3 69 E6 B9 F9 55 46 7D 06 F0 E1 03  .....i...UF}....
00006B80:  FA B8 79 34 2F 6C CB 31 48 15 13 B7 40 0D 60 15  ..y4/l.1H...@.`.
00006B90:  B5 6E 1A 98 1C FC 92 7C D8 07 97 F0 51 8D BF 91  .n.....|....Q...
00006BA0:  C9 A2 C3 01 49 C1 7C 3B 86 9E 26 3D 9B 48 13 25  ....I.|;..&=.H.%
00006BB0:  D6 B9 1E E8 84 00 C3 D4 35 E9 89 24 D1 5E 63 3E  ........5..$.^c>
00006BC0:  13 A1 81 F2 C6 DE 7B 63 D1 A4 16 C6 0A 7C 72 78  ......{c.....|rx
00006BD0:  38 BB E6 08 93 18 81 2B 18 E8 D5 7B 15 43 80 E5  8......+...{.C..
00006BE0:  82 34 39 00 1F EB E3 7E AA 83 7E 38 98 3E CB E8  .49....~..~8.>..
00006BF0:  B3 EB A4 9F BF A1 37 F4 CE EB 31 98 F7 DB 06 3C  ......7...1....<
00006C00:  3C 0D 02 5A FA 8E 8B A5 17 82 A5 24 D8 B6 86 5A  <..Z.......$...Z
00006C10:  39 C9 8E 15 F5 FC FE 31 36 4B 27 BF FF 34 43 C7  9......16K'..4C.
00006C20:  DB 00 9F 3C D3 25 B3 84 10 1F 75 D1 01 11 2E 4F  ...<.%....u....O
00006C30:  F5 38 0F 9A CE 2E 26 4E 73 B7 2D 57 24 15 CD 23  .8....&Ns.-W$..#
00006C40:  7D E0 38 73 38 83 25 EB 7B C6 EC 8C D0 55 C8 B3  }.8s8.%.{....U..
00006C50:  48 AA 98 5F 04 18 25 EB 7B C6 EC 8C D0 55 C8 B3  H.._..%.{....U..
00006C60:  48 AA 98 5F 04 18 A9 EC 96 30 EE D9 5C F5 D5 26  H.._.....0..\..&
00006C70:  9D 53 AC 3C 56 6D 13 19 7B 37 06 59 11 72 F8 4C  .S.<Vm..{7.Y.r.L
00006C80:  AB 94 6B 52 BB 65 13 19 7B 37 06 59 11 72 F8 4C  ..kR.e..{7.Y.r.L
00006C90:  AB 94 6B 52 BB 65 13 19 7B 37 06 59 11 72 F8 4C  ..kR.e..{7.Y.r.L
00006CA0:  AB 94 6B 52 BB 65 1E 72 25 63 AE 03 4E 74 BC A2  ..kR.e.r%c..Nt..
00006CB0:  13 DD FD 31 E7 6E 6C 50 E0 68 90 AC B1 73 C5 74  ...1.nlP.h...s.t
00006CC0:  67 3F D3 AE 0E 12 AA 7B 2C EB 7E 80 C4 2D A0 D1  g?.....{,.~..-..
00006CD0:  AE 79 E2 ED 7A D5 5C EB C9 72 D3 44 DC 59 27 9E  .y..z.\..r.D.Y'.
00006CE0:  3D 70 AD 39 E6 AE FC 7C 9A DA E9 86 4F 49 2E 44  =p.9...|....OI.D
00006CF0:  1B D4 38 15 26 86 39 EA 53 EE 38 26 94 CD 62 DF  ..8.&.9.S.8&..b.
00006D00:  54 B8 A7 D8 06 CD BA 00 EE 4D C5 92 6E 6C 94 6E  T........M..nl.n
00006D10:  E2 44 E5 F8 4C 4B 3F C6 AA 7F 87 7D C6 15 C8 81  .D..LK?....}....
00006D20:  64 CF 40 86 85 9B 3F C6 AA 7F 87 7D C6 15 C8 81  d.@...?....}....
00006D30:  64 CF 40 86 85 9B 28 26 25 36 2E 58 66 39 E1 F5  d.@...(&%6.Xf9..
00006D40:  0A A4 65 F2 89 0B D4 D8 AB 34 C4 65 8C F3 8D 65  ..e......4.e...e
00006D50:  F6 25 F0 C4 45 B8 D4 52 14 90 80 F7 B3 B9 1D 18  .%..E..R........
00006D60:  DF 3D 51 D5 DE 1F 7B 1B A3 1B 52 5A 5D E9 33 1C  .=Q...{...RZ].3.
00006D70:  0E 91 37 A6 4A C5 B9 89 80 09 73 59 26 8F A8 A2  ..7.J.....sY&...
00006D80:  E8 0A 9D F6 B7 16 AA 76 B7 B0 FE FF 31 4E E5 D0  .......v....1N..
00006D90:  F2 5A 4E A3 67 E0 F0 FD AB 61 29 E0 9A F1 51 FE  .ZN.g....a)...Q.
00006DA0:  FF 04 AA AF 17 46 68 CF F0 F5 E2 FE 95 B7 2C 7D  .....Fh.......,}
00006DB0:  6D 9B 64 4F 9F 44 8B A7 60 DE 47 C1 82 CB 19 E9  m.dO.D..`.G.....
00006DC0:  1A CF 96 E4 E6 8F 33 C7 E5 76 FF 2C FD 4E 9F 9C  ......3..v.,.N..
00006DD0:  FD 71 83 4D 31 D2 D4 D8 AB 34 C4 65 8C F3 8D 65  .q.M1....4.e...e
00006DE0:  F6 25 F0 C4 45 B8 D4 52 14 90 80 F7 B3 B9 1D 18  .%..E..R........
00006DF0:  DF 3D 51 D5 DE 1F 7B 1B A3 1B 52 5A 5D E9 33 1C  .=Q...{...RZ].3.
00006E00:  0E 91 37 A6 4A C5 B9 89 80 09 73 59 26 8F A8 A2  ..7.J.....sY&...
00006E10:  E8 0A 9D F6 B7 16 AA 76 B7 B0 FE FF 31 4E E5 D0  .......v....1N..
00006E20:  F2 5A 4E A3 67 E0 F0 FD AB 61 29 E0 9A F1 51 FE  .ZN.g....a)...Q.
00006E30:  FF 04 AA AF 17 46 32 68 99 D2 49 65 BF 03 60 9E  .....F2h..Ie..`.
00006E40:  67 EE 7C 2F F0 59 DD 7F 6E C5 6E 49 DD 96 65 B6  g.|/.Y..n.nI..e.
00006E50:  A1 62 F7 E6 A4 5A 73 FC 9D 44 04 39 EC 7A 39 A1  .b...Zs..D.9.z9.
00006E60:  62 43 89 5F C4 0A 0E 93 F8 31 50 8D DA 2E E0 F9  bC._.....1P.....
00006E70:  81 58 FC 7C 98 AF F5 85 92 FC 19 27 70 C6 9E 05  .X.|.......'p...
00006E80:  17 52 BD B8 25 57 00 00 00 00 00 00 00 00 00 00  .R..%W..........
00006E90:  00 00 00 00 00 00 00 00 00 00 00 00 00 00 00 00  ................ [zeros]
00006EA0:  00 00 00 00 00 00 00 00 00 00 00 00 00 00 00 00  ................ [zeros]
00006EB0:  00 00 00 00 00 00 00 00 00 00 00 00 00 00 00 00  ................ [zeros]
00006EC0:  00 00 00 00 00 00 00 00 00 00 00 00 00 00 00 00  ................ [zeros]
00006ED0:  00 00 00 00 00 00 D4 CA B1 B9 CB C5 5B 06 53 FE  ............[.S.
00006EE0:  C4 CA 34 E6 B2 51 36 29 15 4A F0 C8 84 BC F7 57  ..4..Q6).J.....W
00006EF0:  9B 15 26 63 45 6E 38 E4 1E 84 DE F7 E9 69 27 62  ..&cEn8......i'b
00006F00:  57 20 5B E8 35 ED E0 C6 9F 9D CD EC B1 D2 4C A1  W [.5.........L.
00006F10:  B2 FA 81 BE 6B 9E 00 00 00 00 00 00 00 00 00 00  ....k...........
00006F20:  00 00 00 00 00 00 00 00 00 00 00 00 00 00 00 00  ................ [zeros]
00006F30:  00 00 00 00 00 00 00 00 00 00 00 00 00 00 00 00  ................ [zeros]
00006F40:  00 00 00 00 00 00 00 00 00 00 00 00 00 00 00 00  ................ [zeros]
00006F50:  00 00 00 00 00 00 00 00 00 00 00 00 00 00 00 00  ................ [zeros]
00006F60:  00 00 00 00 00 00 00 00 00 00 00 00 00 00 00 00  ................ [zeros]
00006F70:  00 00 00 00 00 00 00 00 00 00 00 00 00 00 00 00  ................ [zeros]
00006F80:  00 00 00 00 00 00 00 00 00 00 00 00 00 00 00 00  ................ [zeros]
00006F90:  00 00 00 00 00 00 00 00 00 00 00 00 00 00 00 00  ................ [zeros]
00006FA0:  00 00 00 00 00 00 00 00 00 00 00 00 00 00 00 00  ................ [zeros]
00006FB0:  00 00 00 00 00 00 00 00 00 00 00 00 00 00 00 00  ................ [zeros]
00006FC0:  00 00 00 00 00 00 99 68 BD 64 82 35 BD 5F 0D 8C  .......h.d.5._..
00006FD0:  39 B6 B5 2C BB 85 E6 5B B5 5B C0 92 32 6B 8E 12  9..,...[.[..2k..
00006FE0:  79 29 2A A4 A1 3B 86 0B CF 92 43 1A 27 CE 0F 2D  y)*..;....C.'..-
00006FF0:  D3 3F EB 60 85 80 00 00 00 00 00 00 00 00 00 00  .?.`............
00007000:  00 00 00 00 00 00 A9 F3 37 C7 E2 0F 07 07 D5 CE  ........7.......
00007010:  69 32 C8 DD 4A AB 00 00 00 00 00 00 00 00 00 00  i2..J...........
00007020:  00 00 00 00 00 00 00 00 00 00 00 00 00 00 00 00  ................ [zeros]
00007030:  00 00 00 00 00 00 00 00 00 00 00 00 00 00 00 00  ................ [zeros]
00007040:  00 00 00 00 00 00 00 00 00 00 00 00 00 00 00 00  ................ [zeros]
00007050:  00 00 00 00 00 00 00 00 00 00 00 00 00 00 00 00  ................ [zeros]
00007060:  00 00 00 00 00 00 44 72 0F 0A 9A 42 24 5A E0 F4  ......Dr...B$Z..
00007070:  59 A5 90 2E 47 3C FA 4B 74 15 2B 23 49 3D E4 2F  Y...G<.Kt.+#I=./
00007080:  A3 60 5B 52 CA FB 00 00 00 00 00 00 00 00 00 00  .`[R............
00007090:  00 00 00 00 00 00 00 00 00 00 00 00 00 00 00 00  ................ [zeros]
000070A0:  00 00 00 00 00 00 00 00 00 00 00 00 00 00 00 00  ................ [zeros]
000070B0:  00 00 00 00 00 00 00 00 00 00 00 00 00 00 00 00  ................ [zeros]
000070C0:  00 00 00 00 00 00 00 00 00 00 00 00 00 00 00 00  ................ [zeros]
000070D0:  00 00 00 00 00 00 00 00 00 00 00 00 00 00 00 00  ................ [zeros]
000070E0:  00 00 00 00 00 00 00 00 00 00 00 00 00 00 00 00  ................ [zeros]
000070F0:  00 00 00 00 00 00 00 00 00 00 00 00 00 00 00 00  ................ [zeros]
00007100:  00 00 00 00 00 00 00 00 00 00 00 00 00 00 00 00  ................ [zeros]
00007110:  00 00 00 00 00 00 00 00 00 00 00 00 00 00 00 00  ................ [zeros]
00007120:  00 00 00 00 00 00 00 00 00 00 00 00 00 00 00 00  ................ [zeros]
00007130:  00 00 00 00 00 00 76 31 FC 10 69 0D 9C 17 53 32  ......v1..i...S2
00007140:  04 10 F1 A9 B5 6D F8 77 B9 0C D5 49 20 47 17 D6  .....m.w...I G..
00007150:  7C 3F 65 D9 2B 73 7B 33 28 98 14 91 B2 B9 29 70  |?e.+s{3(.....)p
00007160:  BA F1 D7 B6 BB 01 5F 1D C7 A6 0D 47 06 A0 8A 52  ......_....G...R
00007170:  B4 2A 2A AE DC F7 00 00 00 00 00 00 00 00 00 00  .**.............
00007180:  00 00 00 00 00 00 00 00 00 00 00 00 00 00 00 00  ................ [zeros]
00007190:  00 00 00 00 00 00 00 00 00 00 00 00 00 00 00 00  ................ [zeros]
000071A0:  00 00 00 00 00 00 00 00 00 00 00 00 00 00 00 00  ................ [zeros]
000071B0:  00 00 00 00 00 00 00 00 00 00 00 00 00 00 00 00  ................ [zeros]
000071C0:  00 00 00 00 00 00 CA DA 05 72 BF C4 A9 77 2B 71  .........r...w+q
000071D0:  AB 12 B4 7F 7C 7D 99 26 54 46 D2 83 62 EC 9A 72  ....|}.&TF..b..r
000071E0:  2E EB E9 86 A7 BF 00 00 00 00 00 00 00 00 00 00  ................
000071F0:  00 00 00 00 00 00 00 00 00 00 00 00 00 00 00 00  ................ [zeros]
00007200:  00 00 00 00 00 00 00 00 00 00 00 00 00 00 00 00  ................ [zeros]
00007210:  00 00 00 00 00 00 00 00 00 00 00 00 00 00 00 00  ................ [zeros]
00007220:  00 00 00 00 00 00 00 00 00 00 00 00 00 00 00 00  ................ [zeros]
00007230:  00 00 00 00 00 00 00 00 00 00 00 00 00 00 00 00  ................ [zeros]
00007240:  00 00 00 00 00 00 00 00 00 00 00 00 00 00 00 00  ................ [zeros]
00007250:  00 00 00 00 00 00 00 00 00 00 00 00 00 00 00 00  ................ [zeros]
00007260:  00 00 00 00 00 00 00 00 00 00 00 00 00 00 00 00  ................ [zeros]
00007270:  00 00 00 00 00 00 00 00 00 00 00 00 00 00 00 00  ................ [zeros]
00007280:  00 00 00 00 00 00 00 00 00 00 00 00 00 00 00 00  ................ [zeros]
00007290:  00 00 00 00 00 00 5E FB 87 0E DF 23 F4 D4 F9 38  ......^....#...8
000072A0:  61 DC 70 58 44 54 B1 29 A3 0A 2A C5 A9 E0 12 44  a.pXDT.)..*....D
000072B0:  0B 34 49 1F 55 50 D4 9E 03 D2 DA 94 FB DF A6 DA  .4I.UP..........
000072C0:  DD 5A 46 1A DF 79 4E 4F 30 39 0E EE 9C A5 42 13  .ZF..yNO09....B.
000072D0:  11 78 08 76 81 51 8B 96 A0 A1 1C 54 FB D9 EE 22  .x.v.Q.....T..."
000072E0:  2D E3 78 9D C6 46 9A 53 16 74 7C 3F 44 96 D0 D5  -.x..F.S.t|?D...
000072F0:  19 0A 3B 91 6B 41 BC 8A EA 69 15 E8 90 27 15 20  ..;.kA...i...'. 
00007300:  F3 3F BD 28 07 41 75 02 7C 0B 6E 4F 4F 36 1C E8  .?.(.Au.|.nOO6..
00007310:  31 CA AB 4F B2 25 7D EC 00 97 BC B0 15 1D 3E D4  1..O.%}.......>.
00007320:  F5 56 FF 69 A8 7A 38 1C EE F0 E7 60 84 76 4F A3  .V.i.z8....`.vO.
00007330:  24 A5 B5 32 34 64 69 07 6B 05 92 DD F2 0B 6B 57  $..24di.k.....kW
00007340:  E6 84 21 9D 99 0A A8 87 E7 6B E6 58 C1 F0 43 67  ..!......k.X..Cg
00007350:  EE 0E 4D AB E6 D9 11 31 29 05 E8 AF 60 88 E8 82  ..M....1)...`...
00007360:  CB 3C 2F FA FA 70 3B D9 CD 51 C4 DA 96 BC 7A 4B  .</..p;..Q....zK
00007370:  C4 5D 94 0F E0 BA 02 BE BF FD 63 07 AD A2 E8 B0  .]........c.....
00007380:  C6 FC F8 29 95 E2 61 4C 82 70 8D B2 14 FE 86 74  ...)..aL.p.....t
00007390:  D5 67 BB 24 3E 05 3E D2 D5 26 19 3E 9F DC 31 CA  .g.$>.>..&.>..1.
000073A0:  04 B7 B8 E4 5F 70 0C 68 1E 7A BD 54 28 E3 14 53  ...._p.h.z.T(..S
000073B0:  E8 2B 67 4E 70 35 B9 B7 2C 0A 74 5A 1C 41 B3 E8  .+gNp5..,.tZ.A..
000073C0:  AE 78 15 32 53 7A 06 E5 AA 4A 8A E7 A6 15 80 27  .x.2Sz...J.....'
000073D0:  42 15 F3 9F 66 F9 53 7C E1 6C 29 43 58 06 76 1E  B...f.S|.l)CX.v.
000073E0:  2A 86 8A 0F 8F 28 00 00 00 00 00 00 00 00 00 00  *....(..........
000073F0:  00 00 00 00 00 00 1C 01 78 7D AC 2F BE 61 82 60  ........x}./.a.`
00007400:  9B ED A2 29 59 91 55 0C 9E 6D 8C 9A 6F 32 1F C9  ...)Y.U..m..o2..
00007410:  D2 D2 81 B2 34 CC EC C6 0C 12 B7 F8 6D 3A 68 9C  ....4.......m:h.
00007420:  17 D6 31 CD EC C8 D9 EA D0 53 D9 B0 18 B4 11 47  ..1......S.....G
00007430:  49 BC A4 4F EB 93 00 00 00 00 00 00 00 00 00 00  I..O............
00007440:  00 00 00 00 00 00 27 81 5C 91 F0 4D 35 7C 38 19  ......'.\..M5|8.
00007450:  F6 31 F3 56 DA 02 19 A7 F5 A4 22 DE 48 BC 81 9F  .1.V......".H...
00007460:  D7 F1 F8 8D 21 DC 6E 78 CA 7B 2E 6D 34 2C BF 88  ....!.nx.{.m4,..
00007470:  CD 85 33 C4 26 0E BB 95 B0 17 41 A7 EF 12 A6 6F  ..3.&.....A....o
00007480:  78 78 34 F5 F0 6B 95 9B 47 10 31 BB 1A 19 2D F6  xx4..k..G.1...-.
00007490:  40 F1 87 F2 0A D0 00 00 00 00 00 00 00 00 00 00  @...............
000074A0:  00 00 00 00 00 00 8C 7C BD 7A 47 E1 3C 1E 70 52  .......|.zG.<.pR
000074B0:  3C C8 46 32 39 7F D9 F4 BB 15 FF DE 96 7A 2B 82  <.F29........z+.
000074C0:  44 17 A6 6A 8E 6F 90 10 0C A0 80 C2 5A F7 90 A8  D..j.o......Z...
000074D0:  2D F6 B4 5C 7C 36 00 00 00 00 00 00 00 00 00 00  -..\|6..........
000074E0:  00 00 00 00 00 00 1C 01 78 7D AC 2F BE 61 82 60  ........x}./.a.`
000074F0:  9B ED A2 29 59 91 55 0C 9E 6D 8C 9A 6F 32 1F C9  ...)Y.U..m..o2..
00007500:  D2 D2 81 B2 34 CC A9 C9 4E C5 9D F5 40 B1 E9 47  ....4...N...@..G
00007510:  8E F4 2B C3 0B F7 00 00 00 00 00 00 00 00 00 00  ..+.............
00007520:  00 00 00 00 00 00 00 00 00 00 00 00 00 00 00 00  ................ [zeros]
00007530:  00 00 00 00 00 00 00 00 00 00 00 00 00 00 00 00  ................ [zeros]
00007540:  00 00 00 00 00 00 00 00 00 00 00 00 00 00 00 00  ................ [zeros]
00007550:  00 00 00 00 00 00 00 00 00 00 00 00 00 00 00 00  ................ [zeros]
00007560:  00 00 00 00 00 00 00 00 00 00 00 00 00 00 00 00  ................ [zeros]
00007570:  00 00 00 00 00 00 00 00 00 00 00 00 00 00 00 00  ................ [zeros]
00007580:  00 00 00 00 00 00 00 00 00 00 00 00 00 00 00 00  ................ [zeros]
00007590:  00 00 00 00 00 00 00 00 00 00 00 00 00 00 00 00  ................ [zeros]
000075A0:  00 00 00 00 00 00 00 00 00 00 00 00 00 00 00 00  ................ [zeros]
000075B0:  00 00 00 00 00 00 00 00 00 00 00 00 00 00 00 00  ................ [zeros]
000075C0:  00 00 00 00 00 00 00 00 00 00 00 00 00 00 00 00  ................ [zeros]
000075D0:  00 00 00 00 00 00 00 00 00 00 00 00 00 00 00 00  ................ [zeros]
000075E0:  00 00 00 00 00 00 FD 9F AF C0 E9 24 2E 8F DA FF  ...........$....
000075F0:  77 4A 9D 71 4F E6 17 7E 46 EC 5C 2E 68 A9 AC D0  wJ.qO..~F.\.h...
00007600:  AE 11 C1 6D 3F FB 79 29 C6 C2 C0 3F 27 DE 3D 03  ...m?.y)...?'.=.
00007610:  A2 0A B3 66 F8 79 00 00 00 00 00 00 00 00 00 00  ...f.y..........
00007620:  00 00 00 00 00 00 01 BB 09 2B 0F 85 D4 FB 69 4D  .........+....iM
00007630:  C3 6F BB C1 86 70 D2 5C C1 6D D1 C7 3F F6 B9 6C  .o...p.\.m..?..l
00007640:  21 CE 91 9A 49 D9 5B F3 50 09 D4 C3 07 96 38 D9  !...I.[.P.....8.
00007650:  6D 3A 5B 34 6D B2 AE 1A 86 34 11 59 58 3C 80 E4  m:[4m....4.YX<..
00007660:  35 47 0C 45 25 4A 30 7A 47 70 A1 CD C2 AC 39 8E  5G.E%J0zGp....9.
00007670:  00 EC 8B 00 07 B1 02 5C F8 BB A7 F1 3C D7 B4 0E  .......\....<...
00007680:  F8 9D 62 4F 38 3E 65 2C DF 93 2E 0B B5 DF 3B 06  ..bO8>e,......;.
00007690:  3D 80 C9 72 B1 60 56 4B 89 C2 3D 86 68 83 DD 87  =..r.`VK..=.h...
000076A0:  56 C6 CC 08 D3 4E B4 4C 11 84 6D A4 A5 31 4E 17  V....N.L..m..1N.
000076B0:  24 EF BB 0E B6 F9 83 86 8B BD D9 AC 92 80 0C 0B  $...............
000076C0:  83 0B DC B3 29 FF FB AA 03 35 B5 5A DF A5 C0 D3  ....)....5.Z....
000076D0:  9F 69 6D D2 9B E2 2B 25 B6 48 E0 DD E8 CF BA 39  .im...+%.H.....9
000076E0:  A5 34 AE 7F 5D 2F D1 73 E3 12 C6 E0 07 80 FB 60  .4..]/.s.......`
000076F0:  10 09 94 36 9D 55 15 9B 4E FF 20 AD 2A B2 D2 05  ...6.U..N. .*...
00007700:  B5 38 7D ED B4 CE 5C 61 19 88 FB 6A 01 7B E2 13  .8}...\a...j.{..
00007710:  B8 1E D2 23 58 03 B9 57 2B 22 9C 88 13 D7 6F C2  ...#X..W+"....o.
00007720:  22 B7 EA E8 BC 87 2C 2F 18 3F A6 1F D2 33 10 27  ".....,/.?...3.'
00007730:  5F A8 8E F9 31 D4 86 12 D4 52 97 06 21 55 C3 87  _...1....R..!U..
00007740:  EF E2 06 2D 62 2F 8D D8 3F BE 56 28 E5 F2 12 A4  ...-b/..?.V(....
00007750:  4D B2 83 0E 7A 2F 72 E9 4F 3B D4 9E CE 30 BC 76  M...z/r.O;...0.v
00007760:  7C 7B 1D B2 1C 56 00 00 00 00 00 00 00 00 00 00  |{...V..........
00007770:  00 00 00 00 00 00 00 00 00 00 00 00 00 00 00 00  ................ [zeros]
00007780:  00 00 00 00 00 00 19 A7 F5 A4 22 DE 48 BC 81 9F  ..........".H...
00007790:  D7 F1 F8 8D 21 DC 00 00 00 00 00 00 00 00 00 00  ....!...........
000077A0:  00 00 00 00 00 00 00 00 00 00 00 00 00 00 00 00  ................ [zeros]
000077B0:  00 00 00 00 00 00 86 30 8F B2 03 49 06 33 C0 F6  .......0...I.3..
000077C0:  9B CA FD 81 77 C1 00 00 00 00 00 00 00 00 00 00  ....w...........
000077D0:  00 00 00 00 00 00 00 00 00 00 00 00 00 00 00 00  ................ [zeros]
000077E0:  00 00 00 00 00 00 00 00 00 00 00 00 00 00 00 00  ................ [zeros]
000077F0:  00 00 00 00 00 00 EB 40 3E 5E 94 B3 D7 3B 98 9B  .......@>^...;..
00007800:  D3 19 5F 4C C2 E8 00 00 00 00 00 00 00 00 00 00  .._L............
00007810:  00 00 00 00 00 00 00 00 00 00 00 00 00 00 00 00  ................ [zeros]
00007820:  00 00 00 00 00 00 D3 39 FD 72 20 51 83 AD 02 66  .......9.r Q...f
00007830:  79 C9 67 1D E3 6D 00 00 00 00 00 00 00 00 00 00  y.g..m..........
00007840:  00 00 00 00 00 00 00 00 00 00 00 00 00 00 00 00  ................ [zeros]
00007850:  00 00 00 00 00 00 BF D9 2E EE 89 FA 3B CB 07 04  ............;...
00007860:  BD EF C2 DD 11 D6 00 00 00 00 00 00 00 00 00 00  ................
00007870:  00 00 00 00 00 00 00 00 00 00 00 00 00 00 00 00  ................ [zeros]
00007880:  00 00 00 00 00 00 00 00 00 00 00 00 00 00 00 00  ................ [zeros]
00007890:  00 00 00 00 00 00 D4 3B 6A 86 5B 26 8C 79 F7 A2  .......;j.[&.y..
000078A0:  7D 92 3A 2C 36 FA 00 00 00 00 00 00 00 00 00 00  }.:,6...........
000078B0:  00 00 00 00 00 00 00 00 00 00 00 00 00 00 00 00  ................ [zeros]
000078C0:  00 00 00 00 00 00 D3 3B 10 A7 14 19 9F 62 35 7F  .......;.....b5.
000078D0:  38 4F 2D 5D 09 9D BF 99 C4 D9 1A 6B E6 76 8F A6  8O-].......k.v..
000078E0:  27 FF 3B 6F B6 1B BF 99 C4 D9 1A 6B E6 76 8F A6  '.;o.......k.v..
000078F0:  27 FF 3B 6F B6 1B 53 D9 14 F0 21 A2 35 CA 79 8F  '.;o..S...!.5.y.
00007900:  4F 70 CA 60 4A 1B C4 37 7B 94 36 41 20 77 5A 20  Op.`J..7{.6A wZ 
00007910:  DB E7 3D 74 11 AE A3 41 91 B5 41 08 56 61 24 E3  ..=t...A..A.Va$.
00007920:  35 0F 97 1A 02 8B 2A 5C 06 47 AD 87 8E 35 ED 08  5.....*\.G...5..
00007930:  A7 41 FC 82 CE F4 8F EC 68 1A 0E 25 66 4E 48 3F  .A......h..%fNH?
00007940:  99 72 C8 5E 90 8C 3D 47 86 F6 5B 4A CE 90 30 53  .r.^..=G..[J..0S
00007950:  AD 54 07 FC 41 E8 4B 22 9C 3E CC DF F5 2C FD 9A  .T..A.K".>...,..
00007960:  21 9A 0C 73 85 F2 FD BE 2C 1E B1 4A FE 65 03 F3  !..s....,..J.e..
00007970:  37 03 81 F2 86 C5 20 4C 2A 49 B6 7A 30 B3 87 A4  7..... L*I.z0...
00007980:  C4 78 83 0E 2B 93 48 0A EF 25 5E 8C FB 3E 65 A6  .x..+.H..%^..>e.
00007990:  AD 95 03 73 FC 5C 37 F4 CE EB 31 98 F7 DB 06 3C  ...s.\7...1....<
000079A0:  3C 0D 02 5A FA 8E 8B A5 17 82 A5 24 D8 B6 86 5A  <..Z.......$...Z
000079B0:  39 C9 8E 15 F5 FC FE 31 36 4B 27 BF FF 34 43 C7  9......16K'..4C.
000079C0:  DB 00 9F 3C D3 25 9B EA BB 30 F9 59 A8 D2 E2 E5  ...<.%...0.Y....
000079D0:  83 3B 40 38 A1 AB 7A 96 F6 5B 23 3A D6 49 C1 B7  .;@8..z..[#:.I..
000079E0:  D4 E4 97 75 B8 FC 7A 96 F6 5B 23 3A D6 49 C1 B7  ...u..z..[#:.I..
000079F0:  D4 E4 97 75 B8 FC 7A 96 F6 5B 23 3A D6 49 C1 B7  ...u..z..[#:.I..
00007A00:  D4 E4 97 75 B8 FC 5C DF 71 4E 33 06 D7 B5 51 36  ...u..\.qN3...Q6
00007A10:  A0 13 40 60 A9 0F AA 58 A2 33 26 D8 5E 6D 89 72  ..@`...X.3&.^m.r
00007A20:  44 8E E0 89 8C 7F AA 58 A2 33 26 D8 5E 6D 89 72  D......X.3&.^m.r
00007A30:  44 8E E0 89 8C 7F 54 2B 9A 01 54 77 0F 74 EB 58  D.....T+..Tw.t.X
00007A40:  A0 D9 6C 91 DD C1 AA 7B 2C EB 7E 80 C4 2D A0 D1  ..l....{,.~..-..
00007A50:  AE 79 E2 ED 7A D5 5C EB C9 72 D3 44 DC 59 27 9E  .y..z.\..r.D.Y'.
00007A60:  3D 70 AD 39 E6 AE FC 7C 9A DA E9 86 4F 49 2E 44  =p.9...|....OI.D
00007A70:  1B D4 38 15 26 86 B2 30 EA 61 6F 06 32 27 0E A5  ..8.&..0.ao.2'..
00007A80:  BB 43 F6 13 4F AE 37 62 E3 05 43 24 9A 54 F0 E6  .C..O.7b..C$.T..
00007A90:  DD F4 15 21 96 AC 27 63 39 5B 6F 05 66 BB 3E F2  ...!..'c9[o.f.>.
00007AA0:  C1 AB 06 4C 43 A9 8B 61 CC B0 C7 01 C1 C7 E9 AE  ...LC..a........
00007AB0:  FE 81 7C AE A5 BE 8B 61 CC B0 C7 01 C1 C7 E9 AE  ..|....a........
00007AC0:  FE 81 7C AE A5 BE 8B 61 CC B0 C7 01 C1 C7 E9 AE  ..|....a........
00007AD0:  FE 81 7C AE A5 BE 65 37 8E 8A 8E 45 A7 06 F8 6C  ..|...e7...E...l
00007AE0:  C9 9B D5 0E B7 94 B0 BD 34 C0 E3 A5 29 A0 5D 91  ........4...).].
00007AF0:  AA 1A CE 09 48 5E 72 D2 2A 5F 26 31 0E 59 9A C3  ....H^r.*_&1.Y..
00007B00:  36 07 48 BC 78 78 57 67 BB 47 AB D8 E3 A0 BD FF  6.H.xxWg.G......
00007B10:  15 28 74 7E AC F4 0B FE CE 61 D0 09 57 6F 52 B4  .(t~.....a..WoR.
00007B20:  BE B0 69 CF F6 EA 5A A9 6D 31 50 62 37 71 BF 3D  ..i...Z.m1Pb7q.=
00007B30:  93 66 EE 32 03 D3 6B 57 62 E5 87 FC 02 9D DC 2E  .f.2..kWb.......
00007B40:  AC 47 C1 A0 44 49 76 67 8B A7 92 47 80 AD 75 23  .G..DIvg...G..u#
00007B50:  DF EC 62 64 61 CF 0D 35 BD B6 06 27 86 59 0E 6C  ..bda..5...'.Y.l
00007B60:  40 59 D1 AB 98 B6 09 50 A5 ED 8B 99 0D AC 42 C1  @Y.....P......B.
00007B70:  D6 01 5D EF AB D3 B0 BD 34 C0 E3 A5 29 A0 5D 91  ..].....4...).].
00007B80:  AA 1A CE 09 48 5E 72 D2 2A 5F 26 31 0E 59 9A C3  ....H^r.*_&1.Y..
00007B90:  36 07 48 BC 78 78 57 67 BB 47 AB D8 E3 A0 BD FF  6.H.xxWg.G......
00007BA0:  15 28 74 7E AC F4 0B FE CE 61 D0 09 57 6F 52 B4  .(t~.....a..WoR.
00007BB0:  BE B0 69 CF F6 EA 5A A9 6D 31 50 62 37 71 BF 3D  ..i...Z.m1Pb7q.=
00007BC0:  93 66 EE 32 03 D3 3D 29 80 63 6A 01 22 E1 CE 92  .f.2..=).cj."...
00007BD0:  20 E7 C2 B2 AD 64 1C 45 0E DA F1 2B 20 45 04 E9   ....d.E...+ E..
00007BE0:  EF F8 1C 8E 52 C6 32 EB C6 02 E7 C2 9E E1 D4 F4  ....R.2.........
00007BF0:  7A 18 84 26 08 3C 96 83 05 08 41 47 96 C6 7B 0C  z..&.<....AG..{.
00007C00:  FE D9 20 BC F1 71 BD 13 99 0C 82 F6 89 91 64 5F  .. ..q........d_
00007C10:  2A 2B 36 92 53 42 F6 F4 5A B6 F8 72 E9 1C 16 2C  *+6.SB..Z..r...,
00007C20:  EC B5 59 6A 94 17 F1 2B D3 23 10 4B FE 47 90 63  ..Yj...+.#.K.G.c
00007C30:  6E                                               n

; --- structure summary (block types) ---
; 0x00000060..+0xD0  data   (208 bytes)
; 0x00000130..+0x40  zeros  (64 bytes)
; 0x00000170..+0x210  data   (528 bytes)
; 0x00000380..+0x180  zeros  (384 bytes)
; 0x00000500..+0x580  data   (1408 bytes)
; 0x00000A80..+0x3F0  zeros  (1008 bytes)
; 0x00000E70..+0x20  data   (32 bytes)
; 0x00000E90..+0x3E0  zeros  (992 bytes)
; 0x00001270..+0x20  data   (32 bytes)
; 0x00001290..+0x3E0  zeros  (992 bytes)
; 0x00001670..+0x20  data   (32 bytes)
; 0x00001690..+0x3E0  zeros  (992 bytes)
; 0x00001A70..+0x2400  data   (9216 bytes)
; 0x00003E70..+0x10  zeros  (16 bytes)
; 0x00003E80..+0x40  data   (64 bytes)
; 0x00003EC0..+0x70  zeros  (112 bytes)
; 0x00003F30..+0x120  data   (288 bytes)
; 0x00004050..+0xA0  zeros  (160 bytes)
; 0x000040F0..+0x50  data   (80 bytes)
; 0x00004140..+0x160  zeros  (352 bytes)
; 0x000042A0..+0x30  data   (48 bytes)
; 0x000042D0..+0x100  zeros  (256 bytes)
; 0x000043D0..+0xE0  data   (224 bytes)
; 0x000044B0..+0x5F0  zeros  (1520 bytes)
; 0x00004AA0..+0x130  data   (304 bytes)
; 0x00004BD0..+0x100  zeros  (256 bytes)
; 0x00004CD0..+0x210  data   (528 bytes)
; 0x00004EE0..+0x40  zeros  (64 bytes)
; 0x00004F20..+0xA0  data   (160 bytes)
; 0x00004FC0..+0xA0  zeros  (160 bytes)
; 0x00005060..+0xB0  data   (176 bytes)
; 0x00005110..+0x10  zeros  (16 bytes)
; 0x00005120..+0xD0  data   (208 bytes)
; 0x000051F0..+0xC0  zeros  (192 bytes)
; 0x000052B0..+0x280  data   (640 bytes)
; 0x00005530..+0x50  zeros  (80 bytes)
; 0x00005580..+0x160  data   (352 bytes)
; 0x000056E0..+0x30  zeros  (48 bytes)
; 0x00005710..+0x290  data   (656 bytes)
; 0x000059A0..+0x60  zeros  (96 bytes)
; 0x00005A00..+0xF0  data   (240 bytes)
; 0x00005AF0..+0xC0  zeros  (192 bytes)
; 0x00005BB0..+0x250  data   (592 bytes)
; 0x00005E00..+0xD0  zeros  (208 bytes)
; 0x00005ED0..+0x230  data   (560 bytes)
; 0x00006100..+0x30  zeros  (48 bytes)
; 0x00006130..+0x60  data   (96 bytes)
; 0x00006190..+0xA0  zeros  (160 bytes)
; 0x00006230..+0x50  data   (80 bytes)
; 0x00006280..+0x40  zeros  (64 bytes)
; 0x000062C0..+0x30  data   (48 bytes)
; 0x000062F0..+0xA0  zeros  (160 bytes)
; 0x00006390..+0x60  data   (96 bytes)
; 0x000063F0..+0x40  zeros  (64 bytes)
; 0x00006430..+0x30  data   (48 bytes)
; 0x00006460..+0xA0  zeros  (160 bytes)
; 0x00006500..+0x290  data   (656 bytes)
; 0x00006790..+0xC0  zeros  (192 bytes)
; 0x00006850..+0x180  data   (384 bytes)
; 0x000069D0..+0x20  zeros  (32 bytes)
; 0x000069F0..+0x20  data   (32 bytes)
; 0x00006A10..+0x10  zeros  (16 bytes)
; 0x00006A20..+0x20  data   (32 bytes)
; 0x00006A40..+0x10  zeros  (16 bytes)
; 0x00006A50..+0x20  data   (32 bytes)
; 0x00006A70..+0x20  zeros  (32 bytes)
; 0x00006A90..+0x20  data   (32 bytes)
; 0x00006AB0..+0x10  zeros  (16 bytes)
; 0x00006AC0..+0x20  data   (32 bytes)
; 0x00006AE0..+0x10  zeros  (16 bytes)
; 0x00006AF0..+0x20  data   (32 bytes)
; 0x00006B10..+0x20  zeros  (32 bytes)
; 0x00006B30..+0x360  data   (864 bytes)
; 0x00006E90..+0x40  zeros  (64 bytes)
; 0x00006ED0..+0x50  data   (80 bytes)
; 0x00006F20..+0xA0  zeros  (160 bytes)
; 0x00006FC0..+0x60  data   (96 bytes)
; 0x00007020..+0x40  zeros  (64 bytes)
; 0x00007060..+0x30  data   (48 bytes)
; 0x00007090..+0xA0  zeros  (160 bytes)
; 0x00007130..+0x50  data   (80 bytes)
; 0x00007180..+0x40  zeros  (64 bytes)
; 0x000071C0..+0x30  data   (48 bytes)
; 0x000071F0..+0xA0  zeros  (160 bytes)
; 0x00007290..+0x290  data   (656 bytes)
; 0x00007520..+0xC0  zeros  (192 bytes)
; 0x000075E0..+0x190  data   (400 bytes)
; 0x00007770..+0x10  zeros  (16 bytes)
; 0x00007780..+0x20  data   (32 bytes)
; 0x000077A0..+0x10  zeros  (16 bytes)
; 0x000077B0..+0x20  data   (32 bytes)
; 0x000077D0..+0x20  zeros  (32 bytes)
; 0x000077F0..+0x20  data   (32 bytes)
; 0x00007810..+0x10  zeros  (16 bytes)
; 0x00007820..+0x20  data   (32 bytes)
; 0x00007840..+0x10  zeros  (16 bytes)
; 0x00007850..+0x20  data   (32 bytes)
; 0x00007870..+0x20  zeros  (32 bytes)
; 0x00007890..+0x20  data   (32 bytes)
; 0x000078B0..+0x10  zeros  (16 bytes)
; 0x000078C0..+0x370  data   (880 bytes)
