; Decrypted GatewaySettings dump (see FORMAT.md)
; key = b79235a4e5eddea275288ed11af811d6 (aligned at 0x60)

00000060:  5F C2 B0 C7 05 DD EB 32 80 B3 AC 7D 9F B1 89 1C  _......2...}....
00000070:  67 C8 07 3D ED BB E5 25 29 31 58 B9 5F E1 AB 7E  g..=...%)1X._..~
00000080:  8F 02 07 F6 E1 0C AA 2F 66 5C 6B 76 77 57 A8 0C  ......./f\kvwW..
00000090:  42 38 A3 F4 2B 2A 9E 61 D5 14 80 54 33 4D 0B 71  B8..+*.a...T3M.q
000000A0:  96 07 C9 9C E2 C2 0A C3 F8 40 8A 69 D5 D8 A8 B3  .........@.i....
000000B0:  E0 C4 93 78 C2 6E 89 75 AE 91 A8 7B AD A5 D2 8E  ...x.n.u...{....
000000C0:  FC B9 E9 FD 30 B8 8E 8C 6E 0A AD BE 1B F0 01 0D  ....0...n.......
000000D0:  A7 C8 DC 28 D3 EB 1D 60 97 37 DB CF AE D9 26 C5  ...(...`.7....&.
000000E0:  F4 88 63 63 4A 67 01 F1 4E B4 54 CD 6E 33 86 82  ..ccJg..N.T.n3..
000000F0:  8A D9 A1 F5 93 C4 47 05 A5 EB 6D C8 5C 5A D8 6A  ......G...m.\Z.j
00000100:  B4 38 59 26 1D 04 9A A3 3B 66 F6 FA AD 9E DF F1  .8Y&....;f......
00000110:  8E 03 A0 64 03 8E F8 B1 59 25 79 F8 CA 38 9D 18  ...d....Y%y..8..
00000120:  39 9E 82 0D 03 5B 00 00 00 00 00 00 00 00 00 00  9....[..........
00000130:  00 00 00 00 00 00 00 00 00 00 00 00 00 00 00 00  ................ [zeros]
00000140:  00 00 00 00 00 00 00 00 00 00 00 00 00 00 00 00  ................ [zeros]
00000150:  00 00 00 00 00 00 00 00 00 00 00 00 00 00 00 00  ................ [zeros]
00000160:  00 00 00 00 00 00 00 00 00 00 00 00 00 00 00 00  ................ [zeros]
00000170:  00 00 00 00 00 00 03 27 73 0E EA 92 75 25 AA C5  .......'s...u%..
00000180:  CD 95 B9 7F 56 93 A0 D1 F7 35 FD 13 F4 2B 69 FA  ....V....5...+i.
00000190:  78 95 4D 48 C4 4B 9C AE CC B5 0E C5 EC 8F AE AF  x.MH.K..........
000001A0:  C2 35 12 C9 CD E9 05 82 2E 10 A0 57 FB 8C CC A4  .5.........W....
000001B0:  F9 00 05 A8 33 49 C2 E3 5B C0 C9 54 5B 6F 6E D9  ....3I..[..T[on.
000001C0:  D7 F9 2C 61 98 F9 90 64 FE 7F D9 61 6D 90 60 3A  ..,a...d...am.`:
000001D0:  59 A2 E4 1B F6 40 14 E9 9F 49 94 3B 5C BF 9F 84  Y....@...I.;\...
000001E0:  B8 22 BC 07 54 C1 AE 59 74 C2 D6 28 F4 AD 47 C6  ."..T..Yt..(..G.
000001F0:  F5 88 72 A2 58 55 3B A7 29 F0 5B 15 74 2E 90 DD  ..r.XU;.).[.t...
00000200:  9F ED E8 77 E7 4B DD 71 7C 90 CA 88 5D 56 AE 2B  ...w.K.q|...]V.+
00000210:  B6 19 EF B2 DB C3 EA 3C 89 80 B6 96 E7 F4 50 3E  .......<......P>
00000220:  BB FF 26 6D 87 B6 AE C7 7A 89 B5 70 9E 84 B3 DB  ..&m....z..p....
00000230:  30 77 77 3A E9 8E D4 64 F7 B7 D3 90 72 AC 1C 81  0ww:...d....r...
00000240:  C8 2F EB 6F 8B 6C F0 51 74 15 64 74 0D 5A F6 1E  ./.o.l.Qt.dt.Z..
00000250:  FD 53 DE F4 90 99 E2 9B 03 DF B5 17 31 BB 55 A6  .S..........1.U.
00000260:  3C 1D AD 71 D7 04 15 E2 9E 2D 39 59 F7 7B DE F1  <..q.....-9Y.{..
00000270:  E8 8D BD 1B E4 27 AD 63 BF 5A A7 4E 05 92 5D 04  .....'.c.Z.N..].
00000280:  2B 84 36 D1 7C ED 0B 64 CF 8E C4 13 D2 E9 D7 ED  +.6.|..d........
00000290:  9B 3D 9E 30 CF A2 CF 5C 26 60 E4 E8 F1 4B 0E 93  .=.0...\&`...K..
000002A0:  5A AB E8 AE 58 2B 20 81 55 6A 5F 32 74 B4 7C 41  Z...X+ .Uj_2t.|A
000002B0:  FE 7D 3D 74 33 FD 39 E3 D4 90 CA DA FF 5C A8 29  .}=t3.9......\.)
000002C0:  14 28 03 C2 88 73 D5 0B CA 07 B6 AE 6C 55 11 9A  .(...s......lU..
000002D0:  ED DA 8F 58 1C 4B F3 3F C1 A6 C3 6F 04 42 D4 05  ...X.K.?...o.B..
000002E0:  77 4B 87 C5 F3 5D 5F 27 F1 CF C4 1E 1E F0 59 0F  wK...]_'......Y.
000002F0:  7E 9B B0 37 70 63 21 81 17 40 41 B9 24 8D E7 34  ~..7pc!..@A.$..4
00000300:  13 11 95 2A 4F 06 55 0E 32 81 04 C4 E3 57 D5 11  ...*O.U.2....W..
00000310:  6E DB FE 69 6C A3 D1 0A 37 16 28 12 AC 2D AD 27  n..il...7.(..-.'
00000320:  B0 D5 AA AE D5 3D 0E B3 2A 6D 7A 9B 8A 6F 43 EC  .....=..*mz..oC.
00000330:  E4 63 F0 A5 22 64 DF 8C B7 1F D9 FD 68 58 44 0C  .c.."d......hXD.
00000340:  9C 28 62 2D FD A7 8F EE 74 49 BB C0 9C CA BE 6C  .(b-....tI.....l
00000350:  49 9E 95 3B DF 95 DF 8C B7 1F D9 FD 68 58 44 0C  I..;........hXD.
00000360:  9C 28 62 2D FD A7 89 D4 FB 3A 48 05 C9 33 84 68  .(b-.....:H..3.h
00000370:  ED 97 3F D2 1C 51 00 00 00 00 00 00 00 00 00 00  ..?..Q..........
00000380:  00 00 00 00 00 00 00 00 00 00 00 00 00 00 00 00  ................ [zeros]
00000390:  00 00 00 00 00 00 00 00 00 00 00 00 00 00 00 00  ................ [zeros]
000003A0:  00 00 00 00 00 00 00 00 00 00 00 00 00 00 00 00  ................ [zeros]
000003B0:  00 00 00 00 00 00 00 00 00 00 00 00 00 00 00 00  ................ [zeros]
000003C0:  00 00 00 00 00 00 00 00 00 00 00 00 00 00 00 00  ................ [zeros]
000003D0:  00 00 00 00 00 00 00 00 00 00 00 00 00 00 00 00  ................ [zeros]
000003E0:  00 00 00 00 00 00 00 00 00 00 00 00 00 00 00 00  ................ [zeros]
000003F0:  00 00 00 00 00 00 00 00 00 00 00 00 00 00 00 00  ................ [zeros]
00000400:  00 00 00 00 00 00 00 00 00 00 00 00 00 00 00 00  ................ [zeros]
00000410:  00 00 00 00 00 00 00 00 00 00 00 00 00 00 00 00  ................ [zeros]
00000420:  00 00 00 00 00 00 00 00 00 00 00 00 00 00 00 00  ................ [zeros]
00000430:  00 00 00 00 00 00 00 00 00 00 00 00 00 00 00 00  ................ [zeros]
00000440:  00 00 00 00 00 00 00 00 00 00 00 00 00 00 00 00  ................ [zeros]
00000450:  00 00 00 00 00 00 00 00 00 00 00 00 00 00 00 00  ................ [zeros]
00000460:  00 00 00 00 00 00 00 00 00 00 00 00 00 00 00 00  ................ [zeros]
00000470:  00 00 00 00 00 00 00 00 00 00 00 00 00 00 00 00  ................ [zeros]
00000480:  00 00 00 00 00 00 00 00 00 00 00 00 00 00 00 00  ................ [zeros]
00000490:  00 00 00 00 00 00 00 00 00 00 00 00 00 00 00 00  ................ [zeros]
000004A0:  00 00 00 00 00 00 00 00 00 00 00 00 00 00 00 00  ................ [zeros]
000004B0:  00 00 00 00 00 00 00 00 00 00 00 00 00 00 00 00  ................ [zeros]
000004C0:  00 00 00 00 00 00 00 00 00 00 00 00 00 00 00 00  ................ [zeros]
000004D0:  00 00 00 00 00 00 00 00 00 00 00 00 00 00 00 00  ................ [zeros]
000004E0:  00 00 00 00 00 00 00 00 00 00 00 00 00 00 00 00  ................ [zeros]
000004F0:  00 00 00 00 00 00 00 00 00 00 00 00 00 00 00 00  ................ [zeros]
00000500:  00 00 00 00 00 00 E4 B1 5B 57 26 BE 28 15 D7 35  ........[W&.(..5
00000510:  87 0B 08 DC 27 34 A3 C8 82 CB 1D F7 4F 3A 7E 48  ....'4......O:~H
00000520:  CB 21 40 1A D1 80 84 9A F2 2D A2 1E 88 D5 19 86  .!@......-......
00000530:  05 79 AD D9 39 06 A8 CA 70 8B 8F EA 84 C7 9F C6  .y..9...p.......
00000540:  BC A4 0D E7 D9 A6 24 5A E6 B9 C2 60 CD 16 2B DD  ......$Z...`..+.
00000550:  41 B3 5A 55 62 64 12 19 F5 6C 7C 32 14 98 4B 7E  A.ZUbd...l|2..K~
00000560:  F9 7B 36 C5 55 29 38 9D 8E AD 12 F5 58 86 7A 07  .{6.U)8.....X.z.
00000570:  3A A3 D0 96 D7 E1 79 51 14 DF 70 18 D9 86 16 56  :.....yQ..p....V
00000580:  2F 18 16 81 41 D0 D7 25 39 FE D8 B1 1E 55 50 BF  /...A..%9....UP.
00000590:  2C 85 48 86 76 6C B5 1F 1B BB 2E A2 EA 69 C7 1F  ,.H.vl.......i..
000005A0:  06 C2 44 2C 23 55 CD E8 36 DA E6 14 58 61 19 52  ..D,#U..6...Xa.R
000005B0:  F9 95 1C C8 63 90 30 A4 BA CF 32 0D D9 16 6B A6  ....c.0...2...k.
000005C0:  57 D0 99 7F 15 CA 94 54 EE ED 5A C6 91 F1 C0 28  W......T..Z....(
000005D0:  AB EB 0B D9 65 59 4E DD 59 82 A0 0C 04 4A 5B AE  ....eYN.Y....J[.
000005E0:  85 FA AA F0 DB FB 59 9F E3 4C 89 7A 98 D1 39 E2  ......Y..L.z..9.
000005F0:  54 E5 72 5A 59 99 46 0F 13 90 2D 55 F1 55 54 75  T.rZY.F...-U.UTu
00000600:  8E EB A2 E9 5A E7 E5 8B AB 0A 6B A2 33 F2 0E 58  ....Z.....k.3..X
00000610:  5B 4D 7E CE 4B 5F 49 4F 79 26 CC 4F 12 FE C9 E3  [M~.K_IOy&.O....
00000620:  0A D0 BD 88 D0 0B CE BB F0 DE F5 DB AE 09 12 EC  ................
00000630:  E2 A0 83 C8 E6 2F C0 19 C1 F8 EF 12 DE 72 4A 00  ...../.......rJ.
00000640:  4C 5C 02 B6 4A 67 AD 9C D2 34 6B F3 74 63 45 58  L\..Jg...4k.tcEX
00000650:  D9 27 15 74 E3 78 FC DF 36 6D 42 15 01 E5 B7 07  .'.t.x..6mB.....
00000660:  EB 53 2F 73 1E 01 DD 11 1B 1D 87 B7 15 A7 C8 50  .S/s...........P
00000670:  D3 E9 38 4A D3 E9 2E 06 44 7B BD C6 09 D4 4F 92  ..8J....D{....O.
00000680:  96 70 4C AD 9E 00 CD 87 9B E0 59 E5 72 8D 6F 04  .pL.......Y.r.o.
00000690:  52 28 96 E9 E0 0D 5B A5 53 5A 33 72 47 8E D5 61  R(....[.SZ3rG..a
000006A0:  9E 84 A2 4D 95 9B 8F 61 99 0A 2B D6 E4 C7 D8 1D  ...M...a..+.....
000006B0:  ED 1A B7 2B 14 6F AC F4 DF 71 65 71 40 97 86 EF  ...+.o...qeq@...
000006C0:  74 C7 7B AB BB 5F 8C 83 E0 78 9B 76 21 8F 70 C5  t.{.._...x.v!.p.
000006D0:  A9 BE 00 AF 53 B1 BC E6 68 43 D3 5C 13 7A C5 BD  ....S...hC.\.z..
000006E0:  F1 F4 C8 1E BE 84 BF B3 88 90 F9 F9 F4 42 2B 0B  .............B+.
000006F0:  39 AA EE 0A 9F BC D4 67 30 51 0F 16 83 3F 5E 94  9......g0Q...?^.
00000700:  62 EF 03 F1 C2 A8 B7 65 9A 69 4B E6 BA 38 29 4B  b......e.iK..8)K
00000710:  0A B4 65 6A 03 F8 32 EB 90 00 AD 25 F9 B5 14 2A  ..ej..2....%...*
00000720:  96 FA B5 95 CA 77 2E E0 5B 0C CA E7 CD 6A 97 57  .....w..[....j.W
00000730:  82 04 EC 6B EB EB BD 23 31 13 75 46 AD E7 01 5E  ...k...#1.uF...^
00000740:  13 51 86 AD CB 9D 6D F6 EF FD B5 4B AA FC 84 B0  .Q....m....K....
00000750:  FC 7E 7C E7 42 19 F7 AC DF F8 E7 F2 39 D0 46 A1  .~|.B.......9.F.
00000760:  BE 19 41 AF 8B 93 60 D8 85 6B 21 67 D0 06 37 26  ..A...`..k!g..7&
00000770:  93 BF 34 C4 EA 20 43 CA D9 5B 5F CC 20 17 21 6C  ..4.. C..[_. .!l
00000780:  06 6D 14 5D 6F E8 8E 70 D9 54 E6 8C AB 75 50 A4  .m.]o..p.T...uP.
00000790:  5D 0A F8 B4 1F 4F F8 9D 3D 52 C3 24 2D 53 BF A7  ]....O..=R.$-S..
000007A0:  D6 7E 7E 39 B9 3F 2E E0 5B 0C CA E7 CD 6A 97 57  .~~9.?..[....j.W
000007B0:  82 04 EC 6B EB EB 27 70 8D 5E 46 2E 71 D5 AA BA  ...k..'p.^F.q...
000007C0:  76 53 D7 C6 B0 18 CF A2 1A 35 A3 75 B5 EE F3 07  vS.......5.u....
000007D0:  69 AA 6E 0E B0 AC 3B 46 0B 97 90 72 3F 30 DE 2F  i.n...;F...r?0./
000007E0:  F0 F5 50 17 34 FC FF 01 12 E7 CE 3F F2 03 4C CD  ..P.4......?..L.
000007F0:  C0 6B CF A4 C4 A1 3B 58 E0 E3 EF C2 A9 CE A0 5E  .k....;X.......^
00000800:  F5 26 BE 5E 5A 58 D3 C7 77 A3 3A BA A8 C2 4C 7D  .&.^ZX..w.:...L}
00000810:  24 95 24 FB D4 BD 66 6D 20 E6 6A 04 0E C3 3E 66  $.$...fm .j...>f
00000820:  AB D5 E9 DE 91 36 D2 6C 12 D4 F4 FE 6C F7 BD B7  .....6.l....l...
00000830:  7C 31 C5 A5 B1 F6 0D 19 6E AD 06 C0 AD C4 DA 89  |1......n.......
00000840:  FA 75 16 AB 2F 5C 87 E0 0E DF 39 08 F6 78 1D 40  .u../\....9..x.@
00000850:  08 B6 61 10 C8 F7 41 B6 55 BB 27 B3 82 BD 4F 3B  ..a...A.U.'...O;
00000860:  CB F7 B0 9A D8 80 4B D5 D3 79 96 60 11 3E B2 AE  ......K..y.`.>..
00000870:  40 FF EA 48 BE 77 02 83 5F 10 9C FF 9D 80 AC 0B  @..H.w.._.......
00000880:  6D 23 08 06 13 95 77 16 69 02 99 9E 86 24 8F 2A  m#....w.i....$.*
00000890:  E7 B0 A9 6E 2F E1 A9 AF 21 AB 86 BE 7D BF C3 B3  ...n/...!...}...
000008A0:  3A CD 37 69 AA 43 35 5E 87 62 2A 25 82 49 48 6E  :.7i.C5^.b*%.IHn
000008B0:  AB EC A8 BF B4 A3 C6 D6 D7 E2 2D D1 1D EA 97 A5  ..........-.....
000008C0:  62 58 E9 F2 B9 D1 C1 5E 7F 84 46 34 A4 47 A3 A9  bX.....^..F4.G..
000008D0:  87 DC F6 E4 4C A0 91 0E 93 61 74 85 04 35 6D 00  ....L....at..5m.
000008E0:  9B 34 5C 11 ED 6B 04 54 C5 7C 0E CC 8A 91 7F 41  .4\..k.T.|.....A
000008F0:  64 9F BF 64 44 7B 22 48 E6 0C FC A1 2A 56 96 41  d..dD{"H....*V.A
00000900:  55 3E FC 71 FE 78 30 14 33 02 CC 08 14 E1 0B BC  U>.q.x0.3.......
00000910:  3E 84 BF ED 1A 82 95 D4 25 28 A5 7C 73 92 4C 55  >.......%(.|s.LU
00000920:  C3 4F 71 D8 88 5E 01 8F 5F DE FE 21 92 FD 8B B0  .Oq..^.._..!....
00000930:  98 95 9C 41 6E 02 53 33 E9 F9 E9 CF D1 17 C7 89  ...An.S3........
00000940:  48 AD 8A A6 DB 56 91 82 F3 B9 D7 1D D8 02 87 54  H....V.........T
00000950:  C5 13 A3 62 7D 9D F9 B1 A4 A9 B8 46 23 81 EC 71  ...b}......F#..q
00000960:  99 FC E2 08 45 A1 AC ED AB E2 62 41 FC C4 52 6F  ....E.....bA..Ro
00000970:  B5 55 2B 21 34 A6 7B A9 82 86 2C 8F 1A A7 AA A1  .U+!4.{...,.....
00000980:  D0 87 73 6C 0B 24 6D 6C 48 33 75 F1 F9 AC 53 4F  ..sl.$mlH3u...SO
00000990:  DA B1 BF AE 8E E9 EB 17 AA 13 3F DC D9 9E 7E BE  ..........?...~.
000009A0:  B1 1F C6 74 46 F9 2E 88 D2 AD C1 B1 21 7E A9 C3  ...tF.......!~..
000009B0:  AC 48 5C DA 7D E9 58 23 8B E0 B9 11 E1 EB 28 3C  .H\.}.X#......(<
000009C0:  E6 1D 9F 6D 89 B1 1E 92 37 39 55 1D 93 26 C3 2C  ...m....79U..&.,
000009D0:  4E 9C FC 06 DC CC DF 4B D9 81 9D 2F 40 1F 37 FB  N......K.../@.7.
000009E0:  8A 46 D0 4F 73 B5 B2 B5 45 D6 EA 93 30 60 F8 97  .F.Os...E...0`..
000009F0:  2E B6 4D 10 AB 7B 1C 6B 7F 39 C6 D5 79 8A 54 07  ..M..{.k.9..y.T.
00000A00:  A3 B9 8C 0D 00 A1 C8 52 EB 42 8D 0B 3E 67 D4 B0  .......R.B..>g..
00000A10:  67 A0 E7 93 2E 25 C8 AD AA D2 EF 10 09 55 F3 F8  g....%.......U..
00000A20:  C8 08 F7 BD F2 AC 96 96 CD 5A 39 C1 78 01 19 4C  .........Z9.x..L
00000A30:  CB DD 37 37 9B 84 8A EF EB 12 DD 97 B3 84 A0 B4  ..77............
00000A40:  E1 34 8F 3A 4D 29 B1 41 28 DC 8C 35 65 F0 14 95  .4.:M).A(..5e...
00000A50:  79 E6 DD 7B 5A 36 8C 44 5F A2 1B A3 DE 2E D6 E4  y..{Z6.D_.......
00000A60:  82 8B 16 AE FF F1 0A 86 85 A3 43 98 0D FD DF 83  ..........C.....
00000A70:  31 60 60 CC F9 69 00 00 00 00 00 00 00 00 00 00  1``..i..........
00000A80:  00 00 00 00 00 00 00 00 00 00 00 00 00 00 00 00  ................ [zeros]
00000A90:  00 00 00 00 00 00 00 00 00 00 00 00 00 00 00 00  ................ [zeros]
00000AA0:  00 00 00 00 00 00 00 00 00 00 00 00 00 00 00 00  ................ [zeros]
00000AB0:  00 00 00 00 00 00 00 00 00 00 00 00 00 00 00 00  ................ [zeros]
00000AC0:  00 00 00 00 00 00 00 00 00 00 00 00 00 00 00 00  ................ [zeros]
00000AD0:  00 00 00 00 00 00 00 00 00 00 00 00 00 00 00 00  ................ [zeros]
00000AE0:  00 00 00 00 00 00 00 00 00 00 00 00 00 00 00 00  ................ [zeros]
00000AF0:  00 00 00 00 00 00 00 00 00 00 00 00 00 00 00 00  ................ [zeros]
00000B00:  00 00 00 00 00 00 00 00 00 00 00 00 00 00 00 00  ................ [zeros]
00000B10:  00 00 00 00 00 00 00 00 00 00 00 00 00 00 00 00  ................ [zeros]
00000B20:  00 00 00 00 00 00 00 00 00 00 00 00 00 00 00 00  ................ [zeros]
00000B30:  00 00 00 00 00 00 00 00 00 00 00 00 00 00 00 00  ................ [zeros]
00000B40:  00 00 00 00 00 00 00 00 00 00 00 00 00 00 00 00  ................ [zeros]
00000B50:  00 00 00 00 00 00 00 00 00 00 00 00 00 00 00 00  ................ [zeros]
00000B60:  00 00 00 00 00 00 00 00 00 00 00 00 00 00 00 00  ................ [zeros]
00000B70:  00 00 00 00 00 00 00 00 00 00 00 00 00 00 00 00  ................ [zeros]
00000B80:  00 00 00 00 00 00 00 00 00 00 00 00 00 00 00 00  ................ [zeros]
00000B90:  00 00 00 00 00 00 00 00 00 00 00 00 00 00 00 00  ................ [zeros]
00000BA0:  00 00 00 00 00 00 00 00 00 00 00 00 00 00 00 00  ................ [zeros]
00000BB0:  00 00 00 00 00 00 00 00 00 00 00 00 00 00 00 00  ................ [zeros]
00000BC0:  00 00 00 00 00 00 00 00 00 00 00 00 00 00 00 00  ................ [zeros]
00000BD0:  00 00 00 00 00 00 00 00 00 00 00 00 00 00 00 00  ................ [zeros]
00000BE0:  00 00 00 00 00 00 00 00 00 00 00 00 00 00 00 00  ................ [zeros]
00000BF0:  00 00 00 00 00 00 00 00 00 00 00 00 00 00 00 00  ................ [zeros]
00000C00:  00 00 00 00 00 00 00 00 00 00 00 00 00 00 00 00  ................ [zeros]
00000C10:  00 00 00 00 00 00 00 00 00 00 00 00 00 00 00 00  ................ [zeros]
00000C20:  00 00 00 00 00 00 00 00 00 00 00 00 00 00 00 00  ................ [zeros]
00000C30:  00 00 00 00 00 00 00 00 00 00 00 00 00 00 00 00  ................ [zeros]
00000C40:  00 00 00 00 00 00 00 00 00 00 00 00 00 00 00 00  ................ [zeros]
00000C50:  00 00 00 00 00 00 00 00 00 00 00 00 00 00 00 00  ................ [zeros]
00000C60:  00 00 00 00 00 00 00 00 00 00 00 00 00 00 00 00  ................ [zeros]
00000C70:  00 00 00 00 00 00 00 00 00 00 00 00 00 00 00 00  ................ [zeros]
00000C80:  00 00 00 00 00 00 00 00 00 00 00 00 00 00 00 00  ................ [zeros]
00000C90:  00 00 00 00 00 00 00 00 00 00 00 00 00 00 00 00  ................ [zeros]
00000CA0:  00 00 00 00 00 00 00 00 00 00 00 00 00 00 00 00  ................ [zeros]
00000CB0:  00 00 00 00 00 00 00 00 00 00 00 00 00 00 00 00  ................ [zeros]
00000CC0:  00 00 00 00 00 00 00 00 00 00 00 00 00 00 00 00  ................ [zeros]
00000CD0:  00 00 00 00 00 00 00 00 00 00 00 00 00 00 00 00  ................ [zeros]
00000CE0:  00 00 00 00 00 00 00 00 00 00 00 00 00 00 00 00  ................ [zeros]
00000CF0:  00 00 00 00 00 00 00 00 00 00 00 00 00 00 00 00  ................ [zeros]
00000D00:  00 00 00 00 00 00 00 00 00 00 00 00 00 00 00 00  ................ [zeros]
00000D10:  00 00 00 00 00 00 00 00 00 00 00 00 00 00 00 00  ................ [zeros]
00000D20:  00 00 00 00 00 00 00 00 00 00 00 00 00 00 00 00  ................ [zeros]
00000D30:  00 00 00 00 00 00 00 00 00 00 00 00 00 00 00 00  ................ [zeros]
00000D40:  00 00 00 00 00 00 00 00 00 00 00 00 00 00 00 00  ................ [zeros]
00000D50:  00 00 00 00 00 00 00 00 00 00 00 00 00 00 00 00  ................ [zeros]
00000D60:  00 00 00 00 00 00 00 00 00 00 00 00 00 00 00 00  ................ [zeros]
00000D70:  00 00 00 00 00 00 00 00 00 00 00 00 00 00 00 00  ................ [zeros]
00000D80:  00 00 00 00 00 00 00 00 00 00 00 00 00 00 00 00  ................ [zeros]
00000D90:  00 00 00 00 00 00 00 00 00 00 00 00 00 00 00 00  ................ [zeros]
00000DA0:  00 00 00 00 00 00 00 00 00 00 00 00 00 00 00 00  ................ [zeros]
00000DB0:  00 00 00 00 00 00 00 00 00 00 00 00 00 00 00 00  ................ [zeros]
00000DC0:  00 00 00 00 00 00 00 00 00 00 00 00 00 00 00 00  ................ [zeros]
00000DD0:  00 00 00 00 00 00 00 00 00 00 00 00 00 00 00 00  ................ [zeros]
00000DE0:  00 00 00 00 00 00 00 00 00 00 00 00 00 00 00 00  ................ [zeros]
00000DF0:  00 00 00 00 00 00 00 00 00 00 00 00 00 00 00 00  ................ [zeros]
00000E00:  00 00 00 00 00 00 00 00 00 00 00 00 00 00 00 00  ................ [zeros]
00000E10:  00 00 00 00 00 00 00 00 00 00 00 00 00 00 00 00  ................ [zeros]
00000E20:  00 00 00 00 00 00 00 00 00 00 00 00 00 00 00 00  ................ [zeros]
00000E30:  00 00 00 00 00 00 00 00 00 00 00 00 00 00 00 00  ................ [zeros]
00000E40:  00 00 00 00 00 00 00 00 00 00 00 00 00 00 00 00  ................ [zeros]
00000E50:  00 00 00 00 00 00 00 00 00 00 00 00 00 00 00 00  ................ [zeros]
00000E60:  00 00 00 00 00 00 54 67 C7 DE A4 09 B3 1A AD AB  ......Tg........
00000E70:  AE B2 EB 44 6F 9D 00 00 00 00 00 00 00 00 00 00  ...Do...........
00000E80:  00 00 00 00 00 00 00 00 00 00 00 00 00 00 00 00  ................ [zeros]
00000E90:  00 00 00 00 00 00 00 00 00 00 00 00 00 00 00 00  ................ [zeros]
00000EA0:  00 00 00 00 00 00 00 00 00 00 00 00 00 00 00 00  ................ [zeros]
00000EB0:  00 00 00 00 00 00 00 00 00 00 00 00 00 00 00 00  ................ [zeros]
00000EC0:  00 00 00 00 00 00 00 00 00 00 00 00 00 00 00 00  ................ [zeros]
00000ED0:  00 00 00 00 00 00 00 00 00 00 00 00 00 00 00 00  ................ [zeros]
00000EE0:  00 00 00 00 00 00 00 00 00 00 00 00 00 00 00 00  ................ [zeros]
00000EF0:  00 00 00 00 00 00 00 00 00 00 00 00 00 00 00 00  ................ [zeros]
00000F00:  00 00 00 00 00 00 00 00 00 00 00 00 00 00 00 00  ................ [zeros]
00000F10:  00 00 00 00 00 00 00 00 00 00 00 00 00 00 00 00  ................ [zeros]
00000F20:  00 00 00 00 00 00 00 00 00 00 00 00 00 00 00 00  ................ [zeros]
00000F30:  00 00 00 00 00 00 00 00 00 00 00 00 00 00 00 00  ................ [zeros]
00000F40:  00 00 00 00 00 00 00 00 00 00 00 00 00 00 00 00  ................ [zeros]
00000F50:  00 00 00 00 00 00 00 00 00 00 00 00 00 00 00 00  ................ [zeros]
00000F60:  00 00 00 00 00 00 00 00 00 00 00 00 00 00 00 00  ................ [zeros]
00000F70:  00 00 00 00 00 00 00 00 00 00 00 00 00 00 00 00  ................ [zeros]
00000F80:  00 00 00 00 00 00 00 00 00 00 00 00 00 00 00 00  ................ [zeros]
00000F90:  00 00 00 00 00 00 00 00 00 00 00 00 00 00 00 00  ................ [zeros]
00000FA0:  00 00 00 00 00 00 00 00 00 00 00 00 00 00 00 00  ................ [zeros]
00000FB0:  00 00 00 00 00 00 00 00 00 00 00 00 00 00 00 00  ................ [zeros]
00000FC0:  00 00 00 00 00 00 00 00 00 00 00 00 00 00 00 00  ................ [zeros]
00000FD0:  00 00 00 00 00 00 00 00 00 00 00 00 00 00 00 00  ................ [zeros]
00000FE0:  00 00 00 00 00 00 00 00 00 00 00 00 00 00 00 00  ................ [zeros]
00000FF0:  00 00 00 00 00 00 00 00 00 00 00 00 00 00 00 00  ................ [zeros]
00001000:  00 00 00 00 00 00 00 00 00 00 00 00 00 00 00 00  ................ [zeros]
00001010:  00 00 00 00 00 00 00 00 00 00 00 00 00 00 00 00  ................ [zeros]
00001020:  00 00 00 00 00 00 00 00 00 00 00 00 00 00 00 00  ................ [zeros]
00001030:  00 00 00 00 00 00 00 00 00 00 00 00 00 00 00 00  ................ [zeros]
00001040:  00 00 00 00 00 00 00 00 00 00 00 00 00 00 00 00  ................ [zeros]
00001050:  00 00 00 00 00 00 00 00 00 00 00 00 00 00 00 00  ................ [zeros]
00001060:  00 00 00 00 00 00 00 00 00 00 00 00 00 00 00 00  ................ [zeros]
00001070:  00 00 00 00 00 00 00 00 00 00 00 00 00 00 00 00  ................ [zeros]
00001080:  00 00 00 00 00 00 00 00 00 00 00 00 00 00 00 00  ................ [zeros]
00001090:  00 00 00 00 00 00 00 00 00 00 00 00 00 00 00 00  ................ [zeros]
000010A0:  00 00 00 00 00 00 00 00 00 00 00 00 00 00 00 00  ................ [zeros]
000010B0:  00 00 00 00 00 00 00 00 00 00 00 00 00 00 00 00  ................ [zeros]
000010C0:  00 00 00 00 00 00 00 00 00 00 00 00 00 00 00 00  ................ [zeros]
000010D0:  00 00 00 00 00 00 00 00 00 00 00 00 00 00 00 00  ................ [zeros]
000010E0:  00 00 00 00 00 00 00 00 00 00 00 00 00 00 00 00  ................ [zeros]
000010F0:  00 00 00 00 00 00 00 00 00 00 00 00 00 00 00 00  ................ [zeros]
00001100:  00 00 00 00 00 00 00 00 00 00 00 00 00 00 00 00  ................ [zeros]
00001110:  00 00 00 00 00 00 00 00 00 00 00 00 00 00 00 00  ................ [zeros]
00001120:  00 00 00 00 00 00 00 00 00 00 00 00 00 00 00 00  ................ [zeros]
00001130:  00 00 00 00 00 00 00 00 00 00 00 00 00 00 00 00  ................ [zeros]
00001140:  00 00 00 00 00 00 00 00 00 00 00 00 00 00 00 00  ................ [zeros]
00001150:  00 00 00 00 00 00 00 00 00 00 00 00 00 00 00 00  ................ [zeros]
00001160:  00 00 00 00 00 00 00 00 00 00 00 00 00 00 00 00  ................ [zeros]
00001170:  00 00 00 00 00 00 00 00 00 00 00 00 00 00 00 00  ................ [zeros]
00001180:  00 00 00 00 00 00 00 00 00 00 00 00 00 00 00 00  ................ [zeros]
00001190:  00 00 00 00 00 00 00 00 00 00 00 00 00 00 00 00  ................ [zeros]
000011A0:  00 00 00 00 00 00 00 00 00 00 00 00 00 00 00 00  ................ [zeros]
000011B0:  00 00 00 00 00 00 00 00 00 00 00 00 00 00 00 00  ................ [zeros]
000011C0:  00 00 00 00 00 00 00 00 00 00 00 00 00 00 00 00  ................ [zeros]
000011D0:  00 00 00 00 00 00 00 00 00 00 00 00 00 00 00 00  ................ [zeros]
000011E0:  00 00 00 00 00 00 00 00 00 00 00 00 00 00 00 00  ................ [zeros]
000011F0:  00 00 00 00 00 00 00 00 00 00 00 00 00 00 00 00  ................ [zeros]
00001200:  00 00 00 00 00 00 00 00 00 00 00 00 00 00 00 00  ................ [zeros]
00001210:  00 00 00 00 00 00 00 00 00 00 00 00 00 00 00 00  ................ [zeros]
00001220:  00 00 00 00 00 00 00 00 00 00 00 00 00 00 00 00  ................ [zeros]
00001230:  00 00 00 00 00 00 00 00 00 00 00 00 00 00 00 00  ................ [zeros]
00001240:  00 00 00 00 00 00 00 00 00 00 00 00 00 00 00 00  ................ [zeros]
00001250:  00 00 00 00 00 00 00 00 00 00 00 00 00 00 00 00  ................ [zeros]
00001260:  00 00 00 00 00 00 49 85 B9 EC 38 2B 65 45 2D 49  ......I...8+eE-I
00001270:  21 7E 36 36 8A 6C 00 00 00 00 00 00 00 00 00 00  !~66.l..........
00001280:  00 00 00 00 00 00 00 00 00 00 00 00 00 00 00 00  ................ [zeros]
00001290:  00 00 00 00 00 00 00 00 00 00 00 00 00 00 00 00  ................ [zeros]
000012A0:  00 00 00 00 00 00 00 00 00 00 00 00 00 00 00 00  ................ [zeros]
000012B0:  00 00 00 00 00 00 00 00 00 00 00 00 00 00 00 00  ................ [zeros]
000012C0:  00 00 00 00 00 00 00 00 00 00 00 00 00 00 00 00  ................ [zeros]
000012D0:  00 00 00 00 00 00 00 00 00 00 00 00 00 00 00 00  ................ [zeros]
000012E0:  00 00 00 00 00 00 00 00 00 00 00 00 00 00 00 00  ................ [zeros]
000012F0:  00 00 00 00 00 00 00 00 00 00 00 00 00 00 00 00  ................ [zeros]
00001300:  00 00 00 00 00 00 00 00 00 00 00 00 00 00 00 00  ................ [zeros]
00001310:  00 00 00 00 00 00 00 00 00 00 00 00 00 00 00 00  ................ [zeros]
00001320:  00 00 00 00 00 00 00 00 00 00 00 00 00 00 00 00  ................ [zeros]
00001330:  00 00 00 00 00 00 00 00 00 00 00 00 00 00 00 00  ................ [zeros]
00001340:  00 00 00 00 00 00 00 00 00 00 00 00 00 00 00 00  ................ [zeros]
00001350:  00 00 00 00 00 00 00 00 00 00 00 00 00 00 00 00  ................ [zeros]
00001360:  00 00 00 00 00 00 00 00 00 00 00 00 00 00 00 00  ................ [zeros]
00001370:  00 00 00 00 00 00 00 00 00 00 00 00 00 00 00 00  ................ [zeros]
00001380:  00 00 00 00 00 00 00 00 00 00 00 00 00 00 00 00  ................ [zeros]
00001390:  00 00 00 00 00 00 00 00 00 00 00 00 00 00 00 00  ................ [zeros]
000013A0:  00 00 00 00 00 00 00 00 00 00 00 00 00 00 00 00  ................ [zeros]
000013B0:  00 00 00 00 00 00 00 00 00 00 00 00 00 00 00 00  ................ [zeros]
000013C0:  00 00 00 00 00 00 00 00 00 00 00 00 00 00 00 00  ................ [zeros]
000013D0:  00 00 00 00 00 00 00 00 00 00 00 00 00 00 00 00  ................ [zeros]
000013E0:  00 00 00 00 00 00 00 00 00 00 00 00 00 00 00 00  ................ [zeros]
000013F0:  00 00 00 00 00 00 00 00 00 00 00 00 00 00 00 00  ................ [zeros]
00001400:  00 00 00 00 00 00 00 00 00 00 00 00 00 00 00 00  ................ [zeros]
00001410:  00 00 00 00 00 00 00 00 00 00 00 00 00 00 00 00  ................ [zeros]
00001420:  00 00 00 00 00 00 00 00 00 00 00 00 00 00 00 00  ................ [zeros]
00001430:  00 00 00 00 00 00 00 00 00 00 00 00 00 00 00 00  ................ [zeros]
00001440:  00 00 00 00 00 00 00 00 00 00 00 00 00 00 00 00  ................ [zeros]
00001450:  00 00 00 00 00 00 00 00 00 00 00 00 00 00 00 00  ................ [zeros]
00001460:  00 00 00 00 00 00 00 00 00 00 00 00 00 00 00 00  ................ [zeros]
00001470:  00 00 00 00 00 00 00 00 00 00 00 00 00 00 00 00  ................ [zeros]
00001480:  00 00 00 00 00 00 00 00 00 00 00 00 00 00 00 00  ................ [zeros]
00001490:  00 00 00 00 00 00 00 00 00 00 00 00 00 00 00 00  ................ [zeros]
000014A0:  00 00 00 00 00 00 00 00 00 00 00 00 00 00 00 00  ................ [zeros]
000014B0:  00 00 00 00 00 00 00 00 00 00 00 00 00 00 00 00  ................ [zeros]
000014C0:  00 00 00 00 00 00 00 00 00 00 00 00 00 00 00 00  ................ [zeros]
000014D0:  00 00 00 00 00 00 00 00 00 00 00 00 00 00 00 00  ................ [zeros]
000014E0:  00 00 00 00 00 00 00 00 00 00 00 00 00 00 00 00  ................ [zeros]
000014F0:  00 00 00 00 00 00 00 00 00 00 00 00 00 00 00 00  ................ [zeros]
00001500:  00 00 00 00 00 00 00 00 00 00 00 00 00 00 00 00  ................ [zeros]
00001510:  00 00 00 00 00 00 00 00 00 00 00 00 00 00 00 00  ................ [zeros]
00001520:  00 00 00 00 00 00 00 00 00 00 00 00 00 00 00 00  ................ [zeros]
00001530:  00 00 00 00 00 00 00 00 00 00 00 00 00 00 00 00  ................ [zeros]
00001540:  00 00 00 00 00 00 00 00 00 00 00 00 00 00 00 00  ................ [zeros]
00001550:  00 00 00 00 00 00 00 00 00 00 00 00 00 00 00 00  ................ [zeros]
00001560:  00 00 00 00 00 00 00 00 00 00 00 00 00 00 00 00  ................ [zeros]
00001570:  00 00 00 00 00 00 00 00 00 00 00 00 00 00 00 00  ................ [zeros]
00001580:  00 00 00 00 00 00 00 00 00 00 00 00 00 00 00 00  ................ [zeros]
00001590:  00 00 00 00 00 00 00 00 00 00 00 00 00 00 00 00  ................ [zeros]
000015A0:  00 00 00 00 00 00 00 00 00 00 00 00 00 00 00 00  ................ [zeros]
000015B0:  00 00 00 00 00 00 00 00 00 00 00 00 00 00 00 00  ................ [zeros]
000015C0:  00 00 00 00 00 00 00 00 00 00 00 00 00 00 00 00  ................ [zeros]
000015D0:  00 00 00 00 00 00 00 00 00 00 00 00 00 00 00 00  ................ [zeros]
000015E0:  00 00 00 00 00 00 00 00 00 00 00 00 00 00 00 00  ................ [zeros]
000015F0:  00 00 00 00 00 00 00 00 00 00 00 00 00 00 00 00  ................ [zeros]
00001600:  00 00 00 00 00 00 00 00 00 00 00 00 00 00 00 00  ................ [zeros]
00001610:  00 00 00 00 00 00 00 00 00 00 00 00 00 00 00 00  ................ [zeros]
00001620:  00 00 00 00 00 00 00 00 00 00 00 00 00 00 00 00  ................ [zeros]
00001630:  00 00 00 00 00 00 00 00 00 00 00 00 00 00 00 00  ................ [zeros]
00001640:  00 00 00 00 00 00 00 00 00 00 00 00 00 00 00 00  ................ [zeros]
00001650:  00 00 00 00 00 00 00 00 00 00 00 00 00 00 00 00  ................ [zeros]
00001660:  00 00 00 00 00 00 7E 4F 80 3F BC 4D 46 18 20 F8  ......~O.?.MF. .
00001670:  8B 1B 69 A0 AA 66 00 00 00 00 00 00 00 00 00 00  ..i..f..........
00001680:  00 00 00 00 00 00 00 00 00 00 00 00 00 00 00 00  ................ [zeros]
00001690:  00 00 00 00 00 00 00 00 00 00 00 00 00 00 00 00  ................ [zeros]
000016A0:  00 00 00 00 00 00 00 00 00 00 00 00 00 00 00 00  ................ [zeros]
000016B0:  00 00 00 00 00 00 00 00 00 00 00 00 00 00 00 00  ................ [zeros]
000016C0:  00 00 00 00 00 00 00 00 00 00 00 00 00 00 00 00  ................ [zeros]
000016D0:  00 00 00 00 00 00 00 00 00 00 00 00 00 00 00 00  ................ [zeros]
000016E0:  00 00 00 00 00 00 00 00 00 00 00 00 00 00 00 00  ................ [zeros]
000016F0:  00 00 00 00 00 00 00 00 00 00 00 00 00 00 00 00  ................ [zeros]
00001700:  00 00 00 00 00 00 00 00 00 00 00 00 00 00 00 00  ................ [zeros]
00001710:  00 00 00 00 00 00 00 00 00 00 00 00 00 00 00 00  ................ [zeros]
00001720:  00 00 00 00 00 00 00 00 00 00 00 00 00 00 00 00  ................ [zeros]
00001730:  00 00 00 00 00 00 00 00 00 00 00 00 00 00 00 00  ................ [zeros]
00001740:  00 00 00 00 00 00 00 00 00 00 00 00 00 00 00 00  ................ [zeros]
00001750:  00 00 00 00 00 00 00 00 00 00 00 00 00 00 00 00  ................ [zeros]
00001760:  00 00 00 00 00 00 00 00 00 00 00 00 00 00 00 00  ................ [zeros]
00001770:  00 00 00 00 00 00 00 00 00 00 00 00 00 00 00 00  ................ [zeros]
00001780:  00 00 00 00 00 00 00 00 00 00 00 00 00 00 00 00  ................ [zeros]
00001790:  00 00 00 00 00 00 00 00 00 00 00 00 00 00 00 00  ................ [zeros]
000017A0:  00 00 00 00 00 00 00 00 00 00 00 00 00 00 00 00  ................ [zeros]
000017B0:  00 00 00 00 00 00 00 00 00 00 00 00 00 00 00 00  ................ [zeros]
000017C0:  00 00 00 00 00 00 00 00 00 00 00 00 00 00 00 00  ................ [zeros]
000017D0:  00 00 00 00 00 00 00 00 00 00 00 00 00 00 00 00  ................ [zeros]
000017E0:  00 00 00 00 00 00 00 00 00 00 00 00 00 00 00 00  ................ [zeros]
000017F0:  00 00 00 00 00 00 00 00 00 00 00 00 00 00 00 00  ................ [zeros]
00001800:  00 00 00 00 00 00 00 00 00 00 00 00 00 00 00 00  ................ [zeros]
00001810:  00 00 00 00 00 00 00 00 00 00 00 00 00 00 00 00  ................ [zeros]
00001820:  00 00 00 00 00 00 00 00 00 00 00 00 00 00 00 00  ................ [zeros]
00001830:  00 00 00 00 00 00 00 00 00 00 00 00 00 00 00 00  ................ [zeros]
00001840:  00 00 00 00 00 00 00 00 00 00 00 00 00 00 00 00  ................ [zeros]
00001850:  00 00 00 00 00 00 00 00 00 00 00 00 00 00 00 00  ................ [zeros]
00001860:  00 00 00 00 00 00 00 00 00 00 00 00 00 00 00 00  ................ [zeros]
00001870:  00 00 00 00 00 00 00 00 00 00 00 00 00 00 00 00  ................ [zeros]
00001880:  00 00 00 00 00 00 00 00 00 00 00 00 00 00 00 00  ................ [zeros]
00001890:  00 00 00 00 00 00 00 00 00 00 00 00 00 00 00 00  ................ [zeros]
000018A0:  00 00 00 00 00 00 00 00 00 00 00 00 00 00 00 00  ................ [zeros]
000018B0:  00 00 00 00 00 00 00 00 00 00 00 00 00 00 00 00  ................ [zeros]
000018C0:  00 00 00 00 00 00 00 00 00 00 00 00 00 00 00 00  ................ [zeros]
000018D0:  00 00 00 00 00 00 00 00 00 00 00 00 00 00 00 00  ................ [zeros]
000018E0:  00 00 00 00 00 00 00 00 00 00 00 00 00 00 00 00  ................ [zeros]
000018F0:  00 00 00 00 00 00 00 00 00 00 00 00 00 00 00 00  ................ [zeros]
00001900:  00 00 00 00 00 00 00 00 00 00 00 00 00 00 00 00  ................ [zeros]
00001910:  00 00 00 00 00 00 00 00 00 00 00 00 00 00 00 00  ................ [zeros]
00001920:  00 00 00 00 00 00 00 00 00 00 00 00 00 00 00 00  ................ [zeros]
00001930:  00 00 00 00 00 00 00 00 00 00 00 00 00 00 00 00  ................ [zeros]
00001940:  00 00 00 00 00 00 00 00 00 00 00 00 00 00 00 00  ................ [zeros]
00001950:  00 00 00 00 00 00 00 00 00 00 00 00 00 00 00 00  ................ [zeros]
00001960:  00 00 00 00 00 00 00 00 00 00 00 00 00 00 00 00  ................ [zeros]
00001970:  00 00 00 00 00 00 00 00 00 00 00 00 00 00 00 00  ................ [zeros]
00001980:  00 00 00 00 00 00 00 00 00 00 00 00 00 00 00 00  ................ [zeros]
00001990:  00 00 00 00 00 00 00 00 00 00 00 00 00 00 00 00  ................ [zeros]
000019A0:  00 00 00 00 00 00 00 00 00 00 00 00 00 00 00 00  ................ [zeros]
000019B0:  00 00 00 00 00 00 00 00 00 00 00 00 00 00 00 00  ................ [zeros]
000019C0:  00 00 00 00 00 00 00 00 00 00 00 00 00 00 00 00  ................ [zeros]
000019D0:  00 00 00 00 00 00 00 00 00 00 00 00 00 00 00 00  ................ [zeros]
000019E0:  00 00 00 00 00 00 00 00 00 00 00 00 00 00 00 00  ................ [zeros]
000019F0:  00 00 00 00 00 00 00 00 00 00 00 00 00 00 00 00  ................ [zeros]
00001A00:  00 00 00 00 00 00 00 00 00 00 00 00 00 00 00 00  ................ [zeros]
00001A10:  00 00 00 00 00 00 00 00 00 00 00 00 00 00 00 00  ................ [zeros]
00001A20:  00 00 00 00 00 00 00 00 00 00 00 00 00 00 00 00  ................ [zeros]
00001A30:  00 00 00 00 00 00 00 00 00 00 00 00 00 00 00 00  ................ [zeros]
00001A40:  00 00 00 00 00 00 00 00 00 00 00 00 00 00 00 00  ................ [zeros]
00001A50:  00 00 00 00 00 00 00 00 00 00 00 00 00 00 00 00  ................ [zeros]
00001A60:  00 00 00 00 00 00 00 00 00 00 00 00 00 00 00 00  ................ [zeros]
00001A70:  00 00 00 00 00 00 0C C2 46 E1 CC 64 59 05 F4 B5  ........F..dY...
00001A80:  8F CD 76 CC C6 61 F6 70 5D 82 45 FA 54 38 81 32  ..v..a.p].E.T8.2
00001A90:  3F 6A 86 06 49 3B B6 7B CF 73 F3 82 FA 30 1B 73  ?j..I;.{.s...0.s
00001AA0:  F0 7C A3 9B 1B 72 C0 A0 99 0E FF FB 5D AD C6 79  .|...r......]..y
00001AB0:  64 13 6A 9C 46 B8 D8 E3 9B 12 0C 86 E5 27 E1 32  d.j.F........'.2
00001AC0:  8B 18 6C 26 90 85 28 9D F8 7B FD D2 42 BF 93 21  ..l&..(..{..B..!
00001AD0:  4D D6 DC 10 8D EA 5E 86 B4 0E FC 54 C0 B9 8C 30  M.....^....T...0
00001AE0:  8E 97 E0 07 A9 FB 20 36 B3 20 47 8F F9 0B 26 0F  ...... 6. G...&.
00001AF0:  F8 65 72 CF 9B EB 74 B3 A3 8E 5F 1E 39 65 1C 92  .er...t..._.9e..
00001B00:  A7 37 A0 7A 9F 04 04 00 92 2D 15 B6 22 0C 02 A9  .7.z.....-.."...
00001B10:  94 AF 3A 06 43 B0 37 B6 30 EA 61 6B 27 0B D4 87  ..:.C.7.0.ak'...
00001B20:  FC 47 E9 2C B6 E8 2B 5C 34 9E D3 EB 08 F4 E3 F7  .G.,..+\4.......
00001B30:  DF 6F A1 58 DE 67 44 F0 C2 E6 61 00 8A 74 D6 87  .o.X.gD...a..t..
00001B40:  34 02 2A 85 3C 67 81 08 84 FC 92 99 92 73 2E 61  4.*.<g.......s.a
00001B50:  E5 E2 51 93 CC C0 40 1A 41 94 82 6D 1C 5C 76 A5  ..Q...@.A..m.\v.
00001B60:  E6 E0 A5 63 84 58 EB 79 F7 37 8B CF FE DF FC DC  ...c.X.y.7......
00001B70:  55 EE 5D 64 C3 88 18 BC 99 AA 21 E3 B9 6A C9 A4  U.]d......!..j..
00001B80:  F1 B7 C2 D1 2B 3B 44 19 5D 64 A6 54 3F D6 7C E9  ....+;D.]d.T?.|.
00001B90:  64 05 FA 71 31 0E C9 24 0E CB 40 ED 5A D5 C5 AA  d..q1..$..@.Z...
00001BA0:  9A 4F 46 7D 6D 69 D5 4F 57 5A 3B 7A 6E 2B A1 05  .OF}mi.OWZ;zn+..
00001BB0:  6F 89 11 9D EF 41 27 18 4D 81 F7 0F D9 43 F9 B6  o....A'.M....C..
00001BC0:  9D 7B 3E C6 48 4B 4E A2 E5 C2 3C AC D4 A1 27 C7  .{>.HKN...<...'.
00001BD0:  4E 20 BE F9 3B CE B5 44 E2 8D 00 93 83 CD DD F6  N ..;..D........
00001BE0:  4A 06 F0 0F 16 D1 5F 6B A9 C9 86 7A A4 42 DC 3E  J....._k...z.B.>
00001BF0:  09 30 BE 1A 86 54 14 26 8A EA 99 2A 32 73 18 4C  .0...T.&...*2s.L
00001C00:  24 BE C4 1E 83 F8 EF 15 6E 19 BD 6F 80 06 5A 2F  $.......n..o..Z/
00001C10:  76 8A FD CE 87 66 28 01 06 7C E7 F2 80 D1 D2 47  v....f(..|.....G
00001C20:  A3 59 B7 97 B5 62 50 B6 02 1C 3C A4 DA B0 B6 4B  .Y...bP...<....K
00001C30:  AE 1A 50 46 4F A7 87 08 B5 8B 4C BB D1 23 D5 AA  ..PFO.....L..#..
00001C40:  52 A0 1F 2D E3 05 8A C1 DE 7E 46 28 95 53 18 07  R..-.....~F(.S..
00001C50:  40 93 B4 0D 15 8B 18 6C 98 7B AE 34 D3 2B E1 11  @......l.{.4.+..
00001C60:  0F 55 63 E7 87 C3 49 EF A8 B7 B9 94 64 07 9F 90  .Uc...I.....d...
00001C70:  EE 7F 55 DF 88 57 03 22 DE 69 CC D9 27 5A ED 79  ..U..W.".i..'Z.y
00001C80:  C7 37 47 2A D8 66 77 13 F0 0A 6A 78 EA 48 CA A1  .7G*.fw...jx.H..
00001C90:  AD 7B A6 99 55 62 DD 4E 6C A0 7B 06 93 52 FE 43  .{..Ub.Nl.{..R.C
00001CA0:  32 BC A9 25 1E 9F 61 70 4E 0C 35 FB F7 43 89 E1  2..%..apN.5..C..
00001CB0:  04 8E 90 5D 61 67 F2 CD 87 94 9A F7 CF B3 4F C1  ...]ag........O.
00001CC0:  70 1C 09 91 8B A7 01 53 66 B6 34 5F 69 6B F3 D5  p......Sf.4_ik..
00001CD0:  D0 E8 8E A6 61 FA 29 AB 80 B4 7A D1 26 45 6C 29  ....a.)...z.&El)
00001CE0:  1C BE 47 4D 35 0A 0E BD CD 54 C4 7E 08 11 2F A7  ..GM5....T.~../.
00001CF0:  15 07 3F 47 33 AC D8 F2 47 9E C2 1C 5E A8 BF BE  ..?G3...G...^...
00001D00:  BA 41 7E 47 4F 25 40 1A 41 94 82 6D 1C 5C 76 A5  .A~GO%@.A..m.\v.
00001D10:  E6 E0 A5 63 84 58 0A 43 7C 8B F7 0B 9B 17 7B CC  ...c.X.C|.....{.
00001D20:  26 8B AA 1C EC 2B 33 85 B0 B1 C2 6F A9 F5 B9 92  &....+3....o....
00001D30:  6F 07 34 8E 6F 1F 44 19 5D 64 A6 54 3F D6 7C E9  o.4.o.D.]d.T?.|.
00001D40:  64 05 FA 71 31 0E BE 2B 06 3D DF 2C BB 34 93 A8  d..q1..+.=.,.4..
00001D50:  90 6A EE E9 B0 9D 1F B6 5C 1F C5 F3 43 B9 F1 10  .j......\...C...
00001D60:  8E 96 DD B6 FF 6F 61 4F 7B E0 1B D3 EE DC BF 24  .....oaO{......$
00001D70:  51 81 3F C5 0B BF 92 5E 1B 50 7E 0C AD 2F E6 66  Q.?....^.P~../.f
00001D80:  F2 8D 54 DD 7D A4 F5 BD EF 8F 71 FB 6C 06 A7 4B  ..T.}.....q.l..K
00001D90:  8E 24 96 71 7E 45 06 62 03 8C 7E D9 D3 C4 63 B5  .$.q~E.b..~...c.
00001DA0:  AA B5 FD AE 44 FC 79 D0 A2 18 45 32 4F 92 E6 75  ....D.y...E2O..u
00001DB0:  EE 58 E4 56 E6 70 43 A2 DF E5 65 6C 69 40 3A E8  .X.V.pC...eli@:.
00001DC0:  69 D9 F3 27 41 FC D1 36 B1 D1 BF 44 61 B7 0D B7  i..'A..6...Da...
00001DD0:  78 63 00 E4 C6 94 A0 35 8F F8 72 C7 A2 AC 20 43  xc.....5..r... C
00001DE0:  E3 7A CA E2 F9 99 D3 CE 17 34 17 C4 3D 2E 9A 1E  .z.......4..=...
00001DF0:  8E 8B 6F DB 3F 9F A7 93 54 DB E6 87 77 57 23 78  ..o.?...T...wW#x
00001E00:  A1 8E 62 CB 63 0F 73 1F 33 C5 CA 26 99 E6 B8 8F  ..b.c.s.3..&....
00001E10:  5A 3E E3 31 5B 09 AE 52 7B 55 1A FF 1E 50 11 46  Z>.1[..R{U...P.F
00001E20:  C2 5B 91 01 2C 3F AE 8A DE 0F 77 4C A5 B7 13 EE  .[..,?....wL....
00001E30:  A7 A6 78 2D D6 34 5A A9 B7 0A 60 40 EC 03 9D EC  ..x-.4Z...`@....
00001E40:  24 11 60 AF 85 8C 06 CB C5 83 63 6F 4F 85 BE 12  $.`.......coO...
00001E50:  47 04 DB 9B 35 CE 2C DD 8E 43 A2 FB 5E DF AF 05  G...5.,..C..^...
00001E60:  1A E1 48 25 FF A2 0F 66 AC 97 EE 2F 8A DA A4 2D  ..H%...f.../...-
00001E70:  F3 D3 89 3E BB 6E 1F C5 26 EA 12 12 70 E8 0A DF  ...>.n..&...p...
00001E80:  6B 76 AC A9 27 4A 83 08 75 7C DF EB DC 76 0E 9F  kv..'J..u|...v..
00001E90:  2B B7 9D F1 33 54 61 70 4E 0C 35 FB F7 43 89 E1  +...3TapN.5..C..
00001EA0:  04 8E 90 5D 61 67 DD 85 14 B9 A9 21 CD D8 BB 40  ...]ag.....!...@
00001EB0:  A0 05 7A B8 DA 9B 10 83 E7 4F 76 01 4D 17 75 41  ..z......Ov.M.uA
00001EC0:  7D A4 12 31 10 96 EA 31 D1 73 E3 A2 3C 34 13 8D  }..1...1.s..<4..
00001ED0:  F7 43 DE 34 D8 83 04 00 92 2D 15 B6 22 0C 02 A9  .C.4.....-.."...
00001EE0:  94 AF 3A 06 43 B0 37 B6 30 EA 61 6B 27 0B D4 87  ..:.C.7.0.ak'...
00001EF0:  FC 47 E9 2C B6 E8 2B 5C 34 9E D3 EB 08 F4 E3 F7  .G.,..+\4.......
00001F00:  DF 6F A1 58 DE 67 91 46 20 4E F9 C0 B4 9F 57 6E  .o.X.g.F N....Wn
00001F10:  C9 9F 8B A9 7E E9 B7 A9 C0 3B 7F 2F 8D 30 15 E5  ....~....;./.0..
00001F20:  D5 D3 65 BD 27 4E 0D 48 98 96 3A 36 55 CB 63 54  ..e.'N.H..:6U.cT
00001F30:  D4 08 9C 85 6B 67 1D B6 81 73 B1 2C 5E 87 E0 D5  ....kg...s.,^...
00001F40:  02 47 0A 9F FA B1 84 31 41 AD D0 A8 83 2D 2A 10  .G.....1A....-*.
00001F50:  FF E1 4C D5 7C 3C 61 4F 7B E0 1B D3 EE DC BF 24  ..L.|<aO{......$
00001F60:  51 81 3F C5 0B BF 15 9D 5A 1D CA 91 06 67 38 D7  Q.?.....Z....g8.
00001F70:  79 F5 D1 B0 3B 1C 08 11 7E 42 A9 7A F7 CC 03 88  y...;...~B.z....
00001F80:  78 D3 52 D5 4E FF 06 62 03 8C 7E D9 D3 C4 63 B5  x.R.N..b..~...c.
00001F90:  AA B5 FD AE 44 FC EB 26 8E DB DC F6 32 27 8F 8F  ....D..&....2'..
00001FA0:  CD F9 72 E0 12 FA 8A 51 F5 E0 45 5F 49 47 4C 3A  ..r....Q..E_IGL:
00001FB0:  51 7B F8 CB 5C 83 4F 67 54 33 2B 5B 4C 02 9F 5E  Q{..\.OgT3+[L..^
00001FC0:  1E E0 72 67 2F 15 84 A5 5D 56 74 8A 0A 41 54 7F  ..rg/...]Vt..AT.
00001FD0:  17 39 3B 22 FF 81 88 BD CA FC 3C A6 18 2C B1 FA  .9;"......<..,..
00001FE0:  89 82 BB 8F 7E F9 75 9D 9D AF BB 9F DB 86 8E BA  ....~.u.........
00001FF0:  D7 9A D6 04 71 65 A3 15 AF 3B 94 30 C9 97 0F DA  ....qe...;.0....
00002000:  AA 2B 60 35 72 65 67 AE 1A 45 98 F3 C9 A2 A9 65  .+`5reg..E.....e
00002010:  C2 6B BF FE 94 B1 B0 8D B5 73 2D BA 73 A8 BA 41  .k.......s-.s..A
00002020:  32 A0 37 57 C0 CF A5 AE 5F 09 56 9F 77 3B E1 FD  2.7W...._.V.w;..
00002030:  0F F1 2E 96 40 9E 98 58 63 62 4C 9D B4 19 50 6C  ....@..XcbL...Pl
00002040:  E2 BA 8A E0 B2 28 EF 41 DB CA 57 CC C2 97 08 39  .....(.A..W....9
00002050:  83 96 76 5D F8 04 B3 3A 4B 5A AF 84 0F 48 1B 9B  ..v]...:KZ...H..
00002060:  91 0A ED A1 8B 9F 9E DF DF 6E 91 47 47 8F CD 16  .........n.GG...
00002070:  8C 07 06 F4 30 09 70 5C 30 25 1C 23 13 38 70 A0  ....0.p\0%.#.8p.
00002080:  95 79 C9 6A 81 81 07 3C 6C FA B6 16 ED C8 ED F1  .y.j...<l.......
00002090:  E6 B2 5E 9A A0 0D 1A 31 DB 63 B4 96 52 BC 05 2A  ..^....1.c..R..*
000020A0:  DF FC 01 F7 29 31 0C 92 A5 0E 51 B2 5A BC 78 6D  ....)1....Q.Z.xm
000020B0:  28 90 3E 08 5D FB 76 7C 8B A3 C8 49 22 AA FD 11  (.>.].v|...I"...
000020C0:  E3 37 14 81 40 96 6D DD 25 0C 6A 1B E8 32 E7 58  .7..@.m.%.j..2.X
000020D0:  A1 C0 07 C8 86 A5 6D 6B 40 7C 2C 70 AC EF B4 AC  ......mk@|,p....
000020E0:  A3 DF 65 CE EE F1 CE 2C F1 BD B2 A7 6D 2F 09 BF  ..e....,....m/..
000020F0:  B6 96 6F E1 67 78 DF 48 31 F9 27 36 7A 28 0A 55  ..o.gx.H1.'6z(.U
00002100:  3D 73 EE C1 73 B3 16 4C 63 A2 30 BD 14 80 D0 E3  =s..s..Lc.0.....
00002110:  58 FB 82 CE E3 E0 B7 FC 77 4D 10 71 48 C3 16 5A  X.......wM.qH..Z
00002120:  A8 EF D0 1A 1F 90 97 07 73 D9 C0 CD 92 E4 DA 5B  ........s......[
00002130:  70 04 9E B0 7B 00 4B 31 DF B5 8C E2 BE 4F D0 14  p...{.K1.....O..
00002140:  85 C8 8C DC 00 34 F5 0D 6A 59 D5 79 BA A2 E0 85  .....4..jY.y....
00002150:  64 1F 9B 8D 92 8F 0B E4 A1 93 9D 54 AA F2 43 69  d..........T..Ci
00002160:  21 52 69 F8 F8 85 C0 4E E4 DB 49 3C 02 C6 75 F1  !Ri....N..I<..u.
00002170:  23 C1 69 09 AE 3C ED 40 6C 41 64 06 86 38 04 87  #.i..<.@lAd..8..
00002180:  6B A5 67 7D 86 9E A5 CA 43 39 53 27 D2 22 5B BD  k.g}....C9S'."[.
00002190:  51 DA 34 00 8E DD 39 B0 FA 73 8B EA 9F E8 48 E1  Q.4...9..s....H.
000021A0:  96 A7 F7 DB D9 02 AE F1 47 32 A2 7A B1 B6 C5 86  ........G2.z....
000021B0:  05 8E FF C0 50 FE 8D 18 23 39 2D 56 C8 92 2B 48  ....P...#9-V..+H
000021C0:  8C 02 3B 1C EF 9A 49 4A EE 66 47 D4 64 17 81 FF  ..;...IJ.fG.d...
000021D0:  F6 56 68 A5 58 62 00 DE 06 FF 52 DC 24 DF 9C C9  .Vh.Xb....R.$...
000021E0:  6F A4 05 0F 8F BA 82 07 7A DA 24 DA 8E D7 01 B0  o.......z.$.....
000021F0:  BD CC AB 16 9D 3F F5 DA E4 A9 9D A7 8E 98 38 AD  .....?........8.
00002200:  32 CB E4 FB 27 11 6B 18 93 45 8B B0 A9 48 92 71  2...'.k..E...H.q
00002210:  A6 B3 1D 0E 9F EF 1E A1 1A 8C 46 6E 25 C8 6F CF  ..........Fn%.o.
00002220:  F6 FE 3D D9 95 A2 AD AA 64 76 06 EB F0 3C 1A D8  ..=.....dv...<..
00002230:  30 54 AD FD 2D D2 8B 5C E4 4F 39 9A C3 C3 F9 B9  0T..-..\.O9.....
00002240:  AB 89 AA 97 80 E4 D6 42 71 12 BF 03 01 8C 6F 40  .......Bq.....o@
00002250:  CE 4A D4 C9 04 80 E1 78 78 F5 5A 0A B4 FE 04 43  .J.....xx.Z....C
00002260:  90 F3 C3 C2 E9 F0 0D 48 98 96 3A 36 55 CB 63 54  .......H..:6U.cT
00002270:  D4 08 9C 85 6B 67 DE FE 1A 55 9C 07 0D 9B 19 DF  ....kg...U......
00002280:  AB F2 4D D8 EF 79 84 31 41 AD D0 A8 83 2D 2A 10  ..M..y.1A....-*.
00002290:  FF E1 4C D5 7C 3C 61 4F 7B E0 1B D3 EE DC BF 24  ..L.|<aO{......$
000022A0:  51 81 3F C5 0B BF 5B D1 34 BE 5E 77 A0 B3 67 B4  Q.?...[.4.^w..g.
000022B0:  75 4C D1 E1 88 CF C3 28 1B BE 78 96 7E 99 41 AB  uL.....(..x.~.A.
000022C0:  6F 4C CA 60 14 AC 06 62 03 8C 7E D9 D3 C4 63 B5  oL.`...b..~...c.
000022D0:  AA B5 FD AE 44 FC 79 D0 A2 18 45 32 4F 92 E6 75  ....D.y...E2O..u
000022E0:  EE 58 E4 56 E6 70 43 A2 DF E5 65 6C 69 40 3A E8  .X.V.pC...eli@:.
000022F0:  69 D9 F3 27 41 FC D1 36 B1 D1 BF 44 61 B7 0D B7  i..'A..6...Da...
00002300:  78 63 00 E4 C6 94 55 F7 D5 60 53 60 73 82 79 F8  xc....U..`S`s.y.
00002310:  AF EE F2 80 EF E5 FA C6 CB 3B 1A 56 2D 3D 5E DA  .........;.V-=^.
00002320:  35 C2 03 C2 60 51 DC 08 22 CA D9 F5 97 3C 58 88  5...`Q.."....<X.
00002330:  03 1F 6C 53 59 17 73 1F 33 C5 CA 26 99 E6 B8 8F  ..lSY.s.3..&....
00002340:  5A 3E E3 31 5B 09 36 3C C9 1D 6A EA 77 3A 14 0B  Z>.1[.6<..j.w:..
00002350:  8E 7F 3A E4 AD 1E 6F 65 D4 A1 73 8A 65 16 9E A3  ..:...oe..s.e...
00002360:  E4 EC E7 86 B6 F3 5A A9 B7 0A 60 40 EC 03 9D EC  ......Z...`@....
00002370:  24 11 60 AF 85 8C 06 CB C5 83 63 6F 4F 85 BE 12  $.`.......coO...
00002380:  47 04 DB 9B 35 CE 2C DD 8E 43 A2 FB 5E DF AF 05  G...5.,..C..^...
00002390:  1A E1 48 25 FF A2 0F 66 AC 97 EE 2F 8A DA A4 2D  ..H%...f.../...-
000023A0:  F3 D3 89 3E BB 6E AD 28 E9 A7 0C 9C FB F5 34 57  ...>.n.(......4W
000023B0:  89 C9 2E 75 53 3B 1F 59 9B AF F1 73 47 92 F6 FF  ...uS;.Y...sG...
000023C0:  2C 1A 26 FF 76 99 8B 0B BA EE 81 F2 85 A0 BB 14  ,.&.v...........
000023D0:  0C E8 2E 5D 56 65 A6 34 AA F9 0A 19 70 27 86 3C  ...]Ve.4....p'.<
000023E0:  3D 3C 75 69 1B E5 A0 DC 0E 6F 9A E5 07 AF 23 39  =<ui.....o....#9
000023F0:  69 81 F4 79 87 3D A1 F2 D9 71 1E B2 02 FE 00 83  i..y.=...q......
00002400:  AB E7 FD A4 A6 76 04 00 92 2D 15 B6 22 0C 02 A9  .....v...-.."...
00002410:  94 AF 3A 06 43 B0 37 B6 30 EA 61 6B 27 0B D4 87  ..:.C.7.0.ak'...
00002420:  FC 47 E9 2C B6 E8 2B 5C 34 9E D3 EB 08 F4 E3 F7  .G.,..+\4.......
00002430:  DF 6F A1 58 DE 67 44 F0 C2 E6 61 00 8A 74 D6 87  .o.X.gD...a..t..
00002440:  34 02 2A 85 3C 67 59 DF 99 4C 7B D8 15 50 5A E3  4.*.<gY..L{..PZ.
00002450:  53 93 10 FC 3B 40 40 1A 41 94 82 6D 1C 5C 76 A5  S...;@@.A..m.\v.
00002460:  E6 E0 A5 63 84 58 1C A1 18 4B 4E 27 25 B3 98 BA  ...c.X...KN'%...
00002470:  DB 6C 1B F5 30 3C 18 BC 99 AA 21 E3 B9 6A C9 A4  .l..0<....!..j..
00002480:  F1 B7 C2 D1 2B 3B 44 19 5D 64 A6 54 3F D6 7C E9  ....+;D.]d.T?.|.
00002490:  64 05 FA 71 31 0E 22 8A 95 A6 87 28 29 42 39 36  d..q1."....()B96
000024A0:  F1 AE FC BB FC B0 06 39 85 F2 DD 0F 48 4B 70 05  .......9....HKp.
000024B0:  B3 4E AB E1 B8 C8 AE 21 DA F7 31 50 B1 E9 EF 68  .N.....!..1P...h
000024C0:  F6 0D 85 A6 52 78 3A 5D B7 18 BA FC 6D C0 CB AF  ....Rx:]....m...
000024D0:  D2 F2 D5 33 CD BB 13 91 92 22 4D C1 6D 90 74 83  ...3....."M.m.t.
000024E0:  0E 7A 81 42 80 5B A0 94 82 A8 4B 9C 17 2E 1B 85  .z.B.[....K.....
000024F0:  2B A7 D6 4E 84 01 A8 2A F1 C9 BA 28 F9 E0 9E 91  +..N...*...(....
00002500:  61 F0 43 10 30 42 9F E1 FD 71 A6 66 11 E5 A2 C4  a.C.0B...q.f....
00002510:  26 85 CE 64 9D DE E6 4A BB 02 C1 C1 61 D9 D4 69  &..d...J....a..i
00002520:  C9 56 12 C8 E3 0D E8 CC 4B 68 C5 48 E1 16 1A BD  .V......Kh.H....
00002530:  32 9E 8C 9A 58 E7 CC D3 83 37 57 12 74 8F F0 32  2...X....7W.t..2
00002540:  AD 9B E5 F0 4B E7 41 95 AD 66 E8 14 86 94 65 09  ....K.A..f....e.
00002550:  57 66 6A 7A 16 46 BC 1E F0 1E 77 33 2F BB F8 3F  Wfjz.F....w3/..?
00002560:  58 F5 DF CB DE 4D BB 14 46 60 F9 AE 99 58 00 E3  X....M..F`...X..
00002570:  81 A8 A9 B3 BE EA 25 BE 9F F8 E8 77 64 67 B5 92  ......%....wdg..
00002580:  7C 6D BC 02 E9 6F 53 52 FA A9 A2 CE DC 3B 20 A2  |m...oSR.....; .
00002590:  6B 53 D8 1A C1 4E 9A AF CD 00 06 05 36 93 AF 36  kS...N......6..6
000025A0:  47 44 1F 1C 71 F3 AE F4 01 9C DC 4E 25 D7 20 FC  GD..q......N%. .
000025B0:  5B 01 7D D4 5D F3 50 5C D7 E7 26 73 3C 8A DE 76  [.}.].P\..&s<..v
000025C0:  50 1F 6D EC 31 8E 07 1B 66 E2 BE B4 90 FB 3A 84  P.m.1...f.....:.
000025D0:  C6 C8 07 61 94 0D 0F 67 ED EB 79 1C 61 06 E1 13  ...a...g..y.a...
000025E0:  DC A2 43 92 D8 69 9C 4A 86 59 AE 94 46 1C 17 CE  ..C..i.J.Y..F...
000025F0:  61 66 81 FD 58 F0 26 26 37 71 B6 29 73 06 D0 59  af..X.&&7q.)s..Y
00002600:  13 11 F5 F4 04 09 CE 57 F0 0C 9E 7E 6A 4E D2 F0  .......W...~jN..
00002610:  F0 01 70 CC 0B 15 6F 65 D4 A1 73 8A 65 16 9E A3  ..p...oe..s.e...
00002620:  E4 EC E7 86 B6 F3 5A A9 B7 0A 60 40 EC 03 9D EC  ......Z...`@....
00002630:  24 11 60 AF 85 8C 06 CB C5 83 63 6F 4F 85 BE 12  $.`.......coO...
00002640:  47 04 DB 9B 35 CE 2C DD 8E 43 A2 FB 5E DF AF 05  G...5.,..C..^...
00002650:  1A E1 48 25 FF A2 4B 6A 65 02 D3 81 90 91 10 C8  ..H%..Kje.......
00002660:  1F 0F 11 A5 8E 27 F4 89 45 54 95 5B 5D 83 9C 4D  .....'..ET.[]..M
00002670:  22 09 A2 17 11 B8 E2 9E 6B 86 40 0C C0 F3 BE 5C  ".......k.@....\
00002680:  1B DC 89 61 A0 47 8B 0B BA EE 81 F2 85 A0 BB 14  ...a.G..........
00002690:  0C E8 2E 5D 56 65 A6 34 AA F9 0A 19 70 27 86 3C  ...]Ve.4....p'.<
000026A0:  3D 3C 75 69 1B E5 A6 99 49 CD EC 52 AF 97 3D 6B  =<ui....I..R..=k
000026B0:  E7 A3 76 BE E3 E8 2C 69 9E 01 3F 56 9D B6 82 C9  ..v...,i..?V....
000026C0:  B4 9D 46 A7 99 C3 F3 46 C0 B7 5E 5D F8 D9 04 B8  ..F....F..^]....
000026D0:  92 84 47 1B D5 FB 37 B6 30 EA 61 6B 27 0B D4 87  ..G...7.0.ak'...
000026E0:  FC 47 E9 2C B6 E8 2B 5C 34 9E D3 EB 08 F4 E3 F7  .G.,..+\4.......
000026F0:  DF 6F A1 58 DE 67 55 E6 DE E0 26 D5 A4 4D F9 6E  .o.X.gU...&..M.n
00002700:  E4 1E FF 57 18 3E 3C DD 79 76 16 31 B7 5F 9B AF  ...W.><.yv.1._..
00002710:  87 DF 7F 46 B4 F1 40 1A 41 94 82 6D 1C 5C 76 A5  ...F..@.A..m.\v.
00002720:  E6 E0 A5 63 84 58 F6 58 0F 8F 0E E9 D5 3E B0 31  ...c.X.X.....>.1
00002730:  07 82 31 00 0B 19 33 85 B0 B1 C2 6F A9 F5 B9 92  ..1...3....o....
00002740:  6F 07 34 8E 6F 1F 44 19 5D 64 A6 54 3F D6 7C E9  o.4.o.D.]d.T?.|.
00002750:  64 05 FA 71 31 0E B3 C5 87 86 B1 2B 46 7C 4F E8  d..q1......+F|O.
00002760:  9B 97 C1 09 B8 72 06 39 85 F2 DD 0F 48 4B 70 05  .....r.9....HKp.
00002770:  B3 4E AB E1 B8 C8 AE 21 DA F7 31 50 B1 E9 EF 68  .N.....!..1P...h
00002780:  F6 0D 85 A6 52 78 3A 5D B7 18 BA FC 6D C0 CB AF  ....Rx:]....m...
00002790:  D2 F2 D5 33 CD BB 13 91 92 22 4D C1 6D 90 74 83  ...3....."M.m.t.
000027A0:  0E 7A 81 42 80 5B FE E3 26 B4 D5 73 C7 CC AB C1  .z.B.[..&..s....
000027B0:  76 7B 41 89 8C 42 B7 99 0C 7E 8F 7D C2 2E AC F6  v{A..B...~.}....
000027C0:  38 78 80 A8 1A F4 0F 3F 4F E2 AB FD C5 E4 7D 56  8x.....?O.....}V
000027D0:  75 91 34 96 12 A0 A7 93 54 DB E6 87 77 57 23 78  u.4.....T...wW#x
000027E0:  A1 8E 62 CB 63 0F 73 1F 33 C5 CA 26 99 E6 B8 8F  ..b.c.s.3..&....
000027F0:  5A 3E E3 31 5B 09 8C 41 16 D8 38 1B 47 86 AC A4  Z>.1[..A..8.G...
00002800:  A1 B7 C7 A1 D4 1E AE 8A DE 0F 77 4C A5 B7 13 EE  ..........wL....
00002810:  A7 A6 78 2D D6 34 5A A9 B7 0A 60 40 EC 03 9D EC  ..x-.4Z...`@....
00002820:  24 11 60 AF 85 8C 06 CB C5 83 63 6F 4F 85 BE 12  $.`.......coO...
00002830:  47 04 DB 9B 35 CE 2C DD 8E 43 A2 FB 5E DF AF 05  G...5.,..C..^...
00002840:  1A E1 48 25 FF A2 83 30 87 46 D5 2C A9 C8 C6 10  ..H%...0.F.,....
00002850:  41 F2 A6 3A 77 62 52 77 B3 67 43 25 96 E9 37 0E  A..:wbRw.gC%..7.
00002860:  C0 6C 9D 47 25 18 90 55 57 73 62 F4 56 E0 0F 99  .l.G%..UWsb.V...
00002870:  9F 1C B5 D5 D2 51 45 72 93 8D B0 7E 3F 34 D5 A0  .....QEr...~?4..
00002880:  56 F9 E3 07 15 7C 25 48 80 94 85 00 5E F9 A4 91  V....|%H....^...
00002890:  66 3F E0 2E 6F 5D 90 48 C3 51 EF 5D 3D A0 5C BD  f?..o].H.Q.]=.\.
000028A0:  89 D5 DE AE 81 5C BF 14 56 DA 21 2D 57 4E 26 60  .....\..V.!-WN&`
000028B0:  B3 E0 81 A4 88 0C 1E A1 1A 8C 46 6E 25 C8 6F CF  ..........Fn%.o.
000028C0:  F6 FE 3D D9 95 A2 AD AA 64 76 06 EB F0 3C 1A D8  ..=.....dv...<..
000028D0:  30 54 AD FD 2D D2 8B 5C E4 4F 39 9A C3 C3 F9 B9  0T..-..\.O9.....
000028E0:  AB 89 AA 97 80 E4 53 7C A1 11 FE 4A 04 3D 99 12  ......S|...J.=..
000028F0:  2E FD F3 2F CB 59 E1 78 78 F5 5A 0A B4 FE 04 43  .../.Y.xx.Z....C
00002900:  90 F3 C3 C2 E9 F0 0D 48 98 96 3A 36 55 CB 63 54  .......H..:6U.cT
00002910:  D4 08 9C 85 6B 67 20 D2 F4 DC 29 79 B0 5B 01 E2  ....kg ...)y.[..
00002920:  9A A6 C9 4B D2 9F 84 31 41 AD D0 A8 83 2D 2A 10  ...K...1A....-*.
00002930:  FF E1 4C D5 7C 3C 61 4F 7B E0 1B D3 EE DC BF 24  ..L.|<aO{......$
00002940:  51 81 3F C5 0B BF 69 DA DA 98 7B 12 69 86 49 8A  Q.?...i...{.i.I.
00002950:  F0 9F CE EC D0 68 F5 BD EF 8F 71 FB 6C 06 A7 4B  .....h....q.l..K
00002960:  8E 24 96 71 7E 45 06 62 03 8C 7E D9 D3 C4 63 B5  .$.q~E.b..~...c.
00002970:  AA B5 FD AE 44 FC 79 D0 A2 18 45 32 4F 92 E6 75  ....D.y...E2O..u
00002980:  EE 58 E4 56 E6 70 43 A2 DF E5 65 6C 69 40 3A E8  .X.V.pC...eli@:.
00002990:  69 D9 F3 27 41 FC D1 36 B1 D1 BF 44 61 B7 0D B7  i..'A..6...Da...
000029A0:  78 63 00 E4 C6 94 A1 F9 E2 64 6B 47 CE 0C 8B 35  xc.......dkG...5
000029B0:  20 34 85 FD 15 3F B3 05 50 26 18 1C 91 60 B4 E5   4...?..P&...`..
000029C0:  41 F0 E5 00 DC CC A7 93 54 DB E6 87 77 57 23 78  A.......T...wW#x
000029D0:  A1 8E 62 CB 63 0F 73 1F 33 C5 CA 26 99 E6 B8 8F  ..b.c.s.3..&....
000029E0:  5A 3E E3 31 5B 09 3A 80 8F E7 58 9B A1 38 DC 81  Z>.1[.:...X..8..
000029F0:  B3 30 83 4C 0F B3 0B C4 DB 94 68 AF 5F 09 42 12  .0.L......h._.B.
00002A00:  34 F0 D2 FD 8C 43 E4 1D 77 DA C6 D2 CA 3C 3F 84  4....C..w....<?.
00002A10:  FD 7E 1D 4E 54 AC 36 A2 D8 23 CA CB 50 8B 42 02  .~.NT.6..#..P.B.
00002A20:  66 C2 41 80 44 D7 AF E5 F8 83 03 32 CA 73 C8 3A  f.A.D......2.s.:
00002A30:  F0 57 E4 E7 58 2C 08 92 08 FC 17 58 12 08 91 6A  .W..X,.....X...j
00002A40:  9D C6 41 04 B0 F7 64 70 D3 00 38 68 9B 0F 3C CE  ..A...dp..8h..<.
00002A50:  E3 B8 4D 77 B0 85 F1 66 A8 76 F1 AD 9C 81 EA AF  ..Mw...f.v......
00002A60:  48 0B 96 64 BB 5F EF 15 6E 19 BD 6F 80 06 5A 2F  H..d._..n..o..Z/
00002A70:  76 8A FD CE 87 66 28 01 06 7C E7 F2 80 D1 D2 47  v....f(..|.....G
00002A80:  A3 59 B7 97 B5 62 50 B6 02 1C 3C A4 DA B0 B6 4B  .Y...bP...<....K
00002A90:  AE 1A 50 46 4F A7 87 08 B5 8B 4C BB D1 23 D5 AA  ..PFO.....L..#..
00002AA0:  52 A0 1F 2D E3 05 D1 8D 23 CB C2 3C E2 31 48 AB  R..-....#..<.1H.
00002AB0:  7F EE 5B DE 00 27 59 F6 45 A1 C9 52 41 83 FA CD  ..[..'Y.E..RA...
00002AC0:  35 C7 2B 43 6B 46 B5 FA B1 1D 37 CC 18 DA FE 05  5.+CkF....7.....
00002AD0:  12 93 2A C3 35 4E 03 22 DE 69 CC D9 27 5A ED 79  ..*.5N.".i..'Z.y
00002AE0:  C7 37 47 2A D8 66 77 13 F0 0A 6A 78 EA 48 CA A1  .7G*.fw...jx.H..
00002AF0:  AD 7B A6 99 55 62 EC 5B E7 55 87 EF D6 DF C0 A1  .{..Ub.[.U......
00002B00:  AC 7D B8 AF D9 AD 8B 0B BA EE 81 F2 85 A0 BB 14  .}..............
00002B10:  0C E8 2E 5D 56 65 F2 F6 9C 51 37 3E 33 F7 34 23  ...]Ve...Q7>3.4#
00002B20:  E3 36 D3 DF D2 BE 01 53 66 B6 34 5F 69 6B F3 D5  .6.....Sf.4_ik..
00002B30:  D0 E8 8E A6 61 FA 29 AB 80 B4 7A D1 26 45 6C 29  ....a.)...z.&El)
00002B40:  1C BE 47 4D 35 0A 73 8D ED BD BE FA F2 4E 26 8A  ..GM5.s......N&.
00002B50:  DE C6 15 C7 26 5A 08 47 D6 32 48 69 06 0E A0 A3  ....&Z.G.2Hi....
00002B60:  81 4B 44 4E AD C6 F8 14 7A 35 E7 0C EB EB A1 9D  .KDN....z5......
00002B70:  8E A7 4C 66 FC B9 A7 83 2D 54 4F 76 9E 7E 56 58  ..Lf....-TOv.~VX
00002B80:  DA 89 32 3F A0 49 9F 2D 04 EB 5D 25 05 E9 E3 2B  ..2?.I.-..]%...+
00002B90:  06 F4 74 7A 20 FB 79 42 4A 2E FC 7F 16 38 0D F4  ..tz .yBJ....8..
00002BA0:  A4 2B 0B 42 A7 B9 6F B2 AC D3 18 34 F4 B4 8E 93  .+.B..o....4....
00002BB0:  2B 5B 71 45 F8 29 22 EC 8E 98 BF 4C 46 F5 A5 E4  +[qE.)"....LF...
00002BC0:  F0 DC 04 F1 FF C4 19 92 5D 14 E8 92 13 9A F4 B4  ........].......
00002BD0:  FE A5 66 F0 78 9F 72 9D 26 90 3C B8 E9 4F E0 B2  ..f.x.r.&.<..O..
00002BE0:  2A 93 9F 43 9E 24 AC E6 20 4F 35 55 97 EF D9 AC  *..C.$.. O5U....
00002BF0:  65 CE 4C 64 73 D8 C5 85 05 EC 34 4E 1A D6 2F A1  e.Lds.....4N../.
00002C00:  1F D9 78 9E F6 C6 B1 9D 50 40 AF 1A 46 A7 98 0E  ..x.....P@..F...
00002C10:  B1 ED D3 84 65 C0 C6 AB 5D 05 8F 59 65 9D 6E 5D  ....e...]..Ye.n]
00002C20:  D5 1F 44 41 01 0D EC 1B C7 7C 57 0C 88 BC 06 9B  ..DA.....|W.....
00002C30:  01 DD 52 83 A0 9A AF 75 96 8F 05 FB A7 E7 42 8B  ..R....u......B.
00002C40:  40 29 48 68 7F E6 34 22 F1 1C 83 07 25 B3 3D ED  @)Hh..4"....%.=.
00002C50:  D3 BC 23 A3 7E 8A 7D 56 46 CF 3D 93 D7 AD 63 BF  ..#.~.}VF.=...c.
00002C60:  AF 09 D1 7A 53 43 3E DC A3 29 19 56 93 B3 C4 56  ...zSC>..).V...V
00002C70:  40 0A 02 6D 42 D5 44 51 4A 56 03 E9 4C F8 AA 9F  @..mB.DQJV..L...
00002C80:  E3 5C 1E 5C 27 2B CF 90 A1 3E 61 0F A0 3A 6E FA  .\.\'+...>a..:n.
00002C90:  35 56 A4 E7 21 DE E3 3B 97 65 83 C3 B7 81 5D 14  5V..!..;.e....].
00002CA0:  F3 B8 D7 36 72 74 41 23 C7 D6 BA 47 63 95 BB E4  ...6rtA#...Gc...
00002CB0:  D9 F6 BC B6 43 A4 0D 1B E6 51 8F DD 39 44 6E 7E  ....C....Q..9Dn~
00002CC0:  8F 29 44 BF 2C C7 39 84 87 6D 77 46 CF 5E 7C A6  .)D.,.9..mwF.^|.
00002CD0:  74 A6 4D 86 20 E0 E8 81 52 51 64 0F D4 51 76 C1  t.M. ...RQd..Qv.
00002CE0:  B3 6F 28 2D 2E 37 51 9C EE 8C 7A 86 8B B7 0D D6  .o(-.7Q...z.....
00002CF0:  8F CC 07 9B F9 8D 03 22 DE 69 CC D9 27 5A ED 79  .......".i..'Z.y
00002D00:  C7 37 47 2A D8 66 01 06 F9 DF 97 E3 6E 6A 6A 2C  .7G*.f......njj,
00002D10:  DF 9B 02 7A 69 DD 8E 7A F7 0F 81 85 E0 3D 33 A7  ...zi..z.....=3.
00002D20:  13 2B DF 10 74 C6 CC 95 96 64 DC 9B 85 C9 4D F0  .+..t....d....M.
00002D30:  72 AD 70 0C C0 3D 30 BA 1B 7D 87 00 13 51 DC D3  r.p..=0..}...Q..
00002D40:  8B 7B DB B7 58 79 15 EB 0A EE 61 37 04 26 F7 0D  .{..Xy....a7.&..
00002D50:  03 53 6C 06 32 67 F8 14 7A 35 E7 0C EB EB A1 9D  .Sl.2g..z5......
00002D60:  8E A7 4C 66 FC B9 11 8F A9 5A 80 9D 9B 4B 98 67  ..Lf.....Z...K.g
00002D70:  42 66 A2 FE CF CF 9F 2D 04 EB 5D 25 05 E9 E3 2B  Bf.....-..]%...+
00002D80:  06 F4 74 7A 20 FB 79 42 4A 2E FC 7F 16 38 0D F4  ..tz .yBJ....8..
00002D90:  A4 2B 0B 42 A7 B9 40 E4 E1 55 AC 6F 86 4D 25 F4  .+.B..@..U.o.M%.
00002DA0:  AE F3 F7 5D 4C 7D 1B 8E 4D 06 B7 5B EC 8D 1C 51  ...]L}..M..[...Q
00002DB0:  AC 29 1B 96 C7 C8 19 92 5D 14 E8 92 13 9A F4 B4  .)......].......
00002DC0:  FE A5 66 F0 78 9F 72 9D 26 90 3C B8 E9 4F E0 B2  ..f.x.r.&.<..O..
00002DD0:  2A 93 9F 43 9E 24 AC E6 20 4F 35 55 97 EF D9 AC  *..C.$.. O5U....
00002DE0:  65 CE 4C 64 73 D8 D8 9E BB B5 6A E1 19 D0 9B 51  e.Lds.....j....Q
00002DF0:  AD F7 79 78 08 24 54 76 03 68 08 60 26 43 30 F2  ..yx.$Tv.h.`&C0.
00002E00:  9B 36 76 A0 29 4C 78 7B 34 3B F5 C1 20 FC EB 40  .6v.)Lx{4;.. ..@
00002E10:  49 30 32 39 9D 3B 56 46 76 57 24 4B 62 0B 9C EF  I029.;VFvW$Kb...
00002E20:  FF 91 21 7F 75 45 AF 75 96 8F 05 FB A7 E7 42 8B  ..!.uE.u......B.
00002E30:  40 29 48 68 7F E6 BF F7 A8 10 A4 CF A8 8E C4 B7  @)Hh............
00002E40:  6B BE 44 43 27 71 02 C2 2E D6 D4 ED C6 66 D0 EB  k.DC'q.......f..
00002E50:  0E 4B B0 CA 88 B0 3E DC A3 29 19 56 93 B3 C4 56  .K....>..).V...V
00002E60:  40 0A 02 6D 42 D5 44 51 4A 56 03 E9 4C F8 AA 9F  @..mB.DQJV..L...
00002E70:  E3 5C 1E 5C 27 2B CF 90 A1 3E 61 0F A0 3A 6E FA  .\.\'+...>a..:n.
00002E80:  35 56 A4 E7 21 DE 23 DC 9B 96 49 1D 4F C8 72 A9  5V..!.#...I.O.r.
00002E90:  36 7B 09 F4 F3 BC 88 84 F3 9D B1 4F 46 2E EB F4  6{.........OF...
00002EA0:  C9 3A 74 19 89 4A DB A9 45 5D 5D C0 DB F0 93 2A  .:t..J..E]]....*
00002EB0:  75 88 57 E6 AE 65 BB 68 74 73 3F 5B 4B EC 1A F1  u.W..e.hts?[K...
00002EC0:  C3 6B 26 00 D8 E1 E8 81 52 51 64 0F D4 51 76 C1  .k&.....RQd..Qv.
00002ED0:  B3 6F 28 2D 2E 37 75 B2 51 BF 80 A0 FD 0B 90 C6  .o(-.7u.Q.......
00002EE0:  F9 9F EB C2 65 0B B6 12 CD 48 27 C9 E1 21 EA 73  ....e....H'..!.s
00002EF0:  8A 57 84 A5 E6 6F D6 60 CB FB B9 A7 0A 1C EA CB  .W...o.`........
00002F00:  A9 36 61 C2 9D 11 8E 7A F7 0F 81 85 E0 3D 33 A7  .6a....z.....=3.
00002F10:  13 2B DF 10 74 C6 CC 95 96 64 DC 9B 85 C9 4D F0  .+..t....d....M.
00002F20:  72 AD 70 0C C0 3D A2 BE 7E 8D 84 21 B9 7A C8 CB  r.p..=..~..!.z..
00002F30:  CA CF 07 77 39 9F 0E E8 0D 76 D8 40 CF DF 37 B8  ...w9....v.@..7.
00002F40:  00 F7 7B D6 2F 01 CB C7 17 21 B5 83 1F 56 EC AA  ..{./....!...V..
00002F50:  A0 D1 8D DD 44 07 F4 83 86 0E 8E 00 F1 99 E9 88  ....D...........
00002F60:  51 2D FB 95 AA 6F B0 18 B9 25 C7 52 05 7D C7 29  Q-...o...%.R.}.)
00002F70:  69 CF 3D 78 D3 65 88 78 31 0B F2 73 F2 5D 54 FA  i.=x.e.x1..s.]T.
00002F80:  1F B1 FE 2F E5 7D 52 73 9C B3 00 FA C1 91 46 AF  .../.}Rs......F.
00002F90:  08 58 C3 97 E3 82 B6 7B CF 73 F3 82 FA 30 1B 73  .X.....{.s...0.s
00002FA0:  F0 7C A3 9B 1B 72 BD 7C 78 2B 5A 82 13 DC 2D FA  .|...r.|x+Z...-.
00002FB0:  31 BE D5 16 14 B7 24 B8 06 8D 84 97 25 78 A6 FA  1.....$.....%x..
00002FC0:  19 23 AD 88 88 FB B6 D4 B2 2B 02 53 BF BC EB 4E  .#.......+.S...N
00002FD0:  42 57 CD 11 A8 C4 A8 FF 95 FE 00 6F 4A 8B 60 37  BW.........oJ.`7
00002FE0:  31 8C B7 1A 04 9D 63 7C 4E 67 15 50 B7 97 EA 73  1.....c|Ng.P...s
00002FF0:  48 7A 24 EE DB 89 80 48 DF B3 38 B4 90 80 51 EE  Hz$....H..8...Q.
00003000:  00 BC 1E 94 31 51 6F DF 67 E3 6A DA 8B AA D3 E7  ....1Qo.g.j.....
00003010:  B5 34 75 A8 C1 C5 CB 82 B5 83 A9 8D F8 2D 37 43  .4u..........-7C
00003020:  EE 27 B9 D1 0F E1 89 52 50 76 05 BA 6D 7B 88 74  .'.....RPv..m{.t
00003030:  89 1D C9 4C 27 B0 BE 41 43 EC FE 18 1C FC 71 FA  ...L'..AC.....q.
00003040:  F8 3F 99 34 F4 9A 33 D9 0A 9B 4D F1 C2 41 E7 66  .?.4..3...M..A.f
00003050:  E6 B3 68 15 8E BB 36 3F 70 55 9A 2D 1C 77 7E F6  ..h...6?pU.-.w~.
00003060:  5E 9C D2 35 79 F0 62 D4 7E 9B 1A 0E 53 77 2F 3E  ^..5y.b.~...Sw/>
00003070:  0A 23 3B D4 02 10 43 FB EF 68 79 77 3D 6B A2 A6  .#;...C..hyw=k..
00003080:  35 6C 2D 89 79 A7 45 D5 77 FF 43 2A 6D C2 09 0D  5l-.y.E.w.C*m...
00003090:  1E FF 11 9E 82 3F E1 FE A6 DF 29 C2 1F C7 77 75  .....?....)...wu
000030A0:  72 F5 54 26 76 42 66 3C 87 AF 61 41 38 F1 B9 20  r.T&vBf<..aA8.. 
000030B0:  0D 60 DE 0E 20 D8 1F 62 93 14 01 65 CE BA 73 23  .`.. ..b...e..s#
000030C0:  ED DE 2B 21 96 62 38 A2 A1 25 51 AB 9D FC D0 85  ..+!.b8..%Q.....
000030D0:  C9 0A C9 92 07 66 44 60 5B 35 F2 34 9F 70 EF 0D  .....fD`[5.4.p..
000030E0:  12 1C 1D 36 96 0F 33 3F E6 86 94 8B 26 E8 34 A8  ...6..3?....&.4.
000030F0:  F1 3D 5A 67 6C A1 71 C4 A3 06 55 E2 D1 F4 CA 0C  .=Zgl.q...U.....
00003100:  73 14 FE 98 2A 35 36 3F 70 55 9A 2D 1C 77 7E F6  s...*56?pU.-.w~.
00003110:  5E 9C D2 35 79 F0 62 D4 7E 9B 1A 0E 53 77 2F 3E  ^..5y.b.~...Sw/>
00003120:  0A 23 3B D4 02 10 B4 AC 44 35 91 04 31 94 76 86  .#;.....D5..1.v.
00003130:  AC D4 88 8F B5 9A 78 B8 32 1F DD 19 C9 B6 8E 6B  ......x.2......k
00003140:  6A 0F 35 E7 50 98 95 40 31 F8 7E 51 22 E0 5E 31  j.5.P..@1.~Q".^1
00003150:  3F BD 73 7F BD B5 48 C6 8C 91 84 8D 9B 97 17 B0  ?.s...H.........
00003160:  A5 BE D4 75 C9 FA E0 A0 5B E3 11 34 50 B7 1C AF  ...u....[..4P...
00003170:  93 5A B6 75 A3 0A 38 A2 A1 25 51 AB 9D FC D0 85  .Z.u..8..%Q.....
00003180:  C9 0A C9 92 07 66 44 60 5B 35 F2 34 9F 70 EF 0D  .....fD`[5.4.p..
00003190:  12 1C 1D 36 96 0F 81 BF E5 45 DC 7D CB 89 71 39  ...6.....E.}..q9
000031A0:  C2 DA 93 47 30 E1 AD 49 26 D9 61 90 97 70 29 12  ...G0..I&.a..p).
000031B0:  D7 C8 34 DD 54 68 43 66 19 52 86 09 D7 83 21 2C  ..4.ThCf.R....!,
000031C0:  68 17 3F CA B1 57 C0 3C 33 21 E2 83 33 7D DD CB  h.?..W.<3!..3}..
000031D0:  2E 3C B7 44 55 B6 92 AE 48 FE D6 5F 63 F6 BD 1E  .<.DU...H.._c...
000031E0:  88 85 C0 48 F5 DE 28 FA 23 48 46 17 82 46 18 CF  ...H..(.#HF..F..
000031F0:  C6 1C 8E 17 D7 E6 D1 25 F8 9B 82 F9 1A F6 B8 98  .......%........
00003200:  51 02 CD 5E DB 48 0E 5D 24 A9 D6 E4 C1 1B 84 29  Q..^.H.]$......)
00003210:  00 E3 56 C0 1E F8 50 5C D7 E7 26 73 3C 8A DE 76  ..V...P\..&s<..v
00003220:  50 1F 6D EC 31 8E 5F 4E 71 1B 06 E2 6E 71 C6 41  P.m.1._Nq...nq.A
00003230:  99 46 43 26 F1 5E BC 52 88 47 FB FE F1 1A D3 F5  .FC&.^.R.G......
00003240:  E5 01 37 08 98 F6 1A 4D CD 0D 11 DA CC 8F 25 6D  ..7....M......%m
00003250:  CD 6B E4 C2 E5 8B C0 3C 33 21 E2 83 33 7D DD CB  .k.....<3!..3}..
00003260:  2E 3C B7 44 55 B6 33 DE 84 BA 7C 78 FF BE 13 7C  .<.DU.3...|x...|
00003270:  29 97 69 80 ED 59 0D 38 1F 27 24 EE 7E B9 B1 B6  ).i..Y.8.'$.~...
00003280:  3C 81 20 04 B3 96 C3 31 77 F4 7D 29 49 52 AC E9  <. ....1w.})IR..
00003290:  21 89 19 FA 43 E4 34 29 1A DE 86 B9 74 BD 02 D2  !...C.4)....t...
000032A0:  8A F1 60 C1 12 2A F8 2C 70 62 2F 40 8F 50 A5 A4  ..`..*.,pb/@.P..
000032B0:  C9 1D 08 7F 9B B1 A5 D3 D2 65 7E 58 0E 70 A5 16  .........e~X.p..
000032C0:  40 0C 5C CB 30 FE 5B 89 48 D0 00 16 2D 06 12 6C  @.\.0.[.H...-..l
000032D0:  F6 B4 2F DD 38 3E C0 6B CD 66 9C F4 43 FD 6C DE  ../.8>.k.f..C.l.
000032E0:  E4 41 77 90 ED C7 57 CE 41 E2 9F A1 F8 70 60 24  .Aw...W.A....p`$
000032F0:  4C CA 6F 02 2F 52 2C 06 E4 14 91 6E D2 E8 66 C3  L.o./R,....n..f.
00003300:  1E FA 50 81 F6 C2 B7 7B 54 FA 72 E0 39 A7 75 A4  ..P....{T.r.9.u.
00003310:  15 D3 8B 4F AA D5 AD DB 19 38 50 F6 7F C3 F2 95  ...O.....8P.....
00003320:  71 DC 8F E0 5F 9C E8 00 2E 13 03 A6 18 EB C2 9E  q..._...........
00003330:  CE 0F 53 09 4D 5F 46 92 62 C5 57 89 2A 5C FC F4  ..S.M_F.b.W.*\..
00003340:  0C BC B2 06 B9 97 63 66 36 FB C8 BB 2E A9 0E 21  ......cf6......!
00003350:  64 22 45 0F C3 24 0B C0 87 69 69 AE 17 B5 BB 56  d"E..$...ii....V
00003360:  22 91 C0 DA AA 2B A5 CF 8F B2 C4 0E 5D A4 51 D2  "....+......].Q.
00003370:  DD EB BF B1 E9 6E F0 E4 18 59 89 DB 68 21 EE 4C  .....n...Y..h!.L
00003380:  B9 4D 12 C9 AA 66 2B B0 47 F4 EA A0 63 63 00 70  .M...f+.G...cc.p
00003390:  BF 4E 19 0A B8 B0 90 E6 17 21 A4 F9 BE 45 FA 97  .N.......!...E..
000033A0:  15 13 09 14 9D C1 E9 8D 10 15 46 32 D2 39 22 61  ..........F2.9"a
000033B0:  D7 54 34 C3 81 08 C4 51 94 0D 6E 02 7B 8F 9E F4  .T4....Q..n.{...
000033C0:  D4 46 64 5C BA 6E 15 DA DD 4A 5F 80 39 EA 22 96  .Fd\.n...J_.9.".
000033D0:  23 B0 29 7B 7A 03 83 5F DF ED 8A AB 53 55 0A 9D  #.){z.._....SU..
000033E0:  56 2D D9 65 E1 84 6E B3 15 34 A4 5E 93 9E D7 53  V-.e..n..4.^...S
000033F0:  B2 33 89 0E F6 12 F7 52 A9 91 A8 12 4D 08 67 AD  .3.....R....M.g.
00003400:  4C 10 9E 06 91 66 B6 7B CF 73 F3 82 FA 30 1B 73  L....f.{.s...0.s
00003410:  F0 7C A3 9B 1B 72 C0 A0 99 0E FF FB 5D AD C6 79  .|...r......]..y
00003420:  64 13 6A 9C 46 B8 D8 E3 9B 12 0C 86 E5 27 E1 32  d.j.F........'.2
00003430:  8B 18 6C 26 90 85 28 9D F8 7B FD D2 42 BF 93 21  ..l&..(..{..B..!
00003440:  4D D6 DC 10 8D EA 6C C9 8C 86 1F 0A 66 D4 BA 33  M.....l.....f..3
00003450:  E0 1D C1 40 C5 D3 21 B5 A2 42 47 51 4D 2A 86 5E  ...@..!..BGQM*.^
00003460:  D7 4C 01 0E C0 FE 6E B0 4A 7B 76 3B 85 72 E2 FA  .L....n.J{v;.r..
00003470:  F6 25 10 0C 1E 9A 47 43 FD 77 80 33 22 0E FB 19  .%....GC.w.3"...
00003480:  6A 4F 88 90 A1 BB 96 6B D9 B0 C6 1E 85 7A EA 0A  jO.....k.....z..
00003490:  48 A2 0E 3A E8 A0 7D CA 85 BE B2 5B 69 9A DD D0  H..:..}....[i...
000034A0:  34 60 C4 2D 0E 81 E4 94 52 44 DE D0 AD 67 73 47  4`.-....RD...gsG
000034B0:  B2 F3 2C F0 25 3E 43 3D 48 2B 02 14 57 EB 94 BD  ..,.%>C=H+..W...
000034C0:  98 CB 99 83 07 25 6E FA B0 12 73 23 DE 3F 7D 52  .....%n...s#.?}R
000034D0:  B6 A7 87 5A 6F 54 D5 4F 57 5A 3B 7A 6E 2B A1 05  ...ZoT.OWZ;zn+..
000034E0:  6F 89 11 9D EF 41 C7 26 49 F0 80 57 C0 09 C6 E9  o....A.&I..W....
000034F0:  D7 CA AB 4C B6 D1 06 79 85 92 17 2B 3E 6C 4B E0  ...L...y...+>lK.
00003500:  A4 24 CD 06 65 C7 B5 DB ED 8A 64 69 D5 72 CB 85  .$..e.....di.r..
00003510:  3F F5 D2 A5 FE 59 57 DB 21 05 C6 6C 71 58 BF EC  ?....YW.!..lqX..
00003520:  2C 7A 8E A0 17 EB 64 CF 8D 28 70 B9 F4 EF 5E 4C  ,z....d..(p...^L
00003530:  99 E7 1F 5A 0B 6D BB C1 A7 1B 19 AF 0A AF C8 AD  ...Z.m..........
00003540:  D5 CA AA F8 10 EB 6C 55 D1 D5 13 EE 64 16 05 41  ......lU....d..A
00003550:  60 3D 24 01 E5 7C C3 31 77 F4 7D 29 49 52 AC E9  `=$..|.1w.})IR..
00003560:  21 89 19 FA 43 E4 03 98 72 0B B1 26 09 6E 1E F7  !...C...r..&.n..
00003570:  29 51 F1 FD CE 89 9D 47 75 BA DB CE 75 BB 6C 5E  )Q.....Gu...u.l^
00003580:  E2 E1 BC 68 6C D5 EE DD 48 1F 07 D5 DE 38 97 0E  ...hl...H....8..
00003590:  D5 5B E3 62 8F BA 7E 23 4E C8 BF 50 DC 61 9E 64  .[.b..~#N..P.a.d
000035A0:  89 DF 8E CF F0 7E 50 5C D7 E7 26 73 3C 8A DE 76  .....~P\..&s<..v
000035B0:  50 1F 6D EC 31 8E C3 5A 0F 83 75 11 DC 55 8B 9B  P.m.1..Z..u..U..
000035C0:  74 51 0E E9 F9 FC C7 E6 7C C5 1F 06 2C 2F 2D A9  tQ......|...,/-.
000035D0:  B2 2A B8 39 CC 8E E5 2E A1 0B 02 C6 74 E1 A7 64  .*.9........t..d
000035E0:  FA A5 5D 85 15 A2 3D 93 22 C5 F8 8B 05 D5 EB 9A  ..]...=.".......
000035F0:  56 8E D9 4B BC 2D 4F FF B8 C1 A7 80 36 25 88 E4  V..K.-O.....6%..
00003600:  A5 C1 57 FC 15 4F 92 51 11 DB EA 0D EC D1 D5 DE  ..W..O.Q........
00003610:  8D EC FB CA B9 86 86 DA 44 C2 BF 9D 63 68 56 EF  ........D...chV.
00003620:  8E 48 B8 A4 0A 58 07 11 9B 86 70 6B 74 9B B8 C6  .H...X....pkt...
00003630:  FE 0D E9 F1 80 19 BA F0 13 84 34 55 70 17 24 88  ..........4Up.$.
00003640:  93 99 32 09 33 95 75 4B D7 A9 FE 2A 97 B6 AF 96  ..2.3.uK...*....
00003650:  ED D1 5D 14 22 59 36 8E AB 2A 45 8E CC CB E5 A5  ..]."Y6..*E.....
00003660:  A8 76 B0 3D 2C 6E 09 4C 2A DB F4 84 D2 34 79 DA  .v.=,n.L*....4y.
00003670:  4E FC AF EB 26 2E E9 8D 10 15 46 32 D2 39 22 61  N...&.....F2.9"a
00003680:  D7 54 34 C3 81 08 FE A2 19 7D 72 CA 0E 2F B3 FC  .T4......}r../..
00003690:  7B 04 0C 87 43 EC 8C C8 C3 F0 42 FF 94 E1 AC 32  {...C.....B....2
000036A0:  22 73 ED 1D 0F BB 3F 32 E7 4B 83 B6 E6 A9 FA 3A  "s....?2.K.....:
000036B0:  72 F6 BE 4B B1 17 7C 08 9B 41 7F 30 A2 B6 D4 4D  r..K..|..A.0...M
000036C0:  5A B0 36 A1 EB A8 DA 70 76 DF 9F 32 C8 5E 76 1B  Z.6....pv..2.^v.
000036D0:  A4 EF 3E A0 1E 08 91 94 2A F7 0E 2C 9B 15 38 BA  ..>.....*..,..8.
000036E0:  D0 E9 FB 13 68 70 57 B2 AE B1 3F 22 E3 5C DB D7  ....hpW...?".\..
000036F0:  94 A6 6A 49 4D 08 BB 28 DF 93 50 B9 CB E0 E5 68  ..jIM..(..P....h
00003700:  09 65 DC 04 EF 48 6C C5 53 94 8F 95 E5 9F 73 C2  .e...Hl.S.....s.
00003710:  0F D1 23 66 DE FF 1D 3D B7 B2 2A 2C 83 2C 5C BB  ..#f...=..*,.,\.
00003720:  B6 9B EA DB 8D 1F 2B 48 C1 79 CF A0 5D 09 00 0E  ......+H.y..]...
00003730:  D7 A4 01 CD 88 E4 78 33 BC 61 8B 5C 97 35 92 F8  ......x3.a.\.5..
00003740:  B0 B7 27 AD AD 44 2C 8C AA 3E BA 24 F3 F8 5E 05  ..'..D,..>.$..^.
00003750:  B1 0D 90 0C DA 5E AC C7 8F 05 41 08 EE 30 7D 14  .....^....A..0}.
00003760:  93 6E AF 95 30 4C 7A F5 F1 7B 88 D9 ED 2D BB 41  .n..0Lz..{...-.A
00003770:  8B EE F5 31 E7 B5 66 9C 6E 4C 22 41 5A 6D 4E 00  ...1..f.nL"AZmN.
00003780:  FC F2 49 8F 03 9D 25 2E A5 0B 84 0E 8A 0D 1C 1B  ..I...%.........
00003790:  C7 74 D0 80 C7 42 5F EA 50 DD F3 8A 7C D7 47 CD  .t...B_.P...|.G.
000037A0:  29 37 C0 8C 15 83 A8 A2 3E 6A E5 6E A6 3C 33 4E  )7......>j.n.<3N
000037B0:  B4 DD 2F 7F 24 9A B6 7B CF 73 F3 82 FA 30 1B 73  ../.$..{.s...0.s
000037C0:  F0 7C A3 9B 1B 72 2C 5D 59 72 04 2A CD B1 36 60  .|...r,]Yr.*..6`
000037D0:  63 2E A2 3F FE 66 16 70 B7 84 F3 94 45 F6 B5 AD  c..?.f.p....E...
000037E0:  2F CA 16 D4 49 69 7B 7F CF 4A AA D3 EC A3 92 5E  /...Ii{..J.....^
000037F0:  F6 DB F5 6A B3 FE 59 24 13 2C FF 21 1B 7D 58 B1  ...j..Y$.,.!.}X.
00003800:  50 31 AC BC B7 9C 1A AC B0 E5 0C 1A 2A 48 C5 94  P1..........*H..
00003810:  9B 25 BD 5F 22 3A 49 E8 44 EB CC 72 D6 82 7D 68  .%._":I.D..r..}h
00003820:  F0 DA 07 92 A1 45 50 1B 17 C7 E2 9D 8B 96 37 62  .....EP.......7b
00003830:  F9 6B 6B EE DE A3 0C 64 C1 55 CB 77 74 7C 36 52  .kk....d.U.wt|6R
00003840:  4F 81 46 F4 53 69 3F B2 FA C4 5B 26 68 76 7F BF  O.F.Si?...[&hv..
00003850:  4D 93 86 A1 76 5C B3 4A F9 30 15 80 9E 26 5E 51  M...v\.J.0...&^Q
00003860:  DD AB B0 79 05 FF 85 87 46 01 F7 BF 49 41 FC FB  ...y....F...IA..
00003870:  05 90 74 28 ED ED B2 02 43 A3 CA FB FC B0 7A 60  ..t(....C.....z`
00003880:  2C B2 96 35 17 42 D5 4F 57 5A 3B 7A 6E 2B A1 05  ,..5.B.OWZ;zn+..
00003890:  6F 89 11 9D EF 41 27 18 4D 81 F7 0F D9 43 F9 B6  o....A'.M....C..
000038A0:  9D 7B 3E C6 48 4B 4E A2 E5 C2 3C AC D4 A1 27 C7  .{>.HKN...<...'.
000038B0:  4E 20 BE F9 3B CE B5 44 E2 8D 00 93 83 CD DD F6  N ..;..D........
000038C0:  4A 06 F0 0F 16 D1 F0 77 3F 41 AC FF A3 D3 EA 5B  J......w?A.....[
000038D0:  C9 F1 8F DA 48 46 95 02 CA C9 97 5D 43 89 B4 80  ....HF.....]C...
000038E0:  1B 5B 39 A9 AE 30 41 95 AD 66 E8 14 86 94 65 09  .[9..0A..f....e.
000038F0:  57 66 6A 7A 16 46 BC 1E F0 1E 77 33 2F BB F8 3F  Wfjz.F....w3/..?
00003900:  58 F5 DF CB DE 4D BB 14 46 60 F9 AE 99 58 00 E3  X....M..F`...X..
00003910:  81 A8 A9 B3 BE EA 25 BE 9F F8 E8 77 64 67 B5 92  ......%....wdg..
00003920:  7C 6D BC 02 E9 6F 53 52 FA A9 A2 CE DC 3B 20 A2  |m...oSR.....; .
00003930:  6B 53 D8 1A C1 4E CF 5B 0E 7C 02 36 A5 C8 E1 60  kS...N.[.|.6...`
00003940:  49 49 7C 90 B2 21 91 53 67 CA 83 FD 1F EE 64 B0  II|..!.Sg.....d.
00003950:  AD 4D 5D CF 00 26 50 5C D7 E7 26 73 3C 8A DE 76  .M]..&P\..&s<..v
00003960:  50 1F 6D EC 31 8E 07 1B 66 E2 BE B4 90 FB 3A 84  P.m.1...f.....:.
00003970:  C6 C8 07 61 94 0D 0F 67 ED EB 79 1C 61 06 E1 13  ...a...g..y.a...
00003980:  DC A2 43 92 D8 69 9C 4A 86 59 AE 94 46 1C 17 CE  ..C..i.J.Y..F...
00003990:  61 66 81 FD 58 F0 FF 72 CE 94 21 66 F2 55 35 96  af..X..r..!f.U5.
000039A0:  F8 71 1E BA AF 76 C7 89 C2 05 7D 3C 00 01 13 F1  .q...v....}<....
000039B0:  62 B4 EB 19 92 AD 46 92 62 C5 57 89 2A 5C FC F4  b.....F.b.W.*\..
000039C0:  0C BC B2 06 B9 97 63 66 36 FB C8 BB 2E A9 0E 21  ......cf6......!
000039D0:  64 22 45 0F C3 24 0B C0 87 69 69 AE 17 B5 BB 56  d"E..$...ii....V
000039E0:  22 91 C0 DA AA 2B A5 CF 8F B2 C4 0E 5D A4 51 D2  "....+......].Q.
000039F0:  DD EB BF B1 E9 6E F0 E4 18 59 89 DB 68 21 EE 4C  .....n...Y..h!.L
00003A00:  B9 4D 12 C9 AA 66 2B B0 47 F4 EA A0 63 63 00 70  .M...f+.G...cc.p
00003A10:  BF 4E 19 0A B8 B0 BA 13 18 19 BA BE F1 8D 52 3A  .N............R:
00003A20:  AC 10 49 7C 04 17 E9 8D 10 15 46 32 D2 39 22 61  ..I|......F2.9"a
00003A30:  D7 54 34 C3 81 08 C4 51 94 0D 6E 02 7B 8F 9E F4  .T4....Q..n.{...
00003A40:  D4 46 64 5C BA 6E 15 DA DD 4A 5F 80 39 EA 22 96  .Fd\.n...J_.9.".
00003A50:  23 B0 29 7B 7A 03 D4 C9 50 27 19 81 14 F4 8E 97  #.){z...P'......
00003A60:  DD 24 B2 26 95 DD 40 3B 8D 12 83 6F 33 10 58 0B  .$.&..@;...o3.X.
00003A70:  57 A8 0F 84 BD 19 9F E2 2F 72 13 F6 7F 0E 40 15  W......./r....@.
00003A80:  09 BD 04 EF 54 0D B9 56 BC 42 CD F5 EB 91 74 4F  ....T..V.B....tO
00003A90:  37 D7 2F 74 78 2C E2 3B EB 3E 69 4D 5E 39 B8 F5  7./tx,.;.>iM^9..
00003AA0:  4F 58 90 9E 4F D2 3C AC ED DA C6 04 BF B4 CC E9  OX..O.<.........
00003AB0:  19 65 C9 F4 8B 5D 8E 67 1D E4 58 BF 70 04 FF DE  .e...].g..X.p...
00003AC0:  1F F6 81 C5 0B 2F EB 8B B0 89 3E 08 C8 FF 7A E6  ...../....>...z.
00003AD0:  30 57 A7 05 FD F7 79 95 2E 1B E7 6E 4C 7E 08 C0  0W....y....nL~..
00003AE0:  AB AC 73 81 12 30 9C 97 61 D0 1C 78 A3 73 34 60  ..s..0..a..x.s4`
00003AF0:  4C 28 68 F5 C2 21 2C 8C AA 3E BA 24 F3 F8 5E 05  L(h..!,..>.$..^.
00003B00:  B1 0D 90 0C DA 5E A0 72 F1 40 86 AE C7 69 66 F1  .....^.r.@...if.
00003B10:  A8 E0 78 D8 30 90 99 F7 F4 1D 08 85 85 EB D1 65  ..x.0..........e
00003B20:  D4 D4 B5 E0 9A FF 71 2B 47 D4 CB 21 9A DB A3 E3  ......q+G..!....
00003B30:  F1 AE 91 49 F0 46 E4 D8 1D AD 6E 50 70 CD 5E 66  ...I.F....nPp.^f
00003B40:  26 2B CE 56 4D 2E 07 07 AC 5E 0B F2 C2 CC 1B D3  &+.VM....^......
00003B50:  B6 81 58 CF ED 1F 77 79 A2 C7 1E 5B AA EB A2 75  ..X...wy...[...u
00003B60:  F4 DB ED AC AC AA BF 89 9E 2F D9 26 0B CE 6F 62  ........./.&..ob
00003B70:  37 7C 5F DD 7C F1 29 F7 95 38 A5 58 E5 1F 88 09  7|_.|.)..8.X....
00003B80:  E7 73 19 93 47 B5 3C 4B E9 9B B2 3F A8 75 E4 65  .s..G.<K...?.u.e
00003B90:  6E 50 EF A5 FA AD 85 04 FC E7 0C 0D 3F AE CB 7C  nP..........?..|
00003BA0:  D6 1B D0 87 A4 05 CA 42 EA D8 0C FF CC 5B B9 7A  .......B.....[.z
00003BB0:  91 93 A8 34 2B 96 87 6A EE 88 BA AE 85 84 A5 60  ...4+..j.......`
00003BC0:  0E 61 49 74 AB 1E 49 E8 44 EB CC 72 D6 82 7D 68  .aIt..I.D..r..}h
00003BD0:  F0 DA 07 92 A1 45 92 AD 48 77 3F 4E 56 B0 C4 74  .....E..Hw?NV..t
00003BE0:  96 FF 4F 37 2A 76 D2 AD B0 3D 77 85 63 25 B6 F5  ..O7*v...=w.c%..
00003BF0:  BB AE 71 C4 DE BD AA 3A 6C F1 90 60 E6 F2 EE F5  ..q....:l..`....
00003C00:  93 29 1E 81 E1 EF 0F 32 DB 95 40 4D DC 4F BA 37  .).....2..@M.O.7
00003C10:  25 1E D3 7F 90 1E 87 B6 CD 46 E4 59 18 A9 90 0B  %........F.Y....
00003C20:  16 E6 52 2A 3C E7 0A F8 1C FF 80 6B E3 0A 71 A1  ..R*<......k..q.
00003C30:  FF 47 A2 55 44 0C 6B 8A 6C 3D 52 AC 75 93 EA 0A  .G.UD.k.l=R.u...
00003C40:  F2 FB 86 65 40 D8 CD 90 B3 AE FB E4 04 D8 48 D2  ...e@.........H.
00003C50:  47 E4 F6 6B 9C 83 5B EB 8F EB 81 9D 03 AF C9 67  G..k..[........g
00003C60:  02 F0 A0 69 41 EA 08 CB AB 23 DB BB D1 53 F0 C5  ...iA....#...S..
00003C70:  E8 0A 88 89 6C 4F D3 03 F4 76 D3 FA B2 69 90 F8  ....lO...v...i..
00003C80:  D6 6F 84 E8 58 95 6F D7 E2 1B 9A AC B9 1F 00 5E  .o..X.o........^
00003C90:  12 5E DA BF CB 0F 45 C7 1C F9 AD A9 82 24 ED 26  .^....E......$.&
00003CA0:  19 DE 3C 8F DA 49 16 C8 4B 32 30 D1 A5 73 04 3F  ..<..I..K20..s.?
00003CB0:  4F 3D 93 71 83 9A 46 68 49 85 14 9C BF AB 74 38  O=.q..FhI.....t8
00003CC0:  DC 4F 61 6C EF AA 79 E0 A2 27 17 EB 1A B9 BF 11  .Oal..y..'......
00003CD0:  76 8F DE 9D C5 75 6B 50 80 E2 03 E8 5D 05 DB 0D  v....ukP....]...
00003CE0:  48 DF E6 47 5F 69 D8 11 23 E8 33 B8 2D 02 88 62  H..G_i..#.3.-..b
00003CF0:  85 46 2E 76 96 8C F6 D8 CE 4B 0A 94 F6 F0 5D 93  .F.v.....K....].
00003D00:  B6 84 EA F5 23 46 CB 89 E7 06 38 D4 4A A3 7E C4  ....#F....8.J.~.
00003D10:  2A C1 02 02 AA 00 23 15 53 79 E0 48 7D 19 38 02  *.....#.Sy.H}.8.
00003D20:  08 C9 50 42 77 6A D4 D8 06 1D A6 46 B0 B4 FE B1  ..PBwj.....F....
00003D30:  85 9F 1E B2 71 30 23 15 53 79 E0 48 7D 19 38 02  ....q0#.Sy.H}.8.
00003D40:  08 C9 50 42 77 6A 8C 3F B5 73 C8 18 91 8C 22 C8  ..PBwj.?.s....".
00003D50:  E4 A0 F7 11 6B E5 58 AC 3C 82 99 BF B1 66 56 0E  ....k.X.<....fV.
00003D60:  8C 98 AD 11 0E D3 B0 E0 BD 32 47 9E 4A DC 6E 21  .........2G.J.n!
00003D70:  19 76 12 A2 FA C1 7D DF FB 91 95 EE AE 9C 67 29  .v....}.......g)
00003D80:  99 49 D4 69 F1 01 3B 47 DE A0 67 C0 F0 2E 44 4D  .I.i..;G..g...DM
00003D90:  D6 E4 25 F1 60 3E B7 F0 5F FB F4 5E 43 52 CF 8D  ..%.`>.._..^CR..
00003DA0:  97 F3 36 2E E6 C7 5D D1 26 B4 B2 43 34 91 3B FB  ..6...].&..C4.;.
00003DB0:  B6 D7 8F 7D B3 71 56 1F 72 CC 8B 60 63 E2 AC 8F  ...}.qV.r..`c...
00003DC0:  67 6C 0D D9 D1 65 55 05 77 42 57 DB C4 AC B0 35  gl...eU.wBW....5
00003DD0:  12 E1 B1 00 BF 1B 00 00 00 00 00 00 00 00 00 00  ................
00003DE0:  00 00 00 00 00 00 00 00 00 00 00 00 00 00 00 00  ................ [zeros]
00003DF0:  00 00 00 00 00 00 00 00 00 00 00 00 00 00 00 00  ................ [zeros]
00003E00:  00 00 00 00 00 00 B4 15 4D 82 04 77 49 11 9F C1  ........M..wI...
00003E10:  57 30 E4 C9 DC B9 F4 5F BA C7 25 BE F8 2A C9 F5  W0....._..%..*..
00003E20:  46 58 16 81 26 82 00 00 00 00 00 00 00 00 00 00  FX..&...........
00003E30:  00 00 00 00 00 00 00 00 00 00 00 00 00 00 00 00  ................ [zeros]
00003E40:  00 00 00 00 00 00 00 00 00 00 00 00 00 00 00 00  ................ [zeros]
00003E50:  00 00 00 00 00 00 00 00 00 00 00 00 00 00 00 00  ................ [zeros]
00003E60:  00 00 00 00 00 00 00 00 00 00 00 00 00 00 00 00  ................ [zeros]
00003E70:  00 00 00 00 00 00 00 00 00 00 00 00 00 00 00 00  ................ [zeros]
00003E80:  00 00 00 00 00 00 00 00 00 00 00 00 00 00 00 00  ................ [zeros]
00003E90:  00 00 00 00 00 00 00 00 00 00 00 00 00 00 00 00  ................ [zeros]
00003EA0:  00 00 00 00 00 00 3B 74 3E 25 D0 E4 3E 46 6F 43  ......;t>%..>FoC
00003EB0:  C2 55 00 61 DA E7 0A 99 F8 1E B2 8C BF AD 28 E5  .U.a..........(.
00003EC0:  87 13 0B CF EA 01 98 3D A2 3E 03 63 A8 B7 FF D3  .......=.>.c....
00003ED0:  EA A5 DE 52 F1 B5 46 B6 71 1B 6A CA F3 3B 6E 71  ...R..F.q.j..;nq
00003EE0:  30 AC DB 6C 81 D0 8E 68 19 A2 44 5B 34 FC 51 B3  0..l...h..D[4.Q.
00003EF0:  44 54 25 81 DD 77 05 8B 26 AB 79 6B 45 D6 07 05  DT%..w..&.ykE...
00003F00:  06 36 B4 14 22 C9 00 00 00 00 00 00 00 00 00 00  .6.."...........
00003F10:  00 00 00 00 00 00 A3 C2 5D 27 AB CD 7F 90 EB C8  ........]'......
00003F20:  FE AD 27 21 0A 73 69 95 4B 07 86 5F 0B AC 32 E3  ..'!.si.K.._..2.
00003F30:  AF 0F 83 FC 24 B0 62 D0 D1 2D 75 B8 6E 92 CD 22  ....$.b..-u.n.."
00003F40:  23 DC CA 89 8C 43 37 41 03 4F 3F 3A 03 C1 12 19  #....C7A.O?:....
00003F50:  5E 13 CA 83 F4 FB C8 66 32 99 7C B1 53 FA 0C 83  ^......f2.|.S...
00003F60:  CF A5 5A 87 AB B5 D1 2D DE 00 A8 D4 37 40 50 67  ..Z....-....7@Pg
00003F70:  41 16 92 12 ED FD 3C 3B 8C 2C 79 50 73 8B EF 26  A.....<;.,yPs..&
00003F80:  9B 5B C0 90 B7 1C CE 3A DB 10 18 07 0E 8B E4 BC  .[.....:........
00003F90:  D5 7E 83 88 DF 1C 27 0A 8E 3B F5 B0 0A A5 26 40  .~....'..;....&@
00003FA0:  1A 81 58 9A DD 7B D8 50 A3 6E AE 8E B4 7E 0F 7A  ..X..{.P.n...~.z
00003FB0:  54 54 9A 44 E2 66 00 00 00 00 00 00 00 00 00 00  TT.D.f..........
00003FC0:  00 00 00 00 00 00 00 00 00 00 00 00 00 00 00 00  ................ [zeros]
00003FD0:  00 00 00 00 00 00 00 00 00 00 00 00 00 00 00 00  ................ [zeros]
00003FE0:  00 00 00 00 00 00 00 00 00 00 00 00 00 00 00 00  ................ [zeros]
00003FF0:  00 00 00 00 00 00 00 00 00 00 00 00 00 00 00 00  ................ [zeros]
00004000:  00 00 00 00 00 00 00 00 00 00 00 00 00 00 00 00  ................ [zeros]
00004010:  00 00 00 00 00 00 00 00 00 00 00 00 00 00 00 00  ................ [zeros]
00004020:  00 00 00 00 00 00 00 00 00 00 00 00 00 00 00 00  ................ [zeros]
00004030:  00 00 00 00 00 00 00 00 00 00 00 00 00 00 00 00  ................ [zeros]
00004040:  00 00 00 00 00 00 00 00 00 00 00 00 00 00 00 00  ................ [zeros]
00004050:  00 00 00 00 00 00 00 00 00 00 00 00 00 00 00 00  ................ [zeros]
00004060:  00 00 00 00 00 00 00 00 00 00 00 00 00 00 00 00  ................ [zeros]
00004070:  00 00 00 00 00 00 39 A5 A8 5D BA 44 04 D3 05 FE  ......9..].D....
00004080:  91 41 F2 94 70 38 A0 F6 AA DE 14 EB 77 2A EF A4  .A..p8......w*..
00004090:  10 6B 65 C4 B4 1B D4 2B D3 22 0C 4E 65 BA 67 24  .ke....+.".Ne.g$
000040A0:  96 23 D7 F4 41 85 93 6E D8 51 2B 07 D6 EE 88 55  .#..A..n.Q+....U
000040B0:  CE 8B F5 50 29 B2 00 00 00 00 00 00 00 00 00 00  ...P)...........
000040C0:  00 00 00 00 00 00 00 00 00 00 00 00 00 00 00 00  ................ [zeros]
000040D0:  00 00 00 00 00 00 00 00 00 00 00 00 00 00 00 00  ................ [zeros]
000040E0:  00 00 00 00 00 00 00 00 00 00 00 00 00 00 00 00  ................ [zeros]
000040F0:  00 00 00 00 00 00 00 00 00 00 00 00 00 00 00 00  ................ [zeros]
00004100:  00 00 00 00 00 00 00 00 00 00 00 00 00 00 00 00  ................ [zeros]
00004110:  00 00 00 00 00 00 00 00 00 00 00 00 00 00 00 00  ................ [zeros]
00004120:  00 00 00 00 00 00 00 00 00 00 00 00 00 00 00 00  ................ [zeros]
00004130:  00 00 00 00 00 00 00 00 00 00 00 00 00 00 00 00  ................ [zeros]
00004140:  00 00 00 00 00 00 00 00 00 00 00 00 00 00 00 00  ................ [zeros]
00004150:  00 00 00 00 00 00 00 00 00 00 00 00 00 00 00 00  ................ [zeros]
00004160:  00 00 00 00 00 00 00 00 00 00 00 00 00 00 00 00  ................ [zeros]
00004170:  00 00 00 00 00 00 00 00 00 00 00 00 00 00 00 00  ................ [zeros]
00004180:  00 00 00 00 00 00 00 00 00 00 00 00 00 00 00 00  ................ [zeros]
00004190:  00 00 00 00 00 00 00 00 00 00 00 00 00 00 00 00  ................ [zeros]
000041A0:  00 00 00 00 00 00 00 00 00 00 00 00 00 00 00 00  ................ [zeros]
000041B0:  00 00 00 00 00 00 00 00 00 00 00 00 00 00 00 00  ................ [zeros]
000041C0:  00 00 00 00 00 00 00 00 00 00 00 00 00 00 00 00  ................ [zeros]
000041D0:  00 00 00 00 00 00 00 00 00 00 00 00 00 00 00 00  ................ [zeros]
000041E0:  00 00 00 00 00 00 00 00 00 00 00 00 00 00 00 00  ................ [zeros]
000041F0:  00 00 00 00 00 00 00 00 00 00 00 00 00 00 00 00  ................ [zeros]
00004200:  00 00 00 00 00 00 00 00 00 00 00 00 00 00 00 00  ................ [zeros]
00004210:  00 00 00 00 00 00 A6 19 07 FA C4 16 5B FA 22 E4  ............[.".
00004220:  DA 73 68 F9 92 46 15 A4 26 34 B7 09 56 ED 6E 5B  .sh..F..&4..V.n[
00004230:  02 18 8E A4 F6 51 93 6E D8 51 2B 07 D6 EE 88 55  .....Q.n.Q+....U
00004240:  CE 8B F5 50 29 B2 00 00 00 00 00 00 00 00 00 00  ...P)...........
00004250:  00 00 00 00 00 00 00 00 00 00 00 00 00 00 00 00  ................ [zeros]
00004260:  00 00 00 00 00 00 00 00 00 00 00 00 00 00 00 00  ................ [zeros]
00004270:  00 00 00 00 00 00 00 00 00 00 00 00 00 00 00 00  ................ [zeros]
00004280:  00 00 00 00 00 00 00 00 00 00 00 00 00 00 00 00  ................ [zeros]
00004290:  00 00 00 00 00 00 00 00 00 00 00 00 00 00 00 00  ................ [zeros]
000042A0:  00 00 00 00 00 00 00 00 00 00 00 00 00 00 00 00  ................ [zeros]
000042B0:  00 00 00 00 00 00 00 00 00 00 00 00 00 00 00 00  ................ [zeros]
000042C0:  00 00 00 00 00 00 00 00 00 00 00 00 00 00 00 00  ................ [zeros]
000042D0:  00 00 00 00 00 00 00 00 00 00 00 00 00 00 00 00  ................ [zeros]
000042E0:  00 00 00 00 00 00 00 00 00 00 00 00 00 00 00 00  ................ [zeros]
000042F0:  00 00 00 00 00 00 00 00 00 00 00 00 00 00 00 00  ................ [zeros]
00004300:  00 00 00 00 00 00 00 00 00 00 00 00 00 00 00 00  ................ [zeros]
00004310:  00 00 00 00 00 00 00 00 00 00 00 00 00 00 00 00  ................ [zeros]
00004320:  00 00 00 00 00 00 00 00 00 00 00 00 00 00 00 00  ................ [zeros]
00004330:  00 00 00 00 00 00 00 00 00 00 00 00 00 00 00 00  ................ [zeros]
00004340:  00 00 00 00 00 00 AB C5 7C 5C 9E 8B 69 B3 AC 45  ........|\..i..E
00004350:  8A C9 E0 DF 92 BB B6 86 D8 AE DF 46 D3 B9 83 C1  ...........F....
00004360:  AB 7B 2D 09 1A FF 4D 5C C2 3A CE 61 0E 8A E3 18  .{-...M\.:.a....
00004370:  94 37 97 6D 5F 23 A4 95 79 03 09 FF D5 10 DB 2E  .7.m_#..y.......
00004380:  7F FC 13 04 61 E0 2C FF 0E 03 C5 6F E1 0A 6D CA  ....a.,....o..m.
00004390:  AD FE EE 0A 7D 77 64 49 9C A7 D7 57 C2 8C C5 EC  ....}wdI...W....
000043A0:  FF 34 3B BB 5C 6D 68 22 1F 0D 37 EB 95 8A AD E9  .4;.\mh"..7.....
000043B0:  04 2E D5 CA 63 E9 2D 26 3D 6C 90 A2 BA D2 20 02  ....c.-&=l.... .
000043C0:  AD 50 8B 2F 27 DD 3A 71 8F 48 57 01 8B 67 6F 2A  .P./'.:q.HW..go*
000043D0:  91 8A C8 46 62 48 A4 95 79 03 09 FF D5 10 DB 2E  ...FbH..y.......
000043E0:  7F FC 13 04 61 E0 14 16 7F 30 C9 7A C5 C0 DB 5E  ....a....0.z...^
000043F0:  92 29 C6 59 A8 D1 2E B6 93 81 2D E6 5B 45 09 C8  .).Y......-.[E..
00004400:  6E CE 9E FD DA FB DA 48 F0 5F 45 E4 E8 21 28 BE  n......H._E..!(.
00004410:  BF 83 15 90 19 B0 7D BA 45 B5 60 15 20 54 80 9B  ......}.E.`. T..
00004420:  58 A4 FC 40 29 56 00 00 00 00 00 00 00 00 00 00  X..@)V..........
00004430:  00 00 00 00 00 00 00 00 00 00 00 00 00 00 00 00  ................ [zeros]
00004440:  00 00 00 00 00 00 00 00 00 00 00 00 00 00 00 00  ................ [zeros]
00004450:  00 00 00 00 00 00 00 00 00 00 00 00 00 00 00 00  ................ [zeros]
00004460:  00 00 00 00 00 00 00 00 00 00 00 00 00 00 00 00  ................ [zeros]
00004470:  00 00 00 00 00 00 00 00 00 00 00 00 00 00 00 00  ................ [zeros]
00004480:  00 00 00 00 00 00 00 00 00 00 00 00 00 00 00 00  ................ [zeros]
00004490:  00 00 00 00 00 00 00 00 00 00 00 00 00 00 00 00  ................ [zeros]
000044A0:  00 00 00 00 00 00 00 00 00 00 00 00 00 00 00 00  ................ [zeros]
000044B0:  00 00 00 00 00 00 00 00 00 00 00 00 00 00 00 00  ................ [zeros]
000044C0:  00 00 00 00 00 00 00 00 00 00 00 00 00 00 00 00  ................ [zeros]
000044D0:  00 00 00 00 00 00 00 00 00 00 00 00 00 00 00 00  ................ [zeros]
000044E0:  00 00 00 00 00 00 00 00 00 00 00 00 00 00 00 00  ................ [zeros]
000044F0:  00 00 00 00 00 00 00 00 00 00 00 00 00 00 00 00  ................ [zeros]
00004500:  00 00 00 00 00 00 00 00 00 00 00 00 00 00 00 00  ................ [zeros]
00004510:  00 00 00 00 00 00 00 00 00 00 00 00 00 00 00 00  ................ [zeros]
00004520:  00 00 00 00 00 00 00 00 00 00 00 00 00 00 00 00  ................ [zeros]
00004530:  00 00 00 00 00 00 00 00 00 00 00 00 00 00 00 00  ................ [zeros]
00004540:  00 00 00 00 00 00 00 00 00 00 00 00 00 00 00 00  ................ [zeros]
00004550:  00 00 00 00 00 00 00 00 00 00 00 00 00 00 00 00  ................ [zeros]
00004560:  00 00 00 00 00 00 00 00 00 00 00 00 00 00 00 00  ................ [zeros]
00004570:  00 00 00 00 00 00 00 00 00 00 00 00 00 00 00 00  ................ [zeros]
00004580:  00 00 00 00 00 00 00 00 00 00 00 00 00 00 00 00  ................ [zeros]
00004590:  00 00 00 00 00 00 00 00 00 00 00 00 00 00 00 00  ................ [zeros]
000045A0:  00 00 00 00 00 00 00 00 00 00 00 00 00 00 00 00  ................ [zeros]
000045B0:  00 00 00 00 00 00 00 00 00 00 00 00 00 00 00 00  ................ [zeros]
000045C0:  00 00 00 00 00 00 00 00 00 00 00 00 00 00 00 00  ................ [zeros]
000045D0:  00 00 00 00 00 00 00 00 00 00 00 00 00 00 00 00  ................ [zeros]
000045E0:  00 00 00 00 00 00 00 00 00 00 00 00 00 00 00 00  ................ [zeros]
000045F0:  00 00 00 00 00 00 00 00 00 00 00 00 00 00 00 00  ................ [zeros]
00004600:  00 00 00 00 00 00 00 00 00 00 00 00 00 00 00 00  ................ [zeros]
00004610:  00 00 00 00 00 00 00 00 00 00 00 00 00 00 00 00  ................ [zeros]
00004620:  00 00 00 00 00 00 00 00 00 00 00 00 00 00 00 00  ................ [zeros]
00004630:  00 00 00 00 00 00 00 00 00 00 00 00 00 00 00 00  ................ [zeros]
00004640:  00 00 00 00 00 00 00 00 00 00 00 00 00 00 00 00  ................ [zeros]
00004650:  00 00 00 00 00 00 00 00 00 00 00 00 00 00 00 00  ................ [zeros]
00004660:  00 00 00 00 00 00 00 00 00 00 00 00 00 00 00 00  ................ [zeros]
00004670:  00 00 00 00 00 00 00 00 00 00 00 00 00 00 00 00  ................ [zeros]
00004680:  00 00 00 00 00 00 00 00 00 00 00 00 00 00 00 00  ................ [zeros]
00004690:  00 00 00 00 00 00 00 00 00 00 00 00 00 00 00 00  ................ [zeros]
000046A0:  00 00 00 00 00 00 00 00 00 00 00 00 00 00 00 00  ................ [zeros]
000046B0:  00 00 00 00 00 00 00 00 00 00 00 00 00 00 00 00  ................ [zeros]
000046C0:  00 00 00 00 00 00 00 00 00 00 00 00 00 00 00 00  ................ [zeros]
000046D0:  00 00 00 00 00 00 00 00 00 00 00 00 00 00 00 00  ................ [zeros]
000046E0:  00 00 00 00 00 00 00 00 00 00 00 00 00 00 00 00  ................ [zeros]
000046F0:  00 00 00 00 00 00 00 00 00 00 00 00 00 00 00 00  ................ [zeros]
00004700:  00 00 00 00 00 00 00 00 00 00 00 00 00 00 00 00  ................ [zeros]
00004710:  00 00 00 00 00 00 00 00 00 00 00 00 00 00 00 00  ................ [zeros]
00004720:  00 00 00 00 00 00 00 00 00 00 00 00 00 00 00 00  ................ [zeros]
00004730:  00 00 00 00 00 00 00 00 00 00 00 00 00 00 00 00  ................ [zeros]
00004740:  00 00 00 00 00 00 00 00 00 00 00 00 00 00 00 00  ................ [zeros]
00004750:  00 00 00 00 00 00 00 00 00 00 00 00 00 00 00 00  ................ [zeros]
00004760:  00 00 00 00 00 00 00 00 00 00 00 00 00 00 00 00  ................ [zeros]
00004770:  00 00 00 00 00 00 00 00 00 00 00 00 00 00 00 00  ................ [zeros]
00004780:  00 00 00 00 00 00 00 00 00 00 00 00 00 00 00 00  ................ [zeros]
00004790:  00 00 00 00 00 00 00 00 00 00 00 00 00 00 00 00  ................ [zeros]
000047A0:  00 00 00 00 00 00 00 00 00 00 00 00 00 00 00 00  ................ [zeros]
000047B0:  00 00 00 00 00 00 00 00 00 00 00 00 00 00 00 00  ................ [zeros]
000047C0:  00 00 00 00 00 00 00 00 00 00 00 00 00 00 00 00  ................ [zeros]
000047D0:  00 00 00 00 00 00 00 00 00 00 00 00 00 00 00 00  ................ [zeros]
000047E0:  00 00 00 00 00 00 00 00 00 00 00 00 00 00 00 00  ................ [zeros]
000047F0:  00 00 00 00 00 00 00 00 00 00 00 00 00 00 00 00  ................ [zeros]
00004800:  00 00 00 00 00 00 00 00 00 00 00 00 00 00 00 00  ................ [zeros]
00004810:  00 00 00 00 00 00 00 00 00 00 00 00 00 00 00 00  ................ [zeros]
00004820:  00 00 00 00 00 00 00 00 00 00 00 00 00 00 00 00  ................ [zeros]
00004830:  00 00 00 00 00 00 00 00 00 00 00 00 00 00 00 00  ................ [zeros]
00004840:  00 00 00 00 00 00 00 00 00 00 00 00 00 00 00 00  ................ [zeros]
00004850:  00 00 00 00 00 00 00 00 00 00 00 00 00 00 00 00  ................ [zeros]
00004860:  00 00 00 00 00 00 00 00 00 00 00 00 00 00 00 00  ................ [zeros]
00004870:  00 00 00 00 00 00 00 00 00 00 00 00 00 00 00 00  ................ [zeros]
00004880:  00 00 00 00 00 00 00 00 00 00 00 00 00 00 00 00  ................ [zeros]
00004890:  00 00 00 00 00 00 00 00 00 00 00 00 00 00 00 00  ................ [zeros]
000048A0:  00 00 00 00 00 00 00 00 00 00 00 00 00 00 00 00  ................ [zeros]
000048B0:  00 00 00 00 00 00 00 00 00 00 00 00 00 00 00 00  ................ [zeros]
000048C0:  00 00 00 00 00 00 00 00 00 00 00 00 00 00 00 00  ................ [zeros]
000048D0:  00 00 00 00 00 00 00 00 00 00 00 00 00 00 00 00  ................ [zeros]
000048E0:  00 00 00 00 00 00 00 00 00 00 00 00 00 00 00 00  ................ [zeros]
000048F0:  00 00 00 00 00 00 00 00 00 00 00 00 00 00 00 00  ................ [zeros]
00004900:  00 00 00 00 00 00 00 00 00 00 00 00 00 00 00 00  ................ [zeros]
00004910:  00 00 00 00 00 00 00 00 00 00 00 00 00 00 00 00  ................ [zeros]
00004920:  00 00 00 00 00 00 00 00 00 00 00 00 00 00 00 00  ................ [zeros]
00004930:  00 00 00 00 00 00 00 00 00 00 00 00 00 00 00 00  ................ [zeros]
00004940:  00 00 00 00 00 00 00 00 00 00 00 00 00 00 00 00  ................ [zeros]
00004950:  00 00 00 00 00 00 00 00 00 00 00 00 00 00 00 00  ................ [zeros]
00004960:  00 00 00 00 00 00 00 00 00 00 00 00 00 00 00 00  ................ [zeros]
00004970:  00 00 00 00 00 00 00 00 00 00 00 00 00 00 00 00  ................ [zeros]
00004980:  00 00 00 00 00 00 00 00 00 00 00 00 00 00 00 00  ................ [zeros]
00004990:  00 00 00 00 00 00 00 00 00 00 00 00 00 00 00 00  ................ [zeros]
000049A0:  00 00 00 00 00 00 00 00 00 00 00 00 00 00 00 00  ................ [zeros]
000049B0:  00 00 00 00 00 00 00 00 00 00 00 00 00 00 00 00  ................ [zeros]
000049C0:  00 00 00 00 00 00 00 00 00 00 00 00 00 00 00 00  ................ [zeros]
000049D0:  00 00 00 00 00 00 00 00 00 00 00 00 00 00 00 00  ................ [zeros]
000049E0:  00 00 00 00 00 00 00 00 00 00 00 00 00 00 00 00  ................ [zeros]
000049F0:  00 00 00 00 00 00 00 00 00 00 00 00 00 00 00 00  ................ [zeros]
00004A00:  00 00 00 00 00 00 00 00 00 00 00 00 00 00 00 00  ................ [zeros]
00004A10:  00 00 00 00 00 00 DC 1B 0F 8E 49 F7 37 54 D9 0D  ..........I.7T..
00004A20:  BD 6B E7 C8 2F AE 03 8F 8A C9 C4 89 A3 D8 D3 F3  .k../...........
00004A30:  A2 EF 5A F7 27 BB AD 87 93 BF 02 98 C2 E8 72 2B  ..Z.'.........r+
00004A40:  84 0F 5F DA 1B 99 DC D7 4E 25 AE B5 EA 67 F6 1D  .._.....N%...g..
00004A50:  B7 8A B9 F3 B0 91 DC D7 4E 25 AE B5 EA 67 F6 1D  ........N%...g..
00004A60:  B7 8A B9 F3 B0 91 DC D7 4E 25 AE B5 EA 67 F6 1D  ........N%...g..
00004A70:  B7 8A B9 F3 B0 91 DC D7 4E 25 AE B5 EA 67 F6 1D  ........N%...g..
00004A80:  B7 8A B9 F3 B0 91 DC D7 4E 25 AE B5 EA 67 F6 1D  ........N%...g..
00004A90:  B7 8A B9 F3 B0 91 DC D7 4E 25 AE B5 EA 67 F6 1D  ........N%...g..
00004AA0:  B7 8A B9 F3 B0 91 DC D7 4E 25 AE B5 EA 67 F6 1D  ........N%...g..
00004AB0:  B7 8A B9 F3 B0 91 DC D7 4E 25 AE B5 EA 67 F6 1D  ........N%...g..
00004AC0:  B7 8A B9 F3 B0 91 DC D7 4E 25 AE B5 EA 67 F6 1D  ........N%...g..
00004AD0:  B7 8A B9 F3 B0 91 DC D7 4E 25 AE B5 EA 67 F6 1D  ........N%...g..
00004AE0:  B7 8A B9 F3 B0 91 DC D7 4E 25 AE B5 EA 67 F6 1D  ........N%...g..
00004AF0:  B7 8A B9 F3 B0 91 DC D7 4E 25 AE B5 EA 67 F6 1D  ........N%...g..
00004B00:  B7 8A B9 F3 B0 91 DC D7 4E 25 AE B5 EA 67 F6 1D  ........N%...g..
00004B10:  B7 8A B9 F3 B0 91 DC D7 4E 25 AE B5 EA 67 F6 1D  ........N%...g..
00004B20:  B7 8A B9 F3 B0 91 37 2C 84 1D FE DF B2 7E 79 12  ......7,.....~y.
00004B30:  0D 1B E2 D7 74 4D 93 00 4A 60 18 4F F3 B8 25 B3  ....tM..J`.O..%.
00004B40:  F6 23 6C 43 E0 7B 00 00 00 00 00 00 00 00 00 00  .#lC.{..........
00004B50:  00 00 00 00 00 00 00 00 00 00 00 00 00 00 00 00  ................ [zeros]
00004B60:  00 00 00 00 00 00 00 00 00 00 00 00 00 00 00 00  ................ [zeros]
00004B70:  00 00 00 00 00 00 00 00 00 00 00 00 00 00 00 00  ................ [zeros]
00004B80:  00 00 00 00 00 00 00 00 00 00 00 00 00 00 00 00  ................ [zeros]
00004B90:  00 00 00 00 00 00 00 00 00 00 00 00 00 00 00 00  ................ [zeros]
00004BA0:  00 00 00 00 00 00 00 00 00 00 00 00 00 00 00 00  ................ [zeros]
00004BB0:  00 00 00 00 00 00 00 00 00 00 00 00 00 00 00 00  ................ [zeros]
00004BC0:  00 00 00 00 00 00 00 00 00 00 00 00 00 00 00 00  ................ [zeros]
00004BD0:  00 00 00 00 00 00 00 00 00 00 00 00 00 00 00 00  ................ [zeros]
00004BE0:  00 00 00 00 00 00 00 00 00 00 00 00 00 00 00 00  ................ [zeros]
00004BF0:  00 00 00 00 00 00 00 00 00 00 00 00 00 00 00 00  ................ [zeros]
00004C00:  00 00 00 00 00 00 00 00 00 00 00 00 00 00 00 00  ................ [zeros]
00004C10:  00 00 00 00 00 00 00 00 00 00 00 00 00 00 00 00  ................ [zeros]
00004C20:  00 00 00 00 00 00 00 00 00 00 00 00 00 00 00 00  ................ [zeros]
00004C30:  00 00 00 00 00 00 00 00 00 00 00 00 00 00 00 00  ................ [zeros]
00004C40:  00 00 00 00 00 00 B7 B6 9D 2C 81 5A 95 E2 A1 73  .........,.Z...s
00004C50:  90 4F 6E 26 F9 DC DC D7 4E 25 AE B5 EA 67 F6 1D  .On&....N%...g..
00004C60:  B7 8A B9 F3 B0 91 DC D7 4E 25 AE B5 EA 67 F6 1D  ........N%...g..
00004C70:  B7 8A B9 F3 B0 91 DC D7 4E 25 AE B5 EA 67 F6 1D  ........N%...g..
00004C80:  B7 8A B9 F3 B0 91 DC D7 4E 25 AE B5 EA 67 F6 1D  ........N%...g..
00004C90:  B7 8A B9 F3 B0 91 DC D7 4E 25 AE B5 EA 67 F6 1D  ........N%...g..
00004CA0:  B7 8A B9 F3 B0 91 DC D7 4E 25 AE B5 EA 67 F6 1D  ........N%...g..
00004CB0:  B7 8A B9 F3 B0 91 DC D7 4E 25 AE B5 EA 67 F6 1D  ........N%...g..
00004CC0:  B7 8A B9 F3 B0 91 DC D7 4E 25 AE B5 EA 67 F6 1D  ........N%...g..
00004CD0:  B7 8A B9 F3 B0 91 DC D7 4E 25 AE B5 EA 67 F6 1D  ........N%...g..
00004CE0:  B7 8A B9 F3 B0 91 DC D7 4E 25 AE B5 EA 67 F6 1D  ........N%...g..
00004CF0:  B7 8A B9 F3 B0 91 DC D7 4E 25 AE B5 EA 67 F6 1D  ........N%...g..
00004D00:  B7 8A B9 F3 B0 91 DC D7 4E 25 AE B5 EA 67 F6 1D  ........N%...g..
00004D10:  B7 8A B9 F3 B0 91 DC D7 4E 25 AE B5 EA 67 F6 1D  ........N%...g..
00004D20:  B7 8A B9 F3 B0 91 DC D7 4E 25 AE B5 EA 67 F6 1D  ........N%...g..
00004D30:  B7 8A B9 F3 B0 91 DC D7 4E 25 AE B5 EA 67 F6 1D  ........N%...g..
00004D40:  B7 8A B9 F3 B0 91 0E 4E 4D 4A 12 2E 78 78 5E 99  .......NMJ..xx^.
00004D50:  39 FD 61 29 21 73 DC D7 4E 25 AE B5 EA 67 F6 1D  9.a)!s..N%...g..
00004D60:  B7 8A B9 F3 B0 91 DC D7 4E 25 AE B5 EA 67 F6 1D  ........N%...g..
00004D70:  B7 8A B9 F3 B0 91 DC D7 4E 25 AE B5 EA 67 F6 1D  ........N%...g..
00004D80:  B7 8A B9 F3 B0 91 DC D7 4E 25 AE B5 EA 67 F6 1D  ........N%...g..
00004D90:  B7 8A B9 F3 B0 91 DC D7 4E 25 AE B5 EA 67 F6 1D  ........N%...g..
00004DA0:  B7 8A B9 F3 B0 91 DC D7 4E 25 AE B5 EA 67 F6 1D  ........N%...g..
00004DB0:  B7 8A B9 F3 B0 91 DC D7 4E 25 AE B5 EA 67 F6 1D  ........N%...g..
00004DC0:  B7 8A B9 F3 B0 91 DC D7 4E 25 AE B5 EA 67 F6 1D  ........N%...g..
00004DD0:  B7 8A B9 F3 B0 91 DC D7 4E 25 AE B5 EA 67 F6 1D  ........N%...g..
00004DE0:  B7 8A B9 F3 B0 91 DC D7 4E 25 AE B5 EA 67 F6 1D  ........N%...g..
00004DF0:  B7 8A B9 F3 B0 91 DC D7 4E 25 AE B5 EA 67 F6 1D  ........N%...g..
00004E00:  B7 8A B9 F3 B0 91 DC D7 4E 25 AE B5 EA 67 F6 1D  ........N%...g..
00004E10:  B7 8A B9 F3 B0 91 DC D7 4E 25 AE B5 EA 67 F6 1D  ........N%...g..
00004E20:  B7 8A B9 F3 B0 91 DC D7 4E 25 AE B5 EA 67 F6 1D  ........N%...g..
00004E30:  B7 8A B9 F3 B0 91 DC D7 4E 25 AE B5 EA 67 F6 1D  ........N%...g..
00004E40:  B7 8A B9 F3 B0 91 F9 BC F9 F7 5E DE 94 B0 69 0F  ..........^...i.
00004E50:  E5 1E 51 EC 0C 60 00 00 00 00 00 00 00 00 00 00  ..Q..`..........
00004E60:  00 00 00 00 00 00 00 00 00 00 00 00 00 00 00 00  ................ [zeros]
00004E70:  00 00 00 00 00 00 00 00 00 00 00 00 00 00 00 00  ................ [zeros]
00004E80:  00 00 00 00 00 00 00 00 00 00 00 00 00 00 00 00  ................ [zeros]
00004E90:  00 00 00 00 00 00 F2 26 C0 B3 86 CF A8 F6 9C CE  .......&........
00004EA0:  54 37 7C 17 13 87 1B EB FD D6 81 FF CF 59 77 D0  T7|..........Yw.
00004EB0:  1E B3 A5 0F 2B 1D 87 72 6A 0F AB 86 67 31 00 64  ....+..rj...g1.d
00004EC0:  1F B0 26 27 FA C9 2E D4 89 D7 D8 2F 44 DE 86 C2  ..&'......./D...
00004ED0:  3B 2A FE 8C C0 55 09 B7 03 3A 7A AF 7B 56 D6 11  ;*...U...:z.{V..
00004EE0:  00 34 F3 48 18 D9 10 50 8A DD 12 85 86 22 EB 6E  .4.H...P.....".n
00004EF0:  51 D8 11 D4 6A 9D 47 9B ED F1 D2 54 56 DD E7 56  Q...j.G....TV..V
00004F00:  17 82 2B 0D C0 08 1C 9D 1F 97 D4 2B 34 96 EB F5  ..+........+4...
00004F10:  E8 58 99 18 71 2D D5 18 22 A1 FE 47 04 9E 6E 0D  .X..q-.."..G..n.
00004F20:  5F EF 98 BA 8B E6 00 00 00 00 00 00 00 00 00 00  _...............
00004F30:  00 00 00 00 00 00 00 00 00 00 00 00 00 00 00 00  ................ [zeros]
00004F40:  00 00 00 00 00 00 00 00 00 00 00 00 00 00 00 00  ................ [zeros]
00004F50:  00 00 00 00 00 00 00 00 00 00 00 00 00 00 00 00  ................ [zeros]
00004F60:  00 00 00 00 00 00 00 00 00 00 00 00 00 00 00 00  ................ [zeros]
00004F70:  00 00 00 00 00 00 00 00 00 00 00 00 00 00 00 00  ................ [zeros]
00004F80:  00 00 00 00 00 00 00 00 00 00 00 00 00 00 00 00  ................ [zeros]
00004F90:  00 00 00 00 00 00 00 00 00 00 00 00 00 00 00 00  ................ [zeros]
00004FA0:  00 00 00 00 00 00 00 00 00 00 00 00 00 00 00 00  ................ [zeros]
00004FB0:  00 00 00 00 00 00 00 00 00 00 00 00 00 00 00 00  ................ [zeros]
00004FC0:  00 00 00 00 00 00 00 00 00 00 00 00 00 00 00 00  ................ [zeros]
00004FD0:  00 00 00 00 00 00 00 00 00 00 00 00 00 00 00 00  ................ [zeros]
00004FE0:  00 00 00 00 00 00 64 49 9C A7 D7 57 C2 8C C5 EC  ......dI...W....
00004FF0:  FF 34 3B BB 5C 6D 60 44 ED FD 18 61 4A 46 B1 23  .4;.\m`D...aJF.#
00005000:  6A 48 7B 78 DF EE 83 E4 5A C6 2A 52 33 6E 89 3D  jH{x....Z.*R3n.=
00005010:  F5 D9 2D CA 61 02 C6 FB B1 C1 00 B5 74 2F BF FE  ..-.a.......t/..
00005020:  7F 91 48 91 5C 09 89 66 DE 28 86 C3 F5 72 48 A8  ..H.\..f.(...rH.
00005030:  21 B2 6C FD 29 E1 36 49 8A 98 05 F7 D9 47 FA 97  !.l.).6I.....G..
00005040:  C1 CE F4 2D E7 E3 EB 2C A5 96 5D DD AF F5 97 25  ...-...,..]....%
00005050:  7E B4 A7 BE 6E 6C 93 6D 77 D1 02 58 50 F2 FC 3B  ~...nl.mw..XP..;
00005060:  86 B7 FA 7D 9B 9A 4B AE B7 6E 4E 0E 5F 9A 22 18  ...}..K..nN._.".
00005070:  3D 2B AA F1 F5 FB 00 00 00 00 00 00 00 00 00 00  =+..............
00005080:  00 00 00 00 00 00 00 00 00 00 00 00 00 00 00 00  ................ [zeros]
00005090:  00 00 00 00 00 00 EC 80 9B EF CB 58 E9 45 1F D6  ...........X.E..
000050A0:  A8 74 49 69 F3 B7 09 E1 D7 BD 59 44 56 18 8D 21  .tIi......YDV..!
000050B0:  2D D6 15 AF 65 66 A7 BF 5D B4 D3 9B 06 C5 19 A0  -...ef..].......
000050C0:  17 60 4A 86 8B DE 99 A5 2D C2 EE FD 13 6D 22 2B  .`J.....-....m"+
000050D0:  3D 5C B8 6E BC EC B1 8E 43 C7 25 A4 FC 20 24 FA  =\.n....C.%.. $.
000050E0:  8C B8 F1 99 66 F0 F5 40 F9 05 9C D9 60 85 08 7F  ....f..@....`...
000050F0:  C7 42 5E 5F CC 93 00 00 00 00 00 00 00 00 00 00  .B^_............
00005100:  00 00 00 00 00 00 83 45 58 E8 CD 40 67 D5 49 18  .......EX..@g.I.
00005110:  9A E1 A4 70 C3 C4 EC 5D C6 8B 7A BB 56 7B BF 6A  ...p...]..z.V{.j
00005120:  C1 D7 47 6F CF FD 2C 79 E1 EE 9F 35 72 17 51 F3  ..Go..,y...5r.Q.
00005130:  11 6D F3 08 F0 C7 4B 34 43 25 6C 8A C1 5F 2B 47  .m....K4C%l.._+G
00005140:  00 36 5A 85 90 7B A7 BF 5D B4 D3 9B 06 C5 19 A0  .6Z..{..].......
00005150:  17 60 4A 86 8B DE 00 00 00 00 00 00 00 00 00 00  .`J.............
00005160:  00 00 00 00 00 00 00 00 00 00 00 00 00 00 00 00  ................ [zeros]
00005170:  00 00 00 00 00 00 00 00 00 00 00 00 00 00 00 00  ................ [zeros]
00005180:  00 00 00 00 00 00 00 00 00 00 00 00 00 00 00 00  ................ [zeros]
00005190:  00 00 00 00 00 00 00 00 00 00 00 00 00 00 00 00  ................ [zeros]
000051A0:  00 00 00 00 00 00 00 00 00 00 00 00 00 00 00 00  ................ [zeros]
000051B0:  00 00 00 00 00 00 00 00 00 00 00 00 00 00 00 00  ................ [zeros]
000051C0:  00 00 00 00 00 00 00 00 00 00 00 00 00 00 00 00  ................ [zeros]
000051D0:  00 00 00 00 00 00 00 00 00 00 00 00 00 00 00 00  ................ [zeros]
000051E0:  00 00 00 00 00 00 00 00 00 00 00 00 00 00 00 00  ................ [zeros]
000051F0:  00 00 00 00 00 00 00 00 00 00 00 00 00 00 00 00  ................ [zeros]
00005200:  00 00 00 00 00 00 00 00 00 00 00 00 00 00 00 00  ................ [zeros]
00005210:  00 00 00 00 00 00 00 00 00 00 00 00 00 00 00 00  ................ [zeros]
00005220:  00 00 00 00 00 00 A0 71 20 C6 B7 30 42 3C FB 9B  .......q ..0B<..
00005230:  0E 67 AD AF 9C 37 41 D8 C2 AE F0 DB 8C 7F A8 FD  .g...7A.........
00005240:  0F 2B DA 00 46 80 5C 89 1D C5 C9 89 6A 85 4C FE  .+..F.\.....j.L.
00005250:  54 D7 87 D8 DF F5 92 DA 51 5D 57 AA E8 FD D1 26  T.......Q]W....&
00005260:  84 56 25 74 CA DF 41 D8 C2 AE F0 DB 8C 7F A8 FD  .V%t..A.........
00005270:  0F 2B DA 00 46 80 5C 89 1D C5 C9 89 6A 85 4C FE  .+..F.\.....j.L.
00005280:  54 D7 87 D8 DF F5 92 DA 51 5D 57 AA E8 FD D1 26  T.......Q]W....&
00005290:  84 56 25 74 CA DF 1D 38 D1 FC 09 6A BE 07 1D 97  .V%t...8...j....
000052A0:  96 E1 E5 A9 98 4F FB 74 DE 46 62 6D 49 94 AE 67  .....O.t.FbmI..g
000052B0:  36 44 2C 36 FB 5A 04 17 61 87 3D E8 B7 AF 34 BC  6D,6.Z..a.=...4.
000052C0:  BF 4A DB 61 A3 28 96 A4 12 8A 7D C5 07 45 B2 05  .J.a.(....}..E..
000052D0:  60 BB 04 62 98 09 4B 39 D6 52 3E 72 55 51 CE 7E  `..b..K9.R>rUQ.~
000052E0:  91 42 40 B6 42 4E 1B 8E 97 E5 BC 68 7D B0 E3 4F  .B@.BN.....h}..O
000052F0:  D8 A2 47 9C ED A7 78 51 14 23 AA 73 86 8E 20 97  ..G...xQ.#.s.. .
00005300:  20 52 09 30 82 76 B8 D4 8B 7F B4 47 D3 48 8F 11   R.0.v.....G.H..
00005310:  68 CA 90 05 B6 88 06 50 18 8A 2A DD 96 04 27 8B  h......P..*...'.
00005320:  27 64 4B 78 98 D5 B5 BA D1 7A 35 2A 1D 5E 88 EC  'dKx.....z5*.^..
00005330:  3B AA 86 6E 07 3F 13 2D 99 D9 0E E0 D9 56 8B 18  ;..n.?.-.....V..
00005340:  3A 2C 4C 8D 95 DD 4D 85 41 DF C5 A4 CA D5 99 CD  :,L...M.A.......
00005350:  72 00 83 55 DC C7 3B E3 E5 96 88 3D 66 39 5D 5A  r..U..;....=f9]Z
00005360:  86 D9 E6 08 78 3D 26 48 A7 03 DB 8E 3B 9A 43 90  ....x=&H....;.C.
00005370:  D7 44 D8 11 FA 29 58 49 21 FD 41 D4 47 0E 58 3E  .D...)XI!.A.G.X>
00005380:  29 3E C5 68 6C AA FC D0 25 1B E4 8F 10 22 13 C2  )>.hl...%...."..
00005390:  9E 43 5C 0E 27 58 82 B3 5F E2 98 2D 4F CF 62 0D  .C\.'X.._..-O.b.
000053A0:  AF DE 6C FD 40 15 4B 34 43 25 6C 8A C1 5F 2B 47  ..l.@.K4C%l.._+G
000053B0:  00 36 5A 85 90 7B 00 00 00 00 00 00 00 00 00 00  .6Z..{..........
000053C0:  00 00 00 00 00 00 83 45 58 E8 CD 40 67 D5 49 18  .......EX..@g.I.
000053D0:  9A E1 A4 70 C3 C4 99 A5 2D C2 EE FD 13 6D 22 2B  ...p....-....m"+
000053E0:  3D 5C B8 6E BC EC 00 00 00 00 00 00 00 00 00 00  =\.n............
000053F0:  00 00 00 00 00 00 2C 79 E1 EE 9F 35 72 17 51 F3  ......,y...5r.Q.
00005400:  11 6D F3 08 F0 C7 F5 40 F9 05 9C D9 60 85 08 7F  .m.....@....`...
00005410:  C7 42 5E 5F CC 93 00 00 00 00 00 00 00 00 00 00  .B^_............
00005420:  00 00 00 00 00 00 A7 BF 5D B4 D3 9B 06 C5 19 A0  ........].......
00005430:  17 60 4A 86 8B DE 00 00 00 00 00 00 00 00 00 00  .`J.............
00005440:  00 00 00 00 00 00 EC 5D C6 8B 7A BB 56 7B BF 6A  .......]..z.V{.j
00005450:  C1 D7 47 6F CF FD B1 8E 43 C7 25 A4 FC 20 24 FA  ..Go....C.%.. $.
00005460:  8C B8 F1 99 66 F0 00 00 00 00 00 00 00 00 00 00  ....f...........
00005470:  00 00 00 00 00 00 4B 34 43 25 6C 8A C1 5F 2B 47  ......K4C%l.._+G
00005480:  00 36 5A 85 90 7B 00 00 00 00 00 00 00 00 00 00  .6Z..{..........
00005490:  00 00 00 00 00 00 83 45 58 E8 CD 40 67 D5 49 18  .......EX..@g.I.
000054A0:  9A E1 A4 70 C3 C4 00 00 00 00 00 00 00 00 00 00  ...p............
000054B0:  00 00 00 00 00 00 00 00 00 00 00 00 00 00 00 00  ................ [zeros]
000054C0:  00 00 00 00 00 00 00 00 00 00 00 00 00 00 00 00  ................ [zeros]
000054D0:  00 00 00 00 00 00 00 00 00 00 00 00 00 00 00 00  ................ [zeros]
000054E0:  00 00 00 00 00 00 00 00 00 00 00 00 00 00 00 00  ................ [zeros]
000054F0:  00 00 00 00 00 00 10 2C FF 7A FD 4D FD 25 0A 70  .......,.z.M.%.p
00005500:  73 89 85 58 31 A0 B7 8D 35 A0 C9 20 75 D3 C0 34  s..X1...5.. u..4
00005510:  F7 E2 19 A0 69 27 2A 81 8D 53 3F 8C 2C 97 FD 48  ....i'*..S?.,..H
00005520:  C5 19 E2 B9 4F FD B7 8D 35 A0 C9 20 75 D3 C0 34  ....O...5.. u..4
00005530:  F7 E2 19 A0 69 27 DB 65 77 2D 86 B4 8E 82 2A D0  ....i'.ew-....*.
00005540:  53 0D 18 54 A4 E9 BE 76 A1 13 3D E8 FE 30 EE 28  S..T...v..=..0.(
00005550:  BD 0B 7F FB CB A1 F8 C2 D5 F8 36 47 88 1F F6 BE  ..........6G....
00005560:  CB 0D 98 87 9E CB E3 5A 24 3A AB D2 84 79 8E 0E  .......Z$:...y..
00005570:  94 1D 21 A7 A0 82 FD 4B 9A 4E 75 60 51 41 AF 41  ..!....K.Nu`QA.A
00005580:  89 11 F7 B4 C2 43 96 55 14 44 19 9A 93 87 1D E7  .....C.U.D......
00005590:  16 D9 43 90 2E DF 00 00 00 00 00 00 00 00 00 00  ..C.............
000055A0:  00 00 00 00 00 00 E2 64 59 C3 EC EE 16 2E 78 B8  .......dY.....x.
000055B0:  E8 86 8B 76 D9 B5 EF D2 FD 6A 92 49 07 DA A1 11  ...v.....j.I....
000055C0:  F9 73 4C 60 B8 0C 6E FB 49 B9 BC 4E 1B C3 6B E0  .sL`..n.I..N..k.
000055D0:  F0 77 2B 55 7F CD C6 AD 56 AC E3 91 71 27 FA 42  .w+U....V...q'.B
000055E0:  AB D8 E3 32 73 66 44 C6 CD F0 40 1F 46 98 EC 94  ...2sfD...@.F...
000055F0:  D5 C1 AB B7 64 28 D4 B6 81 55 82 F9 F5 78 B8 A1  ....d(...U...x..
00005600:  4A F3 04 5D 68 10 2D F4 69 90 54 8B 38 17 BA 4F  J..]h.-.i.T.8..O
00005610:  77 29 F6 7E 28 F2 62 17 44 42 41 36 02 4E F1 84  w).~(.b.DBA6.N..
00005620:  E2 B1 B4 1F EF 15 54 DA C8 30 68 ED 06 1B F2 E9  ......T..0h.....
00005630:  42 89 D2 23 EB 59 E5 6B 77 AD 36 DB 01 7A 3A 0E  B..#.Y.kw.6..z:.
00005640:  9C FC E4 95 64 4D D5 45 6E 53 20 FD CA 4F 13 C2  ....dM.EnS ..O..
00005650:  F2 35 3D B3 5A D2 00 00 00 00 00 00 00 00 00 00  .5=.Z...........
00005660:  00 00 00 00 00 00 00 00 00 00 00 00 00 00 00 00  ................ [zeros]
00005670:  00 00 00 00 00 00 00 00 00 00 00 00 00 00 00 00  ................ [zeros]
00005680:  00 00 00 00 00 00 00 00 00 00 00 00 00 00 00 00  ................ [zeros]
00005690:  00 00 00 00 00 00 DA 78 FF F7 9D E6 99 CB 5D 86  .......x......].
000056A0:  65 E0 58 36 CF C2 AD 95 65 67 F4 6F A5 40 93 CE  e.X6....eg.o.@..
000056B0:  06 14 B6 53 00 4C 12 EC BE 97 D5 76 29 A8 6B B6  ...S.L.....v).k.
000056C0:  27 57 66 D4 8F 48 97 84 97 93 51 CA CC E4 21 EC  'Wf..H....Q...!.
000056D0:  DB 1B 4A BB 19 9F 1F D1 48 35 66 AA A7 F3 89 30  ..J.....H5f....0
000056E0:  57 2D 42 FC 24 CA 4D 4C 1D F9 85 E9 9D 7A DE 76  W-B.$.ML.....z.v
000056F0:  04 7A 63 13 ED 0A 91 12 CC A8 9B D6 10 1A F8 82  .zc.............
00005700:  7D 26 D0 D1 10 03 CA 85 2A 1C 1C E9 18 53 81 C0  }&......*....S..
00005710:  D3 24 99 11 44 44 7D 13 FA 0A 37 7A 63 7D 02 51  .$..DD}...7zc}.Q
00005720:  90 A9 FE 22 85 2A DD 44 EC 77 F5 CB A1 99 F7 26  ...".*.D.w.....&
00005730:  74 69 2A CB D9 D0 B9 68 1B 57 1B E2 A8 6F 9B EA  ti*....h.W...o..
00005740:  04 04 40 DC C0 5C 8A DF 4E 7A BC D4 A4 7D 0C 1F  ..@..\..Nz...}..
00005750:  1F 17 44 6A 1D 36 CF D2 CF 8A 18 67 19 B8 B1 29  ..Dj.6.....g...)
00005760:  5F C5 22 B3 24 E0 03 DD AE 46 47 93 B4 6C 5A 25  _.".$....FG..lZ%
00005770:  12 C8 9C 64 F7 8D 94 5B 4E D9 E6 B6 E2 AD 54 C4  ...d...[N.....T.
00005780:  53 7F 31 A0 18 A7 A9 EC 98 FF 5C 05 D2 83 8C 28  S.1.......\....(
00005790:  A5 8D CB CF 37 54 28 EA 01 0B B2 78 39 A5 08 E2  ....7T(....x9...
000057A0:  9E E2 C3 B7 D7 43 76 6F 4C 6D DA EA CB 00 2C 39  .....CvoLm....,9
000057B0:  DA AE 12 80 87 82 7F 55 1C 05 15 B6 B9 5A E9 9E  .......U.....Z..
000057C0:  C2 8D 68 F5 04 C6 F3 01 13 28 B8 1D F4 40 5F E3  ..h......(...@_.
000057D0:  79 AF 0C 8C D5 E0 AD 11 10 AA 2D 0B AF 7B 37 D7  y.........-..{7.
000057E0:  0E B0 CC D4 06 38 AB 14 59 C2 5A 46 71 18 E4 5B  .....8..Y.ZFq..[
000057F0:  53 9C B1 00 00 68 91 07 66 4A 9F 58 54 B6 0C 4B  S....h..fJ.XT..K
00005800:  22 7A 79 4C AD 49 AD 12 A3 EB 20 6A 00 69 BC 61  "zyL.I.... j.i.a
00005810:  61 12 80 1A 87 00 FB 06 FA CE 97 C1 11 08 01 FC  a...............
00005820:  FF D4 25 3D 5D 85 75 0D DB D4 E1 2A D1 13 61 48  ..%=].u....*..aH
00005830:  EB B4 13 95 17 69 D4 76 0E 5C A9 14 5D 9A 38 91  .....i.v.\..].8.
00005840:  1F 46 84 89 C0 32 3B 74 3E 25 D0 E4 3E 46 6F 43  .F...2;t>%..>FoC
00005850:  C2 55 00 61 DA E7 D8 9D 57 D6 5D 40 1F 72 79 8A  .U.a....W.]@.ry.
00005860:  96 A0 F1 3C 9F FB DD BC 30 45 E6 BB 6E F1 00 C1  ...<....0E..n...
00005870:  79 6B 17 BE 49 80 39 4A 96 EC 07 A5 FE BC A0 E4  yk..I.9J........
00005880:  67 88 1A B2 56 28 0B AB C8 5B CA E8 1B 6B 1E D6  g...V(...[...k..
00005890:  FA 59 A6 AD AB E8 64 9D A2 18 53 F8 35 6C 6C 0F  .Y....d...S.5ll.
000058A0:  04 52 4B E2 0E 46 94 8A 04 C0 F1 6D E6 BC EF E2  .RK..F.....m....
000058B0:  34 64 00 AF 81 A8 DB E2 F6 C4 83 83 6C 1B BA 60  4d..........l..`
000058C0:  64 B0 C5 1D EF 2C BC 35 C3 02 4C D8 E8 47 4F F4  d....,.5..L..GO.
000058D0:  94 B3 3C D1 22 1E FB 5B 14 6F E3 0B 77 51 E5 99  ..<."..[.o..wQ..
000058E0:  6D FA 9E 08 52 24 35 EF 34 9C A0 E3 2F C8 92 12  m...R$5.4.../...
000058F0:  40 06 AE DE CF 45 E6 80 C5 41 47 2A 91 E5 DD 7D  @....E...AG*...}
00005900:  9A 22 CE 24 11 DB 00 00 00 00 00 00 00 00 00 00  .".$............
00005910:  00 00 00 00 00 00 00 00 00 00 00 00 00 00 00 00  ................ [zeros]
00005920:  00 00 00 00 00 00 00 00 00 00 00 00 00 00 00 00  ................ [zeros]
00005930:  00 00 00 00 00 00 00 00 00 00 00 00 00 00 00 00  ................ [zeros]
00005940:  00 00 00 00 00 00 00 00 00 00 00 00 00 00 00 00  ................ [zeros]
00005950:  00 00 00 00 00 00 00 00 00 00 00 00 00 00 00 00  ................ [zeros]
00005960:  00 00 00 00 00 00 00 00 00 00 00 00 00 00 00 00  ................ [zeros]
00005970:  00 00 00 00 00 00 54 11 43 76 41 9B 8B 3B EB 74  ......T.CvA..;.t
00005980:  55 D6 B9 BE B4 36 88 2E FD 46 D8 97 2A 24 25 A8  U....6...F..*$%.
00005990:  EE 1F 3A 17 30 34 2B C1 E6 9D B8 9D D8 B9 78 FA  ..:.04+.......x.
000059A0:  65 F1 20 F6 ED 25 B0 25 F1 1B D7 7D 96 AA 6F 9D  e. ..%.%...}..o.
000059B0:  E5 B0 3B 17 9D 0E A5 0B 9E 00 98 60 66 12 B4 9C  ..;........`f...
000059C0:  2D 7C B3 69 23 E5 84 7B 59 5F A4 3B 94 B2 DE BF  -|.i#..{Y_.;....
000059D0:  2D 22 C1 FC BB 86 BB FF 4B 73 47 11 AD BE 72 FE  -"......KsG...r.
000059E0:  DE A2 6C 66 9E 21 4E 69 36 8B CA C6 BD 9C 71 8B  ..lf.!Ni6.....q.
000059F0:  11 06 D6 CA 6E 75 46 7B 61 26 00 77 55 7E BF C8  ....nuF{a&.wU~..
00005A00:  E9 25 4E BF D7 44 3C CF FD A6 D2 32 3F FA A7 1C  .%N..D<....2?...
00005A10:  90 B7 2A AF AC 07 98 01 7D 34 06 8D D2 41 8E E7  ..*.....}4...A..
00005A20:  04 B8 CD E7 90 B0 00 00 00 00 00 00 00 00 00 00  ................
00005A30:  00 00 00 00 00 00 24 1D 94 64 31 7F 2E 28 57 7C  ......$..d1..(W|
00005A40:  5C AE 8C 91 A6 D9 D7 92 C3 CE 39 EA 95 E5 44 6A  \.........9...Dj
00005A50:  02 08 BA 11 D7 D3 00 00 00 00 00 00 00 00 00 00  ................
00005A60:  00 00 00 00 00 00 00 00 00 00 00 00 00 00 00 00  ................ [zeros]
00005A70:  00 00 00 00 00 00 00 00 00 00 00 00 00 00 00 00  ................ [zeros]
00005A80:  00 00 00 00 00 00 00 00 00 00 00 00 00 00 00 00  ................ [zeros]
00005A90:  00 00 00 00 00 00 00 00 00 00 00 00 00 00 00 00  ................ [zeros]
00005AA0:  00 00 00 00 00 00 00 00 00 00 00 00 00 00 00 00  ................ [zeros]
00005AB0:  00 00 00 00 00 00 00 00 00 00 00 00 00 00 00 00  ................ [zeros]
00005AC0:  00 00 00 00 00 00 00 00 00 00 00 00 00 00 00 00  ................ [zeros]
00005AD0:  00 00 00 00 00 00 00 00 00 00 00 00 00 00 00 00  ................ [zeros]
00005AE0:  00 00 00 00 00 00 00 00 00 00 00 00 00 00 00 00  ................ [zeros]
00005AF0:  00 00 00 00 00 00 00 00 00 00 00 00 00 00 00 00  ................ [zeros]
00005B00:  00 00 00 00 00 00 00 00 00 00 00 00 00 00 00 00  ................ [zeros]
00005B10:  00 00 00 00 00 00 00 00 00 00 00 00 00 00 00 00  ................ [zeros]
00005B20:  00 00 00 00 00 00 00 00 00 00 00 00 00 00 00 00  ................ [zeros]
00005B30:  00 00 00 00 00 00 8A C2 54 25 77 4C 9D AE 32 A3  ........T%wL..2.
00005B40:  1E FC 98 9E 3B DC 00 00 00 00 00 00 00 00 00 00  ....;...........
00005B50:  00 00 00 00 00 00 8A 52 B4 E8 9D 16 E0 98 3D CD  .......R......=.
00005B60:  C0 75 82 E2 3D C9 DA B1 C9 3D 52 86 1E 24 10 E3  .u..=....=R..$..
00005B70:  B7 FB 6A 92 42 59 CF 37 81 85 D4 08 2C 86 61 25  ..j.BY.7....,.a%
00005B80:  96 0F 21 81 A0 67 5A 7F 6E 47 F2 F2 AA ED 44 F6  ..!..gZ.nG....D.
00005B90:  29 21 41 B2 0B 6E AA C1 A1 CC 80 E1 3D 48 87 71  )!A..n......=H.q
00005BA0:  7A F4 1F 5D 90 88 7D 91 59 01 97 53 FA 60 12 6B  z..]..}.Y..S.`.k
00005BB0:  C7 9F 3A 8A 42 30 43 33 1B 13 32 F1 F1 2A 72 72  ..:.B0C3..2..*rr
00005BC0:  94 FD 99 70 59 E7 A1 EC FF 4E 6C 47 C2 4E 39 30  ...pY....NlG.N90
00005BD0:  2B 27 EE 39 B5 81 28 2C 83 03 42 65 2F 15 5C 01  +'.9..(,..Be/.\.
00005BE0:  69 32 7D 55 8D 90 D8 1A 88 27 20 C7 5E C2 45 82  i2}U.....' .^.E.
00005BF0:  95 E4 74 40 08 CE FA B9 EF 1A 89 1D AD 8F 9D 8E  ..t@............
00005C00:  29 1B BA DD 68 7E 14 E4 61 06 80 7B F8 4C AC B0  )...h~..a..{.L..
00005C10:  5B 4C F5 EB AC B0 E3 05 E1 17 E4 FB C3 6E FA 53  [L...........n.S
00005C20:  FA 21 EB 97 C5 C6 61 EB B9 7D F2 A9 9C F0 FF 22  .!....a..}....."
00005C30:  95 08 DA C9 BC 13 1B 61 F5 5D 7F 8B 46 D5 79 F7  .......a.]..F.y.
00005C40:  74 67 F7 C4 BF B6 98 C9 67 BC 7E 94 CB EC 48 E7  tg......g.~...H.
00005C50:  23 05 A9 B3 87 27 8B 0F A5 29 83 8C F7 91 B1 10  #....'...)......
00005C60:  8E 43 4C 0E 06 C2 70 C3 D5 F8 D2 55 C6 32 05 E2  .CL...p....U.2..
00005C70:  2F 7F 2F 9B 86 89 44 B2 DB FA 9C 75 0B 9E BB 70  /./...D....u...p
00005C80:  BD 3D AE 50 29 FD 1A 24 AD A3 0F C6 07 E2 75 65  .=.P)..$......ue
00005C90:  ED 84 E7 F7 05 29 AC A6 0A 94 94 7E 1F 64 04 34  .....).....~.d.4
00005CA0:  EF 36 B2 AF F2 29 B3 EF FE 2C 04 03 57 D7 95 69  .6...)...,..W..i
00005CB0:  98 69 21 11 BD BA 25 20 A5 04 1D 9D E9 41 5E 3D  .i!...% .....A^=
00005CC0:  ED EB AE 3C 14 EA D7 39 EE 91 35 2D CD A2 B6 AC  ...<...9..5-....
00005CD0:  BE BD 06 20 D7 35 A7 D9 67 34 25 54 09 A3 D2 D0  ... .5..g4%T....
00005CE0:  44 8F 82 F7 67 F1 E9 0C 31 83 82 46 0D 0E EE 7C  D...g...1..F...|
00005CF0:  1B 9C 42 19 57 83 ED F0 6B 03 8E 4F 78 97 33 3B  ..B.W...k..Ox.3;
00005D00:  E8 89 DE A8 9A 60 26 9E DF F3 23 9E A9 01 EB 13  .....`&...#.....
00005D10:  45 2C 2D 6C B7 DE 47 F4 69 6B B5 B6 ED 2A DB A9  E,-l..G.ik...*..
00005D20:  71 59 C5 ED 0D A3 1A B3 35 80 AB 90 BF CB 77 BC  qY......5.....w.
00005D30:  59 91 61 4B 0E 3A CF 9E F0 1E 1D B3 B9 4D 33 E2  Y.aK.:.......M3.
00005D40:  57 83 46 92 F8 94 D4 A0 1A 36 95 EB 72 5B A7 00  W.F......6..r[..
00005D50:  A1 76 11 B6 96 87 04 96 E6 FD A5 60 15 E7 0E 4C  .v.........`...L
00005D60:  64 98 D7 75 A1 23 00 00 00 00 00 00 00 00 00 00  d..u.#..........
00005D70:  00 00 00 00 00 00 00 00 00 00 00 00 00 00 00 00  ................ [zeros]
00005D80:  00 00 00 00 00 00 00 00 00 00 00 00 00 00 00 00  ................ [zeros]
00005D90:  00 00 00 00 00 00 00 00 00 00 00 00 00 00 00 00  ................ [zeros]
00005DA0:  00 00 00 00 00 00 00 00 00 00 00 00 00 00 00 00  ................ [zeros]
00005DB0:  00 00 00 00 00 00 00 00 00 00 00 00 00 00 00 00  ................ [zeros]
00005DC0:  00 00 00 00 00 00 00 00 00 00 00 00 00 00 00 00  ................ [zeros]
00005DD0:  00 00 00 00 00 00 00 00 00 00 00 00 00 00 00 00  ................ [zeros]
00005DE0:  00 00 00 00 00 00 00 00 00 00 00 00 00 00 00 00  ................ [zeros]
00005DF0:  00 00 00 00 00 00 00 00 00 00 00 00 00 00 00 00  ................ [zeros]
00005E00:  00 00 00 00 00 00 00 00 00 00 00 00 00 00 00 00  ................ [zeros]
00005E10:  00 00 00 00 00 00 00 00 00 00 00 00 00 00 00 00  ................ [zeros]
00005E20:  00 00 00 00 00 00 00 00 00 00 00 00 00 00 00 00  ................ [zeros]
00005E30:  00 00 00 00 00 00 00 00 00 00 00 00 00 00 00 00  ................ [zeros]
00005E40:  00 00 00 00 00 00 28 30 41 1E 73 77 ED 41 C0 60  ......(0A.sw.A.`
00005E50:  33 CF 8E B0 DB 5C 00 00 00 00 00 00 00 00 00 00  3....\..........
00005E60:  00 00 00 00 00 00 54 8A 73 E1 59 B1 8D 31 A3 40  ......T.s.Y..1.@
00005E70:  AA 71 D1 65 A4 6C 6C 18 EA 2C E3 ED D1 5D AE 60  .q.e.ll..,...].`
00005E80:  AD 60 F3 F6 0E D8 3F 85 27 E3 5C 2D A6 3E 5E 91  .`....?.'.\-.>^.
00005E90:  FC 33 73 98 DA 53 44 11 C4 B1 C4 25 1A 4B 0E F4  .3s..SD....%.K..
00005EA0:  64 7A 5D B5 1E C6 00 00 00 00 00 00 00 00 00 00  dz].............
00005EB0:  00 00 00 00 00 00 E1 22 C9 B8 69 A0 97 1B 85 06  ......."..i.....
00005EC0:  75 E5 5F 06 A7 C5 4A 31 CD 7B 09 E0 33 1F 78 DA  u._...J1.{..3.x.
00005ED0:  E6 4D 43 64 FF 54 05 3E FF 06 A4 B9 FA A4 B6 0F  .MCd.T.>........
00005EE0:  AB B2 99 87 74 16 68 E1 7B 67 9F 9E CB 92 6A 69  ....t.h.{g....ji
00005EF0:  33 FA D9 DE 36 A4 9D F5 CF C3 1B BA F2 58 AE 45  3...6........X.E
00005F00:  FE 74 0C 61 DD 5C 89 3D 26 50 62 78 9B 92 22 53  .t.a.\.=&Pbx.."S
00005F10:  9A D4 47 2F EB 41 DB 6A 8C A5 AF D4 F1 AE 90 5A  ..G/.A.j.......Z
00005F20:  DA 4B 64 7F 3B 7F B1 7B 97 1B 7D 38 16 C9 3F 5C  .Kd.;..{..}8..?\
00005F30:  A4 A2 F1 18 33 02 25 57 33 42 15 DC 98 A0 22 EB  ....3.%W3B....".
00005F40:  2E D2 B9 B5 8C 20 1D 6F A3 7C BB 06 68 F9 E4 38  ..... .o.|..h..8
00005F50:  AD 5A E7 FE A7 59 2B 94 E5 D6 28 2E 38 05 63 A6  .Z...Y+...(.8.c.
00005F60:  B0 EB 60 24 0A 35 3B 4C 56 EB 65 85 65 1E 42 E4  ..`$.5;LV.e.e.B.
00005F70:  AE 73 27 ED FD EC E0 A9 33 8B E8 3E 56 8F 12 54  .s'.....3..>V..T
00005F80:  12 53 98 3A 7C C9 CC A7 A3 66 A8 3F 27 68 B4 27  .S.:|....f.?'h.'
00005F90:  44 7B B2 3E B7 88 64 D2 AF 5D CA 89 21 4B CE 8D  D{.>..d..]..!K..
00005FA0:  7C 75 3F 44 84 43 82 6F CF 52 AB 9F F7 E4 D5 62  |u?D.C.o.R.....b
00005FB0:  BE 40 1B EB 09 1B 8E 7B B1 B6 CC F6 E0 5C 34 DB  .@.....{.....\4.
00005FC0:  5C A1 0B 1F 65 66 9F D3 D1 5A 2D 18 BA D9 9F 66  \...ef...Z-....f
00005FD0:  5D D4 6C AC 07 14 27 40 D1 91 54 EE 41 15 1C 42  ].l...'@..T.A..B
00005FE0:  03 E0 A8 35 C8 64 A5 65 CA 68 D8 62 6C 4F 48 5C  ...5.d.e.h.blOH\
00005FF0:  8D 5F EA 90 BF 06 D4 3A B4 89 A4 12 7E C6 82 DF  ._.....:....~...
00006000:  54 C5 97 C3 B8 09 FB 29 1C 54 6F EA CB 0A 38 C1  T......).To...8.
00006010:  CD E7 F2 D9 0D 39 58 B4 71 55 E5 10 0F 87 F8 67  .....9X.qU.....g
00006020:  74 87 56 8A A0 76 C2 8C EA 1D 96 D5 FB 00 30 91  t.V..v........0.
00006030:  EE 19 63 2A 22 09 DF C2 2F 6C 00 5B 74 FE EF 89  ..c*".../l.[t...
00006040:  7D BD 86 81 B3 AE 09 D4 05 7B A7 7B E1 8E 79 08  }........{.{..y.
00006050:  3F 03 D0 CE 87 C1 04 3D 1C 99 43 84 5A 1A C8 71  ?......=..C.Z..q
00006060:  FF FF B6 9B FE 04 00 00 00 00 00 00 00 00 00 00  ................
00006070:  00 00 00 00 00 00 00 00 00 00 00 00 00 00 00 00  ................ [zeros]
00006080:  00 00 00 00 00 00 00 00 00 00 00 00 00 00 00 00  ................ [zeros]
00006090:  00 00 00 00 00 00 00 00 00 00 00 00 00 00 00 00  ................ [zeros]
000060A0:  00 00 00 00 00 00 00 00 00 00 00 00 00 00 00 00  ................ [zeros]
000060B0:  00 00 00 00 00 00 B1 A0 C1 21 5F 2D 9E E8 34 16  .........!_-..4.
000060C0:  5C 86 58 5A E9 D9 09 F7 D2 40 3B 20 AF 63 50 12  \.XZ.....@; .cP.
000060D0:  3B 97 3A AA EB A3 F7 2C 68 69 36 44 B6 03 74 BB  ;.:....,hi6D..t.
000060E0:  89 86 9F 17 AC 3E 46 5D 1A FA 56 8A BA D3 1F 74  .....>F]..V....t
000060F0:  BB 09 A8 E4 E5 D2 00 00 00 00 00 00 00 00 00 00  ................
00006100:  00 00 00 00 00 00 00 00 00 00 00 00 00 00 00 00  ................ [zeros]
00006110:  00 00 00 00 00 00 00 00 00 00 00 00 00 00 00 00  ................ [zeros]
00006120:  00 00 00 00 00 00 00 00 00 00 00 00 00 00 00 00  ................ [zeros]
00006130:  00 00 00 00 00 00 00 00 00 00 00 00 00 00 00 00  ................ [zeros]
00006140:  00 00 00 00 00 00 00 00 00 00 00 00 00 00 00 00  ................ [zeros]
00006150:  00 00 00 00 00 00 00 00 00 00 00 00 00 00 00 00  ................ [zeros]
00006160:  00 00 00 00 00 00 00 00 00 00 00 00 00 00 00 00  ................ [zeros]
00006170:  00 00 00 00 00 00 00 00 00 00 00 00 00 00 00 00  ................ [zeros]
00006180:  00 00 00 00 00 00 00 00 00 00 00 00 00 00 00 00  ................ [zeros]
00006190:  00 00 00 00 00 00 00 00 00 00 00 00 00 00 00 00  ................ [zeros]
000061A0:  00 00 00 00 00 00 77 DD 32 03 66 FF 70 A2 9F 5F  ......w.2.f.p.._
000061B0:  42 D3 61 23 5B 46 80 15 54 F1 BF 06 46 14 8C B7  B.a#[F..T...F...
000061C0:  04 96 E3 3E 93 28 60 2D A1 A1 43 08 71 4B BF 82  ...>.(`-..C.qK..
000061D0:  B0 E4 ED 21 A9 15 00 00 00 00 00 00 00 00 00 00  ...!............
000061E0:  00 00 00 00 00 00 5A 7F 6E 47 F2 F2 AA ED 44 F6  ......Z.nG....D.
000061F0:  29 21 41 B2 0B 6E 00 00 00 00 00 00 00 00 00 00  )!A..n..........
00006200:  00 00 00 00 00 00 00 00 00 00 00 00 00 00 00 00  ................ [zeros]
00006210:  00 00 00 00 00 00 00 00 00 00 00 00 00 00 00 00  ................ [zeros]
00006220:  00 00 00 00 00 00 00 00 00 00 00 00 00 00 00 00  ................ [zeros]
00006230:  00 00 00 00 00 00 00 00 00 00 00 00 00 00 00 00  ................ [zeros]
00006240:  00 00 00 00 00 00 AB C4 1A 52 BF 19 D4 E0 55 BE  .........R....U.
00006250:  F1 C3 3D F8 1A 01 00 00 00 00 00 00 00 00 00 00  ..=.............
00006260:  00 00 00 00 00 00 00 00 00 00 00 00 00 00 00 00  ................ [zeros]
00006270:  00 00 00 00 00 00 00 00 00 00 00 00 00 00 00 00  ................ [zeros]
00006280:  00 00 00 00 00 00 00 00 00 00 00 00 00 00 00 00  ................ [zeros]
00006290:  00 00 00 00 00 00 00 00 00 00 00 00 00 00 00 00  ................ [zeros]
000062A0:  00 00 00 00 00 00 00 00 00 00 00 00 00 00 00 00  ................ [zeros]
000062B0:  00 00 00 00 00 00 00 00 00 00 00 00 00 00 00 00  ................ [zeros]
000062C0:  00 00 00 00 00 00 00 00 00 00 00 00 00 00 00 00  ................ [zeros]
000062D0:  00 00 00 00 00 00 00 00 00 00 00 00 00 00 00 00  ................ [zeros]
000062E0:  00 00 00 00 00 00 00 00 00 00 00 00 00 00 00 00  ................ [zeros]
000062F0:  00 00 00 00 00 00 00 00 00 00 00 00 00 00 00 00  ................ [zeros]
00006300:  00 00 00 00 00 00 00 00 00 00 00 00 00 00 00 00  ................ [zeros]
00006310:  00 00 00 00 00 00 8E 28 66 1C CB 5F 6A 75 A4 B3  .......(f.._ju..
00006320:  5C C1 9D 37 A0 2B 1B 18 F9 D2 E6 09 CE 36 D1 8C  \..7.+.......6..
00006330:  89 24 F2 63 C7 95 DB 9E 7C 0B 41 00 1A BC FF A3  .$.c....|.A.....
00006340:  C4 AD DA 5A 43 FB D4 A0 1A 36 95 EB 72 5B A7 00  ...ZC....6..r[..
00006350:  A1 76 11 B6 96 87 00 00 00 00 00 00 00 00 00 00  .v..............
00006360:  00 00 00 00 00 00 00 00 00 00 00 00 00 00 00 00  ................ [zeros]
00006370:  00 00 00 00 00 00 00 00 00 00 00 00 00 00 00 00  ................ [zeros]
00006380:  00 00 00 00 00 00 00 00 00 00 00 00 00 00 00 00  ................ [zeros]
00006390:  00 00 00 00 00 00 00 00 00 00 00 00 00 00 00 00  ................ [zeros]
000063A0:  00 00 00 00 00 00 D4 90 0A B1 73 96 FD 23 E7 92  ..........s..#..
000063B0:  C7 83 8D B4 B3 5F 8C 4E 11 7C 57 A2 91 EE 15 D5  ....._.N.|W.....
000063C0:  56 C9 66 CF 86 CE 00 00 00 00 00 00 00 00 00 00  V.f.............
000063D0:  00 00 00 00 00 00 00 00 00 00 00 00 00 00 00 00  ................ [zeros]
000063E0:  00 00 00 00 00 00 00 00 00 00 00 00 00 00 00 00  ................ [zeros]
000063F0:  00 00 00 00 00 00 00 00 00 00 00 00 00 00 00 00  ................ [zeros]
00006400:  00 00 00 00 00 00 00 00 00 00 00 00 00 00 00 00  ................ [zeros]
00006410:  00 00 00 00 00 00 00 00 00 00 00 00 00 00 00 00  ................ [zeros]
00006420:  00 00 00 00 00 00 00 00 00 00 00 00 00 00 00 00  ................ [zeros]
00006430:  00 00 00 00 00 00 00 00 00 00 00 00 00 00 00 00  ................ [zeros]
00006440:  00 00 00 00 00 00 00 00 00 00 00 00 00 00 00 00  ................ [zeros]
00006450:  00 00 00 00 00 00 00 00 00 00 00 00 00 00 00 00  ................ [zeros]
00006460:  00 00 00 00 00 00 00 00 00 00 00 00 00 00 00 00  ................ [zeros]
00006470:  00 00 00 00 00 00 8F 8F A8 B3 3D AE 78 F6 F3 76  ..........=.x..v
00006480:  66 64 91 05 44 77 29 37 28 9C 4B B2 60 55 AE B7  fd..Dw)7(.K.`U..
00006490:  F2 6B 39 90 69 AC 76 49 CC 08 24 85 6E 5E 03 20  .k9.i.vI..$.n^. 
000064A0:  A7 8D 4B 45 1B F7 7B 09 9E CF 06 07 51 C3 E7 8D  ..KE..{.....Q...
000064B0:  48 D0 20 A1 08 C7 97 D1 A4 01 12 DE 9F BB 3F 2F  H. ...........?/
000064C0:  86 51 4D 92 CD 64 84 8D A9 D5 3A 22 71 BA DA 93  .QM..d....:"q...
000064D0:  D9 E7 19 47 50 65 05 50 FB A1 9C 38 61 D8 94 34  ...GPe.P...8a..4
000064E0:  67 45 58 DB 1E B6 E4 61 68 5C CA 0D 74 D3 8A 4A  gEX....ah\..t..J
000064F0:  14 BC 2B 2A D4 42 A1 00 D9 1D 08 01 D2 43 AC A9  ..+*.B.......C..
00006500:  CE 3B 19 79 A4 76 C0 45 67 D1 13 5D 0A 67 2B B5  .;.y.v.Eg..].g+.
00006510:  3D DF 34 B6 3B D5 79 03 AC AC 41 67 43 3E 59 39  =.4.;.y...AgC>Y9
00006520:  89 40 50 48 01 E2 10 C1 0F 09 8D 4D BD FC DA B5  .@PH.......M....
00006530:  9A 5C 90 9E 8F E4 72 B5 50 C6 8A 1C AC 47 E9 08  .\....r.P....G..
00006540:  F0 54 19 69 2B 5C 4A 3F 08 7D BD 6D E0 0F CD 72  .T.i+\J?.}.m...r
00006550:  7C 76 45 88 D2 0B 8B 6C 21 3B 05 A7 D2 B3 5A 0B  |vE....l!;....Z.
00006560:  43 8F 9E 1E 71 EF EB 14 96 E6 34 EE 00 FE B8 3C  C...q.....4....<
00006570:  69 18 E5 56 73 1A 9D B4 DD 90 40 EA 5A 85 68 DC  i..Vs.....@.Z.h.
00006580:  6A CD 04 BC AD 90 BB C6 13 03 E7 12 2E 73 4B FB  j............sK.
00006590:  C3 C7 E3 FD 58 9E DC D7 4E 25 AE B5 EA 67 F6 1D  ....X...N%...g..
000065A0:  B7 8A B9 F3 B0 91 4B 99 80 48 C3 EB 7A 15 6F 65  ......K..H..z.oe
000065B0:  75 7E 6B 13 4E 18 DD 03 52 35 7C A8 C4 20 22 2B  u~k.N...R5|.. "+
000065C0:  97 AA E3 A5 73 07 7E 4F 80 3F BC 4D 46 18 20 F8  ....s.~O.?.MF. .
000065D0:  8B 1B 69 A0 AA 66 00 00 00 00 00 00 00 00 00 00  ..i..f..........
000065E0:  00 00 00 00 00 00 3A 7E BE 4C E2 35 A2 EF C5 7A  ......:~.L.5...z
000065F0:  15 66 94 7D 2D AB 4D 62 8D 98 65 B4 90 B8 1B 84  .f.}-.Mb..e.....
00006600:  D2 45 69 FE F3 66 12 47 90 E5 51 1C CF 9A D8 AB  .Ei..f.G..Q.....
00006610:  F2 4A F4 1B D6 47 00 00 00 00 00 00 00 00 00 00  .J...G..........
00006620:  00 00 00 00 00 00 E3 DB 51 33 F2 33 66 79 48 6C  ........Q3.3fyHl
00006630:  2E 4E 20 9C 35 41 54 67 C7 DE A4 09 B3 1A AD AB  .N .5ATg........
00006640:  AE B2 EB 44 6F 9D 6F 47 36 DF 6A AF 87 79 58 FB  ...Do.oG6.j..yX.
00006650:  E7 78 B8 1F 3D 5C 4E DE F6 0A B0 27 51 B1 07 3B  .x..=\N....'Q..;
00006660:  6A D1 32 78 B2 97 81 47 35 BB 70 AA 0F 32 A7 42  j.2x...G5.p..2.B
00006670:  EC 90 60 FF 7B 66 20 B0 C7 87 BB C6 B2 CD B2 A9  ..`.{f .........
00006680:  FF 00 82 06 E2 20 00 00 00 00 00 00 00 00 00 00  ..... ..........
00006690:  00 00 00 00 00 00 AE 89 A1 BE 8D 58 62 6E 1B 4A  ...........Xbn.J
000066A0:  E9 E8 F2 D9 03 9A 07 DC 13 09 C1 DE 99 77 12 F3  .............w..
000066B0:  F1 57 3C 7A 99 4D 7E 4F 80 3F BC 4D 46 18 20 F8  .W<z.M~O.?.MF. .
000066C0:  8B 1B 69 A0 AA 66 00 00 00 00 00 00 00 00 00 00  ..i..f..........
000066D0:  00 00 00 00 00 00 3A 7E BE 4C E2 35 A2 EF C5 7A  ......:~.L.5...z
000066E0:  15 66 94 7D 2D AB BC 15 66 95 37 E0 7A E4 A5 31  .f.}-...f.7.z..1
000066F0:  50 6A B0 69 FF 5E 00 00 00 00 00 00 00 00 00 00  Pj.i.^..........
00006700:  00 00 00 00 00 00 00 00 00 00 00 00 00 00 00 00  ................ [zeros]
00006710:  00 00 00 00 00 00 00 00 00 00 00 00 00 00 00 00  ................ [zeros]
00006720:  00 00 00 00 00 00 00 00 00 00 00 00 00 00 00 00  ................ [zeros]
00006730:  00 00 00 00 00 00 00 00 00 00 00 00 00 00 00 00  ................ [zeros]
00006740:  00 00 00 00 00 00 00 00 00 00 00 00 00 00 00 00  ................ [zeros]
00006750:  00 00 00 00 00 00 00 00 00 00 00 00 00 00 00 00  ................ [zeros]
00006760:  00 00 00 00 00 00 00 00 00 00 00 00 00 00 00 00  ................ [zeros]
00006770:  00 00 00 00 00 00 00 00 00 00 00 00 00 00 00 00  ................ [zeros]
00006780:  00 00 00 00 00 00 00 00 00 00 00 00 00 00 00 00  ................ [zeros]
00006790:  00 00 00 00 00 00 00 00 00 00 00 00 00 00 00 00  ................ [zeros]
000067A0:  00 00 00 00 00 00 00 00 00 00 00 00 00 00 00 00  ................ [zeros]
000067B0:  00 00 00 00 00 00 00 00 00 00 00 00 00 00 00 00  ................ [zeros]
000067C0:  00 00 00 00 00 00 A5 56 AA 78 B0 32 DA 9B 68 C8  .......V.x.2..h.
000067D0:  A9 A1 33 3F C7 58 B1 11 6E F6 AD 6B 66 FE 57 BA  ..3?.X..n..kf.W.
000067E0:  2B A9 38 35 6D 0B 86 56 E1 25 11 7A 7E 07 19 B6  +.85m..V.%.z~...
000067F0:  44 B2 D4 C9 B6 56 92 78 59 77 4B 9B 32 77 5D B5  D....V.xYwK.2w].
00006800:  74 7A 0A 65 83 DE 00 00 00 00 00 00 00 00 00 00  tz.e............
00006810:  00 00 00 00 00 00 19 50 F0 87 A5 31 D4 51 13 9D  .......P...1.Q..
00006820:  AD E5 41 00 11 A8 83 13 53 B2 1D DE C1 06 FD 66  ..A.....S......f
00006830:  3A 08 1F EC 1D F3 72 16 46 A5 8B 45 E9 15 AC 02  :.....r.F..E....
00006840:  85 84 15 69 00 56 D2 F8 2A 8E 13 1D 0E BD C7 50  ...i.V..*......P
00006850:  E9 ED 09 AE E7 E8 E8 6B 87 C8 89 4C 9C 1F F8 2C  .......k...L...,
00006860:  8F BD 6E CF DB 76 5A 1A DA 0F 2F 71 67 20 60 B3  ..n..vZ.../qg `.
00006870:  35 33 13 6F 00 91 C5 78 6B AE 0E 53 50 AB F6 73  53.o...xk..SP..s
00006880:  C8 DE A9 5C 92 40 DF D7 90 70 53 EE F4 66 E0 5B  ...\.@...pS..f.[
00006890:  1E EC 73 BC 39 29 D5 85 F1 46 79 49 AE 11 B9 23  ..s.9)...FyI...#
000068A0:  B1 52 DE 2B 98 97 9B 0F F6 A9 98 49 5D 8D F1 2A  .R.+.......I]..*
000068B0:  D6 8F B0 0C D0 63 83 43 BC A2 EC FF 99 17 4C FB  .....c.C......L.
000068C0:  A0 8F B2 EA 15 22 17 8F CF E9 85 68 62 61 68 05  .....".....hbah.
000068D0:  A5 A5 F3 E2 C1 32 75 41 C8 A3 EA 72 3B 84 8F 64  .....2uA...r;..d
000068E0:  4B 16 2D 3B C7 50 5D 86 3B A8 5D 9E 74 9B E8 57  K.-;.P].;.].t..W
000068F0:  95 AB AD A0 D6 68 4F 18 94 11 39 4B 80 69 47 B6  .....hO...9K.iG.
00006900:  7F 7A 3F BB 47 60 45 71 F8 18 52 13 D9 DF DA B1  .z?.G`Eq..R.....
00006910:  19 18 2C 21 AC CE A6 2C C3 19 8C A1 71 4E 7E 03  ..,!...,....qN~.
00006920:  26 37 2B 32 FC A5 69 74 49 89 73 AD 98 2E F2 97  &7+2..itI.s.....
00006930:  2C E6 46 13 B9 33 11 90 48 D2 2D FD A2 CE 22 89  ,.F..3..H.-...".
00006940:  B6 FE 88 B4 B2 3C 00 00 00 00 00 00 00 00 00 00  .....<..........
00006950:  00 00 00 00 00 00 00 00 00 00 00 00 00 00 00 00  ................ [zeros]
00006960:  00 00 00 00 00 00 54 67 C7 DE A4 09 B3 1A AD AB  ......Tg........
00006970:  AE B2 EB 44 6F 9D 00 00 00 00 00 00 00 00 00 00  ...Do...........
00006980:  00 00 00 00 00 00 00 00 00 00 00 00 00 00 00 00  ................ [zeros]
00006990:  00 00 00 00 00 00 49 85 B9 EC 38 2B 65 45 2D 49  ......I...8+eE-I
000069A0:  21 7E 36 36 8A 6C 00 00 00 00 00 00 00 00 00 00  !~66.l..........
000069B0:  00 00 00 00 00 00 00 00 00 00 00 00 00 00 00 00  ................ [zeros]
000069C0:  00 00 00 00 00 00 00 00 00 00 00 00 00 00 00 00  ................ [zeros]
000069D0:  00 00 00 00 00 00 3B 99 21 91 FF 57 A3 20 DA A4  ......;.!..W. ..
000069E0:  D2 69 97 49 47 E9 00 00 00 00 00 00 00 00 00 00  .i.IG...........
000069F0:  00 00 00 00 00 00 00 00 00 00 00 00 00 00 00 00  ................ [zeros]
00006A00:  00 00 00 00 00 00 EA 73 D9 D0 07 E5 48 B3 0A 84  .......s....H...
00006A10:  84 42 91 7C CF 90 00 00 00 00 00 00 00 00 00 00  .B.|............
00006A20:  00 00 00 00 00 00 00 00 00 00 00 00 00 00 00 00  ................ [zeros]
00006A30:  00 00 00 00 00 00 FF FD BE 49 5C CF F0 24 0D B8  .........I\..$..
00006A40:  38 03 BE 76 F1 2F 00 00 00 00 00 00 00 00 00 00  8..v./..........
00006A50:  00 00 00 00 00 00 00 00 00 00 00 00 00 00 00 00  ................ [zeros]
00006A60:  00 00 00 00 00 00 00 00 00 00 00 00 00 00 00 00  ................ [zeros]
00006A70:  00 00 00 00 00 00 63 77 9D 43 B2 63 CB E9 88 78  ......cw.C.c...x
00006A80:  C4 89 AF 31 FE 87 00 00 00 00 00 00 00 00 00 00  ...1............
00006A90:  00 00 00 00 00 00 00 00 00 00 00 00 00 00 00 00  ................ [zeros]
00006AA0:  00 00 00 00 00 00 5B CA 32 DB 9F FA 9F EF F2 75  ......[.2......u
00006AB0:  D1 73 44 DB 77 C2 54 14 D3 AC DC 0A E6 E8 02 99  .sD.w.T.........
00006AC0:  91 FB BF 70 04 4E 13 23 FC 2D EE A3 E0 A2 1C 05  ...p.N.#.-......
00006AD0:  63 AB 42 1E 3D 39 8C 4F 55 74 FA 77 40 A7 96 C6  c.B.=9.OUt.w@...
00006AE0:  98 89 A6 B4 A2 E7 F3 01 13 28 B8 1D F4 40 5F E3  .........(...@_.
00006AF0:  79 AF 0C 8C D5 E0 57 E9 51 1B E6 B0 3D 22 80 FF  y.....W.Q...="..
00006B00:  EF 08 05 24 04 72 41 46 93 9B 23 EA 32 A1 ED 94  ...$.rAF..#.2...
00006B10:  96 3C 4A 11 D8 B8 A8 AC 3A E6 46 DE 41 23 0B A0  .<J.....:.F.A#..
00006B20:  D9 C5 EA 59 6D C6 58 E8 91 3D 33 FE 6F 6D B6 09  ...Ym.X..=3.om..
00006B30:  65 E3 70 14 DA 33 FF 6E 45 04 3C 00 76 94 A8 37  e.p..3.nE.<.v..7
00006B40:  2E 1F E7 8E 45 2F 2F 23 72 2E 26 27 6B 21 BE 2E  ....E//#r.&'k!..
00006B50:  E8 46 B9 16 C6 C9 55 9F 45 21 53 D5 EF 46 78 69  .F....U.E!S..Fxi
00006B60:  2A 44 71 7A 31 5E 93 83 7D AE 21 16 F4 94 BF EE  *Dqz1^..}.!.....
00006B70:  AF 11 31 73 BB 02 E9 3D 83 F8 9F 5C FB ED 54 72  ..1s...=...\..Tr
00006B80:  FD 8C A1 A6 87 EA EF 81 35 80 D0 4C 4B 8B 78 89  ........5..LK.x.
00006B90:  4F 63 BA D8 AB 52 82 97 40 24 73 E1 E7 1C 49 47  Oc...R..@$s...IG
00006BA0:  7E 0B 18 08 D1 2C 2E 2E 2A 5E 93 17 DB 2E 59 81  ~....,..*^....Y.
00006BB0:  41 48 37 CF 51 35 01 89 D9 06 75 A3 44 75 40 C2  AH7.Q5....u.Du@.
00006BC0:  05 E3 2B F3 C8 E8 01 89 D9 06 75 A3 44 75 40 C2  ..+.......u.Du@.
00006BD0:  05 E3 2B F3 C8 E8 01 89 D9 06 75 A3 44 75 40 C2  ..+.......u.Du@.
00006BE0:  05 E3 2B F3 C8 E8 CC 0E 36 01 31 F3 2A FE 46 6B  ..+.....6.1.*.Fk
00006BF0:  5D 36 DB BC 78 BB 35 8E F6 AC 8C 7D 8C 24 6F 69  ]6..x.5....}.$oi
00006C00:  59 34 65 6F 03 0B 35 8E F6 AC 8C 7D 8C 24 6F 69  Y4eo..5....}.$oi
00006C10:  59 34 65 6F 03 0B 64 99 DE 98 F2 AB 2A 31 C0 17  Y4eo..d.....*1..
00006C20:  89 F6 46 67 6F 35 20 DA 15 D9 0B 60 CC 5E 60 C6  ..Fgo5 ....`.^`.
00006C30:  94 82 3C 9F 7A 24 27 D0 AE A6 7C 14 4A A0 E4 56  ..<.z$'...|.J..V
00006C40:  2B 83 E2 22 C0 7B 05 C1 35 C9 F0 E7 1B C1 DA A9  +..".{..5.......
00006C50:  C6 A5 1E 75 D4 FC 90 20 9B 62 16 1B 63 D0 93 AA  ...u... .b..c...
00006C60:  C4 AD C4 4E 0A E3 30 83 62 CC C3 AC F3 94 9D 5A  ...N..0.b......Z
00006C70:  B6 86 93 23 B3 3A 45 05 10 5A B1 06 9E CC 86 5B  ...#.:E..Z.....[
00006C80:  EF A7 F1 88 72 4F 13 74 5F CD B9 7F 16 08 95 17  ....rO.t_.......
00006C90:  AA 41 1F 90 73 06 13 74 5F CD B9 7F 16 08 95 17  .A..s..t_.......
00006CA0:  AA 41 1F 90 73 06 13 74 5F CD B9 7F 16 08 95 17  .A..s..t_.......
00006CB0:  AA 41 1F 90 73 06 A8 B9 66 79 23 DF A5 7A 1E ED  .A..s...fy#..z..
00006CC0:  4B 8D 83 A5 13 B8 AB 0A AA B2 C0 F7 2F E2 F4 21  K.........../..!
00006CD0:  E4 27 AA 5B 70 DA A8 69 26 91 74 17 3D 56 FD 48  .'.[p..i&.t.=V.H
00006CE0:  ED 71 B4 9A D9 43 8F 42 70 E6 31 AE F5 55 24 DC  .q...C.Bp.1..U$.
00006CF0:  E8 24 CD 44 12 76 24 E0 CD BC B5 EC 20 72 7A EC  .$.D.v$..... rz.
00006D00:  0A 78 46 AC 73 B4 CE D1 F6 50 04 1E FF 1A A6 C9  .xF.s....P......
00006D10:  35 86 DA 37 5D DE D1 BF 38 9A A0 D0 F7 2A 5C E9  5..7]...8....*\.
00006D20:  A6 21 30 D8 48 1B 24 57 20 3C 39 76 D8 73 58 5B  .!0.H.$W <9v.sX[
00006D30:  5C 52 CB FF 41 0F 38 0F 14 37 94 C9 CC 51 E9 2A  \R..A.8..7...Q.*
00006D40:  18 3A 80 65 1B 70 A4 42 93 E2 68 7B B3 D5 31 DC  .:.e.p.B..h{..1.
00006D50:  51 0F 41 42 4C 04 AB 0A AA B2 C0 F7 2F E2 F4 21  Q.ABL......./..!
00006D60:  E4 27 AA 5B 70 DA A8 69 26 91 74 17 3D 56 FD 48  .'.[p..i&.t.=V.H
00006D70:  ED 71 B4 9A D9 43 8F 42 70 E6 31 AE F5 55 24 DC  .q...C.Bp.1..U$.
00006D80:  E8 24 CD 44 12 76 24 E0 CD BC B5 EC 20 72 7A EC  .$.D.v$..... rz.
00006D90:  0A 78 46 AC 73 B4 CE D1 F6 50 04 1E FF 1A A6 C9  .xF.s....P......
00006DA0:  35 86 DA 37 5D DE 7D 88 74 DB 86 6F BD 00 38 9C  5..7].}.t..o..8.
00006DB0:  10 FC CE 3E E4 55 1C 74 4F B5 F5 7A 5A C9 BC 27  ...>.U.tO..zZ..'
00006DC0:  74 2F 74 EF 05 E3 76 E6 CB C2 01 D3 7A F2 08 20  t/t...v.....z.. 
00006DD0:  F1 F3 87 19 55 C5 5F C1 5B 11 D0 73 72 E0 BF AF  ....U._.[..sr...
00006DE0:  5C 7C BE A5 C7 6C 00 00 00 00 00 00 00 00 00 00  \|...l..........
00006DF0:  00 00 00 00 00 00 36 81 84 B3 35 43 05 DC 13 A5  ......6...5C....
00006E00:  37 5D 8D 22 F5 90 00 00 00 00 00 00 00 00 00 00  7]."............
00006E10:  00 00 00 00 00 00 00 00 00 00 00 00 00 00 00 00  ................ [zeros]
00006E20:  00 00 00 00 00 00 00 00 00 00 00 00 00 00 00 00  ................ [zeros]
00006E30:  00 00 00 00 00 00 00 00 00 00 00 00 00 00 00 00  ................ [zeros]
00006E40:  00 00 00 00 00 00 C6 10 67 1C E5 09 AA 44 5F E5  ........g....D_.
00006E50:  BF E9 69 E8 68 41 6E AA 06 E3 B1 E0 3E BF 34 08  ..i.hAn.....>.4.
00006E60:  6F F7 06 8A 74 FE 60 54 86 BB FF AB E9 DC AB 27  o...t.`T.......'
00006E70:  2C FD 39 AB AA ED E1 82 A4 98 0A 2F 4B 14 8B 02  ,.9......../K...
00006E80:  46 15 E5 19 89 1D 00 00 00 00 00 00 00 00 00 00  F...............
00006E90:  00 00 00 00 00 00 00 00 00 00 00 00 00 00 00 00  ................ [zeros]
00006EA0:  00 00 00 00 00 00 00 00 00 00 00 00 00 00 00 00  ................ [zeros]
00006EB0:  00 00 00 00 00 00 00 00 00 00 00 00 00 00 00 00  ................ [zeros]
00006EC0:  00 00 00 00 00 00 00 00 00 00 00 00 00 00 00 00  ................ [zeros]
00006ED0:  00 00 00 00 00 00 00 00 00 00 00 00 00 00 00 00  ................ [zeros]
00006EE0:  00 00 00 00 00 00 00 00 00 00 00 00 00 00 00 00  ................ [zeros]
00006EF0:  00 00 00 00 00 00 00 00 00 00 00 00 00 00 00 00  ................ [zeros]
00006F00:  00 00 00 00 00 00 00 00 00 00 00 00 00 00 00 00  ................ [zeros]
00006F10:  00 00 00 00 00 00 00 00 00 00 00 00 00 00 00 00  ................ [zeros]
00006F20:  00 00 00 00 00 00 00 00 00 00 00 00 00 00 00 00  ................ [zeros]
00006F30:  00 00 00 00 00 00 35 7E B5 B8 0A 55 3E A1 15 73  ......5~...U>..s
00006F40:  7C 1F 53 B4 4E 38 C2 98 44 1B 0F 2D 84 2C 0A 3B  |.S.N8..D..-.,.;
00006F50:  F1 2D 06 A6 3D 55 DC D7 4E 25 AE B5 EA 67 F6 1D  .-..=U..N%...g..
00006F60:  B7 8A B9 F3 B0 91 B3 9C D5 BC E7 7A C7 68 1B 4B  ...........z.h.K
00006F70:  FD 33 E3 0F 5D 14 C0 B0 C4 6F 8B ED 89 B8 58 12  .3..]....o....X.
00006F80:  17 CC 5B 99 6C ED 00 00 00 00 00 00 00 00 00 00  ..[.l...........
00006F90:  00 00 00 00 00 00 00 00 00 00 00 00 00 00 00 00  ................ [zeros]
00006FA0:  00 00 00 00 00 00 00 00 00 00 00 00 00 00 00 00  ................ [zeros]
00006FB0:  00 00 00 00 00 00 00 00 00 00 00 00 00 00 00 00  ................ [zeros]
00006FC0:  00 00 00 00 00 00 00 00 00 00 00 00 00 00 00 00  ................ [zeros]
00006FD0:  00 00 00 00 00 00 36 8C 05 D8 51 D4 76 19 37 E4  ......6...Q.v.7.
00006FE0:  47 EB 97 DD D6 11 6B 0D 39 6F 09 45 D2 A2 05 09  G.....k.9o.E....
00006FF0:  73 2F 63 02 A5 47 00 00 00 00 00 00 00 00 00 00  s/c..G..........
00007000:  00 00 00 00 00 00 00 00 00 00 00 00 00 00 00 00  ................ [zeros]
00007010:  00 00 00 00 00 00 00 00 00 00 00 00 00 00 00 00  ................ [zeros]
00007020:  00 00 00 00 00 00 00 00 00 00 00 00 00 00 00 00  ................ [zeros]
00007030:  00 00 00 00 00 00 00 00 00 00 00 00 00 00 00 00  ................ [zeros]
00007040:  00 00 00 00 00 00 00 00 00 00 00 00 00 00 00 00  ................ [zeros]
00007050:  00 00 00 00 00 00 00 00 00 00 00 00 00 00 00 00  ................ [zeros]
00007060:  00 00 00 00 00 00 00 00 00 00 00 00 00 00 00 00  ................ [zeros]
00007070:  00 00 00 00 00 00 00 00 00 00 00 00 00 00 00 00  ................ [zeros]
00007080:  00 00 00 00 00 00 00 00 00 00 00 00 00 00 00 00  ................ [zeros]
00007090:  00 00 00 00 00 00 00 00 00 00 00 00 00 00 00 00  ................ [zeros]
000070A0:  00 00 00 00 00 00 C1 72 8E AE 4F 24 57 C4 DA 5B  .......r..O$W..[
000070B0:  1D 6C 81 55 A5 58 C1 0F D3 56 D6 91 28 F1 F0 2A  .l.U.X...V..(..*
000070C0:  FA BD A1 F0 16 88 F5 DD D6 A1 78 60 FE 73 00 19  ..........x`.s..
000070D0:  F5 4B 84 20 98 4A 3B 74 3E 25 D0 E4 3E 46 6F 43  .K. .J;t>%..>FoC
000070E0:  C2 55 00 61 DA E7 00 00 00 00 00 00 00 00 00 00  .U.a............
000070F0:  00 00 00 00 00 00 00 00 00 00 00 00 00 00 00 00  ................ [zeros]
00007100:  00 00 00 00 00 00 00 00 00 00 00 00 00 00 00 00  ................ [zeros]
00007110:  00 00 00 00 00 00 00 00 00 00 00 00 00 00 00 00  ................ [zeros]
00007120:  00 00 00 00 00 00 00 00 00 00 00 00 00 00 00 00  ................ [zeros]
00007130:  00 00 00 00 00 00 E2 EB 13 86 5C 80 63 46 35 FC  ..........\.cF5.
00007140:  FD 9C 0C B3 8F D1 B6 FC 46 90 CD 91 7C 3B A6 EB  ........F...|;..
00007150:  C1 B0 98 99 8A EF 00 00 00 00 00 00 00 00 00 00  ................
00007160:  00 00 00 00 00 00 00 00 00 00 00 00 00 00 00 00  ................ [zeros]
00007170:  00 00 00 00 00 00 00 00 00 00 00 00 00 00 00 00  ................ [zeros]
00007180:  00 00 00 00 00 00 00 00 00 00 00 00 00 00 00 00  ................ [zeros]
00007190:  00 00 00 00 00 00 00 00 00 00 00 00 00 00 00 00  ................ [zeros]
000071A0:  00 00 00 00 00 00 00 00 00 00 00 00 00 00 00 00  ................ [zeros]
000071B0:  00 00 00 00 00 00 00 00 00 00 00 00 00 00 00 00  ................ [zeros]
000071C0:  00 00 00 00 00 00 00 00 00 00 00 00 00 00 00 00  ................ [zeros]
000071D0:  00 00 00 00 00 00 00 00 00 00 00 00 00 00 00 00  ................ [zeros]
000071E0:  00 00 00 00 00 00 00 00 00 00 00 00 00 00 00 00  ................ [zeros]
000071F0:  00 00 00 00 00 00 00 00 00 00 00 00 00 00 00 00  ................ [zeros]
00007200:  00 00 00 00 00 00 00 00 00 00 00 00 00 00 00 00  ................ [zeros]
00007210:  00 00 00 00 00 00 BC 84 47 9D 46 A2 D2 E1 F4 D7  ........G.F.....
00007220:  AF FC 13 E1 53 B3 96 71 23 2F 79 1B 58 2E 56 9F  ....S..q#/y.X.V.
00007230:  24 F0 98 90 36 CA B6 70 98 E0 37 70 86 E4 39 C0  $...6..p..7p..9.
00007240:  60 66 48 77 87 30 AF 33 83 CB 39 8B 6B 82 87 B9  `fHw.0.3..9.k...
00007250:  9D 5C 7E 05 83 94 81 1C F3 F6 50 80 65 10 42 82  .\~.......P.e.B.
00007260:  B3 EB DF 73 C3 B0 A0 A3 2D 9C 78 35 2A D2 2A 28  ...s....-.x5*.*(
00007270:  8C 8A 78 34 9A FC B6 F1 D8 E0 35 CF B1 34 0D BC  ..x4......5..4..
00007280:  3D 22 76 E6 67 A1 19 A1 07 2F 63 E5 49 18 E8 46  ="v.g..../c.I..F
00007290:  65 68 2B 55 29 E3 1A 0F 1C 85 3A 49 82 79 CB 76  eh+U).....:I.y.v
000072A0:  D5 94 AD D3 00 5C 9D B4 DD 90 40 EA 5A 85 68 DC  .....\....@.Z.h.
000072B0:  6A CD 04 BC AD 90 57 2F E9 41 3F E8 9E FD D2 D6  j.....W/.A?.....
000072C0:  33 6F FB EA EE 9F DC D7 4E 25 AE B5 EA 67 F6 1D  3o......N%...g..
000072D0:  B7 8A B9 F3 B0 91 A5 25 BD 0D 50 13 9B 1C C4 D9  .......%..P.....
000072E0:  FA 38 20 77 90 8F AC 44 D7 9C A2 C9 96 44 A8 AA  .8 w...D.....D..
000072F0:  4F 5B 49 DD 70 9B ED 4D 8E E5 27 E7 C1 E8 95 CA  O[I.p..M..'.....
00007300:  58 82 3D FC D3 CA 47 02 17 2A 47 26 A5 C9 0B F1  X.=...G..*G&....
00007310:  1F 16 50 E3 4B 9A F2 97 37 EC 93 AD 96 CB D8 4E  ..P.K...7......N
00007320:  8A C8 75 15 B2 79 29 2E 53 66 EE A1 23 B4 D3 80  ..u..y).Sf..#...
00007330:  6B AD CD D2 38 58 D1 50 F3 00 A6 57 F9 B6 DD B0  k...8X.P...W....
00007340:  37 AF 97 81 DC F9 E3 07 01 57 53 02 B4 E0 21 5C  7........WS...!\
00007350:  75 C9 14 90 A2 CE 00 00 00 00 00 00 00 00 00 00  u...............
00007360:  00 00 00 00 00 00 AE 89 A1 BE 8D 58 62 6E 1B 4A  ...........Xbn.J
00007370:  E9 E8 F2 D9 03 9A 07 DC 13 09 C1 DE 99 77 12 F3  .............w..
00007380:  F1 57 3C 7A 99 4D 7E 4F 80 3F BC 4D 46 18 20 F8  .W<z.M~O.?.MF. .
00007390:  8B 1B 69 A0 AA 66 00 00 00 00 00 00 00 00 00 00  ..i..f..........
000073A0:  00 00 00 00 00 00 3A 7E BE 4C E2 35 A2 EF C5 7A  ......:~.L.5...z
000073B0:  15 66 94 7D 2D AB 4D 62 8D 98 65 B4 90 B8 1B 84  .f.}-.Mb..e.....
000073C0:  D2 45 69 FE F3 66 12 47 90 E5 51 1C CF 9A D8 AB  .Ei..f.G..Q.....
000073D0:  F2 4A F4 1B D6 47 00 00 00 00 00 00 00 00 00 00  .J...G..........
000073E0:  00 00 00 00 00 00 CC 0A 8B 6C E8 A2 74 26 86 C4  .........l..t&..
000073F0:  D1 AC CE 05 5D A9 00 00 00 00 00 00 00 00 00 00  ....]...........
00007400:  00 00 00 00 00 00 63 77 9D 43 B2 63 CB E9 88 78  ......cw.C.c...x
00007410:  C4 89 AF 31 FE 87 77 FE 6C 9A 82 33 79 33 58 64  ...1..w.l..3y3Xd
00007420:  A9 11 E6 50 52 3B 81 47 35 BB 70 AA 0F 32 A7 42  ...PR;.G5.p..2.B
00007430:  EC 90 60 FF 7B 66 20 B0 C7 87 BB C6 B2 CD B2 A9  ..`.{f .........
00007440:  FF 00 82 06 E2 20 00 00 00 00 00 00 00 00 00 00  ..... ..........
00007450:  00 00 00 00 00 00 AE 89 A1 BE 8D 58 62 6E 1B 4A  ...........Xbn.J
00007460:  E9 E8 F2 D9 03 9A 07 DC 13 09 C1 DE 99 77 12 F3  .............w..
00007470:  F1 57 3C 7A 99 4D F0 D0 7D 58 FE 15 69 9D A1 16  .W<z.M..}X..i...
00007480:  6C 9F C9 91 6D CD 00 00 00 00 00 00 00 00 00 00  l...m...........
00007490:  00 00 00 00 00 00 00 00 00 00 00 00 00 00 00 00  ................ [zeros]
000074A0:  00 00 00 00 00 00 00 00 00 00 00 00 00 00 00 00  ................ [zeros]
000074B0:  00 00 00 00 00 00 00 00 00 00 00 00 00 00 00 00  ................ [zeros]
000074C0:  00 00 00 00 00 00 00 00 00 00 00 00 00 00 00 00  ................ [zeros]
000074D0:  00 00 00 00 00 00 00 00 00 00 00 00 00 00 00 00  ................ [zeros]
000074E0:  00 00 00 00 00 00 00 00 00 00 00 00 00 00 00 00  ................ [zeros]
000074F0:  00 00 00 00 00 00 00 00 00 00 00 00 00 00 00 00  ................ [zeros]
00007500:  00 00 00 00 00 00 00 00 00 00 00 00 00 00 00 00  ................ [zeros]
00007510:  00 00 00 00 00 00 00 00 00 00 00 00 00 00 00 00  ................ [zeros]
00007520:  00 00 00 00 00 00 00 00 00 00 00 00 00 00 00 00  ................ [zeros]
00007530:  00 00 00 00 00 00 00 00 00 00 00 00 00 00 00 00  ................ [zeros]
00007540:  00 00 00 00 00 00 00 00 00 00 00 00 00 00 00 00  ................ [zeros]
00007550:  00 00 00 00 00 00 92 78 59 77 4B 9B 32 77 5D B5  .......xYwK.2w].
00007560:  74 7A 0A 65 83 DE 8C 7B C9 D5 C0 D6 D7 FC AA D2  tz.e...{........
00007570:  A1 B3 97 1F D8 2C BC 15 66 95 37 E0 7A E4 A5 31  .....,..f.7.z..1
00007580:  50 6A B0 69 FF 5E 00 00 00 00 00 00 00 00 00 00  Pj.i.^..........
00007590:  00 00 00 00 00 00 DB A4 BE EB 21 7C 8C 4C F9 51  ..........!|.L.Q
000075A0:  9E 33 38 74 0E B3 00 00 00 00 00 00 00 00 00 00  .38t............
000075B0:  00 00 00 00 00 00 85 8A 1E 5D 76 CB 23 3A 16 6A  .........]v.#:.j
000075C0:  13 FC DC 77 7C AA 3A 7A FF D2 DF CC 8C 3E 3A DF  ...w|.:z.....>:.
000075D0:  74 24 79 1E 76 9E 27 B6 77 0B ED 02 93 61 54 EE  t$y.v.'.w....aT.
000075E0:  65 E2 32 C2 18 55 8A 4F 39 E3 78 CF D7 33 3F 8D  e.2..U.O9.x..3?.
000075F0:  D5 14 1B E7 C8 93 E5 1A 28 57 AE B7 05 CE 74 69  ........(W....ti
00007600:  1E 2C FD 60 CE A6 9C EC 88 00 42 29 D2 9F CC 15  .,.`......B)....
00007610:  AA D8 FB 14 B0 92 AA C2 97 3E DD B5 27 BA EB E1  .........>..'...
00007620:  08 F0 01 D3 7C C7 AF C8 AE 7D A0 F1 9C 89 11 5C  ....|....}.....\
00007630:  30 D2 48 57 C5 96 76 89 A9 F8 AF 60 E1 4C 6A 24  0.HW..v....`.Lj$
00007640:  81 AB A8 90 B7 F6 7F 3D 0B 66 84 79 3A 23 08 2F  .......=.f.y:#./
00007650:  D8 50 F9 19 36 FF 74 CC E8 3F A0 6F 3A F7 03 00  .P..6.t..?.o:...
00007660:  7D 70 24 58 E5 46 C5 87 CD CE 6E 09 16 EF 36 0E  }p$X.F....n...6.
00007670:  FD FB C7 FB 0C 1D 71 BC 90 5E E0 61 22 EE 8F D8  ......q..^.a"...
00007680:  76 49 15 94 D8 A6 20 EA 19 F8 88 09 0C 90 EB 23  vI.... ........#
00007690:  B7 88 B5 56 0F F8 1E 01 40 E2 B7 86 7F F2 45 71  ...V....@.....Eq
000076A0:  DF 8F 24 8D C2 BC B2 D8 D5 DD 3A 61 FA 5D CB 92  ..$.......:a.]..
000076B0:  7C F3 69 7A 5F C0 DC C1 3B 37 D9 69 43 54 40 7C  |.iz_...;7.iCT@|
000076C0:  30 2D 1C D4 EA DA 02 75 BF 8F E4 B5 B2 4C 02 D0  0-.....u.....L..
000076D0:  83 40 C9 65 3F 24 00 00 00 00 00 00 00 00 00 00  .@.e?$..........
000076E0:  00 00 00 00 00 00 00 00 00 00 00 00 00 00 00 00  ................ [zeros]
000076F0:  00 00 00 00 00 00 12 47 90 E5 51 1C CF 9A D8 AB  .......G..Q.....
00007700:  F2 4A F4 1B D6 47 00 00 00 00 00 00 00 00 00 00  .J...G..........
00007710:  00 00 00 00 00 00 00 00 00 00 00 00 00 00 00 00  ................ [zeros]
00007720:  00 00 00 00 00 00 00 00 00 00 00 00 00 00 00 00  ................ [zeros]
00007730:  00 00 00 00 00 00 E3 DB 51 33 F2 33 66 79 48 6C  ........Q3.3fyHl
00007740:  2E 4E 20 9C 35 41 00 00 00 00 00 00 00 00 00 00  .N .5A..........
00007750:  00 00 00 00 00 00 00 00 00 00 00 00 00 00 00 00  ................ [zeros]
00007760:  00 00 00 00 00 00 54 67 C7 DE A4 09 B3 1A AD AB  ......Tg........
00007770:  AE B2 EB 44 6F 9D 00 00 00 00 00 00 00 00 00 00  ...Do...........
00007780:  00 00 00 00 00 00 00 00 00 00 00 00 00 00 00 00  ................ [zeros]
00007790:  00 00 00 00 00 00 49 85 B9 EC 38 2B 65 45 2D 49  ......I...8+eE-I
000077A0:  21 7E 36 36 8A 6C 00 00 00 00 00 00 00 00 00 00  !~66.l..........
000077B0:  00 00 00 00 00 00 00 00 00 00 00 00 00 00 00 00  ................ [zeros]
000077C0:  00 00 00 00 00 00 00 00 00 00 00 00 00 00 00 00  ................ [zeros]
000077D0:  00 00 00 00 00 00 3B 99 21 91 FF 57 A3 20 DA A4  ......;.!..W. ..
000077E0:  D2 69 97 49 47 E9 00 00 00 00 00 00 00 00 00 00  .i.IG...........
000077F0:  00 00 00 00 00 00 00 00 00 00 00 00 00 00 00 00  ................ [zeros]
00007800:  00 00 00 00 00 00 EA 73 D9 D0 07 E5 48 B3 0A 84  .......s....H...
00007810:  84 42 91 7C CF 90 00 00 00 00 00 00 00 00 00 00  .B.|............
00007820:  00 00 00 00 00 00 00 00 00 00 00 00 00 00 00 00  ................ [zeros]
00007830:  00 00 00 00 00 00 E3 B9 10 71 86 C8 8F 03 A3 17  .........q......
00007840:  C7 1D 02 A8 DC BE AD FB F3 51 8B AC D6 D9 15 67  .........Q.....g
00007850:  63 BE BE B8 09 BF 09 62 D7 9B B9 30 E2 C2 A8 F2  c......b...0....
00007860:  13 47 CB BF D9 40 15 D8 11 03 90 8E 1B 61 5A EE  .G...@.......aZ.
00007870:  10 1D 9A FA 3A 94 7F 55 1C 05 15 B6 B9 5A E9 9E  ....:..U.....Z..
00007880:  C2 8D 68 F5 04 C6 B5 0F A2 24 A1 7F 4B D4 66 A8  ..h......$..K.f.
00007890:  A7 35 B1 2B D1 80 77 1D 1E 68 55 9E F6 60 C1 D5  .5.+..w..hU..`..
000078A0:  85 B6 B8 F1 83 B0 57 DC 87 8B 56 87 AB FC 7D F9  ......W...V...}.
000078B0:  7C E8 03 00 71 2A 83 6C 42 5D E6 6B AB 42 67 E7  |...q*.lB].k.Bg.
000078C0:  56 37 03 53 8D 60 97 F3 18 F1 02 BB C2 9F 0B C9  V7.S.`..........
000078D0:  43 62 EF 7D 80 75 8C 07 9B 07 D0 6D 42 A8 E5 CD  Cb.}.u.....mB...
000078E0:  3F 28 15 E9 CA 43 08 0B 64 8C 79 F2 A2 2B 00 95  ?(...C..d.y..+..
000078F0:  CD C6 FC 11 14 CD 77 A9 0A 0F CF 29 6B DC BA 20  ......w....)k.. 
00007900:  79 DB 78 3B BD C6 76 C6 E9 6F 63 60 E5 48 2A 11  y.x;..v..oc`.H*.
00007910:  DB 11 42 60 E3 98 E9 3D 83 F8 9F 5C FB ED 54 72  ..B`...=...\..Tr
00007920:  FD 8C A1 A6 87 EA EF 81 35 80 D0 4C 4B 8B 78 89  ........5..LK.x.
00007930:  4F 63 BA D8 AB 52 C7 82 76 48 91 F2 54 74 58 AF  Oc...R..vH..TtX.
00007940:  69 7E 20 A7 80 C4 E5 EC F6 1E A0 30 0E A6 0E BF  i~ ........0....
00007950:  A9 7F B4 C5 01 F8 E5 EC F6 1E A0 30 0E A6 0E BF  ...........0....
00007960:  A9 7F B4 C5 01 F8 E5 EC F6 1E A0 30 0E A6 0E BF  ...........0....
00007970:  A9 7F B4 C5 01 F8 4E 39 6A A5 50 DF C8 33 F4 0A  ......N9j.P..3..
00007980:  6D 7F BB CD BE FC 25 57 33 42 15 DC 98 A0 22 EB  m.....%W3B....".
00007990:  2E D2 B9 B5 8C 20 25 57 33 42 15 DC 98 A0 22 EB  ..... %W3B....".
000079A0:  2E D2 B9 B5 8C 20 25 57 33 42 15 DC 98 A0 22 EB  ..... %W3B....".
000079B0:  2E D2 B9 B5 8C 20 AB D5 43 05 1E C4 77 54 BC 62  ..... ..C...wT.b
000079C0:  4C EF 8C 1C 0C 39 05 C1 35 C9 F0 E7 1B C1 DA A9  L....9..5.......
000079D0:  C6 A5 1E 75 D4 FC 90 20 9B 62 16 1B 63 D0 93 AA  ...u... .b..c...
000079E0:  C4 AD C4 4E 0A E3 30 B0 67 8F 53 EF E0 71 56 95  ...N..0.g.S..qV.
000079F0:  43 60 58 D7 F7 10 84 23 29 6F C7 D7 9C 0F E3 21  C`X....#)o.....!
00007A00:  B9 5D FC 01 04 68 B0 64 98 61 58 EC FF E4 38 F3  .]...h.d.aX...8.
00007A10:  A7 3B 78 90 CD 9B A6 04 28 0B E0 EE 41 68 0E D5  .;x.....(...Ah..
00007A20:  5B F9 6F 69 58 45 A6 04 28 0B E0 EE 41 68 0E D5  [.oiXE..(...Ah..
00007A30:  5B F9 6F 69 58 45 A6 04 28 0B E0 EE 41 68 0E D5  [.oiXE..(...Ah..
00007A40:  5B F9 6F 69 58 45 88 13 59 AC 82 95 FE 43 84 64  [.oiXE..Y....C.d
00007A50:  5F C3 33 C4 C5 07 7A 56 69 D3 E6 94 3D D0 B3 E9  _.3...zVi...=...
00007A60:  F2 62 91 1F 1D DA 45 1D 98 75 EB 00 A7 18 84 B0  .b....E..u......
00007A70:  E7 18 39 7A C0 47 0C D2 9E 46 A0 9B A2 94 93 AA  ..9z.G...F......
00007A80:  05 7E 6F 4B 1B 8A FB 11 32 84 03 11 6E A6 A7 E0  .~oK....2...n...
00007A90:  41 D8 14 AA F9 51 67 01 75 75 9E E9 BE B9 2B 06  A....Qg.uu....+.
00007AA0:  4A 1F 18 8A 4C B2 32 7C 30 81 B8 D4 DC 97 AA 50  J...L.2|0......P
00007AB0:  9E C9 3F AA 2A F8 F2 56 F8 2C 4C E8 F3 E7 CE 06  ..?.*..V.,L.....
00007AC0:  9E F4 72 D2 83 CE 8B 0F A5 29 83 8C F7 91 B1 10  ..r......)......
00007AD0:  8E 43 4C 0E 06 C2 EA BE D1 A6 11 16 74 86 51 CA  .CL.........t.Q.
00007AE0:  85 9B 5C A6 BA 24 7A 56 69 D3 E6 94 3D D0 B3 E9  ..\..$zVi...=...
00007AF0:  F2 62 91 1F 1D DA 45 1D 98 75 EB 00 A7 18 84 B0  .b....E..u......
00007B00:  E7 18 39 7A C0 47 0C D2 9E 46 A0 9B A2 94 93 AA  ..9z.G...F......
00007B10:  05 7E 6F 4B 1B 8A FB 11 32 84 03 11 6E A6 A7 E0  .~oK....2...n...
00007B20:  41 D8 14 AA F9 51 67 01 75 75 9E E9 BE B9 2B 06  A....Qg.uu....+.
00007B30:  4A 1F 18 8A 4C B2 32 7C 30 81 B8 D4 DC 97 AA 50  J...L.2|0......P
00007B40:  9E C9 3F AA 2A F8 BB 69 26 1F 43 3B 3C 2D C4 8D  ..?.*..i&.C;<-..
00007B50:  28 D8 95 28 3B 62 10 2F 74 0C AB D1 46 2C 47 AA  (..(;b./t...F,G.
00007B60:  2F ED EB 1C B8 AC 3B 74 3E 25 D0 E4 3E 46 6F 43  /.....;t>%..>FoC
00007B70:  C2 55 00 61 DA E7 3E 76 A1 4C A5 D6 83 FD 72 BB  .U.a..>v.L....r.
00007B80:  E0 6D 9E 9E FE 69 9F 66 60 32 A6 AD 4D EE 68 76  .m...i.f`2..M.hv
00007B90:  84 75 59 DE AB 32 DF A2 74 28 8E D1 1B F2 11 D6  .uY..2..t(......
00007BA0:  B6 98 35 A4 1B                                   ..5..

; --- structure summary (block types) ---
; 0x00000060..+0xD0  data   (208 bytes)
; 0x00000130..+0x40  zeros  (64 bytes)
; 0x00000170..+0x210  data   (528 bytes)
; 0x00000380..+0x180  zeros  (384 bytes)
; 0x00000500..+0x580  data   (1408 bytes)
; 0x00000A80..+0x3E0  zeros  (992 bytes)
; 0x00000E60..+0x20  data   (32 bytes)
; 0x00000E80..+0x3E0  zeros  (992 bytes)
; 0x00001260..+0x20  data   (32 bytes)
; 0x00001280..+0x3E0  zeros  (992 bytes)
; 0x00001660..+0x20  data   (32 bytes)
; 0x00001680..+0x3F0  zeros  (1008 bytes)
; 0x00001A70..+0x2370  data   (9072 bytes)
; 0x00003DE0..+0x20  zeros  (32 bytes)
; 0x00003E00..+0x30  data   (48 bytes)
; 0x00003E30..+0x70  zeros  (112 bytes)
; 0x00003EA0..+0x120  data   (288 bytes)
; 0x00003FC0..+0xB0  zeros  (176 bytes)
; 0x00004070..+0x50  data   (80 bytes)
; 0x000040C0..+0x150  zeros  (336 bytes)
; 0x00004210..+0x40  data   (64 bytes)
; 0x00004250..+0xF0  zeros  (240 bytes)
; 0x00004340..+0xF0  data   (240 bytes)
; 0x00004430..+0x5E0  zeros  (1504 bytes)
; 0x00004A10..+0x140  data   (320 bytes)
; 0x00004B50..+0xF0  zeros  (240 bytes)
; 0x00004C40..+0x220  data   (544 bytes)
; 0x00004E60..+0x30  zeros  (48 bytes)
; 0x00004E90..+0xA0  data   (160 bytes)
; 0x00004F30..+0xB0  zeros  (176 bytes)
; 0x00004FE0..+0xA0  data   (160 bytes)
; 0x00005080..+0x10  zeros  (16 bytes)
; 0x00005090..+0xD0  data   (208 bytes)
; 0x00005160..+0xC0  zeros  (192 bytes)
; 0x00005220..+0x290  data   (656 bytes)
; 0x000054B0..+0x40  zeros  (64 bytes)
; 0x000054F0..+0x170  data   (368 bytes)
; 0x00005660..+0x30  zeros  (48 bytes)
; 0x00005690..+0x280  data   (640 bytes)
; 0x00005910..+0x60  zeros  (96 bytes)
; 0x00005970..+0xF0  data   (240 bytes)
; 0x00005A60..+0xD0  zeros  (208 bytes)
; 0x00005B30..+0x240  data   (576 bytes)
; 0x00005D70..+0xD0  zeros  (208 bytes)
; 0x00005E40..+0x230  data   (560 bytes)
; 0x00006070..+0x40  zeros  (64 bytes)
; 0x000060B0..+0x50  data   (80 bytes)
; 0x00006100..+0xA0  zeros  (160 bytes)
; 0x000061A0..+0x60  data   (96 bytes)
; 0x00006200..+0x40  zeros  (64 bytes)
; 0x00006240..+0x20  data   (32 bytes)
; 0x00006260..+0xB0  zeros  (176 bytes)
; 0x00006310..+0x50  data   (80 bytes)
; 0x00006360..+0x40  zeros  (64 bytes)
; 0x000063A0..+0x30  data   (48 bytes)
; 0x000063D0..+0xA0  zeros  (160 bytes)
; 0x00006470..+0x290  data   (656 bytes)
; 0x00006700..+0xC0  zeros  (192 bytes)
; 0x000067C0..+0x190  data   (400 bytes)
; 0x00006950..+0x10  zeros  (16 bytes)
; 0x00006960..+0x20  data   (32 bytes)
; 0x00006980..+0x10  zeros  (16 bytes)
; 0x00006990..+0x20  data   (32 bytes)
; 0x000069B0..+0x20  zeros  (32 bytes)
; 0x000069D0..+0x20  data   (32 bytes)
; 0x000069F0..+0x10  zeros  (16 bytes)
; 0x00006A00..+0x20  data   (32 bytes)
; 0x00006A20..+0x10  zeros  (16 bytes)
; 0x00006A30..+0x20  data   (32 bytes)
; 0x00006A50..+0x20  zeros  (32 bytes)
; 0x00006A70..+0x20  data   (32 bytes)
; 0x00006A90..+0x10  zeros  (16 bytes)
; 0x00006AA0..+0x370  data   (880 bytes)
; 0x00006E10..+0x30  zeros  (48 bytes)
; 0x00006E40..+0x50  data   (80 bytes)
; 0x00006E90..+0xA0  zeros  (160 bytes)
; 0x00006F30..+0x60  data   (96 bytes)
; 0x00006F90..+0x40  zeros  (64 bytes)
; 0x00006FD0..+0x30  data   (48 bytes)
; 0x00007000..+0xA0  zeros  (160 bytes)
; 0x000070A0..+0x50  data   (80 bytes)
; 0x000070F0..+0x40  zeros  (64 bytes)
; 0x00007130..+0x30  data   (48 bytes)
; 0x00007160..+0xB0  zeros  (176 bytes)
; 0x00007210..+0x280  data   (640 bytes)
; 0x00007490..+0xC0  zeros  (192 bytes)
; 0x00007550..+0x190  data   (400 bytes)
; 0x000076E0..+0x10  zeros  (16 bytes)
; 0x000076F0..+0x20  data   (32 bytes)
; 0x00007710..+0x20  zeros  (32 bytes)
; 0x00007730..+0x20  data   (32 bytes)
; 0x00007750..+0x10  zeros  (16 bytes)
; 0x00007760..+0x20  data   (32 bytes)
; 0x00007780..+0x10  zeros  (16 bytes)
; 0x00007790..+0x20  data   (32 bytes)
; 0x000077B0..+0x20  zeros  (32 bytes)
; 0x000077D0..+0x20  data   (32 bytes)
; 0x000077F0..+0x10  zeros  (16 bytes)
; 0x00007800..+0x20  data   (32 bytes)
; 0x00007820..+0x10  zeros  (16 bytes)
; 0x00007830..+0x370  data   (880 bytes)
