; Decrypted GatewaySettings dump (see FORMAT.md)
; key = 5eb0621fd8fb08fc4c51b4dd2c16680f (aligned at 0x60)

00000060:  7E 6D 41 A1 3C 0E BC 96 C3 72 06 2B 9C D5 E2 E7  ~mA.<....r.+....
00000070:  84 67 6E 17 29 DB A3 E5 D3 89 09 D1 C5 A2 67 56  .gn.).........gV
00000080:  B4 F7 4A 14 30 1D 3E E3 1C F1 74 43 50 25 18 E2  ..J.0.>...tCP%..
00000090:  47 C0 8C 15 17 2F D1 BE 4E 6C 37 43 E3 F4 61 A9  G..../..Nl7C..a.
000000A0:  8C 7F 4D 27 E4 08 F4 AE 1E 76 52 15 A2 58 29 D1  ..M'.....vR..X).
000000B0:  05 2B BD B9 26 E8 93 20 8B 73 5F 6C 5C 75 DD B4  .+..&.. .s_l\u..
000000C0:  59 BE 0B 22 95 4C 7E C5 22 7C 29 BD 22 2D E3 08  Y..".L~."|)."-..
000000D0:  F4 A4 64 4F 19 78 F7 E5 EA 77 BB 7A 98 85 0E 61  ..dO.x...w.z...a
000000E0:  4C 7C 94 94 3E 88 90 DE 6C 25 6A 66 66 B2 E4 47  L|..>...l%jff..G
000000F0:  0D 02 B9 F1 9F 9D 7E FE AF DD 1F BF 9B 7F B7 DD  ......~.........
00000100:  E8 FE 34 55 91 43 BD 1B E4 2A 0F 31 D0 0B CF 76  ..4U.C...*.1...v
00000110:  EA 88 51 F6 BC 45 AA 29 F7 68 1A 2A 49 77 D2 F2  ..Q..E.).h.*Iw..
00000120:  0E 51 34 BF D8 D0 00 00 00 00 00 00 00 00 00 00  .Q4.............
00000130:  00 00 00 00 00 00 00 00 00 00 00 00 00 00 00 00  ................ [zeros]
00000140:  00 00 00 00 00 00 00 00 00 00 00 00 00 00 00 00  ................ [zeros]
00000150:  00 00 00 00 00 00 00 00 00 00 00 00 00 00 00 00  ................ [zeros]
00000160:  00 00 00 00 00 00 00 00 00 00 00 00 00 00 00 00  ................ [zeros]
00000170:  00 00 00 00 00 00 C3 6B 88 F7 90 F1 8D EF 6A CE  .......k......j.
00000180:  49 41 AD 5A 23 0E 3D 9E B4 5E 01 6D EF 3E 2A 41  IA.Z#.=..^.m.>*A
00000190:  81 8F 50 49 83 69 E3 7F 24 50 40 7B BB 35 6A 90  ..PI.i..$P@{.5j.
000001A0:  79 E8 84 73 0D DF A4 F1 BE 91 B5 5E DD AF 92 71  y..s.......^...q
000001B0:  1F 97 09 E0 61 49 7E FB 23 83 9A BF C8 77 6D 60  ....aI~.#....wm`
000001C0:  32 4D 18 35 95 57 0A CF 46 EC 80 A2 8D E3 FC 4D  2M.5.W..F......M
000001D0:  0B F0 BB 4C 0B 1D 07 2C 39 24 33 37 C5 91 01 5F  ...L...,9$37..._
000001E0:  8F 92 3F 7E 09 D6 95 82 1A 2B 33 9D 93 B7 9C BD  ..?~.....+3.....
000001F0:  C4 8B 7D 97 8C 6F 94 4F F1 7E FA 60 3C 55 0C 57  ..}..o.O.~.`<U.W
00000200:  12 3A E1 8A AE 80 83 32 0D C6 BC 5D 25 1F D1 07  .:.....2...]%...
00000210:  C4 AF 19 B7 07 ED 87 D7 D5 01 6D 63 DA 48 7F 2E  ..........mc.H..
00000220:  03 3F 2F B9 2A 85 64 4A 1F 05 8A BE 90 43 91 AA  .?/.*.dJ.....C..
00000230:  E7 A6 68 AC 3C BA BD B5 DE 18 70 2C 9C 50 F3 ED  ..h.<.....p,.P..
00000240:  0B 47 D0 6C D2 F5 EE D5 A4 37 CF EF 1D FF E2 C8  .G.l.....7......
00000250:  16 BF F7 91 4F CB 7B 32 2F B3 E7 59 EA EC D8 5A  ....O.{2/..Y...Z
00000260:  3B 1B A0 56 53 00 6F ED 31 BB A8 65 3A F1 EE AE  ;..VS.o.1..e:...
00000270:  A6 4D D8 DD 02 04 D6 FE C5 8C 7F 7C EB B0 6F C4  .M.........|..o.
00000280:  A0 5B 63 74 17 34 2E 10 1D 8C 2A 74 27 26 17 3D  .[ct.4....*t'&.=
00000290:  09 8E 89 94 A3 59 78 2E 1C 11 54 6A 5B 50 B3 C6  .....Yx...Tj[P..
000002A0:  95 EE DD C0 5C 90 21 AC 31 A7 4F D0 E6 1A 84 EA  ....\.!.1.O.....
000002B0:  5A A6 93 8E B3 BE 45 F1 0F 8B 2C 82 EB 28 37 BC  Z.....E...,..(7.
000002C0:  3F E0 7F E0 93 50 73 78 41 76 A7 0E A7 FE AA 1C  ?....PsxAv......
000002D0:  12 4B 5B 6A 6D 85 3E 6B E6 FB 3F 3C 3B D8 C6 0F  .K[jm.>k..?<;...
000002E0:  46 ED F0 C4 CF 3E 61 13 A2 F5 13 01 6C 3C AD A9  F....>a.....l<..
000002F0:  D5 62 68 EB E2 2F 86 36 F7 62 70 D9 E0 7F D2 3C  .bh../.6.bp....<
00000300:  06 F0 CF C3 72 D1 2A C0 95 74 61 0B 07 CB 3F 19  ....r.*..ta...?.
00000310:  4C F3 9F DE 6B 37 8B 5E 1E 99 B1 B3 A1 92 CD 45  L...k7.^.......E
00000320:  E6 29 A7 E0 52 33 A2 0A 02 86 91 51 0B DC 12 C7  .)..R3.....Q....
00000330:  A0 C4 4A BD 73 55 3A 69 37 92 7A 71 E1 C3 17 FA  ..J.sU:i7.zq....
00000340:  81 AE 88 3C 6E F9 16 58 1B F4 FA B3 43 3A 58 90  ...<n..X....C:X.
00000350:  C1 99 CA 49 16 2F 3A 69 37 92 7A 71 E1 C3 17 FA  ...I./:i7.zq....
00000360:  81 AE 88 3C 6E F9 19 80 6A FA EF 7E 10 AC F4 82  ...<n...j..~....
00000370:  7A 14 DB 1B 57 45 00 00 00 00 00 00 00 00 00 00  z...WE..........
00000380:  00 00 00 00 00 00 00 00 00 00 00 00 00 00 00 00  ................ [zeros]
00000390:  00 00 00 00 00 00 00 00 00 00 00 00 00 00 00 00  ................ [zeros]
000003A0:  00 00 00 00 00 00 00 00 00 00 00 00 00 00 00 00  ................ [zeros]
000003B0:  00 00 00 00 00 00 00 00 00 00 00 00 00 00 00 00  ................ [zeros]
000003C0:  00 00 00 00 00 00 00 00 00 00 00 00 00 00 00 00  ................ [zeros]
000003D0:  00 00 00 00 00 00 00 00 00 00 00 00 00 00 00 00  ................ [zeros]
000003E0:  00 00 00 00 00 00 00 00 00 00 00 00 00 00 00 00  ................ [zeros]
000003F0:  00 00 00 00 00 00 00 00 00 00 00 00 00 00 00 00  ................ [zeros]
00000400:  00 00 00 00 00 00 00 00 00 00 00 00 00 00 00 00  ................ [zeros]
00000410:  00 00 00 00 00 00 00 00 00 00 00 00 00 00 00 00  ................ [zeros]
00000420:  00 00 00 00 00 00 00 00 00 00 00 00 00 00 00 00  ................ [zeros]
00000430:  00 00 00 00 00 00 00 00 00 00 00 00 00 00 00 00  ................ [zeros]
00000440:  00 00 00 00 00 00 00 00 00 00 00 00 00 00 00 00  ................ [zeros]
00000450:  00 00 00 00 00 00 00 00 00 00 00 00 00 00 00 00  ................ [zeros]
00000460:  00 00 00 00 00 00 00 00 00 00 00 00 00 00 00 00  ................ [zeros]
00000470:  00 00 00 00 00 00 00 00 00 00 00 00 00 00 00 00  ................ [zeros]
00000480:  00 00 00 00 00 00 00 00 00 00 00 00 00 00 00 00  ................ [zeros]
00000490:  00 00 00 00 00 00 00 00 00 00 00 00 00 00 00 00  ................ [zeros]
000004A0:  00 00 00 00 00 00 00 00 00 00 00 00 00 00 00 00  ................ [zeros]
000004B0:  00 00 00 00 00 00 00 00 00 00 00 00 00 00 00 00  ................ [zeros]
000004C0:  00 00 00 00 00 00 00 00 00 00 00 00 00 00 00 00  ................ [zeros]
000004D0:  00 00 00 00 00 00 00 00 00 00 00 00 00 00 00 00  ................ [zeros]
000004E0:  00 00 00 00 00 00 00 00 00 00 00 00 00 00 00 00  ................ [zeros]
000004F0:  00 00 00 00 00 00 00 00 00 00 00 00 00 00 00 00  ................ [zeros]
00000500:  00 00 00 00 00 00 F3 CA C8 44 E3 7E 1D 79 93 77  .........D.~.y.w
00000510:  95 10 AC DF 5D 39 BB 94 43 29 FB 9C 2B 20 DF 44  ....]9..C)..+ .D
00000520:  E6 E8 4B 8D AC 37 05 10 32 74 AB FD 22 F2 95 DB  ..K..7..2t.."...
00000530:  2D 63 C8 92 FD E7 B6 4D B0 E1 48 81 97 5D 9D A6  -c.....M..H..]..
00000540:  3F E8 90 5A D4 12 3C E1 6B 58 DE 95 B9 76 F6 2E  ?..Z..<.kX...v..
00000550:  81 B3 F0 70 39 C4 12 71 68 32 51 4A FF AA F2 10  ...p9..qh2QJ....
00000560:  5C CC 67 D5 E4 3B CC A6 E9 AD 5F DD B1 15 FE E1  \.g..;...._.....
00000570:  D3 47 03 60 96 D3 48 6E 32 F8 21 7E EF 2B FD 16  .G.`..Hn2.!~.+..
00000580:  8B 53 E5 0E 4D 22 74 4B 6B FA 99 95 29 65 12 FD  .S..M"tKk...)e..
00000590:  D1 40 A7 51 DF 6C 6E D4 4B 8B FE 85 FF 26 42 D0  .@.Q.ln.K....&B.
000005A0:  B1 B1 CB 36 B8 37 7D 3E A6 8F 4D 33 C2 21 C7 8D  ...6.7}>..M3.!..
000005B0:  F4 42 C2 BC 0E 56 4A 58 E2 34 21 57 F7 C1 E9 D4  .B...VJX.4!W....
000005C0:  08 02 C0 55 AD 45 04 A5 B9 F7 BA 80 23 FB 2E 5B  ...U.E......#..[
000005D0:  45 DE 38 E9 F4 02 B0 80 25 2D 1C EF 53 39 F6 E4  E.8.....%-..S9..
000005E0:  AC 0B 8C E1 23 62 C8 8C 36 68 CF BA 3E 13 BA FC  ....#b..6h..>...
000005F0:  A9 1E D8 C9 8E F7 A2 44 59 3B 57 E8 12 05 45 E2  .......DY;W...E.
00000600:  E6 65 40 C9 21 8E 8B 57 66 D7 81 3D 31 99 EF BA  .e@.!..Wf..=1...
00000610:  62 5B 38 A1 99 72 A1 18 13 27 AD BE 4B A1 5A 31  b[8..r...'..K.Z1
00000620:  60 73 C4 A5 39 CA 41 CA 2A 52 00 70 16 C0 48 8E  `s..9.A.*R.p..H.
00000630:  36 23 FF 84 F1 83 D2 86 5A 74 FA 88 66 57 34 5F  6#......Zt..fW4_
00000640:  CE D4 91 51 21 B4 A8 13 BA 9E 71 3F AE 48 FD 23  ...Q!.....q?.H.#
00000650:  C2 5A 36 23 D7 3C D3 7A C1 D4 F7 B7 8D 7E 8D 9C  .Z6#.<.z.....~..
00000660:  5F 23 3B 8C F7 40 A6 1B 77 89 A0 15 AF B9 E1 94  _#;..@..w.......
00000670:  2C 0E C9 8F C8 FC 52 2C CE 29 83 E6 82 9B ED 4A  ,.....R,.).....J
00000680:  24 F4 98 B4 EC 95 7D 39 62 8D A6 F8 C8 66 71 37  $.....}9b....fq7
00000690:  5C 06 04 7D 23 3B B0 A4 CC 98 DC 4C B8 0A 31 66  \..}#;.....L..1f
000006A0:  2F 57 61 68 ED E9 5A F3 44 AC 11 10 E4 8D B8 0F  /Wah..Z.D.......
000006B0:  6D B1 06 41 DC 81 E7 C9 42 53 57 22 A8 D5 69 66  m..A....BSW"..if
000006C0:  89 02 48 4B A2 B3 2E 8A 12 65 90 07 A1 37 FB D9  ..HK.....e...7..
000006D0:  CD 34 32 B0 E0 D9 D5 5E 17 AC B2 F9 6C 74 7B D3  .42....^....lt{.
000006E0:  FB D1 60 7E AC 47 D2 99 60 CA C5 1B E6 A2 41 2A  ..`~.G..`.....A*
000006F0:  DE 03 71 24 57 1B 5E DF EA 24 AD 5B 55 20 56 ED  ..q$W.^..$.[U V.
00000700:  62 16 3C 53 73 7B 34 01 3D C4 BC 4A BC B3 6B 2F  b.<Ss{4.=..J..k/
00000710:  C1 0F F2 93 AD 56 14 A3 18 33 ED 72 72 DA 2E 52  .....V...3.rr..R
00000720:  41 90 9A 90 6B 3E 6E 31 EC 1D 9E 1A 8C 86 3D 36  A...k>n1......=6
00000730:  74 A3 DA 61 03 5A 92 18 D4 D2 E6 07 D2 9F D1 47  t..a.Z.........G
00000740:  AC DB 2D E3 03 62 D2 F7 E0 E6 07 5D 3A 30 CA BA  ..-..b.....]:0..
00000750:  C8 14 EE 72 0D F6 75 4A 24 DF FA 1B 5B A4 87 17  ...r..uJ$...[...
00000760:  BC 26 14 EF 9A F5 F5 C5 63 B2 CF 3C 92 63 46 74  .&......c..<.cFt
00000770:  76 11 39 6F D4 D0 A7 B6 9D D8 B6 C3 E2 DF 82 EB  v.9o............
00000780:  72 0F 9D A5 D4 E9 68 A1 F0 CB C2 B7 3D 8A A0 89  r.....h.....=...
00000790:  2F CF A4 FE 24 6D 0F 37 66 4E D9 91 0A 62 27 43  /...$m.7fN...b'C
000007A0:  AB 71 EA C2 3E 12 6E 31 EC 1D 9E 1A 8C 86 3D 36  .q..>.n1......=6
000007B0:  74 A3 DA 61 03 5A 28 3A 38 DA 3C B9 04 E3 4E 48  t..a.Z(:8.<...NH
000007C0:  36 2D 94 E2 4D B2 F5 AE 6E 6C BC 04 1E CE 5D 9E  6-..M...nl....].
000007D0:  3A D9 81 DB F7 30 E5 DC 38 44 B5 9A 61 48 37 1C  :....0..8D..aH7.
000007E0:  85 CA 95 13 4E 62 08 D6 FA C4 2D 85 30 10 F0 B4  ....Nb....-.0...
000007F0:  D2 EB 5D 10 17 D0 58 79 C7 E6 5A 95 56 79 FC 01  ..]...Xy..Z.Vy..
00000800:  A2 7E A4 7C 48 69 BC 66 93 FD 3C 89 1C 77 51 32  .~.|Hi.f..<..wQ2
00000810:  7A FA A1 98 17 D8 D9 BA 22 C1 35 38 27 DB 9C CD  z.......".58'...
00000820:  46 0E 0A C3 D0 CA CB A9 3F 64 F3 19 D3 E3 40 F9  F.......?d....@.
00000830:  BE 02 51 A9 5D BB A9 76 28 A5 B7 A3 55 A8 38 ED  ..Q.]..v(...U.8.
00000840:  9D C8 84 82 36 6D 5C 26 3A F3 82 8B 16 77 DC D0  ....6m\&:....w..
00000850:  E5 BF 8D 12 EF 1D E4 E5 CC 04 87 3F 74 30 59 2A  ...........?t0Y*
00000860:  36 38 06 E6 DA D0 DA A7 68 E2 EF 05 65 D7 59 F6  68......h...e.Y.
00000870:  64 F8 81 D0 E2 EC B9 42 97 A4 F6 E9 BE 9F 01 80  d......B........
00000880:  3F 6B 10 ED 57 D4 29 E6 66 31 E9 CB 22 38 97 F6  ?k..W.).f1.."8..
00000890:  C1 0C 37 37 B3 B2 0B 84 4B F2 CF 71 E6 B2 48 4C  ..77....K..q..HL
000008A0:  C3 1D DE 39 61 3A CE EC 9F 49 2E ED CE 9A B2 D1  ...9a:...I......
000008B0:  3D 30 A4 1D 9E 2D AE 7A 02 72 A4 75 C6 E6 DC 7E  =0...-.z.r.u...~
000008C0:  FA 61 77 B4 C6 3D 69 93 63 27 EC 6F 24 71 57 BF  .aw..=i.c'.o$qW.
000008D0:  92 6D A1 05 86 4A 73 DC 2D 83 B0 61 32 F5 EF 56  .m...Js.-..a2..V
000008E0:  F0 97 F6 95 53 54 97 70 BD C6 76 B7 71 4A 10 0D  ....ST.p..v.qJ..
000008F0:  C4 1C 43 3E FB EC 00 15 E0 53 2E 11 98 EA 47 81  ..C>.....S....G.
00000900:  82 65 50 60 60 F5 E5 4E 1B 31 76 1C A2 66 5A 3C  .eP``..N.1v..fZ<
00000910:  18 D2 CD 2E 3B E6 0A A5 75 16 28 3F 3B 47 EA 15  ....;...u.(?;G..
00000920:  59 E3 A3 77 F4 7D 95 85 B2 7E F3 5A 7F 02 4A 4B  Y..w.}...~.Z..JK
00000930:  2E 17 B2 C0 8C 98 E2 78 FD 97 09 86 33 4E 2F 3E  .......x....3N/>
00000940:  53 03 C6 85 0A 0B 85 D5 EC 63 56 76 AC 81 6C 3E  S........cVv..l>
00000950:  1D 56 8E 39 89 BF 60 12 F8 04 2B F2 80 99 51 41  .V.9..`...+...QA
00000960:  B9 75 A3 46 FA 62 C0 22 3D 74 F3 26 EF 9C 87 1E  .u.F.b."=t.&....
00000970:  45 C9 B8 E8 A3 C4 F0 FC 15 75 C7 5A E9 02 7F E2  E........u.Z....
00000980:  DC F0 D7 D2 0C 59 66 59 48 B7 D8 D5 81 C6 68 4A  .....YfYH.....hJ
00000990:  C9 44 B6 0A 73 F4 92 52 3D 3E A2 A6 04 10 CC B7  .D..s..R=>......
000009A0:  06 9F E4 2A 3A 72 07 5E D8 29 3E 3C 7C EF 4E 1D  ...*:r.^.)><|.N.
000009B0:  EE 92 23 40 B8 F5 ED C2 09 6F 83 F8 C9 CD 96 E1  ..#@.....o......
000009C0:  7C D4 BC 6D B9 F1 D6 05 B2 DB 20 0F 3A 19 8C 25  |..m...... .:..%
000009D0:  25 96 00 6D 92 F9 23 6C AC 30 EC 08 2B 78 06 7A  %..m..#l.0..+x.z
000009E0:  08 EC 10 4E 24 4A 73 7D BD 17 D1 A6 32 32 1D 56  ...N$Js}....22.V
000009F0:  B8 8F 28 A4 48 A2 B2 9F CA 86 04 C5 57 03 AC 82  ..(.H.......W...
00000A00:  05 90 BE FC F7 0F CC 24 95 22 C3 20 4D 4F EF C8  .......$.". MO..
00000A10:  51 D7 E5 1E 93 8E A2 0E 47 E9 DF EA 2B 6B EC CC  Q.......G...+k..
00000A20:  96 30 CC 86 CE 36 73 07 D6 80 52 5C FB 18 6C 24  .0...6s...R\..l$
00000A30:  E5 6E 25 E3 8F 94 BE 49 CD 9C EA D1 CA 52 08 45  .n%....I.....R.E
00000A40:  31 18 8A BA C8 16 73 02 1B 6C 5B 86 6F B1 A2 99  1.....s..l[.o...
00000A50:  7A A7 30 B6 50 32 93 F7 C9 A9 F2 1C 7A 79 54 EA  z.0.P2......zyT.
00000A60:  09 E0 B8 1A 01 D7 7E 93 71 73 1E 6E CE 19 33 FA  ......~.qs.n..3.
00000A70:  F8 47 C3 41 53 7F 00 00 00 00 00 00 00 00 00 00  .G.AS...........
00000A80:  00 00 00 00 00 00 00 00 00 00 00 00 00 00 00 00  ................ [zeros]
00000A90:  00 00 00 00 00 00 00 00 00 00 00 00 00 00 00 00  ................ [zeros]
00000AA0:  00 00 00 00 00 00 00 00 00 00 00 00 00 00 00 00  ................ [zeros]
00000AB0:  00 00 00 00 00 00 00 00 00 00 00 00 00 00 00 00  ................ [zeros]
00000AC0:  00 00 00 00 00 00 00 00 00 00 00 00 00 00 00 00  ................ [zeros]
00000AD0:  00 00 00 00 00 00 00 00 00 00 00 00 00 00 00 00  ................ [zeros]
00000AE0:  00 00 00 00 00 00 00 00 00 00 00 00 00 00 00 00  ................ [zeros]
00000AF0:  00 00 00 00 00 00 00 00 00 00 00 00 00 00 00 00  ................ [zeros]
00000B00:  00 00 00 00 00 00 00 00 00 00 00 00 00 00 00 00  ................ [zeros]
00000B10:  00 00 00 00 00 00 00 00 00 00 00 00 00 00 00 00  ................ [zeros]
00000B20:  00 00 00 00 00 00 00 00 00 00 00 00 00 00 00 00  ................ [zeros]
00000B30:  00 00 00 00 00 00 00 00 00 00 00 00 00 00 00 00  ................ [zeros]
00000B40:  00 00 00 00 00 00 00 00 00 00 00 00 00 00 00 00  ................ [zeros]
00000B50:  00 00 00 00 00 00 00 00 00 00 00 00 00 00 00 00  ................ [zeros]
00000B60:  00 00 00 00 00 00 00 00 00 00 00 00 00 00 00 00  ................ [zeros]
00000B70:  00 00 00 00 00 00 00 00 00 00 00 00 00 00 00 00  ................ [zeros]
00000B80:  00 00 00 00 00 00 00 00 00 00 00 00 00 00 00 00  ................ [zeros]
00000B90:  00 00 00 00 00 00 00 00 00 00 00 00 00 00 00 00  ................ [zeros]
00000BA0:  00 00 00 00 00 00 00 00 00 00 00 00 00 00 00 00  ................ [zeros]
00000BB0:  00 00 00 00 00 00 00 00 00 00 00 00 00 00 00 00  ................ [zeros]
00000BC0:  00 00 00 00 00 00 00 00 00 00 00 00 00 00 00 00  ................ [zeros]
00000BD0:  00 00 00 00 00 00 00 00 00 00 00 00 00 00 00 00  ................ [zeros]
00000BE0:  00 00 00 00 00 00 00 00 00 00 00 00 00 00 00 00  ................ [zeros]
00000BF0:  00 00 00 00 00 00 00 00 00 00 00 00 00 00 00 00  ................ [zeros]
00000C00:  00 00 00 00 00 00 00 00 00 00 00 00 00 00 00 00  ................ [zeros]
00000C10:  00 00 00 00 00 00 00 00 00 00 00 00 00 00 00 00  ................ [zeros]
00000C20:  00 00 00 00 00 00 00 00 00 00 00 00 00 00 00 00  ................ [zeros]
00000C30:  00 00 00 00 00 00 00 00 00 00 00 00 00 00 00 00  ................ [zeros]
00000C40:  00 00 00 00 00 00 00 00 00 00 00 00 00 00 00 00  ................ [zeros]
00000C50:  00 00 00 00 00 00 00 00 00 00 00 00 00 00 00 00  ................ [zeros]
00000C60:  00 00 00 00 00 00 00 00 00 00 00 00 00 00 00 00  ................ [zeros]
00000C70:  00 00 00 00 00 00 00 00 00 00 00 00 00 00 00 00  ................ [zeros]
00000C80:  00 00 00 00 00 00 00 00 00 00 00 00 00 00 00 00  ................ [zeros]
00000C90:  00 00 00 00 00 00 00 00 00 00 00 00 00 00 00 00  ................ [zeros]
00000CA0:  00 00 00 00 00 00 00 00 00 00 00 00 00 00 00 00  ................ [zeros]
00000CB0:  00 00 00 00 00 00 00 00 00 00 00 00 00 00 00 00  ................ [zeros]
00000CC0:  00 00 00 00 00 00 00 00 00 00 00 00 00 00 00 00  ................ [zeros]
00000CD0:  00 00 00 00 00 00 00 00 00 00 00 00 00 00 00 00  ................ [zeros]
00000CE0:  00 00 00 00 00 00 00 00 00 00 00 00 00 00 00 00  ................ [zeros]
00000CF0:  00 00 00 00 00 00 00 00 00 00 00 00 00 00 00 00  ................ [zeros]
00000D00:  00 00 00 00 00 00 00 00 00 00 00 00 00 00 00 00  ................ [zeros]
00000D10:  00 00 00 00 00 00 00 00 00 00 00 00 00 00 00 00  ................ [zeros]
00000D20:  00 00 00 00 00 00 00 00 00 00 00 00 00 00 00 00  ................ [zeros]
00000D30:  00 00 00 00 00 00 00 00 00 00 00 00 00 00 00 00  ................ [zeros]
00000D40:  00 00 00 00 00 00 00 00 00 00 00 00 00 00 00 00  ................ [zeros]
00000D50:  00 00 00 00 00 00 00 00 00 00 00 00 00 00 00 00  ................ [zeros]
00000D60:  00 00 00 00 00 00 00 00 00 00 00 00 00 00 00 00  ................ [zeros]
00000D70:  00 00 00 00 00 00 00 00 00 00 00 00 00 00 00 00  ................ [zeros]
00000D80:  00 00 00 00 00 00 00 00 00 00 00 00 00 00 00 00  ................ [zeros]
00000D90:  00 00 00 00 00 00 00 00 00 00 00 00 00 00 00 00  ................ [zeros]
00000DA0:  00 00 00 00 00 00 00 00 00 00 00 00 00 00 00 00  ................ [zeros]
00000DB0:  00 00 00 00 00 00 00 00 00 00 00 00 00 00 00 00  ................ [zeros]
00000DC0:  00 00 00 00 00 00 00 00 00 00 00 00 00 00 00 00  ................ [zeros]
00000DD0:  00 00 00 00 00 00 00 00 00 00 00 00 00 00 00 00  ................ [zeros]
00000DE0:  00 00 00 00 00 00 00 00 00 00 00 00 00 00 00 00  ................ [zeros]
00000DF0:  00 00 00 00 00 00 00 00 00 00 00 00 00 00 00 00  ................ [zeros]
00000E00:  00 00 00 00 00 00 00 00 00 00 00 00 00 00 00 00  ................ [zeros]
00000E10:  00 00 00 00 00 00 00 00 00 00 00 00 00 00 00 00  ................ [zeros]
00000E20:  00 00 00 00 00 00 00 00 00 00 00 00 00 00 00 00  ................ [zeros]
00000E30:  00 00 00 00 00 00 00 00 00 00 00 00 00 00 00 00  ................ [zeros]
00000E40:  00 00 00 00 00 00 00 00 00 00 00 00 00 00 00 00  ................ [zeros]
00000E50:  00 00 00 00 00 00 00 00 00 00 00 00 00 00 00 00  ................ [zeros]
00000E60:  00 00 00 00 00 00 73 59 7C 83 2C 58 28 EC 12 AD  ......sY|.,X(...
00000E70:  9D 90 EF 95 20 7F 00 00 00 00 00 00 00 00 00 00  .... ...........
00000E80:  00 00 00 00 00 00 00 00 00 00 00 00 00 00 00 00  ................ [zeros]
00000E90:  00 00 00 00 00 00 00 00 00 00 00 00 00 00 00 00  ................ [zeros]
00000EA0:  00 00 00 00 00 00 00 00 00 00 00 00 00 00 00 00  ................ [zeros]
00000EB0:  00 00 00 00 00 00 00 00 00 00 00 00 00 00 00 00  ................ [zeros]
00000EC0:  00 00 00 00 00 00 00 00 00 00 00 00 00 00 00 00  ................ [zeros]
00000ED0:  00 00 00 00 00 00 00 00 00 00 00 00 00 00 00 00  ................ [zeros]
00000EE0:  00 00 00 00 00 00 00 00 00 00 00 00 00 00 00 00  ................ [zeros]
00000EF0:  00 00 00 00 00 00 00 00 00 00 00 00 00 00 00 00  ................ [zeros]
00000F00:  00 00 00 00 00 00 00 00 00 00 00 00 00 00 00 00  ................ [zeros]
00000F10:  00 00 00 00 00 00 00 00 00 00 00 00 00 00 00 00  ................ [zeros]
00000F20:  00 00 00 00 00 00 00 00 00 00 00 00 00 00 00 00  ................ [zeros]
00000F30:  00 00 00 00 00 00 00 00 00 00 00 00 00 00 00 00  ................ [zeros]
00000F40:  00 00 00 00 00 00 00 00 00 00 00 00 00 00 00 00  ................ [zeros]
00000F50:  00 00 00 00 00 00 00 00 00 00 00 00 00 00 00 00  ................ [zeros]
00000F60:  00 00 00 00 00 00 00 00 00 00 00 00 00 00 00 00  ................ [zeros]
00000F70:  00 00 00 00 00 00 00 00 00 00 00 00 00 00 00 00  ................ [zeros]
00000F80:  00 00 00 00 00 00 00 00 00 00 00 00 00 00 00 00  ................ [zeros]
00000F90:  00 00 00 00 00 00 00 00 00 00 00 00 00 00 00 00  ................ [zeros]
00000FA0:  00 00 00 00 00 00 00 00 00 00 00 00 00 00 00 00  ................ [zeros]
00000FB0:  00 00 00 00 00 00 00 00 00 00 00 00 00 00 00 00  ................ [zeros]
00000FC0:  00 00 00 00 00 00 00 00 00 00 00 00 00 00 00 00  ................ [zeros]
00000FD0:  00 00 00 00 00 00 00 00 00 00 00 00 00 00 00 00  ................ [zeros]
00000FE0:  00 00 00 00 00 00 00 00 00 00 00 00 00 00 00 00  ................ [zeros]
00000FF0:  00 00 00 00 00 00 00 00 00 00 00 00 00 00 00 00  ................ [zeros]
00001000:  00 00 00 00 00 00 00 00 00 00 00 00 00 00 00 00  ................ [zeros]
00001010:  00 00 00 00 00 00 00 00 00 00 00 00 00 00 00 00  ................ [zeros]
00001020:  00 00 00 00 00 00 00 00 00 00 00 00 00 00 00 00  ................ [zeros]
00001030:  00 00 00 00 00 00 00 00 00 00 00 00 00 00 00 00  ................ [zeros]
00001040:  00 00 00 00 00 00 00 00 00 00 00 00 00 00 00 00  ................ [zeros]
00001050:  00 00 00 00 00 00 00 00 00 00 00 00 00 00 00 00  ................ [zeros]
00001060:  00 00 00 00 00 00 00 00 00 00 00 00 00 00 00 00  ................ [zeros]
00001070:  00 00 00 00 00 00 00 00 00 00 00 00 00 00 00 00  ................ [zeros]
00001080:  00 00 00 00 00 00 00 00 00 00 00 00 00 00 00 00  ................ [zeros]
00001090:  00 00 00 00 00 00 00 00 00 00 00 00 00 00 00 00  ................ [zeros]
000010A0:  00 00 00 00 00 00 00 00 00 00 00 00 00 00 00 00  ................ [zeros]
000010B0:  00 00 00 00 00 00 00 00 00 00 00 00 00 00 00 00  ................ [zeros]
000010C0:  00 00 00 00 00 00 00 00 00 00 00 00 00 00 00 00  ................ [zeros]
000010D0:  00 00 00 00 00 00 00 00 00 00 00 00 00 00 00 00  ................ [zeros]
000010E0:  00 00 00 00 00 00 00 00 00 00 00 00 00 00 00 00  ................ [zeros]
000010F0:  00 00 00 00 00 00 00 00 00 00 00 00 00 00 00 00  ................ [zeros]
00001100:  00 00 00 00 00 00 00 00 00 00 00 00 00 00 00 00  ................ [zeros]
00001110:  00 00 00 00 00 00 00 00 00 00 00 00 00 00 00 00  ................ [zeros]
00001120:  00 00 00 00 00 00 00 00 00 00 00 00 00 00 00 00  ................ [zeros]
00001130:  00 00 00 00 00 00 00 00 00 00 00 00 00 00 00 00  ................ [zeros]
00001140:  00 00 00 00 00 00 00 00 00 00 00 00 00 00 00 00  ................ [zeros]
00001150:  00 00 00 00 00 00 00 00 00 00 00 00 00 00 00 00  ................ [zeros]
00001160:  00 00 00 00 00 00 00 00 00 00 00 00 00 00 00 00  ................ [zeros]
00001170:  00 00 00 00 00 00 00 00 00 00 00 00 00 00 00 00  ................ [zeros]
00001180:  00 00 00 00 00 00 00 00 00 00 00 00 00 00 00 00  ................ [zeros]
00001190:  00 00 00 00 00 00 00 00 00 00 00 00 00 00 00 00  ................ [zeros]
000011A0:  00 00 00 00 00 00 00 00 00 00 00 00 00 00 00 00  ................ [zeros]
000011B0:  00 00 00 00 00 00 00 00 00 00 00 00 00 00 00 00  ................ [zeros]
000011C0:  00 00 00 00 00 00 00 00 00 00 00 00 00 00 00 00  ................ [zeros]
000011D0:  00 00 00 00 00 00 00 00 00 00 00 00 00 00 00 00  ................ [zeros]
000011E0:  00 00 00 00 00 00 00 00 00 00 00 00 00 00 00 00  ................ [zeros]
000011F0:  00 00 00 00 00 00 00 00 00 00 00 00 00 00 00 00  ................ [zeros]
00001200:  00 00 00 00 00 00 00 00 00 00 00 00 00 00 00 00  ................ [zeros]
00001210:  00 00 00 00 00 00 00 00 00 00 00 00 00 00 00 00  ................ [zeros]
00001220:  00 00 00 00 00 00 00 00 00 00 00 00 00 00 00 00  ................ [zeros]
00001230:  00 00 00 00 00 00 00 00 00 00 00 00 00 00 00 00  ................ [zeros]
00001240:  00 00 00 00 00 00 00 00 00 00 00 00 00 00 00 00  ................ [zeros]
00001250:  00 00 00 00 00 00 00 00 00 00 00 00 00 00 00 00  ................ [zeros]
00001260:  00 00 00 00 00 00 62 48 1A C4 FA 91 F5 94 AE 52  ......bH.......R
00001270:  9C 10 08 54 90 29 00 00 00 00 00 00 00 00 00 00  ...T.)..........
00001280:  00 00 00 00 00 00 00 00 00 00 00 00 00 00 00 00  ................ [zeros]
00001290:  00 00 00 00 00 00 00 00 00 00 00 00 00 00 00 00  ................ [zeros]
000012A0:  00 00 00 00 00 00 00 00 00 00 00 00 00 00 00 00  ................ [zeros]
000012B0:  00 00 00 00 00 00 00 00 00 00 00 00 00 00 00 00  ................ [zeros]
000012C0:  00 00 00 00 00 00 00 00 00 00 00 00 00 00 00 00  ................ [zeros]
000012D0:  00 00 00 00 00 00 00 00 00 00 00 00 00 00 00 00  ................ [zeros]
000012E0:  00 00 00 00 00 00 00 00 00 00 00 00 00 00 00 00  ................ [zeros]
000012F0:  00 00 00 00 00 00 00 00 00 00 00 00 00 00 00 00  ................ [zeros]
00001300:  00 00 00 00 00 00 00 00 00 00 00 00 00 00 00 00  ................ [zeros]
00001310:  00 00 00 00 00 00 00 00 00 00 00 00 00 00 00 00  ................ [zeros]
00001320:  00 00 00 00 00 00 00 00 00 00 00 00 00 00 00 00  ................ [zeros]
00001330:  00 00 00 00 00 00 00 00 00 00 00 00 00 00 00 00  ................ [zeros]
00001340:  00 00 00 00 00 00 00 00 00 00 00 00 00 00 00 00  ................ [zeros]
00001350:  00 00 00 00 00 00 00 00 00 00 00 00 00 00 00 00  ................ [zeros]
00001360:  00 00 00 00 00 00 00 00 00 00 00 00 00 00 00 00  ................ [zeros]
00001370:  00 00 00 00 00 00 00 00 00 00 00 00 00 00 00 00  ................ [zeros]
00001380:  00 00 00 00 00 00 00 00 00 00 00 00 00 00 00 00  ................ [zeros]
00001390:  00 00 00 00 00 00 00 00 00 00 00 00 00 00 00 00  ................ [zeros]
000013A0:  00 00 00 00 00 00 00 00 00 00 00 00 00 00 00 00  ................ [zeros]
000013B0:  00 00 00 00 00 00 00 00 00 00 00 00 00 00 00 00  ................ [zeros]
000013C0:  00 00 00 00 00 00 00 00 00 00 00 00 00 00 00 00  ................ [zeros]
000013D0:  00 00 00 00 00 00 00 00 00 00 00 00 00 00 00 00  ................ [zeros]
000013E0:  00 00 00 00 00 00 00 00 00 00 00 00 00 00 00 00  ................ [zeros]
000013F0:  00 00 00 00 00 00 00 00 00 00 00 00 00 00 00 00  ................ [zeros]
00001400:  00 00 00 00 00 00 00 00 00 00 00 00 00 00 00 00  ................ [zeros]
00001410:  00 00 00 00 00 00 00 00 00 00 00 00 00 00 00 00  ................ [zeros]
00001420:  00 00 00 00 00 00 00 00 00 00 00 00 00 00 00 00  ................ [zeros]
00001430:  00 00 00 00 00 00 00 00 00 00 00 00 00 00 00 00  ................ [zeros]
00001440:  00 00 00 00 00 00 00 00 00 00 00 00 00 00 00 00  ................ [zeros]
00001450:  00 00 00 00 00 00 00 00 00 00 00 00 00 00 00 00  ................ [zeros]
00001460:  00 00 00 00 00 00 00 00 00 00 00 00 00 00 00 00  ................ [zeros]
00001470:  00 00 00 00 00 00 00 00 00 00 00 00 00 00 00 00  ................ [zeros]
00001480:  00 00 00 00 00 00 00 00 00 00 00 00 00 00 00 00  ................ [zeros]
00001490:  00 00 00 00 00 00 00 00 00 00 00 00 00 00 00 00  ................ [zeros]
000014A0:  00 00 00 00 00 00 00 00 00 00 00 00 00 00 00 00  ................ [zeros]
000014B0:  00 00 00 00 00 00 00 00 00 00 00 00 00 00 00 00  ................ [zeros]
000014C0:  00 00 00 00 00 00 00 00 00 00 00 00 00 00 00 00  ................ [zeros]
000014D0:  00 00 00 00 00 00 00 00 00 00 00 00 00 00 00 00  ................ [zeros]
000014E0:  00 00 00 00 00 00 00 00 00 00 00 00 00 00 00 00  ................ [zeros]
000014F0:  00 00 00 00 00 00 00 00 00 00 00 00 00 00 00 00  ................ [zeros]
00001500:  00 00 00 00 00 00 00 00 00 00 00 00 00 00 00 00  ................ [zeros]
00001510:  00 00 00 00 00 00 00 00 00 00 00 00 00 00 00 00  ................ [zeros]
00001520:  00 00 00 00 00 00 00 00 00 00 00 00 00 00 00 00  ................ [zeros]
00001530:  00 00 00 00 00 00 00 00 00 00 00 00 00 00 00 00  ................ [zeros]
00001540:  00 00 00 00 00 00 00 00 00 00 00 00 00 00 00 00  ................ [zeros]
00001550:  00 00 00 00 00 00 00 00 00 00 00 00 00 00 00 00  ................ [zeros]
00001560:  00 00 00 00 00 00 00 00 00 00 00 00 00 00 00 00  ................ [zeros]
00001570:  00 00 00 00 00 00 00 00 00 00 00 00 00 00 00 00  ................ [zeros]
00001580:  00 00 00 00 00 00 00 00 00 00 00 00 00 00 00 00  ................ [zeros]
00001590:  00 00 00 00 00 00 00 00 00 00 00 00 00 00 00 00  ................ [zeros]
000015A0:  00 00 00 00 00 00 00 00 00 00 00 00 00 00 00 00  ................ [zeros]
000015B0:  00 00 00 00 00 00 00 00 00 00 00 00 00 00 00 00  ................ [zeros]
000015C0:  00 00 00 00 00 00 00 00 00 00 00 00 00 00 00 00  ................ [zeros]
000015D0:  00 00 00 00 00 00 00 00 00 00 00 00 00 00 00 00  ................ [zeros]
000015E0:  00 00 00 00 00 00 00 00 00 00 00 00 00 00 00 00  ................ [zeros]
000015F0:  00 00 00 00 00 00 00 00 00 00 00 00 00 00 00 00  ................ [zeros]
00001600:  00 00 00 00 00 00 00 00 00 00 00 00 00 00 00 00  ................ [zeros]
00001610:  00 00 00 00 00 00 00 00 00 00 00 00 00 00 00 00  ................ [zeros]
00001620:  00 00 00 00 00 00 00 00 00 00 00 00 00 00 00 00  ................ [zeros]
00001630:  00 00 00 00 00 00 00 00 00 00 00 00 00 00 00 00  ................ [zeros]
00001640:  00 00 00 00 00 00 00 00 00 00 00 00 00 00 00 00  ................ [zeros]
00001650:  00 00 00 00 00 00 00 00 00 00 00 00 00 00 00 00  ................ [zeros]
00001660:  00 00 00 00 00 00 49 92 9B A4 91 73 13 A5 5C 0D  ......I....s..\.
00001670:  18 35 05 78 12 17 00 00 00 00 00 00 00 00 00 00  .5.x............
00001680:  00 00 00 00 00 00 00 00 00 00 00 00 00 00 00 00  ................ [zeros]
00001690:  00 00 00 00 00 00 00 00 00 00 00 00 00 00 00 00  ................ [zeros]
000016A0:  00 00 00 00 00 00 00 00 00 00 00 00 00 00 00 00  ................ [zeros]
000016B0:  00 00 00 00 00 00 00 00 00 00 00 00 00 00 00 00  ................ [zeros]
000016C0:  00 00 00 00 00 00 00 00 00 00 00 00 00 00 00 00  ................ [zeros]
000016D0:  00 00 00 00 00 00 00 00 00 00 00 00 00 00 00 00  ................ [zeros]
000016E0:  00 00 00 00 00 00 00 00 00 00 00 00 00 00 00 00  ................ [zeros]
000016F0:  00 00 00 00 00 00 00 00 00 00 00 00 00 00 00 00  ................ [zeros]
00001700:  00 00 00 00 00 00 00 00 00 00 00 00 00 00 00 00  ................ [zeros]
00001710:  00 00 00 00 00 00 00 00 00 00 00 00 00 00 00 00  ................ [zeros]
00001720:  00 00 00 00 00 00 00 00 00 00 00 00 00 00 00 00  ................ [zeros]
00001730:  00 00 00 00 00 00 00 00 00 00 00 00 00 00 00 00  ................ [zeros]
00001740:  00 00 00 00 00 00 00 00 00 00 00 00 00 00 00 00  ................ [zeros]
00001750:  00 00 00 00 00 00 00 00 00 00 00 00 00 00 00 00  ................ [zeros]
00001760:  00 00 00 00 00 00 00 00 00 00 00 00 00 00 00 00  ................ [zeros]
00001770:  00 00 00 00 00 00 00 00 00 00 00 00 00 00 00 00  ................ [zeros]
00001780:  00 00 00 00 00 00 00 00 00 00 00 00 00 00 00 00  ................ [zeros]
00001790:  00 00 00 00 00 00 00 00 00 00 00 00 00 00 00 00  ................ [zeros]
000017A0:  00 00 00 00 00 00 00 00 00 00 00 00 00 00 00 00  ................ [zeros]
000017B0:  00 00 00 00 00 00 00 00 00 00 00 00 00 00 00 00  ................ [zeros]
000017C0:  00 00 00 00 00 00 00 00 00 00 00 00 00 00 00 00  ................ [zeros]
000017D0:  00 00 00 00 00 00 00 00 00 00 00 00 00 00 00 00  ................ [zeros]
000017E0:  00 00 00 00 00 00 00 00 00 00 00 00 00 00 00 00  ................ [zeros]
000017F0:  00 00 00 00 00 00 00 00 00 00 00 00 00 00 00 00  ................ [zeros]
00001800:  00 00 00 00 00 00 00 00 00 00 00 00 00 00 00 00  ................ [zeros]
00001810:  00 00 00 00 00 00 00 00 00 00 00 00 00 00 00 00  ................ [zeros]
00001820:  00 00 00 00 00 00 00 00 00 00 00 00 00 00 00 00  ................ [zeros]
00001830:  00 00 00 00 00 00 00 00 00 00 00 00 00 00 00 00  ................ [zeros]
00001840:  00 00 00 00 00 00 00 00 00 00 00 00 00 00 00 00  ................ [zeros]
00001850:  00 00 00 00 00 00 00 00 00 00 00 00 00 00 00 00  ................ [zeros]
00001860:  00 00 00 00 00 00 00 00 00 00 00 00 00 00 00 00  ................ [zeros]
00001870:  00 00 00 00 00 00 00 00 00 00 00 00 00 00 00 00  ................ [zeros]
00001880:  00 00 00 00 00 00 00 00 00 00 00 00 00 00 00 00  ................ [zeros]
00001890:  00 00 00 00 00 00 00 00 00 00 00 00 00 00 00 00  ................ [zeros]
000018A0:  00 00 00 00 00 00 00 00 00 00 00 00 00 00 00 00  ................ [zeros]
000018B0:  00 00 00 00 00 00 00 00 00 00 00 00 00 00 00 00  ................ [zeros]
000018C0:  00 00 00 00 00 00 00 00 00 00 00 00 00 00 00 00  ................ [zeros]
000018D0:  00 00 00 00 00 00 00 00 00 00 00 00 00 00 00 00  ................ [zeros]
000018E0:  00 00 00 00 00 00 00 00 00 00 00 00 00 00 00 00  ................ [zeros]
000018F0:  00 00 00 00 00 00 00 00 00 00 00 00 00 00 00 00  ................ [zeros]
00001900:  00 00 00 00 00 00 00 00 00 00 00 00 00 00 00 00  ................ [zeros]
00001910:  00 00 00 00 00 00 00 00 00 00 00 00 00 00 00 00  ................ [zeros]
00001920:  00 00 00 00 00 00 00 00 00 00 00 00 00 00 00 00  ................ [zeros]
00001930:  00 00 00 00 00 00 00 00 00 00 00 00 00 00 00 00  ................ [zeros]
00001940:  00 00 00 00 00 00 00 00 00 00 00 00 00 00 00 00  ................ [zeros]
00001950:  00 00 00 00 00 00 00 00 00 00 00 00 00 00 00 00  ................ [zeros]
00001960:  00 00 00 00 00 00 00 00 00 00 00 00 00 00 00 00  ................ [zeros]
00001970:  00 00 00 00 00 00 00 00 00 00 00 00 00 00 00 00  ................ [zeros]
00001980:  00 00 00 00 00 00 00 00 00 00 00 00 00 00 00 00  ................ [zeros]
00001990:  00 00 00 00 00 00 00 00 00 00 00 00 00 00 00 00  ................ [zeros]
000019A0:  00 00 00 00 00 00 00 00 00 00 00 00 00 00 00 00  ................ [zeros]
000019B0:  00 00 00 00 00 00 00 00 00 00 00 00 00 00 00 00  ................ [zeros]
000019C0:  00 00 00 00 00 00 00 00 00 00 00 00 00 00 00 00  ................ [zeros]
000019D0:  00 00 00 00 00 00 00 00 00 00 00 00 00 00 00 00  ................ [zeros]
000019E0:  00 00 00 00 00 00 00 00 00 00 00 00 00 00 00 00  ................ [zeros]
000019F0:  00 00 00 00 00 00 00 00 00 00 00 00 00 00 00 00  ................ [zeros]
00001A00:  00 00 00 00 00 00 00 00 00 00 00 00 00 00 00 00  ................ [zeros]
00001A10:  00 00 00 00 00 00 00 00 00 00 00 00 00 00 00 00  ................ [zeros]
00001A20:  00 00 00 00 00 00 00 00 00 00 00 00 00 00 00 00  ................ [zeros]
00001A30:  00 00 00 00 00 00 00 00 00 00 00 00 00 00 00 00  ................ [zeros]
00001A40:  00 00 00 00 00 00 00 00 00 00 00 00 00 00 00 00  ................ [zeros]
00001A50:  00 00 00 00 00 00 00 00 00 00 00 00 00 00 00 00  ................ [zeros]
00001A60:  00 00 00 00 00 00 00 00 00 00 00 00 00 00 00 00  ................ [zeros]
00001A70:  00 00 00 00 00 00 BF 60 1C F1 51 AC 03 F2 3A 58  .......`..Q...:X
00001A80:  A7 08 B5 A8 D7 81 AA E8 27 2F 53 04 2A 4F 3F 46  ........'/S.*O?F
00001A90:  BB 20 46 52 43 F1 0D B5 6E 91 75 61 3E 89 86 EF  . FRC...n.ua>...
00001AA0:  5B 7C 7D D5 5C C7 FB 8A 42 C2 32 3B 13 06 8A E6  [|}.\...B.2;....
00001AB0:  04 3D E7 77 8C 14 BD 66 19 8D FB DB 1C D9 3E 88  .=.w...f......>.
00001AC0:  42 A5 75 30 E3 D2 4B 87 3E EA F7 E2 5D 44 69 6B  B.u0..K.>...]Dik
00001AD0:  B0 70 5D 84 C5 6D 9D 7C F1 4F 74 3B BF F4 E1 A5  .p]..m.|.Ot;....
00001AE0:  20 B4 3C 61 AE A4 96 F4 C5 D8 28 7D E1 B0 9E D5   .<a......(}....
00001AF0:  E4 6C 1A 08 94 AC 89 4B B5 57 F2 49 9A BC 20 A1  .l.....K.W.I.. .
00001B00:  65 12 71 02 12 8A 63 4A 57 C4 B7 B6 22 80 79 AC  e.q...cJW...".y.
00001B10:  A1 32 34 7A 4B 7F E2 54 E5 8D 86 28 E2 F6 64 70  .24zK..T...(..dp
00001B20:  FD 70 2E F0 CC C2 93 2F 6B B9 FD FA 1D 25 70 05  .p...../k....%p.
00001B30:  EE 0B EA 2A F7 09 26 02 50 3D 37 1A 12 47 58 ED  ...*..&.P=7..GX.
00001B40:  28 A2 6C 8D EC 9A 14 51 25 D0 25 AB 12 67 59 48  (.l....Q%.%..gYH
00001B50:  02 09 5C 91 91 4A B0 98 D3 B5 E8 9B 55 92 46 DD  ..\..J......U.F.
00001B60:  DA 9C EB FC 43 8E DB 4B CC E6 B7 EA 96 F5 05 69  ....C..K.......i
00001B70:  81 04 1A 24 E3 E3 48 6E 71 8B 41 D2 C7 CE DA 63  ...$..Hnq.A....c
00001B80:  A7 67 52 69 2E A3 3D 03 1A 76 F2 40 CF 1C 78 89  .gRi..=..v.@..x.
00001B90:  C5 32 D3 E9 C5 A7 50 EF A5 BB CC 61 E8 4A 78 19  .2....P....a.Jx.
00001BA0:  61 02 5C 01 B0 EA E2 AE 01 70 C7 6C DC 93 DF DD  a.\......p.l....
00001BB0:  12 AC E8 0E 12 E9 82 C3 4F B4 09 EA A2 1E D0 28  ........O......(
00001BC0:  F3 A5 07 E4 17 5B C3 84 CE C3 26 88 6B 60 97 78  .....[....&.k`.x
00001BD0:  3F CF 3E 0E A0 E9 76 33 A0 40 3D 0B E9 0A D0 8B  ?.>...v3.@=.....
00001BE0:  D1 AC 4E 4C 55 64 86 A6 E0 D4 4A F9 2F ED 98 90  ..NLUd....J./...
00001BF0:  42 59 97 53 62 AC 7A 4C 38 39 1C 93 FB AE 92 0F  BY.Sb.zL89......
00001C00:  1E C1 F7 15 E5 B5 1F C5 30 AE 7A 61 3D 4A F8 E3  ........0.za=J..
00001C10:  26 AB E5 8A A0 7B C7 C9 AB 1F 0E 71 18 01 16 E4  &....{.....q....
00001C20:  D8 A2 EA AD 6B C5 59 80 A6 31 A1 54 53 68 13 A5  ....k.Y..1.TSh..
00001C30:  0E E4 C2 2D 5E 86 27 28 86 49 21 46 54 C4 3D AD  ...-^.'(.I!FT.=.
00001C40:  70 E1 94 C1 4F 95 BC FD F0 1D AE 23 D1 94 27 E4  p...O......#..'.
00001C50:  91 37 20 17 34 C6 21 CD 78 D2 EF 1B 1E BE E6 F8  .7 .4.!.x.......
00001C60:  14 47 52 84 4B A8 36 FA 09 32 82 E4 B1 39 7C 3E  .GR.K.6..2...9|>
00001C70:  43 0B B7 91 81 72 C9 58 81 40 7F 8E 24 F3 14 E4  C....r.X.@..$...
00001C80:  A7 86 70 96 CF 27 81 63 D0 91 5E 97 31 B0 0C 1C  ..p..'.c..^.1...
00001C90:  B8 00 DA 1D 19 CC 4C B4 65 59 69 4C 42 85 4B 80  ......L.eYiLB.K.
00001CA0:  6D 62 57 B7 46 C0 AF ED 2B 49 51 6E 33 94 73 70  mbW.F...+IQn3.sp
00001CB0:  97 66 F7 09 6D 74 B7 1E 76 BE 41 4E 17 61 AB 55  .f..mt..v.AN.a.U
00001CC0:  E0 57 B7 70 BA AD 62 8F 79 3C AD 69 18 4B 66 25  .W.p..b.y<.i.Kf%
00001CD0:  47 FA 52 1B ED AE 50 3B 7C EA AC D3 3A 92 97 05  G.R...P;|...:...
00001CE0:  1A A7 27 70 F6 8E F0 5B 0A C3 C4 55 05 45 61 C7  ..'p...[...U.Ea.
00001CF0:  10 A3 E7 72 38 E9 2E 71 44 2C B7 83 0D 16 20 06  ...r8..qD,.... .
00001D00:  30 16 B2 F9 A7 F8 B0 98 D3 B5 E8 9B 55 92 46 DD  0...........U.F.
00001D10:  DA 9C EB FC 43 8E D0 FF 1B 8F ED 05 7E 16 F1 F0  ....C.......~...
00001D20:  45 64 32 04 85 5D FB DF 41 6D 62 86 A5 88 FC EF  Ed2..]..Amb.....
00001D30:  EC B5 10 91 D7 04 3D 03 1A 76 F2 40 CF 1C 78 89  ......=..v.@..x.
00001D40:  C5 32 D3 E9 C5 A7 A7 23 8C 53 F0 B4 B3 64 CB C7  .2.....#.S...d..
00001D50:  6B D1 AC FB A6 7D 3F 53 04 11 CD 00 0E 19 17 28  k....}?S.......(
00001D60:  79 2D 07 8E 3C 62 B7 DC 1B 1E 9C 89 40 07 E1 A4  y-..<b......@...
00001D70:  FA 58 ED D9 A8 7F 39 14 3A 5F 0D 4A 8F BB 0C B7  .X....9.:_.J....
00001D80:  04 1D 45 97 21 F6 6A C3 F8 95 A2 72 C3 E5 D4 70  ..E.!.j....r...p
00001D90:  F7 6D BE 97 E6 35 E2 C7 39 21 5B 5D 46 22 9A 46  .m...5..9![]F".F
00001DA0:  C0 CB 23 66 76 AD 4C 65 5C F2 CC EB 8C CD 05 FE  ..#fv.Le\.......
00001DB0:  9D 44 88 6E CF 3C 7E 3B FF 6E 1D 81 F1 70 67 D8  .D.n.<~;.n...pg.
00001DC0:  8E 94 8F 33 FE E5 35 D0 F5 18 93 34 4E C2 B4 F6  ...3..5....4N...
00001DD0:  DA 47 12 BB B2 DC A9 67 2A 7D D0 C7 90 DB 05 28  .G.....g*}.....(
00001DE0:  1A 8C 02 26 D2 D0 5A 3E D7 22 9A 5A 7D 76 9C D0  ...&..Z>.".Z}v..
00001DF0:  46 07 C8 D5 C4 AF 78 D6 8E 99 96 4B 70 FA 1B AE  F.....x....Kp...
00001E00:  BE D5 CF 0C 36 E4 EB 83 D3 D1 15 57 99 FF 9F 8D  ....6......W....
00001E10:  DD 16 B2 27 1F D8 0A 55 86 81 FB 8E 23 40 36 53  ...'...U....#@6S
00001E20:  78 EE D6 22 B9 6F AA 05 37 8C A1 0D 04 A3 8B 21  x..".o..7......!
00001E30:  34 08 CF 87 6B A1 28 8D 26 69 88 71 35 FE A5 B1  4...k.(.&i.q5...
00001E40:  45 E8 5C DD 6E 68 A6 D7 97 51 5B 36 2D DD 88 3A  E.\.nh...Q[6-..:
00001E50:  3A 6C 42 B9 18 1E 46 1B 9E 7E 3A DD 2B 57 B3 F2  :lB...F..~:.+W..
00001E60:  E5 C6 C7 F7 D5 3F BC C8 0A DC F4 C8 CB 9F 2D 60  .....?........-`
00001E70:  31 43 57 E9 DC F6 90 DA 76 01 7F DB A4 CC 8A 08  1CW.....v.......
00001E80:  AC 8D E3 4F 72 69 65 AA 8B A7 2C 8D C3 80 17 E6  ...Orie...,.....
00001E90:  E8 1A E6 AA A2 9D AF ED 2B 49 51 6E 33 94 73 70  ........+IQn3.sp
00001EA0:  97 66 F7 09 6D 74 71 84 CF 7B 57 7C B0 02 06 B7  .f..mtq..{W|....
00001EB0:  5E BE 47 29 77 20 D4 3C 23 15 13 6B F2 41 89 DB  ^.G)w .<#..k.A..
00001EC0:  44 94 22 8A A6 C6 FD 30 11 93 04 24 9A DC FA 7A  D."....0...$...z
00001ED0:  C0 FE 53 5C 3D A4 63 4A 57 C4 B7 B6 22 80 79 AC  ..S\=.cJW...".y.
00001EE0:  A1 32 34 7A 4B 7F E2 54 E5 8D 86 28 E2 F6 64 70  .24zK..T...(..dp
00001EF0:  FD 70 2E F0 CC C2 93 2F 6B B9 FD FA 1D 25 70 05  .p...../k....%p.
00001F00:  EE 0B EA 2A F7 09 26 5D 5D 1D AA C1 1D 86 C9 B7  ...*..&]].......
00001F10:  44 A9 95 A0 86 C7 6E 12 C6 D0 91 90 F7 E7 E4 65  D.....n........e
00001F20:  82 E0 8E ED 59 71 AE 44 76 62 67 E9 B5 C2 97 D0  ....Yq.Dvbg.....
00001F30:  46 07 F7 98 31 A8 A4 F7 E1 41 3D 23 A9 95 B8 79  F...1....A=#...y
00001F40:  78 AB 48 DE B4 38 8E 2A A6 25 36 46 26 E8 14 3E  x.H..8.*.%6F&..>
00001F50:  61 DB C2 53 89 A4 B7 DC 1B 1E 9C 89 40 07 E1 A4  a..S........@...
00001F60:  FA 58 ED D9 A8 7F B0 FC 3D 35 2C B9 FA 8D 08 E1  .X......=5,.....
00001F70:  34 0A AD 79 40 AA B7 3C C1 B7 F0 76 34 C1 90 7A  4..y@..<...v4..z
00001F80:  AC 5A 2D FB A1 EF E2 C7 39 21 5B 5D 46 22 9A 46  .Z-.....9![]F".F
00001F90:  C0 CB 23 66 76 AD 91 0D 85 B8 9C B0 77 20 09 EA  ..#fv.......w ..
00001FA0:  C4 33 45 31 11 72 D9 87 98 86 75 A9 99 1C 21 3D  .3E1.r....u...!=
00001FB0:  D9 2D C1 B4 17 A2 23 63 F7 AD 89 F3 F9 5D 3E E6  .-....#c.....]>.
00001FC0:  54 35 E9 F6 F5 16 B6 1A D8 2C B2 40 10 12 60 4C  T5.......,.@..`L
00001FD0:  5C 0A C4 36 52 1D 18 70 B5 1A BE C9 D8 85 B7 20  \..6R..p....... 
00001FE0:  F7 6A DC 19 B3 61 F7 C7 84 5B 6F 67 43 1D 48 19  .j...a...[ogC.H.
00001FF0:  5E EE 02 92 F9 B7 B4 DE 5C 20 4B 41 B5 6A 6C 98  ^.......\ KA.jl.
00002000:  91 DA CF 3E 63 95 6E A4 2E 09 61 4C B2 EF D7 2F  ...>c.n...aL.../
00002010:  69 8C 79 44 04 55 20 D5 F1 0F CA 35 52 5E C2 97  i.yD.U ....5R^..
00002020:  83 45 23 38 C5 1E 8A FB 60 7F B3 D5 E5 00 21 8D  .E#8....`.....!.
00002030:  11 60 69 5F 38 F2 D4 E2 A8 12 0B 2E 47 EA EB 13  .`i_8.......G...
00002040:  4A 78 9F 42 7B FE 44 CF 84 18 C2 34 13 21 01 CC  Jx.B{.D....4.!..
00002050:  27 FA 3B 55 03 E7 62 76 EB CE 0C 7A 0D 44 CC 58  '.;U..bv...z.D.X
00002060:  E3 18 40 80 36 DE E6 26 FD BB CC 49 C3 E0 C2 64  ..@.6..&...I...d
00002070:  76 25 96 DF CF A4 76 DF 05 9B BB 1E F8 03 3D 00  v%....v.......=.
00002080:  D7 B6 30 3F BA CB 21 14 39 19 3D EC A2 3D 7A BD  ..0?..!.9.=..=z.
00002090:  ED 8F 20 E3 30 2B 3C 84 42 0D F4 AA E6 BA AC 64  .. .0+<.B......d
000020A0:  68 18 93 93 5E 79 79 76 17 EF A3 F5 A9 17 93 C1  h...^yyv........
000020B0:  C6 D7 3C F2 4B 14 07 38 EE 1F AD 8C 41 45 62 0C  ..<.K..8....AEb.
000020C0:  B9 59 29 15 A0 6F 3E 29 9C 61 AB FA 10 F2 F3 EF  .Y)..o>).a......
000020D0:  45 3C 69 29 E0 79 47 D1 3A 78 3C 60 9B BC EE A9  E<i).yG.:x<`....
000020E0:  0A 27 84 BE DB 05 A3 08 6C E2 46 94 22 90 D0 BC  .'......l.F."...
000020F0:  6F 19 14 CC F7 FB 3C 0C 25 12 3A B4 32 EE E6 B7  o.....<.%.:.2...
00002100:  A9 BA 81 C1 CE 93 29 D9 24 15 B1 4B 68 24 22 19  ......).$..Kh$".
00002110:  9F 8E 10 D6 5A 98 18 BF C3 81 08 C2 AC 4C 9E DF  ....Z........L..
00002120:  EB 81 C6 E6 15 84 38 26 59 BD 54 D6 A7 E7 90 43  ......8&Y.T....C
00002130:  7E 24 96 F4 85 0E C8 A5 26 C5 BF E5 70 FE 8C 93  ~$......&...p...
00002140:  47 17 D9 AD AB 7B 23 86 97 C9 01 9C 58 2F CE 30  G....{#.....X/.0
00002150:  EA BB 6E BA BA A1 CE 67 99 F3 CA B0 53 DE 0F 5C  ..n....g....S..\
00002160:  F2 DE 13 32 4E FA 8D D7 6F EA 2E 0F 63 8D 42 7C  ...2N...o...c.B|
00002170:  01 2A DC 8F FC 19 E2 1B D1 E9 5D B5 A4 91 82 77  .*........]....w
00002180:  FA 9F 95 5A 17 79 D7 1D 74 AD 01 F7 DB B2 1B 12  ...Z.y..t.......
00002190:  AD 5C EF 44 13 0B 61 BB EF 42 03 24 20 A2 4C E9  .\.D..a..B.$ .L.
000021A0:  5E 18 F6 49 E2 6D F8 25 7E 62 7A 8F 9B 4F DC AB  ^..I.m.%~bz..O..
000021B0:  62 68 18 FE 3F 54 C5 A3 47 02 26 D9 40 CD 11 72  bh..?T..G.&.@..r
000021C0:  EC F5 D9 2B F7 C3 89 AD 6B 50 63 27 CF DD 43 3C  ...+....kPc'..C<
000021D0:  5B BC 4C C9 3E F1 1F 25 7B 6A B5 03 5B 97 44 CA  [.L.>..%{j..[.D.
000021E0:  35 11 9C C4 FB EE 7D F2 0F F1 D2 1D 4C 03 7A 4D  5.....}.....L.zM
000021F0:  D7 37 1A 2F 4D 4C 5F F0 D6 3A C9 27 E5 2B F0 EE  .7./ML_..:.'.+..
00002200:  12 90 5E EE E3 41 4B C1 EC CD AE 78 73 9C A6 D9  ..^..AK....xs...
00002210:  0B FD 5D EE 95 79 F0 F4 66 83 1D AE BA 5D 52 FB  ..]..y..f....]R.
00002220:  B2 1F 5D 26 7F F0 E7 97 F3 E8 75 FE D0 F8 32 BE  ..]&......u...2.
00002230:  E8 69 4E F9 2B E9 0D 46 75 F9 91 C9 CC DA 50 67  .iN.+..Fu.....Pg
00002240:  85 25 42 56 94 BC 94 D2 29 58 C5 15 07 33 2A A2  .%BV....)X...3*.
00002250:  32 A8 B9 33 31 5C EE E1 E5 93 72 89 29 A3 D8 DF  2..31\....r.)...
00002260:  2D E3 1D FA 67 B2 AE 44 76 62 67 E9 B5 C2 97 D0  -...g..Dvbg.....
00002270:  46 07 F7 98 31 A8 F6 82 E8 01 62 4C DF 96 02 06  F...1.....bL....
00002280:  11 07 68 B3 62 8D 8E 2A A6 25 36 46 26 E8 14 3E  ..h.b..*.%6F&..>
00002290:  61 DB C2 53 89 A4 B7 DC 1B 1E 9C 89 40 07 E1 A4  a..S........@...
000022A0:  FA 58 ED D9 A8 7F F9 60 D1 B5 B4 17 50 3E 18 FC  .X.....`....P>..
000022B0:  57 2A 98 98 6A 49 FD A0 80 BE FF 54 F3 5C F5 DD  W*..jI.....T.\..
000022C0:  E0 9A 21 0D F5 83 E2 C7 39 21 5B 5D 46 22 9A 46  ..!.....9![]F".F
000022D0:  C0 CB 23 66 76 AD 4C 65 5C F2 CC EB 8C CD 05 FE  ..#fv.Le\.......
000022E0:  9D 44 88 6E CF 3C 7E 3B FF 6E 1D 81 F1 70 67 D8  .D.n.<~;.n...pg.
000022F0:  8E 94 8F 33 FE E5 35 D0 F5 18 93 34 4E C2 B4 F6  ...3..5....4N...
00002300:  DA 47 12 BB B2 DC BD 17 C5 16 24 FD 17 11 A6 CB  .G........$.....
00002310:  CE 8A 75 BA 15 68 AE 2A DC E2 A6 BC EA D7 3F AD  ..u..h.*......?.
00002320:  6B BA F4 B3 95 0C 2E F9 24 8B 3D FF EA 54 E0 87  k.......$.=..T..
00002330:  1A 28 F0 DD DC BA EB 83 D3 D1 15 57 99 FF 9F 8D  .(.........W....
00002340:  DD 16 B2 27 1F D8 E8 E4 ED EB 5F 75 92 49 03 7B  ...'......_u.I.{
00002350:  04 B0 47 21 77 48 0D BD 4E 22 85 24 50 D4 F1 A3  ..G!wH..N".$P...
00002360:  A1 D6 95 5D AD A7 28 8D 26 69 88 71 35 FE A5 B1  ...]..(.&i.q5...
00002370:  45 E8 5C DD 6E 68 A6 D7 97 51 5B 36 2D DD 88 3A  E.\.nh...Q[6-..:
00002380:  3A 6C 42 B9 18 1E 46 1B 9E 7E 3A DD 2B 57 B3 F2  :lB...F..~:.+W..
00002390:  E5 C6 C7 F7 D5 3F BC C8 0A DC F4 C8 CB 9F 2D 60  .....?........-`
000023A0:  31 43 57 E9 DC F6 70 41 FD 3D FD 9D CB 25 B3 C2  1CW...pA.=...%..
000023B0:  2B 5C 98 85 DD D2 86 88 0A 37 CD 8B C6 BA 4E 91  +\.......7....N.
000023C0:  95 5C 2D 19 BE E0 CB 52 35 8C 80 D7 80 42 03 AD  .\-....R5....B..
000023D0:  64 05 83 DC 49 8B 07 30 27 D6 1D A4 69 9B 5A CC  d...I..0'...i.Z.
000023E0:  4F 4B 36 3E EB 16 24 FB BB CF 8A 6C 8C 2B C2 30  OK6>..$....l.+.0
000023F0:  5A 11 FF AB 4C 14 C6 8E D1 14 59 37 71 CB CF 3E  Z...L.....Y7q..>
00002400:  CF 3E B1 6B 57 01 63 4A 57 C4 B7 B6 22 80 79 AC  .>.kW.cJW...".y.
00002410:  A1 32 34 7A 4B 7F E2 54 E5 8D 86 28 E2 F6 64 70  .24zK..T...(..dp
00002420:  FD 70 2E F0 CC C2 93 2F 6B B9 FD FA 1D 25 70 05  .p...../k....%p.
00002430:  EE 0B EA 2A F7 09 26 02 50 3D 37 1A 12 47 58 ED  ...*..&.P=7..GX.
00002440:  28 A2 6C 8D EC 9A D0 1F 49 7E 7E 24 0F 4A DC 25  (.l.....I~~$.J.%
00002450:  08 53 5B FE F3 07 B0 98 D3 B5 E8 9B 55 92 46 DD  .S[.........U.F.
00002460:  DA 9C EB FC 43 8E 94 8E DD 70 27 F3 42 D1 F0 81  ....C....p'.B...
00002470:  CB 33 E0 C2 7B 00 48 6E 71 8B 41 D2 C7 CE DA 63  .3..{.Hnq.A....c
00002480:  A7 67 52 69 2E A3 3D 03 1A 76 F2 40 CF 1C 78 89  .gRi..=..v.@..x.
00002490:  C5 32 D3 E9 C5 A7 33 3B 30 2E FB 82 D5 3A 68 54  .2....3;0....:hT
000024A0:  EF EC F0 16 AF B6 E9 E3 24 D6 24 1E 65 3E E4 B7  ........$.$.e>..
000024B0:  84 CD 36 90 5B 03 84 A2 ED C8 79 3B FF B0 C0 CE  ..6.[.....y;....
000024C0:  05 48 D6 0E 53 60 34 0C A7 67 A7 FC 29 F9 B1 50  .H..S`4..g..)..P
000024D0:  2E 2A 85 F2 E0 CE 4D 1D BE D7 42 B0 E8 E9 33 F2  .*....M...B...3.
000024E0:  C5 4B DF E1 04 AD 44 33 E2 FE A9 91 0C 33 68 77  .K....D3.....3hw
000024F0:  B9 36 13 B2 ED EA 3E 20 30 F4 6C 43 3F F3 A2 CB  .6....> 0.lC?...
00002500:  C3 F4 0B 21 71 04 4B 73 1A 90 40 19 59 E6 B2 3E  ...!q.Ks..@.Y..>
00002510:  58 38 2F 94 36 BA 86 A7 BE 28 47 1C BE 97 B4 16  X8/.6....(G.....
00002520:  E7 8C EF 44 A6 45 DE C3 CE 74 6C 8B 88 54 0A 2F  ...D.E...tl..T./
00002530:  74 3A 63 27 A4 0D D2 BA 52 7C 86 E3 E9 F4 60 6B  t:c'....R|....`k
00002540:  9E C1 68 42 7E C0 1C DC EC 60 EB 55 62 58 39 EB  ..hB~....`.UbX9.
00002550:  C8 F1 F5 09 BF 84 62 F4 41 7A 2F D9 9A AC DB 34  ......b.Az/....4
00002560:  81 7D 0D A8 70 14 72 83 46 65 E9 CD 46 6F 17 78  .}..p.r.Fe..Fo.x
00002570:  02 21 23 46 70 76 98 61 E9 CF 37 28 54 93 00 19  .!#Fpv.a..7(T...
00002580:  13 16 00 89 08 9F 4F 42 F1 36 3A 54 45 60 74 37  ......OB.6:TE`t7
00002590:  E3 C6 CE 14 85 85 11 6B 6E 9D BE 57 6F BF 23 06  .......kn..Wo.#.
000025A0:  A3 4A 29 FF E0 6A 63 17 38 D9 7A 1D 98 C9 0F E4  .J)..jc.8.z.....
000025B0:  1D 28 71 CC DB 70 BC EC 64 5C 11 65 E4 F1 48 F0  .(q..p..d\.e..H.
000025C0:  6A B3 47 D1 1F F0 D6 CF 35 0A 8D 85 B2 DD B2 36  j.G.....5......6
000025D0:  FE 09 0D 24 DB 5D FA A4 71 E8 50 34 5D F4 85 85  ...$.]..q.P4]...
000025E0:  57 35 37 95 3B DF 13 0C BE 70 9A 1F A2 01 C4 B0  W57.;....p......
000025F0:  CD 1A 76 F2 D7 ED 8D 9D 58 DF DF D4 05 9F 4A AE  ..v.....X.....J.
00002600:  71 04 9F 36 CF 75 3A 42 DB 8C 77 02 4F D9 4C AF  q..6.u:B..w.O.L.
00002610:  58 C5 58 46 90 08 0D BD 4E 22 85 24 50 D4 F1 A3  X.XF....N".$P...
00002620:  A1 D6 95 5D AD A7 28 8D 26 69 88 71 35 FE A5 B1  ...]..(.&i.q5...
00002630:  45 E8 5C DD 6E 68 A6 D7 97 51 5B 36 2D DD 88 3A  E.\.nh...Q[6-..:
00002640:  3A 6C 42 B9 18 1E 46 1B 9E 7E 3A DD 2B 57 B3 F2  :lB...F..~:.+W..
00002650:  E5 C6 C7 F7 D5 3F C8 E9 BC 00 2F B5 5A 0C A2 DA  .....?..../.Z...
00002660:  AB 1B 56 10 77 5B 4B F7 20 24 81 6E F7 96 BF 1B  ..V.w[K. $.n....
00002670:  23 E4 73 DF C7 77 A5 4C CC 39 17 E0 D5 7C 2C B4  #.s..w.L.9...|,.
00002680:  F6 3A F1 55 BC 52 CB 52 35 8C 80 D7 80 42 03 AD  .:.U.R.R5....B..
00002690:  64 05 83 DC 49 8B 07 30 27 D6 1D A4 69 9B 5A CC  d...I..0'...i.Z.
000026A0:  4F 4B 36 3E EB 16 89 00 E4 44 1C CF D8 0E EE FC  OK6>.....D......
000026B0:  3F 97 43 A8 E2 22 CE 78 3C 01 D6 7E 1F 3F 7B 01  ?.C..".x<..~.?{.
000026C0:  E6 97 1A 9A F3 0F A6 9D 3C 39 BA 66 34 FF 2F 00  ........<9.f4./.
000026D0:  81 AF 63 D4 3B EB E2 54 E5 8D 86 28 E2 F6 64 70  ..c.;..T...(..dp
000026E0:  FD 70 2E F0 CC C2 93 2F 6B B9 FD FA 1D 25 70 05  .p...../k....%p.
000026F0:  EE 0B EA 2A F7 09 C5 26 C3 87 62 E8 86 7A B3 38  ...*...&..b..z.8
00002700:  76 A1 40 AF C3 01 70 06 B4 95 47 83 DE D7 20 F0  v.@...p...G... .
00002710:  09 6F 9E C4 13 29 B0 98 D3 B5 E8 9B 55 92 46 DD  .o...)......U.F.
00002720:  DA 9C EB FC 43 8E 66 20 90 AF 8F 2A 19 43 15 45  ....C.f ...*.C.E
00002730:  A9 3A 57 4E A6 E0 FB DF 41 6D 62 86 A5 88 FC EF  .:WN....Amb.....
00002740:  EC B5 10 91 D7 04 3D 03 1A 76 F2 40 CF 1C 78 89  ......=..v.@..x.
00002750:  C5 32 D3 E9 C5 A7 D5 E4 95 E0 1F E9 FC 4B EF AD  .2...........K..
00002760:  7A 21 86 63 27 1C E9 E3 24 D6 24 1E 65 3E E4 B7  z!.c'...$.$.e>..
00002770:  84 CD 36 90 5B 03 84 A2 ED C8 79 3B FF B0 C0 CE  ..6.[.....y;....
00002780:  05 48 D6 0E 53 60 34 0C A7 67 A7 FC 29 F9 B1 50  .H..S`4..g..)..P
00002790:  2E 2A 85 F2 E0 CE 4D 1D BE D7 42 B0 E8 E9 33 F2  .*....M...B...3.
000027A0:  C5 4B DF E1 04 AD CD 99 E8 A5 0D A1 6B 82 C8 3F  .K..........k..?
000027B0:  AE CE 90 A6 57 0C 3E 4E 0C 44 0B 9F A1 8A B6 C2  ....W.>N.D......
000027C0:  47 D4 2C 72 E3 0F 87 1F 8C D1 BE 9A 07 2A 72 43  G.,r.........*rC
000027D0:  82 69 46 19 8E 31 78 D6 8E 99 96 4B 70 FA 1B AE  .iF..1x....Kp...
000027E0:  BE D5 CF 0C 36 E4 EB 83 D3 D1 15 57 99 FF 9F 8D  ....6......W....
000027F0:  DD 16 B2 27 1F D8 9C F8 8A EB 67 B9 A2 14 AE 84  ...'......g.....
00002800:  A8 90 B6 AD 47 79 AA 05 37 8C A1 0D 04 A3 8B 21  ....Gy..7......!
00002810:  34 08 CF 87 6B A1 28 8D 26 69 88 71 35 FE A5 B1  4...k.(.&i.q5...
00002820:  45 E8 5C DD 6E 68 A6 D7 97 51 5B 36 2D DD 88 3A  E.\.nh...Q[6-..:
00002830:  3A 6C 42 B9 18 1E 46 1B 9E 7E 3A DD 2B 57 B3 F2  :lB...F..~:.+W..
00002840:  E5 C6 C7 F7 D5 3F 5E 46 A7 FA A3 12 7D 7D 43 9E  .....?^F....}}C.
00002850:  4E 67 52 1E EB C2 66 3E 60 78 5F 03 7F ED 6E DB  NgR...f>`x_...n.
00002860:  D7 B4 44 D5 B8 8B 22 75 1E E6 5F 87 24 17 1A 3C  ..D..."u.._.$..<
00002870:  BA 02 2F 7C 1E 07 3A 9E 13 0B 7E AA 77 FB 28 66  ../|..:...~.w.(f
00002880:  95 54 02 20 EA 79 79 D5 D2 28 64 7C 03 BD D0 5D  .T. .yy..(d|...]
00002890:  DF 78 70 A5 E1 60 FE FC 33 02 F7 B0 95 A6 B7 C5  .xp..`..3.......
000028A0:  FE A8 F7 7B 1B 7F 9B D9 FC 23 E2 8A 72 07 AC D9  ...{.....#..r...
000028B0:  06 FE 8D 28 56 48 F0 F4 66 83 1D AE BA 5D 52 FB  ...(VH..f....]R.
000028C0:  B2 1F 5D 26 7F F0 E7 97 F3 E8 75 FE D0 F8 32 BE  ..]&......u...2.
000028D0:  E8 69 4E F9 2B E9 0D 46 75 F9 91 C9 CC DA 50 67  .iN.+..Fu.....Pg
000028E0:  85 25 42 56 94 BC 88 69 11 02 37 0C EC E1 B8 C3  .%BV...i..7.....
000028F0:  0B CF 55 42 F8 70 EE E1 E5 93 72 89 29 A3 D8 DF  ..UB.p....r.)...
00002900:  2D E3 1D FA 67 B2 AE 44 76 62 67 E9 B5 C2 97 D0  -...g..Dvbg.....
00002910:  46 07 F7 98 31 A8 CA C3 4B 51 C4 CC 30 D0 F8 3C  F...1...KQ..0..<
00002920:  5C 07 85 A4 32 EC 8E 2A A6 25 36 46 26 E8 14 3E  \...2..*.%6F&..>
00002930:  61 DB C2 53 89 A4 B7 DC 1B 1E 9C 89 40 07 E1 A4  a..S........@...
00002940:  FA 58 ED D9 A8 7F E5 0C 06 1A 6D E4 55 35 A3 59  .X........m.U5.Y
00002950:  61 CF 60 4E 15 F5 6A C3 F8 95 A2 72 C3 E5 D4 70  a.`N..j....r...p
00002960:  F7 6D BE 97 E6 35 E2 C7 39 21 5B 5D 46 22 9A 46  .m...5..9![]F".F
00002970:  C0 CB 23 66 76 AD 4C 65 5C F2 CC EB 8C CD 05 FE  ..#fv.Le\.......
00002980:  9D 44 88 6E CF 3C 7E 3B FF 6E 1D 81 F1 70 67 D8  .D.n.<~;.n...pg.
00002990:  8E 94 8F 33 FE E5 35 D0 F5 18 93 34 4E C2 B4 F6  ...3..5....4N...
000029A0:  DA 47 12 BB B2 DC BA 09 E5 29 51 7C 98 73 E0 93  .G.......)Q|.s..
000029B0:  A5 91 21 19 66 8A D7 4E 8B 63 A3 90 EF 87 24 B8  ..!.f..N.c....$.
000029C0:  7E 88 6D 35 E0 B4 78 D6 8E 99 96 4B 70 FA 1B AE  ~.m5..x....Kp...
000029D0:  BE D5 CF 0C 36 E4 EB 83 D3 D1 15 57 99 FF 9F 8D  ....6......W....
000029E0:  DD 16 B2 27 1F D8 A6 67 75 41 42 5C 47 E7 33 B3  ...'...guAB\G.3.
000029F0:  9B EA 72 10 A6 D3 04 CC 75 19 45 4D 27 8B BC D5  ..r.....u.EM'...
00002A00:  FA AA F6 02 84 66 E5 76 0E CD 44 7E C8 92 FA CB  .....f.v..D~....
00002A10:  26 45 D7 BD B5 37 52 C2 07 4A D2 ED 7A F3 B6 4E  &E...7R..J..z..N
00002A20:  B2 66 EC E8 24 85 35 57 03 1B D0 A5 84 0C B6 72  .f..$.5W.......r
00002A30:  0B 7F 97 90 F1 73 07 FA 75 87 2D 37 4F D9 9D 36  .....s..u.-7O..6
00002A40:  0B 82 4E 96 74 86 68 B3 9C 2E AE 61 26 B1 2F F2  ..N.t.h....a&./.
00002A50:  78 57 D1 EC 0F 04 A3 AB 90 48 1B 00 78 1D 36 31  xW.......H..x.61
00002A60:  07 56 E0 84 BC 82 1F C5 30 AE 7A 61 3D 4A F8 E3  .V......0.za=J..
00002A70:  26 AB E5 8A A0 7B C7 C9 AB 1F 0E 71 18 01 16 E4  &....{.....q....
00002A80:  D8 A2 EA AD 6B C5 59 80 A6 31 A1 54 53 68 13 A5  ....k.Y..1.TSh..
00002A90:  0E E4 C2 2D 5E 86 27 28 86 49 21 46 54 C4 3D AD  ...-^.'(.I!FT.=.
00002AA0:  70 E1 94 C1 4F 95 21 25 AA AF B1 FE F2 C9 3A 0E  p...O.!%......:.
00002AB0:  7C 89 0A F8 C6 2C EB BC D4 ED 0A 4E 96 0E 73 2C  |....,.....N..s,
00002AC0:  E5 CD 91 74 14 70 A8 3E 50 9D 50 50 B0 19 BC C4  ...t.p.>P.PP....
00002AD0:  2E 5F 01 F2 74 2A C9 58 81 40 7F 8E 24 F3 14 E4  ._..t*.X.@..$...
00002AE0:  A7 86 70 96 CF 27 81 63 D0 91 5E 97 31 B0 0C 1C  ..p..'.c..^.1...
00002AF0:  B8 00 DA 1D 19 CC 8A 3C EC C7 4D 70 BE E3 8E 45  .......<..Mp...E
00002B00:  4B 52 54 B6 4A F9 CB 52 35 8C 80 D7 80 42 03 AD  KRT.J..R5....B..
00002B10:  64 05 83 DC 49 8B A8 A9 35 65 BC 8E E4 A3 1E A8  d...I...5e......
00002B20:  0E C2 52 38 E3 33 62 8F 79 3C AD 69 18 4B 66 25  ..R8.3b.y<.i.Kf%
00002B30:  47 FA 52 1B ED AE 50 3B 7C EA AC D3 3A 92 97 05  G.R...P;|...:...
00002B40:  1A A7 27 70 F6 8E 52 F9 6C 35 68 17 62 2C 80 05  ..'p..R.l5h.b,..
00002B50:  F5 06 5D 72 26 73 97 75 E4 7B D7 E4 40 FD 36 49  ..]r&s.u.{..@.6I
00002B60:  82 52 C7 73 A6 E0 1C 4B 12 D6 D1 D3 45 46 A4 98  .R.s...K....EF..
00002B70:  6F EF EE 51 AC D6 73 32 6B 57 01 B0 F9 B9 15 11  o..Q..s2kW......
00002B80:  59 1B 67 1C 05 18 91 A9 86 4F 71 E0 AA 5E FC CC  Y.g......Oq..^..
00002B90:  36 3D E6 81 BC C3 45 6F 58 2C 94 CD E2 5A BB C1  6=....EoX,...Z..
00002BA0:  5C 26 0B EB EC 23 D2 5A CC 10 52 45 7B 79 88 42  \&...#.Z..RE{y.B
00002BB0:  C8 10 E7 83 1D 19 AF 99 E0 E8 3E 9E 47 64 C4 7B  ..........>.Gd.{
00002BC0:  5E E6 D6 94 54 B2 29 AD AD 21 CF C1 C0 B9 47 59  ^...T.)..!....GY
00002BD0:  E8 5E 0B 8B D8 CE 37 0A 09 8B 81 F4 D6 4A 22 06  .^....7......J".
00002BE0:  03 08 5E 00 0E 3D 19 CD 67 C3 49 F8 B2 10 36 DF  ..^..=..g.I...6.
00002BF0:  F7 46 D9 65 5D BD A2 5C 42 38 A7 16 1F 77 C7 18  .F.e]..\B8...w..
00002C00:  8B C6 2A 18 E0 5C D0 F3 08 3C 7C EB F2 D0 BF DE  ..*..\...<|.....
00002C10:  34 54 66 88 CB E1 F3 16 68 69 6C C2 C0 20 94 AC  4Tf.....hil.. ..
00002C20:  69 81 24 5B 09 7E B4 1B 22 64 4D 02 3C E6 CB 51  i.$[.~.."dM.<..Q
00002C30:  98 65 90 5F F2 97 79 44 F7 2E 3E B2 FA 0D F3 A8  .e._..yD..>.....
00002C40:  40 9A 79 23 F5 05 C8 A3 84 84 8E 90 C4 EB 90 0B  @.y#............
00002C50:  58 84 D0 5C 5F 04 F6 21 60 92 7D 00 68 9D 1B A8  X..\_..!`.}.h...
00002C60:  3E 4E 6A 22 56 04 D9 8C 08 70 34 E1 DB 74 38 A0  >Nj"V....p4..t8.
00002C70:  38 AB 2E 33 A7 29 B9 B7 73 97 5B 51 84 DE 80 74  8..3.)..s.[Q...t
00002C80:  68 AF E0 A7 B8 DE EF 39 DE E1 46 07 E5 06 4B 46  h......9..F...KF
00002C90:  8C F5 C9 31 F4 D1 08 9F 9E 67 37 81 B1 21 49 3D  ...1.....g7..!I=
00002CA0:  98 57 F1 6A 9A 03 A9 CB F0 B1 68 7A B6 42 B1 80  .W.j......hz.B..
00002CB0:  19 30 36 2F B2 D5 FA EC FF 21 CA AC 9C 74 D8 57  .06/.....!...t.W
00002CC0:  E4 B1 83 39 AC 17 1E 2A BB EB 75 E5 1C 18 84 55  ...9...*..u....U
00002CD0:  67 DC 66 CD CD 7D 82 F5 8E B3 3C 05 F1 CD AC 54  g.f..}....<....T
00002CE0:  45 C0 BD 6E A4 07 E4 CC 4D 9C AC E1 3F 88 EC B1  E..n....M...?...
00002CF0:  C4 86 26 4B 08 87 C9 58 81 40 7F 8E 24 F3 14 E4  ..&K...X.@..$...
00002D00:  A7 86 70 96 CF 27 BD 88 00 17 1E CA 52 FE D7 BE  ..p..'......R...
00002D10:  AF 41 5A CA D9 C5 4F 2B B8 51 A9 37 5C B1 BB 1E  .AZ...O+.Q.7\...
00002D20:  34 BA 71 44 16 D3 2D B8 5F 35 F2 C2 74 38 24 18  4.qD..-._5..t8$.
00002D30:  23 83 75 C8 89 0F 83 9D C3 39 58 80 38 E9 F7 0D  #.u......9X.8...
00002D40:  59 AE 98 57 2E 9F 3C 2A 4E CC 3F 3D F9 B2 F4 C8  Y..W..<*N.?=....
00002D50:  18 F7 32 78 23 5C 1C 4B 12 D6 D1 D3 45 46 A4 98  ..2x#\.K....EF..
00002D60:  6F EF EE 51 AC D6 3F F0 F0 7A EB D8 A5 A1 C3 E9  o..Q..?..z......
00002D70:  EA DC 52 07 55 7C 91 A9 86 4F 71 E0 AA 5E FC CC  ..R.U|...Oq..^..
00002D80:  36 3D E6 81 BC C3 45 6F 58 2C 94 CD E2 5A BB C1  6=....EoX,...Z..
00002D90:  5C 26 0B EB EC 23 B5 82 E6 5F A2 F6 08 84 13 CB  \&...#..._......
00002DA0:  CF 9D 93 65 DB 52 22 07 EA 6B FE 8F 21 4A AC A9  ...e.R"..k..!J..
00002DB0:  97 54 03 DF 45 9D 29 AD AD 21 CF C1 C0 B9 47 59  .T..E.)..!....GY
00002DC0:  E8 5E 0B 8B D8 CE 37 0A 09 8B 81 F4 D6 4A 22 06  .^....7......J".
00002DD0:  03 08 5E 00 0E 3D 19 CD 67 C3 49 F8 B2 10 36 DF  ..^..=..g.I...6.
00002DE0:  F7 46 D9 65 5D BD 80 90 63 B6 FD 95 D2 98 EA 47  .F.e]...c......G
00002DF0:  E6 0B D9 40 41 6B 69 AA ED DA 54 57 C1 35 E8 AB  ...@Aki...TW.5..
00002E00:  69 F4 A8 6C 9B 16 96 9B 0B 8D 0C 78 82 9A 70 DD  i..l.......x..p.
00002E10:  C5 26 5E B8 DE B5 37 5F C5 CD 92 CA 67 DD 1B 37  .&^...7_....g..7
00002E20:  AD 75 59 43 CA 52 79 44 F7 2E 3E B2 FA 0D F3 A8  .uYC.RyD..>.....
00002E30:  40 9A 79 23 F5 05 33 E6 C4 82 C7 0D 21 82 D6 FC  @.y#..3.....!...
00002E40:  D4 9E 8D 81 F3 54 E5 C4 B2 C0 C8 08 2D DA 21 17  .....T......-.!.
00002E50:  5E E1 79 71 07 6A D9 8C 08 70 34 E1 DB 74 38 A0  ^.yq.j...p4..t8.
00002E60:  38 AB 2E 33 A7 29 B9 B7 73 97 5B 51 84 DE 80 74  8..3.)..s.[Q...t
00002E70:  68 AF E0 A7 B8 DE EF 39 DE E1 46 07 E5 06 4B 46  h......9..F...KF
00002E80:  8C F5 C9 31 F4 D1 B1 A3 A5 6D 3E 37 4D 6F 68 97  ...1.....m>7Moh.
00002E90:  E0 2A BB 4B C9 F0 87 9F AE 75 02 AC 98 07 2E A3  .*.K.....u......
00002EA0:  74 BA 1A BC 77 55 AE 48 3F A8 16 C1 25 45 6D 02  t...wU.H?...%Em.
00002EB0:  AF 51 7B E9 52 0F 38 AB 6B 5F 5B 35 C0 80 5E DE  .Q{.R.8.k_[5..^.
00002EC0:  5F 2A C1 ED 5E 0E 82 F5 8E B3 3C 05 F1 CD AC 54  _*..^.....<....T
00002ED0:  45 C0 BD 6E A4 07 F9 AF 8F 31 80 88 45 37 F1 21  E..n.....1..E7.!
00002EE0:  96 81 22 80 05 50 89 25 D1 F9 9A 01 40 30 9B 7F  .."..P.%....@0..
00002EF0:  2C BF 12 A0 E0 EC C5 7A 5F 83 16 F3 F5 83 73 98  ,......z_.....s.
00002F00:  60 2A 46 43 EE 53 4F 2B B8 51 A9 37 5C B1 BB 1E  `*FC.SO+.Q.7\...
00002F10:  34 BA 71 44 16 D3 2D B8 5F 35 F2 C2 74 38 24 18  4.qD..-._5..t8$.
00002F20:  23 83 75 C8 89 0F 38 7B 2D 9E 7F B0 6D 58 E8 19  #.u...8{-...mX..
00002F30:  4F 74 7F 3F 4C C7 EA 4C FD 4B 2E F2 96 6D 4B 9F  Ot.?L..L.K...mK.
00002F40:  B1 DD 08 A1 79 21 1C B3 4A 56 62 4D FE 6D 27 66  ....y!..JVbM.m'f
00002F50:  AD 66 21 AC 39 F7 4F 5C 6B 56 70 11 BC F3 F4 3F  .f!.9.O\kVp....?
00002F60:  F9 A2 04 A3 BF 5D 6D 79 6B 92 69 C0 EF C9 84 11  .....]myk.i.....
00002F70:  BB AB 92 7C 1D 4A C6 60 38 BE F7 5E 30 5D C6 ED  ...|.J.`8..^0]..
00002F80:  AF C7 DA E7 4E B1 9D 3B A4 F5 2A 3D E5 45 8C 22  ....N..;..*=.E."
00002F90:  BA 04 A3 B1 2E 5E 0D B5 6E 91 75 61 3E 89 86 EF  .....^..n.ua>...
00002FA0:  5B 7C 7D D5 5C C7 8A A3 1D 32 C6 78 5D 47 73 3D  [|}.\....2.x]Gs=
00002FB0:  C5 2D 7F 38 C2 10 56 43 26 D6 9B 43 77 9E EE CB  .-.8..VC&..Cw...
00002FC0:  D9 70 F9 AF B0 7B 1F F3 7E 6C 20 0B 3F 4F E5 B6  .p...{..~l .?O..
00002FD0:  49 98 C2 1B 28 89 E0 F3 E9 8A 5F 48 93 89 46 B0  I...(....._H..F.
00002FE0:  18 E5 B2 92 74 3D 73 57 82 A5 DB 3E B8 95 79 A7  ....t=sW...>..y.
00002FF0:  6A 76 37 FD 58 CB 15 89 BC 54 9C B9 98 B5 A1 9D  jv7.X....T......
00003000:  9B 84 40 F0 3A 48 5A B5 43 8A C1 1D 23 7D A7 2E  ..@.:HZ.C...#}..
00003010:  80 72 F0 C3 CC 75 D6 BC A6 B6 67 14 FF 1B 3D 21  .r...u....g...=!
00003020:  DC FD 9B 4D BE 93 A8 6B AB 11 D8 A0 FA 5D D3 35  ...M...k.....].5
00003030:  8F 00 F1 86 CC 96 43 28 3D AB 2E 01 79 CD 9E AA  ......C(=...y...
00003040:  01 90 43 77 0F 55 70 36 82 E5 3A D9 2B 20 FD A9  ..Cw.Up6..:.+ ..
00003050:  57 9E 5B 2E DF F4 E4 F7 4E 0D 61 80 D9 A0 30 0D  W.[.....N.a...0.
00003060:  51 DD 6F 66 DC 49 71 E3 25 40 E1 45 0B DE 48 4F  Q.of.Iq.%@.E..HO
00003070:  D9 4F B5 D3 AC 75 13 CD 07 06 3F 8B CC F2 D2 8A  .O...u....?.....
00003080:  C5 4A 66 08 39 29 96 5A 82 13 BD 2C C1 55 4D D1  .Jf.9).Z...,.UM.
00003090:  8D 74 65 3D 1F 83 9D F8 69 22 2E E8 12 C6 1A 60  .te=....i".....`
000030A0:  E5 1A 90 7B F8 64 A9 AD 6F 0B 5F 1E D9 85 D0 3B  ...{.d..o._....;
000030B0:  5F 1F 2E F8 72 2A 34 9D B0 68 DA B8 6C 8C 0B CD  _...r*4..h..l...
000030C0:  10 05 08 90 6A 81 57 A8 F6 1F 87 96 B8 76 8B F6  ....j.W......v..
000030D0:  0B 38 B5 C8 DF ED 90 47 5E 0E 34 68 36 EA D2 3B  .8.....G^.4h6..;
000030E0:  D9 82 8F 92 4B CB F9 21 14 ED 2D EA 9B BC 76 A8  ....K..!..-...v.
000030F0:  51 FF BA 36 7C 72 0A FB B8 99 DF 44 34 63 6D C5  Q..6|r.....D4cm.
00003100:  C9 7D 94 0A AF 9E E4 F7 4E 0D 61 80 D9 A0 30 0D  .}......N.a...0.
00003110:  51 DD 6F 66 DC 49 71 E3 25 40 E1 45 0B DE 48 4F  Q.of.Iq.%@.E..HO
00003120:  D9 4F B5 D3 AC 75 59 80 40 F1 09 A4 8A 64 12 AF  .O...uY.@....d..
00003130:  E4 C6 4B 1F 5A 64 74 09 7B 8B 1E F2 87 E4 78 A8  ..K.Zdt.{.....x.
00003140:  5E 61 56 48 D4 13 E7 F8 91 D5 0A 1A 3B 9A E9 A7  ^aVH........;...
00003150:  E1 55 36 81 F1 4B 0C A3 9D 07 3F F7 E5 E9 FB 22  .U6..K....?...."
00003160:  17 21 80 BD 7F 85 84 09 0B 87 A4 6F BA 5F 50 00  .!.........o._P.
00003170:  AF 43 52 01 73 5B 57 A8 F6 1F 87 96 B8 76 8B F6  .CR.s[W......v..
00003180:  0B 38 B5 C8 DF ED 90 47 5E 0E 34 68 36 EA D2 3B  .8.....G^.4h6..;
00003190:  D9 82 8F 92 4B CB 47 43 5F 30 94 4C 05 85 E7 A8  ....K.GC_0.L....
000031A0:  0A E1 46 0F 10 2C F1 9B 11 7B F4 FB 1E 01 7C A3  ..F..,...{....|.
000031B0:  F3 42 BA 0E 52 C8 47 67 65 4A 44 CB C5 D1 1A 30  .B..R.GgeJD....0
000031C0:  FC 9A 3F 05 B2 9B E7 92 DC 4E C1 D9 2E 11 27 A2  ..?......N....'.
000031D0:  8B BD B5 CD 63 D5 9E 78 A7 91 F9 8C A9 3C 48 CD  ....c..x.....<H.
000031E0:  C6 38 D2 6B 4B EA 05 85 50 AD F2 99 D9 34 11 24  .8.kK...P....4.$
000031F0:  B8 94 61 3B B7 06 B6 81 0C C5 3E 76 90 32 2E EA  ..a;......>v.2..
00003200:  31 D2 06 E6 29 05 1D 14 54 CE 8A CE C8 5F AB 55  1...)...T...._.U
00003210:  59 0E BA AD 24 8C BC EC 64 5C 11 65 E4 F1 48 F0  Y...$...d\.e..H.
00003220:  6A B3 47 D1 1F F0 AA AB AF 66 C7 F3 8D E4 EB EC  j.G......f......
00003230:  6B 5F DF E4 04 1E 9D AE 7E 18 D4 E9 76 E1 C4 B3  k_......~...v...
00003240:  87 D3 95 B6 74 36 20 F2 72 C3 80 4C 8E E5 F5 02  ....t6 .r..L....
00003250:  AF 33 07 DF 41 7C E7 92 DC 4E C1 D9 2E 11 27 A2  .3..A|...N....'.
00003260:  8B BD B5 CD 63 D5 38 E5 A9 77 CA D6 21 E6 91 A1  ....c.8..w..!...
00003270:  AA 68 96 34 EF 4F C9 38 33 39 45 43 93 8F 98 2C  .h.4.O.839EC...,
00003280:  91 4B 69 3F 84 55 95 8B A8 8D F7 C9 86 CC 3A 0F  .Ki?.U........:.
00003290:  50 1A 9F 89 C0 3A 29 2C 8D 5F 3A A3 7C D9 AC 29  P....:),._:.|..)
000032A0:  F2 60 C9 1B D7 DD 73 F5 A8 E7 62 4D 0C D4 D3 8F  .`....s...bM....
000032B0:  58 AA C0 D7 59 02 DF 76 13 66 A1 55 F5 76 83 BB  X...Y..v.f.U.v..
000032C0:  E8 EA C0 B3 09 4C BD 93 13 F2 6D E4 71 B9 9C 70  .....L....m.q..p
000032D0:  31 B8 66 CE CE BD AE A3 21 E8 8F 3B 9C 87 E7 73  1.f.....!..;...s
000032E0:  C5 AA 44 29 CF 9E 3D 42 58 D5 2C 3C 5C CE EF 7C  ..D)..=BX.,<\..|
000032F0:  2F 8C F0 4A B4 CC C8 39 0E FC 33 50 A9 F5 1C F5  /..J...9..3P....
00003300:  80 96 D1 C9 4A 3D C6 70 73 A1 6F E2 D5 57 43 28  ....J=.ps.o..WC(
00003310:  30 EC 77 CC CF A0 E3 35 8F FD 70 C5 F2 D1 D9 A8  0.w....5..p.....
00003320:  C4 B2 49 2D 6A DD 21 74 4A 39 7C 93 98 64 76 AD  ..I-j.!tJ9|..dv.
00003330:  91 D7 BB DF 8D 92 A8 BF 0E 97 92 19 9F 5D DE 80  .............]..
00003340:  D7 48 CA 8F DA B6 04 53 73 75 E6 B0 5D EE CF 50  .H.....Ssu..]..P
00003350:  D2 77 48 AC 2B 95 35 55 C7 BA 01 F1 54 55 49 41  .wH.+.5U....TUIA
00003360:  AF 38 63 98 29 41 1A 18 84 26 3A 31 FE 55 7B 0B  .8c.)A...&:1.U{.
00003370:  83 9C 51 1D DA 71 CB 35 84 93 3A FE 42 B8 93 5D  ..Q..q.5..:.B..]
00003380:  F5 49 5C DC 13 DA 52 47 05 F0 4A DA 64 BB 42 A5  .I\...RG..J.d.B.
00003390:  E7 69 47 65 ED 6A 24 CB C4 F9 0A 92 0A FA 4F FF  .iGe.j$.......O.
000033A0:  02 64 60 67 CE C9 CF 30 04 E0 72 33 C4 7C EB 9E  .d`g...0..r3.|..
000033B0:  DB A7 6E 3D 78 92 53 4D 53 2E 66 F7 5E A2 EB 20  ..n=x.SMS.f.^.. 
000033C0:  8B E8 08 73 64 7F D2 BA 9D D2 89 B6 1E 14 C9 22  ...sd.........."
000033D0:  93 D3 64 40 05 76 C4 B9 7E 3B 36 E7 A5 57 AB EC  ..d@.v..~;6..W..
000033E0:  87 8F 01 CC F6 9A 60 93 9E 7D 2C 4D A3 21 D5 9B  ......`..},M.!..
000033F0:  8D E2 E8 1B 88 C2 6E 06 2A 8F A4 83 AA A6 61 18  ......n.*.....a.
00003400:  A7 5A F0 50 EB D6 0D B5 6E 91 75 61 3E 89 86 EF  .Z.P....n.ua>...
00003410:  5B 7C 7D D5 5C C7 FB 8A 42 C2 32 3B 13 06 8A E6  [|}.\...B.2;....
00003420:  04 3D E7 77 8C 14 BD 66 19 8D FB DB 1C D9 3E 88  .=.w...f......>.
00003430:  42 A5 75 30 E3 D2 4B 87 3E EA F7 E2 5D 44 69 6B  B.u0..K.>...]Dik
00003440:  B0 70 5D 84 C5 6D 95 F4 D6 34 0C 61 02 92 54 1D  .p]..m...4.a..T.
00003450:  92 9E F5 A6 B2 3C 0C DA 01 3D E6 EA E3 09 26 F2  .....<...=....&.
00003460:  24 B3 A9 84 43 75 61 2E 16 BA 06 4A 62 DF C3 4F  $...Cua....Jb..O
00003470:  A5 4D 77 3A CC CE 53 B2 A2 75 64 21 A3 62 D9 65  .Mw:..S..ud!.b.e
00003480:  C6 3D FC A4 81 55 5F D7 8F 47 C6 20 AE 2B 22 86  .=...U_..G. .+".
00003490:  37 03 A2 73 C5 EE FF 0B 72 2C 50 AC 50 28 65 05  7..s....r,P.P(e.
000034A0:  78 C9 0D 36 E9 87 9E 60 49 36 A6 B5 09 E0 7E 37  x..6...`I6....~7
000034B0:  6F E1 24 5E F9 A2 12 71 7C D8 1F 12 79 DE 13 EC  o.$^...q|...y...
000034C0:  A1 5E 40 EF FB 0D 60 D9 91 75 9D A5 B7 1C 69 AA  .^@...`..u....i.
000034D0:  07 48 7A E9 46 B4 E2 AE 01 70 C7 6C DC 93 DF DD  .Hz.F....p.l....
000034E0:  12 AC E8 0E 12 E9 62 4A 2D 15 2E 8C BA 4D B4 82  ......bJ-....M..
000034F0:  8C 1D 32 98 4D 45 D7 ED CF B7 8E F4 41 48 A0 07  ..2.ME......AH..
00003500:  D2 AC 00 D2 7B 1D 27 E3 83 0C 21 46 A0 3E B2 EF  ....{.'...!F.>..
00003510:  B7 2C 73 A3 3C 19 EA 1D 83 74 C8 F3 2A 10 F6 A3  .,s.<....t..*...
00003520:  93 2D A1 18 C1 41 50 88 9B 5B 20 26 0C DE 00 A8  .-...AP..[ &....
00003530:  5E BA BD 8F 95 9D 9E CD 3B B9 42 D5 0C 03 F0 AF  ^.......;.B.....
00003540:  65 62 0B 2B 2F 11 8F E8 70 53 39 AB 8F 8A 92 24  eb.+/...pS9....$
00003550:  4D 57 B9 4D 88 AE 95 8B A8 8D F7 C9 86 CC 3A 0F  MW.M..........:.
00003560:  50 1A 9F 89 C0 3A CD 0E 0B 9E 40 C2 FE 9C 8F 85  P....:....@.....
00003570:  1D A4 4A 6C DA 93 8A 4C E6 21 BF 48 58 D2 D1 CA  ..Jl...L.!.HX...
00003580:  54 71 2C CD 73 F3 3D D5 BB F1 B7 0E 81 79 2A 23  Tq,.s.=......y*#
00003590:  28 39 87 D5 10 72 1D 28 55 50 4B 90 C3 05 76 74  (9...r.(UPK...vt
000035A0:  87 EB 1D C7 E3 DE BC EC 64 5C 11 65 E4 F1 48 F0  ........d\.e..H.
000035B0:  6A B3 47 D1 1F F0 85 1E 8A 06 CB F0 50 33 6B 27  j.G.........P3k'
000035C0:  7E F9 FD 60 1D C1 CA FA C3 84 1D 9C 4E F7 67 7D  ~..`........N.g}
000035D0:  F0 B0 D9 37 A8 72 FA A1 20 0A 27 3B FE 3F B9 91  ...7.r.. .';.?..
000035E0:  21 EE B5 CD 5D 63 F5 A8 DD 17 20 75 3B B7 2F 95  !...]c.... u;./.
000035F0:  54 23 EF 82 85 4E 60 60 5A F0 BA 9B 72 3E AD 3A  T#...N``Z...r>.:
00003600:  60 35 CB 38 25 3F 81 CD 90 C7 98 68 C5 02 9D 27  `5.8%?.....h...'
00003610:  CD 97 DA 94 E0 42 0F 66 9C 9E D2 73 99 BA E5 61  .....B.f...s...a
00003620:  79 6E 3D EE CF 77 1B 7F 55 5F F7 4C AA 3B 40 17  yn=..w..U_.L.;@.
00003630:  16 AA 59 B9 28 ED 3C 17 35 82 27 A2 FE E6 7C 39  ..Y.(.<.5.'...|9
00003640:  8D 5A BA 25 F7 A7 6D F2 77 A2 C6 D7 EF F4 76 F7  .Z.%..m.w.....v.
00003650:  D8 99 10 90 0D 11 61 84 B0 62 86 FD F6 3A D6 CB  ......a..b...:..
00003660:  29 92 6D D0 32 EA 3D 13 B0 9D FF 07 3F F8 6E 83  ).m.2.=.....?.n.
00003670:  FA 9F A8 51 C5 F4 CF 30 04 E0 72 33 C4 7C EB 9E  ...Q...0..r3.|..
00003680:  DB A7 6E 3D 78 92 2E AC ED D8 99 43 A9 ED B5 48  ..n=x......C...H
00003690:  31 80 AD F3 AD B6 99 11 DE 1D 66 FA B2 E7 92 3C  1.........f....<
000036A0:  1E E8 D6 59 EC B9 9C 4D B8 50 65 0B FE 0D 8F 70  ...Y...M.Pe....p
000036B0:  88 48 51 EA 26 79 85 7C C5 DD E4 CC 83 EF 86 4C  .HQ.&y.|.......L
000036C0:  54 83 D1 39 C5 39 77 C2 5A 2D 90 05 CA D5 FB 48  T..9.9w.Z-.....H
000036D0:  57 0C 02 9A D9 03 23 72 4D A1 68 BE FF 64 E9 74  W.....#rM.h..d.t
000036E0:  80 00 3E 90 8C 56 06 5B 64 B5 D3 C8 3E 17 3C 59  ..>..V.[d...>.<Y
000036F0:  D6 AC F1 07 D3 55 B7 58 C5 3B 3F 28 64 56 3F F0  .....U.X.;?(dV?.
00003700:  B8 49 EB 2A 31 A2 F0 C3 AF 74 EF 1C FA EB 4A 1D  .I.*1....t....J.
00003710:  25 21 25 92 16 A8 E8 11 87 2E 0B A0 39 9E D5 AC  %!%.........9...
00003720:  3A 3A 7E 17 BD D8 AB FD 4E 66 26 26 2C 90 69 B7  ::~.....Nf&&,.i.
00003730:  2D 79 0B 8B 63 98 5F 90 F8 E2 66 D9 E7 3E E1 FC  -y..c._...f..>..
00003740:  BF 71 7D DC 35 09 95 28 24 A7 D5 C4 ED A7 49 52  .q}.5..($.....IR
00003750:  CD 6E BD F7 CB 4D 10 C4 A8 AF EF 84 77 74 3B 02  .n...M......wt;.
00003760:  0A FD 11 E2 77 B5 DE 66 97 83 3E 2B B3 79 F0 47  ....w..f..>+.y.G
00003770:  C5 11 83 FA 51 6D 16 5A CE 08 12 5C 14 79 96 E0  ....Qm.Z...\.y..
00003780:  1A DB F1 21 11 8C 47 B3 C8 F0 2E 08 23 DB 5F 7E  ...!..G.....#._~
00003790:  1C A9 34 21 74 A8 C8 EB 11 3D D4 9D 85 7D 45 00  ..4!t....=...}E.
000037A0:  F5 CA BF 9B 22 1C 33 64 10 A7 CB 83 FE 66 1A A1  ....".3d.....f..
000037B0:  1B 2C 8D 1B FA F3 0D B5 6E 91 75 61 3E 89 86 EF  .,......n.ua>...
000037C0:  5B 7C 7D D5 5C C7 1C 4F 21 86 B0 AA 78 98 58 59  [|}.\..O!...x.XY
000037D0:  53 68 27 1B D4 A6 DC 91 F1 11 84 B2 03 34 10 8B  Sh'..........4..
000037E0:  D4 65 16 98 30 61 5E 6E 2C 64 01 86 6A EC 10 CA  .e..0a^n,d..j...
000037F0:  A9 5F CB AB 5B 7E 70 62 FF EF 65 E4 F5 68 2C FE  ._..[~pb..e..h,.
00003800:  75 70 FF 64 EE E2 88 85 51 68 25 83 7F 20 33 BE  up.d....Qh%.. 3.
00003810:  B7 FF 62 27 CF AC 70 2A 5A 6D AF AC 1A B3 76 78  ..b'..p*Zm....vx
00003820:  B8 93 68 29 6E 58 5E DE 9C F0 D6 86 D8 8F 00 83  ..h)nX^.........
00003830:  4A EC 87 57 41 A2 CE 93 FB ED 24 88 C6 8D 6E 2E  J..WA.....$...n.
00003840:  12 F3 18 3D 66 40 0F 7A E6 3C 9D DF 3C 00 09 13  ...=f@.z.<..<...
00003850:  02 5C 3C 01 56 35 F8 B8 B7 F6 D3 D2 BF FF 87 69  .\<.V5.........i
00003860:  A5 D6 B5 3D 00 0C 54 FA 56 B2 B7 BE BC F0 E0 EC  ...=..T.V.......
00003870:  84 8A 44 21 25 04 0E 0B 11 0C 4C 44 0D E4 25 0F  ..D!%.....LD..%.
00003880:  BD F8 31 7C 50 FD E2 AE 01 70 C7 6C DC 93 DF DD  ..1|P....p.l....
00003890:  12 AC E8 0E 12 E9 82 C3 4F B4 09 EA A2 1E D0 28  ........O......(
000038A0:  F3 A5 07 E4 17 5B C3 84 CE C3 26 88 6B 60 97 78  .....[....&.k`.x
000038B0:  3F CF 3E 0E A0 E9 76 33 A0 40 3D 0B E9 0A D0 8B  ?.>...v3.@=.....
000038C0:  D1 AC 4E 4C 55 64 EA DC 78 3C 24 CF FB F9 4F 46  ..NLUd..x<$...OF
000038D0:  21 1E 3B D6 53 78 A5 FB 66 7A EE B8 15 E2 FC 72  !.;.Sx..fz.....r
000038E0:  D5 3A E8 27 7B 1B 1C DC EC 60 EB 55 62 58 39 EB  .:.'{....`.UbX9.
000038F0:  C8 F1 F5 09 BF 84 62 F4 41 7A 2F D9 9A AC DB 34  ......b.Az/....4
00003900:  81 7D 0D A8 70 14 72 83 46 65 E9 CD 46 6F 17 78  .}..p.r.Fe..Fo.x
00003910:  02 21 23 46 70 76 98 61 E9 CF 37 28 54 93 00 19  .!#Fpv.a..7(T...
00003920:  13 16 00 89 08 9F 4F 42 F1 36 3A 54 45 60 74 37  ......OB.6:TE`t7
00003930:  E3 C6 CE 14 85 85 19 9A F5 9B EF FE 94 65 3B F8  .............e;.
00003940:  19 9A 6E AC 7E E3 ED 07 04 8C E0 C8 ED 16 73 C8  ..n.~.........s.
00003950:  38 54 2E B4 90 3D BC EC 64 5C 11 65 E4 F1 48 F0  8T...=..d\.e..H.
00003960:  6A B3 47 D1 1F F0 D6 CF 35 0A 8D 85 B2 DD B2 36  j.G.....5......6
00003970:  FE 09 0D 24 DB 5D FA A4 71 E8 50 34 5D F4 85 85  ...$.]..q.P4]...
00003980:  57 35 37 95 3B DF 13 0C BE 70 9A 1F A2 01 C4 B0  W57.;....p......
00003990:  CD 1A 76 F2 D7 ED B9 7E 9F 54 42 30 27 1E F4 EF  ..v....~.TB0'...
000039A0:  94 97 72 55 B2 16 A6 52 CE 1D 86 82 04 51 2D 84  ..rU...R.....Q-.
000039B0:  29 F9 47 AB 50 11 A8 BF 0E 97 92 19 9F 5D DE 80  ).G.P........]..
000039C0:  D7 48 CA 8F DA B6 04 53 73 75 E6 B0 5D EE CF 50  .H.....Ssu..]..P
000039D0:  D2 77 48 AC 2B 95 35 55 C7 BA 01 F1 54 55 49 41  .wH.+.5U....TUIA
000039E0:  AF 38 63 98 29 41 1A 18 84 26 3A 31 FE 55 7B 0B  .8c.)A...&:1.U{.
000039F0:  83 9C 51 1D DA 71 CB 35 84 93 3A FE 42 B8 93 5D  ..Q..q.5..:.B..]
00003A00:  F5 49 5C DC 13 DA 52 47 05 F0 4A DA 64 BB 42 A5  .I\...RG..J.d.B.
00003A10:  E7 69 47 65 ED 6A A0 22 C1 70 F4 F2 F3 E1 68 A8  .iGe.j.".p....h.
00003A20:  0E F9 9F A0 28 8E CF 30 04 E0 72 33 C4 7C EB 9E  ....(..0..r3.|..
00003A30:  DB A7 6E 3D 78 92 53 4D 53 2E 66 F7 5E A2 EB 20  ..n=x.SMS.f.^.. 
00003A40:  8B E8 08 73 64 7F D2 BA 9D D2 89 B6 1E 14 C9 22  ...sd.........."
00003A50:  93 D3 64 40 05 76 8C 12 83 19 59 34 37 90 1C 63  ..d@.v....Y47..c
00003A60:  AA 68 22 D9 66 43 A2 35 9B 5A 48 95 B5 F4 05 24  .h".fC.5.ZH....$
00003A70:  3D 52 93 85 7A 10 6A AE A2 4E 89 C2 44 50 0D 03  =R..z.j..N..DP..
00003A80:  7A 7F 95 F1 4B 26 BC BA 3D D6 E5 89 53 EE 4D 92  z...K&..=...S.M.
00003A90:  37 DE 71 76 7E 3E D1 04 2F 68 8D E6 E4 86 C1 0E  7.qv~>../h......
00003AA0:  E6 81 AF D0 1E 0A 2C 2C 67 BC 1D 95 C4 C5 33 FC  ......,,g.....3.
00003AB0:  08 A7 46 11 7D A4 E0 C5 A8 28 99 CC 91 D2 48 01  ..F.}....(....H.
00003AC0:  A9 56 43 88 94 72 16 DA A1 CB 25 DE 52 86 21 8E  .VC..r....%.R.!.
00003AD0:  60 1D 49 F7 BE 0C 6B E4 CD 4D FC 4E 03 BF 80 EA  `.I...k..M.N....
00003AE0:  6A EF E0 48 81 4D B0 2C 7F 0E AD 40 4A 2F CA 60  j..H.M.,...@J/.`
00003AF0:  F3 92 E1 01 9A 93 95 28 24 A7 D5 C4 ED A7 49 52  .......($.....IR
00003B00:  CD 6E BD F7 CB 4D 12 2E 71 AE 8A 0C 44 79 A9 22  .n...M..q...Dy."
00003B10:  0C CA 93 17 6E 1D 97 7A D3 75 5F E5 E8 E3 9E C4  ....n..z.u_.....
00003B20:  FA 21 7F 97 DE F3 C9 8A 3E BD D6 D3 BC FD 68 A9  .!......>.....h.
00003B30:  8E 56 6F 1F 65 BF 6F 35 BD D8 13 6B 49 E6 43 80  .Vo.e.o5...kI.C.
00003B40:  B5 94 18 85 68 32 96 07 55 2C 9A 47 BD 36 82 15  ....h2..U,.G.6..
00003B50:  B5 E2 51 DF 88 90 12 14 E4 D9 FA A7 A1 32 E7 AE  ..Q..........2..
00003B60:  3E BA 11 24 FE 37 0C B9 98 E6 3A 95 8B 10 34 9C  >..$.7....:...4.
00003B70:  E0 04 CC F4 D5 CD 4A 90 70 81 90 4E 46 8E 65 3F  ......J.p..NF.e?
00003B80:  44 52 7A 62 78 C2 36 AF C5 15 05 2F 02 DB 35 CB  DRzbx.6..../..5.
00003B90:  D4 CE 2C 4F 03 41 73 08 9A 82 4C 32 4D FC C9 88  ..,O.As...L2M...
00003BA0:  9E 04 CA A3 92 F7 26 23 CB 57 3E 45 91 2E 44 B4  ......&#.W>E..D.
00003BB0:  7E 3E A3 32 D8 BB 8C 86 17 95 2E 87 82 2B 49 C2  ~>.2.........+I.
00003BC0:  D9 91 74 D6 FF 26 70 2A 5A 6D AF AC 1A B3 76 78  ..t..&p*Zm....vx
00003BD0:  B8 93 68 29 6E 58 C9 7D 21 7E CF 68 F5 A4 A1 70  ..h)nX.}!~.h...p
00003BE0:  AE C6 03 C5 97 4D 43 5A 16 57 A5 E4 65 2D 37 72  .....MCZ.W..e-7r
00003BF0:  81 E7 56 B0 BB 37 5B EA 20 18 FC 05 5D 05 3B 96  ..V..7[. ...].;.
00003C00:  2B A7 7B 27 13 90 8D 74 A8 06 33 7E 5B 39 4B 25  +.{'...t..3~[9K%
00003C10:  D5 F1 3F A8 58 D8 8C 17 97 50 7F 31 C5 BD EC BE  ..?.X....P.1....
00003C20:  0D 54 68 3F 2A E7 81 70 69 0D 4E 2D C7 70 25 60  .Th?*..pi.N-.p%`
00003C30:  A7 AA AF 44 34 B3 BD 6D E1 DE 89 4E 16 21 D0 D6  ...D4..m...N.!..
00003C40:  86 C3 03 97 C2 39 02 AC 29 9A A5 0E 47 EB F3 A6  .....9..)...G...
00003C50:  A5 29 DF 35 36 00 EE D1 F4 33 1D 18 A7 BD 1C 06  .).56....3......
00003C60:  4B 1F 71 B3 B9 8E 66 FE F6 AC B1 68 BF E7 04 25  K.q...f....h...%
00003C70:  D6 47 1F 81 0E DD F9 A8 01 75 51 FB 7C 2C 2A 66  .G.......uQ.|,*f
00003C80:  48 80 EA A2 52 8E 39 6C 1E D1 24 83 80 28 7A 49  H...R.9l..$..(zI
00003C90:  C9 C2 36 11 18 06 A5 E0 B5 55 57 5A BD D9 54 84  ..6......UWZ..T.
00003CA0:  75 99 C6 47 A8 28 E9 6E 59 E7 86 00 75 DC 43 E2  u..G.(.nY...u.C.
00003CB0:  75 57 B8 E1 79 F1 DE 49 6C CE E4 CF 7A C3 3D C5  uW..y..Il...z.=.
00003CC0:  65 56 5F 6C BC 11 9C C0 F3 9F 73 1A 34 24 1C A3  eV_l......s.4$..
00003CD0:  B7 1E EE 52 39 DE E1 91 98 BF 30 24 34 5D 64 8C  ...R9.....0$4]d.
00003CE0:  BD C5 47 90 A2 74 5A F6 47 A2 35 8B 0A 7C 08 0F  ..G..tZ.G.5..|..
00003CF0:  98 4B E2 FF E8 26 5D 11 86 6E 86 79 DD B2 F7 7D  .K...&]..n.y...}
00003D00:  0D A1 D1 9C 60 50 D1 08 B6 C2 AC 80 3D E2 08 79  ....`P......=..y
00003D10:  26 BB AE CB 09 66 4B CD DE 9B 25 6B 0B 8B 7A F8  &....fK...%k..z.
00003D20:  48 76 26 9A 03 B7 BD F5 5A 77 B5 29 1E F7 19 91  Hv&.....Zw.)....
00003D30:  FF 2C F2 D1 A1 5A 4B CD DE 9B 25 6B 0B 8B 7A F8  .,...ZK...%k..z.
00003D40:  48 76 26 9A 03 B7 7E 1A 58 68 81 58 DE 2A 42 1B  Hv&...~.Xh.X.*B.
00003D50:  36 62 CE 8F C5 42 BB 50 1F 9B E5 EF DF 67 F8 DD  6b...B.P.....g..
00003D60:  A1 5F 64 0C D6 C9 54 38 E4 42 AE 6F 28 59 BB 3E  ._d...T8.B.o(Y.>
00003D70:  AF FA 7C E8 D4 50 34 41 EA 45 C1 9F 33 97 1C 4A  ..|..P4A.E..3..J
00003D80:  DF F5 2E B3 58 C3 61 71 65 4B 6C F0 9B 4B 3A C8  ....X.aqeKl..K:.
00003D90:  32 06 39 94 77 FE B4 DF BD 87 B0 4F 9C 03 77 4F  2.9.w......O..wO
00003DA0:  D6 C0 80 23 18 4A 73 BE A4 FB 46 64 58 A3 57 A3  ...#.Js...FdX.W.
00003DB0:  38 50 97 FF 62 F5 D0 C8 01 DC D3 AC E3 4B 66 E2  8P..b........Kf.
00003DC0:  74 38 97 16 0E 19 39 FC 14 2F 73 9C CD 6B 86 86  t8....9../s..k..
00003DD0:  F3 7D F0 A4 8E F6 00 00 00 00 00 00 00 00 00 00  .}..............
00003DE0:  00 00 00 00 00 00 00 00 00 00 00 00 00 00 00 00  ................ [zeros]
00003DF0:  00 00 00 00 00 00 00 00 00 00 00 00 00 00 00 00  ................ [zeros]
00003E00:  00 00 00 00 00 00 C8 C3 D4 6D C3 3F 80 45 1A 11  .........m.?.E..
00003E10:  67 3E 0E 2F 25 F3 6A 62 AF 7C 2E 63 F9 AD 98 95  g>./%.jb.|.c....
00003E20:  1E 10 9E D0 9D 1D 00 00 00 00 00 00 00 00 00 00  ................
00003E30:  00 00 00 00 00 00 00 00 00 00 00 00 00 00 00 00  ................ [zeros]
00003E40:  00 00 00 00 00 00 00 00 00 00 00 00 00 00 00 00  ................ [zeros]
00003E50:  00 00 00 00 00 00 00 00 00 00 00 00 00 00 00 00  ................ [zeros]
00003E60:  00 00 00 00 00 00 00 00 00 00 00 00 00 00 00 00  ................ [zeros]
00003E70:  00 00 00 00 00 00 00 00 00 00 00 00 00 00 00 00  ................ [zeros]
00003E80:  00 00 00 00 00 00 00 00 00 00 00 00 00 00 00 00  ................ [zeros]
00003E90:  00 00 00 00 00 00 00 00 00 00 00 00 00 00 00 00  ................ [zeros]
00003EA0:  00 00 00 00 00 00 AA 05 7E 7E 80 3D 8F 22 C0 A1  ........~~.=."..
00003EB0:  FD 07 AC 75 8F 83 94 EB C2 8C 17 41 43 4F 83 E6  ...u.......ACO..
00003EC0:  97 59 92 B2 C1 52 23 1F 91 D2 5E 79 95 99 88 A6  .Y...R#...^y....
00003ED0:  28 4F 02 4D 17 0C C7 C9 74 C4 F9 5D 26 36 EB 8D  (O.M....t..]&6..
00003EE0:  1E D2 69 E1 85 35 D9 A5 17 51 7B 68 7E 3E DD 79  ..i..5...Q{h~>.y
00003EF0:  13 42 6B 3E 17 93 BE D4 A4 86 34 79 66 02 43 7E  .Bk>......4yf.C~
00003F00:  ED F6 99 A1 15 1F 00 00 00 00 00 00 00 00 00 00  ................
00003F10:  00 00 00 00 00 00 AA A0 05 58 A8 BD BC 3B BB CE  .........X...;..
00003F20:  6A 92 BC D5 47 D4 E8 F4 3C CE 11 90 3F 23 4D 0C  j...G...<...?#M.
00003F30:  16 A9 8D 8A C8 68 10 B5 2A E2 63 BC 47 95 09 DB  .....h..*.c.G...
00003F40:  14 CA 69 A3 02 95 10 F2 6C 1C 97 3B C9 BF F7 9D  ..i.....l..;....
00003F50:  8C 41 8A 51 70 E6 CD C1 E0 64 19 7B 9C B9 48 0A  .A.Qp....d.{..H.
00003F60:  1A 94 06 07 FF 88 47 1D 22 64 AD E7 46 BC AE EB  ......G."d..F...
00003F70:  72 4F DA 11 55 04 67 24 B1 86 5E B3 7A 8A AC DF  rO..U.g$..^.z...
00003F80:  19 B5 51 E2 F2 2B BA 91 62 3D 72 89 CF 16 B2 59  ..Q..+..b=r....Y
00003F90:  28 B7 47 21 55 AD 7D 27 FF 92 5B 35 95 76 78 53  (.G!U.}'..[5.vxS
00003FA0:  E6 37 7B F0 1E 4C A5 A7 0C 03 D5 E8 FF 1E D0 20  .7{..L......... 
00003FB0:  BF A6 39 FE BB 32 00 00 00 00 00 00 00 00 00 00  ..9..2..........
00003FC0:  00 00 00 00 00 00 00 00 00 00 00 00 00 00 00 00  ................ [zeros]
00003FD0:  00 00 00 00 00 00 00 00 00 00 00 00 00 00 00 00  ................ [zeros]
00003FE0:  00 00 00 00 00 00 00 00 00 00 00 00 00 00 00 00  ................ [zeros]
00003FF0:  00 00 00 00 00 00 00 00 00 00 00 00 00 00 00 00  ................ [zeros]
00004000:  00 00 00 00 00 00 00 00 00 00 00 00 00 00 00 00  ................ [zeros]
00004010:  00 00 00 00 00 00 00 00 00 00 00 00 00 00 00 00  ................ [zeros]
00004020:  00 00 00 00 00 00 00 00 00 00 00 00 00 00 00 00  ................ [zeros]
00004030:  00 00 00 00 00 00 00 00 00 00 00 00 00 00 00 00  ................ [zeros]
00004040:  00 00 00 00 00 00 00 00 00 00 00 00 00 00 00 00  ................ [zeros]
00004050:  00 00 00 00 00 00 00 00 00 00 00 00 00 00 00 00  ................ [zeros]
00004060:  00 00 00 00 00 00 00 00 00 00 00 00 00 00 00 00  ................ [zeros]
00004070:  00 00 00 00 00 00 D7 8B 0A A0 D5 41 1E 54 46 AF  ...........A.TF.
00004080:  B6 C2 7C F9 5B 04 DA D1 37 F9 20 40 7E F6 1B 2F  ..|.[...7. @~../
00004090:  63 D5 A7 35 18 47 D1 99 3C E7 B6 BA 21 E1 38 55  c..5.G..<...!.8U
000040A0:  E4 EE 12 DF 7F 9B 7E E0 5B AE CF 20 5A B8 6A 2C  ......~.[.. Z.j,
000040B0:  E8 77 6D 01 9E 56 00 00 00 00 00 00 00 00 00 00  .wm..V..........
000040C0:  00 00 00 00 00 00 00 00 00 00 00 00 00 00 00 00  ................ [zeros]
000040D0:  00 00 00 00 00 00 00 00 00 00 00 00 00 00 00 00  ................ [zeros]
000040E0:  00 00 00 00 00 00 00 00 00 00 00 00 00 00 00 00  ................ [zeros]
000040F0:  00 00 00 00 00 00 00 00 00 00 00 00 00 00 00 00  ................ [zeros]
00004100:  00 00 00 00 00 00 00 00 00 00 00 00 00 00 00 00  ................ [zeros]
00004110:  00 00 00 00 00 00 00 00 00 00 00 00 00 00 00 00  ................ [zeros]
00004120:  00 00 00 00 00 00 00 00 00 00 00 00 00 00 00 00  ................ [zeros]
00004130:  00 00 00 00 00 00 00 00 00 00 00 00 00 00 00 00  ................ [zeros]
00004140:  00 00 00 00 00 00 00 00 00 00 00 00 00 00 00 00  ................ [zeros]
00004150:  00 00 00 00 00 00 00 00 00 00 00 00 00 00 00 00  ................ [zeros]
00004160:  00 00 00 00 00 00 00 00 00 00 00 00 00 00 00 00  ................ [zeros]
00004170:  00 00 00 00 00 00 00 00 00 00 00 00 00 00 00 00  ................ [zeros]
00004180:  00 00 00 00 00 00 00 00 00 00 00 00 00 00 00 00  ................ [zeros]
00004190:  00 00 00 00 00 00 00 00 00 00 00 00 00 00 00 00  ................ [zeros]
000041A0:  00 00 00 00 00 00 00 00 00 00 00 00 00 00 00 00  ................ [zeros]
000041B0:  00 00 00 00 00 00 00 00 00 00 00 00 00 00 00 00  ................ [zeros]
000041C0:  00 00 00 00 00 00 00 00 00 00 00 00 00 00 00 00  ................ [zeros]
000041D0:  00 00 00 00 00 00 00 00 00 00 00 00 00 00 00 00  ................ [zeros]
000041E0:  00 00 00 00 00 00 00 00 00 00 00 00 00 00 00 00  ................ [zeros]
000041F0:  00 00 00 00 00 00 00 00 00 00 00 00 00 00 00 00  ................ [zeros]
00004200:  00 00 00 00 00 00 00 00 00 00 00 00 00 00 00 00  ................ [zeros]
00004210:  00 00 00 00 00 00 D6 C9 19 87 8D 84 4E 95 79 D8  ............N.y.
00004220:  C0 B6 F8 6B 07 0D F9 F1 C8 21 12 E8 AE DD 37 80  ...k.....!....7.
00004230:  07 93 65 27 3A 74 7E E0 5B AE CF 20 5A B8 6A 2C  ..e':t~.[.. Z.j,
00004240:  E8 77 6D 01 9E 56 00 00 00 00 00 00 00 00 00 00  .wm..V..........
00004250:  00 00 00 00 00 00 00 00 00 00 00 00 00 00 00 00  ................ [zeros]
00004260:  00 00 00 00 00 00 00 00 00 00 00 00 00 00 00 00  ................ [zeros]
00004270:  00 00 00 00 00 00 00 00 00 00 00 00 00 00 00 00  ................ [zeros]
00004280:  00 00 00 00 00 00 00 00 00 00 00 00 00 00 00 00  ................ [zeros]
00004290:  00 00 00 00 00 00 00 00 00 00 00 00 00 00 00 00  ................ [zeros]
000042A0:  00 00 00 00 00 00 00 00 00 00 00 00 00 00 00 00  ................ [zeros]
000042B0:  00 00 00 00 00 00 00 00 00 00 00 00 00 00 00 00  ................ [zeros]
000042C0:  00 00 00 00 00 00 00 00 00 00 00 00 00 00 00 00  ................ [zeros]
000042D0:  00 00 00 00 00 00 00 00 00 00 00 00 00 00 00 00  ................ [zeros]
000042E0:  00 00 00 00 00 00 00 00 00 00 00 00 00 00 00 00  ................ [zeros]
000042F0:  00 00 00 00 00 00 00 00 00 00 00 00 00 00 00 00  ................ [zeros]
00004300:  00 00 00 00 00 00 00 00 00 00 00 00 00 00 00 00  ................ [zeros]
00004310:  00 00 00 00 00 00 00 00 00 00 00 00 00 00 00 00  ................ [zeros]
00004320:  00 00 00 00 00 00 00 00 00 00 00 00 00 00 00 00  ................ [zeros]
00004330:  00 00 00 00 00 00 00 00 00 00 00 00 00 00 00 00  ................ [zeros]
00004340:  00 00 00 00 00 00 08 E2 F7 42 C4 15 EE 40 14 ED  .........B...@..
00004350:  4B 75 B5 AB 20 F4 95 D1 30 2C A1 21 57 22 69 0C  Ku.. ...0,.!W"i.
00004360:  70 A2 B9 8E C9 32 7B 56 43 FF C4 AE 6D 22 99 23  p....2{VC...m".#
00004370:  30 B9 0E C9 0E 5F 07 1A 13 72 1E E8 F0 DE 27 D9  0...._...r....'.
00004380:  75 CD FC 21 1E 0D F3 56 9E 5D 98 16 61 62 2C 3D  u..!...V.]..ab,=
00004390:  15 CB C1 1E 8C 4A 9E C1 75 9D 16 94 9C F6 D7 A5  .....J..u.......
000043A0:  9A 98 DC 23 70 B4 FA CC B5 64 0C 1F BD 66 60 B5  ...#p....d...f`.
000043B0:  B2 9C 08 08 47 33 5B C5 CB 79 A9 6B 6D 00 D3 86  ....G3[..y.km...
000043C0:  54 BC 6F 8C 35 3E 37 14 0F A2 77 3A 7A 27 F7 25  T.o.5>7...w:z'.%
000043D0:  28 A0 67 AE A0 D9 07 1A 13 72 1E E8 F0 DE 27 D9  (.g......r....'.
000043E0:  75 CD FC 21 1E 0D 19 B0 BA C2 0C 42 14 D8 45 B3  u..!.......B..E.
000043F0:  10 8A 19 F1 41 CF 3D 87 65 92 FC 40 63 16 43 14  ....A.=.e..@c.C.
00004400:  41 AE 1A 3F C7 8A B7 B6 98 52 B8 84 F5 89 95 C6  A..?.....R......
00004410:  0D 35 7E 82 65 CD DB 10 D7 20 FE AB 29 E3 4C 09  .5~.e.... ..).L.
00004420:  71 BB 12 E0 CF 72 00 00 00 00 00 00 00 00 00 00  q....r..........
00004430:  00 00 00 00 00 00 00 00 00 00 00 00 00 00 00 00  ................ [zeros]
00004440:  00 00 00 00 00 00 00 00 00 00 00 00 00 00 00 00  ................ [zeros]
00004450:  00 00 00 00 00 00 00 00 00 00 00 00 00 00 00 00  ................ [zeros]
00004460:  00 00 00 00 00 00 00 00 00 00 00 00 00 00 00 00  ................ [zeros]
00004470:  00 00 00 00 00 00 00 00 00 00 00 00 00 00 00 00  ................ [zeros]
00004480:  00 00 00 00 00 00 00 00 00 00 00 00 00 00 00 00  ................ [zeros]
00004490:  00 00 00 00 00 00 00 00 00 00 00 00 00 00 00 00  ................ [zeros]
000044A0:  00 00 00 00 00 00 00 00 00 00 00 00 00 00 00 00  ................ [zeros]
000044B0:  00 00 00 00 00 00 00 00 00 00 00 00 00 00 00 00  ................ [zeros]
000044C0:  00 00 00 00 00 00 00 00 00 00 00 00 00 00 00 00  ................ [zeros]
000044D0:  00 00 00 00 00 00 00 00 00 00 00 00 00 00 00 00  ................ [zeros]
000044E0:  00 00 00 00 00 00 00 00 00 00 00 00 00 00 00 00  ................ [zeros]
000044F0:  00 00 00 00 00 00 00 00 00 00 00 00 00 00 00 00  ................ [zeros]
00004500:  00 00 00 00 00 00 00 00 00 00 00 00 00 00 00 00  ................ [zeros]
00004510:  00 00 00 00 00 00 00 00 00 00 00 00 00 00 00 00  ................ [zeros]
00004520:  00 00 00 00 00 00 00 00 00 00 00 00 00 00 00 00  ................ [zeros]
00004530:  00 00 00 00 00 00 00 00 00 00 00 00 00 00 00 00  ................ [zeros]
00004540:  00 00 00 00 00 00 00 00 00 00 00 00 00 00 00 00  ................ [zeros]
00004550:  00 00 00 00 00 00 00 00 00 00 00 00 00 00 00 00  ................ [zeros]
00004560:  00 00 00 00 00 00 00 00 00 00 00 00 00 00 00 00  ................ [zeros]
00004570:  00 00 00 00 00 00 00 00 00 00 00 00 00 00 00 00  ................ [zeros]
00004580:  00 00 00 00 00 00 00 00 00 00 00 00 00 00 00 00  ................ [zeros]
00004590:  00 00 00 00 00 00 00 00 00 00 00 00 00 00 00 00  ................ [zeros]
000045A0:  00 00 00 00 00 00 00 00 00 00 00 00 00 00 00 00  ................ [zeros]
000045B0:  00 00 00 00 00 00 00 00 00 00 00 00 00 00 00 00  ................ [zeros]
000045C0:  00 00 00 00 00 00 00 00 00 00 00 00 00 00 00 00  ................ [zeros]
000045D0:  00 00 00 00 00 00 00 00 00 00 00 00 00 00 00 00  ................ [zeros]
000045E0:  00 00 00 00 00 00 00 00 00 00 00 00 00 00 00 00  ................ [zeros]
000045F0:  00 00 00 00 00 00 00 00 00 00 00 00 00 00 00 00  ................ [zeros]
00004600:  00 00 00 00 00 00 00 00 00 00 00 00 00 00 00 00  ................ [zeros]
00004610:  00 00 00 00 00 00 00 00 00 00 00 00 00 00 00 00  ................ [zeros]
00004620:  00 00 00 00 00 00 00 00 00 00 00 00 00 00 00 00  ................ [zeros]
00004630:  00 00 00 00 00 00 00 00 00 00 00 00 00 00 00 00  ................ [zeros]
00004640:  00 00 00 00 00 00 00 00 00 00 00 00 00 00 00 00  ................ [zeros]
00004650:  00 00 00 00 00 00 00 00 00 00 00 00 00 00 00 00  ................ [zeros]
00004660:  00 00 00 00 00 00 00 00 00 00 00 00 00 00 00 00  ................ [zeros]
00004670:  00 00 00 00 00 00 00 00 00 00 00 00 00 00 00 00  ................ [zeros]
00004680:  00 00 00 00 00 00 00 00 00 00 00 00 00 00 00 00  ................ [zeros]
00004690:  00 00 00 00 00 00 00 00 00 00 00 00 00 00 00 00  ................ [zeros]
000046A0:  00 00 00 00 00 00 00 00 00 00 00 00 00 00 00 00  ................ [zeros]
000046B0:  00 00 00 00 00 00 00 00 00 00 00 00 00 00 00 00  ................ [zeros]
000046C0:  00 00 00 00 00 00 00 00 00 00 00 00 00 00 00 00  ................ [zeros]
000046D0:  00 00 00 00 00 00 00 00 00 00 00 00 00 00 00 00  ................ [zeros]
000046E0:  00 00 00 00 00 00 00 00 00 00 00 00 00 00 00 00  ................ [zeros]
000046F0:  00 00 00 00 00 00 00 00 00 00 00 00 00 00 00 00  ................ [zeros]
00004700:  00 00 00 00 00 00 00 00 00 00 00 00 00 00 00 00  ................ [zeros]
00004710:  00 00 00 00 00 00 00 00 00 00 00 00 00 00 00 00  ................ [zeros]
00004720:  00 00 00 00 00 00 00 00 00 00 00 00 00 00 00 00  ................ [zeros]
00004730:  00 00 00 00 00 00 00 00 00 00 00 00 00 00 00 00  ................ [zeros]
00004740:  00 00 00 00 00 00 00 00 00 00 00 00 00 00 00 00  ................ [zeros]
00004750:  00 00 00 00 00 00 00 00 00 00 00 00 00 00 00 00  ................ [zeros]
00004760:  00 00 00 00 00 00 00 00 00 00 00 00 00 00 00 00  ................ [zeros]
00004770:  00 00 00 00 00 00 00 00 00 00 00 00 00 00 00 00  ................ [zeros]
00004780:  00 00 00 00 00 00 00 00 00 00 00 00 00 00 00 00  ................ [zeros]
00004790:  00 00 00 00 00 00 00 00 00 00 00 00 00 00 00 00  ................ [zeros]
000047A0:  00 00 00 00 00 00 00 00 00 00 00 00 00 00 00 00  ................ [zeros]
000047B0:  00 00 00 00 00 00 00 00 00 00 00 00 00 00 00 00  ................ [zeros]
000047C0:  00 00 00 00 00 00 00 00 00 00 00 00 00 00 00 00  ................ [zeros]
000047D0:  00 00 00 00 00 00 00 00 00 00 00 00 00 00 00 00  ................ [zeros]
000047E0:  00 00 00 00 00 00 00 00 00 00 00 00 00 00 00 00  ................ [zeros]
000047F0:  00 00 00 00 00 00 00 00 00 00 00 00 00 00 00 00  ................ [zeros]
00004800:  00 00 00 00 00 00 00 00 00 00 00 00 00 00 00 00  ................ [zeros]
00004810:  00 00 00 00 00 00 00 00 00 00 00 00 00 00 00 00  ................ [zeros]
00004820:  00 00 00 00 00 00 00 00 00 00 00 00 00 00 00 00  ................ [zeros]
00004830:  00 00 00 00 00 00 00 00 00 00 00 00 00 00 00 00  ................ [zeros]
00004840:  00 00 00 00 00 00 00 00 00 00 00 00 00 00 00 00  ................ [zeros]
00004850:  00 00 00 00 00 00 00 00 00 00 00 00 00 00 00 00  ................ [zeros]
00004860:  00 00 00 00 00 00 00 00 00 00 00 00 00 00 00 00  ................ [zeros]
00004870:  00 00 00 00 00 00 00 00 00 00 00 00 00 00 00 00  ................ [zeros]
00004880:  00 00 00 00 00 00 00 00 00 00 00 00 00 00 00 00  ................ [zeros]
00004890:  00 00 00 00 00 00 00 00 00 00 00 00 00 00 00 00  ................ [zeros]
000048A0:  00 00 00 00 00 00 00 00 00 00 00 00 00 00 00 00  ................ [zeros]
000048B0:  00 00 00 00 00 00 00 00 00 00 00 00 00 00 00 00  ................ [zeros]
000048C0:  00 00 00 00 00 00 00 00 00 00 00 00 00 00 00 00  ................ [zeros]
000048D0:  00 00 00 00 00 00 00 00 00 00 00 00 00 00 00 00  ................ [zeros]
000048E0:  00 00 00 00 00 00 00 00 00 00 00 00 00 00 00 00  ................ [zeros]
000048F0:  00 00 00 00 00 00 00 00 00 00 00 00 00 00 00 00  ................ [zeros]
00004900:  00 00 00 00 00 00 00 00 00 00 00 00 00 00 00 00  ................ [zeros]
00004910:  00 00 00 00 00 00 00 00 00 00 00 00 00 00 00 00  ................ [zeros]
00004920:  00 00 00 00 00 00 00 00 00 00 00 00 00 00 00 00  ................ [zeros]
00004930:  00 00 00 00 00 00 00 00 00 00 00 00 00 00 00 00  ................ [zeros]
00004940:  00 00 00 00 00 00 00 00 00 00 00 00 00 00 00 00  ................ [zeros]
00004950:  00 00 00 00 00 00 00 00 00 00 00 00 00 00 00 00  ................ [zeros]
00004960:  00 00 00 00 00 00 00 00 00 00 00 00 00 00 00 00  ................ [zeros]
00004970:  00 00 00 00 00 00 00 00 00 00 00 00 00 00 00 00  ................ [zeros]
00004980:  00 00 00 00 00 00 00 00 00 00 00 00 00 00 00 00  ................ [zeros]
00004990:  00 00 00 00 00 00 00 00 00 00 00 00 00 00 00 00  ................ [zeros]
000049A0:  00 00 00 00 00 00 00 00 00 00 00 00 00 00 00 00  ................ [zeros]
000049B0:  00 00 00 00 00 00 00 00 00 00 00 00 00 00 00 00  ................ [zeros]
000049C0:  00 00 00 00 00 00 00 00 00 00 00 00 00 00 00 00  ................ [zeros]
000049D0:  00 00 00 00 00 00 00 00 00 00 00 00 00 00 00 00  ................ [zeros]
000049E0:  00 00 00 00 00 00 00 00 00 00 00 00 00 00 00 00  ................ [zeros]
000049F0:  00 00 00 00 00 00 00 00 00 00 00 00 00 00 00 00  ................ [zeros]
00004A00:  00 00 00 00 00 00 00 00 00 00 00 00 00 00 00 00  ................ [zeros]
00004A10:  00 00 00 00 00 00 3B 5D 2F E9 F6 84 F0 4C 0F BD  ......;]/....L..
00004A20:  41 55 A5 11 E9 04 FF EC C4 9E 00 9C E5 3A 26 66  AU...........:&f
00004A30:  F7 3A 47 5B CF 36 1C A8 03 88 64 BB 1C 76 3F FB  .:G[.6....d..v?.
00004A40:  17 AB 94 5F C5 57 31 6F F7 61 91 B8 CF 17 B6 5D  ..._.W1o.a.....]
00004A50:  1A F0 DF B8 87 67 31 6F F7 61 91 B8 CF 17 B6 5D  .....g1o.a.....]
00004A60:  1A F0 DF B8 87 67 31 6F F7 61 91 B8 CF 17 B6 5D  .....g1o.a.....]
00004A70:  1A F0 DF B8 87 67 31 6F F7 61 91 B8 CF 17 B6 5D  .....g1o.a.....]
00004A80:  1A F0 DF B8 87 67 31 6F F7 61 91 B8 CF 17 B6 5D  .....g1o.a.....]
00004A90:  1A F0 DF B8 87 67 31 6F F7 61 91 B8 CF 17 B6 5D  .....g1o.a.....]
00004AA0:  1A F0 DF B8 87 67 31 6F F7 61 91 B8 CF 17 B6 5D  .....g1o.a.....]
00004AB0:  1A F0 DF B8 87 67 31 6F F7 61 91 B8 CF 17 B6 5D  .....g1o.a.....]
00004AC0:  1A F0 DF B8 87 67 31 6F F7 61 91 B8 CF 17 B6 5D  .....g1o.a.....]
00004AD0:  1A F0 DF B8 87 67 31 6F F7 61 91 B8 CF 17 B6 5D  .....g1o.a.....]
00004AE0:  1A F0 DF B8 87 67 31 6F F7 61 91 B8 CF 17 B6 5D  .....g1o.a.....]
00004AF0:  1A F0 DF B8 87 67 31 6F F7 61 91 B8 CF 17 B6 5D  .....g1o.a.....]
00004B00:  1A F0 DF B8 87 67 31 6F F7 61 91 B8 CF 17 B6 5D  .....g1o.a.....]
00004B10:  1A F0 DF B8 87 67 31 6F F7 61 91 B8 CF 17 B6 5D  .....g1o.a.....]
00004B20:  1A F0 DF B8 87 67 E6 28 2E 8E A7 B5 80 5E 4C E3  .....g.(.....^L.
00004B30:  ED 9E 2B F8 24 91 F2 93 91 71 6F A5 81 E6 E0 0B  ..+.$....qo.....
00004B40:  7F 24 B0 06 C8 D4 00 00 00 00 00 00 00 00 00 00  .$..............
00004B50:  00 00 00 00 00 00 00 00 00 00 00 00 00 00 00 00  ................ [zeros]
00004B60:  00 00 00 00 00 00 00 00 00 00 00 00 00 00 00 00  ................ [zeros]
00004B70:  00 00 00 00 00 00 00 00 00 00 00 00 00 00 00 00  ................ [zeros]
00004B80:  00 00 00 00 00 00 00 00 00 00 00 00 00 00 00 00  ................ [zeros]
00004B90:  00 00 00 00 00 00 00 00 00 00 00 00 00 00 00 00  ................ [zeros]
00004BA0:  00 00 00 00 00 00 00 00 00 00 00 00 00 00 00 00  ................ [zeros]
00004BB0:  00 00 00 00 00 00 00 00 00 00 00 00 00 00 00 00  ................ [zeros]
00004BC0:  00 00 00 00 00 00 00 00 00 00 00 00 00 00 00 00  ................ [zeros]
00004BD0:  00 00 00 00 00 00 00 00 00 00 00 00 00 00 00 00  ................ [zeros]
00004BE0:  00 00 00 00 00 00 00 00 00 00 00 00 00 00 00 00  ................ [zeros]
00004BF0:  00 00 00 00 00 00 00 00 00 00 00 00 00 00 00 00  ................ [zeros]
00004C00:  00 00 00 00 00 00 00 00 00 00 00 00 00 00 00 00  ................ [zeros]
00004C10:  00 00 00 00 00 00 00 00 00 00 00 00 00 00 00 00  ................ [zeros]
00004C20:  00 00 00 00 00 00 00 00 00 00 00 00 00 00 00 00  ................ [zeros]
00004C30:  00 00 00 00 00 00 00 00 00 00 00 00 00 00 00 00  ................ [zeros]
00004C40:  00 00 00 00 00 00 CA A5 2E 44 2E 43 73 C3 8E 68  .........D.Cs..h
00004C50:  93 20 41 9A 45 08 31 6F F7 61 91 B8 CF 17 B6 5D  . A.E.1o.a.....]
00004C60:  1A F0 DF B8 87 67 31 6F F7 61 91 B8 CF 17 B6 5D  .....g1o.a.....]
00004C70:  1A F0 DF B8 87 67 31 6F F7 61 91 B8 CF 17 B6 5D  .....g1o.a.....]
00004C80:  1A F0 DF B8 87 67 31 6F F7 61 91 B8 CF 17 B6 5D  .....g1o.a.....]
00004C90:  1A F0 DF B8 87 67 31 6F F7 61 91 B8 CF 17 B6 5D  .....g1o.a.....]
00004CA0:  1A F0 DF B8 87 67 31 6F F7 61 91 B8 CF 17 B6 5D  .....g1o.a.....]
00004CB0:  1A F0 DF B8 87 67 31 6F F7 61 91 B8 CF 17 B6 5D  .....g1o.a.....]
00004CC0:  1A F0 DF B8 87 67 31 6F F7 61 91 B8 CF 17 B6 5D  .....g1o.a.....]
00004CD0:  1A F0 DF B8 87 67 31 6F F7 61 91 B8 CF 17 B6 5D  .....g1o.a.....]
00004CE0:  1A F0 DF B8 87 67 31 6F F7 61 91 B8 CF 17 B6 5D  .....g1o.a.....]
00004CF0:  1A F0 DF B8 87 67 31 6F F7 61 91 B8 CF 17 B6 5D  .....g1o.a.....]
00004D00:  1A F0 DF B8 87 67 31 6F F7 61 91 B8 CF 17 B6 5D  .....g1o.a.....]
00004D10:  1A F0 DF B8 87 67 31 6F F7 61 91 B8 CF 17 B6 5D  .....g1o.a.....]
00004D20:  1A F0 DF B8 87 67 31 6F F7 61 91 B8 CF 17 B6 5D  .....g1o.a.....]
00004D30:  1A F0 DF B8 87 67 31 6F F7 61 91 B8 CF 17 B6 5D  .....g1o.a.....]
00004D40:  1A F0 DF B8 87 67 C6 C4 0D A9 CA 25 80 AE 2D 22  .....g.....%..-"
00004D50:  E7 F8 FE 8C CA 49 31 6F F7 61 91 B8 CF 17 B6 5D  .....I1o.a.....]
00004D60:  1A F0 DF B8 87 67 31 6F F7 61 91 B8 CF 17 B6 5D  .....g1o.a.....]
00004D70:  1A F0 DF B8 87 67 31 6F F7 61 91 B8 CF 17 B6 5D  .....g1o.a.....]
00004D80:  1A F0 DF B8 87 67 31 6F F7 61 91 B8 CF 17 B6 5D  .....g1o.a.....]
00004D90:  1A F0 DF B8 87 67 31 6F F7 61 91 B8 CF 17 B6 5D  .....g1o.a.....]
00004DA0:  1A F0 DF B8 87 67 31 6F F7 61 91 B8 CF 17 B6 5D  .....g1o.a.....]
00004DB0:  1A F0 DF B8 87 67 31 6F F7 61 91 B8 CF 17 B6 5D  .....g1o.a.....]
00004DC0:  1A F0 DF B8 87 67 31 6F F7 61 91 B8 CF 17 B6 5D  .....g1o.a.....]
00004DD0:  1A F0 DF B8 87 67 31 6F F7 61 91 B8 CF 17 B6 5D  .....g1o.a.....]
00004DE0:  1A F0 DF B8 87 67 31 6F F7 61 91 B8 CF 17 B6 5D  .....g1o.a.....]
00004DF0:  1A F0 DF B8 87 67 31 6F F7 61 91 B8 CF 17 B6 5D  .....g1o.a.....]
00004E00:  1A F0 DF B8 87 67 31 6F F7 61 91 B8 CF 17 B6 5D  .....g1o.a.....]
00004E10:  1A F0 DF B8 87 67 31 6F F7 61 91 B8 CF 17 B6 5D  .....g1o.a.....]
00004E20:  1A F0 DF B8 87 67 31 6F F7 61 91 B8 CF 17 B6 5D  .....g1o.a.....]
00004E30:  1A F0 DF B8 87 67 31 6F F7 61 91 B8 CF 17 B6 5D  .....g1o.a.....]
00004E40:  1A F0 DF B8 87 67 7D 01 DC 17 69 6D 10 80 71 A8  .....g}...im..q.
00004E50:  86 88 BB 33 6C E4 00 00 00 00 00 00 00 00 00 00  ...3l...........
00004E60:  00 00 00 00 00 00 00 00 00 00 00 00 00 00 00 00  ................ [zeros]
00004E70:  00 00 00 00 00 00 00 00 00 00 00 00 00 00 00 00  ................ [zeros]
00004E80:  00 00 00 00 00 00 00 00 00 00 00 00 00 00 00 00  ................ [zeros]
00004E90:  00 00 00 00 00 00 48 DB 56 83 CE CC 7E 95 AB 6A  ......H.V...~..j
00004EA0:  2C B4 8D 58 08 E7 1E D9 CB B4 A3 DC 8C 3B 28 04  ,..X.........;(.
00004EB0:  94 7E B5 F5 35 B9 9F 2F BB FA 1D 23 E8 6C 26 08  .~..5../...#.l&.
00004EC0:  DB 3C F5 4A 04 65 B9 35 83 9B 7D F4 16 27 F2 C6  .<.J.e.5..}..'..
00004ED0:  A2 96 4E 6F DD 87 6E 20 BD 66 79 07 1E 0B 49 AC  ..No..n .fy...I.
00004EE0:  0F 6A 1D 39 7D A8 7A 8B 8D F8 A4 B8 22 D8 3E 5D  .j.9}.z.....".>]
00004EF0:  03 BE 15 99 54 55 C2 6A B4 19 A8 1E AB 4A C8 75  ....TU.j.....J.u
00004F00:  35 48 B5 3A E3 80 E0 55 0F 43 05 32 72 DC FC 81  5H.:...U.C.2r...
00004F10:  B4 68 48 8E 7E F5 44 01 67 92 13 7C 8F CE 33 C1  .hH.~.D.g..|..3.
00004F20:  B3 26 49 F9 BB AD 00 00 00 00 00 00 00 00 00 00  .&I.............
00004F30:  00 00 00 00 00 00 00 00 00 00 00 00 00 00 00 00  ................ [zeros]
00004F40:  00 00 00 00 00 00 00 00 00 00 00 00 00 00 00 00  ................ [zeros]
00004F50:  00 00 00 00 00 00 00 00 00 00 00 00 00 00 00 00  ................ [zeros]
00004F60:  00 00 00 00 00 00 00 00 00 00 00 00 00 00 00 00  ................ [zeros]
00004F70:  00 00 00 00 00 00 00 00 00 00 00 00 00 00 00 00  ................ [zeros]
00004F80:  00 00 00 00 00 00 00 00 00 00 00 00 00 00 00 00  ................ [zeros]
00004F90:  00 00 00 00 00 00 00 00 00 00 00 00 00 00 00 00  ................ [zeros]
00004FA0:  00 00 00 00 00 00 00 00 00 00 00 00 00 00 00 00  ................ [zeros]
00004FB0:  00 00 00 00 00 00 00 00 00 00 00 00 00 00 00 00  ................ [zeros]
00004FC0:  00 00 00 00 00 00 00 00 00 00 00 00 00 00 00 00  ................ [zeros]
00004FD0:  00 00 00 00 00 00 00 00 00 00 00 00 00 00 00 00  ................ [zeros]
00004FE0:  00 00 00 00 00 00 9E C1 75 9D 16 94 9C F6 D7 A5  ........u.......
00004FF0:  9A 98 DC 23 70 B4 79 46 D9 CD D8 CA 89 42 4C 73  ...#p.yF.....BLs
00005000:  52 A3 A5 AE F9 04 2E 37 F3 84 4E EB 55 9E 16 7C  R......7..N.U..|
00005010:  ED 63 78 C7 D1 0F 0F BB 93 22 DF 51 17 A4 93 BD  .cx......".Q....
00005020:  AB 95 21 B1 D0 66 16 87 6F F8 88 CF 9A D3 D9 2B  ..!..f..o......+
00005030:  37 FA 54 A1 56 B7 4D 25 18 56 3E DC 40 9E EE EC  7.T.V.M%.V>.@...
00005040:  4B 2F B9 6A D3 2F C0 D3 2A 8C 16 F1 5B 45 68 86  K/.j./..*...[Eh.
00005050:  C9 69 DE F1 44 93 87 E8 C9 95 D3 D5 D0 4B DE 6E  .i..D........K.n
00005060:  58 1F E7 2D D7 AE D8 25 E2 00 1B 29 87 34 31 07  X..-...%...).41.
00005070:  97 25 BB C8 AC 83 00 00 00 00 00 00 00 00 00 00  .%..............
00005080:  00 00 00 00 00 00 00 00 00 00 00 00 00 00 00 00  ................ [zeros]
00005090:  00 00 00 00 00 00 24 2B 8F 13 32 81 68 D9 31 7B  ......$+..2.h.1{
000050A0:  CC 71 84 A3 96 27 07 31 71 E2 C8 24 7B C0 F6 D0  .q...'.1q..${...
000050B0:  C4 2B E0 8C 75 AB 8F 4D C7 05 7C 17 42 57 60 FB  .+..u..M..|.BW`.
000050C0:  B9 02 3D 6D 10 A8 34 43 05 BE B6 0E 2A AA B9 17  ..=m..4C....*...
000050D0:  87 3D C4 89 93 5D DD 57 A0 C5 10 5D 76 AA 2A 81  .=...].W...]v.*.
000050E0:  77 CA 9E 45 A8 E0 2B 73 C8 46 22 08 6A 99 9F EB  w..E..+s.F".j...
000050F0:  E1 4D 82 0D B9 4E 00 00 00 00 00 00 00 00 00 00  .M...N..........
00005100:  00 00 00 00 00 00 CE 2D 9E E3 67 94 2F F9 EE A8  .......-..g./...
00005110:  7B 84 74 86 ED 19 72 FD 89 7F E3 BC BA D9 AB B1  {.t...r.........
00005120:  97 39 B8 9F 7D 42 86 36 6B 79 BE D8 06 A8 0C 12  .9..}B.6ky......
00005130:  CD F3 37 DB 73 2C 42 57 15 C1 24 7D E9 59 17 C1  ..7.s,BW..$}.Y..
00005140:  26 29 BD 72 9F 30 8F 4D C7 05 7C 17 42 57 60 FB  &).r.0.M..|.BW`.
00005150:  B9 02 3D 6D 10 A8 00 00 00 00 00 00 00 00 00 00  ..=m............
00005160:  00 00 00 00 00 00 00 00 00 00 00 00 00 00 00 00  ................ [zeros]
00005170:  00 00 00 00 00 00 00 00 00 00 00 00 00 00 00 00  ................ [zeros]
00005180:  00 00 00 00 00 00 00 00 00 00 00 00 00 00 00 00  ................ [zeros]
00005190:  00 00 00 00 00 00 00 00 00 00 00 00 00 00 00 00  ................ [zeros]
000051A0:  00 00 00 00 00 00 00 00 00 00 00 00 00 00 00 00  ................ [zeros]
000051B0:  00 00 00 00 00 00 00 00 00 00 00 00 00 00 00 00  ................ [zeros]
000051C0:  00 00 00 00 00 00 00 00 00 00 00 00 00 00 00 00  ................ [zeros]
000051D0:  00 00 00 00 00 00 00 00 00 00 00 00 00 00 00 00  ................ [zeros]
000051E0:  00 00 00 00 00 00 00 00 00 00 00 00 00 00 00 00  ................ [zeros]
000051F0:  00 00 00 00 00 00 00 00 00 00 00 00 00 00 00 00  ................ [zeros]
00005200:  00 00 00 00 00 00 00 00 00 00 00 00 00 00 00 00  ................ [zeros]
00005210:  00 00 00 00 00 00 00 00 00 00 00 00 00 00 00 00  ................ [zeros]
00005220:  00 00 00 00 00 00 1A 28 4F 62 E2 65 7E C4 F4 A6  .......(Ob.e~...
00005230:  50 EB 58 27 B1 D7 AA AB 24 48 05 43 7E 9C EF D0  P.X'....$H.C~...
00005240:  A1 25 EC CA 33 37 D4 D2 BD DD B8 D0 BF EC B4 C9  .%..37..........
00005250:  89 31 20 35 E2 12 A0 BD 3F B8 0C ED CE 05 6A EF  .1 5....?.....j.
00005260:  1E 30 BA F2 95 1A AA AB 24 48 05 43 7E 9C EF D0  .0......$H.C~...
00005270:  A1 25 EC CA 33 37 D4 D2 BD DD B8 D0 BF EC B4 C9  .%..37..........
00005280:  89 31 20 35 E2 12 A0 BD 3F B8 0C ED CE 05 6A EF  .1 5....?.....j.
00005290:  1E 30 BA F2 95 1A B3 5C A1 D4 95 72 F1 F7 BB 4A  .0.....\...r...J
000052A0:  FD D8 8B 5B C0 B9 1D 42 F1 B7 11 CF 60 5D 99 3C  ...[...B....`].<
000052B0:  B0 E0 B2 4C B2 0E 16 EB E3 56 D4 6F 99 FB 47 76  ...L.....V.o..Gv
000052C0:  08 08 10 BA DD 21 1C 62 57 F4 40 A9 16 0F E0 29  .....!.bW.@....)
000052D0:  80 3A 33 06 51 4F 94 60 26 7B BE 11 D5 79 E9 52  .:3.QO.`&{...y.R
000052E0:  4B FA A0 62 09 FD 2D 63 F9 3A CA 61 6F 59 16 15  K..b..-c.:.aoY..
000052F0:  D3 BE F4 37 CF F1 6D E4 74 F9 C6 8A 31 AD EB 6F  ...7..m.t...1..o
00005300:  57 54 16 F6 A7 B3 36 32 0B F7 78 84 70 58 D6 BB  WT....62..x.pX..
00005310:  2E 86 6C BA C7 C2 20 65 45 F1 76 70 72 35 BA 84  ..l... eE.vpr5..
00005320:  B0 62 38 23 26 7D D6 8D 93 CE 30 54 7A C6 BE 86  .b8#&}....0Tz...
00005330:  1E 04 53 8C CA F1 64 11 7C AA 58 F7 AF FF 43 46  ..S...d.|.X...CF
00005340:  6E 57 11 02 FB 54 DF 7F E8 AE 91 FF E1 EC 92 48  nW...T.........H
00005350:  D8 EC DA 75 9E E6 4C 1C 62 C6 18 FD D1 3A 2A DA  ...u..L.b....:*.
00005360:  E1 07 FA B1 64 58 16 0B C6 0F 3A EF FD 21 CD 3D  ....dX....:..!.=
00005370:  B5 04 0D 16 8B 13 56 76 09 62 28 EF 3B 50 49 51  ......Vv.b(.;PIQ
00005380:  23 B9 D2 B7 29 73 2E A9 DE C5 63 88 0A AA 96 F1  #...)s....c.....
00005390:  83 94 D1 62 9E 97 57 6B 90 AC B3 A0 03 C8 45 F0  ...b..Wk......E.
000053A0:  AC ED D0 67 0F 5A 42 57 15 C1 24 7D E9 59 17 C1  ...g.ZBW..$}.Y..
000053B0:  26 29 BD 72 9F 30 00 00 00 00 00 00 00 00 00 00  &).r.0..........
000053C0:  00 00 00 00 00 00 CE 2D 9E E3 67 94 2F F9 EE A8  .......-..g./...
000053D0:  7B 84 74 86 ED 19 34 43 05 BE B6 0E 2A AA B9 17  {.t...4C....*...
000053E0:  87 3D C4 89 93 5D 00 00 00 00 00 00 00 00 00 00  .=...]..........
000053F0:  00 00 00 00 00 00 86 36 6B 79 BE D8 06 A8 0C 12  .......6ky......
00005400:  CD F3 37 DB 73 2C 2B 73 C8 46 22 08 6A 99 9F EB  ..7.s,+s.F".j...
00005410:  E1 4D 82 0D B9 4E 00 00 00 00 00 00 00 00 00 00  .M...N..........
00005420:  00 00 00 00 00 00 8F 4D C7 05 7C 17 42 57 60 FB  .......M..|.BW`.
00005430:  B9 02 3D 6D 10 A8 00 00 00 00 00 00 00 00 00 00  ..=m............
00005440:  00 00 00 00 00 00 72 FD 89 7F E3 BC BA D9 AB B1  ......r.........
00005450:  97 39 B8 9F 7D 42 DD 57 A0 C5 10 5D 76 AA 2A 81  .9..}B.W...]v.*.
00005460:  77 CA 9E 45 A8 E0 00 00 00 00 00 00 00 00 00 00  w..E............
00005470:  00 00 00 00 00 00 42 57 15 C1 24 7D E9 59 17 C1  ......BW..$}.Y..
00005480:  26 29 BD 72 9F 30 00 00 00 00 00 00 00 00 00 00  &).r.0..........
00005490:  00 00 00 00 00 00 CE 2D 9E E3 67 94 2F F9 EE A8  .......-..g./...
000054A0:  7B 84 74 86 ED 19 00 00 00 00 00 00 00 00 00 00  {.t.............
000054B0:  00 00 00 00 00 00 00 00 00 00 00 00 00 00 00 00  ................ [zeros]
000054C0:  00 00 00 00 00 00 00 00 00 00 00 00 00 00 00 00  ................ [zeros]
000054D0:  00 00 00 00 00 00 00 00 00 00 00 00 00 00 00 00  ................ [zeros]
000054E0:  00 00 00 00 00 00 00 00 00 00 00 00 00 00 00 00  ................ [zeros]
000054F0:  00 00 00 00 00 00 D7 54 08 21 F1 E8 FE 0F 8D 32  .......T.!.....2
00005500:  1E 88 F4 93 49 AC 5A 6F C9 17 3A D7 3A 23 7A FA  ....I.Zo..:.:#z.
00005510:  40 3E 71 0F 59 35 2E 4C 93 75 58 3A 44 27 5A F3  @>q.Y5.L.uX:D'Z.
00005520:  34 EA 6F 03 8B 34 5A 6F C9 17 3A D7 3A 23 7A FA  4.o..4Zo..:.:#z.
00005530:  40 3E 71 0F 59 35 D3 82 EA 10 BE 48 AB 6B C6 DF  @>q.Y5.....H.k..
00005540:  C6 5B 6F C9 46 01 4F F3 D7 7C BB D2 C8 1C 39 AB  .[o.F.O..|....9.
00005550:  34 77 EF 2A D6 9F 8B A5 C3 50 0E 02 0C DA 55 2F  4w.*.....P....U/
00005560:  7B 71 ED 2D A3 55 FA 18 E4 B1 7F D2 FC 05 D8 B2  {q.-.U..........
00005570:  E1 09 9A DB 07 34 1D 2E D7 FC 00 E8 FB B8 CC CC  .....4..........
00005580:  0E F8 38 B9 EA 1A B7 60 84 D0 65 6E 07 D8 1F 78  ..8....`..en...x
00005590:  0F 12 8D B5 CB E3 00 00 00 00 00 00 00 00 00 00  ................
000055A0:  00 00 00 00 00 00 52 46 CF 6D 3A 6D F8 D4 61 CD  ......RF.m:m..a.
000055B0:  D8 CB DF 5D 01 C5 C1 EF 9F 96 EC 9E B1 6D BD BA  ...].........m..
000055C0:  B9 D8 2D C0 E7 C4 DD 1F BE 80 81 CB 5C 83 8D 69  ..-.........\..i
000055D0:  56 10 E0 07 A8 66 FA BB 82 62 AC 07 10 5C 6E 35  V....f...b...\n5
000055E0:  F2 17 4E B5 BB 9A 99 70 72 CA B8 87 76 2F FD A4  ..N....pr...v/..
000055F0:  54 A7 08 0C CC 46 C4 E0 81 11 C2 92 3D 1F AC 39  T....F......=..9
00005600:  59 F7 5A 13 AB D1 0B 85 91 CC A6 4D B9 40 C2 0D  Y.Z........M.@..
00005610:  6F EE 97 01 23 8A A3 D8 8D 57 01 A8 74 D2 81 72  o...#....W..t..r
00005620:  64 73 6E A2 5B 69 7B D5 76 41 69 D6 06 A0 27 9C  dsn.[i{.vAi...'.
00005630:  BD BB EF 6A A5 E6 D7 4A 50 B9 C6 9A 18 B1 B9 6B  ...j...JP......k
00005640:  C4 22 AC BB C4 7F 58 D8 46 E2 DB 25 5B FE 90 3E  ."....X.F..%[..>
00005650:  13 02 23 6F 1E A6 00 00 00 00 00 00 00 00 00 00  ..#o............
00005660:  00 00 00 00 00 00 00 00 00 00 00 00 00 00 00 00  ................ [zeros]
00005670:  00 00 00 00 00 00 00 00 00 00 00 00 00 00 00 00  ................ [zeros]
00005680:  00 00 00 00 00 00 00 00 00 00 00 00 00 00 00 00  ................ [zeros]
00005690:  00 00 00 00 00 00 55 24 BB 29 FA 8B 6C A3 9A 9E  ......U$.)..l...
000056A0:  76 D9 E0 AE F9 EE 65 68 EE DD EA C0 23 6A E0 FB  v.....eh....#j..
000056B0:  4E B9 CD 84 B2 D8 F7 38 8D 94 95 D9 8D FF 03 C0  N......8........
000056C0:  E0 BC BF DF 28 BB 1F 1C 06 A3 06 BE 51 A2 E3 96  ....(.......Q...
000056D0:  A7 D4 0B FF F5 2A 8D AC 7B 46 27 D8 AC 07 54 D4  .....*..{F'...T.
000056E0:  CA 3E 6A 7D 23 23 86 CE E3 99 EE 33 18 66 F3 E8  .>j}##.....3.f..
000056F0:  3E F2 CC 2A 5A 9E CB 96 29 7D 86 A1 BA 62 0C 67  >..*Z...)}...b.g
00005700:  D6 8E 7C 42 BF BF A9 EB 15 02 75 EE 52 4C F1 12  ..|B......u.RL..
00005710:  CB 06 C5 C5 FC 0D 64 26 63 2C 92 AA 5E D4 54 F4  ......d&c,..^.T.
00005720:  32 36 06 86 36 F3 D3 03 73 73 F2 A1 6C 41 ED C8  26..6...ss..lA..
00005730:  00 9B 81 66 5F 0C 3B 6C 2F 06 21 66 81 59 2C 00  ...f_.;l/.!f.Y,.
00005740:  D4 26 B3 F1 75 4D 6F A6 23 72 DB 79 3A 46 85 39  .&..uMo.#r.y:F.9
00005750:  F0 6B C6 F5 21 D0 36 A0 AC 73 14 4A 54 27 F4 A8  .k..!.6..s.JT'..
00005760:  FD 69 6C 28 91 51 FA F5 3E 5E DF 78 BD 17 39 46  .il(.Q..>^.x..9F
00005770:  89 96 DE 12 EA 64 C9 B0 4A 40 EA 76 7A 3A C2 FE  .....d..J@.vz:..
00005780:  93 8C 29 CD B9 84 C9 C4 DA 72 8C CB 74 51 26 40  ..)......r..tQ&@
00005790:  D5 A6 13 8F 5B B9 5C 7A 56 6F 22 85 2F F4 15 48  ....[.\zVo"./..H
000057A0:  EC 0D 06 E0 2C 03 5C DC 87 73 04 48 AC B5 5D CE  ....,.\..s.H..].
000057B0:  EF 82 AF C6 EC 58 FA 1D 2D 17 74 3C 55 CA FD EB  .....X..-.t<U...
000057C0:  47 C6 B9 C0 9A 7D B3 9E 2D 50 D5 D7 BE DD 99 EC  G....}..-P......
000057D0:  7F 8F 8A 22 6F 75 C8 0D C5 C7 D2 28 2A 63 0D 81  ..."ou.....(*c..
000057E0:  E4 74 34 9C AA 15 4B ED F5 E3 D3 0A 20 C7 99 52  .t4...K..... ..R
000057F0:  3C 9A A2 41 6B 90 72 48 D6 58 6F 9C CE 72 B1 F2  <..Ak.rH.Xo..r..
00005800:  C3 ED B8 6A A8 E3 8F 1E DF 24 D1 FB AE 0D 45 4D  ...j.....$....EM
00005810:  3D 95 61 37 FF 03 4F 05 0D C6 92 3D CC A2 5A A3  =.a7..O....=..Z.
00005820:  3C F1 B7 4F E4 71 1D E4 6C 0F A7 4A 5E 4B B8 E3  <..O.q..l..J^K..
00005830:  38 3D 09 95 55 52 77 CE 07 59 8E 53 80 56 1D D3  8=..URw..Y.S.V..
00005840:  6D 41 4E 98 69 D4 AA 05 7E 7E 80 3D 8F 22 C0 A1  mAN.i...~~.=."..
00005850:  FD 07 AC 75 8F 83 35 C8 51 AB 53 F6 FE 04 5A F7  ...u..5.Q.S...Z.
00005860:  1B 94 29 14 75 6C A5 44 F7 20 BC 76 34 84 58 14  ..).ul.D. .v4.X.
00005870:  6C FA 49 F1 15 D1 29 BA B1 6E E4 99 E0 18 92 74  l.I...)..n.....t
00005880:  4B 07 AA 4F A0 17 4C 22 18 C5 14 0D 68 3E 8F 01  K..O..L"....h>..
00005890:  84 A2 6C C3 C6 51 A3 46 CD 4D 31 DA 57 E0 48 AF  ..l..Q.F.M1.W.H.
000058A0:  99 17 BD 42 01 69 BC 39 55 F2 47 5C CC 99 59 5D  ...B.i.9U.G\..Y]
000058B0:  8E 14 20 25 BF F6 34 B9 F6 6B 49 DF 9A F4 A8 96  .. %..4..kI.....
000058C0:  46 B1 31 42 39 A6 4F 63 92 14 42 E9 0E CA 50 3F  F.1B9.Oc..B...P?
000058D0:  0B 97 5A 5B 47 2E 65 BB A4 BC D9 F5 D0 49 78 39  ..Z[G.e......Ix9
000058E0:  CF 75 B3 27 77 19 FB 47 5E A3 2E 67 6F 1A 80 22  .u.'w..G^..go.."
000058F0:  94 85 5F 97 54 65 28 87 C0 E2 8A E5 51 03 A1 C5  .._.Te(.....Q...
00005900:  99 44 BB 75 9D AB 00 00 00 00 00 00 00 00 00 00  .D.u............
00005910:  00 00 00 00 00 00 00 00 00 00 00 00 00 00 00 00  ................ [zeros]
00005920:  00 00 00 00 00 00 00 00 00 00 00 00 00 00 00 00  ................ [zeros]
00005930:  00 00 00 00 00 00 00 00 00 00 00 00 00 00 00 00  ................ [zeros]
00005940:  00 00 00 00 00 00 00 00 00 00 00 00 00 00 00 00  ................ [zeros]
00005950:  00 00 00 00 00 00 00 00 00 00 00 00 00 00 00 00  ................ [zeros]
00005960:  00 00 00 00 00 00 00 00 00 00 00 00 00 00 00 00  ................ [zeros]
00005970:  00 00 00 00 00 00 4E 69 E6 61 EC 3C 47 04 98 84  ......Ni.a.<G...
00005980:  02 C3 78 BD D0 7B C9 0C BF C4 0E F1 CA D9 9A D3  ..x..{..........
00005990:  6B 37 33 14 28 FB 83 B7 72 A3 C4 5A B4 24 7C 59  k73.(...r..Z.$|Y
000059A0:  EB 9C 81 13 E0 BD 94 8F D9 49 9B C4 DC 0D 79 A6  .........I....y.
000059B0:  1B A7 9E 5E CE 13 CE 23 C4 A5 29 78 20 F3 54 2F  ...^...#..)x .T/
000059C0:  E9 2D 37 9B 60 EE BA 90 66 9D 8F 4F 06 52 09 1F  .-7.`...f..O.R..
000059D0:  7E DC 38 18 18 40 D0 6D F3 99 2C 6B 05 61 79 82  ~.8..@.m..,k.ay.
000059E0:  DE A8 EF 78 DF 3A 4E 76 1B 42 28 09 26 EB 6B 38  ...x.:Nv.B(.&.k8
000059F0:  C3 01 0B E7 13 49 74 08 FB 67 A2 48 EF 2B D5 8C  .....It..g.H.+..
00005A00:  4B 53 1C 0C F3 E1 8B 78 BC D5 8B 45 B8 87 5B 88  KS.....x...E..[.
00005A10:  E5 35 35 ED 3E F5 D5 84 3B A9 50 45 12 7D 25 D8  .55.>...;.PE.}%.
00005A20:  F4 93 33 EC 7B 13 00 00 00 00 00 00 00 00 00 00  ..3.{...........
00005A30:  00 00 00 00 00 00 F4 E3 A9 E0 46 AA 8B FD 20 91  ..........F... .
00005A40:  22 C4 D9 56 5E F4 8F 65 61 A3 46 66 D1 06 74 A2  "..V^..ea.Ff..t.
00005A50:  14 9B 3F E6 67 D3 00 00 00 00 00 00 00 00 00 00  ..?.g...........
00005A60:  00 00 00 00 00 00 00 00 00 00 00 00 00 00 00 00  ................ [zeros]
00005A70:  00 00 00 00 00 00 00 00 00 00 00 00 00 00 00 00  ................ [zeros]
00005A80:  00 00 00 00 00 00 00 00 00 00 00 00 00 00 00 00  ................ [zeros]
00005A90:  00 00 00 00 00 00 00 00 00 00 00 00 00 00 00 00  ................ [zeros]
00005AA0:  00 00 00 00 00 00 00 00 00 00 00 00 00 00 00 00  ................ [zeros]
00005AB0:  00 00 00 00 00 00 00 00 00 00 00 00 00 00 00 00  ................ [zeros]
00005AC0:  00 00 00 00 00 00 00 00 00 00 00 00 00 00 00 00  ................ [zeros]
00005AD0:  00 00 00 00 00 00 00 00 00 00 00 00 00 00 00 00  ................ [zeros]
00005AE0:  00 00 00 00 00 00 00 00 00 00 00 00 00 00 00 00  ................ [zeros]
00005AF0:  00 00 00 00 00 00 00 00 00 00 00 00 00 00 00 00  ................ [zeros]
00005B00:  00 00 00 00 00 00 00 00 00 00 00 00 00 00 00 00  ................ [zeros]
00005B10:  00 00 00 00 00 00 00 00 00 00 00 00 00 00 00 00  ................ [zeros]
00005B20:  00 00 00 00 00 00 00 00 00 00 00 00 00 00 00 00  ................ [zeros]
00005B30:  00 00 00 00 00 00 BA E0 37 DC FD 19 61 8C 47 B1  ........7...a.G.
00005B40:  80 02 B2 83 17 63 00 00 00 00 00 00 00 00 00 00  .....c..........
00005B50:  00 00 00 00 00 00 87 A2 03 94 01 E3 63 DB 46 AD  ............c.F.
00005B60:  4E E3 6B 03 F7 00 16 CE E6 D9 D6 AD A6 FA E6 4C  N.k............L
00005B70:  30 18 BB 16 59 3A 04 FE 8C 70 E4 81 DF 00 84 41  0...Y:...p.....A
00005B80:  A6 B7 77 B3 4A 90 9F 72 DE F6 72 B4 38 38 CB 90  ..w.J..r..r.88..
00005B90:  88 45 C6 03 08 0F 7F 0F 4B BA C7 1F E4 8D 17 C8  .E......K.......
00005BA0:  8F 04 D6 48 B2 47 0D 0C C7 E2 30 78 A9 45 FA 19  ...H.G....0x.E..
00005BB0:  BD 96 07 71 FE 30 50 5B AE FD 25 25 36 F3 AB 97  ...q.0P[..%%6...
00005BC0:  DE 5B CF B2 2D AE 6C 42 92 CD D3 65 AA 77 6A D0  .[..-.lB...e.wj.
00005BD0:  0E BF A8 85 FA 75 3D 00 54 D3 D8 E9 9D 3E 1C D1  .....u=.T....>..
00005BE0:  55 D5 64 D8 67 56 49 76 F5 F0 71 30 05 BA CD 92  U.d.gVIv..q0....
00005BF0:  95 2D CD BC CE 9C 0F 75 9E CB 8E C0 19 C5 16 D4  .-.....u........
00005C00:  15 0A 8C FF 99 86 86 85 BF BC EA D7 C8 24 C6 90  .............$..
00005C10:  C5 A2 F6 7B E7 A0 6B FA 34 69 3B 40 CC 65 99 67  ...{..k.4i;@.e.g
00005C20:  3B 53 76 FA E6 04 39 23 BF BB 55 58 90 70 55 F2  ;Sv...9#..UX.pU.
00005C30:  4C 89 12 8E CD ED D1 C6 69 64 60 E8 BE 93 CC 4C  L.......id`....L
00005C40:  48 18 5D ED A4 EE E5 F1 BF C6 1E B5 96 64 09 8F  H.]..........d..
00005C50:  E2 DF 2C A0 F4 30 48 CB AF 06 77 00 28 D6 BA D3  ..,..0H...w.(...
00005C60:  8B 06 CC 99 66 6E F9 BC F7 84 37 63 2F B2 AF E6  ....fn....7c/...
00005C70:  AF 57 60 61 58 4E B1 D5 E2 21 96 BC 1A A3 66 C4  .W`aXN...!....f.
00005C80:  1E 20 7C E6 B5 16 C2 8D 21 99 4D DC 04 8C EF 22  . |.....!.M...."
00005C90:  03 57 ED 55 D4 7C 86 70 D1 7F 31 6E 6E 3B CF 1D  .W.U.|.p..1nn;..
00005CA0:  93 FC 97 EB 2D 9C 96 14 1F 56 7D 11 D5 E1 83 9B  ....-....V}.....
00005CB0:  57 E5 71 E4 7F 81 7F D2 8B 23 9F B9 EE 8B 6F 13  W.q......#....o.
00005CC0:  A3 86 8D 68 A2 09 EF 6B D6 E1 44 B7 2B 4E 9D 71  ...h...k..D.+N.q
00005CD0:  21 10 B6 92 B2 62 1C 3E AB B0 F1 3F 12 FE 7C 60  !....b.>...?..|`
00005CE0:  C5 F8 CC AF 8E 81 E2 65 90 3D 93 14 B5 7A 2D C1  .......e.=...z-.
00005CF0:  08 16 09 47 15 06 BF 9B 30 AD 14 75 6A 60 5B AC  ...G....0..uj`[.
00005D00:  DC 91 A2 56 71 5E 59 84 02 EE F2 73 A4 56 74 3F  ...Vq^Y....s.Vt?
00005D10:  D8 E7 C5 AD F9 49 61 2D 50 49 3B CF C0 C2 E5 88  .....Ia-PI;.....
00005D20:  38 7D 34 5F 1F B5 F7 B9 11 A2 46 E8 C7 1A 90 AC  8}4_......F.....
00005D30:  E1 5A A5 D3 F3 34 B5 72 B4 EB 64 DD 04 15 44 88  .Z...4.r..d...D.
00005D40:  2E 3D 70 25 1D 84 C0 56 D1 8F 05 51 1E BB 18 96  .=p%...V...Q....
00005D50:  6A 16 27 B5 EE F9 35 9A 68 D9 AB B8 E7 EE 4C B4  j.'...5.h.....L.
00005D60:  9F 5B 18 0D 90 D1 00 00 00 00 00 00 00 00 00 00  .[..............
00005D70:  00 00 00 00 00 00 00 00 00 00 00 00 00 00 00 00  ................ [zeros]
00005D80:  00 00 00 00 00 00 00 00 00 00 00 00 00 00 00 00  ................ [zeros]
00005D90:  00 00 00 00 00 00 00 00 00 00 00 00 00 00 00 00  ................ [zeros]
00005DA0:  00 00 00 00 00 00 00 00 00 00 00 00 00 00 00 00  ................ [zeros]
00005DB0:  00 00 00 00 00 00 00 00 00 00 00 00 00 00 00 00  ................ [zeros]
00005DC0:  00 00 00 00 00 00 00 00 00 00 00 00 00 00 00 00  ................ [zeros]
00005DD0:  00 00 00 00 00 00 00 00 00 00 00 00 00 00 00 00  ................ [zeros]
00005DE0:  00 00 00 00 00 00 00 00 00 00 00 00 00 00 00 00  ................ [zeros]
00005DF0:  00 00 00 00 00 00 00 00 00 00 00 00 00 00 00 00  ................ [zeros]
00005E00:  00 00 00 00 00 00 00 00 00 00 00 00 00 00 00 00  ................ [zeros]
00005E10:  00 00 00 00 00 00 00 00 00 00 00 00 00 00 00 00  ................ [zeros]
00005E20:  00 00 00 00 00 00 00 00 00 00 00 00 00 00 00 00  ................ [zeros]
00005E30:  00 00 00 00 00 00 00 00 00 00 00 00 00 00 00 00  ................ [zeros]
00005E40:  00 00 00 00 00 00 63 A7 2F 5C 62 D2 81 FA 85 A5  ......c./\b.....
00005E50:  00 E1 34 FE CE 80 00 00 00 00 00 00 00 00 00 00  ..4.............
00005E60:  00 00 00 00 00 00 04 7C 82 B3 54 0C 03 23 B1 49  .......|..T..#.I
00005E70:  7C 05 DE 91 06 3C 73 48 10 BC 8D FE DB 8E 16 A7  |....<sH........
00005E80:  EC A6 14 D5 1A 87 EA B0 4F 83 AD 8C E8 2C 57 B3  ........O....,W.
00005E90:  3C DD 63 50 85 D7 BA 6A 12 E8 4E A9 82 28 D2 81  <.cP...j..N..(..
00005EA0:  E7 2F 51 EE 4C E2 00 00 00 00 00 00 00 00 00 00  ./Q.L...........
00005EB0:  00 00 00 00 00 00 38 55 8B 25 8C 88 81 55 82 22  ......8U.%...U."
00005EC0:  65 5B EB 27 5B AF 2D 78 48 6B 59 54 44 16 81 2B  e[.'[.-xHkYTD..+
00005ED0:  61 7E 14 F5 84 60 96 F5 64 15 6E 4F 9B AD 97 58  a~...`..d.nO...X
00005EE0:  57 88 77 EB E7 C7 D3 C0 B3 55 7D D4 12 13 85 D3  W.w......U}.....
00005EF0:  CB B3 8C A8 CF 43 D3 7C 94 FE 6D 29 46 17 C9 EB  .....C.|..m)F...
00005F00:  75 74 DE C5 9D 51 8B 0C B5 E4 8E 58 2E DB 35 64  ut...Q.....X..5d
00005F10:  8F 50 F3 99 FC 6A 30 33 7B 47 BF 6E A9 5F 6C 2C  .P...j03{G.n._l,
00005F20:  52 4B 07 68 A6 8A 8E 59 FB 2A 58 41 E4 0A 93 D4  RK.h...Y.*XA....
00005F30:  DC 6F 41 F0 12 23 AF 98 06 7E D6 06 B8 33 AD 02  .oA..#...~...3..
00005F40:  E2 0E FE F7 94 44 E7 6D 34 21 6C 4B A5 E2 1B 4A  .....D.m4!lK...J
00005F50:  2C FD 4C A1 E0 D9 26 94 2C 5C 0F 2D 69 AB 92 7A  ,.L...&.,\.-i..z
00005F60:  47 AC 98 8A 94 A3 7E 4A 0D 0C 8A 02 75 8D E3 EE  G.....~J....u...
00005F70:  9A 00 51 D5 1C F3 E6 6C AB 43 A4 8C 00 6F 91 13  ..Q....l.C...o..
00005F80:  72 59 E0 2C 0B 3C B2 A3 D1 39 ED BF B1 CF 0B FF  rY.,.<...9......
00005F90:  F7 57 E0 F9 68 8F 5C 48 EE 7E 9C 64 C2 A6 45 F8  .W..h.\H.~.d..E.
00005FA0:  AB BA 15 35 6C 2E 2E 6E C4 4F B4 A3 76 98 F7 75  ...5l..n.O..v..u
00005FB0:  A4 D1 0F D8 D0 E4 F6 F7 19 91 5E 75 7D 53 85 0E  ..........^u}S..
00005FC0:  6D C4 51 A5 43 64 FC 0E 71 4B DA CF 2F 7E 17 FD  m.Q.Cd..qK../~..
00005FD0:  FF FC 72 9C 42 7E F6 21 04 49 6D 64 62 AF D1 78  ..r.B~.!.Imdb..x
00005FE0:  C2 14 93 92 26 52 41 F6 4B 4A 3E 7C 24 66 EB 71  ....&RA.KJ>|$f.q
00005FF0:  23 E7 C0 DB 15 5F 10 FC 45 08 1C F9 63 BB 39 93  #...._..E...c.9.
00006000:  62 A8 AF 87 09 9A 7D D8 49 5E C1 9D F2 6C DF 71  b.....}.I^...l.q
00006010:  C2 5F 77 6E 73 FD 29 8D 23 74 A6 A8 60 69 AA B7  ._wns.).#t..`i..
00006020:  6F E1 1D AF 97 3C FF CA 3A 74 6A E3 4F CE 31 4E  o....<..:tj.O.1N
00006030:  28 F9 CD 3B E4 6A 44 4F C9 CD FD FF F8 48 9D 59  (..;.jDO.....H.Y
00006040:  61 82 D2 97 98 E2 A2 D8 91 4D 1C 55 BB 1E 09 BC  a........M.U....
00006050:  EA 5E 16 F2 E7 A3 4E 8F 68 C3 73 D0 4F 42 E9 66  .^....N.h.s.OB.f
00006060:  E5 8C B7 36 F6 76 00 00 00 00 00 00 00 00 00 00  ...6.v..........
00006070:  00 00 00 00 00 00 00 00 00 00 00 00 00 00 00 00  ................ [zeros]
00006080:  00 00 00 00 00 00 00 00 00 00 00 00 00 00 00 00  ................ [zeros]
00006090:  00 00 00 00 00 00 00 00 00 00 00 00 00 00 00 00  ................ [zeros]
000060A0:  00 00 00 00 00 00 00 00 00 00 00 00 00 00 00 00  ................ [zeros]
000060B0:  00 00 00 00 00 00 06 2F 44 8A 51 24 75 FC A6 B7  ......./D.Q$u...
000060C0:  B4 FF 24 25 92 4D D9 8B B7 A6 E3 20 32 EF 45 AE  ..$%.M..... 2.E.
000060D0:  52 F8 E9 52 6C F1 B6 99 39 3A 02 B1 5F 71 31 3E  R..Rl...9:.._q1>
000060E0:  FA 17 30 DB 62 0E 3D E7 D6 B2 E3 50 57 E0 1B 19  ..0.b.=....PW...
000060F0:  DC F0 F9 78 C0 F2 00 00 00 00 00 00 00 00 00 00  ...x............
00006100:  00 00 00 00 00 00 00 00 00 00 00 00 00 00 00 00  ................ [zeros]
00006110:  00 00 00 00 00 00 00 00 00 00 00 00 00 00 00 00  ................ [zeros]
00006120:  00 00 00 00 00 00 00 00 00 00 00 00 00 00 00 00  ................ [zeros]
00006130:  00 00 00 00 00 00 00 00 00 00 00 00 00 00 00 00  ................ [zeros]
00006140:  00 00 00 00 00 00 00 00 00 00 00 00 00 00 00 00  ................ [zeros]
00006150:  00 00 00 00 00 00 00 00 00 00 00 00 00 00 00 00  ................ [zeros]
00006160:  00 00 00 00 00 00 00 00 00 00 00 00 00 00 00 00  ................ [zeros]
00006170:  00 00 00 00 00 00 00 00 00 00 00 00 00 00 00 00  ................ [zeros]
00006180:  00 00 00 00 00 00 00 00 00 00 00 00 00 00 00 00  ................ [zeros]
00006190:  00 00 00 00 00 00 00 00 00 00 00 00 00 00 00 00  ................ [zeros]
000061A0:  00 00 00 00 00 00 B2 FB 1E B8 F3 81 52 86 1B AC  ............R...
000061B0:  11 07 89 D9 D1 FE 91 01 EB 1E E1 CC EF 4A E0 EA  .............J..
000061C0:  07 53 66 19 93 50 75 BB 8E DB 19 5B 96 F5 C2 2E  .Sf..Pu....[....
000061D0:  8F E7 99 82 DF 21 00 00 00 00 00 00 00 00 00 00  .....!..........
000061E0:  00 00 00 00 00 00 9F 72 DE F6 72 B4 38 38 CB 90  .......r..r.88..
000061F0:  88 45 C6 03 08 0F 00 00 00 00 00 00 00 00 00 00  .E..............
00006200:  00 00 00 00 00 00 00 00 00 00 00 00 00 00 00 00  ................ [zeros]
00006210:  00 00 00 00 00 00 00 00 00 00 00 00 00 00 00 00  ................ [zeros]
00006220:  00 00 00 00 00 00 00 00 00 00 00 00 00 00 00 00  ................ [zeros]
00006230:  00 00 00 00 00 00 00 00 00 00 00 00 00 00 00 00  ................ [zeros]
00006240:  00 00 00 00 00 00 72 17 33 F7 03 62 F0 1E 2A DC  ......r.3..b..*.
00006250:  26 0D 0B FA 80 13 00 00 00 00 00 00 00 00 00 00  &...............
00006260:  00 00 00 00 00 00 00 00 00 00 00 00 00 00 00 00  ................ [zeros]
00006270:  00 00 00 00 00 00 00 00 00 00 00 00 00 00 00 00  ................ [zeros]
00006280:  00 00 00 00 00 00 00 00 00 00 00 00 00 00 00 00  ................ [zeros]
00006290:  00 00 00 00 00 00 00 00 00 00 00 00 00 00 00 00  ................ [zeros]
000062A0:  00 00 00 00 00 00 00 00 00 00 00 00 00 00 00 00  ................ [zeros]
000062B0:  00 00 00 00 00 00 00 00 00 00 00 00 00 00 00 00  ................ [zeros]
000062C0:  00 00 00 00 00 00 00 00 00 00 00 00 00 00 00 00  ................ [zeros]
000062D0:  00 00 00 00 00 00 00 00 00 00 00 00 00 00 00 00  ................ [zeros]
000062E0:  00 00 00 00 00 00 00 00 00 00 00 00 00 00 00 00  ................ [zeros]
000062F0:  00 00 00 00 00 00 00 00 00 00 00 00 00 00 00 00  ................ [zeros]
00006300:  00 00 00 00 00 00 00 00 00 00 00 00 00 00 00 00  ................ [zeros]
00006310:  00 00 00 00 00 00 4A A7 1B 85 3C 1A B3 A5 99 D2  ......J...<.....
00006320:  77 17 43 AD FC 74 14 DE 38 6F A7 5B 1F B9 AC 5F  w.C..t..8o.[..._
00006330:  78 D0 01 69 60 AC 4A 67 4B 78 13 63 E8 DC 41 52  x..i`.JgKx.c..AR
00006340:  9C 09 96 3C A1 D3 C0 56 D1 8F 05 51 1E BB 18 96  ...<...V...Q....
00006350:  6A 16 27 B5 EE F9 00 00 00 00 00 00 00 00 00 00  j.'.............
00006360:  00 00 00 00 00 00 00 00 00 00 00 00 00 00 00 00  ................ [zeros]
00006370:  00 00 00 00 00 00 00 00 00 00 00 00 00 00 00 00  ................ [zeros]
00006380:  00 00 00 00 00 00 00 00 00 00 00 00 00 00 00 00  ................ [zeros]
00006390:  00 00 00 00 00 00 00 00 00 00 00 00 00 00 00 00  ................ [zeros]
000063A0:  00 00 00 00 00 00 9B 86 19 1D 39 FC B7 BA 46 E6  ..........9...F.
000063B0:  52 B1 63 86 BA FD 4C 44 8A B1 C8 7A EA 61 5B 65  R.c...LD...z.a[e
000063C0:  8F 42 3D 11 1E F9 00 00 00 00 00 00 00 00 00 00  .B=.............
000063D0:  00 00 00 00 00 00 00 00 00 00 00 00 00 00 00 00  ................ [zeros]
000063E0:  00 00 00 00 00 00 00 00 00 00 00 00 00 00 00 00  ................ [zeros]
000063F0:  00 00 00 00 00 00 00 00 00 00 00 00 00 00 00 00  ................ [zeros]
00006400:  00 00 00 00 00 00 00 00 00 00 00 00 00 00 00 00  ................ [zeros]
00006410:  00 00 00 00 00 00 00 00 00 00 00 00 00 00 00 00  ................ [zeros]
00006420:  00 00 00 00 00 00 00 00 00 00 00 00 00 00 00 00  ................ [zeros]
00006430:  00 00 00 00 00 00 00 00 00 00 00 00 00 00 00 00  ................ [zeros]
00006440:  00 00 00 00 00 00 00 00 00 00 00 00 00 00 00 00  ................ [zeros]
00006450:  00 00 00 00 00 00 00 00 00 00 00 00 00 00 00 00  ................ [zeros]
00006460:  00 00 00 00 00 00 00 00 00 00 00 00 00 00 00 00  ................ [zeros]
00006470:  00 00 00 00 00 00 07 88 B7 31 4D 00 C4 02 24 93  .........1M...$.
00006480:  A4 B5 C6 E3 4E 43 B6 17 39 3F 88 EA C4 7B 93 3A  ....NC..9?...{.:
00006490:  76 8D 18 7C 46 2D 0E C8 0B 11 73 9D 2C BF E5 E0  v..|F-....s.,...
000064A0:  63 A3 29 38 90 83 F8 01 42 28 04 EF 8F 9E 9E 3D  c.)8....B(.....=
000064B0:  59 DC F6 F7 B2 FC 54 BD 85 63 2D DE 23 50 DC 47  Y.....T..c-.#P.G
000064C0:  99 78 E4 68 52 00 6F E0 7B EC 23 02 54 51 79 4A  .x.hR.o.{.#.TQyJ
000064D0:  7F 07 5D 32 5A 96 12 67 15 3E F7 68 79 38 C7 CF  ..]2Z..g.>.hy8..
000064E0:  7E DB BA 8A D0 26 A0 37 F1 EC 57 FC EB 3B B7 73  ~....&.7..W..;.s
000064F0:  B5 A8 E4 F4 D7 10 61 46 9C F3 2C 96 CF 6C 65 2B  ......aF..,..le+
00006500:  78 2B 5C E5 BA 94 BB 1B 3A 45 23 4D 1D CF CB 2F  x+\.....:E#M.../
00006510:  22 67 F5 C4 BD F1 4C 7C 32 A2 E9 51 1D BD 3C BF  "g....L|2..Q..<.
00006520:  84 28 98 7B CB F8 04 15 74 78 10 DD B1 95 5D 02  .(.{....tx....].
00006530:  93 36 18 7B 80 61 1D 99 62 4E C6 0A F1 50 0D 6E  .6.{.a..bN...P.n
00006540:  B2 AD B3 F4 C8 0B 59 0D F4 7D CF F5 B7 E7 74 38  ......Y..}....t8
00006550:  21 C8 10 C1 6B AF 48 03 88 42 6B 34 26 63 C0 4B  !...k.H..Bk4&c.K
00006560:  D9 32 96 94 14 62 54 25 48 98 63 1F FC 12 51 CE  .2...bT%H.c...Q.
00006570:  8F B5 29 2C 5A F6 11 73 2A 4B 8A 97 D7 CA 01 5E  ..),Z..s*K.....^
00006580:  3A 46 E5 E0 97 67 F3 23 09 3A A4 A8 03 C5 0D 9C  :F...g.#.:......
00006590:  84 D0 A1 04 68 0D 31 6F F7 61 91 B8 CF 17 B6 5D  ....h.1o.a.....]
000065A0:  1A F0 DF B8 87 67 E9 23 90 68 54 CA EA C1 5E 0E  .....g.#.hT...^.
000065B0:  EC FB D9 E2 05 57 83 45 EE 95 09 B0 28 D0 C3 5F  .....W.E....(.._
000065C0:  4B 3F 86 2C 53 85 49 92 9B A4 91 73 13 A5 5C 0D  K?.,S.I....s..\.
000065D0:  18 35 05 78 12 17 00 00 00 00 00 00 00 00 00 00  .5.x............
000065E0:  00 00 00 00 00 00 AA BB BD 06 53 63 69 64 0F BE  ..........Scid..
000065F0:  4E C3 C6 C7 94 6F F9 DF A6 BF 83 AA 49 36 79 B7  N....o......I6y.
00006600:  3A 71 8C C3 E0 5C 0C 55 DD B0 7A D4 DB 91 76 47  :q...\.U..z...vG
00006610:  BE EF 36 11 0C AC 00 00 00 00 00 00 00 00 00 00  ..6.............
00006620:  00 00 00 00 00 00 CF A6 1B 38 21 8D DE 37 5B 40  .........8!..7[@
00006630:  3B AB 52 5C 94 94 73 59 7C 83 2C 58 28 EC 12 AD  ;.R\..sY|.,X(...
00006640:  9D 90 EF 95 20 7F C6 B9 C9 E0 9F EA 2A 2A 88 A8  .... .......**..
00006650:  3C 7D 2D 65 42 C8 4B 80 BE 04 3C 34 EB 41 AB E4  <}-eB.K...<4.A..
00006660:  16 AC 18 25 79 34 8B B0 BE C7 49 38 32 06 4F 2E  ...%y4....I82.O.
00006670:  6F 32 EE 22 FC 45 68 AD A5 DC E0 EB 2C E5 21 36  o2.".Eh.....,.!6
00006680:  B1 7B 9B 81 86 77 00 00 00 00 00 00 00 00 00 00  .{...w..........
00006690:  00 00 00 00 00 00 A9 59 F6 99 49 AB 72 4E 7E AD  .......Y..I.rN~.
000066A0:  B2 1D C3 2D F4 71 A7 1C 72 31 B1 20 5B 58 23 F9  ...-.q..r1. [X#.
000066B0:  E1 CC 47 97 44 35 49 92 9B A4 91 73 13 A5 5C 0D  ..G.D5I....s..\.
000066C0:  18 35 05 78 12 17 00 00 00 00 00 00 00 00 00 00  .5.x............
000066D0:  00 00 00 00 00 00 AA BB BD 06 53 63 69 64 0F BE  ..........Scid..
000066E0:  4E C3 C6 C7 94 6F C2 89 38 FC BC 23 07 80 DD 94  N....o..8..#....
000066F0:  EF C9 67 06 1E 77 00 00 00 00 00 00 00 00 00 00  ..g..w..........
00006700:  00 00 00 00 00 00 00 00 00 00 00 00 00 00 00 00  ................ [zeros]
00006710:  00 00 00 00 00 00 00 00 00 00 00 00 00 00 00 00  ................ [zeros]
00006720:  00 00 00 00 00 00 00 00 00 00 00 00 00 00 00 00  ................ [zeros]
00006730:  00 00 00 00 00 00 00 00 00 00 00 00 00 00 00 00  ................ [zeros]
00006740:  00 00 00 00 00 00 00 00 00 00 00 00 00 00 00 00  ................ [zeros]
00006750:  00 00 00 00 00 00 00 00 00 00 00 00 00 00 00 00  ................ [zeros]
00006760:  00 00 00 00 00 00 00 00 00 00 00 00 00 00 00 00  ................ [zeros]
00006770:  00 00 00 00 00 00 00 00 00 00 00 00 00 00 00 00  ................ [zeros]
00006780:  00 00 00 00 00 00 00 00 00 00 00 00 00 00 00 00  ................ [zeros]
00006790:  00 00 00 00 00 00 00 00 00 00 00 00 00 00 00 00  ................ [zeros]
000067A0:  00 00 00 00 00 00 00 00 00 00 00 00 00 00 00 00  ................ [zeros]
000067B0:  00 00 00 00 00 00 00 00 00 00 00 00 00 00 00 00  ................ [zeros]
000067C0:  00 00 00 00 00 00 A3 1C 18 9A 43 62 2F 89 EE B2  ..........Cb/...
000067D0:  95 33 CC C8 B1 EE 11 B4 9B B7 D4 EB 3E F7 02 F1  .3..........>...
000067E0:  A8 9A 9D B3 5B BB 4A 53 FD C9 C8 14 BE 9D 72 D2  ....[.JS......r.
000067F0:  C9 C1 D1 7D 3A 65 6F 04 39 71 58 DF 77 3B 1F 1A  ...}:eo.9qX.w;..
00006800:  15 F4 75 59 47 39 00 00 00 00 00 00 00 00 00 00  ..uYG9..........
00006810:  00 00 00 00 00 00 5B 21 74 3D AA E1 C5 18 29 63  ......[!t=....)c
00006820:  15 34 C3 D6 16 3F DE 53 1C 59 38 DE 21 7D 46 6D  .4...?.S.Y8.!}Fm
00006830:  37 44 94 6A 0F 53 5E 26 6B AE D4 64 75 B8 3E 9C  7D.j.S^&k..du.>.
00006840:  15 88 D9 2F B2 1B D7 83 ED 31 9F 61 6D C7 A2 5C  .../.....1.am..\
00006850:  BF D0 46 A1 14 B8 D9 B0 8C 84 33 A3 43 5E F5 EC  ..F.......3.C^..
00006860:  10 C1 33 EA 11 19 C3 20 E8 C1 14 EF AC D8 09 FC  ..3.... ........
00006870:  18 06 DD 78 AA 23 B7 29 A8 A3 CC 82 B8 4B B2 AF  ...x.#.).....K..
00006880:  82 01 77 77 66 9E 6A 39 1E 66 B8 11 BC 0C 1E 17  ..wwf.j9.f......
00006890:  15 39 9A EC 32 C9 92 A9 DA A6 EE 5B 4A C5 36 6C  .9..2......[J.6l
000068A0:  54 8C 37 E9 DF E4 9C E6 F2 9F F5 67 16 AB BE E5  T.7........g....
000068B0:  F8 B4 63 1A 9F 81 48 94 C2 50 5D 81 0A 90 05 67  ..c...H..P]....g
000068C0:  08 E8 29 30 A5 83 2B 0B D3 01 21 A3 C4 62 77 03  ..)0..+...!..bw.
000068D0:  F5 24 D1 30 99 68 A7 1B 92 27 DD 46 1F 79 28 8D  .$.0.h...'.F.y(.
000068E0:  B7 E3 6A 83 D2 95 E7 9A 88 36 3A 72 A6 B0 0A 30  ..j......6:r...0
000068F0:  D6 33 F1 7E 34 7C C5 D2 FF 26 C1 42 E4 80 DB E5  .3.~4|...&.B....
00006900:  C2 00 DD EF 29 96 95 55 3A 49 CD 21 3E 12 A4 11  ....)..U:I.!>...
00006910:  49 44 7E DB 9C 3B C9 BA C6 F7 DD 27 DE E6 A2 95  ID~..;.....'....
00006920:  68 D4 32 DF C3 FC F5 31 F2 D8 79 71 DA 65 50 29  h.2....1..yq.eP)
00006930:  75 1D 36 70 DB 2F E7 49 3A E0 7D F7 89 87 FC 8A  u.6p./.I:.}.....
00006940:  49 E8 48 66 8A FF 00 00 00 00 00 00 00 00 00 00  I.Hf............
00006950:  00 00 00 00 00 00 00 00 00 00 00 00 00 00 00 00  ................ [zeros]
00006960:  00 00 00 00 00 00 73 59 7C 83 2C 58 28 EC 12 AD  ......sY|.,X(...
00006970:  9D 90 EF 95 20 7F 00 00 00 00 00 00 00 00 00 00  .... ...........
00006980:  00 00 00 00 00 00 00 00 00 00 00 00 00 00 00 00  ................ [zeros]
00006990:  00 00 00 00 00 00 62 48 1A C4 FA 91 F5 94 AE 52  ......bH.......R
000069A0:  9C 10 08 54 90 29 00 00 00 00 00 00 00 00 00 00  ...T.)..........
000069B0:  00 00 00 00 00 00 00 00 00 00 00 00 00 00 00 00  ................ [zeros]
000069C0:  00 00 00 00 00 00 00 00 00 00 00 00 00 00 00 00  ................ [zeros]
000069D0:  00 00 00 00 00 00 91 0A DB DC B8 2A A7 76 43 BD  ...........*.vC.
000069E0:  8C 19 9E EC A2 06 00 00 00 00 00 00 00 00 00 00  ................
000069F0:  00 00 00 00 00 00 00 00 00 00 00 00 00 00 00 00  ................ [zeros]
00006A00:  00 00 00 00 00 00 A8 9A F3 02 2B AB 51 20 47 56  ..........+.Q GV
00006A10:  EA 3C BE 54 DB 22 00 00 00 00 00 00 00 00 00 00  .<.T."..........
00006A20:  00 00 00 00 00 00 00 00 00 00 00 00 00 00 00 00  ................ [zeros]
00006A30:  00 00 00 00 00 00 A6 20 46 25 33 94 0B A1 F9 A0  ....... F%3.....
00006A40:  00 BC 20 A6 89 AE 00 00 00 00 00 00 00 00 00 00  .. .............
00006A50:  00 00 00 00 00 00 00 00 00 00 00 00 00 00 00 00  ................ [zeros]
00006A60:  00 00 00 00 00 00 00 00 00 00 00 00 00 00 00 00  ................ [zeros]
00006A70:  00 00 00 00 00 00 62 B9 D3 C3 43 8D 1A B9 A5 99  ......b...C.....
00006A80:  02 2D 1E 0D 1B 0B 00 00 00 00 00 00 00 00 00 00  .-..............
00006A90:  00 00 00 00 00 00 00 00 00 00 00 00 00 00 00 00  ................ [zeros]
00006AA0:  00 00 00 00 00 00 0E 11 31 FB F0 12 60 6A 36 A1  ........1...`j6.
00006AB0:  E7 F5 5D 52 04 AE 83 F5 5A 7F 1C 58 DC E5 6F 88  ..]R....Z..X..o.
00006AC0:  1E 47 70 70 DB D3 3A F4 2C 55 CD 6F 6B 5F 44 91  .Gpp..:.,U.ok_D.
00006AD0:  15 6B 26 4F DF FA D4 D0 75 DA 54 DE 98 40 6E 67  .k&O....u.T..@ng
00006AE0:  16 F8 72 28 BF 37 B3 9E 2D 50 D5 D7 BE DD 99 EC  ..r(.7..-P......
00006AF0:  7F 8F 8A 22 6F 75 CB 94 EA BC 31 24 2F CB 2D CC  ..."ou....1$/.-.
00006B00:  29 E5 B3 AB CB C6 A8 48 13 8A 63 80 38 22 86 50  )......H..c.8".P
00006B10:  94 06 4B 0F 3B B6 3A 8C 34 EA 3B F2 D0 A4 6C 43  ..K.;.:.4.;...lC
00006B20:  E2 21 C8 F2 D4 81 DC 90 58 E9 66 66 5C 9F 21 B0  .!......X.ff\.!.
00006B30:  A9 08 6E 0D 14 95 4F 50 5A C0 C0 3E 0A AA E0 01  ..n...OPZ..>....
00006B40:  C2 F3 4C 56 C7 96 37 A5 60 B0 2B 08 13 A5 FD EC  ..LV..7.`.+.....
00006B50:  A7 1E 6B 55 84 1A 81 2C C8 75 BA 55 CA FC B3 9E  ..kU...,.u.U....
00006B60:  78 A2 70 7E 42 8A B2 FE B9 5B DA C2 0A 78 EF 3D  x.p~B....[...x.=
00006B70:  72 07 9F 7F 1B 92 D2 A0 6F 2D 39 67 F0 F2 9F 1C  r.......o-9g....
00006B80:  4A ED 04 F4 5C FB 15 C0 5E 76 C5 75 E9 7F 83 6B  J...\...^v.u...k
00006B90:  90 12 43 C3 26 46 BB 80 BE 0C 6F 8C B0 75 83 FE  ..C.&F....o..u..
00006BA0:  7E AA 71 53 2C 8F 55 0A AA 7D E3 B6 F8 7E 4A 48  ~.qS,.U..}...~JH
00006BB0:  E5 D8 56 DB 8C DF 6C 41 15 CB D4 A1 6A F4 A1 A7  ..V...lA....j...
00006BC0:  90 E5 25 5C F8 24 6C 41 15 CB D4 A1 6A F4 A1 A7  ..%\.$lA....j...
00006BD0:  90 E5 25 5C F8 24 6C 41 15 CB D4 A1 6A F4 A1 A7  ..%\.$lA....j...
00006BE0:  90 E5 25 5C F8 24 FF 47 EF 74 69 91 D2 7B BD 90  ..%\.$.G.ti..{..
00006BF0:  23 D5 A4 93 CB 35 A9 48 41 35 33 6B D5 1E 73 DA  #....5.HA53k..s.
00006C00:  98 31 5C B5 23 26 A9 48 41 35 33 6B D5 1E 73 DA  .1\.#&.HA53k..s.
00006C10:  98 31 5C B5 23 26 D1 1B EF 11 D9 32 E4 A7 E9 CF  .1\.#&.....2....
00006C20:  7C F5 F9 4C B8 DE 99 26 0E 55 72 D6 74 8D F1 66  |..L...&.Ur.t..f
00006C30:  AD F0 F3 21 BE 3F C4 60 A6 07 3F 20 34 84 40 18  ...!.?.`..? 4.@.
00006C40:  98 13 33 3F 11 ED F7 77 18 CE 44 07 EC 06 B0 E1  ..3?...w..D.....
00006C50:  94 F5 A0 E1 82 9E F9 F9 D7 54 A2 60 C2 46 B0 76  .........T.`.F.v
00006C60:  F9 E5 58 18 9E 5B 4F 11 9E 0D C2 8C 40 EE DD 86  ..X..[O.....@...
00006C70:  87 55 FE 4F E8 CF 1A 3D 06 CA FF CD 42 6A 0F 23  .U.O...=....Bj.#
00006C80:  A9 97 E3 08 DA 47 03 40 0B 6C 4E 80 A2 53 2C B3  .....G.@.lN..S,.
00006C90:  E5 8B BF C0 86 F0 03 40 0B 6C 4E 80 A2 53 2C B3  .......@.lN..S,.
00006CA0:  E5 8B BF C0 86 F0 03 40 0B 6C 4E 80 A2 53 2C B3  .......@.lN..S,.
00006CB0:  E5 8B BF C0 86 F0 09 21 02 18 6F 36 55 82 56 44  .......!..o6U.VD
00006CC0:  A0 5A E7 73 E6 05 9A EC C1 37 39 8D 2F 4D 2A FF  .Z.s.....79./M*.
00006CD0:  48 49 65 4B 6B F8 ED 99 86 CE A8 FB 14 FC 37 97  HIeKk.........7.
00006CE0:  AD 62 7A E4 65 9F 9D 1C 34 A3 1F EF FC 7A 14 BB  .bz.e...4....z..
00006CF0:  89 32 2F 58 E5 1A D8 9C 29 3A 44 63 9E B1 3B 30  .2/X....):Dc..;0
00006D00:  AB EC 78 31 A1 11 1C 35 BC 71 44 C3 40 CC 2E AD  ..x1...5.qD.@...
00006D10:  DB 26 0C E3 ED 08 75 8B 76 08 7F 0A E1 47 75 FB  .&....u.v....Gu.
00006D20:  08 B0 C3 05 A5 D4 7F 3E 32 D5 67 EB D0 AD 3A 61  .......>2.g...:a
00006D30:  6C AA E9 2C 23 83 1D 17 FB 85 D3 0E E0 E3 32 F7  l..,#.........2.
00006D40:  7E EF 98 AF AF 3B 6D 05 F1 4C 67 2B 6C E5 B1 AB  ~....;m..Lg+l...
00006D50:  56 EB 9D 30 53 F7 9A EC C1 37 39 8D 2F 4D 2A FF  V..0S....79./M*.
00006D60:  48 49 65 4B 6B F8 ED 99 86 CE A8 FB 14 FC 37 97  HIeKk.........7.
00006D70:  AD 62 7A E4 65 9F 9D 1C 34 A3 1F EF FC 7A 14 BB  .bz.e...4....z..
00006D80:  89 32 2F 58 E5 1A D8 9C 29 3A 44 63 9E B1 3B 30  .2/X....):Dc..;0
00006D90:  AB EC 78 31 A1 11 1C 35 BC 71 44 C3 40 CC 2E AD  ..x1...5.qD.@...
00006DA0:  DB 26 0C E3 ED 08 00 EE 42 03 7F 40 64 D8 26 45  .&......B..@d.&E
00006DB0:  18 F3 63 99 0D 86 3D EC D6 AB 8A F4 3F 9D 03 F2  ..c...=.....?...
00006DC0:  8D 15 AA 7F BB EC 2D F0 16 80 42 E0 A8 56 CF B5  ......-...B..V..
00006DD0:  AB 02 61 2E BD 01 D3 0D 4A D0 D8 F4 55 52 D5 83  ..a.....J...UR..
00006DE0:  7A 9D 29 27 35 43 00 00 00 00 00 00 00 00 00 00  z.)'5C..........
00006DF0:  00 00 00 00 00 00 BA 24 A7 4F A2 A0 E9 2B 64 3C  .......$.O...+d<
00006E00:  02 AF DC 91 E3 81 00 00 00 00 00 00 00 00 00 00  ................
00006E10:  00 00 00 00 00 00 00 00 00 00 00 00 00 00 00 00  ................ [zeros]
00006E20:  00 00 00 00 00 00 00 00 00 00 00 00 00 00 00 00  ................ [zeros]
00006E30:  00 00 00 00 00 00 00 00 00 00 00 00 00 00 00 00  ................ [zeros]
00006E40:  00 00 00 00 00 00 F1 34 37 4F 60 1C 97 C3 E1 14  .......47O`.....
00006E50:  C8 B2 95 26 32 B2 54 AE FB ED F5 07 03 0B 2C 7C  ...&2.T.......,|
00006E60:  0B E8 AC 85 85 7E AD 69 E2 B3 C4 E4 72 60 54 1B  .....~.i....r`T.
00006E70:  6E 83 45 9B 29 5B 96 87 05 EE 16 D8 D3 29 18 B2  n.E.)[.......)..
00006E80:  82 78 30 FC 73 88 00 00 00 00 00 00 00 00 00 00  .x0.s...........
00006E90:  00 00 00 00 00 00 00 00 00 00 00 00 00 00 00 00  ................ [zeros]
00006EA0:  00 00 00 00 00 00 00 00 00 00 00 00 00 00 00 00  ................ [zeros]
00006EB0:  00 00 00 00 00 00 00 00 00 00 00 00 00 00 00 00  ................ [zeros]
00006EC0:  00 00 00 00 00 00 00 00 00 00 00 00 00 00 00 00  ................ [zeros]
00006ED0:  00 00 00 00 00 00 00 00 00 00 00 00 00 00 00 00  ................ [zeros]
00006EE0:  00 00 00 00 00 00 00 00 00 00 00 00 00 00 00 00  ................ [zeros]
00006EF0:  00 00 00 00 00 00 00 00 00 00 00 00 00 00 00 00  ................ [zeros]
00006F00:  00 00 00 00 00 00 00 00 00 00 00 00 00 00 00 00  ................ [zeros]
00006F10:  00 00 00 00 00 00 00 00 00 00 00 00 00 00 00 00  ................ [zeros]
00006F20:  00 00 00 00 00 00 00 00 00 00 00 00 00 00 00 00  ................ [zeros]
00006F30:  00 00 00 00 00 00 42 DF D4 19 6B 39 B8 B2 46 89  ......B...k9..F.
00006F40:  B9 9A D0 DC FA 84 8E A1 AB 58 A8 14 73 57 EB 4F  .........X..sW.O
00006F50:  11 E4 D2 9F F5 6A 31 6F F7 61 91 B8 CF 17 B6 5D  .....j1o.a.....]
00006F60:  1A F0 DF B8 87 67 20 B1 5B 02 D4 50 CF 03 9A 3F  .....g .[..P...?
00006F70:  CB D4 8F 9A 45 44 AA 7D D3 C8 D6 8E 44 28 1B 15  ....ED.}....D(..
00006F80:  19 FB D0 2A 9F 26 00 00 00 00 00 00 00 00 00 00  ...*.&..........
00006F90:  00 00 00 00 00 00 00 00 00 00 00 00 00 00 00 00  ................ [zeros]
00006FA0:  00 00 00 00 00 00 00 00 00 00 00 00 00 00 00 00  ................ [zeros]
00006FB0:  00 00 00 00 00 00 00 00 00 00 00 00 00 00 00 00  ................ [zeros]
00006FC0:  00 00 00 00 00 00 00 00 00 00 00 00 00 00 00 00  ................ [zeros]
00006FD0:  00 00 00 00 00 00 87 FA C9 13 85 CD 37 79 DA 8C  ............7y..
00006FE0:  6C AA EE 07 20 23 9D 70 35 34 26 2C 85 1F ED 28  l... #.p54&,...(
00006FF0:  DD 39 FD B1 89 DF 00 00 00 00 00 00 00 00 00 00  .9..............
00007000:  00 00 00 00 00 00 00 00 00 00 00 00 00 00 00 00  ................ [zeros]
00007010:  00 00 00 00 00 00 00 00 00 00 00 00 00 00 00 00  ................ [zeros]
00007020:  00 00 00 00 00 00 00 00 00 00 00 00 00 00 00 00  ................ [zeros]
00007030:  00 00 00 00 00 00 00 00 00 00 00 00 00 00 00 00  ................ [zeros]
00007040:  00 00 00 00 00 00 00 00 00 00 00 00 00 00 00 00  ................ [zeros]
00007050:  00 00 00 00 00 00 00 00 00 00 00 00 00 00 00 00  ................ [zeros]
00007060:  00 00 00 00 00 00 00 00 00 00 00 00 00 00 00 00  ................ [zeros]
00007070:  00 00 00 00 00 00 00 00 00 00 00 00 00 00 00 00  ................ [zeros]
00007080:  00 00 00 00 00 00 00 00 00 00 00 00 00 00 00 00  ................ [zeros]
00007090:  00 00 00 00 00 00 00 00 00 00 00 00 00 00 00 00  ................ [zeros]
000070A0:  00 00 00 00 00 00 5D BE 9A C8 38 72 35 6C E6 09  ......]...8r5l..
000070B0:  CF A7 CB 6F EC 9D F9 5C 2E 64 D4 1C 73 AB F7 06  ...o...\.d..s...
000070C0:  02 C5 AC 36 01 17 F2 E1 FC 29 ED 47 EB F8 8B 47  ...6.....).G...G
000070D0:  4E 4A FC 11 BB 93 AA 05 7E 7E 80 3D 8F 22 C0 A1  NJ......~~.=."..
000070E0:  FD 07 AC 75 8F 83 00 00 00 00 00 00 00 00 00 00  ...u............
000070F0:  00 00 00 00 00 00 00 00 00 00 00 00 00 00 00 00  ................ [zeros]
00007100:  00 00 00 00 00 00 00 00 00 00 00 00 00 00 00 00  ................ [zeros]
00007110:  00 00 00 00 00 00 00 00 00 00 00 00 00 00 00 00  ................ [zeros]
00007120:  00 00 00 00 00 00 00 00 00 00 00 00 00 00 00 00  ................ [zeros]
00007130:  00 00 00 00 00 00 B1 EB AC 16 AA 7C 8B 95 08 99  ...........|....
00007140:  2C 0C D8 0D A5 39 5D BC CD 5C 2F F8 93 53 C0 34  ,....9]..\/..S.4
00007150:  38 14 D4 71 BA DA 00 00 00 00 00 00 00 00 00 00  8..q............
00007160:  00 00 00 00 00 00 00 00 00 00 00 00 00 00 00 00  ................ [zeros]
00007170:  00 00 00 00 00 00 00 00 00 00 00 00 00 00 00 00  ................ [zeros]
00007180:  00 00 00 00 00 00 00 00 00 00 00 00 00 00 00 00  ................ [zeros]
00007190:  00 00 00 00 00 00 00 00 00 00 00 00 00 00 00 00  ................ [zeros]
000071A0:  00 00 00 00 00 00 00 00 00 00 00 00 00 00 00 00  ................ [zeros]
000071B0:  00 00 00 00 00 00 00 00 00 00 00 00 00 00 00 00  ................ [zeros]
000071C0:  00 00 00 00 00 00 00 00 00 00 00 00 00 00 00 00  ................ [zeros]
000071D0:  00 00 00 00 00 00 00 00 00 00 00 00 00 00 00 00  ................ [zeros]
000071E0:  00 00 00 00 00 00 00 00 00 00 00 00 00 00 00 00  ................ [zeros]
000071F0:  00 00 00 00 00 00 00 00 00 00 00 00 00 00 00 00  ................ [zeros]
00007200:  00 00 00 00 00 00 00 00 00 00 00 00 00 00 00 00  ................ [zeros]
00007210:  00 00 00 00 00 00 74 73 67 AF BF 11 F8 61 82 C3  ......tsg....a..
00007220:  3E 62 DA 94 9D 0D 0F 6D 20 89 2F 9D A0 B1 1F 7E  >b.....m ./....~
00007230:  DE E5 90 4E F1 43 77 DD 5A C3 A1 C0 39 AD CE 48  ...N.Cw.Z...9..H
00007240:  C4 86 5B 26 01 5B 4D 0E E8 1F 84 15 C0 5F 20 49  ..[&.[M......_ I
00007250:  75 9E 6C B0 0F 6E 05 13 D0 82 EA 27 78 FE 16 8C  u.l..n.....'x...
00007260:  5E 66 F8 24 7C DA 64 1E 8D 27 BE 08 31 1A F2 91  ^f.$|.d..'..1...
00007270:  B3 DA 43 CB E5 16 C5 6B F0 F5 3C E0 7E 2C 1C A1  ..C....k..<.~,..
00007280:  C1 7A CF 18 F4 2F D5 CC BB 8F 9B 29 65 82 17 5F  .z.../.....)e.._
00007290:  73 20 6D A5 A7 AF 74 6B D2 60 65 2E 4E 6C CE 7D  s m...tk.`e.Nl.}
000072A0:  00 A2 6F 00 64 11 11 73 2A 4B 8A 97 D7 CA 01 5E  ..o.d..s*K.....^
000072B0:  3A 46 E5 E0 97 67 9D 7E B0 EE 77 05 FC F5 A1 D1  :F...g.~..w.....
000072C0:  22 26 72 67 85 FD 31 6F F7 61 91 B8 CF 17 B6 5D  "&rg..1o.a.....]
000072D0:  1A F0 DF B8 87 67 79 81 57 BA E3 B9 3A 02 29 7B  .....gy.W...:.){
000072E0:  59 B3 D6 16 38 8C F0 A7 D0 F0 89 EC DD D1 56 DA  Y...8.........V.
000072F0:  85 86 58 EC FA 37 3C F4 2E B5 1E 89 19 23 E4 95  ..X..7<......#..
00007300:  A6 01 C0 D8 CA 56 4A FD DA 18 9F 9C 70 CF D1 AF  .....VJ.....p...
00007310:  0E 11 04 D1 1D 02 0C 25 A2 64 79 E8 F5 70 53 7A  .......%.dy..pSz
00007320:  E9 71 1A CD 84 C9 5E D1 CD 7C E9 2E 33 66 72 99  .q....^..|..3fr.
00007330:  85 AF C3 94 B6 59 CD DB 43 74 C6 8B B2 61 93 6E  .....Y..Ct...a.n
00007340:  BB 9A B4 83 DF 66 70 B4 5A D3 72 F7 3B 5B F5 31  .....fp.Z.r.;[.1
00007350:  E7 AF 6B 28 D7 6E 00 00 00 00 00 00 00 00 00 00  ..k(.n..........
00007360:  00 00 00 00 00 00 A9 59 F6 99 49 AB 72 4E 7E AD  .......Y..I.rN~.
00007370:  B2 1D C3 2D F4 71 A7 1C 72 31 B1 20 5B 58 23 F9  ...-.q..r1. [X#.
00007380:  E1 CC 47 97 44 35 49 92 9B A4 91 73 13 A5 5C 0D  ..G.D5I....s..\.
00007390:  18 35 05 78 12 17 00 00 00 00 00 00 00 00 00 00  .5.x............
000073A0:  00 00 00 00 00 00 AA BB BD 06 53 63 69 64 0F BE  ..........Scid..
000073B0:  4E C3 C6 C7 94 6F F9 DF A6 BF 83 AA 49 36 79 B7  N....o......I6y.
000073C0:  3A 71 8C C3 E0 5C 0C 55 DD B0 7A D4 DB 91 76 47  :q...\.U..z...vG
000073D0:  BE EF 36 11 0C AC 00 00 00 00 00 00 00 00 00 00  ..6.............
000073E0:  00 00 00 00 00 00 17 97 1E 10 63 5C BD 82 28 1F  ..........c\..(.
000073F0:  44 48 58 2E CF 18 00 00 00 00 00 00 00 00 00 00  DHX.............
00007400:  00 00 00 00 00 00 62 B9 D3 C3 43 8D 1A B9 A5 99  ......b...C.....
00007410:  02 2D 1E 0D 1B 0B 52 99 25 16 FC A5 D8 21 E2 FC  .-....R.%....!..
00007420:  B9 69 E3 B7 B8 15 8B B0 BE C7 49 38 32 06 4F 2E  .i........I82.O.
00007430:  6F 32 EE 22 FC 45 68 AD A5 DC E0 EB 2C E5 21 36  o2.".Eh.....,.!6
00007440:  B1 7B 9B 81 86 77 00 00 00 00 00 00 00 00 00 00  .{...w..........
00007450:  00 00 00 00 00 00 A9 59 F6 99 49 AB 72 4E 7E AD  .......Y..I.rN~.
00007460:  B2 1D C3 2D F4 71 A7 1C 72 31 B1 20 5B 58 23 F9  ...-.q..r1. [X#.
00007470:  E1 CC 47 97 44 35 FC 16 CE 94 B1 26 59 47 B7 A5  ..G.D5.....&YG..
00007480:  A4 33 32 A2 E8 FD 00 00 00 00 00 00 00 00 00 00  .32.............
00007490:  00 00 00 00 00 00 00 00 00 00 00 00 00 00 00 00  ................ [zeros]
000074A0:  00 00 00 00 00 00 00 00 00 00 00 00 00 00 00 00  ................ [zeros]
000074B0:  00 00 00 00 00 00 00 00 00 00 00 00 00 00 00 00  ................ [zeros]
000074C0:  00 00 00 00 00 00 00 00 00 00 00 00 00 00 00 00  ................ [zeros]
000074D0:  00 00 00 00 00 00 00 00 00 00 00 00 00 00 00 00  ................ [zeros]
000074E0:  00 00 00 00 00 00 00 00 00 00 00 00 00 00 00 00  ................ [zeros]
000074F0:  00 00 00 00 00 00 00 00 00 00 00 00 00 00 00 00  ................ [zeros]
00007500:  00 00 00 00 00 00 00 00 00 00 00 00 00 00 00 00  ................ [zeros]
00007510:  00 00 00 00 00 00 00 00 00 00 00 00 00 00 00 00  ................ [zeros]
00007520:  00 00 00 00 00 00 00 00 00 00 00 00 00 00 00 00  ................ [zeros]
00007530:  00 00 00 00 00 00 00 00 00 00 00 00 00 00 00 00  ................ [zeros]
00007540:  00 00 00 00 00 00 00 00 00 00 00 00 00 00 00 00  ................ [zeros]
00007550:  00 00 00 00 00 00 6F 04 39 71 58 DF 77 3B 1F 1A  ......o.9qX.w;..
00007560:  15 F4 75 59 47 39 B3 13 DE 7B 5C B3 09 1E C5 27  ..uYG9...{\....'
00007570:  EC 82 AC B3 07 73 C2 89 38 FC BC 23 07 80 DD 94  .....s..8..#....
00007580:  EF C9 67 06 1E 77 00 00 00 00 00 00 00 00 00 00  ..g..w..........
00007590:  00 00 00 00 00 00 47 C0 EB 02 24 87 EC 2E 00 62  ......G...$....b
000075A0:  05 E6 13 89 97 23 00 00 00 00 00 00 00 00 00 00  .....#..........
000075B0:  00 00 00 00 00 00 4A 2C FC DE 75 60 57 C8 B4 D0  ......J,..u`W...
000075C0:  3A 25 49 73 36 A0 46 6E 25 C8 95 8B 50 41 A5 78  :%Is6.Fn%...PA.x
000075D0:  74 C9 3B F1 A1 12 B7 4D 00 72 9C 71 3D 17 97 89  t.;....M.r.q=...
000075E0:  BC 01 61 A3 62 87 D4 35 A3 89 11 08 47 C0 C0 B2  ..a.b..5....G...
000075F0:  CF 69 05 A8 76 64 94 6A B4 06 9E B6 8F 55 D2 73  .i..vd.j.....U.s
00007600:  3A E5 53 09 63 49 54 BB 40 D2 80 73 7D 50 4D DE  :.S.cIT.@..s}PM.
00007610:  C9 29 B9 20 89 84 4E 44 3E 19 DA 13 48 57 A3 30  .). ..ND>...HW.0
00007620:  BC 2E 95 24 4E 1C 13 2E DB 42 AF 4B 8C 9E D9 CB  ...$N....B.K....
00007630:  85 B1 5F 81 88 A2 6F 8D 37 BB E7 18 DD 4E 74 EB  .._...o.7....Nt.
00007640:  1E EF B4 D5 A8 F2 0C 40 01 36 E6 5A 82 81 76 36  .......@.6.Z..v6
00007650:  E1 76 F3 BA F3 93 81 3B FD 32 F0 85 05 21 B0 06  .v.....;.2...!..
00007660:  22 BD 36 03 4D 82 88 EB BF 96 5C FA 20 15 BD 47  ".6.M.....\. ..G
00007670:  39 14 E2 A2 D3 41 7E 01 41 5E 22 8E 11 13 1C D1  9....A~.A^".....
00007680:  01 90 F0 D1 E4 2A 3B D0 77 F9 CC 45 D0 74 50 BD  .....*;.w..E.tP.
00007690:  EC 11 D7 74 E5 72 CC A2 8A F7 A5 78 38 DD 0A 32  ...t.r.....x8..2
000076A0:  24 CE 87 FB FB 7C 32 B8 5C A5 7E A5 CC 9C DC 4F  $....|2.\.~....O
000076B0:  73 14 CA 00 47 3D 2A 49 8B F0 FD D1 97 92 D7 66  s...G=*I.......f
000076C0:  10 4F 69 7D 7B FA 04 B1 48 23 90 F4 6D 2F 6F B9  .Oi}{...H#..m/o.
000076D0:  5B 9D 7C 0E 99 8F 00 00 00 00 00 00 00 00 00 00  [.|.............
000076E0:  00 00 00 00 00 00 00 00 00 00 00 00 00 00 00 00  ................ [zeros]
000076F0:  00 00 00 00 00 00 0C 55 DD B0 7A D4 DB 91 76 47  .......U..z...vG
00007700:  BE EF 36 11 0C AC 00 00 00 00 00 00 00 00 00 00  ..6.............
00007710:  00 00 00 00 00 00 00 00 00 00 00 00 00 00 00 00  ................ [zeros]
00007720:  00 00 00 00 00 00 00 00 00 00 00 00 00 00 00 00  ................ [zeros]
00007730:  00 00 00 00 00 00 CF A6 1B 38 21 8D DE 37 5B 40  .........8!..7[@
00007740:  3B AB 52 5C 94 94 00 00 00 00 00 00 00 00 00 00  ;.R\............
00007750:  00 00 00 00 00 00 00 00 00 00 00 00 00 00 00 00  ................ [zeros]
00007760:  00 00 00 00 00 00 73 59 7C 83 2C 58 28 EC 12 AD  ......sY|.,X(...
00007770:  9D 90 EF 95 20 7F 00 00 00 00 00 00 00 00 00 00  .... ...........
00007780:  00 00 00 00 00 00 00 00 00 00 00 00 00 00 00 00  ................ [zeros]
00007790:  00 00 00 00 00 00 62 48 1A C4 FA 91 F5 94 AE 52  ......bH.......R
000077A0:  9C 10 08 54 90 29 00 00 00 00 00 00 00 00 00 00  ...T.)..........
000077B0:  00 00 00 00 00 00 00 00 00 00 00 00 00 00 00 00  ................ [zeros]
000077C0:  00 00 00 00 00 00 00 00 00 00 00 00 00 00 00 00  ................ [zeros]
000077D0:  00 00 00 00 00 00 91 0A DB DC B8 2A A7 76 43 BD  ...........*.vC.
000077E0:  8C 19 9E EC A2 06 00 00 00 00 00 00 00 00 00 00  ................
000077F0:  00 00 00 00 00 00 00 00 00 00 00 00 00 00 00 00  ................ [zeros]
00007800:  00 00 00 00 00 00 A8 9A F3 02 2B AB 51 20 47 56  ..........+.Q GV
00007810:  EA 3C BE 54 DB 22 00 00 00 00 00 00 00 00 00 00  .<.T."..........
00007820:  00 00 00 00 00 00 00 00 00 00 00 00 00 00 00 00  ................ [zeros]
00007830:  00 00 00 00 00 00 23 BC E1 C5 25 1E 98 65 23 C6  ......#...%..e#.
00007840:  3E F8 45 57 C4 71 40 40 A3 5D 93 46 F4 AB CD 55  >.EW.q@@.].F...U
00007850:  CB 5A 62 F5 A6 4F A6 50 95 E7 8B A8 A1 45 97 DB  .Zb..O.P.....E..
00007860:  6D 9C 9D FB BC 42 AB 30 EA 0B 82 31 A3 CE 58 F3  m....B.0...1..X.
00007870:  C2 0F 6F 4A 79 10 FA 1D 2D 17 74 3C 55 CA FD EB  ..oJy...-.t<U...
00007880:  47 C6 B9 C0 9A 7D 8C 4A 59 00 FB 37 EC FB E4 1A  G....}.JY..7....
00007890:  91 64 54 A2 B2 41 56 6D 44 54 EE BE 12 88 24 AC  .dT..AVmDT....$.
000078A0:  8B 1D 49 8A 16 F0 C8 E3 2C F9 FF 43 C6 13 D2 0C  ..I.....,..C....
000078B0:  1A D4 39 50 F1 59 9E 9A 28 00 B5 26 E8 F2 B4 52  ..9P.Y..(..&...R
000078C0:  70 B2 FF C3 B6 21 F5 EE C8 F8 BE A1 F0 9E B2 D0  p....!..........
000078D0:  5E 6F 5D 93 28 BE 64 2F B5 29 AC 20 23 C9 DE 8A  ^o].(.d/.). #...
000078E0:  45 1E D6 AC 42 7C 0B 39 B3 55 F4 CA 34 E0 DE 99  E...B|.9.U..4...
000078F0:  3F F2 BE 8A 25 A7 55 CF 4B B7 A2 48 E4 98 A6 97  ?...%.U.K..H....
00007900:  3E D1 17 B1 83 07 97 02 E5 44 50 76 96 36 63 5D  >........DPv.6c]
00007910:  9A 53 65 1F 05 5F D2 A0 6F 2D 39 67 F0 F2 9F 1C  .Se.._..o-9g....
00007920:  4A ED 04 F4 5C FB 15 C0 5E 76 C5 75 E9 7F 83 6B  J...\...^v.u...k
00007930:  90 12 43 C3 26 46 82 59 86 BB 16 C6 B2 65 EF 8A  ..C.&F.Y.....e..
00007940:  04 3B 9F AA D1 30 49 5A 99 29 17 2F 24 9A C5 F1  .;...0IZ.)./$...
00007950:  29 E7 70 C2 AD E7 49 5A 99 29 17 2F 24 9A C5 F1  ).p...IZ.)./$...
00007960:  29 E7 70 C2 AD E7 49 5A 99 29 17 2F 24 9A C5 F1  ).p...IZ.)./$...
00007970:  29 E7 70 C2 AD E7 29 AC C8 3D C1 28 02 7B 23 23  ).p...)..=.(.{##
00007980:  2C D5 19 89 EE 9B AF 98 06 7E D6 06 B8 33 AD 02  ,........~...3..
00007990:  E2 0E FE F7 94 44 AF 98 06 7E D6 06 B8 33 AD 02  .....D...~...3..
000079A0:  E2 0E FE F7 94 44 AF 98 06 7E D6 06 B8 33 AD 02  .....D...~...3..
000079B0:  E2 0E FE F7 94 44 72 B4 E7 71 DA C1 A5 3C D8 24  .....Dr..q...<.$
000079C0:  C6 6A 7D 83 16 9D F7 77 18 CE 44 07 EC 06 B0 E1  .j}....w..D.....
000079D0:  94 F5 A0 E1 82 9E F9 F9 D7 54 A2 60 C2 46 B0 76  .........T.`.F.v
000079E0:  F9 E5 58 18 9E 5B E4 FB 00 14 03 8C 2A C9 D7 08  ..X..[......*...
000079F0:  07 EC 45 51 59 03 23 7E 79 35 0B 36 E0 9C 13 E2  ..EQY.#~y5.6....
00007A00:  7F 48 CD 9D B6 D5 1E 92 21 62 E9 7D 5D 59 D4 60  .H......!b.}]Y.`
00007A10:  6B 22 4E B7 9E 4B 28 E0 B5 34 71 7B F0 C7 FC FF  k"N..K(..4q{....
00007A20:  43 C0 2D B3 FC F1 28 E0 B5 34 71 7B F0 C7 FC FF  C.-...(..4q{....
00007A30:  43 C0 2D B3 FC F1 28 E0 B5 34 71 7B F0 C7 FC FF  C.-...(..4q{....
00007A40:  43 C0 2D B3 FC F1 37 B5 16 EC 4D A2 F9 95 2C 52  C.-...7...M...,R
00007A50:  58 D9 29 77 78 F2 4C 4D 89 74 2C 5D 9D D2 A0 C8  X.)wx.LM.t,]....
00007A60:  0C F0 EE 2A 68 38 33 52 DC AA FB B9 BA 07 24 9A  ...*h83R......$.
00007A70:  62 6B 20 0D C2 8D 91 6B BA 38 2F D0 9D 50 45 A7  bk ....k.8/..PE.
00007A80:  BE 33 22 EC 56 7A 36 DF AB 87 1F 37 66 3F 4F 3E  .3".Vz6....7f?O>
00007A90:  9C EF 03 BC 0F 5F 26 FA 04 A0 EC C6 7A 25 FF 22  ....._&.....z%."
00007AA0:  7A 3F 49 F6 E5 55 DC 93 E6 78 2E 19 63 70 75 82  z?I..U...x..cpu.
00007AB0:  43 6E C1 36 CD DE 57 82 09 BF 14 9D 47 E0 65 6B  Cn.6..W.....G.ek
00007AC0:  D5 DC 91 3C 21 24 48 CB AF 06 77 00 28 D6 BA D3  ...<!$H...w.(...
00007AD0:  8B 06 CC 99 66 6E 75 F5 F8 18 E8 2D 9F 39 AE E7  ....fnu....-.9..
00007AE0:  9D 7E 23 15 BE 65 4C 4D 89 74 2C 5D 9D D2 A0 C8  .~#..eLM.t,]....
00007AF0:  0C F0 EE 2A 68 38 33 52 DC AA FB B9 BA 07 24 9A  ...*h83R......$.
00007B00:  62 6B 20 0D C2 8D 91 6B BA 38 2F D0 9D 50 45 A7  bk ....k.8/..PE.
00007B10:  BE 33 22 EC 56 7A 36 DF AB 87 1F 37 66 3F 4F 3E  .3".Vz6....7f?O>
00007B20:  9C EF 03 BC 0F 5F 26 FA 04 A0 EC C6 7A 25 FF 22  ....._&.....z%."
00007B30:  7A 3F 49 F6 E5 55 DC 93 E6 78 2E 19 63 70 75 82  z?I..U...x..cpu.
00007B40:  43 6E C1 36 CD DE AD CB 10 F6 1A 3D 2E 53 76 48  Cn.6.......=.SvH
00007B50:  7E 46 1F 6F 50 EA 31 C4 3F 25 B0 3C 4C E1 64 3E  ~F.oP.1.?%.<L.d>
00007B60:  12 34 C2 6F 6D BE AA 05 7E 7E 80 3D 8F 22 C0 A1  .4.om...~~.=."..
00007B70:  FD 07 AC 75 8F 83 89 9F 95 91 73 18 F7 A4 93 FB  ...u......s.....
00007B80:  27 D2 02 6B 06 AF D0 6A 63 8B E6 1F E2 C9 F1 B7  '..k...jc.......
00007B90:  5B DD 68 11 99 03 09 FC 4D 51 B4 DD 2D 1C 68 0F  [.h.....MQ..-.h.
00007BA0:  5F BA 62 1F 26                                   _.b.&

; --- structure summary (block types) ---
; 0x00000060..+0xD0  data   (208 bytes)
; 0x00000130..+0x40  zeros  (64 bytes)
; 0x00000170..+0x210  data   (528 bytes)
; 0x00000380..+0x180  zeros  (384 bytes)
; 0x00000500..+0x580  data   (1408 bytes)
; 0x00000A80..+0x3E0  zeros  (992 bytes)
; 0x00000E60..+0x20  data   (32 bytes)
; 0x00000E80..+0x3E0  zeros  (992 bytes)
; 0x00001260..+0x20  data   (32 bytes)
; 0x00001280..+0x3E0  zeros  (992 bytes)
; 0x00001660..+0x20  data   (32 bytes)
; 0x00001680..+0x3F0  zeros  (1008 bytes)
; 0x00001A70..+0x2370  data   (9072 bytes)
; 0x00003DE0..+0x20  zeros  (32 bytes)
; 0x00003E00..+0x30  data   (48 bytes)
; 0x00003E30..+0x70  zeros  (112 bytes)
; 0x00003EA0..+0x120  data   (288 bytes)
; 0x00003FC0..+0xB0  zeros  (176 bytes)
; 0x00004070..+0x50  data   (80 bytes)
; 0x000040C0..+0x150  zeros  (336 bytes)
; 0x00004210..+0x40  data   (64 bytes)
; 0x00004250..+0xF0  zeros  (240 bytes)
; 0x00004340..+0xF0  data   (240 bytes)
; 0x00004430..+0x5E0  zeros  (1504 bytes)
; 0x00004A10..+0x140  data   (320 bytes)
; 0x00004B50..+0xF0  zeros  (240 bytes)
; 0x00004C40..+0x220  data   (544 bytes)
; 0x00004E60..+0x30  zeros  (48 bytes)
; 0x00004E90..+0xA0  data   (160 bytes)
; 0x00004F30..+0xB0  zeros  (176 bytes)
; 0x00004FE0..+0xA0  data   (160 bytes)
; 0x00005080..+0x10  zeros  (16 bytes)
; 0x00005090..+0xD0  data   (208 bytes)
; 0x00005160..+0xC0  zeros  (192 bytes)
; 0x00005220..+0x290  data   (656 bytes)
; 0x000054B0..+0x40  zeros  (64 bytes)
; 0x000054F0..+0x170  data   (368 bytes)
; 0x00005660..+0x30  zeros  (48 bytes)
; 0x00005690..+0x280  data   (640 bytes)
; 0x00005910..+0x60  zeros  (96 bytes)
; 0x00005970..+0xF0  data   (240 bytes)
; 0x00005A60..+0xD0  zeros  (208 bytes)
; 0x00005B30..+0x240  data   (576 bytes)
; 0x00005D70..+0xD0  zeros  (208 bytes)
; 0x00005E40..+0x230  data   (560 bytes)
; 0x00006070..+0x40  zeros  (64 bytes)
; 0x000060B0..+0x50  data   (80 bytes)
; 0x00006100..+0xA0  zeros  (160 bytes)
; 0x000061A0..+0x60  data   (96 bytes)
; 0x00006200..+0x40  zeros  (64 bytes)
; 0x00006240..+0x20  data   (32 bytes)
; 0x00006260..+0xB0  zeros  (176 bytes)
; 0x00006310..+0x50  data   (80 bytes)
; 0x00006360..+0x40  zeros  (64 bytes)
; 0x000063A0..+0x30  data   (48 bytes)
; 0x000063D0..+0xA0  zeros  (160 bytes)
; 0x00006470..+0x290  data   (656 bytes)
; 0x00006700..+0xC0  zeros  (192 bytes)
; 0x000067C0..+0x190  data   (400 bytes)
; 0x00006950..+0x10  zeros  (16 bytes)
; 0x00006960..+0x20  data   (32 bytes)
; 0x00006980..+0x10  zeros  (16 bytes)
; 0x00006990..+0x20  data   (32 bytes)
; 0x000069B0..+0x20  zeros  (32 bytes)
; 0x000069D0..+0x20  data   (32 bytes)
; 0x000069F0..+0x10  zeros  (16 bytes)
; 0x00006A00..+0x20  data   (32 bytes)
; 0x00006A20..+0x10  zeros  (16 bytes)
; 0x00006A30..+0x20  data   (32 bytes)
; 0x00006A50..+0x20  zeros  (32 bytes)
; 0x00006A70..+0x20  data   (32 bytes)
; 0x00006A90..+0x10  zeros  (16 bytes)
; 0x00006AA0..+0x370  data   (880 bytes)
; 0x00006E10..+0x30  zeros  (48 bytes)
; 0x00006E40..+0x50  data   (80 bytes)
; 0x00006E90..+0xA0  zeros  (160 bytes)
; 0x00006F30..+0x60  data   (96 bytes)
; 0x00006F90..+0x40  zeros  (64 bytes)
; 0x00006FD0..+0x30  data   (48 bytes)
; 0x00007000..+0xA0  zeros  (160 bytes)
; 0x000070A0..+0x50  data   (80 bytes)
; 0x000070F0..+0x40  zeros  (64 bytes)
; 0x00007130..+0x30  data   (48 bytes)
; 0x00007160..+0xB0  zeros  (176 bytes)
; 0x00007210..+0x280  data   (640 bytes)
; 0x00007490..+0xC0  zeros  (192 bytes)
; 0x00007550..+0x190  data   (400 bytes)
; 0x000076E0..+0x10  zeros  (16 bytes)
; 0x000076F0..+0x20  data   (32 bytes)
; 0x00007710..+0x20  zeros  (32 bytes)
; 0x00007730..+0x20  data   (32 bytes)
; 0x00007750..+0x10  zeros  (16 bytes)
; 0x00007760..+0x20  data   (32 bytes)
; 0x00007780..+0x10  zeros  (16 bytes)
; 0x00007790..+0x20  data   (32 bytes)
; 0x000077B0..+0x20  zeros  (32 bytes)
; 0x000077D0..+0x20  data   (32 bytes)
; 0x000077F0..+0x10  zeros  (16 bytes)
; 0x00007800..+0x20  data   (32 bytes)
; 0x00007820..+0x10  zeros  (16 bytes)
; 0x00007830..+0x370  data   (880 bytes)
