; Decrypted GatewaySettings dump (see FORMAT.md)
; key = 4f1fd69150a6e35c2d08769a53407168 (aligned at 0x60)

00000060:  B1 73 21 19 D2 C4 C7 45 31 0B 77 0D 8C 51 1E 87  .s!....E1.w..Q..
00000070:  F0 7A E5 EF E9 C8 02 22 07 2F 35 37 47 E5 E3 AF  .z....."./57G...
00000080:  41 20 29 FE 42 DA 68 DF F4 D8 18 E2 68 CF 12 21  A ).B.h.....h..!
00000090:  B0 69 54 A7 2C 3A 56 C4 41 42 CD 4A E0 77 5C 34  .iT.,:V.AB.J.w\4
000000A0:  5F D2 20 F6 22 1C 5A 66 2A 8C B1 6C AC 51 E2 E8  _. .".Zf*..l.Q..
000000B0:  4C 10 D1 46 F4 24 5D 38 FB 9B CF 25 AB 88 C9 70  L..F.$]8...%...p
000000C0:  D5 18 30 A6 CE F2 70 6F C8 AE 91 B3 D9 24 2B 41  ..0...po.....$+A
000000D0:  D2 91 11 7B CB 31 13 99 F1 18 15 D9 0F 08 93 8F  ...{.1..........
000000E0:  BA 37 06 CD BD 53 46 6C 6F 3A EF EC E0 2F 80 00  .7...SFlo:.../..
000000F0:  86 19 DD 91 D2 58 40 A6 24 E1 55 B2 06 A2 DD 7A  .....X@.$.U....z
00000100:  36 C0 27 1A 3F 3A A1 68 EA 57 C0 A0 10 18 AE 2A  6.'.?:.h.W.....*
00000110:  EA 26 49 C0 66 B6 E4 37 AF B8 E7 AB EE 4F A3 48  .&I.f..7.....O.H
00000120:  A5 6C 0C 2D AD 40 00 00 00 00 00 00 00 00 00 00  .l.-.@..........
00000130:  00 00 00 00 00 00 00 00 00 00 00 00 00 00 00 00  ................ [zeros]
00000140:  00 00 00 00 00 00 00 00 00 00 00 00 00 00 00 00  ................ [zeros]
00000150:  00 00 00 00 00 00 00 00 00 00 00 00 00 00 00 00  ................ [zeros]
00000160:  00 00 00 00 00 00 00 00 00 00 00 00 00 00 00 00  ................ [zeros]
00000170:  00 00 00 00 00 00 1A 33 28 0B 1E 33 C8 14 12 B6  .......3(..3....
00000180:  31 3B CF 3F DA 2B E1 53 2E FA 05 CA 84 20 8D 05  1;.?.+.S..... ..
00000190:  3D 58 F5 3D 83 E5 82 48 5B DE AA 40 21 BA EA 26  =X.=...H[..@!..&
000001A0:  C1 14 87 A3 2F B2 1A A3 E7 60 A4 0F 43 FA 53 02  ..../....`..C.S.
000001B0:  29 CE B1 32 0B F8 AA 2F 72 53 64 A3 52 59 7E AD  )..2.../rSd.RY~.
000001C0:  3D 80 89 EE 7C EB D6 CC F7 B0 9E BA 0B E6 AC 62  =...|..........b
000001D0:  9E 87 D8 94 9A 41 36 4B 51 98 D3 3F C1 5D 1D 51  .....A6KQ..?.].Q
000001E0:  CE D7 38 1B EA 54 1D 17 C6 4F E7 A6 A9 D4 3E 5F  ..8..T...O....>_
000001F0:  50 6A F0 6B 05 65 3C 09 79 22 6D 71 7B 62 03 8F  Pj.k.e<.y"mq{b..
00000200:  FB 73 12 AB CD 57 3F 8C AE 7D 23 CD FA 49 E1 38  .s...W?..}#..I.8
00000210:  6F 16 BA FB 4B 2D 82 59 58 DF 67 EB 35 ED A4 29  o...K-.YX.g.5..)
00000220:  32 9C B7 E8 DB 8E 37 64 AD C3 82 A3 88 62 AE 21  2.....7d.....b.!
00000230:  F3 3F CD 07 B5 03 B7 34 4A F8 CA 42 CB D6 81 CA  .?.....4J..B....
00000240:  FA B5 CB E1 E5 E5 97 79 A3 17 F1 62 D6 47 F0 D9  .......y...b.G..
00000250:  D8 8E 09 25 AA 7E B7 D2 B5 21 CC 24 E3 A1 BB E3  ...%.~...!.$....
00000260:  A3 14 A7 CD 9D EF 48 51 12 F5 E4 2C 96 0A AE 6E  ......HQ...,...n
00000270:  07 05 38 54 46 98 A7 C1 F2 01 DF BB D7 2C 98 BA  ..8TF........,..
00000280:  56 B6 60 A9 6D 47 6C 2A 23 0F 28 11 9D 41 DC 33  V.`.mGl*#.(..A.3
00000290:  CC 0C 11 35 BB 78 3B B2 25 7C 70 B5 93 29 44 DA  ...5.x;.%|p..)D.
000002A0:  C8 D6 96 50 0C 12 CF BC 07 89 77 00 90 34 C8 0B  ...P......w..4..
000002B0:  ED BF 26 A9 09 91 E3 75 F0 9A AB 97 AD 6F 94 C0  ..&....u.....o..
000002C0:  CF 48 89 FD 09 34 25 4E 35 EF B1 77 3A E7 01 C4  .H...4%N5..w:...
000002D0:  1D 44 DD 51 48 52 40 C9 BE 0A 29 D4 5E 24 7A A7  .D.QHR@...).^$z.
000002E0:  BB DD 33 F1 80 02 82 37 58 5F 28 A6 2F 9B CE 75  ..3....7X_(./..u
000002F0:  AC 41 A2 6D 39 18 BA 70 98 2D F3 51 65 E8 89 30  .A.m9..p.-.Qe..0
00000300:  C3 55 EC 37 AA 27 3A CB 42 DA ED A2 56 F3 12 40  .U.7.':.B...V..@
00000310:  8E 9E DA 84 47 C4 5F 11 9B BC 47 EC 10 AE A5 DF  ....G._...G.....
00000320:  56 14 44 BA 4C 52 4D B3 30 E2 27 9C C5 11 2E 98  V.D.LRM.0.'.....
00000330:  23 B9 C3 7A 92 EA F3 91 44 EB 9D 43 C4 FF EC EC  #..z....D..C....
00000340:  4C 89 1D 45 ED BD 3B 91 78 9A C4 B8 E1 53 64 E6  L..E..;.x....Sd.
00000350:  40 28 2E 44 55 94 F3 91 44 EB 9D 43 C4 FF EC EC  @(.DU...D..C....
00000360:  4C 89 1D 45 ED BD 04 11 EE 03 14 A6 37 2A 5D 9E  L..E........7*].
00000370:  77 EF BF 7D 1E AF 00 00 00 00 00 00 00 00 00 00  w..}............
00000380:  00 00 00 00 00 00 00 00 00 00 00 00 00 00 00 00  ................ [zeros]
00000390:  00 00 00 00 00 00 00 00 00 00 00 00 00 00 00 00  ................ [zeros]
000003A0:  00 00 00 00 00 00 00 00 00 00 00 00 00 00 00 00  ................ [zeros]
000003B0:  00 00 00 00 00 00 00 00 00 00 00 00 00 00 00 00  ................ [zeros]
000003C0:  00 00 00 00 00 00 00 00 00 00 00 00 00 00 00 00  ................ [zeros]
000003D0:  00 00 00 00 00 00 00 00 00 00 00 00 00 00 00 00  ................ [zeros]
000003E0:  00 00 00 00 00 00 00 00 00 00 00 00 00 00 00 00  ................ [zeros]
000003F0:  00 00 00 00 00 00 00 00 00 00 00 00 00 00 00 00  ................ [zeros]
00000400:  00 00 00 00 00 00 00 00 00 00 00 00 00 00 00 00  ................ [zeros]
00000410:  00 00 00 00 00 00 00 00 00 00 00 00 00 00 00 00  ................ [zeros]
00000420:  00 00 00 00 00 00 00 00 00 00 00 00 00 00 00 00  ................ [zeros]
00000430:  00 00 00 00 00 00 00 00 00 00 00 00 00 00 00 00  ................ [zeros]
00000440:  00 00 00 00 00 00 00 00 00 00 00 00 00 00 00 00  ................ [zeros]
00000450:  00 00 00 00 00 00 00 00 00 00 00 00 00 00 00 00  ................ [zeros]
00000460:  00 00 00 00 00 00 00 00 00 00 00 00 00 00 00 00  ................ [zeros]
00000470:  00 00 00 00 00 00 00 00 00 00 00 00 00 00 00 00  ................ [zeros]
00000480:  00 00 00 00 00 00 00 00 00 00 00 00 00 00 00 00  ................ [zeros]
00000490:  00 00 00 00 00 00 00 00 00 00 00 00 00 00 00 00  ................ [zeros]
000004A0:  00 00 00 00 00 00 00 00 00 00 00 00 00 00 00 00  ................ [zeros]
000004B0:  00 00 00 00 00 00 00 00 00 00 00 00 00 00 00 00  ................ [zeros]
000004C0:  00 00 00 00 00 00 00 00 00 00 00 00 00 00 00 00  ................ [zeros]
000004D0:  00 00 00 00 00 00 00 00 00 00 00 00 00 00 00 00  ................ [zeros]
000004E0:  00 00 00 00 00 00 00 00 00 00 00 00 00 00 00 00  ................ [zeros]
000004F0:  00 00 00 00 00 00 00 00 00 00 00 00 00 00 00 00  ................ [zeros]
00000500:  00 00 00 00 00 00 CE 2F 94 50 53 40 E6 67 69 68  ......./.PS@.gih
00000510:  C4 01 CB 6B 88 A8 4D 76 EE 10 A6 EC 4A C8 7E DE  ...k..Mv....J.~.
00000520:  F7 68 C8 49 79 A5 03 63 19 21 62 9F C4 25 B1 B1  .h.Iy..c.!b..%..
00000530:  A8 C1 34 63 26 50 6F 46 BE 22 EC 44 05 6D 3F 0E  ..4c&PoF.".D.m?.
00000540:  73 14 EE 6D 6B B9 1B DB 57 E3 9A 5F 5A 0D 7D A4  s..mk...W.._Z.}.
00000550:  E6 D4 C0 59 94 B8 41 08 22 1C 84 74 4A 34 9D 2D  ...Y..A."..tJ4.-
00000560:  D5 B3 F8 FE FD 94 3E 1C 61 F8 01 0C F0 EE 85 DD  ......>.a.......
00000570:  95 C8 CB 51 34 D6 8B 78 44 4B 3C A9 2A 02 3F 39  ...Q4..xDK<.*.?9
00000580:  DF 58 C5 F3 86 3C 29 EE 1C 3B 41 E4 43 C5 AD AE  .X...<)..;A.C...
00000590:  0D 42 57 9F 5C 56 B5 6D DA A9 F6 4A 1E C0 5F 30  .BW.\V.m...J.._0
000005A0:  E9 BA 8E A4 26 43 59 D8 10 30 CD 63 61 50 4E 3F  ....&CY..0.caPN?
000005B0:  70 45 15 85 0A 94 AF 5F 64 8C B1 88 5D 2B 0F 8A  pE....._d...]+..
000005C0:  22 84 65 20 97 9B 31 EE 7C 23 1B BB AA 40 5D 3E  ".e ..1.|#...@]>
000005D0:  73 B9 9E 82 4C F1 2F 9D CE E7 8C 63 60 F0 8F F1  s...L./....c`...
000005E0:  28 64 76 4A B3 3C 7C B5 3A B1 67 3D FB F6 45 C0  (dvJ.<|.:.g=..E.
000005F0:  59 A7 58 8C 4F A0 8E 72 C5 D3 13 21 08 32 3A 92  Y.X.O..r...!.2:.
00000600:  61 A1 0A D8 1C 30 05 7A 40 25 2C 9C DE 4C EF 37  a....0.z@%,..L.7
00000610:  85 05 1E E3 7F E9 00 FC F9 C0 44 D2 A4 6F 42 9F  ..........D..oB.
00000620:  BF 17 1D 86 8C 6D 7F 6A 52 BE 63 87 DF 0C C3 8C  .....m.jR.c.....
00000630:  E9 BD 02 98 FD 25 46 FC 32 2A D4 B6 E6 4A AE DB  .....%F.2*...J..
00000640:  1D BE C5 EE 5B E8 3C 42 73 93 12 8C DC 5D CE E9  ....[.<Bs....]..
00000650:  5F DF 28 CA 71 79 79 CB BE F4 BE 18 EB 30 A7 76  _.(.qyy......0.v
00000660:  AF 2B 5F EC DE 05 AD 16 D4 3F ED 3F 02 5B 08 5F  .+_......?.?.[._
00000670:  D1 7B A0 48 16 18 19 F3 C2 37 C9 70 96 C6 83 21  .{.H.....7.p...!
00000680:  1B 84 4E 69 82 18 41 68 45 21 8E 6D 89 96 A4 77  ..Ni..AhE!.m...w
00000690:  57 3F 44 85 55 08 96 E7 2E E2 15 1F FE 17 0A 1F  W?D.U...........
000006A0:  C1 F4 26 1F 4A 74 3B 5F EF 1F 20 42 7E 3D AA AE  ..&.Jt;_.. B~=..
000006B0:  1B C4 A2 AB BB D8 78 17 AC D1 CD DA D0 90 DD A6  ......x.........
000006C0:  77 92 F7 C7 63 60 92 D9 1D 65 20 06 7A 3C 4D DA  w...c`...e .z<M.
000006D0:  87 6E 92 28 2F 10 BB 0C A4 10 18 FA 71 3A FE 56  .n.(/.......q:.V
000006E0:  60 DB 78 3F 43 2E 90 C0 13 97 D4 FC 70 6C 0F 0E  `.x?C.......pl..
000006F0:  9A 30 33 8A 23 46 FC 52 E5 AC A6 39 20 B1 4B 2F  .03.#F.R...9 .K/
00000700:  82 16 74 33 21 71 DA 79 0A 1D AC 1C F2 78 88 14  ..t3!q.y.....x..
00000710:  83 BF ED 5E 3C A4 A7 6A A2 E4 98 53 1D 04 4E 9E  ...^<..j...S..N.
00000720:  C1 60 05 D7 5E B1 88 14 AB C9 B9 92 57 CE 9E 7C  .`..^.......W..|
00000730:  E7 97 2F C4 B4 4D 5E 37 83 78 9D 1E 52 4A F9 3D  ../..M^7.x..RJ.=
00000740:  3E BF 67 0C B5 A8 96 5B D9 96 94 2E 95 96 8C D5  >.g....[........
00000750:  64 16 5E 20 E7 A6 A4 A8 65 5C CA EF 3D 3F E4 30  d.^ ....e\..=?.0
00000760:  3F 32 BC 65 BB 21 24 30 39 13 7C 01 AC 56 E4 63  ?2.e.!$09.|..V.c
00000770:  27 59 1F F2 B4 F8 A7 55 5B 73 BE B6 6A 4D E2 C5  'Y.....U[s..jM..
00000780:  9A 12 E5 36 45 68 76 06 A0 AC A6 90 57 3E B4 4B  ...6Ehv.....W>.K
00000790:  32 5A 52 58 DC 89 76 83 0C B6 66 FD 4F AF 13 DD  2ZRX..v...f.O...
000007A0:  E9 44 CA 72 A6 48 C9 15 92 A1 55 39 03 AA AC 73  .D.r.H....U9...s
000007B0:  36 BA 2D DE F4 CB 47 30 98 95 39 6D 8A B9 97 7E  6.-...G0..9m...~
000007C0:  CD 8D A9 4F AA B1 B0 AB F3 E4 36 09 7D 93 A4 34  ...O......6.}..4
000007D0:  D5 B8 03 21 C5 65 60 57 C8 EB 8C B9 8A DB 0C EE  ...!.e`W........
000007E0:  D0 77 C9 67 36 F7 AA FC 71 88 AE A4 E8 11 BA E6  .w.g6...q.......
000007F0:  EE A2 CA 8B 7C E0 81 20 D9 B1 D9 6E A8 49 8A EC  ....|.. ...n.I..
00000800:  D7 35 90 1D A1 E0 B7 68 EB EA C6 95 20 12 F1 18  .5.....h.... ...
00000810:  85 D6 66 10 21 F2 6B F8 69 F9 07 61 EA CA 94 F6  ..f.!.k.i..a....
00000820:  4D C0 A8 3A 7A 1D F6 46 95 A9 78 92 8A 9B 63 4C  M..:z..F..x...cL
00000830:  F4 01 3C 17 EA CB 66 22 6D 45 59 FC 56 D1 B8 A3  ..<...f"mEY.V...
00000840:  5F 89 C8 A2 22 5E 2F E7 74 7F 35 10 BD D1 47 77  _..."^/.t.5...Gw
00000850:  05 AD 67 AC 0E 74 8C 63 F1 4A E3 05 B3 8F 6F AD  ..g..t.c.J....o.
00000860:  5D D5 08 B1 9B FA B4 C9 BE 5E 88 38 CA 18 99 D6  ]........^.8....
00000870:  84 83 E3 23 02 CA 65 3D 29 5D 22 A6 4F FB BD CB  ...#..e=)]".O...
00000880:  1E 82 8D 17 FA 3F 04 82 8A 53 38 57 4C A3 E7 F7  .....?...S8WL...
00000890:  66 F3 60 83 EF FF A8 68 0F 5E BA DA 3B 6C 8E 20  f.`....h.^..;l. 
000008A0:  88 6F 04 3E F2 AD 6E DE 10 F6 B7 29 D2 B7 48 6D  .o.>..n....)..Hm
000008B0:  6E 5E ED 6A 45 FF D9 53 80 FA 0D 30 FA 32 B1 E9  n^.jE..S...0.2..
000008C0:  3A EF 7A E9 74 84 36 D4 E4 C6 B8 89 1E 26 E3 A3  :.z.t.6......&..
000008D0:  B4 7A 71 A3 7A B6 B7 38 FF 88 6A 6D CE 7D 1A E9  .zq.z..8..jm.}..
000008E0:  E9 02 90 84 63 70 69 49 5C D8 62 41 F7 B3 CA 84  ....cpiI\.bA....
000008F0:  04 C0 AC 4A 20 9B 68 1E 9B A0 88 D3 8C 2B 90 AC  ...J .h......+..
00000900:  5D D6 40 0E B7 AC 2E F1 33 D5 6C 3A B2 66 4D 26  ].@.....3.l:.fM&
00000910:  E0 3E 29 9A 7D F5 FC D7 A8 81 23 44 AB 84 BE F1  .>).}.....#D....
00000920:  10 0C 38 A5 8C 5A 9F 20 53 BD 17 E2 EB E0 E3 89  ..8..Z. S.......
00000930:  0F 5B B2 69 7D D0 33 34 AF EF 33 DF E0 4A C0 E2  .[.i}.34..3..J..
00000940:  72 DE FA 02 D0 67 D1 A6 A7 8E 39 02 71 4B E5 AB  r....g....9.qK..
00000950:  F9 69 8D C1 95 3A 16 A7 04 C2 A1 BA 55 29 8F 99  .i...:......U)..
00000960:  89 64 1A 04 F0 73 0C 0F 12 DC DB 3E 05 9B 93 45  .d...s.....>...E
00000970:  5E 7A 0F 8D 23 CE 30 19 D2 A3 FB 72 FB F6 4A 6C  ^z..#.0....r..Jl
00000980:  74 A3 9A 03 38 2D 78 21 19 8A 7C F0 8F C0 09 16  t...8-x!..|.....
00000990:  A4 14 09 62 3F 3A E7 F1 E2 27 C3 E6 74 61 A7 8C  ...b?:...'..ta..
000009A0:  8D D8 9F 95 DA 85 20 1D 06 8C 5C AA 4F 83 39 30  ...... ...\.O.90
000009B0:  96 61 06 E6 F6 C4 DC FC 24 CD 62 78 56 4B A3 43  .a......$.bxVK.C
000009C0:  76 4C B1 B5 FF 4B 25 67 EE 0B 29 4C F5 5E 89 DD  vL...K%g..)L.^..
000009D0:  79 F8 39 B9 82 DF DD 1B 92 24 51 ED 81 E4 2C C2  y.9......$Q...,.
000009E0:  C9 36 F8 5A 2D 51 43 DA A3 B3 14 A5 F4 75 C1 76  .6.Z-QC......u.v
000009F0:  86 19 6E A6 7D BE BA 78 C4 C5 D3 43 20 9E 0B 4C  ..n.}..x...C ..L
00000A00:  11 5B B4 F7 5B 39 C1 46 61 9C 25 CC 46 55 F0 23  .[..[9.Fa.%.FU.#
00000A10:  74 76 9C 6F D2 B8 E6 1D 27 25 B3 E3 4D 28 47 7C  tv.o....'%..M(G|
00000A20:  32 0E A1 73 D4 A9 EB B2 E1 31 22 34 E3 D2 96 6D  2..s.....1"4...m
00000A30:  C2 72 6C 5D 04 F7 0B 45 8F 83 E2 15 9C D9 30 7D  .rl]...E......0}
00000A40:  D8 80 37 69 4D C6 21 F6 B0 85 B0 33 43 ED 9E A3  ..7iM.!....3C...
00000A50:  B8 34 81 FD EF DA F3 AD 4E 60 57 77 E2 04 C3 A7  .4......N`Ww....
00000A60:  25 0A 47 24 2D 4E E2 25 64 AC 12 4B 2B EA A9 B4  %.G$-N.%d..K+...
00000A70:  1A 5B A0 38 CE F9 00 00 00 00 00 00 00 00 00 00  .[.8............
00000A80:  00 00 00 00 00 00 00 00 00 00 00 00 00 00 00 00  ................ [zeros]
00000A90:  00 00 00 00 00 00 00 00 00 00 00 00 00 00 00 00  ................ [zeros]
00000AA0:  00 00 00 00 00 00 00 00 00 00 00 00 00 00 00 00  ................ [zeros]
00000AB0:  00 00 00 00 00 00 00 00 00 00 00 00 00 00 00 00  ................ [zeros]
00000AC0:  00 00 00 00 00 00 00 00 00 00 00 00 00 00 00 00  ................ [zeros]
00000AD0:  00 00 00 00 00 00 00 00 00 00 00 00 00 00 00 00  ................ [zeros]
00000AE0:  00 00 00 00 00 00 00 00 00 00 00 00 00 00 00 00  ................ [zeros]
00000AF0:  00 00 00 00 00 00 00 00 00 00 00 00 00 00 00 00  ................ [zeros]
00000B00:  00 00 00 00 00 00 00 00 00 00 00 00 00 00 00 00  ................ [zeros]
00000B10:  00 00 00 00 00 00 00 00 00 00 00 00 00 00 00 00  ................ [zeros]
00000B20:  00 00 00 00 00 00 00 00 00 00 00 00 00 00 00 00  ................ [zeros]
00000B30:  00 00 00 00 00 00 00 00 00 00 00 00 00 00 00 00  ................ [zeros]
00000B40:  00 00 00 00 00 00 00 00 00 00 00 00 00 00 00 00  ................ [zeros]
00000B50:  00 00 00 00 00 00 00 00 00 00 00 00 00 00 00 00  ................ [zeros]
00000B60:  00 00 00 00 00 00 00 00 00 00 00 00 00 00 00 00  ................ [zeros]
00000B70:  00 00 00 00 00 00 00 00 00 00 00 00 00 00 00 00  ................ [zeros]
00000B80:  00 00 00 00 00 00 00 00 00 00 00 00 00 00 00 00  ................ [zeros]
00000B90:  00 00 00 00 00 00 00 00 00 00 00 00 00 00 00 00  ................ [zeros]
00000BA0:  00 00 00 00 00 00 00 00 00 00 00 00 00 00 00 00  ................ [zeros]
00000BB0:  00 00 00 00 00 00 00 00 00 00 00 00 00 00 00 00  ................ [zeros]
00000BC0:  00 00 00 00 00 00 00 00 00 00 00 00 00 00 00 00  ................ [zeros]
00000BD0:  00 00 00 00 00 00 00 00 00 00 00 00 00 00 00 00  ................ [zeros]
00000BE0:  00 00 00 00 00 00 00 00 00 00 00 00 00 00 00 00  ................ [zeros]
00000BF0:  00 00 00 00 00 00 00 00 00 00 00 00 00 00 00 00  ................ [zeros]
00000C00:  00 00 00 00 00 00 00 00 00 00 00 00 00 00 00 00  ................ [zeros]
00000C10:  00 00 00 00 00 00 00 00 00 00 00 00 00 00 00 00  ................ [zeros]
00000C20:  00 00 00 00 00 00 00 00 00 00 00 00 00 00 00 00  ................ [zeros]
00000C30:  00 00 00 00 00 00 00 00 00 00 00 00 00 00 00 00  ................ [zeros]
00000C40:  00 00 00 00 00 00 00 00 00 00 00 00 00 00 00 00  ................ [zeros]
00000C50:  00 00 00 00 00 00 00 00 00 00 00 00 00 00 00 00  ................ [zeros]
00000C60:  00 00 00 00 00 00 00 00 00 00 00 00 00 00 00 00  ................ [zeros]
00000C70:  00 00 00 00 00 00 00 00 00 00 00 00 00 00 00 00  ................ [zeros]
00000C80:  00 00 00 00 00 00 00 00 00 00 00 00 00 00 00 00  ................ [zeros]
00000C90:  00 00 00 00 00 00 00 00 00 00 00 00 00 00 00 00  ................ [zeros]
00000CA0:  00 00 00 00 00 00 00 00 00 00 00 00 00 00 00 00  ................ [zeros]
00000CB0:  00 00 00 00 00 00 00 00 00 00 00 00 00 00 00 00  ................ [zeros]
00000CC0:  00 00 00 00 00 00 00 00 00 00 00 00 00 00 00 00  ................ [zeros]
00000CD0:  00 00 00 00 00 00 00 00 00 00 00 00 00 00 00 00  ................ [zeros]
00000CE0:  00 00 00 00 00 00 00 00 00 00 00 00 00 00 00 00  ................ [zeros]
00000CF0:  00 00 00 00 00 00 00 00 00 00 00 00 00 00 00 00  ................ [zeros]
00000D00:  00 00 00 00 00 00 00 00 00 00 00 00 00 00 00 00  ................ [zeros]
00000D10:  00 00 00 00 00 00 00 00 00 00 00 00 00 00 00 00  ................ [zeros]
00000D20:  00 00 00 00 00 00 00 00 00 00 00 00 00 00 00 00  ................ [zeros]
00000D30:  00 00 00 00 00 00 00 00 00 00 00 00 00 00 00 00  ................ [zeros]
00000D40:  00 00 00 00 00 00 00 00 00 00 00 00 00 00 00 00  ................ [zeros]
00000D50:  00 00 00 00 00 00 00 00 00 00 00 00 00 00 00 00  ................ [zeros]
00000D60:  00 00 00 00 00 00 00 00 00 00 00 00 00 00 00 00  ................ [zeros]
00000D70:  00 00 00 00 00 00 00 00 00 00 00 00 00 00 00 00  ................ [zeros]
00000D80:  00 00 00 00 00 00 00 00 00 00 00 00 00 00 00 00  ................ [zeros]
00000D90:  00 00 00 00 00 00 00 00 00 00 00 00 00 00 00 00  ................ [zeros]
00000DA0:  00 00 00 00 00 00 00 00 00 00 00 00 00 00 00 00  ................ [zeros]
00000DB0:  00 00 00 00 00 00 00 00 00 00 00 00 00 00 00 00  ................ [zeros]
00000DC0:  00 00 00 00 00 00 00 00 00 00 00 00 00 00 00 00  ................ [zeros]
00000DD0:  00 00 00 00 00 00 00 00 00 00 00 00 00 00 00 00  ................ [zeros]
00000DE0:  00 00 00 00 00 00 00 00 00 00 00 00 00 00 00 00  ................ [zeros]
00000DF0:  00 00 00 00 00 00 00 00 00 00 00 00 00 00 00 00  ................ [zeros]
00000E00:  00 00 00 00 00 00 00 00 00 00 00 00 00 00 00 00  ................ [zeros]
00000E10:  00 00 00 00 00 00 00 00 00 00 00 00 00 00 00 00  ................ [zeros]
00000E20:  00 00 00 00 00 00 00 00 00 00 00 00 00 00 00 00  ................ [zeros]
00000E30:  00 00 00 00 00 00 00 00 00 00 00 00 00 00 00 00  ................ [zeros]
00000E40:  00 00 00 00 00 00 00 00 00 00 00 00 00 00 00 00  ................ [zeros]
00000E50:  00 00 00 00 00 00 00 00 00 00 00 00 00 00 00 00  ................ [zeros]
00000E60:  00 00 00 00 00 00 00 00 00 00 00 00 00 00 00 00  ................ [zeros]
00000E70:  00 00 00 00 00 00 4D DB 62 27 F6 2C 72 6D A9 76  ......M.b'.,rm.v
00000E80:  75 59 D9 DB 31 D9 00 00 00 00 00 00 00 00 00 00  uY..1...........
00000E90:  00 00 00 00 00 00 00 00 00 00 00 00 00 00 00 00  ................ [zeros]
00000EA0:  00 00 00 00 00 00 00 00 00 00 00 00 00 00 00 00  ................ [zeros]
00000EB0:  00 00 00 00 00 00 00 00 00 00 00 00 00 00 00 00  ................ [zeros]
00000EC0:  00 00 00 00 00 00 00 00 00 00 00 00 00 00 00 00  ................ [zeros]
00000ED0:  00 00 00 00 00 00 00 00 00 00 00 00 00 00 00 00  ................ [zeros]
00000EE0:  00 00 00 00 00 00 00 00 00 00 00 00 00 00 00 00  ................ [zeros]
00000EF0:  00 00 00 00 00 00 00 00 00 00 00 00 00 00 00 00  ................ [zeros]
00000F00:  00 00 00 00 00 00 00 00 00 00 00 00 00 00 00 00  ................ [zeros]
00000F10:  00 00 00 00 00 00 00 00 00 00 00 00 00 00 00 00  ................ [zeros]
00000F20:  00 00 00 00 00 00 00 00 00 00 00 00 00 00 00 00  ................ [zeros]
00000F30:  00 00 00 00 00 00 00 00 00 00 00 00 00 00 00 00  ................ [zeros]
00000F40:  00 00 00 00 00 00 00 00 00 00 00 00 00 00 00 00  ................ [zeros]
00000F50:  00 00 00 00 00 00 00 00 00 00 00 00 00 00 00 00  ................ [zeros]
00000F60:  00 00 00 00 00 00 00 00 00 00 00 00 00 00 00 00  ................ [zeros]
00000F70:  00 00 00 00 00 00 00 00 00 00 00 00 00 00 00 00  ................ [zeros]
00000F80:  00 00 00 00 00 00 00 00 00 00 00 00 00 00 00 00  ................ [zeros]
00000F90:  00 00 00 00 00 00 00 00 00 00 00 00 00 00 00 00  ................ [zeros]
00000FA0:  00 00 00 00 00 00 00 00 00 00 00 00 00 00 00 00  ................ [zeros]
00000FB0:  00 00 00 00 00 00 00 00 00 00 00 00 00 00 00 00  ................ [zeros]
00000FC0:  00 00 00 00 00 00 00 00 00 00 00 00 00 00 00 00  ................ [zeros]
00000FD0:  00 00 00 00 00 00 00 00 00 00 00 00 00 00 00 00  ................ [zeros]
00000FE0:  00 00 00 00 00 00 00 00 00 00 00 00 00 00 00 00  ................ [zeros]
00000FF0:  00 00 00 00 00 00 00 00 00 00 00 00 00 00 00 00  ................ [zeros]
00001000:  00 00 00 00 00 00 00 00 00 00 00 00 00 00 00 00  ................ [zeros]
00001010:  00 00 00 00 00 00 00 00 00 00 00 00 00 00 00 00  ................ [zeros]
00001020:  00 00 00 00 00 00 00 00 00 00 00 00 00 00 00 00  ................ [zeros]
00001030:  00 00 00 00 00 00 00 00 00 00 00 00 00 00 00 00  ................ [zeros]
00001040:  00 00 00 00 00 00 00 00 00 00 00 00 00 00 00 00  ................ [zeros]
00001050:  00 00 00 00 00 00 00 00 00 00 00 00 00 00 00 00  ................ [zeros]
00001060:  00 00 00 00 00 00 00 00 00 00 00 00 00 00 00 00  ................ [zeros]
00001070:  00 00 00 00 00 00 00 00 00 00 00 00 00 00 00 00  ................ [zeros]
00001080:  00 00 00 00 00 00 00 00 00 00 00 00 00 00 00 00  ................ [zeros]
00001090:  00 00 00 00 00 00 00 00 00 00 00 00 00 00 00 00  ................ [zeros]
000010A0:  00 00 00 00 00 00 00 00 00 00 00 00 00 00 00 00  ................ [zeros]
000010B0:  00 00 00 00 00 00 00 00 00 00 00 00 00 00 00 00  ................ [zeros]
000010C0:  00 00 00 00 00 00 00 00 00 00 00 00 00 00 00 00  ................ [zeros]
000010D0:  00 00 00 00 00 00 00 00 00 00 00 00 00 00 00 00  ................ [zeros]
000010E0:  00 00 00 00 00 00 00 00 00 00 00 00 00 00 00 00  ................ [zeros]
000010F0:  00 00 00 00 00 00 00 00 00 00 00 00 00 00 00 00  ................ [zeros]
00001100:  00 00 00 00 00 00 00 00 00 00 00 00 00 00 00 00  ................ [zeros]
00001110:  00 00 00 00 00 00 00 00 00 00 00 00 00 00 00 00  ................ [zeros]
00001120:  00 00 00 00 00 00 00 00 00 00 00 00 00 00 00 00  ................ [zeros]
00001130:  00 00 00 00 00 00 00 00 00 00 00 00 00 00 00 00  ................ [zeros]
00001140:  00 00 00 00 00 00 00 00 00 00 00 00 00 00 00 00  ................ [zeros]
00001150:  00 00 00 00 00 00 00 00 00 00 00 00 00 00 00 00  ................ [zeros]
00001160:  00 00 00 00 00 00 00 00 00 00 00 00 00 00 00 00  ................ [zeros]
00001170:  00 00 00 00 00 00 00 00 00 00 00 00 00 00 00 00  ................ [zeros]
00001180:  00 00 00 00 00 00 00 00 00 00 00 00 00 00 00 00  ................ [zeros]
00001190:  00 00 00 00 00 00 00 00 00 00 00 00 00 00 00 00  ................ [zeros]
000011A0:  00 00 00 00 00 00 00 00 00 00 00 00 00 00 00 00  ................ [zeros]
000011B0:  00 00 00 00 00 00 00 00 00 00 00 00 00 00 00 00  ................ [zeros]
000011C0:  00 00 00 00 00 00 00 00 00 00 00 00 00 00 00 00  ................ [zeros]
000011D0:  00 00 00 00 00 00 00 00 00 00 00 00 00 00 00 00  ................ [zeros]
000011E0:  00 00 00 00 00 00 00 00 00 00 00 00 00 00 00 00  ................ [zeros]
000011F0:  00 00 00 00 00 00 00 00 00 00 00 00 00 00 00 00  ................ [zeros]
00001200:  00 00 00 00 00 00 00 00 00 00 00 00 00 00 00 00  ................ [zeros]
00001210:  00 00 00 00 00 00 00 00 00 00 00 00 00 00 00 00  ................ [zeros]
00001220:  00 00 00 00 00 00 00 00 00 00 00 00 00 00 00 00  ................ [zeros]
00001230:  00 00 00 00 00 00 00 00 00 00 00 00 00 00 00 00  ................ [zeros]
00001240:  00 00 00 00 00 00 00 00 00 00 00 00 00 00 00 00  ................ [zeros]
00001250:  00 00 00 00 00 00 00 00 00 00 00 00 00 00 00 00  ................ [zeros]
00001260:  00 00 00 00 00 00 00 00 00 00 00 00 00 00 00 00  ................ [zeros]
00001270:  00 00 00 00 00 00 5C 2F F8 C7 98 AC 25 81 7F 94  ......\/....%...
00001280:  60 A2 46 B1 86 35 00 00 00 00 00 00 00 00 00 00  `.F..5..........
00001290:  00 00 00 00 00 00 00 00 00 00 00 00 00 00 00 00  ................ [zeros]
000012A0:  00 00 00 00 00 00 00 00 00 00 00 00 00 00 00 00  ................ [zeros]
000012B0:  00 00 00 00 00 00 00 00 00 00 00 00 00 00 00 00  ................ [zeros]
000012C0:  00 00 00 00 00 00 00 00 00 00 00 00 00 00 00 00  ................ [zeros]
000012D0:  00 00 00 00 00 00 00 00 00 00 00 00 00 00 00 00  ................ [zeros]
000012E0:  00 00 00 00 00 00 00 00 00 00 00 00 00 00 00 00  ................ [zeros]
000012F0:  00 00 00 00 00 00 00 00 00 00 00 00 00 00 00 00  ................ [zeros]
00001300:  00 00 00 00 00 00 00 00 00 00 00 00 00 00 00 00  ................ [zeros]
00001310:  00 00 00 00 00 00 00 00 00 00 00 00 00 00 00 00  ................ [zeros]
00001320:  00 00 00 00 00 00 00 00 00 00 00 00 00 00 00 00  ................ [zeros]
00001330:  00 00 00 00 00 00 00 00 00 00 00 00 00 00 00 00  ................ [zeros]
00001340:  00 00 00 00 00 00 00 00 00 00 00 00 00 00 00 00  ................ [zeros]
00001350:  00 00 00 00 00 00 00 00 00 00 00 00 00 00 00 00  ................ [zeros]
00001360:  00 00 00 00 00 00 00 00 00 00 00 00 00 00 00 00  ................ [zeros]
00001370:  00 00 00 00 00 00 00 00 00 00 00 00 00 00 00 00  ................ [zeros]
00001380:  00 00 00 00 00 00 00 00 00 00 00 00 00 00 00 00  ................ [zeros]
00001390:  00 00 00 00 00 00 00 00 00 00 00 00 00 00 00 00  ................ [zeros]
000013A0:  00 00 00 00 00 00 00 00 00 00 00 00 00 00 00 00  ................ [zeros]
000013B0:  00 00 00 00 00 00 00 00 00 00 00 00 00 00 00 00  ................ [zeros]
000013C0:  00 00 00 00 00 00 00 00 00 00 00 00 00 00 00 00  ................ [zeros]
000013D0:  00 00 00 00 00 00 00 00 00 00 00 00 00 00 00 00  ................ [zeros]
000013E0:  00 00 00 00 00 00 00 00 00 00 00 00 00 00 00 00  ................ [zeros]
000013F0:  00 00 00 00 00 00 00 00 00 00 00 00 00 00 00 00  ................ [zeros]
00001400:  00 00 00 00 00 00 00 00 00 00 00 00 00 00 00 00  ................ [zeros]
00001410:  00 00 00 00 00 00 00 00 00 00 00 00 00 00 00 00  ................ [zeros]
00001420:  00 00 00 00 00 00 00 00 00 00 00 00 00 00 00 00  ................ [zeros]
00001430:  00 00 00 00 00 00 00 00 00 00 00 00 00 00 00 00  ................ [zeros]
00001440:  00 00 00 00 00 00 00 00 00 00 00 00 00 00 00 00  ................ [zeros]
00001450:  00 00 00 00 00 00 00 00 00 00 00 00 00 00 00 00  ................ [zeros]
00001460:  00 00 00 00 00 00 00 00 00 00 00 00 00 00 00 00  ................ [zeros]
00001470:  00 00 00 00 00 00 00 00 00 00 00 00 00 00 00 00  ................ [zeros]
00001480:  00 00 00 00 00 00 00 00 00 00 00 00 00 00 00 00  ................ [zeros]
00001490:  00 00 00 00 00 00 00 00 00 00 00 00 00 00 00 00  ................ [zeros]
000014A0:  00 00 00 00 00 00 00 00 00 00 00 00 00 00 00 00  ................ [zeros]
000014B0:  00 00 00 00 00 00 00 00 00 00 00 00 00 00 00 00  ................ [zeros]
000014C0:  00 00 00 00 00 00 00 00 00 00 00 00 00 00 00 00  ................ [zeros]
000014D0:  00 00 00 00 00 00 00 00 00 00 00 00 00 00 00 00  ................ [zeros]
000014E0:  00 00 00 00 00 00 00 00 00 00 00 00 00 00 00 00  ................ [zeros]
000014F0:  00 00 00 00 00 00 00 00 00 00 00 00 00 00 00 00  ................ [zeros]
00001500:  00 00 00 00 00 00 00 00 00 00 00 00 00 00 00 00  ................ [zeros]
00001510:  00 00 00 00 00 00 00 00 00 00 00 00 00 00 00 00  ................ [zeros]
00001520:  00 00 00 00 00 00 00 00 00 00 00 00 00 00 00 00  ................ [zeros]
00001530:  00 00 00 00 00 00 00 00 00 00 00 00 00 00 00 00  ................ [zeros]
00001540:  00 00 00 00 00 00 00 00 00 00 00 00 00 00 00 00  ................ [zeros]
00001550:  00 00 00 00 00 00 00 00 00 00 00 00 00 00 00 00  ................ [zeros]
00001560:  00 00 00 00 00 00 00 00 00 00 00 00 00 00 00 00  ................ [zeros]
00001570:  00 00 00 00 00 00 00 00 00 00 00 00 00 00 00 00  ................ [zeros]
00001580:  00 00 00 00 00 00 00 00 00 00 00 00 00 00 00 00  ................ [zeros]
00001590:  00 00 00 00 00 00 00 00 00 00 00 00 00 00 00 00  ................ [zeros]
000015A0:  00 00 00 00 00 00 00 00 00 00 00 00 00 00 00 00  ................ [zeros]
000015B0:  00 00 00 00 00 00 00 00 00 00 00 00 00 00 00 00  ................ [zeros]
000015C0:  00 00 00 00 00 00 00 00 00 00 00 00 00 00 00 00  ................ [zeros]
000015D0:  00 00 00 00 00 00 00 00 00 00 00 00 00 00 00 00  ................ [zeros]
000015E0:  00 00 00 00 00 00 00 00 00 00 00 00 00 00 00 00  ................ [zeros]
000015F0:  00 00 00 00 00 00 00 00 00 00 00 00 00 00 00 00  ................ [zeros]
00001600:  00 00 00 00 00 00 00 00 00 00 00 00 00 00 00 00  ................ [zeros]
00001610:  00 00 00 00 00 00 00 00 00 00 00 00 00 00 00 00  ................ [zeros]
00001620:  00 00 00 00 00 00 00 00 00 00 00 00 00 00 00 00  ................ [zeros]
00001630:  00 00 00 00 00 00 00 00 00 00 00 00 00 00 00 00  ................ [zeros]
00001640:  00 00 00 00 00 00 00 00 00 00 00 00 00 00 00 00  ................ [zeros]
00001650:  00 00 00 00 00 00 00 00 00 00 00 00 00 00 00 00  ................ [zeros]
00001660:  00 00 00 00 00 00 00 00 00 00 00 00 00 00 00 00  ................ [zeros]
00001670:  00 00 00 00 00 00 FD D4 E6 C8 F2 1E 3E AE 0C 60  ............>..`
00001680:  43 43 D8 46 94 1F 00 00 00 00 00 00 00 00 00 00  CC.F............
00001690:  00 00 00 00 00 00 00 00 00 00 00 00 00 00 00 00  ................ [zeros]
000016A0:  00 00 00 00 00 00 00 00 00 00 00 00 00 00 00 00  ................ [zeros]
000016B0:  00 00 00 00 00 00 00 00 00 00 00 00 00 00 00 00  ................ [zeros]
000016C0:  00 00 00 00 00 00 00 00 00 00 00 00 00 00 00 00  ................ [zeros]
000016D0:  00 00 00 00 00 00 00 00 00 00 00 00 00 00 00 00  ................ [zeros]
000016E0:  00 00 00 00 00 00 00 00 00 00 00 00 00 00 00 00  ................ [zeros]
000016F0:  00 00 00 00 00 00 00 00 00 00 00 00 00 00 00 00  ................ [zeros]
00001700:  00 00 00 00 00 00 00 00 00 00 00 00 00 00 00 00  ................ [zeros]
00001710:  00 00 00 00 00 00 00 00 00 00 00 00 00 00 00 00  ................ [zeros]
00001720:  00 00 00 00 00 00 00 00 00 00 00 00 00 00 00 00  ................ [zeros]
00001730:  00 00 00 00 00 00 00 00 00 00 00 00 00 00 00 00  ................ [zeros]
00001740:  00 00 00 00 00 00 00 00 00 00 00 00 00 00 00 00  ................ [zeros]
00001750:  00 00 00 00 00 00 00 00 00 00 00 00 00 00 00 00  ................ [zeros]
00001760:  00 00 00 00 00 00 00 00 00 00 00 00 00 00 00 00  ................ [zeros]
00001770:  00 00 00 00 00 00 00 00 00 00 00 00 00 00 00 00  ................ [zeros]
00001780:  00 00 00 00 00 00 00 00 00 00 00 00 00 00 00 00  ................ [zeros]
00001790:  00 00 00 00 00 00 00 00 00 00 00 00 00 00 00 00  ................ [zeros]
000017A0:  00 00 00 00 00 00 00 00 00 00 00 00 00 00 00 00  ................ [zeros]
000017B0:  00 00 00 00 00 00 00 00 00 00 00 00 00 00 00 00  ................ [zeros]
000017C0:  00 00 00 00 00 00 00 00 00 00 00 00 00 00 00 00  ................ [zeros]
000017D0:  00 00 00 00 00 00 00 00 00 00 00 00 00 00 00 00  ................ [zeros]
000017E0:  00 00 00 00 00 00 00 00 00 00 00 00 00 00 00 00  ................ [zeros]
000017F0:  00 00 00 00 00 00 00 00 00 00 00 00 00 00 00 00  ................ [zeros]
00001800:  00 00 00 00 00 00 00 00 00 00 00 00 00 00 00 00  ................ [zeros]
00001810:  00 00 00 00 00 00 00 00 00 00 00 00 00 00 00 00  ................ [zeros]
00001820:  00 00 00 00 00 00 00 00 00 00 00 00 00 00 00 00  ................ [zeros]
00001830:  00 00 00 00 00 00 00 00 00 00 00 00 00 00 00 00  ................ [zeros]
00001840:  00 00 00 00 00 00 00 00 00 00 00 00 00 00 00 00  ................ [zeros]
00001850:  00 00 00 00 00 00 00 00 00 00 00 00 00 00 00 00  ................ [zeros]
00001860:  00 00 00 00 00 00 00 00 00 00 00 00 00 00 00 00  ................ [zeros]
00001870:  00 00 00 00 00 00 00 00 00 00 00 00 00 00 00 00  ................ [zeros]
00001880:  00 00 00 00 00 00 00 00 00 00 00 00 00 00 00 00  ................ [zeros]
00001890:  00 00 00 00 00 00 00 00 00 00 00 00 00 00 00 00  ................ [zeros]
000018A0:  00 00 00 00 00 00 00 00 00 00 00 00 00 00 00 00  ................ [zeros]
000018B0:  00 00 00 00 00 00 00 00 00 00 00 00 00 00 00 00  ................ [zeros]
000018C0:  00 00 00 00 00 00 00 00 00 00 00 00 00 00 00 00  ................ [zeros]
000018D0:  00 00 00 00 00 00 00 00 00 00 00 00 00 00 00 00  ................ [zeros]
000018E0:  00 00 00 00 00 00 00 00 00 00 00 00 00 00 00 00  ................ [zeros]
000018F0:  00 00 00 00 00 00 00 00 00 00 00 00 00 00 00 00  ................ [zeros]
00001900:  00 00 00 00 00 00 00 00 00 00 00 00 00 00 00 00  ................ [zeros]
00001910:  00 00 00 00 00 00 00 00 00 00 00 00 00 00 00 00  ................ [zeros]
00001920:  00 00 00 00 00 00 00 00 00 00 00 00 00 00 00 00  ................ [zeros]
00001930:  00 00 00 00 00 00 00 00 00 00 00 00 00 00 00 00  ................ [zeros]
00001940:  00 00 00 00 00 00 00 00 00 00 00 00 00 00 00 00  ................ [zeros]
00001950:  00 00 00 00 00 00 00 00 00 00 00 00 00 00 00 00  ................ [zeros]
00001960:  00 00 00 00 00 00 00 00 00 00 00 00 00 00 00 00  ................ [zeros]
00001970:  00 00 00 00 00 00 00 00 00 00 00 00 00 00 00 00  ................ [zeros]
00001980:  00 00 00 00 00 00 00 00 00 00 00 00 00 00 00 00  ................ [zeros]
00001990:  00 00 00 00 00 00 00 00 00 00 00 00 00 00 00 00  ................ [zeros]
000019A0:  00 00 00 00 00 00 00 00 00 00 00 00 00 00 00 00  ................ [zeros]
000019B0:  00 00 00 00 00 00 00 00 00 00 00 00 00 00 00 00  ................ [zeros]
000019C0:  00 00 00 00 00 00 00 00 00 00 00 00 00 00 00 00  ................ [zeros]
000019D0:  00 00 00 00 00 00 00 00 00 00 00 00 00 00 00 00  ................ [zeros]
000019E0:  00 00 00 00 00 00 00 00 00 00 00 00 00 00 00 00  ................ [zeros]
000019F0:  00 00 00 00 00 00 00 00 00 00 00 00 00 00 00 00  ................ [zeros]
00001A00:  00 00 00 00 00 00 00 00 00 00 00 00 00 00 00 00  ................ [zeros]
00001A10:  00 00 00 00 00 00 00 00 00 00 00 00 00 00 00 00  ................ [zeros]
00001A20:  00 00 00 00 00 00 00 00 00 00 00 00 00 00 00 00  ................ [zeros]
00001A30:  00 00 00 00 00 00 00 00 00 00 00 00 00 00 00 00  ................ [zeros]
00001A40:  00 00 00 00 00 00 00 00 00 00 00 00 00 00 00 00  ................ [zeros]
00001A50:  00 00 00 00 00 00 00 00 00 00 00 00 00 00 00 00  ................ [zeros]
00001A60:  00 00 00 00 00 00 00 00 00 00 00 00 00 00 00 00  ................ [zeros]
00001A70:  00 00 00 00 00 00 73 87 1B A1 C2 91 AB 2D 0E E1  ......s......-..
00001A80:  C5 6E DF 58 CA BD 3C A1 6D E9 DA 6A F6 69 19 1C  .n.X..<.m..j.i..
00001A90:  97 00 24 88 31 60 8D AB 31 D9 C0 53 F8 30 A8 FD  ..$.1`..1..S.0..
00001AA0:  94 D7 1E 1C C7 AC D0 3B EC 29 FB E2 B4 B5 AF FC  .......;.)......
00001AB0:  F4 94 11 41 FE C0 90 D9 7C 92 0B 64 81 94 C9 FD  ...A....|..d....
00001AC0:  1C C3 9B 6E 90 BB B7 08 A0 F4 54 C4 EB 7D E4 80  ...n......T..}..
00001AD0:  10 0B 92 5C 29 7F 93 DA F6 69 F2 79 7C 62 CB F6  ...\)....i.y|b..
00001AE0:  9A 98 67 89 97 F5 E5 37 8D 1A 0F 99 4F 51 6A 02  ..g....7....OQj.
00001AF0:  F3 1D 5D CA FC F0 7B 68 81 11 00 A5 A5 FE 08 D1  ..]...{h........
00001B00:  49 29 B9 5C B8 D6 C9 C0 68 93 E2 4F BE C8 40 44  I).\....h..O..@D
00001B10:  AA AF 92 41 38 77 B8 16 F9 A6 87 1F 97 E4 CA 38  ...A8w.........8
00001B20:  C2 90 C6 82 07 66 5D A1 44 89 ED 16 FF 9A 74 AB  .....f].D.....t.
00001B30:  9A 67 1C 93 C7 1C E4 70 AB BF 7F 8D 9D C7 A0 41  .g.....p.......A
00001B40:  B3 E4 B0 A7 93 3A 24 1D 60 F8 14 64 13 C4 11 55  .....:$.`..d...U
00001B50:  AF B1 C3 08 E0 A1 DA 7F D8 E5 1D 43 07 3F FA B7  ...........C.?..
00001B60:  1A 97 74 8C 3A 95 A8 BE DD 2A D7 53 7A 8F 4E E3  ..t.:....*.Sz.N.
00001B70:  5E 44 C1 8E 8D CF 27 9A 24 16 2A 49 F3 13 63 A5  ^D....'.$.*I..c.
00001B80:  04 AE CF F9 CF E4 72 83 13 3D 5F 2B A1 AA 8B BE  ......r..=_+....
00001B90:  10 24 C6 C7 E3 6A 43 AF B2 B8 90 EA 7D 94 D1 96  .$...jC.....}...
00001BA0:  82 D5 07 D2 F4 87 AF D5 31 A5 34 9D ED 60 6E 58  ........1.4..`nX
00001BB0:  14 62 A7 93 C5 02 4D 40 89 32 F0 50 ED B8 2D DB  .b....M@.2.P..-.
00001BC0:  74 DB 94 2D 88 88 31 95 52 C2 AC AF 1F 5F BE 6B  t..-..1.R...._.k
00001BD0:  62 02 46 4A 5A D4 18 EE D3 CE 63 E2 09 61 5A F6  b.FJZ.....c..aZ.
00001BE0:  DC 4D 6B D3 FB BA CB C9 62 A2 9E FA 91 A2 A5 DE  .Mk.....b.......
00001BF0:  74 2D D8 05 53 90 3D B0 22 77 FF 91 A3 A1 54 EB  t-..S.=."w....T.
00001C00:  3B FC E0 7A 6F 9F 09 22 47 55 D4 A2 81 6D C6 59  ;..zo.."GU...m.Y
00001C10:  8C CD 16 D3 25 AE 4D 9C C5 6A E4 BD EE 05 E9 E3  ....%.M..j......
00001C20:  C7 1C 94 6B 39 4F 8E D7 D2 D6 BC 40 F8 26 59 23  ...k9O.....@.&Y#
00001C30:  80 9C 7B BB D9 0E 95 FB 91 AD EE 16 71 14 38 20  ..{.........q.8 
00001C40:  2F 69 F3 1C D3 92 72 6D 0E 8D 09 A4 16 24 82 BE  /i....rm.....$..
00001C50:  31 48 7C 7C E3 20 FC 01 B8 76 24 98 1C 33 00 62  1H||. ...v$..3.b
00001C60:  FD F1 95 B6 58 36 A1 D4 9F 93 02 CB DA F3 05 1E  ....X6..........
00001C70:  3E A6 8C 09 E7 1C 7D E6 02 1C 15 F7 57 42 0B 86  >.....}.....WB..
00001C80:  2C 12 11 77 90 91 86 8F A1 08 DC 22 38 1A 58 8E  ,..w......."8.X.
00001C90:  E1 05 5B 45 54 2D D0 3B EC 29 FB E2 B4 B5 AF FC  ..[ET-.;.)......
00001CA0:  F4 94 11 41 FE C0 25 D1 B0 D1 FE D1 81 C3 CD 4D  ...A..%........M
00001CB0:  75 98 0C A0 E2 FC FB AD EB A8 CA 62 B5 A0 DC E5  u..........b....
00001CC0:  AE C6 D4 8F F1 AC 62 68 93 1A 69 09 72 3D 3E 97  ......bh..i.r=>.
00001CD0:  9A 78 0A 70 10 48 C9 E7 23 0E 13 79 A4 9D 65 32  .x.p.H..#..y..e2
00001CE0:  D6 FA FF 02 18 73 D1 3F D5 8C 29 AD DC 25 FD F1  .....s.?..)..%..
00001CF0:  34 26 D1 28 A0 39 E1 32 49 FD 7F 98 D7 91 97 F9  4&.(.9.2I.......
00001D00:  0F 34 97 50 D1 02 C3 C7 FA 1B 2D 10 1B 6A 3F 88  .4.P......-..j?.
00001D10:  4F 55 D9 30 76 CF 27 4D E3 C9 4D 27 23 AF 82 D7  OU.0v.'M..M'#...
00001D20:  2C 51 C2 03 EC E8 91 26 9F D2 8D DB AC 36 55 AE  ,Q.....&.....6U.
00001D30:  61 4C 29 42 C8 8A 38 9C 16 A2 D5 F1 45 D9 00 CF  aL)B..8.....E...
00001D40:  53 28 B8 03 ED 1E 2D E3 0F BC DF 55 83 EE 1A A3  S(....-....U....
00001D50:  AD 84 00 7C B0 28 F6 22 23 81 3D 61 03 C9 E6 4E  ...|.(."#.=a...N
00001D60:  97 A4 13 FB 94 A1 E4 4F 2A 7C 6C 51 C6 37 55 1E  .......O*|lQ.7U.
00001D70:  BC A5 CE 25 38 43 C3 10 C4 0F CB BD 5E BC 07 C3  ...%8C......^...
00001D80:  1A B9 3F C8 99 81 A3 EA 78 9D F6 0C 6E 3C 75 94  ..?.....x...n<u.
00001D90:  3F C1 A1 65 BD 83 38 31 89 A5 97 6B 6C 35 4E EE  ?..e..81...kl5N.
00001DA0:  57 95 7E 2A B9 70 48 F1 4E E9 57 A1 CF 00 8F 6F  W.~*.pH.N.W....o
00001DB0:  21 61 A0 D0 C4 DB 7B 09 A7 B3 D7 48 D9 93 61 DE  !a....{....H..a.
00001DC0:  63 FC 56 55 90 71 63 9F 3C DB CD 5F 31 5A 8C E4  c.VU.qc.<.._1Z..
00001DD0:  4C EF 90 82 99 49 77 8F 54 77 FE A1 0D 43 C3 5E  L....Iw.Tw...C.^
00001DE0:  85 E4 10 F8 7B 1A 73 E3 85 6B F5 70 30 7D 21 1F  ....{.s..k.p0}!.
00001DF0:  81 D1 29 1A 12 46 14 D0 05 6C F9 8C 2F C9 01 25  ..)..F...l../..%
00001E00:  D9 31 13 36 88 4A D7 18 17 7D 71 B2 3E D7 7E A1  .1.6.J...}q.>.~.
00001E10:  DC 15 91 0E A5 2F 3F 57 72 73 01 83 12 63 1B 5E  ...../?Wrs...c.^
00001E20:  42 7E 86 14 17 44 73 17 01 F7 D2 A0 C6 EF 05 77  B~...Ds........w
00001E30:  BF B0 10 3D 2C 09 C0 9A C1 90 C5 6B 47 8A F5 21  ...=,......kG..!
00001E40:  B4 E9 DF 2C 9D C6 F1 B4 9B 23 8C 7D 6E 30 E9 1D  ...,.....#.}n0..
00001E50:  6B 44 A7 50 D6 46 F2 0B 49 26 DF EA D7 62 29 0B  kD.P.F..I&...b).
00001E60:  83 BC E8 5D 4A 61 73 5D 51 53 65 8D 7A 29 23 DB  ...]Jas]QSe.z)#.
00001E70:  B7 B3 3A 75 B9 33 22 4F C7 20 AB 51 FD BD 27 E7  ..:u.3"O. .Q..'.
00001E80:  00 7B D0 86 F7 07 B9 13 55 CA F1 8E 68 83 18 39  .{......U...h..9
00001E90:  BE B9 13 10 4C C9 CF D7 25 95 0F 74 E4 D6 EA EA  ....L...%..t....
00001EA0:  83 DA C8 0F C5 94 6F AE CB 24 04 89 9C C7 E4 7C  ......o..$.....|
00001EB0:  56 DF D6 D9 D6 B7 67 D3 AD CA BB 51 1D B1 0D 57  V.....g....Q...W
00001EC0:  08 5E D9 3D FE B9 C6 9F E1 90 E6 A9 C0 14 6F 1F  .^.=..........o.
00001ED0:  5A 27 9C EE 87 21 5E AB A2 F9 D0 CC BB 88 E2 CE  Z'...!^.........
00001EE0:  01 08 0A D1 F0 F6 F4 89 B4 9F 44 59 2D 61 8E 5A  ..........DY-a.Z
00001EF0:  AD E9 7E 7F 1F EF D7 DB DE AB E7 47 75 5A AB 0E  ..~........GuZ..
00001F00:  BE B8 81 E3 91 0F 13 31 34 2F 23 F6 E6 48 C1 6A  .......14/#..H.j
00001F10:  46 E7 03 B0 0E 14 25 72 88 D4 EB FA 00 37 89 26  F.....%r.....7.&
00001F20:  36 A4 07 6E 30 A7 75 6D 42 83 B5 79 B4 4D 19 1A  6..n0.umB..y.M..
00001F30:  EB 18 DC B4 97 E9 05 88 03 0D 39 DF 9D E4 1C 84  ..........9.....
00001F40:  D9 2B 9A 83 1D 76 0E E5 12 8D FC D0 69 BE B2 B7  .+...v......i...
00001F50:  5E C5 2D D7 EA 6E 69 01 85 D9 F2 DD 93 97 FF 82  ^.-..ni.........
00001F60:  02 CC 82 44 8C 7F 6C 07 F4 71 3E D9 55 A7 D0 EE  ...D..l..q>.U...
00001F70:  A4 03 80 FD 7B EA 71 F5 26 38 CD 50 6A 02 9A 5A  ....{.q.&8.Pj..Z
00001F80:  7C 51 F4 5C 20 0E F3 95 E1 1E 92 78 17 94 0C C5  |Q.\ ......x....
00001F90:  DF 17 81 5F 98 F3 9F 18 46 B1 BB 5C B9 26 D5 6E  ..._....F..\.&.n
00001FA0:  8F 6C 32 B6 B9 1E 4E 38 7D 19 B6 36 9D 58 85 F7  .l2...N8}..6.X..
00001FB0:  02 5B 17 4E C2 C9 E5 F8 7F AB 62 DE 39 73 F4 8F  .[.N......b.9s..
00001FC0:  11 DD 93 06 89 C6 86 8F A1 08 DC 22 38 1A 58 8E  ..........."8.X.
00001FD0:  E1 05 5B 45 54 2D D0 3B EC 29 FB E2 B4 B5 AF FC  ..[ET-.;.)......
00001FE0:  F4 94 11 41 FE C0 69 15 3B 6E D1 0C 5F 5F F1 46  ...A..i.;n..__.F
00001FF0:  3F 7F EF B4 76 C2 5D 7A E0 90 5A 98 0E 66 48 34  ?...v.]z..Z..fH4
00002000:  E3 96 7D 54 F1 B8 FA A4 90 4A 26 A3 06 9F D1 31  ..}T.....J&....1
00002010:  1D D9 A3 B0 80 2D E5 37 8D 1A 0F 99 4F 51 6A 02  .....-.7....OQj.
00002020:  F3 1D 5D CA FC F0 7B 68 81 11 00 A5 A5 FE 08 D1  ..]...{h........
00002030:  49 29 B9 5C B8 D6 C9 C0 68 93 E2 4F BE C8 40 44  I).\....h..O..@D
00002040:  AA AF 92 41 38 77 CA E1 65 CA 32 7C 97 55 9C BD  ...A8w..e.2|.U..
00002050:  9F 13 BB F6 6D 3C 71 20 FF A6 48 57 81 B3 DA A4  ....m<q ..HW....
00002060:  B4 A6 B2 A7 48 1A D8 31 00 36 C3 3F E8 6E 22 F0  ....H..1.6.?.n".
00002070:  91 55 1B 65 B2 38 D4 05 BC 32 63 D6 92 2E 74 16  .U.e.8...2c...t.
00002080:  63 DF 64 AE FF C9 42 FE 6D 91 80 62 7E 49 D2 19  c.d...B.m..b~I..
00002090:  7D 07 87 1B B3 B4 0B 0F 37 A9 71 9A 9E 3C F0 7C  }.......7.q..<.|
000020A0:  FF 0D 4C D7 78 8E 6F 10 ED EA F3 E3 DE 7B B9 D5  ..L.x.o......{..
000020B0:  9B 4E FA 8F A3 CB 72 83 13 3D 5F 2B A1 AA 8B BE  .N....r..=_+....
000020C0:  10 24 C6 C7 E3 6A 43 AF B2 B8 90 EA 7D 94 D1 96  .$...jC.....}...
000020D0:  82 D5 07 D2 F4 87 AF D5 31 A5 34 9D ED 60 6E 58  ........1.4..`nX
000020E0:  14 62 A7 93 C5 02 7B 7E E7 78 00 DC 71 BD 79 E8  .b....{~.x..q.y.
000020F0:  97 B5 6C C2 06 1C 31 95 52 C2 AC AF 1F 5F BE 6B  ..l...1.R...._.k
00002100:  62 02 46 4A 5A D4 B6 4E FA F9 E3 8D 73 74 BF EE  b.FJZ..N....st..
00002110:  CD EF C2 9D FE 46 E7 27 F9 6F 12 59 E0 7F 54 E9  .....F.'.o.Y..T.
00002120:  9A 9E 4B B8 93 CB 3D B0 22 77 FF 91 A3 A1 54 EB  ..K...=."w....T.
00002130:  3B FC E0 7A 6F 9F 43 F0 7C 15 1C 8B 51 6F 58 C0  ;..zo.C.|...QoX.
00002140:  19 AF BA 17 A9 EE 4D 9C C5 6A E4 BD EE 05 E9 E3  ......M..j......
00002150:  C7 1C 94 6B 39 4F 8E D7 D2 D6 BC 40 F8 26 59 23  ...k9O.....@.&Y#
00002160:  80 9C 7B BB D9 0E 95 FB 91 AD EE 16 71 14 38 20  ..{.........q.8 
00002170:  2F 69 F3 1C D3 92 72 6D 0E 8D 09 A4 16 24 82 BE  /i....rm.....$..
00002180:  31 48 7C 7C E3 20 5C 65 02 DC 90 DB AC 11 B4 61  1H||. \e.......a
00002190:  56 AF E1 20 9A AE BD BD 89 78 55 B7 B3 E0 05 E4  V.. .....xU.....
000021A0:  E1 81 F5 FE 99 2F 0E 0B 29 1F FA E8 31 92 5D 69  ...../..)...1.]i
000021B0:  04 E8 26 6A 97 97 C3 AD 9E 52 42 0C 81 33 CF 79  ..&j.....RB..3.y
000021C0:  7C 7F C5 14 75 F3 C6 1D F4 9D 7B 87 B3 7F 33 1D  |...u.....{...3.
000021D0:  65 0F 58 CF 10 9C 7C 1D 20 76 EA 60 40 F7 CE 96  e.X...|. v.`@...
000021E0:  01 AE 8E 19 1F 5F 86 8F A1 08 DC 22 38 1A 58 8E  ....._....."8.X.
000021F0:  E1 05 5B 45 54 2D 2D 8D 6A 6C 13 BE F9 21 2D F5  ..[ET--.jl...!-.
00002200:  A5 4F D0 4C F1 A4 FD C2 FD 3C 2F C2 D8 94 95 8B  .O.L.....</.....
00002210:  11 12 C3 EE 0D C4 AA 45 D3 29 FF E7 E2 F5 5D A5  .......E.)....].
00002220:  16 5E B5 80 6F 00 1A 2B E6 68 A3 68 57 FF 2F C3  .^..o..+.h.hW./.
00002230:  5B 23 36 30 29 41 6E E1 56 DC B6 36 75 36 3A 9B  [#60)An.V..6u6:.
00002240:  93 1D D3 EF 37 6F E3 E2 C4 CF 92 2E D1 40 98 4F  ....7o.......@.O
00002250:  A8 95 39 DD 72 68 46 87 88 19 05 CE 8B 60 E7 0D  ..9.rhF......`..
00002260:  D6 59 49 46 9B 6A DA DE 9E F7 29 97 BA BB F3 20  .YIF.j....).... 
00002270:  E8 54 BB 7B DD 87 D0 1F 94 72 D4 16 21 13 B7 72  .T.{.....r..!..r
00002280:  95 49 CA D7 FC 5E AD D3 4E 56 A0 69 26 4F 4A 4D  .I...^..NV.i&OJM
00002290:  8D 95 24 52 36 87 A8 1A 1C D2 E4 44 A3 CA 7F 20  ..$R6......D... 
000022A0:  6B A8 AD 5C F0 58 E7 B1 2C 7E EB 20 0E E9 AF A1  k..\.X..,~. ....
000022B0:  B1 EE 5E CE 4C C5 23 E3 ED 9D 93 38 05 FC CE B0  ..^.L.#....8....
000022C0:  69 C9 DD 24 49 B0 39 78 13 EA 4D 6A 82 AF D0 21  i..$I.9x..Mj...!
000022D0:  EB 05 D7 A6 7A CD 5C 86 77 7A 00 1D 04 6B 89 25  ....z.\.wz...k.%
000022E0:  73 E8 B6 A8 79 06 AE 0E 9F F3 F2 F4 CB 78 48 A0  s...y........xH.
000022F0:  62 8E 44 93 4C FF 59 1D 92 1F 79 D5 9B 66 19 97  b.D.L.Y...y..f..
00002300:  B1 1C 80 90 C9 24 8C 9C CB 2C 3C 01 E2 23 48 0E  .....$...,<..#H.
00002310:  32 1F E7 61 29 01 B4 97 4D 57 BE B8 36 2B FF F1  2..a)...MW..6+..
00002320:  10 2B C9 7B CF A0 67 92 62 DA 3B 47 DA 5B 98 70  .+.{..g.b.;G.[.p
00002330:  92 CE CE 67 E1 88 74 56 30 21 A5 49 AB 72 BB A2  ...g..tV0!.I.r..
00002340:  37 75 E9 59 04 72 42 FE 6D 91 80 62 7E 49 D2 19  7u.Y.rB.m..b~I..
00002350:  7D 07 87 1B B3 B4 4D DC D4 27 F1 52 5D 22 DA 95  }.....M..'.R]"..
00002360:  B9 46 23 D3 10 6B 6F 10 ED EA F3 E3 DE 7B B9 D5  .F#..ko......{..
00002370:  9B 4E FA 8F A3 CB 72 83 13 3D 5F 2B A1 AA 8B BE  .N....r..=_+....
00002380:  10 24 C6 C7 E3 6A 43 AF B2 B8 90 EA 7D 94 D1 96  .$...jC.....}...
00002390:  82 D5 07 D2 F4 87 37 33 54 53 66 28 11 4F 15 EC  ......73TSf(.O..
000023A0:  94 C7 12 19 AB 70 5B A4 45 71 2F F7 1D 8D F2 7A  .....p[.Eq/....z
000023B0:  FB 13 55 F2 B0 74 31 95 52 C2 AC AF 1F 5F BE 6B  ..U..t1.R...._.k
000023C0:  62 02 46 4A 5A D4 6B 0D 9F C8 95 BF 47 1B E7 CE  b.FJZ.k.....G...
000023D0:  D9 96 50 93 67 2E E7 27 F9 6F 12 59 E0 7F 54 E9  ..P.g..'.o.Y..T.
000023E0:  9A 9E 4B B8 93 CB 3D B0 22 77 FF 91 A3 A1 54 EB  ..K...=."w....T.
000023F0:  3B FC E0 7A 6F 9F C5 BA 9E 54 51 03 54 82 1C DA  ;..zo....TQ.T...
00002400:  40 7A A7 0B 6D F3 51 3B 7C 12 F7 91 5B 47 42 EC  @z..m.Q;|...[GB.
00002410:  87 D3 BC 18 BB 77 8E D7 D2 D6 BC 40 F8 26 59 23  .....w.....@.&Y#
00002420:  80 9C 7B BB D9 0E 95 FB 91 AD EE 16 71 14 38 20  ..{.........q.8 
00002430:  2F 69 F3 1C D3 92 72 6D 0E 8D 09 A4 16 24 82 BE  /i....rm.....$..
00002440:  31 48 7C 7C E3 20 7A 09 03 94 CC 28 A0 76 57 A1  1H||. z....(.vW.
00002450:  0D D4 0A B5 E4 CB 61 C1 5A 95 3E 07 1C 54 AF 32  ......a.Z.>..T.2
00002460:  85 9C DD 85 46 B5 41 F9 7C 54 92 53 6C 59 F9 A8  ....F.A.|T.SlY..
00002470:  46 D0 51 B0 EC 07 51 35 8A 24 50 38 72 A6 DF 5D  F.Q...Q5.$P8r..]
00002480:  A1 C5 1A 4A 4C 2E C6 1D F4 9D 7B 87 B3 7F 33 1D  ...JL.....{...3.
00002490:  65 0F 58 CF 10 9C FF 93 39 E1 EC F3 2D 48 D0 4E  e.X.....9...-H.N
000024A0:  F2 04 89 23 20 91 86 8F A1 08 DC 22 38 1A 58 8E  ...# ......"8.X.
000024B0:  E1 05 5B 45 54 2D 2D 8D 6A 6C 13 BE F9 21 2D F5  ..[ET--.jl...!-.
000024C0:  A5 4F D0 4C F1 A4 FD C2 FD 3C 2F C2 D8 94 95 8B  .O.L.....</.....
000024D0:  11 12 C3 EE 0D C4 AA 45 D3 29 FF E7 E2 F5 5D A5  .......E.)....].
000024E0:  16 5E B5 80 6F 00 E6 B7 2C F0 4E 59 25 58 BE 50  .^..o...,.NY%X.P
000024F0:  4F 1A D7 C0 56 70 7F C7 56 59 BC C6 15 37 0D 75  O...Vp..VY...7.u
00002500:  59 2A 1B 5B 05 D8 D6 4B FB D9 B6 13 16 2D E6 D1  Y*.[...K.....-..
00002510:  A3 5B 25 C1 9D 49 B1 B2 BB 40 87 0C 13 37 A5 E3  .[%..I...@...7..
00002520:  74 70 0B F8 63 55 24 1D 60 F8 14 64 13 C4 11 55  tp..cU$.`..d...U
00002530:  AF B1 C3 08 E0 A1 DC 7B 53 97 AB 75 D9 78 85 F5  .......{S..u.x..
00002540:  B1 AA 1A F0 55 56 DB 0C CD 3C 25 89 06 84 25 7D  ....UV...<%...%}
00002550:  BD 02 5F 13 F6 5A 27 9A 24 16 2A 49 F3 13 63 A5  .._..Z'.$.*I..c.
00002560:  04 AE CF F9 CF E4 72 83 13 3D 5F 2B A1 AA 8B BE  ......r..=_+....
00002570:  10 24 C6 C7 E3 6A 43 AF B2 B8 90 EA 7D 94 D1 96  .$...jC.....}...
00002580:  82 D5 07 D2 F4 87 97 E6 86 19 11 EB 82 A9 7D 64  ..............}d
00002590:  BD FE 90 6D 78 33 9E 27 D7 2F 13 7F 2A 63 4B 15  ...mx3.'./..*cK.
000025A0:  4D D6 E9 26 B8 18 13 31 34 2F 23 F6 E6 48 C1 6A  M..&...14/#..H.j
000025B0:  46 E7 03 B0 0E 14 32 A7 DB B7 4A 6A A2 33 94 49  F.....2...Jj.3.I
000025C0:  B7 94 6E F2 2D B8 61 A8 F5 D5 A1 2B 2D 48 AE 16  ..n.-.a....+-H..
000025D0:  C3 9B FC 81 B6 77 05 88 03 0D 39 DF 9D E4 1C 84  .....w....9.....
000025E0:  D9 2B 9A 83 1D 76 0D DF 7D 1E 53 75 36 57 57 2F  .+...v..}.Su6WW/
000025F0:  1A 98 C0 3E 3C CD 69 01 85 D9 F2 DD 93 97 FF 82  ...><.i.........
00002600:  02 CC 82 44 8C 7F 6C 07 F4 71 3E D9 55 A7 D0 EE  ...D..l..q>.U...
00002610:  A4 03 80 FD 7B EA 71 F5 26 38 CD 50 6A 02 9A 5A  ....{.q.&8.Pj..Z
00002620:  7C 51 F4 5C 20 0E F3 95 E1 1E 92 78 17 94 0C C5  |Q.\ ......x....
00002630:  DF 17 81 5F 98 F3 21 B3 E6 4A 3D 9B CF 0F FD 7F  ..._..!..J=.....
00002640:  2D 1F 96 02 72 9F 4E 38 7D 19 B6 36 9D 58 85 F7  -...r.N8}..6.X..
00002650:  02 5B 17 4E C2 C9 FD 5F 33 F4 2A 87 3D 84 47 24  .[.N..._3.*.=.G$
00002660:  77 29 6E FC 4B 45 86 8F A1 08 DC 22 38 1A 58 8E  w)n.KE....."8.X.
00002670:  E1 05 5B 45 54 2D D0 3B EC 29 FB E2 B4 B5 AF FC  ..[ET-.;.)......
00002680:  F4 94 11 41 FE C0 1B 5E 01 AB D4 86 57 F4 D1 4C  ...A...^....W..L
00002690:  8E AF 05 46 80 03 B7 08 A0 F4 54 C4 EB 7D E4 80  ...F......T..}..
000026A0:  10 0B 92 5C 29 7F 93 DA F6 69 F2 79 7C 62 CB F6  ...\)....i.y|b..
000026B0:  9A 98 67 89 97 F5 E5 37 8D 1A 0F 99 4F 51 6A 02  ..g....7....OQj.
000026C0:  F3 1D 5D CA FC F0 7B 68 81 11 00 A5 A5 FE 08 D1  ..]...{h........
000026D0:  49 29 B9 5C B8 D6 C9 C0 68 93 E2 4F BE C8 40 44  I).\....h..O..@D
000026E0:  AA AF 92 41 38 77 F8 61 F2 1D 50 85 41 7E 30 2C  ...A8w.a..P.A~0,
000026F0:  5A CC 1F CB 9F A4 99 25 13 D7 DB D1 3F CC AA 2B  Z......%....?..+
00002700:  0F 64 BA 88 32 89 F6 72 59 0D C1 24 B8 7A C5 C7  .d..2..rY..$.z..
00002710:  40 3D 14 06 06 FE 24 1D 60 F8 14 64 13 C4 11 55  @=....$.`..d...U
00002720:  AF B1 C3 08 E0 A1 DC 7B 53 97 AB 75 D9 78 85 F5  .......{S..u.x..
00002730:  B1 AA 1A F0 55 56 1C 85 DF D2 58 65 CA 6D 2A D7  ....UV....Xe.m*.
00002740:  CC C8 DD EA 2C 37 16 ED 99 66 25 22 4B 84 DC CA  ....,7...f%"K...
00002750:  34 6C 58 B9 E3 02 1E 6D 5C 75 3A F6 73 49 90 58  4lX....m\u:.sI.X
00002760:  D3 B1 64 21 32 92 72 15 42 7B B8 9F 9B 5E 6D 62  ..d!2.r.B{...^mb
00002770:  63 F6 21 EF B8 A2 46 3B 1F 2A 4B C3 CB E6 96 79  c.!...F;.*K....y
00002780:  FA E4 5A E9 AA FB A0 38 FD B2 79 9F CD 85 9C 5F  ..Z....8..y...._
00002790:  1F C8 9E 29 9C 7F FF 8D B7 2E 1F EE B6 91 01 52  ...)...........R
000027A0:  42 B7 4A A1 3E C3 2C 3D 52 55 4F BD 42 59 1F 5F  B.J.>.,=RUO.BY._
000027B0:  D4 F7 2D 38 88 18 49 F5 A4 A6 7A E8 63 B4 B0 8C  ..-8..I...z.c...
000027C0:  91 90 35 BF 35 29 91 A0 ED 78 9D AD E2 C4 D6 FE  ..5.5)...x......
000027D0:  C9 14 77 B6 B2 6B 49 03 C0 28 42 32 D5 01 AA A0  ..w..kI..(B2....
000027E0:  BD C0 F3 45 9A A8 B6 E0 D6 50 0E 0C BB BE 54 8D  ...E.....P....T.
000027F0:  00 9F 41 E9 8F 41 D3 A4 9A 6D E1 FA BF 4F 83 DF  ..A..A...m...O..
00002800:  60 DD 1C 1C 07 B9 E1 FF 91 82 CB 57 EB 63 40 07  `..........W.c@.
00002810:  66 96 5B 89 31 64 31 C8 3E C4 16 EC E2 57 5B 4A  f.[.1d1.>....W[J
00002820:  51 39 39 68 D0 7E 39 1D 1F E7 6A 32 B9 5F E9 A7  Q99h.~9...j2._..
00002830:  AB 0C 6B D0 47 92 E1 7B 26 F9 48 F9 D3 9F 3E 89  ..k.G..{&.H...>.
00002840:  28 AD 6E B3 A0 6C A3 86 79 FC CA BA A8 CA 21 EE  (.n..l..y.....!.
00002850:  03 0B 44 8E 7F F8 EC 71 80 00 4C D2 12 7A EA A9  ..D....q..L..z..
00002860:  59 78 0B EC D2 29 79 D2 36 30 85 60 44 A2 9A 54  Yx...)y.60.`D..T
00002870:  8D 9D F4 31 BD FD 92 C2 76 5D 4F 86 A3 B7 00 C4  ...1....v]O.....
00002880:  04 0D 3E 9F 72 AC AD A1 91 DB C0 31 98 FF B8 5C  ..>.r......1...\
00002890:  86 84 6C E5 22 35 FF 3E 77 37 68 87 E4 B6 42 77  ..l."5.>w7h...Bw
000028A0:  65 1E E8 00 EA 15 85 49 1D 2F EA 8C F6 3A 9E 2E  e......I./...:..
000028B0:  BB 86 56 80 C4 17 91 58 EE 54 35 B2 44 BF 28 82  ..V....X.T5.D.(.
000028C0:  93 18 DD 93 60 6B A7 3E 0E 6C 6E 57 A9 F2 75 97  ....`k.>.lnW..u.
000028D0:  82 6C CB 0D CD 5B DD 65 79 BE DC 94 EC 9C AD F4  .l...[.ey.......
000028E0:  D0 EA EA 01 78 27 D0 E4 02 5A 75 DF BC 98 C4 09  ....x'...Zu.....
000028F0:  88 61 9D 23 FB EA C3 AD 9E 52 42 0C 81 33 CF 79  .a.#.....RB..3.y
00002900:  7C 7F C5 14 75 F3 97 DE D7 47 E5 B2 7C FC 4D 49  |...u....G..|.MI
00002910:  5A 57 AF 5C 4F AA 53 5E 0D F4 BE 18 AC 70 6D F5  ZW.\O.S^.....pm.
00002920:  FB 52 6A 40 E5 07 5F 78 AE 73 D0 41 8A 3A 23 C2  .Rj@.._x.s.A.:#.
00002930:  D3 B6 D8 16 CD 32 84 BA FD 52 15 83 42 D0 5A 7F  .....2...R..B.Z.
00002940:  4B 4F 89 AB 94 09 81 D8 1B 39 60 2D D3 9D FE 5F  KO.......9`-..._
00002950:  66 C5 9C F9 DE 48 9F 1B 0A E4 5C 58 A0 D7 2B 4D  f....H....\X..+M
00002960:  49 E1 2E 37 D4 33 73 58 33 29 27 EC B2 5F 25 93  I..7.3sX3)'.._%.
00002970:  83 D8 FE FD 0E E0 28 55 49 CF 97 58 C8 F8 1F 1B  ......(UI..X....
00002980:  05 DF 2E 67 DB B3 D4 99 CA 97 53 F7 6E BF CC 49  ...g......S.n..I
00002990:  82 0A 61 0B CB 76 BD 19 17 72 D9 AA 93 32 DA 9D  ..a..v...r...2..
000029A0:  E6 C7 75 E9 53 5A 37 8E 75 62 2D D0 2B 27 D8 37  ..u.SZ7.ub-.+'.7
000029B0:  77 D8 B8 2B F5 3D 39 D0 10 E8 C1 A9 77 A7 3E E5  w..+.=9.....w.>.
000029C0:  CA 24 95 E7 21 11 D3 B6 82 C7 09 D7 3D 27 0C B7  .$..!.......='..
000029D0:  E7 7B 34 BF 7A BB 0E 8E 12 75 DC 5A 4F 45 1E E9  .{4.z....u.ZOE..
000029E0:  5A 72 66 1B 8F 4F 77 F0 58 EB 23 97 8F 70 B4 4F  Zrf..Ow.X.#..p.O
000029F0:  A6 4B 2D BF 1E 4E CE A5 DC BD FA 74 E8 27 D2 29  .K-..N.....t.'.)
00002A00:  BC DC 15 BF DF 1E 39 8C D7 DA 18 0E 07 22 67 6F  ......9......"go
00002A10:  DB 08 95 88 DF 47 97 2B 80 4B B9 A6 98 CB D2 A6  .....G.+.K......
00002A20:  41 2D 83 5F 80 A7 C6 5B A0 B4 02 DB B5 31 1F 8B  A-._...[.....1..
00002A30:  AA 24 F6 B5 D7 00 63 E7 BE 09 01 72 44 4F 42 8F  .$....c....rDOB.
00002A40:  71 1F 27 51 FE AC 9C 7B 98 64 93 A5 FC 40 9F 3F  q.'Q...{.d...@.?
00002A50:  8C 0B 4F F1 3C 78 04 7B 89 27 3D 8C F4 54 91 A4  ..O.<x.{.'=..T..
00002A60:  50 CD 89 71 44 15 0E 00 86 3F 19 F4 E8 85 39 B7  P..qD....?....9.
00002A70:  8B BC 5B EE F8 73 4C 04 5B 53 33 8A F5 1B D9 82  ..[..sL.[S3.....
00002A80:  70 D4 9F CC 95 3E 2B 5F 28 DD E5 05 A4 95 BC 3E  p....>+_(......>
00002A90:  C4 37 58 12 3C 24 8C 85 2A CF 05 1D 7D D3 6C 36  .7X.<$..*...}.l6
00002AA0:  25 31 31 A8 22 17 0C 28 29 0D 10 0F D1 DB 19 0C  %11."..().......
00002AB0:  B7 45 2B E3 B3 E4 A7 3E 0E 6C 6E 57 A9 F2 75 97  .E+....>.lnW..u.
00002AC0:  82 6C CB 0D CD 5B DD 65 79 BE DC 94 EC 9C AD F4  .l...[.ey.......
00002AD0:  D0 EA EA 01 78 27 C9 21 D9 5D 78 6E DE 96 CC DB  ....x'.!.]xn....
00002AE0:  ED 8A 17 45 08 A9 51 35 8A 24 50 38 72 A6 DF 5D  ...E..Q5.$P8r..]
00002AF0:  A1 C5 1A 4A 4C 2E 97 DE D7 47 E5 B2 7C FC 4D 49  ...JL....G..|.MI
00002B00:  5A 57 AF 5C 4F AA 53 5E 0D F4 BE 18 AC 70 6D F5  ZW.\O.S^.....pm.
00002B10:  FB 52 6A 40 E5 07 5F 78 AE 73 D0 41 8A 3A 23 C2  .Rj@.._x.s.A.:#.
00002B20:  D3 B6 D8 16 CD 32 62 6C 69 EF 5C 0E 3A 68 F6 32  .....2bli.\.:h.2
00002B30:  FF 11 FB 16 9A C2 31 04 AA 6A 85 E1 55 C5 40 97  ......1..j..U.@.
00002B40:  A8 8D 8C CF 24 9C 23 C1 E0 C8 4D CA 30 FD CA 33  ....$.#...M.0..3
00002B50:  31 23 DF 70 18 C5 A5 1E 76 11 CA B1 48 F8 0E 3B  1#.p....v...H..;
00002B60:  2C 15 33 53 74 E8 7C 2B C0 DC 1E EC EF FD 62 88  ,.3St.|+......b.
00002B70:  E8 F7 21 F4 95 12 4B 3D 44 EF 7A A4 C6 D1 9D 84  ..!...K=D.z.....
00002B80:  13 DD 52 D1 67 83 97 20 31 C9 B8 0F D0 1E 7F CD  ..R.g.. 1.......
00002B90:  EA 09 72 C8 29 F4 B7 1E 14 D6 0D F7 14 9F 9E 34  ..r.)..........4
00002BA0:  AF B4 27 91 E7 7A 39 D0 10 E8 C1 A9 77 A7 3E E5  ..'..z9.....w.>.
00002BB0:  CA 24 95 E7 21 11 D3 B6 82 C7 09 D7 3D 27 0C B7  .$..!.......='..
00002BC0:  E7 7B 34 BF 7A BB 6D C2 F2 E6 9C 03 C3 2C CD C0  .{4.z.m......,..
00002BD0:  AB F5 8F 9C 6D 18 6F 81 69 30 71 AB A8 88 B0 B6  ....m.o.i0q.....
00002BE0:  50 18 37 9C 0A 9A CE A5 DC BD FA 74 E8 27 D2 29  P.7........t.'.)
00002BF0:  BC DC 15 BF DF 1E F3 45 9C 12 50 BD B4 0F D7 7C  .......E..P....|
00002C00:  D3 6B C7 3A 17 AE 3C 82 AD D5 66 71 C2 FC 72 6E  .k.:..<...fq..rn
00002C10:  2F 80 86 A2 DA 0E C6 5B A0 B4 02 DB B5 31 1F 8B  /......[.....1..
00002C20:  AA 24 F6 B5 D7 00 55 5A 42 58 DC F7 2F 24 A2 B3  .$....UZBX../$..
00002C30:  B8 3E BE DF D2 13 2C 47 13 FD 59 13 FA DF 6A 61  .>....,G..Y...ja
00002C40:  A1 F3 F6 7C E9 1C 04 7B 89 27 3D 8C F4 54 91 A4  ...|...{.'=..T..
00002C50:  50 CD 89 71 44 15 0E 00 86 3F 19 F4 E8 85 39 B7  P..qD....?....9.
00002C60:  8B BC 5B EE F8 73 4C 04 5B 53 33 8A F5 1B D9 82  ..[..sL.[S3.....
00002C70:  70 D4 9F CC 95 3E 25 33 A8 0D FA 60 27 7C 96 1F  p....>%3...`'|..
00002C80:  0D A9 CC DB 83 BB 77 3E BF F3 E0 78 24 80 B6 17  ......w>...x$...
00002C90:  93 5D 70 EB 58 9D 00 DE 41 14 71 0E 81 A9 42 7C  .]p.X...A.q...B|
00002CA0:  14 A8 D1 2B 52 5B FA 60 04 D5 96 18 98 D3 72 34  ...+R[.`......r4
00002CB0:  2F 00 29 AD FE 1E 13 46 58 12 B5 12 D1 8E C9 6C  /.)....FX......l
00002CC0:  0E 31 37 4B F6 C6 B2 37 0D 4F A5 D6 6E 23 B1 F4  .17K...7.O..n#..
00002CD0:  AE 69 D3 FB F6 0C A4 82 21 51 D4 34 C2 2D E3 99  .i......!Q.4.-..
00002CE0:  CE FC EA 0A E3 9D 86 AA 20 6F 7E 0A 37 94 46 88  ........ o~.7.F.
00002CF0:  3D 02 64 A4 76 E3 40 B7 9A 2B C5 BD 6E 91 7F C5  =.d.v.@..+..n...
00002D00:  6E AA FF 7D BE 5B 31 31 DD 54 27 29 69 0F 4B B7  n..}.[11.T')i.K.
00002D10:  24 A2 A1 4D 23 6D 69 F9 13 E0 B6 FF 22 62 E4 90  $..M#mi....."b..
00002D20:  0A 26 FA A0 D2 B0 85 40 04 FA CD 1E 57 22 AE 87  .&.....@....W"..
00002D30:  CE 25 1C 74 62 00 F8 CB C9 32 14 6A 34 FA 46 DD  .%.tb....2.j4.F.
00002D40:  6C 5D BB 43 B6 A3 64 33 32 A7 EA E2 29 6E BD 5C  l].C..d32...)n.\
00002D50:  46 8B FD 6D 8D FC AC C5 DB 1C 32 4D 5A 4C 50 8C  F..m......2MZLP.
00002D60:  DC D5 DA 81 93 57 28 31 C9 D8 3C C1 8E 21 8E 3B  .....W(1..<..!.;
00002D70:  E7 FA 50 D9 45 F8 3F 74 32 59 6C 3C 20 A8 87 01  ..P.E.?t2Yl< ...
00002D80:  0A 02 C2 88 F6 39 98 8A 83 5B 1D ED FE 78 3C 40  .....9...[...x<@
00002D90:  74 43 06 3C 06 5C 73 CE 3C 57 59 2D 72 71 E7 36  tC.<.\s.<WY-rq.6
00002DA0:  1F 4A 9D 84 B0 25 F7 38 C0 AA 41 2C 40 B4 47 4B  .J...%.8..A,@.GK
00002DB0:  1C ED 9D 81 6E A4 B2 77 4F 11 75 FE D2 5B 17 CD  ....n..wO.u..[..
00002DC0:  01 46 09 9E 59 C1 BC 76 C5 6E AD CC 67 3D 62 A8  .F..Y..v.n..g=b.
00002DD0:  B4 D7 09 45 93 B6 C0 4C 68 2D CD 58 17 5C 4A F6  ...E...Lh-.X.\J.
00002DE0:  80 C5 80 03 3F C7 45 07 CD 1F 04 40 10 57 07 0A  ....?.E....@.W..
00002DF0:  F8 3C 0F 8A 8D 01 38 4E CE DD A3 11 59 07 35 22  .<....8N....Y.5"
00002E00:  79 D9 28 0F 38 69 78 02 96 9B F5 06 7B 22 22 31  y.(.8ix.....{""1
00002E10:  F2 6C 70 A9 66 B0 D9 9C E0 28 44 BE 1E F9 76 0B  .lp.f....(D...v.
00002E20:  6C 8C BF EF 24 64 54 3F 8D 1E 28 A7 45 B4 C1 B7  l...$dT?..(.E...
00002E30:  85 12 CE C0 23 84 81 C5 67 8A AF D2 EB 90 E3 CD  ....#...g.......
00002E40:  95 BA AB A1 CD 85 73 CE 3C 57 59 2D 72 71 E7 36  ......s.<WY-rq.6
00002E50:  1F 4A 9D 84 B0 25 F7 38 C0 AA 41 2C 40 B4 47 4B  .J...%.8..A,@.GK
00002E60:  1C ED 9D 81 6E A4 9D 42 84 9F 33 A6 EE 86 F9 92  ....n..B..3.....
00002E70:  1F 4C A1 8D FC E0 38 E7 16 B5 BA 31 CC 47 A7 FE  .L....8....1.G..
00002E80:  91 17 13 83 3E D8 A1 3A 20 EB E6 31 69 94 25 B6  ....>..: ..1i.%.
00002E90:  BA C3 D8 07 13 7B 43 72 2E EA F9 FE A9 FF 0F 22  .....{Cr......."
00002EA0:  AF 70 35 F1 D4 60 4C 7C EE 0E 48 E7 C2 A1 FB 43  .p5..`L|..H....C
00002EB0:  04 5C 05 2E 27 DA 78 02 96 9B F5 06 7B 22 22 31  .\..'.x.....{""1
00002EC0:  F2 6C 70 A9 66 B0 D9 9C E0 28 44 BE 1E F9 76 0B  .lp.f....(D...v.
00002ED0:  6C 8C BF EF 24 64 54 3F 8D 1E 28 A7 45 B4 C1 B7  l...$dT?..(.E...
00002EE0:  85 12 CE C0 23 84 CF AC 64 25 B1 FD DC AD 19 A4  ....#...d%......
00002EF0:  E1 DD C1 79 80 32 D5 D7 56 EF 64 17 45 9B 70 0C  ...y.2..V.d.E.p.
00002F00:  E4 AC 6F D0 5F 60 38 41 E9 A1 AB A0 42 B6 03 38  ..o._`8A....B..8
00002F10:  03 2D C2 A6 5C AB 35 F2 3E 60 A3 6D C7 11 D3 06  .-..\.5.>`.m....
00002F20:  2B E8 73 88 09 83 EE 7D 5C 7B 51 FD 08 3F 72 B8  +.s....}\{Q..?r.
00002F30:  A0 17 CD 0D AD C2 09 6B 08 2A 50 92 F9 F2 32 6A  .......k.*P...2j
00002F40:  EA 88 64 72 73 15 6E 53 81 B2 B9 52 4D 53 81 44  ..drs.nS...RMS.D
00002F50:  B6 3D 53 67 42 86 25 6D 42 7F 05 DB 21 6F C5 25  .=SgB.%mB...!o.%
00002F60:  C1 D0 5E CB FF C5 A3 73 F5 F4 73 7B 77 52 A3 F6  ..^....s..s{wR..
00002F70:  33 B8 0A 64 66 5D EB 5F B7 8F 78 C4 4E 46 B5 96  3..df]._..x.NF..
00002F80:  14 83 B6 BA 9A 38 FD 08 83 FC AC D5 77 26 1A F7  .....8......w&..
00002F90:  B3 68 56 2F 43 FA 2B 8D A9 8D AC 67 8D B1 DF 75  .hV/C.+....g...u
00002FA0:  29 2E A2 79 33 A4 55 61 C4 31 AC 30 D8 B5 8B 1F  )..y3.Ua.1.0....
00002FB0:  D8 4A 5B A4 09 49 AE 73 EB 8A 27 51 41 0C BE 2D  .J[..I.s..'QA..-
00002FC0:  5E 70 7D 49 F6 39 0B 32 53 BC 01 55 B7 93 8A 92  ^p}I.9.2S..U....
00002FD0:  6A 16 09 89 9E 75 FF D2 9F 89 FD 7A F5 8F EE 88  j....u.....z....
00002FE0:  A6 83 20 2C 5A 58 3E AF D9 A7 E2 B9 08 8C F1 B7  .. ,ZX>.........
00002FF0:  FA D4 FF 2C 65 37 23 1C 51 89 C1 92 01 9A 8A 41  ...,e7#.Q......A
00003000:  DB EE 07 5F 79 6D CC A2 1F 54 47 C1 FB E1 7A A6  ..._ym...TG...z.
00003010:  A3 9E A8 61 78 A8 92 59 39 A8 96 2A 83 66 83 94  ...ax..Y9..*.f..
00003020:  DA 3A 20 9A 6E 56 EC EE 58 33 8B 50 25 B3 E7 25  .: .nV..X3.P%..%
00003030:  38 AB CE 63 8E F0 13 84 BC 63 3A 6D 26 81 4B 43  8..c.....c:m&.KC
00003040:  1E 01 86 29 8B DE D5 06 A8 88 EF 3C EB 54 D9 5D  ...).......<.T.]
00003050:  20 3A 51 BA 34 BE E9 94 93 AD 74 9A C2 64 22 46   :Q.4.....t..d"F
00003060:  CD 18 84 AC 6C 44 89 41 52 74 BE 0E 57 A1 A9 07  ....lD.ARt..W...
00003070:  15 99 79 1C 63 13 8D 4D EF B3 FA D2 70 9F 42 F9  ..y.c..M....p.B.
00003080:  8A 43 AA 77 4D 17 7A 5D FC 90 BE F7 49 7C 1A F7  .C.wM.z]....I|..
00003090:  04 4D 78 43 20 23 78 6A E9 B0 53 41 6C 67 C8 91  .MxC #xj..SAlg..
000030A0:  4E D7 7C 37 43 B6 35 81 AA 75 CD B5 E2 57 B4 89  N.|7C.5..u...W..
000030B0:  F2 8E 23 BC DC 2E 1B D4 F0 34 71 43 B5 63 8D 07  ..#......4qC.c..
000030C0:  2C FA EA A0 BF 70 C2 5C 0F F6 FA 42 D7 2F A7 05  ,....p.\...B./..
000030D0:  40 30 54 D4 FD 1E 43 74 54 9E 23 0F 03 26 F9 71  @0T...CtT.#..&.q
000030E0:  5D D5 F4 2C D2 A2 BE FE A5 83 FB 0D FD BE 90 21  ]..,...........!
000030F0:  75 3B 10 55 AB 2C 63 48 9E 78 91 70 49 94 BF 84  u;.U.,cH.x.pI...
00003100:  8F FE C3 A5 80 4A 94 21 D3 34 A1 D3 C9 61 17 AE  .....J.!.4...a..
00003110:  70 BA 7B B2 87 7E 0B DC 19 D4 3E 7E 22 CF 5A 9C  p.{..~....>~".Z.
00003120:  F1 F9 D6 44 E8 9A 56 C4 0C 17 55 7F 60 2C C3 F3  ...D..V...U.`,..
00003130:  99 CA 93 4B 45 44 4D 88 12 6C FB 1A E0 06 91 A7  ...KEDM..l......
00003140:  33 DC 9F 10 BA 9C BA 79 BF 47 5E 43 79 FF 28 2F  3......y.G^Cy.(/
00003150:  08 55 1A 7F DE 44 59 AB 02 CC 54 0F 59 CB 66 CB  .U...DY...T.Y.f.
00003160:  2C 5A 02 7E AE 11 69 59 47 60 5B 40 5E B6 7A 5A  ,Z.~..iYG`[@^.zZ
00003170:  3F A8 F6 88 24 67 1C 07 76 4C 8D 8E A2 91 45 EB  ?...$g..vL....E.
00003180:  3A 54 A4 CF C8 D5 86 3F C1 45 B3 A8 CB E7 CC 23  :T.....?.E.....#
00003190:  F5 DA 3B E6 E4 37 6C CB 7C F9 C1 AC 97 08 C4 F2  ..;..7l.|.......
000031A0:  11 14 6A CF A9 79 2B E4 FD E7 B3 15 46 8D 34 70  ..j..y+.....F.4p
000031B0:  A9 FF 92 8E C4 11 23 AC A8 94 AB 86 92 94 66 B1  ......#.......f.
000031C0:  D8 AD DC AE 46 66 A9 01 B3 5C E8 CA 4F A4 7E A8  ....Ff...\..O.~.
000031D0:  14 36 7D F3 13 F9 67 3A 4B EF 58 B3 EF 27 E1 15  .6}...g:K.X..'..
000031E0:  F0 FA F2 E7 30 65 AA BA BA 30 3E 11 1A 9A D5 E3  ....0e...0>.....
000031F0:  84 A5 A1 B2 94 46 49 B3 CC C6 46 50 83 41 3E 5A  .....FI...FP.A>Z
00003200:  02 51 1F 7A 6F D0 8E BA DD 2F C0 E4 2C 0B F0 16  .Q.zo..../..,...
00003210:  2A 09 00 8E DE 68 DE 8B FD CF 12 14 87 EF 0E 6E  *....h.........n
00003220:  2C F6 F1 9D 6A 01 E7 E9 4F AE 5F 87 49 33 C1 C5  ,...j...O._.I3..
00003230:  93 80 1B 0E C4 7F 62 45 F6 7A 41 C2 79 E6 0E 09  ......bE.zA.y...
00003240:  C6 26 C4 50 D9 22 74 1C 37 0B 25 EB 46 50 1C 31  .&.P."t.7.%.FP.1
00003250:  F9 B3 96 A1 28 8C 33 BF 48 01 24 84 E6 BB 54 D6  ....(.3.H.$...T.
00003260:  85 29 23 4A D5 5C 8A 2A C4 63 E1 93 DF 19 BC 8B  .)#J.\.*.c......
00003270:  6B 3F 88 91 71 92 9C 40 9D 61 5B E7 5B A7 53 52  k?..q..@.a[.[.SR
00003280:  D7 D2 4D 67 B8 FF 34 B9 EB 78 76 BB C8 ED 28 FB  ..Mg..4..xv...(.
00003290:  23 88 B5 D1 86 1E F6 92 08 C7 E8 37 EC 3F F4 70  #..........7.?.p
000032A0:  4D 3C AF E1 0D E7 7C BB BC 3C F1 07 90 23 37 8E  M<....|..<...#7.
000032B0:  D4 67 59 C0 8E EC 11 4E FE C1 90 CE 35 5A 9C 27  .gY....N....5Z.'
000032C0:  C1 1C 6D 4F A6 44 1D 8E 39 94 D9 3B 9A 12 BB 3E  ..mO.D..9..;...>
000032D0:  47 53 40 48 C6 3A 20 EB E6 15 21 4D E5 C0 A8 CF  GS@H.: ...!M....
000032E0:  23 80 9B BB CE 62 59 1D 92 1F 79 D5 9B 66 19 97  #....bY...y..f..
000032F0:  B1 1C 80 90 C9 24 AF 3D 9A 71 8E F9 CB AE 56 39  .....$.=.q....V9
00003300:  50 93 E2 C8 E6 95 EB 5F B7 8F 78 C4 4E 46 B5 96  P......_..x.NF..
00003310:  14 83 B6 BA 9A 38 96 A5 74 78 A6 3A EE FE B0 2A  .....8..tx.:...*
00003320:  1E 25 E8 D0 12 3E 14 3F 72 14 1E 70 E0 40 16 B2  .%...>.?r..p.@..
00003330:  09 F9 6B 7D DE D8 9B 4B 46 39 0F DF ED 8A 6F 78  ..k}...KF9....ox
00003340:  69 0E 74 8F B4 D8 1C A0 07 03 32 B7 53 7B 35 A3  i.t.......2.S{5.
00003350:  83 97 75 63 4D F5 AE 73 EB 8A 27 51 41 0C BE 2D  ..ucM..s..'QA..-
00003360:  5E 70 7D 49 F6 39 F2 AE 88 8A B1 29 80 B0 91 2A  ^p}I.9.....)...*
00003370:  CC A4 5B 52 6C 2B CF E9 52 35 B2 7D 39 C4 DC 05  ..[Rl+..R5.}9...
00003380:  F3 E8 70 A1 BA 0D 77 B8 E3 3A F1 08 08 4F C9 BD  ..p...w..:...O..
00003390:  4C A2 BA 9A F0 90 4D FE 87 81 2E 47 EE BF CD 3F  L.....M....G...?
000033A0:  C6 9A 71 88 F3 BD E6 04 89 29 76 19 0C 2C 4F D5  ..q......)v..,O.
000033B0:  44 5F 69 EB 6B DF BE FE A5 83 FB 0D FD BE 90 21  D_i.k..........!
000033C0:  75 3B 10 55 AB 2C 06 16 19 9E 72 FE F6 C7 AC 20  u;.U.,....r.... 
000033D0:  12 25 03 F6 C3 54 B4 97 4D 57 BE B8 36 2B FF F1  .%...T..MW..6+..
000033E0:  10 2B C9 7B CF A0 FC EC 7B 90 47 F9 8F A8 E0 46  .+.{....{.G....F
000033F0:  E7 8A 3F 0C E3 01 B4 56 2F B1 C6 CB 0B EB 7D F4  ..?....V/.....}.
00003400:  A6 14 65 88 E9 E4 CD 72 4B B3 EF DF D9 68 BA 91  ..e....rK....h..
00003410:  51 D4 BA 62 D0 5A 7F C3 67 8A 24 AA 01 7F 49 EB  Q..b.Z..g.$...I.
00003420:  3E 17 70 C5 6F F7 65 44 F5 31 F6 C4 0C C8 87 B0  >.p.o.eD.1......
00003430:  8E FD 8F DF F2 67 9A 22 1D 5D 64 BB 94 C0 6B A0  .....g.".]d...k.
00003440:  D2 B3 BE 21 09 14 69 59 47 60 5B 40 5E B6 7A 5A  ...!..iYG`[@^.zZ
00003450:  3F A8 F6 88 24 67 C6 71 B1 61 2D 22 6A B7 CB FA  ?...$g.q.a-"j...
00003460:  CC 41 CD 73 46 24 55 E1 36 C9 64 6C D6 34 3A B9  .A.sF$U.6.dl.4:.
00003470:  37 1A 41 89 9E 40 C7 5A FD EF FB 89 DE A0 89 B8  7.A..@.Z........
00003480:  70 43 A2 0D BC E9 57 5B 57 CE DE D2 0A 78 48 89  pC....W[W....xH.
00003490:  3C 69 61 03 68 5E 8F D6 BC 9D E3 03 1B 0A 60 2D  <ia.h^........`-
000034A0:  4E E5 87 B6 33 04 94 21 D3 34 A1 D3 C9 61 17 AE  N...3..!.4...a..
000034B0:  70 BA 7B B2 87 7E 8E B2 FA 08 E8 37 32 8E 32 21  p.{..~.....72.2!
000034C0:  6B 7A FE 57 EA C2 6C A4 05 DA 44 A9 DA 76 44 FE  kz.W..l...D..vD.
000034D0:  E8 49 D7 F8 84 15 28 AD D0 B6 C9 19 6A AB 39 21  .I....(.....j.9!
000034E0:  63 14 D1 E6 05 51 60 C6 00 2A 45 4A CC 8B 50 88  c....Q`..*EJ..P.
000034F0:  DF 7D 4D 08 8A C1 BA 79 BF 47 5E 43 79 FF 28 2F  .}M....y.G^Cy.(/
00003500:  08 55 1A 7F DE 44 57 03 50 BC 6C D4 1C C7 23 5D  .U...DW.P.l...#]
00003510:  49 98 3F 64 A7 3F 62 45 F6 7A 41 C2 79 E6 0E 09  I.?d.?bE.zA.y...
00003520:  C6 26 C4 50 D9 22 FC 88 12 48 EF 23 CB 5C 12 04  .&.P."...H.#.\..
00003530:  6E B0 27 FC FD C1 94 A9 62 A1 AD DF DA BB 42 17  n.'.....b.....B.
00003540:  A0 71 1D C7 20 E8 68 3C A5 31 63 1B 23 1D F6 F3  .q.. .h<.1c.#...
00003550:  D8 AD 90 32 60 60 DB 44 ED AA AD 89 5F A6 2A 73  ...2``.D...._.*s
00003560:  23 33 33 B7 88 BD B8 F6 C1 5F EA F2 A2 F2 45 DB  #33......_....E.
00003570:  75 BE 16 72 40 26 D5 DD 0D F2 E8 FD EC BE 4E 78  u..r@&........Nx
00003580:  BE 8E C7 13 62 74 6C CD A0 CE 2D F2 8A CF 3D C4  ....btl...-...=.
00003590:  A7 D1 7B 6B D9 D2 A8 1D EE AC B9 E8 44 EB 99 57  ..{k........D..W
000035A0:  26 5E 22 75 C3 56 59 6E 7A E4 17 0C B1 5D 2A E6  &^"u.VYnz....]*.
000035B0:  01 5A 93 F5 6C D7 E2 A1 8B 34 20 73 AA 5E F7 CD  .Z..l....4 s.^..
000035C0:  04 50 F6 BE F6 1D DE 8B FD CF 12 14 87 EF 0E 6E  .P.............n
000035D0:  2C F6 F1 9D 6A 01 F5 39 24 D9 B0 C6 24 1B B7 B4  ,...j..9$...$...
000035E0:  FA 24 74 08 0D DC EB 5F B7 8F 78 C4 4E 46 B5 96  .$t...._..x.NF..
000035F0:  14 83 B6 BA 9A 38 F2 C4 66 C6 EE 3D AA 2A 38 B7  .....8..f..=.*8.
00003600:  51 97 18 49 91 CE 5B 91 6A 4D B3 0A 36 28 5D D0  Q..I..[.jM..6(].
00003610:  14 A1 3D F7 A5 68 63 C0 47 4B 87 C1 BA 51 2F C1  ..=..hc.GK...Q/.
00003620:  6F 80 0F A1 30 BD 4A A0 1D 81 4E 65 3F E4 65 78  o...0.J...Ne?.ex
00003630:  07 9F D2 99 31 DD A8 1A 1C D2 E4 44 A3 CA 7F 20  ....1......D... 
00003640:  6B A8 AD 5C F0 58 E7 B1 2C 7E EB 20 0E E9 AF A1  k..\.X..,~. ....
00003650:  B1 EE 5E CE 4C C5 23 E3 ED 9D 93 38 05 FC CE B0  ..^.L.#....8....
00003660:  69 C9 DD 24 49 B0 39 78 13 EA 4D 6A 82 AF D0 21  i..$I.9x..Mj...!
00003670:  EB 05 D7 A6 7A CD 3D FD DA 03 66 8A 2D CF B8 D6  ....z.=...f.-...
00003680:  C3 5F 3C 0C 40 BE 22 67 17 65 9D 44 E7 9A 29 D9  ._<.@."g.e.D..).
00003690:  81 C6 00 6B 78 C3 59 1D 92 1F 79 D5 9B 66 19 97  ...kx.Y...y..f..
000036A0:  B1 1C 80 90 C9 24 8C 9C CB 2C 3C 01 E2 23 48 0E  .....$...,<..#H.
000036B0:  32 1F E7 61 29 01 B4 97 4D 57 BE B8 36 2B FF F1  2..a)...MW..6+..
000036C0:  10 2B C9 7B CF A0 67 92 62 DA 3B 47 DA 5B 98 70  .+.{..g.b.;G.[.p
000036D0:  92 CE CE 67 E1 88 74 56 30 21 A5 49 AB 72 BB A2  ...g..tV0!.I.r..
000036E0:  37 75 E9 59 04 72 26 7C 91 86 AB 18 A2 14 42 A6  7u.Y.r&|......B.
000036F0:  8F 2F 68 26 52 6D 5F A7 F6 2C B0 17 F9 1C A9 01  ./h&Rm_..,......
00003700:  15 FB B4 11 55 DC 7A 5D FC 90 BE F7 49 7C 1A F7  ....U.z]....I|..
00003710:  04 4D 78 43 20 23 78 6A E9 B0 53 41 6C 67 C8 91  .MxC #xj..SAlg..
00003720:  4E D7 7C 37 43 B6 35 81 AA 75 CD B5 E2 57 B4 89  N.|7C.5..u...W..
00003730:  F2 8E 23 BC DC 2E 1B D4 F0 34 71 43 B5 63 8D 07  ..#......4qC.c..
00003740:  2C FA EA A0 BF 70 C2 5C 0F F6 FA 42 D7 2F A7 05  ,....p.\...B./..
00003750:  40 30 54 D4 FD 1E 07 47 B6 B5 7F FE 7E F6 F6 49  @0T....G....~..I
00003760:  89 B7 CB C5 74 C5 BE FE A5 83 FB 0D FD BE 90 21  ....t..........!
00003770:  75 3B 10 55 AB 2C 63 48 9E 78 91 70 49 94 BF 84  u;.U.,cH.x.pI...
00003780:  8F FE C3 A5 80 4A 94 21 D3 34 A1 D3 C9 61 17 AE  .....J.!.4...a..
00003790:  70 BA 7B B2 87 7E 0B DC 19 D4 3E 7E 22 CF 5A 9C  p.{..~....>~".Z.
000037A0:  F1 F9 D6 44 E8 9A 34 C3 C6 B6 CB 7B 0E 54 55 A2  ...D..4....{.TU.
000037B0:  BD 1B 75 13 7A 61 E5 CF 3B 80 14 86 92 BB E9 A5  ..u.za..;.......
000037C0:  FD 50 34 9A 8E AB A2 60 59 84 08 A6 6C E9 46 36  .P4....`Y...l.F6
000037D0:  14 44 8A EA EA 34 50 C6 8F 6F 5B DB 59 73 DD E3  .D...4P..o[.Ys..
000037E0:  85 E8 5C 52 85 95 DD B5 CC 65 49 E1 E6 F6 7E 7A  ..\R.....eI...~z
000037F0:  7E 9D 70 A5 85 86 C5 C3 F0 72 B5 39 5F CA 54 25  ~.p......r.9_.T%
00003800:  A0 13 1D A9 A0 F6 90 EF 6C 80 27 E9 5C E8 1F 41  ........l.'.\..A
00003810:  A0 F7 87 B4 C3 39 4B 12 63 02 FF 57 89 AB 82 B6  .....9K.c..W....
00003820:  3E FA 5A 40 17 44 45 5E BC 70 FE C3 43 4E 11 52  >.Z@.DE^.p..CN.R
00003830:  8F 2C C3 39 36 BB FF A5 22 55 15 DA 3C 10 99 54  .,.96..."U..<..T
00003840:  31 3F 98 31 60 EC EB 3D 7A F3 1C EC 37 47 38 E3  1?.1`..=z...7G8.
00003850:  62 D6 DB D3 9D DD D5 DD 0D F2 E8 FD EC BE 4E 78  b.............Nx
00003860:  BE 8E C7 13 62 74 63 49 8B 0B 9B 9E 63 A4 8E CA  ....btcI....c...
00003870:  95 A4 72 5A 0D 23 4F 96 55 45 E6 EC 16 00 F8 7D  ..rZ.#O.UE.....}
00003880:  8F 4C 71 76 86 B6 8B 86 88 AC C2 C5 19 83 49 41  .Lqv..........IA
00003890:  00 86 6A 03 87 3E ED 99 80 E5 9D C4 38 66 D7 0C  ..j..>......8f..
000038A0:  AE 81 2E C3 06 D8 3C 4E 64 8C 31 33 ED FA 44 68  ......<Nd.13..Dh
000038B0:  62 7F 75 B8 29 6A 21 9B 27 99 BF 82 99 D3 5C BF  b.u.)j!.'.....\.
000038C0:  19 BA 6F D8 A7 49 87 5E 61 6B 3E D2 13 A2 5C BB  ..o..I.^ak>...\.
000038D0:  F9 8F 1F 17 DD DA 46 8A 39 98 5B 7C EA 99 03 C5  ......F.9.[|....
000038E0:  91 F9 F3 C2 29 46 DA 1B F1 56 94 89 58 E3 97 43  ....)F...V..X..C
000038F0:  20 60 9C 12 A6 12 F3 D1 4C 9E 7F 51 E5 79 EB 41   `......L..Q.y.A
00003900:  B6 4C 6F 37 5E 46 77 B6 A1 8C 22 CB E4 72 FE AA  .Lo7^Fw..."..r..
00003910:  D1 61 63 4F CB AE 91 58 6E B0 0E AC 10 0E 90 E3  .acO...Xn.......
00003920:  4E 65 B5 C3 C6 36 E7 B1 2C 7E EB 20 0E E9 AF A1  Ne...6..,~. ....
00003930:  B1 EE 5E CE 4C C5 C6 67 CD 58 92 3D 1E 2C C2 1D  ..^.L..g.X.=.,..
00003940:  EE E0 A8 8F 2A 39 5A E6 43 33 7E 6E 01 BF BE 72  ....*9Z.C3~n...r
00003950:  F6 DF EC 0D 7A 46 AC 49 BA 57 BF 4E D3 83 3E 2F  ....zF.I.W.N..>/
00003960:  99 29 A9 1E 50 41 F7 5C 01 61 26 56 97 AA 03 A8  .)..PA.\.a&V....
00003970:  E0 7B 3E 04 4C EA EC EE 58 33 8B 50 25 B3 E7 25  .{>.L...X3.P%..%
00003980:  38 AB CE 63 8E F0 BE 43 D7 C6 16 C0 B9 EC 80 51  8..c...C.......Q
00003990:  27 6F 7A CB 91 A3 AE A4 8E 4E 56 4B 16 DE 11 85  'oz......NVK....
000039A0:  2B E3 78 F8 BC 55 A5 11 C1 FA 45 D9 B3 FA DA A5  +.x..U....E.....
000039B0:  75 DB F7 12 5C A1 4E C8 8F F0 EA 20 B8 9C CF 5E  u...\.N.... ...^
000039C0:  B5 55 51 BC E5 77 7F D9 0C BB F9 B9 4B AB D6 83  .UQ..w......K...
000039D0:  82 25 74 98 92 22 62 8A 6E 7F DB 60 03 F6 4D AD  .%t.."b.n..`..M.
000039E0:  0E 40 67 98 A6 85 06 70 62 62 C8 41 3B FF D3 1F  .@g....pbb.A;...
000039F0:  59 C0 97 F7 CD 7F 89 1D CE 75 F5 7A BD 8B 6E 9E  Y........u.z..n.
00003A00:  1A DB 11 D0 0E 3C 46 03 4F 62 64 EC CF B5 F3 78  .....<F.Obd....x
00003A10:  4E 51 B5 84 A8 49 F0 6C 06 C1 CD E5 D1 27 13 F9  NQ...I.l.....'..
00003A20:  E7 B0 8A 9B 20 36 2D 81 FF D4 6F 73 FD DA D3 C7  .... 6-...os....
00003A30:  0E DB 36 88 A4 9B D3 7F 70 80 D0 2D 36 A7 F3 C9  ..6.....p..-6...
00003A40:  66 A9 8D E7 86 8B F8 CB C9 32 14 6A 34 FA 46 DD  f........2.j4.F.
00003A50:  6C 5D BB 43 B6 A3 CB 51 A5 FC 95 1F 41 F2 6F 73  l].C...Q....A.os
00003A60:  F8 74 21 7E F5 0D 78 3A 05 9A 80 F8 81 4C FA 19  .t!~..x:.....L..
00003A70:  3F 51 B6 39 9E B8 72 C5 C0 7A E5 34 4E 27 D2 8F  ?Q.9..r..z.4N'..
00003A80:  E2 64 3F C8 66 C9 04 81 2B B1 47 BC 3B FE 34 88  .d?.f...+.G.;.4.
00003A90:  A1 38 22 87 93 AB 3D 4F 97 BA AF B2 6A AD 20 34  .8"...=O....j. 4
00003AA0:  DA AC 99 AD 5E 6D 2C 7D E4 12 CA CD 58 86 40 F1  ....^m,}....X.@.
00003AB0:  C1 39 61 6E 60 D7 9D A4 A3 2D 87 10 E9 5E 6A 5A  .9an`....-...^jZ
00003AC0:  EB E5 C2 A8 0E 0E CE 73 8C 0D 9C AB 31 9E 0E C7  .......s....1...
00003AD0:  C3 10 40 47 0A CF DC E1 BD EB 4A 3C 4A 6C EB B1  ..@G......J<Jl..
00003AE0:  6F FA 62 69 90 06 0D E9 72 FB 8F F4 95 A8 7D A5  o.bi....r.....}.
00003AF0:  63 D4 AF B7 2E FE 59 C1 1E 69 32 AB EE C0 87 8C  c.....Y..i2.....
00003B00:  AC 16 6C 2C C4 81 0B 29 A4 41 2C CE BF F9 0F 00  ..l,...).A,.....
00003B10:  49 9A DE 9B E0 A5 23 AC A8 94 AB 86 92 94 66 B1  I.....#.......f.
00003B20:  D8 AD DC AE 46 66 CD 77 8F F3 F2 59 83 5A 56 EC  ....Ff.w...Y.ZV.
00003B30:  C4 11 DE C6 7C 53 E4 01 93 AE 32 AB 89 1F FA 8B  ....|S....2.....
00003B40:  41 8E AE CA E8 04 F4 38 33 FD E5 CF 69 24 DE 80  A......83...i$..
00003B50:  F8 7A B7 D9 C2 72 26 52 B2 D7 77 EE 50 D0 2D 16  .z...r&R..w.P.-.
00003B60:  97 76 4A 93 2F 9A 6A 8C C9 E5 2E A9 92 13 48 36  .vJ./.j.......H6
00003B70:  B4 B8 29 60 7C E3 D9 F9 FE 07 DE BA B7 A3 2F 1C  ..)`|........./.
00003B80:  7A 3F 15 91 8B 93 50 C6 8F 6F 5B DB 59 73 DD E3  z?....P..o[.Ys..
00003B90:  85 E8 5C 52 85 95 C3 9F D7 F1 C3 78 98 DF 62 A2  ..\R.......x..b.
00003BA0:  DD 0F 63 00 F2 23 2A 47 A7 2D D7 2D 11 D9 B8 25  ..c..#*G.-.-...%
00003BB0:  F6 30 90 CD C0 46 01 91 54 6E EF 5E C6 A9 81 1B  .0...F..Tn.^....
00003BC0:  57 09 60 82 46 99 6D DD 01 07 13 DB EE E1 07 0D  W.`.F.m.........
00003BD0:  51 54 21 F4 3D C4 6F 19 18 E2 C6 10 BC B4 F0 28  QT!.=.o........(
00003BE0:  10 70 03 73 F4 07 34 B9 EB 78 76 BB C8 ED 28 FB  .p.s..4..xv...(.
00003BF0:  23 88 B5 D1 86 1E 8A 5B E7 6C DB 7F B4 9C B4 F4  #......[.l......
00003C00:  99 F1 C5 42 A2 FE 2B FD 8F 5E BD 4C 45 29 F7 51  ...B..+..^.LE).Q
00003C10:  FD 51 45 2E 6E 50 02 6E 34 14 0E C6 A0 23 71 1B  .QE.nP.n4....#q.
00003C20:  F0 3E 0D B1 8E C6 90 A2 33 40 78 11 10 C3 2F C9  .>......3@x.../.
00003C30:  A5 CF 1B 87 B3 BD 41 D2 70 52 7D 6E EB F5 64 EB  ......A.pR}n..d.
00003C40:  63 AD A3 2A 09 6B A7 AB 4E 5B A5 AE AA DD EB 4B  c..*.k..N[.....K
00003C50:  C2 F2 72 E4 98 3D 3C 4E 64 8C 31 33 ED FA 44 68  ..r..=<Nd.13..Dh
00003C60:  62 7F 75 B8 29 6A 36 95 91 20 C1 83 4B DF 1E 2E  b.u.)j6.. ..K...
00003C70:  A0 62 57 F1 7E E0 92 F5 E1 24 08 49 AD A5 AB 49  .bW.~....$.I...I
00003C80:  E9 38 FE 82 7E D2 F8 14 BA EB 24 C5 70 42 18 DC  .8..~.....$.pB..
00003C90:  86 F3 3E C5 A6 2F 2A F2 78 8A 7D E4 7F 92 D1 F3  ..>../*.x.}.....
00003CA0:  FF 8E 5F 75 88 63 F1 3B 37 B7 BF 86 45 54 17 21  .._u.c.;7...ET.!
00003CB0:  6C 32 65 D7 F6 B4 35 81 C2 A4 BA FD AF BF F1 5E  l2e...5........^
00003CC0:  BB 7C 22 4C 1D A8 F3 91 44 EB 9D 43 C4 FF EC EC  .|"L....D..C....
00003CD0:  4C 89 1D 45 ED BD 86 D4 9B FE 7C 26 55 7D 66 54  L..E......|&U}fT
00003CE0:  E4 23 70 EE 71 7B DA 1A 77 91 11 E9 9B B7 D6 77  .#p.q{..w......w
00003CF0:  A5 D4 FB E5 21 58 2F 31 03 EB C7 FE E9 E0 27 ED  ....!X/1......'.
00003D00:  CE D1 62 CB 23 3C 10 D4 D9 5B 3D 3A 38 DE 69 C7  ..b.#<...[=:8.i.
00003D10:  E1 54 C0 7F 99 B6 C1 75 39 13 F1 D4 F3 9E 67 38  .T.....u9.....g8
00003D20:  7E 48 55 53 E0 41 AE 5D C7 90 A6 5F 39 0A 65 53  ~HUS.A.]..._9.eS
00003D30:  F6 7D 96 7A 0F B7 B6 C2 AF 1A EA 68 6B 21 B6 52  .}.z.......hk!.R
00003D40:  54 91 85 19 FC 3F 93 9E 06 69 AB 10 A5 CC 4C 4E  T....?...i....LN
00003D50:  DB 04 D4 0D 9C DC D5 34 D3 F1 F9 D8 C3 2A E9 5B  .......4.....*.[
00003D60:  2B 9E CE 34 90 BE EB 04 95 C4 C7 67 F2 16 B9 0D  +..4.......g....
00003D70:  2E F3 85 55 3A D5 18 84 8C 7A E6 88 F8 A7 DA 65  ...U:....z.....e
00003D80:  32 98 C4 C7 03 28 A4 A8 C8 72 BC 11 1D 49 32 C6  2....(...r...I2.
00003D90:  29 FB F3 90 16 6A D5 66 92 64 FE A2 66 AD 48 EF  )....j.f.d..f.H.
00003DA0:  0A 7F 12 C1 DE 0B D4 7C AC 34 F6 D2 F9 BF F4 E7  .......|.4......
00003DB0:  8D 65 A2 C1 D9 16 1A 82 4E D1 D3 00 98 E8 3B 0E  .e......N.....;.
00003DC0:  A5 D1 74 DA 91 91 C8 42 E6 4B 0B C4 23 FC DD 99  ..t....B.K..#...
00003DD0:  73 8E EC AF 27 81 77 7C 6D 0D 04 03 10 0C BE B7  s...'.w|m.......
00003DE0:  2D AF F7 AD C8 08 38 2E 0A 8C 0E 26 FA DB AF 10  -.....8....&....
00003DF0:  6A 6B C8 4C 93 58 ED 1C 69 EA EF 4F B0 18 BC C8  jk.L.X..i..O....
00003E00:  91 75 90 09 D9 B2 77 44 CA FA 4A 13 DF E7 88 82  .u....wD..J.....
00003E10:  94 8D 59 5F AF B7 D2 39 68 AF A1 53 76 18 3C F3  ..Y_...9h..Sv.<.
00003E20:  05 27 46 EA A0 66 7F 51 2F 45 0E 2F BC 7D 41 2B  .'F..f.Q/E./.}A+
00003E30:  78 CB E0 9D 63 90 DE 35 B3 2D F5 69 99 39 BA 5F  x...c..5.-.i.9._
00003E40:  20 3D FA A2 0B 21 55 FF 12 FE 41 AE F7 0C 80 20   =...!U...A.... 
00003E50:  D2 A4 85 B3 49 1F BD 3A 7C 24 77 CA 2C 8D 49 34  ....I..:|$w.,.I4
00003E60:  73 87 AD 7A 64 98 00 00 00 00 00 00 00 00 00 00  s..zd...........
00003E70:  00 00 00 00 00 00 00 00 00 00 00 00 00 00 00 00  ................ [zeros]
00003E80:  00 00 00 00 00 00 7B B4 10 1E 17 4B 4F 75 1F FF  ......{....KOu..
00003E90:  AB A9 44 94 E1 7C B8 2D 77 90 D6 AD 8C 8E 11 68  ..D..|.-w......h
00003EA0:  44 4F E3 2F BC 18 BE 0D 18 27 A2 A5 00 8D 6F 97  DO./.....'....o.
00003EB0:  80 84 87 1F EA 9A 00 00 00 00 00 00 00 00 00 00  ................
00003EC0:  00 00 00 00 00 00 00 00 00 00 00 00 00 00 00 00  ................ [zeros]
00003ED0:  00 00 00 00 00 00 00 00 00 00 00 00 00 00 00 00  ................ [zeros]
00003EE0:  00 00 00 00 00 00 00 00 00 00 00 00 00 00 00 00  ................ [zeros]
00003EF0:  00 00 00 00 00 00 00 00 00 00 00 00 00 00 00 00  ................ [zeros]
00003F00:  00 00 00 00 00 00 00 00 00 00 00 00 00 00 00 00  ................ [zeros]
00003F10:  00 00 00 00 00 00 00 00 00 00 00 00 00 00 00 00  ................ [zeros]
00003F20:  00 00 00 00 00 00 00 00 00 00 00 00 00 00 00 00  ................ [zeros]
00003F30:  00 00 00 00 00 00 23 F4 4A 47 92 52 53 95 4C 30  ......#.JG.RS.L0
00003F40:  34 B8 A8 45 7D D9 91 78 9E B8 21 F4 F5 D0 A9 6C  4..E}..x..!....l
00003F50:  D6 15 2E 05 AF 86 06 47 5E DB 85 24 2F F8 20 95  .......G^..$/. .
00003F60:  47 12 E1 F0 5C 83 C4 C2 DB C7 60 B9 D6 67 A0 3E  G...\.....`..g.>
00003F70:  AC 21 77 9F BE 59 06 4C B1 1D D1 03 0C 59 68 3F  .!w..Y.L.....Yh?
00003F80:  07 EB D1 94 8C 54 41 9D 8D 11 73 E4 31 AA 98 D1  .....TA...s.1...
00003F90:  13 A1 06 BB 62 CA 7D 0A 8F 45 7B C5 73 3D 83 14  ....b.}..E{.s=..
00003FA0:  D6 09 B2 BC 88 3C CC 27 6C 4D AB F7 02 BB 0F A2  .....<.'lM......
00003FB0:  15 29 66 74 73 7B F8 32 41 DB C7 F6 B5 26 FB 50  .)fts{.2A....&.P
00003FC0:  41 F6 0B 04 90 87 CA 77 31 CB 7B AF 62 AA 88 23  A......w1.{.b..#
00003FD0:  2A 28 E9 67 27 17 51 B4 32 BE 23 35 C3 E6 B7 4C  *(.g'.Q.2.#5...L
00003FE0:  24 1B 6A C2 43 C4 51 60 4C BB A0 CD B8 06 3C 63  $.j.C.Q`L.....<c
00003FF0:  5E A8 BB 2E C5 82 42 23 F8 74 97 1D 15 97 D7 29  ^.....B#.t.....)
00004000:  67 E4 AF 76 F1 0B 2D 2B C2 E9 1F 77 DF F4 9D 46  g..v..-+...w...F
00004010:  21 23 31 52 A2 CB 48 98 3D 2D E4 27 0B AB FA E8  !#1R..H.=-.'....
00004020:  F4 63 D0 B2 57 10 44 D0 48 8A 41 9F EC E8 D4 D0  .c..W.D.H.A.....
00004030:  46 5C 69 4E 49 7B 2C 4A 56 31 A0 33 77 9F 80 4E  F\iNI{,JV1.3w..N
00004040:  4D 77 4F ED A3 91 00 00 00 00 00 00 00 00 00 00  MwO.............
00004050:  00 00 00 00 00 00 00 00 00 00 00 00 00 00 00 00  ................ [zeros]
00004060:  00 00 00 00 00 00 00 00 00 00 00 00 00 00 00 00  ................ [zeros]
00004070:  00 00 00 00 00 00 00 00 00 00 00 00 00 00 00 00  ................ [zeros]
00004080:  00 00 00 00 00 00 00 00 00 00 00 00 00 00 00 00  ................ [zeros]
00004090:  00 00 00 00 00 00 00 00 00 00 00 00 00 00 00 00  ................ [zeros]
000040A0:  00 00 00 00 00 00 00 00 00 00 00 00 00 00 00 00  ................ [zeros]
000040B0:  00 00 00 00 00 00 00 00 00 00 00 00 00 00 00 00  ................ [zeros]
000040C0:  00 00 00 00 00 00 00 00 00 00 00 00 00 00 00 00  ................ [zeros]
000040D0:  00 00 00 00 00 00 00 00 00 00 00 00 00 00 00 00  ................ [zeros]
000040E0:  00 00 00 00 00 00 00 00 00 00 00 00 00 00 00 00  ................ [zeros]
000040F0:  00 00 00 00 00 00 91 00 7B 18 8B 91 5E C1 94 AD  ........{...^...
00004100:  48 E7 1E FB 39 A2 4F 1C 10 8C 4C 13 4A B6 F0 E2  H...9.O...L.J...
00004110:  B7 27 4D 86 E6 E5 8A AA F1 EB 06 51 89 B0 11 7B  .'M........Q...{
00004120:  D4 35 D2 68 93 E4 F1 22 2E DE 2A 2F 72 88 B3 25  .5.h..."..*/r..%
00004130:  8F E1 99 EF 91 7D 00 00 00 00 00 00 00 00 00 00  .....}..........
00004140:  00 00 00 00 00 00 00 00 00 00 00 00 00 00 00 00  ................ [zeros]
00004150:  00 00 00 00 00 00 00 00 00 00 00 00 00 00 00 00  ................ [zeros]
00004160:  00 00 00 00 00 00 00 00 00 00 00 00 00 00 00 00  ................ [zeros]
00004170:  00 00 00 00 00 00 00 00 00 00 00 00 00 00 00 00  ................ [zeros]
00004180:  00 00 00 00 00 00 00 00 00 00 00 00 00 00 00 00  ................ [zeros]
00004190:  00 00 00 00 00 00 00 00 00 00 00 00 00 00 00 00  ................ [zeros]
000041A0:  00 00 00 00 00 00 00 00 00 00 00 00 00 00 00 00  ................ [zeros]
000041B0:  00 00 00 00 00 00 00 00 00 00 00 00 00 00 00 00  ................ [zeros]
000041C0:  00 00 00 00 00 00 00 00 00 00 00 00 00 00 00 00  ................ [zeros]
000041D0:  00 00 00 00 00 00 00 00 00 00 00 00 00 00 00 00  ................ [zeros]
000041E0:  00 00 00 00 00 00 00 00 00 00 00 00 00 00 00 00  ................ [zeros]
000041F0:  00 00 00 00 00 00 00 00 00 00 00 00 00 00 00 00  ................ [zeros]
00004200:  00 00 00 00 00 00 00 00 00 00 00 00 00 00 00 00  ................ [zeros]
00004210:  00 00 00 00 00 00 00 00 00 00 00 00 00 00 00 00  ................ [zeros]
00004220:  00 00 00 00 00 00 00 00 00 00 00 00 00 00 00 00  ................ [zeros]
00004230:  00 00 00 00 00 00 00 00 00 00 00 00 00 00 00 00  ................ [zeros]
00004240:  00 00 00 00 00 00 00 00 00 00 00 00 00 00 00 00  ................ [zeros]
00004250:  00 00 00 00 00 00 00 00 00 00 00 00 00 00 00 00  ................ [zeros]
00004260:  00 00 00 00 00 00 00 00 00 00 00 00 00 00 00 00  ................ [zeros]
00004270:  00 00 00 00 00 00 00 00 00 00 00 00 00 00 00 00  ................ [zeros]
00004280:  00 00 00 00 00 00 00 00 00 00 00 00 00 00 00 00  ................ [zeros]
00004290:  00 00 00 00 00 00 00 00 00 00 00 00 00 00 00 00  ................ [zeros]
000042A0:  00 00 00 00 00 00 AD 90 FD 1C 33 B7 31 C1 7D 93  ..........3.1.}.
000042B0:  45 B3 ED 28 B8 37 A4 B6 85 39 9A DC 8D B8 2F EE  E..(.7...9..../.
000042C0:  9A AA 8D 1A 50 D8 00 00 00 00 00 00 00 00 00 00  ....P...........
000042D0:  00 00 00 00 00 00 00 00 00 00 00 00 00 00 00 00  ................ [zeros]
000042E0:  00 00 00 00 00 00 00 00 00 00 00 00 00 00 00 00  ................ [zeros]
000042F0:  00 00 00 00 00 00 00 00 00 00 00 00 00 00 00 00  ................ [zeros]
00004300:  00 00 00 00 00 00 00 00 00 00 00 00 00 00 00 00  ................ [zeros]
00004310:  00 00 00 00 00 00 00 00 00 00 00 00 00 00 00 00  ................ [zeros]
00004320:  00 00 00 00 00 00 00 00 00 00 00 00 00 00 00 00  ................ [zeros]
00004330:  00 00 00 00 00 00 00 00 00 00 00 00 00 00 00 00  ................ [zeros]
00004340:  00 00 00 00 00 00 00 00 00 00 00 00 00 00 00 00  ................ [zeros]
00004350:  00 00 00 00 00 00 00 00 00 00 00 00 00 00 00 00  ................ [zeros]
00004360:  00 00 00 00 00 00 00 00 00 00 00 00 00 00 00 00  ................ [zeros]
00004370:  00 00 00 00 00 00 00 00 00 00 00 00 00 00 00 00  ................ [zeros]
00004380:  00 00 00 00 00 00 00 00 00 00 00 00 00 00 00 00  ................ [zeros]
00004390:  00 00 00 00 00 00 00 00 00 00 00 00 00 00 00 00  ................ [zeros]
000043A0:  00 00 00 00 00 00 00 00 00 00 00 00 00 00 00 00  ................ [zeros]
000043B0:  00 00 00 00 00 00 00 00 00 00 00 00 00 00 00 00  ................ [zeros]
000043C0:  00 00 00 00 00 00 00 00 00 00 00 00 00 00 00 00  ................ [zeros]
000043D0:  00 00 00 00 00 00 6B 45 9F 1A 53 D4 97 43 D8 94  ......kE..S..C..
000043E0:  2C 94 88 C1 34 A0 18 F3 AE 30 15 F5 26 7E 1F AD  ,...4....0..&~..
000043F0:  7E F4 FD AD E5 A5 A0 14 06 AE A6 72 51 5C 9B 36  ~..........rQ\.6
00004400:  A4 95 E0 7E 4E 68 00 00 00 00 00 00 00 00 00 00  ...~Nh..........
00004410:  00 00 00 00 00 00 6D 8B B8 F0 4D A1 0B E7 B3 2D  ......m...M....-
00004420:  88 67 A6 F4 BE 58 00 00 00 00 00 00 00 00 00 00  .g...X..........
00004430:  00 00 00 00 00 00 4E 8E A1 50 CB 3E BD C7 8E 75  ......N..P.>...u
00004440:  06 1E 2B D9 3E 7F 00 00 00 00 00 00 00 00 00 00  ..+.>...........
00004450:  00 00 00 00 00 00 1F 7D 9A 80 19 F2 60 FF 63 4C  .......}....`.cL
00004460:  F6 1A 5D 93 73 D0 00 00 00 00 00 00 00 00 00 00  ..].s...........
00004470:  00 00 00 00 00 00 34 D7 85 C5 93 12 86 2E 8F 81  ......4.........
00004480:  F0 B4 35 62 F2 A2 46 6C 20 95 07 FA 37 BF 2A 2F  ..5b..Fl ...7.*/
00004490:  A4 0D BF 9B 92 49 2B D3 DD E5 38 AE 7C 25 1A 26  .....I+...8.|%.&
000044A0:  B6 A6 DB 1F 85 E7 00 00 00 00 00 00 00 00 00 00  ................
000044B0:  00 00 00 00 00 00 00 00 00 00 00 00 00 00 00 00  ................ [zeros]
000044C0:  00 00 00 00 00 00 00 00 00 00 00 00 00 00 00 00  ................ [zeros]
000044D0:  00 00 00 00 00 00 00 00 00 00 00 00 00 00 00 00  ................ [zeros]
000044E0:  00 00 00 00 00 00 00 00 00 00 00 00 00 00 00 00  ................ [zeros]
000044F0:  00 00 00 00 00 00 00 00 00 00 00 00 00 00 00 00  ................ [zeros]
00004500:  00 00 00 00 00 00 00 00 00 00 00 00 00 00 00 00  ................ [zeros]
00004510:  00 00 00 00 00 00 00 00 00 00 00 00 00 00 00 00  ................ [zeros]
00004520:  00 00 00 00 00 00 00 00 00 00 00 00 00 00 00 00  ................ [zeros]
00004530:  00 00 00 00 00 00 00 00 00 00 00 00 00 00 00 00  ................ [zeros]
00004540:  00 00 00 00 00 00 00 00 00 00 00 00 00 00 00 00  ................ [zeros]
00004550:  00 00 00 00 00 00 00 00 00 00 00 00 00 00 00 00  ................ [zeros]
00004560:  00 00 00 00 00 00 00 00 00 00 00 00 00 00 00 00  ................ [zeros]
00004570:  00 00 00 00 00 00 00 00 00 00 00 00 00 00 00 00  ................ [zeros]
00004580:  00 00 00 00 00 00 00 00 00 00 00 00 00 00 00 00  ................ [zeros]
00004590:  00 00 00 00 00 00 00 00 00 00 00 00 00 00 00 00  ................ [zeros]
000045A0:  00 00 00 00 00 00 00 00 00 00 00 00 00 00 00 00  ................ [zeros]
000045B0:  00 00 00 00 00 00 00 00 00 00 00 00 00 00 00 00  ................ [zeros]
000045C0:  00 00 00 00 00 00 00 00 00 00 00 00 00 00 00 00  ................ [zeros]
000045D0:  00 00 00 00 00 00 00 00 00 00 00 00 00 00 00 00  ................ [zeros]
000045E0:  00 00 00 00 00 00 00 00 00 00 00 00 00 00 00 00  ................ [zeros]
000045F0:  00 00 00 00 00 00 00 00 00 00 00 00 00 00 00 00  ................ [zeros]
00004600:  00 00 00 00 00 00 00 00 00 00 00 00 00 00 00 00  ................ [zeros]
00004610:  00 00 00 00 00 00 00 00 00 00 00 00 00 00 00 00  ................ [zeros]
00004620:  00 00 00 00 00 00 00 00 00 00 00 00 00 00 00 00  ................ [zeros]
00004630:  00 00 00 00 00 00 00 00 00 00 00 00 00 00 00 00  ................ [zeros]
00004640:  00 00 00 00 00 00 00 00 00 00 00 00 00 00 00 00  ................ [zeros]
00004650:  00 00 00 00 00 00 00 00 00 00 00 00 00 00 00 00  ................ [zeros]
00004660:  00 00 00 00 00 00 00 00 00 00 00 00 00 00 00 00  ................ [zeros]
00004670:  00 00 00 00 00 00 00 00 00 00 00 00 00 00 00 00  ................ [zeros]
00004680:  00 00 00 00 00 00 00 00 00 00 00 00 00 00 00 00  ................ [zeros]
00004690:  00 00 00 00 00 00 00 00 00 00 00 00 00 00 00 00  ................ [zeros]
000046A0:  00 00 00 00 00 00 00 00 00 00 00 00 00 00 00 00  ................ [zeros]
000046B0:  00 00 00 00 00 00 00 00 00 00 00 00 00 00 00 00  ................ [zeros]
000046C0:  00 00 00 00 00 00 00 00 00 00 00 00 00 00 00 00  ................ [zeros]
000046D0:  00 00 00 00 00 00 00 00 00 00 00 00 00 00 00 00  ................ [zeros]
000046E0:  00 00 00 00 00 00 00 00 00 00 00 00 00 00 00 00  ................ [zeros]
000046F0:  00 00 00 00 00 00 00 00 00 00 00 00 00 00 00 00  ................ [zeros]
00004700:  00 00 00 00 00 00 00 00 00 00 00 00 00 00 00 00  ................ [zeros]
00004710:  00 00 00 00 00 00 00 00 00 00 00 00 00 00 00 00  ................ [zeros]
00004720:  00 00 00 00 00 00 00 00 00 00 00 00 00 00 00 00  ................ [zeros]
00004730:  00 00 00 00 00 00 00 00 00 00 00 00 00 00 00 00  ................ [zeros]
00004740:  00 00 00 00 00 00 00 00 00 00 00 00 00 00 00 00  ................ [zeros]
00004750:  00 00 00 00 00 00 00 00 00 00 00 00 00 00 00 00  ................ [zeros]
00004760:  00 00 00 00 00 00 00 00 00 00 00 00 00 00 00 00  ................ [zeros]
00004770:  00 00 00 00 00 00 00 00 00 00 00 00 00 00 00 00  ................ [zeros]
00004780:  00 00 00 00 00 00 00 00 00 00 00 00 00 00 00 00  ................ [zeros]
00004790:  00 00 00 00 00 00 00 00 00 00 00 00 00 00 00 00  ................ [zeros]
000047A0:  00 00 00 00 00 00 00 00 00 00 00 00 00 00 00 00  ................ [zeros]
000047B0:  00 00 00 00 00 00 00 00 00 00 00 00 00 00 00 00  ................ [zeros]
000047C0:  00 00 00 00 00 00 00 00 00 00 00 00 00 00 00 00  ................ [zeros]
000047D0:  00 00 00 00 00 00 00 00 00 00 00 00 00 00 00 00  ................ [zeros]
000047E0:  00 00 00 00 00 00 00 00 00 00 00 00 00 00 00 00  ................ [zeros]
000047F0:  00 00 00 00 00 00 00 00 00 00 00 00 00 00 00 00  ................ [zeros]
00004800:  00 00 00 00 00 00 00 00 00 00 00 00 00 00 00 00  ................ [zeros]
00004810:  00 00 00 00 00 00 00 00 00 00 00 00 00 00 00 00  ................ [zeros]
00004820:  00 00 00 00 00 00 00 00 00 00 00 00 00 00 00 00  ................ [zeros]
00004830:  00 00 00 00 00 00 00 00 00 00 00 00 00 00 00 00  ................ [zeros]
00004840:  00 00 00 00 00 00 00 00 00 00 00 00 00 00 00 00  ................ [zeros]
00004850:  00 00 00 00 00 00 00 00 00 00 00 00 00 00 00 00  ................ [zeros]
00004860:  00 00 00 00 00 00 00 00 00 00 00 00 00 00 00 00  ................ [zeros]
00004870:  00 00 00 00 00 00 00 00 00 00 00 00 00 00 00 00  ................ [zeros]
00004880:  00 00 00 00 00 00 00 00 00 00 00 00 00 00 00 00  ................ [zeros]
00004890:  00 00 00 00 00 00 00 00 00 00 00 00 00 00 00 00  ................ [zeros]
000048A0:  00 00 00 00 00 00 00 00 00 00 00 00 00 00 00 00  ................ [zeros]
000048B0:  00 00 00 00 00 00 00 00 00 00 00 00 00 00 00 00  ................ [zeros]
000048C0:  00 00 00 00 00 00 00 00 00 00 00 00 00 00 00 00  ................ [zeros]
000048D0:  00 00 00 00 00 00 00 00 00 00 00 00 00 00 00 00  ................ [zeros]
000048E0:  00 00 00 00 00 00 00 00 00 00 00 00 00 00 00 00  ................ [zeros]
000048F0:  00 00 00 00 00 00 00 00 00 00 00 00 00 00 00 00  ................ [zeros]
00004900:  00 00 00 00 00 00 00 00 00 00 00 00 00 00 00 00  ................ [zeros]
00004910:  00 00 00 00 00 00 00 00 00 00 00 00 00 00 00 00  ................ [zeros]
00004920:  00 00 00 00 00 00 00 00 00 00 00 00 00 00 00 00  ................ [zeros]
00004930:  00 00 00 00 00 00 00 00 00 00 00 00 00 00 00 00  ................ [zeros]
00004940:  00 00 00 00 00 00 00 00 00 00 00 00 00 00 00 00  ................ [zeros]
00004950:  00 00 00 00 00 00 00 00 00 00 00 00 00 00 00 00  ................ [zeros]
00004960:  00 00 00 00 00 00 00 00 00 00 00 00 00 00 00 00  ................ [zeros]
00004970:  00 00 00 00 00 00 00 00 00 00 00 00 00 00 00 00  ................ [zeros]
00004980:  00 00 00 00 00 00 00 00 00 00 00 00 00 00 00 00  ................ [zeros]
00004990:  00 00 00 00 00 00 00 00 00 00 00 00 00 00 00 00  ................ [zeros]
000049A0:  00 00 00 00 00 00 00 00 00 00 00 00 00 00 00 00  ................ [zeros]
000049B0:  00 00 00 00 00 00 00 00 00 00 00 00 00 00 00 00  ................ [zeros]
000049C0:  00 00 00 00 00 00 00 00 00 00 00 00 00 00 00 00  ................ [zeros]
000049D0:  00 00 00 00 00 00 00 00 00 00 00 00 00 00 00 00  ................ [zeros]
000049E0:  00 00 00 00 00 00 00 00 00 00 00 00 00 00 00 00  ................ [zeros]
000049F0:  00 00 00 00 00 00 00 00 00 00 00 00 00 00 00 00  ................ [zeros]
00004A00:  00 00 00 00 00 00 00 00 00 00 00 00 00 00 00 00  ................ [zeros]
00004A10:  00 00 00 00 00 00 00 00 00 00 00 00 00 00 00 00  ................ [zeros]
00004A20:  00 00 00 00 00 00 00 00 00 00 00 00 00 00 00 00  ................ [zeros]
00004A30:  00 00 00 00 00 00 00 00 00 00 00 00 00 00 00 00  ................ [zeros]
00004A40:  00 00 00 00 00 00 00 00 00 00 00 00 00 00 00 00  ................ [zeros]
00004A50:  00 00 00 00 00 00 00 00 00 00 00 00 00 00 00 00  ................ [zeros]
00004A60:  00 00 00 00 00 00 00 00 00 00 00 00 00 00 00 00  ................ [zeros]
00004A70:  00 00 00 00 00 00 00 00 00 00 00 00 00 00 00 00  ................ [zeros]
00004A80:  00 00 00 00 00 00 00 00 00 00 00 00 00 00 00 00  ................ [zeros]
00004A90:  00 00 00 00 00 00 00 00 00 00 00 00 00 00 00 00  ................ [zeros]
00004AA0:  00 00 00 00 00 00 7E A9 81 8A D9 ED 16 AF 34 6A  ......~.......4j
00004AB0:  D2 58 3B 82 80 12 F3 4D 1E 52 03 1D B1 42 3F A4  .X;....M.R...B?.
00004AC0:  1E 29 ED 32 20 66 64 3D FC 9F F0 17 7B 3F 13 A6  .).2 fd=....{?..
00004AD0:  D1 F4 F5 9C 47 85 64 3D FC 9F F0 17 7B 3F 13 A6  ....G.d=....{?..
00004AE0:  D1 F4 F5 9C 47 85 64 3D FC 9F F0 17 7B 3F 13 A6  ....G.d=....{?..
00004AF0:  D1 F4 F5 9C 47 85 64 3D FC 9F F0 17 7B 3F 13 A6  ....G.d=....{?..
00004B00:  D1 F4 F5 9C 47 85 64 3D FC 9F F0 17 7B 3F 13 A6  ....G.d=....{?..
00004B10:  D1 F4 F5 9C 47 85 64 3D FC 9F F0 17 7B 3F 13 A6  ....G.d=....{?..
00004B20:  D1 F4 F5 9C 47 85 64 3D FC 9F F0 17 7B 3F 13 A6  ....G.d=....{?..
00004B30:  D1 F4 F5 9C 47 85 64 3D FC 9F F0 17 7B 3F 13 A6  ....G.d=....{?..
00004B40:  D1 F4 F5 9C 47 85 64 3D FC 9F F0 17 7B 3F 13 A6  ....G.d=....{?..
00004B50:  D1 F4 F5 9C 47 85 64 3D FC 9F F0 17 7B 3F 13 A6  ....G.d=....{?..
00004B60:  D1 F4 F5 9C 47 85 64 3D FC 9F F0 17 7B 3F 13 A6  ....G.d=....{?..
00004B70:  D1 F4 F5 9C 47 85 64 3D FC 9F F0 17 7B 3F 13 A6  ....G.d=....{?..
00004B80:  D1 F4 F5 9C 47 85 64 3D FC 9F F0 17 7B 3F 13 A6  ....G.d=....{?..
00004B90:  D1 F4 F5 9C 47 85 64 3D FC 9F F0 17 7B 3F 13 A6  ....G.d=....{?..
00004BA0:  D1 F4 F5 9C 47 85 64 3D FC 9F F0 17 7B 3F 13 A6  ....G.d=....{?..
00004BB0:  D1 F4 F5 9C 47 85 C8 08 DC 83 3C 45 63 42 DA 45  ....G.....<EcB.E
00004BC0:  37 AC 06 85 9D 24 00 00 00 00 00 00 00 00 00 00  7....$..........
00004BD0:  00 00 00 00 00 00 00 00 00 00 00 00 00 00 00 00  ................ [zeros]
00004BE0:  00 00 00 00 00 00 00 00 00 00 00 00 00 00 00 00  ................ [zeros]
00004BF0:  00 00 00 00 00 00 00 00 00 00 00 00 00 00 00 00  ................ [zeros]
00004C00:  00 00 00 00 00 00 00 00 00 00 00 00 00 00 00 00  ................ [zeros]
00004C10:  00 00 00 00 00 00 00 00 00 00 00 00 00 00 00 00  ................ [zeros]
00004C20:  00 00 00 00 00 00 00 00 00 00 00 00 00 00 00 00  ................ [zeros]
00004C30:  00 00 00 00 00 00 00 00 00 00 00 00 00 00 00 00  ................ [zeros]
00004C40:  00 00 00 00 00 00 00 00 00 00 00 00 00 00 00 00  ................ [zeros]
00004C50:  00 00 00 00 00 00 00 00 00 00 00 00 00 00 00 00  ................ [zeros]
00004C60:  00 00 00 00 00 00 00 00 00 00 00 00 00 00 00 00  ................ [zeros]
00004C70:  00 00 00 00 00 00 00 00 00 00 00 00 00 00 00 00  ................ [zeros]
00004C80:  00 00 00 00 00 00 00 00 00 00 00 00 00 00 00 00  ................ [zeros]
00004C90:  00 00 00 00 00 00 00 00 00 00 00 00 00 00 00 00  ................ [zeros]
00004CA0:  00 00 00 00 00 00 00 00 00 00 00 00 00 00 00 00  ................ [zeros]
00004CB0:  00 00 00 00 00 00 00 00 00 00 00 00 00 00 00 00  ................ [zeros]
00004CC0:  00 00 00 00 00 00 00 00 00 00 00 00 00 00 00 00  ................ [zeros]
00004CD0:  00 00 00 00 00 00 9E D6 69 E9 11 98 A9 C2 E6 30  ........i......0
00004CE0:  47 D0 B3 C4 55 0D 64 3D FC 9F F0 17 7B 3F 13 A6  G...U.d=....{?..
00004CF0:  D1 F4 F5 9C 47 85 64 3D FC 9F F0 17 7B 3F 13 A6  ....G.d=....{?..
00004D00:  D1 F4 F5 9C 47 85 64 3D FC 9F F0 17 7B 3F 13 A6  ....G.d=....{?..
00004D10:  D1 F4 F5 9C 47 85 64 3D FC 9F F0 17 7B 3F 13 A6  ....G.d=....{?..
00004D20:  D1 F4 F5 9C 47 85 64 3D FC 9F F0 17 7B 3F 13 A6  ....G.d=....{?..
00004D30:  D1 F4 F5 9C 47 85 64 3D FC 9F F0 17 7B 3F 13 A6  ....G.d=....{?..
00004D40:  D1 F4 F5 9C 47 85 64 3D FC 9F F0 17 7B 3F 13 A6  ....G.d=....{?..
00004D50:  D1 F4 F5 9C 47 85 64 3D FC 9F F0 17 7B 3F 13 A6  ....G.d=....{?..
00004D60:  D1 F4 F5 9C 47 85 64 3D FC 9F F0 17 7B 3F 13 A6  ....G.d=....{?..
00004D70:  D1 F4 F5 9C 47 85 64 3D FC 9F F0 17 7B 3F 13 A6  ....G.d=....{?..
00004D80:  D1 F4 F5 9C 47 85 64 3D FC 9F F0 17 7B 3F 13 A6  ....G.d=....{?..
00004D90:  D1 F4 F5 9C 47 85 64 3D FC 9F F0 17 7B 3F 13 A6  ....G.d=....{?..
00004DA0:  D1 F4 F5 9C 47 85 64 3D FC 9F F0 17 7B 3F 13 A6  ....G.d=....{?..
00004DB0:  D1 F4 F5 9C 47 85 64 3D FC 9F F0 17 7B 3F 13 A6  ....G.d=....{?..
00004DC0:  D1 F4 F5 9C 47 85 64 3D FC 9F F0 17 7B 3F 13 A6  ....G.d=....{?..
00004DD0:  D1 F4 F5 9C 47 85 9E D6 69 E9 11 98 A9 C2 E6 30  ....G...i......0
00004DE0:  47 D0 B3 C4 55 0D 64 3D FC 9F F0 17 7B 3F 13 A6  G...U.d=....{?..
00004DF0:  D1 F4 F5 9C 47 85 64 3D FC 9F F0 17 7B 3F 13 A6  ....G.d=....{?..
00004E00:  D1 F4 F5 9C 47 85 64 3D FC 9F F0 17 7B 3F 13 A6  ....G.d=....{?..
00004E10:  D1 F4 F5 9C 47 85 64 3D FC 9F F0 17 7B 3F 13 A6  ....G.d=....{?..
00004E20:  D1 F4 F5 9C 47 85 64 3D FC 9F F0 17 7B 3F 13 A6  ....G.d=....{?..
00004E30:  D1 F4 F5 9C 47 85 64 3D FC 9F F0 17 7B 3F 13 A6  ....G.d=....{?..
00004E40:  D1 F4 F5 9C 47 85 64 3D FC 9F F0 17 7B 3F 13 A6  ....G.d=....{?..
00004E50:  D1 F4 F5 9C 47 85 64 3D FC 9F F0 17 7B 3F 13 A6  ....G.d=....{?..
00004E60:  D1 F4 F5 9C 47 85 64 3D FC 9F F0 17 7B 3F 13 A6  ....G.d=....{?..
00004E70:  D1 F4 F5 9C 47 85 64 3D FC 9F F0 17 7B 3F 13 A6  ....G.d=....{?..
00004E80:  D1 F4 F5 9C 47 85 64 3D FC 9F F0 17 7B 3F 13 A6  ....G.d=....{?..
00004E90:  D1 F4 F5 9C 47 85 64 3D FC 9F F0 17 7B 3F 13 A6  ....G.d=....{?..
00004EA0:  D1 F4 F5 9C 47 85 64 3D FC 9F F0 17 7B 3F 13 A6  ....G.d=....{?..
00004EB0:  D1 F4 F5 9C 47 85 64 3D FC 9F F0 17 7B 3F 13 A6  ....G.d=....{?..
00004EC0:  D1 F4 F5 9C 47 85 64 3D FC 9F F0 17 7B 3F 13 A6  ....G.d=....{?..
00004ED0:  D1 F4 F5 9C 47 85 00 00 00 00 00 00 00 00 00 00  ....G...........
00004EE0:  00 00 00 00 00 00 00 00 00 00 00 00 00 00 00 00  ................ [zeros]
00004EF0:  00 00 00 00 00 00 00 00 00 00 00 00 00 00 00 00  ................ [zeros]
00004F00:  00 00 00 00 00 00 00 00 00 00 00 00 00 00 00 00  ................ [zeros]
00004F10:  00 00 00 00 00 00 00 00 00 00 00 00 00 00 00 00  ................ [zeros]
00004F20:  00 00 00 00 00 00 DD A3 67 8E 27 25 DA A0 B6 5D  ........g.'%...]
00004F30:  40 29 81 F3 69 4A DD A3 67 8E 27 25 DA A0 B6 5D  @)..iJ..g.'%...]
00004F40:  40 29 81 F3 69 4A 50 97 84 C4 A5 0B 6B 32 8C 87  @)..iJP.....k2..
00004F50:  D9 EB EF 76 5F 13 83 5D 2A 91 50 39 5E 53 11 34  ...v_..]*.P9^S.4
00004F60:  08 BC 2E 71 F3 4F EA ED DB 51 58 D7 61 B0 5A 9C  ...q.O...QX.a.Z.
00004F70:  7E 58 79 46 61 18 8E 9C 4A A4 63 B5 DA DA B2 AF  ~XyFa...J.c.....
00004F80:  1D 8D 57 34 76 60 10 E0 AA 52 CE 1E C2 E8 BA F0  ..W4v`...R......
00004F90:  6E 3C FA 23 97 DB E4 68 93 B2 BA 31 A4 B8 2E 5C  n<.#...h...1...\
00004FA0:  BD 17 7F 36 03 16 D0 1D 2F 2C F3 EB 74 F2 D3 10  ...6..../,..t...
00004FB0:  3B FB 68 F6 C1 C8 00 00 00 00 00 00 00 00 00 00  ;.h.............
00004FC0:  00 00 00 00 00 00 00 00 00 00 00 00 00 00 00 00  ................ [zeros]
00004FD0:  00 00 00 00 00 00 00 00 00 00 00 00 00 00 00 00  ................ [zeros]
00004FE0:  00 00 00 00 00 00 00 00 00 00 00 00 00 00 00 00  ................ [zeros]
00004FF0:  00 00 00 00 00 00 00 00 00 00 00 00 00 00 00 00  ................ [zeros]
00005000:  00 00 00 00 00 00 00 00 00 00 00 00 00 00 00 00  ................ [zeros]
00005010:  00 00 00 00 00 00 00 00 00 00 00 00 00 00 00 00  ................ [zeros]
00005020:  00 00 00 00 00 00 00 00 00 00 00 00 00 00 00 00  ................ [zeros]
00005030:  00 00 00 00 00 00 00 00 00 00 00 00 00 00 00 00  ................ [zeros]
00005040:  00 00 00 00 00 00 00 00 00 00 00 00 00 00 00 00  ................ [zeros]
00005050:  00 00 00 00 00 00 00 00 00 00 00 00 00 00 00 00  ................ [zeros]
00005060:  00 00 00 00 00 00 91 00 7B 18 8B 91 5E C1 94 AD  ........{...^...
00005070:  48 E7 1E FB 39 A2 24 00 F0 A2 18 6D 87 E8 80 2C  H...9.$....m...,
00005080:  FE 46 46 F6 9F 00 A7 19 C4 F3 6F 0E B3 F7 29 77  .FF.......o...)w
00005090:  CC 83 DE A3 A3 6A 83 36 8B C2 5A 93 7A 83 26 C7  .....j.6..Z.z.&.
000050A0:  90 62 70 87 51 C8 DE F4 FF 3D F6 16 33 53 10 75  .bp.Q....=..3S.u
000050B0:  A5 D9 26 E8 F7 6B DB 0B 37 53 99 A9 6F 1A E7 7F  ..&..k..7S..o...
000050C0:  9E 89 41 DE 95 9F 79 41 5B DD CC BA AC C1 2D 29  ..A...yA[.....-)
000050D0:  55 A3 EE 58 6B B2 0B E7 8C 10 35 31 03 ED F8 FE  U..Xk.....51....
000050E0:  6C C9 EB 56 6F 91 CA E7 01 AB 7B 8A FE B7 0D FB  l..Vo.....{.....
000050F0:  34 9A 68 31 16 83 FF D8 2C 11 FB CB 1F E7 B3 D8  4.h1....,.......
00005100:  D9 AA 0F B2 6D 36 00 00 00 00 00 00 00 00 00 00  ....m6..........
00005110:  00 00 00 00 00 00 00 00 00 00 00 00 00 00 00 00  ................ [zeros]
00005120:  00 00 00 00 00 00 2E 21 B7 09 89 BC 1D 6C 34 32  .......!.....l42
00005130:  63 01 73 F0 C3 41 8A 08 B1 39 F6 40 A5 F7 AA 1C  c.s..A...9.@....
00005140:  ED 18 DE 69 36 E4 2C 5D 75 D9 35 E4 94 A5 98 7C  ...i6.,]u.5....|
00005150:  7E FF CE FD DE 30 92 D3 8B 46 00 78 39 27 25 7C  ~....0...F.x9'%|
00005160:  58 66 3B 18 A0 1B 7E C0 CB 2E 11 04 6F 6C 89 63  Xf;...~.....ol.c
00005170:  0A C8 DF A0 50 6C 89 9B B7 9F 8E A5 0C B5 CB A1  ....Pl..........
00005180:  9A 5B EE FE A2 91 97 3F CD 08 D5 26 1B 97 ED 8F  .[.....?...&....
00005190:  9E 33 66 94 41 97 24 00 F0 A2 18 6D 87 E8 80 2C  .3f.A.$....m...,
000051A0:  FE 46 46 F6 9F 00 00 00 00 00 00 00 00 00 00 00  .FF.............
000051B0:  00 00 00 00 00 00 08 FC 02 4E 9D 65 33 25 AA 9A  .........N.e3%..
000051C0:  92 CA 40 DF F1 CD 8A 08 B1 39 F6 40 A5 F7 AA 1C  ..@......9.@....
000051D0:  ED 18 DE 69 36 E4 2C 5D 75 D9 35 E4 94 A5 98 7C  ...i6.,]u.5....|
000051E0:  7E FF CE FD DE 30 00 00 00 00 00 00 00 00 00 00  ~....0..........
000051F0:  00 00 00 00 00 00 00 00 00 00 00 00 00 00 00 00  ................ [zeros]
00005200:  00 00 00 00 00 00 00 00 00 00 00 00 00 00 00 00  ................ [zeros]
00005210:  00 00 00 00 00 00 00 00 00 00 00 00 00 00 00 00  ................ [zeros]
00005220:  00 00 00 00 00 00 00 00 00 00 00 00 00 00 00 00  ................ [zeros]
00005230:  00 00 00 00 00 00 00 00 00 00 00 00 00 00 00 00  ................ [zeros]
00005240:  00 00 00 00 00 00 00 00 00 00 00 00 00 00 00 00  ................ [zeros]
00005250:  00 00 00 00 00 00 00 00 00 00 00 00 00 00 00 00  ................ [zeros]
00005260:  00 00 00 00 00 00 00 00 00 00 00 00 00 00 00 00  ................ [zeros]
00005270:  00 00 00 00 00 00 00 00 00 00 00 00 00 00 00 00  ................ [zeros]
00005280:  00 00 00 00 00 00 00 00 00 00 00 00 00 00 00 00  ................ [zeros]
00005290:  00 00 00 00 00 00 00 00 00 00 00 00 00 00 00 00  ................ [zeros]
000052A0:  00 00 00 00 00 00 00 00 00 00 00 00 00 00 00 00  ................ [zeros]
000052B0:  00 00 00 00 00 00 57 E8 53 F8 AB 5A 8A 03 2F 95  ......W.S..Z../.
000052C0:  5A 1D E5 FB 8F 08 24 1F 6A 93 DD AA 89 0F EA EF  Z.....$.j.......
000052D0:  04 7D 39 0B 11 48 D2 F2 EE 55 4E 8E 44 43 47 76  .}9..H...UN.DCGv
000052E0:  A2 C4 1A AC 38 44 57 E8 53 F8 AB 5A 8A 03 2F 95  ....8DW.S..Z../.
000052F0:  5A 1D E5 FB 8F 08 24 1F 6A 93 DD AA 89 0F EA EF  Z.....$.j.......
00005300:  04 7D 39 0B 11 48 D2 F2 EE 55 4E 8E 44 43 47 76  .}9..H...UN.DCGv
00005310:  A2 C4 1A AC 38 44 57 E8 53 F8 AB 5A 8A 03 2F 95  ....8DW.S..Z../.
00005320:  5A 1D E5 FB 8F 08 FE C9 99 0E ED 04 5E A3 FA 17  Z...........^...
00005330:  61 EE 54 BE 86 FC 00 00 00 00 00 00 00 00 00 00  a.T.............
00005340:  00 00 00 00 00 00 67 0B 7C 2A 68 AE 70 34 39 F0  ......g.|*h.p49.
00005350:  DC 6A 21 84 4E 86 5E 77 E9 BD 2E 2F 3F 8A F6 96  .j!.N.^w.../?...
00005360:  93 ED DA FD 08 AF B4 F5 8B 93 AA 2B 2F 65 31 4D  ...........+/e1M
00005370:  A8 33 8E 1B 19 50 D3 18 5C 0F BE F9 B5 39 7B 1B  .3...P..\....9{.
00005380:  E4 C5 AA A1 8F E5 93 CE 73 22 69 F8 69 DF 92 AE  ........s"i.i...
00005390:  AB E0 D1 B2 EF 36 F7 2B BB 52 BA 9F 20 D7 4B B0  .....6.+.R.. .K.
000053A0:  6B 6B 2A 27 91 47 28 81 06 8A BF AE F7 CF 0E 3D  kk*'.G(........=
000053B0:  60 D6 A7 DA 14 EB 56 45 3C DF F0 22 51 F8 44 41  `.....VE<.."Q.DA
000053C0:  B7 91 69 59 3F CA 76 8F D3 95 5D 37 51 0F 27 49  ..iY?.v...]7Q.'I
000053D0:  19 D8 93 1D BC FE F1 62 D4 48 F0 5C 32 24 18 60  .......b.H.\2$.`
000053E0:  DE A0 29 7B 56 D2 EC 21 20 9B B0 CC DC 69 D1 F1  ..){V..! ....i..
000053F0:  12 34 CC 7C 9D B9 4C CA 9E EF 2A 03 66 9A F4 DA  .4.|..L...*.f...
00005400:  6D 71 5B E7 C8 32 C9 F9 F3 C3 88 86 E2 E3 1F F0  mq[..2..........
00005410:  5F 11 09 A5 00 A6 EC 6D C3 0B 78 D5 3E FB 70 1E  _......m..x.>.p.
00005420:  21 64 AC BC DC 7F E6 D5 A8 7A 35 87 9B 20 AC 46  !d.......z5.. .F
00005430:  EB 55 9E 56 7A 44 8A 08 B1 39 F6 40 A5 F7 AA 1C  .U.VzD...9.@....
00005440:  ED 18 DE 69 36 E4 97 3F CD 08 D5 26 1B 97 ED 8F  ...i6..?...&....
00005450:  9E 33 66 94 41 97 00 00 00 00 00 00 00 00 00 00  .3f.A...........
00005460:  00 00 00 00 00 00 92 D3 8B 46 00 78 39 27 25 7C  .........F.x9'%|
00005470:  58 66 3B 18 A0 1B 00 00 00 00 00 00 00 00 00 00  Xf;.............
00005480:  00 00 00 00 00 00 08 FC 02 4E 9D 65 33 25 AA 9A  .........N.e3%..
00005490:  92 CA 40 DF F1 CD 89 9B B7 9F 8E A5 0C B5 CB A1  ..@.............
000054A0:  9A 5B EE FE A2 91 00 00 00 00 00 00 00 00 00 00  .[..............
000054B0:  00 00 00 00 00 00 2C 5D 75 D9 35 E4 94 A5 98 7C  ......,]u.5....|
000054C0:  7E FF CE FD DE 30 24 00 F0 A2 18 6D 87 E8 80 2C  ~....0$....m...,
000054D0:  FE 46 46 F6 9F 00 00 00 00 00 00 00 00 00 00 00  .FF.............
000054E0:  00 00 00 00 00 00 7E C0 CB 2E 11 04 6F 6C 89 63  ......~.....ol.c
000054F0:  0A C8 DF A0 50 6C 00 00 00 00 00 00 00 00 00 00  ....Pl..........
00005500:  00 00 00 00 00 00 8A 08 B1 39 F6 40 A5 F7 AA 1C  .........9.@....
00005510:  ED 18 DE 69 36 E4 97 3F CD 08 D5 26 1B 97 ED 8F  ...i6..?...&....
00005520:  9E 33 66 94 41 97 00 00 00 00 00 00 00 00 00 00  .3f.A...........
00005530:  00 00 00 00 00 00 00 00 00 00 00 00 00 00 00 00  ................ [zeros]
00005540:  00 00 00 00 00 00 00 00 00 00 00 00 00 00 00 00  ................ [zeros]
00005550:  00 00 00 00 00 00 00 00 00 00 00 00 00 00 00 00  ................ [zeros]
00005560:  00 00 00 00 00 00 00 00 00 00 00 00 00 00 00 00  ................ [zeros]
00005570:  00 00 00 00 00 00 00 00 00 00 00 00 00 00 00 00  ................ [zeros]
00005580:  00 00 00 00 00 00 C7 17 6B 26 6F 6B A5 40 7C 00  ........k&ok.@|.
00005590:  A2 07 1B 5E 64 3D A1 86 1E A6 E8 BE DA 6A 06 8A  ...^d=.......j..
000055A0:  42 18 64 E7 52 C0 45 74 19 3B FE A2 77 03 D9 4C  B.d.R.Et.;..w..L
000055B0:  92 A6 3D 65 C9 34 A1 86 1E A6 E8 BE DA 6A 06 8A  ..=e.4.......j..
000055C0:  42 18 64 E7 52 C0 DC 3D 6E EE 53 D2 A0 3F A2 63  B.d.R..=n.S..?.c
000055D0:  77 F4 3A 2F EB E0 12 2F 80 82 89 F9 BE 61 75 A6  w.:/.../.....au.
000055E0:  02 FC 17 BB 19 F1 44 B5 B9 7B 3A 5E 7F 27 D6 14  ......D..{:^.'..
000055F0:  5A 8B 04 94 46 39 90 A2 0C 5C FF 66 C0 BF 1F C3  Z...F9...\.f....
00005600:  48 4A 0A 1A 23 C5 D4 32 94 A1 D3 86 BE 41 37 77  HJ..#..2.....A7w
00005610:  EA D4 40 DF 39 72 00 00 00 00 00 00 00 00 00 00  ..@.9r..........
00005620:  00 00 00 00 00 00 CB 81 49 44 C7 40 92 56 D9 E7  ........ID.@.V..
00005630:  75 B1 C4 ED 00 53 CC 9A 05 4D 1C 76 35 9D 86 2E  u....S...M.v5...
00005640:  6D D2 F5 05 C0 81 3A 27 D4 79 C9 EB 79 80 FE CF  m.....:'.y..y...
00005650:  F7 F3 D4 A9 AA 89 CA 18 08 40 E1 A9 B8 DD FC B2  .........@......
00005660:  9B 45 E9 8B 7B D1 55 CC 21 87 6F 67 CE 61 96 04  .E..{.U.!.og.a..
00005670:  1B 1C B4 F6 6D 0D AF B8 41 16 5D C7 66 8E 4F EE  ....m...A.].f.O.
00005680:  1F F0 7F DE EB 21 AB A2 BA 5E 38 BC D2 E1 98 ED  .....!...^8.....
00005690:  1D 56 11 D1 99 80 7B 62 79 6D 76 2B 2B 8B 19 64  .V....{bymv++..d
000056A0:  6F B3 AA A0 A3 D5 7C 86 BD EB 43 59 D9 D3 10 D9  o.....|...CY....
000056B0:  EF 74 24 AF 1B CD 6C 5C E9 B6 0C 47 6A F4 8E BB  .t$...l\...Gj...
000056C0:  87 56 AC 97 EF 8C 94 AB 08 14 44 9D A2 4F B7 6E  .V........D..O.n
000056D0:  FC E0 D2 94 7F 00 00 00 00 00 00 00 00 00 00 00  ................
000056E0:  00 00 00 00 00 00 00 00 00 00 00 00 00 00 00 00  ................ [zeros]
000056F0:  00 00 00 00 00 00 00 00 00 00 00 00 00 00 00 00  ................ [zeros]
00005700:  00 00 00 00 00 00 00 00 00 00 00 00 00 00 00 00  ................ [zeros]
00005710:  00 00 00 00 00 00 7D 0A 8F 45 7B C5 73 3D 83 14  ......}..E{.s=..
00005720:  D6 09 B2 BC 88 3C 40 ED 8D 8B EC 04 F2 FB 11 29  .....<@........)
00005730:  5A CF F8 13 AE 1C 59 A7 15 33 2A 2E CB 57 E6 D1  Z.....Y..3*..W..
00005740:  02 AA E9 68 BC 8F E8 FF 7E 12 20 FF 97 BA 5E 82  ...h....~. ...^.
00005750:  76 AC 69 01 9A D4 F6 19 90 82 B6 AA 37 5E 78 36  v.i.........7^x6
00005760:  F6 48 AB A1 8A C4 82 8C 7C B3 9B 3B 9E 1E 54 52  .H......|..;..TR
00005770:  D1 31 29 93 44 26 B2 32 97 EC F1 CC D5 01 34 D5  .1).D&.2......4.
00005780:  E8 EA E5 1B 66 F6 68 91 31 94 E9 08 59 39 4B 50  ....f.h.1...Y9KP
00005790:  6C 26 7F FF 25 64 B4 A1 8F 01 13 C9 D7 15 36 08  l&..%d........6.
000057A0:  E0 CD 4B 22 0D 8A 97 7A E5 D1 26 3D 27 31 A5 B4  ..K"...z..&='1..
000057B0:  8A 95 91 E9 57 78 1E 0E 6D D6 BB E2 05 B5 D9 E4  ....Wx..m.......
000057C0:  D6 D5 F4 BF B7 A1 82 4D 72 15 4F 8A 29 05 6E 0E  .......Mr.O.).n.
000057D0:  AD BD 35 5B 4F 3A 93 E0 5F 3D 94 AD D0 38 78 7F  ..5[O:.._=...8x.
000057E0:  11 66 76 F3 CD 76 2C EE 46 A0 A2 5D 4A 74 29 0D  .fv..v,.F..]Jt).
000057F0:  33 11 E8 D4 9D 9A 03 23 84 31 B1 6A 97 0C FD 3C  3......#.1.j...<
00005800:  48 20 9B 66 76 9F 8F 4C F4 8D 51 63 34 85 C4 8C  H .fv..L..Qc4...
00005810:  45 D2 FE 43 1E 53 54 4E 37 72 3B 96 2C 76 41 D7  E..C.STN7r;.,vA.
00005820:  B1 CB 73 E3 9D BB 6D 2E 42 66 B2 D3 1E E6 10 E8  ..s...m.Bf......
00005830:  37 AF 3A 8F 4A 9E 8A 2A 7A 4E 61 F0 F0 2E D1 E9  7.:.J..*zNa.....
00005840:  97 AE 1C 03 81 99 48 1F 1E D4 54 74 72 0D E7 BB  ......H...Ttr...
00005850:  4B AB 6B A3 4B AA 77 3F 0F 2B 98 33 B7 6A EA ED  K.k.K.w?.+.3.j..
00005860:  8B E7 54 B0 9A 68 4B 8D 85 22 6B 80 D7 C4 25 BC  ..T..hK.."k...%.
00005870:  EB 18 5A 94 C9 39 BD E6 D6 98 A6 B2 7E 81 5F 8A  ..Z..9......~._.
00005880:  95 30 C5 62 E5 BF 97 5F 04 EC 0D 55 E4 85 83 15  .0.b..._...U....
00005890:  91 4F 55 19 A7 97 62 46 32 13 6D 2F 52 6C 5F 14  .OU...bF2.m/Rl_.
000058A0:  86 94 E3 D8 F7 8F CD D7 E5 8B 69 F3 DE 85 E5 21  ..........i....!
000058B0:  CB CD CC 29 B0 7B C2 D8 F2 43 6C 9C 4D 19 0A D4  ...).{...Cl.M...
000058C0:  9C FE BF 39 40 AC C5 BB D7 BA 76 6C 50 20 E0 BC  ...9@.....vlP ..
000058D0:  FD 5A D6 73 03 A5 52 4D 10 44 DA 28 6A C8 7A 90  .Z.s..RM.D.(j.z.
000058E0:  FC 25 11 D8 93 9A 2F F3 D0 6F 1B D8 2F 0C 1C F6  .%..../..o../...
000058F0:  5B D3 1E 53 47 5D 57 97 4D 7F 95 86 53 37 CF BA  [..SG]W.M...S7..
00005900:  6D 85 1C AD 78 FA 38 F8 2B D9 17 D8 AA FD 49 39  m...x.8.+.....I9
00005910:  77 99 23 A7 99 A9 DC F3 7B 4A BE BA 1D CB 93 F7  w.#.....{J......
00005920:  C4 3A 56 FB 2C 0A BF 7E E5 87 A6 38 4C FC C9 62  .:V.,..~...8L..b
00005930:  A4 D6 8D 5A 86 7C 58 F7 56 69 55 6D C7 0A 86 EA  ...Z.|X.ViUm....
00005940:  F7 9E 17 C8 62 F0 53 D9 C5 E7 7E 18 15 73 A1 26  ....b.S...~..s.&
00005950:  E9 A0 5E 98 0D F0 37 22 71 75 9C 56 DB 2E A7 A7  ..^...7"qu.V....
00005960:  AA 6F 92 E4 E6 E6 4A 98 B1 35 CD 02 CC 0C AB D0  .o....J..5......
00005970:  FA 94 77 9F 19 BA FA 48 68 6D F1 28 38 5F C5 17  ..w....Hhm.(8_..
00005980:  66 6D BA 11 99 3C 4B BA 6E F6 E5 00 10 A3 18 2C  fm...<K.n......,
00005990:  43 CF A9 DE F5 60 00 00 00 00 00 00 00 00 00 00  C....`..........
000059A0:  00 00 00 00 00 00 00 00 00 00 00 00 00 00 00 00  ................ [zeros]
000059B0:  00 00 00 00 00 00 00 00 00 00 00 00 00 00 00 00  ................ [zeros]
000059C0:  00 00 00 00 00 00 00 00 00 00 00 00 00 00 00 00  ................ [zeros]
000059D0:  00 00 00 00 00 00 00 00 00 00 00 00 00 00 00 00  ................ [zeros]
000059E0:  00 00 00 00 00 00 00 00 00 00 00 00 00 00 00 00  ................ [zeros]
000059F0:  00 00 00 00 00 00 00 00 00 00 00 00 00 00 00 00  ................ [zeros]
00005A00:  00 00 00 00 00 00 EF 82 B1 31 59 96 3A 84 89 57  .........1Y.:..W
00005A10:  9D 9C 1C 39 1A F9 13 C1 A4 97 38 4E B2 9A 55 15  ...9......8N..U.
00005A20:  B4 87 90 3D CA BA E4 4B 69 FE A4 F3 66 7D F0 43  ...=...Ki...f}.C
00005A30:  E6 CC C9 62 10 BF CD E3 AF 43 08 12 3F CA 16 D8  ...b.....C..?...
00005A40:  3A 03 A5 85 32 E7 AB A8 1F C5 F5 B4 0D E4 B3 DC  :...2...........
00005A50:  84 AD 0A CF 52 2B 8D 0F 84 C0 0B 87 A5 B0 D9 12  ....R+..........
00005A60:  7C 57 81 D6 9E 6D 5A DF 3A 4B 1E E6 0E F5 26 20  |W...mZ.:K....& 
00005A70:  CC FD 80 4E F2 37 F6 F5 93 58 59 54 BB D7 D3 92  ...N.7...XYT....
00005A80:  5E 52 44 83 ED BA 20 85 B2 EF 77 53 73 30 9E 07  ^RD... ...wSs0..
00005A90:  BF 02 AA 50 8C 92 A3 86 5F 7D 0E 5A 57 43 EB E2  ...P...._}.ZWC..
00005AA0:  8B 3A F4 F5 5C 5F 80 03 9B C6 E7 C1 BF F5 57 4D  .:..\_........WM
00005AB0:  99 61 30 84 C8 92 00 00 00 00 00 00 00 00 00 00  .a0.............
00005AC0:  00 00 00 00 00 00 62 41 66 43 D7 F5 96 2C D0 75  ......bAfC...,.u
00005AD0:  1B DA 05 9F A6 C8 0F 13 83 5B 1E 22 A0 CB 69 97  .........[."..i.
00005AE0:  76 62 1D 45 6A 2D 00 00 00 00 00 00 00 00 00 00  vb.Ej-..........
00005AF0:  00 00 00 00 00 00 00 00 00 00 00 00 00 00 00 00  ................ [zeros]
00005B00:  00 00 00 00 00 00 00 00 00 00 00 00 00 00 00 00  ................ [zeros]
00005B10:  00 00 00 00 00 00 00 00 00 00 00 00 00 00 00 00  ................ [zeros]
00005B20:  00 00 00 00 00 00 00 00 00 00 00 00 00 00 00 00  ................ [zeros]
00005B30:  00 00 00 00 00 00 00 00 00 00 00 00 00 00 00 00  ................ [zeros]
00005B40:  00 00 00 00 00 00 00 00 00 00 00 00 00 00 00 00  ................ [zeros]
00005B50:  00 00 00 00 00 00 00 00 00 00 00 00 00 00 00 00  ................ [zeros]
00005B60:  00 00 00 00 00 00 00 00 00 00 00 00 00 00 00 00  ................ [zeros]
00005B70:  00 00 00 00 00 00 00 00 00 00 00 00 00 00 00 00  ................ [zeros]
00005B80:  00 00 00 00 00 00 00 00 00 00 00 00 00 00 00 00  ................ [zeros]
00005B90:  00 00 00 00 00 00 00 00 00 00 00 00 00 00 00 00  ................ [zeros]
00005BA0:  00 00 00 00 00 00 00 00 00 00 00 00 00 00 00 00  ................ [zeros]
00005BB0:  00 00 00 00 00 00 5A 66 2A 8C B1 6C AC 51 E2 E8  ......Zf*..l.Q..
00005BC0:  4C 10 D1 46 F4 24 1D 79 47 A7 E3 70 FE 90 50 B9  L..F.$.yG..p..P.
00005BD0:  7E FF EF A4 A8 EB 00 00 00 00 00 00 00 00 00 00  ~...............
00005BE0:  00 00 00 00 00 00 0F 82 37 06 6D CF D4 7A 6F F6  ........7.m..zo.
00005BF0:  F9 BF 63 17 EE 13 36 A0 E3 9B CE A6 A7 20 AF A1  ..c...6...... ..
00005C00:  B8 45 C7 4B 52 31 DB 38 3A 72 29 7F B5 58 40 40  .E.KR1.8:r)..X@@
00005C10:  0F 11 3E DD 04 EB 00 00 00 00 00 00 00 00 00 00  ..>.............
00005C20:  00 00 00 00 00 00 62 C3 49 45 4E 2E 65 FF 42 FC  ......b.IEN.e.B.
00005C30:  D0 6F DE 5C 40 14 39 5A DF 52 66 53 1B 3B 69 F0  .o.\@.9Z.RfS.;i.
00005C40:  D5 75 91 8C 07 AF B5 C3 5F 5D 2F DC 0A DE 2A 04  .u......_]/...*.
00005C50:  F6 04 8E 43 09 8C 2B 02 9C 98 82 D9 5F F0 6D 75  ...C..+....._.mu
00005C60:  8B DD 36 05 54 8D 42 BE CA 24 9A 84 20 17 89 3A  ..6.T.B..$.. ..:
00005C70:  4C D8 26 EC DD FF 5A 53 1E F7 44 94 11 B2 9B BC  L.&...ZS..D.....
00005C80:  E9 59 FD 7E AA 4A D5 81 C1 73 64 1C F4 05 58 74  .Y.~.J...sd...Xt
00005C90:  89 4D F9 56 21 B4 CF 3E 32 38 9F F6 41 7A CB 77  .M.V!..>28..Az.w
00005CA0:  76 3A 24 4F A2 8C BE DF 87 E8 E7 04 DE E6 AD 02  v:$O............
00005CB0:  89 4C B9 DF E7 D9 9F 73 5E F4 5D 1F 90 7F C7 99  .L.....s^.].....
00005CC0:  15 6C 54 FA 61 EC 23 CD F1 41 0A 5C E3 54 E4 86  .lT.a.#..A.\.T..
00005CD0:  89 16 36 42 94 88 FB 73 77 BD C6 F6 2F FF 51 50  ..6B...sw.../.QP
00005CE0:  15 1E A6 86 22 E9 4B AC C2 CE 60 11 C1 BC 4D 5B  ....".K...`...M[
00005CF0:  95 F8 2D 57 D8 34 CB BB 44 FC 35 98 DC C7 66 FE  ..-W.4..D.5...f.
00005D00:  3B 8E EA 76 B5 25 85 45 5A DB AE 56 2B 15 29 40  ;..v.%.EZ..V+.)@
00005D10:  86 24 5A 1C 67 87 1E 81 4D 8F F7 FF E5 2A 1A 89  .$Z.g...M....*..
00005D20:  E7 15 0B 62 8B E8 B8 16 C5 BA 31 E2 D8 AE FF 49  ...b......1....I
00005D30:  32 39 7D 10 F9 A3 18 DD 5C 07 7D E5 A4 B8 5B 86  29}.....\.}...[.
00005D40:  6C 4B 95 AC DD AA 87 E6 ED B6 1C DB A5 A3 47 38  lK............G8
00005D50:  BD FA 13 2B 0F DE 47 1E BB 2A 20 4B B1 FA 45 A8  ...+..G..* K..E.
00005D60:  90 A7 2E 5A 9E 45 5C B4 FF 9B F5 B4 70 78 F6 98  ...Z.E\.....px..
00005D70:  87 3F 11 CC 75 FC BA FB 46 25 B6 8A 30 80 DC 89  .?..u...F%..0...
00005D80:  8D 5F 7A 69 E8 5E 71 89 32 F4 2A 44 61 FB 02 5C  ._zi.^q.2.*Da..\
00005D90:  7A 6F 83 AE 7B 42 AA 0D 90 13 9A 5A 04 9E 86 A9  zo..{B.....Z....
00005DA0:  2B 5A B3 8A 90 20 31 07 09 C4 79 8A 77 0B 8C 0F  +Z... 1...y.w...
00005DB0:  AD 3C A2 37 B0 04 D4 03 76 8C A2 CE FE 91 A3 CD  .<.7....v.......
00005DC0:  6C D9 21 2F BE A1 1D 79 47 A7 E3 70 FE 90 50 B9  l.!/...yG..p..P.
00005DD0:  7E FF EF A4 A8 EB A0 27 C5 24 25 99 72 16 41 A6  ~......'.$%.r.A.
00005DE0:  76 74 7E 46 FD 86 E3 89 72 4D 97 B4 A8 C1 8D 0F  vt~F....rM......
00005DF0:  CA 9D 4B 3E 13 A6 00 00 00 00 00 00 00 00 00 00  ..K>............
00005E00:  00 00 00 00 00 00 00 00 00 00 00 00 00 00 00 00  ................ [zeros]
00005E10:  00 00 00 00 00 00 00 00 00 00 00 00 00 00 00 00  ................ [zeros]
00005E20:  00 00 00 00 00 00 00 00 00 00 00 00 00 00 00 00  ................ [zeros]
00005E30:  00 00 00 00 00 00 00 00 00 00 00 00 00 00 00 00  ................ [zeros]
00005E40:  00 00 00 00 00 00 00 00 00 00 00 00 00 00 00 00  ................ [zeros]
00005E50:  00 00 00 00 00 00 00 00 00 00 00 00 00 00 00 00  ................ [zeros]
00005E60:  00 00 00 00 00 00 00 00 00 00 00 00 00 00 00 00  ................ [zeros]
00005E70:  00 00 00 00 00 00 00 00 00 00 00 00 00 00 00 00  ................ [zeros]
00005E80:  00 00 00 00 00 00 00 00 00 00 00 00 00 00 00 00  ................ [zeros]
00005E90:  00 00 00 00 00 00 00 00 00 00 00 00 00 00 00 00  ................ [zeros]
00005EA0:  00 00 00 00 00 00 00 00 00 00 00 00 00 00 00 00  ................ [zeros]
00005EB0:  00 00 00 00 00 00 00 00 00 00 00 00 00 00 00 00  ................ [zeros]
00005EC0:  00 00 00 00 00 00 00 00 00 00 00 00 00 00 00 00  ................ [zeros]
00005ED0:  00 00 00 00 00 00 8B E9 3E ED B8 68 C3 4B 33 E0  ........>..h.K3.
00005EE0:  A5 31 EC DB 0F 69 00 00 00 00 00 00 00 00 00 00  .1...i..........
00005EF0:  00 00 00 00 00 00 76 1B B1 D8 30 A2 6C A2 99 9C  ......v...0.l...
00005F00:  04 85 F3 59 CC 5A 81 35 0F E8 B6 F3 F9 40 39 BD  ...Y.Z.5.....@9.
00005F10:  63 08 03 62 FC 16 A9 A1 E4 BC 12 36 15 AC 34 87  c..b.......6..4.
00005F20:  08 4D 6D C4 4E 87 91 EB 96 BB F9 11 7D D5 E6 72  .Mm.N.......}..r
00005F30:  63 7D 31 06 CE 4C 5A 66 2A 8C B1 6C AC 51 E2 E8  c}1..LZf*..l.Q..
00005F40:  4C 10 D1 46 F4 24 24 59 31 9C 73 E5 66 CB 66 B7  L..F.$$Y1.s.f.f.
00005F50:  7E 49 E6 2B 62 33 3F 19 A3 B3 43 28 AD 86 82 03  ~I.+b3?...C(....
00005F60:  78 E5 6B 88 5E 74 C0 ED 6E CC E8 90 A1 61 B2 05  x.k.^t..n....a..
00005F70:  20 7A 82 D3 95 21 5D 8A A3 55 17 99 CA 19 F9 6C   z...!]..U.....l
00005F80:  DE 0C C5 69 BA 8F 4B FE E9 68 EC 74 D3 65 02 23  ...i..K..h.t.e.#
00005F90:  30 7F 59 B7 90 03 DD EB BA AB B3 97 6D 02 CD 40  0.Y.........m..@
00005FA0:  83 8F 7B 66 C8 B5 46 33 11 99 97 16 F1 23 F6 34  ..{f..F3.....#.4
00005FB0:  90 1D 0B 1B 19 19 6C BC 02 3C 06 E3 E7 E2 66 E4  ......l..<....f.
00005FC0:  A9 26 C5 4B 06 0D B5 24 F9 8E A2 A5 C0 0C 10 69  .&.K...$.......i
00005FD0:  D3 07 6C 7A 68 41 1E C5 1F 35 AB 05 7B F4 AA BB  ..lzhA...5..{...
00005FE0:  82 1F 55 A5 1A EB 1A 4A BB 29 35 12 1F 98 75 98  ..U....J.)5...u.
00005FF0:  E2 A7 0B D9 13 94 D8 2C 9E 98 2F 49 60 23 69 12  .......,../I`#i.
00006000:  03 54 99 AC F4 98 16 DB 58 7F 74 F7 86 B7 7C 8D  .T......X.t...|.
00006010:  6B 4B 95 C2 E6 9B E7 89 AE 99 0C 9D 0A 44 03 97  kK...........D..
00006020:  23 1A 17 76 B3 09 11 B8 28 75 91 8A 2D AE 49 8E  #..v....(u..-.I.
00006030:  CB 4D 89 8C BF 97 85 B6 12 6E 58 E1 D5 33 6D 19  .M.......nX..3m.
00006040:  C0 2C 63 99 6F 67 EB A4 C7 DA 85 94 A2 FC 20 32  .,c.og........ 2
00006050:  CC 32 58 0C 17 2F EB 83 28 9D 1A AC 20 7E 83 E3  .2X../..(... ~..
00006060:  A0 F8 C3 46 79 F9 52 47 C3 C8 75 3C C9 44 0D 5B  ...Fy.RG..u<.D.[
00006070:  42 B5 EC 71 34 34 54 E5 0F 7B 97 1D E2 B0 6E 1C  B..q44T..{....n.
00006080:  EC A5 22 3F 00 6B D9 45 A7 6B 63 E4 FA A7 5C C6  .."?.k.E.kc...\.
00006090:  8E 09 2A 04 8B 1D AE 63 36 39 8C F5 0D BA 38 F0  ..*....c69....8.
000060A0:  4A 4E 7E 5C 8B 73 44 25 D5 FE 19 D6 30 B3 E1 36  JN~\.sD%....0..6
000060B0:  EB 96 2C 4C AB 60 35 24 7C AF F4 4F 84 AE 9D A5  ..,L.`5$|..O....
000060C0:  F4 B8 D0 B4 A6 79 4A 83 C3 A8 1F DD DF 20 06 74  .....yJ...... .t
000060D0:  F8 C1 E0 D9 59 46 4B BA 6E F6 E5 00 10 A3 18 2C  ....YFK.n......,
000060E0:  43 CF A9 DE F5 60 D6 30 B4 7F 43 BB 81 74 89 93  C....`.0..C..t..
000060F0:  EC B9 85 5D 80 33 00 00 00 00 00 00 00 00 00 00  ...].3..........
00006100:  00 00 00 00 00 00 00 00 00 00 00 00 00 00 00 00  ................ [zeros]
00006110:  00 00 00 00 00 00 00 00 00 00 00 00 00 00 00 00  ................ [zeros]
00006120:  00 00 00 00 00 00 00 00 00 00 00 00 00 00 00 00  ................ [zeros]
00006130:  00 00 00 00 00 00 45 EC B3 EC BE C3 91 3B 0A 43  ......E......;.C
00006140:  8A E8 CC E4 EC AA CE DD 47 F8 BC D1 6D 23 12 31  ........G...m#.1
00006150:  A8 ED A0 8A B6 90 55 CA 65 72 54 49 1B 16 70 D2  ......U.erTI..p.
00006160:  63 7D 60 F1 70 BD BA 4A 15 23 D5 BF DF 61 E5 35  c}`.p..J.#...a.5
00006170:  19 9C D1 0F C9 E8 7B 9A BC D4 9C 7D 6C 52 E1 8B  ......{....}lR..
00006180:  1C 3A AA A6 AF 3E 00 00 00 00 00 00 00 00 00 00  .:...>..........
00006190:  00 00 00 00 00 00 00 00 00 00 00 00 00 00 00 00  ................ [zeros]
000061A0:  00 00 00 00 00 00 00 00 00 00 00 00 00 00 00 00  ................ [zeros]
000061B0:  00 00 00 00 00 00 00 00 00 00 00 00 00 00 00 00  ................ [zeros]
000061C0:  00 00 00 00 00 00 00 00 00 00 00 00 00 00 00 00  ................ [zeros]
000061D0:  00 00 00 00 00 00 00 00 00 00 00 00 00 00 00 00  ................ [zeros]
000061E0:  00 00 00 00 00 00 00 00 00 00 00 00 00 00 00 00  ................ [zeros]
000061F0:  00 00 00 00 00 00 00 00 00 00 00 00 00 00 00 00  ................ [zeros]
00006200:  00 00 00 00 00 00 00 00 00 00 00 00 00 00 00 00  ................ [zeros]
00006210:  00 00 00 00 00 00 00 00 00 00 00 00 00 00 00 00  ................ [zeros]
00006220:  00 00 00 00 00 00 00 00 00 00 00 00 00 00 00 00  ................ [zeros]
00006230:  00 00 00 00 00 00 F0 A2 42 9C C3 6F 30 1F 3E F6  ........B..o0.>.
00006240:  29 A5 4B 4D 05 0B 7F A5 74 FA 7C 5C E2 EC F8 BE  ).KM....t.|\....
00006250:  3C 7D D5 7E 24 E9 D8 19 C9 C3 5B D2 68 8D EA 8F  <}.~$.....[.h...
00006260:  23 CF EF 23 82 96 5A 66 2A 8C B1 6C AC 51 E2 E8  #..#..Zf*..l.Q..
00006270:  4C 10 D1 46 F4 24 00 00 00 00 00 00 00 00 00 00  L..F.$..........
00006280:  00 00 00 00 00 00 00 00 00 00 00 00 00 00 00 00  ................ [zeros]
00006290:  00 00 00 00 00 00 00 00 00 00 00 00 00 00 00 00  ................ [zeros]
000062A0:  00 00 00 00 00 00 00 00 00 00 00 00 00 00 00 00  ................ [zeros]
000062B0:  00 00 00 00 00 00 00 00 00 00 00 00 00 00 00 00  ................ [zeros]
000062C0:  00 00 00 00 00 00 CA F7 1C 5F DC 16 40 9C BF F0  ........._..@...
000062D0:  04 EA AE A1 79 10 8C F9 ED 92 A3 56 36 EC 49 16  ....y......V6.I.
000062E0:  C4 87 E1 A6 E0 A3 00 00 00 00 00 00 00 00 00 00  ................
000062F0:  00 00 00 00 00 00 00 00 00 00 00 00 00 00 00 00  ................ [zeros]
00006300:  00 00 00 00 00 00 00 00 00 00 00 00 00 00 00 00  ................ [zeros]
00006310:  00 00 00 00 00 00 00 00 00 00 00 00 00 00 00 00  ................ [zeros]
00006320:  00 00 00 00 00 00 00 00 00 00 00 00 00 00 00 00  ................ [zeros]
00006330:  00 00 00 00 00 00 00 00 00 00 00 00 00 00 00 00  ................ [zeros]
00006340:  00 00 00 00 00 00 00 00 00 00 00 00 00 00 00 00  ................ [zeros]
00006350:  00 00 00 00 00 00 00 00 00 00 00 00 00 00 00 00  ................ [zeros]
00006360:  00 00 00 00 00 00 00 00 00 00 00 00 00 00 00 00  ................ [zeros]
00006370:  00 00 00 00 00 00 00 00 00 00 00 00 00 00 00 00  ................ [zeros]
00006380:  00 00 00 00 00 00 00 00 00 00 00 00 00 00 00 00  ................ [zeros]
00006390:  00 00 00 00 00 00 05 16 FF 08 F0 88 D5 B5 61 F9  ..............a.
000063A0:  A6 2A 08 9E 61 3D FE 25 43 59 FB 10 1D A2 94 2F  .*..a=.%CY...../
000063B0:  65 6B 68 A6 F7 A7 8C 6B 63 38 A9 29 0D D0 FF 2F  ekh....kc8.).../
000063C0:  BA 2A D3 B2 F4 2F 4D DB 62 27 F6 2C 72 6D A9 76  .*.../M.b'.,rm.v
000063D0:  75 59 D9 DB 31 D9 A0 27 C5 24 25 99 72 16 41 A6  uY..1..'.$%.r.A.
000063E0:  76 74 7E 46 FD 86 00 00 00 00 00 00 00 00 00 00  vt~F............
000063F0:  00 00 00 00 00 00 00 00 00 00 00 00 00 00 00 00  ................ [zeros]
00006400:  00 00 00 00 00 00 00 00 00 00 00 00 00 00 00 00  ................ [zeros]
00006410:  00 00 00 00 00 00 00 00 00 00 00 00 00 00 00 00  ................ [zeros]
00006420:  00 00 00 00 00 00 00 00 00 00 00 00 00 00 00 00  ................ [zeros]
00006430:  00 00 00 00 00 00 E5 59 83 AB 84 00 4C D0 E4 CF  .......Y....L...
00006440:  08 C2 B4 8A 4D 88 85 69 C4 39 C4 8E 04 E1 6F 5E  ....M..i.9....o^
00006450:  F9 A0 63 54 A2 41 00 00 00 00 00 00 00 00 00 00  ..cT.A..........
00006460:  00 00 00 00 00 00 00 00 00 00 00 00 00 00 00 00  ................ [zeros]
00006470:  00 00 00 00 00 00 00 00 00 00 00 00 00 00 00 00  ................ [zeros]
00006480:  00 00 00 00 00 00 00 00 00 00 00 00 00 00 00 00  ................ [zeros]
00006490:  00 00 00 00 00 00 00 00 00 00 00 00 00 00 00 00  ................ [zeros]
000064A0:  00 00 00 00 00 00 00 00 00 00 00 00 00 00 00 00  ................ [zeros]
000064B0:  00 00 00 00 00 00 00 00 00 00 00 00 00 00 00 00  ................ [zeros]
000064C0:  00 00 00 00 00 00 00 00 00 00 00 00 00 00 00 00  ................ [zeros]
000064D0:  00 00 00 00 00 00 00 00 00 00 00 00 00 00 00 00  ................ [zeros]
000064E0:  00 00 00 00 00 00 00 00 00 00 00 00 00 00 00 00  ................ [zeros]
000064F0:  00 00 00 00 00 00 00 00 00 00 00 00 00 00 00 00  ................ [zeros]
00006500:  00 00 00 00 00 00 6A B3 A1 A7 30 68 B1 44 F4 88  ......j...0h.D..
00006510:  87 C7 FF 8D 01 66 86 D1 1A 04 B9 4B 39 1D 12 0D  .....f.....K9...
00006520:  53 9D 3F 13 F5 A0 1E A0 7D AE 49 E1 62 3C 57 C4  S.?.....}.I.b<W.
00006530:  BD 2B 55 06 1F 38 32 39 AF B3 77 B5 74 2F 84 61  .+U..829..w.t/.a
00006540:  F3 1E 42 96 4C A0 D1 49 C8 81 35 AF 44 8B 41 C0  ..B.L..I..5.D.A.
00006550:  33 92 5C E3 0A D2 E5 AB D1 F5 78 A4 4F 04 49 EE  3.\.......x.O.I.
00006560:  C5 3F B3 0E FA B1 DA AD EA 21 2B A1 21 05 B5 1A  .?.......!+.!...
00006570:  D9 10 B6 9F 19 0A E9 3F 60 15 5B FF AB 3C 89 23  .......?`.[..<.#
00006580:  A7 1F 8E 66 A1 53 98 D9 97 57 8B 3B 62 17 00 F7  ...f.S...W.;b...
00006590:  D6 5A BF 31 AA AA CC 22 45 76 F9 DF 4E 2F E3 E7  .Z.1..."Ev..N/..
000065A0:  DE 95 93 7C 80 67 D8 32 FE 44 3B 41 5B 15 89 EB  ...|.g.2.D;A[...
000065B0:  15 C4 E9 F4 1B 3C 0B C6 CE 4B AC 46 00 8D 35 05  .....<...K.F..5.
000065C0:  32 CB 7C F0 62 E8 D4 E7 4E 85 80 A7 70 4F D7 A8  2.|.b...N...pO..
000065D0:  6C 2B 17 B7 E4 29 AB 37 94 5E DA B5 32 02 61 80  l+...).7.^..2.a.
000065E0:  1D 35 C0 76 F7 71 67 68 4A 44 A2 98 CB 6F 8D CA  .5.v.qghJD...o..
000065F0:  10 67 55 07 74 C1 4B B6 2B C3 D3 5E EC 5D 0C FD  .gU.t.K.+..^.]..
00006600:  0C 40 D2 65 4C AC 72 8C 08 B0 89 DF 56 59 74 05  .@.eL.r.....VYt.
00006610:  39 AF CA B7 2B 3A 9B 03 DD 37 2D 69 E9 63 D8 78  9...+:...7-i.c.x
00006620:  A6 38 91 EB C5 95 15 EC 7A B8 B4 96 7B 00 DF 63  .8......z...{..c
00006630:  88 BA 71 55 97 26 A8 06 D4 E5 C7 34 3D AF 61 55  ..qU.&.....4=.aU
00006640:  A2 A4 69 9A E2 E3 C9 66 95 35 F9 84 F2 9F 78 8A  ..i....f.5....x.
00006650:  AB 7F 3B BA 03 60 55 0F D4 20 51 20 14 46 66 A5  ..;..`U.. Q .Ff.
00006660:  11 1B 4A E0 D0 40 D3 20 88 4E 91 C5 7E 6F 77 27  ..J..@. .N..~ow'
00006670:  EC 40 7E 79 3F C2 00 00 00 00 00 00 00 00 00 00  .@~y?...........
00006680:  00 00 00 00 00 00 4E 84 F4 E4 81 EF 36 CE A5 41  ......N.....6..A
00006690:  4D BA D0 7F EC F5 8C 25 6C 65 61 21 F3 EE FB 22  M......%lea!..."
000066A0:  44 14 B8 44 9C 35 10 3F 2A 39 5C 09 17 F6 7B 4B  D..D.5.?*9\...{K
000066B0:  1D 7C 5F F6 D1 D3 00 00 00 00 00 00 00 00 00 00  .|_.............
000066C0:  00 00 00 00 00 00 5D 03 D2 37 B6 BE 91 67 AE 9C  ......]..7...g..
000066D0:  79 3B 08 E5 DB 28 A6 DB 93 7C F5 58 A2 0F 6B AD  y;...(...|.X..k.
000066E0:  12 B3 DF 85 13 F6 04 A1 D7 B7 F9 4C 1C 19 43 BE  ...........L..C.
000066F0:  91 99 26 D9 46 92 99 12 54 9A C2 D5 8C 05 88 7E  ..&.F...T......~
00006700:  5B 4E A6 72 22 B2 09 AA 9C E9 B1 65 9D C9 D8 CB  [N.r"......e....
00006710:  3E 81 22 0D 70 E2 00 00 00 00 00 00 00 00 00 00  >.".p...........
00006720:  00 00 00 00 00 00 4D DB 62 27 F6 2C 72 6D A9 76  ......M.b'.,rm.v
00006730:  75 59 D9 DB 31 D9 5C 2F F8 C7 98 AC 25 81 7F 94  uY..1.\/....%...
00006740:  60 A2 46 B1 86 35 55 0F D4 20 51 20 14 46 66 A5  `.F..5U.. Q .Ff.
00006750:  11 1B 4A E0 D0 40 D3 20 88 4E 91 C5 7E 6F 77 27  ..J..@. .N..~ow'
00006760:  EC 40 7E 79 3F C2 00 00 00 00 00 00 00 00 00 00  .@~y?...........
00006770:  00 00 00 00 00 00 FB 50 59 68 8F 2C C1 AE 2F 6C  .......PYh.,../l
00006780:  44 B7 93 40 D0 AC 00 00 00 00 00 00 00 00 00 00  D..@............
00006790:  00 00 00 00 00 00 00 00 00 00 00 00 00 00 00 00  ................ [zeros]
000067A0:  00 00 00 00 00 00 00 00 00 00 00 00 00 00 00 00  ................ [zeros]
000067B0:  00 00 00 00 00 00 00 00 00 00 00 00 00 00 00 00  ................ [zeros]
000067C0:  00 00 00 00 00 00 00 00 00 00 00 00 00 00 00 00  ................ [zeros]
000067D0:  00 00 00 00 00 00 00 00 00 00 00 00 00 00 00 00  ................ [zeros]
000067E0:  00 00 00 00 00 00 00 00 00 00 00 00 00 00 00 00  ................ [zeros]
000067F0:  00 00 00 00 00 00 00 00 00 00 00 00 00 00 00 00  ................ [zeros]
00006800:  00 00 00 00 00 00 00 00 00 00 00 00 00 00 00 00  ................ [zeros]
00006810:  00 00 00 00 00 00 00 00 00 00 00 00 00 00 00 00  ................ [zeros]
00006820:  00 00 00 00 00 00 00 00 00 00 00 00 00 00 00 00  ................ [zeros]
00006830:  00 00 00 00 00 00 00 00 00 00 00 00 00 00 00 00  ................ [zeros]
00006840:  00 00 00 00 00 00 00 00 00 00 00 00 00 00 00 00  ................ [zeros]
00006850:  00 00 00 00 00 00 B9 48 E6 06 34 79 FC 5B 49 23  .......H..4y.[I#
00006860:  43 BA FD 12 95 E2 D8 4C A7 16 C9 25 ED A3 62 DB  C......L...%..b.
00006870:  2B 34 AD AE A2 12 00 00 00 00 00 00 00 00 00 00  +4..............
00006880:  00 00 00 00 00 00 14 98 C1 08 1B A7 D7 E9 E1 EA  ................
00006890:  64 90 9A 1A CE 30 00 00 00 00 00 00 00 00 00 00  d....0..........
000068A0:  00 00 00 00 00 00 55 9B 29 06 D0 8F 6A DD 23 9A  ......U.)...j.#.
000068B0:  1D 9E 34 3A 0E AA 4E 61 61 74 E7 6C A6 9F B6 49  ..4:..Naat.l...I
000068C0:  50 64 32 46 52 82 A1 70 D5 50 EA 07 FC FD E2 B0  Pd2FR..p.P......
000068D0:  34 4C C9 D8 0C 15 E8 5F C5 36 7B FB A5 AF 82 5F  4L....._.6{...._
000068E0:  26 48 C0 69 A3 A4 0A DC 33 1D AF F9 79 E9 E8 6C  &H.i....3...y..l
000068F0:  AB 81 F5 72 11 58 25 0B C6 86 1B 73 2F 1A 1E 93  ...r.X%....s/...
00006900:  3A 42 E0 29 0F C3 7B DB BA C1 70 EC FD 4F 59 E0  :B.)..{...p..OY.
00006910:  9B 5D 9C 88 B8 C2 5A 1A 93 77 39 1D 3D 07 79 2C  .]....Z..w9.=.y,
00006920:  8F B7 CC 36 A4 4E CD 61 BD 72 C8 F4 90 1A 69 8C  ...6.N.a.r....i.
00006930:  35 17 0C 9C 5E 3F ED 0C 56 2B BE 90 C4 3C DE 31  5...^?..V+...<.1
00006940:  C9 65 1F A2 A9 8A DA AF 0F 6B A8 EF 4B 35 28 4F  .e.......k..K5(O
00006950:  05 2F A6 6F 80 20 13 30 CC 96 4C E5 1F EB 3F 97  ./.o. .0..L...?.
00006960:  44 1D 6B EE 08 E0 00 58 19 A1 77 EA 94 C1 F8 3D  D.k....X..w....=
00006970:  9E 7B 66 F5 F7 A1 CB 24 AD C2 0D 80 19 F8 FB 6E  .{f....$.......n
00006980:  86 1E E4 9A D0 6B 65 B3 5A 77 43 15 C9 56 19 B4  .....ke.ZwC..V..
00006990:  0A 18 8B 23 67 77 33 DF 96 B6 2C 46 07 E1 D2 02  ...#gw3...,F....
000069A0:  39 71 54 2E B1 AE 0B 88 B0 97 95 2C E9 BC 68 FC  9qT........,..h.
000069B0:  0C 67 9C 91 A8 65 5C 73 AC 74 93 74 80 90 EF 12  .g...e\s.t.t....
000069C0:  92 9B 99 A0 2E B1 00 00 00 00 00 00 00 00 00 00  ................
000069D0:  00 00 00 00 00 00 00 00 00 00 00 00 00 00 00 00  ................ [zeros]
000069E0:  00 00 00 00 00 00 00 00 00 00 00 00 00 00 00 00  ................ [zeros]
000069F0:  00 00 00 00 00 00 5D 03 D2 37 B6 BE 91 67 AE 9C  ......]..7...g..
00006A00:  79 3B 08 E5 DB 28 00 00 00 00 00 00 00 00 00 00  y;...(..........
00006A10:  00 00 00 00 00 00 00 00 00 00 00 00 00 00 00 00  ................ [zeros]
00006A20:  00 00 00 00 00 00 A4 4A 6B 59 81 25 63 E7 6F DF  .......JkY.%c.o.
00006A30:  02 76 EF 56 74 9F 00 00 00 00 00 00 00 00 00 00  .v.Vt...........
00006A40:  00 00 00 00 00 00 00 00 00 00 00 00 00 00 00 00  ................ [zeros]
00006A50:  00 00 00 00 00 00 C2 46 36 A4 D7 7E 30 78 64 B5  .......F6..~0xd.
00006A60:  A3 E4 B4 DE 18 60 00 00 00 00 00 00 00 00 00 00  .....`..........
00006A70:  00 00 00 00 00 00 00 00 00 00 00 00 00 00 00 00  ................ [zeros]
00006A80:  00 00 00 00 00 00 00 00 00 00 00 00 00 00 00 00  ................ [zeros]
00006A90:  00 00 00 00 00 00 43 1A 3E F1 4E 00 72 79 F7 25  ......C.>.N.ry.%
00006AA0:  28 D6 13 A7 77 6F 00 00 00 00 00 00 00 00 00 00  (...wo..........
00006AB0:  00 00 00 00 00 00 00 00 00 00 00 00 00 00 00 00  ................ [zeros]
00006AC0:  00 00 00 00 00 00 FD D4 E6 C8 F2 1E 3E AE 0C 60  ............>..`
00006AD0:  43 43 D8 46 94 1F 00 00 00 00 00 00 00 00 00 00  CC.F............
00006AE0:  00 00 00 00 00 00 00 00 00 00 00 00 00 00 00 00  ................ [zeros]
00006AF0:  00 00 00 00 00 00 6F DF 9D A5 E8 05 84 EC 20 8F  ......o....... .
00006B00:  6A 1B 3A 49 F6 A6 00 00 00 00 00 00 00 00 00 00  j.:I............
00006B10:  00 00 00 00 00 00 00 00 00 00 00 00 00 00 00 00  ................ [zeros]
00006B20:  00 00 00 00 00 00 00 00 00 00 00 00 00 00 00 00  ................ [zeros]
00006B30:  00 00 00 00 00 00 67 CB B8 9F 0B 0C 1F 58 61 63  ......g......Xac
00006B40:  22 12 61 DE 51 8D 64 84 F8 D3 D1 6D 25 7C 36 4F  ".a.Q.d....m%|6O
00006B50:  94 25 CE C6 BB 37 F6 24 41 40 28 72 54 9A 23 BD  .%...7.$A@(rT.#.
00006B60:  81 FA DC 36 E3 72 72 79 DE EB 11 FC 68 43 B7 39  ...6.rry....hC.9
00006B70:  2B 93 85 C0 79 E3 77 3F 0F 2B 98 33 B7 6A EA ED  +...y.w?.+.3.j..
00006B80:  8B E7 54 B0 9A 68 E2 D5 7B 76 F7 24 3A 60 4A 5F  ..T..h..{v.$:`J_
00006B90:  AF C7 B0 95 53 5A 9C 69 42 10 C0 E6 29 C9 9C A5  ....SZ.iB...)...
00006BA0:  DF 3E 17 0A 61 33 73 12 59 DE 17 2C 4A 7B B9 EF  .>..a3s.Y..,J{..
00006BB0:  CA 10 90 C4 7B 30 50 15 CB D8 27 35 1C 52 A8 A9  ....{0P...'5.R..
00006BC0:  4C D9 E2 C9 F1 D6 4B D6 FD 3F C7 A0 0F 6F F7 D8  L.....K..?...o..
00006BD0:  98 92 BD E9 AB 3B EC D8 B0 45 19 CA 4C 98 A3 DF  .....;...E..L...
00006BE0:  92 C7 26 EF 05 54 6B 0E C1 98 82 A9 88 45 15 C8  ..&..Tk......E..
00006BF0:  62 3A 3E 2F 36 A6 5B B1 2F CF 5D 78 CF DF 70 6B  b:>/6.[./.]x..pk
00006C00:  C3 5A 66 7D 13 FF 75 1A D0 89 7A C5 9F 4B CE 05  .Zf}..u...z..K..
00006C10:  E5 AD A5 9A 89 2C F1 A0 CB 1D 29 A0 81 42 E7 96  .....,....)..B..
00006C20:  6E 41 9D E6 B0 42 E8 6E CA BB F6 5E E6 63 63 D8  nA...B.n...^.cc.
00006C30:  E9 C5 BF 41 33 48 10 B8 A3 75 98 8F CD 30 D1 00  ...A3H...u...0..
00006C40:  A7 7F 12 18 70 C1 FF 61 6F 04 95 36 36 B9 A9 AC  ....p..ao..66...
00006C50:  F6 A9 67 8F 3F 15 FF 61 6F 04 95 36 36 B9 A9 AC  ..g.?..ao..66...
00006C60:  F6 A9 67 8F 3F 15 B3 DD 22 B8 52 7D EC 6A 23 9F  ..g.?...".R}.j#.
00006C70:  57 0C 49 C6 3F A0 4B E8 C5 53 19 B8 F3 A3 C3 73  W.I.?.K..S.....s
00006C80:  4F 32 7A 51 27 1A 4B E8 C5 53 19 B8 F3 A3 C3 73  O2zQ'.K..S.....s
00006C90:  4F 32 7A 51 27 1A 4B E8 C5 53 19 B8 F3 A3 C3 73  O2zQ'.K..S.....s
00006CA0:  4F 32 7A 51 27 1A 41 53 97 FB D5 48 50 A0 35 88  O2zQ'.AS...HP.5.
00006CB0:  05 DD A7 E7 A1 79 D1 94 05 5A AA 5C 02 A5 57 31  .....y...Z.\..W1
00006CC0:  C4 DC 45 2E 93 CD 5A 4F 01 3F D4 4C B2 C8 2F 7F  ..E...ZO.?.L../.
00006CD0:  7C DA AD 2E 4D 47 66 24 54 2C F7 59 23 CA 83 2F  |...MGf$T,.Y#../
00006CE0:  1E CF C5 AE 86 99 4A 88 93 4F 7F 67 23 70 9B BE  ......J..O.g#p..
00006CF0:  A2 B6 C9 30 31 88 AB 59 B7 8F C1 5E B6 81 97 F6  ...01..Y...^....
00006D00:  B2 31 91 E6 16 3F 59 3D EE F3 5B 0B 64 F6 AC 3F  .1...?Y=..[.d..?
00006D10:  88 EC 36 4B 95 DA FD 2A 79 09 EE DD F9 47 6C 56  ..6K...*y....GlV
00006D20:  95 6E 80 5A E5 E8 FD 2A 79 09 EE DD F9 47 6C 56  .n.Z...*y....GlV
00006D30:  95 6E 80 5A E5 E8 F7 EB 49 55 8E 3B 77 78 11 8D  .n.Z....IU.;wx..
00006D40:  2E 9B FC EE C3 B2 1B EF E3 BA D3 F8 00 0F 94 94  ................
00006D50:  1E 4A B0 E1 12 7E AA 7A B2 0E 9E 9F 6A D3 E2 A9  .J...~.z....j...
00006D60:  A4 1C 67 4E FC 38 73 FB 04 D1 99 F9 18 3A 5B F0  ..gN.8s......:[.
00006D70:  6E BF D1 99 58 6C F6 5A AF F6 24 F8 6E A2 FD A7  n...Xl.Z..$.n...
00006D80:  12 76 5D 8B 42 69 CA 7D 7D 23 6E D2 1B BA E7 03  .v].Bi.}}#n.....
00006D90:  83 5F 81 16 12 8D A7 DD B2 E8 AF F0 66 CD 71 E9  ._..........f.q.
00006DA0:  CE 18 ED EF AF 00 EA 9D 15 11 33 F3 EC 75 7E 06  ..........3..u~.
00006DB0:  F8 9D 5C 66 63 8F 98 DB 1E 91 20 56 3B EB B0 59  ..\fc..... V;..Y
00006DC0:  D9 B1 9D BE 07 BB 80 CD 6D 12 B7 DC 9E EC 65 32  ........m.....e2
00006DD0:  E6 3A 70 63 BB 1C 1B EF E3 BA D3 F8 00 0F 94 94  .:pc............
00006DE0:  1E 4A B0 E1 12 7E AA 7A B2 0E 9E 9F 6A D3 E2 A9  .J...~.z....j...
00006DF0:  A4 1C 67 4E FC 38 73 FB 04 D1 99 F9 18 3A 5B F0  ..gN.8s......:[.
00006E00:  6E BF D1 99 58 6C F6 5A AF F6 24 F8 6E A2 FD A7  n...Xl.Z..$.n...
00006E10:  12 76 5D 8B 42 69 CA 7D 7D 23 6E D2 1B BA E7 03  .v].Bi.}}#n.....
00006E20:  83 5F 81 16 12 8D A7 DD B2 E8 AF F0 66 CD 71 E9  ._..........f.q.
00006E30:  CE 18 ED EF AF 00 4A 1E AC CE 7A 43 D1 8D CC 72  ......J...zC...r
00006E40:  E8 45 11 BD 7E FF 32 83 6E 14 1A E5 C5 9B A9 E8  .E..~.2.n.......
00006E50:  04 46 36 0B 6F 21 F7 58 6C 94 0C D2 2A A2 78 91  .F6.o!.Xl...*.x.
00006E60:  00 FF 07 F4 00 C5 2B 2E 7E 76 51 D8 9D 59 44 8A  ......+.~vQ..YD.
00006E70:  BD 39 8F EF 43 5C 7B B4 10 1E 17 4B 4F 75 1F FF  .9..C\{....KOu..
00006E80:  AB A9 44 94 E1 7C 00 00 00 00 00 00 00 00 00 00  ..D..|..........
00006E90:  00 00 00 00 00 00 00 00 00 00 00 00 00 00 00 00  ................ [zeros]
00006EA0:  00 00 00 00 00 00 00 00 00 00 00 00 00 00 00 00  ................ [zeros]
00006EB0:  00 00 00 00 00 00 00 00 00 00 00 00 00 00 00 00  ................ [zeros]
00006EC0:  00 00 00 00 00 00 00 00 00 00 00 00 00 00 00 00  ................ [zeros]
00006ED0:  00 00 00 00 00 00 77 69 40 1A 3D 13 8D 3F 60 6D  ......wi@.=..?`m
00006EE0:  67 FE C1 AF DE 77 83 08 69 60 22 77 F7 35 95 6A  g....w..i`"w.5.j
00006EF0:  7C F0 BD 8D F0 23 3E 36 11 56 2B 21 A3 35 75 AF  |....#>6.V+!.5u.
00006F00:  4B D8 AF 48 4F DE 73 31 8A AC B2 C1 E1 82 E6 8C  K..HO.s1........
00006F10:  31 88 AA 54 A5 84 00 00 00 00 00 00 00 00 00 00  1..T............
00006F20:  00 00 00 00 00 00 00 00 00 00 00 00 00 00 00 00  ................ [zeros]
00006F30:  00 00 00 00 00 00 00 00 00 00 00 00 00 00 00 00  ................ [zeros]
00006F40:  00 00 00 00 00 00 00 00 00 00 00 00 00 00 00 00  ................ [zeros]
00006F50:  00 00 00 00 00 00 00 00 00 00 00 00 00 00 00 00  ................ [zeros]
00006F60:  00 00 00 00 00 00 00 00 00 00 00 00 00 00 00 00  ................ [zeros]
00006F70:  00 00 00 00 00 00 00 00 00 00 00 00 00 00 00 00  ................ [zeros]
00006F80:  00 00 00 00 00 00 00 00 00 00 00 00 00 00 00 00  ................ [zeros]
00006F90:  00 00 00 00 00 00 00 00 00 00 00 00 00 00 00 00  ................ [zeros]
00006FA0:  00 00 00 00 00 00 00 00 00 00 00 00 00 00 00 00  ................ [zeros]
00006FB0:  00 00 00 00 00 00 00 00 00 00 00 00 00 00 00 00  ................ [zeros]
00006FC0:  00 00 00 00 00 00 4C 45 B3 20 50 4A 60 B4 CC 45  ......LE. PJ`..E
00006FD0:  27 2E A5 6B BF C8 1D AD 8C 3F F8 A6 E5 34 2F 4D  '..k.....?...4/M
00006FE0:  44 E4 0C 05 09 08 73 39 40 F1 FB 55 07 3C F1 D3  D.....s9@..U.<..
00006FF0:  C9 AD 43 2A 6F 56 00 00 00 00 00 00 00 00 00 00  ..C*oV..........
00007000:  00 00 00 00 00 00 D3 EC 47 E6 56 6B 90 50 78 D7  ........G.Vk.Px.
00007010:  15 E8 C7 AD F0 A9 00 00 00 00 00 00 00 00 00 00  ................
00007020:  00 00 00 00 00 00 00 00 00 00 00 00 00 00 00 00  ................ [zeros]
00007030:  00 00 00 00 00 00 00 00 00 00 00 00 00 00 00 00  ................ [zeros]
00007040:  00 00 00 00 00 00 00 00 00 00 00 00 00 00 00 00  ................ [zeros]
00007050:  00 00 00 00 00 00 00 00 00 00 00 00 00 00 00 00  ................ [zeros]
00007060:  00 00 00 00 00 00 F8 B1 E7 2A 1D 91 54 98 AF F0  .........*..T...
00007070:  55 E6 07 8F EB 30 45 2A 04 87 43 D5 F8 6C 1D 59  U....0E*..C..l.Y
00007080:  75 6B C2 BB 58 26 00 00 00 00 00 00 00 00 00 00  uk..X&..........
00007090:  00 00 00 00 00 00 00 00 00 00 00 00 00 00 00 00  ................ [zeros]
000070A0:  00 00 00 00 00 00 00 00 00 00 00 00 00 00 00 00  ................ [zeros]
000070B0:  00 00 00 00 00 00 00 00 00 00 00 00 00 00 00 00  ................ [zeros]
000070C0:  00 00 00 00 00 00 00 00 00 00 00 00 00 00 00 00  ................ [zeros]
000070D0:  00 00 00 00 00 00 00 00 00 00 00 00 00 00 00 00  ................ [zeros]
000070E0:  00 00 00 00 00 00 00 00 00 00 00 00 00 00 00 00  ................ [zeros]
000070F0:  00 00 00 00 00 00 00 00 00 00 00 00 00 00 00 00  ................ [zeros]
00007100:  00 00 00 00 00 00 00 00 00 00 00 00 00 00 00 00  ................ [zeros]
00007110:  00 00 00 00 00 00 00 00 00 00 00 00 00 00 00 00  ................ [zeros]
00007120:  00 00 00 00 00 00 00 00 00 00 00 00 00 00 00 00  ................ [zeros]
00007130:  00 00 00 00 00 00 EC 08 5A 48 DB C1 7E 38 82 67  ........ZH..~8.g
00007140:  0D 70 F2 B3 26 12 39 FF 2C 25 2D EE 82 EC F9 2D  .p..&.9.,%-....-
00007150:  D6 46 F8 7F 20 2C 75 73 10 AB EB A5 39 EA CC 25  .F.. ,us....9..%
00007160:  6B FA 17 4A F9 36 E9 B1 06 4B 2D 18 85 88 72 EE  k..J.6...K-...r.
00007170:  BF F6 48 F5 85 E8 00 00 00 00 00 00 00 00 00 00  ..H.............
00007180:  00 00 00 00 00 00 00 00 00 00 00 00 00 00 00 00  ................ [zeros]
00007190:  00 00 00 00 00 00 00 00 00 00 00 00 00 00 00 00  ................ [zeros]
000071A0:  00 00 00 00 00 00 00 00 00 00 00 00 00 00 00 00  ................ [zeros]
000071B0:  00 00 00 00 00 00 00 00 00 00 00 00 00 00 00 00  ................ [zeros]
000071C0:  00 00 00 00 00 00 B2 9F AD 4A 13 09 0C 2E F3 B4  .........J......
000071D0:  2F 4B B3 16 88 FE 4C 06 EA 54 87 3F B8 8D 43 39  /K....L..T.?..C9
000071E0:  83 1A 96 36 B3 88 00 00 00 00 00 00 00 00 00 00  ...6............
000071F0:  00 00 00 00 00 00 00 00 00 00 00 00 00 00 00 00  ................ [zeros]
00007200:  00 00 00 00 00 00 00 00 00 00 00 00 00 00 00 00  ................ [zeros]
00007210:  00 00 00 00 00 00 00 00 00 00 00 00 00 00 00 00  ................ [zeros]
00007220:  00 00 00 00 00 00 00 00 00 00 00 00 00 00 00 00  ................ [zeros]
00007230:  00 00 00 00 00 00 00 00 00 00 00 00 00 00 00 00  ................ [zeros]
00007240:  00 00 00 00 00 00 00 00 00 00 00 00 00 00 00 00  ................ [zeros]
00007250:  00 00 00 00 00 00 00 00 00 00 00 00 00 00 00 00  ................ [zeros]
00007260:  00 00 00 00 00 00 00 00 00 00 00 00 00 00 00 00  ................ [zeros]
00007270:  00 00 00 00 00 00 00 00 00 00 00 00 00 00 00 00  ................ [zeros]
00007280:  00 00 00 00 00 00 00 00 00 00 00 00 00 00 00 00  ................ [zeros]
00007290:  00 00 00 00 00 00 BB 4D D1 01 C9 27 BB BE 40 5F  .......M...'..@_
000072A0:  D5 52 BF 96 D7 4B 23 DA 1D 6B 22 95 7E B6 6A 62  .R...K#..k".~.jb
000072B0:  0F 67 03 B3 89 5A F5 78 08 2B 42 EA 52 2D DA 29  .g...Z.x.+B.R-.)
000072C0:  7F EA 69 4E 9D 5D 4A A9 EC 0E 93 BA 28 A1 1F D2  ..iN.]J.....(...
000072D0:  09 CC 98 BF 41 67 9C CD 6C 4C 1C 61 C3 47 28 45  ....Ag..lL.a.G(E
000072E0:  BD 69 13 9B B1 FE F9 B7 0D 03 EB 6C 3D 01 39 B0  .i.........l=.9.
000072F0:  9A 7B B1 8D 9D 78 7D 84 A0 40 9B FB CA BC 05 40  .{...x}..@.....@
00007300:  DF BC 02 74 B9 41 D5 29 2E 57 5C 46 45 F9 FF ED  ...t.A.).W\FE...
00007310:  AC D0 DA 46 8E 95 81 1D A4 E5 6E 01 FB BB 57 1F  ...F......n...W.
00007320:  32 6E AE 4B 9A C6 1E 9C F8 31 28 82 92 E4 48 60  2n.K.....1(...H`
00007330:  5D B6 C1 1D F8 00 72 8C 08 B0 89 DF 56 59 74 05  ].....r.....VYt.
00007340:  39 AF CA B7 2B 3A F7 3C E2 FB 50 E3 96 4B 43 95  9...+:.<..P..KC.
00007350:  0F 0F 72 91 F4 3A 74 F5 BB 46 6D 98 E3 D8 1F 49  ..r..:t..Fm....I
00007360:  0B 03 EA A6 71 36 20 DC E1 03 18 95 AF B7 6F ED  ....q6 .......o.
00007370:  86 A4 DD D0 07 7C 07 A1 32 5C 78 C6 09 1E 6D B0  .....|..2\x...m.
00007380:  5C 13 C2 63 D7 B3 70 3E 07 47 C9 B7 B0 21 5B C8  \..c..p>.G...![.
00007390:  E5 E8 CC E8 65 65 64 3D FC 9F F0 17 7B 3F 13 A6  ....eed=....{?..
000073A0:  D1 F4 F5 9C 47 85 70 C1 1F FA 05 04 F5 31 71 EB  ....G.p......1q.
000073B0:  2A 38 53 03 E9 CF C8 F8 33 99 91 55 8F F0 8B CA  *8S.....3..U....
000073C0:  05 07 C4 D3 AE 55 E8 2C 4F E9 1C 56 51 13 96 6C  .....U.,O..VQ..l
000073D0:  7D C0 2A BB DE 2D BF 2C 98 3C 7F F1 ED C6 1C F9  }.*..-.,.<......
000073E0:  21 C7 AA C0 61 99 00 00 00 00 00 00 00 00 00 00  !...a...........
000073F0:  00 00 00 00 00 00 4D DB 62 27 F6 2C 72 6D A9 76  ......M.b'.,rm.v
00007400:  75 59 D9 DB 31 D9 5C 2F F8 C7 98 AC 25 81 7F 94  uY..1.\/....%...
00007410:  60 A2 46 B1 86 35 55 0F D4 20 51 20 14 46 66 A5  `.F..5U.. Q .Ff.
00007420:  11 1B 4A E0 D0 40 D3 20 88 4E 91 C5 7E 6F 77 27  ..J..@. .N..~ow'
00007430:  EC 40 7E 79 3F C2 00 00 00 00 00 00 00 00 00 00  .@~y?...........
00007440:  00 00 00 00 00 00 4E 84 F4 E4 81 EF 36 CE A5 41  ......N.....6..A
00007450:  4D BA D0 7F EC F5 8C 25 6C 65 61 21 F3 EE FB 22  M......%lea!..."
00007460:  44 14 B8 44 9C 35 AD 18 A2 04 96 63 6D 3C 6D CB  D..D.5.....cm<m.
00007470:  0D 63 3F 88 EC 46 CC CC 4D 18 65 90 E8 F8 AE 5A  .c?..F..M.e....Z
00007480:  4B B9 36 1F 73 BD 6F DF 9D A5 E8 05 84 EC 20 8F  K.6.s.o....... .
00007490:  6A 1B 3A 49 F6 A6 00 00 00 00 00 00 00 00 00 00  j.:I............
000074A0:  00 00 00 00 00 00 4B BA 6E F6 E5 00 10 A3 18 2C  ......K.n......,
000074B0:  43 CF A9 DE F5 60 99 12 54 9A C2 D5 8C 05 88 7E  C....`..T......~
000074C0:  5B 4E A6 72 22 B2 09 AA 9C E9 B1 65 9D C9 D8 CB  [N.r"......e....
000074D0:  3E 81 22 0D 70 E2 00 00 00 00 00 00 00 00 00 00  >.".p...........
000074E0:  00 00 00 00 00 00 4D DB 62 27 F6 2C 72 6D A9 76  ......M.b'.,rm.v
000074F0:  75 59 D9 DB 31 D9 5C 2F F8 C7 98 AC 25 81 7F 94  uY..1.\/....%...
00007500:  60 A2 46 B1 86 35 46 02 28 5C 9D 31 E4 39 4E 9A  `.F..5F.(\.1.9N.
00007510:  A6 19 AD 6B 4D 8B 00 00 00 00 00 00 00 00 00 00  ...kM...........
00007520:  00 00 00 00 00 00 00 00 00 00 00 00 00 00 00 00  ................ [zeros]
00007530:  00 00 00 00 00 00 00 00 00 00 00 00 00 00 00 00  ................ [zeros]
00007540:  00 00 00 00 00 00 00 00 00 00 00 00 00 00 00 00  ................ [zeros]
00007550:  00 00 00 00 00 00 00 00 00 00 00 00 00 00 00 00  ................ [zeros]
00007560:  00 00 00 00 00 00 00 00 00 00 00 00 00 00 00 00  ................ [zeros]
00007570:  00 00 00 00 00 00 00 00 00 00 00 00 00 00 00 00  ................ [zeros]
00007580:  00 00 00 00 00 00 00 00 00 00 00 00 00 00 00 00  ................ [zeros]
00007590:  00 00 00 00 00 00 00 00 00 00 00 00 00 00 00 00  ................ [zeros]
000075A0:  00 00 00 00 00 00 00 00 00 00 00 00 00 00 00 00  ................ [zeros]
000075B0:  00 00 00 00 00 00 00 00 00 00 00 00 00 00 00 00  ................ [zeros]
000075C0:  00 00 00 00 00 00 00 00 00 00 00 00 00 00 00 00  ................ [zeros]
000075D0:  00 00 00 00 00 00 00 00 00 00 00 00 00 00 00 00  ................ [zeros]
000075E0:  00 00 00 00 00 00 13 2A E2 ED 70 9A 31 33 8F A3  .......*..p.13..
000075F0:  79 EF 68 9C 56 74 6C 1B 97 0C AB F1 BE D7 AD 0D  y.h.Vtl.........
00007600:  E4 BB D3 C4 B7 FB FB 50 59 68 8F 2C C1 AE 2F 6C  .......PYh.,../l
00007610:  44 B7 93 40 D0 AC 00 00 00 00 00 00 00 00 00 00  D..@............
00007620:  00 00 00 00 00 00 C1 51 63 7B E9 BC 52 28 75 39  .......Qc{..R(u9
00007630:  DF BA 33 BB A8 1A EB 96 F2 34 83 BD B5 F1 A3 B7  ..3......4......
00007640:  19 E2 64 1E F0 3F 58 C4 EF 7F B3 04 DE 10 CD 3C  ..d..?X........<
00007650:  58 EE 9F F3 0A 54 44 7D 64 E0 84 AF 4F 28 2B 6E  X....TD}d...O(+n
00007660:  78 CD 5A D6 0A 7E 41 21 DB F3 DC 92 A0 7A 98 8A  x.Z..~A!.....z..
00007670:  1B 86 36 83 61 5F B3 F7 DE 5F 6B E1 EE 68 19 5D  ..6.a_..._k..h.]
00007680:  A2 9D 74 67 F3 01 BA 93 10 17 9E CC 8B 4C 19 9C  ..tg.........L..
00007690:  10 EE 6F B6 0C 3A 56 B3 44 E6 DD 24 38 84 1E 49  ..o..:V.D..$8..I
000076A0:  D2 8F 0F 79 A0 44 F4 BB 16 EC 43 62 82 DC B2 8D  ...y.D....Cb....
000076B0:  B2 9A CF CB 8A B6 19 9C E0 CA 55 8F 6D 43 53 3F  ..........U.mCS?
000076C0:  5B B7 D0 B8 DC 81 97 97 B2 59 FE 2E 3D 67 4F 32  [........Y..=gO2
000076D0:  60 2C E7 D6 60 72 66 25 21 A3 97 F1 B4 FF B7 87  `,..`rf%!.......
000076E0:  49 F5 0C DA B0 F9 36 21 46 70 2E CF 20 57 70 EB  I.....6!Fp.. Wp.
000076F0:  5D D0 82 32 00 35 AC 38 77 2E 3A A5 EF F2 24 CB  ]..2.5.8w.:...$.
00007700:  78 61 BC 43 43 CF 83 95 47 CD AA 06 B8 68 0A 1C  xa.CC...G....h..
00007710:  F2 C5 D1 75 D9 57 30 E8 46 20 BE C4 26 07 0E 45  ...u.W0.F ..&..E
00007720:  59 3D 49 CF 15 6C EE 66 12 6F 01 7C B6 72 DB 9C  Y=I..l.f.o.|.r..
00007730:  2F 5F 7A EF C0 73 4E 99 12 75 1D BA 34 41 67 6F  /_z..sN..u..4Ago
00007740:  40 A4 13 FF 4F 25 DE 2A 73 AA 6A 07 93 3C 1A 89  @...O%.*s.j..<..
00007750:  F9 3A 4D 11 05 02 B9 37 2D DA 1C 54 A8 65 DA F3  .:M....7-..T.e..
00007760:  07 53 E3 13 71 28 00 00 00 00 00 00 00 00 00 00  .S..q(..........
00007770:  00 00 00 00 00 00 00 00 00 00 00 00 00 00 00 00  ................ [zeros]
00007780:  00 00 00 00 00 00 8C 25 6C 65 61 21 F3 EE FB 22  .......%lea!..."
00007790:  44 14 B8 44 9C 35 00 00 00 00 00 00 00 00 00 00  D..D.5..........
000077A0:  00 00 00 00 00 00 00 00 00 00 00 00 00 00 00 00  ................ [zeros]
000077B0:  00 00 00 00 00 00 10 3F 2A 39 5C 09 17 F6 7B 4B  .......?*9\...{K
000077C0:  1D 7C 5F F6 D1 D3 00 00 00 00 00 00 00 00 00 00  .|_.............
000077D0:  00 00 00 00 00 00 00 00 00 00 00 00 00 00 00 00  ................ [zeros]
000077E0:  00 00 00 00 00 00 00 00 00 00 00 00 00 00 00 00  ................ [zeros]
000077F0:  00 00 00 00 00 00 5D 03 D2 37 B6 BE 91 67 AE 9C  ......]..7...g..
00007800:  79 3B 08 E5 DB 28 00 00 00 00 00 00 00 00 00 00  y;...(..........
00007810:  00 00 00 00 00 00 00 00 00 00 00 00 00 00 00 00  ................ [zeros]
00007820:  00 00 00 00 00 00 A4 4A 6B 59 81 25 63 E7 6F DF  .......JkY.%c.o.
00007830:  02 76 EF 56 74 9F 00 00 00 00 00 00 00 00 00 00  .v.Vt...........
00007840:  00 00 00 00 00 00 00 00 00 00 00 00 00 00 00 00  ................ [zeros]
00007850:  00 00 00 00 00 00 C2 46 36 A4 D7 7E 30 78 64 B5  .......F6..~0xd.
00007860:  A3 E4 B4 DE 18 60 00 00 00 00 00 00 00 00 00 00  .....`..........
00007870:  00 00 00 00 00 00 00 00 00 00 00 00 00 00 00 00  ................ [zeros]
00007880:  00 00 00 00 00 00 00 00 00 00 00 00 00 00 00 00  ................ [zeros]
00007890:  00 00 00 00 00 00 43 1A 3E F1 4E 00 72 79 F7 25  ......C.>.N.ry.%
000078A0:  28 D6 13 A7 77 6F 00 00 00 00 00 00 00 00 00 00  (...wo..........
000078B0:  00 00 00 00 00 00 00 00 00 00 00 00 00 00 00 00  ................ [zeros]
000078C0:  00 00 00 00 00 00 1E 96 5A B1 7E 01 4A 4A 2F 0A  ........Z.~.JJ/.
000078D0:  0A 83 28 7E 90 EA 95 5A 08 B0 56 EF 45 56 40 F9  ..(~...Z..V.EV@.
000078E0:  07 56 94 87 B9 A0 95 5A 08 B0 56 EF 45 56 40 F9  .V.....Z..V.EV@.
000078F0:  07 56 94 87 B9 A0 6A 7E 87 77 6B B2 08 11 28 D4  .V....j~.wk...(.
00007900:  0E 24 80 BE DC 6E 48 1F 1E D4 54 74 72 0D E7 BB  .$...nH...Ttr...
00007910:  4B AB 6B A3 4B AA 7E 21 DF 1E 77 D9 87 AB 87 D2  K.k.K.~!..w.....
00007920:  A6 D0 9D 05 F0 E0 4D 8C 3B 90 0B 13 88 03 7E BA  ......M.;.....~.
00007930:  A5 03 D9 FB 47 48 C3 3B 72 32 28 87 81 FF 52 6B  ....GH.;r2(...Rk
00007940:  FF 70 E3 4A F3 A5 B5 06 7E 67 7E 4E C0 70 E6 22  .p.J....~g~N.p."
00007950:  B4 19 70 CE D2 F3 DE D5 E2 39 66 23 EE EB 7A 7D  ..p......9f#..z}
00007960:  CB 01 2F 77 1E BB 4F F8 71 92 3E 2D AE F6 10 CB  ../w..O.q.>-....
00007970:  6A 55 CC 64 F5 94 A7 7B 6F DC 87 D7 0F C1 21 45  jU.d...{o.....!E
00007980:  D1 4A 27 7B FF 18 E6 94 E6 D2 7B 38 68 75 D8 03  .J'{......{8hu..
00007990:  92 5B 03 3E 64 BE 5B B1 2F CF 5D 78 CF DF 70 6B  .[.>d.[./.]x..pk
000079A0:  C3 5A 66 7D 13 FF 75 1A D0 89 7A C5 9F 4B CE 05  .Zf}..u...z..K..
000079B0:  E5 AD A5 9A 89 2C F1 A0 CB 1D 29 A0 81 42 E7 96  .....,....)..B..
000079C0:  6E 41 9D E6 B0 42 69 8F AD 3A 46 AF 21 7A 09 06  nA...Bi..:F.!z..
000079D0:  1B 60 FB 25 C5 2E 2C A4 4C F2 A1 1A 39 5B 79 B8  .`.%..,.L...9[y.
000079E0:  1D D7 DB 76 8C 84 2C A4 4C F2 A1 1A 39 5B 79 B8  ...v..,.L...9[y.
000079F0:  1D D7 DB 76 8C 84 2C A4 4C F2 A1 1A 39 5B 79 B8  ...v..,.L...9[y.
00007A00:  1D D7 DB 76 8C 84 7A 1C F1 B2 CC A1 67 76 DE 90  ...v..z.....gv..
00007A10:  45 53 49 C9 B1 D0 0A 2E C2 49 7F 94 FC EF 10 DB  ESI......I......
00007A20:  32 6B FB 43 77 6A 0A 2E C2 49 7F 94 FC EF 10 DB  2k.Cwj...I......
00007A30:  32 6B FB 43 77 6A A6 CF 06 4E 4A C3 FC 92 ED D4  2k.Cwj...NJ.....
00007A40:  3B B0 2F D5 D7 C8 5A 4F 01 3F D4 4C B2 C8 2F 7F  ;./...ZO.?.L../.
00007A50:  7C DA AD 2E 4D 47 66 24 54 2C F7 59 23 CA 83 2F  |...MGf$T,.Y#../
00007A60:  1E CF C5 AE 86 99 4A 88 93 4F 7F 67 23 70 9B BE  ......J..O.g#p..
00007A70:  A2 B6 C9 30 31 88 67 57 28 F1 7D DC EC 40 7D F8  ...01.gW(.}..@}.
00007A80:  C8 AA 09 1D 19 4B C2 FE BD 38 58 59 F7 96 5A E0  .....K...8XY..Z.
00007A90:  6F D3 C2 1A 98 76 6C A7 F4 D7 AA 90 7A A3 71 21  o....vl.....z.q!
00007AA0:  1C 9E E6 FA B2 C5 06 3C 1A 85 55 3A 9D D4 2A 62  .......<..U:..*b
00007AB0:  C4 74 14 C4 97 69 06 3C 1A 85 55 3A 9D D4 2A 62  .t...i.<..U:..*b
00007AC0:  C4 74 14 C4 97 69 06 3C 1A 85 55 3A 9D D4 2A 62  .t...i.<..U:..*b
00007AD0:  C4 74 14 C4 97 69 7A A4 D6 64 63 82 C9 18 72 13  .t...iz..dc...r.
00007AE0:  48 58 8C 7B E6 5F 9C 8C F3 A2 13 15 2B B2 6D 70  HX.{._......+.mp
00007AF0:  6F AE 97 BC 78 95 A9 7D 5B E8 AB 8E 2F 58 13 0A  o...x..}[.../X..
00007B00:  1F 84 CD 5D 3F B8 5C 07 9B C4 FD FC 0F 17 D0 12  ...]?.\.........
00007B10:  59 C5 E7 C0 80 D6 12 91 F1 3F 3F B8 F5 41 9C FE  Y........??..A..
00007B20:  15 FF 0F C0 CC CB 67 F5 2E 30 C3 16 A9 76 A2 2B  ......g..0...v.+
00007B30:  66 D7 95 B5 19 7A 8D 91 2F C6 51 A0 4A 69 D6 6F  f....z../.Q.Ji.o
00007B40:  BE 2F 7B CA AD DD FB 73 77 BD C6 F6 2F FF 51 50  ./{....sw.../.QP
00007B50:  15 1E A6 86 22 E9 4B AC C2 CE 60 11 C1 BC 4D 5B  ....".K...`...M[
00007B60:  95 F8 2D 57 D8 34 AF F8 C0 95 76 A7 8C 73 72 27  ..-W.4....v..sr'
00007B70:  AF 5B 62 36 53 68 9C 8C F3 A2 13 15 2B B2 6D 70  .[b6Sh......+.mp
00007B80:  6F AE 97 BC 78 95 A9 7D 5B E8 AB 8E 2F 58 13 0A  o...x..}[.../X..
00007B90:  1F 84 CD 5D 3F B8 5C 07 9B C4 FD FC 0F 17 D0 12  ...]?.\.........
00007BA0:  59 C5 E7 C0 80 D6 12 91 F1 3F 3F B8 F5 41 9C FE  Y........??..A..
00007BB0:  15 FF 0F C0 CC CB 67 F5 2E 30 C3 16 A9 76 A2 2B  ......g..0...v.+
00007BC0:  66 D7 95 B5 19 7A 3E 85 99 ED DA 96 C5 65 AF 81  f....z>......e..
00007BD0:  77 1C 43 CC 0A 60 88 B8 89 47 E1 DF EC 54 12 90  w.C..`...G...T..
00007BE0:  2D 4D B7 4F ED BC 46 6F B1 93 5F 6C 41 B0 D4 36  -M.O..Fo.._lA..6
00007BF0:  F2 A4 B5 EA E3 98 BB F6 9A A1 CA 69 82 FD E6 2A  ...........i...*
00007C00:  99 28 13 D5 5C A5 AD 34 BD A3 42 6F A2 F9 4A 2D  .(..\..4..Bo..J-
00007C10:  2E 0C 59 E3 11 2F 43 07 37 5D C6 61 3E 4A E5 DA  ..Y../C.7].a>J..
00007C20:  82 3F 7D C5 63 1D E3 5C 2C 02 76 9A 52 4A 71 68  .?}.c..\,.v.RJqh
00007C30:  B1                                               .

; --- structure summary (block types) ---
; 0x00000060..+0xD0  data   (208 bytes)
; 0x00000130..+0x40  zeros  (64 bytes)
; 0x00000170..+0x210  data   (528 bytes)
; 0x00000380..+0x180  zeros  (384 bytes)
; 0x00000500..+0x580  data   (1408 bytes)
; 0x00000A80..+0x3F0  zeros  (1008 bytes)
; 0x00000E70..+0x20  data   (32 bytes)
; 0x00000E90..+0x3E0  zeros  (992 bytes)
; 0x00001270..+0x20  data   (32 bytes)
; 0x00001290..+0x3E0  zeros  (992 bytes)
; 0x00001670..+0x20  data   (32 bytes)
; 0x00001690..+0x3E0  zeros  (992 bytes)
; 0x00001A70..+0x2400  data   (9216 bytes)
; 0x00003E70..+0x10  zeros  (16 bytes)
; 0x00003E80..+0x40  data   (64 bytes)
; 0x00003EC0..+0x70  zeros  (112 bytes)
; 0x00003F30..+0x120  data   (288 bytes)
; 0x00004050..+0xA0  zeros  (160 bytes)
; 0x000040F0..+0x50  data   (80 bytes)
; 0x00004140..+0x160  zeros  (352 bytes)
; 0x000042A0..+0x30  data   (48 bytes)
; 0x000042D0..+0x100  zeros  (256 bytes)
; 0x000043D0..+0xE0  data   (224 bytes)
; 0x000044B0..+0x5F0  zeros  (1520 bytes)
; 0x00004AA0..+0x130  data   (304 bytes)
; 0x00004BD0..+0x100  zeros  (256 bytes)
; 0x00004CD0..+0x210  data   (528 bytes)
; 0x00004EE0..+0x40  zeros  (64 bytes)
; 0x00004F20..+0xA0  data   (160 bytes)
; 0x00004FC0..+0xA0  zeros  (160 bytes)
; 0x00005060..+0xB0  data   (176 bytes)
; 0x00005110..+0x10  zeros  (16 bytes)
; 0x00005120..+0xD0  data   (208 bytes)
; 0x000051F0..+0xC0  zeros  (192 bytes)
; 0x000052B0..+0x280  data   (640 bytes)
; 0x00005530..+0x50  zeros  (80 bytes)
; 0x00005580..+0x160  data   (352 bytes)
; 0x000056E0..+0x30  zeros  (48 bytes)
; 0x00005710..+0x290  data   (656 bytes)
; 0x000059A0..+0x60  zeros  (96 bytes)
; 0x00005A00..+0xF0  data   (240 bytes)
; 0x00005AF0..+0xC0  zeros  (192 bytes)
; 0x00005BB0..+0x250  data   (592 bytes)
; 0x00005E00..+0xD0  zeros  (208 bytes)
; 0x00005ED0..+0x230  data   (560 bytes)
; 0x00006100..+0x30  zeros  (48 bytes)
; 0x00006130..+0x60  data   (96 bytes)
; 0x00006190..+0xA0  zeros  (160 bytes)
; 0x00006230..+0x50  data   (80 bytes)
; 0x00006280..+0x40  zeros  (64 bytes)
; 0x000062C0..+0x30  data   (48 bytes)
; 0x000062F0..+0xA0  zeros  (160 bytes)
; 0x00006390..+0x60  data   (96 bytes)
; 0x000063F0..+0x40  zeros  (64 bytes)
; 0x00006430..+0x30  data   (48 bytes)
; 0x00006460..+0xA0  zeros  (160 bytes)
; 0x00006500..+0x290  data   (656 bytes)
; 0x00006790..+0xC0  zeros  (192 bytes)
; 0x00006850..+0x180  data   (384 bytes)
; 0x000069D0..+0x20  zeros  (32 bytes)
; 0x000069F0..+0x20  data   (32 bytes)
; 0x00006A10..+0x10  zeros  (16 bytes)
; 0x00006A20..+0x20  data   (32 bytes)
; 0x00006A40..+0x10  zeros  (16 bytes)
; 0x00006A50..+0x20  data   (32 bytes)
; 0x00006A70..+0x20  zeros  (32 bytes)
; 0x00006A90..+0x20  data   (32 bytes)
; 0x00006AB0..+0x10  zeros  (16 bytes)
; 0x00006AC0..+0x20  data   (32 bytes)
; 0x00006AE0..+0x10  zeros  (16 bytes)
; 0x00006AF0..+0x20  data   (32 bytes)
; 0x00006B10..+0x20  zeros  (32 bytes)
; 0x00006B30..+0x360  data   (864 bytes)
; 0x00006E90..+0x40  zeros  (64 bytes)
; 0x00006ED0..+0x50  data   (80 bytes)
; 0x00006F20..+0xA0  zeros  (160 bytes)
; 0x00006FC0..+0x60  data   (96 bytes)
; 0x00007020..+0x40  zeros  (64 bytes)
; 0x00007060..+0x30  data   (48 bytes)
; 0x00007090..+0xA0  zeros  (160 bytes)
; 0x00007130..+0x50  data   (80 bytes)
; 0x00007180..+0x40  zeros  (64 bytes)
; 0x000071C0..+0x30  data   (48 bytes)
; 0x000071F0..+0xA0  zeros  (160 bytes)
; 0x00007290..+0x290  data   (656 bytes)
; 0x00007520..+0xC0  zeros  (192 bytes)
; 0x000075E0..+0x190  data   (400 bytes)
; 0x00007770..+0x10  zeros  (16 bytes)
; 0x00007780..+0x20  data   (32 bytes)
; 0x000077A0..+0x10  zeros  (16 bytes)
; 0x000077B0..+0x20  data   (32 bytes)
; 0x000077D0..+0x20  zeros  (32 bytes)
; 0x000077F0..+0x20  data   (32 bytes)
; 0x00007810..+0x10  zeros  (16 bytes)
; 0x00007820..+0x20  data   (32 bytes)
; 0x00007840..+0x10  zeros  (16 bytes)
; 0x00007850..+0x20  data   (32 bytes)
; 0x00007870..+0x20  zeros  (32 bytes)
; 0x00007890..+0x20  data   (32 bytes)
; 0x000078B0..+0x10  zeros  (16 bytes)
; 0x000078C0..+0x370  data   (880 bytes)
