; Decrypted GatewaySettings dump (see FORMAT.md)
; key = 824a7cf8f1d3c8cb99bb2aa4dc8e007c (aligned at 0x60)

00000060:  A1 11 B4 E7 F0 A3 6B 80 E3 52 4D 64 A3 3C 02 6C  ......k..RMd.<.l
00000070:  E5 10 D2 B6 5E 41 E3 1C 05 03 CA 22 CA B4 14 80  ....^A....."....
00000080:  8B 6D 8C 38 E2 84 10 D3 B5 E7 F1 B6 6C B0 6D B8  .m.8........l.m.
00000090:  C8 55 B3 7F C6 5F D8 85 C7 DE F1 DB 9F 10 DA 9F  .U..._..........
000000A0:  9D E9 EC D2 67 6E 94 11 3A 85 C9 02 B3 D2 7A 07  ....gn..:.....z.
000000B0:  D6 3C 9F 7C 26 35 63 4D AD D3 A4 53 DF 1C 9B DA  .<.|&5cM...S....
000000C0:  8C 4F 36 EA 57 4A 0A FD E8 49 65 61 C0 C8 24 EC  .O6.WJ...Iea..$.
000000D0:  5C 3D D8 88 8E FF 9B D0 FD 85 AC B7 79 D6 E1 D7  \=..........y...
000000E0:  2E ED B4 C3 92 EA 39 29 4C B6 3A 30 DB E1 96 22  ......9)L.:0..."
000000F0:  23 4C 39 91 19 70 A6 6B 9C 65 FF 17 BE C7 23 9F  #L9..p.k.e....#.
00000100:  09 45 B9 A4 09 B1 6B E8 86 AD 51 7C A6 76 F1 0B  .E....k...Q|.v..
00000110:  CE B4 72 63 BB B1 00 22 82 FB 6B C1 E7 A7 3F BD  ..rc..."..k...?.
00000120:  FC E5 BA 6D E7 C5 00 00 00 00 00 00 00 00 00 00  ...m............
00000130:  00 00 00 00 00 00 00 00 00 00 00 00 00 00 00 00  ................ [zeros]
00000140:  00 00 00 00 00 00 00 00 00 00 00 00 00 00 00 00  ................ [zeros]
00000150:  00 00 00 00 00 00 00 00 00 00 00 00 00 00 00 00  ................ [zeros]
00000160:  00 00 00 00 00 00 00 00 00 00 00 00 00 00 00 00  ................ [zeros]
00000170:  00 00 00 00 00 00 CF 97 A4 94 E0 14 72 F6 85 A8  ............r...
00000180:  09 2E CC 0F D0 AB 77 9A 5F 9D 71 3C 17 7A 87 9E  ......w._.q<.z..
00000190:  B6 46 14 E2 5E D5 33 3F F4 B2 1E 1B 54 00 99 B0  .F..^.3?....T...
000001A0:  45 A7 BC 3F B2 11 1C 49 F1 A1 F2 49 EE 86 CD 26  E..?...I...I...&
000001B0:  98 E1 D8 78 2B 37 88 F9 09 2B A3 D0 66 BB 66 B6  ...x+7...+..f.f.
000001C0:  95 4D 84 00 7C 8F B2 B1 C7 3B 75 29 FA 73 66 93  .M..|....;u).sf.
000001D0:  48 23 9E 5B 24 BD B0 EA AA 98 D8 D4 E1 83 1C CB  H#.[$...........
000001E0:  68 77 70 85 BD 28 95 A1 38 65 98 29 13 41 AB 37  hwp..(..8e.).A.7
000001F0:  C0 E8 63 CC DC D7 D6 F6 69 01 17 DE 3C 80 36 57  ..c.....i...<.6W
00000200:  AE 88 47 16 9E E0 D8 72 90 21 30 B4 4C C3 2E 54  ..G....r.!0.L..T
00000210:  6A BC 53 78 B8 B3 BC 7E F9 3B BB 9F 79 1F 9A E0  j.Sx...~.;..y...
00000220:  39 2E 04 2E D1 13 31 EC 96 2B D7 5C 5F C2 B9 DD  9.....1..+.\_...
00000230:  28 EA 29 11 24 65 01 77 EA F3 6B 31 FD B2 58 50  (.).$e.w..k1..XP
00000240:  70 DC 02 E2 D0 73 3D 4F 03 21 B6 7E 14 BC 97 DB  p....s=O.!.~....
00000250:  6D CC AC 73 28 CE 7B 2F D4 F5 CB 40 26 DC 4C C4  m..s(.{/...@&.L.
00000260:  B3 D6 CC 06 58 95 B4 E6 8D 82 D9 A3 86 3A 43 D5  ....X........:C.
00000270:  2F EB E5 0E B6 D4 FC E2 2D 61 1C 02 95 7F 2F 43  /.......-a..../C
00000280:  DD 2C 56 25 FD 88 E6 D5 8F D5 57 D0 67 BF 7C E4  .,V%......W.g.|.
00000290:  A7 FB A6 D3 DE CA 4D 90 9F 43 A0 CF 7E 28 38 CD  ......M..C..~(8.
000002A0:  0D 29 21 6B 10 E3 54 FC C5 5C 12 F8 2D 1D 4B 45  .)!k..T..\..-.KE
000002B0:  BB 4C 49 7A D1 0F 16 51 F0 83 75 9E 36 10 61 01  .LIz...Q..u.6.a.
000002C0:  7B DE AC D9 51 9C F8 F3 0F FA 76 0E 0F C0 E1 27  {...Q.....v....'
000002D0:  E4 B4 BB 1D 3C CF 6C AF 37 8A 36 C0 C1 C3 0E 50  ....<.l.7.6....P
000002E0:  19 80 EB BE 0F EC E5 EB 61 97 94 E1 1F 51 CD 75  ........a....Q.u
000002F0:  44 C1 0F 2D 97 07 58 3B DD 0A BD 8A 21 A0 D7 F4  D..-..X;....!...
00000300:  59 53 85 CD 14 B7 97 57 5B 0B 13 AB 07 5C B6 3F  YS.....W[....\.?
00000310:  6F 94 0C EE EC 26 B8 88 43 CF 8B C1 DC 7F 48 4D  o....&..C.....HM
00000320:  D6 BE 9C 2A 5C 46 B8 88 43 CF 8B C1 DC 7F 48 4D  ...*\F..C.....HM
00000330:  D6 BE 9C 2A 5C 46 FC 05 9D 39 69 63 BF 6C 7E C1  ...*\F...9ic.l~.
00000340:  AE CF 38 6A 38 62 ED 1B 98 CB 67 5E E2 42 90 04  ..8j8b....g^.B..
00000350:  15 14 DD 71 E6 C0 97 27 45 79 1B 27 7C 3D 57 2A  ...q...'Ey.'|=W*
00000360:  E0 A8 09 0A 59 26 84 3A D4 9C F2 95 05 09 58 17  ....Y&.:......X.
00000370:  33 7E 57 8B B5 11 A5 DF E0 F6 C9 67 E7 15 0C F4  3~W........g....
00000380:  0F 48 A1 5A 9E CD 00 00 00 00 00 00 00 00 00 00  .H.Z............
00000390:  00 00 00 00 00 00 00 00 00 00 00 00 00 00 00 00  ................ [zeros]
000003A0:  00 00 00 00 00 00 00 00 00 00 00 00 00 00 00 00  ................ [zeros]
000003B0:  00 00 00 00 00 00 00 00 00 00 00 00 00 00 00 00  ................ [zeros]
000003C0:  00 00 00 00 00 00 00 00 00 00 00 00 00 00 00 00  ................ [zeros]
000003D0:  00 00 00 00 00 00 00 00 00 00 00 00 00 00 00 00  ................ [zeros]
000003E0:  00 00 00 00 00 00 00 00 00 00 00 00 00 00 00 00  ................ [zeros]
000003F0:  00 00 00 00 00 00 00 00 00 00 00 00 00 00 00 00  ................ [zeros]
00000400:  00 00 00 00 00 00 00 00 00 00 00 00 00 00 00 00  ................ [zeros]
00000410:  00 00 00 00 00 00 00 00 00 00 00 00 00 00 00 00  ................ [zeros]
00000420:  00 00 00 00 00 00 00 00 00 00 00 00 00 00 00 00  ................ [zeros]
00000430:  00 00 00 00 00 00 00 00 00 00 00 00 00 00 00 00  ................ [zeros]
00000440:  00 00 00 00 00 00 00 00 00 00 00 00 00 00 00 00  ................ [zeros]
00000450:  00 00 00 00 00 00 00 00 00 00 00 00 00 00 00 00  ................ [zeros]
00000460:  00 00 00 00 00 00 00 00 00 00 00 00 00 00 00 00  ................ [zeros]
00000470:  00 00 00 00 00 00 00 00 00 00 00 00 00 00 00 00  ................ [zeros]
00000480:  00 00 00 00 00 00 00 00 00 00 00 00 00 00 00 00  ................ [zeros]
00000490:  00 00 00 00 00 00 00 00 00 00 00 00 00 00 00 00  ................ [zeros]
000004A0:  00 00 00 00 00 00 00 00 00 00 00 00 00 00 00 00  ................ [zeros]
000004B0:  00 00 00 00 00 00 00 00 00 00 00 00 00 00 00 00  ................ [zeros]
000004C0:  00 00 00 00 00 00 00 00 00 00 00 00 00 00 00 00  ................ [zeros]
000004D0:  00 00 00 00 00 00 00 00 00 00 00 00 00 00 00 00  ................ [zeros]
000004E0:  00 00 00 00 00 00 00 00 00 00 00 00 00 00 00 00  ................ [zeros]
000004F0:  00 00 00 00 00 00 00 00 00 00 00 00 00 00 00 00  ................ [zeros]
00000500:  00 00 00 00 00 00 99 1F 9E 92 13 CC 23 1E E7 D0  ............#...
00000510:  A1 73 EF EA 1D 7A 19 4D 78 B0 28 02 D1 60 3A 31  .s...z.Mx.(..`:1
00000520:  E4 57 96 68 77 17 FA 62 A8 7D D4 81 AD 45 3D 6A  .W.hw..b.}...E=j
00000530:  36 10 2C 35 57 91 1D 21 47 EA 31 34 7B 89 5E 23  6.,5W..!G.14{.^#
00000540:  98 2D B7 3A 4E 43 90 86 40 18 89 66 F4 00 1D 87  .-.:NC..@..f....
00000550:  AF FD 4A 63 05 4E 2B AB 08 A1 DE 0D 40 13 13 5C  ..Jc.N+.....@..\
00000560:  24 DE 06 29 1A 69 EA B0 13 6D 4C 5F A9 F6 9B 6D  $..).i...mL_...m
00000570:  2D E2 E3 AF BB AF 57 0B 09 91 47 30 48 4A 71 05  -.....W...G0HJq.
00000580:  87 17 E9 4B ED 19 9F A7 E5 63 58 98 82 F9 E2 85  ...K.....cX.....
00000590:  DC D1 74 B5 41 DA FD 88 D6 13 37 3D F4 4E E7 18  ..t.A.....7=.N..
000005A0:  48 39 DA D0 C1 7F D2 A4 6E A6 0A 5D 16 06 D0 35  H9......n..]...5
000005B0:  CC 40 22 F9 CB 6F 18 C4 99 11 CC 21 09 12 55 C0  .@"..o.....!..U.
000005C0:  0E 11 8F A0 2F D7 C9 2D E3 C4 44 D3 E1 23 63 AF  ..../..-..D..#c.
000005D0:  3D 67 2B 20 B0 84 90 53 E0 A5 71 35 95 61 EE 30  =g+ ...S..q5.a.0
000005E0:  41 DF 50 6F 15 CB 7A 42 5F 4A 65 A0 1A 6B 0A B5  A.Po..zB_Je..k..
000005F0:  60 10 35 9B C9 CB 78 E9 43 1E F9 B4 04 E7 DA 40  `.5...x.C......@
00000600:  9D EB 8D EF 47 26 D2 11 04 9E 83 78 DD 0B AC 24  ....G&.....x...$
00000610:  11 BA A9 61 F3 B4 65 FF 7E 01 22 D1 4B 8F D0 41  ...a..e.~.".K..A
00000620:  47 1F F0 C5 ED 45 20 17 67 98 B2 BA 58 D6 E7 5D  G....E .g...X..]
00000630:  03 95 7D A1 1C 6C 93 AA 65 2B 89 DF 32 2C CE 4A  ..}..l..e+..2,.J
00000640:  F0 2A E4 DB 11 89 51 F7 37 29 E3 A3 AE F5 1C 1F  .*....Q.7)......
00000650:  15 0E 94 96 CC CF F5 A2 EF 5D F6 1F A7 E0 DB F9  .........]......
00000660:  32 F6 B2 19 CF 93 6C FE 90 20 5B 7D D3 FA 11 0B  2.....l.. [}....
00000670:  69 4D 81 4D 84 E8 40 C4 2D F3 90 B9 CC 92 7F FE  iM.M..@.-.......
00000680:  C9 0C 5C 61 FF 35 F3 06 A8 E4 02 D1 B6 52 4D 30  ..\a.5.......RM0
00000690:  78 90 D3 5B 88 46 D9 0C 1F 78 22 5A 1A DE 83 D1  x..[.F...x"Z....
000006A0:  05 86 F9 9A 9A 8E 84 B8 42 8E C1 D2 EF B5 E5 90  ........B.......
000006B0:  F4 82 29 54 C3 32 9B 4F E1 8D E6 E5 DC E9 FF 6D  ..)T.2.O.......m
000006C0:  81 C2 9F 3C 2A 19 8C 57 A2 0D 19 EE 90 80 76 55  ...<*..W......vU
000006D0:  24 26 FA 2D 0D 48 28 D1 19 61 DA 13 56 AC 0A 5E  $&.-.H(..a..V..^
000006E0:  45 79 EA 22 0B C6 39 C7 21 5D 1F 2E E7 56 37 DA  Ey."..9.!]...V7.
000006F0:  80 B7 06 FA F4 86 9F 4A 88 03 08 B7 A2 D8 E4 63  .......J.......c
00000700:  56 8D 10 7C CF 4A 25 A0 64 9D BF 7E 78 7A C5 53  V..|.J%.d..~xz.S
00000710:  98 CB 47 6A 54 36 86 F9 07 69 6A 73 D4 CE 82 41  ..GjT6...ijs...A
00000720:  33 88 48 CD 40 F8 D2 5E 01 07 F6 CB 1E 79 71 2C  3.H.@..^.....yq,
00000730:  14 CA 1F 14 90 DC 4F 05 40 FE 68 FB 34 F8 25 FB  ......O.@.h.4.%.
00000740:  81 19 BE 0E F7 A1 CB B6 BD 4E F1 F4 92 68 D9 63  .........N...h.c
00000750:  91 EB 92 D3 B6 E8 FD 44 FC 3B 96 B1 12 53 43 17  .......D.;...SC.
00000760:  FE 82 D5 96 0A B0 6D 93 CA 5E D7 32 BA 96 57 54  ......m..^.2..WT
00000770:  31 A9 17 FA 44 A5 68 44 EE F5 E7 C1 FD A4 23 2A  1...D.hD......#*
00000780:  A3 B7 64 52 7A D1 7B EB 89 90 73 74 7E B3 3C A5  ..dRz.{...st~.<.
00000790:  2F D7 A1 24 0E AE 08 F4 93 58 76 36 24 5B 24 C3  /..$.....Xv6$[$.
000007A0:  C0 D9 8C 75 3D 88 7E 67 ED AC 5F 93 E4 04 AE 7A  ...u=.~g.._....z
000007B0:  6E 9E 88 3C A5 4A 66 AD D1 80 FE 79 27 CF F2 E7  n..<.Jf....y'...
000007C0:  61 2A 09 5F 7F 13 D9 D5 35 0D 08 F1 BA 8B 11 AD  a*._....5.......
000007D0:  24 41 77 39 AF 13 CF 63 EA 38 4C CA C6 83 D1 E5  $Aw9...c.8L.....
000007E0:  56 45 59 7D FE 50 1A 27 54 C2 62 A9 D1 C4 EA A5  VEY}.P.'T.b.....
000007F0:  95 10 19 09 6F 83 B7 31 02 DA AA 0C F6 C9 45 3D  ....o..1......E=
00000800:  BA 8C 96 2F 3B 84 B5 4E D9 03 9E 92 FD 46 3A D8  .../;..N.....F:.
00000810:  17 50 71 AC C5 6C 34 7F 8A 42 2C 9C 35 98 D6 F8  .Pq..l4..B,.5...
00000820:  BD D1 15 08 3E 8B 77 73 F2 C7 BC A0 3F B9 61 FB  ....>.ws....?.a.
00000830:  0A 64 4F 99 3B 00 E9 ED 22 10 66 B9 81 93 C1 17  .dO.;...".f.....
00000840:  DC C9 B5 FA E4 FA EA 40 CE 78 BB 66 D3 5D F9 43  .......@.x.f.].C
00000850:  D4 AB E0 51 C1 A6 67 BD B9 0C 01 EA 92 2F 7E E8  ...Q..g....../~.
00000860:  55 CC AB 54 5A 89 C7 7C 9C 5F 48 24 8C 59 FB 35  U..TZ..|._H$.Y.5
00000870:  EE 69 6F 89 BA ED FB C3 6C 5B 9F 74 6B 53 48 6F  .io.....l[.tkSHo
00000880:  98 A8 E1 85 70 A2 87 5A C4 81 B5 E8 C3 EE 4E F9  ....p..Z......N.
00000890:  41 13 FE 68 BB FF 74 8E EA 9F D3 07 BE C5 E0 6A  A..h..t........j
000008A0:  22 1F 43 E0 68 29 C9 E3 7D A3 DA 41 D9 54 1A 3D  ".C.h)..}..A.T.=
000008B0:  48 64 C1 40 24 8E 94 4A 38 4A 31 D9 46 B8 94 D3  Hd.@$..J8J1.F...
000008C0:  5D D3 B4 A2 73 63 6E BD 43 27 60 E4 FA E1 B8 86  ]...scn.C'`.....
000008D0:  74 C2 4B 3F AF EA C4 9A 78 9E 07 47 B9 97 B8 C6  t.K?....x..G....
000008E0:  2A 30 CC CB 98 59 1F C2 FE B7 AE C3 98 59 E9 C6  *0...Y.......Y..
000008F0:  86 A2 8B 26 9C D5 96 CB 56 D0 51 7D B1 20 52 5A  ...&....V.Q}. RZ
00000900:  6D DC E1 4C A3 A2 61 2A 7B 66 B1 33 D4 EA F0 BE  m..L..a*{f.3....
00000910:  90 40 1F AD BC 9A D4 7A A5 E0 1E 06 0C B3 07 5A  .@.....z.......Z
00000920:  3E 2B FA C1 2E F4 82 54 46 1F D2 EC 0C 65 58 06  >+.....TF....eX.
00000930:  2D 29 6C E7 9B AF 90 C1 02 EB 04 CC 47 48 15 5D  -)l.........GH.]
00000940:  F4 60 99 4F B6 71 81 33 D3 97 EA 15 A5 BB C4 95  .`.O.q.3........
00000950:  F1 20 DE 2B 93 0B 81 2C F9 29 74 F8 A7 C3 C1 DC  . .+...,.)t.....
00000960:  7A 28 40 F2 E0 C6 44 35 8F 35 DC 79 A8 7B D7 6E  z(@...D5.5.y.{.n
00000970:  75 F8 14 3A C7 EA DD 55 15 8E 77 29 3E 9B DB 32  u..:...U..w)>..2
00000980:  8F 86 0D 97 5D 01 4B 73 94 56 2F 0B 46 08 E2 4B  ....].Ks.V/.F..K
00000990:  D0 DA 35 03 B1 71 AC 83 B5 69 9A C6 1F A1 14 A9  ..5..q...i......
000009A0:  81 D1 AC 74 E1 0C 74 9F 32 91 21 C3 F4 79 7F 21  ...t..t.2.!..y.!
000009B0:  75 5D 24 A5 AF 17 D4 7A A5 E0 1E 06 0C B3 07 5A  u]$....z.......Z
000009C0:  3E 2B FA C1 2E F4 9A 72 B1 ED C1 AC 41 9F 1B EF  >+.....r....A...
000009D0:  FD 7A 52 6F 1D E7 09 A2 43 95 9A 64 EA 1C DB FF  .zRo....C..d....
000009E0:  9E 51 88 BF 11 F9 66 99 EB 79 33 1B 47 D8 C2 D6  .Q....f..y3.G...
000009F0:  81 61 FC 3B DC 65 62 E9 8C EF 2E 2F 45 05 9C 15  .a.;.eb..../E...
00000A00:  44 F8 7D 08 5C 70 9C 2A F0 AE 9F 76 8F EE 6A 89  D.}.\p.*...v..j.
00000A10:  A0 ED 4C 0E 50 1F 3F 95 55 68 D9 A3 9A 7A C9 32  ..L.P.?.Uh...z.2
00000A20:  7A E1 85 8F 9C 90 3B FD 2F BD 09 7B 29 E9 91 E8  z.....;./..{)...
00000A30:  7D E7 1E 57 79 B1 AC 7E 91 72 83 5A A7 E2 4A 97  }..Wy..~.r.Z..J.
00000A40:  FA D6 40 94 D4 59 F0 92 5E C9 85 29 F6 0D 84 0C  ..@..Y..^..)....
00000A50:  11 49 C4 B5 27 F0 5E 58 41 CC 55 54 A8 FE 3C 50  .I..'.^XA.UT..<P
00000A60:  4F 12 74 5A C5 51 1D 22 E7 0D AC 84 8F 8D A1 4F  O.tZ.Q.".......O
00000A70:  84 6A 8A 99 66 A3 00 00 00 00 00 00 00 00 00 00  .j..f...........
00000A80:  00 00 00 00 00 00 00 00 00 00 00 00 00 00 00 00  ................ [zeros]
00000A90:  00 00 00 00 00 00 00 00 00 00 00 00 00 00 00 00  ................ [zeros]
00000AA0:  00 00 00 00 00 00 00 00 00 00 00 00 00 00 00 00  ................ [zeros]
00000AB0:  00 00 00 00 00 00 00 00 00 00 00 00 00 00 00 00  ................ [zeros]
00000AC0:  00 00 00 00 00 00 00 00 00 00 00 00 00 00 00 00  ................ [zeros]
00000AD0:  00 00 00 00 00 00 00 00 00 00 00 00 00 00 00 00  ................ [zeros]
00000AE0:  00 00 00 00 00 00 00 00 00 00 00 00 00 00 00 00  ................ [zeros]
00000AF0:  00 00 00 00 00 00 00 00 00 00 00 00 00 00 00 00  ................ [zeros]
00000B00:  00 00 00 00 00 00 00 00 00 00 00 00 00 00 00 00  ................ [zeros]
00000B10:  00 00 00 00 00 00 00 00 00 00 00 00 00 00 00 00  ................ [zeros]
00000B20:  00 00 00 00 00 00 00 00 00 00 00 00 00 00 00 00  ................ [zeros]
00000B30:  00 00 00 00 00 00 00 00 00 00 00 00 00 00 00 00  ................ [zeros]
00000B40:  00 00 00 00 00 00 00 00 00 00 00 00 00 00 00 00  ................ [zeros]
00000B50:  00 00 00 00 00 00 00 00 00 00 00 00 00 00 00 00  ................ [zeros]
00000B60:  00 00 00 00 00 00 00 00 00 00 00 00 00 00 00 00  ................ [zeros]
00000B70:  00 00 00 00 00 00 00 00 00 00 00 00 00 00 00 00  ................ [zeros]
00000B80:  00 00 00 00 00 00 00 00 00 00 00 00 00 00 00 00  ................ [zeros]
00000B90:  00 00 00 00 00 00 00 00 00 00 00 00 00 00 00 00  ................ [zeros]
00000BA0:  00 00 00 00 00 00 00 00 00 00 00 00 00 00 00 00  ................ [zeros]
00000BB0:  00 00 00 00 00 00 00 00 00 00 00 00 00 00 00 00  ................ [zeros]
00000BC0:  00 00 00 00 00 00 00 00 00 00 00 00 00 00 00 00  ................ [zeros]
00000BD0:  00 00 00 00 00 00 00 00 00 00 00 00 00 00 00 00  ................ [zeros]
00000BE0:  00 00 00 00 00 00 00 00 00 00 00 00 00 00 00 00  ................ [zeros]
00000BF0:  00 00 00 00 00 00 00 00 00 00 00 00 00 00 00 00  ................ [zeros]
00000C00:  00 00 00 00 00 00 00 00 00 00 00 00 00 00 00 00  ................ [zeros]
00000C10:  00 00 00 00 00 00 00 00 00 00 00 00 00 00 00 00  ................ [zeros]
00000C20:  00 00 00 00 00 00 00 00 00 00 00 00 00 00 00 00  ................ [zeros]
00000C30:  00 00 00 00 00 00 00 00 00 00 00 00 00 00 00 00  ................ [zeros]
00000C40:  00 00 00 00 00 00 00 00 00 00 00 00 00 00 00 00  ................ [zeros]
00000C50:  00 00 00 00 00 00 00 00 00 00 00 00 00 00 00 00  ................ [zeros]
00000C60:  00 00 00 00 00 00 00 00 00 00 00 00 00 00 00 00  ................ [zeros]
00000C70:  00 00 00 00 00 00 00 00 00 00 00 00 00 00 00 00  ................ [zeros]
00000C80:  00 00 00 00 00 00 00 00 00 00 00 00 00 00 00 00  ................ [zeros]
00000C90:  00 00 00 00 00 00 00 00 00 00 00 00 00 00 00 00  ................ [zeros]
00000CA0:  00 00 00 00 00 00 00 00 00 00 00 00 00 00 00 00  ................ [zeros]
00000CB0:  00 00 00 00 00 00 00 00 00 00 00 00 00 00 00 00  ................ [zeros]
00000CC0:  00 00 00 00 00 00 00 00 00 00 00 00 00 00 00 00  ................ [zeros]
00000CD0:  00 00 00 00 00 00 00 00 00 00 00 00 00 00 00 00  ................ [zeros]
00000CE0:  00 00 00 00 00 00 00 00 00 00 00 00 00 00 00 00  ................ [zeros]
00000CF0:  00 00 00 00 00 00 00 00 00 00 00 00 00 00 00 00  ................ [zeros]
00000D00:  00 00 00 00 00 00 00 00 00 00 00 00 00 00 00 00  ................ [zeros]
00000D10:  00 00 00 00 00 00 00 00 00 00 00 00 00 00 00 00  ................ [zeros]
00000D20:  00 00 00 00 00 00 00 00 00 00 00 00 00 00 00 00  ................ [zeros]
00000D30:  00 00 00 00 00 00 00 00 00 00 00 00 00 00 00 00  ................ [zeros]
00000D40:  00 00 00 00 00 00 00 00 00 00 00 00 00 00 00 00  ................ [zeros]
00000D50:  00 00 00 00 00 00 00 00 00 00 00 00 00 00 00 00  ................ [zeros]
00000D60:  00 00 00 00 00 00 00 00 00 00 00 00 00 00 00 00  ................ [zeros]
00000D70:  00 00 00 00 00 00 00 00 00 00 00 00 00 00 00 00  ................ [zeros]
00000D80:  00 00 00 00 00 00 00 00 00 00 00 00 00 00 00 00  ................ [zeros]
00000D90:  00 00 00 00 00 00 00 00 00 00 00 00 00 00 00 00  ................ [zeros]
00000DA0:  00 00 00 00 00 00 00 00 00 00 00 00 00 00 00 00  ................ [zeros]
00000DB0:  00 00 00 00 00 00 00 00 00 00 00 00 00 00 00 00  ................ [zeros]
00000DC0:  00 00 00 00 00 00 00 00 00 00 00 00 00 00 00 00  ................ [zeros]
00000DD0:  00 00 00 00 00 00 00 00 00 00 00 00 00 00 00 00  ................ [zeros]
00000DE0:  00 00 00 00 00 00 00 00 00 00 00 00 00 00 00 00  ................ [zeros]
00000DF0:  00 00 00 00 00 00 00 00 00 00 00 00 00 00 00 00  ................ [zeros]
00000E00:  00 00 00 00 00 00 00 00 00 00 00 00 00 00 00 00  ................ [zeros]
00000E10:  00 00 00 00 00 00 00 00 00 00 00 00 00 00 00 00  ................ [zeros]
00000E20:  00 00 00 00 00 00 00 00 00 00 00 00 00 00 00 00  ................ [zeros]
00000E30:  00 00 00 00 00 00 00 00 00 00 00 00 00 00 00 00  ................ [zeros]
00000E40:  00 00 00 00 00 00 00 00 00 00 00 00 00 00 00 00  ................ [zeros]
00000E50:  00 00 00 00 00 00 00 00 00 00 00 00 00 00 00 00  ................ [zeros]
00000E60:  00 00 00 00 00 00 E2 20 5B 6D 64 89 6E AA AA D4  ....... [md.n...
00000E70:  AA B9 A9 B7 19 54 00 00 00 00 00 00 00 00 00 00  .....T..........
00000E80:  00 00 00 00 00 00 00 00 00 00 00 00 00 00 00 00  ................ [zeros]
00000E90:  00 00 00 00 00 00 00 00 00 00 00 00 00 00 00 00  ................ [zeros]
00000EA0:  00 00 00 00 00 00 00 00 00 00 00 00 00 00 00 00  ................ [zeros]
00000EB0:  00 00 00 00 00 00 00 00 00 00 00 00 00 00 00 00  ................ [zeros]
00000EC0:  00 00 00 00 00 00 00 00 00 00 00 00 00 00 00 00  ................ [zeros]
00000ED0:  00 00 00 00 00 00 00 00 00 00 00 00 00 00 00 00  ................ [zeros]
00000EE0:  00 00 00 00 00 00 00 00 00 00 00 00 00 00 00 00  ................ [zeros]
00000EF0:  00 00 00 00 00 00 00 00 00 00 00 00 00 00 00 00  ................ [zeros]
00000F00:  00 00 00 00 00 00 00 00 00 00 00 00 00 00 00 00  ................ [zeros]
00000F10:  00 00 00 00 00 00 00 00 00 00 00 00 00 00 00 00  ................ [zeros]
00000F20:  00 00 00 00 00 00 00 00 00 00 00 00 00 00 00 00  ................ [zeros]
00000F30:  00 00 00 00 00 00 00 00 00 00 00 00 00 00 00 00  ................ [zeros]
00000F40:  00 00 00 00 00 00 00 00 00 00 00 00 00 00 00 00  ................ [zeros]
00000F50:  00 00 00 00 00 00 00 00 00 00 00 00 00 00 00 00  ................ [zeros]
00000F60:  00 00 00 00 00 00 00 00 00 00 00 00 00 00 00 00  ................ [zeros]
00000F70:  00 00 00 00 00 00 00 00 00 00 00 00 00 00 00 00  ................ [zeros]
00000F80:  00 00 00 00 00 00 00 00 00 00 00 00 00 00 00 00  ................ [zeros]
00000F90:  00 00 00 00 00 00 00 00 00 00 00 00 00 00 00 00  ................ [zeros]
00000FA0:  00 00 00 00 00 00 00 00 00 00 00 00 00 00 00 00  ................ [zeros]
00000FB0:  00 00 00 00 00 00 00 00 00 00 00 00 00 00 00 00  ................ [zeros]
00000FC0:  00 00 00 00 00 00 00 00 00 00 00 00 00 00 00 00  ................ [zeros]
00000FD0:  00 00 00 00 00 00 00 00 00 00 00 00 00 00 00 00  ................ [zeros]
00000FE0:  00 00 00 00 00 00 00 00 00 00 00 00 00 00 00 00  ................ [zeros]
00000FF0:  00 00 00 00 00 00 00 00 00 00 00 00 00 00 00 00  ................ [zeros]
00001000:  00 00 00 00 00 00 00 00 00 00 00 00 00 00 00 00  ................ [zeros]
00001010:  00 00 00 00 00 00 00 00 00 00 00 00 00 00 00 00  ................ [zeros]
00001020:  00 00 00 00 00 00 00 00 00 00 00 00 00 00 00 00  ................ [zeros]
00001030:  00 00 00 00 00 00 00 00 00 00 00 00 00 00 00 00  ................ [zeros]
00001040:  00 00 00 00 00 00 00 00 00 00 00 00 00 00 00 00  ................ [zeros]
00001050:  00 00 00 00 00 00 00 00 00 00 00 00 00 00 00 00  ................ [zeros]
00001060:  00 00 00 00 00 00 00 00 00 00 00 00 00 00 00 00  ................ [zeros]
00001070:  00 00 00 00 00 00 00 00 00 00 00 00 00 00 00 00  ................ [zeros]
00001080:  00 00 00 00 00 00 00 00 00 00 00 00 00 00 00 00  ................ [zeros]
00001090:  00 00 00 00 00 00 00 00 00 00 00 00 00 00 00 00  ................ [zeros]
000010A0:  00 00 00 00 00 00 00 00 00 00 00 00 00 00 00 00  ................ [zeros]
000010B0:  00 00 00 00 00 00 00 00 00 00 00 00 00 00 00 00  ................ [zeros]
000010C0:  00 00 00 00 00 00 00 00 00 00 00 00 00 00 00 00  ................ [zeros]
000010D0:  00 00 00 00 00 00 00 00 00 00 00 00 00 00 00 00  ................ [zeros]
000010E0:  00 00 00 00 00 00 00 00 00 00 00 00 00 00 00 00  ................ [zeros]
000010F0:  00 00 00 00 00 00 00 00 00 00 00 00 00 00 00 00  ................ [zeros]
00001100:  00 00 00 00 00 00 00 00 00 00 00 00 00 00 00 00  ................ [zeros]
00001110:  00 00 00 00 00 00 00 00 00 00 00 00 00 00 00 00  ................ [zeros]
00001120:  00 00 00 00 00 00 00 00 00 00 00 00 00 00 00 00  ................ [zeros]
00001130:  00 00 00 00 00 00 00 00 00 00 00 00 00 00 00 00  ................ [zeros]
00001140:  00 00 00 00 00 00 00 00 00 00 00 00 00 00 00 00  ................ [zeros]
00001150:  00 00 00 00 00 00 00 00 00 00 00 00 00 00 00 00  ................ [zeros]
00001160:  00 00 00 00 00 00 00 00 00 00 00 00 00 00 00 00  ................ [zeros]
00001170:  00 00 00 00 00 00 00 00 00 00 00 00 00 00 00 00  ................ [zeros]
00001180:  00 00 00 00 00 00 00 00 00 00 00 00 00 00 00 00  ................ [zeros]
00001190:  00 00 00 00 00 00 00 00 00 00 00 00 00 00 00 00  ................ [zeros]
000011A0:  00 00 00 00 00 00 00 00 00 00 00 00 00 00 00 00  ................ [zeros]
000011B0:  00 00 00 00 00 00 00 00 00 00 00 00 00 00 00 00  ................ [zeros]
000011C0:  00 00 00 00 00 00 00 00 00 00 00 00 00 00 00 00  ................ [zeros]
000011D0:  00 00 00 00 00 00 00 00 00 00 00 00 00 00 00 00  ................ [zeros]
000011E0:  00 00 00 00 00 00 00 00 00 00 00 00 00 00 00 00  ................ [zeros]
000011F0:  00 00 00 00 00 00 00 00 00 00 00 00 00 00 00 00  ................ [zeros]
00001200:  00 00 00 00 00 00 00 00 00 00 00 00 00 00 00 00  ................ [zeros]
00001210:  00 00 00 00 00 00 00 00 00 00 00 00 00 00 00 00  ................ [zeros]
00001220:  00 00 00 00 00 00 00 00 00 00 00 00 00 00 00 00  ................ [zeros]
00001230:  00 00 00 00 00 00 00 00 00 00 00 00 00 00 00 00  ................ [zeros]
00001240:  00 00 00 00 00 00 00 00 00 00 00 00 00 00 00 00  ................ [zeros]
00001250:  00 00 00 00 00 00 00 00 00 00 00 00 00 00 00 00  ................ [zeros]
00001260:  00 00 00 00 00 00 74 F8 82 03 AD E8 C7 86 04 03  ......t.........
00001270:  1C 1B B8 F8 2F DE 00 00 00 00 00 00 00 00 00 00  ..../...........
00001280:  00 00 00 00 00 00 00 00 00 00 00 00 00 00 00 00  ................ [zeros]
00001290:  00 00 00 00 00 00 00 00 00 00 00 00 00 00 00 00  ................ [zeros]
000012A0:  00 00 00 00 00 00 00 00 00 00 00 00 00 00 00 00  ................ [zeros]
000012B0:  00 00 00 00 00 00 00 00 00 00 00 00 00 00 00 00  ................ [zeros]
000012C0:  00 00 00 00 00 00 00 00 00 00 00 00 00 00 00 00  ................ [zeros]
000012D0:  00 00 00 00 00 00 00 00 00 00 00 00 00 00 00 00  ................ [zeros]
000012E0:  00 00 00 00 00 00 00 00 00 00 00 00 00 00 00 00  ................ [zeros]
000012F0:  00 00 00 00 00 00 00 00 00 00 00 00 00 00 00 00  ................ [zeros]
00001300:  00 00 00 00 00 00 00 00 00 00 00 00 00 00 00 00  ................ [zeros]
00001310:  00 00 00 00 00 00 00 00 00 00 00 00 00 00 00 00  ................ [zeros]
00001320:  00 00 00 00 00 00 00 00 00 00 00 00 00 00 00 00  ................ [zeros]
00001330:  00 00 00 00 00 00 00 00 00 00 00 00 00 00 00 00  ................ [zeros]
00001340:  00 00 00 00 00 00 00 00 00 00 00 00 00 00 00 00  ................ [zeros]
00001350:  00 00 00 00 00 00 00 00 00 00 00 00 00 00 00 00  ................ [zeros]
00001360:  00 00 00 00 00 00 00 00 00 00 00 00 00 00 00 00  ................ [zeros]
00001370:  00 00 00 00 00 00 00 00 00 00 00 00 00 00 00 00  ................ [zeros]
00001380:  00 00 00 00 00 00 00 00 00 00 00 00 00 00 00 00  ................ [zeros]
00001390:  00 00 00 00 00 00 00 00 00 00 00 00 00 00 00 00  ................ [zeros]
000013A0:  00 00 00 00 00 00 00 00 00 00 00 00 00 00 00 00  ................ [zeros]
000013B0:  00 00 00 00 00 00 00 00 00 00 00 00 00 00 00 00  ................ [zeros]
000013C0:  00 00 00 00 00 00 00 00 00 00 00 00 00 00 00 00  ................ [zeros]
000013D0:  00 00 00 00 00 00 00 00 00 00 00 00 00 00 00 00  ................ [zeros]
000013E0:  00 00 00 00 00 00 00 00 00 00 00 00 00 00 00 00  ................ [zeros]
000013F0:  00 00 00 00 00 00 00 00 00 00 00 00 00 00 00 00  ................ [zeros]
00001400:  00 00 00 00 00 00 00 00 00 00 00 00 00 00 00 00  ................ [zeros]
00001410:  00 00 00 00 00 00 00 00 00 00 00 00 00 00 00 00  ................ [zeros]
00001420:  00 00 00 00 00 00 00 00 00 00 00 00 00 00 00 00  ................ [zeros]
00001430:  00 00 00 00 00 00 00 00 00 00 00 00 00 00 00 00  ................ [zeros]
00001440:  00 00 00 00 00 00 00 00 00 00 00 00 00 00 00 00  ................ [zeros]
00001450:  00 00 00 00 00 00 00 00 00 00 00 00 00 00 00 00  ................ [zeros]
00001460:  00 00 00 00 00 00 00 00 00 00 00 00 00 00 00 00  ................ [zeros]
00001470:  00 00 00 00 00 00 00 00 00 00 00 00 00 00 00 00  ................ [zeros]
00001480:  00 00 00 00 00 00 00 00 00 00 00 00 00 00 00 00  ................ [zeros]
00001490:  00 00 00 00 00 00 00 00 00 00 00 00 00 00 00 00  ................ [zeros]
000014A0:  00 00 00 00 00 00 00 00 00 00 00 00 00 00 00 00  ................ [zeros]
000014B0:  00 00 00 00 00 00 00 00 00 00 00 00 00 00 00 00  ................ [zeros]
000014C0:  00 00 00 00 00 00 00 00 00 00 00 00 00 00 00 00  ................ [zeros]
000014D0:  00 00 00 00 00 00 00 00 00 00 00 00 00 00 00 00  ................ [zeros]
000014E0:  00 00 00 00 00 00 00 00 00 00 00 00 00 00 00 00  ................ [zeros]
000014F0:  00 00 00 00 00 00 00 00 00 00 00 00 00 00 00 00  ................ [zeros]
00001500:  00 00 00 00 00 00 00 00 00 00 00 00 00 00 00 00  ................ [zeros]
00001510:  00 00 00 00 00 00 00 00 00 00 00 00 00 00 00 00  ................ [zeros]
00001520:  00 00 00 00 00 00 00 00 00 00 00 00 00 00 00 00  ................ [zeros]
00001530:  00 00 00 00 00 00 00 00 00 00 00 00 00 00 00 00  ................ [zeros]
00001540:  00 00 00 00 00 00 00 00 00 00 00 00 00 00 00 00  ................ [zeros]
00001550:  00 00 00 00 00 00 00 00 00 00 00 00 00 00 00 00  ................ [zeros]
00001560:  00 00 00 00 00 00 00 00 00 00 00 00 00 00 00 00  ................ [zeros]
00001570:  00 00 00 00 00 00 00 00 00 00 00 00 00 00 00 00  ................ [zeros]
00001580:  00 00 00 00 00 00 00 00 00 00 00 00 00 00 00 00  ................ [zeros]
00001590:  00 00 00 00 00 00 00 00 00 00 00 00 00 00 00 00  ................ [zeros]
000015A0:  00 00 00 00 00 00 00 00 00 00 00 00 00 00 00 00  ................ [zeros]
000015B0:  00 00 00 00 00 00 00 00 00 00 00 00 00 00 00 00  ................ [zeros]
000015C0:  00 00 00 00 00 00 00 00 00 00 00 00 00 00 00 00  ................ [zeros]
000015D0:  00 00 00 00 00 00 00 00 00 00 00 00 00 00 00 00  ................ [zeros]
000015E0:  00 00 00 00 00 00 00 00 00 00 00 00 00 00 00 00  ................ [zeros]
000015F0:  00 00 00 00 00 00 00 00 00 00 00 00 00 00 00 00  ................ [zeros]
00001600:  00 00 00 00 00 00 00 00 00 00 00 00 00 00 00 00  ................ [zeros]
00001610:  00 00 00 00 00 00 00 00 00 00 00 00 00 00 00 00  ................ [zeros]
00001620:  00 00 00 00 00 00 00 00 00 00 00 00 00 00 00 00  ................ [zeros]
00001630:  00 00 00 00 00 00 00 00 00 00 00 00 00 00 00 00  ................ [zeros]
00001640:  00 00 00 00 00 00 00 00 00 00 00 00 00 00 00 00  ................ [zeros]
00001650:  00 00 00 00 00 00 00 00 00 00 00 00 00 00 00 00  ................ [zeros]
00001660:  00 00 00 00 00 00 8F 16 E2 93 4E 5B 95 29 58 0E  ..........N[.)X.
00001670:  D5 37 65 28 20 AA 00 00 00 00 00 00 00 00 00 00  .7e( ...........
00001680:  00 00 00 00 00 00 00 00 00 00 00 00 00 00 00 00  ................ [zeros]
00001690:  00 00 00 00 00 00 00 00 00 00 00 00 00 00 00 00  ................ [zeros]
000016A0:  00 00 00 00 00 00 00 00 00 00 00 00 00 00 00 00  ................ [zeros]
000016B0:  00 00 00 00 00 00 00 00 00 00 00 00 00 00 00 00  ................ [zeros]
000016C0:  00 00 00 00 00 00 00 00 00 00 00 00 00 00 00 00  ................ [zeros]
000016D0:  00 00 00 00 00 00 00 00 00 00 00 00 00 00 00 00  ................ [zeros]
000016E0:  00 00 00 00 00 00 00 00 00 00 00 00 00 00 00 00  ................ [zeros]
000016F0:  00 00 00 00 00 00 00 00 00 00 00 00 00 00 00 00  ................ [zeros]
00001700:  00 00 00 00 00 00 00 00 00 00 00 00 00 00 00 00  ................ [zeros]
00001710:  00 00 00 00 00 00 00 00 00 00 00 00 00 00 00 00  ................ [zeros]
00001720:  00 00 00 00 00 00 00 00 00 00 00 00 00 00 00 00  ................ [zeros]
00001730:  00 00 00 00 00 00 00 00 00 00 00 00 00 00 00 00  ................ [zeros]
00001740:  00 00 00 00 00 00 00 00 00 00 00 00 00 00 00 00  ................ [zeros]
00001750:  00 00 00 00 00 00 00 00 00 00 00 00 00 00 00 00  ................ [zeros]
00001760:  00 00 00 00 00 00 00 00 00 00 00 00 00 00 00 00  ................ [zeros]
00001770:  00 00 00 00 00 00 00 00 00 00 00 00 00 00 00 00  ................ [zeros]
00001780:  00 00 00 00 00 00 00 00 00 00 00 00 00 00 00 00  ................ [zeros]
00001790:  00 00 00 00 00 00 00 00 00 00 00 00 00 00 00 00  ................ [zeros]
000017A0:  00 00 00 00 00 00 00 00 00 00 00 00 00 00 00 00  ................ [zeros]
000017B0:  00 00 00 00 00 00 00 00 00 00 00 00 00 00 00 00  ................ [zeros]
000017C0:  00 00 00 00 00 00 00 00 00 00 00 00 00 00 00 00  ................ [zeros]
000017D0:  00 00 00 00 00 00 00 00 00 00 00 00 00 00 00 00  ................ [zeros]
000017E0:  00 00 00 00 00 00 00 00 00 00 00 00 00 00 00 00  ................ [zeros]
000017F0:  00 00 00 00 00 00 00 00 00 00 00 00 00 00 00 00  ................ [zeros]
00001800:  00 00 00 00 00 00 00 00 00 00 00 00 00 00 00 00  ................ [zeros]
00001810:  00 00 00 00 00 00 00 00 00 00 00 00 00 00 00 00  ................ [zeros]
00001820:  00 00 00 00 00 00 00 00 00 00 00 00 00 00 00 00  ................ [zeros]
00001830:  00 00 00 00 00 00 00 00 00 00 00 00 00 00 00 00  ................ [zeros]
00001840:  00 00 00 00 00 00 00 00 00 00 00 00 00 00 00 00  ................ [zeros]
00001850:  00 00 00 00 00 00 00 00 00 00 00 00 00 00 00 00  ................ [zeros]
00001860:  00 00 00 00 00 00 00 00 00 00 00 00 00 00 00 00  ................ [zeros]
00001870:  00 00 00 00 00 00 00 00 00 00 00 00 00 00 00 00  ................ [zeros]
00001880:  00 00 00 00 00 00 00 00 00 00 00 00 00 00 00 00  ................ [zeros]
00001890:  00 00 00 00 00 00 00 00 00 00 00 00 00 00 00 00  ................ [zeros]
000018A0:  00 00 00 00 00 00 00 00 00 00 00 00 00 00 00 00  ................ [zeros]
000018B0:  00 00 00 00 00 00 00 00 00 00 00 00 00 00 00 00  ................ [zeros]
000018C0:  00 00 00 00 00 00 00 00 00 00 00 00 00 00 00 00  ................ [zeros]
000018D0:  00 00 00 00 00 00 00 00 00 00 00 00 00 00 00 00  ................ [zeros]
000018E0:  00 00 00 00 00 00 00 00 00 00 00 00 00 00 00 00  ................ [zeros]
000018F0:  00 00 00 00 00 00 00 00 00 00 00 00 00 00 00 00  ................ [zeros]
00001900:  00 00 00 00 00 00 00 00 00 00 00 00 00 00 00 00  ................ [zeros]
00001910:  00 00 00 00 00 00 00 00 00 00 00 00 00 00 00 00  ................ [zeros]
00001920:  00 00 00 00 00 00 00 00 00 00 00 00 00 00 00 00  ................ [zeros]
00001930:  00 00 00 00 00 00 00 00 00 00 00 00 00 00 00 00  ................ [zeros]
00001940:  00 00 00 00 00 00 00 00 00 00 00 00 00 00 00 00  ................ [zeros]
00001950:  00 00 00 00 00 00 00 00 00 00 00 00 00 00 00 00  ................ [zeros]
00001960:  00 00 00 00 00 00 00 00 00 00 00 00 00 00 00 00  ................ [zeros]
00001970:  00 00 00 00 00 00 00 00 00 00 00 00 00 00 00 00  ................ [zeros]
00001980:  00 00 00 00 00 00 00 00 00 00 00 00 00 00 00 00  ................ [zeros]
00001990:  00 00 00 00 00 00 00 00 00 00 00 00 00 00 00 00  ................ [zeros]
000019A0:  00 00 00 00 00 00 00 00 00 00 00 00 00 00 00 00  ................ [zeros]
000019B0:  00 00 00 00 00 00 00 00 00 00 00 00 00 00 00 00  ................ [zeros]
000019C0:  00 00 00 00 00 00 00 00 00 00 00 00 00 00 00 00  ................ [zeros]
000019D0:  00 00 00 00 00 00 00 00 00 00 00 00 00 00 00 00  ................ [zeros]
000019E0:  00 00 00 00 00 00 00 00 00 00 00 00 00 00 00 00  ................ [zeros]
000019F0:  00 00 00 00 00 00 00 00 00 00 00 00 00 00 00 00  ................ [zeros]
00001A00:  00 00 00 00 00 00 00 00 00 00 00 00 00 00 00 00  ................ [zeros]
00001A10:  00 00 00 00 00 00 00 00 00 00 00 00 00 00 00 00  ................ [zeros]
00001A20:  00 00 00 00 00 00 00 00 00 00 00 00 00 00 00 00  ................ [zeros]
00001A30:  00 00 00 00 00 00 00 00 00 00 00 00 00 00 00 00  ................ [zeros]
00001A40:  00 00 00 00 00 00 00 00 00 00 00 00 00 00 00 00  ................ [zeros]
00001A50:  00 00 00 00 00 00 00 00 00 00 00 00 00 00 00 00  ................ [zeros]
00001A60:  00 00 00 00 00 00 8D A9 BD 1C E4 50 86 03 FB 15  ...........P....
00001A70:  71 4A 9C DE 3E E7 53 D1 FE BA DF 90 6D 67 E2 5A  qJ..>.S.....mg.Z
00001A80:  09 C6 A9 3A C3 49 C3 2F 55 72 F3 B1 AB A1 CB 98  ...:.I./Ur......
00001A90:  81 EE 41 16 CD 53 AF 5D EC 81 3B 4A 26 F8 E2 21  ..A..S.]..;J&..!
00001AA0:  46 02 64 C0 A7 2E 16 34 00 49 9C 9A 8D F3 AF F5  F.d....4.I......
00001AB0:  C2 BD 75 7C BD 5C 28 3A 38 AB A7 6A E1 43 C1 71  ..u|.\(:8..j.C.q
00001AC0:  DB 24 71 1B 3E B9 23 0F 09 8B 88 6D 55 CF 61 74  .$q.>.#....mU.at
00001AD0:  C7 14 FE 63 C9 06 82 6B 34 23 AD BB E8 78 4F 24  ...c...k4#...xO$
00001AE0:  5B 5F 25 C3 2F F3 C5 E3 12 98 41 32 4D 90 CF 60  [_%./.....A2M..`
00001AF0:  10 6E D3 44 1A 9D 03 1D 47 9A 6D D3 62 8D 32 EA  .n.D....G.m.b.2.
00001B00:  07 07 47 1A 4A A1 78 A4 82 BB A0 3C 03 1E 71 7D  ..G.J.x....<..q}
00001B10:  B0 C1 6B E0 87 A7 B7 B6 10 23 CE BC F3 91 1E F4  ..k......#......
00001B20:  4A 7B 9F 08 E1 14 E7 84 85 E3 8E D8 92 8C FE A1  J{..............
00001B30:  64 3F D7 5B 1C 31 E7 28 B1 51 28 47 DD D4 37 04  d?.[.1.(.Q(G..7.
00001B40:  35 C6 F3 77 ED E7 63 9F BF 3C F2 D6 E8 B4 9A 90  5..w..c..<......
00001B50:  9B E8 68 44 EB E5 AD CD 9B 28 CD 29 FA 47 4F 7D  ..hD.....(.).GO}
00001B60:  40 E5 F8 C5 2B 52 32 0D 5C AA 4D AB 98 75 1A 78  @...+R2.\.M..u.x
00001B70:  C5 96 02 E1 32 0D BE 0F C5 4F A5 3F AD D3 67 45  ....2....O.?..gE
00001B80:  D7 F4 30 4B FE 58 F8 7B 30 66 F7 96 37 9F 0F C0  ..0K.X.{0f..7...
00001B90:  BB B2 E9 0E 6A EB 81 54 24 E5 88 CA 52 76 D4 FE  ....j..T$...Rv..
00001BA0:  A6 E1 50 EB 6D 1D 48 EC 1E 37 B0 B2 52 42 1A 54  ..P.m.H..7..RB.T
00001BB0:  6F 72 33 A5 FB 0E FF 2B 9B 2F A4 5F 88 05 49 E1  or3....+./._..I.
00001BC0:  69 12 FE 03 8D F3 A3 3F 95 4F EC 06 C3 A1 42 2C  i......?.O....B,
00001BD0:  5C DB 5F 1D 98 C6 F6 17 1C 05 D3 27 A9 95 9A 36  \._........'...6
00001BE0:  D6 3B 16 CD BD 3F 4C 6B 48 E3 E7 B1 8A BA 1B 37  .;...?LkH......7
00001BF0:  62 98 A0 03 20 F0 51 1F 2D 1F D6 B6 35 A1 78 3D  b... .Q.-...5.x=
00001C00:  92 3A 93 88 66 EE 36 A1 9C A9 31 E1 72 95 A4 20  .:..f.6...1.r.. 
00001C10:  99 6A 67 5A 60 D4 8E 58 CA 16 F0 8E 9F 8D 12 BA  .jgZ`..X........
00001C20:  5A 07 9C E3 7C 3E 90 36 F5 9B FC 5F C8 98 17 5F  Z...|>.6..._..._
00001C30:  02 49 52 7F 1F 87 59 C6 05 4D 36 3F 39 AC FF 22  .IR...Y..M6?9.."
00001C40:  B8 6D 1A 1E 36 19 7F 0E AD 1D A6 A7 45 61 A7 EA  .m..6.......Ea..
00001C50:  B1 CF 91 9E 47 3C EE 9D 97 FA 21 A1 16 B2 60 7E  ....G<....!...`~
00001C60:  4E 09 97 51 72 44 3D AB AC 20 59 87 44 A1 3F 74  N..QrD=.. Y.D.?t
00001C70:  05 78 8C 54 0F D8 9B DC EA D6 25 38 35 90 6E 40  .x.T......%85.n@
00001C80:  81 4B 93 A2 DF 31 23 0F 09 8B 88 6D 55 CF 61 74  .K...1#....mU.at
00001C90:  C7 14 FE 63 C9 06 5B F6 97 79 E2 BC B8 77 E3 BB  ...c..[..y...w..
00001CA0:  84 92 61 A4 CB 01 63 E3 BA E6 37 4A C9 9A DC 85  ..a...c...7J....
00001CB0:  F6 9F 5F B8 C4 16 8E 9E 6B 9D 2C 4F 9F 18 F8 CE  .._.....k.,O....
00001CC0:  4B 27 8B 58 5E 2B 72 DB 8D 7F 25 00 DB 96 C5 34  K'.X^+r...%....4
00001CD0:  D0 82 E0 0A 01 CD B9 5C 76 BB F9 C9 29 FC A5 A1  .......\v...)...
00001CE0:  30 C6 93 C2 EF 1A C2 6E 3E 12 54 78 DD 0D DF 83  0......n>.Tx....
00001CF0:  D9 E0 95 F9 FA 01 94 E7 0A F9 1E 4C A2 1D 9A D2  ...........L....
00001D00:  30 7B C4 EE 4F 5B 4E 79 2E 51 95 CD 35 A5 56 AE  0{..O[Ny.Q..5.V.
00001D10:  29 79 8B 6E B7 E7 4A 66 0C BC C7 F5 83 8E 69 43  )y.n..Jf......iC
00001D20:  D2 B5 02 9B 5C 29 9B 29 E2 FC 27 F7 0C 98 D1 0D  ....\).)..'.....
00001D30:  F1 D1 5A 09 60 7A 08 1F FE 2D A6 3F D0 1D 2E 4F  ..Z.`z...-.?...O
00001D40:  AA AC 96 BD B9 BD 8E 11 0A 45 B5 71 D6 38 45 4F  .........E.q.8EO
00001D50:  1F 61 D5 89 84 2D F6 A9 DF 95 74 CF CE 9A 9C C9  .a...-....t.....
00001D60:  67 85 DB 47 F2 51 F8 72 36 C6 7D 13 EE 61 0D B8  g..G.Q.r6.}..a..
00001D70:  EE 88 22 39 3C DC F6 0B CA 40 BE 8E AC 38 2F A8  .."9<....@...8/.
00001D80:  65 97 AB 61 95 63 99 FB D6 ED 26 93 99 ED 15 17  e..a.c....&.....
00001D90:  05 01 55 6E 61 0A 04 28 4C F8 49 D5 CA A6 C3 36  ..Una..(L.I....6
00001DA0:  B6 9E E4 47 B5 95 E1 AD 83 C4 77 07 46 B0 57 A7  ...G......w.F.W.
00001DB0:  33 30 6C 2F 23 66 F4 0C 9D 5D 0A E3 39 66 89 6C  30l/#f...]..9f.l
00001DC0:  90 D1 CE D1 4C AA 09 E7 39 E3 56 75 58 9B 46 23  ....L...9.VuX.F#
00001DD0:  7E E1 11 ED D3 73 09 C2 F7 A5 CA 62 48 AB F4 30  ~....s.....bH..0
00001DE0:  DE 5C 63 D0 A8 C7 43 1B 50 FB 19 D7 64 E0 6B 9A  .\c...C.P...d.k.
00001DF0:  4B 0F 87 9F D2 C1 BC 41 AD 99 1B 5B FE E5 6B 0D  K......A...[..k.
00001E00:  41 B8 82 D4 E9 81 02 5D 98 43 A8 12 13 DE 2E 33  A......].C.....3
00001E10:  FA D6 6A D4 D1 65 E4 FA 02 62 40 08 B4 04 5F 18  ..j..e...b@..._.
00001E20:  BC 8B B7 6B 29 B3 A6 5B A8 AB 1F BE 6C E5 59 87  ...k)..[....l.Y.
00001E30:  2C 05 3D D1 EC ED 7B 1C B6 3C 6F 17 30 F0 F3 5E  ,.=...{..<o.0..^
00001E40:  37 CE 39 AA B7 50 F6 80 56 F3 C6 FB C6 93 23 92  7.9..P..V.....#.
00001E50:  4D A5 52 6E 95 82 B1 2F 4C DF F3 F4 72 1B 02 6C  M.Rn.../L...r..l
00001E60:  0C A9 20 7B D4 A7 D3 CC AD 0F 0E B1 A8 2C 53 F1  .. {.........,S.
00001E70:  E5 0C F9 21 51 03 1C C4 7F D0 6E 1C 22 D1 E9 F0  ...!Q.....n."...
00001E80:  51 E5 32 C3 7B 44 31 09 C2 65 3C 79 76 8D E6 EF  Q.2.{D1..e<yv...
00001E90:  FB 15 9D 9E 68 89 B0 12 B9 95 35 34 27 6C 7F 74  ....h.....54'l.t
00001EA0:  08 1D 48 91 D7 A0 44 54 F9 17 00 79 EF 65 4C 96  ..H...DT...y.eL.
00001EB0:  39 B9 D4 9C 8A B4 BB 9D BF CB F3 40 3F 35 86 1B  9..........@?5..
00001EC0:  C6 0E 15 23 5C 01 78 76 C8 4A EC 16 67 F2 95 F9  ...#\.xv.J..g...
00001ED0:  8F E8 F0 BD 4E D2 3D A2 43 23 D5 2D DA 1D 12 C9  ....N.=.C#.-....
00001EE0:  DE A5 70 AB E0 FB D6 A5 8D 4D 1C 65 2E A5 92 19  ..p......M.e....
00001EF0:  94 52 37 49 A8 47 AC B2 69 F6 C6 BA 23 30 0E 2F  .R7I.G..i...#0./
00001F00:  D7 A0 95 39 B0 4D 2F 9C F8 A3 A9 7D 13 97 1F 54  ...9.M/....}...T
00001F10:  A3 B5 C5 E5 D1 77 0A F6 93 E4 AA 60 9A AF EF 46  .....w.....`...F
00001F20:  7E 79 15 D7 59 EF 10 6F 99 6A EF 55 F1 6F 6C C9  ~y..Y..o.j.U.ol.
00001F30:  61 6F 31 8C 39 35 A1 4D 15 5B 29 99 E9 8E FF 11  ao1.95.M.[).....
00001F40:  20 B7 3A 37 63 A4 0C 99 C5 E5 07 0F BF 0A 86 7C   .:7c..........|
00001F50:  A2 6A 17 C1 04 4A F9 09 93 99 DB 5C D8 87 58 27  .j...J.....\..X'
00001F60:  0C 96 F1 14 DE 14 48 E3 9D E4 35 0E 06 AE CE 28  ......H...5....(
00001F70:  F7 C8 71 22 F7 59 E9 6F F9 95 11 26 B3 69 72 BA  ..q".Y.o...&.ir.
00001F80:  05 52 F5 1E 64 E6 36 C6 5F 50 90 DF 45 98 24 A7  .R..d.6._P..E.$.
00001F90:  B9 6B 66 99 03 E6 44 9A 10 C1 6D BE D2 08 CD 52  .kf...D...m....R
00001FA0:  41 82 B3 0C 0B 2A 4B 0C B3 E3 DF EF 9D 05 2C EB  A....*K.......,.
00001FB0:  64 50 45 A7 F8 F9 B9 5C 76 BB F9 C9 29 FC A5 A1  dPE....\v...)...
00001FC0:  30 C6 93 C2 EF 1A B7 62 71 30 F7 45 5E 31 CE 54  0......bq0.E^1.T
00001FD0:  0E D2 DA 7C 20 43 C2 84 1C 50 D4 8C D6 B7 EE CB  ...| C...P......
00001FE0:  82 CC E4 A3 D8 1A 4C 44 10 5B 63 29 12 A2 92 8C  ......LD.[c)....
00001FF0:  68 07 3F 68 F5 1B AB FC 11 F0 32 86 9D 2F C8 CD  h.?h......2../..
00002000:  C2 E9 03 B9 4D 82 71 68 D6 9F 86 29 30 A9 6B 34  ....M.qh...)0.k4
00002010:  66 E0 99 4F BF 75 DA E3 FB D6 10 71 AB 92 89 7C  f..O.u.....q...|
00002020:  D0 59 8A FB CD 13 51 1F 2D 1F D6 B6 35 A1 78 3D  .Y....Q.-...5.x=
00002030:  92 3A 93 88 66 EE DF 24 33 24 DB B8 10 09 11 7B  .:..f..$3$.....{
00002040:  88 CC 71 1D 00 B0 75 EF D9 8D FE 46 16 B0 E7 EB  ..q...u....F....
00002050:  22 C1 80 F9 23 FA 90 36 F5 9B FC 5F C8 98 17 5F  "...#..6..._..._
00002060:  02 49 52 7F 1F 87 59 C6 05 4D 36 3F 39 AC FF 22  .IR...Y..M6?9.."
00002070:  B8 6D 1A 1E 36 19 7F 0E AD 1D A6 A7 45 61 A7 EA  .m..6.......Ea..
00002080:  B1 CF 91 9E 47 3C 3B 00 F4 88 B2 A9 AC E7 49 87  ....G<;.......I.
00002090:  9E C8 F1 99 6A 87 41 81 94 E8 8C C1 2E A3 F3 25  ....j.A........%
000020A0:  F5 39 6D 31 D5 7E E8 70 10 D6 CD 6F 83 0A 53 BC  .9m1.~.p...o..S.
000020B0:  81 85 2C 6F FB A5 02 6D 39 CD 9D 42 06 5B 63 2C  ..,o...m9..B.[c,
000020C0:  4C 27 CC 10 4E D1 B0 12 B9 95 35 34 27 6C 7F 74  L'..N.....54'l.t
000020D0:  08 1D 48 91 D7 A0 63 E9 2E FE 10 F9 BC AD C6 76  ..H...c........v
000020E0:  D4 2C AF FC 2E EB C5 3A 7E 7F 88 CC 63 7E 4F EE  .,.....:~...c~O.
000020F0:  10 3D 2B 23 48 10 3B DA C1 7F B9 48 D7 4A 2C 5F  .=+#H.;....H.J,_
00002100:  B4 26 05 AC E6 95 6F 22 69 E5 E9 1B 6F E6 54 71  .&....o"i...o.Tq
00002110:  DD C3 87 33 26 83 1D B5 8B E7 2E 40 DE D4 B0 5E  ...3&......@...^
00002120:  41 9B EE 50 3B B8 9B 68 BC 6C E0 78 F4 B3 F4 3B  A..P;..h.l.x...;
00002130:  97 EA 61 E8 E5 50 BA 6D C6 B5 EA A8 5A 32 E1 A3  ..a..P.m....Z2..
00002140:  15 55 F8 8C 9D 92 D0 D0 93 10 3D 10 BE B0 58 11  .U........=...X.
00002150:  EA E9 09 77 91 49 40 02 B8 C1 2E BF 77 33 DA C3  ...w.I@.....w3..
00002160:  BA 04 5A 19 D6 D1 C2 F6 99 A2 FE 84 31 FF FD BC  ..Z.........1...
00002170:  85 69 9D 1D 9C E0 37 F8 0F 3C EB B9 52 D5 47 4E  .i....7..<..R.GN
00002180:  36 85 92 89 56 8E 55 55 44 A3 D1 D2 C9 C4 1A 82  6...V.UUD.......
00002190:  E0 8D 60 87 90 F7 C8 06 E7 5C F5 8A 4B CA BC 20  ..`......\..K.. 
000021A0:  AB 16 87 F9 7F 71 BE 0F C5 4F A5 3F AD D3 67 45  .....q...O.?..gE
000021B0:  D7 F4 30 4B FE 58 F8 7B 30 66 F7 96 37 9F 0F C0  ..0K.X.{0f..7...
000021C0:  BB B2 E9 0E 6A EB 81 54 24 E5 88 CA 52 76 D4 FE  ....j..T$...Rv..
000021D0:  A6 E1 50 EB 6D 1D 48 EC 1E 37 B0 B2 52 42 1A 54  ..P.m.H..7..RB.T
000021E0:  6F 72 33 A5 FB 0E FF 2B 9B 2F A4 5F 88 05 49 E1  or3....+./._..I.
000021F0:  69 12 FE 03 8D F3 B8 99 5D DD 42 6F 9D 9C 03 15  i.......].Bo....
00002200:  F4 3A CD 47 64 2B 8E 90 59 10 AA 6C 40 A8 67 DC  .:.Gd+..Y..l@.g.
00002210:  E1 7E BA 0C FC 05 4C 6B 48 E3 E7 B1 8A BA 1B 37  .~....LkH......7
00002220:  62 98 A0 03 20 F0 51 1F 2D 1F D6 B6 35 A1 78 3D  b... .Q.-...5.x=
00002230:  92 3A 93 88 66 EE 3F CA D1 17 69 E9 3B D0 38 9C  .:..f.?...i.;.8.
00002240:  2C F7 02 43 23 32 81 E2 A9 4E 81 0E 61 33 36 FC  ,..C#2...N..a36.
00002250:  3F 2A 8F EE 61 2D 92 00 FB 13 BC FA 5F F4 39 DF  ?*..a-......_.9.
00002260:  52 FA 57 43 FB 5F FC E0 C5 3C E5 B3 3B 4E 66 60  R.WC._...<..;Nf`
00002270:  41 25 13 65 35 EE AF 9C 12 81 0B D0 53 6C 8A CA  A%.e5.......Sl..
00002280:  51 F3 D1 9E 18 20 10 C2 28 18 4F 2E 46 10 0C 08  Q.... ..(.O.F...
00002290:  E5 A1 15 7C CA D1 3D E0 98 5A 4C 5B C0 0E 3B 9E  ...|..=..ZL[..;.
000022A0:  47 85 FB 24 E6 9C 58 DF A2 F8 F9 A0 64 84 80 18  G..$..X.....d...
000022B0:  CA 32 DC AA 75 61 D6 CB A4 97 28 80 F5 8F A1 2F  .2..ua....(..../
000022C0:  A2 7E 0A 06 A9 D3 E1 13 02 92 FA DD C3 7A 6F BB  .~...........zo.
000022D0:  00 B0 01 22 97 8E 48 6A 3B 50 5E 23 73 6B 38 6D  ..."..Hj;P^#sk8m
000022E0:  5D BF 6E 17 2B D6 46 D3 DA 75 2D 16 5E DE 3A 9D  ].n.+.F..u-.^.:.
000022F0:  E2 44 25 05 99 1B 2A FF 40 2B 6E B4 94 5C C1 11  .D%...*.@+n..\..
00002300:  89 8C 27 3A 40 CE C4 60 B5 50 88 C2 CF EF 1A 50  ..':@..`.P.....P
00002310:  00 5D 6F 35 C9 19 1B EB D0 57 DF BD 4D E7 39 C1  .]o5.....W..M.9.
00002320:  41 F2 1F 1F 9A 8C C6 E1 B1 67 39 DC 04 59 17 3C  A........g9..Y.<
00002330:  6B 69 5E D4 A8 4A 8C C9 35 F7 F0 E1 61 0A FF 51  ki^..J..5...a..Q
00002340:  DF 0C F6 AA CA 2B 36 B9 91 28 AE 56 49 C9 12 C1  .....+6..(.VI...
00002350:  1B 12 D1 69 EB 42 D3 B8 BC F7 B2 F3 CF D8 D8 29  ...i.B.........)
00002360:  28 94 6D 03 5E BD B7 1A 0C 8A 74 80 21 F2 EB 58  (.m.^.....t.!..X
00002370:  77 2A 6E EA 8F 69 83 05 FF 32 33 56 19 16 D8 DF  w*n..i...23V....
00002380:  C4 DF 9F 04 2D B5 A4 CB A2 B4 E2 08 95 0F 82 3F  ....-..........?
00002390:  56 CB 90 A5 8C 24 23 0F 09 8B 88 6D 55 CF 61 74  V....$#....mU.at
000023A0:  C7 14 FE 63 C9 06 82 6B 34 23 AD BB E8 78 4F 24  ...c...k4#...xO$
000023B0:  5B 5F 25 C3 2F F3 C5 E3 12 98 41 32 4D 90 CF 60  [_%./.....A2M..`
000023C0:  10 6E D3 44 1A 9D DB 6F 45 32 79 1D 69 D9 FC 09  .n.D...oE2y.i...
000023D0:  80 EB 4B 29 2D 19 67 D0 A2 C9 4A 60 89 99 55 3D  ..K)-.g...J`..U=
000023E0:  43 1A F6 0F A2 04 C9 39 0E 7E E3 EF 59 29 86 46  C......9.~..Y).F
000023F0:  E0 1C 28 FD C8 05 93 F1 2E A4 71 E5 EC 15 38 8F  ..(.......q...8.
00002400:  29 63 81 0A 1A 8A 65 FE 19 D9 EE 6F 6E 4F 16 E6  )c....e....onO..
00002410:  6C ED 59 B1 73 88 A9 A4 D7 64 86 B8 22 DD 6E AC  l.Y.s....d..".n.
00002420:  05 FA 28 C7 FD 47 E6 A3 0F 2E A9 EA 64 56 F2 3D  ..(..G......dV.=
00002430:  B5 71 CB FB 18 3F 2C 96 D2 5E 18 90 94 3E BA 3B  .q...?,..^...>.;
00002440:  12 BF B7 B2 D4 89 69 C7 98 39 B3 D0 F3 3E 57 7C  ......i..9...>W|
00002450:  74 BD 89 1A F1 7D B9 AA 84 2E 0C BF 03 A7 08 FE  t....}..........
00002460:  D6 4B EC 6E 3F 97 DA 03 E3 70 10 D0 35 F0 AA 06  .K.n?....p..5...
00002470:  F0 C8 A4 C0 43 50 0F 85 82 47 ED 14 DF D5 B0 2D  ....CP...G.....-
00002480:  99 18 9D E3 34 A6 4C 6B 48 E3 E7 B1 8A BA 1B 37  ....4.LkH......7
00002490:  62 98 A0 03 20 F0 51 1F 2D 1F D6 B6 35 A1 78 3D  b... .Q.-...5.x=
000024A0:  92 3A 93 88 66 EE 33 4E BE 02 26 74 BA 9D 43 02  .:..f.3N..&t..C.
000024B0:  B9 A6 02 3A F0 9B 81 E2 A9 4E 81 0E 61 33 36 FC  ...:.....N..a36.
000024C0:  3F 2A 8F EE 61 2D 92 00 FB 13 BC FA 5F F4 39 DF  ?*..a-......_.9.
000024D0:  52 FA 57 43 FB 5F FC E0 C5 3C E5 B3 3B 4E 66 60  R.WC._...<..;Nf`
000024E0:  41 25 13 65 35 EE 53 54 DD 31 1C B6 81 40 54 A7  A%.e5.ST.1...@T.
000024F0:  49 87 B7 35 24 D2 4D 4A 4B 2C 61 CE 55 7C D9 5A  I..5$.MJK,a.U|.Z
00002500:  15 72 B5 81 11 72 3D E0 98 5A 4C 5B C0 0E 3B 9E  .r...r=..ZL[..;.
00002510:  47 85 FB 24 E6 9C 58 DF A2 F8 F9 A0 64 84 80 18  G..$..X.....d...
00002520:  CA 32 DC AA 75 61 D6 CB A4 97 28 80 F5 8F A1 2F  .2..ua....(..../
00002530:  A2 7E 0A 06 A9 D3 EB A0 83 ED 4C 49 DA D6 70 22  .~........LI..p"
00002540:  A0 0C C7 E4 22 6C 9F A6 BF 2C A8 3B 03 7C 85 09  ...."l...,.;.|..
00002550:  41 96 DE E8 B8 DA C7 38 32 2F B7 4E EC 76 9E 09  A......82/.N.v..
00002560:  CC B8 8B 97 B5 C3 89 2C 3B 08 58 44 8C 5F 66 C9  .......,;.XD._f.
00002570:  5E 87 CC 86 40 2C C4 60 B5 50 88 C2 CF EF 1A 50  ^...@,.`.P.....P
00002580:  00 5D 6F 35 C9 19 1B EB D0 57 DF BD 4D E7 39 C1  .]o5.....W..M.9.
00002590:  41 F2 1F 1F 9A 8C C6 E1 B1 67 39 DC 04 59 17 3C  A........g9..Y.<
000025A0:  6B 69 5E D4 A8 4A F2 4F 92 69 15 6F 80 B0 9E 9D  ki^..J.O.i.o....
000025B0:  62 88 CE 83 D2 DF 78 8E 9A B2 27 50 40 AB 0E 2A  b.....x...'P@..*
000025C0:  FE D7 AE D6 28 B6 B2 2E EF 79 82 49 CB B8 C2 42  ....(....y.I...B
000025D0:  94 1C FF 6D B5 EC 73 58 35 B6 50 15 CD 49 DF 14  ...m..sX5.P..I..
000025E0:  57 30 1E A6 9B A1 DA B7 FE 0F 5F CC F7 48 A6 1A  W0........_..H..
000025F0:  13 32 01 E5 56 27 55 19 E9 59 4C F3 7A A4 19 A8  .2..V'U..YL.z...
00002600:  D6 CC 9D 07 66 36 C1 1A 18 5D 09 17 A7 E1 E7 B8  ....f6...]......
00002610:  9F F0 01 F4 5D DC 4B 0C B3 E3 DF EF 9D 05 2C EB  ....].K.......,.
00002620:  64 50 45 A7 F8 F9 B9 5C 76 BB F9 C9 29 FC A5 A1  dPE....\v...)...
00002630:  30 C6 93 C2 EF 1A C2 6E 3E 12 54 78 DD 0D DF 83  0......n>.Tx....
00002640:  D9 E0 95 F9 FA 01 94 E7 0A F9 1E 4C A2 1D 9A D2  ...........L....
00002650:  30 7B C4 EE 4F 5B 43 CF 71 6F 32 E0 E3 9E BE 31  0{..O[C.qo2....1
00002660:  2E 4A 04 12 66 A1 C2 63 E7 FA 5B 0C DA 25 3E 68  .J..f..c..[..%>h
00002670:  0F 7B 78 93 95 4F 3B 08 9A 73 70 CD 16 7B 42 EC  .{x..O;..sp..{B.
00002680:  FF 68 68 1F 2D 60 11 52 91 4D E1 49 6A 65 B5 5C  .hh.-`.R.M.Ije.\
00002690:  31 56 34 C7 5F 74 8E 11 0A 45 B5 71 D6 38 45 4F  1V4._t...E.q.8EO
000026A0:  1F 61 D5 89 84 2D F6 A9 DF 95 74 CF CE 9A 9C C9  .a...-....t.....
000026B0:  67 85 DB 47 F2 51 88 51 FE 63 95 97 68 49 6C 28  g..G.Q.Q.c..hIl(
000026C0:  BA E8 2F 9C 16 0B 84 B2 E0 5A 3B 0C 1D AC 61 B5  ../......Z;...a.
000026D0:  AE 53 05 22 26 6F 56 A6 BD 65 6B 05 E5 B8 D6 86  .S."&oV..ek.....
000026E0:  00 88 2A 9D 74 1F 96 AF CD 47 A9 4C 85 45 A9 FC  ..*.t....G.L.E..
000026F0:  A4 84 56 F2 1D C5 DA E3 FB D6 10 71 AB 92 89 7C  ..V........q...|
00002700:  D0 59 8A FB CD 13 51 1F 2D 1F D6 B6 35 A1 78 3D  .Y....Q.-...5.x=
00002710:  92 3A 93 88 66 EE C8 54 0C 2A 98 49 19 25 F8 C2  .:..f..T.*.I.%..
00002720:  09 A8 EE 25 ED D9 75 EF D9 8D FE 46 16 B0 E7 EB  ...%..u....F....
00002730:  22 C1 80 F9 23 FA 90 36 F5 9B FC 5F C8 98 17 5F  "...#..6..._..._
00002740:  02 49 52 7F 1F 87 59 C6 05 4D 36 3F 39 AC FF 22  .IR...Y..M6?9.."
00002750:  B8 6D 1A 1E 36 19 57 39 56 D5 59 DC 50 C5 67 F1  .m..6.W9V.Y.P.g.
00002760:  41 77 59 DC 29 F6 F6 D5 1E 00 D4 E4 E0 D0 C2 44  AwY.)..........D
00002770:  62 8C 79 05 65 D4 7E 59 83 0E 18 91 33 82 6B 62  b.y.e.~Y....3.kb
00002780:  01 92 42 D7 06 23 BF F0 65 83 8B 9C 01 6A E3 88  ..B..#..e....j..
00002790:  70 A0 78 11 7D 75 CA DD 71 0C 91 2F 74 B4 4A FD  p.x.}u..q../t.J.
000027A0:  BF 93 C3 23 09 10 68 EE A9 C7 2C B4 73 AF 1D E2  ...#..h...,.s...
000027B0:  18 FF 6D 3D F1 F1 BB 24 0D 9F 63 64 2B AA 13 C9  ..m=...$..cd+...
000027C0:  86 F3 AE 4D 64 6A 47 27 E8 13 8D E1 E6 4B 51 14  ...MdjG'.....KQ.
000027D0:  9C D4 B8 A3 76 BE AD B7 AB D4 C0 58 B4 B2 28 B4  ....v......X..(.
000027E0:  29 F9 F5 AE F3 60 55 CD 33 DC 9A 89 F7 20 87 61  )....`U.3.... .a
000027F0:  8F 21 17 55 F0 1B AD 35 A1 10 58 46 E8 4A 36 6F  .!.U...5..XF.J6o
00002800:  14 72 CE 15 3B B5 F1 2A D7 2D E7 98 5F 24 91 B1  .r..;..*.-.._$..
00002810:  4E D3 36 96 DD 50 76 2E D6 FC E3 91 BB 3B E6 F7  N.6..Pv......;..
00002820:  AC 34 7D 07 43 CA 31 E6 46 CD 22 B2 B6 CD 36 1A  .4}.C.1.F."...6.
00002830:  C6 CC 9F 2A D2 AD C0 60 4E B3 FF 9B 07 9B 93 93  ...*...`N.......
00002840:  CD A5 7A A3 6A 4C E5 2D 5F 25 BC 93 2D 26 2F 32  ..z.jL.-_%..-&/2
00002850:  99 88 73 6C F7 58 E9 6F F9 95 11 26 B3 69 72 BA  ..sl.X.o...&.ir.
00002860:  05 52 F5 1E 64 E6 5E 05 49 7B 16 5E AF 92 23 46  .R..d.^.I{.^..#F
00002870:  FE 7D DD 17 61 D3 A1 77 60 9C 13 FE DE 6E EC E0  .}..a..w`....n..
00002880:  0E C8 9E 69 00 00 38 E9 1B 1F 50 2D 70 EC 18 02  ...i..8...P-p...
00002890:  BF 10 00 A3 C6 53 B9 5C 76 BB F9 C9 29 FC A5 A1  .....S.\v...)...
000028A0:  30 C6 93 C2 EF 1A B7 62 71 30 F7 45 5E 31 CE 54  0......bq0.E^1.T
000028B0:  0E D2 DA 7C 20 43 63 70 C6 70 13 A1 CB B2 6D 72  ...| Ccp.p....mr
000028C0:  2B 87 61 0D 52 7F 53 6A 72 B3 DF 12 45 2C 87 31  +.a.R.Sjr...E,.1
000028D0:  BB 2A D6 B9 03 2B 1E 9D 4D AE EB E2 29 92 79 E5  .*...+..M...).y.
000028E0:  D0 29 4D 9D 3E 99 2F 82 76 C2 73 20 1B EA 02 01  .)M.>./.v.s ....
000028F0:  5C 75 86 17 00 DA C9 CD 61 29 C1 84 2B 71 D5 50  \u......a)..+q.P
00002900:  60 E1 56 91 08 C1 EC CD 57 FA 96 8F 80 1F 63 FC  `.V.....W.....c.
00002910:  36 CA CE D4 35 36 65 7C 0B 5E 86 5E BC 88 8F 6A  6...56e|.^.^...j
00002920:  07 0C 68 73 73 60 10 C2 28 18 4F 2E 46 10 0C 08  ..hss`..(.O.F...
00002930:  E5 A1 15 7C CA D1 3D E0 98 5A 4C 5B C0 0E 3B 9E  ...|..=..ZL[..;.
00002940:  47 85 FB 24 E6 9C 58 DF A2 F8 F9 A0 64 84 80 18  G..$..X.....d...
00002950:  CA 32 DC AA 75 61 D6 CB A4 97 28 80 F5 8F A1 2F  .2..ua....(..../
00002960:  A2 7E 0A 06 A9 D3 EB A0 83 ED 4C 49 DA D6 70 22  .~........LI..p"
00002970:  A0 0C C7 E4 22 6C 4B 39 25 C4 90 50 85 60 9D 6A  ...."lK9%..P.`.j
00002980:  38 B0 58 75 DF 87 67 99 43 05 36 35 A1 60 AD 4A  8.Xu..g.C.65.`.J
00002990:  3D D9 AB BF 67 B2 2A FF 40 2B 6E B4 94 5C C1 11  =...g.*.@+n..\..
000029A0:  89 8C 27 3A 40 CE C4 60 B5 50 88 C2 CF EF 1A 50  ..':@..`.P.....P
000029B0:  00 5D 6F 35 C9 19 1B EB D0 57 DF BD 4D E7 39 C1  .]o5.....W..M.9.
000029C0:  41 F2 1F 1F 9A 8C C6 E1 B1 67 39 DC 04 59 17 3C  A........g9..Y.<
000029D0:  6B 69 5E D4 A8 4A 85 54 9E AE A0 B9 B8 DB 38 45  ki^..J.T......8E
000029E0:  F1 EB 38 61 E4 CF 45 2D 3D 53 BD 99 4B BC 1E 85  ..8a..E-=S..K...
000029F0:  C5 96 3B 1A 90 ED A1 ED 32 7D F6 7B FA 3B E3 57  ..;.....2}.{.;.W
00002A00:  28 ED 48 64 3C 8A 23 0F 09 8B 88 6D 55 CF 61 74  (.Hd<.#....mU.at
00002A10:  C7 14 FE 63 C9 06 5B F6 97 79 E2 BC B8 77 E3 BB  ...c..[..y...w..
00002A20:  84 92 61 A4 CB 01 11 89 E1 0D C6 6A 26 B1 21 BC  ..a........j&.!.
00002A30:  30 98 E0 62 EC 01 EF AC BE 6C 38 ED 87 FE D5 26  0..b.....l8....&
00002A40:  B1 18 97 0D D6 59 72 DB 8D 7F 25 00 DB 96 C5 34  .....Yr...%....4
00002A50:  D0 82 E0 0A 01 CD B9 5C 76 BB F9 C9 29 FC A5 A1  .......\v...)...
00002A60:  30 C6 93 C2 EF 1A C2 6E 3E 12 54 78 DD 0D DF 83  0......n>.Tx....
00002A70:  D9 E0 95 F9 FA 01 94 E7 0A F9 1E 4C A2 1D 9A D2  ...........L....
00002A80:  30 7B C4 EE 4F 5B 4E 79 2E 51 95 CD 35 A5 56 AE  0{..O[Ny.Q..5.V.
00002A90:  29 79 8B 6E B7 E7 C9 E3 FE 87 E1 CB 8C 10 94 1C  )y.n............
00002AA0:  C3 63 BC 27 8B C5 3F F5 2B C4 4B B6 8E 87 70 A0  .c.'..?.+.K...p.
00002AB0:  51 82 41 73 3A E9 08 1F FE 2D A6 3F D0 1D 2E 4F  Q.As:....-.?...O
00002AC0:  AA AC 96 BD B9 BD 8E 11 0A 45 B5 71 D6 38 45 4F  .........E.q.8EO
00002AD0:  1F 61 D5 89 84 2D F6 A9 DF 95 74 CF CE 9A 9C C9  .a...-....t.....
00002AE0:  67 85 DB 47 F2 51 F8 72 36 C6 7D 13 EE 61 0D B8  g..G.Q.r6.}..a..
00002AF0:  EE 88 22 39 3C DC 15 E2 1B 77 4E 14 F7 B5 08 91  .."9<....wN.....
00002B00:  55 D5 56 F2 0C 33 99 FB D6 ED 26 93 99 ED 15 17  U.V..3....&.....
00002B10:  05 01 55 6E 61 0A 5D 96 FF 2C FA 97 BD 34 60 FD  ..Una.]..,...4`.
00002B20:  08 B3 20 4B 21 19 E1 AD 83 C4 77 07 46 B0 57 A7  .. K!.....w.F.W.
00002B30:  33 30 6C 2F 23 66 F4 0C 9D 5D 0A E3 39 66 89 6C  30l/#f...]..9f.l
00002B40:  90 D1 CE D1 4C AA F4 8E 09 21 A6 5E 53 3A 9C 46  ....L....!.^S:.F
00002B50:  C8 05 FE 7B 1F 78 09 C2 F7 A5 CA 62 48 AB F4 30  ...{.x.....bH..0
00002B60:  DE 5C 63 D0 A8 C7 43 1B 50 FB 19 D7 64 E0 6B 9A  .\c...C.P...d.k.
00002B70:  4B 0F 87 9F D2 C1 BC 41 AD 99 1B 5B FE E5 6B 0D  K......A...[..k.
00002B80:  41 B8 82 D4 E9 81 C5 3D 49 C4 D7 9A CF 89 F7 EC  A......=I.......
00002B90:  67 EE 3F C9 52 AA 16 A3 E5 D1 A4 23 26 CE 8F 70  g.?.R......#&..p
00002BA0:  EF 2F 19 70 52 54 A6 5B A8 AB 1F BE 6C E5 59 87  ./.pRT.[....l.Y.
00002BB0:  2C 05 3D D1 EC ED 7B 1C B6 3C 6F 17 30 F0 F3 5E  ,.=...{..<o.0..^
00002BC0:  37 CE 39 AA B7 50 F6 80 56 F3 C6 FB C6 93 23 92  7.9..P..V.....#.
00002BD0:  4D A5 52 6E 95 82 BA 4F D9 31 9B 53 75 94 E6 2D  M.Rn...O.1.Su..-
00002BE0:  A5 BC 83 67 3E 42 E2 EC 62 3D 87 17 AC 47 85 67  ...g>B..b=...G.g
00002BF0:  B4 4A 3F 66 18 63 6A DA 57 EA 65 7A BC 7A 49 6B  .J?f.cj.W.ez.zIk
00002C00:  06 B5 EB AE 53 7D 8E 58 CA 16 F0 8E 9F 8D 12 BA  ....S}.X........
00002C10:  5A 07 9C E3 7C 3E 90 36 F5 9B FC 5F C8 98 17 5F  Z...|>.6..._..._
00002C20:  02 49 52 7F 1F 87 59 C6 05 4D 36 3F 39 AC FF 22  .IR...Y..M6?9.."
00002C30:  B8 6D 1A 1E 36 19 7F 0E AD 1D A6 A7 45 61 A7 EA  .m..6.......Ea..
00002C40:  B1 CF 91 9E 47 3C 3B 00 F4 88 B2 A9 AC E7 49 87  ....G<;.......I.
00002C50:  9E C8 F1 99 6A 87 46 D4 3F DD 43 A4 08 B5 3A EB  ....j.F.?.C...:.
00002C60:  82 76 65 A9 4B 7A 97 B8 FB 01 9F 3D D8 53 3C CB  .ve.Kz.....=.S<.
00002C70:  6F A4 54 49 AB B5 33 8A 6A 16 EF 08 35 B5 64 9C  o.TI..3.j...5.d.
00002C80:  2D 0F DF AB F1 2B B0 12 B9 95 35 34 27 6C 7F 74  -....+....54'l.t
00002C90:  08 1D 48 91 D7 A0 8C A7 84 B2 3C 6B C0 CB D8 0C  ..H.......<k....
00002CA0:  EB E1 1F 85 7E 98 B7 1A 0C 8A 74 80 21 F2 EB 58  ....~.....t.!..X
00002CB0:  77 2A 6E EA 8F 69 76 91 DC A9 2B 70 72 F2 9D 33  w*n..iv...+pr..3
00002CC0:  60 E5 D3 1C A7 0C 3D A2 43 23 D5 2D DA 1D 12 C9  `.....=.C#.-....
00002CD0:  DE A5 70 AB E0 FB D6 A5 8D 4D 1C 65 2E A5 92 19  ..p......M.e....
00002CE0:  94 52 37 49 A8 47 AC B2 69 F6 C6 BA 23 30 0E 2F  .R7I.G..i...#0./
00002CF0:  D7 A0 95 39 B0 4D 4D 0E 1D 22 1E 6F DD 2C E8 E5  ...9.MM..".o.,..
00002D00:  04 68 E3 33 C1 F7 FA 7C DB EC BA B7 C1 53 14 26  .h.3...|.....S.&
00002D10:  9A FA BD 20 A9 90 44 09 D2 EE 36 E2 2D 42 03 BC  ... ..D...6.-B..
00002D20:  49 62 37 07 E8 94 BA 6D C6 B5 EA A8 5A 32 E1 A3  Ib7....m....Z2..
00002D30:  15 55 F8 8C 9D 92 D0 D0 93 10 3D 10 BE B0 58 11  .U........=...X.
00002D40:  EA E9 09 77 91 49 F4 0F 5D 35 A7 2F 2A A4 43 BB  ...w.I..]5./*.C.
00002D50:  47 40 32 AB 64 C0 96 50 84 34 B8 85 06 F1 62 06  G@2.d..P.4....b.
00002D60:  AD 18 20 C5 89 4C 02 B9 E7 28 C5 C1 3C DC D6 D7  .. ..L...(..<...
00002D70:  AF 56 07 D9 06 AB DF 0B 67 EF 76 7F 2E B7 D4 DF  .V......g.v.....
00002D80:  ED 92 EB 48 5B ED CC A6 19 2C 49 44 E3 A8 0A 98  ...H[....,ID....
00002D90:  26 16 13 62 8E 33 AA 14 29 B5 E4 40 7F 15 D4 87  &..b.3..)..@....
00002DA0:  B6 FF 4E 1B 1A 73 39 E4 79 D0 D5 5B 7F 76 1E 04  ..N..s9.y..[.v..
00002DB0:  C1 B2 6E 4D 13 73 6E 0E 07 64 52 E8 3C C8 EA DB  ..nM.sn..dR.<...
00002DC0:  2B 3C 33 A6 FD E9 E4 60 10 24 22 06 C1 03 01 53  +<3....`.$"....S
00002DD0:  C0 7C 38 5F 7B 0E 5E B2 04 B1 C8 2B 2B 6C 75 5E  .|8_{.^....++lu^
00002DE0:  62 98 8C 82 15 B9 9A E2 A7 CD 44 B4 FF FB B4 3F  b.........D....?
00002DF0:  80 27 6D 2C FF 71 F3 E2 D4 11 74 D1 D9 6D 7F 10  .'m,.q....t..m..
00002E00:  B6 28 65 0C D9 12 71 75 79 C3 69 E8 3A 0D 1B 3B  .(e...quy.i.:..;
00002E10:  48 D2 57 36 0B 76 70 A5 BA 73 67 30 AB 61 32 87  H.W6.vp..sg0.a2.
00002E20:  6F EE 98 B2 44 BB 61 07 80 69 07 60 52 B2 65 44  o...D.a..i.`R.eD
00002E30:  37 32 0C 33 0F DB 71 B7 77 65 C6 7A 83 4D 7B A5  72.3..q.we.z.M{.
00002E40:  E7 60 60 C7 45 3A A9 A4 D7 64 86 B8 22 DD 6E AC  .``.E:...d..".n.
00002E50:  05 FA 28 C7 FD 47 E6 A3 0F 2E A9 EA 64 56 F2 3D  ..(..G......dV.=
00002E60:  B5 71 CB FB 18 3F 2C 96 D2 5E 18 90 94 3E BA 3B  .q...?,..^...>.;
00002E70:  12 BF B7 B2 D4 89 5F 4C 7D DE C6 A6 50 09 60 A6  ......_L}...P.`.
00002E80:  BA 7D 5E 7A F9 FB 1F F0 61 79 16 E0 F6 0D D6 20  .}^z....ay..... 
00002E90:  E0 B1 BF 1E 8E 13 DF 0B 67 EF 76 7F 2E B7 D4 DF  ........g.v.....
00002EA0:  ED 92 EB 48 5B ED 89 9B 8F B2 FD 8C 41 5E DB EA  ...H[.......A^..
00002EB0:  DA 92 3F C2 AE 5E D1 DF 51 EA 41 16 18 11 8F 5C  ..?..^..Q.A....\
00002EC0:  77 F5 2B A2 43 42 B5 F1 96 43 1F E2 04 7C A3 8C  w.+.CB...C...|..
00002ED0:  94 2A 67 0B 1E 5A 68 2F C6 92 8C 83 4F E9 CB 60  .*g..Zh/....O..`
00002EE0:  05 8A B2 16 7F E6 AC A0 F1 D1 5F 1E 0E 74 FF C2  .........._..t..
00002EF0:  E3 03 8A DF FF 4A 2D B9 1E B2 A3 7B F9 3B 78 D5  .....J-....{.;x.
00002F00:  BB 9C 5B D7 AC 22 87 B8 D0 BE A0 44 47 83 73 DD  ..[..".....DG.s.
00002F10:  96 64 80 06 F0 06 B5 90 BD 51 44 D9 78 EE B4 37  .d.......QD.x..7
00002F20:  16 B5 4D F8 04 02 91 2A 24 22 43 2D 19 BF 98 95  ..M....*$"C-....
00002F30:  83 89 34 5B 03 3D 33 28 0E 60 C2 D1 F7 AE 07 DF  ..4[.=3(.`......
00002F40:  B5 48 81 B3 99 AD 50 3A 09 98 10 3B C2 8A DF 3E  .H....P:...;...>
00002F50:  15 AD F3 A1 92 1B 2A FF 40 2B 6E B4 94 5C C1 11  ......*.@+n..\..
00002F60:  89 8C 27 3A 40 CE C4 60 B5 50 88 C2 CF EF 1A 50  ..':@..`.P.....P
00002F70:  00 5D 6F 35 C9 19 1B EB D0 57 DF BD 4D E7 39 C1  .]o5.....W..M.9.
00002F80:  41 F2 1F 1F 9A 8C AE A3 36 AD 03 F9 F3 80 B2 98  A.......6.......
00002F90:  22 2D 4D B3 D3 39 67 F1 3E 81 5A 7B B7 06 9D DF  "-M..9g.>.Z{....
00002FA0:  39 2F 6F F0 16 9E A3 21 2B 69 B8 D3 EF A0 C8 F3  9/o....!+i......
00002FB0:  30 3E BF EB FF C5 7A 71 A2 CF E0 06 EC 90 00 9A  0>....zq........
00002FC0:  26 97 23 AD BE DC 33 8A 6A 16 EF 08 35 B5 64 9C  &.#...3.j...5.d.
00002FD0:  2D 0F DF AB F1 2B 77 12 00 EE BA 7A 0C 58 5E 06  -....+w....z.X^.
00002FE0:  8A 09 B6 65 E2 2A 28 11 34 70 94 94 BA 0D A8 C2  ...e.*(.4p......
00002FF0:  0C C0 B8 6B A3 65 92 3B FD 16 8D 48 AD 29 A0 4F  ...k.e.;...H.).O
00003000:  CB 43 09 75 61 53 02 F2 3A CD 8E 3B EA 98 E8 76  .C.uaS..:..;...v
00003010:  D8 01 B4 81 C6 72 A8 08 07 7B E7 A2 84 26 40 97  .....r...{...&@.
00003020:  4B E3 AB 31 57 D4 45 1A 73 AB F8 12 4C CE 1C E3  K..1W.E.s...L...
00003030:  44 DD E7 E2 59 C1 AB BF 0D D5 8B 19 B9 25 D8 42  D...Y........%.B
00003040:  CA A0 A6 7E 89 8F 6A 47 AA 1B E6 5E D8 C0 68 C4  ...~..jG...^..h.
00003050:  F8 C6 DB 97 A3 5D DA 21 23 12 26 19 63 5E 41 1D  .....].!#.&.c^A.
00003060:  93 1E F3 B6 03 EF FC 0B 26 63 8B B2 8E 55 5F A6  ........&c...U_.
00003070:  B6 31 05 41 6A AC 48 E3 9D E4 35 0E 06 AE CE 28  .1.Aj.H...5....(
00003080:  F7 C8 71 22 F7 59 E9 6F F9 95 11 26 B3 69 72 BA  ..q".Y.o...&.ir.
00003090:  05 52 F5 1E 64 E6 E2 65 D7 AE 43 12 55 21 A8 7E  .R..d..e..C.U!.~
000030A0:  F4 50 04 2C 7F EA 50 6E D1 BC BC 2C 9E C6 FD 52  .P.,..Pn...,...R
000030B0:  9D FC 52 79 9B DC 74 43 FA 2F 9F 84 2C C9 E4 C3  ..Ry..tC./..,...
000030C0:  C4 A8 0C B9 94 4F B9 5C 76 BB F9 C9 29 FC A5 A1  .....O.\v...)...
000030D0:  30 C6 93 C2 EF 1A B7 62 71 30 F7 45 5E 31 CE 54  0......bq0.E^1.T
000030E0:  0E D2 DA 7C 20 43 A0 F8 FA 8A 14 21 BE C9 9B D7  ...| C.....!....
000030F0:  D9 EE 06 00 70 4C 84 62 BF 6A 7A CB E3 8C 5E 83  ....pL.b.jz...^.
00003100:  28 8D 0B E7 1D 95 69 7C B7 52 B5 78 B9 0D 76 A9  (.....i|.R.x..v.
00003110:  A2 69 70 16 9C 34 0C 72 97 3B 6B A9 D6 49 73 08  .ip..4.r.;k..Is.
00003120:  0B 84 5D 5A A3 DA E3 63 E3 9D A8 E8 74 EE C7 1F  ..]Z...c....t...
00003130:  79 0C 41 4E E7 1A 57 AB 8F 71 FB 3C A0 F4 8A EB  y.AN..W..q.<....
00003140:  64 A5 9E C4 A6 82 99 8B 0F 20 FA 25 20 01 E9 20  d........ .% .. 
00003150:  89 F9 B7 75 BC 4D A3 34 16 93 36 7F 55 C5 78 D3  ...u.M.4..6.U.x.
00003160:  A0 BD 37 67 AA 91 B5 F1 96 43 1F E2 04 7C A3 8C  ..7g.....C...|..
00003170:  94 2A 67 0B 1E 5A 68 2F C6 92 8C 83 4F E9 CB 60  .*g..Zh/....O..`
00003180:  05 8A B2 16 7F E6 DC B8 9B 3C 71 5C A7 93 C2 BB  .........<q\....
00003190:  FA 1B 52 C3 77 5A 22 43 3D E5 FE CE 08 21 83 DD  ..R.wZ"C=....!..
000031A0:  AA DF E6 AE 80 A6 51 05 BE E3 D3 74 23 CC 5F D7  ......Q....t#._.
000031B0:  E7 92 A0 84 C7 C0 F2 EF 13 8E AE 7A 96 FF 92 97  ...........z....
000031C0:  2A 1B 96 86 52 59 5E 3C 87 4F 00 49 1A FA 19 8B  *...RY^<.O.I....
000031D0:  F8 25 9F 96 F5 54 51 1F 2D 1F D6 B6 35 A1 78 3D  .%...TQ.-...5.x=
000031E0:  92 3A 93 88 66 EE 36 23 F3 A7 03 12 7D 00 45 12  .:..f.6#....}.E.
000031F0:  63 B9 B6 D7 7C D4 28 D5 95 25 BA F5 E1 01 3D FE  c...|.(..%....=.
00003200:  59 C0 F6 73 EA 86 90 36 F5 9B FC 5F C8 98 17 5F  Y..s...6..._..._
00003210:  02 49 52 7F 1F 87 59 C6 05 4D 36 3F 39 AC FF 22  .IR...Y..M6?9.."
00003220:  B8 6D 1A 1E 36 19 57 39 56 D5 59 DC 50 C5 67 F1  .m..6.W9V.Y.P.g.
00003230:  41 77 59 DC 29 F6 F6 D5 1E 00 D4 E4 E0 D0 C2 44  AwY.)..........D
00003240:  62 8C 79 05 65 D4 CA B5 74 F5 7A 93 13 0D EA EB  b.y.e...t.z.....
00003250:  A2 09 C9 95 CE 1E BC 2B 04 71 19 41 BA C8 C8 23  .......+.q.A...#
00003260:  E3 76 08 8F F6 EB 95 55 21 E4 38 A7 3C 8F 81 1F  .v.....U!.8.<...
00003270:  3D 39 55 9A 3F 25 8D 82 F1 A2 DC C5 81 01 1A 5C  =9U.?%.........\
00003280:  7D 2E B9 E7 C5 2E 7B 84 71 D9 9F D4 06 6B 3E 22  }.....{.q....k>"
00003290:  84 70 F4 6C 93 5A 02 6D 39 CD 9D 42 06 5B 63 2C  .p.l.Z.m9..B.[c,
000032A0:  4C 27 CC 10 4E D1 77 12 00 EE BA 7A 0C 58 5E 06  L'..N.w....z.X^.
000032B0:  8A 09 B6 65 E2 2A 28 11 34 70 94 94 BA 0D A8 C2  ...e.*(.4p......
000032C0:  0C C0 B8 6B A3 65 CC C9 D3 AC 46 27 FF 07 61 90  ...k.e....F'..a.
000032D0:  38 8B 13 0A 7E E6 CA EF DE C3 90 43 2B 71 64 0C  8...~......C+qd.
000032E0:  15 60 30 F5 CE 5C E4 C0 17 6C F2 91 60 1F 05 F9  .`0..\...l..`...
000032F0:  42 81 3A 93 FF F4 C4 84 6C 69 D7 89 F5 64 AA 3D  B.:.....li...d.=
00003300:  F7 10 A9 85 16 20 05 23 8C 4D 40 B3 1F 2F 7E 30  ..... .#.M@../~0
00003310:  F6 26 97 F1 52 05 7D 9E 6F F9 30 F3 E2 3C B0 F6  .&..R.}.o.0..<..
00003320:  67 09 9B 06 88 8A D0 D0 93 10 3D 10 BE B0 58 11  g.........=...X.
00003330:  EA E9 09 77 91 49 F4 0F 5D 35 A7 2F 2A A4 43 BB  ...w.I..]5./*.C.
00003340:  47 40 32 AB 64 C0 96 50 84 34 B8 85 06 F1 62 06  G@2.d..P.4....b.
00003350:  AD 18 20 C5 89 4C F3 8E 5A 9D F0 2B FB 3F C0 AF  .. ..L..Z..+.?..
00003360:  8C E5 0F BB 93 CB A5 B2 33 71 FE 55 B7 8F 3C 92  ........3q.U..<.
00003370:  18 DE 54 C5 1D 9A CD FB 53 CD 9C 20 E3 87 30 99  ..T.....S.. ..0.
00003380:  02 D1 02 17 52 E7 A4 BD EA 44 A8 76 99 5D B4 12  ....R....D.v.]..
00003390:  7D 31 84 A1 36 B3 39 E4 79 D0 D5 5B 7F 76 1E 04  }1..6.9.y..[.v..
000033A0:  C1 B2 6E 4D 13 73 00 C9 21 DD 2F D2 90 0A FB 30  ..nM.s..!./....0
000033B0:  99 25 A6 0F EC DE 8D C6 C5 30 47 D2 74 5C 29 B4  .%.......0G.t\).
000033C0:  9F CB C8 0C DF 57 A6 5B A8 AB 1F BE 6C E5 59 87  .....W.[....l.Y.
000033D0:  2C 05 3D D1 EC ED 7B 1C B6 3C 6F 17 30 F0 F3 5E  ,.=...{..<o.0..^
000033E0:  37 CE 39 AA B7 50 F6 80 56 F3 C6 FB C6 93 23 92  7.9..P..V.....#.
000033F0:  4D A5 52 6E 95 82 A1 95 74 C0 90 DA EE 35 D3 41  M.Rn....t....5.A
00003400:  3B B8 3F 50 EE 44 07 4A C8 AF 5D 58 6C 5C 27 2E  ;.?P.D.J..]Xl\'.
00003410:  B8 D1 21 FF 90 51 3F D8 1D 31 36 5D 4F 92 25 F1  ..!..Q?..16]O.%.
00003420:  50 B1 B0 A5 FD 17 89 2C 3B 08 58 44 8C 5F 66 C9  P......,;.XD._f.
00003430:  5E 87 CC 86 40 2C C4 60 B5 50 88 C2 CF EF 1A 50  ^...@,.`.P.....P
00003440:  00 5D 6F 35 C9 19 1B EB D0 57 DF BD 4D E7 39 C1  .]o5.....W..M.9.
00003450:  41 F2 1F 1F 9A 8C C6 E1 B1 67 39 DC 04 59 17 3C  A........g9..Y.<
00003460:  6B 69 5E D4 A8 4A 59 55 5D 17 EB 6B F8 82 5F 05  ki^..JYU]..k.._.
00003470:  61 25 0F E1 EE 8C CF 7C F5 98 ED 86 16 12 9F 0E  a%.....|........
00003480:  ED B8 C7 E7 04 9C 7A DA CE A5 A8 EA 54 2A EE 83  ......z.....T*..
00003490:  B4 33 B0 A3 0D 8B C5 3A 7E 7F 88 CC 63 7E 4F EE  .3.....:~...c~O.
000034A0:  10 3D 2B 23 48 10 9C 80 2C 29 FE 16 BC 04 3D 41  .=+#H...,)....=A
000034B0:  1A 16 07 99 A7 F6 53 AB 64 44 B0 BF 3D B1 CA A2  ......S.dD..=...
000034C0:  81 E1 51 05 B8 BA 73 58 35 B6 50 15 CD 49 DF 14  ..Q...sX5.P..I..
000034D0:  57 30 1E A6 9B A1 40 81 70 85 E5 72 F7 2D 3A 6B  W0....@.p..r.-:k
000034E0:  CF C4 1A C0 22 C2 90 1F 49 8C 4C 94 AD 30 63 03  ...."...I.L..0c.
000034F0:  92 8F 09 01 C4 85 C1 AF 7C 58 ED 92 87 C4 06 5E  ........|X.....^
00003500:  CE 3E 6D 2B 58 91 02 6D 39 CD 9D 42 06 5B 63 2C  .>m+X..m9..B.[c,
00003510:  4C 27 CC 10 4E D1 77 12 00 EE BA 7A 0C 58 5E 06  L'..N.w....z.X^.
00003520:  8A 09 B6 65 E2 2A 28 11 34 70 94 94 BA 0D A8 C2  ...e.*(.4p......
00003530:  0C C0 B8 6B A3 65 CC C9 D3 AC 46 27 FF 07 61 90  ...k.e....F'..a.
00003540:  38 8B 13 0A 7E E6 EC A9 C6 C1 BC 30 35 2E 4B 92  8...~......05.K.
00003550:  45 4B 9F D7 5A 3C 76 3D 42 DE 64 08 2D 02 01 05  EK..Z<v=B.d.-...
00003560:  E4 FA 3E 65 1D 9E F9 D5 6C 44 A8 AA 11 DA 9F E6  ..>e....lD......
00003570:  7B FF 2B 41 23 49 C1 1A 18 5D 09 17 A7 E1 E7 B8  {.+A#I...]......
00003580:  9F F0 01 F4 5D DC 4B 0C B3 E3 DF EF 9D 05 2C EB  ....].K.......,.
00003590:  64 50 45 A7 F8 F9 B9 5C 76 BB F9 C9 29 FC A5 A1  dPE....\v...)...
000035A0:  30 C6 93 C2 EF 1A B7 62 71 30 F7 45 5E 31 CE 54  0......bq0.E^1.T
000035B0:  0E D2 DA 7C 20 43 C2 84 1C 50 D4 8C D6 B7 EE CB  ...| C...P......
000035C0:  82 CC E4 A3 D8 1A 4C 44 10 5B 63 29 12 A2 92 8C  ......LD.[c)....
000035D0:  68 07 3F 68 F5 1B AB FC 11 F0 32 86 9D 2F C8 CD  h.?h......2../..
000035E0:  C2 E9 03 B9 4D 82 E7 E9 39 9A 8D EF A7 17 A5 E7  ....M...9.......
000035F0:  75 08 9C 60 18 3C DA E3 FB D6 10 71 AB 92 89 7C  u..`.<.....q...|
00003600:  D0 59 8A FB CD 13 51 1F 2D 1F D6 B6 35 A1 78 3D  .Y....Q.-...5.x=
00003610:  92 3A 93 88 66 EE B9 17 24 4B FA 85 36 CD 8F 40  .:..f...$K..6..@
00003620:  55 CE 26 FC 0B 7F 75 EF D9 8D FE 46 16 B0 E7 EB  U.&...u....F....
00003630:  22 C1 80 F9 23 FA 90 36 F5 9B FC 5F C8 98 17 5F  "...#..6..._..._
00003640:  02 49 52 7F 1F 87 59 C6 05 4D 36 3F 39 AC FF 22  .IR...Y..M6?9.."
00003650:  B8 6D 1A 1E 36 19 57 39 56 D5 59 DC 50 C5 67 F1  .m..6.W9V.Y.P.g.
00003660:  41 77 59 DC 29 F6 F6 D5 1E 00 D4 E4 E0 D0 C2 44  AwY.)..........D
00003670:  62 8C 79 05 65 D4 7E 59 83 0E 18 91 33 82 6B 62  b.y.e.~Y....3.kb
00003680:  01 92 42 D7 06 23 73 B1 9F 3C 5E 08 A9 99 C6 08  ..B..#s..<^.....
00003690:  0B ED 1F BF 98 0C CA DD 71 0C 91 2F 74 B4 4A FD  ........q../t.J.
000036A0:  BF 93 C3 23 09 10 68 EE A9 C7 2C B4 73 AF 1D E2  ...#..h...,.s...
000036B0:  18 FF 6D 3D F1 F1 BB 24 0D 9F 63 64 2B AA 13 C9  ..m=...$..cd+...
000036C0:  86 F3 AE 4D 64 6A 47 27 E8 13 8D E1 E6 4B 51 14  ...MdjG'.....KQ.
000036D0:  9C D4 B8 A3 76 BE 39 92 A9 8D 39 E8 7D B0 A2 C2  ....v.9...9.}...
000036E0:  69 76 6C E8 43 46 CE 2B 8D 37 BD 58 F8 29 37 0D  ivl.CF.+.7.X.)7.
000036F0:  30 B2 88 02 A7 4F F0 C9 53 6F 42 FF 50 BC 48 81  0....O..SoB.P.H.
00003700:  7B 28 71 05 EC B6 A1 46 37 0A 92 E7 16 A0 72 06  {(q....F7.....r.
00003710:  EA 49 0C B3 C1 A4 76 2E D6 FC E3 91 BB 3B E6 F7  .I....v......;..
00003720:  AC 34 7D 07 43 CA 93 57 5D D0 45 C3 81 67 F7 B9  .4}.C..W].E..g..
00003730:  76 46 25 DC 6A 64 F4 9F 5A 3F 34 83 6D C8 DA E8  vF%.jd..Z?4.m...
00003740:  D1 F0 EB 4D 14 40 7E C9 5C BC 5F 99 98 C4 BA 6A  ...M.@~.\._....j
00003750:  9F CD 27 92 58 89 8B E6 42 E2 36 96 61 A8 9C 65  ..'.X...B.6.a..e
00003760:  02 C9 D4 78 EA C4 53 D7 84 7B 25 49 8A 25 F4 CE  ...x..S..{%I.%..
00003770:  C9 3E F1 AA 5D 81 F6 75 E7 3C 52 1D 99 DB 7D 02  .>..]..u.<R...}.
00003780:  57 6A 42 DA DA 26 71 4B 19 CA 7B BB FF BC DE F5  WjB..&qK..{.....
00003790:  79 FA 5D C3 C7 F8 B5 F1 96 43 1F E2 04 7C A3 8C  y.]......C...|..
000037A0:  94 2A 67 0B 1E 5A 68 2F C6 92 8C 83 4F E9 CB 60  .*g..Zh/....O..`
000037B0:  05 8A B2 16 7F E6 DC B8 9B 3C 71 5C A7 93 C2 BB  .........<q\....
000037C0:  FA 1B 52 C3 77 5A 69 C0 AF 95 CA DA 0B 8A F5 AA  ..R.wZi.........
000037D0:  F6 B7 E9 80 D7 E7 22 C1 71 D3 CA 08 B5 23 06 8D  ......".q....#..
000037E0:  81 D8 C0 19 FB 8C 75 DD 1C F2 1C 67 CE 63 4E F3  ......u....g.cN.
000037F0:  53 40 03 BA 2C 48 06 53 42 B1 47 22 6C 79 CC EE  S@..,H.SB.G"ly..
00003800:  48 05 17 B6 DA 40 A3 F3 7E AE 54 E4 A3 78 7C 80  H....@..~.T..x|.
00003810:  E9 9D 4A EE 9E 94 38 5A 76 39 F5 6D C9 CD 46 C9  ..J...8Zv9.m..F.
00003820:  64 8A B4 44 49 58 84 8A DF 6C 6A 5C 00 A2 8A 0D  d..DIX...lj\....
00003830:  1E EA 31 44 0C 51 50 8B 39 33 BF 62 1B 67 F7 7E  ..1D.QP.93.b.g.~
00003840:  B2 A4 F4 F7 4B 53 92 8E A5 39 F9 FB D4 A0 C9 43  ....KS...9.....C
00003850:  3A 5E C9 98 CF B5 4E 1D 5C 84 C3 09 5D 8A E4 BB  :^....N.\...]...
00003860:  CB FE F6 73 51 50 CA DD 71 0C 91 2F 74 B4 4A FD  ...sQP..q../t.J.
00003870:  BF 93 C3 23 09 10 8D 82 F1 A2 DC C5 81 01 1A 5C  ...#...........\
00003880:  7D 2E B9 E7 C5 2E 65 23 A3 09 DD 69 E6 01 E8 FE  }.....e#...i....
00003890:  5A 5C CF 96 4F 1B 02 6D 39 CD 9D 42 06 5B 63 2C  Z\..O..m9..B.[c,
000038A0:  4C 27 CC 10 4E D1 77 12 00 EE BA 7A 0C 58 5E 06  L'..N.w....z.X^.
000038B0:  8A 09 B6 65 E2 2A 28 11 34 70 94 94 BA 0D A8 C2  ...e.*(.4p......
000038C0:  0C C0 B8 6B A3 65 CC C9 D3 AC 46 27 FF 07 61 90  ...k.e....F'..a.
000038D0:  38 8B 13 0A 7E E6 A4 D8 CA 08 AC 87 60 FF 0D 89  8...~.......`...
000038E0:  E6 3F 3D 5A EC 91 76 3D 42 DE 64 08 2D 02 01 05  .?=Z..v=B.d.-...
000038F0:  E4 FA 3E 65 1D 9E 4D 59 BD 3C DC 15 75 92 8E BE  ..>e..MY.<..u...
00003900:  8F 5B 8D C9 91 EF F0 19 F4 89 5D 9D 7B 9B 2C DB  .[........].{.,.
00003910:  C1 AD 7C 8C D2 E2 4B 0C B3 E3 DF EF 9D 05 2C EB  ..|...K.......,.
00003920:  64 50 45 A7 F8 F9 B9 5C 76 BB F9 C9 29 FC A5 A1  dPE....\v...)...
00003930:  30 C6 93 C2 EF 1A B7 62 71 30 F7 45 5E 31 CE 54  0......bq0.E^1.T
00003940:  0E D2 DA 7C 20 43 A0 F8 FA 8A 14 21 BE C9 9B D7  ...| C.....!....
00003950:  D9 EE 06 00 70 4C 48 DA CB A1 8C 75 8C 05 06 91  ....pLH....u....
00003960:  3E 64 2C 07 DF 71 41 B3 DF 7B 45 A2 69 7C F6 30  >d,..qA..{E.i|.0
00003970:  45 64 13 E8 33 61 13 64 BB 04 1F 57 56 0B 29 DB  Ed..3a.d...WV.).
00003980:  4E D1 F9 76 62 97 DF 1C BE 6C 37 7B C4 A5 69 0D  N..vb....l7{..i.
00003990:  45 CB 39 A3 68 EE 20 1E 0F 7F B6 E5 A0 F6 D9 B5  E.9.h. .........
000039A0:  5E E7 05 CE F6 CE CF 56 75 93 C9 B3 C8 C1 B4 B9  ^......Vu.......
000039B0:  90 A3 B6 DF 6A EC 0F 27 5D A2 63 26 59 A2 FA 9F  ....j..'].c&Y...
000039C0:  DA 95 DA 3C B6 52 67 DF AE DA 25 E4 19 0E 96 E6  ...<.Rg...%.....
000039D0:  AF 94 9B 8F BA D7 C3 54 F6 54 EB 93 F3 02 55 22  .......T.T....U"
000039E0:  A7 0E 23 AF 58 0C 34 CA D7 94 4D 62 6F 60 B6 17  ..#.X.4...Mbo`..
000039F0:  AD 97 3A D3 3B 07 11 52 91 4D E1 49 6A 65 B5 5C  ..:.;..R.M.Ije.\
00003A00:  31 56 34 C7 5F 74 8E 11 0A 45 B5 71 D6 38 45 4F  1V4._t...E.q.8EO
00003A10:  1F 61 D5 89 84 2D F6 A9 DF 95 74 CF CE 9A 9C C9  .a...-....t.....
00003A20:  67 85 DB 47 F2 51 F7 85 A0 F6 45 59 07 2B 6A 0A  g..G.Q....EY.+j.
00003A30:  54 A7 82 2B D6 45 54 62 34 CF 05 00 B7 D6 30 BF  T..+.ETb4.....0.
00003A40:  F0 B8 96 5C A5 8B 99 FB D6 ED 26 93 99 ED 15 17  ...\......&.....
00003A50:  05 01 55 6E 61 0A 0E 42 D7 2D 7E A8 AF 8D C6 9F  ..Una..B.-~.....
00003A60:  2F 52 C5 A6 84 21 4D 4A 4B 2C 61 CE 55 7C D9 5A  /R...!MJK,a.U|.Z
00003A70:  15 72 B5 81 11 72 3D E0 98 5A 4C 5B C0 0E 3B 9E  .r...r=..ZL[..;.
00003A80:  47 85 FB 24 E6 9C 58 DF A2 F8 F9 A0 64 84 80 18  G..$..X.....d...
00003A90:  CA 32 DC AA 75 61 73 1F 17 37 29 15 4A 85 76 BB  .2..uas..7).J.v.
00003AA0:  D5 B1 AC 73 45 D4 DC 6B 6B 43 12 BB AB B9 EE AE  ...sE..kkC......
00003AB0:  E7 ED D3 EB 6B B3 EE 86 30 09 85 DE F6 0B 06 60  ....k...0......`
00003AC0:  E4 A9 EE 5B 5C FE 61 75 C6 A2 C0 F8 EF 05 6B A9  ...[\.au......k.
00003AD0:  80 EF 20 E5 35 B3 D6 3D 08 51 65 D0 FA B2 AE 26  .. .5..=.Qe....&
00003AE0:  C0 C5 37 C8 C1 1E 56 EF 59 BF 72 2C 9B 58 09 DC  ..7...V.Y.r,.X..
00003AF0:  DC 2B DC D3 49 E6 FB 7E 87 A5 07 D3 45 56 D4 8F  .+..I..~....EV..
00003B00:  2A AF CC FF C0 3B CA DD 71 0C 91 2F 74 B4 4A FD  *....;..q../t.J.
00003B10:  BF 93 C3 23 09 10 68 EE A9 C7 2C B4 73 AF 1D E2  ...#..h...,.s...
00003B20:  18 FF 6D 3D F1 F1 BB 24 0D 9F 63 64 2B AA 13 C9  ..m=...$..cd+...
00003B30:  86 F3 AE 4D 64 6A D1 44 16 57 1A C4 D1 B9 DF 2A  ...Mdj.D.W.....*
00003B40:  43 08 8F DD E7 1D 6E B4 3E 84 82 75 3C 63 78 A4  C.....n.>..u<cx.
00003B50:  9B A4 A9 E4 18 3E 88 28 FC 93 30 6D 6B 23 06 68  .....>.(..0mk#.h
00003B60:  67 F8 C1 0F 08 65 32 5F C6 D9 6B 0B 28 F1 7F 5C  g....e2_..k.(..\
00003B70:  E1 CE E6 1F CB 64 44 9A 10 C1 6D BE D2 08 CD 52  .....dD...m....R
00003B80:  41 82 B3 0C 0B 2A 4B 0C B3 E3 DF EF 9D 05 2C EB  A....*K.......,.
00003B90:  64 50 45 A7 F8 F9 B9 5C 76 BB F9 C9 29 FC A5 A1  dPE....\v...)...
00003BA0:  30 C6 93 C2 EF 1A B7 62 71 30 F7 45 5E 31 CE 54  0......bq0.E^1.T
00003BB0:  0E D2 DA 7C 20 43 BE A5 5F 37 F1 A8 D2 08 F0 6C  ...| C.._7.....l
00003BC0:  F2 97 DA 29 C0 5C 02 B9 E7 28 C5 C1 3C DC D6 D7  ...).\...(..<...
00003BD0:  AF 56 07 D9 06 AB A5 B2 33 71 FE 55 B7 8F 3C 92  .V......3q.U..<.
00003BE0:  18 DE 54 C5 1D 9A E6 67 02 89 4E C6 65 9A 14 F2  ..T....g..N.e...
00003BF0:  04 0A E1 78 D0 73 A4 BD EA 44 A8 76 99 5D B4 12  ...x.s...D.v.]..
00003C00:  7D 31 84 A1 36 B3 39 E4 79 D0 D5 5B 7F 76 1E 04  }1..6.9.y..[.v..
00003C10:  C1 B2 6E 4D 13 73 C8 60 84 8A 17 40 E2 48 FB CB  ..nM.s.`...@.H..
00003C20:  60 21 E0 12 A5 C9 D3 EC B9 C0 1F 5D BB F7 E9 D3  `!.........]....
00003C30:  AB CF 13 9B AB BD 5E B2 04 B1 C8 2B 2B 6C 75 5E  ......^....++lu^
00003C40:  62 98 8C 82 15 B9 C2 E2 FD 47 CF AB 87 26 62 21  b........G...&b!
00003C50:  30 E0 09 ED 63 C5 BC F5 16 F2 59 34 43 0A FE 6E  0...c.....Y4C..n
00003C60:  1A B0 08 F8 17 22 8A B6 09 E7 16 0E AC 20 FA BF  ....."....... ..
00003C70:  CB 7F C3 3D A7 AC 97 27 45 79 1B 27 7C 3D 57 2A  ...=...'Ey.'|=W*
00003C80:  E0 A8 09 0A 59 26 24 C8 8B 88 3A A7 19 59 4C 31  ....Y&$...:..YL1
00003C90:  E7 EF 93 97 F2 FE 33 89 0D F1 DD 35 97 7E 8B 13  ......3....5.~..
00003CA0:  41 ED 8E B7 0D 23 E0 2D C4 EE 53 01 A3 43 23 DB  A....#.-..S..C#.
00003CB0:  9C 0C 16 93 6B 83 E7 04 16 E5 C7 DE 0F 8D 23 00  ....k.........#.
00003CC0:  5A 7F A5 73 6A 27 4A 10 C9 B9 EA 56 39 3A CE CB  Z..sj'J....V9:..
00003CD0:  82 86 DD AA 94 A4 80 88 FB 70 36 8D BB 54 FE 9F  .........p6..T..
00003CE0:  07 C7 C0 83 3D FC 7D 6B 28 0A 56 D0 D3 16 50 F3  ....=.}k(.V...P.
00003CF0:  31 58 59 17 33 58 10 24 82 88 10 76 D7 35 E5 07  1XY.3X.$...v.5..
00003D00:  6C 01 7C 07 3A 2A EC 9E 60 D4 59 CD 54 F8 63 B0  l.|.:*..`.Y.T.c.
00003D10:  EA 8C 20 47 98 6B 18 A3 6D 28 E2 FF 5C C3 89 23  .. G.k..m(..\..#
00003D20:  C9 7E 13 74 2C 89 13 23 CD E6 33 B1 28 AD 3F 43  .~.t,..#..3.(.?C
00003D30:  99 BF DC 26 7B C2 AE C7 F2 18 BF 42 93 4C D6 DF  ...&{......B.L..
00003D40:  26 92 F8 35 D2 AF B1 CB 07 DF B6 22 65 4A 10 37  &..5......."eJ.7
00003D50:  D7 E9 E0 FE F8 8F 9F CC FE AB 9F 54 3D 95 0A E0  ...........T=...
00003D60:  44 FD 5C 18 64 DA B6 C2 54 A3 1C 17 E5 F6 0A F8  D.\.d...T.......
00003D70:  77 2F 89 F0 0B A7 D2 79 3B 03 D0 D4 6F 65 B8 08  w/.....y;...oe..
00003D80:  DA F1 BB 5F B9 AB DB 33 E1 9B 9D CB F2 7B 57 34  ..._...3.....{W4
00003D90:  0C 0A 3C A2 40 D8 19 0F CB 9E DD 48 19 ED A7 FF  ..<.@......H....
00003DA0:  82 6C 31 B5 DC 6F 6D A8 CD 4E 58 F7 80 A0 DB 7A  .l1..om..NX....z
00003DB0:  40 28 06 72 DE 36 83 40 6E D5 0D 0A EE F6 02 E4  @(.r.6.@n.......
00003DC0:  2D FB E3 C9 25 F9 C9 71 12 15 C6 99 4A D8 A6 32  -...%..q....J..2
00003DD0:  D7 27 ED 42 FC D0 91 A6 58 9D 68 0E 46 DF EA 9C  .'.B....X.h.F...
00003DE0:  F8 BC EA AA 54 94 02 61 A6 42 35 D6 40 09 0A C1  ....T..a.B5.@...
00003DF0:  ED 53 48 A9 8F 12 BA D4 1C 34 A0 A4 4B 50 70 7D  .SH......4..KPp}
00003E00:  2D 2F 3D 0C 2E 0C 5C 9D 56 E8 9E F1 8E 24 22 DB  -/=...\.V....$".
00003E10:  5C F7 6D 1F F4 DB 00 00 00 00 00 00 00 00 00 00  \.m.............
00003E20:  00 00 00 00 00 00 00 00 00 00 00 00 00 00 00 00  ................ [zeros]
00003E30:  00 00 00 00 00 00 16 AA 64 2B B8 4C 12 61 D7 CB  ........d+.L.a..
00003E40:  E2 B9 01 09 CF 91 F6 89 7F BA 68 C1 55 81 FF 64  ..........h.U..d
00003E50:  33 BD D0 A4 74 27 00 00 00 00 00 00 00 00 00 00  3...t'..........
00003E60:  00 00 00 00 00 00 00 00 00 00 00 00 00 00 00 00  ................ [zeros]
00003E70:  00 00 00 00 00 00 00 00 00 00 00 00 00 00 00 00  ................ [zeros]
00003E80:  00 00 00 00 00 00 00 00 00 00 00 00 00 00 00 00  ................ [zeros]
00003E90:  00 00 00 00 00 00 00 00 00 00 00 00 00 00 00 00  ................ [zeros]
00003EA0:  00 00 00 00 00 00 00 00 00 00 00 00 00 00 00 00  ................ [zeros]
00003EB0:  00 00 00 00 00 00 00 00 00 00 00 00 00 00 00 00  ................ [zeros]
00003EC0:  00 00 00 00 00 00 00 00 00 00 00 00 00 00 00 00  ................ [zeros]
00003ED0:  00 00 00 00 00 00 00 00 00 00 00 00 00 00 00 00  ................ [zeros]
00003EE0:  00 00 00 00 00 00 F8 12 D1 CA 12 F7 1C EF 81 82  ................
00003EF0:  F8 70 E2 83 8D F1 F6 43 23 F9 97 B5 03 48 28 03  .p.....C#....H(.
00003F00:  F3 ED CE 6C 5A 38 12 CA 91 CA 83 F0 56 A1 2B 5B  ...lZ8......V.+[
00003F10:  4A A0 CE 71 A5 2C A8 45 E1 58 5C 3C FC DB CF 9C  J..q.,.E.X\<....
00003F20:  6A 18 90 1C 6E 5D 00 00 00 00 00 00 00 00 00 00  j...n]..........
00003F30:  00 00 00 00 00 00 00 00 00 00 00 00 00 00 00 00  ................ [zeros]
00003F40:  00 00 00 00 00 00 B4 D6 49 A4 54 77 5D F8 12 91  ........I.Tw]...
00003F50:  C4 41 88 A8 67 B3 3E 3A 98 D4 30 A3 DD 80 7C 5E  .A..g.>:..0...|^
00003F60:  E4 F2 E7 EC 3F 69 83 CB B7 52 A6 1F 48 42 D4 7A  ....?i...R..HB.z
00003F70:  FF E6 29 5D 33 F2 AA DE 16 F8 3D EF 62 EF CF DF  ..)]3.....=.b...
00003F80:  5A E5 8F 76 82 0A 43 30 D7 E8 50 6D B3 7B 8E BE  Z..v..C0..Pm.{..
00003F90:  DD 04 AC 6B 38 AE 17 CA B7 81 F1 7F F4 E3 CC 06  ...k8...........
00003FA0:  41 01 5D 1F B1 90 98 49 BB 32 7C 6E E2 5A 30 31  A.]....I.2|n.Z01
00003FB0:  30 43 C6 7F CD 60 E7 4A 12 51 AD 60 7A 71 FA 6C  0C...`.J.Q.`zq.l
00003FC0:  BF 1B EA 7F FD 96 43 52 51 3D 49 59 7A 63 DD 72  ......CRQ=IYzc.r
00003FD0:  BF D8 85 4B 32 AA 38 C9 8E 6A 7E 5A 7B 93 B2 EE  ...K2.8..j~Z{...
00003FE0:  11 F0 F9 52 B4 7F 00 00 00 00 00 00 00 00 00 00  ...R............
00003FF0:  00 00 00 00 00 00 00 00 00 00 00 00 00 00 00 00  ................ [zeros]
00004000:  00 00 00 00 00 00 00 00 00 00 00 00 00 00 00 00  ................ [zeros]
00004010:  00 00 00 00 00 00 00 00 00 00 00 00 00 00 00 00  ................ [zeros]
00004020:  00 00 00 00 00 00 00 00 00 00 00 00 00 00 00 00  ................ [zeros]
00004030:  00 00 00 00 00 00 00 00 00 00 00 00 00 00 00 00  ................ [zeros]
00004040:  00 00 00 00 00 00 00 00 00 00 00 00 00 00 00 00  ................ [zeros]
00004050:  00 00 00 00 00 00 00 00 00 00 00 00 00 00 00 00  ................ [zeros]
00004060:  00 00 00 00 00 00 00 00 00 00 00 00 00 00 00 00  ................ [zeros]
00004070:  00 00 00 00 00 00 00 00 00 00 00 00 00 00 00 00  ................ [zeros]
00004080:  00 00 00 00 00 00 00 00 00 00 00 00 00 00 00 00  ................ [zeros]
00004090:  00 00 00 00 00 00 00 00 00 00 00 00 00 00 00 00  ................ [zeros]
000040A0:  00 00 00 00 00 00 A1 8E AF A9 B7 7E E6 1A CB DC  ...........~....
000040B0:  B5 C5 C8 D3 41 41 E1 12 89 E3 69 06 AB 4F 94 B2  ....AA....i..O..
000040C0:  F5 11 E5 C2 AC 93 00 00 00 00 00 00 00 00 00 00  ................
000040D0:  00 00 00 00 00 00 00 00 00 00 00 00 00 00 00 00  ................ [zeros]
000040E0:  00 00 00 00 00 00 00 00 00 00 00 00 00 00 00 00  ................ [zeros]
000040F0:  00 00 00 00 00 00 00 00 00 00 00 00 00 00 00 00  ................ [zeros]
00004100:  00 00 00 00 00 00 00 00 00 00 00 00 00 00 00 00  ................ [zeros]
00004110:  00 00 00 00 00 00 00 00 00 00 00 00 00 00 00 00  ................ [zeros]
00004120:  00 00 00 00 00 00 00 00 00 00 00 00 00 00 00 00  ................ [zeros]
00004130:  00 00 00 00 00 00 00 00 00 00 00 00 00 00 00 00  ................ [zeros]
00004140:  00 00 00 00 00 00 00 00 00 00 00 00 00 00 00 00  ................ [zeros]
00004150:  00 00 00 00 00 00 00 00 00 00 00 00 00 00 00 00  ................ [zeros]
00004160:  00 00 00 00 00 00 00 00 00 00 00 00 00 00 00 00  ................ [zeros]
00004170:  00 00 00 00 00 00 00 00 00 00 00 00 00 00 00 00  ................ [zeros]
00004180:  00 00 00 00 00 00 00 00 00 00 00 00 00 00 00 00  ................ [zeros]
00004190:  00 00 00 00 00 00 00 00 00 00 00 00 00 00 00 00  ................ [zeros]
000041A0:  00 00 00 00 00 00 00 00 00 00 00 00 00 00 00 00  ................ [zeros]
000041B0:  00 00 00 00 00 00 00 00 00 00 00 00 00 00 00 00  ................ [zeros]
000041C0:  00 00 00 00 00 00 00 00 00 00 00 00 00 00 00 00  ................ [zeros]
000041D0:  00 00 00 00 00 00 DC 2C B6 B5 F4 6C 45 56 52 ED  .......,...lEVR.
000041E0:  88 1B 56 05 C9 4A 97 99 C0 6E 6B 0E F5 82 A5 B3  ..V..J...nk.....
000041F0:  D1 F0 17 DA 7D B4 00 00 00 00 00 00 00 00 00 00  ....}...........
00004200:  00 00 00 00 00 00 00 00 00 00 00 00 00 00 00 00  ................ [zeros]
00004210:  00 00 00 00 00 00 00 00 00 00 00 00 00 00 00 00  ................ [zeros]
00004220:  00 00 00 00 00 00 00 00 00 00 00 00 00 00 00 00  ................ [zeros]
00004230:  00 00 00 00 00 00 00 00 00 00 00 00 00 00 00 00  ................ [zeros]
00004240:  00 00 00 00 00 00 00 00 00 00 00 00 00 00 00 00  ................ [zeros]
00004250:  00 00 00 00 00 00 00 00 00 00 00 00 00 00 00 00  ................ [zeros]
00004260:  00 00 00 00 00 00 00 00 00 00 00 00 00 00 00 00  ................ [zeros]
00004270:  00 00 00 00 00 00 00 00 00 00 00 00 00 00 00 00  ................ [zeros]
00004280:  00 00 00 00 00 00 00 00 00 00 00 00 00 00 00 00  ................ [zeros]
00004290:  00 00 00 00 00 00 00 00 00 00 00 00 00 00 00 00  ................ [zeros]
000042A0:  00 00 00 00 00 00 00 00 00 00 00 00 00 00 00 00  ................ [zeros]
000042B0:  00 00 00 00 00 00 00 00 00 00 00 00 00 00 00 00  ................ [zeros]
000042C0:  00 00 00 00 00 00 00 00 00 00 00 00 00 00 00 00  ................ [zeros]
000042D0:  00 00 00 00 00 00 00 00 00 00 00 00 00 00 00 00  ................ [zeros]
000042E0:  00 00 00 00 00 00 00 00 00 00 00 00 00 00 00 00  ................ [zeros]
000042F0:  00 00 00 00 00 00 00 00 00 00 00 00 00 00 00 00  ................ [zeros]
00004300:  00 00 00 00 00 00 00 00 00 00 00 00 00 00 00 00  ................ [zeros]
00004310:  00 00 00 00 00 00 00 00 00 00 00 00 00 00 00 00  ................ [zeros]
00004320:  00 00 00 00 00 00 00 00 00 00 00 00 00 00 00 00  ................ [zeros]
00004330:  00 00 00 00 00 00 00 00 00 00 00 00 00 00 00 00  ................ [zeros]
00004340:  00 00 00 00 00 00 00 00 00 00 00 00 00 00 00 00  ................ [zeros]
00004350:  00 00 00 00 00 00 00 00 00 00 00 00 00 00 00 00  ................ [zeros]
00004360:  00 00 00 00 00 00 00 00 00 00 00 00 00 00 00 00  ................ [zeros]
00004370:  00 00 00 00 00 00 A3 33 D8 97 5E 7B 94 EA 89 BB  .......3..^{....
00004380:  B6 8A A9 A0 3F 56 96 1D E0 E0 83 E5 1A 34 FF 34  ....?V.......4.4
00004390:  AA 50 9D 84 1F C9 17 43 27 58 D3 95 73 51 DC 11  .P.....C'X..sQ..
000043A0:  23 01 04 28 8A F8 6E EB 6F 2D F7 1A 20 01 3A AC  #..(..n.o-.. .:.
000043B0:  19 C5 66 7E A8 B6 24 A0 0A CE E7 75 CA FB B5 49  ..f~..$....u...I
000043C0:  E6 80 68 58 F4 44 6B 1C EF 1F 2D E7 A1 1E 99 4A  ..hX.Dk...-....J
000043D0:  0B 74 07 74 33 4D 5D 81 EC A8 62 3A D4 66 F9 39  .t.t3M]...b:.f.9
000043E0:  78 C0 7F 13 A5 6E 39 D9 F1 89 29 86 26 2A 38 55  x....n9...).&*8U
000043F0:  35 0F 25 77 7C 99 19 43 8B E8 CF D7 96 B6 89 FD  5.%w|..C........
00004400:  6D AF 65 AF E8 02 6E EB 6F 2D F7 1A 20 01 3A AC  m.e...n.o-.. .:.
00004410:  19 C5 66 7E A8 B6 D7 49 E5 21 D7 1A 57 52 19 5C  ..f~...I.!..WR.\
00004420:  95 BC AB 73 B7 F2 0F 78 8A B6 F0 55 67 A1 3D 1B  ...s...x...Ug.=.
00004430:  61 0E E7 A3 AE 02 E4 92 E1 B1 FF F6 00 FC 03 2A  a..............*
00004440:  B5 1D FD 74 BA BC 7D 65 4A 59 2A EB A9 1C 12 A5  ...t..}eJY*.....
00004450:  28 C6 EB E6 57 E1 00 00 00 00 00 00 00 00 00 00  (...W...........
00004460:  00 00 00 00 00 00 00 00 00 00 00 00 00 00 00 00  ................ [zeros]
00004470:  00 00 00 00 00 00 00 00 00 00 00 00 00 00 00 00  ................ [zeros]
00004480:  00 00 00 00 00 00 00 00 00 00 00 00 00 00 00 00  ................ [zeros]
00004490:  00 00 00 00 00 00 00 00 00 00 00 00 00 00 00 00  ................ [zeros]
000044A0:  00 00 00 00 00 00 00 00 00 00 00 00 00 00 00 00  ................ [zeros]
000044B0:  00 00 00 00 00 00 00 00 00 00 00 00 00 00 00 00  ................ [zeros]
000044C0:  00 00 00 00 00 00 00 00 00 00 00 00 00 00 00 00  ................ [zeros]
000044D0:  00 00 00 00 00 00 00 00 00 00 00 00 00 00 00 00  ................ [zeros]
000044E0:  00 00 00 00 00 00 00 00 00 00 00 00 00 00 00 00  ................ [zeros]
000044F0:  00 00 00 00 00 00 00 00 00 00 00 00 00 00 00 00  ................ [zeros]
00004500:  00 00 00 00 00 00 00 00 00 00 00 00 00 00 00 00  ................ [zeros]
00004510:  00 00 00 00 00 00 00 00 00 00 00 00 00 00 00 00  ................ [zeros]
00004520:  00 00 00 00 00 00 00 00 00 00 00 00 00 00 00 00  ................ [zeros]
00004530:  00 00 00 00 00 00 00 00 00 00 00 00 00 00 00 00  ................ [zeros]
00004540:  00 00 00 00 00 00 00 00 00 00 00 00 00 00 00 00  ................ [zeros]
00004550:  00 00 00 00 00 00 00 00 00 00 00 00 00 00 00 00  ................ [zeros]
00004560:  00 00 00 00 00 00 00 00 00 00 00 00 00 00 00 00  ................ [zeros]
00004570:  00 00 00 00 00 00 00 00 00 00 00 00 00 00 00 00  ................ [zeros]
00004580:  00 00 00 00 00 00 00 00 00 00 00 00 00 00 00 00  ................ [zeros]
00004590:  00 00 00 00 00 00 00 00 00 00 00 00 00 00 00 00  ................ [zeros]
000045A0:  00 00 00 00 00 00 00 00 00 00 00 00 00 00 00 00  ................ [zeros]
000045B0:  00 00 00 00 00 00 00 00 00 00 00 00 00 00 00 00  ................ [zeros]
000045C0:  00 00 00 00 00 00 00 00 00 00 00 00 00 00 00 00  ................ [zeros]
000045D0:  00 00 00 00 00 00 00 00 00 00 00 00 00 00 00 00  ................ [zeros]
000045E0:  00 00 00 00 00 00 00 00 00 00 00 00 00 00 00 00  ................ [zeros]
000045F0:  00 00 00 00 00 00 00 00 00 00 00 00 00 00 00 00  ................ [zeros]
00004600:  00 00 00 00 00 00 00 00 00 00 00 00 00 00 00 00  ................ [zeros]
00004610:  00 00 00 00 00 00 00 00 00 00 00 00 00 00 00 00  ................ [zeros]
00004620:  00 00 00 00 00 00 00 00 00 00 00 00 00 00 00 00  ................ [zeros]
00004630:  00 00 00 00 00 00 00 00 00 00 00 00 00 00 00 00  ................ [zeros]
00004640:  00 00 00 00 00 00 00 00 00 00 00 00 00 00 00 00  ................ [zeros]
00004650:  00 00 00 00 00 00 00 00 00 00 00 00 00 00 00 00  ................ [zeros]
00004660:  00 00 00 00 00 00 00 00 00 00 00 00 00 00 00 00  ................ [zeros]
00004670:  00 00 00 00 00 00 00 00 00 00 00 00 00 00 00 00  ................ [zeros]
00004680:  00 00 00 00 00 00 00 00 00 00 00 00 00 00 00 00  ................ [zeros]
00004690:  00 00 00 00 00 00 00 00 00 00 00 00 00 00 00 00  ................ [zeros]
000046A0:  00 00 00 00 00 00 00 00 00 00 00 00 00 00 00 00  ................ [zeros]
000046B0:  00 00 00 00 00 00 00 00 00 00 00 00 00 00 00 00  ................ [zeros]
000046C0:  00 00 00 00 00 00 00 00 00 00 00 00 00 00 00 00  ................ [zeros]
000046D0:  00 00 00 00 00 00 00 00 00 00 00 00 00 00 00 00  ................ [zeros]
000046E0:  00 00 00 00 00 00 00 00 00 00 00 00 00 00 00 00  ................ [zeros]
000046F0:  00 00 00 00 00 00 00 00 00 00 00 00 00 00 00 00  ................ [zeros]
00004700:  00 00 00 00 00 00 00 00 00 00 00 00 00 00 00 00  ................ [zeros]
00004710:  00 00 00 00 00 00 00 00 00 00 00 00 00 00 00 00  ................ [zeros]
00004720:  00 00 00 00 00 00 00 00 00 00 00 00 00 00 00 00  ................ [zeros]
00004730:  00 00 00 00 00 00 00 00 00 00 00 00 00 00 00 00  ................ [zeros]
00004740:  00 00 00 00 00 00 00 00 00 00 00 00 00 00 00 00  ................ [zeros]
00004750:  00 00 00 00 00 00 00 00 00 00 00 00 00 00 00 00  ................ [zeros]
00004760:  00 00 00 00 00 00 00 00 00 00 00 00 00 00 00 00  ................ [zeros]
00004770:  00 00 00 00 00 00 00 00 00 00 00 00 00 00 00 00  ................ [zeros]
00004780:  00 00 00 00 00 00 00 00 00 00 00 00 00 00 00 00  ................ [zeros]
00004790:  00 00 00 00 00 00 00 00 00 00 00 00 00 00 00 00  ................ [zeros]
000047A0:  00 00 00 00 00 00 00 00 00 00 00 00 00 00 00 00  ................ [zeros]
000047B0:  00 00 00 00 00 00 00 00 00 00 00 00 00 00 00 00  ................ [zeros]
000047C0:  00 00 00 00 00 00 00 00 00 00 00 00 00 00 00 00  ................ [zeros]
000047D0:  00 00 00 00 00 00 00 00 00 00 00 00 00 00 00 00  ................ [zeros]
000047E0:  00 00 00 00 00 00 00 00 00 00 00 00 00 00 00 00  ................ [zeros]
000047F0:  00 00 00 00 00 00 00 00 00 00 00 00 00 00 00 00  ................ [zeros]
00004800:  00 00 00 00 00 00 00 00 00 00 00 00 00 00 00 00  ................ [zeros]
00004810:  00 00 00 00 00 00 00 00 00 00 00 00 00 00 00 00  ................ [zeros]
00004820:  00 00 00 00 00 00 00 00 00 00 00 00 00 00 00 00  ................ [zeros]
00004830:  00 00 00 00 00 00 00 00 00 00 00 00 00 00 00 00  ................ [zeros]
00004840:  00 00 00 00 00 00 00 00 00 00 00 00 00 00 00 00  ................ [zeros]
00004850:  00 00 00 00 00 00 00 00 00 00 00 00 00 00 00 00  ................ [zeros]
00004860:  00 00 00 00 00 00 00 00 00 00 00 00 00 00 00 00  ................ [zeros]
00004870:  00 00 00 00 00 00 00 00 00 00 00 00 00 00 00 00  ................ [zeros]
00004880:  00 00 00 00 00 00 00 00 00 00 00 00 00 00 00 00  ................ [zeros]
00004890:  00 00 00 00 00 00 00 00 00 00 00 00 00 00 00 00  ................ [zeros]
000048A0:  00 00 00 00 00 00 00 00 00 00 00 00 00 00 00 00  ................ [zeros]
000048B0:  00 00 00 00 00 00 00 00 00 00 00 00 00 00 00 00  ................ [zeros]
000048C0:  00 00 00 00 00 00 00 00 00 00 00 00 00 00 00 00  ................ [zeros]
000048D0:  00 00 00 00 00 00 00 00 00 00 00 00 00 00 00 00  ................ [zeros]
000048E0:  00 00 00 00 00 00 00 00 00 00 00 00 00 00 00 00  ................ [zeros]
000048F0:  00 00 00 00 00 00 00 00 00 00 00 00 00 00 00 00  ................ [zeros]
00004900:  00 00 00 00 00 00 00 00 00 00 00 00 00 00 00 00  ................ [zeros]
00004910:  00 00 00 00 00 00 00 00 00 00 00 00 00 00 00 00  ................ [zeros]
00004920:  00 00 00 00 00 00 00 00 00 00 00 00 00 00 00 00  ................ [zeros]
00004930:  00 00 00 00 00 00 00 00 00 00 00 00 00 00 00 00  ................ [zeros]
00004940:  00 00 00 00 00 00 00 00 00 00 00 00 00 00 00 00  ................ [zeros]
00004950:  00 00 00 00 00 00 00 00 00 00 00 00 00 00 00 00  ................ [zeros]
00004960:  00 00 00 00 00 00 00 00 00 00 00 00 00 00 00 00  ................ [zeros]
00004970:  00 00 00 00 00 00 00 00 00 00 00 00 00 00 00 00  ................ [zeros]
00004980:  00 00 00 00 00 00 00 00 00 00 00 00 00 00 00 00  ................ [zeros]
00004990:  00 00 00 00 00 00 00 00 00 00 00 00 00 00 00 00  ................ [zeros]
000049A0:  00 00 00 00 00 00 00 00 00 00 00 00 00 00 00 00  ................ [zeros]
000049B0:  00 00 00 00 00 00 00 00 00 00 00 00 00 00 00 00  ................ [zeros]
000049C0:  00 00 00 00 00 00 00 00 00 00 00 00 00 00 00 00  ................ [zeros]
000049D0:  00 00 00 00 00 00 00 00 00 00 00 00 00 00 00 00  ................ [zeros]
000049E0:  00 00 00 00 00 00 00 00 00 00 00 00 00 00 00 00  ................ [zeros]
000049F0:  00 00 00 00 00 00 00 00 00 00 00 00 00 00 00 00  ................ [zeros]
00004A00:  00 00 00 00 00 00 00 00 00 00 00 00 00 00 00 00  ................ [zeros]
00004A10:  00 00 00 00 00 00 00 00 00 00 00 00 00 00 00 00  ................ [zeros]
00004A20:  00 00 00 00 00 00 00 00 00 00 00 00 00 00 00 00  ................ [zeros]
00004A30:  00 00 00 00 00 00 00 00 00 00 00 00 00 00 00 00  ................ [zeros]
00004A40:  00 00 00 00 00 00 CC CC C0 C0 78 97 3C 81 4C 0B  ..........x.<.L.
00004A50:  EE 24 47 2B C4 57 67 64 0D 34 78 BF 2A CE 7F B0  .$G+.Wgd.4x.*...
00004A60:  0F 70 E2 A2 B8 37 14 30 9D 05 A5 87 F1 9D 91 69  .p...7.0.......i
00004A70:  0D C8 D4 03 20 C2 21 E6 AE E3 29 32 09 54 B4 66  .... .!...)2.T.f
00004A80:  35 3E A2 50 28 93 21 E6 AE E3 29 32 09 54 B4 66  5>.P(.!...)2.T.f
00004A90:  35 3E A2 50 28 93 21 E6 AE E3 29 32 09 54 B4 66  5>.P(.!...)2.T.f
00004AA0:  35 3E A2 50 28 93 21 E6 AE E3 29 32 09 54 B4 66  5>.P(.!...)2.T.f
00004AB0:  35 3E A2 50 28 93 21 E6 AE E3 29 32 09 54 B4 66  5>.P(.!...)2.T.f
00004AC0:  35 3E A2 50 28 93 21 E6 AE E3 29 32 09 54 B4 66  5>.P(.!...)2.T.f
00004AD0:  35 3E A2 50 28 93 21 E6 AE E3 29 32 09 54 B4 66  5>.P(.!...)2.T.f
00004AE0:  35 3E A2 50 28 93 21 E6 AE E3 29 32 09 54 B4 66  5>.P(.!...)2.T.f
00004AF0:  35 3E A2 50 28 93 21 E6 AE E3 29 32 09 54 B4 66  5>.P(.!...)2.T.f
00004B00:  35 3E A2 50 28 93 21 E6 AE E3 29 32 09 54 B4 66  5>.P(.!...)2.T.f
00004B10:  35 3E A2 50 28 93 21 E6 AE E3 29 32 09 54 B4 66  5>.P(.!...)2.T.f
00004B20:  35 3E A2 50 28 93 21 E6 AE E3 29 32 09 54 B4 66  5>.P(.!...)2.T.f
00004B30:  35 3E A2 50 28 93 21 E6 AE E3 29 32 09 54 B4 66  5>.P(.!...)2.T.f
00004B40:  35 3E A2 50 28 93 21 E6 AE E3 29 32 09 54 B4 66  5>.P(.!...)2.T.f
00004B50:  35 3E A2 50 28 93 21 E6 AE E3 29 32 09 54 B4 66  5>.P(.!...)2.T.f
00004B60:  35 3E A2 50 28 93 1B FE 46 A1 75 B1 CD EB B8 D8  5>.P(...F.u.....
00004B70:  28 5C 72 47 E2 16 00 00 00 00 00 00 00 00 00 00  (\rG............
00004B80:  00 00 00 00 00 00 00 00 00 00 00 00 00 00 00 00  ................ [zeros]
00004B90:  00 00 00 00 00 00 00 00 00 00 00 00 00 00 00 00  ................ [zeros]
00004BA0:  00 00 00 00 00 00 00 00 00 00 00 00 00 00 00 00  ................ [zeros]
00004BB0:  00 00 00 00 00 00 00 00 00 00 00 00 00 00 00 00  ................ [zeros]
00004BC0:  00 00 00 00 00 00 00 00 00 00 00 00 00 00 00 00  ................ [zeros]
00004BD0:  00 00 00 00 00 00 00 00 00 00 00 00 00 00 00 00  ................ [zeros]
00004BE0:  00 00 00 00 00 00 00 00 00 00 00 00 00 00 00 00  ................ [zeros]
00004BF0:  00 00 00 00 00 00 00 00 00 00 00 00 00 00 00 00  ................ [zeros]
00004C00:  00 00 00 00 00 00 00 00 00 00 00 00 00 00 00 00  ................ [zeros]
00004C10:  00 00 00 00 00 00 00 00 00 00 00 00 00 00 00 00  ................ [zeros]
00004C20:  00 00 00 00 00 00 00 00 00 00 00 00 00 00 00 00  ................ [zeros]
00004C30:  00 00 00 00 00 00 00 00 00 00 00 00 00 00 00 00  ................ [zeros]
00004C40:  00 00 00 00 00 00 00 00 00 00 00 00 00 00 00 00  ................ [zeros]
00004C50:  00 00 00 00 00 00 00 00 00 00 00 00 00 00 00 00  ................ [zeros]
00004C60:  00 00 00 00 00 00 00 00 00 00 00 00 00 00 00 00  ................ [zeros]
00004C70:  00 00 00 00 00 00 9F 58 31 05 E8 C8 01 EB 8E 25  .......X1......%
00004C80:  B9 1B D8 E2 C3 63 21 E6 AE E3 29 32 09 54 B4 66  .....c!...)2.T.f
00004C90:  35 3E A2 50 28 93 21 E6 AE E3 29 32 09 54 B4 66  5>.P(.!...)2.T.f
00004CA0:  35 3E A2 50 28 93 21 E6 AE E3 29 32 09 54 B4 66  5>.P(.!...)2.T.f
00004CB0:  35 3E A2 50 28 93 21 E6 AE E3 29 32 09 54 B4 66  5>.P(.!...)2.T.f
00004CC0:  35 3E A2 50 28 93 21 E6 AE E3 29 32 09 54 B4 66  5>.P(.!...)2.T.f
00004CD0:  35 3E A2 50 28 93 21 E6 AE E3 29 32 09 54 B4 66  5>.P(.!...)2.T.f
00004CE0:  35 3E A2 50 28 93 21 E6 AE E3 29 32 09 54 B4 66  5>.P(.!...)2.T.f
00004CF0:  35 3E A2 50 28 93 21 E6 AE E3 29 32 09 54 B4 66  5>.P(.!...)2.T.f
00004D00:  35 3E A2 50 28 93 21 E6 AE E3 29 32 09 54 B4 66  5>.P(.!...)2.T.f
00004D10:  35 3E A2 50 28 93 21 E6 AE E3 29 32 09 54 B4 66  5>.P(.!...)2.T.f
00004D20:  35 3E A2 50 28 93 21 E6 AE E3 29 32 09 54 B4 66  5>.P(.!...)2.T.f
00004D30:  35 3E A2 50 28 93 21 E6 AE E3 29 32 09 54 B4 66  5>.P(.!...)2.T.f
00004D40:  35 3E A2 50 28 93 21 E6 AE E3 29 32 09 54 B4 66  5>.P(.!...)2.T.f
00004D50:  35 3E A2 50 28 93 21 E6 AE E3 29 32 09 54 B4 66  5>.P(.!...)2.T.f
00004D60:  35 3E A2 50 28 93 21 E6 AE E3 29 32 09 54 B4 66  5>.P(.!...)2.T.f
00004D70:  35 3E A2 50 28 93 F4 00 D5 B6 A1 B2 8A 26 D9 D0  5>.P(........&..
00004D80:  F8 C7 51 8D A8 6C 21 E6 AE E3 29 32 09 54 B4 66  ..Q..l!...)2.T.f
00004D90:  35 3E A2 50 28 93 21 E6 AE E3 29 32 09 54 B4 66  5>.P(.!...)2.T.f
00004DA0:  35 3E A2 50 28 93 21 E6 AE E3 29 32 09 54 B4 66  5>.P(.!...)2.T.f
00004DB0:  35 3E A2 50 28 93 21 E6 AE E3 29 32 09 54 B4 66  5>.P(.!...)2.T.f
00004DC0:  35 3E A2 50 28 93 21 E6 AE E3 29 32 09 54 B4 66  5>.P(.!...)2.T.f
00004DD0:  35 3E A2 50 28 93 21 E6 AE E3 29 32 09 54 B4 66  5>.P(.!...)2.T.f
00004DE0:  35 3E A2 50 28 93 21 E6 AE E3 29 32 09 54 B4 66  5>.P(.!...)2.T.f
00004DF0:  35 3E A2 50 28 93 21 E6 AE E3 29 32 09 54 B4 66  5>.P(.!...)2.T.f
00004E00:  35 3E A2 50 28 93 21 E6 AE E3 29 32 09 54 B4 66  5>.P(.!...)2.T.f
00004E10:  35 3E A2 50 28 93 21 E6 AE E3 29 32 09 54 B4 66  5>.P(.!...)2.T.f
00004E20:  35 3E A2 50 28 93 21 E6 AE E3 29 32 09 54 B4 66  5>.P(.!...)2.T.f
00004E30:  35 3E A2 50 28 93 21 E6 AE E3 29 32 09 54 B4 66  5>.P(.!...)2.T.f
00004E40:  35 3E A2 50 28 93 21 E6 AE E3 29 32 09 54 B4 66  5>.P(.!...)2.T.f
00004E50:  35 3E A2 50 28 93 21 E6 AE E3 29 32 09 54 B4 66  5>.P(.!...)2.T.f
00004E60:  35 3E A2 50 28 93 21 E6 AE E3 29 32 09 54 B4 66  5>.P(.!...)2.T.f
00004E70:  35 3E A2 50 28 93 01 5F 56 6E 3E D8 6B CD CA CD  5>.P(.._Vn>.k...
00004E80:  29 46 72 CD 01 04 00 00 00 00 00 00 00 00 00 00  )Fr.............
00004E90:  00 00 00 00 00 00 00 00 00 00 00 00 00 00 00 00  ................ [zeros]
00004EA0:  00 00 00 00 00 00 00 00 00 00 00 00 00 00 00 00  ................ [zeros]
00004EB0:  00 00 00 00 00 00 00 00 00 00 00 00 00 00 00 00  ................ [zeros]
00004EC0:  00 00 00 00 00 00 85 C0 88 B9 90 BD F3 B8 D9 A3  ................
00004ED0:  6D 6C 38 13 46 BD 3E 15 30 C9 83 76 36 40 FC 2F  ml8.F.>.0..v6@./
00004EE0:  D0 A0 A3 F5 E7 CE 3E 15 30 C9 83 76 36 40 FC 2F  ......>.0..v6@./
00004EF0:  D0 A0 A3 F5 E7 CE 3A 16 E0 FA 99 09 33 51 77 65  ......:.....3Qwe
00004F00:  BF F1 A9 0F 87 AD 4F 3A 53 9A 87 8A 22 E1 8A B9  ......O:S..."...
00004F10:  16 63 E8 C0 15 03 4B 72 84 C9 6D 47 6E 84 30 1B  .c....Kr..mGn.0.
00004F20:  DC 07 68 36 CB D2 29 5F CC 11 20 9C 73 73 9B 31  ..h6..)_.. .ss.1
00004F30:  6D 27 9E 0C 5D 2C 28 53 A5 C0 EC 93 94 51 8A 29  m'..],(S.....Q.)
00004F40:  86 87 E1 9D D3 C6 07 9F FD 42 49 07 AF 79 30 CF  .........BI..y0.
00004F50:  41 FD 46 E7 F2 AD 00 00 00 00 00 00 00 00 00 00  A.F.............
00004F60:  00 00 00 00 00 00 00 00 00 00 00 00 00 00 00 00  ................ [zeros]
00004F70:  00 00 00 00 00 00 00 00 00 00 00 00 00 00 00 00  ................ [zeros]
00004F80:  00 00 00 00 00 00 00 00 00 00 00 00 00 00 00 00  ................ [zeros]
00004F90:  00 00 00 00 00 00 00 00 00 00 00 00 00 00 00 00  ................ [zeros]
00004FA0:  00 00 00 00 00 00 00 00 00 00 00 00 00 00 00 00  ................ [zeros]
00004FB0:  00 00 00 00 00 00 00 00 00 00 00 00 00 00 00 00  ................ [zeros]
00004FC0:  00 00 00 00 00 00 00 00 00 00 00 00 00 00 00 00  ................ [zeros]
00004FD0:  00 00 00 00 00 00 00 00 00 00 00 00 00 00 00 00  ................ [zeros]
00004FE0:  00 00 00 00 00 00 00 00 00 00 00 00 00 00 00 00  ................ [zeros]
00004FF0:  00 00 00 00 00 00 00 00 00 00 00 00 00 00 00 00  ................ [zeros]
00005000:  00 00 00 00 00 00 00 00 00 00 00 00 00 00 00 00  ................ [zeros]
00005010:  00 00 00 00 00 00 6B 1C EF 1F 2D E7 A1 1E 99 4A  ......k...-....J
00005020:  0B 74 07 74 33 4D 41 4C 2B 59 FF 1F ED 27 AC 59  .t.t3MAL+Y...'.Y
00005030:  B3 5D E7 44 4A CF 45 96 09 75 1E 5F 55 D4 03 C9  .].DJ.E..u._U...
00005040:  34 FA DC 01 C7 6C 43 CA DC 2F 17 9C D1 24 8D 47  4....lC../...$.G
00005050:  3E 50 F7 61 0F D5 E4 47 9E 8A 48 83 6C B1 8D 8A  >P.a...G..H.l...
00005060:  82 50 8A 1D 91 54 0D 8B 79 4D BF 0C 83 4D A0 B0  .P...T..yM...M..
00005070:  59 6B DC 70 F0 90 0F 52 1A 5E D8 FA 63 B0 B0 D9  Yk.p...R.^..c...
00005080:  AF 74 2A 7B F3 40 4B 14 FF 68 75 9D 69 86 EB E6  .t*{.@K..hu.i...
00005090:  D5 C8 4B D8 32 A1 C5 61 09 F2 64 AB 7D AB 9F DA  ..K.2..a..d.}...
000050A0:  FA 44 C0 A7 65 81 05 CC E4 25 5E B5 02 16 A1 5C  .D..e....%^....\
000050B0:  9E 0A EC 04 81 DD 00 00 00 00 00 00 00 00 00 00  ................
000050C0:  00 00 00 00 00 00 69 82 22 B0 37 E7 F7 BF 62 22  ......i.".7...b"
000050D0:  F3 7F FB BD 11 76 A5 0F 04 22 58 13 58 23 FB BD  .....v..."X.X#..
000050E0:  E2 F9 71 66 DA F6 13 0B 41 EA FB BD 0F 7B 7D FE  ..qf....A....{}.
000050F0:  D0 23 DB 0C C8 49 00 00 00 00 00 00 00 00 00 00  .#...I..........
00005100:  00 00 00 00 00 00 70 3E BF 48 BD 07 E8 1B D6 CC  ......p>.H......
00005110:  49 70 AF DE 00 32 12 45 D4 B8 66 1E 8D F2 4C E1  Ip...2.E..f...L.
00005120:  9F 9F 0F D2 98 BA 05 C9 E1 09 69 AB A2 62 D0 77  ..........i..b.w
00005130:  65 AB 1A 09 BF B7 78 46 F1 C7 CE 9F 94 E8 A8 83  e.....xF........
00005140:  BA C7 FB 85 F6 66 66 23 BF 99 4F E3 21 52 DE 3C  .....ff#..O.!R.<
00005150:  9D E5 CB F5 DB 61 F9 FA DB 75 74 6B A3 61 7E 56  .....a...utk.a~V
00005160:  30 A2 8F EF 26 88 B4 35 89 87 EC E0 C2 FD 6F FB  0...&..5......o.
00005170:  00 B5 68 24 83 83 13 0B 41 EA FB BD 0F 7B 7D FE  ..h$....A....{}.
00005180:  D0 23 DB 0C C8 49 00 00 00 00 00 00 00 00 00 00  .#...I..........
00005190:  00 00 00 00 00 00 00 00 00 00 00 00 00 00 00 00  ................ [zeros]
000051A0:  00 00 00 00 00 00 00 00 00 00 00 00 00 00 00 00  ................ [zeros]
000051B0:  00 00 00 00 00 00 00 00 00 00 00 00 00 00 00 00  ................ [zeros]
000051C0:  00 00 00 00 00 00 00 00 00 00 00 00 00 00 00 00  ................ [zeros]
000051D0:  00 00 00 00 00 00 00 00 00 00 00 00 00 00 00 00  ................ [zeros]
000051E0:  00 00 00 00 00 00 00 00 00 00 00 00 00 00 00 00  ................ [zeros]
000051F0:  00 00 00 00 00 00 00 00 00 00 00 00 00 00 00 00  ................ [zeros]
00005200:  00 00 00 00 00 00 00 00 00 00 00 00 00 00 00 00  ................ [zeros]
00005210:  00 00 00 00 00 00 00 00 00 00 00 00 00 00 00 00  ................ [zeros]
00005220:  00 00 00 00 00 00 00 00 00 00 00 00 00 00 00 00  ................ [zeros]
00005230:  00 00 00 00 00 00 00 00 00 00 00 00 00 00 00 00  ................ [zeros]
00005240:  00 00 00 00 00 00 00 00 00 00 00 00 00 00 00 00  ................ [zeros]
00005250:  00 00 00 00 00 00 58 6B FA 75 B9 B6 1A D1 81 A9  ......Xk.u......
00005260:  AA 6E 0A DE BA B5 64 0C EA F0 5E AA 5E 3F 68 BF  .n....d...^.^?h.
00005270:  D2 51 5D 4F 53 9D BB CD 54 86 90 29 9E 33 F5 08  .Q]OS...T..).3..
00005280:  37 4E B6 83 D3 19 D5 BF BA D6 E8 85 C3 73 D7 FE  7N...........s..
00005290:  48 94 B6 30 77 C2 64 0C EA F0 5E AA 5E 3F 68 BF  H..0w.d...^.^?h.
000052A0:  D2 51 5D 4F 53 9D BB CD 54 86 90 29 9E 33 F5 08  .Q]OS...T..).3..
000052B0:  37 4E B6 83 D3 19 D5 BF BA D6 E8 85 C3 73 D7 FE  7N...........s..
000052C0:  48 94 B6 30 77 C2 64 0C EA F0 5E AA 5E 3F 68 BF  H..0w.d...^.^?h.
000052D0:  D2 51 5D 4F 53 9D E1 A0 61 D5 A9 70 03 ED D0 88  .Q]OS...a..p....
000052E0:  91 BB 3B BE 48 65 3A B1 30 74 B2 5F 06 87 30 0E  ..;.He:.0t._..0.
000052F0:  03 4E 07 16 79 CC AC E9 6F 78 56 22 CA 10 C4 19  .N..y...oxV"....
00005300:  0C 0E A2 CA AD D6 B6 D6 30 51 27 80 0E 9F 33 93  ........0Q'...3.
00005310:  27 23 BF E5 DA 13 D6 A8 C3 B7 28 BE 06 4E 2C F2  '#........(..N,.
00005320:  DA 6F 60 57 3B 54 8A 7E 37 49 B0 98 8B 8A 35 AD  .o`W;T.~7I....5.
00005330:  75 EC EF 98 F9 4D F6 C7 DB 08 0E 96 BF A6 13 C4  u....M..........
00005340:  6C 2B 5C 15 36 6F B9 BE 34 4F 47 BB B7 F8 23 E1  l+\.6o..4OG...#.
00005350:  4A 5F 6E 1F 95 EE 2A 3E 63 62 BE 24 00 C7 8F 0A  J_n...*>cb.$....
00005360:  27 AA DC 62 9E AD B3 C7 68 28 7F C3 48 59 BF 3C  '..b....h(..HY.<
00005370:  B1 BB 4E CB 0A FC CF A4 8F 09 C6 FE 90 B7 39 A7  ..N...........9.
00005380:  C8 43 A8 1A AA 8E B2 DA 9F CD DF 05 02 30 84 A5  .C...........0..
00005390:  66 69 A5 B9 61 5F 75 F2 15 A1 D6 19 25 FE A1 F2  fi..a_u.....%...
000053A0:  0B 03 9F AE 2C D7 66 23 BF 99 4F E3 21 52 DE 3C  ....,.f#..O.!R.<
000053B0:  9D E5 CB F5 DB 61 00 00 00 00 00 00 00 00 00 00  .....a..........
000053C0:  00 00 00 00 00 00 12 45 D4 B8 66 1E 8D F2 4C E1  .......E..f...L.
000053D0:  9F 9F 0F D2 98 BA B4 35 89 87 EC E0 C2 FD 6F FB  .......5......o.
000053E0:  00 B5 68 24 83 83 00 00 00 00 00 00 00 00 00 00  ..h$............
000053F0:  00 00 00 00 00 00 78 46 F1 C7 CE 9F 94 E8 A8 83  ......xF........
00005400:  BA C7 FB 85 F6 66 00 00 00 00 00 00 00 00 00 00  .....f..........
00005410:  00 00 00 00 00 00 70 3E BF 48 BD 07 E8 1B D6 CC  ......p>.H......
00005420:  49 70 AF DE 00 32 F9 FA DB 75 74 6B A3 61 7E 56  Ip...2...utk.a~V
00005430:  30 A2 8F EF 26 88 00 00 00 00 00 00 00 00 00 00  0...&...........
00005440:  00 00 00 00 00 00 05 C9 E1 09 69 AB A2 62 D0 77  ..........i..b.w
00005450:  65 AB 1A 09 BF B7 13 0B 41 EA FB BD 0F 7B 7D FE  e.......A....{}.
00005460:  D0 23 DB 0C C8 49 00 00 00 00 00 00 00 00 00 00  .#...I..........
00005470:  00 00 00 00 00 00 66 23 BF 99 4F E3 21 52 DE 3C  ......f#..O.!R.<
00005480:  9D E5 CB F5 DB 61 00 00 00 00 00 00 00 00 00 00  .....a..........
00005490:  00 00 00 00 00 00 12 45 D4 B8 66 1E 8D F2 4C E1  .......E..f...L.
000054A0:  9F 9F 0F D2 98 BA B4 35 89 87 EC E0 C2 FD 6F FB  .......5......o.
000054B0:  00 B5 68 24 83 83 00 00 00 00 00 00 00 00 00 00  ..h$............
000054C0:  00 00 00 00 00 00 78 46 F1 C7 CE 9F 94 E8 A8 83  ......xF........
000054D0:  BA C7 FB 85 F6 66 00 00 00 00 00 00 00 00 00 00  .....f..........
000054E0:  00 00 00 00 00 00 00 00 00 00 00 00 00 00 00 00  ................ [zeros]
000054F0:  00 00 00 00 00 00 00 00 00 00 00 00 00 00 00 00  ................ [zeros]
00005500:  00 00 00 00 00 00 00 00 00 00 00 00 00 00 00 00  ................ [zeros]
00005510:  00 00 00 00 00 00 00 00 00 00 00 00 00 00 00 00  ................ [zeros]
00005520:  00 00 00 00 00 00 3B 15 B6 2D 03 91 E2 34 85 D2  ......;..-...4..
00005530:  69 94 97 E6 A4 18 72 1D 9A 4E E8 7A 6D 00 B9 24  i.....r..N.zm..$
00005540:  D0 1A 47 A7 0B A2 59 3B A4 BD B7 0D 22 0C DB 8A  ..G...Y;...."...
00005550:  5D 38 4A 00 FC 1B 63 14 22 9A AC 9C 24 7A EC AA  ]8J...c."...$z..
00005560:  78 47 7A F3 A1 13 00 00 00 00 00 00 00 00 00 00  xGz.............
00005570:  00 00 00 00 00 00 F6 49 2E 2E F6 26 69 F8 27 E5  .......I...&i.'.
00005580:  24 78 3C 27 44 83 FD D9 C2 F2 AE D1 39 21 F8 DB  $x<'D.......9!..
00005590:  0F 99 1F AC 3F C5 A2 7A FB DE 85 4E DD 12 6D 99  ....?..z...N..m.
000055A0:  AF 07 2E C8 A2 D8 E3 71 68 2D BA C4 8A AA 95 A8  .......qh-......
000055B0:  58 0D 65 BA E0 10 DC 40 A0 C8 08 3E C3 08 AC AD  X.e....@...>....
000055C0:  78 56 3D 19 AF 74 00 00 00 00 00 00 00 00 00 00  xV=..t..........
000055D0:  00 00 00 00 00 00 DD 22 F8 E2 58 AB AB 1F 77 C3  ......."..X...w.
000055E0:  10 91 B8 88 68 90 AD 53 FA 9A D7 1A 1F 6F 08 40  ....h..S.....o.@
000055F0:  10 42 72 C6 BF 76 2B 47 EB EE F1 75 25 B0 F9 4E  .Br..v+G...u%..N
00005600:  76 1A 94 79 4A 36 5B 8F 96 86 8B 71 9A DB 1B F5  v..yJ6[....q....
00005610:  94 07 B0 86 10 BA 59 9A 41 A1 41 12 2D 0C 51 A3  ......Y.A.A.-.Q.
00005620:  57 47 EB 4A 5A 61 C8 87 BE 46 44 B0 05 36 4B 9D  WG.JZa...FD..6K.
00005630:  DA 8B 2E 3A 6B 1D CB 85 9E 3F 5A 7B CF 1D 61 C8  ...:k....?Z{..a.
00005640:  78 5D 52 B8 C3 86 C4 21 49 33 7C 60 AC 57 E2 09  x]R....!I3|`.W..
00005650:  EE F6 9C 53 64 D1 9B 31 7E 8C 28 06 C9 E5 A8 FF  ...Sd..1~.(.....
00005660:  08 74 84 21 28 53 40 2C 23 AA 31 5A 5C 32 EC C6  .t.!(S@,#.1Z\2..
00005670:  EF 94 EA 07 25 66 00 00 00 00 00 00 00 00 00 00  ....%f..........
00005680:  00 00 00 00 00 00 00 00 00 00 00 00 00 00 00 00  ................ [zeros]
00005690:  00 00 00 00 00 00 00 00 00 00 00 00 00 00 00 00  ................ [zeros]
000056A0:  00 00 00 00 00 00 00 00 00 00 00 00 00 00 00 00  ................ [zeros]
000056B0:  00 00 00 00 00 00 00 00 00 00 00 00 00 00 00 00  ................ [zeros]
000056C0:  00 00 00 00 00 00 6F D6 BC 3F D2 08 52 E4 59 75  ......o..?..R.Yu
000056D0:  9B B5 4C F3 DE 79 83 C0 A8 E7 0B CC 89 41 B3 AC  ..L..y.......A..
000056E0:  86 82 D7 71 2A 33 18 BB 4A 8C AE 96 3B BE 97 13  ...q*3..J...;...
000056F0:  5B 9A 9C 3D 66 E5 04 E4 83 82 E2 7D A4 17 F0 D5  [..=f......}....
00005700:  63 25 B4 82 6C 5E 04 4B 74 0C 76 81 17 9D 82 94  c%..l^.Kt.v.....
00005710:  8D BB 62 9F C9 B1 C7 D8 DD 43 9B 8C F1 EE C2 C2  ..b......C......
00005720:  C5 4D 88 E8 EC 07 A3 B3 0F C5 BF AA 62 FD 5F 2F  .M..........b._/
00005730:  4B FE B9 39 94 2A 91 B9 DC 9F 20 37 C6 85 B0 1D  K..9.*.... 7....
00005740:  F7 1E 77 1E 2E 54 EE F0 E3 C9 02 18 68 67 17 66  ..w..T......hg.f
00005750:  2D 02 68 E9 1A B5 7B 0A D1 E3 6F 6B 4F 76 13 C9  -.h...{...okOv..
00005760:  5F E8 B0 8F 25 D7 74 C4 70 B5 13 73 6C 9D 2C 5C  _...%.t.p..sl.,\
00005770:  04 EA 74 0A 7F 1E E5 D7 3C 5B D5 61 57 D3 CF D1  ..t.....<[.aW...
00005780:  7C FC C7 2A BB A7 E1 C6 C4 08 8B 7F 9C EB 16 0A  |..*............
00005790:  46 A8 48 1B 06 92 62 A8 7D 4C 4D BE EA D2 21 98  F.H...b.}LM...!.
000057A0:  FE EC C5 01 39 C4 69 96 82 D9 3C F3 A4 9B A8 D2  ....9.i...<.....
000057B0:  06 75 43 3A AE 08 D1 E9 A5 9E 3A 03 F9 20 16 1B  .uC:......:.. ..
000057C0:  2B 5A 04 73 10 A0 44 EF 07 11 B0 44 24 B0 97 A0  +Z.s..D....D$...
000057D0:  81 84 9D 3C BF 84 CA 7C 3E 92 F6 1E AB F6 9C E3  ...<...|>.......
000057E0:  29 93 3E 7C 61 2E F0 C5 82 EE 92 D1 84 4B 68 43  ).>|a........KhC
000057F0:  87 AB D4 C0 FF 9D F0 AE A6 DD 1E 35 23 1E 4A C4  ...........5#.J.
00005800:  D0 29 80 BD 6F B3 9E 93 3D 9C AA 7E A0 72 69 45  .)..o...=..~.riE
00005810:  01 02 22 7B 08 6C CE 87 ED BB 0C 01 45 D9 67 55  .."{.l......E.gU
00005820:  B6 18 9B 94 56 1C 66 A5 A2 57 EC B8 E3 7C D7 00  ....V.f..W...|..
00005830:  C0 CF 95 55 B4 E1 2F 2E F0 63 F0 60 55 B0 94 4A  ...U../..c.`U..J
00005840:  E0 D6 CC DD 7B 13 55 7F 27 4C 75 5C 41 94 B7 96  ....{.U.'Lu\A...
00005850:  34 C5 7E 46 8C FA EB EB FA 4A FD F3 4D 34 64 0F  4.~F.....J..M4d.
00005860:  81 C9 C8 9A 72 F6 A7 7D 32 84 F8 AB 04 AF EC FD  ....r..}2.......
00005870:  42 77 10 1F 1D DA A8 E4 FB 95 62 CC FF 36 BB 09  Bw........b..6..
00005880:  AB 41 6F 5E 61 76 9D 07 96 F4 34 33 A0 2E 61 81  .Ao^av....43..a.
00005890:  39 DF D0 1C FD C9 EA D2 84 F4 B7 D2 BC 50 67 EE  9............Pg.
000058A0:  5E 36 F8 79 7C 5C 24 F4 96 89 5A E0 F5 2E 59 C2  ^6.y|\$...Z...Y.
000058B0:  97 B2 DE 9F 7C 51 8C 1C D9 11 C0 FE FD 14 2D 49  ....|Q........-I
000058C0:  EA 89 5E 0E 03 ED BB 0E 32 38 63 10 5A E6 D9 1F  ..^.....28c.Z...
000058D0:  57 2F 1E 63 24 83 E0 C6 A0 B9 3E 94 03 2F 06 86  W/.c$.....>../..
000058E0:  43 1C 2F 24 F1 4D 3E 5B 3E B8 23 C2 35 D5 C8 D6  C./$.M>[>.#.5...
000058F0:  86 32 AE E0 07 31 3F 21 46 A5 7B CD 97 86 4C 7E  .2...1?!F.{...L~
00005900:  66 71 5D 81 D8 A0 00 00 00 00 00 00 00 00 00 00  fq].............
00005910:  00 00 00 00 00 00 00 00 00 00 00 00 00 00 00 00  ................ [zeros]
00005920:  00 00 00 00 00 00 00 00 00 00 00 00 00 00 00 00  ................ [zeros]
00005930:  00 00 00 00 00 00 00 00 00 00 00 00 00 00 00 00  ................ [zeros]
00005940:  00 00 00 00 00 00 00 00 00 00 00 00 00 00 00 00  ................ [zeros]
00005950:  00 00 00 00 00 00 00 00 00 00 00 00 00 00 00 00  ................ [zeros]
00005960:  00 00 00 00 00 00 00 00 00 00 00 00 00 00 00 00  ................ [zeros]
00005970:  00 00 00 00 00 00 17 D1 56 9F C3 52 2A E4 F6 B8  ........V..R*...
00005980:  1B 2F 11 A8 12 AC 2C CF 8C C0 10 5C 14 56 37 B0  ./....,....\.V7.
00005990:  97 A7 01 0B E0 45 6E D6 B6 23 F5 27 8D A2 24 B8  .....En..#.'..$.
000059A0:  B6 21 23 9B 25 A2 BB AA D8 CF EA 95 EE 46 7A 58  .!#.%........FzX
000059B0:  E4 8E E6 72 11 7C 8A E1 45 93 DB 42 A0 F2 45 B6  ...r.|..E..B..E.
000059C0:  FA 2B A3 FA 42 9D 0D C0 8C 1C 88 8D 0E E2 84 2D  .+..B..........-
000059D0:  F8 87 2C 15 FD 91 87 86 2E FF 34 23 DC 4E B3 71  ..,.......4#.N.q
000059E0:  38 98 5C 30 33 22 59 C5 78 9D BF FE BB 7F 84 06  8.\03"Y.x.......
000059F0:  E2 46 4A EF 52 D7 93 48 52 2A 2D 30 C5 B2 92 D2  .FJ.R..HR*-0....
00005A00:  47 AF EA 25 FE 22 BF 4D 96 A2 48 AA 7F 50 F9 AB  G..%.".M..H..P..
00005A10:  F5 1F 2E C0 B2 5F 9B 31 2B EA BA 28 0C F3 92 A3  ....._.1+..(....
00005A20:  19 2E E7 C9 F9 E3 0C AB EC 2F AB B0 C4 B8 03 99  ........./......
00005A30:  A8 9F EC 56 46 23 6D 77 66 8B 73 2C DE E9 4B 66  ...VF#mwf.s,..Kf
00005A40:  53 1D E3 AB 68 8E AA 03 FF C3 AA 40 E3 C2 E7 15  S...h......@....
00005A50:  8C 1D 3E FB 28 E5 00 00 00 00 00 00 00 00 00 00  ..>.(...........
00005A60:  00 00 00 00 00 00 00 00 00 00 00 00 00 00 00 00  ................ [zeros]
00005A70:  00 00 00 00 00 00 00 00 00 00 00 00 00 00 00 00  ................ [zeros]
00005A80:  00 00 00 00 00 00 00 00 00 00 00 00 00 00 00 00  ................ [zeros]
00005A90:  00 00 00 00 00 00 00 00 00 00 00 00 00 00 00 00  ................ [zeros]
00005AA0:  00 00 00 00 00 00 00 00 00 00 00 00 00 00 00 00  ................ [zeros]
00005AB0:  00 00 00 00 00 00 00 00 00 00 00 00 00 00 00 00  ................ [zeros]
00005AC0:  00 00 00 00 00 00 00 00 00 00 00 00 00 00 00 00  ................ [zeros]
00005AD0:  00 00 00 00 00 00 00 00 00 00 00 00 00 00 00 00  ................ [zeros]
00005AE0:  00 00 00 00 00 00 00 00 00 00 00 00 00 00 00 00  ................ [zeros]
00005AF0:  00 00 00 00 00 00 00 00 00 00 00 00 00 00 00 00  ................ [zeros]
00005B00:  00 00 00 00 00 00 00 00 00 00 00 00 00 00 00 00  ................ [zeros]
00005B10:  00 00 00 00 00 00 00 00 00 00 00 00 00 00 00 00  ................ [zeros]
00005B20:  00 00 00 00 00 00 00 00 00 00 00 00 00 00 00 00  ................ [zeros]
00005B30:  00 00 00 00 00 00 2E CB 2B 27 90 EA D9 30 C9 C8  ........+'...0..
00005B40:  7B F4 7F 69 55 FA 00 00 00 00 00 00 00 00 00 00  {..iU...........
00005B50:  00 00 00 00 00 00 49 29 AF 6B E4 44 15 A2 52 56  ......I).k.D..RV
00005B60:  CE 66 B1 46 C6 7E F3 7E 90 A4 00 46 45 B9 03 B5  .f.F.~.~...FE...
00005B70:  3A 8B F6 09 3A E0 C1 B4 B5 88 84 9F 00 6C 00 3E  :...:........l.>
00005B80:  47 97 B2 25 F6 BC 4A A3 78 5B 08 52 84 88 35 B3  G..%..J.x[.R..5.
00005B90:  36 4D 1E DB CB FC 00 00 00 00 00 00 00 00 00 00  6M..............
00005BA0:  00 00 00 00 00 00 11 7B FB 00 F3 46 5D 43 A1 D8  .......{...F]C..
00005BB0:  A1 3D 87 13 69 66 3F 41 E4 ED 5C D4 6B 54 BB 85  .=..if?A..\.kT..
00005BC0:  97 6F 42 92 C3 70 85 38 6F 67 56 F5 F6 8E E4 73  .oB..p.8ogV....s
00005BD0:  A9 06 79 CD 2B 51 91 EF A2 8F CA D7 51 05 71 0C  ..y.+Q......Q.q.
00005BE0:  32 64 9F 1C 0D CF 47 2C 13 C8 85 63 80 B9 3C 70  2d....G,...c..<p
00005BF0:  24 9E F2 0D A7 E7 EA 5D 9C 47 B7 96 18 A5 45 B0  $......].G....E.
00005C00:  30 DF 2A 07 D4 59 9D E5 F9 99 79 0F 70 DA 15 A7  0.*..Y....y.p...
00005C10:  F2 50 CE 99 04 17 F1 70 C7 B6 E6 C6 C8 70 D1 23  .P.....p.....p.#
00005C20:  2D E0 7F 06 56 AC 03 C3 D5 D0 A1 10 3E F6 79 9D  -...V.......>.y.
00005C30:  1D 6B 1E 51 F2 0B FE 94 8C D6 77 C9 34 97 F5 32  .k.Q......w.4..2
00005C40:  77 2F B4 DA EF DC 13 FB 1A 0C F3 6F 7D 42 36 3C  w/.........o}B6<
00005C50:  CE 51 03 70 C7 F5 1B A8 FD CD 51 45 9F 2D B3 4A  .Q.p......QE.-.J
00005C60:  79 BC 0C 91 BE 1E D0 D4 78 0C 21 7B E0 64 AF DB  y.......x.!{.d..
00005C70:  0D F1 15 A4 43 82 85 03 46 31 E7 15 42 F5 59 BE  ....C...F1..B.Y.
00005C80:  B2 0B F4 17 C0 DE E1 5F 68 E1 58 0A 84 7B 7F AE  ......._h.X..{..
00005C90:  25 A6 C7 15 4E C7 EE 7C 86 E2 DF E3 C3 CE 8B CC  %...N..|........
00005CA0:  1B 67 C8 82 33 32 E0 40 5A 5A FA 48 F6 4F B4 E9  .g..32.@ZZ.H.O..
00005CB0:  BD 89 D0 41 22 9A 75 76 EE D8 C2 B5 8F C8 AD F7  ...A".uv........
00005CC0:  62 20 DC 0D C7 24 26 A8 F2 DD 8A DD D3 B6 A6 39  b ...$&........9
00005CD0:  CD F8 AC 37 42 8A 1D B6 23 68 A8 23 1E 8A FE A5  ...7B...#h.#....
00005CE0:  CE 6E 1E 18 4C 46 8F 24 BC FC 73 D7 90 D9 3D 77  .n..LF.$..s...=w
00005CF0:  CE 2E 62 94 43 25 BC 2E 2D EE C2 D9 00 CE 24 D8  ..b.C%..-.....$.
00005D00:  6D BC 38 66 C4 A2 40 8D C1 11 2B 04 54 90 54 3C  m.8f..@...+.T.T<
00005D10:  D5 49 22 19 B7 C5 81 76 2C D2 D9 81 52 04 79 0A  .I"....v,...R.y.
00005D20:  3E DE 61 83 71 BE 6E 10 E3 4B 79 5D C6 9B FF 3D  >.a.q.n..Ky]...=
00005D30:  CE 31 67 C3 53 50 17 BF 48 8F 32 FD CD D3 E8 45  .1g.SP..H.2....E
00005D40:  D7 1D 5A 67 FE 74 00 00 00 00 00 00 00 00 00 00  ..Zg.t..........
00005D50:  00 00 00 00 00 00 5D 74 35 91 35 C5 DD 98 0B B4  ......]t5.5.....
00005D60:  53 42 E6 EF 67 AB 1F CC 5B 2F 34 5F D4 8F 9A 4A  SB..g...[/4_...J
00005D70:  30 C1 0E 1D EA AB 00 00 00 00 00 00 00 00 00 00  0...............
00005D80:  00 00 00 00 00 00 00 00 00 00 00 00 00 00 00 00  ................ [zeros]
00005D90:  00 00 00 00 00 00 00 00 00 00 00 00 00 00 00 00  ................ [zeros]
00005DA0:  00 00 00 00 00 00 00 00 00 00 00 00 00 00 00 00  ................ [zeros]
00005DB0:  00 00 00 00 00 00 00 00 00 00 00 00 00 00 00 00  ................ [zeros]
00005DC0:  00 00 00 00 00 00 00 00 00 00 00 00 00 00 00 00  ................ [zeros]
00005DD0:  00 00 00 00 00 00 00 00 00 00 00 00 00 00 00 00  ................ [zeros]
00005DE0:  00 00 00 00 00 00 00 00 00 00 00 00 00 00 00 00  ................ [zeros]
00005DF0:  00 00 00 00 00 00 00 00 00 00 00 00 00 00 00 00  ................ [zeros]
00005E00:  00 00 00 00 00 00 00 00 00 00 00 00 00 00 00 00  ................ [zeros]
00005E10:  00 00 00 00 00 00 00 00 00 00 00 00 00 00 00 00  ................ [zeros]
00005E20:  00 00 00 00 00 00 00 00 00 00 00 00 00 00 00 00  ................ [zeros]
00005E30:  00 00 00 00 00 00 00 00 00 00 00 00 00 00 00 00  ................ [zeros]
00005E40:  00 00 00 00 00 00 94 11 3A 85 C9 02 B3 D2 7A 07  ........:.....z.
00005E50:  D6 3C 9F 7C 26 35 A5 DF E0 F6 C9 67 E7 15 0C F4  .<.|&5.....g....
00005E60:  0F 48 A1 5A 9E CD 00 00 00 00 00 00 00 00 00 00  .H.Z............
00005E70:  00 00 00 00 00 00 29 24 1E 34 14 A7 1E DE CE DC  ......)$.4......
00005E80:  29 76 9A 94 6C 46 66 BF 4F A8 28 13 0F A3 02 69  )v..lFf.O.(....i
00005E90:  46 4B 9F 5F 3E 16 7A 23 89 B2 B6 16 47 EA F6 AD  FK._>.z#....G...
00005EA0:  95 36 BB 02 A7 03 00 00 00 00 00 00 00 00 00 00  .6..............
00005EB0:  00 00 00 00 00 00 99 04 C1 E5 D3 67 3C 9C 24 67  ...........g<.$g
00005EC0:  9C EB FC B0 FE 2D 17 53 42 97 D7 75 BF BC 1F AD  .....-.SB..u....
00005ED0:  D5 3B 04 0A C1 10 A1 89 82 A6 2B 09 7A E6 5B 36  .;........+.z.[6
00005EE0:  01 2D CC 08 C3 02 45 B2 94 51 2D 6E 42 19 BE 31  .-....E..Q-nB..1
00005EF0:  52 5B E1 96 FE 9A D8 41 63 C8 D6 DC 0C 59 25 08  R[.....Ac....Y%.
00005F00:  28 D9 3A BC 8C A6 A0 17 C9 3C 06 C8 BE 79 42 50  (.:......<...yBP
00005F10:  74 A2 62 B0 7D 02 78 B9 CB D9 99 E2 99 52 49 D9  t.b.}.x......RI.
00005F20:  29 E6 46 67 7D 8A 36 77 08 D4 28 AD E2 59 3B 93  ).Fg}.6w..(..Y;.
00005F30:  0C BF DC 8B 7C DA 2A F9 51 EF E8 AC D0 75 31 FB  ....|.*.Q....u1.
00005F40:  E7 7F CA C4 E5 02 AF CB B9 31 72 20 70 E5 64 E1  .........1r p.d.
00005F50:  B3 6E AB 4F 5A 3E 5C BD 9F CF 54 16 F7 7F F5 A6  .n.OZ>\...T.....
00005F60:  E9 74 CB A0 C7 4A 13 8A FA 86 69 9D B7 37 F7 28  .t...J....i..7.(
00005F70:  DC 22 75 EA BC 24 2B E8 6E F7 31 65 73 13 C6 C7  ."u..$+.n.1es...
00005F80:  78 9E 63 E7 D6 4C 0B 7D 64 0A 71 1F D5 48 8A AA  x.c..L.}d.q..H..
00005F90:  82 AA 9F 1F F0 83 0A 57 1E E0 5B EC 53 73 D0 67  .......W..[.Ss.g
00005FA0:  DC 6D 62 A6 97 2C D9 A5 14 04 83 22 18 4E 5D 90  .mb..,.....".N].
00005FB0:  43 A5 28 26 29 1F 07 8B F5 BB 60 31 CA 4C 21 2D  C.(&).....`1.L!-
00005FC0:  3A BE 8F B0 8C 9F 35 E8 3C 98 9C 22 FD E3 70 F6  :.....5.<.."..p.
00005FD0:  B3 C5 51 0A BA 30 6E E9 F3 01 49 CA 6C 83 02 B8  ..Q..0n...I.l...
00005FE0:  F6 92 25 A0 31 37 1D 79 50 83 0E C9 A8 02 77 9C  ..%.17.yP.....w.
00005FF0:  C8 3A 09 EE 99 B6 F6 B3 8A 0B 3F 4A 8D CD 07 01  .:........?J....
00006000:  EF D0 ED FF 02 F6 3F 02 C1 C9 BC 95 B4 F9 07 9E  ......?.........
00006010:  67 6F DB E0 1C BD 9E 25 AB 9F 17 FC 09 4E 7F A6  go.....%.....N..
00006020:  5A 32 C4 D9 31 51 7F 76 BF 57 BC 15 89 9F C2 70  Z2..1Q.v.W.....p
00006030:  5D F4 CE 71 34 24 C2 9F AA 27 03 53 69 A3 F1 B1  ]..q4$...'.Si...
00006040:  DE 67 CE 09 C6 D0 1F E2 33 0D F8 5B 70 88 F7 E7  .g......3..[p...
00006050:  39 A1 2D B6 F3 75 00 00 00 00 00 00 00 00 00 00  9.-..u..........
00006060:  00 00 00 00 00 00 B4 E6 8D 82 D9 A3 86 3A 43 D5  .............:C.
00006070:  2F EB E5 0E B6 D4 00 00 00 00 00 00 00 00 00 00  /...............
00006080:  00 00 00 00 00 00 00 00 00 00 00 00 00 00 00 00  ................ [zeros]
00006090:  00 00 00 00 00 00 00 00 00 00 00 00 00 00 00 00  ................ [zeros]
000060A0:  00 00 00 00 00 00 00 00 00 00 00 00 00 00 00 00  ................ [zeros]
000060B0:  00 00 00 00 00 00 82 11 BC E0 C1 05 6D 01 D6 34  ............m..4
000060C0:  46 36 5D DF 20 E2 AA 07 E2 69 46 F3 22 45 68 E0  F6]. ....iF."Eh.
000060D0:  AB 38 3C FA 46 D2 B3 65 02 12 B2 CA D7 30 B5 6D  .8<.F..e.....0.m
000060E0:  74 31 0C F4 BA BD 2F 2A 4E 9D 15 ED F8 11 64 10  t1..../*N.....d.
000060F0:  CF 63 56 B6 0B A7 00 00 00 00 00 00 00 00 00 00  .cV.............
00006100:  00 00 00 00 00 00 00 00 00 00 00 00 00 00 00 00  ................ [zeros]
00006110:  00 00 00 00 00 00 00 00 00 00 00 00 00 00 00 00  ................ [zeros]
00006120:  00 00 00 00 00 00 00 00 00 00 00 00 00 00 00 00  ................ [zeros]
00006130:  00 00 00 00 00 00 00 00 00 00 00 00 00 00 00 00  ................ [zeros]
00006140:  00 00 00 00 00 00 00 00 00 00 00 00 00 00 00 00  ................ [zeros]
00006150:  00 00 00 00 00 00 00 00 00 00 00 00 00 00 00 00  ................ [zeros]
00006160:  00 00 00 00 00 00 00 00 00 00 00 00 00 00 00 00  ................ [zeros]
00006170:  00 00 00 00 00 00 00 00 00 00 00 00 00 00 00 00  ................ [zeros]
00006180:  00 00 00 00 00 00 00 00 00 00 00 00 00 00 00 00  ................ [zeros]
00006190:  00 00 00 00 00 00 00 00 00 00 00 00 00 00 00 00  ................ [zeros]
000061A0:  00 00 00 00 00 00 95 DA F1 81 6E E1 5B 02 AA 18  ..........n.[...
000061B0:  C1 3E 41 0C F9 3F B4 14 C4 3D 8D 7E 3B F8 73 36  .>A..?...=.~;.s6
000061C0:  C3 BA 50 FF 1E D9 40 BC 2F B2 16 8F 2F A3 FC 29  ..P...@./.../..)
000061D0:  53 42 D5 81 4C 8A B4 86 1C E1 AA 76 A0 B4 84 25  SB..L......v...%
000061E0:  A9 2E 3A CA 32 5E 10 23 04 96 0D F5 78 63 45 6C  ..:.2^.#....xcEl
000061F0:  45 FC 28 5A 6F FF 00 00 00 00 00 00 00 00 00 00  E.(Zo...........
00006200:  00 00 00 00 00 00 00 00 00 00 00 00 00 00 00 00  ................ [zeros]
00006210:  00 00 00 00 00 00 00 00 00 00 00 00 00 00 00 00  ................ [zeros]
00006220:  00 00 00 00 00 00 00 00 00 00 00 00 00 00 00 00  ................ [zeros]
00006230:  00 00 00 00 00 00 00 00 00 00 00 00 00 00 00 00  ................ [zeros]
00006240:  00 00 00 00 00 00 9F 9C 94 31 F3 50 4D 3E 7C 8C  .........1.PM>|.
00006250:  90 FA 1A AD 32 D4 EC 10 17 13 4B E0 5D CE DD F9  ....2.....K.]...
00006260:  C2 2B E5 B5 6E E4 00 00 00 00 00 00 00 00 00 00  .+..n...........
00006270:  00 00 00 00 00 00 00 00 00 00 00 00 00 00 00 00  ................ [zeros]
00006280:  00 00 00 00 00 00 00 00 00 00 00 00 00 00 00 00  ................ [zeros]
00006290:  00 00 00 00 00 00 00 00 00 00 00 00 00 00 00 00  ................ [zeros]
000062A0:  00 00 00 00 00 00 00 00 00 00 00 00 00 00 00 00  ................ [zeros]
000062B0:  00 00 00 00 00 00 00 00 00 00 00 00 00 00 00 00  ................ [zeros]
000062C0:  00 00 00 00 00 00 00 00 00 00 00 00 00 00 00 00  ................ [zeros]
000062D0:  00 00 00 00 00 00 00 00 00 00 00 00 00 00 00 00  ................ [zeros]
000062E0:  00 00 00 00 00 00 00 00 00 00 00 00 00 00 00 00  ................ [zeros]
000062F0:  00 00 00 00 00 00 00 00 00 00 00 00 00 00 00 00  ................ [zeros]
00006300:  00 00 00 00 00 00 00 00 00 00 00 00 00 00 00 00  ................ [zeros]
00006310:  00 00 00 00 00 00 07 6B 5C E1 9B 09 C5 47 E5 4B  .......k\....G.K
00006320:  3F 83 F7 16 68 32 E0 BB 2B DA E7 BC 9C BD C5 BC  ?...h2..+.......
00006330:  EE AD C8 D4 E5 B1 EB 32 5C 5C 57 1B 5A 64 4C 25  .......2\\W.ZdL%
00006340:  41 21 F9 18 94 D0 00 00 00 00 00 00 00 00 00 00  A!..............
00006350:  00 00 00 00 00 00 A5 DF E0 F6 C9 67 E7 15 0C F4  ...........g....
00006360:  0F 48 A1 5A 9E CD 00 00 00 00 00 00 00 00 00 00  .H.Z............
00006370:  00 00 00 00 00 00 00 00 00 00 00 00 00 00 00 00  ................ [zeros]
00006380:  00 00 00 00 00 00 00 00 00 00 00 00 00 00 00 00  ................ [zeros]
00006390:  00 00 00 00 00 00 00 00 00 00 00 00 00 00 00 00  ................ [zeros]
000063A0:  00 00 00 00 00 00 1C C0 51 7A AE EC 0B 73 FE 22  ........Qz...s."
000063B0:  DD 89 DE 18 DB 1E D5 93 56 8E 47 84 D3 56 45 C7  ........V.G..VE.
000063C0:  67 B0 5D AC E0 A1 00 00 00 00 00 00 00 00 00 00  g.].............
000063D0:  00 00 00 00 00 00 00 00 00 00 00 00 00 00 00 00  ................ [zeros]
000063E0:  00 00 00 00 00 00 00 00 00 00 00 00 00 00 00 00  ................ [zeros]
000063F0:  00 00 00 00 00 00 00 00 00 00 00 00 00 00 00 00  ................ [zeros]
00006400:  00 00 00 00 00 00 00 00 00 00 00 00 00 00 00 00  ................ [zeros]
00006410:  00 00 00 00 00 00 00 00 00 00 00 00 00 00 00 00  ................ [zeros]
00006420:  00 00 00 00 00 00 00 00 00 00 00 00 00 00 00 00  ................ [zeros]
00006430:  00 00 00 00 00 00 00 00 00 00 00 00 00 00 00 00  ................ [zeros]
00006440:  00 00 00 00 00 00 00 00 00 00 00 00 00 00 00 00  ................ [zeros]
00006450:  00 00 00 00 00 00 00 00 00 00 00 00 00 00 00 00  ................ [zeros]
00006460:  00 00 00 00 00 00 00 00 00 00 00 00 00 00 00 00  ................ [zeros]
00006470:  00 00 00 00 00 00 00 00 00 00 00 00 00 00 00 00  ................ [zeros]
00006480:  00 00 00 00 00 00 60 67 03 CD 4C D8 F6 D8 F7 42  ......`g..L....B
00006490:  2B 02 8D 42 33 56 E8 E7 BB 00 D0 F0 B1 71 29 32  +..B3V.......q)2
000064A0:  3F 9E 71 29 21 AA 62 6A 69 8A AB 82 4C CD 55 DB  ?.q)!.bji...L.U.
000064B0:  49 16 3D EF 1C 3E 17 A7 EC 26 B5 49 96 B8 B4 0C  I.=..>...&.I....
000064C0:  5A F0 EA AC C6 32 D1 F4 12 A0 51 20 8C 3F 2E 3D  Z....2....Q .?.=
000064D0:  CF AD 2C 6B 63 5C E2 2B CF BB 75 24 B5 0B 53 4D  ..,kc\.+..u$..SM
000064E0:  93 39 F3 CB 21 10 E9 B9 B7 FF 6D 5B 97 1A 87 FF  .9..!.....m[....
000064F0:  29 66 DD 3B 6E E1 84 AB 04 1B 08 DB F7 C5 5C CC  )f.;n.........\.
00006500:  AA 4A 60 83 14 31 C3 FC 8C 33 FD 60 E9 B6 00 2B  .J`..1...3.`...+
00006510:  1A 51 FC B9 48 4F 21 E6 AE E3 29 32 09 54 B4 66  .Q..HO!...)2.T.f
00006520:  35 3E A2 50 28 93 1E C9 BB 93 2A 11 5E B3 5A A6  5>.P(.....*.^.Z.
00006530:  24 F5 A4 55 55 38 40 BC 2F B2 16 8F 2F A3 FC 29  $..UU8@./.../..)
00006540:  53 42 D5 81 4C 8A 46 D9 98 11 2D 4B C5 8F 16 69  SB..L.F...-K...i
00006550:  FD 91 7F A2 C3 BC 6B A9 9C C3 8B 7B 5F 88 68 02  ......k....{_.h.
00006560:  F7 79 7F DA BA C0 43 4B FC 94 ED 5F 8F 9E E5 13  .y....CK..._....
00006570:  59 25 CC 9B 21 34 C0 FA 02 61 39 F4 87 C1 A8 C7  Y%..!4...a9.....
00006580:  93 A9 07 11 97 11 14 EE DA A2 0A 0E DF F1 C2 4D  ...............M
00006590:  FF 07 2C E6 77 5F 43 58 03 7E 8E 15 C7 5F 49 1B  ..,.w_CX.~..._I.
000065A0:  24 82 41 6E 98 C5 BD 21 25 FA 32 81 B4 A7 8D 99  $.An...!%.2.....
000065B0:  9F 77 6C 08 92 53 EB 5E DB BB 0E 80 D8 92 23 73  .wl..S.^......#s
000065C0:  83 D9 0F 10 A2 E7 58 B8 07 FA BB 87 8A 55 93 A0  ......X......U..
000065D0:  99 3D 7D 9A 87 EC EA 62 C5 FF 40 7C A2 53 9E 2B  .=}....b..@|.S.+
000065E0:  63 BF B9 DA 9F 2A 34 C4 61 19 74 27 B1 58 67 57  c....*4.a.t'.XgW
000065F0:  DA D3 88 3C 39 76 E2 58 7A 1B A9 44 94 58 03 BE  ...<9v.Xz..D.X..
00006600:  34 60 54 6B 06 C4 00 00 00 00 00 00 00 00 00 00  4`Tk............
00006610:  00 00 00 00 00 00 E2 20 5B 6D 64 89 6E AA AA D4  ....... [md.n...
00006620:  AA B9 A9 B7 19 54 74 F8 82 03 AD E8 C7 86 04 03  .....Tt.........
00006630:  1C 1B B8 F8 2F DE A8 C3 2C C8 C0 2D 6E E0 C9 7E  ..../...,..-n..~
00006640:  2D F5 B0 66 49 EF 00 00 00 00 00 00 00 00 00 00  -..fI...........
00006650:  00 00 00 00 00 00 62 E5 7F FC F2 7A FD 35 6D 8E  ......b....z.5m.
00006660:  0B 12 BE A2 D1 1D 00 00 00 00 00 00 00 00 00 00  ................
00006670:  00 00 00 00 00 00 9B 91 75 20 EB BC 56 F4 0E 3E  ........u ..V..>
00006680:  BD E0 CE A0 F8 3B 42 8E B4 2B C7 00 01 B8 89 59  .....;B..+.....Y
00006690:  FD 64 EF 22 AD DC 8F 16 E2 93 4E 5B 95 29 58 0E  .d."......N[.)X.
000066A0:  D5 37 65 28 20 AA 00 00 00 00 00 00 00 00 00 00  .7e( ...........
000066B0:  00 00 00 00 00 00 58 B8 07 FA BB 87 8A 55 93 A0  ......X......U..
000066C0:  99 3D 7D 9A 87 EC EA 62 C5 FF 40 7C A2 53 9E 2B  .=}....b..@|.S.+
000066D0:  63 BF B9 DA 9F 2A 34 C4 61 19 74 27 B1 58 67 57  c....*4.a.t'.XgW
000066E0:  DA D3 88 3C 39 76 1C C0 51 7A AE EC 0B 73 FE 22  ...<9v..Qz...s."
000066F0:  DD 89 DE 18 DB 1E 00 00 00 00 00 00 00 00 00 00  ................
00006700:  00 00 00 00 00 00 00 00 00 00 00 00 00 00 00 00  ................ [zeros]
00006710:  00 00 00 00 00 00 00 00 00 00 00 00 00 00 00 00  ................ [zeros]
00006720:  00 00 00 00 00 00 00 00 00 00 00 00 00 00 00 00  ................ [zeros]
00006730:  00 00 00 00 00 00 00 00 00 00 00 00 00 00 00 00  ................ [zeros]
00006740:  00 00 00 00 00 00 00 00 00 00 00 00 00 00 00 00  ................ [zeros]
00006750:  00 00 00 00 00 00 00 00 00 00 00 00 00 00 00 00  ................ [zeros]
00006760:  00 00 00 00 00 00 00 00 00 00 00 00 00 00 00 00  ................ [zeros]
00006770:  00 00 00 00 00 00 00 00 00 00 00 00 00 00 00 00  ................ [zeros]
00006780:  00 00 00 00 00 00 00 00 00 00 00 00 00 00 00 00  ................ [zeros]
00006790:  00 00 00 00 00 00 00 00 00 00 00 00 00 00 00 00  ................ [zeros]
000067A0:  00 00 00 00 00 00 00 00 00 00 00 00 00 00 00 00  ................ [zeros]
000067B0:  00 00 00 00 00 00 00 00 00 00 00 00 00 00 00 00  ................ [zeros]
000067C0:  00 00 00 00 00 00 00 00 00 00 00 00 00 00 00 00  ................ [zeros]
000067D0:  00 00 00 00 00 00 0E 4B 62 A8 BF F2 89 F7 40 AE  .......Kb.....@.
000067E0:  24 5B 46 BE 88 C1 FA AE 1C E7 EF 59 FA EB C2 85  $[F........Y....
000067F0:  36 F0 1D 71 82 6E 00 00 00 00 00 00 00 00 00 00  6..q.n..........
00006800:  00 00 00 00 00 00 69 B5 4E 9E 93 59 57 00 36 75  ......i.N..YW.6u
00006810:  6E C5 38 0C EC 09 00 00 00 00 00 00 00 00 00 00  n.8.............
00006820:  00 00 00 00 00 00 78 CC 7C 73 64 45 28 DF 55 67  ......x.|sdE(.Ug
00006830:  D4 75 6B 32 1F 11 F7 3C D7 5D 9B DE 3C E1 0A 91  .uk2...<.]..<...
00006840:  5C CD A1 9D 69 D5 99 9C 8F 0C FC 53 7B 56 AC DC  \...i......S{V..
00006850:  25 A9 37 09 24 76 F1 27 71 0F 07 40 4E 0F AF 33  %.7.$v.'q..@N..3
00006860:  E2 91 1E C3 19 C9 5A B4 5D 0B 60 A3 34 61 71 17  ......Z.].`.4aq.
00006870:  05 CF 98 E7 48 47 16 34 6A 47 4C 7A AB D7 68 4C  ....HG.4jGLz..hL
00006880:  9B FC 09 92 36 F1 CC DC 9E CF 3F 9E 9F AC 36 A8  ....6.....?...6.
00006890:  98 0D F5 0B 8D 6B 48 31 7A AF FD FA 2D 4B 04 A9  .....kH1z...-K..
000068A0:  DE FA 63 3F 8A BB 15 C6 73 A4 2B 96 9E C1 61 63  ..c?....s.+...ac
000068B0:  55 03 A3 9F 6C D1 2C 87 AE E0 4C 65 6A 9A E1 9F  U...l.,...Lej...
000068C0:  E4 30 25 1F 8B CE 86 BC F8 A3 9A 32 C6 D5 54 5D  .0%........2..T]
000068D0:  E0 53 C2 34 3B 02 73 0B 6A F7 19 29 E4 6A F6 C0  .S.4;.s.j..).j..
000068E0:  B3 5B 24 85 30 D0 D9 44 2B 47 B1 49 DC EF 58 38  .[$.0..D+G.I..X8
000068F0:  BF CB 92 A3 9B C9 36 6B 1E 3B 74 3D A3 7C 2D 75  ......6k.;t=.|-u
00006900:  5B 89 E9 5E C8 70 81 0B CB 1A 65 1F 86 B6 D4 A7  [..^.p....e.....
00006910:  FB 56 7A 7B E6 CA C0 8F 02 E0 79 F6 B2 43 09 EC  .Vz{......y..C..
00006920:  D9 B7 DD 31 5D D2 C1 E6 0F 5C 01 03 25 FF B6 3C  ...1]....\..%..<
00006930:  E6 C9 A5 7A 54 03 99 68 2B F2 C3 F2 25 3A 4C 71  ...zT..h+...%:Lq
00006940:  D3 8D 44 56 66 79 00 00 00 00 00 00 00 00 00 00  ..DVfy..........
00006950:  00 00 00 00 00 00 00 00 00 00 00 00 00 00 00 00  ................ [zeros]
00006960:  00 00 00 00 00 00 A8 C3 2C C8 C0 2D 6E E0 C9 7E  ........,..-n..~
00006970:  2D F5 B0 66 49 EF 00 00 00 00 00 00 00 00 00 00  -..fI...........
00006980:  00 00 00 00 00 00 00 00 00 00 00 00 00 00 00 00  ................ [zeros]
00006990:  00 00 00 00 00 00 00 00 00 00 00 00 00 00 00 00  ................ [zeros]
000069A0:  00 00 00 00 00 00 88 C2 92 72 FA 7A FB 49 B9 20  .........r.z.I. 
000069B0:  0F 46 1B 19 BE E4 00 00 00 00 00 00 00 00 00 00  .F..............
000069C0:  00 00 00 00 00 00 00 00 00 00 00 00 00 00 00 00  ................ [zeros]
000069D0:  00 00 00 00 00 00 E1 25 CA 2C CB F4 91 E9 26 05  .......%.,....&.
000069E0:  9E 40 B3 D7 05 B4 00 00 00 00 00 00 00 00 00 00  .@..............
000069F0:  00 00 00 00 00 00 00 00 00 00 00 00 00 00 00 00  ................ [zeros]
00006A00:  00 00 00 00 00 00 3D 45 8D CF A7 FA E2 92 A5 65  ......=E.......e
00006A10:  8C 0D F3 05 80 8D 00 00 00 00 00 00 00 00 00 00  ................
00006A20:  00 00 00 00 00 00 00 00 00 00 00 00 00 00 00 00  ................ [zeros]
00006A30:  00 00 00 00 00 00 00 00 00 00 00 00 00 00 00 00  ................ [zeros]
00006A40:  00 00 00 00 00 00 E7 A8 FA EE 6E 83 1E 54 CC 81  ..........n..T..
00006A50:  FF B9 E6 48 55 8A 00 00 00 00 00 00 00 00 00 00  ...HU...........
00006A60:  00 00 00 00 00 00 00 00 00 00 00 00 00 00 00 00  ................ [zeros]
00006A70:  00 00 00 00 00 00 E6 F8 1F C8 4A 69 74 76 76 9E  ..........Jitvv.
00006A80:  D2 C6 1B CD 50 29 00 00 00 00 00 00 00 00 00 00  ....P)..........
00006A90:  00 00 00 00 00 00 00 00 00 00 00 00 00 00 00 00  ................ [zeros]
00006AA0:  00 00 00 00 00 00 FD 10 CB 99 63 7F 6A EB 50 97  ..........c.j.P.
00006AB0:  6C 10 AC D5 8E C9 65 BB C4 35 B3 A5 A6 46 07 9D  l.....e..5...F..
00006AC0:  E8 68 45 67 A1 9F 64 75 FD DF DB ED 6F 43 77 65  .hEg..du....oCwe
00006AD0:  9F 66 2F F3 0E A9 01 CA 5D 05 57 5A 1A 47 99 AA  .f/.....].WZ.G..
00006AE0:  EC E4 A6 EC 56 5F 44 EF 07 11 B0 44 24 B0 97 A0  ....V_D....D$...
00006AF0:  81 84 9D 3C BF 84 CA 7C 3E 92 F6 1E AB F6 9C E3  ...<...|>.......
00006B00:  29 93 3E 7C 61 2E 45 08 B0 65 BC 18 A0 67 93 CE  ).>|a.E..e...g..
00006B10:  7A 7E 97 78 D2 D9 8D FD E0 9F F4 E4 7A 23 94 39  z~.x........z#.9
00006B20:  11 3E D7 8E 72 12 6D 87 A0 B6 CF E7 41 66 1F 33  .>..r.m.....Af.3
00006B30:  56 DA FB 87 4B A4 D9 46 E9 D9 46 F8 E9 7C 8D 69  V...K..F..F..|.i
00006B40:  6A FD 12 5D EE AD 73 C1 20 A5 37 E5 73 8D FF F1  j..]..s. .7.s...
00006B50:  D5 F6 C3 EA 6D 97 33 5C 9E 3D 37 47 C9 1B C9 E6  ....m.3\.=7G....
00006B60:  45 ED 40 76 D9 9B D0 80 E2 BC C6 1F 12 88 DD A0  E.@v............
00006B70:  A4 1A 0C BF 8A 30 CA 1E 60 15 66 15 D2 6B BE 75  .....0..`.f..k.u
00006B80:  67 C2 79 9E DC 8A F4 A4 25 AB 8C 4F C8 5E B6 DE  g.y.....%..O.^..
00006B90:  82 F4 8E 04 7C 09 4D 33 14 38 D4 63 DD 07 28 FF  ....|.M3.8.c..(.
00006BA0:  01 35 B2 15 12 A8 9B 1F 9F AB 10 65 22 B9 45 A7  .5.........e".E.
00006BB0:  71 F1 85 24 4F 8A AB E1 86 C5 F6 D2 81 61 8A 07  q..$O........a..
00006BC0:  23 18 BB 12 0A 62 AB E1 86 C5 F6 D2 81 61 8A 07  #....b.......a..
00006BD0:  23 18 BB 12 0A 62 AB E1 86 C5 F6 D2 81 61 8A 07  #....b.......a..
00006BE0:  23 18 BB 12 0A 62 63 06 B1 8E EF 26 BB 79 00 76  #....bc....&.y.v
00006BF0:  5D DF A6 D2 2E C8 03 C3 D5 D0 A1 10 3E F6 79 9D  ]...........>.y.
00006C00:  1D 6B 1E 51 F2 0B 03 C3 D5 D0 A1 10 3E F6 79 9D  .k.Q........>.y.
00006C10:  1D 6B 1E 51 F2 0B 03 C3 D5 D0 A1 10 3E F6 79 9D  .k.Q........>.y.
00006C20:  1D 6B 1E 51 F2 0B 45 5F D2 6A 53 13 BE CD 85 15  .k.Q..E_.jS.....
00006C30:  95 91 4E 12 73 25 0D 99 DD 9F 56 6A 93 C0 E5 75  ..N.s%....Vj...u
00006C40:  A9 BD 27 07 CD 42 B3 03 97 09 12 C5 10 6E AB DD  ..'..B.......n..
00006C50:  AE BC 10 72 55 C8 67 0B 9A 44 FF 18 29 A2 85 B7  ...rU.g..D..)...
00006C60:  FA 2F C4 1D 5A 10 25 5C 65 36 97 C0 DA 72 4C F6  ./..Z.%\e6...rL.
00006C70:  8A 90 72 43 BA 0E 41 46 5C D0 3E C0 A7 1E 32 05  ..rC..AF\.>...2.
00006C80:  03 72 33 C4 2F A8 9D DC 75 60 87 36 7A 6C E1 EE  .r3./...u`.6zl..
00006C90:  D6 70 32 12 DD 9D 9D DC 75 60 87 36 7A 6C E1 EE  .p2.....u`.6zl..
00006CA0:  D6 70 32 12 DD 9D 9D DC 75 60 87 36 7A 6C E1 EE  .p2.....u`.6zl..
00006CB0:  D6 70 32 12 DD 9D 00 D0 E8 47 59 EE BC F8 DF B6  .p2......GY.....
00006CC0:  D9 C6 9D 4E 55 0F 6B 31 BF 6F 15 FE 56 6A AD CC  ...NU.k1.o..Vj..
00006CD0:  B7 5C F7 5B 04 34 D5 8B 08 6A EE 9C 8B 98 9D E4  .\.[.4...j......
00006CE0:  A7 6E 8E 5A 8D 45 09 CC A8 91 00 95 44 3B 8A 4F  .n.Z.E......D;.O
00006CF0:  10 CD 3F E7 50 01 DC F3 5E 67 F9 BC 73 68 C9 CA  ..?.P...^g..sh..
00006D00:  D5 EA 7F 8E 55 0E E7 56 51 CE A6 50 E5 16 09 D0  ....U..VQ..P....
00006D10:  F2 5F 7B 83 F1 AE 0D D6 7B C6 DA 87 65 FF E1 B7  ._{.....{...e...
00006D20:  36 26 AD 4B 93 B3 30 09 7F 73 17 66 0C 8A 9F 80  6&.K..0..s.f....
00006D30:  48 4C 2D 75 3F AD 68 C8 A5 23 DF 27 57 13 E6 3A  HL-u?.h..#.'W..:
00006D40:  58 9E 29 B9 70 6D 22 08 68 A2 83 96 36 32 B0 05  X.).pm".h...62..
00006D50:  F4 FD 0E 0D 86 A0 6B 31 BF 6F 15 FE 56 6A AD CC  ......k1.o..Vj..
00006D60:  B7 5C F7 5B 04 34 D5 8B 08 6A EE 9C 8B 98 9D E4  .\.[.4...j......
00006D70:  A7 6E 8E 5A 8D 45 09 CC A8 91 00 95 44 3B 8A 4F  .n.Z.E......D;.O
00006D80:  10 CD 3F E7 50 01 DC F3 5E 67 F9 BC 73 68 C9 CA  ..?.P...^g..sh..
00006D90:  D5 EA 7F 8E 55 0E E7 56 51 CE A6 50 E5 16 09 D0  ....U..VQ..P....
00006DA0:  F2 5F 7B 83 F1 AE 0D D6 7B C6 DA 87 65 FF E1 B7  ._{.....{...e...
00006DB0:  36 26 AD 4B 93 B3 56 15 2F F2 AF F3 9F B0 A8 4F  6&.K..V./......O
00006DC0:  CF 07 E8 4D B5 7F 50 FA 1D 55 D6 19 3F E3 44 1D  ...M..P..U..?.D.
00006DD0:  16 F9 AD C0 E5 9A 50 6F 94 E0 8D E0 E1 2A C1 21  ......Po.....*.!
00006DE0:  AA 25 88 2D 3F C7 7E EF 71 0A 99 B7 E2 F4 FE 88  .%.-?.~.q.......
00006DF0:  0D 64 BF 91 1D 63 6B 1C EF 1F 2D E7 A1 1E 99 4A  .d...ck...-....J
00006E00:  0B 74 07 74 33 4D 00 00 00 00 00 00 00 00 00 00  .t.t3M..........
00006E10:  00 00 00 00 00 00 00 00 00 00 00 00 00 00 00 00  ................ [zeros]
00006E20:  00 00 00 00 00 00 00 00 00 00 00 00 00 00 00 00  ................ [zeros]
00006E30:  00 00 00 00 00 00 00 00 00 00 00 00 00 00 00 00  ................ [zeros]
00006E40:  00 00 00 00 00 00 48 92 91 7B F6 3F 51 24 4A 77  ......H..{.?Q$Jw
00006E50:  FD 23 CC A5 51 B1 65 AA 24 24 48 D2 D7 0F 90 93  .#..Q.e.$$H.....
00006E60:  74 97 A9 3D 23 E7 35 9E EE 5C D6 29 6E 0F 6B FD  t..=#.5..\.)n.k.
00006E70:  6B 5E 36 4A E7 57 91 36 09 BB 27 4A A3 89 17 65  k^6J.W.6..'J...e
00006E80:  8E 49 60 87 43 32 EE 5F 11 C1 92 9F BD 29 D0 49  .I`.C2._.....).I
00006E90:  B4 14 B0 06 EB 6C 00 00 00 00 00 00 00 00 00 00  .....l..........
00006EA0:  00 00 00 00 00 00 00 00 00 00 00 00 00 00 00 00  ................ [zeros]
00006EB0:  00 00 00 00 00 00 00 00 00 00 00 00 00 00 00 00  ................ [zeros]
00006EC0:  00 00 00 00 00 00 00 00 00 00 00 00 00 00 00 00  ................ [zeros]
00006ED0:  00 00 00 00 00 00 00 00 00 00 00 00 00 00 00 00  ................ [zeros]
00006EE0:  00 00 00 00 00 00 00 00 00 00 00 00 00 00 00 00  ................ [zeros]
00006EF0:  00 00 00 00 00 00 00 00 00 00 00 00 00 00 00 00  ................ [zeros]
00006F00:  00 00 00 00 00 00 00 00 00 00 00 00 00 00 00 00  ................ [zeros]
00006F10:  00 00 00 00 00 00 00 00 00 00 00 00 00 00 00 00  ................ [zeros]
00006F20:  00 00 00 00 00 00 00 00 00 00 00 00 00 00 00 00  ................ [zeros]
00006F30:  00 00 00 00 00 00 00 00 00 00 00 00 00 00 00 00  ................ [zeros]
00006F40:  00 00 00 00 00 00 06 4A BE D4 13 B7 DE AE E6 42  .......J.......B
00006F50:  4D 28 5A A5 1E AA 9E 28 E9 10 18 34 AE 7D C5 85  M(Z....(...4.}..
00006F60:  11 67 21 76 8A 23 B4 39 0C EB 4A B2 51 8C 99 17  .g!v.#.9..J.Q...
00006F70:  EA E1 5A 82 93 46 64 F0 77 5C D4 CA 4D 34 EE D0  ..Z..Fd.w\..M4..
00006F80:  D3 0E D1 37 4B C7 00 00 00 00 00 00 00 00 00 00  ...7K...........
00006F90:  00 00 00 00 00 00 00 00 00 00 00 00 00 00 00 00  ................ [zeros]
00006FA0:  00 00 00 00 00 00 00 00 00 00 00 00 00 00 00 00  ................ [zeros]
00006FB0:  00 00 00 00 00 00 00 00 00 00 00 00 00 00 00 00  ................ [zeros]
00006FC0:  00 00 00 00 00 00 00 00 00 00 00 00 00 00 00 00  ................ [zeros]
00006FD0:  00 00 00 00 00 00 5B A8 28 63 85 D5 99 7D 93 23  ......[.(c...}.#
00006FE0:  B9 3B 7E 1C CC AD BD FB 29 F3 30 4D D6 0F 0D 26  .;~.....).0M...&
00006FF0:  C9 49 41 85 98 AE 00 00 00 00 00 00 00 00 00 00  .IA.............
00007000:  00 00 00 00 00 00 00 00 00 00 00 00 00 00 00 00  ................ [zeros]
00007010:  00 00 00 00 00 00 00 00 00 00 00 00 00 00 00 00  ................ [zeros]
00007020:  00 00 00 00 00 00 00 00 00 00 00 00 00 00 00 00  ................ [zeros]
00007030:  00 00 00 00 00 00 00 00 00 00 00 00 00 00 00 00  ................ [zeros]
00007040:  00 00 00 00 00 00 00 00 00 00 00 00 00 00 00 00  ................ [zeros]
00007050:  00 00 00 00 00 00 00 00 00 00 00 00 00 00 00 00  ................ [zeros]
00007060:  00 00 00 00 00 00 00 00 00 00 00 00 00 00 00 00  ................ [zeros]
00007070:  00 00 00 00 00 00 00 00 00 00 00 00 00 00 00 00  ................ [zeros]
00007080:  00 00 00 00 00 00 00 00 00 00 00 00 00 00 00 00  ................ [zeros]
00007090:  00 00 00 00 00 00 00 00 00 00 00 00 00 00 00 00  ................ [zeros]
000070A0:  00 00 00 00 00 00 BF 44 20 9B C9 D4 49 13 D5 14  .......D ...I...
000070B0:  56 E9 CA 88 65 D7 98 2A B2 25 E5 DF 4A 1A 35 13  V...e..*.%..J.5.
000070C0:  E7 14 CA 87 F1 35 51 22 D5 0B C3 EE 66 66 F4 25  .....5Q"....ff.%
000070D0:  9B EE F3 D7 68 E5 9B 91 75 20 EB BC 56 F4 0E 3E  ....h...u ..V..>
000070E0:  BD E0 CE A0 F8 3B 5E AA 3D 01 EF 3B 24 BE D8 30  .....;^.=..;$..0
000070F0:  7C 58 79 6E 53 0C 00 00 00 00 00 00 00 00 00 00  |XynS...........
00007100:  00 00 00 00 00 00 00 00 00 00 00 00 00 00 00 00  ................ [zeros]
00007110:  00 00 00 00 00 00 00 00 00 00 00 00 00 00 00 00  ................ [zeros]
00007120:  00 00 00 00 00 00 00 00 00 00 00 00 00 00 00 00  ................ [zeros]
00007130:  00 00 00 00 00 00 00 00 00 00 00 00 00 00 00 00  ................ [zeros]
00007140:  00 00 00 00 00 00 0D 9E 33 09 F8 56 25 5E 1B CE  ........3..V%^..
00007150:  C8 3D 6E 45 15 6E 4C 4D 26 F3 51 4A E8 B3 96 CE  .=nE.nLM&.QJ....
00007160:  83 09 55 87 A4 0D 00 00 00 00 00 00 00 00 00 00  ..U.............
00007170:  00 00 00 00 00 00 00 00 00 00 00 00 00 00 00 00  ................ [zeros]
00007180:  00 00 00 00 00 00 00 00 00 00 00 00 00 00 00 00  ................ [zeros]
00007190:  00 00 00 00 00 00 00 00 00 00 00 00 00 00 00 00  ................ [zeros]
000071A0:  00 00 00 00 00 00 00 00 00 00 00 00 00 00 00 00  ................ [zeros]
000071B0:  00 00 00 00 00 00 00 00 00 00 00 00 00 00 00 00  ................ [zeros]
000071C0:  00 00 00 00 00 00 00 00 00 00 00 00 00 00 00 00  ................ [zeros]
000071D0:  00 00 00 00 00 00 00 00 00 00 00 00 00 00 00 00  ................ [zeros]
000071E0:  00 00 00 00 00 00 00 00 00 00 00 00 00 00 00 00  ................ [zeros]
000071F0:  00 00 00 00 00 00 00 00 00 00 00 00 00 00 00 00  ................ [zeros]
00007200:  00 00 00 00 00 00 00 00 00 00 00 00 00 00 00 00  ................ [zeros]
00007210:  00 00 00 00 00 00 22 E3 E2 51 66 D3 5C 29 F2 4E  ......"..Qf.\).N
00007220:  C6 1A B9 08 1D 3F C7 EC 42 6A EB C1 A4 CC 6C 80  .....?..Bj....l.
00007230:  A3 12 CF 7B 1C 95 EF 7A 0C CE 39 F9 E6 2A BE 21  ...{...z..9..*.!
00007240:  DE 61 61 DF B3 25 B9 46 64 96 68 0E 8D 39 7F 2C  .aa..%.Fd.h..9.,
00007250:  0A C6 0E 9C B3 43 B9 25 3B 69 27 2C 0A 06 18 11  .....C.%;i',....
00007260:  E8 CD 27 38 E3 1C 68 3A B9 61 5A 81 B7 08 C3 D2  ..'8..h:.aZ.....
00007270:  C3 DC 23 2B 49 0C A5 F5 6A 76 D8 AC 05 F4 7F 22  ..#+I...jv....."
00007280:  22 9D D3 2C E2 C1 54 2E EB 14 18 74 07 0F 45 65  "..,..T....t..Ee
00007290:  75 C1 39 40 6C 1F 6A 8B 36 14 8C BE 6D 4C CD 79  u.9@l.j.6...mL.y
000072A0:  82 9A E2 73 A0 0E 1B ED 5C 19 05 B4 18 22 EB 73  ...s....\....".s
000072B0:  5E 66 4C 35 61 36 14 EE DA A2 0A 0E DF F1 C2 4D  ^fL5a6.........M
000072C0:  FF 07 2C E6 77 5F C9 16 57 C9 38 75 9A 6B FE AA  ..,.w_..W.8u.k..
000072D0:  59 DA D7 C4 CE 8E F2 1E AE 2A 4D DE 6F E4 E4 84  Y........*M.o...
000072E0:  C2 0F 88 54 A3 A5 4B 03 92 F9 D5 DE D0 F8 80 60  ...T..K........`
000072F0:  8B DF D9 1F B6 3B 0E 36 41 C4 0F 37 1F 68 19 E3  .....;.6A..7.h..
00007300:  7D 32 B9 73 BB 7E 62 5A 83 70 A4 C2 52 93 4C DC  }2.s.~bZ.p..R.L.
00007310:  AF 5A 75 BF 3E 91 85 89 63 82 64 FD 7A 5B 84 80  .Zu.>...c.d.z[..
00007320:  CD 7D 28 65 37 D0 56 C1 57 FA 1C 71 45 FE 8A F3  .}(e7.V.W..qE...
00007330:  3E 58 E6 AA 73 DD D4 12 D9 F1 AF D9 D0 C8 FF 86  >X..s...........
00007340:  9B 95 AF 27 C4 31 A2 CC 59 CC 89 1C 50 89 54 15  ...'.1..Y...P.T.
00007350:  17 79 E9 93 6F F4 40 D9 2E C1 CE B7 23 25 9E D0  .y..o.@.....#%..
00007360:  CE 92 18 85 BD 95 8F 16 E2 93 4E 5B 95 29 58 0E  ..........N[.)X.
00007370:  D5 37 65 28 20 AA 00 00 00 00 00 00 00 00 00 00  .7e( ...........
00007380:  00 00 00 00 00 00 58 B8 07 FA BB 87 8A 55 93 A0  ......X......U..
00007390:  99 3D 7D 9A 87 EC EA 62 C5 FF 40 7C A2 53 9E 2B  .=}....b..@|.S.+
000073A0:  63 BF B9 DA 9F 2A 34 C4 61 19 74 27 B1 58 67 57  c....*4.a.t'.XgW
000073B0:  DA D3 88 3C 39 76 E2 58 7A 1B A9 44 94 58 03 BE  ...<9v.Xz..D.X..
000073C0:  34 60 54 6B 06 C4 00 00 00 00 00 00 00 00 00 00  4`Tk............
000073D0:  00 00 00 00 00 00 E2 20 5B 6D 64 89 6E AA AA D4  ....... [md.n...
000073E0:  AA B9 A9 B7 19 54 08 CA 98 2E 17 F7 49 51 B2 A5  .....T......IQ..
000073F0:  F3 59 81 1F 49 B2 B6 42 5F A1 7C 43 35 60 D7 F3  .Y..I..B_.|C5`..
00007400:  02 95 BA BC 66 FB E6 F8 1F C8 4A 69 74 76 76 9E  ....f.....Jitvv.
00007410:  D2 C6 1B CD 50 29 77 06 02 A1 F8 D9 C6 44 55 E9  ....P)w......DU.
00007420:  4B 92 3D 4D A0 53 00 00 00 00 00 00 00 00 00 00  K.=M.S..........
00007430:  00 00 00 00 00 00 9B 91 75 20 EB BC 56 F4 0E 3E  ........u ..V..>
00007440:  BD E0 CE A0 F8 3B 42 8E B4 2B C7 00 01 B8 89 59  .....;B..+.....Y
00007450:  FD 64 EF 22 AD DC 8F 16 E2 93 4E 5B 95 29 58 0E  .d."......N[.)X.
00007460:  D5 37 65 28 20 AA 00 00 00 00 00 00 00 00 00 00  .7e( ...........
00007470:  00 00 00 00 00 00 58 B8 07 FA BB 87 8A 55 93 A0  ......X......U..
00007480:  99 3D 7D 9A 87 EC 00 74 B2 E9 E6 CA 19 90 8A DF  .=}....t........
00007490:  98 95 D7 AF B8 55 00 00 00 00 00 00 00 00 00 00  .....U..........
000074A0:  00 00 00 00 00 00 00 00 00 00 00 00 00 00 00 00  ................ [zeros]
000074B0:  00 00 00 00 00 00 00 00 00 00 00 00 00 00 00 00  ................ [zeros]
000074C0:  00 00 00 00 00 00 00 00 00 00 00 00 00 00 00 00  ................ [zeros]
000074D0:  00 00 00 00 00 00 00 00 00 00 00 00 00 00 00 00  ................ [zeros]
000074E0:  00 00 00 00 00 00 00 00 00 00 00 00 00 00 00 00  ................ [zeros]
000074F0:  00 00 00 00 00 00 00 00 00 00 00 00 00 00 00 00  ................ [zeros]
00007500:  00 00 00 00 00 00 00 00 00 00 00 00 00 00 00 00  ................ [zeros]
00007510:  00 00 00 00 00 00 00 00 00 00 00 00 00 00 00 00  ................ [zeros]
00007520:  00 00 00 00 00 00 00 00 00 00 00 00 00 00 00 00  ................ [zeros]
00007530:  00 00 00 00 00 00 00 00 00 00 00 00 00 00 00 00  ................ [zeros]
00007540:  00 00 00 00 00 00 00 00 00 00 00 00 00 00 00 00  ................ [zeros]
00007550:  00 00 00 00 00 00 00 00 00 00 00 00 00 00 00 00  ................ [zeros]
00007560:  00 00 00 00 00 00 EC 90 D4 4F CC A9 A5 1F C1 D6  .........O......
00007570:  D9 5F 7B 0C B9 DC B3 A7 F3 F7 65 52 08 F0 96 DB  ._{.......eR....
00007580:  28 F7 FB B8 AE 52 00 00 00 00 00 00 00 00 00 00  (....R..........
00007590:  00 00 00 00 00 00 75 4B C5 B9 4C E2 8C 65 76 16  ......uK..L..ev.
000075A0:  F6 7A 28 4E CE 9A 00 00 00 00 00 00 00 00 00 00  .z(N............
000075B0:  00 00 00 00 00 00 C3 92 05 A1 3B 3D 33 50 C9 E8  ..........;=3P..
000075C0:  A9 0D 43 37 50 67 CA 3B 5F 4E FC 79 67 58 97 64  ..C7Pg.;_N.ygX.d
000075D0:  DC 33 06 4B EA A9 9C F0 DA 0F 54 BB 07 4F A2 E4  .3.K......T..O..
000075E0:  5B 35 54 62 27 5E 04 BA 53 DD 7C D9 14 E5 F9 C7  [5Tb'^..S.|.....
000075F0:  90 CC F6 C5 1B 88 80 04 4E 73 92 7B 5D FC 31 EC  ........Ns.{].1.
00007600:  80 3E AC D5 CB 52 23 71 0D 21 36 81 DF 43 B4 EB  .>...R#q.!6..C..
00007610:  09 BF 7A E6 9F 8B 46 AB 05 85 D5 54 BA E9 E4 75  ..z...F....T...u
00007620:  61 44 DC 76 40 9A 4F AC 98 AA 61 F0 98 36 D5 91  aD.v@.O...a..6..
00007630:  BC D8 A4 CC 47 9A 08 AF A1 89 11 D5 C2 14 1F AA  ....G...........
00007640:  4C 09 27 3F C8 66 1C E3 55 45 C9 74 B6 FF 71 DC  L.'?.f..UE.t..q.
00007650:  3B C5 E3 CE 08 BE D3 6E FE 59 95 31 FD 52 46 B5  ;......n.Y.1.RF.
00007660:  9D F4 04 B8 0F 69 E0 5A E6 A6 9B 64 E5 88 3F 8F  .....i.Z...d..?.
00007670:  06 DF 85 51 B4 26 8F 1C 6A CC 6E 44 F8 CE 2A 80  ...Q.&..j.nD..*.
00007680:  C0 B8 43 93 9A 9B 22 98 4A BD A1 BD AE B9 51 95  ..C...".J.....Q.
00007690:  2C F1 16 E4 61 AB 27 4A 6C ED B2 39 A5 78 19 9E  ,...a.'Jl..9.x..
000076A0:  66 71 A4 A4 E2 58 14 81 18 C0 9E 80 D2 46 69 7E  fq...X.......Fi~
000076B0:  68 0D 08 7F 86 B8 55 B2 87 D7 F3 8F B4 FA 01 BF  h.....U.........
000076C0:  D7 C5 AB 5B C9 25 C6 51 2D 75 C3 AE D1 F8 26 6B  ...[.%.Q-u....&k
000076D0:  9F E5 40 23 0D BD 00 00 00 00 00 00 00 00 00 00  ..@#............
000076E0:  00 00 00 00 00 00 00 00 00 00 00 00 00 00 00 00  ................ [zeros]
000076F0:  00 00 00 00 00 00 00 00 00 00 00 00 00 00 00 00  ................ [zeros]
00007700:  00 00 00 00 00 00 E2 20 5B 6D 64 89 6E AA AA D4  ....... [md.n...
00007710:  AA B9 A9 B7 19 54 00 00 00 00 00 00 00 00 00 00  .....T..........
00007720:  00 00 00 00 00 00 00 00 00 00 00 00 00 00 00 00  ................ [zeros]
00007730:  00 00 00 00 00 00 74 F8 82 03 AD E8 C7 86 04 03  ......t.........
00007740:  1C 1B B8 F8 2F DE 00 00 00 00 00 00 00 00 00 00  ..../...........
00007750:  00 00 00 00 00 00 00 00 00 00 00 00 00 00 00 00  ................ [zeros]
00007760:  00 00 00 00 00 00 A8 C3 2C C8 C0 2D 6E E0 C9 7E  ........,..-n..~
00007770:  2D F5 B0 66 49 EF 00 00 00 00 00 00 00 00 00 00  -..fI...........
00007780:  00 00 00 00 00 00 00 00 00 00 00 00 00 00 00 00  ................ [zeros]
00007790:  00 00 00 00 00 00 00 00 00 00 00 00 00 00 00 00  ................ [zeros]
000077A0:  00 00 00 00 00 00 88 C2 92 72 FA 7A FB 49 B9 20  .........r.z.I. 
000077B0:  0F 46 1B 19 BE E4 00 00 00 00 00 00 00 00 00 00  .F..............
000077C0:  00 00 00 00 00 00 00 00 00 00 00 00 00 00 00 00  ................ [zeros]
000077D0:  00 00 00 00 00 00 E1 25 CA 2C CB F4 91 E9 26 05  .......%.,....&.
000077E0:  9E 40 B3 D7 05 B4 00 00 00 00 00 00 00 00 00 00  .@..............
000077F0:  00 00 00 00 00 00 00 00 00 00 00 00 00 00 00 00  ................ [zeros]
00007800:  00 00 00 00 00 00 3D 45 8D CF A7 FA E2 92 A5 65  ......=E.......e
00007810:  8C 0D F3 05 80 8D 00 00 00 00 00 00 00 00 00 00  ................
00007820:  00 00 00 00 00 00 00 00 00 00 00 00 00 00 00 00  ................ [zeros]
00007830:  00 00 00 00 00 00 00 00 00 00 00 00 00 00 00 00  ................ [zeros]
00007840:  00 00 00 00 00 00 7C 5B A7 BC A8 04 59 60 1F 27  ......|[....Y`.'
00007850:  7A 99 E7 D9 AC 1F 5D 3B EA 68 0F AF 91 89 F3 69  z.....];.h.....i
00007860:  F1 44 B0 B6 5B 19 8F 32 F9 EC B1 DE 33 FD F1 AD  .D..[..2....3...
00007870:  BC 0D 0D 07 C8 22 3A F4 67 B3 0C 87 5F 85 D3 6D  .....":.g..._..m
00007880:  F0 29 35 61 E0 45 44 EF 07 11 B0 44 24 B0 97 A0  .)5a.ED....D$...
00007890:  81 84 9D 3C BF 84 15 32 0F 7D AE 8B 25 30 86 A8  ...<...2.}..%0..
000078A0:  13 D6 62 CC 47 00 EC E4 EA 11 8F 7C FB BF 20 F8  ..b.G......|.. .
000078B0:  11 59 81 5C C5 82 55 B2 87 D7 F3 8F B4 FA 01 BF  .Y.\..U.........
000078C0:  D7 C5 AB 5B C9 25 51 E1 95 7B 04 A0 7D 44 7E 52  ...[.%Q..{..}D~R
000078D0:  83 69 71 F4 26 D0 07 53 4A 07 40 D8 38 56 33 36  .iq.&..SJ.@.8V36
000078E0:  57 CE 16 1B F8 E0 78 CB A4 E7 18 7E 7E AD ED 7A  W.....x....~~..z
000078F0:  83 76 AE A1 DB 32 A8 A9 24 F6 71 13 B7 CA EE BD  .v...2..$.q.....
00007900:  6C 3F 3C 4A 21 AA 85 60 46 5F 40 26 FE B1 4D 1B  l?<J!..`F_@&..M.
00007910:  73 93 F5 20 0B FA CA 1E 60 15 66 15 D2 6B BE 75  s.. ....`.f..k.u
00007920:  67 C2 79 9E DC 8A F4 A4 25 AB 8C 4F C8 5E B6 DE  g.y.....%..O.^..
00007930:  82 F4 8E 04 7C 09 4D 33 14 38 D4 63 DD 07 28 FF  ....|.M3.8.c..(.
00007940:  01 35 B2 15 12 A8 34 2E A8 9C 52 29 EC 2E 0C 72  .5....4...R)...r
00007950:  87 C8 4E AC B0 57 20 2F 0F 7B B1 88 B0 34 E8 6F  ..N..W /.{...4.o
00007960:  C4 73 55 24 C3 92 20 2F 0F 7B B1 88 B0 34 E8 6F  .sU$.. /.{...4.o
00007970:  C4 73 55 24 C3 92 F5 36 0C EC 1C 38 66 D0 C7 E0  .sU$...6...8f...
00007980:  BD 66 F5 35 6E 10 12 E1 56 A7 DB A6 D1 EA A9 47  .f.5n...V......G
00007990:  F2 80 68 1D F5 F7 12 E1 56 A7 DB A6 D1 EA A9 47  ..h.....V......G
000079A0:  F2 80 68 1D F5 F7 12 E1 56 A7 DB A6 D1 EA A9 47  ..h.....V......G
000079B0:  F2 80 68 1D F5 F7 D0 EC 65 ED A0 00 04 61 18 ED  ..h.....e....a..
000079C0:  F0 06 B7 09 0B 35 B3 03 97 09 12 C5 10 6E AB DD  .....5.......n..
000079D0:  AE BC 10 72 55 C8 67 0B 9A 44 FF 18 29 A2 85 B7  ...rU.g..D..)...
000079E0:  FA 2F C4 1D 5A 10 FD F0 C5 5D 6E B8 2C 41 87 BC  ./..Z....]n.,A..
000079F0:  A0 92 82 B7 2A 53 45 AA 24 86 E7 99 CD 5F 77 D0  ....*SE.$...._w.
00007A00:  39 D5 E7 0E 32 FC A6 98 60 0D D8 41 06 C6 62 B1  9...2...`..A..b.
00007A10:  C0 0F C7 D8 F1 DC D7 49 00 84 27 A7 96 CE 8A 12  .......I..'.....
00007A20:  62 25 D7 03 ED 16 F1 22 31 17 8E 0A BC 45 27 36  b%....."1....E'6
00007A30:  A7 AC FD 8D E6 D6 F1 22 31 17 8E 0A BC 45 27 36  ......."1....E'6
00007A40:  A7 AC FD 8D E6 D6 9D 3B 9B 1B D4 53 61 EE 8A 06  .......;...Sa...
00007A50:  7C 32 20 2E 17 EF 62 66 7F DA B7 2B 90 2F 1C 81  |2 ...bf...+./..
00007A60:  5A 3D 73 17 DC B8 08 D9 EE 2A 0D 9C 4D FD EA 04  Z=s......*..M...
00007A70:  4E 8C 01 37 20 32 98 68 CC 39 D5 27 39 D8 BF 94  N..7 2.h.9.'9...
00007A80:  EE 5B DE DD 9A 79 6F 25 33 9B 50 FC 2C D6 7D 75  .[...yo%3.P.,.}u
00007A90:  BB 14 48 AE C7 90 70 72 21 59 94 68 41 C7 4A 5D  ..H...pr!Y.hA.J]
00007AA0:  76 50 CD 1A EA EE 74 BE E8 32 1B 6C 67 AF D8 9D  vP....t..2.lg...
00007AB0:  23 20 CE 1E 22 10 2A 7B 6E E0 56 04 B7 EE 47 CD  # ..".*{n.V...G.
00007AC0:  52 C6 E2 F3 1F 48 18 B5 10 89 9E 96 B5 5F 44 E7  R....H......._D.
00007AD0:  F6 72 15 41 D9 38 49 12 84 F6 56 7C 6C 65 14 F3  .r.A.8I...V|le..
00007AE0:  65 A8 BE 34 D1 E5 62 66 7F DA B7 2B 90 2F 1C 81  e..4..bf...+./..
00007AF0:  5A 3D 73 17 DC B8 08 D9 EE 2A 0D 9C 4D FD EA 04  Z=s......*..M...
00007B00:  4E 8C 01 37 20 32 98 68 CC 39 D5 27 39 D8 BF 94  N..7 2.h.9.'9...
00007B10:  EE 5B DE DD 9A 79 6F 25 33 9B 50 FC 2C D6 7D 75  .[...yo%3.P.,.}u
00007B20:  BB 14 48 AE C7 90 70 72 21 59 94 68 41 C7 4A 5D  ..H...pr!Y.hA.J]
00007B30:  76 50 CD 1A EA EE 74 BE E8 32 1B 6C 67 AF D8 9D  vP....t..2.lg...
00007B40:  23 20 CE 1E 22 10 BC 52 9A 7A 36 B3 DD 62 75 C3  # .."..R.z6..bu.
00007B50:  45 F4 0F 43 28 2A B4 E6 8D 82 D9 A3 86 3A 43 D5  E..C(*.......:C.
00007B60:  2F EB E5 0E B6 D4 16 F9 54 66 F7 83 AD D4 91 70  /.......Tf.....p
00007B70:  A6 D5 C1 4C C2 25 9A C1 A4 2A 89 22 6C 9B 70 09  ...L.%...*."l.p.
00007B80:  21 39 FA F2 F5 67 1C 87 46 F7 04 4F 79 23 6F E4  !9...g..F..Oy#o.
00007B90:  77 67 9E FB 22 11 A9 BF 78 9D 08 FC 51 A7 9F 97  wg.."...x...Q...
00007BA0:  99 A8 75 C2 E0 70 66 D7 35 8C 65 57 F8 4C 09 E3  ..u..pf.5.eW.L..
00007BB0:  E6 7A 91 04 55 94 C7 CF 53 17 06 C2 B9 95 E3 A4  .z..U...S.......
00007BC0:  3A 2C A4 57 51 DD 9B EA B9 73 92 81 35 53 EE EF  :,.WQ....s..5S..
00007BD0:  80 4D FF 66 79 1C 9B EA B9 73 92 81 35 53 EE EF  .M.fy....s..5S..
00007BE0:  80 4D FF 66 79 1C 9B EA B9 73 92 81 35 53 EE EF  .M.fy....s..5S..
00007BF0:  80 4D FF 66 79 1C 9B EA B9 73 92 81 35 53 EE EF  .M.fy....s..5S..
00007C00:  80 4D FF 66 79 1C 9B EA B9 73 92 81 35 53 EE EF  .M.fy....s..5S..
00007C10:  80 4D FF 66 79 1C 3C 41 0A 9D F8 6F A6 39 2A F2  .M.fy.<A...o.9*.
00007C20:  F8 A1 9F FF DC 45 5A B4 5D 0B 60 A3 34 61 71 17  .....EZ.].`.4aq.
00007C30:  05 CF 98 E7 48 47 5A B4 5D 0B 60 A3 34 61 71 17  ....HGZ.].`.4aq.
00007C40:  05 CF 98 E7 48 47 5A B4 5D 0B 60 A3 34 61 71 17  ....HGZ.].`.4aq.
00007C50:  05 CF 98 E7 48 47 5A B4 5D 0B 60 A3 34 61 71 17  ....HGZ.].`.4aq.
00007C60:  05 CF 98 E7 48 47 0B F9 A3 0B 91 D7 78 81 4A D8  ....HG......x.J.
00007C70:  81 6B AF 11 03 6E 00 00 00 00 00 00 00 00 00 00  .k...n..........
00007C80:  00 00 00 00 00 00 00 00 00 00 00 00 00 00 00 00  ................ [zeros]
00007C90:  00 00 00 00 00 00 00 00 00 00 00 00 00 00 00 00  ................ [zeros]
00007CA0:  00 00 00 00 00 00 00 00 00 00 00 00 00 00 00 00  ................ [zeros]
00007CB0:  00 00 00 00 00 00 00 00 00 00 00 00 00 00 00 00  ................ [zeros]
00007CC0:  00 00 00 00 00 00 00 00 00 00 00 00 00 00 00 00  ................ [zeros]
00007CD0:  00 00 00 00 00 00 00 00 00 00 00 00 00 00 00 00  ................ [zeros]
00007CE0:  00 00 00 00 00 00 00 00 00 00 00 00 00 00 00 00  ................ [zeros]
00007CF0:  00 00 00 00 00 00 00 00 00 00 00 00 00 00 00 00  ................ [zeros]
00007D00:  00 00 00 00 00 00 00 00 00 00 00 00 00 00 00 00  ................ [zeros]
00007D10:  00 00 00 00 00 00 00 00 00 00 00 00 00 00 00 00  ................ [zeros]
00007D20:  00 00 00 00 00 00 00 00 00 00 00 00 00 00 00 00  ................ [zeros]
00007D30:  00 00 00 00 00 00 00 00 00 00 00 00 00 00 00 00  ................ [zeros]
00007D40:  00 00 00 00 00 00 00 00 00 00 00 00 00 00 00 00  ................ [zeros]
00007D50:  00 00 00 00 00 00 00 00 00 00 00 00 00 00 00 00  ................ [zeros]
00007D60:  00 00 00 00 00 00 00 00 00 00 00 00 00 00 00 00  ................ [zeros]
00007D70:  00 00 00 00 00 00 00 00 00 00 00 00 00 00 00 00  ................ [zeros]
00007D80:  00 00 00 00 00 00 00 00 00 00 00 00 00 00 00 00  ................ [zeros]
00007D90:  00 00 00 00 00 00 00 00 00 00 00 00 00 00 00 00  ................ [zeros]
00007DA0:  00 00 00 00 00 00 00 00 00 00 00 00 00 00 00 00  ................ [zeros]
00007DB0:  00 00 00 00 00 00 00 00 00 00 00 00 00 00 00 00  ................ [zeros]
00007DC0:  00 00 00 00 00 00 00 00 00 00 00 00 00 00 00 00  ................ [zeros]
00007DD0:  00 00 00 00 00 00 00 00 00 00 00 00 00 00 00 00  ................ [zeros]
00007DE0:  00 00 00 00 00 00 00 00 00 00 00 00 00 00 00 00  ................ [zeros]
00007DF0:  00 00 00 00 00 00 00 00 00 00 00 00 00 00 00 00  ................ [zeros]
00007E00:  00 00 00 00 00 00 00 00 00 00 00 00 00 00 00 00  ................ [zeros]
00007E10:  00 00 00 00 00 00 00 00 00 00 00 00 00 00 00 00  ................ [zeros]
00007E20:  00 00 00 00 00 00 00 00 00 00 00 00 00 00 00 00  ................ [zeros]
00007E30:  00 00 00 00 00 00 00 00 00 00 00 00 00 00 00 00  ................ [zeros]
00007E40:  00 00 00 00 00 00 00 00 00 00 00 00 00 00 00 00  ................ [zeros]
00007E50:  00 00 00 00 00 00 00 00 00 00 00 00 00 00 00 00  ................ [zeros]
00007E60:  00 00 00 00 00 00 00 00 00 00 00 00 00 00 00 00  ................ [zeros]
00007E70:  00 00 00 00 00 00 00 00 00 00 00 00 00 00 00 00  ................ [zeros]
00007E80:  00 00 00 00 00 00 00 00 00 00 00 00 00 00 00 00  ................ [zeros]
00007E90:  00 00 00 00 00 00 00 00 00 00 00 00 00 00 00 00  ................ [zeros]
00007EA0:  00 00 00 00 00 00 00 00 00 00 00 00 00 00 00 00  ................ [zeros]
00007EB0:  00 00 00 00 00 00 00 00 00 00 00 00 00 00 00 00  ................ [zeros]
00007EC0:  00 00 00 00 00 00 00 00 00 00 00 00 00 00 00 00  ................ [zeros]
00007ED0:  00 00 00 00 00 00 00 00 00 00 00 00 00 00 00 00  ................ [zeros]
00007EE0:  00 00 00 00 00 00 00 00 00 00 00 00 00 00 00 00  ................ [zeros]
00007EF0:  00 00 00 00 00 00 00 00 00 00 00 00 00 00 00 00  ................ [zeros]
00007F00:  00 00 00 00 00 00 00 00 00 00 00 00 00 00 00 00  ................ [zeros]
00007F10:  00 00 00 00 00 00 00 00 00 00 00 00 00 00 00 00  ................ [zeros]
00007F20:  00 00 00 00 00 00 00 00 00 00 00 00 00 00 00 00  ................ [zeros]
00007F30:  00 00 00 00 00 00 00 00 00 00 00 00 00 00 00 00  ................ [zeros]
00007F40:  00 00 00 00 00 00 00 00 00 00 00 00 00 00 00 00  ................ [zeros]
00007F50:  00 00 00 00 00 00 00 00 00 00 00 00 00 00 00 00  ................ [zeros]
00007F60:  00 00 00 00 00 00 00 00 00 00 00 00 00 00 00 00  ................ [zeros]
00007F70:  00 00 00 00 00 00 00 00 00 00 00 00 00 00 00 00  ................ [zeros]
00007F80:  00 00 00 00 00 00 00 00 00 00 00 00 00 00 00 00  ................ [zeros]
00007F90:  00 00 00 00 00 00 00 00 00 00 00 00 00 00 00 00  ................ [zeros]
00007FA0:  00 00 00 00 00 00 00 00 00 00 00 00 00 00 00 00  ................ [zeros]
00007FB0:  00 00 00 00 00 00 A1 87 7A AD 84 2D A2 65 4F D0  ........z..-.eO.
00007FC0:  51 CF 66 1A 68 A0 A1 87 7A AD 84 2D A2 65 4F D0  Q.f.h...z..-.eO.
00007FD0:  51 CF 66 1A 68 A0 A1 87 7A AD 84 2D A2 65 4F D0  Q.f.h...z..-.eO.
00007FE0:  51 CF 66 1A 68 A0 A1 87 7A AD 84 2D A2 65 4F D0  Q.f.h...z..-.eO.
00007FF0:  51 CF 66 1A 68 A0 A1 87 7A AD 84 2D A2 65 4F D0  Q.f.h...z..-.eO.
00008000:  51 CF 66 1A 68 A0 5F D7 39 5B 3B 1A 70 65 B7 03  Q.f.h._.9[;.pe..
00008010:  99 01 C9 A7 51 B0 6D 6D 3A BD 38 29 E6 5B D4 F3  ....Q.mm:.8).[..
00008020:  D5 A1 A4 41 C8 3B 6D 6D 3A BD 38 29 E6 5B D4 F3  ...A.;mm:.8).[..
00008030:  D5 A1 A4 41 C8 3B 6D 6D 3A BD 38 29 E6 5B D4 F3  ...A.;mm:.8).[..
00008040:  D5 A1 A4 41 C8 3B 6D 6D 3A BD 38 29 E6 5B D4 F3  ...A.;mm:.8).[..
00008050:  D5 A1 A4 41 C8 3B C8 CB 99 98 2A A4 DC AD        ...A.;....*...

; --- structure summary (block types) ---
; 0x00000060..+0xD0  data   (208 bytes)
; 0x00000130..+0x40  zeros  (64 bytes)
; 0x00000170..+0x220  data   (544 bytes)
; 0x00000390..+0x170  zeros  (368 bytes)
; 0x00000500..+0x580  data   (1408 bytes)
; 0x00000A80..+0x3E0  zeros  (992 bytes)
; 0x00000E60..+0x20  data   (32 bytes)
; 0x00000E80..+0x3E0  zeros  (992 bytes)
; 0x00001260..+0x20  data   (32 bytes)
; 0x00001280..+0x3E0  zeros  (992 bytes)
; 0x00001660..+0x20  data   (32 bytes)
; 0x00001680..+0x3E0  zeros  (992 bytes)
; 0x00001A60..+0x23C0  data   (9152 bytes)
; 0x00003E20..+0x10  zeros  (16 bytes)
; 0x00003E30..+0x30  data   (48 bytes)
; 0x00003E60..+0x80  zeros  (128 bytes)
; 0x00003EE0..+0x50  data   (80 bytes)
; 0x00003F30..+0x10  zeros  (16 bytes)
; 0x00003F40..+0xB0  data   (176 bytes)
; 0x00003FF0..+0xB0  zeros  (176 bytes)
; 0x000040A0..+0x30  data   (48 bytes)
; 0x000040D0..+0x100  zeros  (256 bytes)
; 0x000041D0..+0x30  data   (48 bytes)
; 0x00004200..+0x170  zeros  (368 bytes)
; 0x00004370..+0xF0  data   (240 bytes)
; 0x00004460..+0x5E0  zeros  (1504 bytes)
; 0x00004A40..+0x140  data   (320 bytes)
; 0x00004B80..+0xF0  zeros  (240 bytes)
; 0x00004C70..+0x220  data   (544 bytes)
; 0x00004E90..+0x30  zeros  (48 bytes)
; 0x00004EC0..+0xA0  data   (160 bytes)
; 0x00004F60..+0xB0  zeros  (176 bytes)
; 0x00005010..+0x180  data   (384 bytes)
; 0x00005190..+0xC0  zeros  (192 bytes)
; 0x00005250..+0x290  data   (656 bytes)
; 0x000054E0..+0x40  zeros  (64 bytes)
; 0x00005520..+0x160  data   (352 bytes)
; 0x00005680..+0x40  zeros  (64 bytes)
; 0x000056C0..+0x250  data   (592 bytes)
; 0x00005910..+0x60  zeros  (96 bytes)
; 0x00005970..+0xF0  data   (240 bytes)
; 0x00005A60..+0xD0  zeros  (208 bytes)
; 0x00005B30..+0x250  data   (592 bytes)
; 0x00005D80..+0xC0  zeros  (192 bytes)
; 0x00005E40..+0x240  data   (576 bytes)
; 0x00006080..+0x30  zeros  (48 bytes)
; 0x000060B0..+0x50  data   (80 bytes)
; 0x00006100..+0xA0  zeros  (160 bytes)
; 0x000061A0..+0x60  data   (96 bytes)
; 0x00006200..+0x40  zeros  (64 bytes)
; 0x00006240..+0x30  data   (48 bytes)
; 0x00006270..+0xA0  zeros  (160 bytes)
; 0x00006310..+0x60  data   (96 bytes)
; 0x00006370..+0x30  zeros  (48 bytes)
; 0x000063A0..+0x30  data   (48 bytes)
; 0x000063D0..+0xB0  zeros  (176 bytes)
; 0x00006480..+0x280  data   (640 bytes)
; 0x00006700..+0xD0  zeros  (208 bytes)
; 0x000067D0..+0x180  data   (384 bytes)
; 0x00006950..+0x10  zeros  (16 bytes)
; 0x00006960..+0x20  data   (32 bytes)
; 0x00006980..+0x20  zeros  (32 bytes)
; 0x000069A0..+0x20  data   (32 bytes)
; 0x000069C0..+0x10  zeros  (16 bytes)
; 0x000069D0..+0x20  data   (32 bytes)
; 0x000069F0..+0x10  zeros  (16 bytes)
; 0x00006A00..+0x20  data   (32 bytes)
; 0x00006A20..+0x20  zeros  (32 bytes)
; 0x00006A40..+0x20  data   (32 bytes)
; 0x00006A60..+0x10  zeros  (16 bytes)
; 0x00006A70..+0x20  data   (32 bytes)
; 0x00006A90..+0x10  zeros  (16 bytes)
; 0x00006AA0..+0x370  data   (880 bytes)
; 0x00006E10..+0x30  zeros  (48 bytes)
; 0x00006E40..+0x60  data   (96 bytes)
; 0x00006EA0..+0xA0  zeros  (160 bytes)
; 0x00006F40..+0x50  data   (80 bytes)
; 0x00006F90..+0x40  zeros  (64 bytes)
; 0x00006FD0..+0x30  data   (48 bytes)
; 0x00007000..+0xA0  zeros  (160 bytes)
; 0x000070A0..+0x60  data   (96 bytes)
; 0x00007100..+0x40  zeros  (64 bytes)
; 0x00007140..+0x30  data   (48 bytes)
; 0x00007170..+0xA0  zeros  (160 bytes)
; 0x00007210..+0x290  data   (656 bytes)
; 0x000074A0..+0xC0  zeros  (192 bytes)
; 0x00007560..+0x180  data   (384 bytes)
; 0x000076E0..+0x20  zeros  (32 bytes)
; 0x00007700..+0x20  data   (32 bytes)
; 0x00007720..+0x10  zeros  (16 bytes)
; 0x00007730..+0x20  data   (32 bytes)
; 0x00007750..+0x10  zeros  (16 bytes)
; 0x00007760..+0x20  data   (32 bytes)
; 0x00007780..+0x20  zeros  (32 bytes)
; 0x000077A0..+0x20  data   (32 bytes)
; 0x000077C0..+0x10  zeros  (16 bytes)
; 0x000077D0..+0x20  data   (32 bytes)
; 0x000077F0..+0x10  zeros  (16 bytes)
; 0x00007800..+0x20  data   (32 bytes)
; 0x00007820..+0x20  zeros  (32 bytes)
; 0x00007840..+0x440  data   (1088 bytes)
; 0x00007C80..+0x330  zeros  (816 bytes)
; 0x00007FB0..+0xA0  data   (160 bytes)
