; Decrypted GatewaySettings dump (see FORMAT.md)
; key = 89a031b030791cf2703bab4875b0877a (aligned at 0x60)

00000060:  45 A2 13 AF F5 63 03 A1 6F 34 2B 21 81 6C F3 33  E....c..o4+!.l.3
00000070:  5F 8E 3F 0B 3B C9 BE 07 E0 93 86 C4 84 00 0D 49  _.?.;..........I
00000080:  6B 5E 83 3D 22 34 EF 57 46 14 F9 14 DA EF D2 65  k^.="4.WF......e
00000090:  CE 0E A8 36 ED 93 39 23 77 E9 E9 20 95 71 1A 02  ...6..9#w.. .q..
000000A0:  05 4C 01 4C 28 D6 61 0A D1 34 21 C4 EA 91 8B 09  .L.L(.a..4!.....
000000B0:  09 37 28 C5 93 DB AC DB 2F 7B 2A 81 F8 49 72 0C  .7(...../{*..Ir.
000000C0:  5F 0A A1 FB 42 FE 81 82 6E 6B 62 09 7D 42 97 76  _...B...nkb.}B.v
000000D0:  F4 C3 AE 66 1B 37 04 A1 0D E3 79 18 9E 65 8A C1  ...f.7....y..e..
000000E0:  B3 D1 77 C2 19 B8 BB D7 55 71 8F E3 BE F4 4F 51  ..w.....Uq....OQ
000000F0:  18 11 5A A4 A9 9C 46 94 C2 36 32 5A 0B 42 8A BA  ..Z...F..62Z.B..
00000100:  0D 4D F7 2E AB E5 72 A6 3B CC 0A D4 65 AB 44 82  .M....r.;...e.D.
00000110:  D9 C8 DD 1C 73 C9 99 63 47 F3 67 C4 1B F7 73 E1  ....s..cG.g...s.
00000120:  26 B7 18 87 3E 09 00 00 00 00 00 00 00 00 00 00  &...>...........
00000130:  00 00 00 00 00 00 00 00 00 00 00 00 00 00 00 00  ................ [zeros]
00000140:  00 00 00 00 00 00 00 00 00 00 00 00 00 00 00 00  ................ [zeros]
00000150:  00 00 00 00 00 00 00 00 00 00 00 00 00 00 00 00  ................ [zeros]
00000160:  00 00 00 00 00 00 00 00 00 00 00 00 00 00 00 00  ................ [zeros]
00000170:  00 00 00 00 00 00 1B F5 8E 90 FE 2E 48 AA 8E FE  ............H...
00000180:  2D 94 67 BD 78 1D 3E 38 F0 AE 44 19 93 3C 11 CE  -.g.x.>8..D..<..
00000190:  15 CE 0A 2B A5 4D 1A F3 3C 7A 56 12 31 4B 4A 6D  ...+.M..<zV.1KJm
000001A0:  A8 8A D2 C4 0F 38 B6 E6 F4 20 2C D1 1C A2 D8 AD  .....8... ,.....
000001B0:  BC 7A E3 3B DC A2 FF CD B9 8F 1F 12 C9 C9 A8 9F  .z.;............
000001C0:  1C AC E6 20 A4 D5 AB F3 63 FA 63 2F B9 FF 91 7F  ... ....c.c/....
000001D0:  56 49 E4 6F 53 53 1A 52 CC E9 2A 40 41 8B BD 50  VI.oSS.R..*@A..P
000001E0:  CB 41 14 0E 25 FF C7 2B 22 4A D3 8C AA F4 4A 3B  .A..%..+"J....J;
000001F0:  DA A2 E6 5B DE 86 E3 51 16 CC 41 8A 9F ED 66 D5  ...[...Q..A...f.
00000200:  A9 AB C1 EF C1 4D 5E C8 A1 D9 C3 1A 74 10 A6 DE  .....M^.....t...
00000210:  2C 0B 5F 89 AA DA BD 63 5C 91 89 03 D0 EB 0A 33  ,._....c\......3
00000220:  F6 71 81 F6 B1 8F 8B F3 62 82 AC A0 7E 09 58 75  .q......b...~.Xu
00000230:  44 27 A8 F3 24 54 F3 76 80 3D 6E B1 0E 31 D9 16  D'..$T.v.=n..1..
00000240:  B9 48 FD 43 6F B5 91 F3 11 21 B4 21 2D 1A 8A 32  .H.Co....!.!-..2
00000250:  87 F0 19 81 8E EB 14 CB FF E0 35 41 28 30 EC 57  ..........5A(0.W
00000260:  FF EC 96 4A 6F F0 44 A8 E2 27 9E 6E EF D3 29 63  ...Jo.D..'.n..)c
00000270:  C5 9B E3 A1 7F 31 ED 75 D9 03 7D 11 60 97 51 5C  .....1.u..}.`.Q\
00000280:  BF 22 E0 99 AE A8 23 16 6A 9D 75 53 D7 3F 8F C6  ."....#.j.uS.?..
00000290:  32 92 87 1A 56 0A 7C 2E 3D FC E9 AA 52 C6 64 58  2...V.|.=...R.dX
000002A0:  34 56 FC DC DB 47 6C 81 C0 E8 8A 89 77 84 8B C1  4V...Gl.....w...
000002B0:  E6 87 01 9B B4 49 05 58 71 40 FC AA B0 73 48 87  .....I.Xq@...sH.
000002C0:  CA 7D D6 D9 BE D8 BC 18 18 DE DF 4A 66 02 16 11  .}.........Jf...
000002D0:  75 81 47 9A 4F CA BE DA E4 13 A7 BE 8A 30 77 B6  u.G.O........0w.
000002E0:  15 F3 96 36 36 78 8B 8C 5B B8 99 76 6B FC D0 A4  ...66x..[..vk...
000002F0:  F2 1E 9D E9 06 0B 8E BC 40 72 8A F0 CD 50 00 BF  ........@r...P..
00000300:  27 C6 E7 56 04 12 69 65 3E D5 51 F2 34 9D 39 64  '..V..ie>.Q.4.9d
00000310:  02 97 6C 6E 10 60 8B B8 08 13 2F DC 45 0C 11 81  ..ln.`..../.E...
00000320:  14 1E 8E 50 95 3F 8C 4D 73 44 A0 4C 49 AD C5 1F  ...P.?.MsD.LI...
00000330:  E1 4D B1 85 AF 4A 6E 62 AE DF 05 02 38 D1 E2 D7  .M...Jnb....8...
00000340:  CA C8 61 49 1D A5 FC 1F D6 4C 07 5F 3F 65 53 A1  ..aI.....L._?eS.
00000350:  A8 C9 3E CD A4 78 6E 62 AE DF 05 02 38 D1 E2 D7  ..>..xnb....8...
00000360:  CA C8 61 49 1D A5 FC E2 9A DC EC A1 45 8B B3 DC  ..aI........E...
00000370:  62 35 9D 99 9B C8 00 00 00 00 00 00 00 00 00 00  b5..............
00000380:  00 00 00 00 00 00 00 00 00 00 00 00 00 00 00 00  ................ [zeros]
00000390:  00 00 00 00 00 00 00 00 00 00 00 00 00 00 00 00  ................ [zeros]
000003A0:  00 00 00 00 00 00 00 00 00 00 00 00 00 00 00 00  ................ [zeros]
000003B0:  00 00 00 00 00 00 00 00 00 00 00 00 00 00 00 00  ................ [zeros]
000003C0:  00 00 00 00 00 00 00 00 00 00 00 00 00 00 00 00  ................ [zeros]
000003D0:  00 00 00 00 00 00 00 00 00 00 00 00 00 00 00 00  ................ [zeros]
000003E0:  00 00 00 00 00 00 00 00 00 00 00 00 00 00 00 00  ................ [zeros]
000003F0:  00 00 00 00 00 00 00 00 00 00 00 00 00 00 00 00  ................ [zeros]
00000400:  00 00 00 00 00 00 00 00 00 00 00 00 00 00 00 00  ................ [zeros]
00000410:  00 00 00 00 00 00 00 00 00 00 00 00 00 00 00 00  ................ [zeros]
00000420:  00 00 00 00 00 00 00 00 00 00 00 00 00 00 00 00  ................ [zeros]
00000430:  00 00 00 00 00 00 00 00 00 00 00 00 00 00 00 00  ................ [zeros]
00000440:  00 00 00 00 00 00 00 00 00 00 00 00 00 00 00 00  ................ [zeros]
00000450:  00 00 00 00 00 00 00 00 00 00 00 00 00 00 00 00  ................ [zeros]
00000460:  00 00 00 00 00 00 00 00 00 00 00 00 00 00 00 00  ................ [zeros]
00000470:  00 00 00 00 00 00 00 00 00 00 00 00 00 00 00 00  ................ [zeros]
00000480:  00 00 00 00 00 00 00 00 00 00 00 00 00 00 00 00  ................ [zeros]
00000490:  00 00 00 00 00 00 00 00 00 00 00 00 00 00 00 00  ................ [zeros]
000004A0:  00 00 00 00 00 00 00 00 00 00 00 00 00 00 00 00  ................ [zeros]
000004B0:  00 00 00 00 00 00 00 00 00 00 00 00 00 00 00 00  ................ [zeros]
000004C0:  00 00 00 00 00 00 00 00 00 00 00 00 00 00 00 00  ................ [zeros]
000004D0:  00 00 00 00 00 00 00 00 00 00 00 00 00 00 00 00  ................ [zeros]
000004E0:  00 00 00 00 00 00 00 00 00 00 00 00 00 00 00 00  ................ [zeros]
000004F0:  00 00 00 00 00 00 00 00 00 00 00 00 00 00 00 00  ................ [zeros]
00000500:  00 00 00 00 00 00 BA 2B A3 B7 25 10 2F BB 9B 50  .......+..%./..P
00000510:  11 E0 BD 09 1F 44 75 95 49 BB 10 11 5D 50 27 C6  .....Du.I...]P'.
00000520:  FD 1E 91 2B F6 2D 0A 45 D4 E9 FC 3E 0D CA 00 E8  ...+.-.E...>....
00000530:  84 1A B7 1B 00 45 31 7E B3 13 F2 1A B8 A2 1D E1  .....E1~........
00000540:  FD 59 ED 6E E6 1A 15 E0 6E 81 F2 E4 B9 6B 4F CE  .Y.n....n....kO.
00000550:  A5 A9 99 27 E5 9D 64 79 62 5E 3A F9 C9 F4 1D BF  ...'..dyb^:.....
00000560:  9C B1 24 E8 5E DE A2 C2 51 8B D7 C1 5E D1 1E A1  ..$.^...Q...^...
00000570:  AB 40 49 56 C7 20 47 C6 AD 45 48 24 7E F6 12 4A  .@IV. G..EH$~..J
00000580:  76 3B 6F 01 52 79 62 3B 52 08 B9 F6 C0 BA 14 EB  v;o.Ryb;R.......
00000590:  0D 31 9A A3 70 92 49 50 D3 3B 14 D7 49 16 DA 5C  .1..p.IP.;..I..\
000005A0:  1E 0D F5 C4 FB 77 F7 29 26 E9 D8 D7 3A DD 4A 1C  .....w.)&...:.J.
000005B0:  9B 93 69 A3 0C 6A 46 75 98 95 0F 4B DE 56 34 6E  ..i..jFu...K.V4n
000005C0:  04 BE 46 F5 98 80 47 75 73 29 1D 14 98 4A D2 4B  ..F...Gus)...J.K
000005D0:  A3 88 1B 8C A4 73 C3 E6 3D BD 20 5E BA 5E A5 8C  .....s..=. ^.^..
000005E0:  12 72 BC 38 1D C3 CE 84 1D CE F5 DD F3 D9 08 8A  .r.8............
000005F0:  0B 9A 88 29 C0 0D F9 66 BA 9A 3B FA DA 3F 60 CD  ...)...f..;..?`.
00000600:  9D BE 8D BF 95 DF FE 7F 70 A3 BC 74 FA FC 74 00  ........p..t..t.
00000610:  EE 9F F0 C0 6A 33 38 CB A1 02 37 3A 59 93 F7 77  ....j38...7:Y..w
00000620:  56 26 4E 83 89 6B 15 FD 8D 6D 04 5B 62 EA 43 5D  V&N..k...m.[b.C]
00000630:  25 BB 55 76 24 85 72 DF 9A 55 1F 5B 8C EC A6 DB  %.Uv$.r..U.[....
00000640:  4F 87 BB 2C 5F 34 E2 8E 78 AA 20 9F 06 88 E8 92  O..,_4..x. .....
00000650:  3F FF C3 E9 48 F2 C2 CA 09 AD FC F6 9F C1 66 CD  ?...H.........f.
00000660:  55 12 A4 85 E7 79 A9 CD C5 F3 02 D9 C6 46 90 D2  U....y.......F..
00000670:  8B A9 1E 19 01 35 52 08 98 80 16 95 BD 80 6C 72  .....5R.......lr
00000680:  A4 26 CF 2A AB 92 14 AD 41 8A 6D B0 8C 42 FE AC  .&.*....A.m..B..
00000690:  9A A0 A0 89 1E 4C AB A4 D9 F3 B6 38 A6 17 E0 8A  .....L.....8....
000006A0:  7B B4 63 6E 27 81 4C DC F2 46 0B 84 C8 80 7E 0E  {.cn'.L..F....~.
000006B0:  CB 66 01 34 F8 2C 46 A8 87 87 10 60 30 51 F4 75  .f.4.,F....`0Q.u
000006C0:  7C 26 B0 65 E7 FE A6 39 C9 CB 28 01 70 4F 43 86  |&.e...9..(.pOC.
000006D0:  1D CF E6 F7 EF 34 F1 9A 44 4F 6A 1E 06 6C 2D 52  .....4..DOj..l-R
000006E0:  7F D7 82 83 AE 62 87 59 E4 07 D9 A9 B3 C1 71 23  .....b.Y......q#
000006F0:  EB F5 C7 98 AC CB 97 D6 34 9D 09 E2 34 E2 EF 63  ........4...4..c
00000700:  E2 AF A9 CA A9 47 20 CF 08 3B AC E1 0A DE F9 39  .....G ..;.....9
00000710:  57 12 D5 25 E7 75 F1 F6 CE D4 F0 A5 F5 50 EF 2D  W..%.u.......P.-
00000720:  18 53 77 99 26 B3 64 8F 12 16 BE 15 0A 22 98 7B  .Sw.&.d......".{
00000730:  AD 8D C0 9D 2B 4B 02 16 A8 64 6D 4C 22 3E 81 00  ....+K...dmL">..
00000740:  CE BE 26 AA 6B D8 F1 13 B3 9F 3C 8C 66 45 4C 47  ..&.k.....<.fELG
00000750:  F8 10 52 B0 B8 AB 9F CD 9A 4E C1 CA 59 1A E6 E1  ..R......N..Y...
00000760:  B8 47 AD 90 C4 87 BF 8D 0C DB 37 D0 47 F6 8D 77  .G........7.G..w
00000770:  18 F8 CD FE 48 E7 52 F0 96 07 E0 81 B2 01 3D 9E  ....H.R.......=.
00000780:  3B 85 2B 69 EB 04 EA 63 29 40 8E 4B 9B 20 81 BD  ;.+i...c)@.K. ..
00000790:  04 D2 2D E1 9E 81 8F 52 F4 1F 3E 2E 93 45 27 84  ..-....R..>..E'.
000007A0:  52 64 8B 66 46 92 64 8F 12 16 BE 15 0A 22 98 7B  Rd.fF.d......".{
000007B0:  AD 8D C0 9D 2B 4B 7E A2 9C B4 D8 3A CE CE 8A 93  ....+K~....:....
000007C0:  67 A5 A3 C3 D0 96 06 59 DF ED FE 8B F2 4D 59 F0  g......Y.....MY.
000007D0:  C5 4A B8 E8 5B A3 4A 94 15 8D 40 59 9E C9 C4 75  .J..[.J...@Y...u
000007E0:  52 24 EE D4 56 BA DE 1C 3C 6C 04 C9 A2 E6 54 58  R$..V...<l....TX
000007F0:  15 B5 CF 7C 91 5D 19 B2 0F DF 2C CD 68 71 27 15  ...|.]....,.hq'.
00000800:  33 AB AB 8A 2B 29 55 AF D9 EE F3 0A EE 83 37 6C  3...+)U.......7l
00000810:  1B C6 9A B1 46 14 42 E1 E2 94 8D B7 74 2C CB FB  ....F.B.....t,..
00000820:  1B B7 3A 15 2A 16 95 7D C5 58 EE 9F 26 89 31 6F  ..:.*..}.X..&.1o
00000830:  0D C5 6C 9B 9E 74 E7 F4 65 A9 71 02 36 CD CD 3C  ..l..t..e.q.6..<
00000840:  D6 70 5F 5B 52 BF 6F 62 5B 39 96 1C DF 9E B9 7E  .p_[R.ob[9.....~
00000850:  87 DE A1 07 28 1A 53 8B 4E 6F 39 60 79 83 A3 89  ....(.S.No9`y...
00000860:  5F 24 3A B0 7E 91 85 BE 49 CE A5 06 4C FC 8A 49  _$:.~...I...L..I
00000870:  7E 88 06 1B 1A 5B C5 1B D1 D1 30 F6 8A 6C 4C 57  ~....[....0..lLW
00000880:  8D A6 0A 6C 81 3D 4C 29 0E A7 74 0E 9B 97 E5 6F  ...l.=L)..t....o
00000890:  92 5E A0 52 C9 B9 35 09 0C 71 4F 8B CD 8A 07 6F  .^.R..5..qO....o
000008A0:  3D 2F 36 1C D2 8C 27 D3 A2 CD 5E 3C 17 AA 88 88  =/6...'...^<....
000008B0:  F3 D3 7C 56 08 83 9A 7D 1A F9 76 03 7B 9C 8C 2B  ..|V...}..v.{..+
000008C0:  F5 0C F8 62 86 C1 05 32 F6 40 C5 A4 79 A0 53 A4  ...b...2.@..y.S.
000008D0:  7A CE 26 F7 1C 41 FF E9 FE 30 10 9F FF FC 21 34  z.&..A...0....!4
000008E0:  EC 79 78 2F 05 59 99 DA 6F E6 B8 8B D8 D5 4F 19  .yx/.Y..o.....O.
000008F0:  35 06 9A F2 29 B5 AE 69 91 00 7E 97 7D 85 55 E7  5...)..i..~.}.U.
00000900:  A4 81 B7 5B 72 8D CC 30 57 9D B6 FE 62 C4 B7 EE  ...[r..0W...b...
00000910:  9C 59 58 60 49 C5 2D 3C F9 0E 00 0B 59 7C 13 9C  .YX`I.-<....Y|..
00000920:  2B EB 13 12 0C B6 AD 10 6A 6F D2 1F 27 75 36 E2  +.......jo..'u6.
00000930:  3A 57 2B E8 CA E4 B5 EE 3C 46 5F 42 CA E6 BE 5F  :W+.....<F_B..._
00000940:  25 3D 55 31 9D 45 97 C1 A8 81 F6 22 F5 EF 34 E2  %=U1.E....."..4.
00000950:  42 10 C9 F1 04 C2 BE 92 A9 C2 F9 51 CB 18 58 8B  B..........Q..X.
00000960:  9D C6 29 8F 8C E7 87 F1 FF 6F 13 88 C8 7E 33 55  ..)......o...~3U
00000970:  53 57 34 1F 4D 44 F7 D8 82 B7 3A 8D A3 45 63 65  SW4.MD....:..Ece
00000980:  11 E7 F6 12 1F 52 1B 06 75 BC 7F 4A 3F 40 C4 5A  .....R..u..J?@.Z
00000990:  CF FD 93 F3 A7 15 98 A2 79 E1 4A E8 AE BA EE 08  ........y.J.....
000009A0:  BF 3F E0 65 D7 92 3D 27 D2 55 1A B8 57 B7 0E 43  .?.e..='.U..W..C
000009B0:  F8 8A 34 69 BE A5 D1 CE B6 49 77 7B CA C2 D1 C7  ..4i.....Iw{....
000009C0:  A4 54 D7 BE 55 0D F5 7F 81 8D FD 58 31 B7 53 5F  .T..U......X1.S_
000009D0:  23 6B 79 E4 8A 3D E9 EF BB A3 A3 56 EA CC BF A9  #ky..=.....V....
000009E0:  2D 7E 14 63 61 52 43 50 2B 4D 07 81 F2 F7 B2 D3  -~.caRCP+M......
000009F0:  70 75 23 AF 17 52 19 B8 2D AB 4B D1 1C 43 1B 9F  pu#..R..-.K..C..
00000A00:  EC BF 16 07 79 60 1A AB DC 1E 43 69 25 65 2F 14  ....y`....Ci%e/.
00000A10:  E0 73 0B 84 FA 61 8D D4 37 D8 8B 24 16 0E DC F3  .s...a..7..$....
00000A20:  5F 28 ED F8 CE 1A C2 18 F9 71 A0 2F 6C 8E D4 3C  _(.......q./l..<
00000A30:  51 CC 26 40 3C 1E 94 23 2C D8 50 95 4E 18 16 7B  Q.&@<..#,.P.N..{
00000A40:  02 D0 C4 24 88 6D 8C AC C4 86 BB 1D 16 DD 88 74  ...$.m.........t
00000A50:  B3 6B 46 F6 C5 21 F2 7A B9 DE FA 88 86 0A 3C 6D  .kF..!.z......<m
00000A60:  3F 17 20 3D 01 5A 75 3D 60 15 98 D7 E5 F6 78 7B  ?. =.Zu=`.....x{
00000A70:  64 74 17 51 DA 77 00 00 00 00 00 00 00 00 00 00  dt.Q.w..........
00000A80:  00 00 00 00 00 00 00 00 00 00 00 00 00 00 00 00  ................ [zeros]
00000A90:  00 00 00 00 00 00 00 00 00 00 00 00 00 00 00 00  ................ [zeros]
00000AA0:  00 00 00 00 00 00 00 00 00 00 00 00 00 00 00 00  ................ [zeros]
00000AB0:  00 00 00 00 00 00 00 00 00 00 00 00 00 00 00 00  ................ [zeros]
00000AC0:  00 00 00 00 00 00 00 00 00 00 00 00 00 00 00 00  ................ [zeros]
00000AD0:  00 00 00 00 00 00 00 00 00 00 00 00 00 00 00 00  ................ [zeros]
00000AE0:  00 00 00 00 00 00 00 00 00 00 00 00 00 00 00 00  ................ [zeros]
00000AF0:  00 00 00 00 00 00 00 00 00 00 00 00 00 00 00 00  ................ [zeros]
00000B00:  00 00 00 00 00 00 00 00 00 00 00 00 00 00 00 00  ................ [zeros]
00000B10:  00 00 00 00 00 00 00 00 00 00 00 00 00 00 00 00  ................ [zeros]
00000B20:  00 00 00 00 00 00 00 00 00 00 00 00 00 00 00 00  ................ [zeros]
00000B30:  00 00 00 00 00 00 00 00 00 00 00 00 00 00 00 00  ................ [zeros]
00000B40:  00 00 00 00 00 00 00 00 00 00 00 00 00 00 00 00  ................ [zeros]
00000B50:  00 00 00 00 00 00 00 00 00 00 00 00 00 00 00 00  ................ [zeros]
00000B60:  00 00 00 00 00 00 00 00 00 00 00 00 00 00 00 00  ................ [zeros]
00000B70:  00 00 00 00 00 00 00 00 00 00 00 00 00 00 00 00  ................ [zeros]
00000B80:  00 00 00 00 00 00 00 00 00 00 00 00 00 00 00 00  ................ [zeros]
00000B90:  00 00 00 00 00 00 00 00 00 00 00 00 00 00 00 00  ................ [zeros]
00000BA0:  00 00 00 00 00 00 00 00 00 00 00 00 00 00 00 00  ................ [zeros]
00000BB0:  00 00 00 00 00 00 00 00 00 00 00 00 00 00 00 00  ................ [zeros]
00000BC0:  00 00 00 00 00 00 00 00 00 00 00 00 00 00 00 00  ................ [zeros]
00000BD0:  00 00 00 00 00 00 00 00 00 00 00 00 00 00 00 00  ................ [zeros]
00000BE0:  00 00 00 00 00 00 00 00 00 00 00 00 00 00 00 00  ................ [zeros]
00000BF0:  00 00 00 00 00 00 00 00 00 00 00 00 00 00 00 00  ................ [zeros]
00000C00:  00 00 00 00 00 00 00 00 00 00 00 00 00 00 00 00  ................ [zeros]
00000C10:  00 00 00 00 00 00 00 00 00 00 00 00 00 00 00 00  ................ [zeros]
00000C20:  00 00 00 00 00 00 00 00 00 00 00 00 00 00 00 00  ................ [zeros]
00000C30:  00 00 00 00 00 00 00 00 00 00 00 00 00 00 00 00  ................ [zeros]
00000C40:  00 00 00 00 00 00 00 00 00 00 00 00 00 00 00 00  ................ [zeros]
00000C50:  00 00 00 00 00 00 00 00 00 00 00 00 00 00 00 00  ................ [zeros]
00000C60:  00 00 00 00 00 00 00 00 00 00 00 00 00 00 00 00  ................ [zeros]
00000C70:  00 00 00 00 00 00 00 00 00 00 00 00 00 00 00 00  ................ [zeros]
00000C80:  00 00 00 00 00 00 00 00 00 00 00 00 00 00 00 00  ................ [zeros]
00000C90:  00 00 00 00 00 00 00 00 00 00 00 00 00 00 00 00  ................ [zeros]
00000CA0:  00 00 00 00 00 00 00 00 00 00 00 00 00 00 00 00  ................ [zeros]
00000CB0:  00 00 00 00 00 00 00 00 00 00 00 00 00 00 00 00  ................ [zeros]
00000CC0:  00 00 00 00 00 00 00 00 00 00 00 00 00 00 00 00  ................ [zeros]
00000CD0:  00 00 00 00 00 00 00 00 00 00 00 00 00 00 00 00  ................ [zeros]
00000CE0:  00 00 00 00 00 00 00 00 00 00 00 00 00 00 00 00  ................ [zeros]
00000CF0:  00 00 00 00 00 00 00 00 00 00 00 00 00 00 00 00  ................ [zeros]
00000D00:  00 00 00 00 00 00 00 00 00 00 00 00 00 00 00 00  ................ [zeros]
00000D10:  00 00 00 00 00 00 00 00 00 00 00 00 00 00 00 00  ................ [zeros]
00000D20:  00 00 00 00 00 00 00 00 00 00 00 00 00 00 00 00  ................ [zeros]
00000D30:  00 00 00 00 00 00 00 00 00 00 00 00 00 00 00 00  ................ [zeros]
00000D40:  00 00 00 00 00 00 00 00 00 00 00 00 00 00 00 00  ................ [zeros]
00000D50:  00 00 00 00 00 00 00 00 00 00 00 00 00 00 00 00  ................ [zeros]
00000D60:  00 00 00 00 00 00 00 00 00 00 00 00 00 00 00 00  ................ [zeros]
00000D70:  00 00 00 00 00 00 00 00 00 00 00 00 00 00 00 00  ................ [zeros]
00000D80:  00 00 00 00 00 00 00 00 00 00 00 00 00 00 00 00  ................ [zeros]
00000D90:  00 00 00 00 00 00 00 00 00 00 00 00 00 00 00 00  ................ [zeros]
00000DA0:  00 00 00 00 00 00 00 00 00 00 00 00 00 00 00 00  ................ [zeros]
00000DB0:  00 00 00 00 00 00 00 00 00 00 00 00 00 00 00 00  ................ [zeros]
00000DC0:  00 00 00 00 00 00 00 00 00 00 00 00 00 00 00 00  ................ [zeros]
00000DD0:  00 00 00 00 00 00 00 00 00 00 00 00 00 00 00 00  ................ [zeros]
00000DE0:  00 00 00 00 00 00 00 00 00 00 00 00 00 00 00 00  ................ [zeros]
00000DF0:  00 00 00 00 00 00 00 00 00 00 00 00 00 00 00 00  ................ [zeros]
00000E00:  00 00 00 00 00 00 00 00 00 00 00 00 00 00 00 00  ................ [zeros]
00000E10:  00 00 00 00 00 00 00 00 00 00 00 00 00 00 00 00  ................ [zeros]
00000E20:  00 00 00 00 00 00 00 00 00 00 00 00 00 00 00 00  ................ [zeros]
00000E30:  00 00 00 00 00 00 00 00 00 00 00 00 00 00 00 00  ................ [zeros]
00000E40:  00 00 00 00 00 00 00 00 00 00 00 00 00 00 00 00  ................ [zeros]
00000E50:  00 00 00 00 00 00 00 00 00 00 00 00 00 00 00 00  ................ [zeros]
00000E60:  00 00 00 00 00 00 FA C6 1C 11 F9 CA E5 0C 22 DD  ..............".
00000E70:  A0 3C 29 85 D2 F9 00 00 00 00 00 00 00 00 00 00  .<).............
00000E80:  00 00 00 00 00 00 00 00 00 00 00 00 00 00 00 00  ................ [zeros]
00000E90:  00 00 00 00 00 00 00 00 00 00 00 00 00 00 00 00  ................ [zeros]
00000EA0:  00 00 00 00 00 00 00 00 00 00 00 00 00 00 00 00  ................ [zeros]
00000EB0:  00 00 00 00 00 00 00 00 00 00 00 00 00 00 00 00  ................ [zeros]
00000EC0:  00 00 00 00 00 00 00 00 00 00 00 00 00 00 00 00  ................ [zeros]
00000ED0:  00 00 00 00 00 00 00 00 00 00 00 00 00 00 00 00  ................ [zeros]
00000EE0:  00 00 00 00 00 00 00 00 00 00 00 00 00 00 00 00  ................ [zeros]
00000EF0:  00 00 00 00 00 00 00 00 00 00 00 00 00 00 00 00  ................ [zeros]
00000F00:  00 00 00 00 00 00 00 00 00 00 00 00 00 00 00 00  ................ [zeros]
00000F10:  00 00 00 00 00 00 00 00 00 00 00 00 00 00 00 00  ................ [zeros]
00000F20:  00 00 00 00 00 00 00 00 00 00 00 00 00 00 00 00  ................ [zeros]
00000F30:  00 00 00 00 00 00 00 00 00 00 00 00 00 00 00 00  ................ [zeros]
00000F40:  00 00 00 00 00 00 00 00 00 00 00 00 00 00 00 00  ................ [zeros]
00000F50:  00 00 00 00 00 00 00 00 00 00 00 00 00 00 00 00  ................ [zeros]
00000F60:  00 00 00 00 00 00 00 00 00 00 00 00 00 00 00 00  ................ [zeros]
00000F70:  00 00 00 00 00 00 00 00 00 00 00 00 00 00 00 00  ................ [zeros]
00000F80:  00 00 00 00 00 00 00 00 00 00 00 00 00 00 00 00  ................ [zeros]
00000F90:  00 00 00 00 00 00 00 00 00 00 00 00 00 00 00 00  ................ [zeros]
00000FA0:  00 00 00 00 00 00 00 00 00 00 00 00 00 00 00 00  ................ [zeros]
00000FB0:  00 00 00 00 00 00 00 00 00 00 00 00 00 00 00 00  ................ [zeros]
00000FC0:  00 00 00 00 00 00 00 00 00 00 00 00 00 00 00 00  ................ [zeros]
00000FD0:  00 00 00 00 00 00 00 00 00 00 00 00 00 00 00 00  ................ [zeros]
00000FE0:  00 00 00 00 00 00 00 00 00 00 00 00 00 00 00 00  ................ [zeros]
00000FF0:  00 00 00 00 00 00 00 00 00 00 00 00 00 00 00 00  ................ [zeros]
00001000:  00 00 00 00 00 00 00 00 00 00 00 00 00 00 00 00  ................ [zeros]
00001010:  00 00 00 00 00 00 00 00 00 00 00 00 00 00 00 00  ................ [zeros]
00001020:  00 00 00 00 00 00 00 00 00 00 00 00 00 00 00 00  ................ [zeros]
00001030:  00 00 00 00 00 00 00 00 00 00 00 00 00 00 00 00  ................ [zeros]
00001040:  00 00 00 00 00 00 00 00 00 00 00 00 00 00 00 00  ................ [zeros]
00001050:  00 00 00 00 00 00 00 00 00 00 00 00 00 00 00 00  ................ [zeros]
00001060:  00 00 00 00 00 00 00 00 00 00 00 00 00 00 00 00  ................ [zeros]
00001070:  00 00 00 00 00 00 00 00 00 00 00 00 00 00 00 00  ................ [zeros]
00001080:  00 00 00 00 00 00 00 00 00 00 00 00 00 00 00 00  ................ [zeros]
00001090:  00 00 00 00 00 00 00 00 00 00 00 00 00 00 00 00  ................ [zeros]
000010A0:  00 00 00 00 00 00 00 00 00 00 00 00 00 00 00 00  ................ [zeros]
000010B0:  00 00 00 00 00 00 00 00 00 00 00 00 00 00 00 00  ................ [zeros]
000010C0:  00 00 00 00 00 00 00 00 00 00 00 00 00 00 00 00  ................ [zeros]
000010D0:  00 00 00 00 00 00 00 00 00 00 00 00 00 00 00 00  ................ [zeros]
000010E0:  00 00 00 00 00 00 00 00 00 00 00 00 00 00 00 00  ................ [zeros]
000010F0:  00 00 00 00 00 00 00 00 00 00 00 00 00 00 00 00  ................ [zeros]
00001100:  00 00 00 00 00 00 00 00 00 00 00 00 00 00 00 00  ................ [zeros]
00001110:  00 00 00 00 00 00 00 00 00 00 00 00 00 00 00 00  ................ [zeros]
00001120:  00 00 00 00 00 00 00 00 00 00 00 00 00 00 00 00  ................ [zeros]
00001130:  00 00 00 00 00 00 00 00 00 00 00 00 00 00 00 00  ................ [zeros]
00001140:  00 00 00 00 00 00 00 00 00 00 00 00 00 00 00 00  ................ [zeros]
00001150:  00 00 00 00 00 00 00 00 00 00 00 00 00 00 00 00  ................ [zeros]
00001160:  00 00 00 00 00 00 00 00 00 00 00 00 00 00 00 00  ................ [zeros]
00001170:  00 00 00 00 00 00 00 00 00 00 00 00 00 00 00 00  ................ [zeros]
00001180:  00 00 00 00 00 00 00 00 00 00 00 00 00 00 00 00  ................ [zeros]
00001190:  00 00 00 00 00 00 00 00 00 00 00 00 00 00 00 00  ................ [zeros]
000011A0:  00 00 00 00 00 00 00 00 00 00 00 00 00 00 00 00  ................ [zeros]
000011B0:  00 00 00 00 00 00 00 00 00 00 00 00 00 00 00 00  ................ [zeros]
000011C0:  00 00 00 00 00 00 00 00 00 00 00 00 00 00 00 00  ................ [zeros]
000011D0:  00 00 00 00 00 00 00 00 00 00 00 00 00 00 00 00  ................ [zeros]
000011E0:  00 00 00 00 00 00 00 00 00 00 00 00 00 00 00 00  ................ [zeros]
000011F0:  00 00 00 00 00 00 00 00 00 00 00 00 00 00 00 00  ................ [zeros]
00001200:  00 00 00 00 00 00 00 00 00 00 00 00 00 00 00 00  ................ [zeros]
00001210:  00 00 00 00 00 00 00 00 00 00 00 00 00 00 00 00  ................ [zeros]
00001220:  00 00 00 00 00 00 00 00 00 00 00 00 00 00 00 00  ................ [zeros]
00001230:  00 00 00 00 00 00 00 00 00 00 00 00 00 00 00 00  ................ [zeros]
00001240:  00 00 00 00 00 00 00 00 00 00 00 00 00 00 00 00  ................ [zeros]
00001250:  00 00 00 00 00 00 00 00 00 00 00 00 00 00 00 00  ................ [zeros]
00001260:  00 00 00 00 00 00 32 9C 91 8B 3A AF 8D 9F 60 04  ......2...:...`.
00001270:  9D D5 06 31 F5 DE 00 00 00 00 00 00 00 00 00 00  ...1............
00001280:  00 00 00 00 00 00 00 00 00 00 00 00 00 00 00 00  ................ [zeros]
00001290:  00 00 00 00 00 00 00 00 00 00 00 00 00 00 00 00  ................ [zeros]
000012A0:  00 00 00 00 00 00 00 00 00 00 00 00 00 00 00 00  ................ [zeros]
000012B0:  00 00 00 00 00 00 00 00 00 00 00 00 00 00 00 00  ................ [zeros]
000012C0:  00 00 00 00 00 00 00 00 00 00 00 00 00 00 00 00  ................ [zeros]
000012D0:  00 00 00 00 00 00 00 00 00 00 00 00 00 00 00 00  ................ [zeros]
000012E0:  00 00 00 00 00 00 00 00 00 00 00 00 00 00 00 00  ................ [zeros]
000012F0:  00 00 00 00 00 00 00 00 00 00 00 00 00 00 00 00  ................ [zeros]
00001300:  00 00 00 00 00 00 00 00 00 00 00 00 00 00 00 00  ................ [zeros]
00001310:  00 00 00 00 00 00 00 00 00 00 00 00 00 00 00 00  ................ [zeros]
00001320:  00 00 00 00 00 00 00 00 00 00 00 00 00 00 00 00  ................ [zeros]
00001330:  00 00 00 00 00 00 00 00 00 00 00 00 00 00 00 00  ................ [zeros]
00001340:  00 00 00 00 00 00 00 00 00 00 00 00 00 00 00 00  ................ [zeros]
00001350:  00 00 00 00 00 00 00 00 00 00 00 00 00 00 00 00  ................ [zeros]
00001360:  00 00 00 00 00 00 00 00 00 00 00 00 00 00 00 00  ................ [zeros]
00001370:  00 00 00 00 00 00 00 00 00 00 00 00 00 00 00 00  ................ [zeros]
00001380:  00 00 00 00 00 00 00 00 00 00 00 00 00 00 00 00  ................ [zeros]
00001390:  00 00 00 00 00 00 00 00 00 00 00 00 00 00 00 00  ................ [zeros]
000013A0:  00 00 00 00 00 00 00 00 00 00 00 00 00 00 00 00  ................ [zeros]
000013B0:  00 00 00 00 00 00 00 00 00 00 00 00 00 00 00 00  ................ [zeros]
000013C0:  00 00 00 00 00 00 00 00 00 00 00 00 00 00 00 00  ................ [zeros]
000013D0:  00 00 00 00 00 00 00 00 00 00 00 00 00 00 00 00  ................ [zeros]
000013E0:  00 00 00 00 00 00 00 00 00 00 00 00 00 00 00 00  ................ [zeros]
000013F0:  00 00 00 00 00 00 00 00 00 00 00 00 00 00 00 00  ................ [zeros]
00001400:  00 00 00 00 00 00 00 00 00 00 00 00 00 00 00 00  ................ [zeros]
00001410:  00 00 00 00 00 00 00 00 00 00 00 00 00 00 00 00  ................ [zeros]
00001420:  00 00 00 00 00 00 00 00 00 00 00 00 00 00 00 00  ................ [zeros]
00001430:  00 00 00 00 00 00 00 00 00 00 00 00 00 00 00 00  ................ [zeros]
00001440:  00 00 00 00 00 00 00 00 00 00 00 00 00 00 00 00  ................ [zeros]
00001450:  00 00 00 00 00 00 00 00 00 00 00 00 00 00 00 00  ................ [zeros]
00001460:  00 00 00 00 00 00 00 00 00 00 00 00 00 00 00 00  ................ [zeros]
00001470:  00 00 00 00 00 00 00 00 00 00 00 00 00 00 00 00  ................ [zeros]
00001480:  00 00 00 00 00 00 00 00 00 00 00 00 00 00 00 00  ................ [zeros]
00001490:  00 00 00 00 00 00 00 00 00 00 00 00 00 00 00 00  ................ [zeros]
000014A0:  00 00 00 00 00 00 00 00 00 00 00 00 00 00 00 00  ................ [zeros]
000014B0:  00 00 00 00 00 00 00 00 00 00 00 00 00 00 00 00  ................ [zeros]
000014C0:  00 00 00 00 00 00 00 00 00 00 00 00 00 00 00 00  ................ [zeros]
000014D0:  00 00 00 00 00 00 00 00 00 00 00 00 00 00 00 00  ................ [zeros]
000014E0:  00 00 00 00 00 00 00 00 00 00 00 00 00 00 00 00  ................ [zeros]
000014F0:  00 00 00 00 00 00 00 00 00 00 00 00 00 00 00 00  ................ [zeros]
00001500:  00 00 00 00 00 00 00 00 00 00 00 00 00 00 00 00  ................ [zeros]
00001510:  00 00 00 00 00 00 00 00 00 00 00 00 00 00 00 00  ................ [zeros]
00001520:  00 00 00 00 00 00 00 00 00 00 00 00 00 00 00 00  ................ [zeros]
00001530:  00 00 00 00 00 00 00 00 00 00 00 00 00 00 00 00  ................ [zeros]
00001540:  00 00 00 00 00 00 00 00 00 00 00 00 00 00 00 00  ................ [zeros]
00001550:  00 00 00 00 00 00 00 00 00 00 00 00 00 00 00 00  ................ [zeros]
00001560:  00 00 00 00 00 00 00 00 00 00 00 00 00 00 00 00  ................ [zeros]
00001570:  00 00 00 00 00 00 00 00 00 00 00 00 00 00 00 00  ................ [zeros]
00001580:  00 00 00 00 00 00 00 00 00 00 00 00 00 00 00 00  ................ [zeros]
00001590:  00 00 00 00 00 00 00 00 00 00 00 00 00 00 00 00  ................ [zeros]
000015A0:  00 00 00 00 00 00 00 00 00 00 00 00 00 00 00 00  ................ [zeros]
000015B0:  00 00 00 00 00 00 00 00 00 00 00 00 00 00 00 00  ................ [zeros]
000015C0:  00 00 00 00 00 00 00 00 00 00 00 00 00 00 00 00  ................ [zeros]
000015D0:  00 00 00 00 00 00 00 00 00 00 00 00 00 00 00 00  ................ [zeros]
000015E0:  00 00 00 00 00 00 00 00 00 00 00 00 00 00 00 00  ................ [zeros]
000015F0:  00 00 00 00 00 00 00 00 00 00 00 00 00 00 00 00  ................ [zeros]
00001600:  00 00 00 00 00 00 00 00 00 00 00 00 00 00 00 00  ................ [zeros]
00001610:  00 00 00 00 00 00 00 00 00 00 00 00 00 00 00 00  ................ [zeros]
00001620:  00 00 00 00 00 00 00 00 00 00 00 00 00 00 00 00  ................ [zeros]
00001630:  00 00 00 00 00 00 00 00 00 00 00 00 00 00 00 00  ................ [zeros]
00001640:  00 00 00 00 00 00 00 00 00 00 00 00 00 00 00 00  ................ [zeros]
00001650:  00 00 00 00 00 00 00 00 00 00 00 00 00 00 00 00  ................ [zeros]
00001660:  00 00 00 00 00 00 93 B1 A1 8E 0B 2B F9 2C 35 5F  ...........+.,5_
00001670:  97 9B 9C 0D B1 AB 00 00 00 00 00 00 00 00 00 00  ................
00001680:  00 00 00 00 00 00 00 00 00 00 00 00 00 00 00 00  ................ [zeros]
00001690:  00 00 00 00 00 00 00 00 00 00 00 00 00 00 00 00  ................ [zeros]
000016A0:  00 00 00 00 00 00 00 00 00 00 00 00 00 00 00 00  ................ [zeros]
000016B0:  00 00 00 00 00 00 00 00 00 00 00 00 00 00 00 00  ................ [zeros]
000016C0:  00 00 00 00 00 00 00 00 00 00 00 00 00 00 00 00  ................ [zeros]
000016D0:  00 00 00 00 00 00 00 00 00 00 00 00 00 00 00 00  ................ [zeros]
000016E0:  00 00 00 00 00 00 00 00 00 00 00 00 00 00 00 00  ................ [zeros]
000016F0:  00 00 00 00 00 00 00 00 00 00 00 00 00 00 00 00  ................ [zeros]
00001700:  00 00 00 00 00 00 00 00 00 00 00 00 00 00 00 00  ................ [zeros]
00001710:  00 00 00 00 00 00 00 00 00 00 00 00 00 00 00 00  ................ [zeros]
00001720:  00 00 00 00 00 00 00 00 00 00 00 00 00 00 00 00  ................ [zeros]
00001730:  00 00 00 00 00 00 00 00 00 00 00 00 00 00 00 00  ................ [zeros]
00001740:  00 00 00 00 00 00 00 00 00 00 00 00 00 00 00 00  ................ [zeros]
00001750:  00 00 00 00 00 00 00 00 00 00 00 00 00 00 00 00  ................ [zeros]
00001760:  00 00 00 00 00 00 00 00 00 00 00 00 00 00 00 00  ................ [zeros]
00001770:  00 00 00 00 00 00 00 00 00 00 00 00 00 00 00 00  ................ [zeros]
00001780:  00 00 00 00 00 00 00 00 00 00 00 00 00 00 00 00  ................ [zeros]
00001790:  00 00 00 00 00 00 00 00 00 00 00 00 00 00 00 00  ................ [zeros]
000017A0:  00 00 00 00 00 00 00 00 00 00 00 00 00 00 00 00  ................ [zeros]
000017B0:  00 00 00 00 00 00 00 00 00 00 00 00 00 00 00 00  ................ [zeros]
000017C0:  00 00 00 00 00 00 00 00 00 00 00 00 00 00 00 00  ................ [zeros]
000017D0:  00 00 00 00 00 00 00 00 00 00 00 00 00 00 00 00  ................ [zeros]
000017E0:  00 00 00 00 00 00 00 00 00 00 00 00 00 00 00 00  ................ [zeros]
000017F0:  00 00 00 00 00 00 00 00 00 00 00 00 00 00 00 00  ................ [zeros]
00001800:  00 00 00 00 00 00 00 00 00 00 00 00 00 00 00 00  ................ [zeros]
00001810:  00 00 00 00 00 00 00 00 00 00 00 00 00 00 00 00  ................ [zeros]
00001820:  00 00 00 00 00 00 00 00 00 00 00 00 00 00 00 00  ................ [zeros]
00001830:  00 00 00 00 00 00 00 00 00 00 00 00 00 00 00 00  ................ [zeros]
00001840:  00 00 00 00 00 00 00 00 00 00 00 00 00 00 00 00  ................ [zeros]
00001850:  00 00 00 00 00 00 00 00 00 00 00 00 00 00 00 00  ................ [zeros]
00001860:  00 00 00 00 00 00 00 00 00 00 00 00 00 00 00 00  ................ [zeros]
00001870:  00 00 00 00 00 00 00 00 00 00 00 00 00 00 00 00  ................ [zeros]
00001880:  00 00 00 00 00 00 00 00 00 00 00 00 00 00 00 00  ................ [zeros]
00001890:  00 00 00 00 00 00 00 00 00 00 00 00 00 00 00 00  ................ [zeros]
000018A0:  00 00 00 00 00 00 00 00 00 00 00 00 00 00 00 00  ................ [zeros]
000018B0:  00 00 00 00 00 00 00 00 00 00 00 00 00 00 00 00  ................ [zeros]
000018C0:  00 00 00 00 00 00 00 00 00 00 00 00 00 00 00 00  ................ [zeros]
000018D0:  00 00 00 00 00 00 00 00 00 00 00 00 00 00 00 00  ................ [zeros]
000018E0:  00 00 00 00 00 00 00 00 00 00 00 00 00 00 00 00  ................ [zeros]
000018F0:  00 00 00 00 00 00 00 00 00 00 00 00 00 00 00 00  ................ [zeros]
00001900:  00 00 00 00 00 00 00 00 00 00 00 00 00 00 00 00  ................ [zeros]
00001910:  00 00 00 00 00 00 00 00 00 00 00 00 00 00 00 00  ................ [zeros]
00001920:  00 00 00 00 00 00 00 00 00 00 00 00 00 00 00 00  ................ [zeros]
00001930:  00 00 00 00 00 00 00 00 00 00 00 00 00 00 00 00  ................ [zeros]
00001940:  00 00 00 00 00 00 00 00 00 00 00 00 00 00 00 00  ................ [zeros]
00001950:  00 00 00 00 00 00 00 00 00 00 00 00 00 00 00 00  ................ [zeros]
00001960:  00 00 00 00 00 00 00 00 00 00 00 00 00 00 00 00  ................ [zeros]
00001970:  00 00 00 00 00 00 00 00 00 00 00 00 00 00 00 00  ................ [zeros]
00001980:  00 00 00 00 00 00 00 00 00 00 00 00 00 00 00 00  ................ [zeros]
00001990:  00 00 00 00 00 00 00 00 00 00 00 00 00 00 00 00  ................ [zeros]
000019A0:  00 00 00 00 00 00 00 00 00 00 00 00 00 00 00 00  ................ [zeros]
000019B0:  00 00 00 00 00 00 00 00 00 00 00 00 00 00 00 00  ................ [zeros]
000019C0:  00 00 00 00 00 00 00 00 00 00 00 00 00 00 00 00  ................ [zeros]
000019D0:  00 00 00 00 00 00 00 00 00 00 00 00 00 00 00 00  ................ [zeros]
000019E0:  00 00 00 00 00 00 00 00 00 00 00 00 00 00 00 00  ................ [zeros]
000019F0:  00 00 00 00 00 00 00 00 00 00 00 00 00 00 00 00  ................ [zeros]
00001A00:  00 00 00 00 00 00 00 00 00 00 00 00 00 00 00 00  ................ [zeros]
00001A10:  00 00 00 00 00 00 00 00 00 00 00 00 00 00 00 00  ................ [zeros]
00001A20:  00 00 00 00 00 00 00 00 00 00 00 00 00 00 00 00  ................ [zeros]
00001A30:  00 00 00 00 00 00 00 00 00 00 00 00 00 00 00 00  ................ [zeros]
00001A40:  00 00 00 00 00 00 00 00 00 00 00 00 00 00 00 00  ................ [zeros]
00001A50:  00 00 00 00 00 00 00 00 00 00 00 00 00 00 00 00  ................ [zeros]
00001A60:  00 00 00 00 00 00 00 00 00 00 00 00 00 00 00 00  ................ [zeros]
00001A70:  00 00 00 00 00 00 4C 43 76 A5 BB DC 17 A4 D7 62  ......LCv......b
00001A80:  A1 7D 2F 50 48 20 E6 A3 C3 BC AD 46 0B 30 C2 03  .}/PH .....F.0..
00001A90:  72 C1 19 63 4E 31 9D 0F 1A 5E EB 1E AD 8B 96 98  r..cN1...^......
00001AA0:  01 B4 42 5D DA 8F A1 D9 6B 69 06 D9 30 8F 6F FD  ..B]....ki..0.o.
00001AB0:  39 06 57 40 B6 11 89 47 49 FF 25 CA 99 C7 95 2C  9.W@...GI.%....,
00001AC0:  B8 A3 F2 8F 07 F1 8E A1 A4 F4 5B 4C 8C 6E 5B AE  ..........[L.n[.
00001AD0:  61 71 85 8B 84 D5 63 00 B4 47 16 B6 33 74 67 40  aq....c..G..3tg@
00001AE0:  66 DB C9 04 F6 23 11 BA 0A 74 99 72 22 80 44 03  f....#...t.r".D.
00001AF0:  32 62 BC 54 2B D4 DF F1 1D FD 3D D2 A9 43 01 65  2b.T+.....=..C.e
00001B00:  33 18 12 2E 2E 05 4B C0 E7 A3 26 D6 92 BA E4 89  3.....K...&.....
00001B10:  28 96 B8 E4 AC CE C3 63 4B 10 E4 B6 86 E9 7C A9  (......cK.....|.
00001B20:  CD 27 8A F6 08 32 46 9D 52 B0 8E 52 02 12 75 4B  .'...2F.R..R..uK
00001B30:  C8 6D 02 26 A8 D4 68 95 81 C0 48 14 F3 3D 02 ED  .m.&..h...H..=..
00001B40:  43 2F D6 E6 4E 88 BC 63 3D C7 2B 50 0B 18 0C 4C  C/..N..c=.+P...L
00001B50:  15 B7 15 DE 2F F0 6B 70 56 45 73 E1 0E E6 14 C9  ..../.kpVEs.....
00001B60:  FD 54 D7 41 2D 12 1E C9 E2 3A 7B E4 0E 5D 65 3E  .T.A-....:{..]e>
00001B70:  62 79 35 84 58 AF 0B 03 40 09 16 EF 66 45 97 02  by5.X...@...fE..
00001B80:  21 D5 87 B4 62 F9 21 88 BB 4C 75 02 9E 92 76 FD  !...b.!..Lu...v.
00001B90:  C6 61 5C 24 A6 77 AC 3A AF 8B 96 27 A2 45 86 A2  .a\$.w.:...'.E..
00001BA0:  FE 73 DE C4 A5 EE C7 79 87 5F 62 B2 BD C9 11 C4  .s.....y._b.....
00001BB0:  E2 57 90 94 FF 7B 06 8A EC 85 59 F7 81 0D B4 25  .W...{....Y....%
00001BC0:  6B 77 06 F7 4D 7F D3 04 37 02 78 CB 05 FC E0 49  kw..M...7.x....I
00001BD0:  20 6C B3 83 80 1D E2 F0 6D 9B 86 13 B1 6D 26 BD   l......m....m&.
00001BE0:  64 35 C0 BA 31 4E BD FE 49 0A FB 0B 86 9A 08 2F  d5..1N..I....../
00001BF0:  1A AA 52 7E D1 B6 A3 14 45 41 DB CA 90 5D 34 19  ..R~....EA...]4.
00001C00:  72 23 06 B3 3A DC 29 87 C3 C6 50 49 83 CD 4B 5C  r#..:.)...PI..K\
00001C10:  4A A6 A2 14 23 5E A8 40 92 C6 A1 5F 4F 4B 40 BC  J...#^.@..._OK@.
00001C20:  4A 6A A8 6F 53 6A 9E D9 E4 86 68 FB 97 71 DD 14  Jj.oSj....h..q..
00001C30:  28 78 DC 66 C7 12 67 26 36 A1 FB CE B9 65 58 F8  (x.f..g&6....eX.
00001C40:  80 26 01 EB 7D F0 8E F9 09 AE B2 A4 6D FE D9 B6  .&..}.......m...
00001C50:  B5 C6 A6 CC 3E 2A D5 7A 3A D4 DC DC 70 8A 44 D9  ....>*.z:...p.D.
00001C60:  80 63 93 33 D9 76 ED C9 CB A1 6C 5F 6B 31 5F BA  .c.3.v....l_k1_.
00001C70:  F0 AF 0C DE 49 BE F9 CF C8 8C D9 82 DE 23 53 C6  ....I........#S.
00001C80:  3A 4B 88 75 80 C9 D8 71 EE 53 AD D9 9F 86 DD 97  :K.u...q.S......
00001C90:  F2 09 E6 8B 9E 2E 7A C7 90 AC 5E 72 C9 C4 9E B9  ......z...^r....
00001CA0:  99 33 2B 97 94 2E F8 E9 EC 57 E3 1F 8A 36 F5 1D  .3+......W...6..
00001CB0:  F5 DC 77 10 89 93 E3 04 60 0D 6E B0 80 FA 3B 61  ..w.....`.n...;a
00001CC0:  E4 2B 82 6C 31 8F 0B AB 08 1C 2F BF 54 E8 04 C0  .+.l1...../.T...
00001CD0:  F3 57 66 54 02 6E E9 CF 1F D4 53 BB 37 D3 53 BE  .WfT.n....S.7.S.
00001CE0:  EF 23 2A 18 03 95 5F 49 F0 3E E7 23 AE 64 C1 80  .#*..._I.>.#.d..
00001CF0:  BE 56 F4 43 D2 49 F7 68 68 D7 D5 4A E9 B2 87 23  .V.C.I.hh..J...#
00001D00:  E2 C5 EC 0C E6 6E 62 E8 91 01 1A BC 3F E1 88 DC  .....nb.....?...
00001D10:  E3 B7 72 55 88 06 93 7F C9 9F 79 43 2B F2 88 2E  ..rU......yC+...
00001D20:  9B 0D C9 41 D1 5E F6 A4 1A E1 83 8A F5 D3 04 0F  ...A.^..........
00001D30:  00 97 CE AE A2 F0 59 7A 99 16 D4 A9 89 0A A0 3F  ......Yz.......?
00001D40:  F2 69 E1 78 5A 72 EA EE 54 72 FB 65 CB 43 D1 77  .i.xZr..Tr.e.C.w
00001D50:  81 7E 30 D0 41 DA AF 9B 7C E9 95 34 C4 9B FC FB  .~0.A...|..4....
00001D60:  C5 58 F2 14 77 1D CE 08 20 4A C5 6D 17 AB 6B A6  .X..w... J.m..k.
00001D70:  05 CD 07 96 BD 3A 1B CA 90 32 2C 71 02 F9 27 53  .....:...2,q..'S
00001D80:  63 25 AE 78 C6 0D A6 DE D6 F0 4A 0F 9B 8A 24 AF  c%.x......J...$.
00001D90:  7A DA 40 94 88 F9 24 BE F6 3F 30 E9 45 59 00 AB  z.@...$..?0.EY..
00001DA0:  74 6A B9 92 55 4B 5E F5 E3 A5 D1 5C DF 0E 07 93  tj..UK^....\....
00001DB0:  4E 2A 23 37 6A C9 BB A3 95 95 40 21 15 34 2A C8  N*#7j.....@!.4*.
00001DC0:  78 FD A1 69 1F 2D 7B 0F 6F 6B 3B 00 34 69 56 32  x..i.-{.ok;.4iV2
00001DD0:  A8 2D 8E F5 1D F9 DD 27 D4 C8 16 C3 E0 9B F7 25  .-.....'.......%
00001DE0:  0A 5A E2 51 50 EB 24 CF C6 39 1D DE 8E BF 1D DA  .Z.QP.$..9......
00001DF0:  B2 08 5C 1E 0C 5F B9 A4 6C B7 80 E8 D4 6B F0 78  ..\.._..l....k.x
00001E00:  B4 7F 30 3A A9 2C 2F 63 83 8D 5C 2F 0E E6 01 93  ..0:.,/c..\/....
00001E10:  18 63 AD F1 12 D2 1D 01 C9 D7 52 08 1F 84 80 2C  .c........R....,
00001E20:  82 A9 EE 4F 6C EA 81 B8 98 D3 A5 25 2A A3 5D F9  ...Ol......%*.].
00001E30:  F8 1E B2 ED DB AE E9 7F CF 28 89 63 A9 6A 54 58  .........(.c.jTX
00001E40:  1F BA 7F F1 DB 3B D4 13 24 68 BF BA E7 E0 C4 0F  .....;..$h......
00001E50:  84 96 37 D8 9F 57 73 9F A6 38 26 93 FF B4 45 25  ..7..Ws..8&...E%
00001E60:  E9 43 86 27 13 B7 98 5D 3E 1A EE E2 07 0B 9D 95  .C.'...]>.......
00001E70:  1E 87 27 23 50 66 A2 80 24 7B FA C3 40 A6 22 0A  ..'#Pf..${..@.".
00001E80:  5D 3B 88 6E 79 02 F3 E9 F9 4C 01 09 2B C4 3F 5E  ];.ny....L..+.?^
00001E90:  A6 79 49 4E 76 26 67 B5 8F D2 6E CF F8 0F B0 D1  .yINv&g...n.....
00001EA0:  DD 3E 98 B3 E6 68 03 09 8B 87 C5 F2 60 D8 72 5E  .>...h......`.r^
00001EB0:  7C 1E 87 AE A5 A2 48 65 40 B4 6E 41 37 C4 21 72  |.....He@.nA7.!r
00001EC0:  9D 83 BE DA 0F 0E D3 72 7D 4B F6 F2 6F 3C 3D 5B  .......r}K..o<=[
00001ED0:  9F C4 76 D8 5B C8 68 9C 82 CC 87 D4 DF 8D C6 D8  ..v.[.h.........
00001EE0:  E6 C7 2E 99 29 0C 23 D1 5A 73 E3 90 1B DD DB 7F  ....).#.Zs......
00001EF0:  7D 26 F9 3A 64 2F 8E AE D6 04 72 6E 69 77 4F 39  }&.:d/....rniwO9
00001F00:  61 D7 CE 82 7A 3F 3F D5 16 36 EE 5D E5 D8 1E DE  a...z??..6.]....
00001F10:  6F 32 E6 EB D2 AD EE 00 D8 35 FD 93 2F 15 EA 0C  o2.......5../...
00001F20:  B4 B5 48 CD DE E0 4A 1A 07 C2 A1 28 9C 2E 5A 5B  ..H...J....(..Z[
00001F30:  2B 70 85 66 50 BB D9 64 8C 23 32 9D 51 E1 5B 1E  +p.fP..d.#2.Q.[.
00001F40:  76 F7 C7 C7 55 9F E1 51 C8 0D 7F CC 2A 68 62 70  v...U..Q....*hbp
00001F50:  B8 30 E3 6E C5 C8 0E D1 EE 77 12 E4 E2 A6 E4 8E  .0.n.....w......
00001F60:  9F CD 90 6E D5 93 65 8E 2B 22 EB BF 3D D3 1A 5E  ...n..e.+"..=..^
00001F70:  B7 7F BD D3 C8 51 48 61 A8 1D FA 63 0D 92 09 8F  .....QHa...c....
00001F80:  20 2C 01 B3 6F 1A FA AA 15 29 FE EE DE C2 D2 D6   ,..o....)......
00001F90:  3C A5 47 61 97 ED 5E F5 E3 A5 D1 5C DF 0E 07 93  <.Ga..^....\....
00001FA0:  4E 2A 23 37 6A C9 16 F1 75 35 56 29 66 F8 BE BC  N*#7j...u5V)f...
00001FB0:  C9 F0 EB AF 1B 92 A5 33 FD EC F0 7E 30 37 5C 9D  .......3...~07\.
00001FC0:  48 F3 81 AA 14 F8 DD 27 D4 C8 16 C3 E0 9B F7 25  H......'.......%
00001FD0:  0A 5A E2 51 50 EB 66 74 3A C4 91 FC B7 48 84 29  .Z.QP.ft:....H.)
00001FE0:  FA 65 F2 7E 74 17 49 05 18 12 A6 83 9F FC 16 B8  .e.~t.I.........
00001FF0:  D3 E0 51 FB 58 18 32 A0 1A F5 96 F3 09 EA 64 47  ..Q.X.2.......dG
00002000:  39 51 AA 56 55 23 CF 16 2F 04 4E F5 D3 0D 6D 62  9Q.VU#../.N...mb
00002010:  DA DC 54 25 41 EC E2 F0 6D 9B 86 13 B1 6D 26 BD  ..T%A...m....m&.
00002020:  64 35 C0 BA 31 4E 45 3F E1 F0 08 B9 1B F0 8A DA  d5..1NE?........
00002030:  20 59 E4 E4 F1 9F 9D 65 55 2D AA 34 C1 97 04 09   Y.....eU-.4....
00002040:  CA A6 AE C3 D3 25 26 69 E9 B5 89 9B 3C 6A 7F 3F  .....%&i....<j.?
00002050:  94 F6 2E 11 3A CD 9A 0F 78 37 1C 83 95 C7 A9 83  ....:...x7......
00002060:  48 C0 E5 A0 B8 10 B8 CD D4 3C FD 19 99 27 08 C7  H........<...'..
00002070:  7C 91 C1 05 25 B3 07 E9 2F 80 EB F9 2C AC 77 5B  |...%.../...,.w[
00002080:  3D 85 3C 85 07 F8 25 77 52 27 C7 24 CA 69 A6 5F  =.<...%wR'.$.i._
00002090:  37 65 8B 84 38 D5 D2 3D 49 41 3B 17 5F C6 27 57  7e..8..=IA;._.'W
000020A0:  E8 59 AE 66 14 B8 9B 4D C1 0D 04 C6 68 B1 BB 2D  .Y.f...M....h..-
000020B0:  4A 30 60 0A 21 AA 6A D6 B9 B1 72 FC B3 3F 3B E7  J0`.!.j...r..?;.
000020C0:  C7 1C 58 49 EB 54 10 75 0C F2 A6 8D 7C 20 2D 7C  ..XI.T.u....| -|
000020D0:  4F 4F 33 AC 53 77 B6 4B 29 D3 74 EE 54 1D B3 3E  OO3.Sw.K).t.T..>
000020E0:  75 18 7F E8 F2 F1 EF EA 20 B8 45 9F 31 99 5F EE  u....... .E.1._.
000020F0:  ED A2 F4 BD A1 9A 4B 9D 93 F6 02 08 FD A9 1C 5C  ......K........\
00002100:  3F 9D 74 C1 3D 32 0E 38 3B 1C E7 2E D2 60 64 D6  ?.t.=2.8;....`d.
00002110:  6C A3 27 CC 2C F6 D8 DF 3F F2 80 E8 32 7B 29 E4  l.'.,...?...2{).
00002120:  74 9F AF C0 59 7D 16 FF B5 17 B7 73 5C AD 87 1F  t...Y}.....s\...
00002130:  39 CE A2 8E 00 6A 45 3F E1 F0 08 B9 1B F0 8A DA  9....jE?........
00002140:  20 59 E4 E4 F1 9F 9D 65 55 2D AA 34 C1 97 04 09   Y.....eU-.4....
00002150:  CA A6 AE C3 D3 25 26 69 E9 B5 89 9B 3C 6A 7F 3F  .....%&i....<j.?
00002160:  94 F6 2E 11 3A CD 2B 4D 09 EB 0E 4A 7F B7 51 97  ....:.+M...J..Q.
00002170:  4F 11 52 2F 83 6A 6A E1 91 05 02 CD 4E DF 7E 67  O.R/.jj.....N.~g
00002180:  6F 33 8E 0E DB 88 9B 4D C1 0D 04 C6 68 B1 BB 2D  o3.....M....h..-
00002190:  4A 30 60 0A 21 AA 11 DA 46 A6 1D 8B EA AE 20 0F  J0`.!...F..... .
000021A0:  01 5A 8D 08 39 87 A2 80 24 7B FA C3 40 A6 22 0A  .Z..9...${..@.".
000021B0:  5D 3B 88 6E 79 02 B4 28 73 04 D1 4E 47 04 EF D0  ];.ny..(s..NG...
000021C0:  D8 02 33 09 81 F5 84 C5 EC 19 1E E8 BB 75 10 61  ..3..........u.a
000021D0:  81 A2 B7 2C 38 5C 2D 12 4D 42 B4 19 CC 35 65 3A  ...,8\-.MB...5e:
000021E0:  42 5C 46 B9 38 7E 70 31 86 19 50 46 54 16 6C A3  B\F.8~p1..PFT.l.
000021F0:  29 32 3D 14 8A D5 EE DA F0 74 32 71 5F 64 5E 1E  )2=......t2q_d^.
00002200:  54 FE 8A C6 0F 01 AB 80 31 2C ED AC 57 F8 68 02  T.......1,..W.h.
00002210:  2D 81 03 2B DD 36 41 6F 0B 19 D8 57 39 DB BF CA  -..+.6Ao...W9...
00002220:  12 B5 47 8F A9 A5 5B BF 31 08 AA E5 9C 76 29 98  ..G...[.1....v).
00002230:  62 DC A5 C0 1D 0D E1 51 C8 0D 7F CC 2A 68 62 70  b......Q....*hbp
00002240:  B8 30 E3 6E C5 C8 0E D1 EE 77 12 E4 E2 A6 E4 8E  .0.n.....w......
00002250:  9F CD 90 6E D5 93 65 8E 2B 22 EB BF 3D D3 1A 5E  ...n..e.+"..=..^
00002260:  B7 7F BD D3 C8 51 48 61 A8 1D FA 63 0D 92 09 8F  .....QHa...c....
00002270:  20 2C 01 B3 6F 1A B2 A1 4A 8F 2C 65 D6 7C 48 9E   ,..o...J.,e.|H.
00002280:  B2 8D 90 A4 45 E0 CB 8B F5 9F 7C 66 C0 2B 55 A9  ....E.....|f.+U.
00002290:  AB A7 E5 6B 9D 44 F8 9E BE 5E B0 C3 DB C4 4F 43  ...k.D...^....OC
000022A0:  B6 3B CD 4E 26 F8 A5 33 FD EC F0 7E 30 37 5C 9D  .;.N&..3...~07\.
000022B0:  48 F3 81 AA 14 F8 DD 27 D4 C8 16 C3 E0 9B F7 25  H......'.......%
000022C0:  0A 5A E2 51 50 EB 2A B9 42 39 3E C2 E4 DC 46 86  .Z.QP.*.B9>...F.
000022D0:  67 45 6B 6F 1C 0A 49 05 18 12 A6 83 9F FC 16 B8  gEko..I.........
000022E0:  D3 E0 51 FB 58 18 2F 63 83 8D 5C 2F 0E E6 01 93  ..Q.X./c..\/....
000022F0:  18 63 AD F1 12 D2 1D 01 C9 D7 52 08 1F 84 80 2C  .c........R....,
00002300:  82 A9 EE 4F 6C EA 81 B8 98 D3 A5 25 2A A3 5D F9  ...Ol......%*.].
00002310:  F8 1E B2 ED DB AE E9 7F CF 28 89 63 A9 6A 54 58  .........(.c.jTX
00002320:  1F BA 7F F1 DB 3B E5 43 52 DB 51 83 F5 DA 8A 9A  .....;.CR.Q.....
00002330:  D9 B1 28 2A 10 D6 59 C0 BB 08 08 F9 BD 47 57 4A  ..(*..Y......GWJ
00002340:  12 BF 3F C5 66 72 1C 71 AC 66 B3 30 FF AB 72 12  ..?.fr.q.f.0..r.
00002350:  4C 33 71 51 61 B7 3E 17 FC 04 46 18 CE EE 9D 22  L3qQa.>...F...."
00002360:  F1 03 EB 94 8D 7D 02 2A 10 46 C5 6B 6D E8 A6 18  .....}.*.F.km...
00002370:  42 BD 71 A2 02 6E 1F 0B 08 51 51 BF A7 08 BF C6  B.q..n...QQ.....
00002380:  64 EB DC 59 33 E2 FD E2 C2 10 BA 6D 8A 38 47 87  d..Y3......m.8G.
00002390:  34 5E 4D 56 49 80 66 5B F6 5B A4 4D 95 7F 1A AB  4^MVI.f[.[.M....
000023A0:  C2 1C C6 9A 5E 6C 1F FD 94 00 04 18 A1 41 D6 64  ....^l.......A.d
000023B0:  34 A4 5A 69 78 EA E3 04 60 0D 6E B0 80 FA 3B 61  4.Zix...`.n...;a
000023C0:  E4 2B 82 6C 31 8F 0B AB 08 1C 2F BF 54 E8 04 C0  .+.l1...../.T...
000023D0:  F3 57 66 54 02 6E E9 CF 1F D4 53 BB 37 D3 53 BE  .WfT.n....S.7.S.
000023E0:  EF 23 2A 18 03 95 5F 49 F0 3E E7 23 AE 64 C1 80  .#*..._I.>.#.d..
000023F0:  BE 56 F4 43 D2 49 D4 6D CF 9E 77 D2 FE 1D 5C A4  .V.C.I.m..w...\.
00002400:  4B 0F DA AA 33 BC 62 E8 91 01 1A BC 3F E1 88 DC  K...3.b.....?...
00002410:  E3 B7 72 55 88 06 28 AC FE EF 7C 76 C9 62 EA BC  ..rU..(...|v.b..
00002420:  99 E8 E5 7F 04 A4 F6 A4 1A E1 83 8A F5 D3 04 0F  ................
00002430:  00 97 CE AE A2 F0 59 7A 99 16 D4 A9 89 0A A0 3F  ......Yz.......?
00002440:  F2 69 E1 78 5A 72 92 C0 E1 02 8A 3A A6 A7 59 F9  .i.xZr.....:..Y.
00002450:  4D 89 C4 DF 74 65 AF 9B 7C E9 95 34 C4 9B FC FB  M...te..|..4....
00002460:  C5 58 F2 14 77 1D CE 08 20 4A C5 6D 17 AB 6B A6  .X..w... J.m..k.
00002470:  05 CD 07 96 BD 3A 1B CA 90 32 2C 71 02 F9 27 53  .....:...2,q..'S
00002480:  63 25 AE 78 C6 0D A6 DE D6 F0 4A 0F 9B 8A 24 AF  c%.x......J...$.
00002490:  7A DA 40 94 88 F9 15 0B CD 9D 8B A9 DF 93 D6 6C  z.@............l
000024A0:  4C 70 DF AC E4 80 D3 50 1B 0A 24 00 79 97 F5 1B  Lp.....P..$.y...
000024B0:  9D 8B 10 10 67 BC 75 6C C7 BC A2 AF 3A E6 D6 02  ....g.ul....:...
000024C0:  D4 B8 67 A7 E8 18 49 05 18 12 A6 83 9F FC 16 B8  ..g...I.........
000024D0:  D3 E0 51 FB 58 18 32 A0 1A F5 96 F3 09 EA 64 47  ..Q.X.2.......dG
000024E0:  39 51 AA 56 55 23 69 0B 17 DF 88 41 97 38 96 EC  9Q.VU#i....A.8..
000024F0:  4C 99 5A 54 9A C1 16 FF B5 17 B7 73 5C AD 87 1F  L.ZT.......s\...
00002500:  39 CE A2 8E 00 6A 45 3F E1 F0 08 B9 1B F0 8A DA  9....jE?........
00002510:  20 59 E4 E4 F1 9F 9D 65 55 2D AA 34 C1 97 04 09   Y.....eU-.4....
00002520:  CA A6 AE C3 D3 25 26 69 E9 B5 89 9B 3C 6A 7F 3F  .....%&i....<j.?
00002530:  94 F6 2E 11 3A CD 8D 46 C5 D5 40 A1 6D 63 C2 9B  ....:..F..@.mc..
00002540:  1B BA 48 38 AE 2C 65 C3 A8 A5 66 4F 04 7A 23 2D  ..H8.,e...fO.z#-
00002550:  5D 2F DC 9C 6F EE 88 8D C5 18 5A 85 61 BF F7 0E  ]/..o.....Z.a...
00002560:  11 8F 80 3C 65 94 26 88 19 66 B3 F7 00 DA 4E B5  ...<e.&..f....N.
00002570:  0C FF 54 E9 BF 28 D8 71 EE 53 AD D9 9F 86 DD 97  ..T..(.q.S......
00002580:  F2 09 E6 8B 9E 2E 5C CE E9 95 26 2A 92 13 9C 53  ......\...&*...S
00002590:  32 80 24 66 53 24 80 1B 8F 9A DB 95 2A 14 E3 A0  2.$fS$......*...
000025A0:  30 F9 07 B6 97 D1 B9 2D 02 7A DA CF F2 93 88 08  0......-.z......
000025B0:  E1 D4 54 95 7A BE 0B AB 08 1C 2F BF 54 E8 04 C0  ..T.z...../.T...
000025C0:  F3 57 66 54 02 6E 19 D1 E9 F9 4B C8 D0 0D E0 C2  .WfT.n....K.....
000025D0:  47 3B 32 87 D9 09 EB 49 29 50 4C 7B E8 4E 24 80  G;2....I)PL{.N$.
000025E0:  4A 89 22 73 21 79 8E 4C CA B1 C9 CE B1 01 1B 3F  J."s!y.L.......?
000025F0:  CB 20 76 2D A6 AC 45 8C C4 9F F3 9D 95 2F 8A B9  . v-..E....../..
00002600:  19 AC D1 8B E8 17 1F F6 E7 85 B4 AC D6 97 D1 2F  .............../
00002610:  71 1A 8C FD BC E9 51 9E C5 EF 5E FF AC 90 23 DD  q.....Q...^...#.
00002620:  6B 2A 5C 4A AD CC EF B0 68 43 06 D7 9B 65 90 7D  k*\J....hC...e.}
00002630:  7B 9A 39 8C DF 56 F2 00 06 C3 D8 30 39 45 80 D9  {.9..V.....09E..
00002640:  8C 93 9C 61 8F CC 50 F0 70 9B C6 20 F7 BC C9 59  ...a..P.p.. ...Y
00002650:  13 A5 30 A3 23 3B F0 2C 3B 18 9E 9E 55 84 6E 89  ..0.#;.,;...U.n.
00002660:  EB 0A 43 F5 26 58 D1 9E 4D D3 9E 13 08 D7 69 6B  ..C.&X..M.....ik
00002670:  D5 75 A9 25 5F 71 0F DA 83 6C 6E 17 BC 30 E9 1B  .u.%_q...ln..0..
00002680:  FF 6C 53 C4 FD A2 F2 53 CA 68 E8 55 46 55 59 99  .lS....S.h.UFUY.
00002690:  94 50 4F 07 8D E7 0B C8 B5 50 46 2E 45 C7 9D B1  .PO......PF.E...
000026A0:  1A E6 45 1E 3A 26 D8 BA BE 95 5B C5 32 0D B1 83  ..E.:&....[.2...
000026B0:  53 C2 8B 8D 78 4C 98 47 BC B2 87 5E 71 1A 95 1B  S...xL.G...^q...
000026C0:  60 A1 9D 42 3F 4C 9D 0F 1A 5E EB 1E AD 8B 96 98  `..B?L...^......
000026D0:  01 B4 42 5D DA 8F A1 D9 6B 69 06 D9 30 8F 6F FD  ..B]....ki..0.o.
000026E0:  39 06 57 40 B6 11 CF D7 05 45 F1 00 97 2D 2D 90  9.W@.....E...--.
000026F0:  6D 61 D8 99 68 73 8E A1 A4 F4 5B 4C 8C 6E 5B AE  ma..hs....[L.n[.
00002700:  61 71 85 8B 84 D5 63 00 B4 47 16 B6 33 74 67 40  aq....c..G..3tg@
00002710:  66 DB C9 04 F6 23 11 BA 0A 74 99 72 22 80 44 03  f....#...t.r".D.
00002720:  32 62 BC 54 2B D4 DF F1 1D FD 3D D2 A9 43 01 65  2b.T+.....=..C.e
00002730:  33 18 12 2E 2E 05 F2 F3 44 79 9F A7 AB 77 AE AA  3.......Dy...w..
00002740:  90 47 38 5F 38 44 EE B2 11 02 69 C6 FA 9D EE F7  .G8_8D....i.....
00002750:  21 D5 08 05 1F 0D 3B DC 72 C2 40 3C 16 83 22 88  !.....;.r.@<..".
00002760:  91 EC E9 32 6A 78 74 07 E5 6A 47 FD CA 54 46 36  ...2jxt..jG..TF6
00002770:  FC CB BC 34 CB AF 8A CB EF F2 06 36 BE 3F B5 67  ...4.......6.?.g
00002780:  FB 7B BE A5 4B A6 CA 08 68 7C FB 4A DA 87 A1 87  .{..K...h|.J....
00002790:  F6 F2 33 37 54 E4 C4 5A EA FD D1 4A AD 3B 45 0C  ..37T..Z...J.;E.
000027A0:  0E D8 09 53 63 A8 90 8A 29 44 D1 AB 4D 89 11 1E  ...Sc...)D..M...
000027B0:  F9 BD 99 C6 26 67 4A C0 A2 26 25 97 08 8A 41 FE  ....&gJ..&%...A.
000027C0:  CC 4A 85 C3 5A 0D 57 8B 91 22 59 40 2E 8B 0F 0A  .J..Z.W.."Y@....
000027D0:  DA A8 EE 08 94 9A 85 67 2F 0B B0 68 67 17 5E E5  .......g/..hg.^.
000027E0:  D4 08 F7 7C 84 3A 38 4C 38 22 42 43 47 66 EF F5  ...|.:8L8"BCGf..
000027F0:  50 FB 84 05 3C 22 2B 59 9A 08 A3 CE 7C 03 AB 99  P...<"+Y....|...
00002800:  C0 B5 F7 BF DE FD 62 CE 21 C3 63 CA E0 8B DD C0  ......b.!.c.....
00002810:  1D D5 E9 E0 40 BB BD FE 49 0A FB 0B 86 9A 08 2F  ....@...I....../
00002820:  1A AA 52 7E D1 B6 CA 32 7A 07 CE 38 37 24 41 68  ..R~...2z..87$Ah
00002830:  A8 B8 A1 10 95 51 29 87 C3 C6 50 49 83 CD 4B 5C  .....Q)...PI..K\
00002840:  4A A6 A2 14 23 5E A8 40 92 C6 A1 5F 4F 4B 40 BC  J...#^.@..._OK@.
00002850:  4A 6A A8 6F 53 6A 9E D9 E4 86 68 FB 97 71 DD 14  Jj.oSj....h..q..
00002860:  28 78 DC 66 C7 12 67 26 36 A1 FB CE B9 65 58 F8  (x.f..g&6....eX.
00002870:  80 26 01 EB 7D F0 3C AD A3 EF 0F FE 13 FA D6 BD  .&..}.<.........
00002880:  4E AD 57 18 A7 08 6C D9 6B D3 AD 3E 4A D9 DE 03  N.W...l.k..>J...
00002890:  47 10 8C 72 3F 7E 92 7F AA FF C4 74 A1 83 1C 16  G..r?~.....t....
000028A0:  CF 37 DC 39 BA D3 26 2A D2 D3 E7 65 E3 41 96 3D  .7.9..&*...e.A.=
000028B0:  8B C3 24 7C AB 85 D8 71 EE 53 AD D9 9F 86 DD 97  ..$|...q.S......
000028C0:  F2 09 E6 8B 9E 2E 5C CE E9 95 26 2A 92 13 9C 53  ......\...&*...S
000028D0:  32 80 24 66 53 24 8D A0 1C CD 5B 0D FC D6 C0 CF  2.$fS$....[.....
000028E0:  70 DF 21 57 58 AD 35 A6 B6 C3 A7 20 54 76 CE FA  p.!WX.5.... Tv..
000028F0:  DF B2 8D 5E 3F A8 0B AB 08 1C 2F BF 54 E8 04 C0  ...^?...../.T...
00002900:  F3 57 66 54 02 6E E9 CF 1F D4 53 BB 37 D3 53 BE  .WfT.n....S.7.S.
00002910:  EF 23 2A 18 03 95 5F 49 F0 3E E7 23 AE 64 C1 80  .#*..._I.>.#.d..
00002920:  BE 56 F4 43 D2 49 CC 5A 4D D4 F5 24 C1 DC 12 BF  .V.C.I.ZM..$....
00002930:  E8 B0 87 A9 FA 48 62 E8 91 01 1A BC 3F E1 88 DC  .....Hb.....?...
00002940:  E3 B7 72 55 88 06 7B 57 1D 32 5B B3 50 0B F3 B6  ..rU..{W.2[.P...
00002950:  EF B1 8E 54 A1 64 81 C4 EE 82 09 DF 96 8F 4D 01  ...T.d........M.
00002960:  E5 FF 1D BD B4 B8 59 7A 99 16 D4 A9 89 0A A0 3F  ......Yz.......?
00002970:  F2 69 E1 78 5A 72 1A 5D 2C 8F F0 23 39 84 70 4C  .i.xZr.],..#9.pL
00002980:  F3 6F C9 DD 2A 6A 34 71 58 4C C8 CA 8A 27 59 D8  .o..*j4qXL...'Y.
00002990:  58 E1 3B 55 D4 44 CE 08 20 4A C5 6D 17 AB 6B A6  X.;U.D.. J.m..k.
000029A0:  05 CD 07 96 BD 3A 1B CA 90 32 2C 71 02 F9 27 53  .....:...2,q..'S
000029B0:  63 25 AE 78 C6 0D A6 DE D6 F0 4A 0F 9B 8A 24 AF  c%.x......J...$.
000029C0:  7A DA 40 94 88 F9 15 0B CD 9D 8B A9 DF 93 D6 6C  z.@............l
000029D0:  4C 70 DF AC E4 80 42 36 9E 9B 55 FE 89 CA 4C 49  Lp....B6..U...LI
000029E0:  01 1C A2 3C 58 63 34 92 78 B7 86 7A 30 D9 E7 FD  ...<Xc4.x..z0...
000029F0:  D1 CA A9 F1 DC 7C B9 A4 6C B7 80 E8 D4 6B F0 78  .....|..l....k.x
00002A00:  B4 7F 30 3A A9 2C 32 A0 1A F5 96 F3 09 EA 64 47  ..0:.,2.......dG
00002A10:  39 51 AA 56 55 23 7F A0 1E E4 7C 79 7A 7B 84 64  9Q.VU#....|yz{.d
00002A20:  84 E1 3D 64 1F 44 16 FF B5 17 B7 73 5C AD 87 1F  ..=d.D.....s\...
00002A30:  39 CE A2 8E 00 6A 45 3F E1 F0 08 B9 1B F0 8A DA  9....jE?........
00002A40:  20 59 E4 E4 F1 9F 9D 65 55 2D AA 34 C1 97 04 09   Y.....eU-.4....
00002A50:  CA A6 AE C3 D3 25 26 69 E9 B5 89 9B 3C 6A 7F 3F  .....%&i....<j.?
00002A60:  94 F6 2E 11 3A CD 2B 4D 09 EB 0E 4A 7F B7 51 97  ....:.+M...J..Q.
00002A70:  4F 11 52 2F 83 6A 91 7E 84 48 BA 95 9C 61 A4 29  O.R/.j.~.H...a.)
00002A80:  19 C7 07 8E 3B 53 EF EB B1 CC CB 48 D3 99 CD B1  ....;S.....H....
00002A90:  23 12 CB 52 84 A8 87 C2 F4 19 64 68 4B 6D 5B 39  #..R......dhKm[9
00002AA0:  15 9E 3C F1 DF 71 A2 80 24 7B FA C3 40 A6 22 0A  ..<..q..${..@.".
00002AB0:  5D 3B 88 6E 79 02 4A 31 CE 9F 66 EC C6 6F 24 22  ];.ny.J1..f..o$"
00002AC0:  2E 53 F0 9E A2 16 00 86 98 EB 2A F1 84 2E 12 BE  .S........*.....
00002AD0:  25 1F 45 B1 80 AC 03 09 8B 87 C5 F2 60 D8 72 5E  %.E.........`.r^
00002AE0:  7C 1E 87 AE A5 A2 48 65 40 B4 6E 41 37 C4 21 72  |.....He@.nA7.!r
00002AF0:  9D 83 BE DA 0F 0E D3 72 7D 4B F6 F2 6F 3C 3D 5B  .......r}K..o<=[
00002B00:  9F C4 76 D8 5B C8 4A 4C 1E 17 84 6E E9 F4 3D 6C  ..v.[.JL...n..=l
00002B10:  54 8E DB DC 41 06 23 D1 5A 73 E3 90 1B DD DB 7F  T...A.#.Zs......
00002B20:  7D 26 F9 3A 64 2F 8E AE D6 04 72 6E 69 77 4F 39  }&.:d/....rniwO9
00002B30:  61 D7 CE 82 7A 3F 52 9B 37 79 7D DB C1 6B 3B 3D  a...z?R.7y}..k;=
00002B40:  8F C0 2E 51 16 A1 EE 00 D8 35 FD 93 2F 15 EA 0C  ...Q.....5../...
00002B50:  B4 B5 48 CD DE E0 4A 1A 07 C2 A1 28 9C 2E 5A 5B  ..H...J....(..Z[
00002B60:  2B 70 85 66 50 BB D1 A3 D2 90 C9 DC 0F 7F D5 44  +p.fP..........D
00002B70:  93 75 68 75 9A AB DD AF CF B8 E8 AB 22 B5 34 EA  .uhu........".4.
00002B80:  62 AE 87 AB 60 34 CC 56 DC 64 9B 69 C8 78 F0 7F  b...`4.V.d.i.x..
00002B90:  C5 CA 7C A4 20 45 E4 44 4C 3D A9 D5 52 22 05 B1  ..|. E.DL=..R"..
00002BA0:  1F 2C 8F 92 5A 01 34 03 EA 88 4F 40 A3 86 DA 51  .,..Z.4...O@...Q
00002BB0:  2A E2 A0 34 C0 63 35 5D CD 67 50 AF FC F3 D3 A2  *..4.c5].gP.....
00002BC0:  7E C9 8C 64 B8 08 5C CE E9 95 26 2A 92 13 9C 53  ~..d..\...&*...S
00002BD0:  32 80 24 66 53 24 5B 64 3B 6F A2 70 1C 21 B1 C9  2.$fS$[d;o.p.!..
00002BE0:  60 CD 23 C8 1F 0B E0 79 E9 68 50 EE 8D 0D D4 AC  `.#....y.hP.....
00002BF0:  D6 2C 0A 16 10 D9 8B DC C5 C3 59 B1 D3 FB D9 46  .,........Y....F
00002C00:  7B 1A 05 BE 52 06 C2 F4 8D 04 ED E6 4B 43 C0 2A  {...R.......KC.*
00002C10:  CF 6A E0 14 B3 E8 3C 95 7E 1C 98 72 F1 3B 50 97  .j....<.~..r.;P.
00002C20:  7A CC D1 7A 23 04 0C 62 86 44 40 2D 70 1F 3C 4C  z..z#..b.D@-p.<L
00002C30:  5E FA 23 33 8E EC CD 01 B6 7D 38 BE 13 CB 3F 41  ^.#3.....}8...?A
00002C40:  01 13 BF 66 16 7D 34 71 58 4C C8 CA 8A 27 59 D8  ...f.}4qXL...'Y.
00002C50:  58 E1 3B 55 D4 44 CE 08 20 4A C5 6D 17 AB 6B A6  X.;U.D.. J.m..k.
00002C60:  05 CD 07 96 BD 3A 1B CA 90 32 2C 71 02 F9 27 53  .....:...2,q..'S
00002C70:  63 25 AE 78 C6 0D A6 DE D6 F0 4A 0F 9B 8A 24 AF  c%.x......J...$.
00002C80:  7A DA 40 94 88 F9 45 95 03 37 BE 0A 35 3F A5 F0  z.@...E..7..5?..
00002C90:  1F 04 62 7C B3 D8 67 39 48 F7 1A 9C 17 E5 01 CF  ..b|..g9H.......
00002CA0:  E5 C4 24 AB E7 1A F0 93 6F 24 25 BC C1 C5 FE 16  ..$.....o$%.....
00002CB0:  13 0B C8 77 8F 14 B9 A4 6C B7 80 E8 D4 6B F0 78  ...w....l....k.x
00002CC0:  B4 7F 30 3A A9 2C 32 A0 1A F5 96 F3 09 EA 64 47  ..0:.,2.......dG
00002CD0:  39 51 AA 56 55 23 5F 46 57 7E CF 17 E6 9F 2E 08  9Q.VU#_FW~......
00002CE0:  3D D2 2F 7A 3E E3 E2 F0 6D 9B 86 13 B1 6D 26 BD  =./z>...m....m&.
00002CF0:  64 35 C0 BA 31 4E 45 3F E1 F0 08 B9 1B F0 8A DA  d5..1NE?........
00002D00:  20 59 E4 E4 F1 9F 9D 65 55 2D AA 34 C1 97 04 09   Y.....eU-.4....
00002D10:  CA A6 AE C3 D3 25 26 69 E9 B5 89 9B 3C 6A 7F 3F  .....%&i....<j.?
00002D20:  94 F6 2E 11 3A CD B6 48 74 F6 29 F6 D4 C0 52 DE  ....:..Ht.)...R.
00002D30:  FE 8D 89 A7 DD 1F 8E 42 00 52 E4 D5 47 92 42 6D  .......B.R..G.Bm
00002D40:  AB 43 CA 2C BB 70 0E F6 0A 92 B5 C7 52 69 0D 8F  .C.,.p......Ri..
00002D50:  03 5A 39 E8 E5 F2 21 B9 EC 24 A8 C8 1F 79 09 DB  .Z9...!..$...y..
00002D60:  1E 69 EF CE 19 83 3E 17 FC 04 46 18 CE EE 9D 22  .i....>...F...."
00002D70:  F1 03 EB 94 8D 7D AB E1 17 22 9F 71 EC 21 28 BF  .....}...".q.!(.
00002D80:  87 F9 FF 4A 8B F7 1E F1 0C AC 90 8C 96 8F EB 09  ...J............
00002D90:  1B B2 F3 0E 6A D7 03 09 8B 87 C5 F2 60 D8 72 5E  ....j.......`.r^
00002DA0:  7C 1E 87 AE A5 A2 48 65 40 B4 6E 41 37 C4 21 72  |.....He@.nA7.!r
00002DB0:  9D 83 BE DA 0F 0E D3 72 7D 4B F6 F2 6F 3C 3D 5B  .......r}K..o<=[
00002DC0:  9F C4 76 D8 5B C8 6A 77 49 0B 6D E6 51 2B 04 07  ..v.[.jwI.m.Q+..
00002DD0:  AD E2 59 BE 45 07 43 45 8B 03 5E AC 05 E5 08 97  ..Y.E.CE..^.....
00002DE0:  27 5E 8B 01 09 88 62 E8 91 01 1A BC 3F E1 88 DC  '^....b.....?...
00002DF0:  E3 B7 72 55 88 06 40 C4 2A D1 71 D3 7A 91 B8 0B  ..rU..@.*.q.z...
00002E00:  C1 9C B3 04 31 03 F6 A4 1A E1 83 8A F5 D3 04 0F  ....1...........
00002E10:  00 97 CE AE A2 F0 59 7A 99 16 D4 A9 89 0A A0 3F  ......Yz.......?
00002E20:  F2 69 E1 78 5A 72 02 0A 29 37 AE 47 76 DD 55 1D  .i.xZr..)7.Gv.U.
00002E30:  1E F0 5E 05 F2 00 AF 9B 7C E9 95 34 C4 9B FC FB  ..^.....|..4....
00002E40:  C5 58 F2 14 77 1D CE 08 20 4A C5 6D 17 AB 6B A6  .X..w... J.m..k.
00002E50:  05 CD 07 96 BD 3A 1B CA 90 32 2C 71 02 F9 27 53  .....:...2,q..'S
00002E60:  63 25 AE 78 C6 0D A6 DE D6 F0 4A 0F 9B 8A 24 AF  c%.x......J...$.
00002E70:  7A DA 40 94 88 F9 76 E0 05 F3 84 BA 33 92 7B 02  z.@...v.....3.{.
00002E80:  8C B2 DD 16 98 47 75 28 B6 62 0D 7D 31 BD 86 D9  .....Gu(.b.}1...
00002E90:  76 EC 6D FD 0A 24 E7 21 87 3E 84 58 59 7F FD 4C  v.m..$.!.>.XY..L
00002EA0:  CC 3F 75 A8 1E 7A E2 F0 6D 9B 86 13 B1 6D 26 BD  .?u..z..m....m&.
00002EB0:  64 35 C0 BA 31 4E BD FE 49 0A FB 0B 86 9A 08 2F  d5..1N..I....../
00002EC0:  1A AA 52 7E D1 B6 64 47 CA 07 55 41 9B 18 83 8F  ..R~..dG..UA....
00002ED0:  12 A3 C8 91 19 84 29 87 C3 C6 50 49 83 CD 4B 5C  ......)...PI..K\
00002EE0:  4A A6 A2 14 23 5E A8 40 92 C6 A1 5F 4F 4B 40 BC  J...#^.@..._OK@.
00002EF0:  4A 6A A8 6F 53 6A 9E D9 E4 86 68 FB 97 71 DD 14  Jj.oSj....h..q..
00002F00:  28 78 DC 66 C7 12 67 26 36 A1 FB CE B9 65 58 F8  (x.f..g&6....eX.
00002F10:  80 26 01 EB 7D F0 E6 1B EE 12 1A FC FD 2C F6 39  .&..}........,.9
00002F20:  EA DD BF D6 AE 32 6C D9 6B D3 AD 3E 4A D9 DE 03  .....2l.k..>J...
00002F30:  47 10 8C 72 3F 7E 83 68 B8 C4 93 77 A1 D7 8F 1E  G..r?~.h...w....
00002F40:  F1 A8 76 F8 A3 F3 1C 8C DF 66 77 96 40 1A 1C 48  ..v......fw.@..H
00002F50:  BF 20 5D F5 34 15 D8 71 EE 53 AD D9 9F 86 DD 97  . ].4..q.S......
00002F60:  F2 09 E6 8B 9E 2E 4A BB BA 4E 57 02 73 66 D9 58  ......J..NW.sf.X
00002F70:  0D F6 B4 C8 1D 3A F2 60 01 05 FC 7F 0F 76 1F DE  .....:.`.....v..
00002F80:  70 B3 19 A1 C3 3C E3 04 60 0D 6E B0 80 FA 3B 61  p....<..`.n...;a
00002F90:  E4 2B 82 6C 31 8F 0B AB 08 1C 2F BF 54 E8 04 C0  .+.l1...../.T...
00002FA0:  F3 57 66 54 02 6E E9 CF 1F D4 53 BB 37 D3 53 BE  .WfT.n....S.7.S.
00002FB0:  EF 23 2A 18 03 95 5F 49 F0 3E E7 23 AE 64 C1 80  .#*..._I.>.#.d..
00002FC0:  BE 56 F4 43 D2 49 62 06 D0 A7 EC 9E 19 BF 02 42  .V.C.Ib........B
00002FD0:  5F 78 F5 FB 86 CA 62 E8 91 01 1A BC 3F E1 88 DC  _x....b.....?...
00002FE0:  E3 B7 72 55 88 06 3E 9B BB 88 24 75 17 69 49 D3  ..rU..>...$u.iI.
00002FF0:  B3 C0 DC F6 8E 4C F6 A4 1A E1 83 8A F5 D3 04 0F  .....L..........
00003000:  00 97 CE AE A2 F0 59 7A 99 16 D4 A9 89 0A A0 3F  ......Yz.......?
00003010:  F2 69 E1 78 5A 72 33 20 C6 F6 A1 36 74 68 95 35  .i.xZr3 ...6th.5
00003020:  16 9A E7 21 8B 08 6E 50 F2 95 BD B1 E1 13 43 C3  ...!..nP......C.
00003030:  36 E6 27 26 72 23 BC 63 3D C7 2B 50 0B 18 0C 4C  6.'&r#.c=.+P...L
00003040:  15 B7 15 DE 2F F0 D6 AF FD 6A C2 7B 13 DF AF 6D  ..../....j.{...m
00003050:  1E 4F 84 8F 19 13 EB DF 21 C1 FD EA 0D A0 9B C2  .O......!.......
00003060:  CD 16 F4 75 96 C7 D9 49 A7 EB 60 E6 7D 1C F2 78  ...u...I..`.}..x
00003070:  6A 44 D3 0E 55 5A C1 29 49 5C 9E 7F 68 3E A3 73  jD..UZ.)I\..h>.s
00003080:  3B EF F0 20 55 2E DD 69 03 3E 2B 68 99 74 07 82  ;.. U..i.>+h.t..
00003090:  EF 64 EA AF 8B F8 E1 51 C8 0D 7F CC 2A 68 62 70  .d.....Q....*hbp
000030A0:  B8 30 E3 6E C5 C8 0E D1 EE 77 12 E4 E2 A6 E4 8E  .0.n.....w......
000030B0:  9F CD 90 6E D5 93 65 8E 2B 22 EB BF 3D D3 1A 5E  ...n..e.+"..=..^
000030C0:  B7 7F BD D3 C8 51 48 61 A8 1D FA 63 0D 92 09 8F  .....QHa...c....
000030D0:  20 2C 01 B3 6F 1A D0 FD D7 B8 CA 8F 6A 96 E9 A8   ,..o.......j...
000030E0:  F1 94 88 03 5B 57 02 0A 40 14 A6 00 39 60 96 56  ....[W..@...9`.V
000030F0:  C1 5F EB 6A 76 A1 7A 15 1D C6 AC 7E FC 16 85 50  ._.jv.z....~...P
00003100:  EC 8D D5 A0 C3 BC A5 33 FD EC F0 7E 30 37 5C 9D  .......3...~07\.
00003110:  48 F3 81 AA 14 F8 DD 27 D4 C8 16 C3 E0 9B F7 25  H......'.......%
00003120:  0A 5A E2 51 50 EB 7C 8E 4E 23 87 CF B6 FD 05 11  .Z.QP.|.N#......
00003130:  1C E8 15 47 32 27 B9 A4 6C B7 80 E8 D4 6B F0 78  ...G2'..l....k.x
00003140:  B4 7F 30 3A A9 2C 2F 63 83 8D 5C 2F 0E E6 01 93  ..0:.,/c..\/....
00003150:  18 63 AD F1 12 D2 1D 01 C9 D7 52 08 1F 84 80 2C  .c........R....,
00003160:  82 A9 EE 4F 6C EA 81 B8 98 D3 A5 25 2A A3 5D F9  ...Ol......%*.].
00003170:  F8 1E B2 ED DB AE 26 7B EF 45 4E CC F1 A3 C7 FE  ......&{.EN.....
00003180:  F7 01 4A 3C 36 A4 7F 7E 23 7F 80 B8 3B 6A 7C 46  ..J<6..~#...;j|F
00003190:  80 53 45 14 89 1F AB 0A E4 48 F6 37 CF F5 46 90  .SE......H.7..F.
000031A0:  3C 8B 7A 82 2F 11 F9 31 C9 52 B0 A4 65 96 EF 4E  <.z./..1.R..e..N
000031B0:  9E 47 FB 3B 81 37 CB FE F7 8F 5D 54 51 3F 3A 79  .G.;.7....]TQ?:y
000031C0:  9B 11 09 C4 96 A4 23 E8 9A 2F 29 77 D8 8F D6 C9  ......#../)w....
000031D0:  A1 EA EA ED 3A C4 F4 1D 9C 64 AF A7 D2 EF 1E 6C  ....:....d.....l
000031E0:  F0 A6 7F EB 83 A9 3C C9 03 C4 4D 47 48 6A F2 51  ......<...MGHj.Q
000031F0:  34 C9 FA C9 3C AA DE 43 8E FC 77 08 64 DE 7C 45  4...<..C..w.d.|E
00003200:  53 0A 95 86 54 97 E9 77 02 32 A3 E3 A4 73 DB AF  S...T..w.2...s..
00003210:  6D E7 DA 0A 71 42 9C 02 29 F6 E6 39 A6 2C 01 F1  m...qB..)..9.,..
00003220:  C2 0B 8C 50 EF 9C 81 7D A7 4F A1 84 CF BB 33 C1  ...P...}.O....3.
00003230:  1A 73 58 63 62 8D B4 98 DB 5E 33 0F 7C C5 17 5B  .sXcb....^3.|..[
00003240:  7E 8D BB A1 B2 0C F5 B0 49 0D 5A 7F 05 CC F9 16  ~.......I.Z.....
00003250:  F1 77 ED 1C F7 DC D5 55 A9 33 7B BB 82 6F 3B 28  .w.....U.3{..o;(
00003260:  D4 D5 3D 61 21 4F 2D 60 DF AF 4B 08 46 15 F9 3A  ..=a!O-`..K.F..:
00003270:  87 E3 11 7F 56 86 3F A8 E9 E7 B6 86 43 2B E8 8A  ....V.?.....C+..
00003280:  FE 49 BC F4 1A 2F E7 DC D1 3D 96 12 C8 AE 8C 97  .I.../...=......
00003290:  A2 01 D2 6E E6 E5 FC AD 10 4E 26 5A FF 62 3A 01  ...n.....N&Z.b:.
000032A0:  E3 E0 E3 35 EB DF FC 2A 4C 0A 59 D4 2C BF DB F4  ...5...*L.Y.,...
000032B0:  88 B2 A1 C5 6B A2 DE 37 D1 CC 26 41 6B 66 86 34  ....k..7..&Akf.4
000032C0:  CF 62 53 75 3E BE C1 9E C7 CD 77 E8 B0 7C DA 43  .bSu>.....w..|.C
000032D0:  B4 80 70 7B DC 85 8C 90 5D DD 19 79 64 37 AC A2  ..p{....]..yd7..
000032E0:  E4 30 A3 D2 3E A3 4B D8 25 5C E6 8D 2F F6 F3 FE  .0..>.K.%\../...
000032F0:  4D 8E 06 2A 01 D1 1C F5 75 3D 79 F8 96 8C A5 7A  M..*....u=y....z
00003300:  AC 93 7E 3D 42 F0 0E A6 C7 D4 51 B7 98 AE BC 57  ..~=B.....Q....W
00003310:  21 45 62 BE F6 9F 98 9E A5 6C 86 75 BC A8 59 EF  !Eb......l.u..Y.
00003320:  DB 49 E1 15 F4 61 A5 33 FD EC F0 7E 30 37 5C 9D  .I...a.3...~07\.
00003330:  48 F3 81 AA 14 F8 D4 58 30 26 EB 71 66 91 18 08  H......X0&.qf...
00003340:  C2 10 B2 C9 CA BC 41 D8 5C 60 15 3A D7 6C 37 F8  ......A.\`.:.l7.
00003350:  83 C8 2A 49 80 BA 9A 02 2B AC FC 3D 77 98 06 F5  ..*I....+..=w...
00003360:  7F E3 BF 59 54 CC 91 5B A5 D5 8D CE 84 B5 81 84  ...YT..[........
00003370:  68 D8 EB D8 0E 31 05 9E A1 5D 32 F2 B9 4D 34 55  h....1...]2..M4U
00003380:  58 13 07 0B D5 60 A5 79 70 A0 53 9B CE 5F 73 0F  X....`.yp.S.._s.
00003390:  58 17 70 BB 76 8E 2F 5E D7 E4 2B 4A 18 BB 81 FC  X.p.v./^..+J....
000033A0:  C1 4E 5E B4 F6 43 CB FE F7 8F 5D 54 51 3F 3A 79  .N^..C....]TQ?:y
000033B0:  9B 11 09 C4 96 A4 3A E0 76 C2 C2 82 60 30 93 5B  ......:.v...`0.[
000033C0:  2B BB 2F 2F 3E 17 5D AF 62 F1 6E AF F7 1E 8D E8  +.//>.].b.n.....
000033D0:  08 DA A5 3D EE 6B 41 93 48 D2 7F 9A 0D DF BA 5D  ...=.kA.H......]
000033E0:  12 7E A0 67 07 64 DE 43 8E FC 77 08 64 DE 7C 45  .~.g.d.C..w.d.|E
000033F0:  53 0A 95 86 54 97 E9 77 02 32 A3 E3 A4 73 DB AF  S...T..w.2...s..
00003400:  6D E7 DA 0A 71 42 16 6C A4 DC FA 04 A4 CA BC 41  m...qB.l.......A
00003410:  B5 56 2E 51 DF D2 92 4B 4C 34 BF CD 6C 42 32 BF  .V.Q...KL4..lB2.
00003420:  BB 7B FC CC 09 14 B4 98 DB 5E 33 0F 7C C5 17 5B  .{.......^3.|..[
00003430:  7E 8D BB A1 B2 0C 84 EB D2 6C A6 9D DC DA A6 D7  ~........l......
00003440:  AD 6A C9 30 4F 49 AE FA 55 44 46 68 0E 80 02 BD  .j.0OI..UDFh....
00003450:  65 3A 10 2A B1 10 2D 60 DF AF 4B 08 46 15 F9 3A  e:.*..-`..K.F..:
00003460:  87 E3 11 7F 56 86 9C 08 03 5A E5 39 76 61 5B DA  ....V....Z.9va[.
00003470:  E7 39 31 C1 21 8D 43 D8 13 26 6A 3E 50 9F D4 28  .91.!.C..&j>P..(
00003480:  55 F4 9C 6C 9D 73 FC AD 10 4E 26 5A FF 62 3A 01  U..l.s...N&Z.b:.
00003490:  E3 E0 E3 35 EB DF FC 2A 4C 0A 59 D4 2C BF DB F4  ...5...*L.Y.,...
000034A0:  88 B2 A1 C5 6B A2 DE 37 D1 CC 26 41 6B 66 86 34  ....k..7..&Akf.4
000034B0:  CF 62 53 75 3E BE DD 93 E9 8B 06 B9 7A D7 80 89  .bSu>.......z...
000034C0:  BF 00 59 42 CE 2D BF 56 DB 76 DB 1C 24 1C 67 DA  ..YB.-.V.v..$.g.
000034D0:  D1 94 94 8F 90 8F 29 88 F2 EA 5B 8F 43 B0 A4 7A  ......)...[.C..z
000034E0:  7D 93 0D 25 06 69 67 32 E6 61 57 01 B9 68 B7 91  }..%.ig2.aW..h..
000034F0:  9E 53 9D C4 13 E9 0E A6 C7 D4 51 B7 98 AE BC 57  .S........Q....W
00003500:  21 45 62 BE F6 9F A1 09 3B B8 48 63 2A 23 6E 5D  !Eb.....;.Hc*#n]
00003510:  7E 8E C4 31 5C EB 7B 0F 6F 6B 3B 00 34 69 56 32  ~..1\.{.ok;.4iV2
00003520:  A8 2D 8E F5 1D F9 D4 58 30 26 EB 71 66 91 18 08  .-.....X0&.qf...
00003530:  C2 10 B2 C9 CA BC 41 D8 5C 60 15 3A D7 6C 37 F8  ......A.\`.:.l7.
00003540:  83 C8 2A 49 80 BA 9A 02 2B AC FC 3D 77 98 06 F5  ..*I....+..=w...
00003550:  7F E3 BF 59 54 CC 83 BF 40 1E C9 0C 92 44 A9 3D  ...YT...@....D.=
00003560:  DE 36 6B 22 8B 58 5D B1 ED A5 88 48 FD 0F FD 0D  .6k".X]....H....
00003570:  23 2A 62 A0 9F 42 B9 4A 35 72 85 14 43 3F 7B 7A  #*b..B.J5r..C?{z
00003580:  F4 67 EA 33 FF EA DB C1 0F 0C D2 98 0C 0A 18 1F  .g.3............
00003590:  77 17 CC 58 B6 9A 6A 37 25 38 54 3A F0 0F 2F 97  w..X..j7%8T:../.
000035A0:  3E 50 51 B4 08 05 45 E6 5F 16 3E 89 7B 95 8C 68  >PQ...E._.>.{..h
000035B0:  0B 01 4F 54 F7 24 A8 65 79 9D 25 41 C9 63 47 EA  ..OT.$.ey.%A.cG.
000035C0:  4D 97 E4 1E 6E C7 27 81 7D E7 35 2F 4A 8A 9C 66  M...n.'.}.5/J..f
000035D0:  47 BD C8 99 02 71 EA BD 3D 1E 0F C1 D7 DE 9F C4  G....q..=.......
000035E0:  4A CF 14 3F A2 D6 F2 2A 57 44 74 2C 92 32 C3 A7  J..?...*WDt,.2..
000035F0:  F5 0C 6E B7 38 CF D4 9F 54 DA 37 1A 26 07 74 16  ..n.8...T.7.&.t.
00003600:  5E A5 AD 16 02 B0 4D 38 02 90 98 F8 D6 BA 4C BC  ^.....M8......L.
00003610:  D0 3B 7E 50 80 F3 52 BE 80 65 D9 2E 21 A6 29 73  .;~P..R..e..!.)s
00003620:  10 04 65 56 6B 29 63 67 8E 82 7A 99 A1 C6 05 A7  ..eVk)cg..z.....
00003630:  9D A5 9A 58 09 E8 24 63 59 7D F2 EE FA 1B 43 DC  ...X..$cY}....C.
00003640:  28 73 29 8E FA 10 CD 80 6B 53 46 D7 55 24 89 29  (s).....kSF.U$.)
00003650:  26 23 B7 6A BC 2A F9 AA 4A 5F 82 9E E4 6E 1E B1  &#.j.*..J_...n..
00003660:  71 43 A7 D5 74 DE 7F 42 D3 41 02 7D A1 BE 6E 27  qC..t..B.A.}..n'
00003670:  86 30 21 40 A7 B7 D2 1A 85 E6 8C C0 D8 99 63 AD  .0!@..........c.
00003680:  D3 AF 66 2C E8 3A 2D BF 4C 8A FB 25 DA 36 85 BC  ..f,.:-.L..%.6..
00003690:  9F 93 8A 5F 39 78 5C FB EC 98 F9 BE 76 78 B7 65  ..._9x\.....vx.e
000036A0:  80 36 4B 29 96 6B 77 5E AB 82 1C 51 27 6F 3D 16  .6K).kw^...Q'o=.
000036B0:  C3 91 36 FE 74 CC 15 AE 89 97 38 02 1B AB BD E9  ..6.t.....8.....
000036C0:  58 C9 96 24 BD 2F AD FA 83 7A 2E 75 62 1C 99 4F  X..$./...z.ub..O
000036D0:  B1 13 6E 07 D7 B3 32 5E 19 86 78 80 21 FB 1F 2E  ..n...2^..x.!...
000036E0:  5E A3 2C 1D 9A 76 D0 A9 C6 95 3C 20 61 B7 AB B3  ^.,..v....< a...
000036F0:  F0 42 1C AC 14 1F 85 8C F8 38 13 EB 15 85 E0 47  .B.......8.....G
00003700:  5A CA 93 AA 07 80 1A 9A D2 D0 30 06 F7 BB D8 63  Z.........0....c
00003710:  D5 61 03 37 CD 72 7A AF BA 19 81 E2 2B F6 4B CB  .a.7.rz.....+.K.
00003720:  32 F4 22 9D D3 5A D2 1A 85 E6 8C C0 D8 99 63 AD  2."..Z........c.
00003730:  D3 AF 66 2C E8 3A 2D BF 4C 8A FB 25 DA 36 85 BC  ..f,.:-.L..%.6..
00003740:  9F 93 8A 5F 39 78 5C FB EC 98 F9 BE 76 78 B7 65  ..._9x\.....vx.e
00003750:  80 36 4B 29 96 6B 63 CC 7A 21 CA 99 DD D7 E0 DA  .6K).kc.z!......
00003760:  0F 6F BC 1F 9C 88 6A B6 39 3D 1C 29 A5 2F 8C FB  .o....j.9=.)./..
00003770:  0E C5 6D 7B 9F 1F B5 18 81 FB 9B 38 AC C1 3D F7  ..m{.......8..=.
00003780:  00 7C CA A6 A5 AF B4 28 30 26 8A BE 07 D7 A1 F8  .|.....(0&......
00003790:  1B 6F 0D 6B 38 A9 0C 0D 26 A0 89 2F E1 29 8D 33  .o.k8...&../.).3
000037A0:  5D 35 28 3A 19 7A 85 8C F8 38 13 EB 15 85 E0 47  ]5(:.z...8.....G
000037B0:  5A CA 93 AA 07 80 1A 9A D2 D0 30 06 F7 BB D8 63  Z.........0....c
000037C0:  D5 61 03 37 CD 72 62 85 E6 A5 12 A8 0B F2 25 78  .a.7.rb.......%x
000037D0:  43 AC 64 32 42 C1 E7 99 3F 6C 71 D7 49 77 DB 54  C.d2B...?lq.Iw.T
000037E0:  98 09 6E 3C 8F A2 E2 15 97 F7 F7 20 97 96 43 D1  ..n<....... ..C.
000037F0:  B4 73 F2 AB 5F 47 41 CF 99 A5 B5 E8 05 61 C4 DC  .s.._GA......a..
00003800:  EB F8 C3 D2 F8 F4 F1 61 3D 02 C4 B8 73 7F A1 1E  .......a=...s...
00003810:  2F 6C 2F F7 0F 86 26 FD D2 10 3C B0 83 1F AE 42  /l/...&...<....B
00003820:  F1 2D B8 6B 72 C9 C1 AE A7 F4 78 B3 6E EE 2C 3D  .-.kr.....x.n.,=
00003830:  86 5F E9 9D F8 79 B1 EA 53 8E D9 FA AE 1E 9B FF  ._...y..S.......
00003840:  DF 9A 48 40 48 8B E0 79 E9 68 50 EE 8D 0D D4 AC  ..H@H..y.hP.....
00003850:  D6 2C 0A 16 10 D9 2C 8D 25 40 52 F0 92 14 A1 84  .,....,.%@R.....
00003860:  32 A0 0A 22 59 23 60 E4 B3 23 D3 57 00 E6 4A 3B  2.."Y#`..#.W..J;
00003870:  9D 9C AA 48 13 40 DE 78 C9 3F 0E F5 EC 15 3B DE  ...H.@.x.?....;.
00003880:  64 94 EA 5D 28 3F D9 40 BD B9 6B 34 77 C1 FC FF  d..](?.@..k4w...
00003890:  5E BE 0B 80 61 81 08 25 8F CB 0C D2 AE 6C 0C DF  ^...a..%.....l..
000038A0:  2B 1F 48 CE 84 5F 37 C2 E8 D2 7A 8A 11 E7 7F 53  +.H.._7...z....S
000038B0:  9D 4E B7 46 26 4D 6A D2 94 3D 56 38 B0 3D BC 3B  .N.F&Mj..=V8.=.;
000038C0:  EC 25 D7 DA 17 63 24 42 D9 BB 48 99 3C 77 1A 88  .%...c$B..H.<w..
000038D0:  7B 18 1D 8C 3B FC 74 0E D4 BE BB AC E9 A1 7E 7E  {...;.t.......~~
000038E0:  AB 2B 5D A0 A1 B7 6E C9 FD 23 BB 7B 63 53 26 99  .+]...n..#.{cS&.
000038F0:  14 2D DB 5C 5B 2B 8B D7 AD 86 FC C4 3C 70 4F A4  .-.\[+......<pO.
00003900:  F3 93 86 AD 9E 75 98 B9 1D D4 47 B2 56 8F 15 A6  .....u....G.V...
00003910:  A7 29 30 1B AD 34 FE 5A 97 21 C6 D7 34 12 4D F5  .)0..4.Z.!..4.M.
00003920:  DC DF 6F 5E 78 2F C2 AF 8F C4 B7 FD B1 3A 1A 66  ..o^x/.......:.f
00003930:  44 33 5E 64 DA 29 B5 D0 87 86 34 50 89 67 DC B2  D3^d.)....4P.g..
00003940:  82 5D 82 D2 09 DB 6F 98 0E 1E 3E 12 16 62 C6 A8  .]....o...>..b..
00003950:  B7 80 54 9C E6 4F A2 B0 F6 4F 7C 17 42 00 33 70  ..T..O...O|.B.3p
00003960:  C1 70 2A E5 DB CB 8B 7A 04 C8 A9 BA C3 30 BE C3  .p*....z.....0..
00003970:  E6 9C 6D C6 1E E0 B0 63 32 6D 53 60 5F E9 16 9A  ..m....c2mS`_...
00003980:  D0 5B A9 73 FE AD 3C 09 FE 63 A0 0F 70 A4 BD 6B  .[.s..<..c..p..k
00003990:  8F 54 7B 39 7F 4E F1 DC 86 90 40 29 A9 AB 96 7D  .T{9.N....@)...}
000039A0:  DB 7E 9A 02 F5 17 4C 14 F1 C3 36 F4 49 88 F3 08  .~....L...6.I...
000039B0:  BB 44 7C EF 53 96 42 EE 12 EF 3E 9C 0D DA 08 A8  .D|.S.B...>.....
000039C0:  90 9D 94 80 BA 62 14 74 76 38 17 39 71 AD BE AE  .....b.tv8.9q...
000039D0:  6F 1B 09 5C B7 5A BF 07 EB EB 69 D1 15 5B 68 D7  o..\.Z....i..[h.
000039E0:  E2 3C 4B F1 AE D8 81 39 39 24 E8 70 B3 99 FE FE  .<K....99$.p....
000039F0:  B4 53 15 C9 9E F3 C8 9E DB B8 1B B5 64 79 7B 6B  .S..........dy{k
00003A00:  EA B3 FD 7E 75 EF BB C7 F9 E6 BF D1 AD 82 9D 7E  ...~u..........~
00003A10:  65 6F D8 2C A0 5A 90 1B 98 A4 D8 A6 97 7E E1 7A  eo.,.Z.......~.z
00003A20:  EE 56 59 60 73 43 80 11 25 25 A2 AF 0F 92 28 96  .VY`sC..%%....(.
00003A30:  71 C7 DA 78 68 2C E1 7A D2 5B 02 94 B0 38 5D 5B  q..xh,.z.[...8][
00003A40:  CB 0C E9 D9 BE 9C 11 24 54 7B C9 C1 B6 07 27 F8  .......$T{....'.
00003A50:  8F CB B1 EC 3C 29 18 72 11 C5 E3 77 6A 83 3E DA  ....<).r...wj.>.
00003A60:  A7 70 98 A2 98 B2 1F E6 81 7F D9 21 89 2D 47 53  .p.........!.-GS
00003A70:  D8 76 DC 58 35 75 B0 FC C1 9B FC A8 86 A2 D9 AB  .v.X5u..........
00003A80:  EA 93 1A 59 24 71 5B 8F 7E 85 5B B1 AE C7 D7 1A  ...Y$q[.~.[.....
00003A90:  F1 E3 95 15 56 02 A7 19 AD 41 3F 9E 42 7E 61 5D  ....V....A?.B~a]
00003AA0:  57 11 C7 1E F2 5E 7F 84 9F CD 38 60 12 13 79 55  W....^....8`..yU
00003AB0:  1C 03 57 3A 2E C0 DE 9A 9A 0B 36 7B 09 35 31 98  ..W:......6{.51.
00003AC0:  C5 B1 54 EE 89 77 83 28 F3 55 C0 3C C6 48 39 7F  ..T..w.(.U.<.H9.
00003AD0:  D8 87 04 BA C7 D6 6C 80 EE 40 24 40 9D 4A 85 B7  ......l..@$@.J..
00003AE0:  C5 95 0F 9B 6C A9 31 C6 72 3B AB EA D9 BF A7 03  ....l.1.r;......
00003AF0:  3A BF 68 98 82 0A 4A 37 87 44 63 3A 06 96 81 37  :.h...J7.Dc:...7
00003B00:  51 73 9D 2B 50 AD E4 16 62 68 81 63 6B BF 60 59  Qs.+P...bh.ck.`Y
00003B10:  70 6C CD 9E 2A E7 B6 A8 CB F8 ED 00 0B C0 CB B6  pl..*...........
00003B20:  69 9D 2E B5 78 88 34 0A 11 41 00 65 30 37 58 E4  i...x.4..A.e07X.
00003B30:  11 D0 AA 83 17 CD 60 8F 6E 40 E4 0C 57 61 92 CD  ......`.n@..Wa..
00003B40:  61 51 45 6D F4 58 22 B4 34 C4 AB 87 C3 19 E3 27  aQEm.X".4......'
00003B50:  0B 01 DC 40 66 4C 11 37 6F 59 C0 E1 3D DD 49 66  ...@fL.7oY..=.If
00003B60:  7D 40 1F F2 3E A8 9D B6 6C DE 26 C5 96 DD 2D 1D  }@..>...l.&...-.
00003B70:  5C 01 C2 3B B4 B1 0A FF D5 0D 79 1B 71 BB 33 96  \..;......y.q.3.
00003B80:  21 AA 21 FC 23 DC 8A 2A 4A 55 30 6C F7 B8 B6 8A  !.!.#..*JU0l....
00003B90:  A3 63 64 10 2C 6B 37 4D B2 80 B8 1F 0B 5D EE BE  .cd.,k7M.....]..
00003BA0:  90 62 D2 8D B3 7C 23 CB 0A E4 1E 1A A4 D1 F3 9C  .b...|#.........
00003BB0:  F0 76 88 59 CE 47 8A 12 4D 1E 4D CD FD 0C FA 14  .v.Y.G..M.M.....
00003BC0:  E6 DD C0 C3 DE 08 3C E4 DC 5A 2E 08 56 4B 16 C4  ......<..Z..VK..
00003BD0:  AC 9A EF 4C A4 06 1E 07 EC B2 87 F6 24 FA F3 42  ...L........$..B
00003BE0:  AC F1 BF 33 C6 4A 00 00 00 00 00 00 00 00 00 00  ...3.J..........
00003BF0:  00 00 00 00 00 00 00 00 00 00 00 00 00 00 00 00  ................ [zeros]
00003C00:  00 00 00 00 00 00 63 C7 97 5C 83 61 92 42 74 30  ......c..\.a.Bt0
00003C10:  48 38 8D 4B EC 23 6F 1B 1E 99 FB 59 EE 5B 3F CE  H8.K.#o....Y.[?.
00003C20:  A5 84 13 6F B6 4C 00 00 00 00 00 00 00 00 00 00  ...o.L..........
00003C30:  00 00 00 00 00 00 00 00 00 00 00 00 00 00 00 00  ................ [zeros]
00003C40:  00 00 00 00 00 00 00 00 00 00 00 00 00 00 00 00  ................ [zeros]
00003C50:  00 00 00 00 00 00 00 00 00 00 00 00 00 00 00 00  ................ [zeros]
00003C60:  00 00 00 00 00 00 00 00 00 00 00 00 00 00 00 00  ................ [zeros]
00003C70:  00 00 00 00 00 00 00 00 00 00 00 00 00 00 00 00  ................ [zeros]
00003C80:  00 00 00 00 00 00 00 00 00 00 00 00 00 00 00 00  ................ [zeros]
00003C90:  00 00 00 00 00 00 00 00 00 00 00 00 00 00 00 00  ................ [zeros]
00003CA0:  00 00 00 00 00 00 00 00 00 00 00 00 00 00 00 00  ................ [zeros]
00003CB0:  00 00 00 00 00 00 37 69 F1 30 C3 EA 34 C1 FE C7  ......7i.0..4...
00003CC0:  D6 09 E6 4D DC A0 FF B8 63 5C 89 8D 3F 89 02 10  ...M....c\..?...
00003CD0:  F8 C4 8A 03 AD 70 88 49 72 1C 9E F9 71 16 1D A1  .....p.Ir...q...
00003CE0:  A9 38 27 E1 C9 C8 06 3B 85 16 AE CC 16 7F 10 12  .8'....;........
00003CF0:  2A BC A7 9C 7A 6F C8 6A 3B BB A3 C0 FE 70 68 CE  *...zo.j;....ph.
00003D00:  BE 26 BA 83 29 3A 00 00 00 00 00 00 00 00 00 00  .&..):..........
00003D10:  00 00 00 00 00 00 2A 05 7C A5 7C 31 F5 46 36 54  ......*.|.|1.F6T
00003D20:  E1 E9 82 FB BF FC A8 73 5E 74 F9 86 9F 77 40 EC  .......s^t...w@.
00003D30:  80 31 CE FA 3F EE 00 13 C5 13 17 77 7A 79 5E 0B  .1..?......wzy^.
00003D40:  94 17 5F 25 82 5A 40 DC CD AC 66 EC 27 F9 B6 C2  .._%.Z@...f.'...
00003D50:  39 9B 8F A4 DE 44 29 14 F2 1F 0B F4 48 E8 96 5C  9....D).....H..\
00003D60:  66 C5 B4 25 5B 0F 93 4E D1 54 01 91 99 D5 20 66  f..%[..N.T.... f
00003D70:  66 B5 D9 96 CE 6D E1 F0 7D 4D C8 61 E0 25 02 94  f....m..}M.a.%..
00003D80:  B0 96 40 22 10 1C EC 2E 9A DC CF 92 23 80 1E 1E  ..@"........#...
00003D90:  06 5E E9 36 CC 4F 4A 05 60 4B FF DC 39 40 27 CE  .^.6.OJ.`K..9@'.
00003DA0:  19 AF AB 2F 32 AD 09 82 90 E7 5D 5B 26 A2 37 84  .../2.....][&.7.
00003DB0:  34 52 24 E2 6F CC 00 00 00 00 00 00 00 00 00 00  4R$.o...........
00003DC0:  00 00 00 00 00 00 00 00 00 00 00 00 00 00 00 00  ................ [zeros]
00003DD0:  00 00 00 00 00 00 00 00 00 00 00 00 00 00 00 00  ................ [zeros]
00003DE0:  00 00 00 00 00 00 00 00 00 00 00 00 00 00 00 00  ................ [zeros]
00003DF0:  00 00 00 00 00 00 00 00 00 00 00 00 00 00 00 00  ................ [zeros]
00003E00:  00 00 00 00 00 00 00 00 00 00 00 00 00 00 00 00  ................ [zeros]
00003E10:  00 00 00 00 00 00 00 00 00 00 00 00 00 00 00 00  ................ [zeros]
00003E20:  00 00 00 00 00 00 00 00 00 00 00 00 00 00 00 00  ................ [zeros]
00003E30:  00 00 00 00 00 00 00 00 00 00 00 00 00 00 00 00  ................ [zeros]
00003E40:  00 00 00 00 00 00 00 00 00 00 00 00 00 00 00 00  ................ [zeros]
00003E50:  00 00 00 00 00 00 00 00 00 00 00 00 00 00 00 00  ................ [zeros]
00003E60:  00 00 00 00 00 00 00 00 00 00 00 00 00 00 00 00  ................ [zeros]
00003E70:  00 00 00 00 00 00 6D 98 9B 60 7C 42 C6 56 D9 6A  ......m..`|B.V.j
00003E80:  34 B8 6B 48 2B 4F DE B2 53 1E 08 BF 13 10 F0 D8  4.kH+O..S.......
00003E90:  C7 EE 36 E7 C1 46 28 1B 4C 18 1E F3 A8 5D 75 D3  ..6..F(.L....]u.
00003EA0:  2F 89 64 8E CB B5 D3 90 EC 82 65 41 3D 03 1E 2B  /.d.......eA=..+
00003EB0:  17 1F 08 8C 20 6B 00 00 00 00 00 00 00 00 00 00  .... k..........
00003EC0:  00 00 00 00 00 00 00 00 00 00 00 00 00 00 00 00  ................ [zeros]
00003ED0:  00 00 00 00 00 00 00 00 00 00 00 00 00 00 00 00  ................ [zeros]
00003EE0:  00 00 00 00 00 00 00 00 00 00 00 00 00 00 00 00  ................ [zeros]
00003EF0:  00 00 00 00 00 00 00 00 00 00 00 00 00 00 00 00  ................ [zeros]
00003F00:  00 00 00 00 00 00 00 00 00 00 00 00 00 00 00 00  ................ [zeros]
00003F10:  00 00 00 00 00 00 00 00 00 00 00 00 00 00 00 00  ................ [zeros]
00003F20:  00 00 00 00 00 00 00 00 00 00 00 00 00 00 00 00  ................ [zeros]
00003F30:  00 00 00 00 00 00 00 00 00 00 00 00 00 00 00 00  ................ [zeros]
00003F40:  00 00 00 00 00 00 00 00 00 00 00 00 00 00 00 00  ................ [zeros]
00003F50:  00 00 00 00 00 00 00 00 00 00 00 00 00 00 00 00  ................ [zeros]
00003F60:  00 00 00 00 00 00 00 00 00 00 00 00 00 00 00 00  ................ [zeros]
00003F70:  00 00 00 00 00 00 00 00 00 00 00 00 00 00 00 00  ................ [zeros]
00003F80:  00 00 00 00 00 00 00 00 00 00 00 00 00 00 00 00  ................ [zeros]
00003F90:  00 00 00 00 00 00 00 00 00 00 00 00 00 00 00 00  ................ [zeros]
00003FA0:  00 00 00 00 00 00 00 00 00 00 00 00 00 00 00 00  ................ [zeros]
00003FB0:  00 00 00 00 00 00 00 00 00 00 00 00 00 00 00 00  ................ [zeros]
00003FC0:  00 00 00 00 00 00 00 00 00 00 00 00 00 00 00 00  ................ [zeros]
00003FD0:  00 00 00 00 00 00 00 00 00 00 00 00 00 00 00 00  ................ [zeros]
00003FE0:  00 00 00 00 00 00 00 00 00 00 00 00 00 00 00 00  ................ [zeros]
00003FF0:  00 00 00 00 00 00 00 00 00 00 00 00 00 00 00 00  ................ [zeros]
00004000:  00 00 00 00 00 00 00 00 00 00 00 00 00 00 00 00  ................ [zeros]
00004010:  00 00 00 00 00 00 A7 BB D2 C8 3D 13 F8 55 26 F2  ..........=..U&.
00004020:  3C 2F BB 86 94 99 6A 3C F8 BA 10 4C 3A BD 74 F0  </....j<...L:.t.
00004030:  CD FE 4F CE AE D0 89 12 15 D6 62 E1 52 D7 9E C6  ..O.......b.R...
00004040:  93 99 5E C5 90 C1 00 00 00 00 00 00 00 00 00 00  ..^.............
00004050:  00 00 00 00 00 00 00 00 00 00 00 00 00 00 00 00  ................ [zeros]
00004060:  00 00 00 00 00 00 00 00 00 00 00 00 00 00 00 00  ................ [zeros]
00004070:  00 00 00 00 00 00 00 00 00 00 00 00 00 00 00 00  ................ [zeros]
00004080:  00 00 00 00 00 00 00 00 00 00 00 00 00 00 00 00  ................ [zeros]
00004090:  00 00 00 00 00 00 00 00 00 00 00 00 00 00 00 00  ................ [zeros]
000040A0:  00 00 00 00 00 00 00 00 00 00 00 00 00 00 00 00  ................ [zeros]
000040B0:  00 00 00 00 00 00 00 00 00 00 00 00 00 00 00 00  ................ [zeros]
000040C0:  00 00 00 00 00 00 00 00 00 00 00 00 00 00 00 00  ................ [zeros]
000040D0:  00 00 00 00 00 00 00 00 00 00 00 00 00 00 00 00  ................ [zeros]
000040E0:  00 00 00 00 00 00 00 00 00 00 00 00 00 00 00 00  ................ [zeros]
000040F0:  00 00 00 00 00 00 00 00 00 00 00 00 00 00 00 00  ................ [zeros]
00004100:  00 00 00 00 00 00 00 00 00 00 00 00 00 00 00 00  ................ [zeros]
00004110:  00 00 00 00 00 00 00 00 00 00 00 00 00 00 00 00  ................ [zeros]
00004120:  00 00 00 00 00 00 00 00 00 00 00 00 00 00 00 00  ................ [zeros]
00004130:  00 00 00 00 00 00 00 00 00 00 00 00 00 00 00 00  ................ [zeros]
00004140:  00 00 00 00 00 00 57 7B 7F D1 A2 9D 25 4D D7 AE  ......W{....%M..
00004150:  C3 80 0F 67 EB E3 34 88 D3 E9 BC F1 1F 05 1B 0E  ...g..4.........
00004160:  28 6C 24 24 3A 75 BB 8B A2 B5 B9 67 C7 E9 48 CE  (l$$:u.....g..H.
00004170:  B7 04 14 4D 5C A5 F7 BE 5C AE 74 F7 30 5C 8B BF  ...M\...\.t.0\..
00004180:  1D 23 B6 16 07 E7 44 8B 39 7A 7C 87 96 5A 6C EF  .#....D.9z|..Zl.
00004190:  B9 DC FA D1 8F 14 66 DB FA 73 D2 FA 24 8E 3B E8  ......f..s..$.;.
000041A0:  2A 88 32 FE 1E C8 4C 38 F0 80 92 A6 32 FB 4F 5B  *.2...L8....2.O[
000041B0:  8A DA A1 0D A5 6A 26 70 11 86 E5 B6 D0 B6 15 F2  .....j&p........
000041C0:  0D 57 30 7F 04 5E 58 7A E3 7E 6F E2 D3 C7 2E B2  .W0..^Xz.~o.....
000041D0:  A9 8C 32 27 07 08 F7 BE 5C AE 74 F7 30 5C 8B BF  ..2'....\.t.0\..
000041E0:  1D 23 B6 16 07 E7 1E 99 BF A3 5D CE DE 37 D6 9E  .#........]..7..
000041F0:  40 CA F9 25 16 95 FF 83 07 21 6F 24 FE 63 43 EE  @..%.....!o$.cC.
00004200:  3D 90 1D 4F B1 35 2A 1C DF 8E B9 ED EE 2A 8F 85  =..O.5*......*..
00004210:  38 C7 83 68 3C D3 4C 0E 29 96 77 50 4A 0C FC 4D  8..h<.L.).wPJ..M
00004220:  BA 58 45 C2 9D 05 00 00 00 00 00 00 00 00 00 00  .XE.............
00004230:  00 00 00 00 00 00 00 00 00 00 00 00 00 00 00 00  ................ [zeros]
00004240:  00 00 00 00 00 00 00 00 00 00 00 00 00 00 00 00  ................ [zeros]
00004250:  00 00 00 00 00 00 00 00 00 00 00 00 00 00 00 00  ................ [zeros]
00004260:  00 00 00 00 00 00 00 00 00 00 00 00 00 00 00 00  ................ [zeros]
00004270:  00 00 00 00 00 00 00 00 00 00 00 00 00 00 00 00  ................ [zeros]
00004280:  00 00 00 00 00 00 00 00 00 00 00 00 00 00 00 00  ................ [zeros]
00004290:  00 00 00 00 00 00 00 00 00 00 00 00 00 00 00 00  ................ [zeros]
000042A0:  00 00 00 00 00 00 00 00 00 00 00 00 00 00 00 00  ................ [zeros]
000042B0:  00 00 00 00 00 00 00 00 00 00 00 00 00 00 00 00  ................ [zeros]
000042C0:  00 00 00 00 00 00 00 00 00 00 00 00 00 00 00 00  ................ [zeros]
000042D0:  00 00 00 00 00 00 00 00 00 00 00 00 00 00 00 00  ................ [zeros]
000042E0:  00 00 00 00 00 00 00 00 00 00 00 00 00 00 00 00  ................ [zeros]
000042F0:  00 00 00 00 00 00 00 00 00 00 00 00 00 00 00 00  ................ [zeros]
00004300:  00 00 00 00 00 00 00 00 00 00 00 00 00 00 00 00  ................ [zeros]
00004310:  00 00 00 00 00 00 00 00 00 00 00 00 00 00 00 00  ................ [zeros]
00004320:  00 00 00 00 00 00 00 00 00 00 00 00 00 00 00 00  ................ [zeros]
00004330:  00 00 00 00 00 00 00 00 00 00 00 00 00 00 00 00  ................ [zeros]
00004340:  00 00 00 00 00 00 00 00 00 00 00 00 00 00 00 00  ................ [zeros]
00004350:  00 00 00 00 00 00 00 00 00 00 00 00 00 00 00 00  ................ [zeros]
00004360:  00 00 00 00 00 00 00 00 00 00 00 00 00 00 00 00  ................ [zeros]
00004370:  00 00 00 00 00 00 00 00 00 00 00 00 00 00 00 00  ................ [zeros]
00004380:  00 00 00 00 00 00 00 00 00 00 00 00 00 00 00 00  ................ [zeros]
00004390:  00 00 00 00 00 00 00 00 00 00 00 00 00 00 00 00  ................ [zeros]
000043A0:  00 00 00 00 00 00 00 00 00 00 00 00 00 00 00 00  ................ [zeros]
000043B0:  00 00 00 00 00 00 00 00 00 00 00 00 00 00 00 00  ................ [zeros]
000043C0:  00 00 00 00 00 00 00 00 00 00 00 00 00 00 00 00  ................ [zeros]
000043D0:  00 00 00 00 00 00 00 00 00 00 00 00 00 00 00 00  ................ [zeros]
000043E0:  00 00 00 00 00 00 00 00 00 00 00 00 00 00 00 00  ................ [zeros]
000043F0:  00 00 00 00 00 00 00 00 00 00 00 00 00 00 00 00  ................ [zeros]
00004400:  00 00 00 00 00 00 00 00 00 00 00 00 00 00 00 00  ................ [zeros]
00004410:  00 00 00 00 00 00 00 00 00 00 00 00 00 00 00 00  ................ [zeros]
00004420:  00 00 00 00 00 00 00 00 00 00 00 00 00 00 00 00  ................ [zeros]
00004430:  00 00 00 00 00 00 00 00 00 00 00 00 00 00 00 00  ................ [zeros]
00004440:  00 00 00 00 00 00 00 00 00 00 00 00 00 00 00 00  ................ [zeros]
00004450:  00 00 00 00 00 00 00 00 00 00 00 00 00 00 00 00  ................ [zeros]
00004460:  00 00 00 00 00 00 00 00 00 00 00 00 00 00 00 00  ................ [zeros]
00004470:  00 00 00 00 00 00 00 00 00 00 00 00 00 00 00 00  ................ [zeros]
00004480:  00 00 00 00 00 00 00 00 00 00 00 00 00 00 00 00  ................ [zeros]
00004490:  00 00 00 00 00 00 00 00 00 00 00 00 00 00 00 00  ................ [zeros]
000044A0:  00 00 00 00 00 00 00 00 00 00 00 00 00 00 00 00  ................ [zeros]
000044B0:  00 00 00 00 00 00 00 00 00 00 00 00 00 00 00 00  ................ [zeros]
000044C0:  00 00 00 00 00 00 00 00 00 00 00 00 00 00 00 00  ................ [zeros]
000044D0:  00 00 00 00 00 00 00 00 00 00 00 00 00 00 00 00  ................ [zeros]
000044E0:  00 00 00 00 00 00 00 00 00 00 00 00 00 00 00 00  ................ [zeros]
000044F0:  00 00 00 00 00 00 00 00 00 00 00 00 00 00 00 00  ................ [zeros]
00004500:  00 00 00 00 00 00 00 00 00 00 00 00 00 00 00 00  ................ [zeros]
00004510:  00 00 00 00 00 00 00 00 00 00 00 00 00 00 00 00  ................ [zeros]
00004520:  00 00 00 00 00 00 00 00 00 00 00 00 00 00 00 00  ................ [zeros]
00004530:  00 00 00 00 00 00 00 00 00 00 00 00 00 00 00 00  ................ [zeros]
00004540:  00 00 00 00 00 00 00 00 00 00 00 00 00 00 00 00  ................ [zeros]
00004550:  00 00 00 00 00 00 00 00 00 00 00 00 00 00 00 00  ................ [zeros]
00004560:  00 00 00 00 00 00 00 00 00 00 00 00 00 00 00 00  ................ [zeros]
00004570:  00 00 00 00 00 00 00 00 00 00 00 00 00 00 00 00  ................ [zeros]
00004580:  00 00 00 00 00 00 00 00 00 00 00 00 00 00 00 00  ................ [zeros]
00004590:  00 00 00 00 00 00 00 00 00 00 00 00 00 00 00 00  ................ [zeros]
000045A0:  00 00 00 00 00 00 00 00 00 00 00 00 00 00 00 00  ................ [zeros]
000045B0:  00 00 00 00 00 00 00 00 00 00 00 00 00 00 00 00  ................ [zeros]
000045C0:  00 00 00 00 00 00 00 00 00 00 00 00 00 00 00 00  ................ [zeros]
000045D0:  00 00 00 00 00 00 00 00 00 00 00 00 00 00 00 00  ................ [zeros]
000045E0:  00 00 00 00 00 00 00 00 00 00 00 00 00 00 00 00  ................ [zeros]
000045F0:  00 00 00 00 00 00 00 00 00 00 00 00 00 00 00 00  ................ [zeros]
00004600:  00 00 00 00 00 00 00 00 00 00 00 00 00 00 00 00  ................ [zeros]
00004610:  00 00 00 00 00 00 00 00 00 00 00 00 00 00 00 00  ................ [zeros]
00004620:  00 00 00 00 00 00 00 00 00 00 00 00 00 00 00 00  ................ [zeros]
00004630:  00 00 00 00 00 00 00 00 00 00 00 00 00 00 00 00  ................ [zeros]
00004640:  00 00 00 00 00 00 00 00 00 00 00 00 00 00 00 00  ................ [zeros]
00004650:  00 00 00 00 00 00 00 00 00 00 00 00 00 00 00 00  ................ [zeros]
00004660:  00 00 00 00 00 00 00 00 00 00 00 00 00 00 00 00  ................ [zeros]
00004670:  00 00 00 00 00 00 00 00 00 00 00 00 00 00 00 00  ................ [zeros]
00004680:  00 00 00 00 00 00 00 00 00 00 00 00 00 00 00 00  ................ [zeros]
00004690:  00 00 00 00 00 00 00 00 00 00 00 00 00 00 00 00  ................ [zeros]
000046A0:  00 00 00 00 00 00 00 00 00 00 00 00 00 00 00 00  ................ [zeros]
000046B0:  00 00 00 00 00 00 00 00 00 00 00 00 00 00 00 00  ................ [zeros]
000046C0:  00 00 00 00 00 00 00 00 00 00 00 00 00 00 00 00  ................ [zeros]
000046D0:  00 00 00 00 00 00 00 00 00 00 00 00 00 00 00 00  ................ [zeros]
000046E0:  00 00 00 00 00 00 00 00 00 00 00 00 00 00 00 00  ................ [zeros]
000046F0:  00 00 00 00 00 00 00 00 00 00 00 00 00 00 00 00  ................ [zeros]
00004700:  00 00 00 00 00 00 00 00 00 00 00 00 00 00 00 00  ................ [zeros]
00004710:  00 00 00 00 00 00 00 00 00 00 00 00 00 00 00 00  ................ [zeros]
00004720:  00 00 00 00 00 00 00 00 00 00 00 00 00 00 00 00  ................ [zeros]
00004730:  00 00 00 00 00 00 00 00 00 00 00 00 00 00 00 00  ................ [zeros]
00004740:  00 00 00 00 00 00 00 00 00 00 00 00 00 00 00 00  ................ [zeros]
00004750:  00 00 00 00 00 00 00 00 00 00 00 00 00 00 00 00  ................ [zeros]
00004760:  00 00 00 00 00 00 00 00 00 00 00 00 00 00 00 00  ................ [zeros]
00004770:  00 00 00 00 00 00 00 00 00 00 00 00 00 00 00 00  ................ [zeros]
00004780:  00 00 00 00 00 00 00 00 00 00 00 00 00 00 00 00  ................ [zeros]
00004790:  00 00 00 00 00 00 00 00 00 00 00 00 00 00 00 00  ................ [zeros]
000047A0:  00 00 00 00 00 00 00 00 00 00 00 00 00 00 00 00  ................ [zeros]
000047B0:  00 00 00 00 00 00 00 00 00 00 00 00 00 00 00 00  ................ [zeros]
000047C0:  00 00 00 00 00 00 00 00 00 00 00 00 00 00 00 00  ................ [zeros]
000047D0:  00 00 00 00 00 00 00 00 00 00 00 00 00 00 00 00  ................ [zeros]
000047E0:  00 00 00 00 00 00 00 00 00 00 00 00 00 00 00 00  ................ [zeros]
000047F0:  00 00 00 00 00 00 00 00 00 00 00 00 00 00 00 00  ................ [zeros]
00004800:  00 00 00 00 00 00 00 00 00 00 00 00 00 00 00 00  ................ [zeros]
00004810:  00 00 00 00 00 00 61 B9 29 80 6E 30 D1 BF 97 D4  ......a.).n0....
00004820:  EF 49 3C 24 48 8C 44 C9 CF 89 A8 75 26 8F 2E 97  .I<$H.D....u&...
00004830:  72 78 36 5A 83 68 BB CC 34 F1 7E 94 AA 65 BF 56  rx6Z.h..4.~..e.V
00004840:  14 0D 67 71 F0 0B D2 DF D6 30 A1 78 54 AE B3 BE  ..gq.....0.xT...
00004850:  66 7D 81 6F 4B 87 D2 DF D6 30 A1 78 54 AE B3 BE  f}.oK....0.xT...
00004860:  66 7D 81 6F 4B 87 D2 DF D6 30 A1 78 54 AE B3 BE  f}.oK....0.xT...
00004870:  66 7D 81 6F 4B 87 D2 DF D6 30 A1 78 54 AE B3 BE  f}.oK....0.xT...
00004880:  66 7D 81 6F 4B 87 D2 DF D6 30 A1 78 54 AE B3 BE  f}.oK....0.xT...
00004890:  66 7D 81 6F 4B 87 D2 DF D6 30 A1 78 54 AE B3 BE  f}.oK....0.xT...
000048A0:  66 7D 81 6F 4B 87 D2 DF D6 30 A1 78 54 AE B3 BE  f}.oK....0.xT...
000048B0:  66 7D 81 6F 4B 87 D2 DF D6 30 A1 78 54 AE B3 BE  f}.oK....0.xT...
000048C0:  66 7D 81 6F 4B 87 D2 DF D6 30 A1 78 54 AE B3 BE  f}.oK....0.xT...
000048D0:  66 7D 81 6F 4B 87 D2 DF D6 30 A1 78 54 AE B3 BE  f}.oK....0.xT...
000048E0:  66 7D 81 6F 4B 87 D2 DF D6 30 A1 78 54 AE B3 BE  f}.oK....0.xT...
000048F0:  66 7D 81 6F 4B 87 D2 DF D6 30 A1 78 54 AE B3 BE  f}.oK....0.xT...
00004900:  66 7D 81 6F 4B 87 D2 DF D6 30 A1 78 54 AE B3 BE  f}.oK....0.xT...
00004910:  66 7D 81 6F 4B 87 D2 DF D6 30 A1 78 54 AE B3 BE  f}.oK....0.xT...
00004920:  66 7D 81 6F 4B 87 0C F8 0A A2 C7 1B D5 5D 83 8B  f}.oK........]..
00004930:  59 93 6D 12 BF 30 5C 8B D2 3D A2 96 57 8C A5 20  Y.m..0\..=..W.. 
00004940:  FE 82 AB EF 0F 1A 00 00 00 00 00 00 00 00 00 00  ................
00004950:  00 00 00 00 00 00 00 00 00 00 00 00 00 00 00 00  ................ [zeros]
00004960:  00 00 00 00 00 00 00 00 00 00 00 00 00 00 00 00  ................ [zeros]
00004970:  00 00 00 00 00 00 00 00 00 00 00 00 00 00 00 00  ................ [zeros]
00004980:  00 00 00 00 00 00 00 00 00 00 00 00 00 00 00 00  ................ [zeros]
00004990:  00 00 00 00 00 00 00 00 00 00 00 00 00 00 00 00  ................ [zeros]
000049A0:  00 00 00 00 00 00 00 00 00 00 00 00 00 00 00 00  ................ [zeros]
000049B0:  00 00 00 00 00 00 00 00 00 00 00 00 00 00 00 00  ................ [zeros]
000049C0:  00 00 00 00 00 00 00 00 00 00 00 00 00 00 00 00  ................ [zeros]
000049D0:  00 00 00 00 00 00 00 00 00 00 00 00 00 00 00 00  ................ [zeros]
000049E0:  00 00 00 00 00 00 00 00 00 00 00 00 00 00 00 00  ................ [zeros]
000049F0:  00 00 00 00 00 00 00 00 00 00 00 00 00 00 00 00  ................ [zeros]
00004A00:  00 00 00 00 00 00 00 00 00 00 00 00 00 00 00 00  ................ [zeros]
00004A10:  00 00 00 00 00 00 00 00 00 00 00 00 00 00 00 00  ................ [zeros]
00004A20:  00 00 00 00 00 00 00 00 00 00 00 00 00 00 00 00  ................ [zeros]
00004A30:  00 00 00 00 00 00 00 00 00 00 00 00 00 00 00 00  ................ [zeros]
00004A40:  00 00 00 00 00 00 CF 9E CE 86 B7 23 A4 D9 AB 2E  ...........#....
00004A50:  5C F3 C6 71 F1 1E D2 DF D6 30 A1 78 54 AE B3 BE  \..q.....0.xT...
00004A60:  66 7D 81 6F 4B 87 D2 DF D6 30 A1 78 54 AE B3 BE  f}.oK....0.xT...
00004A70:  66 7D 81 6F 4B 87 D2 DF D6 30 A1 78 54 AE B3 BE  f}.oK....0.xT...
00004A80:  66 7D 81 6F 4B 87 D2 DF D6 30 A1 78 54 AE B3 BE  f}.oK....0.xT...
00004A90:  66 7D 81 6F 4B 87 D2 DF D6 30 A1 78 54 AE B3 BE  f}.oK....0.xT...
00004AA0:  66 7D 81 6F 4B 87 D2 DF D6 30 A1 78 54 AE B3 BE  f}.oK....0.xT...
00004AB0:  66 7D 81 6F 4B 87 D2 DF D6 30 A1 78 54 AE B3 BE  f}.oK....0.xT...
00004AC0:  66 7D 81 6F 4B 87 D2 DF D6 30 A1 78 54 AE B3 BE  f}.oK....0.xT...
00004AD0:  66 7D 81 6F 4B 87 D2 DF D6 30 A1 78 54 AE B3 BE  f}.oK....0.xT...
00004AE0:  66 7D 81 6F 4B 87 D2 DF D6 30 A1 78 54 AE B3 BE  f}.oK....0.xT...
00004AF0:  66 7D 81 6F 4B 87 D2 DF D6 30 A1 78 54 AE B3 BE  f}.oK....0.xT...
00004B00:  66 7D 81 6F 4B 87 D2 DF D6 30 A1 78 54 AE B3 BE  f}.oK....0.xT...
00004B10:  66 7D 81 6F 4B 87 D2 DF D6 30 A1 78 54 AE B3 BE  f}.oK....0.xT...
00004B20:  66 7D 81 6F 4B 87 D2 DF D6 30 A1 78 54 AE B3 BE  f}.oK....0.xT...
00004B30:  66 7D 81 6F 4B 87 D2 DF D6 30 A1 78 54 AE B3 BE  f}.oK....0.xT...
00004B40:  66 7D 81 6F 4B 87 18 94 9C 09 BB E7 1A 29 48 95  f}.oK........)H.
00004B50:  79 8E D3 3D 39 13 D2 DF D6 30 A1 78 54 AE B3 BE  y..=9....0.xT...
00004B60:  66 7D 81 6F 4B 87 D2 DF D6 30 A1 78 54 AE B3 BE  f}.oK....0.xT...
00004B70:  66 7D 81 6F 4B 87 D2 DF D6 30 A1 78 54 AE B3 BE  f}.oK....0.xT...
00004B80:  66 7D 81 6F 4B 87 D2 DF D6 30 A1 78 54 AE B3 BE  f}.oK....0.xT...
00004B90:  66 7D 81 6F 4B 87 D2 DF D6 30 A1 78 54 AE B3 BE  f}.oK....0.xT...
00004BA0:  66 7D 81 6F 4B 87 D2 DF D6 30 A1 78 54 AE B3 BE  f}.oK....0.xT...
00004BB0:  66 7D 81 6F 4B 87 D2 DF D6 30 A1 78 54 AE B3 BE  f}.oK....0.xT...
00004BC0:  66 7D 81 6F 4B 87 D2 DF D6 30 A1 78 54 AE B3 BE  f}.oK....0.xT...
00004BD0:  66 7D 81 6F 4B 87 D2 DF D6 30 A1 78 54 AE B3 BE  f}.oK....0.xT...
00004BE0:  66 7D 81 6F 4B 87 D2 DF D6 30 A1 78 54 AE B3 BE  f}.oK....0.xT...
00004BF0:  66 7D 81 6F 4B 87 D2 DF D6 30 A1 78 54 AE B3 BE  f}.oK....0.xT...
00004C00:  66 7D 81 6F 4B 87 D2 DF D6 30 A1 78 54 AE B3 BE  f}.oK....0.xT...
00004C10:  66 7D 81 6F 4B 87 D2 DF D6 30 A1 78 54 AE B3 BE  f}.oK....0.xT...
00004C20:  66 7D 81 6F 4B 87 D2 DF D6 30 A1 78 54 AE B3 BE  f}.oK....0.xT...
00004C30:  66 7D 81 6F 4B 87 D2 DF D6 30 A1 78 54 AE B3 BE  f}.oK....0.xT...
00004C40:  66 7D 81 6F 4B 87 EB 55 7D 7A D5 2C E4 F7 60 45  f}.oK..U}z.,..`E
00004C50:  A6 E6 99 83 1F 02 00 00 00 00 00 00 00 00 00 00  ................
00004C60:  00 00 00 00 00 00 00 00 00 00 00 00 00 00 00 00  ................ [zeros]
00004C70:  00 00 00 00 00 00 00 00 00 00 00 00 00 00 00 00  ................ [zeros]
00004C80:  00 00 00 00 00 00 00 00 00 00 00 00 00 00 00 00  ................ [zeros]
00004C90:  00 00 00 00 00 00 D3 6D 4A 54 DA 02 18 02 A1 B3  .......mJT......
00004CA0:  A7 1B C9 6D 46 AA 0B 8D D7 28 F5 62 1C 30 67 E5  ...mF....(.b.0g.
00004CB0:  88 B2 1F EF D5 8F BE 72 6C BC 82 C9 2E 6C CB EA  .......rl....l..
00004CC0:  E6 9F 34 1B 89 69 48 F3 DF C1 9B 55 B0 93 4D B1  ..4..iH....U..M.
00004CD0:  D5 A9 8C D9 36 CF 0C E1 1C 23 4D C8 7A 2A BA 78  ....6....#M.z*.x
00004CE0:  35 D4 E2 CB A3 6C 4A 80 E3 5B DB F9 A4 D8 49 23  5....lJ..[....I#
00004CF0:  FE 10 9E 0F C9 94 96 B1 57 04 E9 A7 E7 04 25 7B  ........W.....%{
00004D00:  5E C4 4E 7F AD BB 3D 44 72 C6 CF EE E0 44 AE B3  ^.N...=Dr....D..
00004D10:  85 5C 0C 63 27 54 49 82 7D F6 68 5E A0 2A 4D FF  .\.c'TI.}.h^.*M.
00004D20:  60 B6 37 E7 9A 5C 00 00 00 00 00 00 00 00 00 00  `.7..\..........
00004D30:  00 00 00 00 00 00 00 00 00 00 00 00 00 00 00 00  ................ [zeros]
00004D40:  00 00 00 00 00 00 00 00 00 00 00 00 00 00 00 00  ................ [zeros]
00004D50:  00 00 00 00 00 00 00 00 00 00 00 00 00 00 00 00  ................ [zeros]
00004D60:  00 00 00 00 00 00 00 00 00 00 00 00 00 00 00 00  ................ [zeros]
00004D70:  00 00 00 00 00 00 00 00 00 00 00 00 00 00 00 00  ................ [zeros]
00004D80:  00 00 00 00 00 00 00 00 00 00 00 00 00 00 00 00  ................ [zeros]
00004D90:  00 00 00 00 00 00 00 00 00 00 00 00 00 00 00 00  ................ [zeros]
00004DA0:  00 00 00 00 00 00 00 00 00 00 00 00 00 00 00 00  ................ [zeros]
00004DB0:  00 00 00 00 00 00 00 00 00 00 00 00 00 00 00 00  ................ [zeros]
00004DC0:  00 00 00 00 00 00 00 00 00 00 00 00 00 00 00 00  ................ [zeros]
00004DD0:  00 00 00 00 00 00 00 00 00 00 00 00 00 00 00 00  ................ [zeros]
00004DE0:  00 00 00 00 00 00 66 DB FA 73 D2 FA 24 8E 3B E8  ......f..s..$.;.
00004DF0:  2A 88 32 FE 1E C8 38 27 98 48 AD AC 1C A1 8F 77  *.2...8'.H.....w
00004E00:  12 E8 09 72 71 F3 7A BA 9F EB 10 0C 27 0E F2 63  ...rq.z.....'..c
00004E10:  27 62 8A 4D BD 1F 69 F2 B8 0C 22 DA AF DC 18 CC  'b.M..i...".....
00004E20:  B4 F7 08 5C 10 8D E5 04 FA 66 C4 3A D4 00 A3 CE  ...\.....f.:....
00004E30:  1E 04 F3 80 4F E5 15 CF 0E 20 E5 94 4A BB 21 E5  ....O.... ..J.!.
00004E40:  3A BC D8 E9 CC 8A 50 BF 9B 30 38 74 DD E2 11 0D  :.....P..08t....
00004E50:  03 D0 8D 94 57 18 9C 1F FD DE AA 19 65 95 62 C4  ....W.......e.b.
00004E60:  DE 52 25 EF B6 54 B5 CA 67 11 EE 37 EC 6C 47 A7  .R%..T..g..7.lG.
00004E70:  66 22 7E 9D 54 ED 00 00 00 00 00 00 00 00 00 00  f"~.T...........
00004E80:  00 00 00 00 00 00 00 00 00 00 00 00 00 00 00 00  ................ [zeros]
00004E90:  00 00 00 00 00 00 2E C1 87 D2 D6 66 A6 86 74 39  ...........f..t9
00004EA0:  2E B8 A4 2B 35 7F 76 65 A3 F0 7C 16 81 16 6C 95  ...+5.ve..|...l.
00004EB0:  34 79 F5 52 56 B5 A9 87 3E 67 F3 D8 EB A7 72 F4  4y.RV...>g....r.
00004EC0:  01 71 2E 83 5A 19 7E CD 65 E2 F7 6A FA EA 08 B9  .q..Z.~.e..j....
00004ED0:  D6 64 D5 F6 B8 70 00 00 00 00 00 00 00 00 00 00  .d...p..........
00004EE0:  00 00 00 00 00 00 63 9D DB 08 C5 3D 9E 4A 42 92  ......c....=.JB.
00004EF0:  DE 70 F2 3A 06 FA A5 8C B2 E9 1E 82 4A CD F9 8D  .p.:........J...
00004F00:  48 64 E2 CA F5 DB D9 92 5A AD 33 35 56 E8 11 F9  Hd......Z.35V...
00004F10:  9F 02 29 39 44 A3 77 A8 81 89 0B 4C 6A A9 62 2A  ..)9D.w....Lj.b*
00004F20:  7D 33 EE 6D 07 F6 F0 A6 1B F2 DD 0A 31 3D 08 7E  }3.m........1=.~
00004F30:  60 B4 8B 64 FD 33 13 3C 44 F0 50 C3 F8 16 54 EB  `..d.3.<D.P...T.
00004F40:  92 16 79 4E 37 57 A9 87 3E 67 F3 D8 EB A7 72 F4  ..yN7W..>g....r.
00004F50:  01 71 2E 83 5A 19 00 00 00 00 00 00 00 00 00 00  .q..Z...........
00004F60:  00 00 00 00 00 00 00 00 00 00 00 00 00 00 00 00  ................ [zeros]
00004F70:  00 00 00 00 00 00 00 00 00 00 00 00 00 00 00 00  ................ [zeros]
00004F80:  00 00 00 00 00 00 00 00 00 00 00 00 00 00 00 00  ................ [zeros]
00004F90:  00 00 00 00 00 00 00 00 00 00 00 00 00 00 00 00  ................ [zeros]
00004FA0:  00 00 00 00 00 00 00 00 00 00 00 00 00 00 00 00  ................ [zeros]
00004FB0:  00 00 00 00 00 00 00 00 00 00 00 00 00 00 00 00  ................ [zeros]
00004FC0:  00 00 00 00 00 00 00 00 00 00 00 00 00 00 00 00  ................ [zeros]
00004FD0:  00 00 00 00 00 00 00 00 00 00 00 00 00 00 00 00  ................ [zeros]
00004FE0:  00 00 00 00 00 00 00 00 00 00 00 00 00 00 00 00  ................ [zeros]
00004FF0:  00 00 00 00 00 00 00 00 00 00 00 00 00 00 00 00  ................ [zeros]
00005000:  00 00 00 00 00 00 00 00 00 00 00 00 00 00 00 00  ................ [zeros]
00005010:  00 00 00 00 00 00 00 00 00 00 00 00 00 00 00 00  ................ [zeros]
00005020:  00 00 00 00 00 00 CB ED 1D 74 1B C9 01 CB 64 42  .........t....dB
00005030:  29 4B 07 EA 9A 11 AC 2A 36 0F CF 76 23 44 A7 6D  )K.....*6..v#D.m
00005040:  FB 0F E9 7E 5F 90 80 2D 7E BA 05 7B C7 46 1C 14  ...~_..-~..{.F..
00005050:  CA 0A C0 C9 51 90 EC D4 0E 43 F8 6B 8D 4A F2 57  ....Q....C.k.J.W
00005060:  72 27 2F 94 11 5D AC 2A 36 0F CF 76 23 44 A7 6D  r'/..].*6..v#D.m
00005070:  FB 0F E9 7E 5F 90 80 2D 7E BA 05 7B C7 46 1C 14  ...~_..-~..{.F..
00005080:  CA 0A C0 C9 51 90 EC D4 0E 43 F8 6B 8D 4A F2 57  ....Q....C.k.J.W
00005090:  72 27 2F 94 11 5D 9A 59 B7 1B A5 2D 8B F9 E4 83  r'/..].Y...-....
000050A0:  6F 18 86 C7 53 CF 32 7E ED 32 C4 85 24 FD 34 8B  o...S.2~.2..$.4.
000050B0:  0D 19 7E 94 CF 3C 95 55 B4 73 DD 43 C2 2C 61 4C  ..~..<.U.s.C.,aL
000050C0:  F6 07 9C 62 5F 85 32 5A 66 58 71 A4 52 2A 12 31  ...b_.2ZfXq.R*.1
000050D0:  A0 85 95 B5 AA 43 B1 E3 11 C1 79 A6 54 12 87 BA  .....C....y.T...
000050E0:  76 36 01 5B 6A 67 66 28 60 D3 80 B2 BA 71 52 1E  v6.[jgf(`....qR.
000050F0:  DC 35 CC A9 79 79 90 A3 25 4D CE BC DF 29 3E D5  .5..yy..%M...)>.
00005100:  87 E5 40 4A 0D BD E3 16 8C C7 CA 25 B1 B9 FD 35  ..@J.......%...5
00005110:  C9 E3 28 BF EA 92 00 00 00 00 00 00 00 00 00 00  ..(.............
00005120:  00 00 00 00 00 00 C1 38 FD E0 23 BF BC 0C 69 7F  .......8..#...i.
00005130:  2A 66 59 E8 B7 91 18 50 C9 D7 83 D3 D8 34 1B E5  *fY....P.....4..
00005140:  4A 73 91 E3 65 9C 09 CE 31 B6 06 4E 61 A4 B5 2A  Js..e...1..Na..*
00005150:  FA B0 F0 41 AC C4 8B A1 31 BE 9C 21 2C 53 AB 97  ...A....1..!,S..
00005160:  4E 4E 02 05 2A AB A8 EE 91 8D 06 F0 B7 65 6A BB  NN..*........ej.
00005170:  DE 84 4B F8 AD 5D E8 76 C3 3A 19 B1 F9 DE 29 B8  ..K..].v.:....).
00005180:  9F 09 1C A5 69 8F 17 CC C2 D2 1A 4C BC 27 93 35  ....i......L.'.5
00005190:  62 90 64 94 76 AE BA 32 89 9B 95 92 24 20 AC 4E  b.d.v..2....$ .N
000051A0:  ED 2D AD F1 B7 15 13 3C 44 F0 50 C3 F8 16 54 EB  .-.....<D.P...T.
000051B0:  92 16 79 4E 37 57 00 00 00 00 00 00 00 00 00 00  ..yN7W..........
000051C0:  00 00 00 00 00 00 D9 92 5A AD 33 35 56 E8 11 F9  ........Z.35V...
000051D0:  9F 02 29 39 44 A3 7E CD 65 E2 F7 6A FA EA 08 B9  ..)9D.~.e..j....
000051E0:  D6 64 D5 F6 B8 70 00 00 00 00 00 00 00 00 00 00  .d...p..........
000051F0:  00 00 00 00 00 00 F0 A6 1B F2 DD 0A 31 3D 08 7E  ............1=.~
00005200:  60 B4 8B 64 FD 33 00 00 00 00 00 00 00 00 00 00  `..d.3..........
00005210:  00 00 00 00 00 00 A5 8C B2 E9 1E 82 4A CD F9 8D  ............J...
00005220:  48 64 E2 CA F5 DB A9 87 3E 67 F3 D8 EB A7 72 F4  Hd......>g....r.
00005230:  01 71 2E 83 5A 19 00 00 00 00 00 00 00 00 00 00  .q..Z...........
00005240:  00 00 00 00 00 00 77 A8 81 89 0B 4C 6A A9 62 2A  ......w....Lj.b*
00005250:  7D 33 EE 6D 07 F6 00 00 00 00 00 00 00 00 00 00  }3.m............
00005260:  00 00 00 00 00 00 63 9D DB 08 C5 3D 9E 4A 42 92  ......c....=.JB.
00005270:  DE 70 F2 3A 06 FA 13 3C 44 F0 50 C3 F8 16 54 EB  .p.:...<D.P...T.
00005280:  92 16 79 4E 37 57 00 00 00 00 00 00 00 00 00 00  ..yN7W..........
00005290:  00 00 00 00 00 00 D9 92 5A AD 33 35 56 E8 11 F9  ........Z.35V...
000052A0:  9F 02 29 39 44 A3 00 00 00 00 00 00 00 00 00 00  ..)9D...........
000052B0:  00 00 00 00 00 00 00 00 00 00 00 00 00 00 00 00  ................ [zeros]
000052C0:  00 00 00 00 00 00 00 00 00 00 00 00 00 00 00 00  ................ [zeros]
000052D0:  00 00 00 00 00 00 00 00 00 00 00 00 00 00 00 00  ................ [zeros]
000052E0:  00 00 00 00 00 00 00 00 00 00 00 00 00 00 00 00  ................ [zeros]
000052F0:  00 00 00 00 00 00 A6 68 9D 17 97 DC ED 9A DE C7  .......h........
00005300:  82 B7 F8 B0 ED 57 B1 41 4A AB B5 58 D6 7E C3 87  .....W.AJ..X.~..
00005310:  04 FE EF 1B 2A 16 10 75 02 E2 0E 32 62 0B 06 F3  ....*..u...2b...
00005320:  E9 64 F3 E2 08 9A B1 41 4A AB B5 58 D6 7E C3 87  .d.....AJ..X.~..
00005330:  04 FE EF 1B 2A 16 F4 8C 5B C1 5D EF 66 EE E8 33  ....*...[.].f..3
00005340:  C7 AB FB C5 D3 0F 9A 67 B6 24 53 73 D7 8E C9 FD  .......g.$Ss....
00005350:  69 40 B9 86 14 E1 26 59 BB F8 37 94 55 B2 0A A5  i@....&Y..7.U...
00005360:  51 AD A3 8F B1 C8 05 01 37 27 0C A2 8F C2 22 AA  Q.......7'....".
00005370:  8D 16 6F 45 A3 06 16 2C F0 F6 67 61 8C 08 C9 0D  ..oE...,..ga....
00005380:  07 15 E4 59 86 D2 B2 01 50 94 89 49 F2 7D 28 A6  ...Y....P..I.}(.
00005390:  33 C6 7F 4C 00 45 00 00 00 00 00 00 00 00 00 00  3..L.E..........
000053A0:  00 00 00 00 00 00 D8 8C 4A 84 E5 27 54 46 44 CC  ........J..'TFD.
000053B0:  59 97 F3 5A 9A B3 16 AF BC B8 46 BE 3D 38 6A CB  Y..Z......F.=8j.
000053C0:  2E 07 19 44 7B F0 34 98 5B 19 D4 38 F8 36 5E 46  ...D{.4.[..8.6^F
000053D0:  2F 9A 90 1F B4 3B D0 8F 80 77 15 85 BD 63 1A A8  /....;...w...c..
000053E0:  2F EA 70 1C FF 2B CE 20 2B 8D 1D 84 5E 77 3B 54  /.p..+. +...^w;T
000053F0:  5D 86 B7 48 E4 81 6A 61 F4 02 98 6E 3D C2 4D 2B  ]..H..ja...n=.M+
00005400:  8E 2C EC 61 E4 3F C0 C5 86 FF 44 1E 77 35 31 7B  .,.a.?....D.w51{
00005410:  ED 5A 14 78 CD C5 CE 2E 48 F3 41 29 1F E3 D9 59  .Z.x....H.A)...Y
00005420:  5A 0C 72 77 6A DD 6C 7B 35 0F D3 F2 B2 28 B6 85  Z.rwj.l{5....(..
00005430:  96 8C 0C A9 64 9A 2E 3B 22 AC 9F 13 98 A1 5A 9C  ....d..;".....Z.
00005440:  70 37 D9 7C BE 45 78 48 66 C2 06 EB CA 2B CC 0E  p7.|.ExHf....+..
00005450:  6B 6D 5A B3 1C EB 00 00 00 00 00 00 00 00 00 00  kmZ.............
00005460:  00 00 00 00 00 00 00 00 00 00 00 00 00 00 00 00  ................ [zeros]
00005470:  00 00 00 00 00 00 00 00 00 00 00 00 00 00 00 00  ................ [zeros]
00005480:  00 00 00 00 00 00 00 00 00 00 00 00 00 00 00 00  ................ [zeros]
00005490:  00 00 00 00 00 00 D7 8E 92 76 69 B3 4A 63 91 D3  .........vi.Jc..
000054A0:  48 03 3E DD BD 52 6A 37 46 8B 13 97 BD C0 27 21  H.>..Rj7F.....'!
000054B0:  37 A7 CE EF C9 46 AD 8A 56 17 D0 3C 4D 48 DB 85  7....F..V..<MH..
000054C0:  60 2E 2C A3 1D 67 41 43 1C 25 39 BD AE 86 89 9A  `.,..gAC.%9.....
000054D0:  8B 9D 96 DC 67 A4 AA 3A A2 EC 2D A3 09 50 35 89  ....g..:..-..P5.
000054E0:  AB FB 1B 19 ED B9 D2 CB 9E D8 EA D1 FB 64 76 19  .............dv.
000054F0:  92 81 C1 82 C9 17 8E 3A 49 D8 7E 2B D9 2B 57 68  .......:I.~+.+Wh
00005500:  9A 95 B2 F2 71 AA DE 01 DB C0 09 8D C5 E0 A3 DA  ....q...........
00005510:  8C D1 C4 E6 F0 CA FA 6B E8 9F C2 70 36 FE 7A D7  .......k...p6.z.
00005520:  23 F1 73 CC 7A A8 B0 52 C7 85 35 0D 11 7D F4 3B  #.s.z..R..5..}.;
00005530:  0D CC 79 0C E2 01 B1 E1 21 A7 C4 1C 80 BA 5D 88  ..y.....!.....].
00005540:  DB 26 A3 F8 66 44 E1 D2 C9 29 1B 68 FA 69 E6 9D  .&..fD...).h.i..
00005550:  1F B4 C1 DE FB E8 44 D5 76 81 97 CC 41 C6 AB 91  ......D.v...A...
00005560:  A3 82 C0 16 2F D6 48 15 81 0C A6 86 2E CE 08 02  ..../.H.........
00005570:  B2 1C 54 FF 4E 0A 80 BD FA B3 B4 D7 78 E6 A6 2A  ..T.N.......x..*
00005580:  5D 3A 59 81 22 B6 42 28 8C 65 D6 BB 38 AA 67 B6  ]:Y.".B(.e..8.g.
00005590:  CA 25 56 61 C8 D9 AA 16 AC 05 93 52 91 C2 7F C3  .%Va.......R....
000055A0:  4C E0 C1 2E 12 DC 18 05 36 7B 66 E0 0B F6 29 70  L.......6{f...)p
000055B0:  D8 DF 10 BA F6 48 47 7E 03 8E 88 E9 EE 5B A8 A1  .....HG~.....[..
000055C0:  C9 34 87 45 E0 D7 5B E8 50 6E A8 B6 5D 78 F9 2F  .4.E..[.Pn..]x./
000055D0:  30 7C 08 4D A1 15 19 50 25 4F B1 C5 95 6A 14 B2  0|.M...P%O...j..
000055E0:  0F BB 29 B9 52 9D 9F BB FA C2 54 62 CF E5 FD 43  ..).R.....Tb...C
000055F0:  87 AA 7D DB 5C D6 57 D0 5F 39 79 2C BE B0 4C 5E  ..}.\.W._9y,..L^
00005600:  DD D1 8A 5F 0C 55 72 98 DB 99 A0 EB 1D DC 04 C1  ..._.Ur.........
00005610:  75 B7 A4 51 FB 45 B0 D2 08 9B 9B BF 4C 88 B2 28  u..Q.E......L..(
00005620:  72 10 5E C6 C8 B8 75 64 60 83 50 2C 88 7E FB F8  r.^...ud`.P,.~..
00005630:  85 94 E1 7A 43 2B 22 28 2B 3F 50 29 F5 59 DD FB  ...zC+"(+?P).Y..
00005640:  D6 6D D4 32 BD DE 00 00 00 00 00 00 00 00 00 00  .m.2............
00005650:  00 00 00 00 00 00 94 18 9D F0 00 10 4E 10 76 D2  ............N.v.
00005660:  14 C1 5D EA BE F4 E2 A7 BD 23 94 A2 2F 85 A0 0B  ..]......#../...
00005670:  8F 7E AF BD D5 4F 78 58 02 44 4C A2 FC 10 CD E0  .~...OxX.DL.....
00005680:  F3 43 F4 0E 8B F5 EF 4A BD C7 19 C9 0A 01 6D 68  .C.....J......mh
00005690:  5F 87 A6 8B F7 DB CC C3 8F 1D 00 8B DB 05 A2 6D  _..............m
000056A0:  66 6C D7 60 AC 72 35 00 50 4D 69 73 C2 F5 FA C6  fl.`.r5.PMis....
000056B0:  2B 02 FA 30 5F BB 4A A5 09 D4 6E 90 90 08 D7 CB  +..0_.J...n.....
000056C0:  C7 02 70 28 FC DF 28 D2 7D BB C8 54 15 9A D6 05  ..p(..(.}..T....
000056D0:  37 BF 99 13 2B 0D 36 D0 43 63 82 83 BB 2A AB 9D  7...+.6.Cc...*..
000056E0:  DC CC 88 C5 7F 21 FB 26 E1 80 03 B0 26 BF 09 63  .....!.&....&..c
000056F0:  60 AD C2 EF B2 A7 CE 97 F9 82 EF 52 0B 07 34 00  `..........R..4.
00005700:  0B D6 5D 05 63 A1 00 00 00 00 00 00 00 00 00 00  ..].c...........
00005710:  00 00 00 00 00 00 00 00 00 00 00 00 00 00 00 00  ................ [zeros]
00005720:  00 00 00 00 00 00 00 00 00 00 00 00 00 00 00 00  ................ [zeros]
00005730:  00 00 00 00 00 00 00 00 00 00 00 00 00 00 00 00  ................ [zeros]
00005740:  00 00 00 00 00 00 00 00 00 00 00 00 00 00 00 00  ................ [zeros]
00005750:  00 00 00 00 00 00 00 00 00 00 00 00 00 00 00 00  ................ [zeros]
00005760:  00 00 00 00 00 00 00 00 00 00 00 00 00 00 00 00  ................ [zeros]
00005770:  00 00 00 00 00 00 FD B5 51 D3 4C BA 26 F3 61 A7  ........Q.L.&.a.
00005780:  9D 4A 5E E2 09 07 DD 4D A7 DD 40 E8 1F E8 45 26  .J^....M..@...E&
00005790:  F4 B5 29 3D A2 5A 75 CB CD B9 A7 56 35 84 A1 62  ..)=.Zu....V5..b
000057A0:  94 9C A2 61 2B 68 D3 B3 4B 5B 3F 11 7E 32 C7 AF  ...a+h..K[?.~2..
000057B0:  65 E9 F5 C9 17 FC A5 C8 56 65 AE A9 74 08 C1 F9  e.......Ve..t...
000057C0:  05 98 BE 44 18 D3 E7 A7 62 F7 EE A3 2D 7A B7 7A  ...D....b...-z.z
000057D0:  20 13 B7 BA 5F 8D A8 5B E6 9B D7 50 5D F8 CB EA   ..._..[...P]...
000057E0:  1A F7 58 CB 4E 8C 7A 65 60 B2 33 FA E2 ED 0E 10  ..X.N.ze`.3.....
000057F0:  9B B6 15 75 6D 38 52 7D 1C 55 9F C2 67 EA 69 D8  ...um8R}.U..g.i.
00005800:  74 C6 16 E8 38 DF 07 4B 1F E8 B6 37 FA 75 50 79  t...8..K...7.uPy
00005810:  78 A6 51 6E C7 05 6B DF 14 4E 91 0B D9 9F E1 96  x.Qn..k..N......
00005820:  3D 66 80 C9 4A 97 F7 40 80 7D F1 71 EE 0B E9 47  =f..J..@.}.q...G
00005830:  4C F0 80 D3 9E E2 E8 14 EF 1F 03 4F 01 9C BD 38  L..........O...8
00005840:  66 E2 48 13 AF 1F 96 0D 14 73 B7 8B 7E FB 0C C7  f.H......s..~...
00005850:  AB FC C2 FD A3 5B 00 00 00 00 00 00 00 00 00 00  .....[..........
00005860:  00 00 00 00 00 00 00 00 00 00 00 00 00 00 00 00  ................ [zeros]
00005870:  00 00 00 00 00 00 00 00 00 00 00 00 00 00 00 00  ................ [zeros]
00005880:  00 00 00 00 00 00 00 00 00 00 00 00 00 00 00 00  ................ [zeros]
00005890:  00 00 00 00 00 00 00 00 00 00 00 00 00 00 00 00  ................ [zeros]
000058A0:  00 00 00 00 00 00 00 00 00 00 00 00 00 00 00 00  ................ [zeros]
000058B0:  00 00 00 00 00 00 00 00 00 00 00 00 00 00 00 00  ................ [zeros]
000058C0:  00 00 00 00 00 00 00 00 00 00 00 00 00 00 00 00  ................ [zeros]
000058D0:  00 00 00 00 00 00 00 00 00 00 00 00 00 00 00 00  ................ [zeros]
000058E0:  00 00 00 00 00 00 00 00 00 00 00 00 00 00 00 00  ................ [zeros]
000058F0:  00 00 00 00 00 00 00 00 00 00 00 00 00 00 00 00  ................ [zeros]
00005900:  00 00 00 00 00 00 00 00 00 00 00 00 00 00 00 00  ................ [zeros]
00005910:  00 00 00 00 00 00 00 00 00 00 00 00 00 00 00 00  ................ [zeros]
00005920:  00 00 00 00 00 00 00 00 00 00 00 00 00 00 00 00  ................ [zeros]
00005930:  00 00 00 00 00 00 48 CA 81 5D CC 74 68 FA B7 E1  ......H..].th...
00005940:  C6 42 0A DB 3B ED 00 00 00 00 00 00 00 00 00 00  .B..;...........
00005950:  00 00 00 00 00 00 B3 6E 09 AD E4 EA 28 16 6D 4F  .......n....(.mO
00005960:  24 3A 6F FE 4B BD 4C 72 07 8C 9B 65 2A A8 0D 89  $:o.K.Lr...e*...
00005970:  4B 52 7E 51 59 D5 EE 7D 78 C8 B4 DF 46 A3 34 7C  KR~QY..}x...F.4|
00005980:  10 E8 68 9C E6 1C 71 A1 02 6F 21 8E 05 FD 20 CD  ..h...q..o!... .
00005990:  B3 1A 89 95 20 E3 00 00 00 00 00 00 00 00 00 00  .... ...........
000059A0:  00 00 00 00 00 00 70 CE 3B BC 6D B7 12 24 2A C1  ......p.;.m..$*.
000059B0:  2D 6F 59 A6 04 DE 07 92 2A 75 22 CC 27 55 EA 87  -oY.....*u".'U..
000059C0:  32 4C 1D 5F F9 FE 2D A1 32 41 82 E0 21 51 87 09  2L._..-.2A..!Q..
000059D0:  47 06 09 0E A1 17 49 E1 DD 06 ED 50 D5 9C 10 11  G.....I....P....
000059E0:  D7 74 68 E5 12 76 4B D2 90 89 8C BA 96 51 D1 C5  .th..vK......Q..
000059F0:  AE 3A 0D 2B 0E BC FE 61 83 F1 EC 79 5C 81 28 66  .:.+...a...y\.(f
00005A00:  F5 6D DE BB 96 4D A6 0D 40 F7 85 87 0A 55 D4 4E  .m...M..@....U.N
00005A10:  B2 5F AE 7F 9B 36 84 E9 1C B2 AD A2 8C DC 84 49  ._...6.........I
00005A20:  FA 1B DC 16 B9 A9 20 B7 4F 52 69 43 9D 01 85 04  ...... .ORiC....
00005A30:  98 10 F4 88 DF C9 3C 48 77 4B E3 71 E6 1F 5A 48  ......<HwK.q..ZH
00005A40:  BC 93 86 BC 14 7F CC A7 94 32 EF 18 61 48 72 EF  .........2..aHr.
00005A50:  97 6D 94 28 D4 B2 08 B1 61 04 29 7A 91 5A 7E 37  .m.(....a.)z.Z~7
00005A60:  79 AA 29 03 AF BF 8B 67 8D 5D F7 BE 19 CF 2C 13  y.)....g.]....,.
00005A70:  F0 E2 7F DD 9D 7F 52 A5 78 10 B3 EC 24 E6 44 EB  ......R.x...$.D.
00005A80:  50 E7 D2 07 A5 E9 83 5A D6 E6 4E 93 51 31 5A 15  P......Z..N.Q1Z.
00005A90:  97 5E 88 5D 27 A1 B4 83 BA 7B 5F 48 33 AA 8D D8  .^.]'....{_H3...
00005AA0:  88 9A 2F 53 A2 88 51 3D AE 71 10 57 CC F9 25 FC  ../S..Q=.q.W..%.
00005AB0:  21 A7 FB 03 0C 05 05 36 B9 6D B9 7D 3F A1 FA 37  !......6.m.}?..7
00005AC0:  5A 07 C1 40 75 4F B1 26 63 CC 19 FA 7B E1 C3 51  Z..@uO.&c...{..Q
00005AD0:  B3 A3 25 E5 AB F7 89 BD A9 3F 64 22 56 06 27 33  ..%......?d"V.'3
00005AE0:  1D 5E 4C 81 D9 B2 1D C4 E6 C9 B2 D6 E1 52 FA 2B  .^L..........R.+
00005AF0:  A1 4A E3 7C F6 33 84 4A 0B 30 34 4F 38 8A E7 B0  .J.|.3.J.04O8...
00005B00:  52 8F 80 E8 BA 3A F1 FA 06 61 0B C5 E1 04 4F 43  R....:...a....OC
00005B10:  06 34 97 67 A1 E4 4C 61 16 08 97 61 3D 13 5E 4B  .4.g..La...a=.^K
00005B20:  A3 E4 DB 5E 7D 5D 3F 27 43 E8 83 D4 66 AE BF E0  ...^}]?'C...f...
00005B30:  3C 3F CD 5E 67 0D 38 97 AE 9F 7A 86 4F E5 45 F4  <?.^g.8...z.O.E.
00005B40:  A5 0B 79 5A A0 EE 3B F0 DD B2 22 F2 66 84 85 CB  ..yZ..;...".f...
00005B50:  97 7E B7 7B 39 96 88 D2 EC 1A 8E FC 6B FC 19 A3  .~.{9.......k...
00005B60:  0A 47 33 9E 44 06 F1 64 69 8A 94 45 81 A3 53 FF  .G3.D..di..E..S.
00005B70:  ED D3 5B 3C E0 47 00 00 00 00 00 00 00 00 00 00  ..[<.G..........
00005B80:  00 00 00 00 00 00 00 00 00 00 00 00 00 00 00 00  ................ [zeros]
00005B90:  00 00 00 00 00 00 00 00 00 00 00 00 00 00 00 00  ................ [zeros]
00005BA0:  00 00 00 00 00 00 00 00 00 00 00 00 00 00 00 00  ................ [zeros]
00005BB0:  00 00 00 00 00 00 00 00 00 00 00 00 00 00 00 00  ................ [zeros]
00005BC0:  00 00 00 00 00 00 00 00 00 00 00 00 00 00 00 00  ................ [zeros]
00005BD0:  00 00 00 00 00 00 00 00 00 00 00 00 00 00 00 00  ................ [zeros]
00005BE0:  00 00 00 00 00 00 00 00 00 00 00 00 00 00 00 00  ................ [zeros]
00005BF0:  00 00 00 00 00 00 00 00 00 00 00 00 00 00 00 00  ................ [zeros]
00005C00:  00 00 00 00 00 00 00 00 00 00 00 00 00 00 00 00  ................ [zeros]
00005C10:  00 00 00 00 00 00 00 00 00 00 00 00 00 00 00 00  ................ [zeros]
00005C20:  00 00 00 00 00 00 00 00 00 00 00 00 00 00 00 00  ................ [zeros]
00005C30:  00 00 00 00 00 00 00 00 00 00 00 00 00 00 00 00  ................ [zeros]
00005C40:  00 00 00 00 00 00 1D EC 7B 5E E9 1C A8 C1 FC 04  ........{^......
00005C50:  11 C3 B4 15 8E 72 00 00 00 00 00 00 00 00 00 00  .....r..........
00005C60:  00 00 00 00 00 00 8C 9B 61 51 D0 10 AE 90 E0 BB  ........aQ......
00005C70:  D7 4C DA 56 0B 52 C6 1F 5B 42 6E 7C 08 9B 0F A4  .L.V.R..[Bn|....
00005C80:  B8 DA 78 B4 7A DA F1 F9 9F 04 EE AC 8C A5 AF 2F  ..x.z........../
00005C90:  66 17 CD 84 9F D1 47 43 FE 29 38 C0 89 34 99 8E  f.....GC.)8..4..
00005CA0:  6C 26 F1 0B 6B BE 00 00 00 00 00 00 00 00 00 00  l&..k...........
00005CB0:  00 00 00 00 00 00 7E 2A 65 38 21 1F 7C 60 CA B5  ......~*e8!.|`..
00005CC0:  20 61 73 BF F8 1D 5F D5 F7 EB D5 3F A6 62 18 BD   as..._....?.b..
00005CD0:  9A 34 F7 59 6F 5E 3F 55 F5 FA 02 7A 5E 59 A3 F7  .4.Yo^?U...z^Y..
00005CE0:  CF 28 6A 86 BC 67 B8 2C AB EA 91 98 17 CC C8 07  .(j..g.,........
00005CF0:  46 16 72 40 CF EC 90 D1 04 37 D4 21 E4 74 50 C6  F.r@.....7.!.tP.
00005D00:  FA 07 CD 2A 75 D3 25 9C FB D1 59 83 50 C9 98 F3  ...*u.%...Y.P...
00005D10:  3F 67 9B F4 0F 86 E4 8D A1 49 E0 87 8A B5 99 CF  ?g.......I......
00005D20:  8B 35 D7 9E 7C A5 AB E7 48 5F 57 DC 8F 3F D0 AC  .5..|...H_W..?..
00005D30:  E5 9C C5 C5 47 8C 5A 17 D0 9C B8 8F 33 C6 94 BC  ....G.Z.....3...
00005D40:  16 2A 53 6A B5 98 A8 13 73 8C CC 36 2D 76 1E 15  .*Sj....s..6-v..
00005D50:  7F 87 B8 10 1A B4 7D D3 F7 65 BA 19 56 0D 36 BD  ......}..e..V.6.
00005D60:  C5 48 3A 9E 9B 78 F9 57 35 26 88 37 09 33 33 3F  .H:..x.W5&.7.33?
00005D70:  EC 03 AC 77 C9 D5 5D B7 9A C4 C2 C5 65 6C 0B 94  ...w..].....el..
00005D80:  D6 18 32 F0 5E 48 A9 6E 84 BA 4B E4 D4 36 C5 32  ..2.^H.n..K..6.2
00005D90:  07 76 78 01 06 18 67 81 25 69 3A B5 0F D7 24 89  .vx...g.%i:...$.
00005DA0:  8E 85 64 65 9F EA E1 6D E9 60 44 70 9D 09 DB D1  ..de...m.`Dp....
00005DB0:  76 D8 FF 74 67 BA CD BE 5A 1F DF E7 C4 96 CF EF  v..tg...Z.......
00005DC0:  5F D9 07 6D 54 66 BF 78 3F A5 5D FD D8 2A 57 A0  _..mTf.x?.]..*W.
00005DD0:  FF D2 29 23 3B 5F 18 55 AE F1 E3 49 39 1D 6D 66  ..)#;_.U...I9.mf
00005DE0:  AF 2B E9 D1 7F E8 52 7E 8E 6D 06 F4 1D 3F 7A BC  .+....R~.m...?z.
00005DF0:  0E DE 8E FE 48 00 4A 90 B3 6C E1 CA BB EA 18 EF  ....H.J..l......
00005E00:  00 0F 1C 84 03 08 47 5A E4 36 7F 15 EA E7 10 B4  ......GZ.6......
00005E10:  7C D9 7C 26 CB 3B 56 D5 02 10 33 CA E4 F8 D5 C3  |.|&.;V...3.....
00005E20:  C4 06 9A 31 D5 D2 A0 CE 3D 07 E2 8F 58 65 08 A1  ...1....=...Xe..
00005E30:  58 17 72 54 0C EE EF CD 51 46 BA AE EC 42 96 5A  X.rT....QF...B.Z
00005E40:  21 AE 6B BF F9 1E DE 32 3D 9A 09 FF FA 41 9D 3D  !.k....2=....A.=
00005E50:  F7 55 CC 15 40 23 A7 BB D2 C8 3D 13 F8 55 26 F2  .U..@#....=..U&.
00005E60:  3C 2F BB 86 94 99 00 00 00 00 00 00 00 00 00 00  </..............
00005E70:  00 00 00 00 00 00 00 00 00 00 00 00 00 00 00 00  ................ [zeros]
00005E80:  00 00 00 00 00 00 00 00 00 00 00 00 00 00 00 00  ................ [zeros]
00005E90:  00 00 00 00 00 00 00 00 00 00 00 00 00 00 00 00  ................ [zeros]
00005EA0:  00 00 00 00 00 00 00 00 00 00 00 00 00 00 00 00  ................ [zeros]
00005EB0:  00 00 00 00 00 00 33 35 DF 77 6C 83 E9 C4 66 1F  ......35.wl...f.
00005EC0:  FA BB EF 51 12 5A 28 72 7D B3 43 50 2E C7 8D A5  ...Q.Z(r}.CP....
00005ED0:  52 B1 4B F4 73 E0 AD 3A 18 4D 8A 6C 99 B4 E0 A7  R.K.s..:.M.l....
00005EE0:  8D BC B7 10 77 8B 5A 0F DF FC 23 64 6A 9C 6C EC  ....w.Z...#dj.l.
00005EF0:  91 4C FF D9 5C 98 00 00 00 00 00 00 00 00 00 00  .L..\...........
00005F00:  00 00 00 00 00 00 00 00 00 00 00 00 00 00 00 00  ................ [zeros]
00005F10:  00 00 00 00 00 00 00 00 00 00 00 00 00 00 00 00  ................ [zeros]
00005F20:  00 00 00 00 00 00 00 00 00 00 00 00 00 00 00 00  ................ [zeros]
00005F30:  00 00 00 00 00 00 00 00 00 00 00 00 00 00 00 00  ................ [zeros]
00005F40:  00 00 00 00 00 00 00 00 00 00 00 00 00 00 00 00  ................ [zeros]
00005F50:  00 00 00 00 00 00 00 00 00 00 00 00 00 00 00 00  ................ [zeros]
00005F60:  00 00 00 00 00 00 00 00 00 00 00 00 00 00 00 00  ................ [zeros]
00005F70:  00 00 00 00 00 00 00 00 00 00 00 00 00 00 00 00  ................ [zeros]
00005F80:  00 00 00 00 00 00 00 00 00 00 00 00 00 00 00 00  ................ [zeros]
00005F90:  00 00 00 00 00 00 00 00 00 00 00 00 00 00 00 00  ................ [zeros]
00005FA0:  00 00 00 00 00 00 55 F4 8D BF 03 21 72 74 FF 3C  ......U....!rt.<
00005FB0:  34 1E 76 B1 F6 4B 14 22 05 9E BF 9F EC 11 AB 34  4.v..K.".......4
00005FC0:  6F CC A2 58 CF 02 D7 1B BB CA 65 11 AA 3C 14 58  o..X......e..<.X
00005FD0:  F2 6A 2C 9E 1D 65 5B 8C C5 5E EE D3 BE EA 3B 85  .j,..e[..^....;.
00005FE0:  42 65 C2 F4 AA 23 D7 EF F3 89 C7 82 DA FE 9C F5  Be...#..........
00005FF0:  3C 4F D4 FA D0 D8 00 00 00 00 00 00 00 00 00 00  <O..............
00006000:  00 00 00 00 00 00 00 00 00 00 00 00 00 00 00 00  ................ [zeros]
00006010:  00 00 00 00 00 00 00 00 00 00 00 00 00 00 00 00  ................ [zeros]
00006020:  00 00 00 00 00 00 00 00 00 00 00 00 00 00 00 00  ................ [zeros]
00006030:  00 00 00 00 00 00 00 00 00 00 00 00 00 00 00 00  ................ [zeros]
00006040:  00 00 00 00 00 00 4A 7A 4A 37 73 00 9B A6 F2 B7  ......JzJ7s.....
00006050:  4A F8 F7 05 82 5C 76 E8 8A 10 5A E3 25 65 E0 0B  J....\v...Z.%e..
00006060:  35 C5 9E AE D7 6A 00 00 00 00 00 00 00 00 00 00  5....j..........
00006070:  00 00 00 00 00 00 00 00 00 00 00 00 00 00 00 00  ................ [zeros]
00006080:  00 00 00 00 00 00 00 00 00 00 00 00 00 00 00 00  ................ [zeros]
00006090:  00 00 00 00 00 00 00 00 00 00 00 00 00 00 00 00  ................ [zeros]
000060A0:  00 00 00 00 00 00 00 00 00 00 00 00 00 00 00 00  ................ [zeros]
000060B0:  00 00 00 00 00 00 00 00 00 00 00 00 00 00 00 00  ................ [zeros]
000060C0:  00 00 00 00 00 00 00 00 00 00 00 00 00 00 00 00  ................ [zeros]
000060D0:  00 00 00 00 00 00 00 00 00 00 00 00 00 00 00 00  ................ [zeros]
000060E0:  00 00 00 00 00 00 00 00 00 00 00 00 00 00 00 00  ................ [zeros]
000060F0:  00 00 00 00 00 00 00 00 00 00 00 00 00 00 00 00  ................ [zeros]
00006100:  00 00 00 00 00 00 00 00 00 00 00 00 00 00 00 00  ................ [zeros]
00006110:  00 00 00 00 00 00 1A C5 B9 74 83 1D 99 B9 46 45  .........t....FE
00006120:  CD D1 2C 63 08 3F 72 2F 26 E2 24 AC 4C 82 03 D9  ..,c.?r/&.$.L...
00006130:  DD 25 D5 03 93 67 8A 55 BC 5D 99 99 E5 BB DF 55  .%...g.U.].....U
00006140:  BB 9B EA 81 4E 1A 3B F0 DD B2 22 F2 66 84 85 CB  ....N.;...".f...
00006150:  97 7E B7 7B 39 96 00 00 00 00 00 00 00 00 00 00  .~.{9...........
00006160:  00 00 00 00 00 00 00 00 00 00 00 00 00 00 00 00  ................ [zeros]
00006170:  00 00 00 00 00 00 00 00 00 00 00 00 00 00 00 00  ................ [zeros]
00006180:  00 00 00 00 00 00 00 00 00 00 00 00 00 00 00 00  ................ [zeros]
00006190:  00 00 00 00 00 00 00 00 00 00 00 00 00 00 00 00  ................ [zeros]
000061A0:  00 00 00 00 00 00 66 79 F4 DA 39 E1 32 EF 2F 5D  ......fy..9.2./]
000061B0:  B0 7D 19 A2 9C D3 0B 15 2C D5 BC 17 54 F9 75 83  .}......,...T.u.
000061C0:  CE 05 B1 8A 7A A8 00 00 00 00 00 00 00 00 00 00  ....z...........
000061D0:  00 00 00 00 00 00 00 00 00 00 00 00 00 00 00 00  ................ [zeros]
000061E0:  00 00 00 00 00 00 00 00 00 00 00 00 00 00 00 00  ................ [zeros]
000061F0:  00 00 00 00 00 00 00 00 00 00 00 00 00 00 00 00  ................ [zeros]
00006200:  00 00 00 00 00 00 00 00 00 00 00 00 00 00 00 00  ................ [zeros]
00006210:  00 00 00 00 00 00 00 00 00 00 00 00 00 00 00 00  ................ [zeros]
00006220:  00 00 00 00 00 00 00 00 00 00 00 00 00 00 00 00  ................ [zeros]
00006230:  00 00 00 00 00 00 00 00 00 00 00 00 00 00 00 00  ................ [zeros]
00006240:  00 00 00 00 00 00 00 00 00 00 00 00 00 00 00 00  ................ [zeros]
00006250:  00 00 00 00 00 00 00 00 00 00 00 00 00 00 00 00  ................ [zeros]
00006260:  00 00 00 00 00 00 00 00 00 00 00 00 00 00 00 00  ................ [zeros]
00006270:  00 00 00 00 00 00 32 97 68 69 A9 17 39 74 2B EA  ......2.hi..9t+.
00006280:  D6 03 F4 B5 C3 08 F2 0E 8A DA F7 E7 B0 0E 41 C9  ..............A.
00006290:  0E EB CB 44 C3 D1 C4 8D 74 74 35 67 DA 67 F7 5E  ...D....tt5g.g.^
000062A0:  D8 E0 BD 43 7C 20 03 24 1C AC F9 47 11 C5 B2 89  ...C| .$...G....
000062B0:  78 68 60 7D E3 53 2A B8 56 84 E9 2F 92 8F B2 0D  xh`}.S*.V../....
000062C0:  25 AF CD EF 86 83 B3 EC CF FA 22 12 EC 5B 37 89  %........."..[7.
000062D0:  66 A7 0B 63 B4 FA 7B DA C8 25 4C 80 83 D6 F3 C3  f..c..{..%L.....
000062E0:  A2 62 BC 2C 16 41 FD 71 8D A1 DB 99 04 42 DB 8D  .b.,.A.q.....B..
000062F0:  4B 6B 4E 33 31 D3 74 4A BF 83 BC 1E 6C A7 D7 13  KkN31.tJ....l...
00006300:  00 D4 02 A8 5F F8 DA A7 FB 78 86 E8 2B E2 4D C3  ...._....x..+.M.
00006310:  71 A2 5E D9 2D 36 BA 8A CE EE 09 D8 25 E0 B1 CB  q.^.-6......%...
00006320:  97 5F 48 CE D4 5B EC 02 AC 7F BC DB 46 71 F3 06  ._H..[......Fq..
00006330:  FC 31 20 BF 03 0B 34 AA 70 C6 31 E6 90 34 40 7C  .1 ...4.p.1..4@|
00006340:  CF 80 3E C9 97 A4 28 84 B8 38 7A E0 0E 10 28 9B  ..>...(..8z...(.
00006350:  81 F1 BC 18 EB 34 59 36 7D BB 90 72 FF C2 49 EE  .....4Y6}..r..I.
00006360:  D9 6D 3D 10 00 85 FC 55 C0 9A 23 BD 06 F2 50 9C  .m=....U..#...P.
00006370:  7B 43 9E 95 6D C8 7B ED E0 33 FD DB 1E 0D 09 B5  {C..m.{..3......
00006380:  B1 4C 11 A3 D3 18 0A 19 E6 D6 75 41 D7 76 A7 D4  .L........uA.v..
00006390:  F9 29 A3 C7 B9 1D D4 EB 9D 75 5C 3D F4 56 28 2C  .).......u\=.V(,
000063A0:  97 1D 68 C3 36 CE 1F 7B 7C FC 24 F8 C9 3F E5 9A  ..h.6..{|.$..?..
000063B0:  7B 00 C5 51 40 65 28 43 BA 16 98 C1 16 F4 13 23  {..Q@e(C.......#
000063C0:  53 34 E7 B1 EF BB 00 00 00 00 00 00 00 00 00 00  S4..............
000063D0:  00 00 00 00 00 00 54 B4 43 28 EA E1 95 43 F6 CD  ......T.C(...C..
000063E0:  C9 85 50 CE 02 16 3C B9 5F 8B 7E 70 E8 64 D5 C6  ..P...<._.~p.d..
000063F0:  80 9D EE D4 70 27 27 76 C2 84 D8 E6 EC E1 39 3E  ....p''v......9>
00006400:  66 66 1F 83 21 59 00 00 00 00 00 00 00 00 00 00  ff..!Y..........
00006410:  00 00 00 00 00 00 5B 8C C5 5E EE D3 BE EA 3B 85  ......[..^....;.
00006420:  42 65 C2 F4 AA 23 A4 26 74 6E 41 11 BB 92 EC 9C  Be...#.&tnA.....
00006430:  4F 60 6E 5B 1B 0F 42 76 9B 28 00 8D 97 9A AE 86  O`n[..Bv.(......
00006440:  CB 3D 10 F8 E4 E1 A6 32 FC 70 3C DE 6B 9B 37 E2  .=.....2.p<.k.7.
00006450:  E3 C2 D4 8B 95 15 64 DF C5 58 A3 D3 3F B4 82 57  ......d..X..?..W
00006460:  70 C6 0B 4E 09 C9 5B 03 CF DB 37 25 44 A1 22 E6  p..N..[...7%D.".
00006470:  C2 B2 24 FE 1E E2 00 00 00 00 00 00 00 00 00 00  ..$.............
00006480:  00 00 00 00 00 00 BD 3C A3 02 B7 8A 58 EA 02 F6  .......<....X...
00006490:  8C A6 A4 C2 FC EE FA C6 1C 11 F9 CA E5 0C 22 DD  ..............".
000064A0:  A0 3C 29 85 D2 F9 32 9C 91 8B 3A AF 8D 9F 60 04  .<)...2...:...`.
000064B0:  9D D5 06 31 F5 DE 00 00 00 00 00 00 00 00 00 00  ...1............
000064C0:  00 00 00 00 00 00 54 B4 43 28 EA E1 95 43 F6 CD  ......T.C(...C..
000064D0:  C9 85 50 CE 02 16 3C B9 5F 8B 7E 70 E8 64 D5 C6  ..P...<._.~p.d..
000064E0:  80 9D EE D4 70 27 20 91 C7 6E 6F 3E 27 4A A7 EC  ....p' ..no>'J..
000064F0:  C6 0E BF BF DB 5A 00 00 00 00 00 00 00 00 00 00  .....Z..........
00006500:  00 00 00 00 00 00 00 00 00 00 00 00 00 00 00 00  ................ [zeros]
00006510:  00 00 00 00 00 00 00 00 00 00 00 00 00 00 00 00  ................ [zeros]
00006520:  00 00 00 00 00 00 00 00 00 00 00 00 00 00 00 00  ................ [zeros]
00006530:  00 00 00 00 00 00 00 00 00 00 00 00 00 00 00 00  ................ [zeros]
00006540:  00 00 00 00 00 00 00 00 00 00 00 00 00 00 00 00  ................ [zeros]
00006550:  00 00 00 00 00 00 00 00 00 00 00 00 00 00 00 00  ................ [zeros]
00006560:  00 00 00 00 00 00 00 00 00 00 00 00 00 00 00 00  ................ [zeros]
00006570:  00 00 00 00 00 00 00 00 00 00 00 00 00 00 00 00  ................ [zeros]
00006580:  00 00 00 00 00 00 00 00 00 00 00 00 00 00 00 00  ................ [zeros]
00006590:  00 00 00 00 00 00 00 00 00 00 00 00 00 00 00 00  ................ [zeros]
000065A0:  00 00 00 00 00 00 00 00 00 00 00 00 00 00 00 00  ................ [zeros]
000065B0:  00 00 00 00 00 00 00 00 00 00 00 00 00 00 00 00  ................ [zeros]
000065C0:  00 00 00 00 00 00 C6 87 58 F5 EB 69 E8 91 3F 9D  ........X..i..?.
000065D0:  61 97 E5 20 44 99 8F 3D 19 BA 76 1D DC A8 42 54  a.. D..=..v...BT
000065E0:  4E 9F CB 5C 6E D1 41 91 54 6D C6 21 B0 70 82 4F  N..\n.A.Tm.!.p.O
000065F0:  38 CA 69 F4 8D DF 00 00 00 00 00 00 00 00 00 00  8.i.............
00006600:  00 00 00 00 00 00 F1 95 4A 25 7C 7F F0 EA 72 72  ........J%|...rr
00006610:  37 B6 A7 94 8D C2 A6 32 FC 70 3C DE 6B 9B 37 E2  7......2.p<.k.7.
00006620:  E3 C2 D4 8B 95 15 63 16 FC 2D 92 33 04 DA 23 9D  ......c..-.3..#.
00006630:  A8 F8 4C 0D 56 A2 59 D9 68 14 15 19 2A 1C 00 CC  ..L.V.Y.h...*...
00006640:  49 43 D6 8C B1 F8 14 95 62 8E D6 33 8F AD E6 C5  IC......b..3....
00006650:  ED CC EA 91 80 C4 80 23 98 29 F7 E4 DE 64 9E B0  .......#.)...d..
00006660:  86 24 F5 E8 60 49 90 71 5E 40 04 35 65 05 DC D8  .$..`I.q^@.5e...
00006670:  C4 13 2E D8 2A 54 E4 8A DB 3B DB AF 97 F6 98 A5  ....*T...;......
00006680:  BD E4 96 49 00 11 58 34 32 88 09 64 CD 0B 67 89  ...I..X42..d..g.
00006690:  79 4D 63 7D 45 C4 FA 03 5A F9 5C 76 19 7F AF D2  yMc}E...Z.\v....
000066A0:  F6 06 17 04 52 05 02 E9 83 47 F5 F2 04 A9 14 76  ....R....G.....v
000066B0:  D7 D1 31 07 CE 24 4A 7F DE F1 49 9A 2D B9 B1 F1  ..1..$J...I.-...
000066C0:  10 95 CC 6D B4 3C F9 AC FB 60 1F 79 67 55 13 AA  ...m.<...`.ygU..
000066D0:  23 BD 68 8F 28 CE F0 F7 2A C8 97 85 A0 50 24 15  #.h.(...*....P$.
000066E0:  8B 44 54 26 8A 0C 7E 8F C4 30 3A 4D 86 9F 41 9C  .DT&..~..0:M..A.
000066F0:  A9 8E B5 6A 9F B3 CE 60 2A F3 D1 A5 22 CA B2 5F  ...j...`*...".._
00006700:  B2 08 C7 72 DB 44 25 23 34 48 52 6B 05 82 00 21  ...r.D%#4HRk...!
00006710:  40 D1 B7 89 B0 6D C1 34 79 85 D9 44 C9 4A 4A E0  @....m.4y..D.JJ.
00006720:  BA BB A0 3F 56 3D 37 B5 A1 41 FA 05 B6 C5 21 1C  ...?V=7..A....!.
00006730:  95 E4 FF DD A1 40 67 BD BA D0 57 7E DD 48 F0 92  .....@g...W~.H..
00006740:  1A 92 45 01 2A 6B 00 00 00 00 00 00 00 00 00 00  ..E.*k..........
00006750:  00 00 00 00 00 00 00 00 00 00 00 00 00 00 00 00  ................ [zeros]
00006760:  00 00 00 00 00 00 42 76 9B 28 00 8D 97 9A AE 86  ......Bv.(......
00006770:  CB 3D 10 F8 E4 E1 00 00 00 00 00 00 00 00 00 00  .=..............
00006780:  00 00 00 00 00 00 00 00 00 00 00 00 00 00 00 00  ................ [zeros]
00006790:  00 00 00 00 00 00 7B 7B 1A CF 3E 32 0D 44 41 FB  ......{{..>2.DA.
000067A0:  02 DB 7E 90 C9 8A 00 00 00 00 00 00 00 00 00 00  ..~.............
000067B0:  00 00 00 00 00 00 00 00 00 00 00 00 00 00 00 00  ................ [zeros]
000067C0:  00 00 00 00 00 00 00 00 00 00 00 00 00 00 00 00  ................ [zeros]
000067D0:  00 00 00 00 00 00 5D 9E 51 11 FC BA A4 1B EC A0  ......].Q.......
000067E0:  36 B3 06 1C 42 82 00 00 00 00 00 00 00 00 00 00  6...B...........
000067F0:  00 00 00 00 00 00 00 00 00 00 00 00 00 00 00 00  ................ [zeros]
00006800:  00 00 00 00 00 00 A1 E5 C3 3F 70 D7 9F D7 22 00  .........?p...".
00006810:  DC C4 1D E1 5F 79 00 00 00 00 00 00 00 00 00 00  ...._y..........
00006820:  00 00 00 00 00 00 00 00 00 00 00 00 00 00 00 00  ................ [zeros]
00006830:  00 00 00 00 00 00 93 B1 A1 8E 0B 2B F9 2C 35 5F  ...........+.,5_
00006840:  97 9B 9C 0D B1 AB 00 00 00 00 00 00 00 00 00 00  ................
00006850:  00 00 00 00 00 00 00 00 00 00 00 00 00 00 00 00  ................ [zeros]
00006860:  00 00 00 00 00 00 00 00 00 00 00 00 00 00 00 00  ................ [zeros]
00006870:  00 00 00 00 00 00 6B 4F 79 CA 98 BE 7F 9E 90 83  ......kOy.......
00006880:  0F 5F 01 F6 60 DD 00 00 00 00 00 00 00 00 00 00  ._..`...........
00006890:  00 00 00 00 00 00 00 00 00 00 00 00 00 00 00 00  ................ [zeros]
000068A0:  00 00 00 00 00 00 9C 4E 02 06 17 58 DD F6 09 6E  .......N...X...n
000068B0:  22 D9 4A 3F D4 31 D8 E9 2C 4F DB FD 61 40 EF 49  ".J?.1..,O..a@.I
000068C0:  F4 A2 E5 9F 1A D1 D8 E9 2C 4F DB FD 61 40 EF 49  ........,O..a@.I
000068D0:  F4 A2 E5 9F 1A D1 F7 37 91 94 BA A2 9A 37 B1 6B  .......7.....7.k
000068E0:  01 A5 69 2A 81 7A 5B E8 50 6E A8 B6 5D 78 F9 2F  ..i*.z[.Pn..]x./
000068F0:  30 7C 08 4D A1 15 4A 40 63 26 1C 5C 17 D1 46 96  0|.M..J@c&.\..F.
00006900:  1C B8 9E DE 17 32 89 6D C8 EE CB 54 80 8B DE D9  .....2.m...T....
00006910:  7E B0 E7 B2 7C B5 22 A4 BF 14 7E 9B 69 42 0C 53  ~...|."...~.iB.S
00006920:  80 10 0D 24 67 04 FF 13 BE 89 A3 79 72 66 F0 5B  ...$g......yrf.[
00006930:  6B 48 8B F8 01 64 61 A3 50 D6 A1 F3 B9 0C 09 A0  kH...da.P.......
00006940:  7D 28 CF 0A 3E 21 76 A4 BE F4 DE FA 49 03 BE E8  }(..>!v.....I...
00006950:  9B 42 A9 75 C5 12 5B 79 8F EA 4A D7 38 65 F3 76  .B.u..[y..J.8e.v
00006960:  BD 50 0B E3 1E C5 43 FB 82 2C 58 3A E5 E4 A1 3A  .P....C..,X:...:
00006970:  FE 8D F8 10 02 96 08 CD 09 0B DC 34 0E 4A A8 84  ...........4.J..
00006980:  2E 9A 4C 30 6B 31 71 E1 E8 8D 61 2F BA EF A7 4B  ..L0k1q...a/...K
00006990:  9C 59 B3 27 D4 FD 8B 90 63 7C 8B 10 33 0E 00 AD  .Y.'....c|..3...
000069A0:  B7 D2 80 12 F4 8D 68 2D 6C ED 8C 2E 19 97 C5 7C  ......h-l......|
000069B0:  E7 4F E0 66 3C 14 E2 64 AF 7F E1 BB 13 75 D6 A5  .O.f<..d.....u..
000069C0:  35 BE 48 B5 F5 D3 E2 64 AF 7F E1 BB 13 75 D6 A5  5.H....d.....u..
000069D0:  35 BE 48 B5 F5 D3 E2 64 AF 7F E1 BB 13 75 D6 A5  5.H....d.....u..
000069E0:  35 BE 48 B5 F5 D3 3B EF 13 70 04 7B 77 C4 40 6C  5.H...;..p.{w.@l
000069F0:  37 C1 FA 9F 57 B5 9C D6 3C 82 57 2B 36 0B 46 CD  7...W...<.W+6.F.
00006A00:  30 6F EF F2 7D 8D 9C D6 3C 82 57 2B 36 0B 46 CD  0o..}...<.W+6.F.
00006A10:  30 6F EF F2 7D 8D 31 62 B2 9E 6A E5 62 8C 21 36  0o..}.1b..j.b.!6
00006A20:  73 F2 4A FC 94 0C ED 87 04 79 9C CA AB 0F 23 DC  s.J......y....#.
00006A30:  E5 98 5F 48 10 83 08 34 6C B8 5E 13 2E BA E9 70  .._H...4l.^....p
00006A40:  A0 92 44 CE 5B 75 C4 78 A1 5C D2 5A 04 D2 9E F4  ..D.[u.x.\.Z....
00006A50:  B3 1B A5 93 1E A9 3A 18 C4 8D 82 58 49 FF F3 F5  ......:....XI...
00006A60:  33 80 B5 87 25 BF 3A FB 79 29 7C BD DB B9 1E 16  3...%.:.y)|.....
00006A70:  DD 86 26 4E 6D 6B C9 EE E6 9D 42 49 E6 C5 BD 22  ..&Nmk....BI..."
00006A80:  1A BB 67 23 12 5F FD 75 D4 84 82 44 DA AF 37 73  ..g#._.u...D..7s
00006A90:  7E 81 0D 5F 96 AB FD 75 D4 84 82 44 DA AF 37 73  ~.._...u...D..7s
00006AA0:  7E 81 0D 5F 96 AB FD 75 D4 84 82 44 DA AF 37 73  ~.._...u...D..7s
00006AB0:  7E 81 0D 5F 96 AB 22 0F B3 F6 BC 06 AE CF E9 30  ~.._.."........0
00006AC0:  5A A7 1A 15 CB EF F6 BE 1D D2 CB C9 2E D1 40 6B  Z.............@k
00006AD0:  25 9D C9 DA F0 DD FA FA 84 33 F8 B2 67 3C 68 4D  %........3..g<hM
00006AE0:  85 D2 D1 CF 25 D7 EB 40 A9 66 E8 3B 2B 35 D4 AA  ....%..@.f.;+5..
00006AF0:  A8 E4 0E 8D 85 AA 9A BC 47 42 DE 61 54 DF 15 60  ........GB.aT..`
00006B00:  30 E0 4B 66 AE AD FE D4 32 8A 10 B7 7D 10 ED C9  0.Kf....2...}...
00006B10:  98 5C F2 62 18 3B 68 BD 61 A3 69 3A 43 E6 4C 67  .\.b.;h.a.i:C.Lg
00006B20:  C7 77 5E 3B 40 A7 4B C6 CD 46 18 85 E1 B3 8D 3C  .w^;@.K..F.....<
00006B30:  1E 03 79 4D 97 C5 26 DA 99 0E 99 AA 70 1C 48 37  ..yM..&.....p.H7
00006B40:  8A A3 2B 47 65 0A 6C 9E CD EA 02 80 5A 62 E4 7B  ..+Ge.l.....Zb.{
00006B50:  B7 4A 74 36 B1 2A F6 BE 1D D2 CB C9 2E D1 40 6B  .Jt6.*........@k
00006B60:  25 9D C9 DA F0 DD FA FA 84 33 F8 B2 67 3C 68 4D  %........3..g<hM
00006B70:  85 D2 D1 CF 25 D7 EB 40 A9 66 E8 3B 2B 35 D4 AA  ....%..@.f.;+5..
00006B80:  A8 E4 0E 8D 85 AA 9A BC 47 42 DE 61 54 DF 15 60  ........GB.aT..`
00006B90:  30 E0 4B 66 AE AD FE D4 32 8A 10 B7 7D 10 ED C9  0.Kf....2...}...
00006BA0:  98 5C F2 62 18 3B 68 BD 61 A3 69 3A 43 E6 4C 67  .\.b.;h.a.i:C.Lg
00006BB0:  C7 77 5E 3B 40 A7 B4 13 F6 72 C4 E4 7A 61 53 75  .w^;@....r..zaSu
00006BC0:  D2 EB D5 EA E5 49 47 60 82 C4 F8 C3 10 D0 CB 2D  .....IG`.......-
00006BD0:  F7 29 12 30 7E BB D4 72 6C E1 0B 0D 39 95 EE 14  .).0~..rl...9...
00006BE0:  E1 8C 83 30 5F 8E 00 00 00 00 00 00 00 00 00 00  ...0_...........
00006BF0:  00 00 00 00 00 00 EE 53 D2 E7 72 7A DB F1 9D B8  .......S..rz....
00006C00:  E5 A4 42 03 3E 4A 00 00 00 00 00 00 00 00 00 00  ..B.>J..........
00006C10:  00 00 00 00 00 00 00 00 00 00 00 00 00 00 00 00  ................ [zeros]
00006C20:  00 00 00 00 00 00 00 00 00 00 00 00 00 00 00 00  ................ [zeros]
00006C30:  00 00 00 00 00 00 00 00 00 00 00 00 00 00 00 00  ................ [zeros]
00006C40:  00 00 00 00 00 00 AC F8 3E 9B F2 F8 DB DC DB 10  ........>.......
00006C50:  BF 54 03 1E CE 3B FA 36 B9 BC 10 E8 41 31 AD F5  .T...;.6....A1..
00006C60:  60 78 78 65 7B D7 89 CC F5 E0 15 FB C7 B0 26 B7  `xxe{.........&.
00006C70:  F6 F5 AB 04 F7 2E 53 EE 7A 0F A5 34 13 F5 46 AC  ......S.z..4..F.
00006C80:  F3 C9 93 0D B0 A4 00 00 00 00 00 00 00 00 00 00  ................
00006C90:  00 00 00 00 00 00 00 00 00 00 00 00 00 00 00 00  ................ [zeros]
00006CA0:  00 00 00 00 00 00 00 00 00 00 00 00 00 00 00 00  ................ [zeros]
00006CB0:  00 00 00 00 00 00 00 00 00 00 00 00 00 00 00 00  ................ [zeros]
00006CC0:  00 00 00 00 00 00 00 00 00 00 00 00 00 00 00 00  ................ [zeros]
00006CD0:  00 00 00 00 00 00 00 00 00 00 00 00 00 00 00 00  ................ [zeros]
00006CE0:  00 00 00 00 00 00 00 00 00 00 00 00 00 00 00 00  ................ [zeros]
00006CF0:  00 00 00 00 00 00 00 00 00 00 00 00 00 00 00 00  ................ [zeros]
00006D00:  00 00 00 00 00 00 00 00 00 00 00 00 00 00 00 00  ................ [zeros]
00006D10:  00 00 00 00 00 00 00 00 00 00 00 00 00 00 00 00  ................ [zeros]
00006D20:  00 00 00 00 00 00 00 00 00 00 00 00 00 00 00 00  ................ [zeros]
00006D30:  00 00 00 00 00 00 00 00 00 00 00 00 00 00 00 00  ................ [zeros]
00006D40:  00 00 00 00 00 00 FA 61 03 60 67 49 59 95 8B 91  .......a.`gIY...
00006D50:  85 15 AD 7C 1F F7 91 5E AB DC B8 35 8B 61 E1 6C  ...|...^...5.a.l
00006D60:  49 87 67 1A 54 E8 3C 9C A7 76 85 EB 47 F3 C3 CD  I.g.T.<..v..G...
00006D70:  51 E0 79 C1 04 FF 4A BC 34 2D 01 8B 58 42 87 F0  Q.y...J.4-..XB..
00006D80:  7C FE 72 CB AF FC 00 00 00 00 00 00 00 00 00 00  |.r.............
00006D90:  00 00 00 00 00 00 00 00 00 00 00 00 00 00 00 00  ................ [zeros]
00006DA0:  00 00 00 00 00 00 00 00 00 00 00 00 00 00 00 00  ................ [zeros]
00006DB0:  00 00 00 00 00 00 00 00 00 00 00 00 00 00 00 00  ................ [zeros]
00006DC0:  00 00 00 00 00 00 00 00 00 00 00 00 00 00 00 00  ................ [zeros]
00006DD0:  00 00 00 00 00 00 14 AE 24 19 31 7E BC 68 4D 50  ........$.1~.hMP
00006DE0:  17 09 92 23 6B D5 A1 CF A4 86 B0 8E C7 17 3E 5A  ...#k.........>Z
00006DF0:  86 55 3D 10 DB C4 00 00 00 00 00 00 00 00 00 00  .U=.............
00006E00:  00 00 00 00 00 00 00 00 00 00 00 00 00 00 00 00  ................ [zeros]
00006E10:  00 00 00 00 00 00 00 00 00 00 00 00 00 00 00 00  ................ [zeros]
00006E20:  00 00 00 00 00 00 00 00 00 00 00 00 00 00 00 00  ................ [zeros]
00006E30:  00 00 00 00 00 00 00 00 00 00 00 00 00 00 00 00  ................ [zeros]
00006E40:  00 00 00 00 00 00 00 00 00 00 00 00 00 00 00 00  ................ [zeros]
00006E50:  00 00 00 00 00 00 00 00 00 00 00 00 00 00 00 00  ................ [zeros]
00006E60:  00 00 00 00 00 00 00 00 00 00 00 00 00 00 00 00  ................ [zeros]
00006E70:  00 00 00 00 00 00 00 00 00 00 00 00 00 00 00 00  ................ [zeros]
00006E80:  00 00 00 00 00 00 00 00 00 00 00 00 00 00 00 00  ................ [zeros]
00006E90:  00 00 00 00 00 00 00 00 00 00 00 00 00 00 00 00  ................ [zeros]
00006EA0:  00 00 00 00 00 00 B8 76 9C 4C 30 AF 7B 24 DF 99  .......v.L0.{$..
00006EB0:  F4 8C 11 F5 12 4B D6 AF E2 6F BF E6 24 A3 AB 49  .....K...o..$..I
00006EC0:  75 52 DE 8A 81 DB 9B 28 2D 55 A0 D8 96 21 7D F9  uR.....(-U...!}.
00006ED0:  09 38 02 55 73 67 00 00 00 00 00 00 00 00 00 00  .8.Usg..........
00006EE0:  00 00 00 00 00 00 EE 57 06 F0 67 1C D4 8A 87 E1  .......W..g.....
00006EF0:  4A F2 C9 51 11 60 00 00 00 00 00 00 00 00 00 00  J..Q.`..........
00006F00:  00 00 00 00 00 00 00 00 00 00 00 00 00 00 00 00  ................ [zeros]
00006F10:  00 00 00 00 00 00 00 00 00 00 00 00 00 00 00 00  ................ [zeros]
00006F20:  00 00 00 00 00 00 00 00 00 00 00 00 00 00 00 00  ................ [zeros]
00006F30:  00 00 00 00 00 00 00 00 00 00 00 00 00 00 00 00  ................ [zeros]
00006F40:  00 00 00 00 00 00 78 DD D4 24 23 28 AF 8B 36 81  ......x..$#(..6.
00006F50:  EA 16 EA F2 72 FB 00 00 00 00 00 00 00 00 00 00  ....r...........
00006F60:  00 00 00 00 00 00 00 00 00 00 00 00 00 00 00 00  ................ [zeros]
00006F70:  00 00 00 00 00 00 00 00 00 00 00 00 00 00 00 00  ................ [zeros]
00006F80:  00 00 00 00 00 00 00 00 00 00 00 00 00 00 00 00  ................ [zeros]
00006F90:  00 00 00 00 00 00 00 00 00 00 00 00 00 00 00 00  ................ [zeros]
00006FA0:  00 00 00 00 00 00 00 00 00 00 00 00 00 00 00 00  ................ [zeros]
00006FB0:  00 00 00 00 00 00 00 00 00 00 00 00 00 00 00 00  ................ [zeros]
00006FC0:  00 00 00 00 00 00 00 00 00 00 00 00 00 00 00 00  ................ [zeros]
00006FD0:  00 00 00 00 00 00 00 00 00 00 00 00 00 00 00 00  ................ [zeros]
00006FE0:  00 00 00 00 00 00 00 00 00 00 00 00 00 00 00 00  ................ [zeros]
00006FF0:  00 00 00 00 00 00 00 00 00 00 00 00 00 00 00 00  ................ [zeros]
00007000:  00 00 00 00 00 00 00 00 00 00 00 00 00 00 00 00  ................ [zeros]
00007010:  00 00 00 00 00 00 BE 00 F5 4C 65 0F F3 12 CB FC  .........Le.....
00007020:  CF 48 65 FA F0 20 30 47 29 C3 20 55 C1 D5 FA F9  .He.. 0G). U....
00007030:  38 CE BF C2 8A 5F 9F 22 EE 91 5A D1 2D 68 49 05  8...._."..Z.-hI.
00007040:  DE 4E B8 B4 25 AE 03 C7 AB 30 10 14 ED 36 1B 45  .N..%....0...6.E
00007050:  41 B2 21 58 12 3F 3C 4A EA B7 32 B1 6D 1A 4F 07  A.!X.?<J..2.m.O.
00007060:  23 9F A0 84 F0 48 DD 3C 13 2F F9 FA 65 34 64 2D  #....H.<./..e4d-
00007070:  0A D0 05 FE F2 3B 16 CB 9F 0F E8 C8 76 9B 14 EC  .....;......v...
00007080:  85 25 2E F2 68 BE D2 DF D6 30 A1 78 54 AE B3 BE  .%..h....0.xT...
00007090:  66 7D 81 6F 4B 87 95 45 76 22 CF 22 6A 6B 80 F9  f}.oK..Ev"."jk..
000070A0:  C0 08 0D 0F 06 E9 7B ED E0 33 FD DB 1E 0D 09 B5  ......{..3......
000070B0:  B1 4C 11 A3 D3 18 74 A2 AB 33 95 B9 8F B6 28 57  .L....t..3....(W
000070C0:  6A B1 77 44 5E E4 A0 4F AA A7 92 54 16 C2 A2 A4  j.wD^..O...T....
000070D0:  AA 7B 4F 54 74 C7 19 90 5D 82 26 4D 12 B9 71 55  .{OTt...].&M..qU
000070E0:  EE D9 D9 78 01 D0 73 84 CE 80 CE AC 08 F9 11 02  ...x..s.........
000070F0:  12 2A 79 76 D5 D7 58 44 52 FE EA 10 62 1A F2 91  .*yv..XDR...b...
00007100:  A9 F7 51 A4 15 D2 09 5B 9D D1 43 7C EE E0 3A F1  ..Q....[..C|..:.
00007110:  C8 B4 27 D8 45 E3 D8 E0 86 10 93 D7 C6 71 97 A7  ..'.E........q..
00007120:  F8 3F FB 9D 9F 42 39 27 93 99 E8 0E F9 F9 6C 02  .?...B9'......l.
00007130:  93 28 96 B0 9C 77 B2 A4 F5 B0 80 7A 18 93 50 29  .(...w.....z..P)
00007140:  BB 8E 6D 4B 8B 47 77 86 A8 88 57 6E 6C 9D 9A 70  ..mK.Gw...Wnl..p
00007150:  67 0D 20 CC A8 2A E0 BC B4 62 57 B5 6E F8 68 C6  g. ..*...bW.n.h.
00007160:  F2 A7 4C 77 2F 9D FA C6 1C 11 F9 CA E5 0C 22 DD  ..Lw/.........".
00007170:  A0 3C 29 85 D2 F9 32 9C 91 8B 3A AF 8D 9F 60 04  .<)...2...:...`.
00007180:  9D D5 06 31 F5 DE 00 00 00 00 00 00 00 00 00 00  ...1............
00007190:  00 00 00 00 00 00 54 B4 43 28 EA E1 95 43 F6 CD  ......T.C(...C..
000071A0:  C9 85 50 CE 02 16 3C B9 5F 8B 7E 70 E8 64 D5 C6  ..P...<._.~p.d..
000071B0:  80 9D EE D4 70 27 27 76 C2 84 D8 E6 EC E1 39 3E  ....p''v......9>
000071C0:  66 66 1F 83 21 59 00 00 00 00 00 00 00 00 00 00  ff..!Y..........
000071D0:  00 00 00 00 00 00 5B 8C C5 5E EE D3 BE EA 3B 85  ......[..^....;.
000071E0:  42 65 C2 F4 AA 23 CC 6F 3F FD 38 CA 37 72 DE F7  Be...#.o?.8.7r..
000071F0:  78 4B 58 08 13 73 00 00 00 00 00 00 00 00 00 00  xKX..s..........
00007200:  00 00 00 00 00 00 6B 4F 79 CA 98 BE 7F 9E 90 83  ......kOy.......
00007210:  0F 5F 01 F6 60 DD DD D5 E2 61 AF 29 81 92 38 86  ._..`....a.)..8.
00007220:  4E EA 3F A2 50 77 5B 03 CF DB 37 25 44 A1 22 E6  N.?.Pw[...7%D.".
00007230:  C2 B2 24 FE 1E E2 00 00 00 00 00 00 00 00 00 00  ..$.............
00007240:  00 00 00 00 00 00 BD 3C A3 02 B7 8A 58 EA 02 F6  .......<....X...
00007250:  8C A6 A4 C2 FC EE FA C6 1C 11 F9 CA E5 0C 22 DD  ..............".
00007260:  A0 3C 29 85 D2 F9 32 9C 91 8B 3A AF 8D 9F 60 04  .<)...2...:...`.
00007270:  9D D5 06 31 F5 DE 00 00 00 00 00 00 00 00 00 00  ...1............
00007280:  00 00 00 00 00 00 98 7C 38 E2 6D 48 EE FB 45 94  .......|8.mH..E.
00007290:  DC 6B 46 64 38 8F 00 00 00 00 00 00 00 00 00 00  .kFd8...........
000072A0:  00 00 00 00 00 00 00 00 00 00 00 00 00 00 00 00  ................ [zeros]
000072B0:  00 00 00 00 00 00 00 00 00 00 00 00 00 00 00 00  ................ [zeros]
000072C0:  00 00 00 00 00 00 00 00 00 00 00 00 00 00 00 00  ................ [zeros]
000072D0:  00 00 00 00 00 00 00 00 00 00 00 00 00 00 00 00  ................ [zeros]
000072E0:  00 00 00 00 00 00 00 00 00 00 00 00 00 00 00 00  ................ [zeros]
000072F0:  00 00 00 00 00 00 00 00 00 00 00 00 00 00 00 00  ................ [zeros]
00007300:  00 00 00 00 00 00 00 00 00 00 00 00 00 00 00 00  ................ [zeros]
00007310:  00 00 00 00 00 00 00 00 00 00 00 00 00 00 00 00  ................ [zeros]
00007320:  00 00 00 00 00 00 00 00 00 00 00 00 00 00 00 00  ................ [zeros]
00007330:  00 00 00 00 00 00 00 00 00 00 00 00 00 00 00 00  ................ [zeros]
00007340:  00 00 00 00 00 00 00 00 00 00 00 00 00 00 00 00  ................ [zeros]
00007350:  00 00 00 00 00 00 00 00 00 00 00 00 00 00 00 00  ................ [zeros]
00007360:  00 00 00 00 00 00 7E FF DC E8 16 D3 F3 32 C3 C0  ......~......2..
00007370:  F3 98 A0 94 09 80 20 91 C7 6E 6F 3E 27 4A A7 EC  ...... ..no>'J..
00007380:  C6 0E BF BF DB 5A 00 00 00 00 00 00 00 00 00 00  .....Z..........
00007390:  00 00 00 00 00 00 55 55 6E 69 64 37 72 D3 A5 75  ......UUnid7r..u
000073A0:  F6 87 1F 87 0A B3 00 00 00 00 00 00 00 00 00 00  ................
000073B0:  00 00 00 00 00 00 58 29 F6 DA 20 18 FB B6 FD 35  ......X).. ....5
000073C0:  CD 4D F2 E9 D9 3F 24 84 0C 06 04 0B C1 B6 CC 7F  .M...?$.........
000073D0:  AB 98 94 72 3A F0 D0 F5 B4 32 C4 C4 52 9E 6D D1  ...r:....2..R.m.
000073E0:  DC 80 66 E5 F9 43 58 9A CF A9 7E D2 C6 7D 77 99  ..f..CX...~..}w.
000073F0:  A7 48 EC EA 0C 82 A5 45 14 AE 73 EA 82 52 03 07  .H.....E..s..R..
00007400:  04 94 85 DF 37 45 29 71 F4 FE CD 1F E3 74 EF 15  ....7E)q.....t..
00007410:  66 62 32 EB 3A 72 AD 9D 73 B1 00 B1 BD 26 F5 1D  fb2.:r..s....&..
00007420:  75 29 0A D2 BD 1D 13 77 CD BE EA D7 10 50 93 1C  u).....w.....P..
00007430:  80 DE 70 1C C9 58 33 81 04 7F F1 8C D8 0E 3C 04  ..p..X3.......<.
00007440:  F1 22 4D 08 65 C6 FC 26 2B 87 AC E4 40 32 7E 67  ."M.e..&+...@2~g
00007450:  BA 9C CA 6B 24 E5 A9 10 A1 17 43 B3 E0 9C 1B B6  ...k$.....C.....
00007460:  7E 80 19 F9 75 9F 11 31 D1 81 F6 6E BF D9 3F DD  ~...u..1...n..?.
00007470:  EE 32 49 8C CD BF E0 A7 71 37 BF DF E2 89 81 EE  .2I.....q7......
00007480:  F7 63 69 84 80 0E 06 9D 28 6E 09 DC F1 CB B5 A0  .ci.....(n......
00007490:  1F AF AC 04 69 CC 1B F6 1A AA CF 09 CD 3D 74 47  ....i........=tG
000074A0:  32 8F 35 4B 02 83 D7 0D 5A FA E4 79 5B 0B 69 3B  2.5K....Z..y[.i;
000074B0:  8C B4 93 40 40 9F D9 C3 12 66 45 08 3F DE 43 36  ...@@....fE.?.C6
000074C0:  24 A7 31 44 38 4F 90 ED 8B AD 0C 35 97 9D CE 32  $.1D8O.....5...2
000074D0:  3B 08 21 73 44 08 00 00 00 00 00 00 00 00 00 00  ;.!sD...........
000074E0:  00 00 00 00 00 00 00 00 00 00 00 00 00 00 00 00  ................ [zeros]
000074F0:  00 00 00 00 00 00 00 00 00 00 00 00 00 00 00 00  ................ [zeros]
00007500:  00 00 00 00 00 00 5B 8C C5 5E EE D3 BE EA 3B 85  ......[..^....;.
00007510:  42 65 C2 F4 AA 23 00 00 00 00 00 00 00 00 00 00  Be...#..........
00007520:  00 00 00 00 00 00 00 00 00 00 00 00 00 00 00 00  ................ [zeros]
00007530:  00 00 00 00 00 00 A4 26 74 6E 41 11 BB 92 EC 9C  .......&tnA.....
00007540:  4F 60 6E 5B 1B 0F 00 00 00 00 00 00 00 00 00 00  O`n[............
00007550:  00 00 00 00 00 00 00 00 00 00 00 00 00 00 00 00  ................ [zeros]
00007560:  00 00 00 00 00 00 42 76 9B 28 00 8D 97 9A AE 86  ......Bv.(......
00007570:  CB 3D 10 F8 E4 E1 00 00 00 00 00 00 00 00 00 00  .=..............
00007580:  00 00 00 00 00 00 00 00 00 00 00 00 00 00 00 00  ................ [zeros]
00007590:  00 00 00 00 00 00 7B 7B 1A CF 3E 32 0D 44 41 FB  ......{{..>2.DA.
000075A0:  02 DB 7E 90 C9 8A 00 00 00 00 00 00 00 00 00 00  ..~.............
000075B0:  00 00 00 00 00 00 00 00 00 00 00 00 00 00 00 00  ................ [zeros]
000075C0:  00 00 00 00 00 00 00 00 00 00 00 00 00 00 00 00  ................ [zeros]
000075D0:  00 00 00 00 00 00 5D 9E 51 11 FC BA A4 1B EC A0  ......].Q.......
000075E0:  36 B3 06 1C 42 82 00 00 00 00 00 00 00 00 00 00  6...B...........
000075F0:  00 00 00 00 00 00 00 00 00 00 00 00 00 00 00 00  ................ [zeros]
00007600:  00 00 00 00 00 00 A1 E5 C3 3F 70 D7 9F D7 22 00  .........?p...".
00007610:  DC C4 1D E1 5F 79 00 00 00 00 00 00 00 00 00 00  ...._y..........
00007620:  00 00 00 00 00 00 00 00 00 00 00 00 00 00 00 00  ................ [zeros]
00007630:  00 00 00 00 00 00 EE 83 C1 53 05 3D 60 68 0B D2  .........S.=`h..
00007640:  A2 3C 34 16 B1 44 A7 49 40 58 BD F7 B8 15 ED C0  .<4..D.I@X......
00007650:  C1 3C 30 A8 E8 A7 41 62 C7 41 20 49 E3 2E 07 48  .<0...Ab.A I...H
00007660:  67 0B 3F 01 9E A8 CD 03 80 C2 BB 6C B0 39 60 78  g.?........l.9`x
00007670:  F4 5C EA BB A9 B5 47 7E 03 8E 88 E9 EE 5B A8 A1  .\....G~.....[..
00007680:  C9 34 87 45 E0 D7 5B E8 50 6E A8 B6 5D 78 F9 2F  .4.E..[.Pn..]x./
00007690:  30 7C 08 4D A1 15 03 75 B3 C8 A1 A0 76 A1 A1 EB  0|.M...u....v...
000076A0:  11 A3 FD 3D DF E5 97 F2 2B 1B 23 CD 6F AD 2B 24  ...=....+.#.o.+$
000076B0:  A3 6B 7A AE 53 93 2A F0 16 E2 1A AE 26 63 D0 2E  .kz.S.*.....&c..
000076C0:  A1 6D C2 6C 51 B6 13 C4 88 D9 5F 16 BF 21 55 06  .m.lQ....._..!U.
000076D0:  BE E6 2C 91 22 BC 4E D5 1F A8 2D DE 51 95 CF 38  ..,.".N...-.Q..8
000076E0:  41 6B AB 0E 74 1B 25 3C 2B 2E 88 2F 4B ED 5C F2  Ak..t.%<+../K.\.
000076F0:  AE EA 25 5C 4E 54 6B 46 7D 7E C7 44 BC 83 8F D7  ..%\NTkF}~.D....
00007700:  E6 41 FC AE 75 15 53 DB A5 AB 68 89 3E 1D AE 62  .A..u.S...h.>..b
00007710:  A5 83 68 9F C9 EB 08 CD 09 0B DC 34 0E 4A A8 84  ..h........4.J..
00007720:  2E 9A 4C 30 6B 31 71 E1 E8 8D 61 2F BA EF A7 4B  ..L0k1q...a/...K
00007730:  9C 59 B3 27 D4 FD 8B 90 63 7C 8B 10 33 0E 00 AD  .Y.'....c|..3...
00007740:  B7 D2 80 12 F4 8D 3D C7 D6 E8 FC 9E FC 53 14 A3  ......=......S..
00007750:  53 94 3A 2D 09 F4 45 78 6A E1 C5 5B 73 F5 74 FA  S.:-..Exj..[s.t.
00007760:  08 57 A7 54 78 30 45 78 6A E1 C5 5B 73 F5 74 FA  .W.Tx0Exj..[s.t.
00007770:  08 57 A7 54 78 30 82 00 66 CD 39 C7 AF 74 56 6D  .W.Tx0..f.9..tVm
00007780:  4C 21 17 34 6B E0 BD 7D 05 8C 5C C4 4B 51 5B 8A  L!.4k..}..\.KQ[.
00007790:  3F 2D 8B FB 0C 51 BD 7D 05 8C 5C C4 4B 51 5B 8A  ?-...Q.}..\.KQ[.
000077A0:  3F 2D 8B FB 0C 51 BD 7D 05 8C 5C C4 4B 51 5B 8A  ?-...Q.}..\.KQ[.
000077B0:  3F 2D 8B FB 0C 51 0D AA 8C 66 C7 39 22 41 4D 75  ?-...Q...f.9"AMu
000077C0:  94 77 FB DF 59 CB C4 78 A1 5C D2 5A 04 D2 9E F4  .w..Y..x.\.Z....
000077D0:  B3 1B A5 93 1E A9 3A 18 C4 8D 82 58 49 FF F3 F5  ......:....XI...
000077E0:  33 80 B5 87 25 BF F0 8F 0D 62 30 4C DE DA 58 95  3...%....b0L..X.
000077F0:  5F DE 33 98 F2 AE D0 D8 FA 4C 0C B0 C3 A9 62 D3  _.3......L....b.
00007800:  E9 9C 44 99 7E BD 5D 55 7D 66 5E C4 64 D2 FD 9F  ..D.~.]U}f^.d...
00007810:  EA BB A6 EE BF 1A 13 D2 6C A1 53 DE D2 C5 5C 9C  ........l.S...\.
00007820:  25 1B B5 4D BA 43 4D C0 AE 21 5D 07 8F 68 AA 91  %..M.CM..!]..h..
00007830:  1D 18 73 EA 2F FD 4D C0 AE 21 5D 07 8F 68 AA 91  ..s./.M..!]..h..
00007840:  1D 18 73 EA 2F FD 4C 52 31 9C ED 0B 92 58 04 0C  ..s./.LR1....X..
00007850:  0E CB 00 27 23 8F CF 75 56 29 0C 32 9E EE C8 5A  ...'#..uV).2...Z
00007860:  71 8A D4 10 38 3E 43 DB 20 39 53 4F E8 1F 09 01  q...8>C. 9SO....
00007870:  F9 70 65 16 DF 66 5E 07 93 12 D3 46 20 70 8F 2E  .pe..f^....F p..
00007880:  09 A5 3B 62 BC 50 60 2E D8 B8 E0 A5 BC 47 0F 28  ..;b.P`......G.(
00007890:  86 E1 81 3E D8 E0 BD 1F 20 70 9C F5 18 C1 E7 DF  ...>.... p......
000078A0:  A8 90 4B 7C 6E C0 7F C4 01 5D 34 40 82 52 91 D9  ..K|n....]4@.R..
000078B0:  D9 ED 52 AF 72 BC 29 64 09 17 6A 3B 36 54 C2 9F  ..R.r.)d..j;6T..
000078C0:  80 66 BB 05 51 6E 08 B1 61 04 29 7A 91 5A 7E 37  .f..Qn..a.)z.Z~7
000078D0:  79 AA 29 03 AF BF 72 98 45 19 9E EA A4 6A 34 92  y.)...r.E....j4.
000078E0:  47 9A B8 70 83 29 CF 75 56 29 0C 32 9E EE C8 5A  G..p.).uV).2...Z
000078F0:  71 8A D4 10 38 3E 43 DB 20 39 53 4F E8 1F 09 01  q...8>C. 9SO....
00007900:  F9 70 65 16 DF 66 5E 07 93 12 D3 46 20 70 8F 2E  .pe..f^....F p..
00007910:  09 A5 3B 62 BC 50 60 2E D8 B8 E0 A5 BC 47 0F 28  ..;b.P`......G.(
00007920:  86 E1 81 3E D8 E0 BD 1F 20 70 9C F5 18 C1 E7 DF  ...>.... p......
00007930:  A8 90 4B 7C 6E C0 7F C4 01 5D 34 40 82 52 91 D9  ..K|n....]4@.R..
00007940:  D9 ED 52 AF 72 BC 92 9C FE 84 11 7F D4 36 C7 37  ..R.r........6.7
00007950:  C3 79 5E 54 C1 2F 00 00 00 00 00 00 00 00 00 00  .y^T./..........
00007960:  00 00 00 00 00 00 D2 BC F3 87 C2 51 F0 E1 45 B1  ...........Q..E.
00007970:  12 F1 84 F4 CB 14 68 0F D8 07 98 6C 86 36 FE 98  ......h....l.6..
00007980:  F7 69 04 A5 FA A4 FB 90 7A 00 CF A5 8A 90 96 4A  .i......z......J
00007990:  11 C7 5F 4A 88 FD 20 CB B7 E8 A2 AA FA CB CA 26  .._J.. ........&
000079A0:  FF A2 15 08 BD 76 1E 29 9C 0F AE FE AD 47 7F B7  .....v.).....G..
000079B0:  3F C9 C2 BA B0 71 8E 07 DB 09 2B AE 54 57 74 57  ?....q....+.TWtW
000079C0:  4C 9B 4F FD A4 3B 82 45 4E AA 7D DF 20 A8 B3 F8  L.O..;.EN.}. ...
000079D0:  BF 39 04 83 81 AF 82 45 4E AA 7D DF 20 A8 B3 F8  .9.....EN.}. ...
000079E0:  BF 39 04 83 81 AF 82 45 4E AA 7D DF 20 A8 B3 F8  .9.....EN.}. ...
000079F0:  BF 39 04 83 81 AF 82 45 4E AA 7D DF 20 A8 B3 F8  .9.....EN.}. ...
00007A00:  BF 39 04 83 81 AF 82 45 4E AA 7D DF 20 A8 B3 F8  .9.....EN.}. ...
00007A10:  BF 39 04 83 81 AF 90 71 5E 40 04 35 65 05 DC D8  .9.....q^@.5e...
00007A20:  C4 13 2E D8 2A 54 90 71 5E 40 04 35 65 05 DC D8  ....*T.q^@.5e...
00007A30:  C4 13 2E D8 2A 54 90 71 5E 40 04 35 65 05 DC D8  ....*T.q^@.5e...
00007A40:  C4 13 2E D8 2A 54 90 71 5E 40 04 35 65 05 DC D8  ....*T.q^@.5e...
00007A50:  C4 13 2E D8 2A 54 90 71 5E 40 04 35 65 05 DC D8  ....*T.q^@.5e...
00007A60:  C4 13 2E D8 2A 54 E9 B2 53 9E E9 4B 54 B9 8C 14  ....*T..S..KT...
00007A70:  2D 75 0C 46 A9 08 00 00 00 00 00 00 00 00 00 00  -u.F............
00007A80:  00 00 00 00 00 00 00 00 00 00 00 00 00 00 00 00  ................ [zeros]
00007A90:  00 00 00 00 00 00 00 00 00 00 00 00 00 00 00 00  ................ [zeros]
00007AA0:  00 00 00 00 00 00 00 00 00 00 00 00 00 00 00 00  ................ [zeros]
00007AB0:  00 00 00 00 00 00 00 00 00 00 00 00 00 00 00 00  ................ [zeros]
00007AC0:  00 00 00 00 00 00 00 00 00 00 00 00 00 00 00 00  ................ [zeros]
00007AD0:  00 00 00 00 00 00 00 00 00 00 00 00 00 00 00 00  ................ [zeros]
00007AE0:  00 00 00 00 00 00 00 00 00 00 00 00 00 00 00 00  ................ [zeros]
00007AF0:  00 00 00 00 00 00 00 00 00 00 00 00 00 00 00 00  ................ [zeros]
00007B00:  00 00 00 00 00 00 00 00 00 00 00 00 00 00 00 00  ................ [zeros]
00007B10:  00 00 00 00 00 00 00 00 00 00 00 00 00 00 00 00  ................ [zeros]
00007B20:  00 00 00 00 00 00 00 00 00 00 00 00 00 00 00 00  ................ [zeros]
00007B30:  00 00 00 00 00 00 00 00 00 00 00 00 00 00 00 00  ................ [zeros]
00007B40:  00 00 00 00 00 00 00 00 00 00 00 00 00 00 00 00  ................ [zeros]
00007B50:  00 00 00 00 00 00 00 00 00 00 00 00 00 00 00 00  ................ [zeros]
00007B60:  00 00 00 00 00 00 00 00 00 00 00 00 00 00 00 00  ................ [zeros]
00007B70:  00 00 00 00 00 00 00 00 00 00 00 00 00 00 00 00  ................ [zeros]
00007B80:  00 00 00 00 00 00 00 00 00 00 00 00 00 00 00 00  ................ [zeros]
00007B90:  00 00 00 00 00 00 00 00 00 00 00 00 00 00 00 00  ................ [zeros]
00007BA0:  00 00 00 00 00 00 00 00 00 00 00 00 00 00 00 00  ................ [zeros]
00007BB0:  00 00 00 00 00 00 00 00 00 00 00 00 00 00 00 00  ................ [zeros]
00007BC0:  00 00 00 00 00 00 00 00 00 00 00 00 00 00 00 00  ................ [zeros]
00007BD0:  00 00 00 00 00 00 00 00 00 00 00 00 00 00 00 00  ................ [zeros]
00007BE0:  00 00 00 00 00 00 00 00 00 00 00 00 00 00 00 00  ................ [zeros]
00007BF0:  00 00 00 00 00 00 00 00 00 00 00 00 00 00 00 00  ................ [zeros]
00007C00:  00 00 00 00 00 00 00 00 00 00 00 00 00 00 00 00  ................ [zeros]
00007C10:  00 00 00 00 00 00 00 00 00 00 00 00 00 00 00 00  ................ [zeros]
00007C20:  00 00 00 00 00 00 00 00 00 00 00 00 00 00 00 00  ................ [zeros]
00007C30:  00 00 00 00 00 00 00 00 00 00 00 00 00 00 00 00  ................ [zeros]
00007C40:  00 00 00 00 00 00 00 00 00 00 00 00 00 00 00 00  ................ [zeros]
00007C50:  00 00 00 00 00 00 00 00 00 00 00 00 00 00 00 00  ................ [zeros]
00007C60:  00 00 00 00 00 00 00 00 00 00 00 00 00 00 00 00  ................ [zeros]
00007C70:  00 00 00 00 00 00 00 00 00 00 00 00 00 00 00 00  ................ [zeros]
00007C80:  00 00 00 00 00 00 00 00 00 00 00 00 00 00 00 00  ................ [zeros]
00007C90:  00 00 00 00 00 00 00 00 00 00 00 00 00 00 00 00  ................ [zeros]
00007CA0:  00 00 00 00 00 00 00 00 00 00 00 00 00 00 00 00  ................ [zeros]
00007CB0:  00 00 00 00 00 00 00 00 00 00 00 00 00 00 00 00  ................ [zeros]
00007CC0:  00 00 00 00 00 00 00 00 00 00 00 00 00 00 00 00  ................ [zeros]
00007CD0:  00 00 00 00 00 00 00 00 00 00 00 00 00 00 00 00  ................ [zeros]
00007CE0:  00 00 00 00 00 00 00 00 00 00 00 00 00 00 00 00  ................ [zeros]
00007CF0:  00 00 00 00 00 00 00 00 00 00 00 00 00 00 00 00  ................ [zeros]
00007D00:  00 00 00 00 00 00 00 00 00 00 00 00 00 00 00 00  ................ [zeros]
00007D10:  00 00 00 00 00 00 00 00 00 00 00 00 00 00 00 00  ................ [zeros]
00007D20:  00 00 00 00 00 00 00 00 00 00 00 00 00 00 00 00  ................ [zeros]
00007D30:  00 00 00 00 00 00 00 00 00 00 00 00 00 00 00 00  ................ [zeros]
00007D40:  00 00 00 00 00 00 00 00 00 00 00 00 00 00 00 00  ................ [zeros]
00007D50:  00 00 00 00 00 00 00 00 00 00 00 00 00 00 00 00  ................ [zeros]
00007D60:  00 00 00 00 00 00 00 00 00 00 00 00 00 00 00 00  ................ [zeros]
00007D70:  00 00 00 00 00 00 00 00 00 00 00 00 00 00 00 00  ................ [zeros]
00007D80:  00 00 00 00 00 00 00 00 00 00 00 00 00 00 00 00  ................ [zeros]
00007D90:  00 00 00 00 00 00 00 00 00 00 00 00 00 00 00 00  ................ [zeros]
00007DA0:  00 00 00 00 00 00 36 93 E9 31 81 F9 0A 30 7A 8F  ......6..1...0z.
00007DB0:  47 A4 80 E4 62 BC 5C 3F C8 F0 F6 D1 19 C6 8A BE  G...b.\?........
00007DC0:  3A 20 37 3D AC FF 5C 3F C8 F0 F6 D1 19 C6 8A BE  : 7=..\?........
00007DD0:  3A 20 37 3D AC FF 5C 3F C8 F0 F6 D1 19 C6 8A BE  : 7=..\?........
00007DE0:  3A 20 37 3D AC FF 5C 3F C8 F0 F6 D1 19 C6 8A BE  : 7=..\?........
00007DF0:  3A 20 37 3D AC FF 5C 3F C8 F0 F6 D1 19 C6 8A BE  : 7=..\?........
00007E00:  3A 20 37 3D AC FF 6B 04 4D 4C 41 D1 05 4C EE C4  : 7=..k.MLA..L..
00007E10:  00 B4 B5 91 74 22 6B 04 4D 4C 41 D1 05 4C EE C4  ....t"k.MLA..L..
00007E20:  00 B4 B5 91 74 22 6B 04 4D 4C 41 D1 05 4C EE C4  ....t"k.MLA..L..
00007E30:  00 B4 B5 91 74 22 6B 04 4D 4C 41 D1 05 4C EE C4  ....t"k.MLA..L..
00007E40:  00 B4 B5 91 74 22 6B 04 4D 4C 41 D1 05 4C EE C4  ....t"k.MLA..L..
00007E50:  00 B4 B5 91 74 22 E6 49 A8 67 F9 06 C0 07 C8 ED  ....t".I.g......
00007E60:  E0 47 0B 30 20 13 90 E7 03 5F EA F7 74 68 08 AF  .G.0 ...._..th..
00007E70:  11 7C A9 5E A1 5F 00 00 00 00 00 00 00 00 00 00  .|.^._..........
00007E80:  00 00 00 00 00 00 7A D1 96 52 92 9A 22 1B 45 AE  ......z..R..".E.
00007E90:  31 3E 30 2B 6B E8 1E DE 36 5A 0A F5 D0 45 6B 48  1>0+k...6Z...EkH
00007EA0:  04 D9 CD C2 C4 76 2A F2 EB A4 97 0F B3 0B 00 43  .....v*........C
00007EB0:  D1 F0 CF 71 42 BB                                ...qB.

; --- structure summary (block types) ---
; 0x00000060..+0xD0  data   (208 bytes)
; 0x00000130..+0x40  zeros  (64 bytes)
; 0x00000170..+0x210  data   (528 bytes)
; 0x00000380..+0x180  zeros  (384 bytes)
; 0x00000500..+0x580  data   (1408 bytes)
; 0x00000A80..+0x3E0  zeros  (992 bytes)
; 0x00000E60..+0x20  data   (32 bytes)
; 0x00000E80..+0x3E0  zeros  (992 bytes)
; 0x00001260..+0x20  data   (32 bytes)
; 0x00001280..+0x3E0  zeros  (992 bytes)
; 0x00001660..+0x20  data   (32 bytes)
; 0x00001680..+0x3F0  zeros  (1008 bytes)
; 0x00001A70..+0x2180  data   (8576 bytes)
; 0x00003BF0..+0x10  zeros  (16 bytes)
; 0x00003C00..+0x30  data   (48 bytes)
; 0x00003C30..+0x80  zeros  (128 bytes)
; 0x00003CB0..+0x110  data   (272 bytes)
; 0x00003DC0..+0xB0  zeros  (176 bytes)
; 0x00003E70..+0x50  data   (80 bytes)
; 0x00003EC0..+0x150  zeros  (336 bytes)
; 0x00004010..+0x40  data   (64 bytes)
; 0x00004050..+0xF0  zeros  (240 bytes)
; 0x00004140..+0xF0  data   (240 bytes)
; 0x00004230..+0x5E0  zeros  (1504 bytes)
; 0x00004810..+0x140  data   (320 bytes)
; 0x00004950..+0xF0  zeros  (240 bytes)
; 0x00004A40..+0x220  data   (544 bytes)
; 0x00004C60..+0x30  zeros  (48 bytes)
; 0x00004C90..+0xA0  data   (160 bytes)
; 0x00004D30..+0xB0  zeros  (176 bytes)
; 0x00004DE0..+0xA0  data   (160 bytes)
; 0x00004E80..+0x10  zeros  (16 bytes)
; 0x00004E90..+0xD0  data   (208 bytes)
; 0x00004F60..+0xC0  zeros  (192 bytes)
; 0x00005020..+0x290  data   (656 bytes)
; 0x000052B0..+0x40  zeros  (64 bytes)
; 0x000052F0..+0x170  data   (368 bytes)
; 0x00005460..+0x30  zeros  (48 bytes)
; 0x00005490..+0x280  data   (640 bytes)
; 0x00005710..+0x60  zeros  (96 bytes)
; 0x00005770..+0xF0  data   (240 bytes)
; 0x00005860..+0xD0  zeros  (208 bytes)
; 0x00005930..+0x250  data   (592 bytes)
; 0x00005B80..+0xC0  zeros  (192 bytes)
; 0x00005C40..+0x230  data   (560 bytes)
; 0x00005E70..+0x40  zeros  (64 bytes)
; 0x00005EB0..+0x50  data   (80 bytes)
; 0x00005F00..+0xA0  zeros  (160 bytes)
; 0x00005FA0..+0x60  data   (96 bytes)
; 0x00006000..+0x40  zeros  (64 bytes)
; 0x00006040..+0x30  data   (48 bytes)
; 0x00006070..+0xA0  zeros  (160 bytes)
; 0x00006110..+0x50  data   (80 bytes)
; 0x00006160..+0x40  zeros  (64 bytes)
; 0x000061A0..+0x30  data   (48 bytes)
; 0x000061D0..+0xA0  zeros  (160 bytes)
; 0x00006270..+0x290  data   (656 bytes)
; 0x00006500..+0xC0  zeros  (192 bytes)
; 0x000065C0..+0x190  data   (400 bytes)
; 0x00006750..+0x10  zeros  (16 bytes)
; 0x00006760..+0x20  data   (32 bytes)
; 0x00006780..+0x10  zeros  (16 bytes)
; 0x00006790..+0x20  data   (32 bytes)
; 0x000067B0..+0x20  zeros  (32 bytes)
; 0x000067D0..+0x20  data   (32 bytes)
; 0x000067F0..+0x10  zeros  (16 bytes)
; 0x00006800..+0x20  data   (32 bytes)
; 0x00006820..+0x10  zeros  (16 bytes)
; 0x00006830..+0x20  data   (32 bytes)
; 0x00006850..+0x20  zeros  (32 bytes)
; 0x00006870..+0x20  data   (32 bytes)
; 0x00006890..+0x10  zeros  (16 bytes)
; 0x000068A0..+0x370  data   (880 bytes)
; 0x00006C10..+0x30  zeros  (48 bytes)
; 0x00006C40..+0x50  data   (80 bytes)
; 0x00006C90..+0xB0  zeros  (176 bytes)
; 0x00006D40..+0x50  data   (80 bytes)
; 0x00006D90..+0x40  zeros  (64 bytes)
; 0x00006DD0..+0x30  data   (48 bytes)
; 0x00006E00..+0xA0  zeros  (160 bytes)
; 0x00006EA0..+0x60  data   (96 bytes)
; 0x00006F00..+0x40  zeros  (64 bytes)
; 0x00006F40..+0x20  data   (32 bytes)
; 0x00006F60..+0xB0  zeros  (176 bytes)
; 0x00007010..+0x290  data   (656 bytes)
; 0x000072A0..+0xC0  zeros  (192 bytes)
; 0x00007360..+0x180  data   (384 bytes)
; 0x000074E0..+0x20  zeros  (32 bytes)
; 0x00007500..+0x20  data   (32 bytes)
; 0x00007520..+0x10  zeros  (16 bytes)
; 0x00007530..+0x20  data   (32 bytes)
; 0x00007550..+0x10  zeros  (16 bytes)
; 0x00007560..+0x20  data   (32 bytes)
; 0x00007580..+0x10  zeros  (16 bytes)
; 0x00007590..+0x20  data   (32 bytes)
; 0x000075B0..+0x20  zeros  (32 bytes)
; 0x000075D0..+0x20  data   (32 bytes)
; 0x000075F0..+0x10  zeros  (16 bytes)
; 0x00007600..+0x20  data   (32 bytes)
; 0x00007620..+0x10  zeros  (16 bytes)
; 0x00007630..+0x450  data   (1104 bytes)
; 0x00007A80..+0x320  zeros  (800 bytes)
; 0x00007DA0..+0x110  data   (272 bytes)
