; Decrypted GatewaySettings dump (see FORMAT.md)
; key = d6fc9864efd37be3c3940d9e7d3ebfd8 (aligned at 0x60)

00000060:  35 F2 96 70 E0 01 78 C0 D8 9E 84 78 D5 C3 A6 3A  5..p..x....x...:
00000070:  CE EF F6 52 4A 98 C2 71 E1 C5 AC D7 D7 CD 60 B8  ...RJ..q......`.
00000080:  A4 AE 18 24 5B 78 CA 53 92 9A 1A F5 5B 8F 8E 2F  ...$[x.S....[../
00000090:  D7 FD 73 EE E3 80 30 DC 55 00 5B AD 5B 39 67 78  ..s...0.U.[.[9gx
000000A0:  FC A3 93 25 6C 05 98 76 A4 56 89 87 D4 81 37 25  ...%l..v.V....7%
000000B0:  50 4C D5 7F 45 49 9C 23 4C 6C F0 FE 95 64 F3 53  PL..EI.#Ll...d.S
000000C0:  90 A6 BD 8D 38 34 DD D0 67 76 5C 86 AA EF 41 92  ....84..gv\...A.
000000D0:  35 6C ED 60 D8 2E B2 FF 23 08 5A 3A FF 15 BD 2F  5l.`....#.Z:.../
000000E0:  F8 EC CD 8A C0 53 F7 73 64 1B FA 5C 2E CF FD 55  .....S.sd..\...U
000000F0:  50 48 49 7C 4D 5A D2 B1 7E 28 48 FF 17 59 9C ED  PHI|MZ..~(H..Y..
00000100:  F4 CF A1 CD 48 AB C7 5E 7F 64 1C A6 1D D7 9D 81  ....H..^.d......
00000110:  E8 27 43 DE F4 C6 0E 87 15 21 6D 1C DD DB DC 1B  .'C......!m.....
00000120:  87 D9 48 28 F2 E6 00 00 00 00 00 00 00 00 00 00  ..H(............
00000130:  00 00 00 00 00 00 00 00 00 00 00 00 00 00 00 00  ................ [zeros]
00000140:  00 00 00 00 00 00 00 00 00 00 00 00 00 00 00 00  ................ [zeros]
00000150:  00 00 00 00 00 00 00 00 00 00 00 00 00 00 00 00  ................ [zeros]
00000160:  00 00 00 00 00 00 00 00 00 00 00 00 00 00 00 00  ................ [zeros]
00000170:  00 00 00 00 00 00 94 73 9B 67 47 BB A7 40 27 94  .......s.gG..@'.
00000180:  61 49 C6 20 A5 D0 E1 DC 35 05 2A 82 04 6D 66 7D  aI. ....5.*..mf}
00000190:  29 64 3C CC 2B AC F8 49 13 F6 2F D9 23 4C BA CF  )d<.+..I../.#L..
000001A0:  C8 D7 06 AC 3B 88 09 DE 97 E5 A5 51 E5 43 3E B3  ....;......Q.C>.
000001B0:  AF B9 91 1B D5 61 59 E8 0C A2 4F 5B 7E EB 4C 82  .....aY...O[~.L.
000001C0:  F7 31 3D 20 AB 43 44 31 11 29 47 8F 06 5B 6E 6D  .1= .CD1.)G..[nm
000001D0:  06 8E 69 C1 CF 92 84 FA F4 CD 10 4C C5 E7 9E 90  ..i........L....
000001E0:  60 64 F8 C4 3D 9D 11 52 59 8A E8 91 50 3E E9 D9  `d..=..RY...P>..
000001F0:  29 74 A3 8A EE A5 4B DD E1 E5 6E 04 1C 9C F2 58  )t....K...n....X
00000200:  CC 97 7A F2 46 45 64 DC 06 65 3F AE B7 DC BA 95  ..z.FEd..e?.....
00000210:  91 7D 75 3E 2B BF EB F8 29 C4 F2 20 37 F3 81 21  .}u>+...).. 7..!
00000220:  F6 BE 08 20 78 A1 0C 66 B4 6A 52 55 C4 6B 73 F7  ... x..f.jRU.ks.
00000230:  E5 3A 6A 88 27 41 7E A6 6D 0B E6 B1 E4 E3 05 79  .:j.'A~.m......y
00000240:  FB CA 88 13 22 2B A0 1F 8E 57 34 11 4F F7 EE 31  ...."+...W4.O..1
00000250:  B9 AD 16 EB E8 93 DB D8 D4 FC 6E 84 82 DA 6C 88  ..........n...l.
00000260:  29 FC 68 6A D1 D2 07 92 6A 43 27 7E B8 AF DF 95  ).hj....jC'~....
00000270:  CF 96 AE 9C 10 EC D3 3D 37 01 63 EE C1 88 68 A8  .......=7.c...h.
00000280:  0F 6B F6 A2 A9 A4 AC 4C D8 03 CE 93 09 79 87 AF  .k.....L.....y..
00000290:  63 35 D2 98 19 99 46 F2 67 06 7A AA A7 05 5B 00  c5....F.g.z...[.
000002A0:  48 A0 20 F7 D8 49 8A 55 B0 16 F1 26 CC E0 7D 44  H. ..I.U...&..}D
000002B0:  30 48 13 E6 2D 5A 03 1C 71 A5 35 12 6D 62 D4 77  0H..-Z..q.5.mb.w
000002C0:  B9 B8 C6 F0 47 37 B9 B2 D9 66 44 2D 98 1A 50 00  ....G7...fD-..P.
000002D0:  06 D9 26 37 3E D2 CC 44 8F 1B D4 E4 77 B9 C5 F2  ..&7>..D....w...
000002E0:  AF 84 AF F8 01 EE BE 1D A6 3B BB 5C 52 21 BF 20  .........;.\R!. 
000002F0:  5F EB EA AE 1F A9 D6 03 FD 9E CF 3A FA 20 70 1E  _..........:. p.
00000300:  90 AA 24 FB CA 85 C5 4A DE 2E 9B 19 51 DC D1 1C  ..$....J....Q...
00000310:  A5 7B 20 FB 06 0A 6E 9B 01 D9 A5 DB 67 6F 3E 8B  .{ ...n.....go>.
00000320:  14 43 5F 7A DA B1 6E 9B 01 D9 A5 DB 67 6F 3E 8B  .C_z..n.....go>.
00000330:  14 43 5F 7A DA B1 C8 FE 19 BB 25 AA E1 85 8F 4D  .C_z......%....M
00000340:  93 C1 A8 6B E8 98 A9 02 D7 5C E5 22 86 30 99 EB  ...k.....\.".0..
00000350:  94 69 17 05 55 D1 45 3E E4 ED B2 15 C3 19 0F B6  .i..U.E>........
00000360:  52 D8 E2 CD 0B 70 C8 60 69 3C 96 5A E2 A0 76 D5  R....p.`i<.Z..v.
00000370:  B5 54 EE 98 B8 23 41 1D 85 F5 BF 29 55 20 33 76  .T...#A....)U 3v
00000380:  1A B8 41 A2 9E 35 00 00 00 00 00 00 00 00 00 00  ..A..5..........
00000390:  00 00 00 00 00 00 00 00 00 00 00 00 00 00 00 00  ................ [zeros]
000003A0:  00 00 00 00 00 00 00 00 00 00 00 00 00 00 00 00  ................ [zeros]
000003B0:  00 00 00 00 00 00 00 00 00 00 00 00 00 00 00 00  ................ [zeros]
000003C0:  00 00 00 00 00 00 00 00 00 00 00 00 00 00 00 00  ................ [zeros]
000003D0:  00 00 00 00 00 00 00 00 00 00 00 00 00 00 00 00  ................ [zeros]
000003E0:  00 00 00 00 00 00 00 00 00 00 00 00 00 00 00 00  ................ [zeros]
000003F0:  00 00 00 00 00 00 00 00 00 00 00 00 00 00 00 00  ................ [zeros]
00000400:  00 00 00 00 00 00 00 00 00 00 00 00 00 00 00 00  ................ [zeros]
00000410:  00 00 00 00 00 00 00 00 00 00 00 00 00 00 00 00  ................ [zeros]
00000420:  00 00 00 00 00 00 00 00 00 00 00 00 00 00 00 00  ................ [zeros]
00000430:  00 00 00 00 00 00 00 00 00 00 00 00 00 00 00 00  ................ [zeros]
00000440:  00 00 00 00 00 00 00 00 00 00 00 00 00 00 00 00  ................ [zeros]
00000450:  00 00 00 00 00 00 00 00 00 00 00 00 00 00 00 00  ................ [zeros]
00000460:  00 00 00 00 00 00 00 00 00 00 00 00 00 00 00 00  ................ [zeros]
00000470:  00 00 00 00 00 00 00 00 00 00 00 00 00 00 00 00  ................ [zeros]
00000480:  00 00 00 00 00 00 00 00 00 00 00 00 00 00 00 00  ................ [zeros]
00000490:  00 00 00 00 00 00 00 00 00 00 00 00 00 00 00 00  ................ [zeros]
000004A0:  00 00 00 00 00 00 00 00 00 00 00 00 00 00 00 00  ................ [zeros]
000004B0:  00 00 00 00 00 00 00 00 00 00 00 00 00 00 00 00  ................ [zeros]
000004C0:  00 00 00 00 00 00 00 00 00 00 00 00 00 00 00 00  ................ [zeros]
000004D0:  00 00 00 00 00 00 00 00 00 00 00 00 00 00 00 00  ................ [zeros]
000004E0:  00 00 00 00 00 00 00 00 00 00 00 00 00 00 00 00  ................ [zeros]
000004F0:  00 00 00 00 00 00 00 00 00 00 00 00 00 00 00 00  ................ [zeros]
00000500:  00 00 00 00 00 00 7C CA 5C 86 F6 B1 58 2D 09 2B  ......|.\...X-.+
00000510:  66 08 9F 99 AD 90 46 57 F4 8C FB D6 26 75 F5 94  f.....FW....&u..
00000520:  B1 02 1A 83 46 C7 7E 19 3B AF C4 69 84 DB 02 66  ....F.~.;..i...f
00000530:  9B D3 B8 A9 52 36 4F 17 65 4B CA DE F9 56 9A F1  ....R6O.eK...V..
00000540:  E4 2C 22 5F 61 64 56 1D E3 1D F2 FE 8F DC 1A 02  .,"_adV.........
00000550:  35 B7 59 B3 8C EA 39 48 ED 9C B2 8F 55 A9 14 3E  5.Y...9H....U..>
00000560:  DB 04 C0 B9 5A 93 FD 95 B9 92 17 10 0B AD 1C BD  ....Z...........
00000570:  1B EE 8B 38 8E 71 3F E8 32 95 1D 90 EE F4 59 C2  ...8.q?.2.....Y.
00000580:  EC 1D 5D 2D CB 2E 06 CB B4 26 65 BF F7 3F FE BE  ..]-.....&e..?..
00000590:  96 66 61 1A 90 23 B7 0C 9D 70 8F D1 D1 48 69 FC  .fa..#...p...Hi.
000005A0:  00 82 66 72 8A 6D B2 03 D1 0F D4 8D BB 38 00 F9  ..fr.m.......8..
000005B0:  B6 7C 70 33 E3 EC 15 EE 75 5C 8D DE D7 EE 5F 53  .|p3....u\...._S
000005C0:  05 30 D0 18 E0 23 4C AC E9 5B C2 D5 B3 DF AA 30  .0...#L..[.....0
000005D0:  01 93 E8 6D F7 C5 3F 23 38 8C 7B CE C0 14 F0 A1  ...m..?#8.{.....
000005E0:  F5 66 F9 88 C3 2B F5 F9 8B BB 0C 72 F4 B3 A4 24  .f...+.....r...$
000005F0:  A1 6D D3 A0 76 05 08 B3 9E 47 A3 D4 9E 7A E7 DE  .m..v....G...z..
00000600:  8F DF EC A1 E3 21 62 00 FE 3D E6 0D 86 95 78 9A  .....!b..=....x.
00000610:  FD FE E1 90 0A 84 6F B4 F9 72 21 48 9F CB 7D 7F  ......o..r!H..}.
00000620:  6D 02 74 67 4F 9E 04 E6 6F C4 B4 69 48 5C 5C 4B  m.tgO...o..iH\\K
00000630:  92 85 56 9D 37 EE 55 AD 63 95 F6 B7 13 FC 4E C0  ..V.7.U.c.....N.
00000640:  A9 DD 87 0C 24 64 C8 CB 85 40 04 B5 C3 10 38 CC  ....$d...@....8.
00000650:  CF 83 63 09 AD 17 C3 6F C6 1D 39 DF 63 07 56 28  ..c....o..9.c.V(
00000660:  C4 9E 79 77 F3 54 C2 B4 3F F7 F5 2C D7 52 A6 3C  ..yw.T..?..,.R.<
00000670:  3E 3A F3 24 B7 90 D5 F5 1C F9 7F F3 2E 26 B1 04  >:.$.........&..
00000680:  9C 54 68 C9 02 54 25 D2 6E 88 20 99 AA 0B AD 2E  .Th..T%.n. .....
00000690:  8F E9 63 AE D9 B9 3E E7 E7 9C 2C EB 89 31 5E 97  ..c...>...,..1^.
000006A0:  F7 8D 07 EB 8B 11 14 56 E4 1F 23 3F B4 EB EE 6A  .......V..#?...j
000006B0:  39 93 6E 62 57 EF 85 54 29 E8 7F FF 56 C2 A7 25  9.nbW..T)...V..%
000006C0:  CD 83 32 68 04 43 BA 74 E8 E9 69 B7 1F 20 74 9B  ..2h.C.t..i.. t.
000006D0:  63 6C 4C F0 CF EE CA E0 99 2E F8 F8 D4 53 60 3F  clL..........S`?
000006E0:  30 4E 39 CA 37 0B 72 82 3E 10 F8 C9 E2 DD 4F 68  0N9.7.r.>.....Oh
000006F0:  D4 CD 08 B7 64 9B 8A DF 64 5E E3 79 57 03 D9 63  ....d...d^.yW..c
00000700:  09 1A B0 C9 0F 25 C6 2E F0 DE 31 9A 4E 25 FD D9  .....%....1.N%..
00000710:  7C 8E 92 82 D4 BB FF ED 6C F5 DA E9 91 E2 23 3C  |.......l.....#<
00000720:  62 D3 8B 4D 69 D1 BA 98 11 3E EE D2 BF F1 0B F4  b..Mi....>......
00000730:  6D 8E 25 5C 3C 7E 14 93 38 FB 22 1F 8E 7C 0B 85  m.%\<~..8."..|..
00000740:  FD FD 1E C2 F0 04 0C 09 C5 77 18 45 72 B1 97 BA  .........w.Er...
00000750:  4F 24 38 22 FD 48 4D 8F DA BA 0D 96 47 64 F2 1D  O$8".HM.....Gd..
00000760:  3A 6D A0 19 D2 9B 5E 31 30 1E 98 C2 9C D3 10 8B  :m....^10.......
00000770:  13 0B F3 02 6A 37 2D 45 EF 8D 2B 42 AD 96 DE BA  ....j7-E..+B....
00000780:  79 32 4F 12 E9 F7 ED 0E A7 18 58 66 36 34 0A 04  y2O.......Xf64..
00000790:  72 7C E4 4D D3 5F F0 A7 60 56 2C 55 36 BE 8A 69  r|.M._..`V,U6..i
000007A0:  07 42 E0 CC 13 1F 89 8F 9A C6 DE 22 6D E8 31 58  .B........."m.1X
000007B0:  E4 95 0E 45 D9 E6 A6 D2 2D B4 EF 26 7F 8B E8 2B  ...E....-..&...+
000007C0:  68 44 1F 75 F1 F4 E6 EE DC 5B 4F D5 DE 48 20 8D  hD.u.....[O..H .
000007D0:  4D DE C8 2B 37 E0 5F D5 35 08 74 B2 64 48 07 CB  M..+7._.5.t.dH..
000007E0:  A9 C2 77 E9 DA 5E AE DD 6D 9B 53 49 0F D1 9D A5  ..w..^..m.SI....
000007F0:  CB 30 3B EF 4E 26 C8 50 A0 12 85 70 5A 8E 96 11  .0;.N&.P...pZ...
00000800:  CF 02 23 6D C9 65 DA AB C5 E2 E6 29 69 D8 9C E8  ..#m.e.....)i...
00000810:  2A 18 39 42 3B 40 86 5F 9B 02 EE FF F7 36 36 54  *.9B;@._.....66T
00000820:  1A 95 89 0F FC F3 79 56 C9 A5 B8 24 7F 3F BC 60  ......yV...$.?.`
00000830:  CD 83 BB 2E 1E 43 84 93 C9 37 21 DA 30 8D 3E F1  .....C...7!.0.>.
00000840:  4B 8A F5 09 7B C6 3D 10 29 1E F1 A4 8D CC 59 F9  K...{.=.).....Y.
00000850:  93 6D 6D 0C 39 CC 63 7B 2F C6 D6 B1 9C 63 99 92  .mm.9.c{/....c..
00000860:  4B 4A DE 5C 7C A1 AC 26 B6 EB D1 91 BD 25 A1 59  KJ.\|..&.....%.Y
00000870:  F0 B1 14 3E 03 72 CE C9 65 26 7A F8 BE 32 99 43  ...>.r..e&z..2.C
00000880:  74 A2 72 33 63 5A 68 AF 1C 5A 49 FB E3 52 42 8E  t.r3cZh..ZI..RB.
00000890:  D7 AC 82 D6 8C 04 3E 0F 38 80 BF 09 B7 A7 46 48  ......>.8.....FH
000008A0:  FF 79 7F 4D E5 60 20 1B 67 6D A1 24 F1 16 AB E1  .y.M.` .gm.$....
000008B0:  1E 5A 05 C3 FF E2 13 C7 5D A4 4F F3 4B 5B 29 F5  .Z......].O.K[).
000008C0:  B0 A9 E4 B3 A6 D8 C5 B8 F9 19 61 65 9A A7 60 50  ..........ae..`P
000008D0:  A4 99 A0 CD 22 DA 32 8F 27 7A 38 8D 34 91 5C BB  ....".2.'z8.4.\.
000008E0:  BD 1A E2 91 2D 56 EA 59 2C 63 8E EC 47 FD EC F1  ....-V.Y,c..G...
000008F0:  10 D4 3E 13 1B 54 E9 50 ED 8B 3C DA E6 8D 5D 96  ..>..T.P..<...].
00000900:  47 CB BA 5A 7A CA B7 EC 0B 77 B4 60 A7 F0 D7 A0  G..Zz....w.`....
00000910:  68 5F FA EF D8 5B 0B B4 7E 5C EB 32 59 66 16 F3  h_...[..~\.2Yf..
00000920:  8D BD A3 00 6F DD 67 48 5D 76 DF 85 82 11 6D 9A  ....o.gH]v....m.
00000930:  49 D5 2E 67 DB 32 93 5C 54 15 CC 7C 06 8C 04 CD  I..g.2.\T..|....
00000940:  86 0D 3B 59 CC A1 09 64 05 35 F3 49 5B 95 A5 46  ..;Y...d.5.I[..F
00000950:  AF 3A 49 A8 10 3E 22 BE 0E 18 56 57 21 EB 44 DA  .:I..>"...VW!.D.
00000960:  21 76 06 0B 53 9F 57 43 69 8E 6E 30 CF 1C FD 0E  !v..S.WCi.n0....
00000970:  B2 37 EE 84 0D FA 14 01 B0 79 3B 6F AB A2 21 6E  .7.......y;o..!n
00000980:  7D 8A 8E 70 40 68 1A CB C4 D7 93 30 59 40 01 88  }..p@h.....0Y@..
00000990:  C0 59 0D 7F 84 79 37 03 D6 3A 59 7A 4B 1A 40 96  .Y...y7..:YzK.@.
000009A0:  83 34 29 AA 44 09 C2 83 9C B0 09 A3 A6 2A 04 D1  .4).D........*..
000009B0:  54 44 B9 20 45 10 AB C8 5D 72 E9 92 43 3E B9 A7  TD. E...]r..C>..
000009C0:  7B 6A 3A BB F0 99 1A 41 CF AB A7 48 54 1C 7C 2D  {j:....A...HT.|-
000009D0:  22 A4 77 A7 75 65 B6 76 67 C8 00 C8 B1 AA AF 1D  ".w.ue.vg.......
000009E0:  A0 93 72 AE 36 03 0D C1 CA A8 03 14 04 05 D4 81  ..r.6...........
000009F0:  52 3B ED F6 7B 06 93 F1 D5 B7 0E 34 72 00 B4 D9  R;..{......4r...
00000A00:  2A F7 EE 51 39 36 FD EB 71 02 E7 E1 BF F9 FC 5E  *..Q96..q......^
00000A10:  A6 35 57 8C 95 04 18 57 00 F9 7F 09 2B FE 25 3E  .5W....W....+.%>
00000A20:  1B 3E 9C 16 D0 A1 52 2C F2 D3 CC 3E FA 01 CC 75  .>....R,...>...u
00000A30:  FC 13 63 CF 0A A3 4F 0D 22 53 88 8E C6 34 6F 2F  ..c...O."S...4o/
00000A40:  DB AF EF 05 41 26 D3 62 F8 1E FC 0B D3 68 C2 31  ....A&.b.....h.1
00000A50:  2F 6D E4 EC 48 F7 55 6A 5E 44 A4 8F 1D B3 AE EE  /m..H.Uj^D......
00000A60:  0B D0 6B 20 D4 B5 92 F8 60 7F 55 04 06 42 2B A8  ..k ....`.U..B+.
00000A70:  0E 94 93 C8 DC 5F 00 00 00 00 00 00 00 00 00 00  ....._..........
00000A80:  00 00 00 00 00 00 00 00 00 00 00 00 00 00 00 00  ................ [zeros]
00000A90:  00 00 00 00 00 00 00 00 00 00 00 00 00 00 00 00  ................ [zeros]
00000AA0:  00 00 00 00 00 00 00 00 00 00 00 00 00 00 00 00  ................ [zeros]
00000AB0:  00 00 00 00 00 00 00 00 00 00 00 00 00 00 00 00  ................ [zeros]
00000AC0:  00 00 00 00 00 00 00 00 00 00 00 00 00 00 00 00  ................ [zeros]
00000AD0:  00 00 00 00 00 00 00 00 00 00 00 00 00 00 00 00  ................ [zeros]
00000AE0:  00 00 00 00 00 00 00 00 00 00 00 00 00 00 00 00  ................ [zeros]
00000AF0:  00 00 00 00 00 00 00 00 00 00 00 00 00 00 00 00  ................ [zeros]
00000B00:  00 00 00 00 00 00 00 00 00 00 00 00 00 00 00 00  ................ [zeros]
00000B10:  00 00 00 00 00 00 00 00 00 00 00 00 00 00 00 00  ................ [zeros]
00000B20:  00 00 00 00 00 00 00 00 00 00 00 00 00 00 00 00  ................ [zeros]
00000B30:  00 00 00 00 00 00 00 00 00 00 00 00 00 00 00 00  ................ [zeros]
00000B40:  00 00 00 00 00 00 00 00 00 00 00 00 00 00 00 00  ................ [zeros]
00000B50:  00 00 00 00 00 00 00 00 00 00 00 00 00 00 00 00  ................ [zeros]
00000B60:  00 00 00 00 00 00 00 00 00 00 00 00 00 00 00 00  ................ [zeros]
00000B70:  00 00 00 00 00 00 00 00 00 00 00 00 00 00 00 00  ................ [zeros]
00000B80:  00 00 00 00 00 00 00 00 00 00 00 00 00 00 00 00  ................ [zeros]
00000B90:  00 00 00 00 00 00 00 00 00 00 00 00 00 00 00 00  ................ [zeros]
00000BA0:  00 00 00 00 00 00 00 00 00 00 00 00 00 00 00 00  ................ [zeros]
00000BB0:  00 00 00 00 00 00 00 00 00 00 00 00 00 00 00 00  ................ [zeros]
00000BC0:  00 00 00 00 00 00 00 00 00 00 00 00 00 00 00 00  ................ [zeros]
00000BD0:  00 00 00 00 00 00 00 00 00 00 00 00 00 00 00 00  ................ [zeros]
00000BE0:  00 00 00 00 00 00 00 00 00 00 00 00 00 00 00 00  ................ [zeros]
00000BF0:  00 00 00 00 00 00 00 00 00 00 00 00 00 00 00 00  ................ [zeros]
00000C00:  00 00 00 00 00 00 00 00 00 00 00 00 00 00 00 00  ................ [zeros]
00000C10:  00 00 00 00 00 00 00 00 00 00 00 00 00 00 00 00  ................ [zeros]
00000C20:  00 00 00 00 00 00 00 00 00 00 00 00 00 00 00 00  ................ [zeros]
00000C30:  00 00 00 00 00 00 00 00 00 00 00 00 00 00 00 00  ................ [zeros]
00000C40:  00 00 00 00 00 00 00 00 00 00 00 00 00 00 00 00  ................ [zeros]
00000C50:  00 00 00 00 00 00 00 00 00 00 00 00 00 00 00 00  ................ [zeros]
00000C60:  00 00 00 00 00 00 00 00 00 00 00 00 00 00 00 00  ................ [zeros]
00000C70:  00 00 00 00 00 00 00 00 00 00 00 00 00 00 00 00  ................ [zeros]
00000C80:  00 00 00 00 00 00 00 00 00 00 00 00 00 00 00 00  ................ [zeros]
00000C90:  00 00 00 00 00 00 00 00 00 00 00 00 00 00 00 00  ................ [zeros]
00000CA0:  00 00 00 00 00 00 00 00 00 00 00 00 00 00 00 00  ................ [zeros]
00000CB0:  00 00 00 00 00 00 00 00 00 00 00 00 00 00 00 00  ................ [zeros]
00000CC0:  00 00 00 00 00 00 00 00 00 00 00 00 00 00 00 00  ................ [zeros]
00000CD0:  00 00 00 00 00 00 00 00 00 00 00 00 00 00 00 00  ................ [zeros]
00000CE0:  00 00 00 00 00 00 00 00 00 00 00 00 00 00 00 00  ................ [zeros]
00000CF0:  00 00 00 00 00 00 00 00 00 00 00 00 00 00 00 00  ................ [zeros]
00000D00:  00 00 00 00 00 00 00 00 00 00 00 00 00 00 00 00  ................ [zeros]
00000D10:  00 00 00 00 00 00 00 00 00 00 00 00 00 00 00 00  ................ [zeros]
00000D20:  00 00 00 00 00 00 00 00 00 00 00 00 00 00 00 00  ................ [zeros]
00000D30:  00 00 00 00 00 00 00 00 00 00 00 00 00 00 00 00  ................ [zeros]
00000D40:  00 00 00 00 00 00 00 00 00 00 00 00 00 00 00 00  ................ [zeros]
00000D50:  00 00 00 00 00 00 00 00 00 00 00 00 00 00 00 00  ................ [zeros]
00000D60:  00 00 00 00 00 00 00 00 00 00 00 00 00 00 00 00  ................ [zeros]
00000D70:  00 00 00 00 00 00 00 00 00 00 00 00 00 00 00 00  ................ [zeros]
00000D80:  00 00 00 00 00 00 00 00 00 00 00 00 00 00 00 00  ................ [zeros]
00000D90:  00 00 00 00 00 00 00 00 00 00 00 00 00 00 00 00  ................ [zeros]
00000DA0:  00 00 00 00 00 00 00 00 00 00 00 00 00 00 00 00  ................ [zeros]
00000DB0:  00 00 00 00 00 00 00 00 00 00 00 00 00 00 00 00  ................ [zeros]
00000DC0:  00 00 00 00 00 00 00 00 00 00 00 00 00 00 00 00  ................ [zeros]
00000DD0:  00 00 00 00 00 00 00 00 00 00 00 00 00 00 00 00  ................ [zeros]
00000DE0:  00 00 00 00 00 00 00 00 00 00 00 00 00 00 00 00  ................ [zeros]
00000DF0:  00 00 00 00 00 00 00 00 00 00 00 00 00 00 00 00  ................ [zeros]
00000E00:  00 00 00 00 00 00 00 00 00 00 00 00 00 00 00 00  ................ [zeros]
00000E10:  00 00 00 00 00 00 00 00 00 00 00 00 00 00 00 00  ................ [zeros]
00000E20:  00 00 00 00 00 00 00 00 00 00 00 00 00 00 00 00  ................ [zeros]
00000E30:  00 00 00 00 00 00 00 00 00 00 00 00 00 00 00 00  ................ [zeros]
00000E40:  00 00 00 00 00 00 00 00 00 00 00 00 00 00 00 00  ................ [zeros]
00000E50:  00 00 00 00 00 00 00 00 00 00 00 00 00 00 00 00  ................ [zeros]
00000E60:  00 00 00 00 00 00 00 00 00 00 00 00 00 00 00 00  ................ [zeros]
00000E70:  00 00 00 00 00 00 9C 44 3C CE B4 6D E9 17 DA 9A  .......D<..m....
00000E80:  6C 91 FD DD 38 67 00 00 00 00 00 00 00 00 00 00  l...8g..........
00000E90:  00 00 00 00 00 00 00 00 00 00 00 00 00 00 00 00  ................ [zeros]
00000EA0:  00 00 00 00 00 00 00 00 00 00 00 00 00 00 00 00  ................ [zeros]
00000EB0:  00 00 00 00 00 00 00 00 00 00 00 00 00 00 00 00  ................ [zeros]
00000EC0:  00 00 00 00 00 00 00 00 00 00 00 00 00 00 00 00  ................ [zeros]
00000ED0:  00 00 00 00 00 00 00 00 00 00 00 00 00 00 00 00  ................ [zeros]
00000EE0:  00 00 00 00 00 00 00 00 00 00 00 00 00 00 00 00  ................ [zeros]
00000EF0:  00 00 00 00 00 00 00 00 00 00 00 00 00 00 00 00  ................ [zeros]
00000F00:  00 00 00 00 00 00 00 00 00 00 00 00 00 00 00 00  ................ [zeros]
00000F10:  00 00 00 00 00 00 00 00 00 00 00 00 00 00 00 00  ................ [zeros]
00000F20:  00 00 00 00 00 00 00 00 00 00 00 00 00 00 00 00  ................ [zeros]
00000F30:  00 00 00 00 00 00 00 00 00 00 00 00 00 00 00 00  ................ [zeros]
00000F40:  00 00 00 00 00 00 00 00 00 00 00 00 00 00 00 00  ................ [zeros]
00000F50:  00 00 00 00 00 00 00 00 00 00 00 00 00 00 00 00  ................ [zeros]
00000F60:  00 00 00 00 00 00 00 00 00 00 00 00 00 00 00 00  ................ [zeros]
00000F70:  00 00 00 00 00 00 00 00 00 00 00 00 00 00 00 00  ................ [zeros]
00000F80:  00 00 00 00 00 00 00 00 00 00 00 00 00 00 00 00  ................ [zeros]
00000F90:  00 00 00 00 00 00 00 00 00 00 00 00 00 00 00 00  ................ [zeros]
00000FA0:  00 00 00 00 00 00 00 00 00 00 00 00 00 00 00 00  ................ [zeros]
00000FB0:  00 00 00 00 00 00 00 00 00 00 00 00 00 00 00 00  ................ [zeros]
00000FC0:  00 00 00 00 00 00 00 00 00 00 00 00 00 00 00 00  ................ [zeros]
00000FD0:  00 00 00 00 00 00 00 00 00 00 00 00 00 00 00 00  ................ [zeros]
00000FE0:  00 00 00 00 00 00 00 00 00 00 00 00 00 00 00 00  ................ [zeros]
00000FF0:  00 00 00 00 00 00 00 00 00 00 00 00 00 00 00 00  ................ [zeros]
00001000:  00 00 00 00 00 00 00 00 00 00 00 00 00 00 00 00  ................ [zeros]
00001010:  00 00 00 00 00 00 00 00 00 00 00 00 00 00 00 00  ................ [zeros]
00001020:  00 00 00 00 00 00 00 00 00 00 00 00 00 00 00 00  ................ [zeros]
00001030:  00 00 00 00 00 00 00 00 00 00 00 00 00 00 00 00  ................ [zeros]
00001040:  00 00 00 00 00 00 00 00 00 00 00 00 00 00 00 00  ................ [zeros]
00001050:  00 00 00 00 00 00 00 00 00 00 00 00 00 00 00 00  ................ [zeros]
00001060:  00 00 00 00 00 00 00 00 00 00 00 00 00 00 00 00  ................ [zeros]
00001070:  00 00 00 00 00 00 00 00 00 00 00 00 00 00 00 00  ................ [zeros]
00001080:  00 00 00 00 00 00 00 00 00 00 00 00 00 00 00 00  ................ [zeros]
00001090:  00 00 00 00 00 00 00 00 00 00 00 00 00 00 00 00  ................ [zeros]
000010A0:  00 00 00 00 00 00 00 00 00 00 00 00 00 00 00 00  ................ [zeros]
000010B0:  00 00 00 00 00 00 00 00 00 00 00 00 00 00 00 00  ................ [zeros]
000010C0:  00 00 00 00 00 00 00 00 00 00 00 00 00 00 00 00  ................ [zeros]
000010D0:  00 00 00 00 00 00 00 00 00 00 00 00 00 00 00 00  ................ [zeros]
000010E0:  00 00 00 00 00 00 00 00 00 00 00 00 00 00 00 00  ................ [zeros]
000010F0:  00 00 00 00 00 00 00 00 00 00 00 00 00 00 00 00  ................ [zeros]
00001100:  00 00 00 00 00 00 00 00 00 00 00 00 00 00 00 00  ................ [zeros]
00001110:  00 00 00 00 00 00 00 00 00 00 00 00 00 00 00 00  ................ [zeros]
00001120:  00 00 00 00 00 00 00 00 00 00 00 00 00 00 00 00  ................ [zeros]
00001130:  00 00 00 00 00 00 00 00 00 00 00 00 00 00 00 00  ................ [zeros]
00001140:  00 00 00 00 00 00 00 00 00 00 00 00 00 00 00 00  ................ [zeros]
00001150:  00 00 00 00 00 00 00 00 00 00 00 00 00 00 00 00  ................ [zeros]
00001160:  00 00 00 00 00 00 00 00 00 00 00 00 00 00 00 00  ................ [zeros]
00001170:  00 00 00 00 00 00 00 00 00 00 00 00 00 00 00 00  ................ [zeros]
00001180:  00 00 00 00 00 00 00 00 00 00 00 00 00 00 00 00  ................ [zeros]
00001190:  00 00 00 00 00 00 00 00 00 00 00 00 00 00 00 00  ................ [zeros]
000011A0:  00 00 00 00 00 00 00 00 00 00 00 00 00 00 00 00  ................ [zeros]
000011B0:  00 00 00 00 00 00 00 00 00 00 00 00 00 00 00 00  ................ [zeros]
000011C0:  00 00 00 00 00 00 00 00 00 00 00 00 00 00 00 00  ................ [zeros]
000011D0:  00 00 00 00 00 00 00 00 00 00 00 00 00 00 00 00  ................ [zeros]
000011E0:  00 00 00 00 00 00 00 00 00 00 00 00 00 00 00 00  ................ [zeros]
000011F0:  00 00 00 00 00 00 00 00 00 00 00 00 00 00 00 00  ................ [zeros]
00001200:  00 00 00 00 00 00 00 00 00 00 00 00 00 00 00 00  ................ [zeros]
00001210:  00 00 00 00 00 00 00 00 00 00 00 00 00 00 00 00  ................ [zeros]
00001220:  00 00 00 00 00 00 00 00 00 00 00 00 00 00 00 00  ................ [zeros]
00001230:  00 00 00 00 00 00 00 00 00 00 00 00 00 00 00 00  ................ [zeros]
00001240:  00 00 00 00 00 00 00 00 00 00 00 00 00 00 00 00  ................ [zeros]
00001250:  00 00 00 00 00 00 00 00 00 00 00 00 00 00 00 00  ................ [zeros]
00001260:  00 00 00 00 00 00 00 00 00 00 00 00 00 00 00 00  ................ [zeros]
00001270:  00 00 00 00 00 00 95 0E 3F 47 58 BE BE 24 74 FE  ........?GX..$t.
00001280:  67 9C 59 D3 91 EE 00 00 00 00 00 00 00 00 00 00  g.Y.............
00001290:  00 00 00 00 00 00 00 00 00 00 00 00 00 00 00 00  ................ [zeros]
000012A0:  00 00 00 00 00 00 00 00 00 00 00 00 00 00 00 00  ................ [zeros]
000012B0:  00 00 00 00 00 00 00 00 00 00 00 00 00 00 00 00  ................ [zeros]
000012C0:  00 00 00 00 00 00 00 00 00 00 00 00 00 00 00 00  ................ [zeros]
000012D0:  00 00 00 00 00 00 00 00 00 00 00 00 00 00 00 00  ................ [zeros]
000012E0:  00 00 00 00 00 00 00 00 00 00 00 00 00 00 00 00  ................ [zeros]
000012F0:  00 00 00 00 00 00 00 00 00 00 00 00 00 00 00 00  ................ [zeros]
00001300:  00 00 00 00 00 00 00 00 00 00 00 00 00 00 00 00  ................ [zeros]
00001310:  00 00 00 00 00 00 00 00 00 00 00 00 00 00 00 00  ................ [zeros]
00001320:  00 00 00 00 00 00 00 00 00 00 00 00 00 00 00 00  ................ [zeros]
00001330:  00 00 00 00 00 00 00 00 00 00 00 00 00 00 00 00  ................ [zeros]
00001340:  00 00 00 00 00 00 00 00 00 00 00 00 00 00 00 00  ................ [zeros]
00001350:  00 00 00 00 00 00 00 00 00 00 00 00 00 00 00 00  ................ [zeros]
00001360:  00 00 00 00 00 00 00 00 00 00 00 00 00 00 00 00  ................ [zeros]
00001370:  00 00 00 00 00 00 00 00 00 00 00 00 00 00 00 00  ................ [zeros]
00001380:  00 00 00 00 00 00 00 00 00 00 00 00 00 00 00 00  ................ [zeros]
00001390:  00 00 00 00 00 00 00 00 00 00 00 00 00 00 00 00  ................ [zeros]
000013A0:  00 00 00 00 00 00 00 00 00 00 00 00 00 00 00 00  ................ [zeros]
000013B0:  00 00 00 00 00 00 00 00 00 00 00 00 00 00 00 00  ................ [zeros]
000013C0:  00 00 00 00 00 00 00 00 00 00 00 00 00 00 00 00  ................ [zeros]
000013D0:  00 00 00 00 00 00 00 00 00 00 00 00 00 00 00 00  ................ [zeros]
000013E0:  00 00 00 00 00 00 00 00 00 00 00 00 00 00 00 00  ................ [zeros]
000013F0:  00 00 00 00 00 00 00 00 00 00 00 00 00 00 00 00  ................ [zeros]
00001400:  00 00 00 00 00 00 00 00 00 00 00 00 00 00 00 00  ................ [zeros]
00001410:  00 00 00 00 00 00 00 00 00 00 00 00 00 00 00 00  ................ [zeros]
00001420:  00 00 00 00 00 00 00 00 00 00 00 00 00 00 00 00  ................ [zeros]
00001430:  00 00 00 00 00 00 00 00 00 00 00 00 00 00 00 00  ................ [zeros]
00001440:  00 00 00 00 00 00 00 00 00 00 00 00 00 00 00 00  ................ [zeros]
00001450:  00 00 00 00 00 00 00 00 00 00 00 00 00 00 00 00  ................ [zeros]
00001460:  00 00 00 00 00 00 00 00 00 00 00 00 00 00 00 00  ................ [zeros]
00001470:  00 00 00 00 00 00 00 00 00 00 00 00 00 00 00 00  ................ [zeros]
00001480:  00 00 00 00 00 00 00 00 00 00 00 00 00 00 00 00  ................ [zeros]
00001490:  00 00 00 00 00 00 00 00 00 00 00 00 00 00 00 00  ................ [zeros]
000014A0:  00 00 00 00 00 00 00 00 00 00 00 00 00 00 00 00  ................ [zeros]
000014B0:  00 00 00 00 00 00 00 00 00 00 00 00 00 00 00 00  ................ [zeros]
000014C0:  00 00 00 00 00 00 00 00 00 00 00 00 00 00 00 00  ................ [zeros]
000014D0:  00 00 00 00 00 00 00 00 00 00 00 00 00 00 00 00  ................ [zeros]
000014E0:  00 00 00 00 00 00 00 00 00 00 00 00 00 00 00 00  ................ [zeros]
000014F0:  00 00 00 00 00 00 00 00 00 00 00 00 00 00 00 00  ................ [zeros]
00001500:  00 00 00 00 00 00 00 00 00 00 00 00 00 00 00 00  ................ [zeros]
00001510:  00 00 00 00 00 00 00 00 00 00 00 00 00 00 00 00  ................ [zeros]
00001520:  00 00 00 00 00 00 00 00 00 00 00 00 00 00 00 00  ................ [zeros]
00001530:  00 00 00 00 00 00 00 00 00 00 00 00 00 00 00 00  ................ [zeros]
00001540:  00 00 00 00 00 00 00 00 00 00 00 00 00 00 00 00  ................ [zeros]
00001550:  00 00 00 00 00 00 00 00 00 00 00 00 00 00 00 00  ................ [zeros]
00001560:  00 00 00 00 00 00 00 00 00 00 00 00 00 00 00 00  ................ [zeros]
00001570:  00 00 00 00 00 00 00 00 00 00 00 00 00 00 00 00  ................ [zeros]
00001580:  00 00 00 00 00 00 00 00 00 00 00 00 00 00 00 00  ................ [zeros]
00001590:  00 00 00 00 00 00 00 00 00 00 00 00 00 00 00 00  ................ [zeros]
000015A0:  00 00 00 00 00 00 00 00 00 00 00 00 00 00 00 00  ................ [zeros]
000015B0:  00 00 00 00 00 00 00 00 00 00 00 00 00 00 00 00  ................ [zeros]
000015C0:  00 00 00 00 00 00 00 00 00 00 00 00 00 00 00 00  ................ [zeros]
000015D0:  00 00 00 00 00 00 00 00 00 00 00 00 00 00 00 00  ................ [zeros]
000015E0:  00 00 00 00 00 00 00 00 00 00 00 00 00 00 00 00  ................ [zeros]
000015F0:  00 00 00 00 00 00 00 00 00 00 00 00 00 00 00 00  ................ [zeros]
00001600:  00 00 00 00 00 00 00 00 00 00 00 00 00 00 00 00  ................ [zeros]
00001610:  00 00 00 00 00 00 00 00 00 00 00 00 00 00 00 00  ................ [zeros]
00001620:  00 00 00 00 00 00 00 00 00 00 00 00 00 00 00 00  ................ [zeros]
00001630:  00 00 00 00 00 00 00 00 00 00 00 00 00 00 00 00  ................ [zeros]
00001640:  00 00 00 00 00 00 00 00 00 00 00 00 00 00 00 00  ................ [zeros]
00001650:  00 00 00 00 00 00 00 00 00 00 00 00 00 00 00 00  ................ [zeros]
00001660:  00 00 00 00 00 00 00 00 00 00 00 00 00 00 00 00  ................ [zeros]
00001670:  00 00 00 00 00 00 6C 88 39 33 CC 61 A3 65 2F 0B  ......l.93.a.e/.
00001680:  9D 41 83 B2 83 0C 00 00 00 00 00 00 00 00 00 00  .A..............
00001690:  00 00 00 00 00 00 00 00 00 00 00 00 00 00 00 00  ................ [zeros]
000016A0:  00 00 00 00 00 00 00 00 00 00 00 00 00 00 00 00  ................ [zeros]
000016B0:  00 00 00 00 00 00 00 00 00 00 00 00 00 00 00 00  ................ [zeros]
000016C0:  00 00 00 00 00 00 00 00 00 00 00 00 00 00 00 00  ................ [zeros]
000016D0:  00 00 00 00 00 00 00 00 00 00 00 00 00 00 00 00  ................ [zeros]
000016E0:  00 00 00 00 00 00 00 00 00 00 00 00 00 00 00 00  ................ [zeros]
000016F0:  00 00 00 00 00 00 00 00 00 00 00 00 00 00 00 00  ................ [zeros]
00001700:  00 00 00 00 00 00 00 00 00 00 00 00 00 00 00 00  ................ [zeros]
00001710:  00 00 00 00 00 00 00 00 00 00 00 00 00 00 00 00  ................ [zeros]
00001720:  00 00 00 00 00 00 00 00 00 00 00 00 00 00 00 00  ................ [zeros]
00001730:  00 00 00 00 00 00 00 00 00 00 00 00 00 00 00 00  ................ [zeros]
00001740:  00 00 00 00 00 00 00 00 00 00 00 00 00 00 00 00  ................ [zeros]
00001750:  00 00 00 00 00 00 00 00 00 00 00 00 00 00 00 00  ................ [zeros]
00001760:  00 00 00 00 00 00 00 00 00 00 00 00 00 00 00 00  ................ [zeros]
00001770:  00 00 00 00 00 00 00 00 00 00 00 00 00 00 00 00  ................ [zeros]
00001780:  00 00 00 00 00 00 00 00 00 00 00 00 00 00 00 00  ................ [zeros]
00001790:  00 00 00 00 00 00 00 00 00 00 00 00 00 00 00 00  ................ [zeros]
000017A0:  00 00 00 00 00 00 00 00 00 00 00 00 00 00 00 00  ................ [zeros]
000017B0:  00 00 00 00 00 00 00 00 00 00 00 00 00 00 00 00  ................ [zeros]
000017C0:  00 00 00 00 00 00 00 00 00 00 00 00 00 00 00 00  ................ [zeros]
000017D0:  00 00 00 00 00 00 00 00 00 00 00 00 00 00 00 00  ................ [zeros]
000017E0:  00 00 00 00 00 00 00 00 00 00 00 00 00 00 00 00  ................ [zeros]
000017F0:  00 00 00 00 00 00 00 00 00 00 00 00 00 00 00 00  ................ [zeros]
00001800:  00 00 00 00 00 00 00 00 00 00 00 00 00 00 00 00  ................ [zeros]
00001810:  00 00 00 00 00 00 00 00 00 00 00 00 00 00 00 00  ................ [zeros]
00001820:  00 00 00 00 00 00 00 00 00 00 00 00 00 00 00 00  ................ [zeros]
00001830:  00 00 00 00 00 00 00 00 00 00 00 00 00 00 00 00  ................ [zeros]
00001840:  00 00 00 00 00 00 00 00 00 00 00 00 00 00 00 00  ................ [zeros]
00001850:  00 00 00 00 00 00 00 00 00 00 00 00 00 00 00 00  ................ [zeros]
00001860:  00 00 00 00 00 00 00 00 00 00 00 00 00 00 00 00  ................ [zeros]
00001870:  00 00 00 00 00 00 00 00 00 00 00 00 00 00 00 00  ................ [zeros]
00001880:  00 00 00 00 00 00 00 00 00 00 00 00 00 00 00 00  ................ [zeros]
00001890:  00 00 00 00 00 00 00 00 00 00 00 00 00 00 00 00  ................ [zeros]
000018A0:  00 00 00 00 00 00 00 00 00 00 00 00 00 00 00 00  ................ [zeros]
000018B0:  00 00 00 00 00 00 00 00 00 00 00 00 00 00 00 00  ................ [zeros]
000018C0:  00 00 00 00 00 00 00 00 00 00 00 00 00 00 00 00  ................ [zeros]
000018D0:  00 00 00 00 00 00 00 00 00 00 00 00 00 00 00 00  ................ [zeros]
000018E0:  00 00 00 00 00 00 00 00 00 00 00 00 00 00 00 00  ................ [zeros]
000018F0:  00 00 00 00 00 00 00 00 00 00 00 00 00 00 00 00  ................ [zeros]
00001900:  00 00 00 00 00 00 00 00 00 00 00 00 00 00 00 00  ................ [zeros]
00001910:  00 00 00 00 00 00 00 00 00 00 00 00 00 00 00 00  ................ [zeros]
00001920:  00 00 00 00 00 00 00 00 00 00 00 00 00 00 00 00  ................ [zeros]
00001930:  00 00 00 00 00 00 00 00 00 00 00 00 00 00 00 00  ................ [zeros]
00001940:  00 00 00 00 00 00 00 00 00 00 00 00 00 00 00 00  ................ [zeros]
00001950:  00 00 00 00 00 00 00 00 00 00 00 00 00 00 00 00  ................ [zeros]
00001960:  00 00 00 00 00 00 00 00 00 00 00 00 00 00 00 00  ................ [zeros]
00001970:  00 00 00 00 00 00 00 00 00 00 00 00 00 00 00 00  ................ [zeros]
00001980:  00 00 00 00 00 00 00 00 00 00 00 00 00 00 00 00  ................ [zeros]
00001990:  00 00 00 00 00 00 00 00 00 00 00 00 00 00 00 00  ................ [zeros]
000019A0:  00 00 00 00 00 00 00 00 00 00 00 00 00 00 00 00  ................ [zeros]
000019B0:  00 00 00 00 00 00 00 00 00 00 00 00 00 00 00 00  ................ [zeros]
000019C0:  00 00 00 00 00 00 00 00 00 00 00 00 00 00 00 00  ................ [zeros]
000019D0:  00 00 00 00 00 00 00 00 00 00 00 00 00 00 00 00  ................ [zeros]
000019E0:  00 00 00 00 00 00 00 00 00 00 00 00 00 00 00 00  ................ [zeros]
000019F0:  00 00 00 00 00 00 00 00 00 00 00 00 00 00 00 00  ................ [zeros]
00001A00:  00 00 00 00 00 00 00 00 00 00 00 00 00 00 00 00  ................ [zeros]
00001A10:  00 00 00 00 00 00 00 00 00 00 00 00 00 00 00 00  ................ [zeros]
00001A20:  00 00 00 00 00 00 00 00 00 00 00 00 00 00 00 00  ................ [zeros]
00001A30:  00 00 00 00 00 00 00 00 00 00 00 00 00 00 00 00  ................ [zeros]
00001A40:  00 00 00 00 00 00 00 00 00 00 00 00 00 00 00 00  ................ [zeros]
00001A50:  00 00 00 00 00 00 00 00 00 00 00 00 00 00 00 00  ................ [zeros]
00001A60:  00 00 00 00 00 00 00 00 00 00 00 00 00 00 00 00  ................ [zeros]
00001A70:  00 00 00 00 00 00 C4 06 80 72 0D D4 81 C5 FD AD  .........r......
00001A80:  73 78 A9 91 CB 23 24 B8 49 C4 D7 29 11 09 03 BE  sx...#$.I..)....
00001A90:  21 79 C9 CD A2 82 A1 06 50 1E 49 AD 4B 79 01 ED  !y......P.I.Ky..
00001AA0:  24 5C 6F 0B 19 FE 9D B1 5A BA 6C 89 68 7C D7 22  $\o.....Z.l.h|."
00001AB0:  63 39 B8 18 DE 03 C0 72 53 5F 77 82 DE 24 21 39  c9.....rS_w..$!9
00001AC0:  E0 79 AE 5A 4F 7B 39 C8 AE 7D 5F C6 69 D5 C1 82  .y.ZO{9..}_.i...
00001AD0:  0D 08 44 77 B7 6D B0 59 A0 38 EA 1D 35 F0 67 CC  ..Dw.m.Y.8..5.g.
00001AE0:  B6 AD D8 5E 03 71 15 FA 8C 35 44 3E 3A A5 6F 61  ...^.q...5D>:.oa
00001AF0:  5C 16 3D 5F 6A 3A 31 C3 5D FC E7 45 89 8F DF 2F  \.=_j:1.]..E.../
00001B00:  06 AC D9 AD 16 62 E1 30 96 C5 7F E0 CE 85 C1 04  .....b.0........
00001B10:  CB E2 12 EE F3 09 B7 D7 00 B9 52 3A 63 71 8B FD  ..........R:cq..
00001B20:  9F 0B 8A DA F9 CB 23 4B BC 43 EB BD F9 44 07 F2  ......#K.C...D..
00001B30:  C5 66 8B 64 9D B9 93 54 08 37 FD DD 64 AB B2 7E  .f.d...T.7..d..~
00001B40:  55 FE EC 2D D4 75 E9 F7 3E 4B 44 2C E5 04 85 C9  U..-.u..>KD,....
00001B50:  2E A8 FB 34 63 75 53 B4 2C 3E B3 0A 06 9A B8 59  ...4cuS.,>.....Y
00001B60:  06 6C C8 2E B1 2E 7C 69 0B C1 8A 7F 5E 3F E8 26  .l....|i....^?.&
00001B70:  86 46 7B 8F C2 B0 86 42 B3 13 D4 6B F9 B4 4B 4C  .F{....B...k..KL
00001B80:  E0 D2 94 6B 97 ED CD FB 0B BB 04 B1 D8 B7 94 36  ...k...........6
00001B90:  C7 BD B2 79 E2 3E 83 52 93 C4 00 B0 52 7A 76 E5  ...y.>.R....Rzv.
00001BA0:  AF E9 B4 6D E2 02 3C 07 05 DF 20 25 4A 9B D5 CB  ...m..<... %J...
00001BB0:  A9 2A DB C5 A0 53 B7 AC DB 7B 49 6D 68 BB A5 14  .*...S...{Imh...
00001BC0:  19 B2 8F 78 46 5E 0A 09 B9 B6 A5 D2 20 3F 16 8D  ...xF^...... ?..
00001BD0:  9A 76 24 B6 A8 FB EA B7 5F 9A 0E 66 DA 04 C9 C5  .v$....._..f....
00001BE0:  8C 6C 65 64 8A A0 4A 51 3C 84 06 7F DA 20 42 62  .led..JQ<.... Bb
00001BF0:  46 A6 D1 BB 6B B0 A2 EB 37 AD D5 9F 04 E9 7D 1F  F...k...7.....}.
00001C00:  19 DA 5F 13 2F 35 34 73 5A 8A 7A 4B AE 5F C7 85  .._./54sZ.zK._..
00001C10:  26 6C 7A CB 8F E0 7B 35 48 FE 44 7B E1 16 7D D3  &lz...{5H.D{..}.
00001C20:  C2 79 27 0F 94 F8 D7 9F 8C C8 5A 80 27 36 DE EF  .y'.......Z.'6..
00001C30:  35 53 FC 02 09 ED 74 64 63 78 00 99 A5 68 81 F6  5S....tdcx...h..
00001C40:  08 B9 A0 85 B1 57 95 FA 46 A2 82 9A 37 27 C2 FA  .....W..F...7'..
00001C50:  B0 49 85 84 98 AF C2 B8 8B 00 74 18 D7 31 95 32  .I........t..1.2
00001C60:  03 22 CA 2D 45 FF EE 91 62 1D 0F 45 20 0A 44 D7  .".-E...b..E .D.
00001C70:  77 77 9D 14 DD 58 7D 8F A1 4A B1 5E AC 6B E3 21  ww...X}..J.^.k.!
00001C80:  52 25 DA 90 BA 41 06 A1 DA E2 B4 BC BC A1 12 38  R%...A.........8
00001C90:  9C 47 E3 9F 67 B8 54 BD A7 33 37 B3 33 CE D5 D4  .G..g.T..37.3...
00001CA0:  44 94 A0 D3 98 08 1A 33 A6 CB 37 22 DD D5 13 1D  D......3..7"....
00001CB0:  AA 2E 4D BB 2D 6A B0 8A AE 57 75 BC ED 16 3C C9  ..M.-j...Wu...<.
00001CC0:  C4 E0 97 E3 32 C8 BB F9 A7 7A 21 9D 97 00 80 33  ....2....z!....3
00001CD0:  93 19 16 24 9D 87 BB 41 03 77 C7 DE 3B 65 45 46  ...$...A.w..;eEF
00001CE0:  54 11 C4 C0 25 BE DA C4 03 A3 94 11 7A 9D DA 70  T...%.......z..p
00001CF0:  17 C4 B3 F7 44 B0 B2 33 C6 EA 05 BE FE 52 4B 3B  ....D..3.....RK;
00001D00:  47 D2 5E 99 A9 E6 4F 46 FA 0F 22 95 DD 7A 43 BE  G.^...OF.."..zC.
00001D10:  A7 DE A4 A9 87 FF E5 6D D9 3A 30 25 13 F5 58 C8  .......m.:0%..X.
00001D20:  B5 F0 97 3F E2 57 6D B1 09 FD 73 14 4D 63 53 D2  ...?.Wm...s.McS.
00001D30:  AD 88 8C ED EE 85 98 2B 74 C1 5C CF C5 F8 95 D5  .......+t.\.....
00001D40:  69 D6 A7 92 26 38 E1 F8 AB 20 9F 2C 00 9A 86 B0  i...&8... .,....
00001D50:  42 CA 36 7A BA 65 56 AA 27 12 36 14 73 32 D5 0D  B.6z.eV.'.6.s2..
00001D60:  3D 4E 91 DD 49 59 0D 36 18 CD 9E 5D DB 9C 1A 7E  =N..IY.6...]...~
00001D70:  10 4A F0 8B 16 05 58 14 EF 83 1A DC E7 47 A5 77  .J....X......G.w
00001D80:  1D 01 AC 8E C6 93 05 27 4C F8 D5 68 07 96 E7 D3  .......'L..h....
00001D90:  64 68 30 DC 34 31 F0 07 40 F2 8F 0A 8A AD 2C 9A  dh0.41..@.....,.
00001DA0:  09 D4 A3 CC B9 8A 66 25 62 29 9B 23 5D AA E1 DC  ......f%b).#]...
00001DB0:  61 B3 43 C8 D5 54 96 5D E7 89 4E 3A E5 67 57 8A  a.C..T.]..N:.gW.
00001DC0:  1A DD 02 A7 33 48 C9 1E D3 70 C5 CE CA 15 A5 48  ....3H...p.....H
00001DD0:  D5 5C 70 5A 0D 24 8F 67 26 35 E2 30 6D 3A 15 16  .\pZ.$.g&5.0m:..
00001DE0:  C0 4A C0 8F C4 B7 F2 3C FF CA 24 4F B0 D5 46 82  .J.....<..$O..F.
00001DF0:  B6 F9 23 C6 19 A8 12 AB BB 94 09 30 18 38 ED 16  ..#........0.8..
00001E00:  98 F0 36 85 D5 D0 FF AE 93 15 46 CC 93 CD 4E 15  ..6.......F...N.
00001E10:  73 96 6E A0 ED DF 11 5F D3 EF 46 C2 F3 FB C6 15  s.n...._..F.....
00001E20:  AE D1 B2 49 99 FE C4 97 33 7F 53 0A 05 11 07 3E  ...I....3.S....>
00001E30:  0E E5 22 F5 24 0A 77 56 3D A7 15 D0 53 F1 CF 7E  ..".$.wV=...S..~
00001E40:  4B 09 82 98 19 96 D2 21 87 82 C5 64 8A 10 B9 F7  K......!...d....
00001E50:  C8 B8 1C 93 26 95 4C 1C 82 56 24 C2 0A D4 DE B0  ....&.L..V$.....
00001E60:  48 1B EF E7 90 DE D1 9B 2C 1E 4C 16 88 28 8E 8F  H.......,.L..(..
00001E70:  4F 6D ED FC 82 91 0F C9 60 EF 27 22 2E 11 BD E7  Om......`.'"....
00001E80:  79 58 CE F4 C9 B9 55 FA 8A D8 89 17 C4 F2 6E F4  yX....U.......n.
00001E90:  45 8E BD 34 69 E5 98 AD 93 AA 3D 8D 4C 21 D8 E4  E..4i.....=.L!..
00001EA0:  12 DF AE 56 4F 56 08 D3 E1 25 18 CE 96 BA 0F 3A  ...VOV...%.....:
00001EB0:  08 10 A4 FE 2F 3B 2B 9C F3 27 E5 98 67 4F 2A 13  ..../;+..'..gO*.
00001EC0:  FC E6 7A 45 A7 55 FE D3 6D FF AD E3 96 E2 93 E0  ..zE.U..m.......
00001ED0:  1D 61 F0 D8 0E BF B8 99 5E 1E 75 59 00 56 44 BF  .a......^.uY.VD.
00001EE0:  B5 25 1D 05 FB 7A 94 27 51 21 34 D1 EB 12 82 95  .%...z.'Q!4.....
00001EF0:  05 73 D3 A2 4A FA 7A D3 89 09 72 C2 A2 D4 1B A6  .s..J.z...r.....
00001F00:  8B 09 92 CF 09 73 05 5F E0 C1 C1 9B DF AE 0E D0  .....s._........
00001F10:  DA 32 60 BC AF 4D 0C CD 86 8B 91 77 28 3F 95 7C  .2`..M.....w(?.|
00001F20:  46 AE 52 F2 AC 6D 94 89 D6 20 3E E5 AD ED 2A 88  F.R..m... >...*.
00001F30:  6D 7D DF 5F 60 B1 84 6B B7 62 C4 05 47 DE 99 76  m}._`..k.b..G..v
00001F40:  C3 6A 53 63 97 74 7F 42 A1 5D DD 89 7A 2B 99 90  .jSc.t.B.]..z+..
00001F50:  41 D9 25 B5 F2 EA EF 6C 32 6A 08 DF 75 42 32 DA  A.%....l2j..uB2.
00001F60:  23 AF 32 50 CE 3E B6 61 D2 99 D4 A8 69 C9 08 23  #.2P.>.a....i..#
00001F70:  B8 39 D5 B6 F0 8A 6B B1 F6 DF 05 06 45 BE B2 16  .9....k.....E...
00001F80:  20 26 9F B3 D2 00 21 02 F0 22 40 D1 8F 0C 48 A2   &....!.."@...H.
00001F90:  07 3D B2 DC 08 C4 5D 97 7D 20 11 16 58 A0 F5 A6  .=....].} ..X...
00001FA0:  44 FD 5F 71 09 78 86 33 2E E5 8B 79 A6 7A 23 BF  D._q.x.3...y.z#.
00001FB0:  BA EC D7 B3 29 27 C6 9E 24 D1 BD EB 08 31 77 E0  ....)'..$....1w.
00001FC0:  35 E8 AD C5 6C 11 E1 D0 D6 ED 5A F1 46 8A 0D 23  5...l.....Z.F..#
00001FD0:  5C 3C 53 35 E3 0A 25 EA BB 8F EA A1 62 C9 32 BD  \<S5..%.....b.2.
00001FE0:  58 9C 2D 9C D3 6E A6 6D 07 4B AB F0 0E 4D 94 22  X.-..n.m.K...M."
00001FF0:  30 09 23 25 E2 43 F2 38 AB 69 8A 20 54 73 2B 2B  0.#%.C.8.i. Ts++
00002000:  FB 6D 5F B3 E4 17 87 C7 4B BD 76 24 E2 17 08 4A  .m_.....K.v$...J
00002010:  DA 90 A5 53 FA 61 28 C6 57 18 49 1E EC 85 BC 53  ...S.a(.W.I....S
00002020:  D5 8F 5D 3D EA 7C 86 A1 DB BE 3D 65 E2 44 1B 0A  ..]=.|....=e.D..
00002030:  5B 87 E0 2C DD 5D F3 94 23 44 DF F2 99 5E 89 09  [..,.]..#D...^..
00002040:  35 55 5E B7 D3 94 27 CF 16 D8 90 D3 A9 F6 0E 56  5U^...'........V
00002050:  00 6A DF AD 22 57 71 B5 44 AB 04 6E 29 0B F7 7B  .j.."Wq.D..n)..{
00002060:  22 0D 7E 7E 20 6E DD D5 6F D0 2A 1F 80 28 F8 76  ".~~ n..o.*..(.v
00002070:  4D 74 9E 98 76 A8 8A 3F EE 59 D3 B8 F1 26 08 4D  Mt..v..?.Y...&.M
00002080:  1E 85 5A 99 D5 B4 98 AD 93 AA 3D 8D 4C 21 D8 E4  ..Z.......=.L!..
00002090:  12 DF AE 56 4F 56 97 94 AE 7D 16 87 07 24 FA 0E  ...VOV...}...$..
000020A0:  CB 2D 50 99 5D 30 44 04 4A D7 75 6E CA 73 59 8B  .-P.]0D.J.un.sY.
000020B0:  63 73 7F 9C 34 42 DB 12 DF 24 D9 63 73 10 B8 64  cs..4B...$.cs..d
000020C0:  68 C2 8E C4 2B 34 82 01 D4 A0 14 C8 C0 E1 54 F8  h...+4........T.
000020D0:  B9 3E E7 5F AE A8 21 B8 69 8A B4 0A E1 7F F2 6B  .>._..!.i......k
000020E0:  DD CE 8F 7C 35 65 E6 91 28 E2 0C 9E 05 CD 37 EC  ...|5e..(.....7.
000020F0:  26 42 8B 01 A1 90 A7 E2 9A 7B 75 F1 F5 DC F5 C3  &B.......{u.....
00002100:  1B 38 47 4E A1 88 31 71 26 8C CF B2 43 36 2A 64  .8GN..1q&...C6*d
00002110:  58 5F 3D 45 6F 13 21 3C CA 32 16 7C 32 88 B7 90  X_=Eo.!<.2.|2...
00002120:  15 BB 1E 7A BB 4A 0A 75 BE B4 9A 2A 2D C1 DC 2F  ...z.J.u...*-../
00002130:  BC 08 EB 80 F0 A0 B6 41 C5 C6 BA D2 54 EF 6C 4B  .......A....T.lK
00002140:  CA 91 8A 10 1F 50 79 A7 1D B1 27 CC 6F 14 6C CE  .....Py...'.o.l.
00002150:  E0 8F F1 97 3D 88 2B 7E 90 26 19 0C 94 93 9F 00  ....=.+~.&......
00002160:  B4 8A FC 34 0A 8F 2E EE A3 14 42 B9 26 33 8B 21  ...4......B.&3.!
00002170:  7F 6D D4 C0 C2 5F E8 E0 A0 0E 75 64 75 E4 32 C0  .m..._....udu.2.
00002180:  88 0C BE 7C 91 E6 CD 25 F9 F1 10 78 AA 56 46 57  ...|...%...x.VFW
00002190:  3B 7D 80 FB 9C AA DE 92 FA 3F 4E 91 B2 15 F5 EF  ;}.......?N.....
000021A0:  27 36 51 AB 33 9A AD 00 02 C2 B3 8D 81 45 8D C9  '6Q.3........E..
000021B0:  7C 86 F4 A5 B1 55 13 48 C9 AE E4 75 F8 24 30 3D  |....U.H...u.$0=
000021C0:  60 F7 FD 53 D6 BB 4C A0 52 EA B9 62 80 D6 2B 09  `..S..L.R..b..+.
000021D0:  F0 71 27 C8 45 DE CD 2F E6 8D 3C AB 5A A3 35 B2  .q'.E../..<.Z.5.
000021E0:  4F 10 D5 B7 0C E7 CC B4 A8 EF 6F 1C 56 C5 F5 D9  O.........o.V...
000021F0:  4D 74 E9 6E CF A1 7A D3 89 09 72 C2 A2 D4 1B A6  Mt.n..z...r.....
00002200:  8B 09 92 CF 09 73 05 5F E0 C1 C1 9B DF AE 0E D0  .....s._........
00002210:  DA 32 60 BC AF 4D 0C CD 86 8B 91 77 28 3F 95 7C  .2`..M.....w(?.|
00002220:  46 AE 52 F2 AC 6D 26 9D 9A FB 23 27 33 6C 52 13  F.R..m&...#'3lR.
00002230:  A5 51 5E 15 72 CF 84 6B B7 62 C4 05 47 DE 99 76  .Q^.r..k.b..G..v
00002240:  C3 6A 53 63 97 74 7F 42 A1 5D DD 89 7A 2B 99 90  .jSc.t.B.]..z+..
00002250:  41 D9 25 B5 F2 EA EF 6C 32 6A 08 DF 75 42 32 DA  A.%....l2j..uB2.
00002260:  23 AF 32 50 CE 3E B6 61 D2 99 D4 A8 69 C9 08 23  #.2P.>.a....i..#
00002270:  B8 39 D5 B6 F0 8A 6B B1 F6 DF 05 06 45 BE B2 16  .9....k.....E...
00002280:  20 26 9F B3 D2 00 21 02 F0 22 40 D1 8F 0C 48 A2   &....!.."@...H.
00002290:  07 3D B2 DC 08 C4 6A E3 5D 6B 12 F2 B4 F2 62 8B  .=....j.]k....b.
000022A0:  2C 89 4A ED 1C D8 0C 00 A8 49 B4 A7 A4 23 38 B5  ,.J......I...#8.
000022B0:  6A 6F D5 BF 94 F4 C2 51 E6 82 50 9A FC E0 F8 20  jo.....Q..P.... 
000022C0:  F6 FC 31 06 51 80 D5 8E DF 5D B6 AF 26 F3 F7 29  ..1.Q....]..&..)
000022D0:  EA 78 05 4F 5C C0 F7 9F A6 0E D8 9F 19 4E B0 F0  .x.O\........N..
000022E0:  9A 11 8B B9 11 DF C4 21 1D B5 53 0E CA 7C 5B 3C  .......!..S..|[<
000022F0:  08 E9 5B 69 80 FE D3 74 A8 9D 90 DF AE 8B 3B 08  ..[i...t......;.
00002300:  B2 C8 91 A4 98 96 C4 97 33 7F 53 0A 05 11 07 3E  ........3.S....>
00002310:  0E E5 22 F5 24 0A 77 56 3D A7 15 D0 53 F1 CF 7E  ..".$.wV=...S..~
00002320:  4B 09 82 98 19 96 D2 21 87 82 C5 64 8A 10 B9 F7  K......!...d....
00002330:  C8 B8 1C 93 26 95 4C 1C 82 56 24 C2 0A D4 DE B0  ....&.L..V$.....
00002340:  48 1B EF E7 90 DE D1 9B 2C 1E 4C 16 88 28 8E 8F  H.......,.L..(..
00002350:  4F 6D ED FC 82 91 0F C9 60 EF 27 22 2E 11 BD E7  Om......`.'"....
00002360:  79 58 CE F4 C9 B9 74 14 71 4D C3 01 5A D0 D7 B7  yX....t.qM..Z...
00002370:  40 E5 A2 47 49 88 98 AD 93 AA 3D 8D 4C 21 D8 E4  @..GI.....=.L!..
00002380:  12 DF AE 56 4F 56 08 D3 E1 25 18 CE 96 BA 0F 3A  ...VOV...%.....:
00002390:  08 10 A4 FE 2F 3B 2B 9C F3 27 E5 98 67 4F 2A 13  ..../;+..'..gO*.
000023A0:  FC E6 7A 45 A7 55 FE D3 6D FF AD E3 96 E2 93 E0  ..zE.U..m.......
000023B0:  1D 61 F0 D8 0E BF B8 99 5E 1E 75 59 00 56 44 BF  .a......^.uY.VD.
000023C0:  B5 25 1D 05 FB 7A 0B 25 E4 7E E9 0D 7C A2 09 FF  .%...z.%.~..|...
000023D0:  1C 6A 09 5F 11 D4 7A D3 89 09 72 C2 A2 D4 1B A6  .j._..z...r.....
000023E0:  8B 09 92 CF 09 73 40 8E 68 B6 B5 55 9C AE 3C 39  .....s@.h..U..<9
000023F0:  34 04 77 C9 E0 BD 28 DC EF EA 50 83 A5 A9 5A EB  4.w...(...P...Z.
00002400:  1E F5 4C 66 3A FE 29 96 A6 ED 3C 24 EE A4 F3 DC  ..Lf:.)...<$....
00002410:  32 E6 E9 43 56 53 05 EE 55 7D B9 1B 5B CC 6A 74  2..CVS..U}..[.jt
00002420:  2B C1 13 47 3D B4 59 09 29 64 9D 89 49 5C 47 86  +..G=.Y.)d..I\G.
00002430:  8F 79 31 60 B9 39 08 B8 8B BA 61 C0 E1 D8 80 6F  .y1`.9....a....o
00002440:  AA 01 3D 1D 6D C6 2E 6E 71 17 6F BD 34 6F 48 B3  ..=.m..nq.o.4oH.
00002450:  88 B6 AC 25 CC 1A A5 86 AF C8 42 C3 E6 3E 6A 00  ...%......B..>j.
00002460:  59 90 D7 06 45 57 BA 16 90 4D 9B 09 56 2A E7 68  Y...EW...M..V*.h
00002470:  BC BE 95 D3 15 C1 F6 59 0E 37 0D 04 6C FD D5 C8  .......Y.7..l...
00002480:  C8 C3 9F 8F F6 D7 68 09 7E 3D 35 23 01 FA E2 FF  ......h.~=5#....
00002490:  2B C5 4A FB 62 A8 6A 45 E8 33 B9 1D 19 A5 71 72  +.J.b.jE.3....qr
000024A0:  FB 47 48 7F 2C 93 D4 86 98 E0 91 56 E7 7C 6F FC  .GH.,......V.|o.
000024B0:  A0 09 7B FF 0A AC 3A AC 54 19 22 88 7B EF 58 3D  ..{...:.T.".{.X=
000024C0:  CB C9 F7 33 DE 6E F2 8E B9 23 61 FB 3A 00 C1 D9  ...3.n...#a.:...
000024D0:  F1 90 7F 5B 2A 7A 55 40 E3 FB B1 39 DD 36 51 08  ...[*zU@...9.6Q.
000024E0:  9D DB EC C1 60 E8 7C 69 0B C1 8A 7F 5E 3F E8 26  ....`.|i....^?.&
000024F0:  86 46 7B 8F C2 B0 CB 94 65 EB AC 0A B8 37 1E 0F  .F{.....e....7..
00002500:  F3 7F 3E C9 55 16 DA 93 DE 55 E5 AA BD B2 84 64  ..>.U....U.....d
00002510:  CC AD 58 A6 76 38 56 AE CB B3 C2 A7 F6 A5 E9 C5  ..X.v8V.........
00002520:  DE C3 0E F4 C7 6E FE 4F 4B 7C 7C 57 01 07 BA 3F  .....n.OK||W...?
00002530:  42 09 65 98 59 34 81 81 3E 74 FC 74 77 7D 91 B9  B.e.Y4..>t.tw}..
00002540:  EE 74 2C 1C 03 27 A9 F4 07 FD 9D 21 15 79 46 74  .t,..'.....!.yFt
00002550:  B1 77 25 6E 53 B3 2C 70 3B 48 0E 7B E7 11 5A 95  .w%nS.,p;H.{..Z.
00002560:  A4 C9 4F D1 5E F7 77 91 32 9A 23 F4 F0 79 22 78  ..O.^.w.2.#..y"x
00002570:  64 8F 6A 9E 03 67 BE C3 57 AB B9 83 58 56 8A F8  d.j..g..W...XV..
00002580:  95 1F 79 2D 66 4A 7F A2 6D 91 F5 AE 58 25 8F 2A  ..y-fJ..m...X%.*
00002590:  1B 99 91 BA 63 8C D8 14 35 8F FD 0A 38 5C 4A EA  ....c...5...8\J.
000025A0:  7B 95 87 C6 A5 BD 2C 5C C1 16 50 6E 12 2A E2 6E  {.....,\..Pn.*.n
000025B0:  4C 4E E0 82 DA 54 34 C9 24 80 AA 94 3A 7B 79 89  LN...T4.$...:{y.
000025C0:  6E 46 C8 54 31 CE DC F6 67 DF B1 95 4F D6 A1 C6  nF.T1...g...O...
000025D0:  8E 9A 7D 64 FD D5 5F 85 B0 5A F6 C7 DA 74 68 AA  ..}d.._..Z...th.
000025E0:  03 3D A3 CA 43 4D 26 F0 93 FD 8B 2E ED 4E 9C 7D  .=..CM&......N.}
000025F0:  6F E7 21 27 84 E7 A1 06 50 1E 49 AD 4B 79 01 ED  o.!'....P.I.Ky..
00002600:  24 5C 6F 0B 19 FE 30 36 0E C7 9A AD 48 63 66 B7  $\o...06....Hcf.
00002610:  B7 79 8B F0 34 C2 CD FB 0B BB 04 B1 D8 B7 94 36  .y..4..........6
00002620:  C7 BD B2 79 E2 3E 91 08 C4 14 9C 90 AE D2 BF 6D  ...y.>.........m
00002630:  86 25 44 70 EF C1 98 DA 8B A8 20 32 A2 DF BD 16  .%Dp...... 2....
00002640:  36 96 B4 4F 29 4D 41 5D 9F 16 4E 3E B0 C9 0A 2F  6..O)MA]..N>.../
00002650:  7B CD 7C 90 BF C4 74 37 B5 0D 47 24 35 E4 53 48  {.|...t7..G$5.SH
00002660:  41 BF 36 49 23 CB 68 09 7E 3D 35 23 01 FA E2 FF  A.6I#.h.~=5#....
00002670:  2B C5 4A FB 62 A8 6A 45 E8 33 B9 1D 19 A5 71 72  +.J.b.jE.3....qr
00002680:  FB 47 48 7F 2C 93 D4 86 98 E0 91 56 E7 7C 6F FC  .GH.,......V.|o.
00002690:  A0 09 7B FF 0A AC 3A AC 54 19 22 88 7B EF 58 3D  ..{...:.T.".{.X=
000026A0:  CB C9 F7 33 DE 6E F2 8E B9 23 61 FB 3A 00 C1 D9  ...3.n...#a.:...
000026B0:  F1 90 7F 5B 2A 7A 1B E8 9C AA 0F 0F F6 92 53 0D  ...[*z........S.
000026C0:  C1 89 B6 44 F5 9C 7C 69 0B C1 8A 7F 5E 3F E8 26  ...D..|i....^?.&
000026D0:  86 46 7B 8F C2 B0 CB 94 65 EB AC 0A B8 37 1E 0F  .F{.....e....7..
000026E0:  F3 7F 3E C9 55 16 DA 93 DE 55 E5 AA BD B2 84 64  ..>.U....U.....d
000026F0:  CC AD 58 A6 76 38 56 AE CB B3 C2 A7 F6 A5 E9 C5  ..X.v8V.........
00002700:  DE C3 0E F4 C7 6E FE 4F 4B 7C 7C 57 01 07 BA 3F  .....n.OK||W...?
00002710:  42 09 65 98 59 34 8B EB 88 E2 AA D0 77 2A 50 4E  B.e.Y4......w*PN
00002720:  A5 EE 8F B8 C4 4A 8B 92 17 1C E8 DD C1 AE 78 4D  .....J........xM
00002730:  4E 48 C2 82 EF 51 08 E1 F3 02 A8 B8 50 3C BA AC  NH...Q......P<..
00002740:  B4 D8 90 00 DE 5F 66 99 FA CF 54 9F EE C4 C9 A3  ....._f...T.....
00002750:  C5 2A 7E 6D F5 C0 79 5A 42 5B CA 63 8A 5F EF 5B  .*~m..yZB[.c._.[
00002760:  5D 68 1E DB 39 B2 7B E7 47 93 5B 83 4F C8 EA 68  ]h..9.{.G.[.O..h
00002770:  E9 BD 51 51 15 EA C9 54 00 D9 69 E2 30 10 D5 BF  ..QQ...T..i.0...
00002780:  D4 BA 56 F1 59 01 F4 4D DD 92 E2 06 88 0D 00 A4  ..V.Y..M........
00002790:  92 53 9A 6E 93 EA 13 AD 92 01 05 AE 22 C8 E4 46  .S.n........"..F
000027A0:  0A 40 CA E6 C0 01 11 F9 6B 3B D4 2B A6 C9 10 D1  .@......k;.+....
000027B0:  56 24 97 B0 6B 80 89 EB 9A 0E BE 77 4F CB AB 8F  V$..k......wO...
000027C0:  9D 03 00 08 4B 83 10 AF C1 BC A7 3B 3C A1 25 19  ....K......;<.%.
000027D0:  E2 0C 5F 17 9B D7 F9 A8 D1 02 11 BB 51 FB 4C 7C  .._.........Q.L|
000027E0:  4D 46 9D DD 69 C4 6B A8 D0 39 F3 D5 53 25 7D 93  MF..i.k..9..S%}.
000027F0:  00 2F 0F B7 49 8C D2 1B A1 C9 1F 48 55 FC 1F 3B  ./..I......HU..;
00002800:  7D 9E 68 15 64 F5 A7 E2 9A 7B 75 F1 F5 DC F5 C3  }.h.d....{u.....
00002810:  1B 38 47 4E A1 88 B7 6A 83 C2 09 23 1B BB 6D F4  .8GN...j...#..m.
00002820:  EE A4 CA 56 84 8C 5D C1 5D 77 93 E8 C7 74 62 AE  ...V..].]w...tb.
00002830:  47 D4 6E 92 91 89 92 3C A7 70 BC DA 72 58 28 2B  G.n....<.p..rX(+
00002840:  12 82 7F 7E 77 A2 B4 82 23 1D B6 3E 02 C7 95 40  ...~w...#..>...@
00002850:  D4 85 09 4D 01 D3 D3 1E B2 3C D0 E1 F5 33 20 11  ...M.....<...3 .
00002860:  4A C8 2B B0 0F E0 8D B3 4D 2A 4F BB 3C BC 37 1B  J.+.....M*O.<.7.
00002870:  C5 9B 06 32 18 9B EA 9E 8A 53 2E 97 86 30 27 20  ...2.....S...0' 
00002880:  B8 C4 0C 5A 81 71 2C 5C C1 16 50 6E 12 2A E2 6E  ...Z.q,\..Pn.*.n
00002890:  4C 4E E0 82 DA 54 1D 79 95 B2 E9 98 6D 41 22 26  LN...T.y....mA"&
000028A0:  45 B1 6A 6C 2B FF C9 62 A2 18 00 3B 66 7A 50 FD  E.jl+..b...;fzP.
000028B0:  97 B1 74 2F 96 A9 C4 7E 08 2C C4 87 F5 81 0C 39  ..t/...~.,.....9
000028C0:  AD 3B 09 DA 50 B1 A3 53 A2 C5 4D E3 A9 42 92 99  .;..P..S..M..B..
000028D0:  2B 7A 26 25 78 19 A6 6D 07 4B AB F0 0E 4D 94 22  +z&%x..m.K...M."
000028E0:  30 09 23 25 E2 43 7B C0 61 01 79 5D 19 1B 1A EC  0.#%.C{.a.y]....
000028F0:  08 9F DA D2 B3 FC 2D 76 9D 3A 2C A3 11 24 76 A0  ......-v.:,..$v.
00002900:  54 46 25 6A 79 18 E3 FF B6 07 C8 14 5A D1 EC 59  TF%jy.......Z..Y
00002910:  9F 17 95 4D D3 54 4C E5 1C 24 00 3A 78 BF 5A F5  ...M.TL..$.:x.Z.
00002920:  40 2C 2E 34 A8 DF D0 8B D9 3E 17 04 AD 65 3F F5  @,.4.....>...e?.
00002930:  E2 9C 28 19 FD 3E 77 1F 1B 5B 70 85 91 51 9E C2  ..(..>w..[p..Q..
00002940:  18 EE 08 43 58 59 F0 29 5F 6A 33 F4 7B 20 CA 06  ...CXY.)_j3.{ ..
00002950:  63 2A EA 7A 43 59 6A 45 E8 33 B9 1D 19 A5 71 72  c*.zCYjE.3....qr
00002960:  FB 47 48 7F 2C 93 7E 0F CB F1 18 5E 9E DF E9 A3  .GH.,.~....^....
00002970:  41 D5 56 C2 3E F0 BE F4 85 B4 17 2D A5 AC D8 55  A.V.>......-...U
00002980:  2C 15 29 F6 1F 84 40 ED E8 AE 23 6F C5 18 71 4C  ,.)...@...#o..qL
00002990:  C7 15 32 30 04 99 E1 06 84 16 4C C8 02 C4 4E FF  ..20......L...N.
000029A0:  1D 13 70 05 56 C9 56 1F 3E B3 19 50 FF 40 21 AC  ..p.V.V.>..P.@!.
000029B0:  2B F7 24 8F EF DE 4D 0B 00 01 29 CB BD 28 F9 0E  +.$...M...)..(..
000029C0:  89 F6 4D 34 DA 47 1E 7E 95 E9 F4 85 27 EC C4 D9  ..M4.G.~....'...
000029D0:  FB 42 0B E7 57 C5 4D 3A C7 B9 AB A8 CD F5 1E FB  .B..W.M:........
000029E0:  2F A6 3F 51 06 77 FD 30 20 42 F4 3D 0D 98 AF 7A  /.?Q.w.0 B.=...z
000029F0:  74 D8 9E 8F EA FA C2 C6 0F 80 2A 34 BC EF 6E EC  t.........*4..n.
00002A00:  09 8F 98 9F E6 D1 9F 73 33 70 82 2A 3C 86 05 CD  .......s3p.*<...
00002A10:  C2 FA F1 2F 68 05 5E 25 C9 76 73 15 EC 28 A3 CB  .../h.^%.vs..(..
00002A20:  C8 77 91 3E 7E BC 66 99 FA CF 54 9F EE C4 C9 A3  .w.>~.f...T.....
00002A30:  C5 2A 7E 6D F5 C0 36 74 F7 CF 00 B0 4B 3B 62 C6  .*~m..6t....K;b.
00002A40:  62 47 53 A5 58 6E F3 68 49 21 6D BE 4B C2 24 CE  bGS.Xn.hI!m.K.$.
00002A50:  52 D1 39 8A 11 CD A2 64 50 E5 10 63 B3 CE 24 60  R.9....dP..c..$`
00002A60:  19 71 33 C1 9E 1D 82 8F 84 DB E5 D2 2A A7 15 C8  .q3.........*...
00002A70:  50 97 09 72 EE 06 0C 00 A8 49 B4 A7 A4 23 38 B5  P..r.....I...#8.
00002A80:  6A 6F D5 BF 94 F4 B2 70 F4 11 60 4B 11 1D 49 65  jo.....p..`K..Ie
00002A90:  C7 A0 D1 39 BD 6F 51 8E 35 62 3F 02 85 4C EE 37  ...9.oQ.5b?..L.7
00002AA0:  A2 74 67 66 AE 70 C8 B5 8F 6A 39 91 5C 8D 03 2D  .tgf.p...j9.\..-
00002AB0:  98 2A 5D 1B 5D F9 99 A8 68 4F D0 83 F3 CD EE 55  .*].]...hO.....U
00002AC0:  1E B0 9C 4B 16 97 A9 2C CA 0A 64 E8 FD E0 5F 33  ...K...,..d..._3
00002AD0:  F3 FB 4B 5F 93 2A B1 FA DD 68 97 B7 27 93 FF 5B  ..K_.*...h..'..[
00002AE0:  72 08 3E 79 AD DD E2 30 28 A6 70 FD 7F C5 48 FD  r.>y...0(.p...H.
00002AF0:  16 3E 48 5F 25 7E FD 4D 20 A1 7D BD 8F 6D DC 4C  .>H_%~.M .}..m.L
00002B00:  4A 18 DB DF 3A 2A 09 73 D9 05 3C 90 0D AC 2E 1B  J...:*.s..<.....
00002B10:  E1 B0 DF 2E 0E 1D 2F E3 53 D9 89 0E 59 E0 05 91  ....../.S...Y...
00002B20:  65 F2 0F F5 AE 40 B0 A4 C9 9B 60 BA 90 54 26 F6  e....@....`..T&.
00002B30:  CB 4C 50 78 87 FF A4 6E 8C 92 C4 60 02 A0 20 F4  .LPx...n...`.. .
00002B40:  70 88 A1 39 08 FA 98 AD 93 AA 3D 8D 4C 21 D8 E4  p..9......=.L!..
00002B50:  12 DF AE 56 4F 56 97 94 AE 7D 16 87 07 24 FA 0E  ...VOV...}...$..
00002B60:  CB 2D 50 99 5D 30 44 04 4A D7 75 6E CA 73 59 8B  .-P.]0D.J.un.sY.
00002B70:  63 73 7F 9C 34 42 DB 12 DF 24 D9 63 73 10 B8 64  cs..4B...$.cs..d
00002B80:  68 C2 8E C4 2B 34 82 01 D4 A0 14 C8 C0 E1 54 F8  h...+4........T.
00002B90:  B9 3E E7 5F AE A8 74 1D F8 A3 01 41 CD 7A 13 E5  .>._..t....A.z..
00002BA0:  51 9F FA 0D 65 F8 78 5C 44 E6 52 34 48 7E E2 96  Q...e.x\D.R4H~..
00002BB0:  7A 6B F6 A7 7C 3A A7 E2 9A 7B 75 F1 F5 DC F5 C3  zk..|:...{u.....
00002BC0:  1B 38 47 4E A1 88 0D 4C 8A 5E B5 22 F3 7F 51 47  .8GN...L.^."..QG
00002BD0:  BA 03 44 80 7D 9F 31 CC 30 35 71 84 54 CE 48 09  ..D.}.1.05q.T.H.
00002BE0:  55 94 1F A8 BD 34 0A 75 BE B4 9A 2A 2D C1 DC 2F  U....4.u...*-../
00002BF0:  BC 08 EB 80 F0 A0 B6 41 C5 C6 BA D2 54 EF 6C 4B  .......A....T.lK
00002C00:  CA 91 8A 10 1F 50 AF 87 99 53 6D A8 14 1A 3A 9D  .....P...Sm...:.
00002C10:  B6 1C F9 FD 1C 45 E1 30 96 C5 7F E0 CE 85 C1 04  .....E.0........
00002C20:  CB E2 12 EE F3 09 1C 61 4A EB 3C E3 DB E8 1D 87  .......aJ.<.....
00002C30:  93 AD 4B 0F 5A 28 AC CA 6B 86 36 15 CE D1 3C 67  ..K.Z(..k.6...<g
00002C40:  09 84 A5 29 7E D9 44 D2 A4 3D C2 44 7E 59 4B C4  ...)~.D..=.D~YK.
00002C50:  A3 AE 81 63 AE 59 3C A3 85 F6 5E 3F 2C F6 6A 8F  ...c.Y<...^?,.j.
00002C60:  D5 BB FB EE 5C 89 E9 E6 B8 22 19 3A E2 D0 DC 07  ....\....".:....
00002C70:  87 3A CF 05 70 3D 99 88 D7 04 C0 92 24 49 6D BB  .:..p=......$Im.
00002C80:  38 15 58 6C F3 59 A6 6D 07 4B AB F0 0E 4D 94 22  8.Xl.Y.m.K...M."
00002C90:  30 09 23 25 E2 43 F2 38 AB 69 8A 20 54 73 2B 2B  0.#%.C.8.i. Ts++
00002CA0:  FB 6D 5F B3 E4 17 87 C7 4B BD 76 24 E2 17 08 4A  .m_.....K.v$...J
00002CB0:  DA 90 A5 53 FA 61 28 C6 57 18 49 1E EC 85 BC 53  ...S.a(.W.I....S
00002CC0:  D5 8F 5D 3D EA 7C 86 A1 DB BE 3D 65 E2 44 1B 0A  ..]=.|....=e.D..
00002CD0:  5B 87 E0 2C DD 5D BB 74 42 95 9F 57 23 AA 99 1F  [..,.].tB..W#...
00002CE0:  64 7F E2 26 14 E1 EA B7 5F 9A 0E 66 DA 04 C9 C5  d..&...._..f....
00002CF0:  8C 6C 65 64 8A A0 40 ED 61 74 45 FC 54 77 47 2F  .led..@.atE.TwG/
00002D00:  C9 42 3A 77 DE 9D A9 1B 81 27 04 9A 5C E7 C4 CF  .B:w.....'..\...
00002D10:  93 B4 04 C2 45 03 EB 65 E4 83 74 E7 87 7C B6 97  ....E..e..t..|..
00002D20:  01 03 7C B4 6F 96 30 DB FD A5 88 CC 45 71 CD 22  ..|.o.0.....Eq."
00002D30:  59 7F 72 9E DD B6 6C BC 70 E1 11 7D A0 7D 77 67  Y.r...l.p..}.}wg
00002D40:  1A 1F 74 FF 16 11 D2 95 C7 63 1B 2B 3E C5 EC 75  ..t......c.+>..u
00002D50:  9A 92 6E CF B4 76 56 1F 3E B3 19 50 FF 40 21 AC  ..n..vV.>..P.@!.
00002D60:  2B F7 24 8F EF DE 48 22 50 FD 39 EC 3C F6 AE 6B  +.$...H"P.9.<..k
00002D70:  4C 96 2F 77 96 A6 96 62 E0 57 45 3A F6 14 13 A8  L./w...b.WE:....
00002D80:  C5 B9 01 CE 2F 32 04 AE 10 7D 43 48 46 95 65 A3  ..../2...}CHF.e.
00002D90:  A1 27 50 46 E5 57 C5 5E 1C 8A 0E 14 39 0F 0F 3F  .'PF.W.^....9..?
00002DA0:  1D 6D D3 6B 19 37 64 80 D1 12 3B 0C B3 E9 3F A2  .m.k.7d...;...?.
00002DB0:  54 C2 72 A2 DD 30 84 6B B7 62 C4 05 47 DE 99 76  T.r..0.k.b..G..v
00002DC0:  C3 6A 53 63 97 74 7F 42 A1 5D DD 89 7A 2B 99 90  .jSc.t.B.]..z+..
00002DD0:  41 D9 25 B5 F2 EA EF 6C 32 6A 08 DF 75 42 32 DA  A.%....l2j..uB2.
00002DE0:  23 AF 32 50 CE 3E B6 61 D2 99 D4 A8 69 C9 08 23  #.2P.>.a....i..#
00002DF0:  B8 39 D5 B6 F0 8A 6B B1 F6 DF 05 06 45 BE B2 16  .9....k.....E...
00002E00:  20 26 9F B3 D2 00 21 02 F0 22 40 D1 8F 0C 48 A2   &....!.."@...H.
00002E10:  07 3D B2 DC 08 C4 7A E0 7C 0A AE 61 D7 50 96 E1  .=....z.|..a.P..
00002E20:  27 3E AD 78 DB 99 0C 00 A8 49 B4 A7 A4 23 38 B5  '>.x.....I...#8.
00002E30:  6A 6F D5 BF 94 F4 C2 51 E6 82 50 9A FC E0 F8 20  jo.....Q..P.... 
00002E40:  F6 FC 31 06 51 80 D5 8E DF 5D B6 AF 26 F3 F7 29  ..1.Q....]..&..)
00002E50:  EA 78 05 4F 5C C0 F7 9F A6 0E D8 9F 19 4E B0 F0  .x.O\........N..
00002E60:  9A 11 8B B9 11 DF C4 21 1D B5 53 0E CA 7C 5B 3C  .......!..S..|[<
00002E70:  08 E9 5B 69 80 FE B6 46 B3 27 12 BC B6 C0 32 02  ..[i...F.'....2.
00002E80:  CA 2A 7F 76 D3 22 C4 97 33 7F 53 0A 05 11 07 3E  .*.v."..3.S....>
00002E90:  0E E5 22 F5 24 0A 77 56 3D A7 15 D0 53 F1 CF 7E  ..".$.wV=...S..~
00002EA0:  4B 09 82 98 19 96 D2 21 87 82 C5 64 8A 10 B9 F7  K......!...d....
00002EB0:  C8 B8 1C 93 26 95 4C 1C 82 56 24 C2 0A D4 DE B0  ....&.L..V$.....
00002EC0:  48 1B EF E7 90 DE D1 9B 2C 1E 4C 16 88 28 8E 8F  H.......,.L..(..
00002ED0:  4F 6D ED FC 82 91 0F C9 60 EF 27 22 2E 11 BD E7  Om......`.'"....
00002EE0:  79 58 CE F4 C9 B9 37 6C FA 0E 13 85 08 4F 13 51  yX....7l.....O.Q
00002EF0:  0E 07 B1 04 1D F2 98 AD 93 AA 3D 8D 4C 21 D8 E4  ..........=.L!..
00002F00:  12 DF AE 56 4F 56 08 D3 E1 25 18 CE 96 BA 0F 3A  ...VOV...%.....:
00002F10:  08 10 A4 FE 2F 3B 2B 9C F3 27 E5 98 67 4F 2A 13  ..../;+..'..gO*.
00002F20:  FC E6 7A 45 A7 55 FE D3 6D FF AD E3 96 E2 93 E0  ..zE.U..m.......
00002F30:  1D 61 F0 D8 0E BF B8 99 5E 1E 75 59 00 56 44 BF  .a......^.uY.VD.
00002F40:  B5 25 1D 05 FB 7A 68 F5 02 C4 D4 F6 2A 0B 69 0A  .%...zh.....*.i.
00002F50:  E4 CF 5B 62 A2 A0 A1 06 50 1E 49 AD 4B 79 01 ED  ..[b....P.I.Ky..
00002F60:  24 5C 6F 0B 19 FE 9D B1 5A BA 6C 89 68 7C D7 22  $\o.....Z.l.h|."
00002F70:  63 39 B8 18 DE 03 C0 72 53 5F 77 82 DE 24 21 39  c9.....rS_w..$!9
00002F80:  E0 79 AE 5A 4F 7B 39 C8 AE 7D 5F C6 69 D5 C1 82  .y.ZO{9..}_.i...
00002F90:  0D 08 44 77 B7 6D B0 59 A0 38 EA 1D 35 F0 67 CC  ..Dw.m.Y.8..5.g.
00002FA0:  B6 AD D8 5E 03 71 15 FA 8C 35 44 3E 3A A5 6F 61  ...^.q...5D>:.oa
00002FB0:  5C 16 3D 5F 6A 3A FE 5F FC 46 DB 71 8F 47 39 62  \.=_j:._.F.q.G9b
00002FC0:  3F 4F 9F 81 38 4C E1 30 96 C5 7F E0 CE 85 C1 04  ?O..8L.0........
00002FD0:  CB E2 12 EE F3 09 B7 D7 00 B9 52 3A 63 71 8B FD  ..........R:cq..
00002FE0:  9F 0B 8A DA F9 CB 23 4B BC 43 EB BD F9 44 07 F2  ......#K.C...D..
00002FF0:  C5 66 8B 64 9D B9 93 54 08 37 FD DD 64 AB B2 7E  .f.d...T.7..d..~
00003000:  55 FE EC 2D D4 75 E9 F7 3E 4B 44 2C E5 04 85 C9  U..-.u..>KD,....
00003010:  2E A8 FB 34 63 75 66 AC AC 47 FB 27 F3 EE 4C 07  ...4cuf..G.'..L.
00003020:  14 03 E4 2F BB F5 7C 69 0B C1 8A 7F 5E 3F E8 26  .../..|i....^?.&
00003030:  86 46 7B 8F C2 B0 86 42 B3 13 D4 6B F9 B4 4B 4C  .F{....B...k..KL
00003040:  E0 D2 94 6B 97 ED CD FB 0B BB 04 B1 D8 B7 94 36  ...k...........6
00003050:  C7 BD B2 79 E2 3E 83 52 93 C4 00 B0 52 7A 76 E5  ...y.>.R....Rzv.
00003060:  AF E9 B4 6D E2 02 3C 07 05 DF 20 25 4A 9B D5 CB  ...m..<... %J...
00003070:  A9 2A DB C5 A0 53 B7 AC DB 7B 49 6D 68 BB A5 14  .*...S...{Imh...
00003080:  19 B2 8F 78 46 5E BE 48 26 39 AE D5 86 C4 28 DF  ...xF^.H&9....(.
00003090:  E3 28 7D CD 1F 57 EA B7 5F 9A 0E 66 DA 04 C9 C5  .(}..W.._..f....
000030A0:  8C 6C 65 64 8A A0 60 96 3A 1D A8 08 03 B7 4C BB  .led..`.:.....L.
000030B0:  41 15 2D A6 98 F3 A2 EB 37 AD D5 9F 04 E9 7D 1F  A.-.....7.....}.
000030C0:  19 DA 5F 13 2F 35 39 AF 6A 03 24 23 B8 6C 7C 01  .._./59.j.$#.l|.
000030D0:  F1 D4 64 02 0A 6A 7B 35 48 FE 44 7B E1 16 7D D3  ..d..j{5H.D{..}.
000030E0:  C2 79 27 0F 94 F8 40 91 C0 B5 9A 1F 68 1F 8C E5  .y'...@.....h...
000030F0:  FA D1 C6 ED 79 D2 13 AD 92 01 05 AE 22 C8 E4 46  ....y......."..F
00003100:  0A 40 CA E6 C0 01 2E 05 DF C4 88 B4 07 76 AF EF  .@...........v..
00003110:  B0 25 81 C5 BD 4B DA 93 DE 55 E5 AA BD B2 84 64  .%...K...U.....d
00003120:  CC AD 58 A6 76 38 61 D6 F6 9B B1 01 D6 47 85 AC  ..X.v8a......G..
00003130:  64 1E 8C 82 D7 09 6F FF BF AA 28 C6 95 9C 69 75  d.....o...(...iu
00003140:  8C 2A B6 09 1A 1C 0C 9B 6A F1 6B 2C 71 70 43 F9  .*......j.k,qpC.
00003150:  0A BC C9 A2 76 80 B6 8B 00 22 A3 B0 20 DE E2 94  ....v....".. ...
00003160:  62 17 51 0C B8 DA 84 6B B7 62 C4 05 47 DE 99 76  b.Q....k.b..G..v
00003170:  C3 6A 53 63 97 74 40 BE F1 15 B2 92 A2 A2 E5 86  .jSc.t@.........
00003180:  56 4D 98 17 BA 1D D2 21 87 82 C5 64 8A 10 B9 F7  VM.....!...d....
00003190:  C8 B8 1C 93 26 95 1A AC C6 22 42 EA 7E 26 B7 01  ....&...."B.~&..
000031A0:  16 89 6A 89 C0 CE FC 86 5C FD AD 1C 0A 6C F0 D9  ..j.....\....l..
000031B0:  DA D0 85 36 0A B8 40 FE 43 00 BF 42 67 AD 4C 2A  ...6..@.C..Bg.L*
000031C0:  C7 A1 0B 57 73 DA 8D B3 4D 2A 4F BB 3C BC 37 1B  ...Ws...M*O.<.7.
000031D0:  C5 9B 06 32 18 9B D9 8C 80 B8 18 AD 92 C9 55 46  ...2..........UF
000031E0:  94 BC F1 A5 AB 6A 89 EB 9A 0E BE 77 4F CB AB 8F  .....j.....wO...
000031F0:  9D 03 00 08 4B 83 2A 64 6B FC A9 F5 BD 0B F2 8B  ....K.*dk.......
00003200:  35 CC B5 50 F1 39 8D 91 9F 39 84 85 01 0B 85 B5  5..P.9...9......
00003210:  5D 48 89 8D 1A F0 4A FF 19 4C 54 36 1B F4 B7 5C  ]H....J..LT6...\
00003220:  1A 20 21 EB 70 68 42 DD 62 5F 77 52 AF 67 A5 BC  . !.phB.b_wR.g..
00003230:  C4 C7 09 E0 45 4E C4 97 33 7F 53 0A 05 11 07 3E  ....EN..3.S....>
00003240:  0E E5 22 F5 24 0A AF DC 1D 27 C0 12 4A F1 72 B5  ..".$....'..J.r.
00003250:  28 FC AE 39 B4 68 C0 72 53 5F 77 82 DE 24 21 39  (..9.h.rS_w..$!9
00003260:  E0 79 AE 5A 4F 7B E0 A2 F0 72 EA A2 BA 41 CA C5  .y.ZO{...r...A..
00003270:  24 43 97 34 D9 3B 02 DC 1F 63 9F 0F 80 E0 F7 84  $C.4.;...c......
00003280:  34 C1 F8 0F 52 5F 24 D1 CC 33 F9 34 5D 24 79 FA  4...R_$..3.4]$y.
00003290:  C8 69 22 82 93 30 BA E7 2A 2A 38 59 7A E3 E0 B4  .i"..0..**8Yz...
000032A0:  20 F2 59 CE 6C 8A FB 84 BE 6C 13 79 B8 04 9C 42   .Y.l....l.y...B
000032B0:  4C CA B2 F4 12 2A 19 0C 0D 93 EB 9A 6F B2 2A AC  L....*......o.*.
000032C0:  05 9B 41 89 24 CF A5 D5 9F 39 3F 3E A4 0E 19 80  ..A.$....9?>....
000032D0:  5A F0 70 42 A2 36 FE 72 22 82 36 A1 48 6E 84 3C  Z.pB.6.r".6.Hn.<
000032E0:  71 8E F8 C0 E1 71 27 DF 5C 67 B0 9B 54 97 9C 1C  q....q'.\g..T...
000032F0:  BA 89 7D 5F 78 B8 67 EA DF D6 AE B2 E5 4D 8D A9  ..}_x.g......M..
00003300:  C7 22 23 29 B1 94 70 4D 9D 3B 90 34 02 4B 64 18  ."#)..pM.;.4.Kd.
00003310:  F9 5E 7C 5A 54 B9 33 24 2C 8B EB F2 69 9D 96 2B  .^|ZT.3$,...i..+
00003320:  A3 27 57 57 45 A5 CB D7 14 DB 05 BF 51 2A 4E 68  .'WWE.......Q*Nh
00003330:  87 B2 33 51 2B 59 21 46 F3 FB 3E 8D CC 0E 3A BE  ..3Q+Y!F..>...:.
00003340:  EA 44 92 0D 2B A6 21 82 EC A0 AB BA 95 22 CC 19  .D..+.!......"..
00003350:  F8 D4 BA 82 F8 A7 C0 42 10 AD C0 9D FF B1 76 CA  .......B......v.
00003360:  64 64 BA 9D 77 1B 29 6F 8F 7E 90 93 77 B9 22 D9  dd..w.)o.~..w.".
00003370:  83 49 3F 8F 83 EC B7 14 AE EE 56 40 10 27 39 1B  .I?.......V@.'9.
00003380:  D5 B4 0C 66 D1 3D E4 48 FE 44 35 88 9F 86 EE 7D  ...f.=.H.D5....}
00003390:  EE 4D 35 ED C9 02 9D BE C8 6D F4 AE 3B 7B BD 50  .M5......m..;{.P
000033A0:  57 08 EA 15 CD D3 6A 87 1E C4 68 1C DB 92 BE A1  W.....j...h.....
000033B0:  2C BD EC E2 27 D0 63 1E B6 59 47 F1 E2 9A A7 37  ,...'.c..YG....7
000033C0:  55 ED 39 C0 3B A7 97 7A A0 1A 29 39 4D 6F 3E BE  U.9.;..z..)9Mo>.
000033D0:  D3 F2 22 26 49 5C 9C FC EE 06 3F 47 D6 BF DA 88  .."&I\....?G....
000033E0:  69 7C 51 88 1B 5B 62 95 7A 0B A9 3F 63 55 93 87  i|Q..[b.z..?cU..
000033F0:  9B C9 57 C3 A9 A1 24 7C 86 A2 18 34 ED AE A0 38  ..W...$|...4...8
00003400:  23 FF CF D8 64 84 BF 4D 50 FA 6A 53 94 BE 0A BB  #...d..MP.jS....
00003410:  58 FE 47 A4 6F EF 27 37 F8 68 F7 10 81 99 D7 B1  X.G.o.'7.h......
00003420:  AA C0 5C 81 E9 AD FE 38 6D E8 94 32 36 70 A9 FB  ..\....8m..26p..
00003430:  BE 8D A3 FD 0A 02 07 D8 C3 28 7D 1E D0 26 CA 4D  .........(}..&.M
00003440:  F7 EB DF 85 56 8B 5D 2F 2F 2E 50 82 04 8D FA 30  ....V.]//.P....0
00003450:  7A BF 0C F7 E8 93 C1 27 D1 4D 5C C5 E9 DA 3E FF  z......'.M\...>.
00003460:  74 7E EC 86 3A 60 BB FF 0A 2D 7B DE FA 2E A4 A7  t~..:`...-{.....
00003470:  6B CE 75 EC CD 8F 68 0E 61 C1 B6 E6 ED 7A 97 8B  k.u...h.a....z..
00003480:  FB 66 B8 8D 8E D8 D2 0E F4 75 85 C4 C2 5C CF BA  .f.......u...\..
00003490:  1C 48 85 7B 8A 62 3E A7 5C 6B 9A 3C A8 8D A8 3E  .H.{.b>.\k.<...>
000034A0:  7E 88 B3 D3 67 06 0C C3 1B 57 DE 1C 2C A4 4D 1E  ~...g....W..,.M.
000034B0:  72 3A 74 08 EC D7 03 E0 A8 E7 36 80 CE 96 D1 D9  r:t.......6.....
000034C0:  6E 20 F3 5C A9 FC 11 CC E9 4A AC 33 C8 A0 69 EC  n .\.....J.3..i.
000034D0:  D9 8D 8E 9C 80 C1 F4 70 3E 1F 06 76 27 4F BA D3  .......p>..v'O..
000034E0:  23 86 0C 69 B3 EF 60 A7 C9 84 44 B5 7F FF 4C 2E  #..i..`...D...L.
000034F0:  DF 83 DA CA CC 37 99 0F AA B3 94 43 53 10 16 28  .....7.....CS..(
00003500:  2C 1F 3A A8 75 49 E8 BD 5A 2A 2C 0C C6 07 FB 52  ,.:.uI..Z*,....R
00003510:  61 E9 C2 EC 17 DB 9A DE F1 44 DD A0 CF 7D 29 8E  a........D...}).
00003520:  19 3C D5 72 FD 73 91 43 75 F0 9A 6D 00 B5 B8 CA  .<.r.s.Cu..m....
00003530:  EA C2 9E 0C 99 9D F3 91 34 13 A8 7E 50 EB 42 60  ........4..~P.B`
00003540:  28 A2 56 08 55 8E 83 DC E4 A1 8D 29 F7 FA 6D 4C  (.V.U......)..mL
00003550:  07 58 1D C3 01 EC 65 89 58 95 B1 7A 68 54 50 70  .X....e.X..zhTPp
00003560:  69 1B 08 51 71 A7 90 0A 6C 08 C5 DB 1D 08 A2 8C  i..Qq...l.......
00003570:  79 61 72 39 95 A6 61 CE 94 36 A3 AF 46 7D 41 B0  yar9..a..6..F}A.
00003580:  F8 9F C3 14 1C AC 33 0A 77 43 2B 58 44 10 27 21  ......3.wC+XD.'!
00003590:  C6 3A 20 BB 75 F8 E0 88 77 E3 D2 06 59 CF BF 86  .: .u...w...Y...
000035A0:  9A 60 FC 4E D2 AA F6 F6 51 84 B3 B6 45 A4 12 7E  .`.N....Q...E..~
000035B0:  68 EA A5 F0 0E CC CD 2F E6 8D 3C AB 5A A3 35 B2  h....../..<.Z.5.
000035C0:  4F 10 D5 B7 0C E7 39 FE 80 9D 14 AD C7 7A 12 05  O.....9......z..
000035D0:  BC 30 3D C0 E5 D6 7A D3 89 09 72 C2 A2 D4 1B A6  .0=...z...r.....
000035E0:  8B 09 92 CF 09 73 40 8E 68 B6 B5 55 9C AE 3C 39  .....s@.h..U..<9
000035F0:  34 04 77 C9 E0 BD 28 DC EF EA 50 83 A5 A9 5A EB  4.w...(...P...Z.
00003600:  1E F5 4C 66 3A FE 29 96 A6 ED 3C 24 EE A4 F3 DC  ..Lf:.)...<$....
00003610:  32 E6 E9 43 56 53 D8 C1 09 06 F3 AB 4B 7F 62 DF  2..CVS......K.b.
00003620:  3F C5 D5 A0 1D 13 38 B1 E5 8E 17 BC C5 50 85 45  ?.....8......P.E
00003630:  DB AC 33 33 4E D0 3D 68 3E ED FA FB ED 72 1B 50  ..33N.=h>....r.P
00003640:  15 F9 15 A2 D9 69 14 CB F5 35 64 47 4B A4 8E 1C  .....i...5dGK...
00003650:  AD FE A6 04 FD A5 A5 86 AF C8 42 C3 E6 3E 6A 00  ..........B..>j.
00003660:  59 90 D7 06 45 57 E6 63 4A 3A 5B C6 CE BC E4 BF  Y...EW.cJ:[.....
00003670:  73 85 29 F9 E0 5E D4 4F D1 BF 95 F9 51 3E 66 1B  s.)..^.O....Q>f.
00003680:  99 30 F6 9B 6E DD AE 20 79 B5 9E AA 8D 31 6D BB  .0..n.. y....1m.
00003690:  F2 4A 88 25 63 35 83 DC E4 A1 8D 29 F7 FA 6D 4C  .J.%c5.....)..mL
000036A0:  07 58 1D C3 01 EC 95 8E E9 CD 79 C8 C7 34 E5 A4  .X........y..4..
000036B0:  7B 56 26 DB 63 0D 64 FC 7C D6 6B 8B 6C A7 E7 15  {V&.c.d.|.k.l...
000036C0:  4B CF 35 1B 4F 73 D3 13 FD 8D A0 89 4E 7E AD 63  K.5.Os......N~.c
000036D0:  49 02 FD 62 40 FA FA D0 4D 73 E2 D8 47 1E CB 5B  I..b@...Ms..G..[
000036E0:  64 25 8C CD 7C 53 66 38 89 18 52 3A 17 D5 0A FE  d%..|Sf8..R:....
000036F0:  FA 03 96 D7 1B AB 3E 09 54 C5 B2 3C D5 66 B4 B2  ......>.T..<.f..
00003700:  13 10 CE 25 31 F1 94 3B 6B 6A 5B 34 DB 1E 94 DF  ...%1..;kj[4....
00003710:  D6 21 39 3D 24 A7 E2 91 26 EE D6 32 95 C7 E1 71  .!9=$...&..2...q
00003720:  0E B0 FD 5D C2 66 85 11 61 EC B9 40 7F 65 61 87  ...].f..a..@.ea.
00003730:  64 36 24 EF 42 9A 21 C2 58 84 39 00 60 1C 14 A1  d6$.B.!.X.9.`...
00003740:  01 0B 6D F8 4C 0F 24 C3 69 FA 47 0C 23 C9 84 7B  ..m.L.$.i.G.#..{
00003750:  23 90 CE FF F8 2C BD ED FB 9B 17 1A 9F BF 5E F8  #....,........^.
00003760:  E3 0B D4 3F 2D 73 EC 6B 3A 7F FF 9D 29 75 A5 49  ...?-s.k:...)u.I
00003770:  E8 AA 0F 91 2F 2F 07 D1 26 43 E1 97 21 C5 E8 BC  ....//..&C..!...
00003780:  D7 39 08 90 6C DB F2 40 99 B0 19 32 6F 55 66 E3  .9..l..@...2oUf.
00003790:  75 11 AC 01 4E 0C 06 AA 8D 64 83 1A 4D A9 EB 81  u...N....d..M...
000037A0:  32 E1 DB 9F 1C DB 97 7A A0 1A 29 39 4D 6F 3E BE  2......z..)9Mo>.
000037B0:  D3 F2 22 26 49 5C EB 4D 58 8A 8C 62 94 60 2C A2  .."&I\.MX..b.`,.
000037C0:  AD 88 FB DD 96 1E EA 14 FD A9 C7 13 88 93 21 56  ..............!V
000037D0:  81 29 28 CC 6B F4 24 7C 86 A2 18 34 ED AE A0 38  .)(.k.$|...4...8
000037E0:  23 FF CF D8 64 84 BF 4D 50 FA 6A 53 94 BE 0A BB  #...d..MP.jS....
000037F0:  58 FE 47 A4 6F EF 27 37 F8 68 F7 10 81 99 D7 B1  X.G.o.'7.h......
00003800:  AA C0 5C 81 E9 AD E9 CE 1A 49 36 FE 88 49 D8 17  ..\......I6..I..
00003810:  7A E5 D6 67 5D 99 94 AE E5 EA 49 D8 B4 8E 4C 83  z..g].....I...L.
00003820:  A7 58 17 89 93 E8 CB CF 08 B4 AC 9D 35 54 46 F4  .X..........5TF.
00003830:  5C 83 56 1C 91 92 5D FB 77 59 5A 42 30 F5 CB 53  \.V...].wYZB0..S
00003840:  C4 B6 E0 A4 2B 12 BB FF 0A 2D 7B DE FA 2E A4 A7  ....+....-{.....
00003850:  6B CE 75 EC CD 8F 27 34 31 F2 EF 8B 33 7F 57 E1  k.u...'41...3.W.
00003860:  97 DB 52 8B E1 82 D2 0E F4 75 85 C4 C2 5C CF BA  ..R......u...\..
00003870:  1C 48 85 7B 8A 62 14 31 26 78 AB FE 25 3D 2C 56  .H.{.b.1&x..%=,V
00003880:  AF B0 86 B3 1A 74 CF 7B 80 B4 D3 D0 8B D0 B7 87  .....t.{........
00003890:  FF A2 F8 C8 9E C3 B8 C9 93 9D 73 CA 0E 95 7B A8  ..........s...{.
000038A0:  68 6D 66 F7 C2 40 EB C9 07 3F 9C F1 E0 64 71 CC  hmf..@...?...dq.
000038B0:  35 82 3F 57 38 A9 25 CA AC 7D 24 87 98 AE D2 31  5.?W8.%..}$....1
000038C0:  95 02 BB 79 95 96 C0 72 53 5F 77 82 DE 24 21 39  ...y...rS_w..$!9
000038D0:  E0 79 AE 5A 4F 7B 38 C3 C2 1C 8C 33 83 3C 48 7B  .y.ZO{8....3.<H{
000038E0:  90 37 CC 86 F2 A9 92 44 8F 7F 34 48 B8 EF 73 33  .7.....D..4H..s3
000038F0:  29 A9 E0 41 AD 75 D9 58 38 A2 8F 8F 4C 68 12 DC  )..A.u.X8...Lh..
00003900:  0B E0 A1 28 3D 26 E1 30 96 C5 7F E0 CE 85 C1 04  ...(=&.0........
00003910:  CB E2 12 EE F3 09 15 3F A2 DB E3 73 16 B9 84 C8  .......?...s....
00003920:  A6 80 01 5D FD 9C 37 EF 0D 9F D3 F1 E5 20 83 B4  ...]..7...... ..
00003930:  14 12 4E 0F 7C 20 FC D3 69 FE 54 73 AC 58 C0 51  ..N.| ..i.Ts.X.Q
00003940:  26 1B 90 D9 66 27 3F F6 98 F3 FA F7 71 71 CA 08  &...f'?.....qq..
00003950:  A3 35 74 29 95 B6 DD 04 2F 93 79 BA 4E 99 CE ED  .5t)..../.y.N...
00003960:  5E 04 16 3B 1C B5 98 AD 93 AA 3D 8D 4C 21 D8 E4  ^..;......=.L!..
00003970:  12 DF AE 56 4F 56 80 CE B4 FB 3B BB 99 51 30 38  ...VOV....;..Q08
00003980:  E1 32 3C 1E 07 BD 81 5F 16 91 2E 46 01 0A B3 19  .2<...._...F....
00003990:  E7 EA 63 12 8D FA C0 46 89 DB CF 76 68 65 28 1F  ..c....F...vhe(.
000039A0:  A4 D7 27 B0 9E 8C 95 EA 9B 34 FB A1 F4 AD BD F6  ..'......4......
000039B0:  7C 1B 01 84 1F 71 48 A1 27 3B 5B 0F 89 89 68 67  |....qH.';[...hg
000039C0:  77 D7 F5 DA B2 CF A7 E2 9A 7B 75 F1 F5 DC F5 C3  w........{u.....
000039D0:  1B 38 47 4E A1 88 31 71 26 8C CF B2 43 36 2A 64  .8GN..1q&...C6*d
000039E0:  58 5F 3D 45 6F 13 21 3C CA 32 16 7C 32 88 B7 90  X_=Eo.!<.2.|2...
000039F0:  15 BB 1E 7A BB 4A 27 54 2A 6D F7 2B 75 7D AE 79  ...z.J'T*m.+u}.y
00003A00:  9C C7 9A 77 88 FE 81 30 61 FC 1F BA 47 0C 0D 60  ...w...0a...G..`
00003A10:  6C 15 BB 67 DC 23 CD 02 9A AD F7 96 AF E4 D0 C3  l..g.#..........
00003A20:  0C D2 30 87 06 58 E2 30 28 A6 70 FD 7F C5 48 FD  ..0..X.0(.p...H.
00003A30:  16 3E 48 5F 25 7E 6A 45 E8 33 B9 1D 19 A5 71 72  .>H_%~jE.3....qr
00003A40:  FB 47 48 7F 2C 93 CC 90 1D A0 88 FB 36 90 58 3A  .GH.,.......6.X:
00003A50:  F3 77 C5 EA EC 23 AD A8 B8 FA DC 90 E8 92 21 5A  .w...#........!Z
00003A60:  20 B5 47 76 87 4C 48 F5 6F 71 5E 3B 13 79 4B 83   .Gv.LH.oq^;.yK.
00003A70:  11 C1 91 3A BC 20 7C 69 0B C1 8A 7F 5E 3F E8 26  ...:. |i....^?.&
00003A80:  86 46 7B 8F C2 B0 0E E8 10 3F 5A DA D1 7F 42 84  .F{......?Z...B.
00003A90:  F9 CE 7C 99 35 AC DA 93 DE 55 E5 AA BD B2 84 64  ..|.5....U.....d
00003AA0:  CC AD 58 A6 76 38 42 65 28 88 D1 2B B6 18 A9 CE  ..X.v8Be(..+....
00003AB0:  14 5E 7C 24 59 9C F3 B3 FB FD FE 3D 19 10 1F 09  .^|$Y......=....
00003AC0:  99 45 73 E1 CC 55 FD E1 52 48 F4 F0 1C D4 15 D8  .Es..U..RH......
00003AD0:  5C 3C 71 17 DB 0C 84 6B B7 62 C4 05 47 DE 99 76  \<q....k.b..G..v
00003AE0:  C3 6A 53 63 97 74 7F 42 A1 5D DD 89 7A 2B 99 90  .jSc.t.B.]..z+..
00003AF0:  41 D9 25 B5 F2 EA EF 6C 32 6A 08 DF 75 42 32 DA  A.%....l2j..uB2.
00003B00:  23 AF 32 50 CE 3E B6 61 D2 99 D4 A8 69 C9 08 23  #.2P.>.a....i..#
00003B10:  B8 39 D5 B6 F0 8A 6B B1 F6 DF 05 06 45 BE B2 16  .9....k.....E...
00003B20:  20 26 9F B3 D2 00 21 02 F0 22 40 D1 8F 0C 48 A2   &....!.."@...H.
00003B30:  07 3D B2 DC 08 C4 8A 2E 08 29 69 FF 18 4A 8D 15  .=.......)i..J..
00003B40:  06 2C CC EB C2 85 9A A1 AF DF 20 44 FC 15 08 AE  .,........ D....
00003B50:  8C AC D1 39 48 D8 06 DD 65 5F AA B8 77 6F D2 4D  ...9H...e_..wo.M
00003B60:  FC 4A 05 3E 94 4B AD B7 08 A9 7F 2C 1C EA 4A E3  .J.>.K.....,..J.
00003B70:  7F 7D CA 33 73 B0 E8 4F 30 0C E2 DE 91 E1 D1 91  .}.3s..O0.......
00003B80:  CE 96 88 23 52 02 E8 6F FF 6A A0 E4 DF 01 88 F2  ...#R..o.j......
00003B90:  31 81 50 C6 59 54 7A 8F 2E 4C 86 5B 22 91 AD C9  1.P.YTz..L.["...
00003BA0:  D9 A9 A1 31 75 06 2F 2F D9 D3 60 32 AB A5 F5 38  ...1u.//..`2...8
00003BB0:  DC 8C 79 78 67 66 B4 4F 67 A8 3E 6B 89 C0 3D 15  ..yxgf.Og.>k..=.
00003BC0:  CF 90 D0 3F E0 4F FF AE 93 15 46 CC 93 CD 4E 15  ...?.O....F...N.
00003BD0:  73 96 6E A0 ED DF BE 25 CD 35 30 C4 A7 07 8B 7C  s.n....%.50....|
00003BE0:  47 1A 95 FB 36 CE C4 97 33 7F 53 0A 05 11 07 3E  G...6...3.S....>
00003BF0:  0E E5 22 F5 24 0A 24 B9 28 7A 4A 78 8F 4B 23 87  ..".$.$.(zJx.K#.
00003C00:  40 4A DD 37 72 F7 C0 72 53 5F 77 82 DE 24 21 39  @J.7r..rS_w..$!9
00003C10:  E0 79 AE 5A 4F 7B F7 FA AD C3 51 D7 52 A4 CB EE  .y.ZO{....Q.R...
00003C20:  16 C6 6F 4E 84 50 02 DC 1F 63 9F 0F 80 E0 F7 84  ..oN.P...c......
00003C30:  34 C1 F8 0F 52 5F 03 69 F0 FD 2E D7 2A 2D BD D7  4...R_.i....*-..
00003C40:  34 D8 60 6B 66 4A 0A 0A EA 07 C3 60 23 F7 27 4B  4.`kfJ.....`#.'K
00003C50:  A7 CC 96 90 F0 41 FF 2A 27 29 AE E4 77 0C D8 38  .....A.*')..w..8
00003C60:  1A 2E 94 B6 D9 76 19 0C 0D 93 EB 9A 6F B2 2A AC  .....v......o.*.
00003C70:  05 9B 41 89 24 CF A5 D5 9F 39 3F 3E A4 0E 19 80  ..A.$....9?>....
00003C80:  5A F0 70 42 A2 36 35 A6 40 56 7C 0D 70 EE EF 9C  Z.pB.65.@V|.p...
00003C90:  DB A0 98 2B 49 72 3E 5D 3A 39 3B 4A CA 2B 5B EF  ...+Ir>]:9;J.+[.
00003CA0:  49 00 20 8A B6 8A 35 B4 66 47 EF 6D 2E 2E C0 34  I. ...5.fG.m...4
00003CB0:  A1 0D 8F CF 6A 63 11 16 5B FB 46 70 93 ED 3F 96  ....jc..[.Fp..?.
00003CC0:  47 BE B4 9A 75 5E 18 3A 5C 35 F8 65 0A 10 79 FD  G...u^.:\5.e..y.
00003CD0:  97 FF DD BB 3D 5E B5 40 AC 99 C6 BF EA FA 06 FE  ....=^.@........
00003CE0:  32 B5 0C 95 57 EA 29 B8 55 78 7D 67 B9 4E B1 D5  2...W.).Ux}g.N..
00003CF0:  15 98 7F 95 57 75 F6 4C AA C3 1C E7 E2 57 AC EE  ....Wu.L.....W..
00003D00:  F9 78 C8 06 82 F9 21 C2 58 84 39 00 60 1C 14 A1  .x....!.X.9.`...
00003D10:  01 0B 6D F8 4C 0F 24 C3 69 FA 47 0C 23 C9 84 7B  ..m.L.$.i.G.#..{
00003D20:  23 90 CE FF F8 2C BD ED FB 9B 17 1A 9F BF 5E F8  #....,........^.
00003D30:  E3 0B D4 3F 2D 73 12 E1 E6 81 7A E6 D2 FA 17 5C  ...?-s....z....\
00003D40:  21 6F 65 84 87 35 BD 1F D7 6D 8D 6F DF 5E 00 A3  !oe..5...m.o.^..
00003D50:  A6 D9 27 A5 97 AC 03 DC 45 43 B3 2B 2C 4E A0 CA  ..'.....EC.+,N..
00003D60:  79 2C 29 C0 F4 54 59 D2 82 4F F0 E1 99 CE A2 C7  y,)..TY..O......
00003D70:  31 66 E5 0D AD AA E0 9F 93 75 DC B2 12 F9 98 A9  1f.......u......
00003D80:  E9 24 DB 49 D8 07 87 A6 40 13 0E B1 36 A7 E7 F0  .$.I....@...6...
00003D90:  2F BB 86 CD 83 04 EF 2C A7 56 60 E9 36 1D 65 8C  /......,.V`.6.e.
00003DA0:  CA 88 50 E6 7F 25 C4 2B D5 19 D2 71 70 FB 39 23  ..P..%.+...qp.9#
00003DB0:  BB 12 62 B5 4B A4 93 DF 48 00 48 45 25 2E 38 68  ..b.K...H.HE%.8h
00003DC0:  25 27 BA C7 AD 1B CC 2F C2 EC AD 17 88 06 EC 79  %'...../.......y
00003DD0:  11 B5 44 A9 DD 06 97 C6 77 B3 6F 9E 4A 9C DB C8  ..D.....w.o.J...
00003DE0:  CF 18 6C 65 F5 1A FB F5 41 1A 0F E6 09 21 7D 21  ..le....A....!}!
00003DF0:  48 BF E8 36 8C 54 E7 C7 8F 84 FC 38 CE 51 DE F3  H..6.T.....8.Q..
00003E00:  B0 91 0C C5 A6 02 DD D6 6C 05 55 10 61 72 0A BE  ........l.U.ar..
00003E10:  AA 0C 7C ED 03 A8 83 EE 6E A4 D7 3F 30 D0 7C D5  ..|.....n..?0.|.
00003E20:  9F 80 6D 3D 67 94 AA 98 16 B6 A2 99 DD 5C 5A C5  ..m=g........\Z.
00003E30:  9F 3C 17 2A 04 A5 C9 71 F3 AC 0C 96 18 60 BF E6  .<.*...q.....`..
00003E40:  1C DE 81 8C 91 CC FE 59 5B C7 90 C4 14 40 6C 09  .......Y[....@l.
00003E50:  66 D3 71 5A E8 92 60 ED A8 85 43 AC B5 7C 62 C6  f.qZ..`...C..|b.
00003E60:  4D 90 2B 3C EE 5C EF 35 0B 9C D2 91 23 BE 54 61  M.+<.\.5....#.Ta
00003E70:  E0 71 3F 81 15 ED 41 4C 5D 6C EF 20 B6 0D E0 C0  .q?...AL]l. ....
00003E80:  50 45 2B 80 69 04 95 E5 D3 3E D3 BA 38 64 73 1F  PE+.i....>..8ds.
00003E90:  88 DC 98 7A 2C DA 68 D5 11 53 A7 E4 C6 F7 E7 6E  ...z,.h..S.....n
00003EA0:  80 9A 6E 97 13 7D FE 46 C9 DD 0B 7E 84 A4 30 25  ..n..}.F...~..0%
00003EB0:  C4 A8 C8 17 E7 C6 9C BD 62 78 2C 20 F1 3F DA 4C  ........bx, .?.L
00003EC0:  E9 9A 35 AF F4 D2 40 67 3E 48 19 07 41 DC 60 09  ..5...@g>H..A.`.
00003ED0:  6A 20 2A C4 49 89 AE BC 6C 69 F1 34 C9 8A 59 F3  j *.I...li.4..Y.
00003EE0:  D5 80 C6 FF 7A 71 E5 6A 26 A2 CE C4 90 65 D4 C8  ....zq.j&....e..
00003EF0:  21 72 43 2F ED 24 C8 FE 19 BB 25 AA E1 85 8F 4D  !rC/.$....%....M
00003F00:  93 C1 A8 6B E8 98 B9 83 47 DF 10 95 18 87 2D AB  ...k....G.....-.
00003F10:  C1 AA 8B CE 04 8E F2 EA 1F C5 8F 8D DD D9 A6 E9  ................
00003F20:  22 ED 9D 0A 63 C5 ED 3B 19 59 F5 80 2F 06 2C B1  "...c..;.Y../.,.
00003F30:  EB 11 F6 7F 12 E5 75 C6 31 F8 1A F8 85 46 63 E6  ......u.1....Fc.
00003F40:  14 31 22 E6 00 E2 75 1A A7 03 99 4F 6F 3F 48 EB  .1"...u....Oo?H.
00003F50:  68 12 4F DB 26 DB 7F 7C E7 4F CA 6A EB 8B B3 AF  h.O.&..|.O.j....
00003F60:  60 4B 10 F1 77 92 C2 34 6F 7E AB 23 FB 61 B2 EF  `K..w..4o~.#.a..
00003F70:  89 0F E0 7B BB EA D0 94 5C A0 53 E1 92 AA 01 99  ...{....\.S.....
00003F80:  68 86 C9 69 A1 63 75 95 2A B2 11 F0 06 3E FA CA  h..i.cu.*....>..
00003F90:  AB DC A8 7A B0 96 CE 7C F8 EF 47 DB 33 FA 47 3C  ...z...|..G.3.G<
00003FA0:  3B 2E 9A 41 58 A1 BD 04 E3 51 4C C1 3B 56 00 D5  ;..AX....QL.;V..
00003FB0:  EA 7C 02 15 89 87 1D FE E3 CF 64 F7 ED 8E 3B 75  .|........d...;u
00003FC0:  0A 56 F6 1B 0F 7A AD 10 F4 C3 43 B9 AA 0B BC 98  .V...z....C.....
00003FD0:  56 CF 1A EF 9C 55 07 46 18 51 BD BF E1 A4 B2 5E  V....U.F.Q.....^
00003FE0:  70 A1 09 62 58 69 12 46 C6 38 6F 95 A5 FC 0B 8F  p..bXi.F.8o.....
00003FF0:  22 42 CD 45 36 A0 FE 88 59 45 4E EB ED 14 12 8D  "B.E6...YEN.....
00004000:  8A 57 CB F2 7F BE 05 C7 EA 2B C6 46 04 C3 58 7C  .W.......+.F..X|
00004010:  9A 0D 42 07 29 9E 26 48 E6 0A 06 93 F2 CB BC D7  ..B.).&H........
00004020:  06 D9 B8 B8 3F 81 30 A8 F1 69 E6 1E 16 D4 FB 5B  ....?.0..i.....[
00004030:  A0 BF A9 95 90 66 43 6A 53 79 03 F6 10 A6 DC 16  .....fCjSy......
00004040:  B7 CF 0B 4F C1 9D 5B 09 79 C5 DD 81 6F 6F 32 81  ...O..[.y...oo2.
00004050:  3F 55 CB AD F5 8B 17 2E 9A FD 83 18 FD 90 B6 5A  ?U.............Z
00004060:  B9 82 84 55 D4 91 FD 58 CF 8A 9E 3B FD F5 69 A5  ...U...X...;..i.
00004070:  E4 09 0E 72 B4 2B 09 19 70 BC 12 1E A0 09 91 4B  ...r.+..p......K
00004080:  50 54 4A C0 F0 C6 9F 89 93 77 4F 1B 48 41 3E 02  PTJ......wO.HA>.
00004090:  45 85 95 2C B2 95 00 00 00 00 00 00 00 00 00 00  E..,............
000040A0:  00 00 00 00 00 00 00 00 00 00 00 00 00 00 00 00  ................ [zeros]
000040B0:  00 00 00 00 00 00 98 76 A4 56 89 87 D4 81 37 25  .......v.V....7%
000040C0:  50 4C D5 7F 45 49 9F F6 36 1C 72 EF A4 B7 74 D1  PL..EI..6.r...t.
000040D0:  78 E3 E5 C9 6C 6E 92 5A 37 E5 AF 64 9A E5 E7 3E  x...ln.Z7..d...>
000040E0:  3E 0E 5D 87 4F 11 00 00 00 00 00 00 00 00 00 00  >.].O...........
000040F0:  00 00 00 00 00 00 00 00 00 00 00 00 00 00 00 00  ................ [zeros]
00004100:  00 00 00 00 00 00 00 00 00 00 00 00 00 00 00 00  ................ [zeros]
00004110:  00 00 00 00 00 00 00 00 00 00 00 00 00 00 00 00  ................ [zeros]
00004120:  00 00 00 00 00 00 00 00 00 00 00 00 00 00 00 00  ................ [zeros]
00004130:  00 00 00 00 00 00 00 00 00 00 00 00 00 00 00 00  ................ [zeros]
00004140:  00 00 00 00 00 00 00 00 00 00 00 00 00 00 00 00  ................ [zeros]
00004150:  00 00 00 00 00 00 00 00 00 00 00 00 00 00 00 00  ................ [zeros]
00004160:  00 00 00 00 00 00 D2 F0 52 3E 85 2A 25 2F 38 8A  ........R>.*%/8.
00004170:  B7 99 16 E6 0A EE 1C 9C 3B 95 B4 6A 8A 05 78 8F  ........;..j..x.
00004180:  C5 FC 59 A3 32 D1 0F C6 EF E2 C9 42 AF 11 32 E9  ..Y.2......B..2.
00004190:  9F 88 4F 24 83 62 F2 52 DB B9 36 3E F7 05 38 5C  ..O$.b.R..6>..8\
000041A0:  80 2C 01 8B 43 F5 77 93 E7 78 8D 48 92 2E 05 9B  .,..C.w..x.H....
000041B0:  D6 91 77 2D ED F4 19 4F 3E 5C CE 20 CD 9F 95 8A  ..w-...O>\. ....
000041C0:  B7 DA DA 4C F7 8D 00 00 00 00 00 00 00 00 00 00  ...L............
000041D0:  00 00 00 00 00 00 70 61 9F 7E 90 62 F3 1F 0F 8D  ......pa.~.b....
000041E0:  10 C3 1E 96 E2 93 94 07 2F 26 2A CA AE 0E 3B 11  ......../&*...;.
000041F0:  08 E4 11 B8 4D 34 16 BF E2 82 E5 49 5C EC F9 40  ....M4.....I\..@
00004200:  71 56 4D 5C BF B2 29 BF 41 51 54 27 C2 79 82 48  qVM\..).AQT'.y.H
00004210:  3C 28 58 55 21 C6 78 49 9A BE A0 75 2D 19 19 EE  <(XU!.xI...u-...
00004220:  75 49 BA 81 5C 93 7D 9C 0A 33 48 F3 E6 7F 49 22  uI..\.}..3H...I"
00004230:  3A 54 38 10 F0 65 1E 98 FE 22 29 F9 D4 76 17 21  :T8..e...")..v.!
00004240:  CA C8 AA 52 91 62 A1 3B 8B D5 44 FE 14 48 F5 39  ...R.b.;..D..H.9
00004250:  FA FB A8 73 3A 1C 52 01 44 D4 7C 52 B5 55 33 E7  ...s:.R.D.|R.U3.
00004260:  D0 28 2E EB 77 62 5A 2A 3D BB 13 18 EB 9F A9 71  .(..wbZ*=......q
00004270:  A3 28 1C 7D 12 21 00 00 00 00 00 00 00 00 00 00  .(.}.!..........
00004280:  00 00 00 00 00 00 00 00 00 00 00 00 00 00 00 00  ................ [zeros]
00004290:  00 00 00 00 00 00 00 00 00 00 00 00 00 00 00 00  ................ [zeros]
000042A0:  00 00 00 00 00 00 00 00 00 00 00 00 00 00 00 00  ................ [zeros]
000042B0:  00 00 00 00 00 00 00 00 00 00 00 00 00 00 00 00  ................ [zeros]
000042C0:  00 00 00 00 00 00 00 00 00 00 00 00 00 00 00 00  ................ [zeros]
000042D0:  00 00 00 00 00 00 00 00 00 00 00 00 00 00 00 00  ................ [zeros]
000042E0:  00 00 00 00 00 00 00 00 00 00 00 00 00 00 00 00  ................ [zeros]
000042F0:  00 00 00 00 00 00 00 00 00 00 00 00 00 00 00 00  ................ [zeros]
00004300:  00 00 00 00 00 00 00 00 00 00 00 00 00 00 00 00  ................ [zeros]
00004310:  00 00 00 00 00 00 00 00 00 00 00 00 00 00 00 00  ................ [zeros]
00004320:  00 00 00 00 00 00 28 51 0A B8 02 CA 4A 4D 17 EB  ......(Q....JM..
00004330:  19 C0 DF D0 56 74 B8 0C BF 58 FA 57 D0 EC FB 52  ....Vt...X.W...R
00004340:  8A CB DC E2 66 CF A8 6C DC 60 DC 5B 5E F0 E8 16  ....f..l.`.[^...
00004350:  A7 32 B4 0C 7A 83 2C 2A 12 B1 24 64 03 77 5A E3  .2..z.,*..$d.wZ.
00004360:  50 E6 6E 14 FB 2E C7 C5 F3 34 3A E6 2B 19 70 37  P.n......4:.+.p7
00004370:  37 F2 4E EE 32 4F 00 00 00 00 00 00 00 00 00 00  7.N.2O..........
00004380:  00 00 00 00 00 00 00 00 00 00 00 00 00 00 00 00  ................ [zeros]
00004390:  00 00 00 00 00 00 00 00 00 00 00 00 00 00 00 00  ................ [zeros]
000043A0:  00 00 00 00 00 00 00 00 00 00 00 00 00 00 00 00  ................ [zeros]
000043B0:  00 00 00 00 00 00 00 00 00 00 00 00 00 00 00 00  ................ [zeros]
000043C0:  00 00 00 00 00 00 00 00 00 00 00 00 00 00 00 00  ................ [zeros]
000043D0:  00 00 00 00 00 00 00 00 00 00 00 00 00 00 00 00  ................ [zeros]
000043E0:  00 00 00 00 00 00 00 00 00 00 00 00 00 00 00 00  ................ [zeros]
000043F0:  00 00 00 00 00 00 00 00 00 00 00 00 00 00 00 00  ................ [zeros]
00004400:  00 00 00 00 00 00 00 00 00 00 00 00 00 00 00 00  ................ [zeros]
00004410:  00 00 00 00 00 00 00 00 00 00 00 00 00 00 00 00  ................ [zeros]
00004420:  00 00 00 00 00 00 00 00 00 00 00 00 00 00 00 00  ................ [zeros]
00004430:  00 00 00 00 00 00 00 00 00 00 00 00 00 00 00 00  ................ [zeros]
00004440:  00 00 00 00 00 00 00 00 00 00 00 00 00 00 00 00  ................ [zeros]
00004450:  00 00 00 00 00 00 00 00 00 00 00 00 00 00 00 00  ................ [zeros]
00004460:  00 00 00 00 00 00 00 00 00 00 00 00 00 00 00 00  ................ [zeros]
00004470:  00 00 00 00 00 00 00 00 00 00 00 00 00 00 00 00  ................ [zeros]
00004480:  00 00 00 00 00 00 00 00 00 00 00 00 00 00 00 00  ................ [zeros]
00004490:  00 00 00 00 00 00 00 00 00 00 00 00 00 00 00 00  ................ [zeros]
000044A0:  00 00 00 00 00 00 00 00 00 00 00 00 00 00 00 00  ................ [zeros]
000044B0:  00 00 00 00 00 00 00 00 00 00 00 00 00 00 00 00  ................ [zeros]
000044C0:  00 00 00 00 00 00 00 00 00 00 00 00 00 00 00 00  ................ [zeros]
000044D0:  00 00 00 00 00 00 28 67 05 60 22 19 D9 11 57 29  ......(g.`"...W)
000044E0:  23 CF 7A 76 60 49 4B 86 AF F6 D2 4E A0 DE 91 29  #.zv`IK....N...)
000044F0:  3F 14 CF 59 CB A6 C7 C5 F3 34 3A E6 2B 19 70 37  ?..Y.....4:.+.p7
00004500:  37 F2 4E EE 32 4F 00 00 00 00 00 00 00 00 00 00  7.N.2O..........
00004510:  00 00 00 00 00 00 00 00 00 00 00 00 00 00 00 00  ................ [zeros]
00004520:  00 00 00 00 00 00 00 00 00 00 00 00 00 00 00 00  ................ [zeros]
00004530:  00 00 00 00 00 00 00 00 00 00 00 00 00 00 00 00  ................ [zeros]
00004540:  00 00 00 00 00 00 00 00 00 00 00 00 00 00 00 00  ................ [zeros]
00004550:  00 00 00 00 00 00 00 00 00 00 00 00 00 00 00 00  ................ [zeros]
00004560:  00 00 00 00 00 00 00 00 00 00 00 00 00 00 00 00  ................ [zeros]
00004570:  00 00 00 00 00 00 00 00 00 00 00 00 00 00 00 00  ................ [zeros]
00004580:  00 00 00 00 00 00 00 00 00 00 00 00 00 00 00 00  ................ [zeros]
00004590:  00 00 00 00 00 00 00 00 00 00 00 00 00 00 00 00  ................ [zeros]
000045A0:  00 00 00 00 00 00 00 00 00 00 00 00 00 00 00 00  ................ [zeros]
000045B0:  00 00 00 00 00 00 00 00 00 00 00 00 00 00 00 00  ................ [zeros]
000045C0:  00 00 00 00 00 00 00 00 00 00 00 00 00 00 00 00  ................ [zeros]
000045D0:  00 00 00 00 00 00 00 00 00 00 00 00 00 00 00 00  ................ [zeros]
000045E0:  00 00 00 00 00 00 00 00 00 00 00 00 00 00 00 00  ................ [zeros]
000045F0:  00 00 00 00 00 00 00 00 00 00 00 00 00 00 00 00  ................ [zeros]
00004600:  00 00 00 00 00 00 A9 0B C7 E5 29 11 52 BE B4 02  ..........).R...
00004610:  D5 38 75 25 A0 ED 10 32 C9 CA 07 05 1B 2F 9E D9  .8u%...2...../..
00004620:  75 2E 66 3A 7F 38 E0 B5 F6 77 68 68 03 37 C8 49  u.f:.8...whh.7.I
00004630:  EA 2C DC 54 83 6C D2 6E 15 87 B3 96 BE 31 96 B6  .,.T.l.n.....1..
00004640:  5F C9 26 07 B9 71 81 07 00 A5 9C 98 7C AE 83 51  _.&..q......|..Q
00004650:  F3 3A 3D B8 F5 5D 00 00 00 00 00 00 00 00 00 00  .:=..]..........
00004660:  00 00 00 00 00 00 6B 98 5E 21 C1 35 7C B4 2F 10  ......k.^!.5|./.
00004670:  8B 76 38 FA 5F C9 C3 2C AC EE 6F 8A 6B BD 37 DF  .v8._..,..o.k.7.
00004680:  E4 C9 C0 A5 78 F2 A1 47 C5 D6 87 3F B7 7F C6 34  ....x..G...?...4
00004690:  F2 D6 56 D2 A7 4B D2 6E 15 87 B3 96 BE 31 96 B6  ..V..K.n.....1..
000046A0:  5F C9 26 07 B9 71 49 9A E7 C2 BC 0A B6 CA 40 47  _.&..qI.......@G
000046B0:  E3 09 0C 7F 77 12 89 CB 05 89 E6 F6 97 47 3E DA  ....w........G>.
000046C0:  C0 45 C5 39 6B FC 39 2C 6F 7E 8D 19 7D 1E 71 1D  .E.9k.9,o~..}.q.
000046D0:  E1 82 66 70 1F 6D 00 00 00 00 00 00 00 00 00 00  ..fp.m..........
000046E0:  00 00 00 00 00 00 00 00 00 00 00 00 00 00 00 00  ................ [zeros]
000046F0:  00 00 00 00 00 00 00 00 00 00 00 00 00 00 00 00  ................ [zeros]
00004700:  00 00 00 00 00 00 00 00 00 00 00 00 00 00 00 00  ................ [zeros]
00004710:  00 00 00 00 00 00 00 00 00 00 00 00 00 00 00 00  ................ [zeros]
00004720:  00 00 00 00 00 00 00 00 00 00 00 00 00 00 00 00  ................ [zeros]
00004730:  00 00 00 00 00 00 00 00 00 00 00 00 00 00 00 00  ................ [zeros]
00004740:  00 00 00 00 00 00 00 00 00 00 00 00 00 00 00 00  ................ [zeros]
00004750:  00 00 00 00 00 00 00 00 00 00 00 00 00 00 00 00  ................ [zeros]
00004760:  00 00 00 00 00 00 00 00 00 00 00 00 00 00 00 00  ................ [zeros]
00004770:  00 00 00 00 00 00 00 00 00 00 00 00 00 00 00 00  ................ [zeros]
00004780:  00 00 00 00 00 00 00 00 00 00 00 00 00 00 00 00  ................ [zeros]
00004790:  00 00 00 00 00 00 00 00 00 00 00 00 00 00 00 00  ................ [zeros]
000047A0:  00 00 00 00 00 00 00 00 00 00 00 00 00 00 00 00  ................ [zeros]
000047B0:  00 00 00 00 00 00 00 00 00 00 00 00 00 00 00 00  ................ [zeros]
000047C0:  00 00 00 00 00 00 00 00 00 00 00 00 00 00 00 00  ................ [zeros]
000047D0:  00 00 00 00 00 00 00 00 00 00 00 00 00 00 00 00  ................ [zeros]
000047E0:  00 00 00 00 00 00 00 00 00 00 00 00 00 00 00 00  ................ [zeros]
000047F0:  00 00 00 00 00 00 00 00 00 00 00 00 00 00 00 00  ................ [zeros]
00004800:  00 00 00 00 00 00 00 00 00 00 00 00 00 00 00 00  ................ [zeros]
00004810:  00 00 00 00 00 00 00 00 00 00 00 00 00 00 00 00  ................ [zeros]
00004820:  00 00 00 00 00 00 00 00 00 00 00 00 00 00 00 00  ................ [zeros]
00004830:  00 00 00 00 00 00 00 00 00 00 00 00 00 00 00 00  ................ [zeros]
00004840:  00 00 00 00 00 00 00 00 00 00 00 00 00 00 00 00  ................ [zeros]
00004850:  00 00 00 00 00 00 00 00 00 00 00 00 00 00 00 00  ................ [zeros]
00004860:  00 00 00 00 00 00 00 00 00 00 00 00 00 00 00 00  ................ [zeros]
00004870:  00 00 00 00 00 00 00 00 00 00 00 00 00 00 00 00  ................ [zeros]
00004880:  00 00 00 00 00 00 00 00 00 00 00 00 00 00 00 00  ................ [zeros]
00004890:  00 00 00 00 00 00 00 00 00 00 00 00 00 00 00 00  ................ [zeros]
000048A0:  00 00 00 00 00 00 00 00 00 00 00 00 00 00 00 00  ................ [zeros]
000048B0:  00 00 00 00 00 00 00 00 00 00 00 00 00 00 00 00  ................ [zeros]
000048C0:  00 00 00 00 00 00 00 00 00 00 00 00 00 00 00 00  ................ [zeros]
000048D0:  00 00 00 00 00 00 00 00 00 00 00 00 00 00 00 00  ................ [zeros]
000048E0:  00 00 00 00 00 00 00 00 00 00 00 00 00 00 00 00  ................ [zeros]
000048F0:  00 00 00 00 00 00 00 00 00 00 00 00 00 00 00 00  ................ [zeros]
00004900:  00 00 00 00 00 00 00 00 00 00 00 00 00 00 00 00  ................ [zeros]
00004910:  00 00 00 00 00 00 00 00 00 00 00 00 00 00 00 00  ................ [zeros]
00004920:  00 00 00 00 00 00 00 00 00 00 00 00 00 00 00 00  ................ [zeros]
00004930:  00 00 00 00 00 00 00 00 00 00 00 00 00 00 00 00  ................ [zeros]
00004940:  00 00 00 00 00 00 00 00 00 00 00 00 00 00 00 00  ................ [zeros]
00004950:  00 00 00 00 00 00 00 00 00 00 00 00 00 00 00 00  ................ [zeros]
00004960:  00 00 00 00 00 00 00 00 00 00 00 00 00 00 00 00  ................ [zeros]
00004970:  00 00 00 00 00 00 00 00 00 00 00 00 00 00 00 00  ................ [zeros]
00004980:  00 00 00 00 00 00 00 00 00 00 00 00 00 00 00 00  ................ [zeros]
00004990:  00 00 00 00 00 00 00 00 00 00 00 00 00 00 00 00  ................ [zeros]
000049A0:  00 00 00 00 00 00 00 00 00 00 00 00 00 00 00 00  ................ [zeros]
000049B0:  00 00 00 00 00 00 00 00 00 00 00 00 00 00 00 00  ................ [zeros]
000049C0:  00 00 00 00 00 00 00 00 00 00 00 00 00 00 00 00  ................ [zeros]
000049D0:  00 00 00 00 00 00 00 00 00 00 00 00 00 00 00 00  ................ [zeros]
000049E0:  00 00 00 00 00 00 00 00 00 00 00 00 00 00 00 00  ................ [zeros]
000049F0:  00 00 00 00 00 00 00 00 00 00 00 00 00 00 00 00  ................ [zeros]
00004A00:  00 00 00 00 00 00 00 00 00 00 00 00 00 00 00 00  ................ [zeros]
00004A10:  00 00 00 00 00 00 00 00 00 00 00 00 00 00 00 00  ................ [zeros]
00004A20:  00 00 00 00 00 00 00 00 00 00 00 00 00 00 00 00  ................ [zeros]
00004A30:  00 00 00 00 00 00 00 00 00 00 00 00 00 00 00 00  ................ [zeros]
00004A40:  00 00 00 00 00 00 00 00 00 00 00 00 00 00 00 00  ................ [zeros]
00004A50:  00 00 00 00 00 00 00 00 00 00 00 00 00 00 00 00  ................ [zeros]
00004A60:  00 00 00 00 00 00 00 00 00 00 00 00 00 00 00 00  ................ [zeros]
00004A70:  00 00 00 00 00 00 00 00 00 00 00 00 00 00 00 00  ................ [zeros]
00004A80:  00 00 00 00 00 00 00 00 00 00 00 00 00 00 00 00  ................ [zeros]
00004A90:  00 00 00 00 00 00 00 00 00 00 00 00 00 00 00 00  ................ [zeros]
00004AA0:  00 00 00 00 00 00 00 00 00 00 00 00 00 00 00 00  ................ [zeros]
00004AB0:  00 00 00 00 00 00 00 00 00 00 00 00 00 00 00 00  ................ [zeros]
00004AC0:  00 00 00 00 00 00 00 00 00 00 00 00 00 00 00 00  ................ [zeros]
00004AD0:  00 00 00 00 00 00 00 00 00 00 00 00 00 00 00 00  ................ [zeros]
00004AE0:  00 00 00 00 00 00 00 00 00 00 00 00 00 00 00 00  ................ [zeros]
00004AF0:  00 00 00 00 00 00 00 00 00 00 00 00 00 00 00 00  ................ [zeros]
00004B00:  00 00 00 00 00 00 00 00 00 00 00 00 00 00 00 00  ................ [zeros]
00004B10:  00 00 00 00 00 00 00 00 00 00 00 00 00 00 00 00  ................ [zeros]
00004B20:  00 00 00 00 00 00 00 00 00 00 00 00 00 00 00 00  ................ [zeros]
00004B30:  00 00 00 00 00 00 00 00 00 00 00 00 00 00 00 00  ................ [zeros]
00004B40:  00 00 00 00 00 00 00 00 00 00 00 00 00 00 00 00  ................ [zeros]
00004B50:  00 00 00 00 00 00 00 00 00 00 00 00 00 00 00 00  ................ [zeros]
00004B60:  00 00 00 00 00 00 00 00 00 00 00 00 00 00 00 00  ................ [zeros]
00004B70:  00 00 00 00 00 00 00 00 00 00 00 00 00 00 00 00  ................ [zeros]
00004B80:  00 00 00 00 00 00 00 00 00 00 00 00 00 00 00 00  ................ [zeros]
00004B90:  00 00 00 00 00 00 00 00 00 00 00 00 00 00 00 00  ................ [zeros]
00004BA0:  00 00 00 00 00 00 00 00 00 00 00 00 00 00 00 00  ................ [zeros]
00004BB0:  00 00 00 00 00 00 00 00 00 00 00 00 00 00 00 00  ................ [zeros]
00004BC0:  00 00 00 00 00 00 00 00 00 00 00 00 00 00 00 00  ................ [zeros]
00004BD0:  00 00 00 00 00 00 00 00 00 00 00 00 00 00 00 00  ................ [zeros]
00004BE0:  00 00 00 00 00 00 00 00 00 00 00 00 00 00 00 00  ................ [zeros]
00004BF0:  00 00 00 00 00 00 00 00 00 00 00 00 00 00 00 00  ................ [zeros]
00004C00:  00 00 00 00 00 00 00 00 00 00 00 00 00 00 00 00  ................ [zeros]
00004C10:  00 00 00 00 00 00 00 00 00 00 00 00 00 00 00 00  ................ [zeros]
00004C20:  00 00 00 00 00 00 00 00 00 00 00 00 00 00 00 00  ................ [zeros]
00004C30:  00 00 00 00 00 00 00 00 00 00 00 00 00 00 00 00  ................ [zeros]
00004C40:  00 00 00 00 00 00 00 00 00 00 00 00 00 00 00 00  ................ [zeros]
00004C50:  00 00 00 00 00 00 00 00 00 00 00 00 00 00 00 00  ................ [zeros]
00004C60:  00 00 00 00 00 00 00 00 00 00 00 00 00 00 00 00  ................ [zeros]
00004C70:  00 00 00 00 00 00 00 00 00 00 00 00 00 00 00 00  ................ [zeros]
00004C80:  00 00 00 00 00 00 00 00 00 00 00 00 00 00 00 00  ................ [zeros]
00004C90:  00 00 00 00 00 00 00 00 00 00 00 00 00 00 00 00  ................ [zeros]
00004CA0:  00 00 00 00 00 00 00 00 00 00 00 00 00 00 00 00  ................ [zeros]
00004CB0:  00 00 00 00 00 00 00 00 00 00 00 00 00 00 00 00  ................ [zeros]
00004CC0:  00 00 00 00 00 00 00 00 00 00 00 00 00 00 00 00  ................ [zeros]
00004CD0:  00 00 00 00 00 00 65 5C 8F D8 94 E9 C1 92 82 08  ......e\........
00004CE0:  A2 19 0E D1 03 A4 30 CB A8 76 4A 9B 0C 94 85 99  ......0..vJ.....
00004CF0:  E5 29 EB CE 15 2A 42 78 7E 0F 80 1B F7 BF E2 12  .)...*Bx~.......
00004D00:  A6 68 72 EC C2 31 31 95 4A E6 E1 C6 ED 99 0D 0A  .hr..11.J.......
00004D10:  69 D6 90 95 C0 D6 31 95 4A E6 E1 C6 ED 99 0D 0A  i.....1.J.......
00004D20:  69 D6 90 95 C0 D6 31 95 4A E6 E1 C6 ED 99 0D 0A  i.....1.J.......
00004D30:  69 D6 90 95 C0 D6 31 95 4A E6 E1 C6 ED 99 0D 0A  i.....1.J.......
00004D40:  69 D6 90 95 C0 D6 31 95 4A E6 E1 C6 ED 99 0D 0A  i.....1.J.......
00004D50:  69 D6 90 95 C0 D6 31 95 4A E6 E1 C6 ED 99 0D 0A  i.....1.J.......
00004D60:  69 D6 90 95 C0 D6 31 95 4A E6 E1 C6 ED 99 0D 0A  i.....1.J.......
00004D70:  69 D6 90 95 C0 D6 31 95 4A E6 E1 C6 ED 99 0D 0A  i.....1.J.......
00004D80:  69 D6 90 95 C0 D6 31 95 4A E6 E1 C6 ED 99 0D 0A  i.....1.J.......
00004D90:  69 D6 90 95 C0 D6 31 95 4A E6 E1 C6 ED 99 0D 0A  i.....1.J.......
00004DA0:  69 D6 90 95 C0 D6 31 95 4A E6 E1 C6 ED 99 0D 0A  i.....1.J.......
00004DB0:  69 D6 90 95 C0 D6 31 95 4A E6 E1 C6 ED 99 0D 0A  i.....1.J.......
00004DC0:  69 D6 90 95 C0 D6 31 95 4A E6 E1 C6 ED 99 0D 0A  i.....1.J.......
00004DD0:  69 D6 90 95 C0 D6 31 95 4A E6 E1 C6 ED 99 0D 0A  i.....1.J.......
00004DE0:  69 D6 90 95 C0 D6 D8 43 94 1E 84 EA 11 BE 27 DC  i......C......'.
00004DF0:  C1 E7 ED 34 06 A7 C7 F6 AA A7 EB 2A 39 C5 7A 60  ...4.......*9.z`
00004E00:  3E 65 D3 AC 05 E9 00 00 00 00 00 00 00 00 00 00  >e..............
00004E10:  00 00 00 00 00 00 00 00 00 00 00 00 00 00 00 00  ................ [zeros]
00004E20:  00 00 00 00 00 00 00 00 00 00 00 00 00 00 00 00  ................ [zeros]
00004E30:  00 00 00 00 00 00 00 00 00 00 00 00 00 00 00 00  ................ [zeros]
00004E40:  00 00 00 00 00 00 00 00 00 00 00 00 00 00 00 00  ................ [zeros]
00004E50:  00 00 00 00 00 00 00 00 00 00 00 00 00 00 00 00  ................ [zeros]
00004E60:  00 00 00 00 00 00 00 00 00 00 00 00 00 00 00 00  ................ [zeros]
00004E70:  00 00 00 00 00 00 00 00 00 00 00 00 00 00 00 00  ................ [zeros]
00004E80:  00 00 00 00 00 00 00 00 00 00 00 00 00 00 00 00  ................ [zeros]
00004E90:  00 00 00 00 00 00 00 00 00 00 00 00 00 00 00 00  ................ [zeros]
00004EA0:  00 00 00 00 00 00 00 00 00 00 00 00 00 00 00 00  ................ [zeros]
00004EB0:  00 00 00 00 00 00 00 00 00 00 00 00 00 00 00 00  ................ [zeros]
00004EC0:  00 00 00 00 00 00 00 00 00 00 00 00 00 00 00 00  ................ [zeros]
00004ED0:  00 00 00 00 00 00 00 00 00 00 00 00 00 00 00 00  ................ [zeros]
00004EE0:  00 00 00 00 00 00 00 00 00 00 00 00 00 00 00 00  ................ [zeros]
00004EF0:  00 00 00 00 00 00 00 00 00 00 00 00 00 00 00 00  ................ [zeros]
00004F00:  00 00 00 00 00 00 DF 8D 41 22 EB CD F8 5A 16 30  ........A"...Z.0
00004F10:  D9 79 DD AE 15 C2 31 95 4A E6 E1 C6 ED 99 0D 0A  .y....1.J.......
00004F20:  69 D6 90 95 C0 D6 31 95 4A E6 E1 C6 ED 99 0D 0A  i.....1.J.......
00004F30:  69 D6 90 95 C0 D6 31 95 4A E6 E1 C6 ED 99 0D 0A  i.....1.J.......
00004F40:  69 D6 90 95 C0 D6 31 95 4A E6 E1 C6 ED 99 0D 0A  i.....1.J.......
00004F50:  69 D6 90 95 C0 D6 31 95 4A E6 E1 C6 ED 99 0D 0A  i.....1.J.......
00004F60:  69 D6 90 95 C0 D6 31 95 4A E6 E1 C6 ED 99 0D 0A  i.....1.J.......
00004F70:  69 D6 90 95 C0 D6 31 95 4A E6 E1 C6 ED 99 0D 0A  i.....1.J.......
00004F80:  69 D6 90 95 C0 D6 31 95 4A E6 E1 C6 ED 99 0D 0A  i.....1.J.......
00004F90:  69 D6 90 95 C0 D6 31 95 4A E6 E1 C6 ED 99 0D 0A  i.....1.J.......
00004FA0:  69 D6 90 95 C0 D6 31 95 4A E6 E1 C6 ED 99 0D 0A  i.....1.J.......
00004FB0:  69 D6 90 95 C0 D6 31 95 4A E6 E1 C6 ED 99 0D 0A  i.....1.J.......
00004FC0:  69 D6 90 95 C0 D6 31 95 4A E6 E1 C6 ED 99 0D 0A  i.....1.J.......
00004FD0:  69 D6 90 95 C0 D6 31 95 4A E6 E1 C6 ED 99 0D 0A  i.....1.J.......
00004FE0:  69 D6 90 95 C0 D6 31 95 4A E6 E1 C6 ED 99 0D 0A  i.....1.J.......
00004FF0:  69 D6 90 95 C0 D6 31 95 4A E6 E1 C6 ED 99 0D 0A  i.....1.J.......
00005000:  69 D6 90 95 C0 D6 4D B2 E0 56 9E D1 8E 6A DC 59  i.....M..V...j.Y
00005010:  8D 94 A9 26 45 15 31 95 4A E6 E1 C6 ED 99 0D 0A  ...&E.1.J.......
00005020:  69 D6 90 95 C0 D6 31 95 4A E6 E1 C6 ED 99 0D 0A  i.....1.J.......
00005030:  69 D6 90 95 C0 D6 31 95 4A E6 E1 C6 ED 99 0D 0A  i.....1.J.......
00005040:  69 D6 90 95 C0 D6 31 95 4A E6 E1 C6 ED 99 0D 0A  i.....1.J.......
00005050:  69 D6 90 95 C0 D6 31 95 4A E6 E1 C6 ED 99 0D 0A  i.....1.J.......
00005060:  69 D6 90 95 C0 D6 31 95 4A E6 E1 C6 ED 99 0D 0A  i.....1.J.......
00005070:  69 D6 90 95 C0 D6 31 95 4A E6 E1 C6 ED 99 0D 0A  i.....1.J.......
00005080:  69 D6 90 95 C0 D6 31 95 4A E6 E1 C6 ED 99 0D 0A  i.....1.J.......
00005090:  69 D6 90 95 C0 D6 31 95 4A E6 E1 C6 ED 99 0D 0A  i.....1.J.......
000050A0:  69 D6 90 95 C0 D6 31 95 4A E6 E1 C6 ED 99 0D 0A  i.....1.J.......
000050B0:  69 D6 90 95 C0 D6 31 95 4A E6 E1 C6 ED 99 0D 0A  i.....1.J.......
000050C0:  69 D6 90 95 C0 D6 31 95 4A E6 E1 C6 ED 99 0D 0A  i.....1.J.......
000050D0:  69 D6 90 95 C0 D6 31 95 4A E6 E1 C6 ED 99 0D 0A  i.....1.J.......
000050E0:  69 D6 90 95 C0 D6 31 95 4A E6 E1 C6 ED 99 0D 0A  i.....1.J.......
000050F0:  69 D6 90 95 C0 D6 31 95 4A E6 E1 C6 ED 99 0D 0A  i.....1.J.......
00005100:  69 D6 90 95 C0 D6 1D 6C A7 12 75 79 6C C1 8B 8F  i......l..uyl...
00005110:  AF 45 FE 83 2F 70 00 00 00 00 00 00 00 00 00 00  .E../p..........
00005120:  00 00 00 00 00 00 00 00 00 00 00 00 00 00 00 00  ................ [zeros]
00005130:  00 00 00 00 00 00 00 00 00 00 00 00 00 00 00 00  ................ [zeros]
00005140:  00 00 00 00 00 00 00 00 00 00 00 00 00 00 00 00  ................ [zeros]
00005150:  00 00 00 00 00 00 D7 0C 71 38 71 11 A3 93 22 71  ........q8q..."q
00005160:  01 22 25 C9 6C B2 45 32 24 C6 C6 BA 57 62 D7 48  ."%.l.E2$...Wb.H
00005170:  E0 47 97 6E 8F DD EB 02 1E 62 64 F3 33 8E 02 9A  .G.n.....bd.3...
00005180:  2A F2 B7 95 ED 54 8A 88 E8 3B E7 96 8F D5 A1 55  *....T...;.....U
00005190:  CE 42 1F EA EA C9 58 78 FC 4D 3B 14 52 0A 2C 7F  .B....Xx.M;.R.,.
000051A0:  2E BB 54 28 76 EA 98 D7 6F E2 BE B7 A9 27 FA FA  ..T(v...o....'..
000051B0:  7E E4 F1 3E 82 27 8E 6C 38 6E BC B0 DF E2 79 AE  ~..>.'.l8n....y.
000051C0:  9E 29 33 41 FB EF 7F 26 99 9C 05 06 57 44 5E 96  .)3A...&....WD^.
000051D0:  80 AC 05 31 DA 4C CC D9 C8 D9 68 17 25 80 06 85  ...1.L....h.%...
000051E0:  D6 A7 09 AE 25 9C 00 00 00 00 00 00 00 00 00 00  ....%...........
000051F0:  00 00 00 00 00 00 00 00 00 00 00 00 00 00 00 00  ................ [zeros]
00005200:  00 00 00 00 00 00 00 00 00 00 00 00 00 00 00 00  ................ [zeros]
00005210:  00 00 00 00 00 00 00 00 00 00 00 00 00 00 00 00  ................ [zeros]
00005220:  00 00 00 00 00 00 00 00 00 00 00 00 00 00 00 00  ................ [zeros]
00005230:  00 00 00 00 00 00 00 00 00 00 00 00 00 00 00 00  ................ [zeros]
00005240:  00 00 00 00 00 00 00 00 00 00 00 00 00 00 00 00  ................ [zeros]
00005250:  00 00 00 00 00 00 00 00 00 00 00 00 00 00 00 00  ................ [zeros]
00005260:  00 00 00 00 00 00 00 00 00 00 00 00 00 00 00 00  ................ [zeros]
00005270:  00 00 00 00 00 00 00 00 00 00 00 00 00 00 00 00  ................ [zeros]
00005280:  00 00 00 00 00 00 00 00 00 00 00 00 00 00 00 00  ................ [zeros]
00005290:  00 00 00 00 00 00 28 51 0A B8 02 CA 4A 4D 17 EB  ......(Q....JM..
000052A0:  19 C0 DF D0 56 74 00 00 00 00 00 00 00 00 00 00  ....Vt..........
000052B0:  00 00 00 00 00 00 4A EB 6F E5 B8 85 C8 93 BC 73  ......J.o......s
000052C0:  9C FD 17 03 5F 54 4D 54 79 6F 6F BC B7 1B D5 23  ...._TMTyoo....#
000052D0:  12 21 38 F0 B6 2C 20 95 8B 3C A5 8E 20 8E 95 3A  .!8.., ..<.. ..:
000052E0:  8A 95 B8 A1 56 C1 11 EB 41 A8 DA 23 BD 17 BD 74  ....V...A..#...t
000052F0:  48 7A F0 DB 95 66 69 25 9B 6F C3 B9 BA 48 B8 F3  Hz...fi%.o...H..
00005300:  09 A8 B9 C1 ED 31 3D 0D 75 C0 1F 64 EE B7 43 0F  .....1=.u..d..C.
00005310:  59 A0 06 93 5F 8B 05 EF 0C 4A E2 B4 62 98 94 CC  Y..._....J..b...
00005320:  68 72 53 EC AC CD A2 96 10 E5 5E A9 B5 7B 21 46  hrS.......^..{!F
00005330:  32 71 2A 21 53 16 00 00 00 00 00 00 00 00 00 00  2q*!S...........
00005340:  00 00 00 00 00 00 00 00 00 00 00 00 00 00 00 00  ................ [zeros]
00005350:  00 00 00 00 00 00 17 D2 DD 11 7F 08 2A FE 6C C0  ............*.l.
00005360:  18 C4 2C 88 CA A0 B0 9F 3C 20 F4 23 C0 44 50 16  ..,.....< .#.DP.
00005370:  7B 40 40 8F 73 C5 8C BA CD 07 17 12 47 65 95 6C  {@@.s.......Ge.l
00005380:  18 43 7B ED 1C 79 96 71 31 2C 9D 6A 66 D4 7C D1  .C{..y.q1,.jf.|.
00005390:  B3 7D 36 1A 68 3B F4 52 7B 50 EB 53 67 E8 65 AF  .}6.h;.R{P.Sg.e.
000053A0:  D5 56 7F A4 4B 7D 0E 30 06 4E C9 65 B9 D7 35 91  .V..K}.0.N.e..5.
000053B0:  8C A4 FE 1C DD DD 6C A6 85 DF B1 4D 87 56 DA 95  ......l....M.V..
000053C0:  27 43 87 C0 81 1B 00 00 00 00 00 00 00 00 00 00  'C..............
000053D0:  00 00 00 00 00 00 55 D5 A3 01 20 1E 2A 8B 34 7D  ......U... .*.4}
000053E0:  25 86 89 79 37 88 A2 B9 43 62 27 19 7E 61 21 40  %..y7...Cb'.~a!@
000053F0:  58 7A 2C BC D6 43 DA 78 9A 1D 6F 57 B0 99 7E 41  Xz,..C.x..oW..~A
00005400:  62 1F 58 6E 96 0A 8C BA CD 07 17 12 47 65 95 6C  b.Xn........Ge.l
00005410:  18 43 7B ED 1C 79 00 00 00 00 00 00 00 00 00 00  .C{..y..........
00005420:  00 00 00 00 00 00 00 00 00 00 00 00 00 00 00 00  ................ [zeros]
00005430:  00 00 00 00 00 00 00 00 00 00 00 00 00 00 00 00  ................ [zeros]
00005440:  00 00 00 00 00 00 00 00 00 00 00 00 00 00 00 00  ................ [zeros]
00005450:  00 00 00 00 00 00 00 00 00 00 00 00 00 00 00 00  ................ [zeros]
00005460:  00 00 00 00 00 00 00 00 00 00 00 00 00 00 00 00  ................ [zeros]
00005470:  00 00 00 00 00 00 00 00 00 00 00 00 00 00 00 00  ................ [zeros]
00005480:  00 00 00 00 00 00 00 00 00 00 00 00 00 00 00 00  ................ [zeros]
00005490:  00 00 00 00 00 00 00 00 00 00 00 00 00 00 00 00  ................ [zeros]
000054A0:  00 00 00 00 00 00 00 00 00 00 00 00 00 00 00 00  ................ [zeros]
000054B0:  00 00 00 00 00 00 00 00 00 00 00 00 00 00 00 00  ................ [zeros]
000054C0:  00 00 00 00 00 00 00 00 00 00 00 00 00 00 00 00  ................ [zeros]
000054D0:  00 00 00 00 00 00 00 00 00 00 00 00 00 00 00 00  ................ [zeros]
000054E0:  00 00 00 00 00 00 27 91 68 3B E8 58 6E D4 B8 A7  ......'.h;.Xn...
000054F0:  07 C3 48 67 E6 5F BE 20 DF 1F 49 24 51 A2 59 00  ..Hg._. ..I$Q.Y.
00005500:  C6 30 C3 DE 63 A7 A8 C9 EE 78 FE 35 C1 55 BE BE  .0..c....x.5.U..
00005510:  0D 89 03 B7 57 81 27 91 68 3B E8 58 6E D4 B8 A7  ....W.'.h;.Xn...
00005520:  07 C3 48 67 E6 5F BE 20 DF 1F 49 24 51 A2 59 00  ..Hg._. ..I$Q.Y.
00005530:  C6 30 C3 DE 63 A7 A8 C9 EE 78 FE 35 C1 55 BE BE  .0..c....x.5.U..
00005540:  0D 89 03 B7 57 81 27 91 68 3B E8 58 6E D4 B8 A7  ....W.'.h;.Xn...
00005550:  07 C3 48 67 E6 5F EA 32 06 77 7B DA 21 82 E2 CB  ..Hg._.2.w{.!...
00005560:  30 03 0B 59 70 F2 49 2A F2 00 FD 5B 30 7F 8C F6  0..Yp.I*...[0...
00005570:  60 03 F6 A8 3F 77 87 5B 12 E6 A5 F2 9A F4 0D 51  `...?w.[.......Q
00005580:  B1 70 55 AF AB 9B 37 82 8B 81 8F B7 AB 38 86 9B  .pU...7......8..
00005590:  D6 1B 70 15 75 94 18 24 EE 27 33 08 9E 40 11 AE  ..p.u..$.'3..@..
000055A0:  67 BD B4 92 64 6A 2E D1 D3 71 94 71 A4 08 2A 32  g...dj...q.q..*2
000055B0:  26 7C 8A D3 CA 21 D3 E6 2D E1 F0 44 ED F8 80 1E  &|...!..-..D....
000055C0:  E6 59 6C F9 7C D5 68 09 1B 24 B6 DF 48 37 8C EB  .Yl.|.h..$..H7..
000055D0:  E1 26 44 F9 31 52 ED 70 AD 16 1F 1E 7E 56 05 43  .&D.1R.p....~V.C
000055E0:  4E 34 23 84 03 67 42 AA 2D 14 BA 85 82 EB AA 8B  N4#..gB.-.......
000055F0:  B2 1A 18 0E E2 CD CA FF 38 6E 6B FD 47 FE D2 FA  ........8nk.G...
00005600:  29 4C C3 B1 11 63 63 87 44 D2 82 43 33 B7 24 82  )L...cc.D..C3.$.
00005610:  99 A8 69 05 DF 3B 12 C4 51 F6 D5 DA 12 0E 77 EA  ..i..;..Q.....w.
00005620:  FC E2 EE 66 DB 75 00 97 99 FD B3 1E FF 71 6F 5C  ...f.u.......qo\
00005630:  5D C0 63 84 E5 48 A0 A0 47 C6 96 6D 91 84 71 94  ].c..H..G..m..q.
00005640:  36 60 AB D0 25 72 74 B5 6B 7C 15 61 C8 91 A4 40  6`..%rt.k|.a...@
00005650:  3B 5E 25 A7 48 22 C9 DF 80 5A 7C 73 83 F1 74 E3  ;^%.H"...Z|s..t.
00005660:  32 D1 16 FE 40 7D DA 78 9A 1D 6F 57 B0 99 7E 41  2...@}.x..oW..~A
00005670:  62 1F 58 6E 96 0A 6C A6 85 DF B1 4D 87 56 DA 95  b.Xn..l....M.V..
00005680:  27 43 87 C0 81 1B 00 00 00 00 00 00 00 00 00 00  'C..............
00005690:  00 00 00 00 00 00 96 71 31 2C 9D 6A 66 D4 7C D1  .......q1,.jf.|.
000056A0:  B3 7D 36 1A 68 3B 00 00 00 00 00 00 00 00 00 00  .}6.h;..........
000056B0:  00 00 00 00 00 00 A2 B9 43 62 27 19 7E 61 21 40  ........Cb'.~a!@
000056C0:  58 7A 2C BC D6 43 0E 30 06 4E C9 65 B9 D7 35 91  Xz,..C.0.N.e..5.
000056D0:  8C A4 FE 1C DD DD 00 00 00 00 00 00 00 00 00 00  ................
000056E0:  00 00 00 00 00 00 8C BA CD 07 17 12 47 65 95 6C  ............Ge.l
000056F0:  18 43 7B ED 1C 79 00 00 00 00 00 00 00 00 00 00  .C{..y..........
00005700:  00 00 00 00 00 00 55 D5 A3 01 20 1E 2A 8B 34 7D  ......U... .*.4}
00005710:  25 86 89 79 37 88 F4 52 7B 50 EB 53 67 E8 65 AF  %..y7..R{P.Sg.e.
00005720:  D5 56 7F A4 4B 7D 00 00 00 00 00 00 00 00 00 00  .V..K}..........
00005730:  00 00 00 00 00 00 DA 78 9A 1D 6F 57 B0 99 7E 41  .......x..oW..~A
00005740:  62 1F 58 6E 96 0A 6C A6 85 DF B1 4D 87 56 DA 95  b.Xn..l....M.V..
00005750:  27 43 87 C0 81 1B 00 00 00 00 00 00 00 00 00 00  'C..............
00005760:  00 00 00 00 00 00 00 00 00 00 00 00 00 00 00 00  ................ [zeros]
00005770:  00 00 00 00 00 00 00 00 00 00 00 00 00 00 00 00  ................ [zeros]
00005780:  00 00 00 00 00 00 00 00 00 00 00 00 00 00 00 00  ................ [zeros]
00005790:  00 00 00 00 00 00 00 00 00 00 00 00 00 00 00 00  ................ [zeros]
000057A0:  00 00 00 00 00 00 00 00 00 00 00 00 00 00 00 00  ................ [zeros]
000057B0:  00 00 00 00 00 00 47 55 AB 51 54 6C A4 47 BF 7F  ......GU.QTl.G..
000057C0:  F6 7D 57 F7 B0 80 D9 B4 08 56 99 1C E4 79 FE 00  .}W......V...y..
000057D0:  00 9F 93 AF 2D 67 6C 08 85 68 2D 19 07 42 5F DB  ....-gl..h-..B_.
000057E0:  CB 65 92 AC 08 B1 D9 B4 08 56 99 1C E4 79 FE 00  .e.......V...y..
000057F0:  00 9F 93 AF 2D 67 A4 09 E6 3B 3C F1 FA BF B7 4F  ....-g...;<....O
00005800:  6B 6E 56 B3 6D A0 F1 A3 E2 95 63 7D 28 0D 15 AA  knV.m.....c}(...
00005810:  7A F0 89 DA 9C 56 31 0D 50 91 50 5E D6 91 A6 49  z....V1.P.P^...I
00005820:  B2 7F 5C BF D1 46 88 E0 8A 97 19 7C 05 89 56 41  ..\..F.....|..VA
00005830:  29 AD 43 8E 5B 09 CD A3 BD 9B 2F C8 26 62 18 1D  ).C.[...../.&b..
00005840:  92 AA 7E 60 08 55 00 00 00 00 00 00 00 00 00 00  ..~`.U..........
00005850:  00 00 00 00 00 00 C4 8F 30 0A 4E 0A 41 D6 25 4C  ........0.N.A.%L
00005860:  86 0D 37 E6 C2 AC 98 C2 52 87 47 C4 B4 FD 00 9E  ..7.....R.G.....
00005870:  EF 5F A9 F3 4A 37 5B 6C AF CA 9F F3 90 F8 D5 84  ._..J7[l........
00005880:  7A C9 33 92 8C FD B6 5D 0A 51 C8 C3 17 30 03 D6  z.3....].Q...0..
00005890:  18 D8 B4 4B B4 A4 6F 22 3A B0 1A 6D D5 52 A8 BE  ...K..o":..m.R..
000058A0:  87 3A EE AD 5C 4E BC E2 17 F7 C3 5B A4 70 23 28  .:..\N.....[.p#(
000058B0:  98 CC C1 3C 43 37 06 CD 11 A1 E4 49 D1 11 F9 82  ...<C7.....I....
000058C0:  17 94 AC D3 45 65 FA D5 6F D1 0C CA B0 A6 25 15  ....Ee..o.....%.
000058D0:  ED 9C 30 E5 E3 E4 41 7B 00 6D FB 36 D0 B3 67 EE  ..0...A{.m.6..g.
000058E0:  F3 41 9A 29 D2 01 CE 2A CE E3 0E E8 8E CD E4 0D  .A.)...*........
000058F0:  2C B8 36 26 01 14 90 27 F9 4D F2 E8 C9 94 5C 38  ,.6&...'.M....\8
00005900:  92 0B CE 4F 50 8F 14 E1 03 12 84 C9 19 67 A6 ED  ...OP........g..
00005910:  59 AB 61 8A C0 91 00 00 00 00 00 00 00 00 00 00  Y.a.............
00005920:  00 00 00 00 00 00 00 00 00 00 00 00 00 00 00 00  ................ [zeros]
00005930:  00 00 00 00 00 00 00 00 00 00 00 00 00 00 00 00  ................ [zeros]
00005940:  00 00 00 00 00 00 00 00 00 00 00 00 00 00 00 00  ................ [zeros]
00005950:  00 00 00 00 00 00 58 D3 B0 36 E0 C4 71 86 CB D6  ......X..6..q...
00005960:  C1 13 7C 41 56 82 AC 52 D8 5F E4 20 2A CD 3D 90  ..|AV..R._. *.=.
00005970:  46 9B 39 49 08 F4 F1 73 A3 8E 6C 72 F9 46 C3 0C  F.9I...s..lr.F..
00005980:  88 EB DB 2F B5 67 D4 D9 49 E1 E0 99 9A 7E 58 BC  .../.g..I....~X.
00005990:  9B 3F 8C 81 4C F8 03 40 CE 3B 6F BE C8 A0 41 CA  .?..L..@.;o...A.
000059A0:  A5 4D EA BC F8 AF 17 55 37 BC E8 22 C4 EA 5C 07  .M.....U7.."..\.
000059B0:  A8 7F C5 8B 69 23 D1 7E C9 EB 96 4A 12 98 C4 05  ....i#.~...J....
000059C0:  F6 E4 F3 BA F0 AA 39 EC 97 E2 21 74 BE 8A 87 07  ......9...!t....
000059D0:  CA 29 4D 86 BE F4 81 60 B3 3E 0B 76 D2 E8 29 47  .)M....`.>.v..)G
000059E0:  F8 1A AA 8B 4C 1D A9 C7 D0 4F 10 F5 CE 7D BF FA  ....L....O...}..
000059F0:  67 94 91 DD 16 5A 2B 64 98 4F 47 97 6F 60 73 98  g....Z+d.OG.o`s.
00005A00:  09 15 B1 E2 C7 83 69 10 D1 E2 74 27 41 CF D5 0A  ......i...t'A...
00005A10:  08 D9 C0 2A AD E2 66 A8 B6 4C 28 BD 12 86 91 E7  ...*..f..L(.....
00005A20:  4D F6 F7 B1 CA 98 F7 90 4E 98 13 49 F1 23 EC 6E  M.......N..I.#.n
00005A30:  14 B6 61 82 07 89 6C 4C A0 04 20 5D E1 E5 F2 BE  ..a...lL.. ]....
00005A40:  5A 08 0A 24 CD 9A 0B 3D 76 B1 C0 65 D7 0A E4 CF  Z..$...=v..e....
00005A50:  1B CC FE F4 89 EB EC 53 93 D8 71 B3 13 B3 2C BC  .......S..q...,.
00005A60:  A3 A1 82 99 3B D4 3B AA 56 2B 65 E4 6D 5A A0 99  ....;.;.V+e.mZ..
00005A70:  9F 78 BA 01 F7 AE 8C FE 56 EE BC D9 17 ED D3 E9  .x......V.......
00005A80:  07 44 9A B9 1E CC D4 96 1B BE D4 D6 9E 99 1F 1B  .D..............
00005A90:  1E 0F BC B9 17 67 7A BE BF BA B8 4E C3 45 38 6A  .....gz....N.E8j
00005AA0:  DC 3D 07 41 90 37 84 20 8F A7 C3 0F DE 80 AC E9  .=.A.7. ........
00005AB0:  F0 B1 AE AC E8 DE EA 74 71 A8 80 B2 21 F7 03 6C  .......tq...!..l
00005AC0:  D6 EB 34 45 29 5F 8A 1D 37 33 83 D0 ED 66 A3 CE  ..4E)_..73...f..
00005AD0:  5B A6 B1 BB 01 A7 ED DB D0 9E 9D 82 77 AE 64 94  [...........w.d.
00005AE0:  24 DD 1E E1 22 57 B0 BD 65 B1 40 F4 E9 EA 20 01  $..."W..e.@... .
00005AF0:  C3 3F 2D DF E4 45 D9 6F 1C 8E A9 20 61 34 93 E6  .?-..E.o... a4..
00005B00:  F5 53 B9 A2 80 B5 5B 0D 18 32 95 3E AE 32 E2 77  .S....[..2.>.2.w
00005B10:  7C CD 8E AA 4A AA BB 16 52 41 B4 34 51 D0 8F A2  |...J...RA.4Q...
00005B20:  04 A6 CB FC DC 22 05 CE C0 A0 66 F5 BF 88 5E F6  ....."....f...^.
00005B30:  82 13 06 A5 49 1B 57 21 F2 88 47 FD 91 1E AF 31  ....I.W!..G....1
00005B40:  00 05 A1 E3 92 CE 9F 44 6D AC 7E 95 92 8F F8 26  .......Dm.~....&
00005B50:  E9 4D 71 73 FA 46 DB 87 1E AF 94 9E 17 AF 29 23  .Mqs.F........)#
00005B60:  EA AB C7 AD 30 36 2A 12 59 98 29 AC 47 00 44 DC  ....06*.Y.).G.D.
00005B70:  77 B3 81 A9 71 BD C4 6E 48 55 24 AC DE D9 D4 7E  w...q..nHU$....~
00005B80:  13 2B DE 83 9A 33 62 55 F2 1A A2 75 EE B0 60 28  .+...3bU...u..`(
00005B90:  01 72 DB 8A DC EA C8 05 62 B9 19 4C A6 43 0C E5  .r......b..L.C..
00005BA0:  12 B3 84 72 B5 00 19 04 9B F1 AA 27 09 84 15 F4  ...r.......'....
00005BB0:  43 33 79 8A 5A 1A 21 64 FC 72 79 D7 10 E9 B7 0B  C3y.Z.!d.ry.....
00005BC0:  46 60 B2 A2 84 45 6A 07 5A 5D 4D 6A 5C DB 77 A0  F`...Ej.Z]Mj\.w.
00005BD0:  1A DC 06 A2 1F 67 00 00 00 00 00 00 00 00 00 00  .....g..........
00005BE0:  00 00 00 00 00 00 00 00 00 00 00 00 00 00 00 00  ................ [zeros]
00005BF0:  00 00 00 00 00 00 00 00 00 00 00 00 00 00 00 00  ................ [zeros]
00005C00:  00 00 00 00 00 00 00 00 00 00 00 00 00 00 00 00  ................ [zeros]
00005C10:  00 00 00 00 00 00 00 00 00 00 00 00 00 00 00 00  ................ [zeros]
00005C20:  00 00 00 00 00 00 00 00 00 00 00 00 00 00 00 00  ................ [zeros]
00005C30:  00 00 00 00 00 00 00 00 00 00 00 00 00 00 00 00  ................ [zeros]
00005C40:  00 00 00 00 00 00 7A 7A 99 1B BC 62 3A FC F0 33  ......zz...b:..3
00005C50:  B1 14 8F 66 08 CB F1 91 51 56 C9 A7 0F 28 46 C0  ...f....QV...(F.
00005C60:  71 FF 80 32 D1 57 CC 7C 60 41 95 39 6F DE 71 C3  q..2.W.|`A.9o.q.
00005C70:  1B 46 64 50 C0 CC D0 14 1A 25 8E 39 40 4B 2B 28  .FdP.....%.9@K+(
00005C80:  7E 4B 4C 5F C6 6B 86 3C 5A 18 18 2A 7F CC 3F 9D  ~KL_.k.<Z..*..?.
00005C90:  44 24 34 14 11 20 FB 25 E5 DD 6A 6E 26 E2 66 E2  D$4.. .%..jn&.f.
00005CA0:  48 E0 FE 84 A4 29 CF FC EE F3 3E EB CA 3C D6 D8  H....)....>..<..
00005CB0:  3E 7E 2A 3E 9A ED FC FB 55 B3 81 A0 A0 1A 1D 4E  >~*>....U......N
00005CC0:  67 61 20 A4 2A A0 E0 0F 3A 30 D6 3B 07 50 55 3A  ga .*...:0.;.PU:
00005CD0:  CC D0 B1 CB FA 88 7C D4 C5 C6 40 C5 5C BE C5 97  ......|...@.\...
00005CE0:  1D 0D 8E 31 B1 05 D5 6A 02 B2 52 08 85 26 15 EA  ...1...j..R..&..
00005CF0:  77 E3 6C 30 45 0B 00 00 00 00 00 00 00 00 00 00  w.l0E...........
00005D00:  00 00 00 00 00 00 9A 36 6A 3F B1 A0 07 EF AA 8D  .......6j?......
00005D10:  6E FE 66 CF CE 2C 17 08 CE 67 57 00 9B F6 02 BF  n.f..,...gW.....
00005D20:  DA 91 81 7B 10 78 00 00 00 00 00 00 00 00 00 00  ...{.x..........
00005D30:  00 00 00 00 00 00 00 00 00 00 00 00 00 00 00 00  ................ [zeros]
00005D40:  00 00 00 00 00 00 00 00 00 00 00 00 00 00 00 00  ................ [zeros]
00005D50:  00 00 00 00 00 00 00 00 00 00 00 00 00 00 00 00  ................ [zeros]
00005D60:  00 00 00 00 00 00 00 00 00 00 00 00 00 00 00 00  ................ [zeros]
00005D70:  00 00 00 00 00 00 00 00 00 00 00 00 00 00 00 00  ................ [zeros]
00005D80:  00 00 00 00 00 00 00 00 00 00 00 00 00 00 00 00  ................ [zeros]
00005D90:  00 00 00 00 00 00 00 00 00 00 00 00 00 00 00 00  ................ [zeros]
00005DA0:  00 00 00 00 00 00 00 00 00 00 00 00 00 00 00 00  ................ [zeros]
00005DB0:  00 00 00 00 00 00 00 00 00 00 00 00 00 00 00 00  ................ [zeros]
00005DC0:  00 00 00 00 00 00 00 00 00 00 00 00 00 00 00 00  ................ [zeros]
00005DD0:  00 00 00 00 00 00 00 00 00 00 00 00 00 00 00 00  ................ [zeros]
00005DE0:  00 00 00 00 00 00 00 00 00 00 00 00 00 00 00 00  ................ [zeros]
00005DF0:  00 00 00 00 00 00 00 00 00 00 00 00 00 00 00 00  ................ [zeros]
00005E00:  00 00 00 00 00 00 62 E4 A9 9B AD BC F0 4A 17 C9  ......b......J..
00005E10:  E4 96 6F 6A 7C 27 00 00 00 00 00 00 00 00 00 00  ..oj|'..........
00005E20:  00 00 00 00 00 00 08 94 69 B0 03 4F CC E0 1D 8C  ........i..O....
00005E30:  37 12 03 21 93 10 65 74 9D 86 A5 83 62 64 77 8F  7..!..et....bdw.
00005E40:  7C 98 2E 49 7B 3B 29 CD AC 61 6E 19 49 25 9A CE  |..I{;)..an.I%..
00005E50:  7D AF 74 60 D4 A0 41 1D 85 F5 BF 29 55 20 33 76  }.t`..A....)U 3v
00005E60:  1A B8 41 A2 9E 35 13 D0 5D C8 CE 50 04 A6 36 1C  ..A..5..]..P..6.
00005E70:  24 C0 56 83 48 14 0C 81 A2 43 C7 C8 5D 13 8D 03  $.V.H....C..]...
00005E80:  D6 E1 35 CE 97 BF 08 B7 D4 80 88 40 79 75 6E DC  ..5........@yun.
00005E90:  52 F1 74 29 FF A0 D4 A6 6B 3D 7B F0 72 97 F5 49  R.t)....k={.r..I
00005EA0:  CC F1 28 07 9B 3F F8 EA 21 5F 17 9C BA 48 19 61  ..(..?..!_...H.a
00005EB0:  A2 A3 CE E2 A7 83 D9 D9 10 76 B1 E1 1E AB D1 4D  .........v.....M
00005EC0:  12 F7 72 7E 03 1C 8B 4F 45 AF EE D1 CF 6B 54 77  ..r~...OE....kTw
00005ED0:  C8 06 B9 68 48 52 24 99 86 FC 46 A6 BD 86 0D 30  ...hHR$...F....0
00005EE0:  BC CC DE 71 53 A0 6E ED 12 AC 0F 7F 15 F5 D3 CE  ...qS.n.........
00005EF0:  59 70 69 C5 65 85 8C C8 6B D9 FF 2B 90 4A 1A 37  Ypi.e...k..+.J.7
00005F00:  82 E3 85 E0 2B E9 53 B1 A2 2C 3C 1E 58 AD 46 98  ....+.S..,<.X.F.
00005F10:  5A 11 2C 58 28 3E 2D 8C 55 15 D0 97 44 71 48 E4  Z.,X(>-.U...DqH.
00005F20:  26 BA 37 BC 04 65 52 26 CA C3 43 69 3C 3D 3A 8F  &.7..eR&..Ci<=:.
00005F30:  5B A3 21 F2 5A 6F 60 3C 80 5D B5 A9 73 0D 40 1E  [.!.Zo`<.]..s.@.
00005F40:  62 3F 68 E4 E8 69 6B 0E 47 CD 00 BB 84 34 3E 77  b?h..ik.G....4>w
00005F50:  0D F2 4A 7F 7A 85 85 C1 E0 41 FA 04 B6 F9 BF CC  ..J.z....A......
00005F60:  49 76 D6 8B AA F2 34 F4 1E A5 28 E1 E4 93 3F F3  Iv....4...(...?.
00005F70:  D2 3B C9 09 BB F4 99 6A D9 6E 90 C0 21 16 FF 83  .;.....j.n..!...
00005F80:  95 D8 6B B9 5F 6E DD 4F 1E 70 79 96 99 7F 5B 2A  ..k._n.O.py...[*
00005F90:  25 D0 91 F9 51 87 C7 87 E4 A7 17 78 16 35 C3 43  %...Q......x.5.C
00005FA0:  01 B5 F0 8F B3 72 61 3B D8 FA 0F A2 76 39 7A 66  .....ra;....v9zf
00005FB0:  77 BC 8C 38 91 E2 12 29 D7 9C 21 04 9A 5D 0D 46  w..8...)..!..].F
00005FC0:  5F CA A2 4D E1 5B D9 E4 85 24 85 0E 80 BD C8 74  _..M.[...$.....t
00005FD0:  4B 85 92 28 89 AB E6 E5 E7 C7 7E 1F 4F 6F 49 F1  K..(......~.OoI.
00005FE0:  E4 3F FC 04 31 F2 DD 91 AE 12 F7 19 C4 0F BF 7A  .?..1..........z
00005FF0:  1C 4D 56 8A CD 52 D1 B6 70 97 D3 AD 84 E4 44 0A  .MV..R..p.....D.
00006000:  95 EA 9E FC 4F C5 46 42 26 C8 A7 6C EF 79 DB BA  ....O.FB&..l.y..
00006010:  1C 2B FF 45 0F 6D 26 A7 E3 E2 35 01 6D 31 CF 45  .+.E.m&...5.m1.E
00006020:  6A 82 E5 FB 0A 45 73 84 35 09 F3 3E D4 DC 17 11  j....Es.5..>....
00006030:  93 26 37 36 D8 4B 00 00 00 00 00 00 00 00 00 00  .&76.K..........
00006040:  00 00 00 00 00 00 00 00 00 00 00 00 00 00 00 00  ................ [zeros]
00006050:  00 00 00 00 00 00 00 00 00 00 00 00 00 00 00 00  ................ [zeros]
00006060:  00 00 00 00 00 00 00 00 00 00 00 00 00 00 00 00  ................ [zeros]
00006070:  00 00 00 00 00 00 00 00 00 00 00 00 00 00 00 00  ................ [zeros]
00006080:  00 00 00 00 00 00 00 00 00 00 00 00 00 00 00 00  ................ [zeros]
00006090:  00 00 00 00 00 00 00 00 00 00 00 00 00 00 00 00  ................ [zeros]
000060A0:  00 00 00 00 00 00 00 00 00 00 00 00 00 00 00 00  ................ [zeros]
000060B0:  00 00 00 00 00 00 00 00 00 00 00 00 00 00 00 00  ................ [zeros]
000060C0:  00 00 00 00 00 00 00 00 00 00 00 00 00 00 00 00  ................ [zeros]
000060D0:  00 00 00 00 00 00 00 00 00 00 00 00 00 00 00 00  ................ [zeros]
000060E0:  00 00 00 00 00 00 00 00 00 00 00 00 00 00 00 00  ................ [zeros]
000060F0:  00 00 00 00 00 00 00 00 00 00 00 00 00 00 00 00  ................ [zeros]
00006100:  00 00 00 00 00 00 00 00 00 00 00 00 00 00 00 00  ................ [zeros]
00006110:  00 00 00 00 00 00 BA 2C C3 5F 71 18 5A BD D7 0C  .......,._q.Z...
00006120:  B1 98 F5 6C D1 94 00 00 00 00 00 00 00 00 00 00  ...l............
00006130:  00 00 00 00 00 00 4D 86 FF 93 9C 94 26 84 F9 EB  ......M.....&...
00006140:  47 60 7F A7 5F 06 66 85 71 84 AB 40 9E D5 0E 8C  G`.._.f.q..@....
00006150:  CE 3B 5A 57 0F CF 7D BE AF DC 3E 4E BD 8A 83 D8  .;ZW..}...>N....
00006160:  F2 65 CB E6 C2 42 25 FC FC 10 27 65 58 FD 4A 92  .e...B%...'eX.J.
00006170:  61 81 DD 4D 09 1C 00 00 00 00 00 00 00 00 00 00  a..M............
00006180:  00 00 00 00 00 00 C1 51 5D 83 82 57 20 6E 32 65  .......Q]..W n2e
00006190:  6D 1C 19 EF 90 28 88 D2 5E 2F 26 87 00 62 CF B2  m....(..^/&..b..
000061A0:  27 3C 40 08 B6 0B A8 DE 56 9E 0D 26 F4 D6 31 96  '<@.....V..&..1.
000061B0:  A1 AB E5 E4 9D 0F 13 08 6E 30 D9 79 59 A7 E5 69  ........n0.yY..i
000061C0:  2C AD 25 73 71 7E 01 7F F8 FC 8D 31 47 7A 12 5B  ,.%sq~.....1Gz.[
000061D0:  C4 8D 86 3B 15 95 0F 19 9E 07 7E 8D EA 8D 2C 23  ...;......~...,#
000061E0:  27 B1 A4 C4 5F A9 D4 73 1F DC 0C 4D D8 ED 67 B4  '..._..s...M..g.
000061F0:  F4 7A 69 7D 11 E1 4C 31 76 79 3C 06 1B FF E7 46  .zi}..L1vy<....F
00006200:  90 11 DB BD FB 12 3E 1E 4E 4C 90 0B BA C1 8A 87  ......>.NL......
00006210:  E2 F0 CC 8F 6B F1 32 69 CE 09 A6 3A EA 54 B1 ED  ....k.2i...:.T..
00006220:  CD 3B A7 6C FD 3F AD 40 51 59 8F AE F2 E2 6E BC  .;.l.?.@QY....n.
00006230:  62 CA 29 7A 26 76 AE FF 50 5F 92 44 22 EC A4 49  b.)z&v..P_.D"..I
00006240:  1A B9 A3 01 84 F4 FC E4 5A CC 76 A3 D1 37 6D 17  ........Z.v..7m.
00006250:  7B E9 83 8F 21 54 1B FF 98 DA 22 29 06 A9 ED 51  {...!T....")...Q
00006260:  70 00 04 33 BD 56 8A 85 43 34 48 0E 32 5B E1 E5  p..3.V..C4H.2[..
00006270:  92 88 3C 64 56 9D 51 20 19 94 8C FC F5 96 FD EC  ..<dV.Q ........
00006280:  06 72 B1 B1 CC 93 35 BC 1C 19 7F F4 C1 3E 55 61  .r....5......>Ua
00006290:  63 6E FE 30 D2 B9 83 CF F7 29 64 39 0A 14 8D 05  cn.0.....)d9....
000062A0:  36 58 20 BE 15 9F 77 62 65 35 8B 3C D1 B6 77 6A  6X ...wbe5.<..wj
000062B0:  BB 61 CA 32 B8 BC 4D 80 39 E1 FD A4 FA 89 F6 33  .a.2..M.9......3
000062C0:  46 BF EC 0A C7 86 D6 AE D9 0E 1E 15 DA DC B1 1F  F...............
000062D0:  83 3B 90 F8 55 27 AD 08 19 F8 85 E5 32 03 7E FD  .;..U'......2.~.
000062E0:  2E EB 45 BD 88 14 37 EE D7 92 DA D7 97 9A B6 F9  ..E...7.........
000062F0:  77 7C 75 9A 88 FB E0 BF 12 6D D8 4D 83 47 FF A8  w|u......m.M.G..
00006300:  31 FB 46 81 3A A9 97 4A 5A 28 B3 E2 00 A2 63 06  1.F.:..JZ(....c.
00006310:  98 21 D4 75 F1 19 5E DF AF 92 9E 94 20 FA 68 F9  .!.u..^..... .h.
00006320:  D8 25 D0 F3 FC 0F 8F A1 FE 8C F2 23 42 FD E0 15  .%.........#B...
00006330:  64 7B 39 6D 46 AB 00 00 00 00 00 00 00 00 00 00  d{9mF...........
00006340:  00 00 00 00 00 00 00 00 00 00 00 00 00 00 00 00  ................ [zeros]
00006350:  00 00 00 00 00 00 00 00 00 00 00 00 00 00 00 00  ................ [zeros]
00006360:  00 00 00 00 00 00 00 00 00 00 00 00 00 00 00 00  ................ [zeros]
00006370:  00 00 00 00 00 00 76 E6 E2 16 6F 43 C7 D3 A7 9A  ......v...oC....
00006380:  B5 7C B4 73 71 52 CB D3 E0 54 80 28 08 F9 A5 48  .|.sqR...T.(...H
00006390:  48 A5 C1 EB B9 35 50 FC 23 68 A0 D0 C6 14 DD 0C  H....5P.#h......
000063A0:  35 1A 1D 73 AA E2 A8 03 18 79 88 FF 5D F3 AB ED  5..s.....y..]...
000063B0:  E7 9B 04 DF 7E 53 7E 05 2B 03 F9 89 AE 31 AB CA  ....~S~.+....1..
000063C0:  3D 42 48 E0 0E 16 00 00 00 00 00 00 00 00 00 00  =BH.............
000063D0:  00 00 00 00 00 00 00 00 00 00 00 00 00 00 00 00  ................ [zeros]
000063E0:  00 00 00 00 00 00 00 00 00 00 00 00 00 00 00 00  ................ [zeros]
000063F0:  00 00 00 00 00 00 00 00 00 00 00 00 00 00 00 00  ................ [zeros]
00006400:  00 00 00 00 00 00 00 00 00 00 00 00 00 00 00 00  ................ [zeros]
00006410:  00 00 00 00 00 00 00 00 00 00 00 00 00 00 00 00  ................ [zeros]
00006420:  00 00 00 00 00 00 00 00 00 00 00 00 00 00 00 00  ................ [zeros]
00006430:  00 00 00 00 00 00 00 00 00 00 00 00 00 00 00 00  ................ [zeros]
00006440:  00 00 00 00 00 00 00 00 00 00 00 00 00 00 00 00  ................ [zeros]
00006450:  00 00 00 00 00 00 00 00 00 00 00 00 00 00 00 00  ................ [zeros]
00006460:  00 00 00 00 00 00 00 00 00 00 00 00 00 00 00 00  ................ [zeros]
00006470:  00 00 00 00 00 00 30 61 0B 28 59 AA 86 17 15 D1  ......0a.(Y.....
00006480:  B1 AB 48 57 67 BF AF 6F D8 81 B7 AD C7 71 9A 44  ..HWg..o.....q.D
00006490:  97 9A 21 65 6A AA 0B AE F2 5F 04 A5 3C 4A 1E 96  ..!ej...._..<J..
000064A0:  03 E7 21 3D B1 57 00 00 00 00 00 00 00 00 00 00  ..!=.W..........
000064B0:  00 00 00 00 00 00 41 1D 85 F5 BF 29 55 20 33 76  ......A....)U 3v
000064C0:  1A B8 41 A2 9E 35 00 00 00 00 00 00 00 00 00 00  ..A..5..........
000064D0:  00 00 00 00 00 00 00 00 00 00 00 00 00 00 00 00  ................ [zeros]
000064E0:  00 00 00 00 00 00 00 00 00 00 00 00 00 00 00 00  ................ [zeros]
000064F0:  00 00 00 00 00 00 00 00 00 00 00 00 00 00 00 00  ................ [zeros]
00006500:  00 00 00 00 00 00 52 C0 98 B1 5F D5 F4 9C AF 6E  ......R..._....n
00006510:  3A B9 62 C0 54 46 63 F5 A4 D2 AE B9 F4 5B 90 2E  :.b.TFc......[..
00006520:  DD 15 D1 3D FC 46 00 00 00 00 00 00 00 00 00 00  ...=.F..........
00006530:  00 00 00 00 00 00 00 00 00 00 00 00 00 00 00 00  ................ [zeros]
00006540:  00 00 00 00 00 00 00 00 00 00 00 00 00 00 00 00  ................ [zeros]
00006550:  00 00 00 00 00 00 00 00 00 00 00 00 00 00 00 00  ................ [zeros]
00006560:  00 00 00 00 00 00 00 00 00 00 00 00 00 00 00 00  ................ [zeros]
00006570:  00 00 00 00 00 00 00 00 00 00 00 00 00 00 00 00  ................ [zeros]
00006580:  00 00 00 00 00 00 00 00 00 00 00 00 00 00 00 00  ................ [zeros]
00006590:  00 00 00 00 00 00 00 00 00 00 00 00 00 00 00 00  ................ [zeros]
000065A0:  00 00 00 00 00 00 00 00 00 00 00 00 00 00 00 00  ................ [zeros]
000065B0:  00 00 00 00 00 00 00 00 00 00 00 00 00 00 00 00  ................ [zeros]
000065C0:  00 00 00 00 00 00 00 00 00 00 00 00 00 00 00 00  ................ [zeros]
000065D0:  00 00 00 00 00 00 EE DB 55 F5 47 03 8C 9F 2C F8  ........U.G...,.
000065E0:  03 4E 18 CA 71 F2 EB B7 D8 F2 0D AD FB DA 3B 4D  .N..q.........;M
000065F0:  4B CB 2E 99 70 4B 31 95 4A E6 E1 C6 ED 99 0D 0A  K...pK1.J.......
00006600:  69 D6 90 95 C0 D6 A6 34 00 C8 F5 ED EC B6 6B E5  i......4......k.
00006610:  70 AB C4 25 F7 B5 26 A7 E3 E2 35 01 6D 31 CF 45  p..%..&...5.m1.E
00006620:  6A 82 E5 FB 0A 45 00 00 00 00 00 00 00 00 00 00  j....E..........
00006630:  00 00 00 00 00 00 00 00 00 00 00 00 00 00 00 00  ................ [zeros]
00006640:  00 00 00 00 00 00 00 00 00 00 00 00 00 00 00 00  ................ [zeros]
00006650:  00 00 00 00 00 00 00 00 00 00 00 00 00 00 00 00  ................ [zeros]
00006660:  00 00 00 00 00 00 00 00 00 00 00 00 00 00 00 00  ................ [zeros]
00006670:  00 00 00 00 00 00 64 63 CA 7C FC 3C 71 DE 11 E5  ......dc.|.<q...
00006680:  FF 8B 20 88 6E 52 04 EF FD A4 79 F6 E7 08 CF F1  .. .nR....y.....
00006690:  69 E2 9A 8F 3C B6 00 00 00 00 00 00 00 00 00 00  i...<...........
000066A0:  00 00 00 00 00 00 00 00 00 00 00 00 00 00 00 00  ................ [zeros]
000066B0:  00 00 00 00 00 00 00 00 00 00 00 00 00 00 00 00  ................ [zeros]
000066C0:  00 00 00 00 00 00 00 00 00 00 00 00 00 00 00 00  ................ [zeros]
000066D0:  00 00 00 00 00 00 00 00 00 00 00 00 00 00 00 00  ................ [zeros]
000066E0:  00 00 00 00 00 00 00 00 00 00 00 00 00 00 00 00  ................ [zeros]
000066F0:  00 00 00 00 00 00 00 00 00 00 00 00 00 00 00 00  ................ [zeros]
00006700:  00 00 00 00 00 00 00 00 00 00 00 00 00 00 00 00  ................ [zeros]
00006710:  00 00 00 00 00 00 00 00 00 00 00 00 00 00 00 00  ................ [zeros]
00006720:  00 00 00 00 00 00 00 00 00 00 00 00 00 00 00 00  ................ [zeros]
00006730:  00 00 00 00 00 00 00 00 00 00 00 00 00 00 00 00  ................ [zeros]
00006740:  00 00 00 00 00 00 9C 68 16 9E D5 84 B8 B5 4E 3E  .......h......N>
00006750:  7A C6 EE 27 04 42 FB E9 2B 1A F3 32 25 B0 E4 11  z..'.B..+..2%...
00006760:  EA 1E ED B3 21 E6 A1 BA AF 1B 76 90 3B ED FF F2  ....!.....v.;...
00006770:  D5 EB 11 37 3F 82 50 DB DF 5D 91 7D 40 8E FE 9A  ...7?.P..].}@...
00006780:  DB F9 62 E9 7F A0 44 47 AA 97 32 FA 22 B3 63 F3  ..b...DG..2.".c.
00006790:  80 45 8A C7 50 02 5E 59 AC 00 1D D9 A6 53 35 3A  .E..P.^Y.....S5:
000067A0:  13 0D 17 84 DA BE A9 C1 D9 C3 4D 28 33 15 D8 9B  ..........M(3...
000067B0:  FF C7 39 D4 2C F4 D3 E4 A6 13 18 0D 3D C5 C8 A2  ..9.,.......=...
000067C0:  C1 DC B8 48 D7 5A FF 71 6D 06 86 71 C0 58 F6 62  ...H.Z.qm..q.X.b
000067D0:  3D 9F 64 40 01 C0 8B BB 4C 7A AD 25 6F AF A7 90  =.d@....Lz.%o...
000067E0:  57 7A A9 8C 9C 62 D1 7B 3F F7 91 3B 4E 93 67 1B  Wz...b.{?..;N.g.
000067F0:  F0 04 41 72 4C 46 CE 4F 37 A5 02 C2 2A 97 CB 02  ..ArLF.O7...*...
00006800:  D9 91 C7 97 09 4E 52 4F A9 F3 85 20 91 0D 56 88  .....NRO... ..V.
00006810:  2C 94 3E 1A E6 FB 31 BF 20 09 32 5A 28 3D AC 5D  ,.>...1. .2Z(=.]
00006820:  36 2B 58 BB 86 9D CB 95 1F C3 59 FC 8C 3A C2 51  6+X.......Y..:.Q
00006830:  1D 89 31 5B 79 13 E4 4A 6E AC 5F 8B 69 1A EC E3  ..1[y..Jn._.i...
00006840:  6D DF 5D 83 3F FA F7 78 6C 21 5A 52 F3 61 1C 09  m.].?..xl!ZR.a..
00006850:  9D 85 02 3D 03 CA F0 1F 00 C8 7A AA DE 50 8B 27  ...=......z..P.'
00006860:  59 6D 82 26 F5 B7 33 FC 63 5D AD 2E 07 6B 0C 95  Ym.&..3.c]...k..
00006870:  3A 8D EF 20 C2 99 3E A5 4B 8B D7 20 C0 B1 B9 7C  :.. ..>.K.. ...|
00006880:  19 9C EE FF 5E BE 5E A8 B9 1D D1 C4 64 0E AB A0  ....^.^.....d...
00006890:  A4 7A E0 94 84 FF 2C BB 7A 15 EE 63 E6 74 90 34  .z....,.z..c.t.4
000068A0:  65 1B 4F 13 09 C8 00 00 00 00 00 00 00 00 00 00  e.O.............
000068B0:  00 00 00 00 00 00 A4 49 20 85 71 70 66 28 DA F2  .......I .qpf(..
000068C0:  14 43 65 FC 3C 6A E0 87 85 52 A1 A2 6E 7D 2C FC  .Ce.<j...R..n},.
000068D0:  B8 CE 8F 51 94 A5 BF 9B 7E ED 59 FF 8B F7 4F FE  ...Q....~.Y...O.
000068E0:  2A AD 05 E6 2D B0 00 00 00 00 00 00 00 00 00 00  *...-...........
000068F0:  00 00 00 00 00 00 9C 44 3C CE B4 6D E9 17 DA 9A  .......D<..m....
00006900:  6C 91 FD DD 38 67 95 0E 3F 47 58 BE BE 24 74 FE  l...8g..?GX..$t.
00006910:  67 9C 59 D3 91 EE 9A 76 14 3A 1D B3 16 92 A3 E2  g.Y....v.:......
00006920:  64 68 65 33 D2 3F CB FC EC 53 DB BA FB DD 78 20  dhe3.?...S....x 
00006930:  D7 43 D9 AF A0 7C 88 64 2F 87 EF 07 7A 7D 3B 07  .C...|.d/...z};.
00006940:  95 C1 BE 66 03 DB 40 65 FD C9 0D 08 3B FB F6 22  ...f..@e....;.."
00006950:  0D 11 56 93 11 BB 00 00 00 00 00 00 00 00 00 00  ..V.............
00006960:  00 00 00 00 00 00 00 2D 5E B7 A8 CB 5D 0F D0 C8  .......-^...]...
00006970:  28 A8 10 5B 37 C0 6C 88 39 33 CC 61 A3 65 2F 0B  (..[7.l.93.a.e/.
00006980:  9D 41 83 B2 83 0C 2C BB 7A 15 EE 63 E6 74 90 34  .A....,.z..c.t.4
00006990:  65 1B 4F 13 09 C8 00 00 00 00 00 00 00 00 00 00  e.O.............
000069A0:  00 00 00 00 00 00 A4 49 20 85 71 70 66 28 DA F2  .......I .qpf(..
000069B0:  14 43 65 FC 3C 6A 2C 08 A0 89 37 81 B3 5F 74 CA  .Ce.<j,...7.._t.
000069C0:  33 6C C7 BA 84 AC 00 00 00 00 00 00 00 00 00 00  3l..............
000069D0:  00 00 00 00 00 00 00 00 00 00 00 00 00 00 00 00  ................ [zeros]
000069E0:  00 00 00 00 00 00 00 00 00 00 00 00 00 00 00 00  ................ [zeros]
000069F0:  00 00 00 00 00 00 00 00 00 00 00 00 00 00 00 00  ................ [zeros]
00006A00:  00 00 00 00 00 00 00 00 00 00 00 00 00 00 00 00  ................ [zeros]
00006A10:  00 00 00 00 00 00 00 00 00 00 00 00 00 00 00 00  ................ [zeros]
00006A20:  00 00 00 00 00 00 00 00 00 00 00 00 00 00 00 00  ................ [zeros]
00006A30:  00 00 00 00 00 00 00 00 00 00 00 00 00 00 00 00  ................ [zeros]
00006A40:  00 00 00 00 00 00 00 00 00 00 00 00 00 00 00 00  ................ [zeros]
00006A50:  00 00 00 00 00 00 00 00 00 00 00 00 00 00 00 00  ................ [zeros]
00006A60:  00 00 00 00 00 00 00 00 00 00 00 00 00 00 00 00  ................ [zeros]
00006A70:  00 00 00 00 00 00 00 00 00 00 00 00 00 00 00 00  ................ [zeros]
00006A80:  00 00 00 00 00 00 00 00 00 00 00 00 00 00 00 00  ................ [zeros]
00006A90:  00 00 00 00 00 00 A2 0F 11 CF 9A 4B D5 78 91 3D  ...........K.x.=
00006AA0:  D1 24 E0 4A FA 79 13 8A 32 FF E2 FA 39 E5 C6 73  .$.J.y..2...9..s
00006AB0:  09 4B 62 32 60 E1 31 DB 03 DB 0F 59 E7 C8 CD F0  .Kb2`.1....Y....
00006AC0:  B7 FE 9F 03 A7 86 1E 3B F3 B4 97 EF 8E FF 18 3B  .......;.......;
00006AD0:  BF 8F D6 95 86 C1 00 00 00 00 00 00 00 00 00 00  ................
00006AE0:  00 00 00 00 00 00 37 83 38 A9 A1 ED D8 E9 1E F4  ......7.8.......
00006AF0:  03 D4 C1 3A 82 B6 4B CE 29 A6 71 A3 65 A1 52 4B  ...:..K.).q.e.RK
00006B00:  D6 DB 2E CC FD CE 49 F9 5D 0B CC 24 55 D0 4B D0  ......I.]..$U.K.
00006B10:  E5 5B 30 D1 DE 20 87 70 94 62 6A 50 27 5E E5 09  .[0.. .p.bjP'^..
00006B20:  5B 6F 13 E1 20 0C 03 15 09 17 51 C2 7D B5 F9 E4  [o.. .....Q.}...
00006B30:  2A 2F A9 22 B2 53 B3 53 FE 9D FA FA 14 6D 47 20  */.".S.S.....mG 
00006B40:  35 CF 16 20 BE 96 BD E7 7F 13 8B B3 FA CA 8A 3F  5.. ...........?
00006B50:  A3 E8 A2 C3 D0 71 E2 68 50 65 09 8E E5 06 F7 D4  .....q.hPe......
00006B60:  94 AB EC 90 42 B8 12 53 5D A3 26 B8 44 3A F8 3E  ....B..S].&.D:.>
00006B70:  4C 76 84 3C AD C8 95 CE 96 71 E4 09 A1 77 E2 83  Lv.<.....q...w..
00006B80:  E2 DF E2 2C 5C 18 F1 58 89 A2 93 60 E3 6C B9 32  ...,\..X...`.l.2
00006B90:  0D D7 08 67 89 85 C5 B5 95 93 2C 57 F5 14 A2 8A  ...g......,W....
00006BA0:  E0 E5 C5 55 55 14 B0 9A FE 41 5B F1 72 C1 47 83  ...UU....A[.r.G.
00006BB0:  ED 81 9F AA 75 34 37 9D 2B 38 FC 24 91 63 8B A9  ....u47.+8.$.c..
00006BC0:  E1 05 62 24 C2 EE B2 B7 0A 80 B4 3E D8 D2 06 90  ..b$.......>....
00006BD0:  DC 53 0B B5 FC 77 81 06 0F 8B D3 F5 8A 92 67 02  .S...w........g.
00006BE0:  AC 9C F1 D1 22 F5 D1 1E 13 04 ED 55 DB 7E 50 0A  ...."......U.~P.
00006BF0:  2A DD 7D 8C 87 B6 1E 85 E3 2A 4B C7 09 C8 E6 25  *.}......*K....%
00006C00:  83 96 2A 02 D4 EB 9C 44 3C CE B4 6D E9 17 DA 9A  ..*....D<..m....
00006C10:  6C 91 FD DD 38 67 00 00 00 00 00 00 00 00 00 00  l...8g..........
00006C20:  00 00 00 00 00 00 00 00 00 00 00 00 00 00 00 00  ................ [zeros]
00006C30:  00 00 00 00 00 00 95 0E 3F 47 58 BE BE 24 74 FE  ........?GX..$t.
00006C40:  67 9C 59 D3 91 EE 00 00 00 00 00 00 00 00 00 00  g.Y.............
00006C50:  00 00 00 00 00 00 00 00 00 00 00 00 00 00 00 00  ................ [zeros]
00006C60:  00 00 00 00 00 00 20 EC C9 2F 1B AC AB C5 99 D2  ...... ../......
00006C70:  4A 4B C9 3F BB 31 00 00 00 00 00 00 00 00 00 00  JK.?.1..........
00006C80:  00 00 00 00 00 00 00 00 00 00 00 00 00 00 00 00  ................ [zeros]
00006C90:  00 00 00 00 00 00 30 2C 48 37 30 88 80 8F FA 83  ......0,H70.....
00006CA0:  0F 36 CF C5 8C 82 00 00 00 00 00 00 00 00 00 00  .6..............
00006CB0:  00 00 00 00 00 00 00 00 00 00 00 00 00 00 00 00  ................ [zeros]
00006CC0:  00 00 00 00 00 00 00 00 00 00 00 00 00 00 00 00  ................ [zeros]
00006CD0:  00 00 00 00 00 00 E6 35 97 A8 41 A0 45 29 EF E6  .......5..A.E)..
00006CE0:  73 DD 77 92 32 E5 00 00 00 00 00 00 00 00 00 00  s.w.2...........
00006CF0:  00 00 00 00 00 00 00 00 00 00 00 00 00 00 00 00  ................ [zeros]
00006D00:  00 00 00 00 00 00 A6 E1 3D 47 0E 25 0D 49 FC CE  ........=G.%.I..
00006D10:  7D 9A 79 46 E6 80 00 00 00 00 00 00 00 00 00 00  }.yF............
00006D20:  00 00 00 00 00 00 00 00 00 00 00 00 00 00 00 00  ................ [zeros]
00006D30:  00 00 00 00 00 00 C2 76 04 B7 47 09 65 66 78 49  .......v..G.efxI
00006D40:  30 17 4D CE 1C B9 00 00 00 00 00 00 00 00 00 00  0.M.............
00006D50:  00 00 00 00 00 00 00 00 00 00 00 00 00 00 00 00  ................ [zeros]
00006D60:  00 00 00 00 00 00 00 00 00 00 00 00 00 00 00 00  ................ [zeros]
00006D70:  00 00 00 00 00 00 BE E5 47 F5 68 CA EF C0 C3 53  ........G.h....S
00006D80:  EC AA D4 02 E8 42 2C B6 17 8E C9 40 B2 DB B7 2C  .....B,....@...,
00006D90:  62 63 FA 29 0F 5A 0B B5 F2 84 97 14 91 09 1E B1  bc.).Z..........
00006DA0:  77 CD 32 5B 3C 3C 6B 6F 08 A3 8D FD 91 9F F4 EF  w.2[<<ko........
00006DB0:  7A 01 F7 4A A0 24 D4 96 1B BE D4 D6 9E 99 1F 1B  z..J.$..........
00006DC0:  1E 0F BC B9 17 67 72 D2 D7 C8 7C 3E 99 B1 65 75  .....gr...|>..eu
00006DD0:  35 B6 B6 D0 4E 6D F6 5E 9C 5C 19 FD DC FB 55 9A  5...Nm.^.\....U.
00006DE0:  48 D6 F2 D0 A7 4B D1 1E 13 04 ED 55 DB 7E 50 0A  H....K.....U.~P.
00006DF0:  2A DD 7D 8C 87 B6 0F 45 82 68 13 FA 57 8C 90 95  *.}....E.h..W...
00006E00:  C5 B7 9A A6 A5 4A F1 AC 1C 0F 00 80 87 F9 0F E0  .....J..........
00006E10:  5C D6 43 93 AC 56 74 FD 69 DB B9 C6 E7 75 EE 11  \.C..Vt.i....u..
00006E20:  57 DC 36 A2 C0 60 82 8A 3A C1 8E 24 9F 95 3F 84  W.6..`..:..$..?.
00006E30:  42 F0 06 9F 68 61 F0 BA 4C BD 74 13 D8 91 3F 95  B...ha..L.t...?.
00006E40:  53 E8 42 DC CC 0F 3F AE E7 4B 07 94 25 54 53 DB  S.B...?..K..%TS.
00006E50:  2C 07 EE 22 D3 12 C2 31 77 34 B3 86 F2 39 C6 63  ,.."...1w4...9.c
00006E60:  9B 2D 03 06 4F 6B 50 DC 1F 2C 4B 7A 68 D8 15 A2  .-..OkP..,Kzh...
00006E70:  42 C5 A9 24 B6 F0 FE C3 B3 3E 62 CC BA 5E 24 70  B..$.....>b..^$p
00006E80:  A6 70 57 DE 10 82 13 E1 9E C4 BD B8 25 2D 17 43  .pW.........%-.C
00006E90:  35 46 9C 7F 36 73 13 E1 9E C4 BD B8 25 2D 17 43  5F..6s......%-.C
00006EA0:  35 46 9C 7F 36 73 13 E1 9E C4 BD B8 25 2D 17 43  5F..6s......%-.C
00006EB0:  35 46 9C 7F 36 73 B7 84 AA 37 8C 25 07 25 CE 6D  5F..6s...7.%.%.m
00006EC0:  D6 B9 DA 72 7E 30 B7 84 AA 37 8C 25 07 25 CE 6D  ...r~0...7.%.%.m
00006ED0:  D6 B9 DA 72 7E 30 B7 84 AA 37 8C 25 07 25 CE 6D  ...r~0...7.%.%.m
00006EE0:  D6 B9 DA 72 7E 30 54 18 1A F2 3E 11 1C 13 72 83  ...r~0T...>...r.
00006EF0:  E1 F8 9E 61 E0 D4 56 19 C1 D2 D4 6E 03 B9 BF 2C  ...a..V....n...,
00006F00:  3C 5A 30 77 BE AF 92 BA 4B 0E DC 9D 23 63 67 6A  <Z0w....K...#cgj
00006F10:  50 00 07 22 99 85 F8 46 CE 1A F7 10 81 69 CE A4  P.."...F.....i..
00006F20:  C7 9D 3B B3 7D BD 66 EE 6F 9E 9D 7E 96 B1 19 C7  ..;.}.f.o..~....
00006F30:  3F 96 74 D9 59 28 A4 AB ED 14 28 93 7B 5E E1 2E  ?.t.Y(....(.{^..
00006F40:  F1 31 E4 F9 5A C1 69 3F 09 55 18 88 C9 CF 36 C8  .1..Z.i?.U....6.
00006F50:  7D AC A9 F6 1B 94 F0 86 6C 52 28 F4 AB AD A6 42  }.......lR(....B
00006F60:  63 EF 1C 38 DF E3 F0 86 6C 52 28 F4 AB AD A6 42  c..8....lR(....B
00006F70:  63 EF 1C 38 DF E3 73 DD 27 29 CA 23 24 0C E1 71  c..8..s.').#$..q
00006F80:  67 B5 1D D5 56 FA EE 87 00 0A 9A AA 99 94 1C EF  g...V...........
00006F90:  68 71 13 30 A4 CF B4 D9 EE 46 AE 97 61 E2 BC EA  hq.0.....F..a...
00006FA0:  68 E4 18 77 62 17 EF 2E 91 2C 90 2F 05 AB E5 AE  h..wb....,./....
00006FB0:  90 5F 25 18 7E 4A A0 B7 0D 6F F3 E6 2B E5 A3 14  ._%.~J...o..+...
00006FC0:  F7 A8 DE 02 BD 71 BF 8F 7E 5F 26 63 7E D8 8D FF  .....q..~_&c~...
00006FD0:  04 79 B8 29 6D 7A F5 A1 9D 95 04 50 0C D9 CB 7F  .y.)mz.....P....
00006FE0:  ED 2C 94 20 85 58 C8 92 19 4E DD 2A 4B A6 D8 85  .,. .X...N.*K...
00006FF0:  FD 21 A5 70 09 11 AB C7 13 0B 36 7B 13 F8 EB AA  .!.p......6{....
00007000:  41 83 B6 E3 D9 0A 76 F5 72 CA F7 29 FC 39 F4 5F  A.....v.r..).9._
00007010:  34 31 4C 1C 1F 99 EE 87 00 0A 9A AA 99 94 1C EF  41L.............
00007020:  68 71 13 30 A4 CF B4 D9 EE 46 AE 97 61 E2 BC EA  hq.0.....F..a...
00007030:  68 E4 18 77 62 17 EF 2E 91 2C 90 2F 05 AB E5 AE  h..wb....,./....
00007040:  90 5F 25 18 7E 4A A0 B7 0D 6F F3 E6 2B E5 A3 14  ._%.~J...o..+...
00007050:  F7 A8 DE 02 BD 71 BF 8F 7E 5F 26 63 7E D8 8D FF  .....q..~_&c~...
00007060:  04 79 B8 29 6D 7A F5 A1 9D 95 04 50 0C D9 CB 7F  .y.)mz.....P....
00007070:  ED 2C 94 20 85 58 FB 3C 94 E8 4E BC AC C0 46 FE  .,. .X.<..N...F.
00007080:  B9 47 99 19 FE 9A 6D 30 B2 A9 28 B6 1A B9 BD BD  .G....m0..(.....
00007090:  91 B8 AF 27 D0 17 38 6D C2 27 DC CD 24 1C 7F 3C  ...'..8m.'..$..<
000070A0:  C9 CF F1 26 F8 10 DB 04 5C 87 EE C6 87 C4 55 3D  ...&....\.....U=
000070B0:  63 52 89 1B 79 E3 98 76 A4 56 89 87 D4 81 37 25  cR..y..v.V....7%
000070C0:  50 4C D5 7F 45 49 00 00 00 00 00 00 00 00 00 00  PL..EI..........
000070D0:  00 00 00 00 00 00 00 00 00 00 00 00 00 00 00 00  ................ [zeros]
000070E0:  00 00 00 00 00 00 00 00 00 00 00 00 00 00 00 00  ................ [zeros]
000070F0:  00 00 00 00 00 00 00 00 00 00 00 00 00 00 00 00  ................ [zeros]
00007100:  00 00 00 00 00 00 00 00 00 00 00 00 00 00 00 00  ................ [zeros]
00007110:  00 00 00 00 00 00 F7 B8 B2 36 8A 84 C7 53 FF 62  .........6...S.b
00007120:  4F 93 05 7C E6 79 CE 30 98 89 56 18 C8 A5 29 54  O..|.y.0..V...)T
00007130:  EE 43 82 49 A7 B7 2D A2 C8 61 39 97 7E 5B 5D 05  .C.I..-..a9.~[].
00007140:  98 58 67 C2 7A 63 8E EE 8A 48 6A 68 CC 0A AD 02  .Xg.zc...Hjh....
00007150:  3B EF 13 CB C4 3A 00 00 00 00 00 00 00 00 00 00  ;....:..........
00007160:  00 00 00 00 00 00 00 00 00 00 00 00 00 00 00 00  ................ [zeros]
00007170:  00 00 00 00 00 00 00 00 00 00 00 00 00 00 00 00  ................ [zeros]
00007180:  00 00 00 00 00 00 00 00 00 00 00 00 00 00 00 00  ................ [zeros]
00007190:  00 00 00 00 00 00 00 00 00 00 00 00 00 00 00 00  ................ [zeros]
000071A0:  00 00 00 00 00 00 00 00 00 00 00 00 00 00 00 00  ................ [zeros]
000071B0:  00 00 00 00 00 00 00 00 00 00 00 00 00 00 00 00  ................ [zeros]
000071C0:  00 00 00 00 00 00 00 00 00 00 00 00 00 00 00 00  ................ [zeros]
000071D0:  00 00 00 00 00 00 00 00 00 00 00 00 00 00 00 00  ................ [zeros]
000071E0:  00 00 00 00 00 00 00 00 00 00 00 00 00 00 00 00  ................ [zeros]
000071F0:  00 00 00 00 00 00 00 00 00 00 00 00 00 00 00 00  ................ [zeros]
00007200:  00 00 00 00 00 00 39 95 52 31 33 09 B0 DD FB 49  ......9.R13....I
00007210:  DB 81 04 FB 88 49 F1 3B 65 4D 61 81 23 72 1C 5B  .....I.;eMa.#r.[
00007220:  83 D6 1C FF 0C 33 AA 6A BF 96 53 6F 0D 15 86 4B  .....3.j..So...K
00007230:  CC C6 74 9A 31 DB A4 49 20 85 71 70 66 28 DA F2  ..t.1..I .qpf(..
00007240:  14 43 65 FC 3C 6A CC 68 36 86 B0 E3 30 5D AC 55  .Ce.<j.h6...0].U
00007250:  D1 31 76 04 DC C3 00 00 00 00 00 00 00 00 00 00  .1v.............
00007260:  00 00 00 00 00 00 00 00 00 00 00 00 00 00 00 00  ................ [zeros]
00007270:  00 00 00 00 00 00 00 00 00 00 00 00 00 00 00 00  ................ [zeros]
00007280:  00 00 00 00 00 00 00 00 00 00 00 00 00 00 00 00  ................ [zeros]
00007290:  00 00 00 00 00 00 00 00 00 00 00 00 00 00 00 00  ................ [zeros]
000072A0:  00 00 00 00 00 00 70 CC 1A 2D 78 F4 03 ED 12 81  ......p..-x.....
000072B0:  27 39 2E 28 67 6D 27 6A 07 05 D2 35 DE 04 56 04  '9.(gm'j...5..V.
000072C0:  51 E3 89 16 BA 17 00 00 00 00 00 00 00 00 00 00  Q...............
000072D0:  00 00 00 00 00 00 00 00 00 00 00 00 00 00 00 00  ................ [zeros]
000072E0:  00 00 00 00 00 00 00 00 00 00 00 00 00 00 00 00  ................ [zeros]
000072F0:  00 00 00 00 00 00 00 00 00 00 00 00 00 00 00 00  ................ [zeros]
00007300:  00 00 00 00 00 00 00 00 00 00 00 00 00 00 00 00  ................ [zeros]
00007310:  00 00 00 00 00 00 00 00 00 00 00 00 00 00 00 00  ................ [zeros]
00007320:  00 00 00 00 00 00 00 00 00 00 00 00 00 00 00 00  ................ [zeros]
00007330:  00 00 00 00 00 00 00 00 00 00 00 00 00 00 00 00  ................ [zeros]
00007340:  00 00 00 00 00 00 00 00 00 00 00 00 00 00 00 00  ................ [zeros]
00007350:  00 00 00 00 00 00 00 00 00 00 00 00 00 00 00 00  ................ [zeros]
00007360:  00 00 00 00 00 00 00 00 00 00 00 00 00 00 00 00  ................ [zeros]
00007370:  00 00 00 00 00 00 FD E7 04 AE 5A 8B C7 73 30 7F  ..........Z..s0.
00007380:  3E B6 DA 62 2F D3 48 31 53 BF 28 FB 1C 2C 0C A6  >..b/.H1S.(..,..
00007390:  AF B1 54 87 07 F5 69 20 90 BA 76 47 30 20 54 65  ..T...i ..vG0 Te
000073A0:  6D 4C AB 23 87 FF D2 F0 52 3E 85 2A 25 2F 38 8A  mL.#....R>.*%/8.
000073B0:  B7 99 16 E6 0A EE 00 00 00 00 00 00 00 00 00 00  ................
000073C0:  00 00 00 00 00 00 00 00 00 00 00 00 00 00 00 00  ................ [zeros]
000073D0:  00 00 00 00 00 00 00 00 00 00 00 00 00 00 00 00  ................ [zeros]
000073E0:  00 00 00 00 00 00 00 00 00 00 00 00 00 00 00 00  ................ [zeros]
000073F0:  00 00 00 00 00 00 00 00 00 00 00 00 00 00 00 00  ................ [zeros]
00007400:  00 00 00 00 00 00 27 F6 FC 6C 4F BF 46 81 B2 0D  ......'..lO.F...
00007410:  C9 5B F2 6C 19 BC 35 78 8E 1E 35 25 84 F0 EF B5  .[.l..5x..5%....
00007420:  65 8B 0C D8 81 7C 00 00 00 00 00 00 00 00 00 00  e....|..........
00007430:  00 00 00 00 00 00 00 00 00 00 00 00 00 00 00 00  ................ [zeros]
00007440:  00 00 00 00 00 00 00 00 00 00 00 00 00 00 00 00  ................ [zeros]
00007450:  00 00 00 00 00 00 00 00 00 00 00 00 00 00 00 00  ................ [zeros]
00007460:  00 00 00 00 00 00 00 00 00 00 00 00 00 00 00 00  ................ [zeros]
00007470:  00 00 00 00 00 00 00 00 00 00 00 00 00 00 00 00  ................ [zeros]
00007480:  00 00 00 00 00 00 00 00 00 00 00 00 00 00 00 00  ................ [zeros]
00007490:  00 00 00 00 00 00 00 00 00 00 00 00 00 00 00 00  ................ [zeros]
000074A0:  00 00 00 00 00 00 00 00 00 00 00 00 00 00 00 00  ................ [zeros]
000074B0:  00 00 00 00 00 00 00 00 00 00 00 00 00 00 00 00  ................ [zeros]
000074C0:  00 00 00 00 00 00 00 00 00 00 00 00 00 00 00 00  ................ [zeros]
000074D0:  00 00 00 00 00 00 6C 4E 31 34 54 36 FD 5B 98 0A  ......lN14T6.[..
000074E0:  E8 6C A0 BB E4 40 2F 87 8E C6 54 E5 39 20 B4 98  .l...@/...T.9 ..
000074F0:  DE 40 06 2B BF 9A 8B E7 B3 87 5E 6C 2D A9 29 40  .@.+......^l-.)@
00007500:  71 41 22 20 14 D0 33 4C 61 12 9A 49 BF F8 48 4D  qA" ..3La..I..HM
00007510:  17 9A B5 2C 2B 4D F7 3F D2 33 82 C1 C5 F5 E3 36  ...,+M.?.3.....6
00007520:  5F AD 0B 0A 70 E5 98 F3 1C 86 89 F1 24 B6 1E 49  _...p.......$..I
00007530:  9D 12 AC 9B C7 62 35 31 E5 A5 05 2E A4 29 EE 5C  .....b51.....).\
00007540:  56 C6 B6 16 1B 7B DF 6A 85 1E B9 CA 7C 20 79 2C  V....{.j....| y,
00007550:  4C 16 DC 09 C7 B7 71 7E B5 EF 53 E1 C3 C7 2A A5  L.....q~..S...*.
00007560:  38 42 76 8A 20 86 BA 04 F0 3F 67 7A E7 05 47 01  8Bv. ....?gz..G.
00007570:  25 67 D1 25 F6 56 F7 78 6C 21 5A 52 F3 61 1C 09  %g.%.V.xl!ZR.a..
00007580:  9D 85 02 3D 03 CA 2F CC 47 69 F2 E0 87 28 4F A0  ...=../.Gi...(O.
00007590:  F0 4D D1 04 01 DD DC 3B 01 86 44 CD D4 0C 18 59  .M.....;..D....Y
000075A0:  38 76 6B 39 6D FC 53 AC BE 61 6B 73 97 AF 65 F7  8vk9m.S..aks..e.
000075B0:  69 A6 89 BE 04 19 31 95 4A E6 E1 C6 ED 99 0D 0A  i.....1.J.......
000075C0:  69 D6 90 95 C0 D6 A6 92 FF BA 78 32 AD 70 6F DC  i.........x2.po.
000075D0:  05 CE EE 34 C9 65 13 10 7C 73 E7 88 DD 8E 9A 28  ...4.e..|s.....(
000075E0:  9E 47 34 55 26 73 6D 12 49 97 80 A8 92 40 11 23  .G4U&sm.I....@.#
000075F0:  68 FF CB C8 E5 E4 38 00 23 D0 B7 B2 02 27 35 4E  h.....8.#....'5N
00007600:  C4 ED 69 90 5F 4E F4 E2 63 A4 59 60 BD 8A D8 A8  ..i._N..c.Y`....
00007610:  7E BE 74 03 10 66 FF 35 3D DC CB EE D5 D4 46 D9  ~.t..f.5=.....F.
00007620:  C5 77 45 8A 71 28 00 00 00 00 00 00 00 00 00 00  .wE.q(..........
00007630:  00 00 00 00 00 00 00 2D 5E B7 A8 CB 5D 0F D0 C8  .......-^...]...
00007640:  28 A8 10 5B 37 C0 6C 88 39 33 CC 61 A3 65 2F 0B  (..[7.l.93.a.e/.
00007650:  9D 41 83 B2 83 0C 2C BB 7A 15 EE 63 E6 74 90 34  .A....,.z..c.t.4
00007660:  65 1B 4F 13 09 C8 00 00 00 00 00 00 00 00 00 00  e.O.............
00007670:  00 00 00 00 00 00 A4 49 20 85 71 70 66 28 DA F2  .......I .qpf(..
00007680:  14 43 65 FC 3C 6A E0 87 85 52 A1 A2 6E 7D 2C FC  .Ce.<j...R..n},.
00007690:  B8 CE 8F 51 94 A5 BF 9B 7E ED 59 FF 8B F7 4F FE  ...Q....~.Y...O.
000076A0:  2A AD 05 E6 2D B0 00 00 00 00 00 00 00 00 00 00  *...-...........
000076B0:  00 00 00 00 00 00 63 03 F5 C2 03 F2 5C 46 DF 65  ......c.....\F.e
000076C0:  85 6F CE 7D 35 F0 C2 76 04 B7 47 09 65 66 78 49  .o.}5..v..G.efxI
000076D0:  30 17 4D CE 1C B9 00 00 00 00 00 00 00 00 00 00  0.M.............
000076E0:  00 00 00 00 00 00 6A 07 5A 5D 4D 6A 5C DB 77 A0  ......j.Z]Mj\.w.
000076F0:  1A DC 06 A2 1F 67 88 64 2F 87 EF 07 7A 7D 3B 07  .....g.d/...z};.
00007700:  95 C1 BE 66 03 DB 40 65 FD C9 0D 08 3B FB F6 22  ...f..@e....;.."
00007710:  0D 11 56 93 11 BB 00 00 00 00 00 00 00 00 00 00  ..V.............
00007720:  00 00 00 00 00 00 00 2D 5E B7 A8 CB 5D 0F D0 C8  .......-^...]...
00007730:  28 A8 10 5B 37 C0 6C 88 39 33 CC 61 A3 65 2F 0B  (..[7.l.93.a.e/.
00007740:  9D 41 83 B2 83 0C 09 65 19 50 39 4E 7E D2 AA BC  .A.....e.P9N~...
00007750:  C7 C4 2C 06 26 E0 00 00 00 00 00 00 00 00 00 00  ..,.&...........
00007760:  00 00 00 00 00 00 00 00 00 00 00 00 00 00 00 00  ................ [zeros]
00007770:  00 00 00 00 00 00 00 00 00 00 00 00 00 00 00 00  ................ [zeros]
00007780:  00 00 00 00 00 00 00 00 00 00 00 00 00 00 00 00  ................ [zeros]
00007790:  00 00 00 00 00 00 00 00 00 00 00 00 00 00 00 00  ................ [zeros]
000077A0:  00 00 00 00 00 00 00 00 00 00 00 00 00 00 00 00  ................ [zeros]
000077B0:  00 00 00 00 00 00 00 00 00 00 00 00 00 00 00 00  ................ [zeros]
000077C0:  00 00 00 00 00 00 00 00 00 00 00 00 00 00 00 00  ................ [zeros]
000077D0:  00 00 00 00 00 00 00 00 00 00 00 00 00 00 00 00  ................ [zeros]
000077E0:  00 00 00 00 00 00 00 00 00 00 00 00 00 00 00 00  ................ [zeros]
000077F0:  00 00 00 00 00 00 00 00 00 00 00 00 00 00 00 00  ................ [zeros]
00007800:  00 00 00 00 00 00 00 00 00 00 00 00 00 00 00 00  ................ [zeros]
00007810:  00 00 00 00 00 00 00 00 00 00 00 00 00 00 00 00  ................ [zeros]
00007820:  00 00 00 00 00 00 D8 5D 0F 9A 05 E2 06 C8 CC AF  .......]........
00007830:  67 67 AD 02 DA 20 45 9B 6A 69 D1 EC F0 00 A8 73  gg... E.ji.....s
00007840:  37 6F AF 36 26 15 2C 08 A0 89 37 81 B3 5F 74 CA  7o.6&.,...7.._t.
00007850:  33 6C C7 BA 84 AC 00 00 00 00 00 00 00 00 00 00  3l..............
00007860:  00 00 00 00 00 00 37 98 A3 13 BF D5 31 9E CD 56  ......7.....1..V
00007870:  7D 36 BE DE 39 12 00 00 00 00 00 00 00 00 00 00  }6..9...........
00007880:  00 00 00 00 00 00 7C 7B C6 6D 50 FE 49 9B 21 43  ......|{.mP.I.!C
00007890:  BE E3 6C 41 68 02 4A 5B 5A 64 D6 05 2C 6D D2 C3  ..lAh.J[Zd..,m..
000078A0:  7F 5F 5C 1F 19 1A F3 57 2A 94 4E 36 1A 19 F8 E4  ._\....W*.N6....
000078B0:  4B D1 D6 15 8A 92 CB 9C 35 73 88 CE 27 0E AD D5  K.......5s..'...
000078C0:  6C C7 1D 5C 4A 6E C5 09 1E 18 DD BB 5F 72 6C 78  l..\Jn......_rlx
000078D0:  83 27 75 7F BF 14 6B F5 2A 97 45 1D 70 6E AB FA  .'u...k.*.E.pn..
000078E0:  19 29 5A 07 70 53 06 F9 85 6D 43 6D 4F 42 D3 D2  .)Z.pS...mCmOB..
000078F0:  EA F6 39 F8 ED CE 1C 79 C4 20 61 F9 C6 8C C7 11  ..9....y. a.....
00007900:  B3 55 52 79 75 9B EE FD CC 3A F5 89 C3 B1 ED D8  .URyu....:......
00007910:  A3 5B F8 63 24 D5 C3 AD C9 73 BE 58 DB 40 17 AF  .[.c$....s.X.@..
00007920:  06 49 52 D4 68 00 5C 87 80 E5 DB A9 F4 F1 55 40  .IR.h.\.......U@
00007930:  B7 14 BF AF F5 99 F3 87 89 3D 66 F4 F6 98 CE B6  .........=f.....
00007940:  0A 6A 33 37 04 64 F0 90 BF 24 10 C9 8A 34 C4 BC  .j37.d...$...4..
00007950:  95 02 44 82 8C 4E C0 15 56 CD BF FF 3C CB F2 73  ..D..N..V...<..s
00007960:  AE 5C 22 4F C0 1F 76 08 77 9D 2B 03 A2 0A 1C E1  .\"O..v.w.+.....
00007970:  11 D2 E5 0A 1B 3A 5A CB 9A 9B 69 88 64 23 B8 B1  .....:Z...i.d#..
00007980:  69 90 24 7A DF EF 05 6B BB 0A EC C7 AB B8 40 D4  i.$z...k......@.
00007990:  90 7A 0F EB 66 70 89 F0 E0 3B 11 BE E6 02 49 46  .z..fp...;....IF
000079A0:  C7 B3 F2 2F 6B 38 00 00 00 00 00 00 00 00 00 00  .../k8..........
000079B0:  00 00 00 00 00 00 00 00 00 00 00 00 00 00 00 00  ................ [zeros]
000079C0:  00 00 00 00 00 00 BF 9B 7E ED 59 FF 8B F7 4F FE  ........~.Y...O.
000079D0:  2A AD 05 E6 2D B0 00 00 00 00 00 00 00 00 00 00  *...-...........
000079E0:  00 00 00 00 00 00 00 00 00 00 00 00 00 00 00 00  ................ [zeros]
000079F0:  00 00 00 00 00 00 00 00 00 00 00 00 00 00 00 00  ................ [zeros]
00007A00:  00 00 00 00 00 00 9C 44 3C CE B4 6D E9 17 DA 9A  .......D<..m....
00007A10:  6C 91 FD DD 38 67 00 00 00 00 00 00 00 00 00 00  l...8g..........
00007A20:  00 00 00 00 00 00 00 00 00 00 00 00 00 00 00 00  ................ [zeros]
00007A30:  00 00 00 00 00 00 95 0E 3F 47 58 BE BE 24 74 FE  ........?GX..$t.
00007A40:  67 9C 59 D3 91 EE 00 00 00 00 00 00 00 00 00 00  g.Y.............
00007A50:  00 00 00 00 00 00 00 00 00 00 00 00 00 00 00 00  ................ [zeros]
00007A60:  00 00 00 00 00 00 20 EC C9 2F 1B AC AB C5 99 D2  ...... ../......
00007A70:  4A 4B C9 3F BB 31 00 00 00 00 00 00 00 00 00 00  JK.?.1..........
00007A80:  00 00 00 00 00 00 00 00 00 00 00 00 00 00 00 00  ................ [zeros]
00007A90:  00 00 00 00 00 00 30 2C 48 37 30 88 80 8F FA 83  ......0,H70.....
00007AA0:  0F 36 CF C5 8C 82 00 00 00 00 00 00 00 00 00 00  .6..............
00007AB0:  00 00 00 00 00 00 00 00 00 00 00 00 00 00 00 00  ................ [zeros]
00007AC0:  00 00 00 00 00 00 00 00 00 00 00 00 00 00 00 00  ................ [zeros]
00007AD0:  00 00 00 00 00 00 E6 35 97 A8 41 A0 45 29 EF E6  .......5..A.E)..
00007AE0:  73 DD 77 92 32 E5 00 00 00 00 00 00 00 00 00 00  s.w.2...........
00007AF0:  00 00 00 00 00 00 00 00 00 00 00 00 00 00 00 00  ................ [zeros]
00007B00:  00 00 00 00 00 00 A1 A0 4E 26 FB 99 20 3E F7 8A  ........N&.. >..
00007B10:  3A CF C6 9B C0 BF 36 CB 90 EF 28 46 55 F8 73 6E  :.....6...(FU.sn
00007B20:  E1 89 C8 68 60 FE 7C 61 5D 05 9E A6 16 77 02 A4  ...h`.|a]....w..
00007B30:  61 2A AC D3 A6 66 CE CB 80 62 D6 6D 84 2D FC CF  a*...f...b.m.-..
00007B40:  E2 B7 DA 32 14 B2 8C FE 56 EE BC D9 17 ED D3 E9  ...2....V.......
00007B50:  07 44 9A B9 1E CC 1A D5 53 E5 7A D7 DB A1 B7 6E  .D......S.z....n
00007B60:  95 39 48 94 6C 7E 60 2C CA EC 81 59 6A 61 DD 96  .9H.l~`,...Yja..
00007B70:  A1 F1 64 98 1B BA BD 74 EE 8B 61 C9 5E 77 96 8A  ..d....t..a.^w..
00007B80:  94 0E 28 00 5E 29 48 45 17 2C 87 19 37 EB 03 E3  ..(.^)HE.,..7...
00007B90:  B2 25 2F F0 AC E4 30 D6 17 D7 D0 02 37 E2 E9 D9  .%/...0.....7...
00007BA0:  FE 15 9B DB 66 16 FF B8 FC FF 5B 7D 49 14 18 CD  ....f.....[}I...
00007BB0:  96 40 CE FB D6 E7 99 3C 13 97 E3 4D 11 CD 89 24  .@.....<...M...$
00007BC0:  39 3E FC 73 F4 AB 3E 0B 66 71 D2 B3 1C 7F AE 4B  9>.s..>.fq.....K
00007BD0:  E6 52 D9 45 2F E8 F0 BA 4C BD 74 13 D8 91 3F 95  .R.E/...L.t...?.
00007BE0:  53 E8 42 DC CC 0F 3F AE E7 4B 07 94 25 54 53 DB  S.B...?..K..%TS.
00007BF0:  2C 07 EE 22 D3 12 C2 31 77 34 B3 86 F2 39 C6 63  ,.."...1w4...9.c
00007C00:  9B 2D 03 06 4F 6B 1C 78 37 F3 20 7C D1 FE 93 4A  .-..Ok.x7. |...J
00007C10:  EB BE 3C E1 63 DE 37 1A B5 89 E6 B0 CE 9E EA 45  ..<.c.7........E
00007C20:  69 70 1C B1 26 80 37 1A B5 89 E6 B0 CE 9E EA 45  ip..&.7........E
00007C30:  69 70 1C B1 26 80 37 1A B5 89 E6 B0 CE 9E EA 45  ip..&.7........E
00007C40:  69 70 1C B1 26 80 F7 59 59 CE 7A 66 6A C8 3B CD  ip..&..YY.zfj.;.
00007C50:  E0 D1 48 8D 27 28 52 BE 88 AD 7E 48 74 5D D0 24  ..H.'(R...~Ht].$
00007C60:  2E 69 C4 C9 54 FC 52 BE 88 AD 7E 48 74 5D D0 24  .i..T.R...~Ht].$
00007C70:  2E 69 C4 C9 54 FC B5 A2 C1 EE B6 B6 51 A5 03 18  .i..T.......Q...
00007C80:  9D 4B 3C 32 66 99 92 BA 4B 0E DC 9D 23 63 67 6A  .K<2f...K...#cgj
00007C90:  50 00 07 22 99 85 F8 46 CE 1A F7 10 81 69 CE A4  P.."...F.....i..
00007CA0:  C7 9D 3B B3 7D BD 66 EE 6F 9E 9D 7E 96 B1 19 C7  ..;.}.f.o..~....
00007CB0:  3F 96 74 D9 59 28 99 20 91 8D D0 08 DA 03 BD 3E  ?.t.Y(. .......>
00007CC0:  0C F2 20 52 9A 8C 37 B5 90 76 76 E3 C6 EB 55 6F  .. R..7..vv...Uo
00007CD0:  B1 8E 5E 2A 1C 7D 1D A4 7E 18 1E 25 B3 1F FF A5  ..^*.}..~..%....
00007CE0:  DD 13 55 7E 21 63 9E 7A 29 08 F5 5B 71 7F E1 0A  ..U~!c.z)..[q...
00007CF0:  F7 CD 95 A6 96 4B 9E 7A 29 08 F5 5B 71 7F E1 0A  .....K.z)..[q...
00007D00:  F7 CD 95 A6 96 4B 9E 7A 29 08 F5 5B 71 7F E1 0A  .....K.z)..[q...
00007D10:  F7 CD 95 A6 96 4B 0F A3 D6 C6 AF 5A 45 D3 41 82  .....K.....ZE.A.
00007D20:  D7 07 C2 0C 50 8F C8 29 F3 0A 3A 9B 61 45 83 75  ....P..)..:.aE.u
00007D30:  90 4A 3B 45 57 6B 64 A8 54 DF D0 C0 46 CB B8 66  .J;EWkd.T...F..f
00007D40:  7C E2 C9 08 57 4A BD B0 0A EB D4 A7 2A 5E 41 53  |...WJ......*^AS
00007D50:  4B 9C 5F 34 B8 93 97 56 1B 34 03 96 E7 AD 4F B1  K._4...V.4....O.
00007D60:  75 E4 8E B4 96 52 C5 49 79 77 5F 90 B5 4E 66 18  u....R.Iyw_..Nf.
00007D70:  59 AC 41 02 F9 CA 9F AE C4 B3 53 4D 19 FE FF 5F  Y.A.......SM..._
00007D80:  F7 A4 95 FF F8 38 2D 8C 55 15 D0 97 44 71 48 E4  .....8-.U...DqH.
00007D90:  26 BA 37 BC 04 65 52 26 CA C3 43 69 3C 3D 3A 8F  &.7..eR&..Ci<=:.
00007DA0:  5B A3 21 F2 5A 6F 5B C5 1E 20 81 DD 6F 4D B8 AF  [.!.Zo[.. ..oM..
00007DB0:  F8 FE DD 6E 7D 12 C8 29 F3 0A 3A 9B 61 45 83 75  ...n}..)..:.aE.u
00007DC0:  90 4A 3B 45 57 6B 64 A8 54 DF D0 C0 46 CB B8 66  .J;EWkd.T...F..f
00007DD0:  7C E2 C9 08 57 4A BD B0 0A EB D4 A7 2A 5E 41 53  |...WJ......*^AS
00007DE0:  4B 9C 5F 34 B8 93 97 56 1B 34 03 96 E7 AD 4F B1  K._4...V.4....O.
00007DF0:  75 E4 8E B4 96 52 C5 49 79 77 5F 90 B5 4E 66 18  u....R.Iyw_..Nf.
00007E00:  59 AC 41 02 F9 CA 9F AE C4 B3 53 4D 19 FE FF 5F  Y.A.......SM..._
00007E10:  F7 A4 95 FF F8 38 BA D5 1E 78 0D 0F A0 30 84 11  .....8...x...0..
00007E20:  A9 28 A3 18 CE 93 6D AB 79 C5 14 72 0C 04 94 B9  .(....m.y..r....
00007E30:  8B 77 7C 27 93 87 B6 51 8C 27 51 D2 DD AE 62 FB  .w|'...Q.'Q...b.
00007E40:  6F 4B 1E EC 30 1C DF C5 B5 65 C8 1E 07 B1 C6 38  oK..0....e.....8
00007E50:  F9 24 A0 97 E0 CD 0E D6 CF D0 42 C0 8C 1A 54 3C  .$........B...T<
00007E60:  9E 16 8E 22 4E 90 7A E3 C3 94 0C 94 7D 3E BE D2  ..."N.z.....}>..
00007E70:  D6 FC 66                                         ..f

; --- structure summary (block types) ---
; 0x00000060..+0xD0  data   (208 bytes)
; 0x00000130..+0x40  zeros  (64 bytes)
; 0x00000170..+0x220  data   (544 bytes)
; 0x00000390..+0x170  zeros  (368 bytes)
; 0x00000500..+0x580  data   (1408 bytes)
; 0x00000A80..+0x3F0  zeros  (1008 bytes)
; 0x00000E70..+0x20  data   (32 bytes)
; 0x00000E90..+0x3E0  zeros  (992 bytes)
; 0x00001270..+0x20  data   (32 bytes)
; 0x00001290..+0x3E0  zeros  (992 bytes)
; 0x00001670..+0x20  data   (32 bytes)
; 0x00001690..+0x3E0  zeros  (992 bytes)
; 0x00001A70..+0x2630  data   (9776 bytes)
; 0x000040A0..+0x10  zeros  (16 bytes)
; 0x000040B0..+0x40  data   (64 bytes)
; 0x000040F0..+0x70  zeros  (112 bytes)
; 0x00004160..+0x120  data   (288 bytes)
; 0x00004280..+0xA0  zeros  (160 bytes)
; 0x00004320..+0x60  data   (96 bytes)
; 0x00004380..+0x150  zeros  (336 bytes)
; 0x000044D0..+0x40  data   (64 bytes)
; 0x00004510..+0xF0  zeros  (240 bytes)
; 0x00004600..+0xE0  data   (224 bytes)
; 0x000046E0..+0x5F0  zeros  (1520 bytes)
; 0x00004CD0..+0x140  data   (320 bytes)
; 0x00004E10..+0xF0  zeros  (240 bytes)
; 0x00004F00..+0x220  data   (544 bytes)
; 0x00005120..+0x30  zeros  (48 bytes)
; 0x00005150..+0xA0  data   (160 bytes)
; 0x000051F0..+0xA0  zeros  (160 bytes)
; 0x00005290..+0xB0  data   (176 bytes)
; 0x00005340..+0x10  zeros  (16 bytes)
; 0x00005350..+0xD0  data   (208 bytes)
; 0x00005420..+0xC0  zeros  (192 bytes)
; 0x000054E0..+0x280  data   (640 bytes)
; 0x00005760..+0x50  zeros  (80 bytes)
; 0x000057B0..+0x170  data   (368 bytes)
; 0x00005920..+0x30  zeros  (48 bytes)
; 0x00005950..+0x290  data   (656 bytes)
; 0x00005BE0..+0x60  zeros  (96 bytes)
; 0x00005C40..+0xF0  data   (240 bytes)
; 0x00005D30..+0xD0  zeros  (208 bytes)
; 0x00005E00..+0x240  data   (576 bytes)
; 0x00006040..+0xD0  zeros  (208 bytes)
; 0x00006110..+0x230  data   (560 bytes)
; 0x00006340..+0x30  zeros  (48 bytes)
; 0x00006370..+0x60  data   (96 bytes)
; 0x000063D0..+0xA0  zeros  (160 bytes)
; 0x00006470..+0x60  data   (96 bytes)
; 0x000064D0..+0x30  zeros  (48 bytes)
; 0x00006500..+0x30  data   (48 bytes)
; 0x00006530..+0xA0  zeros  (160 bytes)
; 0x000065D0..+0x60  data   (96 bytes)
; 0x00006630..+0x40  zeros  (64 bytes)
; 0x00006670..+0x30  data   (48 bytes)
; 0x000066A0..+0xA0  zeros  (160 bytes)
; 0x00006740..+0x290  data   (656 bytes)
; 0x000069D0..+0xC0  zeros  (192 bytes)
; 0x00006A90..+0x190  data   (400 bytes)
; 0x00006C20..+0x10  zeros  (16 bytes)
; 0x00006C30..+0x20  data   (32 bytes)
; 0x00006C50..+0x10  zeros  (16 bytes)
; 0x00006C60..+0x20  data   (32 bytes)
; 0x00006C80..+0x10  zeros  (16 bytes)
; 0x00006C90..+0x20  data   (32 bytes)
; 0x00006CB0..+0x20  zeros  (32 bytes)
; 0x00006CD0..+0x20  data   (32 bytes)
; 0x00006CF0..+0x10  zeros  (16 bytes)
; 0x00006D00..+0x20  data   (32 bytes)
; 0x00006D20..+0x10  zeros  (16 bytes)
; 0x00006D30..+0x20  data   (32 bytes)
; 0x00006D50..+0x20  zeros  (32 bytes)
; 0x00006D70..+0x360  data   (864 bytes)
; 0x000070D0..+0x40  zeros  (64 bytes)
; 0x00007110..+0x50  data   (80 bytes)
; 0x00007160..+0xA0  zeros  (160 bytes)
; 0x00007200..+0x60  data   (96 bytes)
; 0x00007260..+0x40  zeros  (64 bytes)
; 0x000072A0..+0x30  data   (48 bytes)
; 0x000072D0..+0xA0  zeros  (160 bytes)
; 0x00007370..+0x50  data   (80 bytes)
; 0x000073C0..+0x40  zeros  (64 bytes)
; 0x00007400..+0x30  data   (48 bytes)
; 0x00007430..+0xA0  zeros  (160 bytes)
; 0x000074D0..+0x290  data   (656 bytes)
; 0x00007760..+0xC0  zeros  (192 bytes)
; 0x00007820..+0x190  data   (400 bytes)
; 0x000079B0..+0x10  zeros  (16 bytes)
; 0x000079C0..+0x20  data   (32 bytes)
; 0x000079E0..+0x20  zeros  (32 bytes)
; 0x00007A00..+0x20  data   (32 bytes)
; 0x00007A20..+0x10  zeros  (16 bytes)
; 0x00007A30..+0x20  data   (32 bytes)
; 0x00007A50..+0x10  zeros  (16 bytes)
; 0x00007A60..+0x20  data   (32 bytes)
; 0x00007A80..+0x10  zeros  (16 bytes)
; 0x00007A90..+0x20  data   (32 bytes)
; 0x00007AB0..+0x20  zeros  (32 bytes)
; 0x00007AD0..+0x20  data   (32 bytes)
; 0x00007AF0..+0x10  zeros  (16 bytes)
; 0x00007B00..+0x370  data   (880 bytes)
