; Decrypted GatewaySettings dump (see FORMAT.md)
; key = 5db127c2df5ad3ae9e153f07ea167c3a (aligned at 0x60)

00000060:  42 69 1F 6E 6D 61 85 88 FC 29 4B 2E 10 61 EF 25  Bi.nma...)K..a.%
00000070:  66 F4 F3 24 A3 56 CB 8C 30 B1 06 95 DF EC 09 44  f..$.V..0......D
00000080:  8B 1F 8B AE D2 9F 40 92 E8 A8 BF C9 64 B9 77 72  ......@.....d.wr
00000090:  AB 04 1F 62 AC 1D 17 45 BF B4 79 F7 2B 68 77 11  ...b...E..y.+hw.
000000A0:  96 84 6C 62 51 7B 00 00 00 00 00 00 00 00 00 00  ..lbQ{..........
000000B0:  00 00 00 00 00 00 BA 17 2E 49 12 A7 56 FE BB BC  .........I..V...
000000C0:  0A ED B2 C0 9C F3 75 E3 07 38 1D CA 83 34 0D CE  ......u..8...4..
000000D0:  92 84 E7 00 8D 1C 1C EE 92 F6 AA BF 9D 07 43 13  ..............C.
000000E0:  82 20 03 9F 15 BA CF 40 3D 36 84 D8 7E DB 03 9F  . .....@=6..~...
000000F0:  8A 6A 4E 02 01 38 8A 7A 80 0A ED AD 9D 68 81 B5  .jN..8.z.....h..
00000100:  83 2A FB 0A 78 9A 64 B0 D7 7B E8 80 AF 10 D8 07  .*..x.d..{......
00000110:  28 9D F6 26 B1 4B 3A 6D 21 FA CB 61 BE 2B 78 4B  (..&.K:m!..a.+xK
00000120:  AF 02 14 B4 19 8C 00 00 00 00 00 00 00 00 00 00  ................
00000130:  00 00 00 00 00 00 00 00 00 00 00 00 00 00 00 00  ................ [zeros]
00000140:  00 00 00 00 00 00 00 00 00 00 00 00 00 00 00 00  ................ [zeros]
00000150:  00 00 00 00 00 00 00 00 00 00 00 00 00 00 00 00  ................ [zeros]
00000160:  00 00 00 00 00 00 00 00 00 00 00 00 00 00 00 00  ................ [zeros]
00000170:  00 00 00 00 00 00 E3 F8 3D C7 23 27 9E D5 D9 EB  ........=.#'....
00000180:  C2 8C D8 15 7F 2E 66 50 DD 0B 59 A8 65 BA 61 1B  ......fP..Y.e.a.
00000190:  6D 33 59 B3 65 71 ED 51 B6 93 0D EF 8E 1B 6D D8  m3Y.eq.Q......m.
000001A0:  37 23 1E C6 08 BE 56 36 6F 10 93 FF 04 BC C7 8B  7#....V6o.......
000001B0:  29 5E 49 08 B3 23 22 EE B5 17 26 F5 5E 29 7B 2B  )^I..#"...&.^){+
000001C0:  81 D8 FB 00 27 C3 41 58 8B 31 9F D7 A3 2B FA D3  ....'.AX.1...+..
000001D0:  F4 38 CB 5E C2 41 7F F6 67 CC 77 7F 7A F1 55 BA  .8.^.A..g.w.z.U.
000001E0:  43 62 FE 8F 66 D3 35 1B 59 C6 1D BB 4D 1C 0E 34  Cb..f.5.Y...M..4
000001F0:  7A 13 A9 56 BC 7B BF 3B 45 38 80 CE 3D EE 5D BA  z..V.{.;E8..=.].
00000200:  33 8D 97 BA 60 80 D4 DE BE 76 CC 37 57 07 A6 42  3...`....v.7W..B
00000210:  3C A8 1D 1A 73 5F 1F 98 4F 16 48 EF F8 A9 0C 4A  <...s_..O.H....J
00000220:  A0 FD C9 A0 D7 80 8B BC CA 0F B4 D0 D6 E3 7D 13  ..............}.
00000230:  AC 37 67 D1 01 7D AC D7 7F 96 65 A1 7D FC 98 93  .7g..}....e.}...
00000240:  AE A6 99 63 2B AF 75 78 32 91 D8 54 D2 AF 69 9C  ...c+.ux2..T..i.
00000250:  BC F1 9F 0E 96 F9 79 1B A4 E1 32 4B 52 16 06 63  ......y...2KR..c
00000260:  F7 08 48 9B D9 02 55 F7 3C EA 27 DC 82 1F 7E 4E  ..H...U.<.'...~N
00000270:  29 ED 3C 21 92 E2 5D A4 07 FF CD A3 14 61 44 56  ).<!..]......aDV
00000280:  0B 14 42 97 8E 7E AA 63 12 0C D2 76 21 2B AB F3  ..B..~.c...v!+..
00000290:  24 53 BF 56 7A 16 51 A9 12 60 67 38 69 C8 53 3B  $S.Vz.Q..`g8i.S;
000002A0:  94 0F 07 51 44 13 58 84 44 98 9E 1E 95 3C 85 1D  ...QD.X.D....<..
000002B0:  F3 54 70 60 21 57 D7 EB 06 57 81 C3 BD 08 16 DF  .Tp`!W...W......
000002C0:  CA 82 0D B0 3F 5E 70 DA 9F 55 8F 86 F9 75 F2 95  ....?^p..U...u..
000002D0:  01 9C 86 AA 8D FC B8 F0 41 C7 3E 8F F4 B4 CF 3B  ........A.>....;
000002E0:  66 EF 6E D6 4C CE F7 85 4B BB 41 96 8A 18 37 FE  f.n.L...K.A...7.
000002F0:  A7 87 B2 BB 10 B3 E7 E1 D1 19 D2 F5 0C 1B F0 6C  ...............l
00000300:  0E F8 88 A3 32 1E 3D CA 6E 57 33 DE 69 62 7E 41  ....2.=.nW3.ib~A
00000310:  42 7B FC 74 DF 40 19 64 7A D5 AD 1D 80 FF 3C EE  B{.t.@.dz.....<.
00000320:  A3 1F 1F A1 7B 11 19 64 7A D5 AD 1D 80 FF 3C EE  ....{..dz.....<.
00000330:  A3 1F 1F A1 7B 11 2B C6 99 F5 21 1D C1 40 81 87  ....{.+...!..@..
00000340:  60 32 BD 90 12 CA 14 F4 17 B1 63 96 71 53 72 FC  `2........c.qSr.
00000350:  EC 27 F1 FE BA 5C 9D 85 EE 80 A1 B5 41 85 CC 47  .'...\......A..G
00000360:  44 A4 33 94 2B 95 6F C9 A4 96 36 4F 4A 92 36 2C  D.3.+.o...6OJ.6,
00000370:  D1 9E 4D E6 8D 41 2D 5A 7D F9 98 47 F9 57 01 FC  ..M..A-Z}..G.W..
00000380:  8F 65 0F AA 52 48 00 00 00 00 00 00 00 00 00 00  .e..RH..........
00000390:  00 00 00 00 00 00 00 00 00 00 00 00 00 00 00 00  ................ [zeros]
000003A0:  00 00 00 00 00 00 00 00 00 00 00 00 00 00 00 00  ................ [zeros]
000003B0:  00 00 00 00 00 00 00 00 00 00 00 00 00 00 00 00  ................ [zeros]
000003C0:  00 00 00 00 00 00 00 00 00 00 00 00 00 00 00 00  ................ [zeros]
000003D0:  00 00 00 00 00 00 00 00 00 00 00 00 00 00 00 00  ................ [zeros]
000003E0:  00 00 00 00 00 00 00 00 00 00 00 00 00 00 00 00  ................ [zeros]
000003F0:  00 00 00 00 00 00 00 00 00 00 00 00 00 00 00 00  ................ [zeros]
00000400:  00 00 00 00 00 00 00 00 00 00 00 00 00 00 00 00  ................ [zeros]
00000410:  00 00 00 00 00 00 00 00 00 00 00 00 00 00 00 00  ................ [zeros]
00000420:  00 00 00 00 00 00 00 00 00 00 00 00 00 00 00 00  ................ [zeros]
00000430:  00 00 00 00 00 00 00 00 00 00 00 00 00 00 00 00  ................ [zeros]
00000440:  00 00 00 00 00 00 00 00 00 00 00 00 00 00 00 00  ................ [zeros]
00000450:  00 00 00 00 00 00 00 00 00 00 00 00 00 00 00 00  ................ [zeros]
00000460:  00 00 00 00 00 00 00 00 00 00 00 00 00 00 00 00  ................ [zeros]
00000470:  00 00 00 00 00 00 00 00 00 00 00 00 00 00 00 00  ................ [zeros]
00000480:  00 00 00 00 00 00 00 00 00 00 00 00 00 00 00 00  ................ [zeros]
00000490:  00 00 00 00 00 00 00 00 00 00 00 00 00 00 00 00  ................ [zeros]
000004A0:  00 00 00 00 00 00 00 00 00 00 00 00 00 00 00 00  ................ [zeros]
000004B0:  00 00 00 00 00 00 00 00 00 00 00 00 00 00 00 00  ................ [zeros]
000004C0:  00 00 00 00 00 00 00 00 00 00 00 00 00 00 00 00  ................ [zeros]
000004D0:  00 00 00 00 00 00 00 00 00 00 00 00 00 00 00 00  ................ [zeros]
000004E0:  00 00 00 00 00 00 00 00 00 00 00 00 00 00 00 00  ................ [zeros]
000004F0:  00 00 00 00 00 00 00 00 00 00 00 00 00 00 00 00  ................ [zeros]
00000500:  00 00 00 00 00 00 86 C0 0B 2A F2 CD 2A 11 53 08  .........*..*.S.
00000510:  CB 08 CA 33 91 67 09 EF D5 D1 27 1C 63 E2 38 50  ...3.g....'.c.8P
00000520:  CE 36 B5 36 41 D8 94 14 05 D8 F4 47 C2 53 9C 88  .6.6A......G.S..
00000530:  DA 69 48 23 78 E7 1C A0 86 73 58 F4 05 F7 F9 FF  .iH#x....sX.....
00000540:  C4 0D C7 3E B9 C7 AB E2 21 CE E0 6D 69 65 9F 28  ...>....!..mie.(
00000550:  B9 A4 70 72 83 6E ED 8C 19 3F A3 BA 6D 70 B1 34  ..pr.n...?..mp.4
00000560:  48 E6 9C 97 A2 4D 9E 55 6A 93 CF AE 1E 60 46 52  H....M.Uj....`FR
00000570:  D4 D8 69 14 60 09 12 26 E0 2C B1 58 41 C5 AB D2  ..i.`..&.,.XA...
00000580:  12 B4 13 97 CE 86 00 FD 7B E9 6A 94 D8 E6 AC 88  ........{.j.....
00000590:  F1 F9 A9 94 5B 88 73 D5 94 9B 3E 74 22 2A DD F2  ....[.s...>t"*..
000005A0:  60 EF 76 22 69 A8 4A 76 76 B7 11 FD 94 12 CC AA  `.v"i.Jvv.......
000005B0:  80 4C 79 48 48 EC 38 AA 5E 25 C2 62 78 2D CD 50  .LyHH.8.^%.bx-.P
000005C0:  D1 E7 96 6E 16 5B DD 4C D3 1B 62 49 03 EB 60 40  ...n.[.L..bI..`@
000005D0:  48 A4 82 EE E7 1C D5 04 AB 1A 50 5E 88 87 E7 A9  H.........P^....
000005E0:  90 BE 28 AC 77 27 75 B6 3B 28 77 EC 18 6B D3 01  ..(.w'u.;(w..k..
000005F0:  E7 B3 08 8C F4 ED 81 C5 B2 7B 1C AE 8D 78 58 91  .........{...xX.
00000600:  AE 5E D4 6E AC DC FF 9F A6 23 6D B8 F3 86 11 2E  .^.n.....#m.....
00000610:  AF 04 A3 47 06 19 69 63 E4 07 43 2B C6 E4 A7 78  ...G..ic..C+...x
00000620:  CC 8B 30 E5 98 70 24 5B EA 85 15 95 0F E4 EE 1E  ..0..p$[........
00000630:  A4 6D 4B 7A C6 38 1A 18 1A C3 C1 5A 98 98 A6 70  .mKz.8.....Z...p
00000640:  4F 6C 4B 92 A4 07 A8 7D A1 40 16 E4 0F 5C 0F CB  OlK....}.@...\..
00000650:  E2 4E 49 F8 06 7E 57 CF 1F 6D 5E 8C 1F F7 16 52  .NI..~W..m^....R
00000660:  C6 1D B9 55 AF 45 30 14 2F 09 55 71 49 41 4A 24  ...U.E0./.UqIAJ$
00000670:  BA 32 22 1F 9B 76 1E 16 3D 84 69 E4 F7 1B DC C6  .2"..v..=.i.....
00000680:  4A 80 33 B2 25 5E 0D EC EB 27 82 DB 81 E9 82 E8  J.3.%^...'......
00000690:  A7 3B 18 FF 85 4E DC 85 1E 17 50 64 73 9C E0 DC  .;...N....Pds...
000006A0:  13 97 03 EB 02 8E 64 99 5C 61 E0 7C 5C 0D 99 EF  ......d.\a.|\...
000006B0:  5F E5 AF EB 1F 8D D7 B2 C5 CE 45 03 ED AA ED CF  _.........E.....
000006C0:  5C C0 00 40 D2 33 4F 83 D1 2D 37 6B DC B1 2F 7A  \..@.3O..-7k../z
000006D0:  9C 29 7A 3E 55 C5 07 66 A4 01 00 7E 31 4E 67 C2  .)z>U..f...~1Ng.
000006E0:  99 35 32 5D 19 6A B1 C3 BE 77 96 C5 D7 06 D2 15  .52].j...w......
000006F0:  C4 D3 90 E0 B1 20 53 2B 98 07 86 7B 2F F8 66 96  ..... S+...{/.f.
00000700:  87 7E EA AD 81 D5 0F 5B 25 5F 8A 61 E3 29 A6 3F  .~.....[%_.a.).?
00000710:  CD F4 93 A3 F8 0F FD BC B6 4A A0 92 5A 6A 97 09  .........J..Zj..
00000720:  E0 5B 33 76 68 74 C3 87 4B 00 09 8C 39 80 1D 70  .[3vht..K...9..p
00000730:  75 82 71 C2 88 B4 9A 5A 79 97 6B 52 09 D7 43 61  u.q....Zy.kR..Ca
00000740:  0D F7 F9 64 3F 7D F1 C9 02 85 D9 4F DF 00 C4 3E  ...d?}.....O...>
00000750:  A3 EF 10 C0 E5 81 E0 43 D5 F4 27 7B BE 31 02 B4  .......C..'{.1..
00000760:  55 CD 50 B8 64 DE 09 B0 CC F7 DD A8 7A CE D2 1B  U.P.d.......z...
00000770:  9B 45 78 2B 5F 8C 3A 62 54 72 1F 3F 1C 0B CE 9C  .Ex+_.:bTr.?....
00000780:  98 05 E9 1A 07 93 EE 08 86 B0 BF 93 88 EC 51 58  ..............QX
00000790:  FD C4 C6 2D 32 FF F5 88 F3 EB DF B8 BB 29 86 A4  ...-2........)..
000007A0:  14 BE 95 3C 02 27 06 E1 71 F9 45 76 06 42 D5 E4  ...<.'..q.Ev.B..
000007B0:  C9 14 CA 12 8B F1 26 82 7C 2C DB 43 5C D4 60 A1  ......&.|,.C\.`.
000007C0:  62 FD 39 CD 82 BA 96 42 84 84 E3 D5 1B AB A1 41  b.9....B.......A
000007D0:  38 06 2D 3F 1D 3D D2 2D 73 91 6C 1A 62 54 3F 1D  8.-?.=.-s.l.bT?.
000007E0:  10 50 7D ED C6 CD 22 18 7C 34 77 30 EF 04 88 9B  .P}...".|4w0....
000007F0:  7B 65 73 FB AC F2 77 02 69 36 BA DA 85 DB 9A E5  {es...w.i6......
00000800:  3F 0F 62 10 2E F6 A4 FE 58 8B BD 44 96 BD 92 5B  ?.b.....X..D...[
00000810:  E0 40 A0 CF CC 51 4A 0C 3C 03 5D CB D0 FA AF 92  .@...QJ.<.].....
00000820:  E6 68 80 CD BC D0 27 F6 8E 8F EB A5 39 EC EA BF  .h....'.....9...
00000830:  22 7D 21 5B EA E5 DE 01 F4 85 15 10 E2 0C 13 F2  "}![............
00000840:  7A 46 87 D6 DA 63 61 4D F3 F1 56 35 CA BE 11 7B  zF...caM..V5...{
00000850:  1E 12 4B CF 67 06 7F 3D 12 68 3A 21 E5 1F B0 D1  ..K.g..=.h:!....
00000860:  1E B6 0E 72 6E 46 B5 49 46 61 FF 2E CC F9 E5 E9  ...rnF.IFa......
00000870:  1B AA 8F 74 52 E6 9F C1 11 A5 A2 27 BB 5F 4F F1  ...tR......'._O.
00000880:  A6 08 CD C3 F3 D5 30 1B 0E 2C 85 38 D0 E2 AE 60  ......0..,.8...`
00000890:  50 64 0B 1D 0B 0D 6A 0E 43 71 25 84 C7 32 DD 08  Pd....j.Cq%..2..
000008A0:  EE 5E DC 5E 78 D8 5A C3 2A F2 07 D8 F2 A1 3C 56  .^.^x.Z.*.....<V
000008B0:  C9 AC 50 B8 F0 2A 83 61 13 C0 F6 38 FF 17 96 1B  ..P..*.a...8....
000008C0:  6F D9 FC 2E 13 94 45 76 70 96 FA 9B 82 5F A0 A6  o.....Evp...._..
000008D0:  E5 AF 2D 46 7D 9C C2 D9 CB 82 8D E9 9D E5 04 B9  ..-F}...........
000008E0:  83 99 2E E4 68 1D DB 52 1C DE 92 63 AB C2 E4 DE  ....h..R...c....
000008F0:  83 39 59 D9 AC 59 85 D9 88 7F E8 8D D0 CE 0F 1D  .9Y..Y..........
00000900:  BD B0 31 25 0F 22 C9 24 6B 9B A4 46 9E 4A 0A AB  ..1%.".$k..F.J..
00000910:  2E 3C B4 A0 DC 8F 17 69 89 39 FB 6B B8 12 E6 D5  .<.....i.9.k....
00000920:  1C 7F 92 1D F2 3E 8D 3F FC 19 A1 60 0D 6A FF 7E  .....>.?...`.j.~
00000930:  B2 4B E2 CE 5A 52 DD F2 6E B0 A2 2C 51 E2 33 7E  .K..ZR..n..,Q.3~
00000940:  C4 16 AC DD 7D F1 5B AB 52 1A 0E 0F 16 3A 9C DE  ....}.[.R....:..
00000950:  8D A3 3D 43 CB EC 3F 03 7F 79 08 5F 10 F8 7C BF  ..=C..?..y._..|.
00000960:  CC 25 A7 46 23 DC 73 87 69 07 53 A9 84 31 36 EB  .%.F#.s.i.S..16.
00000970:  BC C9 B5 DA CB 34 8B FB 01 30 FA 72 C8 9A 0C 92  .....4...0.r....
00000980:  D6 F2 29 82 EE 24 02 2F 84 07 AC D2 E4 F3 4E 63  ..)..$./......Nc
00000990:  2E 52 B6 8B 84 A2 B9 8B AF 0C 2B 36 6F 29 6F A1  .R........+6o)o.
000009A0:  42 B7 88 99 12 EE 45 B6 73 6A C1 F4 0F 6C 2C 43  B.....E.sj...l,C
000009B0:  E1 24 4F 82 96 0E 17 69 89 39 FB 6B B8 12 E6 D5  .$O....i.9.k....
000009C0:  1C 7F 92 1D F2 3E 7B F0 09 51 40 97 4F 11 E9 8E  .....>{..Q@.O...
000009D0:  B3 B7 17 A2 98 81 BC B9 D5 E1 51 A6 42 EF 1E 2E  ..........Q.B...
000009E0:  B7 24 2C CB 7D 71 3F AA D0 C4 60 23 B6 6F 6F 61  .$,.}q?...`#.ooa
000009F0:  42 E3 D5 57 D5 0D 59 C5 4B 84 B1 56 C0 D1 2F 4A  B..W..Y.K..V../J
00000A00:  15 45 91 78 DF 40 C4 92 FB A1 38 61 EF 42 44 9C  .E.x.@....8a.BD.
00000A10:  6F 1F 94 7F 45 3F 6D 86 05 42 98 15 A8 5C FC 76  o...E?m..B...\.v
00000A20:  D9 73 8F 38 58 18 A8 D5 22 C5 F7 77 F9 5E 90 69  .s.8X..."..w.^.i
00000A30:  2A 6B E3 EA 9D 51 B3 7B 50 AB A1 A4 C7 03 EC 1D  *k...Q.{P.......
00000A40:  97 DF 1A D5 A9 82 24 E3 6D 65 97 9E 21 6A 71 B2  ......$.me..!jq.
00000A50:  20 59 70 A9 0C 5F DC ED 9B C0 F2 0E 42 71 75 CA   Yp.._......Bqu.
00000A60:  FB 9C 54 13 DB 8A 24 95 AD 2A 2C 44 E4 12 CF D9  ..T...$..*,D....
00000A70:  3A 4D ED 5B FA 13 00 00 00 00 00 00 00 00 00 00  :M.[............
00000A80:  00 00 00 00 00 00 00 00 00 00 00 00 00 00 00 00  ................ [zeros]
00000A90:  00 00 00 00 00 00 00 00 00 00 00 00 00 00 00 00  ................ [zeros]
00000AA0:  00 00 00 00 00 00 00 00 00 00 00 00 00 00 00 00  ................ [zeros]
00000AB0:  00 00 00 00 00 00 00 00 00 00 00 00 00 00 00 00  ................ [zeros]
00000AC0:  00 00 00 00 00 00 00 00 00 00 00 00 00 00 00 00  ................ [zeros]
00000AD0:  00 00 00 00 00 00 00 00 00 00 00 00 00 00 00 00  ................ [zeros]
00000AE0:  00 00 00 00 00 00 00 00 00 00 00 00 00 00 00 00  ................ [zeros]
00000AF0:  00 00 00 00 00 00 00 00 00 00 00 00 00 00 00 00  ................ [zeros]
00000B00:  00 00 00 00 00 00 00 00 00 00 00 00 00 00 00 00  ................ [zeros]
00000B10:  00 00 00 00 00 00 00 00 00 00 00 00 00 00 00 00  ................ [zeros]
00000B20:  00 00 00 00 00 00 00 00 00 00 00 00 00 00 00 00  ................ [zeros]
00000B30:  00 00 00 00 00 00 00 00 00 00 00 00 00 00 00 00  ................ [zeros]
00000B40:  00 00 00 00 00 00 00 00 00 00 00 00 00 00 00 00  ................ [zeros]
00000B50:  00 00 00 00 00 00 00 00 00 00 00 00 00 00 00 00  ................ [zeros]
00000B60:  00 00 00 00 00 00 00 00 00 00 00 00 00 00 00 00  ................ [zeros]
00000B70:  00 00 00 00 00 00 00 00 00 00 00 00 00 00 00 00  ................ [zeros]
00000B80:  00 00 00 00 00 00 00 00 00 00 00 00 00 00 00 00  ................ [zeros]
00000B90:  00 00 00 00 00 00 00 00 00 00 00 00 00 00 00 00  ................ [zeros]
00000BA0:  00 00 00 00 00 00 00 00 00 00 00 00 00 00 00 00  ................ [zeros]
00000BB0:  00 00 00 00 00 00 00 00 00 00 00 00 00 00 00 00  ................ [zeros]
00000BC0:  00 00 00 00 00 00 00 00 00 00 00 00 00 00 00 00  ................ [zeros]
00000BD0:  00 00 00 00 00 00 00 00 00 00 00 00 00 00 00 00  ................ [zeros]
00000BE0:  00 00 00 00 00 00 00 00 00 00 00 00 00 00 00 00  ................ [zeros]
00000BF0:  00 00 00 00 00 00 00 00 00 00 00 00 00 00 00 00  ................ [zeros]
00000C00:  00 00 00 00 00 00 00 00 00 00 00 00 00 00 00 00  ................ [zeros]
00000C10:  00 00 00 00 00 00 00 00 00 00 00 00 00 00 00 00  ................ [zeros]
00000C20:  00 00 00 00 00 00 00 00 00 00 00 00 00 00 00 00  ................ [zeros]
00000C30:  00 00 00 00 00 00 00 00 00 00 00 00 00 00 00 00  ................ [zeros]
00000C40:  00 00 00 00 00 00 00 00 00 00 00 00 00 00 00 00  ................ [zeros]
00000C50:  00 00 00 00 00 00 00 00 00 00 00 00 00 00 00 00  ................ [zeros]
00000C60:  00 00 00 00 00 00 00 00 00 00 00 00 00 00 00 00  ................ [zeros]
00000C70:  00 00 00 00 00 00 00 00 00 00 00 00 00 00 00 00  ................ [zeros]
00000C80:  00 00 00 00 00 00 00 00 00 00 00 00 00 00 00 00  ................ [zeros]
00000C90:  00 00 00 00 00 00 00 00 00 00 00 00 00 00 00 00  ................ [zeros]
00000CA0:  00 00 00 00 00 00 00 00 00 00 00 00 00 00 00 00  ................ [zeros]
00000CB0:  00 00 00 00 00 00 00 00 00 00 00 00 00 00 00 00  ................ [zeros]
00000CC0:  00 00 00 00 00 00 00 00 00 00 00 00 00 00 00 00  ................ [zeros]
00000CD0:  00 00 00 00 00 00 00 00 00 00 00 00 00 00 00 00  ................ [zeros]
00000CE0:  00 00 00 00 00 00 00 00 00 00 00 00 00 00 00 00  ................ [zeros]
00000CF0:  00 00 00 00 00 00 00 00 00 00 00 00 00 00 00 00  ................ [zeros]
00000D00:  00 00 00 00 00 00 00 00 00 00 00 00 00 00 00 00  ................ [zeros]
00000D10:  00 00 00 00 00 00 00 00 00 00 00 00 00 00 00 00  ................ [zeros]
00000D20:  00 00 00 00 00 00 00 00 00 00 00 00 00 00 00 00  ................ [zeros]
00000D30:  00 00 00 00 00 00 00 00 00 00 00 00 00 00 00 00  ................ [zeros]
00000D40:  00 00 00 00 00 00 00 00 00 00 00 00 00 00 00 00  ................ [zeros]
00000D50:  00 00 00 00 00 00 00 00 00 00 00 00 00 00 00 00  ................ [zeros]
00000D60:  00 00 00 00 00 00 00 00 00 00 00 00 00 00 00 00  ................ [zeros]
00000D70:  00 00 00 00 00 00 00 00 00 00 00 00 00 00 00 00  ................ [zeros]
00000D80:  00 00 00 00 00 00 00 00 00 00 00 00 00 00 00 00  ................ [zeros]
00000D90:  00 00 00 00 00 00 00 00 00 00 00 00 00 00 00 00  ................ [zeros]
00000DA0:  00 00 00 00 00 00 00 00 00 00 00 00 00 00 00 00  ................ [zeros]
00000DB0:  00 00 00 00 00 00 00 00 00 00 00 00 00 00 00 00  ................ [zeros]
00000DC0:  00 00 00 00 00 00 00 00 00 00 00 00 00 00 00 00  ................ [zeros]
00000DD0:  00 00 00 00 00 00 00 00 00 00 00 00 00 00 00 00  ................ [zeros]
00000DE0:  00 00 00 00 00 00 00 00 00 00 00 00 00 00 00 00  ................ [zeros]
00000DF0:  00 00 00 00 00 00 00 00 00 00 00 00 00 00 00 00  ................ [zeros]
00000E00:  00 00 00 00 00 00 00 00 00 00 00 00 00 00 00 00  ................ [zeros]
00000E10:  00 00 00 00 00 00 00 00 00 00 00 00 00 00 00 00  ................ [zeros]
00000E20:  00 00 00 00 00 00 00 00 00 00 00 00 00 00 00 00  ................ [zeros]
00000E30:  00 00 00 00 00 00 00 00 00 00 00 00 00 00 00 00  ................ [zeros]
00000E40:  00 00 00 00 00 00 00 00 00 00 00 00 00 00 00 00  ................ [zeros]
00000E50:  00 00 00 00 00 00 00 00 00 00 00 00 00 00 00 00  ................ [zeros]
00000E60:  00 00 00 00 00 00 BF 77 2B 79 BC E1 FD D0 08 9F  .......w+y......
00000E70:  A8 7E 26 9A 28 36 00 00 00 00 00 00 00 00 00 00  .~&.(6..........
00000E80:  00 00 00 00 00 00 00 00 00 00 00 00 00 00 00 00  ................ [zeros]
00000E90:  00 00 00 00 00 00 00 00 00 00 00 00 00 00 00 00  ................ [zeros]
00000EA0:  00 00 00 00 00 00 00 00 00 00 00 00 00 00 00 00  ................ [zeros]
00000EB0:  00 00 00 00 00 00 00 00 00 00 00 00 00 00 00 00  ................ [zeros]
00000EC0:  00 00 00 00 00 00 00 00 00 00 00 00 00 00 00 00  ................ [zeros]
00000ED0:  00 00 00 00 00 00 00 00 00 00 00 00 00 00 00 00  ................ [zeros]
00000EE0:  00 00 00 00 00 00 00 00 00 00 00 00 00 00 00 00  ................ [zeros]
00000EF0:  00 00 00 00 00 00 00 00 00 00 00 00 00 00 00 00  ................ [zeros]
00000F00:  00 00 00 00 00 00 00 00 00 00 00 00 00 00 00 00  ................ [zeros]
00000F10:  00 00 00 00 00 00 00 00 00 00 00 00 00 00 00 00  ................ [zeros]
00000F20:  00 00 00 00 00 00 00 00 00 00 00 00 00 00 00 00  ................ [zeros]
00000F30:  00 00 00 00 00 00 00 00 00 00 00 00 00 00 00 00  ................ [zeros]
00000F40:  00 00 00 00 00 00 00 00 00 00 00 00 00 00 00 00  ................ [zeros]
00000F50:  00 00 00 00 00 00 00 00 00 00 00 00 00 00 00 00  ................ [zeros]
00000F60:  00 00 00 00 00 00 00 00 00 00 00 00 00 00 00 00  ................ [zeros]
00000F70:  00 00 00 00 00 00 00 00 00 00 00 00 00 00 00 00  ................ [zeros]
00000F80:  00 00 00 00 00 00 00 00 00 00 00 00 00 00 00 00  ................ [zeros]
00000F90:  00 00 00 00 00 00 00 00 00 00 00 00 00 00 00 00  ................ [zeros]
00000FA0:  00 00 00 00 00 00 00 00 00 00 00 00 00 00 00 00  ................ [zeros]
00000FB0:  00 00 00 00 00 00 00 00 00 00 00 00 00 00 00 00  ................ [zeros]
00000FC0:  00 00 00 00 00 00 00 00 00 00 00 00 00 00 00 00  ................ [zeros]
00000FD0:  00 00 00 00 00 00 00 00 00 00 00 00 00 00 00 00  ................ [zeros]
00000FE0:  00 00 00 00 00 00 00 00 00 00 00 00 00 00 00 00  ................ [zeros]
00000FF0:  00 00 00 00 00 00 00 00 00 00 00 00 00 00 00 00  ................ [zeros]
00001000:  00 00 00 00 00 00 00 00 00 00 00 00 00 00 00 00  ................ [zeros]
00001010:  00 00 00 00 00 00 00 00 00 00 00 00 00 00 00 00  ................ [zeros]
00001020:  00 00 00 00 00 00 00 00 00 00 00 00 00 00 00 00  ................ [zeros]
00001030:  00 00 00 00 00 00 00 00 00 00 00 00 00 00 00 00  ................ [zeros]
00001040:  00 00 00 00 00 00 00 00 00 00 00 00 00 00 00 00  ................ [zeros]
00001050:  00 00 00 00 00 00 00 00 00 00 00 00 00 00 00 00  ................ [zeros]
00001060:  00 00 00 00 00 00 00 00 00 00 00 00 00 00 00 00  ................ [zeros]
00001070:  00 00 00 00 00 00 00 00 00 00 00 00 00 00 00 00  ................ [zeros]
00001080:  00 00 00 00 00 00 00 00 00 00 00 00 00 00 00 00  ................ [zeros]
00001090:  00 00 00 00 00 00 00 00 00 00 00 00 00 00 00 00  ................ [zeros]
000010A0:  00 00 00 00 00 00 00 00 00 00 00 00 00 00 00 00  ................ [zeros]
000010B0:  00 00 00 00 00 00 00 00 00 00 00 00 00 00 00 00  ................ [zeros]
000010C0:  00 00 00 00 00 00 00 00 00 00 00 00 00 00 00 00  ................ [zeros]
000010D0:  00 00 00 00 00 00 00 00 00 00 00 00 00 00 00 00  ................ [zeros]
000010E0:  00 00 00 00 00 00 00 00 00 00 00 00 00 00 00 00  ................ [zeros]
000010F0:  00 00 00 00 00 00 00 00 00 00 00 00 00 00 00 00  ................ [zeros]
00001100:  00 00 00 00 00 00 00 00 00 00 00 00 00 00 00 00  ................ [zeros]
00001110:  00 00 00 00 00 00 00 00 00 00 00 00 00 00 00 00  ................ [zeros]
00001120:  00 00 00 00 00 00 00 00 00 00 00 00 00 00 00 00  ................ [zeros]
00001130:  00 00 00 00 00 00 00 00 00 00 00 00 00 00 00 00  ................ [zeros]
00001140:  00 00 00 00 00 00 00 00 00 00 00 00 00 00 00 00  ................ [zeros]
00001150:  00 00 00 00 00 00 00 00 00 00 00 00 00 00 00 00  ................ [zeros]
00001160:  00 00 00 00 00 00 00 00 00 00 00 00 00 00 00 00  ................ [zeros]
00001170:  00 00 00 00 00 00 00 00 00 00 00 00 00 00 00 00  ................ [zeros]
00001180:  00 00 00 00 00 00 00 00 00 00 00 00 00 00 00 00  ................ [zeros]
00001190:  00 00 00 00 00 00 00 00 00 00 00 00 00 00 00 00  ................ [zeros]
000011A0:  00 00 00 00 00 00 00 00 00 00 00 00 00 00 00 00  ................ [zeros]
000011B0:  00 00 00 00 00 00 00 00 00 00 00 00 00 00 00 00  ................ [zeros]
000011C0:  00 00 00 00 00 00 00 00 00 00 00 00 00 00 00 00  ................ [zeros]
000011D0:  00 00 00 00 00 00 00 00 00 00 00 00 00 00 00 00  ................ [zeros]
000011E0:  00 00 00 00 00 00 00 00 00 00 00 00 00 00 00 00  ................ [zeros]
000011F0:  00 00 00 00 00 00 00 00 00 00 00 00 00 00 00 00  ................ [zeros]
00001200:  00 00 00 00 00 00 00 00 00 00 00 00 00 00 00 00  ................ [zeros]
00001210:  00 00 00 00 00 00 00 00 00 00 00 00 00 00 00 00  ................ [zeros]
00001220:  00 00 00 00 00 00 00 00 00 00 00 00 00 00 00 00  ................ [zeros]
00001230:  00 00 00 00 00 00 00 00 00 00 00 00 00 00 00 00  ................ [zeros]
00001240:  00 00 00 00 00 00 00 00 00 00 00 00 00 00 00 00  ................ [zeros]
00001250:  00 00 00 00 00 00 00 00 00 00 00 00 00 00 00 00  ................ [zeros]
00001260:  00 00 00 00 00 00 FC A7 57 ED 3D F3 D9 E1 8A B2  ........W.=.....
00001270:  C2 30 24 57 6D 2E 00 00 00 00 00 00 00 00 00 00  .0$Wm...........
00001280:  00 00 00 00 00 00 00 00 00 00 00 00 00 00 00 00  ................ [zeros]
00001290:  00 00 00 00 00 00 00 00 00 00 00 00 00 00 00 00  ................ [zeros]
000012A0:  00 00 00 00 00 00 00 00 00 00 00 00 00 00 00 00  ................ [zeros]
000012B0:  00 00 00 00 00 00 00 00 00 00 00 00 00 00 00 00  ................ [zeros]
000012C0:  00 00 00 00 00 00 00 00 00 00 00 00 00 00 00 00  ................ [zeros]
000012D0:  00 00 00 00 00 00 00 00 00 00 00 00 00 00 00 00  ................ [zeros]
000012E0:  00 00 00 00 00 00 00 00 00 00 00 00 00 00 00 00  ................ [zeros]
000012F0:  00 00 00 00 00 00 00 00 00 00 00 00 00 00 00 00  ................ [zeros]
00001300:  00 00 00 00 00 00 00 00 00 00 00 00 00 00 00 00  ................ [zeros]
00001310:  00 00 00 00 00 00 00 00 00 00 00 00 00 00 00 00  ................ [zeros]
00001320:  00 00 00 00 00 00 00 00 00 00 00 00 00 00 00 00  ................ [zeros]
00001330:  00 00 00 00 00 00 00 00 00 00 00 00 00 00 00 00  ................ [zeros]
00001340:  00 00 00 00 00 00 00 00 00 00 00 00 00 00 00 00  ................ [zeros]
00001350:  00 00 00 00 00 00 00 00 00 00 00 00 00 00 00 00  ................ [zeros]
00001360:  00 00 00 00 00 00 00 00 00 00 00 00 00 00 00 00  ................ [zeros]
00001370:  00 00 00 00 00 00 00 00 00 00 00 00 00 00 00 00  ................ [zeros]
00001380:  00 00 00 00 00 00 00 00 00 00 00 00 00 00 00 00  ................ [zeros]
00001390:  00 00 00 00 00 00 00 00 00 00 00 00 00 00 00 00  ................ [zeros]
000013A0:  00 00 00 00 00 00 00 00 00 00 00 00 00 00 00 00  ................ [zeros]
000013B0:  00 00 00 00 00 00 00 00 00 00 00 00 00 00 00 00  ................ [zeros]
000013C0:  00 00 00 00 00 00 00 00 00 00 00 00 00 00 00 00  ................ [zeros]
000013D0:  00 00 00 00 00 00 00 00 00 00 00 00 00 00 00 00  ................ [zeros]
000013E0:  00 00 00 00 00 00 00 00 00 00 00 00 00 00 00 00  ................ [zeros]
000013F0:  00 00 00 00 00 00 00 00 00 00 00 00 00 00 00 00  ................ [zeros]
00001400:  00 00 00 00 00 00 00 00 00 00 00 00 00 00 00 00  ................ [zeros]
00001410:  00 00 00 00 00 00 00 00 00 00 00 00 00 00 00 00  ................ [zeros]
00001420:  00 00 00 00 00 00 00 00 00 00 00 00 00 00 00 00  ................ [zeros]
00001430:  00 00 00 00 00 00 00 00 00 00 00 00 00 00 00 00  ................ [zeros]
00001440:  00 00 00 00 00 00 00 00 00 00 00 00 00 00 00 00  ................ [zeros]
00001450:  00 00 00 00 00 00 00 00 00 00 00 00 00 00 00 00  ................ [zeros]
00001460:  00 00 00 00 00 00 00 00 00 00 00 00 00 00 00 00  ................ [zeros]
00001470:  00 00 00 00 00 00 00 00 00 00 00 00 00 00 00 00  ................ [zeros]
00001480:  00 00 00 00 00 00 00 00 00 00 00 00 00 00 00 00  ................ [zeros]
00001490:  00 00 00 00 00 00 00 00 00 00 00 00 00 00 00 00  ................ [zeros]
000014A0:  00 00 00 00 00 00 00 00 00 00 00 00 00 00 00 00  ................ [zeros]
000014B0:  00 00 00 00 00 00 00 00 00 00 00 00 00 00 00 00  ................ [zeros]
000014C0:  00 00 00 00 00 00 00 00 00 00 00 00 00 00 00 00  ................ [zeros]
000014D0:  00 00 00 00 00 00 00 00 00 00 00 00 00 00 00 00  ................ [zeros]
000014E0:  00 00 00 00 00 00 00 00 00 00 00 00 00 00 00 00  ................ [zeros]
000014F0:  00 00 00 00 00 00 00 00 00 00 00 00 00 00 00 00  ................ [zeros]
00001500:  00 00 00 00 00 00 00 00 00 00 00 00 00 00 00 00  ................ [zeros]
00001510:  00 00 00 00 00 00 00 00 00 00 00 00 00 00 00 00  ................ [zeros]
00001520:  00 00 00 00 00 00 00 00 00 00 00 00 00 00 00 00  ................ [zeros]
00001530:  00 00 00 00 00 00 00 00 00 00 00 00 00 00 00 00  ................ [zeros]
00001540:  00 00 00 00 00 00 00 00 00 00 00 00 00 00 00 00  ................ [zeros]
00001550:  00 00 00 00 00 00 00 00 00 00 00 00 00 00 00 00  ................ [zeros]
00001560:  00 00 00 00 00 00 00 00 00 00 00 00 00 00 00 00  ................ [zeros]
00001570:  00 00 00 00 00 00 00 00 00 00 00 00 00 00 00 00  ................ [zeros]
00001580:  00 00 00 00 00 00 00 00 00 00 00 00 00 00 00 00  ................ [zeros]
00001590:  00 00 00 00 00 00 00 00 00 00 00 00 00 00 00 00  ................ [zeros]
000015A0:  00 00 00 00 00 00 00 00 00 00 00 00 00 00 00 00  ................ [zeros]
000015B0:  00 00 00 00 00 00 00 00 00 00 00 00 00 00 00 00  ................ [zeros]
000015C0:  00 00 00 00 00 00 00 00 00 00 00 00 00 00 00 00  ................ [zeros]
000015D0:  00 00 00 00 00 00 00 00 00 00 00 00 00 00 00 00  ................ [zeros]
000015E0:  00 00 00 00 00 00 00 00 00 00 00 00 00 00 00 00  ................ [zeros]
000015F0:  00 00 00 00 00 00 00 00 00 00 00 00 00 00 00 00  ................ [zeros]
00001600:  00 00 00 00 00 00 00 00 00 00 00 00 00 00 00 00  ................ [zeros]
00001610:  00 00 00 00 00 00 00 00 00 00 00 00 00 00 00 00  ................ [zeros]
00001620:  00 00 00 00 00 00 00 00 00 00 00 00 00 00 00 00  ................ [zeros]
00001630:  00 00 00 00 00 00 00 00 00 00 00 00 00 00 00 00  ................ [zeros]
00001640:  00 00 00 00 00 00 00 00 00 00 00 00 00 00 00 00  ................ [zeros]
00001650:  00 00 00 00 00 00 00 00 00 00 00 00 00 00 00 00  ................ [zeros]
00001660:  00 00 00 00 00 00 40 88 28 A0 6F C5 9C 88 0E 4F  ......@.(.o....O
00001670:  EC 37 CE A3 BE E8 00 00 00 00 00 00 00 00 00 00  .7..............
00001680:  00 00 00 00 00 00 00 00 00 00 00 00 00 00 00 00  ................ [zeros]
00001690:  00 00 00 00 00 00 00 00 00 00 00 00 00 00 00 00  ................ [zeros]
000016A0:  00 00 00 00 00 00 00 00 00 00 00 00 00 00 00 00  ................ [zeros]
000016B0:  00 00 00 00 00 00 00 00 00 00 00 00 00 00 00 00  ................ [zeros]
000016C0:  00 00 00 00 00 00 00 00 00 00 00 00 00 00 00 00  ................ [zeros]
000016D0:  00 00 00 00 00 00 00 00 00 00 00 00 00 00 00 00  ................ [zeros]
000016E0:  00 00 00 00 00 00 00 00 00 00 00 00 00 00 00 00  ................ [zeros]
000016F0:  00 00 00 00 00 00 00 00 00 00 00 00 00 00 00 00  ................ [zeros]
00001700:  00 00 00 00 00 00 00 00 00 00 00 00 00 00 00 00  ................ [zeros]
00001710:  00 00 00 00 00 00 00 00 00 00 00 00 00 00 00 00  ................ [zeros]
00001720:  00 00 00 00 00 00 00 00 00 00 00 00 00 00 00 00  ................ [zeros]
00001730:  00 00 00 00 00 00 00 00 00 00 00 00 00 00 00 00  ................ [zeros]
00001740:  00 00 00 00 00 00 00 00 00 00 00 00 00 00 00 00  ................ [zeros]
00001750:  00 00 00 00 00 00 00 00 00 00 00 00 00 00 00 00  ................ [zeros]
00001760:  00 00 00 00 00 00 00 00 00 00 00 00 00 00 00 00  ................ [zeros]
00001770:  00 00 00 00 00 00 00 00 00 00 00 00 00 00 00 00  ................ [zeros]
00001780:  00 00 00 00 00 00 00 00 00 00 00 00 00 00 00 00  ................ [zeros]
00001790:  00 00 00 00 00 00 00 00 00 00 00 00 00 00 00 00  ................ [zeros]
000017A0:  00 00 00 00 00 00 00 00 00 00 00 00 00 00 00 00  ................ [zeros]
000017B0:  00 00 00 00 00 00 00 00 00 00 00 00 00 00 00 00  ................ [zeros]
000017C0:  00 00 00 00 00 00 00 00 00 00 00 00 00 00 00 00  ................ [zeros]
000017D0:  00 00 00 00 00 00 00 00 00 00 00 00 00 00 00 00  ................ [zeros]
000017E0:  00 00 00 00 00 00 00 00 00 00 00 00 00 00 00 00  ................ [zeros]
000017F0:  00 00 00 00 00 00 00 00 00 00 00 00 00 00 00 00  ................ [zeros]
00001800:  00 00 00 00 00 00 00 00 00 00 00 00 00 00 00 00  ................ [zeros]
00001810:  00 00 00 00 00 00 00 00 00 00 00 00 00 00 00 00  ................ [zeros]
00001820:  00 00 00 00 00 00 00 00 00 00 00 00 00 00 00 00  ................ [zeros]
00001830:  00 00 00 00 00 00 00 00 00 00 00 00 00 00 00 00  ................ [zeros]
00001840:  00 00 00 00 00 00 00 00 00 00 00 00 00 00 00 00  ................ [zeros]
00001850:  00 00 00 00 00 00 00 00 00 00 00 00 00 00 00 00  ................ [zeros]
00001860:  00 00 00 00 00 00 00 00 00 00 00 00 00 00 00 00  ................ [zeros]
00001870:  00 00 00 00 00 00 00 00 00 00 00 00 00 00 00 00  ................ [zeros]
00001880:  00 00 00 00 00 00 00 00 00 00 00 00 00 00 00 00  ................ [zeros]
00001890:  00 00 00 00 00 00 00 00 00 00 00 00 00 00 00 00  ................ [zeros]
000018A0:  00 00 00 00 00 00 00 00 00 00 00 00 00 00 00 00  ................ [zeros]
000018B0:  00 00 00 00 00 00 00 00 00 00 00 00 00 00 00 00  ................ [zeros]
000018C0:  00 00 00 00 00 00 00 00 00 00 00 00 00 00 00 00  ................ [zeros]
000018D0:  00 00 00 00 00 00 00 00 00 00 00 00 00 00 00 00  ................ [zeros]
000018E0:  00 00 00 00 00 00 00 00 00 00 00 00 00 00 00 00  ................ [zeros]
000018F0:  00 00 00 00 00 00 00 00 00 00 00 00 00 00 00 00  ................ [zeros]
00001900:  00 00 00 00 00 00 00 00 00 00 00 00 00 00 00 00  ................ [zeros]
00001910:  00 00 00 00 00 00 00 00 00 00 00 00 00 00 00 00  ................ [zeros]
00001920:  00 00 00 00 00 00 00 00 00 00 00 00 00 00 00 00  ................ [zeros]
00001930:  00 00 00 00 00 00 00 00 00 00 00 00 00 00 00 00  ................ [zeros]
00001940:  00 00 00 00 00 00 00 00 00 00 00 00 00 00 00 00  ................ [zeros]
00001950:  00 00 00 00 00 00 00 00 00 00 00 00 00 00 00 00  ................ [zeros]
00001960:  00 00 00 00 00 00 00 00 00 00 00 00 00 00 00 00  ................ [zeros]
00001970:  00 00 00 00 00 00 00 00 00 00 00 00 00 00 00 00  ................ [zeros]
00001980:  00 00 00 00 00 00 00 00 00 00 00 00 00 00 00 00  ................ [zeros]
00001990:  00 00 00 00 00 00 00 00 00 00 00 00 00 00 00 00  ................ [zeros]
000019A0:  00 00 00 00 00 00 00 00 00 00 00 00 00 00 00 00  ................ [zeros]
000019B0:  00 00 00 00 00 00 00 00 00 00 00 00 00 00 00 00  ................ [zeros]
000019C0:  00 00 00 00 00 00 00 00 00 00 00 00 00 00 00 00  ................ [zeros]
000019D0:  00 00 00 00 00 00 00 00 00 00 00 00 00 00 00 00  ................ [zeros]
000019E0:  00 00 00 00 00 00 00 00 00 00 00 00 00 00 00 00  ................ [zeros]
000019F0:  00 00 00 00 00 00 00 00 00 00 00 00 00 00 00 00  ................ [zeros]
00001A00:  00 00 00 00 00 00 00 00 00 00 00 00 00 00 00 00  ................ [zeros]
00001A10:  00 00 00 00 00 00 00 00 00 00 00 00 00 00 00 00  ................ [zeros]
00001A20:  00 00 00 00 00 00 00 00 00 00 00 00 00 00 00 00  ................ [zeros]
00001A30:  00 00 00 00 00 00 00 00 00 00 00 00 00 00 00 00  ................ [zeros]
00001A40:  00 00 00 00 00 00 00 00 00 00 00 00 00 00 00 00  ................ [zeros]
00001A50:  00 00 00 00 00 00 00 00 00 00 00 00 00 00 00 00  ................ [zeros]
00001A60:  00 00 00 00 00 00 AD 21 EE 47 B6 BF 1D 1E 65 0C  .......!.G....e.
00001A70:  BE 80 70 93 54 6F 5F 37 49 B8 1D 39 84 1C A1 86  ..p.To_7I..9....
00001A80:  D4 60 25 15 3E 0B 77 6C 70 AE 26 E4 AA 1F CC 08  .`%.>.wlp.&.....
00001A90:  8D B0 1E 3D 72 AD 57 90 72 98 A6 1F 2C 23 7B 76  ...=r.W.r...,#{v
00001AA0:  2D 11 2D 16 05 F0 DB F5 0B 64 38 62 D2 CE 66 B1  -.-......d8b..f.
00001AB0:  EF 63 B0 1C D7 8A D9 A3 AC C1 03 06 71 DB F8 B8  .c..........q...
00001AC0:  75 ED 4B 75 86 2A A4 F8 52 96 4E 93 2C 31 9B 9D  u.Ku.*..R.N.,1..
00001AD0:  A4 B4 16 2B EE 6C 02 75 B8 F6 42 A9 AA EF 74 70  ...+.l.u..B...tp
00001AE0:  75 B5 07 F9 C9 27 5F 03 43 6F 76 20 49 36 53 59  u....'_.Cov I6SY
00001AF0:  FC 4B 18 8C 2F B6 FE 33 12 71 7B 99 11 CF A1 2A  .K../..3.q{....*
00001B00:  E5 59 0B F7 0A 3F 2D 4B 3E 35 1C DB E8 DE EF A0  .Y...?-K>5......
00001B10:  00 06 3F F2 2B 26 D1 70 96 D4 09 46 38 17 D4 38  ..?.+&.p...F8..8
00001B20:  2F 1D 1C 2B BD FD C2 F3 6D F8 89 AD A6 62 9A 37  /..+....m....b.7
00001B30:  60 CD 50 B1 00 49 2D 05 69 F1 19 F6 4D D2 5E B9  `.P..I-.i...M.^.
00001B40:  20 F1 77 09 5E FC C4 1B 2E 71 DD 89 59 31 91 88   .w.^....q..Y1..
00001B50:  29 E2 99 EF 25 E2 F2 76 32 08 C9 B8 B8 57 77 C9  )...%..v2....Ww.
00001B60:  20 82 F9 53 A7 73 28 19 A3 7D 27 CA B3 A5 79 D5   ..S.s(..}'...y.
00001B70:  E9 A2 4B 22 CB A3 45 81 1B 92 EC 12 03 61 C3 C6  ..K"..E......a..
00001B80:  7B E7 19 C7 07 3A C1 0D 29 4A 31 B9 F3 98 AB EE  {....:..)J1.....
00001B90:  F1 D1 39 04 3B 02 F0 A8 B8 34 3E 90 90 72 64 B6  ..9.;....4>..rd.
00001BA0:  E3 F3 4D 10 39 E6 48 5E 58 C1 BD FC 5B 3A F6 73  ..M.9.H^X...[:.s
00001BB0:  50 97 EE E6 4B C4 DD EA FE 7E 03 5D D4 AE 2D A2  P...K....~.]..-.
00001BC0:  24 79 BA D9 95 A0 1A 5E ED 73 50 90 EA 63 4D BD  $y.....^.sP..cM.
00001BD0:  EC D6 98 31 F8 7F 00 B0 0C CA 0C 4E A1 89 9E 0B  ...1.......N....
00001BE0:  4D AB 92 8B 63 BF 0D B8 6C 6A 27 EB 37 4A C4 15  M...c...lj'.7J..
00001BF0:  4F 92 0E 5E 0F DB 31 18 91 C1 D1 CA 75 3B A8 1D  O..^..1.....u;..
00001C00:  0D 3E D0 11 9C C0 78 C4 7F 73 56 AF BC 54 AD C7  .>....x..sV..T..
00001C10:  58 F8 4A 80 99 39 28 F7 F6 F7 81 A5 D8 A5 25 B2  X.J..9(.......%.
00001C20:  03 68 D9 53 3B 04 FF 26 B3 01 DE EC 9C 82 CE 1E  .h.S;..&........
00001C30:  C8 D0 75 32 E8 A8 28 ED B0 85 62 92 30 6A 1B 45  ..u2..(...b.0j.E
00001C40:  30 7B 9C 4C FE 36 AF FF 87 71 98 3C 18 6C 11 EF  0{.L.6...q.<.l..
00001C50:  BF C5 64 4F EF EE 25 DC 77 42 BE 52 66 17 47 5D  ..dO..%.wB.Rf.G]
00001C60:  30 DF 43 80 B0 22 A2 80 00 46 0F D8 2D 20 ED E8  0.C.."...F..- ..
00001C70:  EB FF CF 9A A1 F1 60 BA 7E 9E 9F F8 AA 9F C8 46  ......`.~......F
00001C80:  21 05 42 87 6E 9A BC DF 90 2A 11 C6 ED B5 6D C2  !.B.n....*....m.
00001C90:  04 2B F5 E9 CA D9 EC FD 4E 73 D6 98 A0 77 29 CB  .+......Ns...w).
00001CA0:  EE 91 C9 CF 8D C0 49 41 E8 C3 24 60 68 3E 07 3C  ......IA..$`h>.<
00001CB0:  93 C8 3E A4 DC C5 8C A8 1E 18 8A 3C 25 E2 EE 70  ..>........<%..p
00001CC0:  45 6B FA DD C4 00 12 39 19 D5 3A 01 C1 45 08 5D  Ek.....9..:..E.]
00001CD0:  AD 08 B0 B1 CD 51 04 62 0A 66 B6 6A B6 CD 82 D8  .....Q.b.f.j....
00001CE0:  06 FB 47 A8 92 E7 98 33 C1 13 7A 4D B6 F0 21 6E  ..G....3..zM..!n
00001CF0:  BB 1B C1 29 3A D9 0F 97 C9 2B 41 46 FD 64 50 F7  ...):....+AF.dP.
00001D00:  35 E0 73 65 94 FF E6 0E F3 BB 3C 26 0B C8 63 26  5.se......<&..c&
00001D10:  4F A8 E8 10 DA A3 53 4F A4 D7 02 73 FA B8 7B 65  O.....SO...s..{e
00001D20:  03 43 14 D2 36 9E AE 78 39 D5 F0 CB 48 16 7C 37  .C..6..x9...H.|7
00001D30:  75 6B EC 55 2F AF BC FA 51 4F D1 0F 2F 3E F1 A6  uk.U/...QO../>..
00001D40:  43 D2 13 A7 51 E7 82 EE AC DF 86 A8 78 94 00 20  C...Q.......x.. 
00001D50:  0A AA 43 5A 61 76 3D 47 AF A3 14 19 ED A3 DF 1A  ..CZav=G........
00001D60:  8A 75 9B 23 78 DD 4F 09 4B 7C 98 27 70 47 F7 63  .u.#x.O.K|.'pG.c
00001D70:  CB F5 9C B3 2E EF 17 5B 44 D0 54 D9 AC F4 04 74  .......[D.T....t
00001D80:  F9 A4 E9 B4 44 31 F2 02 49 20 FF 92 6C 49 E9 BF  ....D1..I ..lI..
00001D90:  86 27 F7 87 F1 DE D4 C4 87 86 FE 80 8A 09 0C C6  .'..............
00001DA0:  62 AB DE 94 A4 DA 1C 19 24 62 E3 24 C0 BD 41 7A  b.......$b.$..Az
00001DB0:  1A A1 75 4E A2 A0 13 52 61 7A B4 EB 75 67 C0 0A  ..uN...Raz..ug..
00001DC0:  BE B4 94 6C EF A2 16 99 B3 F9 0A 88 8A 72 1F 49  ...l.........r.I
00001DD0:  60 D2 6D 10 19 CC 55 49 05 8B 2A E7 65 21 1F 69  `.m...UI..*.e!.i
00001DE0:  CE 58 0F 79 EC FE 3E 69 2D 66 15 3A FB 62 ED C6  .X.y..>i-f.:.b..
00001DF0:  80 DF 36 9D D3 D2 9E B6 82 90 83 F8 E7 9D 1D 19  ..6.............
00001E00:  97 A7 0F FA 50 A4 63 EE 7B 9F A3 65 B9 39 74 25  ....P.c.{..e.9t%
00001E10:  F7 9B A0 03 14 6A C3 C0 31 41 9F 96 E4 B3 23 15  .....j..1A....#.
00001E20:  9A 59 0D AA C9 E9 ED 4E 69 66 D6 27 44 2A 9E 84  .Y.....Nif.'D*..
00001E30:  F1 BD 46 34 7B 6F 2C 13 B3 B9 74 E6 5C 5D A8 D1  ..F4{o,...t.\]..
00001E40:  C7 1F 63 85 88 B7 AA E7 E3 C2 7D CE 4B D3 6D 3D  ..c.......}.K.m=
00001E50:  08 2C CE 9D 4B 5E 01 3F D7 21 99 AE 6D 5C 96 57  .,..K^.?.!..m\.W
00001E60:  00 AF A3 75 62 35 A2 80 00 46 0F D8 2D 20 ED E8  ...ub5...F..- ..
00001E70:  EB FF CF 9A A1 F1 B5 B8 CC F8 AF 3D DC 22 F9 E0  ...........=."..
00001E80:  DA D0 FD F0 AC 41 AC B8 89 89 73 7E 20 F8 AB 2A  .....A....s~ ..*
00001E90:  1D 5C FF 6B 5B E8 A1 37 1A DD 5E 3E 67 45 3D 21  .\.k[..7..^>gE=!
00001EA0:  48 84 7C 29 3C 09 C4 FA 41 30 4D F5 D5 DC 04 BD  H.|)<...A0M.....
00001EB0:  19 91 71 A5 B0 BB EA BF FE 4F 53 91 81 11 89 18  ..q......OS.....
00001EC0:  0C A6 5A 1C 7E 98 D9 19 0E F9 DB BE 3E 67 C1 1E  ..Z.~.......>g..
00001ED0:  ED 41 EC 62 2E 4A B6 3C D1 10 CA E4 12 7D B0 10  .A.b.J.<.....}..
00001EE0:  98 AF 01 04 91 2C 42 F4 03 5D AA 4A 56 47 70 64  .....,B..].JVGpd
00001EF0:  FA C1 3B 46 DB FE 57 90 72 98 A6 1F 2C 23 7B 76  ..;F..W.r...,#{v
00001F00:  2D 11 2D 16 05 F0 DB F5 0B 64 38 62 D2 CE 66 B1  -.-......d8b..f.
00001F10:  EF 63 B0 1C D7 8A 93 BF 22 79 9F 71 11 69 A0 CC  .c......"y.q.i..
00001F20:  94 59 9C 1C E7 42 A6 D2 8F E8 EA BD 76 9C 89 85  .Y...B......v...
00001F30:  9D B6 19 98 C0 E9 BE 9E 1D 27 93 9D A8 51 34 D9  .........'...Q4.
00001F40:  BA 53 48 2B FB CE 33 AF 9B 2E 79 02 54 1D CE 67  .SH+..3...y.T..g
00001F50:  FF 09 D8 8A 40 8E B8 83 F7 1A 64 12 37 66 58 03  ....@.....d.7fX.
00001F60:  0E 52 45 A9 96 0C 63 1A 6B 3A 5C CF 63 8E 07 71  .RE...c.k:\.c..q
00001F70:  6D F4 CC 5D 28 4D 0B DD E0 4B 58 A4 13 56 6F E1  m..](M...KX..Vo.
00001F80:  EE 17 3A 94 24 60 C5 2B A6 FC 52 87 4E 6C E0 6A  ..:.$`.+..R.Nl.j
00001F90:  F8 9B 75 E5 E3 37 06 8D 4E F6 B1 21 82 52 1F 44  ..u..7..N..!.R.D
00001FA0:  1A 02 AA 8B AC 0B 80 B4 02 EC 04 9E 59 7C CE 23  ............Y|.#
00001FB0:  28 DD B3 D3 95 D0 A9 A9 CB 6D 66 2A C9 88 BD EF  (........mf*....
00001FC0:  4E D8 3F 42 BE 94 04 39 5B 77 E2 0E 7E C9 FB DC  N.?B...9[w..~...
00001FD0:  6E 0D AB 08 58 D7 4F 09 4B 7C 98 27 70 47 F7 63  n...X.O.K|.'pG.c
00001FE0:  CB F5 9C B3 2E EF 17 5B 44 D0 54 D9 AC F4 04 74  .......[D.T....t
00001FF0:  F9 A4 E9 B4 44 31 3C CD F7 95 5A 81 99 59 D0 30  ....D1<...Z..Y.0
00002000:  58 09 FD FF 7A 73 D4 C4 87 86 FE 80 8A 09 0C C6  X...zs..........
00002010:  62 AB DE 94 A4 DA 1C 19 24 62 E3 24 C0 BD 41 7A  b.......$b.$..Az
00002020:  1A A1 75 4E A2 A0 13 52 61 7A B4 EB 75 67 C0 0A  ..uN...Raz..ug..
00002030:  BE B4 94 6C EF A2 16 99 B3 F9 0A 88 8A 72 1F 49  ...l.........r.I
00002040:  60 D2 6D 10 19 CC F3 99 73 00 2A 1F 04 B3 E4 CD  `.m.....s.*.....
00002050:  4E AB B3 7A 13 06 10 07 36 E4 D0 EA BE 21 38 69  N..z....6....!8i
00002060:  B5 FD A9 7A 3B BE BC 4E E3 30 68 6F E6 BF BD 63  ...z;..N.0ho...c
00002070:  2D 0F 08 84 B8 8E 40 F0 EF 76 9F DC D7 14 9A 3D  -.....@..v.....=
00002080:  DD 9F BB 5A EA C9 BC 5D 6B 31 C0 EB 40 FB 91 1F  ...Z...]k1..@...
00002090:  2C D1 2A D8 67 3A 21 64 1B 4C 75 CF 91 61 60 6E  ,.*.g:!d.Lu..a`n
000020A0:  C1 9C B6 39 E8 D0 45 64 57 F6 7F E6 EF CB 74 E2  ...9..EdW.....t.
000020B0:  1B 93 5C 25 73 71 0D 1B 1C AC 84 E8 BA 86 E2 A7  ..\%sq..........
000020C0:  7F 91 50 4B 7D A3 4C 08 86 56 9A 54 4B 87 47 21  ..PK}.L..V.TK.G!
000020D0:  1F 9E 1C B9 87 71 DD 42 8E 2C 95 B8 FF 58 71 1F  .....q.B.,...Xq.
000020E0:  B0 22 DC F4 D4 74 70 3C 5D D2 8B 97 09 5E E9 29  ."...tp<]....^.)
000020F0:  EA 1F BD 02 71 DF AC B8 89 89 73 7E 20 F8 AB 2A  ....q.....s~ ..*
00002100:  1D 5C FF 6B 5B E8 1B 4C E9 3E D2 F3 01 68 A6 B0  .\.k[..L.>...h..
00002110:  4F 14 A5 9D 89 2B 1E 76 F9 9D BA ED 5D A3 2A 03  O....+.v....].*.
00002120:  21 92 8F 48 AD 9C EA BF FE 4F 53 91 81 11 89 18  !..H.....OS.....
00002130:  0C A6 5A 1C 7E 98 D9 19 0E F9 DB BE 3E 67 C1 1E  ..Z.~.......>g..
00002140:  ED 41 EC 62 2E 4A AC 90 AF 71 12 D3 75 A2 99 69  .A.b.J...q..u..i
00002150:  05 1C B4 02 78 61 FC 4B 9D 58 A3 61 10 67 61 6F  ....xa.K.X.a.gao
00002160:  1B 4E 22 58 9A 68 57 90 72 98 A6 1F 2C 23 7B 76  .N"X.hW.r...,#{v
00002170:  2D 11 2D 16 05 F0 DB F5 0B 64 38 62 D2 CE 66 B1  -.-......d8b..f.
00002180:  EF 63 B0 1C D7 8A 93 BF 22 79 9F 71 11 69 A0 CC  .c......"y.q.i..
00002190:  94 59 9C 1C E7 42 A6 D2 8F E8 EA BD 76 9C 89 85  .Y...B......v...
000021A0:  9D B6 19 98 C0 E9 0E 97 5D 87 D3 C8 C7 F4 59 E8  ........].....Y.
000021B0:  AB F9 B1 6B FD FC 33 AF 9B 2E 79 02 54 1D CE 67  ...k..3...y.T..g
000021C0:  FF 09 D8 8A 40 8E 20 EB 7A 80 99 ED 14 42 B2 F7  ....@. .z....B..
000021D0:  8F 40 71 DE 1C CC 63 1A 6B 3A 5C CF 63 8E 07 71  .@q...c.k:\.c..q
000021E0:  6D F4 CC 5D 28 4D 0B DD E0 4B 58 A4 13 56 6F E1  m..](M...KX..Vo.
000021F0:  EE 17 3A 94 24 60 C5 2B A6 FC 52 87 4E 6C E0 6A  ..:.$`.+..R.Nl.j
00002200:  F8 9B 75 E5 E3 37 06 8D 4E F6 B1 21 82 52 1F 44  ..u..7..N..!.R.D
00002210:  1A 02 AA 8B AC 0B C9 CB C4 90 CA 66 46 AF 4F 33  ...........fF.O3
00002220:  48 24 85 26 41 C0 29 E6 E8 AF 42 F5 8D 2D 22 A6  H$.&A.)...B..-".
00002230:  9B A4 B6 42 65 73 C4 78 B0 1A CD CF 06 91 0A 2B  ...Bes.x.......+
00002240:  00 4E C5 C6 F7 69 4F 09 4B 7C 98 27 70 47 F7 63  .N...iO.K|.'pG.c
00002250:  CB F5 9C B3 2E EF 17 5B 44 D0 54 D9 AC F4 04 74  .......[D.T....t
00002260:  F9 A4 E9 B4 44 31 A6 6B 16 FF 8A C2 EA 76 9A 30  ....D1.k.....v.0
00002270:  7C FD CF DA A1 BF D4 C4 87 86 FE 80 8A 09 0C C6  |...............
00002280:  62 AB DE 94 A4 DA 1C 19 24 62 E3 24 C0 BD 41 7A  b.......$b.$..Az
00002290:  1A A1 75 4E A2 A0 13 52 61 7A B4 EB 75 67 C0 0A  ..uN...Raz..ug..
000022A0:  BE B4 94 6C EF A2 16 99 B3 F9 0A 88 8A 72 1F 49  ...l.........r.I
000022B0:  60 D2 6D 10 19 CC 5C 84 62 9B 89 23 09 9B 49 B2  `.m...\.b..#..I.
000022C0:  7B D6 F3 59 43 AE BD 39 F3 F2 8D E4 74 70 B4 BE  {..YC..9....tp..
000022D0:  1F 6E 48 11 EB F6 46 78 3C 97 2A E0 E8 29 0B 64  .nH...Fx<.*..).d
000022E0:  6B 8C F5 53 1E 39 40 F0 EF 76 9F DC D7 14 9A 3D  k..S.9@..v.....=
000022F0:  DD 9F BB 5A EA C9 BC 5D 6B 31 C0 EB 40 FB 91 1F  ...Z...]k1..@...
00002300:  2C D1 2A D8 67 3A 21 64 1B 4C 75 CF 91 61 60 6E  ,.*.g:!d.Lu..a`n
00002310:  C1 9C B6 39 E8 D0 45 64 57 F6 7F E6 EF CB 74 E2  ...9..EdW.....t.
00002320:  1B 93 5C 25 73 71 AB C0 4A D0 63 F8 74 71 AD B5  ..\%sq..J.c.tq..
00002330:  5A 4E D8 01 EE A9 2E A1 EC 27 4E F6 DD DC 28 07  ZN.......'N...(.
00002340:  8E 87 C1 DF 17 8A A4 3E D5 14 B5 EA C7 76 62 49  .......>.....vbI
00002350:  37 A0 7C 11 19 1C 3B 0B 44 F7 2D FD DF D5 6E 04  7.|...;.D.-...n.
00002360:  B7 DC B5 DF 78 66 AC B8 89 89 73 7E 20 F8 AB 2A  ....xf....s~ ..*
00002370:  1D 5C FF 6B 5B E8 1B 4C E9 3E D2 F3 01 68 A6 B0  .\.k[..L.>...h..
00002380:  4F 14 A5 9D 89 2B A0 F4 E6 99 EE 67 18 E1 AB A9  O....+.....g....
00002390:  2A C0 DF 73 55 BD D7 DC B5 A0 D8 56 50 3A 9B 26  *..sU......VP:.&
000023A0:  8A 04 C1 5D 9D 21 2A C7 2C A8 5E C2 F8 D9 1B DE  ...].!*.,.^.....
000023B0:  D3 04 C9 F9 39 8D B8 09 12 88 DD 33 A5 70 39 85  ....9......3.p9.
000023C0:  E4 59 2A BB 34 87 FD A7 4E 89 25 1C 52 86 90 22  .Y*.4...N.%.R.."
000023D0:  4C 07 CF 50 30 F8 E9 C2 2C B4 EB 6F 75 E2 2C 0B  L..P0...,..ou.,.
000023E0:  FF B5 18 C7 8F 5D 5F 03 43 6F 76 20 49 36 53 59  .....]_.Cov I6SY
000023F0:  FC 4B 18 8C 2F B6 8D 95 84 C4 36 07 A4 9A 18 5F  .K../.....6...._
00002400:  E1 97 8A A2 41 D4 E8 9C E3 BA A7 95 8F F2 D0 33  ....A..........3
00002410:  B4 D5 7E A8 4B A6 6D 3D 9A 63 EF 19 8D BB 5F 6D  ..~.K.m=.c...._m
00002420:  CB 40 5B 84 F6 BC 39 61 BF CC 47 97 18 F3 2B 02  .@[...9a..G...+.
00002430:  1B 58 ED 1F A7 8B 01 29 F3 50 A9 99 7F DA 38 B1  .X.....).P....8.
00002440:  CE 76 59 38 1A EA 3E 0F 25 29 BC CA B4 C2 14 74  .vY8..>.%).....t
00002450:  57 74 A4 6B 90 8A C3 07 CD B0 2A 7D 50 69 79 8C  Wt.k......*}Piy.
00002460:  32 85 BD 17 47 62 BC 50 D4 6F B3 71 B4 C7 99 B5  2...Gb.P.o.q....
00002470:  63 84 2E E9 5F 84 27 D3 8A 03 40 C8 1E C4 5E F6  c..._.'...@...^.
00002480:  0C 51 9B E7 5E 64 DD EA FE 7E 03 5D D4 AE 2D A2  .Q..^d...~.]..-.
00002490:  24 79 BA D9 95 A0 3F 09 63 54 1B 6D B4 5A 60 0F  $y....?.cT.m.Z`.
000024A0:  17 D2 E2 02 BE A0 8C 0B 40 42 C4 13 00 80 64 FE  ........@B....d.
000024B0:  68 8C 1B D5 C7 B5 0D B8 6C 6A 27 EB 37 4A C4 15  h.......lj'.7J..
000024C0:  4F 92 0E 5E 0F DB 31 18 91 C1 D1 CA 75 3B A8 1D  O..^..1.....u;..
000024D0:  0D 3E D0 11 9C C0 12 94 C6 C7 75 C5 24 B7 78 C8  .>........u.$.x.
000024E0:  DB 69 93 C9 A5 A1 E6 6D 98 AF EC 05 E6 F6 A3 08  .i.....m........
000024F0:  BD 05 7B B7 60 F6 1F 1E BD 37 BC 08 DE 7C 71 C5  ..{.`....7...|q.
00002500:  84 A1 9A 3F 44 34 78 74 86 C6 7E 6C 9D FA 9A 08  ...?D4xt..~l....
00002510:  7D 7F 68 31 EF 5A 1F 05 44 A2 15 25 43 84 22 28  }.h1.Z..D..%C."(
00002520:  40 8D 47 7C C4 1D F0 29 3A 82 AF B6 44 6B 87 B7  @.G|...):...Dk..
00002530:  4E 08 C5 C5 DA 8F 5E 2E A1 8B C0 A7 95 B7 49 CF  N.....^.......I.
00002540:  55 F1 3F 61 DB 5D A4 D0 85 E3 ED 9E D8 B3 25 E3  U.?a.]........%.
00002550:  0B 20 AB 8E B3 4D F8 B5 47 CA BC BE ED 1C 2E A6  . ...M..G.......
00002560:  35 7E 9C F9 14 36 87 06 CE 7A 24 10 CF BC A6 C9  5~...6...z$.....
00002570:  19 53 DA 1B F2 55 33 AF 9B 2E 79 02 54 1D CE 67  .S...U3...y.T..g
00002580:  FF 09 D8 8A 40 8E B8 2A A8 3C B8 1D 91 C8 AB 25  ....@..*.<.....%
00002590:  22 29 60 01 7C EE 33 17 4D CF 3F 93 A6 6F 92 81  ")`.|.3.M.?..o..
000025A0:  9D 8D CA FF D9 ED 2D AC 5B 49 2D 15 5C AE 93 CE  ......-.[I-.\...
000025B0:  93 23 69 84 7D D4 17 A0 F2 07 CC 98 1D 6A E7 7D  .#i.}........j.}
000025C0:  3B 81 D2 FD 9B 86 3D 79 37 79 80 21 B1 39 ED 3B  ;.....=y7y.!.9.;
000025D0:  02 51 28 8F 2B 7D 3D 84 6B C4 37 54 16 7A 27 EB  .Q(.+}=.k.7T.z'.
000025E0:  66 C0 92 B8 C6 6F 1B 4C E9 3E D2 F3 01 68 A6 B0  f....o.L.>...h..
000025F0:  4F 14 A5 9D 89 2B 84 63 99 A5 DD B4 16 12 FC 7D  O....+.c.......}
00002600:  28 1B 9D 8C 18 93 D7 DC B5 A0 D8 56 50 3A 9B 26  (..........VP:.&
00002610:  8A 04 C1 5D 9D 21 2A C7 2C A8 5E C2 F8 D9 1B DE  ...].!*.,.^.....
00002620:  D3 04 C9 F9 39 8D B8 09 12 88 DD 33 A5 70 39 85  ....9......3.p9.
00002630:  E4 59 2A BB 34 87 FD A7 4E 89 25 1C 52 86 90 22  .Y*.4...N.%.R.."
00002640:  4C 07 CF 50 30 F8 2F C3 9A B2 2F 34 E6 3A 4C B5  L..P0./.../4.:L.
00002650:  BE 7A C9 91 E3 35 5F 03 43 6F 76 20 49 36 53 59  .z...5_.Cov I6SY
00002660:  FC 4B 18 8C 2F B6 AD 1D 20 28 9B D9 1F 80 B1 4F  .K../... (.....O
00002670:  2C 22 EF 4D 0F 14 E8 9C E3 BA A7 95 8F F2 D0 33  ,".M...........3
00002680:  B4 D5 7E A8 4B A6 6D 3D 9A 63 EF 19 8D BB 5F 6D  ..~.K.m=.c...._m
00002690:  CB 40 5B 84 F6 BC 39 61 BF CC 47 97 18 F3 2B 02  .@[...9a..G...+.
000026A0:  1B 58 ED 1F A7 8B 01 29 F3 50 A9 99 7F DA 38 B1  .X.....).P....8.
000026B0:  CE 76 59 38 1A EA 3A 26 0B 7C 22 8B B3 7A 88 6D  .vY8..:&.|"..z.m
000026C0:  C4 76 C0 9C 15 5C C1 0D 29 4A 31 B9 F3 98 AB EE  .v...\..)J1.....
000026D0:  F1 D1 39 04 3B 02 AB DC 60 72 99 32 CA 9B A2 23  ..9.;...`r.2...#
000026E0:  E3 CB 99 E6 7B 82 27 D3 8A 03 40 C8 1E C4 5E F6  ....{.'...@...^.
000026F0:  0C 51 9B E7 5E 64 DD EA FE 7E 03 5D D4 AE 2D A2  .Q..^d...~.]..-.
00002700:  24 79 BA D9 95 A0 8D BC 44 1F CB 93 BA 31 3B FC  $y......D....1;.
00002710:  C2 A8 73 28 34 FA 8C 0B 40 42 C4 13 00 80 64 FE  ..s(4...@B....d.
00002720:  68 8C 1B D5 C7 B5 0D B8 6C 6A 27 EB 37 4A C4 15  h.......lj'.7J..
00002730:  4F 92 0E 5E 0F DB 31 18 91 C1 D1 CA 75 3B A8 1D  O..^..1.....u;..
00002740:  0D 3E D0 11 9C C0 12 94 C6 C7 75 C5 24 B7 78 C8  .>........u.$.x.
00002750:  DB 69 93 C9 A5 A1 CB 00 75 C4 C6 A1 00 0D A7 87  .i......u.......
00002760:  5E 47 18 64 38 66 25 27 E1 36 9D 4A EB 73 55 4C  ^G.d8f%'.6.J.sUL
00002770:  29 73 1C 58 E7 59 56 7B 8D 66 F0 5A BA 5C ED A2  )s.X.YV{.f.Z.\..
00002780:  13 D7 A4 28 CD E9 1F 05 44 A2 15 25 43 84 22 28  ...(....D..%C."(
00002790:  40 8D 47 7C C4 1D F0 29 3A 82 AF B6 44 6B 87 B7  @.G|...):...Dk..
000027A0:  4E 08 C5 C5 DA 8F 5E 2E A1 8B C0 A7 95 B7 49 CF  N.....^.......I.
000027B0:  55 F1 3F 61 DB 5D A4 D0 85 E3 ED 9E D8 B3 25 E3  U.?a.]........%.
000027C0:  0B 20 AB 8E B3 4D 91 40 1E 11 96 61 59 42 74 D2  . ...M.@...aYBt.
000027D0:  E7 B4 84 1F A9 C7 79 1F BA 85 79 28 72 73 33 64  ......y...y(rs3d
000027E0:  72 5A 69 4E 0C C6 33 AF 9B 2E 79 02 54 1D CE 67  rZiN..3...y.T..g
000027F0:  FF 09 D8 8A 40 8E 67 88 BD 98 5E E4 20 93 CC 8F  ....@.g...^. ...
00002800:  67 57 5E EB 4C 4A 33 17 4D CF 3F 93 A6 6F 92 81  gW^.LJ3.M.?..o..
00002810:  9D 8D CA FF D9 ED 2D AC 5B 49 2D 15 5C AE 93 CE  ......-.[I-.\...
00002820:  93 23 69 84 7D D4 BD 21 C3 FE 3F A3 DE DC 39 8A  .#i.}..!..?...9.
00002830:  84 21 EA 59 58 4D 3D 79 37 79 80 21 B1 39 ED 3B  .!.YXM=y7y.!.9.;
00002840:  02 51 28 8F 2B 7D 3D 84 6B C4 37 54 16 7A 27 EB  .Q(.+}=.k.7T.z'.
00002850:  66 C0 92 B8 C6 6F 1B 4C E9 3E D2 F3 01 68 A6 B0  f....o.L.>...h..
00002860:  4F 14 A5 9D 89 2B 26 92 9A 93 9D FD 9D 0B 39 D8  O....+&.......9.
00002870:  0D B0 0D 79 0D 17 D7 DC B5 A0 D8 56 50 3A 9B 26  ...y.......VP:.&
00002880:  8A 04 C1 5D 9D 21 2A C7 2C A8 5E C2 F8 D9 1B DE  ...].!*.,.^.....
00002890:  D3 04 C9 F9 39 8D B8 09 12 88 DD 33 A5 70 39 85  ....9......3.p9.
000028A0:  E4 59 2A BB 34 87 FD A7 4E 89 25 1C 52 86 90 22  .Y*.4...N.%.R.."
000028B0:  4C 07 CF 50 30 F8 2F C3 9A B2 2F 34 E6 3A 4C B5  L..P0./.../4.:L.
000028C0:  BE 7A C9 91 E3 35 5F 03 43 6F 76 20 49 36 53 59  .z...5_.Cov I6SY
000028D0:  FC 4B 18 8C 2F B6 83 65 B3 C3 35 58 E1 75 99 73  .K../..e..5X.u.s
000028E0:  65 DA E6 C3 4D 3F E8 9C E3 BA A7 95 8F F2 D0 33  e...M?.........3
000028F0:  B4 D5 7E A8 4B A6 6D 3D 9A 63 EF 19 8D BB 5F 6D  ..~.K.m=.c...._m
00002900:  CB 40 5B 84 F6 BC 39 61 BF CC 47 97 18 F3 2B 02  .@[...9a..G...+.
00002910:  1B 58 ED 1F A7 8B 01 29 F3 50 A9 99 7F DA 38 B1  .X.....).P....8.
00002920:  CE 76 59 38 1A EA 66 14 D2 AD 50 17 C1 AA 83 EE  .vY8..f...P.....
00002930:  75 BC B4 76 EA 8C D5 57 56 D9 0B C5 0E 53 17 E8  u..v...WV....S..
00002940:  CB 9D 81 CC 27 F1 D7 BC C3 E8 34 DD D6 C3 C4 C2  ....'.....4.....
00002950:  8E 9F 8C 3E 56 12 27 D3 8A 03 40 C8 1E C4 5E F6  ...>V.'...@...^.
00002960:  0C 51 9B E7 5E 64 DD EA FE 7E 03 5D D4 AE 2D A2  .Q..^d...~.]..-.
00002970:  24 79 BA D9 95 A0 5C B3 20 C7 57 E2 2B D4 33 A4  $y....\. .W.+.3.
00002980:  04 F6 65 A3 23 B3 8C 0B 40 42 C4 13 00 80 64 FE  ..e.#...@B....d.
00002990:  68 8C 1B D5 C7 B5 0D B8 6C 6A 27 EB 37 4A C4 15  h.......lj'.7J..
000029A0:  4F 92 0E 5E 0F DB 31 18 91 C1 D1 CA 75 3B A8 1D  O..^..1.....u;..
000029B0:  0D 3E D0 11 9C C0 12 94 C6 C7 75 C5 24 B7 78 C8  .>........u.$.x.
000029C0:  DB 69 93 C9 A5 A1 E6 6D 98 AF EC 05 E6 F6 A3 08  .i.....m........
000029D0:  BD 05 7B B7 60 F6 25 27 E1 36 9D 4A EB 73 55 4C  ..{.`.%'.6.J.sUL
000029E0:  29 73 1C 58 E7 59 3D 28 42 7B E7 A6 D3 6E 22 8B  )s.X.Y=(B{...n".
000029F0:  3F A3 FC 29 54 C6 1F 05 44 A2 15 25 43 84 22 28  ?..)T...D..%C."(
00002A00:  40 8D 47 7C C4 1D F0 29 3A 82 AF B6 44 6B 87 B7  @.G|...):...Dk..
00002A10:  4E 08 C5 C5 DA 8F 5E 2E A1 8B C0 A7 95 B7 49 CF  N.....^.......I.
00002A20:  55 F1 3F 61 DB 5D A4 D0 85 E3 ED 9E D8 B3 25 E3  U.?a.]........%.
00002A30:  0B 20 AB 8E B3 4D F8 B5 47 CA BC BE ED 1C 2E A6  . ...M..G.......
00002A40:  35 7E 9C F9 14 36 82 BF 6D 26 D6 79 45 AD 00 D6  5~...6..m&.yE...
00002A50:  20 AE 0E D0 6B B5 33 AF 9B 2E 79 02 54 1D CE 67   ...k.3...y.T..g
00002A60:  FF 09 D8 8A 40 8E 9D 28 98 2B 7F 0D 70 C4 1F DC  ....@..(.+..p...
00002A70:  85 28 D0 35 06 06 33 17 4D CF 3F 93 A6 6F 92 81  .(.5..3.M.?..o..
00002A80:  9D 8D CA FF D9 ED 2D AC 5B 49 2D 15 5C AE 93 CE  ......-.[I-.\...
00002A90:  93 23 69 84 7D D4 B7 44 32 09 6A 10 EC 05 F1 66  .#i.}..D2.j....f
00002AA0:  D6 AC 65 82 1E 95 3D 79 37 79 80 21 B1 39 ED 3B  ..e...=y7y.!.9.;
00002AB0:  02 51 28 8F 2B 7D 3D 84 6B C4 37 54 16 7A 27 EB  .Q(.+}=.k.7T.z'.
00002AC0:  66 C0 92 B8 C6 6F 1B 4C E9 3E D2 F3 01 68 A6 B0  f....o.L.>...h..
00002AD0:  4F 14 A5 9D 89 2B 1E 57 36 2B C5 65 2E 23 F6 75  O....+.W6+.e.#.u
00002AE0:  07 23 A3 D5 E4 CF D7 DC B5 A0 D8 56 50 3A 9B 26  .#.........VP:.&
00002AF0:  8A 04 C1 5D 9D 21 2A C7 2C A8 5E C2 F8 D9 1B DE  ...].!*.,.^.....
00002B00:  D3 04 C9 F9 39 8D B8 09 12 88 DD 33 A5 70 39 85  ....9......3.p9.
00002B10:  E4 59 2A BB 34 87 E0 53 5E F7 C1 7B A1 C2 1B 5B  .Y*.4..S^..{...[
00002B20:  4E D1 E8 D4 3D 56 63 59 34 D6 BA 17 58 2E E7 E1  N...=VcY4...X...
00002B30:  D7 62 D8 5C 65 12 9E 0E 6E 6B 4B 62 79 4E 6D 07  .b.\e...nkKbyNm.
00002B40:  3F D0 AC AF DF F9 3C 50 E0 9E 90 FD 0B 24 75 02  ?.....<P.....$u.
00002B50:  DF EB B6 A9 7F E4 37 ED 51 19 A6 07 56 8C CF 03  ......7.Q...V...
00002B60:  56 20 30 33 16 BF C4 1B 2E 71 DD 89 59 31 91 88  V 03.....q..Y1..
00002B70:  29 E2 99 EF 25 E2 F2 76 32 08 C9 B8 B8 57 77 C9  )...%..v2....Ww.
00002B80:  20 82 F9 53 A7 73 28 19 A3 7D 27 CA B3 A5 79 D5   ..S.s(..}'...y.
00002B90:  E9 A2 4B 22 CB A3 45 81 1B 92 EC 12 03 61 C3 C6  ..K"..E......a..
00002BA0:  7B E7 19 C7 07 3A C9 36 32 47 2F C7 0B 50 BF 49  {....:.62G/..P.I
00002BB0:  6E A5 82 A2 5A E1 46 14 64 6C D4 97 6F CD 1A 97  n...Z.F.dl..o...
00002BC0:  B4 1E F4 2D 13 78 27 D3 8A 03 40 C8 1E C4 5E F6  ...-.x'...@...^.
00002BD0:  0C 51 9B E7 5E 64 DD EA FE 7E 03 5D D4 AE 2D A2  .Q..^d...~.]..-.
00002BE0:  24 79 BA D9 95 A0 DF 1A EA 29 01 94 95 60 DD 32  $y.......)...`.2
00002BF0:  75 A9 50 57 DD 62 8C 0B 40 42 C4 13 00 80 64 FE  u.PW.b..@B....d.
00002C00:  68 8C 1B D5 C7 B5 AD 52 1E F1 87 48 0B 2E 28 17  h......R...H..(.
00002C10:  FA 13 7C DC 95 B9 9D BA 19 51 0C 18 98 3D 33 C7  ..|......Q...=3.
00002C20:  73 A9 6D DE 0A 65 23 47 F7 36 63 70 AB E5 50 CD  s.m..e#G.6cp..P.
00002C30:  BD D8 67 27 CA A4 D4 C4 87 86 FE 80 8A 09 0C C6  ..g'............
00002C40:  62 AB DE 94 A4 DA 1C 19 24 62 E3 24 C0 BD 41 7A  b.......$b.$..Az
00002C50:  1A A1 75 4E A2 A0 13 52 61 7A B4 EB 75 67 C0 0A  ..uN...Raz..ug..
00002C60:  BE B4 94 6C EF A2 16 99 B3 F9 0A 88 8A 72 1F 49  ...l.........r.I
00002C70:  60 D2 6D 10 19 CC F3 99 73 00 2A 1F 04 B3 E4 CD  `.m.....s.*.....
00002C80:  4E AB B3 7A 13 06 80 59 B6 47 BA B8 91 D8 A1 61  N..z...Y.G.....a
00002C90:  45 EE 47 FF 98 9E 04 E3 8C FD E6 C0 3C 92 90 B9  E.G.........<...
00002CA0:  BE 55 08 E1 7A F5 40 F0 EF 76 9F DC D7 14 9A 3D  .U..z.@..v.....=
00002CB0:  DD 9F BB 5A EA C9 BC 5D 6B 31 C0 EB 40 FB 91 1F  ...Z...]k1..@...
00002CC0:  2C D1 2A D8 67 3A 21 64 1B 4C 75 CF 91 61 60 6E  ,.*.g:!d.Lu..a`n
00002CD0:  C1 9C B6 39 E8 D0 45 64 57 F6 7F E6 EF CB 74 E2  ...9..EdW.....t.
00002CE0:  1B 93 5C 25 73 71 5C DD 13 CA 5C 7D EB CE FE 1B  ..\%sq\...\}....
00002CF0:  B8 A3 B3 B9 D8 72 8E DE F5 3A 56 65 31 93 E4 2F  .....r...:Ve1../
00002D00:  67 68 D8 BD C6 B6 99 50 59 20 46 95 32 D0 C3 98  gh.....PY F.2...
00002D10:  9A 1F 68 E3 01 73 7A 7D 39 C3 D6 8E FE 93 3F 61  ..h..sz}9.....?a
00002D20:  85 93 42 A9 1E 3E AC B8 89 89 73 7E 20 F8 AB 2A  ..B..>....s~ ..*
00002D30:  1D 5C FF 6B 5B E8 1B 4C E9 3E D2 F3 01 68 A6 B0  .\.k[..L.>...h..
00002D40:  4F 14 A5 9D 89 2B 8A FC 73 F0 B2 6E 67 66 EB 1E  O....+..s..ngf..
00002D50:  8E AB 1C 8F BF 63 EA BF FE 4F 53 91 81 11 89 18  .....c...OS.....
00002D60:  0C A6 5A 1C 7E 98 D9 19 0E F9 DB BE 3E 67 C1 1E  ..Z.~.......>g..
00002D70:  ED 41 EC 62 2E 4A 6B E9 22 F8 83 8B DD EF AD DA  .A.b.Jk.".......
00002D80:  E4 30 7B C7 26 13 41 35 45 4B 70 DA 49 04 4A E3  .0{.&.A5EKp.I.J.
00002D90:  DF 39 42 6D 66 E4 57 90 72 98 A6 1F 2C 23 7B 76  .9Bmf.W.r...,#{v
00002DA0:  2D 11 2D 16 05 F0 DB F5 0B 64 38 62 D2 CE 66 B1  -.-......d8b..f.
00002DB0:  EF 63 B0 1C D7 8A 93 BF 22 79 9F 71 11 69 A0 CC  .c......"y.q.i..
00002DC0:  94 59 9C 1C E7 42 A6 D2 8F E8 EA BD 76 9C 89 85  .Y...B......v...
00002DD0:  9D B6 19 98 C0 E9 72 A7 52 32 FA 60 E4 E8 44 57  ......r.R2.`..DW
00002DE0:  CF 34 A0 EF 85 FE 33 AF 9B 2E 79 02 54 1D CE 67  .4....3...y.T..g
00002DF0:  FF 09 D8 8A 40 8E F8 77 D3 4D EE AE 31 CF A9 F5  ....@..w.M..1...
00002E00:  F3 78 E7 5B 4C FE 63 1A 6B 3A 5C CF 63 8E 07 71  .x.[L.c.k:\.c..q
00002E10:  6D F4 CC 5D 28 4D 0B DD E0 4B 58 A4 13 56 6F E1  m..](M...KX..Vo.
00002E20:  EE 17 3A 94 24 60 C5 2B A6 FC 52 87 4E 6C E0 6A  ..:.$`.+..R.Nl.j
00002E30:  F8 9B 75 E5 E3 37 06 8D 4E F6 B1 21 82 52 1F 44  ..u..7..N..!.R.D
00002E40:  1A 02 AA 8B AC 0B AF FF DA E3 C9 C7 A0 CF 9E CC  ................
00002E50:  73 10 D1 F9 32 48 29 E6 E8 AF 42 F5 8D 2D 22 A6  s...2H)...B..-".
00002E60:  9B A4 B6 42 65 73 6C 16 7B 61 56 1E 50 70 2A 0A  ...Besl.{aV.Pp*.
00002E70:  D8 F1 BC 7D FC FA 4F 09 4B 7C 98 27 70 47 F7 63  ...}..O.K|.'pG.c
00002E80:  CB F5 9C B3 2E EF 17 5B 44 D0 54 D9 AC F4 04 74  .......[D.T....t
00002E90:  F9 A4 E9 B4 44 31 42 79 12 11 3C F4 19 36 A9 51  ....D1By..<..6.Q
00002EA0:  BF 4F 88 A8 6B 63 D4 C4 87 86 FE 80 8A 09 0C C6  .O..kc..........
00002EB0:  62 AB DE 94 A4 DA 1C 19 24 62 E3 24 C0 BD 41 7A  b.......$b.$..Az
00002EC0:  1A A1 75 4E A2 A0 13 52 61 7A B4 EB 75 67 C0 0A  ..uN...Raz..ug..
00002ED0:  BE B4 94 6C EF A2 16 99 B3 F9 0A 88 8A 72 1F 49  ...l.........r.I
00002EE0:  60 D2 6D 10 19 CC F3 99 73 00 2A 1F 04 B3 E4 CD  `.m.....s.*.....
00002EF0:  4E AB B3 7A 13 06 4B 99 2C F2 96 73 35 7C A6 29  N..z..K.,..s5|.)
00002F00:  43 EB F5 D1 EC 52 18 67 E2 EF 0A 84 8E BB 24 D7  C....R.g......$.
00002F10:  B7 E3 23 7F 14 67 40 F0 EF 76 9F DC D7 14 9A 3D  ..#..g@..v.....=
00002F20:  DD 9F BB 5A EA C9 BC 5D 6B 31 C0 EB 40 FB 91 1F  ...Z...]k1..@...
00002F30:  2C D1 2A D8 67 3A 21 64 1B 4C 75 CF 91 61 60 6E  ,.*.g:!d.Lu..a`n
00002F40:  C1 9C B6 39 E8 D0 45 64 57 F6 7F E6 EF CB 74 E2  ...9..EdW.....t.
00002F50:  1B 93 5C 25 73 71 5C DD 13 CA 5C 7D EB CE FE 1B  ..\%sq\...\}....
00002F60:  B8 A3 B3 B9 D8 72 2E A1 EC 27 4E F6 DD DC 28 07  .....r...'N...(.
00002F70:  8E 87 C1 DF 17 8A 67 F0 C9 74 30 FC EF EC D6 FD  ......g..t0.....
00002F80:  85 F4 1C 69 48 1F C4 C6 15 E4 B5 F6 AB 27 F0 E9  ...iH........'..
00002F90:  C0 0C A5 AA EA 2A AC B8 89 89 73 7E 20 F8 AB 2A  .....*....s~ ..*
00002FA0:  1D 5C FF 6B 5B E8 1B 4C E9 3E D2 F3 01 68 A6 B0  .\.k[..L.>...h..
00002FB0:  4F 14 A5 9D 89 2B C4 FA 41 30 4D F5 D5 DC 04 BD  O....+..A0M.....
00002FC0:  19 91 71 A5 B0 BB EA BF FE 4F 53 91 81 11 89 18  ..q......OS.....
00002FD0:  0C A6 5A 1C 7E 98 D9 19 0E F9 DB BE 3E 67 C1 1E  ..Z.~.......>g..
00002FE0:  ED 41 EC 62 2E 4A D1 A4 B4 CE 25 4F 50 AF D4 88  .A.b.J....%OP...
00002FF0:  3B 85 CE 3B FC 20 3F A6 23 41 42 A7 04 80 7B D8  ;..;. ?.#AB...{.
00003000:  8D E1 A5 8D A9 C0 57 90 72 98 A6 1F 2C 23 7B 76  ......W.r...,#{v
00003010:  2D 11 2D 16 05 F0 DB F5 0B 64 38 62 D2 CE 66 B1  -.-......d8b..f.
00003020:  EF 63 B0 1C D7 8A 93 BF 22 79 9F 71 11 69 A0 CC  .c......"y.q.i..
00003030:  94 59 9C 1C E7 42 8B E0 51 6A CA E3 AD 94 87 78  .Y...B..Qj.....x
00003040:  EF 28 DD B9 66 ED FC 1A BD 36 A9 BF EB 1B E9 9E  .(..f....6......
00003050:  1B 9A 7B 37 2E B8 9E 20 5D 42 04 15 61 8D 02 D7  ..{7... ]B..a...
00003060:  55 76 D7 CA 2D 9A F7 F5 B0 98 E7 3E A7 D8 4B 32  Uv..-......>..K2
00003070:  D9 E7 27 6A 5A 3A 0F 97 C9 2B 41 46 FD 64 50 F7  ..'jZ:...+AF.dP.
00003080:  35 E0 73 65 94 FF E6 0E F3 BB 3C 26 0B C8 63 26  5.se......<&..c&
00003090:  4F A8 E8 10 DA A3 53 4F A4 D7 02 73 FA B8 7B 65  O.....SO...s..{e
000030A0:  03 43 14 D2 36 9E AE 78 39 D5 F0 CB 48 16 7C 37  .C..6..x9...H.|7
000030B0:  75 6B EC 55 2F AF 7C B1 33 83 9E CE F7 28 CF C1  uk.U/.|.3....(..
000030C0:  D4 42 A0 A7 57 24 F3 E0 21 D6 82 50 66 05 56 20  .B..W$..!..Pf.V 
000030D0:  AF 69 1F 53 B1 55 46 25 62 3C C5 AC 54 E8 DE AB  .i.S.UF%b<..T...
000030E0:  CF EB 2E 03 A1 1D 8B 8C C4 26 19 B7 E8 86 0B 7B  .........&.....{
000030F0:  38 84 E6 8E 1D 7B E3 66 5D 65 7C 09 97 31 3C 54  8....{.f]e|..1<T
00003100:  D4 4C 79 FC 4A 4A 36 7A 78 F3 23 19 A3 45 AC A6  .Ly.JJ6zx.#..E..
00003110:  3F 09 4A AF 13 51 CB BD A6 80 B5 00 59 13 C3 B1  ?.J..Q......Y...
00003120:  AE 02 B1 2D 16 0C 65 56 BA 9D 22 5C D5 53 B3 DF  ...-..eV.."\.S..
00003130:  02 40 46 5C FB A8 FB C2 FF C8 1E 3E 18 F0 C7 3B  .@F\.......>...;
00003140:  7A DA BC DA 45 29 C9 AB 67 08 67 DB F8 C0 28 D6  z...E)..g.g...(.
00003150:  03 4B E1 CE 1A 0D 7B 60 B7 6E 2E 0F 56 61 12 EB  .K....{`.n..Va..
00003160:  CD FA 43 B3 F6 37 6C B7 75 51 01 DD 19 A7 DB 6D  ..C..7l.uQ.....m
00003170:  D2 2A 75 E9 27 6C 9D 6C EA 5A B7 C0 35 7C F7 EC  .*u.'l.l.Z..5|..
00003180:  A9 72 19 B3 4B 6D 53 81 C6 E8 ED 0D 5B 7F 18 03  .r..KmS.....[...
00003190:  76 E3 95 4D 00 22 42 34 11 27 53 53 F8 D4 C8 FB  v..M."B4.'SS....
000031A0:  07 85 4E 86 22 10 4A BF FB 13 86 D0 7D C9 2C CC  ..N.".J.....}.,.
000031B0:  22 65 50 2E 10 A9 A3 02 A5 BC F7 75 17 9C 0B 23  "eP........u...#
000031C0:  F6 A7 1F E7 29 C8 68 5B FB E5 5B 20 ED AE 77 D0  ....).h[..[ ..w.
000031D0:  01 31 D0 A3 D8 F0 F2 A0 15 8B 7C 3A 7E D9 9C 30  .1........|:~..0
000031E0:  BE 71 40 0D 62 FE 3B 1A C6 4C 81 89 77 0E E7 90  .q@.b.;..L..w...
000031F0:  E3 98 6D 26 1E 42 4D 9D 6C 52 C7 FE B7 A5 05 8F  ..m&.BM.lR......
00003200:  9A 11 0F 78 EE 04 BC DF 90 2A 11 C6 ED B5 6D C2  ...x.....*....m.
00003210:  04 2B F5 E9 CA D9 EC FD 4E 73 D6 98 A0 77 29 CB  .+......Ns...w).
00003220:  EE 91 C9 CF 8D C0 49 41 E8 C3 24 60 68 3E 07 3C  ......IA..$`h>.<
00003230:  93 C8 3E A4 DC C5 0E AA 97 00 1E F9 27 1F C4 59  ..>.........'..Y
00003240:  0F 99 F5 2E AB 2F 3F 16 BC C6 75 9B 8D 54 B4 4F  ...../?...u..T.O
00003250:  0A C2 05 F8 C6 19 9E 0E 6E 6B 4B 62 79 4E 6D 07  ........nkKbyNm.
00003260:  3F D0 AC AF DF F9 1F 42 A1 AC CB 1C B0 42 28 71  ?......B.....B(q
00003270:  41 A8 87 E0 ED DA 07 27 40 EC 71 40 BF 97 8A 74  A......'@.q@...t
00003280:  D6 CD D5 9F 7C 24 75 EE 4B 60 D7 F1 36 48 24 53  ....|$u.K`..6H$S
00003290:  6D AB 49 62 86 9E A6 E3 DD 0A FD D5 FD AA 7D 7E  m.Ib..........}~
000032A0:  E7 D4 DE D1 F4 1E CE B7 AA 9F D3 6C 8B C5 52 3C  ...........l..R<
000032B0:  5F 71 2F 40 F8 72 02 C1 79 2B B0 FF 32 ED 37 EE  _q/@.r..y+..2.7.
000032C0:  D6 DD C0 B7 93 16 65 72 FF 60 65 4D 3C 7D FB C7  ......er.`eM<}..
000032D0:  B2 88 82 86 26 D3 48 D7 6E 5C 60 67 7C CC 31 88  ....&.H.n\`g|.1.
000032E0:  2D 4D 4F F5 48 96 58 1D 35 FC A6 DA 4E 00 CF 6C  -MO.H.X.5...N..l
000032F0:  BF 16 64 E0 CA 53 35 15 A0 BE 16 6F 75 1A 88 11  ..d..S5....ou...
00003300:  66 06 90 3E A3 EE 74 6D ED 80 B0 12 F5 5F 6B C2  f..>..tm....._k.
00003310:  DD BD 3E FE C4 3A CE 64 32 FA B2 F7 B0 06 FC 55  ..>..:.d2......U
00003320:  91 8B 5E 3F FB 0A D1 C9 26 2D 2E D7 A8 C4 33 6C  ..^?....&-....3l
00003330:  A1 82 89 3E 51 C5 8F 6D 64 BD 8D B1 23 B1 F7 DC  ...>Q..md...#...
00003340:  6B 4E 56 C1 F6 D6 A3 02 A5 BC F7 75 17 9C 0B 23  kNV........u...#
00003350:  F6 A7 1F E7 29 C8 B1 85 AC 96 68 1D 9A B1 86 75  ....).....h....u
00003360:  18 6C E8 40 44 5E 4E 2E 3F A4 AC 0C A7 58 A6 AF  .l.@D^N.?....X..
00003370:  64 43 CD CB 54 5B 3B 1A C6 4C 81 89 77 0E E7 90  dC..T[;..L..w...
00003380:  E3 98 6D 26 1E 42 E0 8C 7B 5E D0 F1 00 5A 82 C3  ..m&.B..{^...Z..
00003390:  74 77 F9 72 41 B6 BC DF 90 2A 11 C6 ED B5 6D C2  tw.rA....*....m.
000033A0:  04 2B F5 E9 CA D9 EC FD 4E 73 D6 98 A0 77 29 CB  .+......Ns...w).
000033B0:  EE 91 C9 CF 8D C0 49 41 E8 C3 24 60 68 3E 07 3C  ......IA..$`h>.<
000033C0:  93 C8 3E A4 DC C5 8C A8 1E 18 8A 3C 25 E2 EE 70  ..>........<%..p
000033D0:  45 6B FA DD C4 00 12 39 19 D5 3A 01 C1 45 08 5D  Ek.....9..:..E.]
000033E0:  AD 08 B0 B1 CD 51 9E 20 5D 42 04 15 61 8D 02 D7  .....Q. ]B..a...
000033F0:  55 76 D7 CA 2D 9A D2 54 22 CC 5C 3D 50 91 C2 B4  Uv..-..T".\=P...
00003400:  3A 02 64 3E F2 79 0F 97 C9 2B 41 46 FD 64 50 F7  :.d>.y...+AF.dP.
00003410:  35 E0 73 65 94 FF E6 0E F3 BB 3C 26 0B C8 63 26  5.se......<&..c&
00003420:  4F A8 E8 10 DA A3 53 4F A4 D7 02 73 FA B8 7B 65  O.....SO...s..{e
00003430:  03 43 14 D2 36 9E AE 78 39 D5 F0 CB 48 16 7C 37  .C..6..x9...H.|7
00003440:  75 6B EC 55 2F AF CC E5 7A BE 55 7E 68 81 D5 0F  uk.U/...z.U~h...
00003450:  0D B4 AA A3 C5 E7 72 6D 73 42 D5 A8 60 1D 31 38  ......rmsB..`.18
00003460:  B1 71 54 62 08 B8 38 7A F7 6C 55 DE 09 13 96 FE  .qTb..8z.lU.....
00003470:  BE 53 04 1E 43 FE 8B 8C C4 26 19 B7 E8 86 0B 7B  .S..C....&.....{
00003480:  38 84 E6 8E 1D 7B E3 66 5D 65 7C 09 97 31 3C 54  8....{.f]e|..1<T
00003490:  D4 4C 79 FC 4A 4A 36 84 8C 4E 50 C6 60 C9 65 58  .Ly.JJ6..NP.`.eX
000034A0:  EF 74 4A 8F 55 88 27 D3 8A 03 40 C8 1E C4 5E F6  .tJ.U.'...@...^.
000034B0:  0C 51 9B E7 5E 64 35 15 A0 BE 16 6F 75 1A 88 11  .Q..^d5....ou...
000034C0:  66 06 90 3E A3 EE 74 6D ED 80 B0 12 F5 5F 6B C2  f..>..tm....._k.
000034D0:  DD BD 3E FE C4 3A 66 61 2D F9 16 7D F9 1B 2C 1B  ..>..:fa-..}..,.
000034E0:  45 3B 6B 6D 81 B9 8A A8 6A 9F 29 BA 00 04 F8 00  E;km....j.).....
000034F0:  0A 81 C8 EB F0 3A CA 92 7D 4B E2 C7 CD 53 4C 05  .....:..}K...SL.
00003500:  98 AF 60 BF 31 52 3E 63 82 35 3C EF 2A A0 44 9C  ..`.1R>c.5<.*.D.
00003510:  3E 9E D6 E8 41 E9 63 EE 7B 9F A3 65 B9 39 74 25  >...A.c.{..e.9t%
00003520:  F7 9B A0 03 14 6A C3 C0 31 41 9F 96 E4 B3 23 15  .....j..1A....#.
00003530:  9A 59 0D AA C9 E9 ED 4E 69 66 D6 27 44 2A 9E 84  .Y.....Nif.'D*..
00003540:  F1 BD 46 34 7B 6F 2C 13 B3 B9 74 E6 5C 5D A8 D1  ..F4{o,...t.\]..
00003550:  C7 1F 63 85 88 B7 0F 7D 38 3F 37 B4 34 49 8D BC  ..c....}8?7.4I..
00003560:  52 C5 62 44 2A 35 9B ED 37 76 5D 0C 9F C8 7F 08  R.bD*5..7v].....
00003570:  9D 45 1C 0C 22 C8 C8 DE DD 64 82 8D 4E 20 F1 AB  .E.."....d..N ..
00003580:  2B 47 8F 18 FA 02 97 E0 05 C6 A8 02 BF 58 E1 F5  +G...........X..
00003590:  F8 12 50 93 58 12 3F FC 05 43 80 2E A0 D9 CF CB  ..P.X.?..C......
000035A0:  A5 2F 17 FE 81 53 48 17 89 A9 B9 0D EE FC 0D 24  ./...SH........$
000035B0:  AB 1B C7 4E CB 36 7C 2B CD 5F B7 FF 9E D7 49 06  ...N.6|+._....I.
000035C0:  D6 C4 9E 93 AA 7B 63 1A 6B 3A 5C CF 63 8E 07 71  .....{c.k:\.c..q
000035D0:  6D F4 CC 5D 28 4D 0B DD E0 4B 58 A4 13 56 6F E1  m..](M...KX..Vo.
000035E0:  EE 17 3A 94 24 60 C5 2B A6 FC 52 87 4E 6C E0 6A  ..:.$`.+..R.Nl.j
000035F0:  F8 9B 75 E5 E3 37 CC 17 9B 89 F5 E9 F0 62 6B 89  ..u..7.......bk.
00003600:  62 5C 2B 85 DD FC 30 C3 C8 64 DF 09 2F 76 3F B5  b\+...0..d../v?.
00003610:  DE DE 7B 4B 7E 0C 9E 0E 6E 6B 4B 62 79 4E 6D 07  ..{K~...nkKbyNm.
00003620:  3F D0 AC AF DF F9 0B 67 31 65 A5 42 42 DB 51 02  ?......g1e.BB.Q.
00003630:  53 8F A5 E4 21 0E 37 ED 51 19 A6 07 56 8C CF 03  S...!.7.Q...V...
00003640:  56 20 30 33 16 BF C4 1B 2E 71 DD 89 59 31 91 88  V 03.....q..Y1..
00003650:  29 E2 99 EF 25 E2 F2 76 32 08 C9 B8 B8 57 77 C9  )...%..v2....Ww.
00003660:  20 82 F9 53 A7 73 28 19 A3 7D 27 CA B3 A5 79 D5   ..S.s(..}'...y.
00003670:  E9 A2 4B 22 CB A3 01 E4 84 B3 69 FE 31 9D 05 AC  ..K"......i.1...
00003680:  3B 13 C8 5B FE D0 D5 8E 1D E8 F5 D5 7B 1A 74 C7  ;..[........{.t.
00003690:  FE 27 7F FD 2C F9 77 87 A8 32 2B 71 F5 8B D5 58  .'..,.w..2+q...X
000036A0:  CA 56 91 A2 22 AB 8C 0B 40 42 C4 13 00 80 64 FE  .V.."...@B....d.
000036B0:  68 8C 1B D5 C7 B5 1C A4 E7 F9 03 69 10 81 20 E2  h..........i.. .
000036C0:  75 62 4C 5C CB A3 32 64 17 DB 20 69 F1 10 06 F6  ubL\..2d.. i....
000036D0:  FC AC 10 1A EB 03 40 F0 EF 76 9F DC D7 14 9A 3D  ......@..v.....=
000036E0:  DD 9F BB 5A EA C9 A8 E7 5E 58 63 90 53 B7 9B D9  ...Z....^Xc.S...
000036F0:  B1 9B 4D 87 9B 03 C9 F2 9D 66 2F 4F 25 40 F8 25  ..M......f/O%@.%
00003700:  71 4E BA DD 35 FA DD 72 89 4B 5C CF EE 8A A0 5F  qN..5..r.K\...._
00003710:  C8 CF 5B F9 3E 7E 9A 16 BC DC 9E DC 06 38 06 D3  ..[.>~.......8..
00003720:  14 F4 0E D8 A4 1F 65 56 BA 9D 22 5C D5 53 B3 DF  ......eV.."\.S..
00003730:  02 40 46 5C FB A8 FB C2 FF C8 1E 3E 18 F0 C7 3B  .@F\.......>...;
00003740:  7A DA BC DA 45 29 D2 84 FC 9F B2 F5 58 6A D3 13  z...E)......Xj..
00003750:  9D ED 0A 62 7C 0B C8 62 C6 55 48 7C 98 92 60 EE  ...b|..b.UH|..`.
00003760:  1D C1 FE F0 42 C0 7E B9 22 79 4D 83 CB 0B 2C F1  ....B.~."yM...,.
00003770:  93 85 9D 8E 45 97 BC 38 E5 BD EB 21 8A 8A C4 10  ....E..8...!....
00003780:  C6 6A 74 07 C7 97 10 90 36 D2 25 18 AA B9 87 18  .jt.....6.%.....
00003790:  9E 85 41 9A 75 38 A1 B7 D7 6B 24 B6 BE F0 D1 3D  ..A.u8...k$....=
000037A0:  A0 3D 67 43 D5 AC 92 0F 5C 3C E8 1C 2D 51 62 1B  .=gC....\<..-Qb.
000037B0:  18 C0 9B 3E A8 9F 4B 7B A8 36 EA 21 1F D4 0A 75  ...>..K{.6.!...u
000037C0:  E1 C3 FC AF 4E 16 D8 8F E4 3F 3F 1E 77 DF E4 36  ....N....??.w..6
000037D0:  46 E9 C4 1D D4 21 B3 CF 34 4E 00 35 19 4D 9A 9D  F....!..4N.5.M..
000037E0:  03 E0 56 59 45 3D AC 99 E4 9A D9 75 C4 20 58 3E  ..VYE=.....u. X>
000037F0:  0B 57 E2 8E A3 73 89 4C BC EE 52 2B 63 E6 42 EC  .W...s.L..R+c.B.
00003800:  23 AC FC 3F 1E 65 C3 37 37 22 DA 49 5B 35 6E 45  #..?.e.77".I[5nE
00003810:  06 7B 43 50 5E BE E3 FC 80 EB 47 0A 92 2A 44 3F  .{CP^.....G..*D?
00003820:  96 65 C6 3B 08 F5 DC 87 1C 6B EA 8F 03 C2 0E 62  .e.;.....k.....b
00003830:  74 74 2D 12 E5 9C B0 46 09 77 93 CD 61 F3 A2 59  tt-....F.w..a..Y
00003840:  71 82 83 3E 2D 22 65 70 8A A2 8C C5 C8 6B FB F5  q..>-"ep.....k..
00003850:  07 9A 13 41 AC 12 25 D2 1D CE F2 DE 78 A7 66 DA  ...A..%.....x.f.
00003860:  BC 77 AD 54 72 D1 4E E9 3A E4 61 5E 6F 5F D6 29  .w.Tr.N.:.a^o_.)
00003870:  06 94 10 35 D0 FD 7F EF 0C 6A 23 8E 4D 6A 06 26  ...5.....j#.Mj.&
00003880:  03 3B 36 BA 79 D5 33 DF EA 81 B9 0F D6 BC A8 47  .;6.y.3........G
00003890:  F7 C3 60 4B A3 FA 0D B5 2D C2 5E 9F D9 D1 7D 8B  ..`K....-.^...}.
000038A0:  C8 9A 05 4A EB C5 57 9B 84 49 2E 6D CB CD E6 96  ...J..W..I.m....
000038B0:  68 95 93 8F 2A 95 21 D2 48 A4 9E C8 01 84 2B 1F  h...*.!.H.....+.
000038C0:  B1 37 28 DB B3 5B 7B 60 B7 6E 2E 0F 56 61 12 EB  .7(..[{`.n..Va..
000038D0:  CD FA 43 B3 F6 37 6C B7 75 51 01 DD 19 A7 DB 6D  ..C..7l.uQ.....m
000038E0:  D2 2A 75 E9 27 6C 9D 6C EA 5A B7 C0 35 7C F7 EC  .*u.'l.l.Z..5|..
000038F0:  A9 72 19 B3 4B 6D 71 0E FA 59 0B D9 31 01 B8 00  .r..Kmq..Y..1...
00003900:  3C C5 F1 EF A2 19 D6 4B 47 22 AE 00 BB A3 B6 04  <......KG"......
00003910:  87 96 D5 41 4A 2C A7 DD F4 E7 BE C0 6F 6D C4 56  ...AJ,......om.V
00003920:  35 28 1C 82 24 4F AC CA AB BE 53 0A 06 15 E9 C7  5(..$O....S.....
00003930:  BA CB 18 19 09 AD 8C 0B 40 42 C4 13 00 80 64 FE  ........@B....d.
00003940:  68 8C 1B D5 C7 B5 0D B8 6C 6A 27 EB 37 4A C4 15  h.......lj'.7J..
00003950:  4F 92 0E 5E 0F DB 31 18 91 C1 D1 CA 75 3B A8 1D  O..^..1.....u;..
00003960:  0D 3E D0 11 9C C0 78 C4 7F 73 56 AF BC 54 AD C7  .>....x..sV..T..
00003970:  58 F8 4A 80 99 39 3A E6 27 87 66 D6 EF 89 50 39  X.J..9:.'.f...P9
00003980:  57 80 F7 02 38 90 B9 BC EC 48 0B C5 D6 BC 03 80  W...8....H......
00003990:  CF 5F 16 E0 00 D1 70 85 09 B6 82 3D 97 FB E8 FF  ._....p....=....
000039A0:  2E B1 13 AA 13 E9 A5 1C 77 F9 C2 14 68 FB 47 46  ........w...h.GF
000039B0:  CD FA 6C B5 DB 13 11 F3 D1 9C 8D 85 7B 18 7B 58  ..l.........{.{X
000039C0:  6F 2A 63 FC 1F 2A 87 21 60 D3 A6 53 D5 7E 9E AF  o*c..*.!`..S.~..
000039D0:  BC 89 69 B0 3F 9E 54 88 91 F9 BA 77 84 A1 C8 3B  ..i.?.T....w...;
000039E0:  2A 1F 87 25 9E DB E3 BC 09 7B F5 D9 B0 B7 9E BB  *..%.....{......
000039F0:  BF A6 2B D9 34 2A 86 E6 12 8B EA 5D DC 2D 32 5C  ..+.4*.....].-2\
00003A00:  BB 36 41 8A 95 E4 F7 4F AE C6 AB AB 42 1C 7E 57  .6A....O....B.~W
00003A10:  B8 84 BC 94 FC 22 1F 05 44 A2 15 25 43 84 22 28  ....."..D..%C."(
00003A20:  40 8D 47 7C C4 1D F0 29 3A 82 AF B6 44 6B 87 B7  @.G|...):...Dk..
00003A30:  4E 08 C5 C5 DA 8F 5E 2E A1 8B C0 A7 95 B7 49 CF  N.....^.......I.
00003A40:  55 F1 3F 61 DB 5D 3A C8 69 8B 8F EB BE 8B D9 A6  U.?a.]:.i.......
00003A50:  93 B3 4D 91 68 7C E0 E1 33 B7 E0 18 91 B0 40 03  ..M.h|..3.....@.
00003A60:  72 E5 B5 4C 71 13 A9 51 A6 B8 E5 2B EA CC A1 35  r..Lq..Q...+...5
00003A70:  12 92 2A 5D 4A D8 89 D3 2D CC 05 E7 2A 13 65 0B  ..*]J...-...*.e.
00003A80:  E2 2D 25 5D D4 2D 64 E9 CA 82 63 4D 65 31 C3 4D  .-%].-d...cMe1.M
00003A90:  B1 EF EC 2E BA E5 BC DF 90 2A 11 C6 ED B5 6D C2  .........*....m.
00003AA0:  04 2B F5 E9 CA D9 EC FD 4E 73 D6 98 A0 77 29 CB  .+......Ns...w).
00003AB0:  EE 91 C9 CF 8D C0 49 41 E8 C3 24 60 68 3E 07 3C  ......IA..$`h>.<
00003AC0:  93 C8 3E A4 DC C5 45 77 30 E4 92 7C 87 03 32 95  ..>...Ew0..|..2.
00003AD0:  97 60 32 5E 6A E3 2F 40 57 30 4F 45 01 5F 11 F0  .`2^j./@W0OE._..
00003AE0:  45 55 B2 AC 34 89 9E 0E 6E 6B 4B 62 79 4E 6D 07  EU..4...nkKbyNm.
00003AF0:  3F D0 AC AF DF F9 EF 05 2B 4C 0E B3 74 41 45 EF  ?.......+L..tAE.
00003B00:  4F EF 02 9D C3 6A 07 27 40 EC 71 40 BF 97 8A 74  O....j.'@.q@...t
00003B10:  D6 CD D5 9F 7C 24 75 EE 4B 60 D7 F1 36 48 24 53  ....|$u.K`..6H$S
00003B20:  6D AB 49 62 86 9E DD EE CB 2F 0F F5 8A 90 D6 60  m.Ib...../.....`
00003B30:  D6 DF 91 8C 0E B9 DE 52 39 10 A3 9F 89 F7 25 A1  .......R9.....%.
00003B40:  9A 95 9F 03 45 8B 5F 22 D8 E9 F3 71 B6 3D 13 40  ....E._"...q.=.@
00003B50:  17 F8 95 FC 57 21 4A 07 36 1B 88 9E 27 EE 13 DB  ....W!J.6...'...
00003B60:  9E EB 19 E5 A2 84 5F CE 0E 3B 9B 12 D4 F3 2A F4  ......_..;....*.
00003B70:  E6 94 10 5A E8 1B E8 9C E3 BA A7 95 8F F2 D0 33  ...Z...........3
00003B80:  B4 D5 7E A8 4B A6 6D 3D 9A 63 EF 19 8D BB 5F 6D  ..~.K.m=.c...._m
00003B90:  CB 40 5B 84 F6 BC 39 61 BF CC 47 97 18 F3 2B 02  .@[...9a..G...+.
00003BA0:  1B 58 ED 1F A7 8B 3E D4 20 B1 40 42 23 40 D8 14  .X....>. .@B#@..
00003BB0:  CF 29 D3 30 B4 FE 8B 3E 99 05 2D B2 BE 12 70 BA  .).0...>..-...p.
00003BC0:  AB C8 04 A3 E5 8E 18 3E 90 5B 56 B2 31 FD BA E0  .......>.[V.1...
00003BD0:  33 FC 12 D4 69 E6 FA C1 0D 8F 94 18 8E 67 60 96  3...i........g`.
00003BE0:  55 EF C5 7F 79 DE D4 C4 87 86 FE 80 8A 09 0C C6  U...y...........
00003BF0:  62 AB DE 94 A4 DA 1C 19 24 62 E3 24 C0 BD 41 7A  b.......$b.$..Az
00003C00:  1A A1 75 4E A2 A0 13 52 61 7A B4 EB 75 67 C0 0A  ..uN...Raz..ug..
00003C10:  BE B4 94 6C EF A2 42 9F 7D 7F BF 8E F6 15 9C 83  ...l..B.}.......
00003C20:  53 82 58 2D 31 19 8A A8 6A 9F 29 BA 00 04 F8 00  S.X-1...j.).....
00003C30:  0A 81 C8 EB F0 3A 3C FB 43 C2 6E 2C 7F 77 ED 94  .....:<.C.n,.w..
00003C40:  F1 EA 4C 9E C1 EF D5 2C 39 E4 5B 7D 3E 19 C7 33  ..L....,9.[}>..3
00003C50:  1C 40 92 EA C1 7C 63 EE 7B 9F A3 65 B9 39 74 25  .@...|c.{..e.9t%
00003C60:  F7 9B A0 03 14 6A 94 87 43 EA 53 76 F6 25 B6 E0  .....j..C.Sv.%..
00003C70:  EE 66 BF 3C 5C 22 C1 1C CB F1 E8 FE C4 85 C1 2A  .f.<\".........*
00003C80:  78 17 79 16 BF F9 1F 05 44 A2 15 25 43 84 22 28  x.y.....D..%C."(
00003C90:  40 8D 47 7C C4 1D 91 0F E4 2C A8 5F C0 68 16 1F  @.G|.....,._.h..
00003CA0:  9A 64 16 83 E1 68 93 DA 60 49 4C 16 38 54 20 89  .d...h..`IL.8T .
00003CB0:  5B 3E 4E 40 4F E9 C5 CD 51 BF 35 A4 89 F2 6E 5A  [>N@O...Q.5...nZ
00003CC0:  09 22 AB C3 A3 B1 3C AF 79 19 2F 4C 92 99 6C 9B  ."....<.y./L..l.
00003CD0:  DE 90 57 BC 66 58 F7 EE BA A2 9E 82 4C 9E B2 16  ..W.fX......L...
00003CE0:  C9 EF 0E D7 AB 17 3F 9F 4A 60 08 78 6E EA 0A A6  ......?.J`.xn...
00003CF0:  06 8F B6 09 3C FB C2 33 45 52 36 20 A4 50 49 D5  ....<..3ER6 .PI.
00003D00:  60 4C 58 17 20 F9 3C CE 25 1E E3 C0 94 D4 3C 54  `LX. .<.%.....<T
00003D10:  DB F8 CD 8B 6D FC E3 C0 6F 15 90 55 8A 8F D4 10  ....m...o..U....
00003D20:  29 D8 EF 23 1D D8 70 D8 72 D0 40 AF 7E 84 22 E4  )..#..p.r.@.~.".
00003D30:  CF 56 20 7B 3F D1 A9 42 E6 96 DD E0 46 4D BC 9B  .V {?..B....FM..
00003D40:  BE D6 98 CA 50 F4 89 32 B3 4A DA 64 B6 87 77 3D  ....P..2.J.d..w=
00003D50:  6C 72 64 0A DB A6 55 4B 15 84 37 B3 E7 B1 34 74  lrd...UK..7...4t
00003D60:  52 B4 DF D9 52 A2 4A BF 01 7D BD 91 22 92 EE 26  R...R.J..}.."..&
00003D70:  FB BA B2 CE FB 80 49 D2 33 C7 2A AD B7 0A 10 11  ......I.3.*.....
00003D80:  A8 F0 AC 28 9D 6A 38 67 7B 47 BD 52 DF F9 C9 A1  ...(.j8g{G.R....
00003D90:  A0 DC C9 49 1D 2C 95 81 54 01 3B C9 37 2D A9 E1  ...I.,..T.;.7-..
00003DA0:  FA 2E F1 AF E7 83 88 77 BC 6B 0B C9 6E 2D 8C 71  .......w.k..n-.q
00003DB0:  33 A8 F1 32 B8 5F DF E1 4E 09 17 2D 97 F9 EB BA  3..2._..N..-....
00003DC0:  04 4A 0E B2 EF 9A D4 5F EB 32 BD 4E A4 D6 7B BF  .J....._.2.N..{.
00003DD0:  2D 81 D8 AE 9E 14 B7 14 2E 11 97 C3 8B A8 CC 18  -...............
00003DE0:  FF 3B A5 87 64 71 02 11 8E 3D 9F EC 9E FE 19 A4  .;..dq...=......
00003DF0:  A3 AC BD 0E 26 D5 E0 B3 A2 75 7C F6 C0 04 66 3D  ....&....u|...f=
00003E00:  7E 76 F3 72 A4 5B 92 3F 2F 08 06 88 6E 25 5C 09  ~v.r.[.?/...n%\.
00003E10:  65 EE 5E 14 A2 45 DF E0 1E F1 CE 51 88 71 A2 49  e.^..E.....Q.q.I
00003E20:  91 EA 3E C1 25 D4 DB 85 69 5D E1 BC FE 91 87 87  ..>.%...i]......
00003E30:  08 34 1C C4 02 70 79 62 55 8C 77 8A 75 A6 22 4B  .4...pybU.w.u."K
00003E40:  E1 63 7D FE AF 36 3D 35 D8 08 1D 7D 51 DD 47 45  .c}..6=5...}Q.GE
00003E50:  3B 97 AB BA 8D C3 D8 24 37 E9 12 6D D9 5D 2D 40  ;......$7..m.]-@
00003E60:  91 8E BC 46 A1 76 61 86 26 13 AE 25 7A 9E FC 9E  ...F.va.&..%z...
00003E70:  F4 6D 21 A1 0A F1 00 00 00 00 00 00 00 00 00 00  .m!.............
00003E80:  00 00 00 00 00 00 00 00 00 00 00 00 00 00 00 00  ................ [zeros]
00003E90:  00 00 00 00 00 00 55 7D C4 7A CB C6 B8 CF E8 D2  ......U}.z......
00003EA0:  48 C2 3C C8 2A 4B 8E 1E 95 92 68 3C 7C FD 6D 84  H.<.*K....h<|.m.
00003EB0:  49 F5 AB 50 0D 10 F1 69 F4 F6 B1 6C 93 5A 09 BA  I..P...i...l.Z..
00003EC0:  6C 5A 54 05 F4 45 00 00 00 00 00 00 00 00 00 00  lZT..E..........
00003ED0:  00 00 00 00 00 00 00 00 00 00 00 00 00 00 00 00  ................ [zeros]
00003EE0:  00 00 00 00 00 00 00 00 00 00 00 00 00 00 00 00  ................ [zeros]
00003EF0:  00 00 00 00 00 00 00 00 00 00 00 00 00 00 00 00  ................ [zeros]
00003F00:  00 00 00 00 00 00 00 00 00 00 00 00 00 00 00 00  ................ [zeros]
00003F10:  00 00 00 00 00 00 00 00 00 00 00 00 00 00 00 00  ................ [zeros]
00003F20:  00 00 00 00 00 00 00 00 00 00 00 00 00 00 00 00  ................ [zeros]
00003F30:  00 00 00 00 00 00 00 00 00 00 00 00 00 00 00 00  ................ [zeros]
00003F40:  00 00 00 00 00 00 12 C0 23 09 45 37 57 8B 52 85  ........#.E7W.R.
00003F50:  E8 08 88 0A 08 B4 C7 2B 20 7F F3 B8 78 D5 7B A2  .......+ ...x.{.
00003F60:  E1 34 77 85 37 A3 EF F3 30 7B 87 F9 12 B1 BC 27  .4w.7...0{.....'
00003F70:  F1 B8 FA D6 F5 C7 EA 51 42 5A 50 9D 50 B1 CE B4  .......QBZP.P...
00003F80:  BA AD 78 90 5C 0F 00 00 00 00 00 00 00 00 00 00  ..x.\...........
00003F90:  00 00 00 00 00 00 00 00 00 00 00 00 00 00 00 00  ................ [zeros]
00003FA0:  00 00 00 00 00 00 00 00 00 00 00 00 00 00 00 00  ................ [zeros]
00003FB0:  00 00 00 00 00 00 7F 33 58 FA 9B AA E0 FF 2F D4  .......3X...../.
00003FC0:  54 C8 71 97 18 49 76 ED 7A AF B2 E7 B7 FC 0F 71  T.q..Iv.z......q
00003FD0:  17 BE 97 A3 F3 7C 8B 90 06 31 8B F4 1D 08 D9 6B  .....|...1.....k
00003FE0:  EA CE E7 F3 73 2A 9B 53 BC 8A 04 21 9F BD 10 49  ....s*.S...!...I
00003FF0:  EE 2E A1 7E FD 0B 1C 8A 11 01 62 BC 53 05 A3 8C  ...~......b.S...
00004000:  EC 7A E2 62 28 D0 5B 5B BE 10 64 F0 AD A6 50 68  .z.b(.[[..d...Ph
00004010:  30 08 90 DC CF C7 84 64 64 D4 AC 36 AB 4A 2B 6F  0......dd..6.J+o
00004020:  91 8E 36 30 06 99 51 89 42 14 40 3F 44 4F DF 6C  ..60..Q.B.@?DO.l
00004030:  12 E8 29 3E FE 20 76 6F 4B 17 F0 F5 38 7A 22 28  ..)>. voK...8z"(
00004040:  B5 00 2B 38 12 E4 73 34 EE E4 98 58 80 42 A1 C4  ..+8..s4...X.B..
00004050:  12 FB B2 1E 64 3C 00 00 00 00 00 00 00 00 00 00  ....d<..........
00004060:  00 00 00 00 00 00 00 00 00 00 00 00 00 00 00 00  ................ [zeros]
00004070:  00 00 00 00 00 00 00 00 00 00 00 00 00 00 00 00  ................ [zeros]
00004080:  00 00 00 00 00 00 00 00 00 00 00 00 00 00 00 00  ................ [zeros]
00004090:  00 00 00 00 00 00 00 00 00 00 00 00 00 00 00 00  ................ [zeros]
000040A0:  00 00 00 00 00 00 00 00 00 00 00 00 00 00 00 00  ................ [zeros]
000040B0:  00 00 00 00 00 00 00 00 00 00 00 00 00 00 00 00  ................ [zeros]
000040C0:  00 00 00 00 00 00 00 00 00 00 00 00 00 00 00 00  ................ [zeros]
000040D0:  00 00 00 00 00 00 00 00 00 00 00 00 00 00 00 00  ................ [zeros]
000040E0:  00 00 00 00 00 00 00 00 00 00 00 00 00 00 00 00  ................ [zeros]
000040F0:  00 00 00 00 00 00 00 00 00 00 00 00 00 00 00 00  ................ [zeros]
00004100:  00 00 00 00 00 00 00 00 00 00 00 00 00 00 00 00  ................ [zeros]
00004110:  00 00 00 00 00 00 2B D9 0D 4E 3F 9D 02 8E 3F 93  ......+..N?...?.
00004120:  DB A3 A3 B6 3C 83 DA F4 17 00 DF 7E 93 04 7D BE  ....<......~..}.
00004130:  84 FA A5 9F 03 7E 00 00 00 00 00 00 00 00 00 00  .....~..........
00004140:  00 00 00 00 00 00 00 00 00 00 00 00 00 00 00 00  ................ [zeros]
00004150:  00 00 00 00 00 00 00 00 00 00 00 00 00 00 00 00  ................ [zeros]
00004160:  00 00 00 00 00 00 00 00 00 00 00 00 00 00 00 00  ................ [zeros]
00004170:  00 00 00 00 00 00 00 00 00 00 00 00 00 00 00 00  ................ [zeros]
00004180:  00 00 00 00 00 00 00 00 00 00 00 00 00 00 00 00  ................ [zeros]
00004190:  00 00 00 00 00 00 00 00 00 00 00 00 00 00 00 00  ................ [zeros]
000041A0:  00 00 00 00 00 00 00 00 00 00 00 00 00 00 00 00  ................ [zeros]
000041B0:  00 00 00 00 00 00 00 00 00 00 00 00 00 00 00 00  ................ [zeros]
000041C0:  00 00 00 00 00 00 00 00 00 00 00 00 00 00 00 00  ................ [zeros]
000041D0:  00 00 00 00 00 00 00 00 00 00 00 00 00 00 00 00  ................ [zeros]
000041E0:  00 00 00 00 00 00 00 00 00 00 00 00 00 00 00 00  ................ [zeros]
000041F0:  00 00 00 00 00 00 00 00 00 00 00 00 00 00 00 00  ................ [zeros]
00004200:  00 00 00 00 00 00 00 00 00 00 00 00 00 00 00 00  ................ [zeros]
00004210:  00 00 00 00 00 00 00 00 00 00 00 00 00 00 00 00  ................ [zeros]
00004220:  00 00 00 00 00 00 00 00 00 00 00 00 00 00 00 00  ................ [zeros]
00004230:  00 00 00 00 00 00 00 00 00 00 00 00 00 00 00 00  ................ [zeros]
00004240:  00 00 00 00 00 00 00 00 00 00 00 00 00 00 00 00  ................ [zeros]
00004250:  00 00 00 00 00 00 00 00 00 00 00 00 00 00 00 00  ................ [zeros]
00004260:  00 00 00 00 00 00 00 00 00 00 00 00 00 00 00 00  ................ [zeros]
00004270:  00 00 00 00 00 00 00 00 00 00 00 00 00 00 00 00  ................ [zeros]
00004280:  00 00 00 00 00 00 00 00 00 00 00 00 00 00 00 00  ................ [zeros]
00004290:  00 00 00 00 00 00 00 00 00 00 00 00 00 00 00 00  ................ [zeros]
000042A0:  00 00 00 00 00 00 00 00 00 00 00 00 00 00 00 00  ................ [zeros]
000042B0:  00 00 00 00 00 00 00 00 00 00 00 00 00 00 00 00  ................ [zeros]
000042C0:  00 00 00 00 00 00 00 00 00 00 00 00 00 00 00 00  ................ [zeros]
000042D0:  00 00 00 00 00 00 00 00 00 00 00 00 00 00 00 00  ................ [zeros]
000042E0:  00 00 00 00 00 00 00 00 00 00 00 00 00 00 00 00  ................ [zeros]
000042F0:  00 00 00 00 00 00 00 00 00 00 00 00 00 00 00 00  ................ [zeros]
00004300:  00 00 00 00 00 00 00 00 00 00 00 00 00 00 00 00  ................ [zeros]
00004310:  00 00 00 00 00 00 00 00 00 00 00 00 00 00 00 00  ................ [zeros]
00004320:  00 00 00 00 00 00 00 00 00 00 00 00 00 00 00 00  ................ [zeros]
00004330:  00 00 00 00 00 00 00 00 00 00 00 00 00 00 00 00  ................ [zeros]
00004340:  00 00 00 00 00 00 00 00 00 00 00 00 00 00 00 00  ................ [zeros]
00004350:  00 00 00 00 00 00 00 00 00 00 00 00 00 00 00 00  ................ [zeros]
00004360:  00 00 00 00 00 00 00 00 00 00 00 00 00 00 00 00  ................ [zeros]
00004370:  00 00 00 00 00 00 00 00 00 00 00 00 00 00 00 00  ................ [zeros]
00004380:  00 00 00 00 00 00 00 00 00 00 00 00 00 00 00 00  ................ [zeros]
00004390:  00 00 00 00 00 00 00 00 00 00 00 00 00 00 00 00  ................ [zeros]
000043A0:  00 00 00 00 00 00 00 00 00 00 00 00 00 00 00 00  ................ [zeros]
000043B0:  00 00 00 00 00 00 00 00 00 00 00 00 00 00 00 00  ................ [zeros]
000043C0:  00 00 00 00 00 00 00 00 00 00 00 00 00 00 00 00  ................ [zeros]
000043D0:  00 00 00 00 00 00 00 00 00 00 00 00 00 00 00 00  ................ [zeros]
000043E0:  00 00 00 00 00 00 DF 70 7F FD FA 0E 74 6E D1 F1  .......p....tn..
000043F0:  EF 08 0C C0 3E 2B 54 76 DF EE 23 C3 82 E5 04 10  ....>+Tv..#.....
00004400:  F9 30 3F 02 65 DD 76 92 E9 DC DA 82 D3 30 BC 42  .0?.e.v......0.B
00004410:  6C D3 31 F8 D6 57 88 7F 6A E8 94 6A 8A B0 0E B9  l.1..W..j..j....
00004420:  6C D5 2D 7D FE 19 BD F5 15 BC D4 83 A4 A2 B7 B3  l.-}............
00004430:  B7 74 E0 33 00 17 2D 5A 7D F9 98 47 F9 57 01 FC  .t.3..-Z}..G.W..
00004440:  8F 65 0F AA 52 48 E2 8B 93 B7 33 FB 6C 86 54 56  .e..RH....3.l.TV
00004450:  DF 2A F7 94 CA EC 3D A9 A2 89 C2 34 3B A0 6D FA  .*....=....4;.m.
00004460:  5B E5 9E 76 D9 2C 4B 20 AC E4 A5 55 2B 19 19 A9  [..v.,K ...U+...
00004470:  88 65 A8 2E 7F A7 88 7F 6A E8 94 6A 8A B0 0E B9  .e......j..j....
00004480:  6C D5 2D 7D FE 19 B5 BA 43 B0 34 15 A7 7A 0D F6  l.-}....C.4..z..
00004490:  BE 65 61 55 55 28 E8 F1 0B DC 35 AF C4 5B 40 CF  .eaUU(....5..[@.
000044A0:  EA EB E7 6E 17 F6 9A F6 48 D6 5E FC 2C C1 A3 5D  ...n....H.^.,..]
000044B0:  A5 02 7E 12 AE 3B B6 B6 7D 1F 04 CA 34 CB 4C 26  ..~..;..}...4.L&
000044C0:  ED 8B 04 51 97 E6 00 00 00 00 00 00 00 00 00 00  ...Q............
000044D0:  00 00 00 00 00 00 00 00 00 00 00 00 00 00 00 00  ................ [zeros]
000044E0:  00 00 00 00 00 00 00 00 00 00 00 00 00 00 00 00  ................ [zeros]
000044F0:  00 00 00 00 00 00 00 00 00 00 00 00 00 00 00 00  ................ [zeros]
00004500:  00 00 00 00 00 00 00 00 00 00 00 00 00 00 00 00  ................ [zeros]
00004510:  00 00 00 00 00 00 00 00 00 00 00 00 00 00 00 00  ................ [zeros]
00004520:  00 00 00 00 00 00 00 00 00 00 00 00 00 00 00 00  ................ [zeros]
00004530:  00 00 00 00 00 00 00 00 00 00 00 00 00 00 00 00  ................ [zeros]
00004540:  00 00 00 00 00 00 00 00 00 00 00 00 00 00 00 00  ................ [zeros]
00004550:  00 00 00 00 00 00 00 00 00 00 00 00 00 00 00 00  ................ [zeros]
00004560:  00 00 00 00 00 00 00 00 00 00 00 00 00 00 00 00  ................ [zeros]
00004570:  00 00 00 00 00 00 00 00 00 00 00 00 00 00 00 00  ................ [zeros]
00004580:  00 00 00 00 00 00 00 00 00 00 00 00 00 00 00 00  ................ [zeros]
00004590:  00 00 00 00 00 00 00 00 00 00 00 00 00 00 00 00  ................ [zeros]
000045A0:  00 00 00 00 00 00 00 00 00 00 00 00 00 00 00 00  ................ [zeros]
000045B0:  00 00 00 00 00 00 00 00 00 00 00 00 00 00 00 00  ................ [zeros]
000045C0:  00 00 00 00 00 00 00 00 00 00 00 00 00 00 00 00  ................ [zeros]
000045D0:  00 00 00 00 00 00 00 00 00 00 00 00 00 00 00 00  ................ [zeros]
000045E0:  00 00 00 00 00 00 00 00 00 00 00 00 00 00 00 00  ................ [zeros]
000045F0:  00 00 00 00 00 00 00 00 00 00 00 00 00 00 00 00  ................ [zeros]
00004600:  00 00 00 00 00 00 00 00 00 00 00 00 00 00 00 00  ................ [zeros]
00004610:  00 00 00 00 00 00 00 00 00 00 00 00 00 00 00 00  ................ [zeros]
00004620:  00 00 00 00 00 00 00 00 00 00 00 00 00 00 00 00  ................ [zeros]
00004630:  00 00 00 00 00 00 00 00 00 00 00 00 00 00 00 00  ................ [zeros]
00004640:  00 00 00 00 00 00 00 00 00 00 00 00 00 00 00 00  ................ [zeros]
00004650:  00 00 00 00 00 00 00 00 00 00 00 00 00 00 00 00  ................ [zeros]
00004660:  00 00 00 00 00 00 00 00 00 00 00 00 00 00 00 00  ................ [zeros]
00004670:  00 00 00 00 00 00 00 00 00 00 00 00 00 00 00 00  ................ [zeros]
00004680:  00 00 00 00 00 00 00 00 00 00 00 00 00 00 00 00  ................ [zeros]
00004690:  00 00 00 00 00 00 00 00 00 00 00 00 00 00 00 00  ................ [zeros]
000046A0:  00 00 00 00 00 00 00 00 00 00 00 00 00 00 00 00  ................ [zeros]
000046B0:  00 00 00 00 00 00 00 00 00 00 00 00 00 00 00 00  ................ [zeros]
000046C0:  00 00 00 00 00 00 00 00 00 00 00 00 00 00 00 00  ................ [zeros]
000046D0:  00 00 00 00 00 00 00 00 00 00 00 00 00 00 00 00  ................ [zeros]
000046E0:  00 00 00 00 00 00 00 00 00 00 00 00 00 00 00 00  ................ [zeros]
000046F0:  00 00 00 00 00 00 00 00 00 00 00 00 00 00 00 00  ................ [zeros]
00004700:  00 00 00 00 00 00 00 00 00 00 00 00 00 00 00 00  ................ [zeros]
00004710:  00 00 00 00 00 00 00 00 00 00 00 00 00 00 00 00  ................ [zeros]
00004720:  00 00 00 00 00 00 00 00 00 00 00 00 00 00 00 00  ................ [zeros]
00004730:  00 00 00 00 00 00 00 00 00 00 00 00 00 00 00 00  ................ [zeros]
00004740:  00 00 00 00 00 00 00 00 00 00 00 00 00 00 00 00  ................ [zeros]
00004750:  00 00 00 00 00 00 00 00 00 00 00 00 00 00 00 00  ................ [zeros]
00004760:  00 00 00 00 00 00 00 00 00 00 00 00 00 00 00 00  ................ [zeros]
00004770:  00 00 00 00 00 00 00 00 00 00 00 00 00 00 00 00  ................ [zeros]
00004780:  00 00 00 00 00 00 00 00 00 00 00 00 00 00 00 00  ................ [zeros]
00004790:  00 00 00 00 00 00 00 00 00 00 00 00 00 00 00 00  ................ [zeros]
000047A0:  00 00 00 00 00 00 00 00 00 00 00 00 00 00 00 00  ................ [zeros]
000047B0:  00 00 00 00 00 00 00 00 00 00 00 00 00 00 00 00  ................ [zeros]
000047C0:  00 00 00 00 00 00 00 00 00 00 00 00 00 00 00 00  ................ [zeros]
000047D0:  00 00 00 00 00 00 00 00 00 00 00 00 00 00 00 00  ................ [zeros]
000047E0:  00 00 00 00 00 00 00 00 00 00 00 00 00 00 00 00  ................ [zeros]
000047F0:  00 00 00 00 00 00 00 00 00 00 00 00 00 00 00 00  ................ [zeros]
00004800:  00 00 00 00 00 00 00 00 00 00 00 00 00 00 00 00  ................ [zeros]
00004810:  00 00 00 00 00 00 00 00 00 00 00 00 00 00 00 00  ................ [zeros]
00004820:  00 00 00 00 00 00 00 00 00 00 00 00 00 00 00 00  ................ [zeros]
00004830:  00 00 00 00 00 00 00 00 00 00 00 00 00 00 00 00  ................ [zeros]
00004840:  00 00 00 00 00 00 00 00 00 00 00 00 00 00 00 00  ................ [zeros]
00004850:  00 00 00 00 00 00 00 00 00 00 00 00 00 00 00 00  ................ [zeros]
00004860:  00 00 00 00 00 00 00 00 00 00 00 00 00 00 00 00  ................ [zeros]
00004870:  00 00 00 00 00 00 00 00 00 00 00 00 00 00 00 00  ................ [zeros]
00004880:  00 00 00 00 00 00 00 00 00 00 00 00 00 00 00 00  ................ [zeros]
00004890:  00 00 00 00 00 00 00 00 00 00 00 00 00 00 00 00  ................ [zeros]
000048A0:  00 00 00 00 00 00 00 00 00 00 00 00 00 00 00 00  ................ [zeros]
000048B0:  00 00 00 00 00 00 00 00 00 00 00 00 00 00 00 00  ................ [zeros]
000048C0:  00 00 00 00 00 00 00 00 00 00 00 00 00 00 00 00  ................ [zeros]
000048D0:  00 00 00 00 00 00 00 00 00 00 00 00 00 00 00 00  ................ [zeros]
000048E0:  00 00 00 00 00 00 00 00 00 00 00 00 00 00 00 00  ................ [zeros]
000048F0:  00 00 00 00 00 00 00 00 00 00 00 00 00 00 00 00  ................ [zeros]
00004900:  00 00 00 00 00 00 00 00 00 00 00 00 00 00 00 00  ................ [zeros]
00004910:  00 00 00 00 00 00 00 00 00 00 00 00 00 00 00 00  ................ [zeros]
00004920:  00 00 00 00 00 00 00 00 00 00 00 00 00 00 00 00  ................ [zeros]
00004930:  00 00 00 00 00 00 00 00 00 00 00 00 00 00 00 00  ................ [zeros]
00004940:  00 00 00 00 00 00 00 00 00 00 00 00 00 00 00 00  ................ [zeros]
00004950:  00 00 00 00 00 00 00 00 00 00 00 00 00 00 00 00  ................ [zeros]
00004960:  00 00 00 00 00 00 00 00 00 00 00 00 00 00 00 00  ................ [zeros]
00004970:  00 00 00 00 00 00 00 00 00 00 00 00 00 00 00 00  ................ [zeros]
00004980:  00 00 00 00 00 00 00 00 00 00 00 00 00 00 00 00  ................ [zeros]
00004990:  00 00 00 00 00 00 00 00 00 00 00 00 00 00 00 00  ................ [zeros]
000049A0:  00 00 00 00 00 00 00 00 00 00 00 00 00 00 00 00  ................ [zeros]
000049B0:  00 00 00 00 00 00 00 00 00 00 00 00 00 00 00 00  ................ [zeros]
000049C0:  00 00 00 00 00 00 00 00 00 00 00 00 00 00 00 00  ................ [zeros]
000049D0:  00 00 00 00 00 00 00 00 00 00 00 00 00 00 00 00  ................ [zeros]
000049E0:  00 00 00 00 00 00 00 00 00 00 00 00 00 00 00 00  ................ [zeros]
000049F0:  00 00 00 00 00 00 00 00 00 00 00 00 00 00 00 00  ................ [zeros]
00004A00:  00 00 00 00 00 00 00 00 00 00 00 00 00 00 00 00  ................ [zeros]
00004A10:  00 00 00 00 00 00 00 00 00 00 00 00 00 00 00 00  ................ [zeros]
00004A20:  00 00 00 00 00 00 00 00 00 00 00 00 00 00 00 00  ................ [zeros]
00004A30:  00 00 00 00 00 00 00 00 00 00 00 00 00 00 00 00  ................ [zeros]
00004A40:  00 00 00 00 00 00 00 00 00 00 00 00 00 00 00 00  ................ [zeros]
00004A50:  00 00 00 00 00 00 00 00 00 00 00 00 00 00 00 00  ................ [zeros]
00004A60:  00 00 00 00 00 00 00 00 00 00 00 00 00 00 00 00  ................ [zeros]
00004A70:  00 00 00 00 00 00 00 00 00 00 00 00 00 00 00 00  ................ [zeros]
00004A80:  00 00 00 00 00 00 00 00 00 00 00 00 00 00 00 00  ................ [zeros]
00004A90:  00 00 00 00 00 00 00 00 00 00 00 00 00 00 00 00  ................ [zeros]
00004AA0:  00 00 00 00 00 00 00 00 00 00 00 00 00 00 00 00  ................ [zeros]
00004AB0:  00 00 00 00 00 00 58 68 37 5D BA F6 C3 F9 48 70  ......Xh7]....Hp
00004AC0:  4D 1F 43 6E 90 4E 9A 0C 25 F2 98 BF 78 9A 57 07  M.Cn.N..%...x.W.
00004AD0:  A4 6B B8 E8 C8 2C 47 7E 24 F2 4A 4F BA 81 DE 14  .k...,G~$.JO....
00004AE0:  EB 08 31 85 22 4A 64 A4 55 50 0E AE 0A F2 75 86  ..1."Jd.UP....u.
00004AF0:  34 85 9F 10 97 C4 64 A4 55 50 0E AE 0A F2 75 86  4.....d.UP....u.
00004B00:  34 85 9F 10 97 C4 64 A4 55 50 0E AE 0A F2 75 86  4.....d.UP....u.
00004B10:  34 85 9F 10 97 C4 64 A4 55 50 0E AE 0A F2 75 86  4.....d.UP....u.
00004B20:  34 85 9F 10 97 C4 64 A4 55 50 0E AE 0A F2 75 86  4.....d.UP....u.
00004B30:  34 85 9F 10 97 C4 64 A4 55 50 0E AE 0A F2 75 86  4.....d.UP....u.
00004B40:  34 85 9F 10 97 C4 64 A4 55 50 0E AE 0A F2 75 86  4.....d.UP....u.
00004B50:  34 85 9F 10 97 C4 64 A4 55 50 0E AE 0A F2 75 86  4.....d.UP....u.
00004B60:  34 85 9F 10 97 C4 64 A4 55 50 0E AE 0A F2 75 86  4.....d.UP....u.
00004B70:  34 85 9F 10 97 C4 64 A4 55 50 0E AE 0A F2 75 86  4.....d.UP....u.
00004B80:  34 85 9F 10 97 C4 64 A4 55 50 0E AE 0A F2 75 86  4.....d.UP....u.
00004B90:  34 85 9F 10 97 C4 64 A4 55 50 0E AE 0A F2 75 86  4.....d.UP....u.
00004BA0:  34 85 9F 10 97 C4 64 A4 55 50 0E AE 0A F2 75 86  4.....d.UP....u.
00004BB0:  34 85 9F 10 97 C4 64 A4 55 50 0E AE 0A F2 75 86  4.....d.UP....u.
00004BC0:  34 85 9F 10 97 C4 93 01 C0 AC FA FE F6 13 8F 9C  4...............
00004BD0:  CA F9 C7 C2 F1 E1 49 7A 02 56 83 A6 97 61 6D 3F  ......Iz.V...am?
00004BE0:  1F C0 98 51 E4 02 00 00 00 00 00 00 00 00 00 00  ...Q............
00004BF0:  00 00 00 00 00 00 00 00 00 00 00 00 00 00 00 00  ................ [zeros]
00004C00:  00 00 00 00 00 00 00 00 00 00 00 00 00 00 00 00  ................ [zeros]
00004C10:  00 00 00 00 00 00 00 00 00 00 00 00 00 00 00 00  ................ [zeros]
00004C20:  00 00 00 00 00 00 00 00 00 00 00 00 00 00 00 00  ................ [zeros]
00004C30:  00 00 00 00 00 00 00 00 00 00 00 00 00 00 00 00  ................ [zeros]
00004C40:  00 00 00 00 00 00 00 00 00 00 00 00 00 00 00 00  ................ [zeros]
00004C50:  00 00 00 00 00 00 00 00 00 00 00 00 00 00 00 00  ................ [zeros]
00004C60:  00 00 00 00 00 00 00 00 00 00 00 00 00 00 00 00  ................ [zeros]
00004C70:  00 00 00 00 00 00 00 00 00 00 00 00 00 00 00 00  ................ [zeros]
00004C80:  00 00 00 00 00 00 00 00 00 00 00 00 00 00 00 00  ................ [zeros]
00004C90:  00 00 00 00 00 00 00 00 00 00 00 00 00 00 00 00  ................ [zeros]
00004CA0:  00 00 00 00 00 00 00 00 00 00 00 00 00 00 00 00  ................ [zeros]
00004CB0:  00 00 00 00 00 00 00 00 00 00 00 00 00 00 00 00  ................ [zeros]
00004CC0:  00 00 00 00 00 00 00 00 00 00 00 00 00 00 00 00  ................ [zeros]
00004CD0:  00 00 00 00 00 00 00 00 00 00 00 00 00 00 00 00  ................ [zeros]
00004CE0:  00 00 00 00 00 00 01 F1 00 36 A0 0A 8C C2 50 1E  .........6....P.
00004CF0:  01 C3 BE DC 74 BE 64 A4 55 50 0E AE 0A F2 75 86  ....t.d.UP....u.
00004D00:  34 85 9F 10 97 C4 64 A4 55 50 0E AE 0A F2 75 86  4.....d.UP....u.
00004D10:  34 85 9F 10 97 C4 64 A4 55 50 0E AE 0A F2 75 86  4.....d.UP....u.
00004D20:  34 85 9F 10 97 C4 64 A4 55 50 0E AE 0A F2 75 86  4.....d.UP....u.
00004D30:  34 85 9F 10 97 C4 64 A4 55 50 0E AE 0A F2 75 86  4.....d.UP....u.
00004D40:  34 85 9F 10 97 C4 64 A4 55 50 0E AE 0A F2 75 86  4.....d.UP....u.
00004D50:  34 85 9F 10 97 C4 64 A4 55 50 0E AE 0A F2 75 86  4.....d.UP....u.
00004D60:  34 85 9F 10 97 C4 64 A4 55 50 0E AE 0A F2 75 86  4.....d.UP....u.
00004D70:  34 85 9F 10 97 C4 64 A4 55 50 0E AE 0A F2 75 86  4.....d.UP....u.
00004D80:  34 85 9F 10 97 C4 64 A4 55 50 0E AE 0A F2 75 86  4.....d.UP....u.
00004D90:  34 85 9F 10 97 C4 64 A4 55 50 0E AE 0A F2 75 86  4.....d.UP....u.
00004DA0:  34 85 9F 10 97 C4 64 A4 55 50 0E AE 0A F2 75 86  4.....d.UP....u.
00004DB0:  34 85 9F 10 97 C4 64 A4 55 50 0E AE 0A F2 75 86  4.....d.UP....u.
00004DC0:  34 85 9F 10 97 C4 64 A4 55 50 0E AE 0A F2 75 86  4.....d.UP....u.
00004DD0:  34 85 9F 10 97 C4 64 A4 55 50 0E AE 0A F2 75 86  4.....d.UP....u.
00004DE0:  34 85 9F 10 97 C4 58 8E 9B 0E 47 B7 63 48 73 21  4.....X...G.cHs!
00004DF0:  D0 A9 42 66 EB EB 64 A4 55 50 0E AE 0A F2 75 86  ..Bf..d.UP....u.
00004E00:  34 85 9F 10 97 C4 64 A4 55 50 0E AE 0A F2 75 86  4.....d.UP....u.
00004E10:  34 85 9F 10 97 C4 64 A4 55 50 0E AE 0A F2 75 86  4.....d.UP....u.
00004E20:  34 85 9F 10 97 C4 64 A4 55 50 0E AE 0A F2 75 86  4.....d.UP....u.
00004E30:  34 85 9F 10 97 C4 64 A4 55 50 0E AE 0A F2 75 86  4.....d.UP....u.
00004E40:  34 85 9F 10 97 C4 64 A4 55 50 0E AE 0A F2 75 86  4.....d.UP....u.
00004E50:  34 85 9F 10 97 C4 64 A4 55 50 0E AE 0A F2 75 86  4.....d.UP....u.
00004E60:  34 85 9F 10 97 C4 64 A4 55 50 0E AE 0A F2 75 86  4.....d.UP....u.
00004E70:  34 85 9F 10 97 C4 64 A4 55 50 0E AE 0A F2 75 86  4.....d.UP....u.
00004E80:  34 85 9F 10 97 C4 64 A4 55 50 0E AE 0A F2 75 86  4.....d.UP....u.
00004E90:  34 85 9F 10 97 C4 64 A4 55 50 0E AE 0A F2 75 86  4.....d.UP....u.
00004EA0:  34 85 9F 10 97 C4 64 A4 55 50 0E AE 0A F2 75 86  4.....d.UP....u.
00004EB0:  34 85 9F 10 97 C4 64 A4 55 50 0E AE 0A F2 75 86  4.....d.UP....u.
00004EC0:  34 85 9F 10 97 C4 64 A4 55 50 0E AE 0A F2 75 86  4.....d.UP....u.
00004ED0:  34 85 9F 10 97 C4 64 A4 55 50 0E AE 0A F2 75 86  4.....d.UP....u.
00004EE0:  34 85 9F 10 97 C4 C0 5F 91 B4 10 5D A0 84 5E 49  4......_...]..^I
00004EF0:  01 45 0F FD 31 86 00 00 00 00 00 00 00 00 00 00  .E..1...........
00004F00:  00 00 00 00 00 00 00 00 00 00 00 00 00 00 00 00  ................ [zeros]
00004F10:  00 00 00 00 00 00 00 00 00 00 00 00 00 00 00 00  ................ [zeros]
00004F20:  00 00 00 00 00 00 00 00 00 00 00 00 00 00 00 00  ................ [zeros]
00004F30:  00 00 00 00 00 00 E0 C8 E2 FE 11 53 8A 4A 29 EF  ...........S.J).
00004F40:  CA D4 C4 E8 4A 3E E3 BD 4D 99 27 05 AB 14 EC D6  ....J>..M.'.....
00004F50:  0E CD A1 44 A2 9A 87 72 B6 41 58 A8 21 A3 49 FA  ...D...r.AX.!.I.
00004F60:  B0 4A D8 DF 46 76 C1 68 D2 97 AE AF E6 C0 F9 CA  .J..Fv.h........
00004F70:  AE D7 25 A8 CE 43 7F FE 8A 80 92 2F 9C 97 07 C5  ..%..C...../....
00004F80:  08 6E C4 C7 5F 1D 3C 28 52 E9 7F 5E 9F 08 F9 BD  .n.._.<(R..^....
00004F90:  8D 05 F1 05 30 D9 D5 C9 1A 41 5C 51 2E 10 36 C8  ....0....A\Q..6.
00004FA0:  17 D7 3F 9E BB B0 4B 94 9E AC F8 01 51 17 03 6F  ..?...K.....Q..o
00004FB0:  1C 0E A1 8F 97 F7 F8 5D C0 DA BC 69 7B 75 EC A1  .......]...i{u..
00004FC0:  74 7D 92 70 A3 68 00 00 00 00 00 00 00 00 00 00  t}.p.h..........
00004FD0:  00 00 00 00 00 00 00 00 00 00 00 00 00 00 00 00  ................ [zeros]
00004FE0:  00 00 00 00 00 00 00 00 00 00 00 00 00 00 00 00  ................ [zeros]
00004FF0:  00 00 00 00 00 00 00 00 00 00 00 00 00 00 00 00  ................ [zeros]
00005000:  00 00 00 00 00 00 00 00 00 00 00 00 00 00 00 00  ................ [zeros]
00005010:  00 00 00 00 00 00 00 00 00 00 00 00 00 00 00 00  ................ [zeros]
00005020:  00 00 00 00 00 00 00 00 00 00 00 00 00 00 00 00  ................ [zeros]
00005030:  00 00 00 00 00 00 00 00 00 00 00 00 00 00 00 00  ................ [zeros]
00005040:  00 00 00 00 00 00 00 00 00 00 00 00 00 00 00 00  ................ [zeros]
00005050:  00 00 00 00 00 00 00 00 00 00 00 00 00 00 00 00  ................ [zeros]
00005060:  00 00 00 00 00 00 00 00 00 00 00 00 00 00 00 00  ................ [zeros]
00005070:  00 00 00 00 00 00 00 00 00 00 00 00 00 00 00 00  ................ [zeros]
00005080:  00 00 00 00 00 00 2D 5A 7D F9 98 47 F9 57 01 FC  ......-Z}..G.W..
00005090:  8F 65 0F AA 52 48 D5 AC 2F 7D 5C 70 D2 8F 59 F1  .e..RH../}\p..Y.
000050A0:  3F 27 55 F7 02 12 94 EA 7C 24 BE 79 A2 FE 8E 16  ?'U.....|$.y....
000050B0:  3B 73 3A 61 AB DB 68 D2 16 56 42 1F 4D CE 67 E4  ;s:a..h..VB.M.g.
000050C0:  A5 2C 7F F6 34 E7 41 AC D1 95 83 D1 1B D1 95 EB  .,..4.A.........
000050D0:  01 BA 23 B5 23 BF AA 67 E7 ED 6E 11 E5 85 A9 AD  ..#.#..g..n.....
000050E0:  36 2F 33 80 CA 1C 9C D4 F8 DA F6 B4 3E 8A E1 52  6/3.........>..R
000050F0:  18 A7 A2 9B 3E D8 E5 4E B7 E3 48 E7 02 C3 4A 9B  ....>..N..H...J.
00005100:  BF 13 17 60 BF 08 91 31 E2 16 63 39 35 84 19 3F  ...`...1..c95..?
00005110:  EE EE C0 01 D5 DB 00 00 00 00 00 00 00 00 00 00  ................
00005120:  00 00 00 00 00 00 00 00 00 00 00 00 00 00 00 00  ................ [zeros]
00005130:  00 00 00 00 00 00 53 88 3A 83 57 58 F7 0D 83 70  ......S.:.WX...p
00005140:  7A F0 4C 49 0C 00 7B 1E EE BF 82 06 04 51 73 60  z.LI..{......Qs`
00005150:  AF 3A 6E 6D A5 04 6A 3F 8D DF 37 45 B9 DD 9A C6  .:nm..j?..7E....
00005160:  C1 21 4D 34 E1 D1 93 8B EE 36 BD 2B 58 93 49 05  .!M4.....6.+X.I.
00005170:  06 5E 71 1E D4 25 C8 34 B3 14 26 A7 37 D2 8F D2  .^q..%.4..&.7...
00005180:  03 A0 A1 87 2E 8D 59 BD 79 E2 54 AF 83 0C D3 B7  ......Y.y.T.....
00005190:  C2 AB FE F0 B6 57 00 00 00 00 00 00 00 00 00 00  .....W..........
000051A0:  00 00 00 00 00 00 2E 01 43 AB 51 15 05 02 20 C4  ........C.Q... .
000051B0:  2C 5E 8E AC D4 C7 17 7D C6 84 83 2F 27 2F 8C 62  ,^.....}.../'/.b
000051C0:  5E 81 DC ED 73 22 99 F5 A2 F1 D1 94 42 71 16 79  ^...s"......Bq.y
000051D0:  DF DE E1 00 BB 2A E8 63 46 6C C0 9E 9D 1E 8C CB  .....*.cFl......
000051E0:  02 EB 19 FF B9 56 6A 3F 8D DF 37 45 B9 DD 9A C6  .....Vj?..7E....
000051F0:  C1 21 4D 34 E1 D1 00 00 00 00 00 00 00 00 00 00  .!M4............
00005200:  00 00 00 00 00 00 00 00 00 00 00 00 00 00 00 00  ................ [zeros]
00005210:  00 00 00 00 00 00 00 00 00 00 00 00 00 00 00 00  ................ [zeros]
00005220:  00 00 00 00 00 00 00 00 00 00 00 00 00 00 00 00  ................ [zeros]
00005230:  00 00 00 00 00 00 00 00 00 00 00 00 00 00 00 00  ................ [zeros]
00005240:  00 00 00 00 00 00 00 00 00 00 00 00 00 00 00 00  ................ [zeros]
00005250:  00 00 00 00 00 00 00 00 00 00 00 00 00 00 00 00  ................ [zeros]
00005260:  00 00 00 00 00 00 00 00 00 00 00 00 00 00 00 00  ................ [zeros]
00005270:  00 00 00 00 00 00 00 00 00 00 00 00 00 00 00 00  ................ [zeros]
00005280:  00 00 00 00 00 00 00 00 00 00 00 00 00 00 00 00  ................ [zeros]
00005290:  00 00 00 00 00 00 00 00 00 00 00 00 00 00 00 00  ................ [zeros]
000052A0:  00 00 00 00 00 00 00 00 00 00 00 00 00 00 00 00  ................ [zeros]
000052B0:  00 00 00 00 00 00 00 00 00 00 00 00 00 00 00 00  ................ [zeros]
000052C0:  00 00 00 00 00 00 F7 05 19 E8 2D CF 40 82 E3 9C  ..........-.@...
000052D0:  D8 8C 24 C2 A7 F1 62 18 B9 D4 9D DC A2 F3 AC 6A  ..$...b........j
000052E0:  01 E9 CD D9 FC E9 76 C7 12 8B 1D DA 19 42 A2 BE  ......v......B..
000052F0:  5D 1C BA 13 2E 3D 25 00 8C EE AF 52 AA 43 62 EF  ]....=%....R.Cb.
00005300:  8B 14 46 9F 4F 2F 62 18 B9 D4 9D DC A2 F3 AC 6A  ..F.O/b........j
00005310:  01 E9 CD D9 FC E9 76 C7 12 8B 1D DA 19 42 A2 BE  ......v......B..
00005320:  5D 1C BA 13 2E 3D 25 00 8C EE AF 52 AA 43 62 EF  ]....=%....R.Cb.
00005330:  8B 14 46 9F 4F 2F 69 DE 08 51 71 15 5B 58 B9 44  ..F.O/i..Qq.[X.D
00005340:  F0 7C CD 39 1C D0 D1 F4 59 9E 0C 38 1B 89 B9 9A  .|.9....Y..8....
00005350:  B7 07 79 A7 F6 4C DD 55 12 C4 53 AB CB AE 33 CD  ..y..L.U..S...3.
00005360:  E4 5B 56 34 49 CD CA EC B0 A6 59 68 54 A3 6E 2B  .[V4I.....YhT.n+
00005370:  8B 10 70 42 27 8C 4A 9A DB C9 84 83 D3 09 C2 D1  ..pB'.J.........
00005380:  B4 3A 4D 07 2B C8 FD 44 37 36 26 2C E3 99 B9 F2  .:M.+..D76&,....
00005390:  60 D4 08 1D B0 62 4C C6 3D 2A 23 40 B2 8D 01 8C  `....bL.=*#@....
000053A0:  21 F7 04 31 AE 75 02 89 DA 73 EA E3 01 48 1E 92  !..1.u...s...H..
000053B0:  D3 B7 AF 21 12 B9 BF 11 9B B0 88 43 44 E6 B4 BD  ...!.......CD...
000053C0:  EB BF 98 A6 EB B8 95 22 88 36 2E 3B 9D 35 D4 C3  .......".6.;.5..
000053D0:  85 5F 23 98 25 B8 B5 30 C5 F8 B9 91 03 BA F3 49  ._#.%..0.......I
000053E0:  4F 97 A0 ED E4 6E 47 BF 8A D5 4B 5F B8 AB 0C BB  O....nG...K_....
000053F0:  3F 47 F5 33 5F 55 6A 3F 8D DF 37 45 B9 DD 9A C6  ?G.3_Uj?..7E....
00005400:  C1 21 4D 34 E1 D1 00 00 00 00 00 00 00 00 00 00  .!M4............
00005410:  00 00 00 00 00 00 17 7D C6 84 83 2F 27 2F 8C 62  .......}.../'/.b
00005420:  5E 81 DC ED 73 22 C8 34 B3 14 26 A7 37 D2 8F D2  ^...s".4..&.7...
00005430:  03 A0 A1 87 2E 8D 00 00 00 00 00 00 00 00 00 00  ................
00005440:  00 00 00 00 00 00 E8 63 46 6C C0 9E 9D 1E 8C CB  .......cFl......
00005450:  02 EB 19 FF B9 56 00 00 00 00 00 00 00 00 00 00  .....V..........
00005460:  00 00 00 00 00 00 2E 01 43 AB 51 15 05 02 20 C4  ........C.Q... .
00005470:  2C 5E 8E AC D4 C7 93 8B EE 36 BD 2B 58 93 49 05  ,^.......6.+X.I.
00005480:  06 5E 71 1E D4 25 00 00 00 00 00 00 00 00 00 00  .^q..%..........
00005490:  00 00 00 00 00 00 99 F5 A2 F1 D1 94 42 71 16 79  ............Bq.y
000054A0:  DF DE E1 00 BB 2A 59 BD 79 E2 54 AF 83 0C D3 B7  .....*Y.y.T.....
000054B0:  C2 AB FE F0 B6 57 00 00 00 00 00 00 00 00 00 00  .....W..........
000054C0:  00 00 00 00 00 00 6A 3F 8D DF 37 45 B9 DD 9A C6  ......j?..7E....
000054D0:  C1 21 4D 34 E1 D1 00 00 00 00 00 00 00 00 00 00  .!M4............
000054E0:  00 00 00 00 00 00 17 7D C6 84 83 2F 27 2F 8C 62  .......}.../'/.b
000054F0:  5E 81 DC ED 73 22 C8 34 B3 14 26 A7 37 D2 8F D2  ^...s".4..&.7...
00005500:  03 A0 A1 87 2E 8D 00 00 00 00 00 00 00 00 00 00  ................
00005510:  00 00 00 00 00 00 E8 63 46 6C C0 9E 9D 1E 8C CB  .......cFl......
00005520:  02 EB 19 FF B9 56 00 00 00 00 00 00 00 00 00 00  .....V..........
00005530:  00 00 00 00 00 00 2E 01 43 AB 51 15 05 02 20 C4  ........C.Q... .
00005540:  2C 5E 8E AC D4 C7 00 00 00 00 00 00 00 00 00 00  ,^..............
00005550:  00 00 00 00 00 00 00 00 00 00 00 00 00 00 00 00  ................ [zeros]
00005560:  00 00 00 00 00 00 00 00 00 00 00 00 00 00 00 00  ................ [zeros]
00005570:  00 00 00 00 00 00 00 00 00 00 00 00 00 00 00 00  ................ [zeros]
00005580:  00 00 00 00 00 00 00 00 00 00 00 00 00 00 00 00  ................ [zeros]
00005590:  00 00 00 00 00 00 4D ED F8 FA E7 54 68 9E 1B BE  ......M....Th...
000055A0:  52 99 CF 49 AF A7 3A F5 A2 C9 4A D1 59 4B 49 6D  R..I..:...J.YKIm
000055B0:  62 AC 70 67 39 DF BF F5 7B 3B 3B 07 F9 B1 42 BE  b.pg9...{;;...B.
000055C0:  06 F8 7B 4A 43 83 3A F5 A2 C9 4A D1 59 4B 49 6D  ..{JC.:...J.YKIm
000055D0:  62 AC 70 67 39 DF 5F 54 3E 57 59 DA BA 3D 01 44  b.pg9._T>WY..=.D
000055E0:  0E 3F 9C 95 92 46 37 3A C4 68 FC 88 3E 2E EA E4  .?...F7:.h..>...
000055F0:  F2 92 1D 7A E5 BE 70 48 4D 2F DF C3 A6 1C DF 9D  ...z..pHM/......
00005600:  C8 78 36 C7 8D EC EF 41 4E F2 B1 4E 46 3A D2 CA  .x6....AN..NF:..
00005610:  1F E8 10 E5 7B 0E 94 D3 A1 27 42 D5 9F CF 74 B6  ....{....'B...t.
00005620:  8E 08 53 E3 51 8C 1F 0B DF 55 BB 78 E8 FE 2B E9  ..S.Q....U.x..+.
00005630:  9E F8 27 C3 40 4F 00 00 00 00 00 00 00 00 00 00  ..'.@O..........
00005640:  00 00 00 00 00 00 17 D6 38 EC B6 F5 01 F9 59 BE  ........8.....Y.
00005650:  CB F1 BF 3B 80 F3 C5 8B 17 5F 4B 69 9D 49 E4 69  ...;....._Ki.I.i
00005660:  66 72 39 DE F6 EE 2E 4E 6B 31 2F 83 6C B3 3C 8F  fr9....Nk1/.l.<.
00005670:  70 8E 5E 3B F4 7D C9 D6 6F B8 15 DB 65 8B 30 09  p.^;.}..o...e.0.
00005680:  D4 11 4F 26 D4 EF 6F DC 2B C9 04 C2 BA B2 C4 81  ..O&..o.+.......
00005690:  3D 47 92 FF 84 E1 81 2F C5 6E 10 BF F7 15 88 9E  =G...../.n......
000056A0:  A0 C8 0F 82 F2 5F E1 B5 F1 05 AE C5 AF 9D 1F 19  ....._..........
000056B0:  85 CF 1B 8F 2B 41 25 13 19 D8 B2 3C 39 C5 2D 88  ....+A%....<9.-.
000056C0:  B4 B6 8A B3 9E D5 C9 E2 1F 71 1C 5B B9 FF 51 FB  .........q.[..Q.
000056D0:  FF 11 4D D3 C8 84 00 00 00 00 00 00 00 00 00 00  ..M.............
000056E0:  00 00 00 00 00 00 00 00 00 00 00 00 00 00 00 00  ................ [zeros]
000056F0:  00 00 00 00 00 00 00 00 00 00 00 00 00 00 00 00  ................ [zeros]
00005700:  00 00 00 00 00 00 00 00 00 00 00 00 00 00 00 00  ................ [zeros]
00005710:  00 00 00 00 00 00 00 00 00 00 00 00 00 00 00 00  ................ [zeros]
00005720:  00 00 00 00 00 00 00 00 00 00 00 00 00 00 00 00  ................ [zeros]
00005730:  00 00 00 00 00 00 0D 0F 50 8D 0E F8 EA 1B 70 5B  ........P.....p[
00005740:  D1 4D 2E 24 27 B6 66 32 FC 59 77 0D 54 71 21 F2  .M.$'.f2.Yw.Tq!.
00005750:  D1 90 D6 0B 17 DA F2 BB 8F D6 B6 99 49 18 EB 06  ............I...
00005760:  C6 AB B8 3D F2 A0 59 55 0E EF 5A 8F 6D 44 EA 1C  ...=..YU..Z.mD..
00005770:  3E 79 A8 6A B0 EB 19 99 44 66 37 EE D7 7C 35 8A  >y.j....Df7..|5.
00005780:  CF 28 2D CB 0F AC 71 99 66 BD 0E B2 91 78 E3 01  .(-...q.f....x..
00005790:  CC 94 6F CB 9A FC 96 0D C0 CD 40 5E 8D 38 2A 60  ..o.......@^.8*`
000057A0:  9D 91 05 98 E0 C7 59 B0 6D 12 28 32 DB DF 6F 37  ......Y.m.(2..o7
000057B0:  F8 DF B3 D5 BF 32 6F B0 6D CF 3F 7C EB 8A CC F7  .....2o.m.?|....
000057C0:  79 53 AB 9E 96 B2 A4 E0 D8 86 BD EA 89 19 84 C9  yS..............
000057D0:  50 A2 ED 7C 5D 6F A9 79 FD 3E B7 30 1D A1 7C 03  P..|]o.y.>.0..|.
000057E0:  F2 B2 0C 30 3C AF 78 6F 86 53 78 C9 9F D8 78 F9  ...0<.xo.Sx...x.
000057F0:  81 E5 75 08 48 DC 38 EA EF 1F FA 37 F9 51 BE 36  ..u.H.8....7.Q.6
00005800:  B7 BC 69 61 93 84 12 64 DD BF 97 D6 FA 07 BB EB  ..ia...d........
00005810:  4C EE 90 DA 78 09 31 AB A4 67 42 DA 3E 3A 85 6C  L...x.1..gB.>:.l
00005820:  B3 F2 CF CA 2B 34 56 BE CA 05 15 F5 6E 9A 6B 64  ....+4V.....n.kd
00005830:  42 B1 F3 10 2D 08 F3 01 AB E1 3A CE FB 49 3C 30  B...-.....:..I<0
00005840:  DC E6 AC 7E DC DB E0 C9 9B 1B 0F A8 B0 0C B9 D9  ...~............
00005850:  AE 6B 8D 92 01 5F C9 23 E9 F2 66 F5 E3 E9 DE 44  .k..._.#..f....D
00005860:  6D 77 DC 72 3F C7 BA 2C D5 37 BD 54 33 B4 04 76  mw.r?..,.7.T3..v
00005870:  48 F6 5C A7 35 D3 FC 8C EB 13 E7 1C 27 2B DB CD  H.\.5.......'+..
00005880:  80 1A 41 08 08 BF C4 5C C3 CF 01 71 1A 2F 4B 8B  ..A....\...q./K.
00005890:  FD B6 48 A0 4E 13 6D B5 DA 0E A3 A2 CC B3 94 33  ..H.N.m........3
000058A0:  F9 A9 17 E7 1E 3C 74 54 F0 73 B5 D6 E2 D0 B0 81  .....<tT.s......
000058B0:  CC 40 B6 07 69 A1 AC 23 FC AD CA 61 63 84 A8 6F  .@..i..#...ac..o
000058C0:  C0 FC 0A 7E 19 96 40 03 35 E9 FF 7C 64 6A E0 76  ...~..@.5..|dj.v
000058D0:  CE E6 66 A6 6B CD 05 0F C0 6C 0D 25 C5 17 40 F0  ..f.k....l.%..@.
000058E0:  C5 30 34 CF 98 DF A2 1E E2 D5 23 F0 87 91 C0 6B  .04.......#....k
000058F0:  11 63 77 92 F7 F0 48 C0 81 C2 58 22 93 F8 23 3F  .cw...H...X"..#?
00005900:  42 87 BE 06 4B 33 3B FC 1B F0 F8 3E 39 4D DC 31  B...K3;....>9M.1
00005910:  CB A4 5C F7 D6 A3 C4 27 0D 0E FD 0A DF E7 5A 1E  ..\....'......Z.
00005920:  24 7F DB 7B 6C CE 6F C4 17 C6 A9 71 EC 4C 28 07  $..{l.o....q.L(.
00005930:  38 5D 4D F2 FC BC CD B5 B8 AB CD 59 76 93 4B 0A  8]M........Yv.K.
00005940:  A8 D2 05 93 05 FF BF 77 2B 79 BC E1 FD D0 08 9F  .......w+y......
00005950:  A8 7E 26 9A 28 36 00 00 00 00 00 00 00 00 00 00  .~&.(6..........
00005960:  00 00 00 00 00 00 00 00 00 00 00 00 00 00 00 00  ................ [zeros]
00005970:  00 00 00 00 00 00 00 00 00 00 00 00 00 00 00 00  ................ [zeros]
00005980:  00 00 00 00 00 00 00 00 00 00 00 00 00 00 00 00  ................ [zeros]
00005990:  00 00 00 00 00 00 00 00 00 00 00 00 00 00 00 00  ................ [zeros]
000059A0:  00 00 00 00 00 00 00 00 00 00 00 00 00 00 00 00  ................ [zeros]
000059B0:  00 00 00 00 00 00 00 00 00 00 00 00 00 00 00 00  ................ [zeros]
000059C0:  00 00 00 00 00 00 88 F2 5C 0C EC E6 FC 26 66 56  ........\....&fV
000059D0:  30 D5 A4 29 7A 5C 6B E1 1A E0 FD D2 DD E5 3F 1F  0..)z\k.......?.
000059E0:  3C 7C 88 A4 2E 93 15 3F 12 A5 16 AC 5A 91 3D FB  <|.....?....Z.=.
000059F0:  0F 66 88 3F 3A 18 F6 B0 D3 60 2C 71 ED DE E4 BF  .f.?:....`,q....
00005A00:  C7 B9 F5 E2 97 5F 6E F1 3C 49 AF 62 DD E2 20 9E  ....._n.<I.b.. .
00005A10:  BD B6 6E 65 22 0C E6 B2 B3 43 0B FC 06 37 01 01  ..ne"....C...7..
00005A20:  D7 69 C1 55 E0 7F 25 7E F5 C9 3E 8D E8 22 4D DF  .i.U..%~..>.."M.
00005A30:  4A A3 9D A5 65 35 D1 F9 9E C9 F6 9F 6B E9 D1 B3  J...e5......k...
00005A40:  17 BF A4 69 A0 15 F7 39 EB 9C 9C 55 FA 81 8B AB  ...i...9...U....
00005A50:  D5 EB 8F A8 D0 A6 83 85 EA 9F D5 9B 71 12 5E 22  ............q.^"
00005A60:  18 4C 6B B6 17 0C 8D 7F 95 0A 03 F4 39 13 E8 2A  .Lk.........9..*
00005A70:  6A EF FF AC BA 55 00 00 00 00 00 00 00 00 00 00  j....U..........
00005A80:  00 00 00 00 00 00 17 52 AC 41 E5 A6 68 EE 6E 73  .......R.A..h.ns
00005A90:  CB 53 19 CA 96 7C 2B F9 A0 EF 1A 65 FB BC 4A C4  .S...|+....e..J.
00005AA0:  C0 84 25 F4 2F A9 00 00 00 00 00 00 00 00 00 00  ..%./...........
00005AB0:  00 00 00 00 00 00 00 00 00 00 00 00 00 00 00 00  ................ [zeros]
00005AC0:  00 00 00 00 00 00 00 00 00 00 00 00 00 00 00 00  ................ [zeros]
00005AD0:  00 00 00 00 00 00 00 00 00 00 00 00 00 00 00 00  ................ [zeros]
00005AE0:  00 00 00 00 00 00 00 00 00 00 00 00 00 00 00 00  ................ [zeros]
00005AF0:  00 00 00 00 00 00 00 00 00 00 00 00 00 00 00 00  ................ [zeros]
00005B00:  00 00 00 00 00 00 00 00 00 00 00 00 00 00 00 00  ................ [zeros]
00005B10:  00 00 00 00 00 00 00 00 00 00 00 00 00 00 00 00  ................ [zeros]
00005B20:  00 00 00 00 00 00 00 00 00 00 00 00 00 00 00 00  ................ [zeros]
00005B30:  00 00 00 00 00 00 00 00 00 00 00 00 00 00 00 00  ................ [zeros]
00005B40:  00 00 00 00 00 00 00 00 00 00 00 00 00 00 00 00  ................ [zeros]
00005B50:  00 00 00 00 00 00 00 00 00 00 00 00 00 00 00 00  ................ [zeros]
00005B60:  00 00 00 00 00 00 00 00 00 00 00 00 00 00 00 00  ................ [zeros]
00005B70:  00 00 00 00 00 00 00 00 00 00 00 00 00 00 00 00  ................ [zeros]
00005B80:  00 00 00 00 00 00 EE 46 3A F2 53 16 CA 23 03 47  .......F:.S..#.G
00005B90:  AA 00 3A 87 82 48 00 00 00 00 00 00 00 00 00 00  ..:..H..........
00005BA0:  00 00 00 00 00 00 B6 EB 94 D5 D0 D8 CC FB D7 AA  ................
00005BB0:  0D 60 42 0F 16 2D 5B DF 72 EE CE C1 93 90 28 83  .`B..-[.r.....(.
00005BC0:  BB A1 69 76 AD 8F D2 C2 0B D0 FB 4F 8D 4D 8B 2C  ..iv.......O.M.,
00005BD0:  54 FF 43 25 FA A3 55 F7 3C EA 27 DC 82 1F 7E 4E  T.C%..U.<.'...~N
00005BE0:  29 ED 3C 21 92 E2 55 33 30 45 EE E6 01 AD D9 D5  ).<!..U30E......
00005BF0:  E8 74 E5 50 C4 04 1B EC 12 3A 9D F6 3C 29 DD 47  .t.P.....:..<).G
00005C00:  09 F7 DE 89 6B 0B 18 65 D6 83 46 71 6C 91 08 5F  ....k..e..Fql.._
00005C10:  FA 00 35 BB C3 59 DA 9C DD 09 D6 D9 61 58 E8 75  ..5..Y......aX.u
00005C20:  FD 27 B1 EE 54 BF 3C D1 37 08 3B 79 CA A7 AC 60  .'..T.<.7.;y...`
00005C30:  F5 E9 18 BE 19 33 8D 20 96 95 3A 29 D4 5E E7 C9  .....3. ..:).^..
00005C40:  D0 FC 96 98 BE 2D 5A 5D 14 E0 FC 00 45 3A 86 5E  .....-Z]....E:.^
00005C50:  34 A5 DA 47 E7 E5 AA 99 6A 8A 99 BE 70 62 10 D1  4..G....j...pb..
00005C60:  0C DB 86 74 36 56 86 0E FD 53 95 DF 71 C3 39 32  ...t6V...S..q.92
00005C70:  E3 44 99 56 D2 DE 46 96 32 4A 60 CD C5 E6 BB C9  .D.V..F.2J`.....
00005C80:  21 B9 2F A6 73 7E 0A 97 63 4C 85 C1 A1 C4 D7 8F  !./.s~..cL......
00005C90:  92 C0 48 0D BA 64 F8 E2 5A 6C 72 5E B8 69 DE AE  ..H..d..Zlr^.i..
00005CA0:  FD 4D 38 A9 B2 B0 8B 71 5E B6 A0 35 1A C8 0C 28  .M8....q^..5...(
00005CB0:  8A AD 38 C3 C3 96 CA 9C F3 EB F5 4C 46 3A BE 86  ..8........LF:..
00005CC0:  B5 BD FD E0 13 81 F9 E3 23 94 EC 47 48 78 CF 64  ........#..GHx.d
00005CD0:  C0 12 3E F3 FC DD 44 DB BA 61 2E AC CD 86 12 E3  ..>...D..a......
00005CE0:  EC A8 67 4C 48 33 E6 EA F7 A5 25 DE AA 60 05 10  ..gLH3....%..`..
00005CF0:  6E 07 D6 60 2F CB 91 0C 77 CA 3A CC DB C3 7F 83  n..`/...w.:.....
00005D00:  CB B1 DA ED A5 20 59 17 C3 A0 43 73 8B 9E 6F 8B  ..... Y...Cs..o.
00005D10:  8B 47 AA 12 66 79 F1 24 9F 03 E5 E8 7D EE E7 23  .G..fy.$....}..#
00005D20:  61 7B F2 10 11 42 C1 DC F1 FA 8A C9 9B F9 0C CB  a{...B..........
00005D30:  ED 3C 1F 2F C6 91 3A 7E 59 08 3D 91 81 51 AB DE  .<./..:~Y.=..Q..
00005D40:  29 4E A8 CE 44 85 88 8B C4 9E 73 17 EB 45 34 DC  )N..D.....s..E4.
00005D50:  0B 90 B8 71 00 8B 76 E0 76 8E 4F 65 53 0F 2C 83  ...q..v.v.OeS.,.
00005D60:  8E 46 10 89 38 71 73 E6 13 25 1D C9 F7 E5 C4 1C  .F..8qs..%......
00005D70:  A6 D9 F8 E3 2F 42 09 84 0C 29 08 92 9C 84 B3 ED  ..../B...)......
00005D80:  8A E0 5A 0B ED A4 D2 C8 DF D9 FA 9F 1B 0B 65 40  ..Z...........e@
00005D90:  17 36 A5 E0 BF D4 55 33 24 CF BD 3B A1 B1 78 C6  .6....U3$..;..x.
00005DA0:  C7 0B 65 B1 47 51 1F 6B EE F8 11 68 D6 FA 09 51  ..e.GQ.k...h...Q
00005DB0:  82 07 FE EA 60 66 00 00 00 00 00 00 00 00 00 00  ....`f..........
00005DC0:  00 00 00 00 00 00 00 00 00 00 00 00 00 00 00 00  ................ [zeros]
00005DD0:  00 00 00 00 00 00 00 00 00 00 00 00 00 00 00 00  ................ [zeros]
00005DE0:  00 00 00 00 00 00 00 00 00 00 00 00 00 00 00 00  ................ [zeros]
00005DF0:  00 00 00 00 00 00 00 00 00 00 00 00 00 00 00 00  ................ [zeros]
00005E00:  00 00 00 00 00 00 00 00 00 00 00 00 00 00 00 00  ................ [zeros]
00005E10:  00 00 00 00 00 00 00 00 00 00 00 00 00 00 00 00  ................ [zeros]
00005E20:  00 00 00 00 00 00 00 00 00 00 00 00 00 00 00 00  ................ [zeros]
00005E30:  00 00 00 00 00 00 00 00 00 00 00 00 00 00 00 00  ................ [zeros]
00005E40:  00 00 00 00 00 00 00 00 00 00 00 00 00 00 00 00  ................ [zeros]
00005E50:  00 00 00 00 00 00 00 00 00 00 00 00 00 00 00 00  ................ [zeros]
00005E60:  00 00 00 00 00 00 00 00 00 00 00 00 00 00 00 00  ................ [zeros]
00005E70:  00 00 00 00 00 00 00 00 00 00 00 00 00 00 00 00  ................ [zeros]
00005E80:  00 00 00 00 00 00 00 00 00 00 00 00 00 00 00 00  ................ [zeros]
00005E90:  00 00 00 00 00 00 22 02 E1 DC 7F 19 B5 63 C8 1C  ......"......c..
00005EA0:  F3 C8 9D F9 58 6C 00 00 00 00 00 00 00 00 00 00  ....Xl..........
00005EB0:  00 00 00 00 00 00 95 83 6A 74 59 6A 2C D1 C8 17  ........jtYj,...
00005EC0:  A0 D7 70 F0 B1 DA 77 2B F8 5A FF 74 ED 85 10 33  ..p...w+.Z.t...3
00005ED0:  22 E2 F1 98 CC D0 D9 6A 18 C7 D2 0F 27 08 BF 8B  "......j....'...
00005EE0:  60 80 27 B9 89 9E C0 4E E3 5F 09 47 28 2B C6 EB  `.'....N._.G(+..
00005EF0:  14 FC 54 47 8E 61 00 00 00 00 00 00 00 00 00 00  ..TG.a..........
00005F00:  00 00 00 00 00 00 F0 39 06 DA C1 CC AC E6 5C 6E  .......9......\n
00005F10:  B9 AA EC BE 9C 7E EF E9 32 64 89 14 A8 A2 76 96  .....~..2d....v.
00005F20:  BE 50 BC 3E 12 A7 99 46 27 86 54 46 30 0B 73 F6  .P.>...F'.TF0.s.
00005F30:  83 45 8C 42 08 2F B5 AF C6 24 38 84 CA 5D 04 20  .E.B./...$8..]. 
00005F40:  EA FC CD 04 B0 AD C6 40 C5 20 A1 4A 80 63 8C 6D  .......@. .J.c.m
00005F50:  27 A8 FE 5A 22 39 18 53 E7 0B 48 CE 5D 52 6D EF  '..Z"9.S..H.]Rm.
00005F60:  6F 0C 16 B1 AF C0 AA 95 24 93 CF 93 F6 23 47 E0  o.......$....#G.
00005F70:  52 F8 49 1E 0D 8B B9 A9 78 BC 69 BF D7 57 D2 83  R.I.....x.i..W..
00005F80:  7A EF 6F 3C 74 D5 AB 87 7F B9 4B B1 12 EF 3F 77  z.o<t.....K...?w
00005F90:  5B 19 09 AA 97 E4 5E AB 18 F5 25 42 80 E0 2A D9  [.....^...%B..*.
00005FA0:  0A 62 55 1D 94 12 E1 9E 3D 0A B6 9B 4D BA CF 69  .bU.....=...M..i
00005FB0:  2D F0 8B E0 B2 70 13 33 92 51 BD 8A A5 A7 78 66  -....p.3.Q....xf
00005FC0:  0B 84 D4 AB E3 05 EB AA FB 6C 6C B5 0F 0A 13 4C  .........ll....L
00005FD0:  BE 15 A1 EB 86 B6 09 9E D2 7B DB 55 46 95 C9 C6  .........{.UF...
00005FE0:  FB 24 6A 1A 40 38 7F DB 3A 34 39 3C 7A 38 CE 6B  .$j.@8..:49<z8.k
00005FF0:  6C B2 92 0F 7A 23 84 CE 57 6B CF 2D 87 53 CB B0  l...z#..Wk.-.S..
00006000:  DB 8D A6 DD EF 80 15 73 7D 21 D9 33 1A FD 57 DE  .......s}!.3..W.
00006010:  FF 31 A7 9B 1B EF 8A DC 9A E0 1B 1D AD 2F A2 71  .1.........../.q
00006020:  35 12 DC E7 12 B3 24 CA DD D2 6D A4 87 2C DC AC  5.....$...m..,..
00006030:  86 65 B7 8F C5 C4 4B C4 1C 2E EC C3 F8 8A 73 AD  .e....K.......s.
00006040:  8E 72 AB CC 67 F3 9E 8B 13 89 BC 93 57 4C EF E9  .r..g.......WL..
00006050:  1B 8F 9A EC A7 E9 39 6E 48 2A 53 C5 7C 37 D9 6F  ......9nH*S.|7.o
00006060:  31 38 66 DE 41 3B 11 28 A4 11 95 35 F1 87 08 25  18f.A;.(...5...%
00006070:  09 C1 CE EB A9 9B 65 27 BC 9C AD AE 24 4F 67 1B  ......e'....$Og.
00006080:  9D E4 18 24 31 4D 4F 08 4A C3 4B DA 2B 52 30 FD  ...$1MO.J.K.+R0.
00006090:  22 BE 88 F5 17 D5 C0 F4 74 21 08 22 33 11 1B DB  ".......t!."3...
000060A0:  3B C3 04 6B E3 4A F4 9B F7 3E AB 6E D6 CE 98 49  ;..k.J...>.n...I
000060B0:  14 04 26 91 6A B6 00 00 00 00 00 00 00 00 00 00  ..&.j...........
000060C0:  00 00 00 00 00 00 00 00 00 00 00 00 00 00 00 00  ................ [zeros]
000060D0:  00 00 00 00 00 00 00 00 00 00 00 00 00 00 00 00  ................ [zeros]
000060E0:  00 00 00 00 00 00 00 00 00 00 00 00 00 00 00 00  ................ [zeros]
000060F0:  00 00 00 00 00 00 FC 96 86 E2 B5 FC 3D 89 4C 41  ............=.LA
00006100:  0F 59 64 87 1A C2 DE 54 26 4A E1 63 97 41 6F 18  .Yd....T&J.c.Ao.
00006110:  74 7E 0A 36 20 BA 93 BC A9 3E 89 43 86 DA 4B 70  t~.6 ....>.C..Kp
00006120:  F7 9B 4D D4 37 20 72 BE EB 69 D5 7A 22 66 CE B3  ..M.7 r..i.z"f..
00006130:  8E 0F 26 E0 1E 6B 96 06 8E DC 4D 37 E7 61 01 93  ..&..k....M7.a..
00006140:  3A 22 1D 3A D4 89 00 00 00 00 00 00 00 00 00 00  :".:............
00006150:  00 00 00 00 00 00 00 00 00 00 00 00 00 00 00 00  ................ [zeros]
00006160:  00 00 00 00 00 00 00 00 00 00 00 00 00 00 00 00  ................ [zeros]
00006170:  00 00 00 00 00 00 00 00 00 00 00 00 00 00 00 00  ................ [zeros]
00006180:  00 00 00 00 00 00 00 00 00 00 00 00 00 00 00 00  ................ [zeros]
00006190:  00 00 00 00 00 00 00 00 00 00 00 00 00 00 00 00  ................ [zeros]
000061A0:  00 00 00 00 00 00 00 00 00 00 00 00 00 00 00 00  ................ [zeros]
000061B0:  00 00 00 00 00 00 00 00 00 00 00 00 00 00 00 00  ................ [zeros]
000061C0:  00 00 00 00 00 00 00 00 00 00 00 00 00 00 00 00  ................ [zeros]
000061D0:  00 00 00 00 00 00 00 00 00 00 00 00 00 00 00 00  ................ [zeros]
000061E0:  00 00 00 00 00 00 00 00 00 00 00 00 00 00 00 00  ................ [zeros]
000061F0:  00 00 00 00 00 00 B6 48 FF AB DC 0E 98 FD 75 27  .......H......u'
00006200:  DC 9C EC F9 D8 8D 0B 39 43 C6 42 4E 7D 8D 6C 7F  .......9C.BN}.l.
00006210:  93 35 0E 2D 1F D1 4F 3F F9 3E CC 14 FB 66 F9 FA  .5.-..O?.>...f..
00006220:  16 E6 C5 BB E1 61 00 00 00 00 00 00 00 00 00 00  .....a..........
00006230:  00 00 00 00 00 00 55 F7 3C EA 27 DC 82 1F 7E 4E  ......U.<.'...~N
00006240:  29 ED 3C 21 92 E2 00 00 00 00 00 00 00 00 00 00  ).<!............
00006250:  00 00 00 00 00 00 00 00 00 00 00 00 00 00 00 00  ................ [zeros]
00006260:  00 00 00 00 00 00 00 00 00 00 00 00 00 00 00 00  ................ [zeros]
00006270:  00 00 00 00 00 00 00 00 00 00 00 00 00 00 00 00  ................ [zeros]
00006280:  00 00 00 00 00 00 00 00 00 00 00 00 00 00 00 00  ................ [zeros]
00006290:  00 00 00 00 00 00 4C 35 78 45 30 E0 98 A3 CE C7  ......L5xE0.....
000062A0:  F9 9C 95 38 84 20 00 00 00 00 00 00 00 00 00 00  ...8. ..........
000062B0:  00 00 00 00 00 00 00 00 00 00 00 00 00 00 00 00  ................ [zeros]
000062C0:  00 00 00 00 00 00 00 00 00 00 00 00 00 00 00 00  ................ [zeros]
000062D0:  00 00 00 00 00 00 00 00 00 00 00 00 00 00 00 00  ................ [zeros]
000062E0:  00 00 00 00 00 00 00 00 00 00 00 00 00 00 00 00  ................ [zeros]
000062F0:  00 00 00 00 00 00 00 00 00 00 00 00 00 00 00 00  ................ [zeros]
00006300:  00 00 00 00 00 00 00 00 00 00 00 00 00 00 00 00  ................ [zeros]
00006310:  00 00 00 00 00 00 00 00 00 00 00 00 00 00 00 00  ................ [zeros]
00006320:  00 00 00 00 00 00 00 00 00 00 00 00 00 00 00 00  ................ [zeros]
00006330:  00 00 00 00 00 00 00 00 00 00 00 00 00 00 00 00  ................ [zeros]
00006340:  00 00 00 00 00 00 00 00 00 00 00 00 00 00 00 00  ................ [zeros]
00006350:  00 00 00 00 00 00 00 00 00 00 00 00 00 00 00 00  ................ [zeros]
00006360:  00 00 00 00 00 00 04 86 5F 4C 2E 30 59 EE 12 BD  ........_L.0Y...
00006370:  49 4D D2 7C E3 5F 64 A4 55 50 0E AE 0A F2 75 86  IM.|._d.UP....u.
00006380:  34 85 9F 10 97 C4 55 80 70 A9 DB 8D 36 41 5E 9C  4.....U.p...6A^.
00006390:  25 81 AB 66 BB 5A 55 33 24 CF BD 3B A1 B1 78 C6  %..f.ZU3$..;..x.
000063A0:  C7 0B 65 B1 47 51 00 00 00 00 00 00 00 00 00 00  ..e.GQ..........
000063B0:  00 00 00 00 00 00 00 00 00 00 00 00 00 00 00 00  ................ [zeros]
000063C0:  00 00 00 00 00 00 00 00 00 00 00 00 00 00 00 00  ................ [zeros]
000063D0:  00 00 00 00 00 00 00 00 00 00 00 00 00 00 00 00  ................ [zeros]
000063E0:  00 00 00 00 00 00 00 00 00 00 00 00 00 00 00 00  ................ [zeros]
000063F0:  00 00 00 00 00 00 45 80 97 30 37 BF E7 BA 49 E4  ......E..07...I.
00006400:  A4 94 77 64 B9 55 9D 4B FF D8 51 19 DD A1 4E 29  ..wd.U.K..Q...N)
00006410:  BF 6E A4 2D 80 B6 00 00 00 00 00 00 00 00 00 00  .n.-............
00006420:  00 00 00 00 00 00 00 00 00 00 00 00 00 00 00 00  ................ [zeros]
00006430:  00 00 00 00 00 00 00 00 00 00 00 00 00 00 00 00  ................ [zeros]
00006440:  00 00 00 00 00 00 00 00 00 00 00 00 00 00 00 00  ................ [zeros]
00006450:  00 00 00 00 00 00 00 00 00 00 00 00 00 00 00 00  ................ [zeros]
00006460:  00 00 00 00 00 00 00 00 00 00 00 00 00 00 00 00  ................ [zeros]
00006470:  00 00 00 00 00 00 00 00 00 00 00 00 00 00 00 00  ................ [zeros]
00006480:  00 00 00 00 00 00 00 00 00 00 00 00 00 00 00 00  ................ [zeros]
00006490:  00 00 00 00 00 00 00 00 00 00 00 00 00 00 00 00  ................ [zeros]
000064A0:  00 00 00 00 00 00 00 00 00 00 00 00 00 00 00 00  ................ [zeros]
000064B0:  00 00 00 00 00 00 00 00 00 00 00 00 00 00 00 00  ................ [zeros]
000064C0:  00 00 00 00 00 00 30 E1 19 12 D8 7E 55 3F CE E1  ......0....~U?..
000064D0:  A6 26 5F EC 56 AD BA 98 D9 F6 BA 48 1E 48 F8 0E  .&_.V......H.H..
000064E0:  A7 33 BF F9 36 9E 04 13 65 1C 87 F1 BB 5E E2 26  .3..6...e....^.&
000064F0:  70 3B 5E 4C 4D A2 CD BC A6 F6 05 30 D3 1A A4 31  p;^LM......0...1
00006500:  D2 3F EC 6D E7 8D C4 D3 40 40 19 D6 7E 15 D6 C3  .?.m....@@..~...
00006510:  B4 C0 46 36 D5 1D B0 46 09 77 93 CD 61 F3 A2 59  ..F6...F.w..a..Y
00006520:  71 82 83 3E 2D 22 DB DF F0 CB D7 D7 FF B9 96 AA  q..>-"..........
00006530:  6C 92 F9 8E 9A A4 06 76 69 51 CC 0A C6 83 02 EC  l......viQ......
00006540:  D7 88 35 65 0C 9E 26 9B 49 7C E1 DB A4 12 B1 DF  ..5e..&.I|......
00006550:  19 F6 80 93 61 B9 7D B1 43 E8 66 45 25 00 65 B6  ....a.}.C.fE%.e.
00006560:  0B B2 F3 04 B9 B8 9D 8B 03 C6 87 75 33 C4 F2 12  ...........u3...
00006570:  9E AC DD BD 0E 43 CE 78 77 55 1A 70 4E B9 FE 75  .....C.xwU.pN..u
00006580:  A5 76 46 F7 D7 AA D5 F7 D3 31 B1 FA 47 85 B4 88  .vF......1..G...
00006590:  36 58 14 A9 7E 21 88 53 3F 54 23 6A 7C F1 6C EE  6X..~!.S?T#j|.l.
000065A0:  92 93 46 A1 65 00 52 D1 3B 66 B4 4E BE 45 B3 44  ..F.e.R.;f.N.E.D
000065B0:  48 61 13 BE 7C C3 1C 42 CC 67 F4 25 C7 FD 68 C7  Ha..|..B.g.%..h.
000065C0:  E1 78 88 F9 80 45 48 6B 45 01 99 D1 6A 52 29 7A  .x...EHkE...jR)z
000065D0:  99 AA D6 A9 33 77 3B 5A 2C C3 39 F0 4B F0 4B EC  ....3w;Z,.9.K.K.
000065E0:  F8 24 3D 6C F3 DB 64 A4 55 50 0E AE 0A F2 75 86  .$=l..d.UP....u.
000065F0:  34 85 9F 10 97 C4 C2 97 A5 1A 86 31 B4 02 86 EA  4..........1....
00006600:  0D 4E 61 A5 3A 16 5F 65 00 50 06 17 7A 48 2F 3C  .Na.:._e.P..zH/<
00006610:  B9 7B 8C 9F 87 5E 15 F1 34 4D 0B 6E E7 47 07 E9  .{...^..4M.n.G..
00006620:  72 4A 53 36 56 E7 00 00 00 00 00 00 00 00 00 00  rJS6V...........
00006630:  00 00 00 00 00 00 FB 55 E4 4D 88 A0 1C FE CB C7  .......U.M......
00006640:  76 5B 00 4A 35 43 41 AD 1C CF 7A F0 7B 29 9B B4  v[.J5CA...z.{)..
00006650:  71 8C 21 A9 70 4B 6D 36 A0 5C F3 00 C7 CB 17 CA  q.!.pKm6.\......
00006660:  89 FD 52 50 85 C9 00 00 00 00 00 00 00 00 00 00  ..RP............
00006670:  00 00 00 00 00 00 3A AC 9C 7C 51 EC B2 04 A7 F2  ......:..|Q.....
00006680:  C6 08 89 CA 2E 23 D4 07 3E 58 E5 43 7E 3F E1 11  .....#..>X.C~?..
00006690:  D1 55 9C B9 3C 2F 17 ED A3 F9 28 23 C9 A3 A1 F8  .U..</....(#....
000066A0:  A8 35 98 A3 1E E2 F4 DE F9 E0 3A 4E 8D 80 F6 D3  .5........:N....
000066B0:  A1 81 98 E1 A1 97 FC A7 57 ED 3D F3 D9 E1 8A B2  ........W.=.....
000066C0:  C2 30 24 57 6D 2E 16 26 6B FE 39 BB 21 32 F5 91  .0$Wm..&k.9.!2..
000066D0:  02 23 01 68 B5 07 00 00 00 00 00 00 00 00 00 00  .#.h............
000066E0:  00 00 00 00 00 00 FA E4 8A B4 CD CA 77 72 D1 5D  ............wr.]
000066F0:  96 7A AB 27 29 20 00 D0 19 8A 32 26 51 EF 11 EE  .z.') ....2&Q...
00006700:  98 40 C6 BE 8C 01 15 F1 34 4D 0B 6E E7 47 07 E9  .@......4M.n.G..
00006710:  72 4A 53 36 56 E7 00 00 00 00 00 00 00 00 00 00  rJS6V...........
00006720:  00 00 00 00 00 00 FB 55 E4 4D 88 A0 1C FE CB C7  .......U.M......
00006730:  76 5B 00 4A 35 43 68 47 79 9B 6E 7F 41 33 41 6D  v[.J5ChGy.n.A3Am
00006740:  EE BC CB C7 C8 DA 00 00 00 00 00 00 00 00 00 00  ................
00006750:  00 00 00 00 00 00 00 00 00 00 00 00 00 00 00 00  ................ [zeros]
00006760:  00 00 00 00 00 00 00 00 00 00 00 00 00 00 00 00  ................ [zeros]
00006770:  00 00 00 00 00 00 00 00 00 00 00 00 00 00 00 00  ................ [zeros]
00006780:  00 00 00 00 00 00 00 00 00 00 00 00 00 00 00 00  ................ [zeros]
00006790:  00 00 00 00 00 00 00 00 00 00 00 00 00 00 00 00  ................ [zeros]
000067A0:  00 00 00 00 00 00 00 00 00 00 00 00 00 00 00 00  ................ [zeros]
000067B0:  00 00 00 00 00 00 00 00 00 00 00 00 00 00 00 00  ................ [zeros]
000067C0:  00 00 00 00 00 00 00 00 00 00 00 00 00 00 00 00  ................ [zeros]
000067D0:  00 00 00 00 00 00 00 00 00 00 00 00 00 00 00 00  ................ [zeros]
000067E0:  00 00 00 00 00 00 00 00 00 00 00 00 00 00 00 00  ................ [zeros]
000067F0:  00 00 00 00 00 00 00 00 00 00 00 00 00 00 00 00  ................ [zeros]
00006800:  00 00 00 00 00 00 00 00 00 00 00 00 00 00 00 00  ................ [zeros]
00006810:  00 00 00 00 00 00 72 61 39 59 C7 1D CF CC 22 EC  ......ra9Y....".
00006820:  3B 02 1E 07 9A F0 46 F3 7D EF 5E A2 D3 29 1E 22  ;.....F.}.^..)."
00006830:  C0 55 F5 F5 D8 94 CB 51 00 94 95 84 64 25 F7 45  .U.....Q....d%.E
00006840:  53 BC 6E A7 6D EC 33 B1 2F F0 C9 AB 29 9B 1E CD  S.n.m.3./...)...
00006850:  54 56 54 DD 6F 94 00 00 00 00 00 00 00 00 00 00  TVT.o...........
00006860:  00 00 00 00 00 00 86 A7 F9 97 29 0A D1 62 4E D2  ..........)..bN.
00006870:  06 E9 C9 D8 68 78 D3 16 09 A1 A2 83 70 52 42 51  ....hx......pRBQ
00006880:  48 6B 6A 12 95 4E 18 42 15 3E 18 E8 B1 3D 76 E8  Hkj..N.B.>...=v.
00006890:  DB 34 3A 36 E8 85 60 6F D6 54 CD DE 17 07 57 66  .4:6..`o.T....Wf
000068A0:  B4 CB 93 38 52 74 8E 78 CF 77 97 7E 6B 66 27 45  ...8Rt.x.w.~kf'E
000068B0:  7F 57 CE 1F CC 35 6A A3 A0 CB 56 EF F6 81 AC 19  .W...5j...V.....
000068C0:  2F 22 4F 03 FB D8 E7 30 EF 66 81 D8 54 9D 09 04  /"O....0.f..T...
000068D0:  49 6B 01 7D 38 D7 C7 1B E7 88 A7 11 08 D7 8B E2  Ik.}8...........
000068E0:  04 2B A8 7E 3A A3 FE C8 92 4B 0A 62 11 FB 3B 65  .+.~:....K.b..;e
000068F0:  D0 58 A8 2E 74 EB 68 A8 AD 79 D4 B7 15 88 A6 31  .X..t.h..y.....1
00006900:  3D 40 C6 0B 3E BE C7 70 B0 42 B1 04 AD 86 E7 58  =@..>..p.B.....X
00006910:  D6 96 48 2F A6 63 C1 98 B2 2F 66 53 7D D3 8B 2D  ..H/.c.../fS}..-
00006920:  6A D0 05 8C 10 85 FC 8F D2 54 0B 65 08 05 52 CD  j........T.e..R.
00006930:  E3 CF 66 9B 92 1D E3 16 8A 8F 74 C4 27 8D DB 93  ..f.......t.'...
00006940:  5E 43 AF BE D0 A1 F3 62 15 B5 3D 8A DC C1 EF 62  ^C.....b..=....b
00006950:  AC D2 41 9F 92 4C D6 38 86 76 6F 8A 3F CE 2A 15  ..A..L.8.vo.?.*.
00006960:  5E 17 AF 32 05 8B 1E 61 6D 67 99 1A C8 D2 4B 1C  ^..2...amg....K.
00006970:  F0 6A 7E 28 C9 85 FE 49 7E 89 C9 B3 6B 0B B0 E1  .j~(...I~...k...
00006980:  26 D9 5F 20 8E 34 A1 FA B9 67 FD 9C DA 64 C0 D9  &._ .4...g...d..
00006990:  3D CF 47 B3 83 BE 00 00 00 00 00 00 00 00 00 00  =.G.............
000069A0:  00 00 00 00 00 00 00 00 00 00 00 00 00 00 00 00  ................ [zeros]
000069B0:  00 00 00 00 00 00 D4 07 3E 58 E5 43 7E 3F E1 11  ........>X.C~?..
000069C0:  D1 55 9C B9 3C 2F 00 00 00 00 00 00 00 00 00 00  .U..</..........
000069D0:  00 00 00 00 00 00 00 00 00 00 00 00 00 00 00 00  ................ [zeros]
000069E0:  00 00 00 00 00 00 40 88 28 A0 6F C5 9C 88 0E 4F  ......@.(.o....O
000069F0:  EC 37 CE A3 BE E8 00 00 00 00 00 00 00 00 00 00  .7..............
00006A00:  00 00 00 00 00 00 00 00 00 00 00 00 00 00 00 00  ................ [zeros]
00006A10:  00 00 00 00 00 00 00 00 00 00 00 00 00 00 00 00  ................ [zeros]
00006A20:  00 00 00 00 00 00 97 EF DB EB B7 60 97 85 5F 3C  ...........`.._<
00006A30:  5E E0 43 F0 8D EE 00 00 00 00 00 00 00 00 00 00  ^.C.............
00006A40:  00 00 00 00 00 00 00 00 00 00 00 00 00 00 00 00  ................ [zeros]
00006A50:  00 00 00 00 00 00 22 F6 8A 4F 17 A7 59 11 AF 5E  ......"..O..Y..^
00006A60:  97 7B 4A F7 33 38 00 00 00 00 00 00 00 00 00 00  .{J.38..........
00006A70:  00 00 00 00 00 00 00 00 00 00 00 00 00 00 00 00  ................ [zeros]
00006A80:  00 00 00 00 00 00 46 BA FE 4D EE A6 62 0E DE 03  ......F..M..b...
00006A90:  C9 D7 82 87 C6 62 00 00 00 00 00 00 00 00 00 00  .....b..........
00006AA0:  00 00 00 00 00 00 00 00 00 00 00 00 00 00 00 00  ................ [zeros]
00006AB0:  00 00 00 00 00 00 4B 85 74 74 CF A5 64 7C 54 BE  ......K.tt..d|T.
00006AC0:  A4 98 28 4D 60 98 00 00 00 00 00 00 00 00 00 00  ..(M`...........
00006AD0:  00 00 00 00 00 00 00 00 00 00 00 00 00 00 00 00  ................ [zeros]
00006AE0:  00 00 00 00 00 00 00 00 00 00 00 00 00 00 00 00  ................ [zeros]
00006AF0:  00 00 00 00 00 00 A9 2C E6 1A 2A 0C 1A 83 68 EE  .......,..*...h.
00006B00:  E3 4D 14 29 15 67 98 C6 F7 31 7B B6 27 EE BB EE  .M.).g...1{.'...
00006B10:  ED 19 D6 04 62 40 C5 A7 AD 48 A3 20 40 06 3C 81  ....b@...H. @.<.
00006B20:  F0 73 60 5C 57 73 47 01 24 35 14 A8 F6 DA 2F BE  .s`\WsG.$5..../.
00006B30:  92 2B 9F CB C7 74 F3 01 AB E1 3A CE FB 49 3C 30  .+...t....:..I<0
00006B40:  DC E6 AC 7E DC DB 5F 19 8C 55 28 C7 B4 1F 1E CF  ...~.._..U(.....
00006B50:  E9 96 CC 12 38 AB 2D 22 B0 1D 46 6E AA 2C BD 46  ....8.-"..Fn.,.F
00006B60:  68 33 BE 71 A2 1E 1E 61 6D 67 99 1A C8 D2 4B 1C  h3.q...amg....K.
00006B70:  F0 6A 7E 28 C9 85 98 FA E5 26 BD 2D 67 74 9C 07  .j~(.....&.-gt..
00006B80:  43 BA EE A6 96 38 A2 0E E1 55 19 E9 AA A8 B0 AA  C....8...U......
00006B90:  00 6F CF 78 46 B8 6B F0 30 71 93 46 39 32 0E FA  .o.xF.k.0q.F92..
00006BA0:  27 F0 DA 5E D8 DD C6 F7 D1 39 2A 86 8A DA 56 6E  '..^.....9*...Vn
00006BB0:  56 44 C1 57 E5 B7 79 82 D7 89 46 14 B2 53 B3 74  VD.W..y...F..S.t
00006BC0:  61 38 C2 DF 21 FD FC E9 90 A3 DB 80 36 AE 19 49  a8..!.......6..I
00006BD0:  04 21 CE F4 30 AB 70 FA 5F C8 04 97 D0 95 1F FD  .!..0.p._.......
00006BE0:  A2 01 25 93 5F 6C 69 E7 A6 CF 2C B4 C5 17 F0 93  ..%._li...,.....
00006BF0:  84 BD D6 8B BA CD CD A1 AA D5 32 C1 45 94 90 11  ..........2.E...
00006C00:  9B 4B DB 49 24 B7 F9 E2 FD 3E CB 31 FA F1 A1 BE  .K.I$....>.1....
00006C10:  E8 33 F4 52 35 26 F9 E2 FD 3E CB 31 FA F1 A1 BE  .3.R5&...>.1....
00006C20:  E8 33 F4 52 35 26 F9 E2 FD 3E CB 31 FA F1 A1 BE  .3.R5&...>.1....
00006C30:  E8 33 F4 52 35 26 0B B1 36 06 A1 BB 4E EC DC 6F  .3.R5&..6...N..o
00006C40:  FA 2E 5C 97 CE 7E 4A DA 07 69 E1 C9 9A F5 99 99  ..\..~J..i......
00006C50:  89 06 19 66 AE 51 4A DA 07 69 E1 C9 9A F5 99 99  ...f.QJ..i......
00006C60:  89 06 19 66 AE 51 AC 4E 88 32 24 3A 91 A5 46 E5  ...f.Q.N.2$:..F.
00006C70:  9B F8 AF 96 A2 21 55 AC 60 91 B2 27 6A D7 7A E3  .....!U.`..'j.z.
00006C80:  F1 22 EA A2 44 26 22 60 DB 5F 47 37 C3 19 4B 41  ."..D&"`._G7..KA
00006C90:  D9 F3 D2 34 25 6E 8A 0C 07 85 54 5F 54 37 8E 69  ...4%n....T_T7.i
00006CA0:  42 37 E1 13 54 7A 07 C0 9D FF A1 D1 FA 63 74 D6  B7..Tz.......ct.
00006CB0:  14 4B E2 0A 4F C6 97 F5 05 8E 18 9F 16 BE 33 4E  .K..O.........3N
00006CC0:  87 C1 78 B9 A8 81 12 09 12 E3 39 B9 25 4A F8 3A  ..x.......9.%J.:
00006CD0:  34 CB 18 44 3D FB 20 82 C7 23 E9 C0 E4 86 98 85  4..D=. ..#......
00006CE0:  96 4F 17 02 B6 BA 20 82 C7 23 E9 C0 E4 86 98 85  .O.... ..#......
00006CF0:  96 4F 17 02 B6 BA 20 82 C7 23 E9 C0 E4 86 98 85  .O.... ..#......
00006D00:  96 4F 17 02 B6 BA 7A 58 F1 89 C1 EF E7 FF F2 5A  .O....zX.......Z
00006D10:  A9 9B B3 F2 15 C5 A6 3C CA 5B 2D 4C B3 34 A4 AA  .......<.[-L.4..
00006D20:  C8 AD 7C 7D 18 C2 14 F8 58 01 CD C1 6C 47 FE FF  ..|}....X...lG..
00006D30:  FB 27 7D 23 F5 3C 99 62 51 6B D9 26 ED 9A 35 BA  .'}#.<.bQk.&..5.
00006D40:  30 66 AE DB E9 90 18 1B F2 D4 11 BE 14 B8 76 40  0f............v@
00006D50:  E1 3D 46 D0 E7 4A 7E 81 AF 90 3D F3 33 DB AC 03  .=F..J~...=.3...
00006D60:  91 B9 EA 0F 39 7C 33 CB CB 56 0F 63 56 9A C1 6C  ....9|3..V.cV..l
00006D70:  30 37 46 CC 10 B3 27 C1 90 C6 13 D1 4D 35 0C 12  07F...'.....M5..
00006D80:  52 7F 47 E4 70 D8 F9 D0 F5 F0 2A 69 4D 3E 96 50  R.G.p.....*iM>.P
00006D90:  0A C0 34 A0 8B 9F 7A 58 F1 89 C1 EF E7 FF F2 5A  ..4...zX.......Z
00006DA0:  A9 9B B3 F2 15 C5 A6 3C CA 5B 2D 4C B3 34 A4 AA  .......<.[-L.4..
00006DB0:  C8 AD 7C 7D 18 C2 14 F8 58 01 CD C1 6C 47 FE FF  ..|}....X...lG..
00006DC0:  FB 27 7D 23 F5 3C 99 62 51 6B D9 26 ED 9A 35 BA  .'}#.<.bQk.&..5.
00006DD0:  30 66 AE DB E9 90 18 1B F2 D4 11 BE 14 B8 76 40  0f............v@
00006DE0:  E1 3D 46 D0 E7 4A 7E 81 AF 90 3D F3 33 DB AC 03  .=F..J~...=.3...
00006DF0:  91 B9 EA 0F 39 7C 89 48 85 B4 52 1D 23 66 86 EE  ....9|.H..R.#f..
00006E00:  59 62 F7 D8 FF 1B AB 51 54 A5 8F 3B 7D B3 95 8E  Yb.....QT..;}...
00006E10:  B1 0D 6E 08 2A E0 B2 8D ED 3F E3 47 84 7F 2A 01  ..n.*....?.G..*.
00006E20:  B0 D0 2D 2B 99 E8 CF EB E1 5D BB 4E 9E E0 79 5B  ..-+.....].N..y[
00006E30:  D7 C6 DD 13 47 7D 55 7D C4 7A CB C6 B8 CF E8 D2  ....G}U}.z......
00006E40:  48 C2 3C C8 2A 4B 00 00 00 00 00 00 00 00 00 00  H.<.*K..........
00006E50:  00 00 00 00 00 00 00 00 00 00 00 00 00 00 00 00  ................ [zeros]
00006E60:  00 00 00 00 00 00 00 00 00 00 00 00 00 00 00 00  ................ [zeros]
00006E70:  00 00 00 00 00 00 00 00 00 00 00 00 00 00 00 00  ................ [zeros]
00006E80:  00 00 00 00 00 00 00 00 00 00 00 00 00 00 00 00  ................ [zeros]
00006E90:  00 00 00 00 00 00 05 17 91 D9 46 86 89 17 18 7D  ..........F....}
00006EA0:  A3 99 6C 89 1A CB CD 63 7E 70 D8 F2 D0 23 CB 26  ..l....c~p...#.&
00006EB0:  FF E2 C2 DE 76 09 5D 3C BC 9E CF CB B6 61 AA 1F  ....v.]<.....a..
00006EC0:  AC D1 6C 91 49 CE D1 FF 5C 49 5E 2D 90 B5 76 C9  ..l.I...\I^-..v.
00006ED0:  75 CB D7 EB 0C 74 00 00 00 00 00 00 00 00 00 00  u....t..........
00006EE0:  00 00 00 00 00 00 00 00 00 00 00 00 00 00 00 00  ................ [zeros]
00006EF0:  00 00 00 00 00 00 00 00 00 00 00 00 00 00 00 00  ................ [zeros]
00006F00:  00 00 00 00 00 00 00 00 00 00 00 00 00 00 00 00  ................ [zeros]
00006F10:  00 00 00 00 00 00 00 00 00 00 00 00 00 00 00 00  ................ [zeros]
00006F20:  00 00 00 00 00 00 00 00 00 00 00 00 00 00 00 00  ................ [zeros]
00006F30:  00 00 00 00 00 00 00 00 00 00 00 00 00 00 00 00  ................ [zeros]
00006F40:  00 00 00 00 00 00 00 00 00 00 00 00 00 00 00 00  ................ [zeros]
00006F50:  00 00 00 00 00 00 00 00 00 00 00 00 00 00 00 00  ................ [zeros]
00006F60:  00 00 00 00 00 00 00 00 00 00 00 00 00 00 00 00  ................ [zeros]
00006F70:  00 00 00 00 00 00 00 00 00 00 00 00 00 00 00 00  ................ [zeros]
00006F80:  00 00 00 00 00 00 7F 46 AD 1D AA D7 79 88 7A 92  .......F....y.z.
00006F90:  EF B8 65 C1 3D D8 62 3B 0C 8E 56 CB D2 9F CE 4B  ..e.=.b;..V....K
00006FA0:  32 37 78 EF 02 BF 64 A4 55 50 0E AE 0A F2 75 86  27x...d.UP....u.
00006FB0:  34 85 9F 10 97 C4 1F 99 69 97 25 4D 46 70 7E 76  4.......i.%MFp~v
00006FC0:  99 51 2C 78 C0 3E CA 29 C6 C7 21 79 06 8E BA 69  .Q,x.>.)..!y...i
00006FD0:  20 10 02 C5 81 F6 00 00 00 00 00 00 00 00 00 00   ...............
00006FE0:  00 00 00 00 00 00 00 00 00 00 00 00 00 00 00 00  ................ [zeros]
00006FF0:  00 00 00 00 00 00 00 00 00 00 00 00 00 00 00 00  ................ [zeros]
00007000:  00 00 00 00 00 00 00 00 00 00 00 00 00 00 00 00  ................ [zeros]
00007010:  00 00 00 00 00 00 00 00 00 00 00 00 00 00 00 00  ................ [zeros]
00007020:  00 00 00 00 00 00 A1 D7 0B 93 A6 74 E5 A8 0C C1  ...........t....
00007030:  61 37 7F E7 1C 72 9D E1 A1 BC D9 B7 05 76 7A DC  a7...r.......vz.
00007040:  5F F7 E9 E5 6D 7B 00 00 00 00 00 00 00 00 00 00  _...m{..........
00007050:  00 00 00 00 00 00 00 00 00 00 00 00 00 00 00 00  ................ [zeros]
00007060:  00 00 00 00 00 00 00 00 00 00 00 00 00 00 00 00  ................ [zeros]
00007070:  00 00 00 00 00 00 00 00 00 00 00 00 00 00 00 00  ................ [zeros]
00007080:  00 00 00 00 00 00 00 00 00 00 00 00 00 00 00 00  ................ [zeros]
00007090:  00 00 00 00 00 00 00 00 00 00 00 00 00 00 00 00  ................ [zeros]
000070A0:  00 00 00 00 00 00 00 00 00 00 00 00 00 00 00 00  ................ [zeros]
000070B0:  00 00 00 00 00 00 00 00 00 00 00 00 00 00 00 00  ................ [zeros]
000070C0:  00 00 00 00 00 00 00 00 00 00 00 00 00 00 00 00  ................ [zeros]
000070D0:  00 00 00 00 00 00 00 00 00 00 00 00 00 00 00 00  ................ [zeros]
000070E0:  00 00 00 00 00 00 00 00 00 00 00 00 00 00 00 00  ................ [zeros]
000070F0:  00 00 00 00 00 00 AF 41 AE AA 10 4F 33 1E 76 7A  .......A...O3.vz
00007100:  7E 20 61 FB 03 C5 D1 D0 D5 AE C0 BF AE 5D 13 97  ~ a..........]..
00007110:  D5 96 01 B1 E4 84 41 CF A3 96 A9 30 77 6C F5 EE  ......A....0wl..
00007120:  F9 A7 D3 A3 8C 7C 12 C0 23 09 45 37 57 8B 52 85  .....|..#.E7W.R.
00007130:  E8 08 88 0A 08 B4 00 00 00 00 00 00 00 00 00 00  ................
00007140:  00 00 00 00 00 00 00 00 00 00 00 00 00 00 00 00  ................ [zeros]
00007150:  00 00 00 00 00 00 00 00 00 00 00 00 00 00 00 00  ................ [zeros]
00007160:  00 00 00 00 00 00 00 00 00 00 00 00 00 00 00 00  ................ [zeros]
00007170:  00 00 00 00 00 00 00 00 00 00 00 00 00 00 00 00  ................ [zeros]
00007180:  00 00 00 00 00 00 36 F4 ED 69 1A B3 19 2F 65 DD  ......6..i.../e.
00007190:  53 AB 59 9B 7D 06 DE 32 4D EF FA 64 E0 E3 07 07  S.Y.}..2M..d....
000071A0:  96 94 5E ED 1D 25 00 00 00 00 00 00 00 00 00 00  ..^..%..........
000071B0:  00 00 00 00 00 00 00 00 00 00 00 00 00 00 00 00  ................ [zeros]
000071C0:  00 00 00 00 00 00 00 00 00 00 00 00 00 00 00 00  ................ [zeros]
000071D0:  00 00 00 00 00 00 00 00 00 00 00 00 00 00 00 00  ................ [zeros]
000071E0:  00 00 00 00 00 00 00 00 00 00 00 00 00 00 00 00  ................ [zeros]
000071F0:  00 00 00 00 00 00 00 00 00 00 00 00 00 00 00 00  ................ [zeros]
00007200:  00 00 00 00 00 00 00 00 00 00 00 00 00 00 00 00  ................ [zeros]
00007210:  00 00 00 00 00 00 00 00 00 00 00 00 00 00 00 00  ................ [zeros]
00007220:  00 00 00 00 00 00 00 00 00 00 00 00 00 00 00 00  ................ [zeros]
00007230:  00 00 00 00 00 00 00 00 00 00 00 00 00 00 00 00  ................ [zeros]
00007240:  00 00 00 00 00 00 00 00 00 00 00 00 00 00 00 00  ................ [zeros]
00007250:  00 00 00 00 00 00 00 00 00 00 00 00 00 00 00 00  ................ [zeros]
00007260:  00 00 00 00 00 00 42 FF D1 B8 F6 14 4C 63 ED A9  ......B.....Lc..
00007270:  37 2D C1 EF 52 38 E1 4B 97 78 B2 21 56 12 3D 76  7-..R8.K.x.!V.=v
00007280:  F2 9D 2D D2 B3 96 EA 57 A8 B4 CA A2 AF 99 B4 7B  ..-....W.......{
00007290:  85 D0 64 F8 2A 4A 49 28 8B F5 23 69 33 76 AD 99  ..d.*JI(..#i3v..
000072A0:  34 FE E7 FE 1D C8 EF CC 0C 89 1C E9 9C BA 08 78  4..............x
000072B0:  7A 52 03 8D 69 96 39 A6 F2 9B DF 41 8D E8 21 D4  zR..i.9....A..!.
000072C0:  E5 81 30 A4 E2 E4 3B B3 8A EA 58 4B ED 80 8F 09  ..0...;...XK....
000072D0:  C3 D6 1A C5 F8 99 36 E8 16 F8 F5 E8 CD 57 69 62  ......6......Wib
000072E0:  E1 F4 49 62 55 3F 92 29 5C 5B 37 9B 4A 63 FA F1  ..IbU?.)\[7.Jc..
000072F0:  44 6A 17 32 ED EF 48 6B 45 01 99 D1 6A 52 29 7A  Dj.2..HkE...jR)z
00007300:  99 AA D6 A9 33 77 3E D7 74 73 64 8F 14 FD A7 9F  ....3w>.tsd.....
00007310:  C6 60 52 57 EF F9 64 A4 55 50 0E AE 0A F2 75 86  .`RW..d.UP....u.
00007320:  34 85 9F 10 97 C4 30 6F A9 7C 37 71 D1 19 13 88  4.....0o.|7q....
00007330:  FA 86 3A DF 29 8D 0A AC 09 FA 55 5E 5D 57 BD E4  ..:.).....U^]W..
00007340:  00 09 E3 2E 17 94 96 06 24 BA 9A DF 28 85 72 D2  ........$...(.r.
00007350:  7E 4D 2E 30 C7 55 58 8C 39 A5 AF 9C 65 AF 2E A6  ~M.0.UX.9...e...
00007360:  8B 28 9B F5 16 76 98 3C 31 41 D6 AB 6D 7B 7F 87  .(...v.<1A..m{..
00007370:  84 A2 D1 D6 01 9C 9C 7F F6 C1 5C 0B A8 2E CA 69  ..........\....i
00007380:  12 41 89 24 C8 7E D2 2F 13 87 3B DA 73 4C 1E 3C  .A.$.~./..;.sL.<
00007390:  8A FD A9 1C 53 FC D8 18 A3 00 1B 94 A9 1E F9 E1  ....S...........
000073A0:  D0 66 B5 48 82 C9 00 00 00 00 00 00 00 00 00 00  .f.H............
000073B0:  00 00 00 00 00 00 FA E4 8A B4 CD CA 77 72 D1 5D  ............wr.]
000073C0:  96 7A AB 27 29 20 00 D0 19 8A 32 26 51 EF 11 EE  .z.') ....2&Q...
000073D0:  98 40 C6 BE 8C 01 15 F1 34 4D 0B 6E E7 47 07 E9  .@......4M.n.G..
000073E0:  72 4A 53 36 56 E7 00 00 00 00 00 00 00 00 00 00  rJS6V...........
000073F0:  00 00 00 00 00 00 FB 55 E4 4D 88 A0 1C FE CB C7  .......U.M......
00007400:  76 5B 00 4A 35 43 41 AD 1C CF 7A F0 7B 29 9B B4  v[.J5CA...z.{)..
00007410:  71 8C 21 A9 70 4B 6D 36 A0 5C F3 00 C7 CB 17 CA  q.!.pKm6.\......
00007420:  89 FD 52 50 85 C9 00 00 00 00 00 00 00 00 00 00  ..RP............
00007430:  00 00 00 00 00 00 4E 65 5B 02 ED AB D2 A4 A8 F3  ......Ne[.......
00007440:  52 2E D5 20 2F 32 4B 85 74 74 CF A5 64 7C 54 BE  R.. /2K.tt..d|T.
00007450:  A4 98 28 4D 60 98 00 00 00 00 00 00 00 00 00 00  ..(M`...........
00007460:  00 00 00 00 00 00 BF 77 2B 79 BC E1 FD D0 08 9F  .......w+y......
00007470:  A8 7E 26 9A 28 36 FC A7 57 ED 3D F3 D9 E1 8A B2  .~&.(6..W.=.....
00007480:  C2 30 24 57 6D 2E 16 26 6B FE 39 BB 21 32 F5 91  .0$Wm..&k.9.!2..
00007490:  02 23 01 68 B5 07 00 00 00 00 00 00 00 00 00 00  .#.h............
000074A0:  00 00 00 00 00 00 FA E4 8A B4 CD CA 77 72 D1 5D  ............wr.]
000074B0:  96 7A AB 27 29 20 00 D0 19 8A 32 26 51 EF 11 EE  .z.') ....2&Q...
000074C0:  98 40 C6 BE 8C 01 E4 C3 8D 75 A2 6C BA 71 D9 6E  .@.......u.l.q.n
000074D0:  EF A4 B5 79 BE 80 00 00 00 00 00 00 00 00 00 00  ...y............
000074E0:  00 00 00 00 00 00 00 00 00 00 00 00 00 00 00 00  ................ [zeros]
000074F0:  00 00 00 00 00 00 00 00 00 00 00 00 00 00 00 00  ................ [zeros]
00007500:  00 00 00 00 00 00 00 00 00 00 00 00 00 00 00 00  ................ [zeros]
00007510:  00 00 00 00 00 00 00 00 00 00 00 00 00 00 00 00  ................ [zeros]
00007520:  00 00 00 00 00 00 00 00 00 00 00 00 00 00 00 00  ................ [zeros]
00007530:  00 00 00 00 00 00 00 00 00 00 00 00 00 00 00 00  ................ [zeros]
00007540:  00 00 00 00 00 00 00 00 00 00 00 00 00 00 00 00  ................ [zeros]
00007550:  00 00 00 00 00 00 00 00 00 00 00 00 00 00 00 00  ................ [zeros]
00007560:  00 00 00 00 00 00 00 00 00 00 00 00 00 00 00 00  ................ [zeros]
00007570:  00 00 00 00 00 00 00 00 00 00 00 00 00 00 00 00  ................ [zeros]
00007580:  00 00 00 00 00 00 00 00 00 00 00 00 00 00 00 00  ................ [zeros]
00007590:  00 00 00 00 00 00 00 00 00 00 00 00 00 00 00 00  ................ [zeros]
000075A0:  00 00 00 00 00 00 33 B1 2F F0 C9 AB 29 9B 1E CD  ......3./...)...
000075B0:  54 56 54 DD 6F 94 64 7A 4D 0E 99 DE 26 CC 2C A4  TVT.o.dzM...&.,.
000075C0:  25 88 1D 37 B5 84 68 47 79 9B 6E 7F 41 33 41 6D  %..7..hGy.n.A3Am
000075D0:  EE BC CB C7 C8 DA 00 00 00 00 00 00 00 00 00 00  ................
000075E0:  00 00 00 00 00 00 A5 B4 F6 3F F1 85 A1 C6 65 B2  .........?....e.
000075F0:  D4 DF B2 BF D3 D8 00 00 00 00 00 00 00 00 00 00  ................
00007600:  00 00 00 00 00 00 57 A6 6B 8E 86 F3 7D 73 94 A6  ......W.k...}s..
00007610:  4A DE 26 06 15 55 EA DF CA 75 E8 9C 36 0A F9 4E  J.&..U...u..6..N
00007620:  D1 76 77 46 E5 1C 33 B1 2F F0 C9 AB 29 9B 1E CD  .vwF..3./...)...
00007630:  54 56 54 DD 6F 94 A8 5D 42 32 2E 75 93 40 0D 3D  TVT.o..]B2.u.@.=
00007640:  05 C5 21 22 08 77 31 8F F3 91 2A 07 A8 CC 4E 58  ..!".w1...*...NX
00007650:  3C 58 B8 C6 85 2B D7 9D 31 01 A9 17 D8 08 10 AC  <X...+..1.......
00007660:  74 6F DC 27 94 66 69 2B 5E 5B D0 9D 7D 87 5E 5C  to.'.fi+^[..}.^\
00007670:  A4 56 F0 63 18 07 FC A3 9A 50 01 2F 3E 63 04 AD  .V.c.....P./>c..
00007680:  4A A5 F9 A8 6C 8B 29 F7 36 5C 94 91 AF 46 39 D7  J...l.).6\...F9.
00007690:  FE 43 EA 9C E9 32 83 60 1F D9 E3 83 FD 52 13 81  .C...2.`.....R..
000076A0:  6E 2D F7 9D F6 FC 30 6F 8F 56 31 13 AC 24 68 44  n-....0o.V1..$hD
000076B0:  C9 CC 7E 53 5C 75 50 EA D4 58 C7 39 39 AA 2C F9  ..~S\uP..X.99.,.
000076C0:  BA 7D CE 94 65 37 CC 0A 1A DD 8E 6C 48 DA 99 CE  .}..e7.....lH...
000076D0:  C3 10 A8 0E DE A0 A8 41 FA 79 A7 C6 83 AE 83 C3  .......A.y......
000076E0:  35 56 E1 39 4E 1E 72 76 FB A5 49 D1 8C 1D AB 29  5V.9N.rv..I....)
000076F0:  21 04 D1 33 86 CD B4 D9 3A 7D 86 11 DD 8A 72 37  !..3....:}....r7
00007700:  13 84 93 B4 3A 6E 36 D9 43 4C 07 29 3F B0 89 DA  ....:n6.CL.)?...
00007710:  2E B0 E1 28 D8 89 00 E9 9A B1 CF 20 79 78 6D 39  ...(....... yxm9
00007720:  61 2E 1F 04 FB 20 00 00 00 00 00 00 00 00 00 00  a.... ..........
00007730:  00 00 00 00 00 00 00 00 00 00 00 00 00 00 00 00  ................ [zeros]
00007740:  00 00 00 00 00 00 6D 36 A0 5C F3 00 C7 CB 17 CA  ......m6.\......
00007750:  89 FD 52 50 85 C9 00 00 00 00 00 00 00 00 00 00  ..RP............
00007760:  00 00 00 00 00 00 00 00 00 00 00 00 00 00 00 00  ................ [zeros]
00007770:  00 00 00 00 00 00 00 00 00 00 00 00 00 00 00 00  ................ [zeros]
00007780:  00 00 00 00 00 00 3A AC 9C 7C 51 EC B2 04 A7 F2  ......:..|Q.....
00007790:  C6 08 89 CA 2E 23 00 00 00 00 00 00 00 00 00 00  .....#..........
000077A0:  00 00 00 00 00 00 00 00 00 00 00 00 00 00 00 00  ................ [zeros]
000077B0:  00 00 00 00 00 00 D4 07 3E 58 E5 43 7E 3F E1 11  ........>X.C~?..
000077C0:  D1 55 9C B9 3C 2F 00 00 00 00 00 00 00 00 00 00  .U..</..........
000077D0:  00 00 00 00 00 00 00 00 00 00 00 00 00 00 00 00  ................ [zeros]
000077E0:  00 00 00 00 00 00 40 88 28 A0 6F C5 9C 88 0E 4F  ......@.(.o....O
000077F0:  EC 37 CE A3 BE E8 00 00 00 00 00 00 00 00 00 00  .7..............
00007800:  00 00 00 00 00 00 00 00 00 00 00 00 00 00 00 00  ................ [zeros]
00007810:  00 00 00 00 00 00 00 00 00 00 00 00 00 00 00 00  ................ [zeros]
00007820:  00 00 00 00 00 00 97 EF DB EB B7 60 97 85 5F 3C  ...........`.._<
00007830:  5E E0 43 F0 8D EE 00 00 00 00 00 00 00 00 00 00  ^.C.............
00007840:  00 00 00 00 00 00 00 00 00 00 00 00 00 00 00 00  ................ [zeros]
00007850:  00 00 00 00 00 00 22 F6 8A 4F 17 A7 59 11 AF 5E  ......"..O..Y..^
00007860:  97 7B 4A F7 33 38 00 00 00 00 00 00 00 00 00 00  .{J.38..........
00007870:  00 00 00 00 00 00 00 00 00 00 00 00 00 00 00 00  ................ [zeros]
00007880:  00 00 00 00 00 00 37 B8 81 25 B5 AB A5 40 67 7E  ......7..%...@g~
00007890:  DA 78 81 2B D8 E1 40 4A 56 D7 5C 11 A5 37 7A 17  .x.+..@JV.\..7z.
000078A0:  4C 5C 83 03 0F EF DF 0D C8 27 17 00 74 12 04 86  L\.......'..t...
000078B0:  E9 42 21 83 2F FE E2 70 CB B0 7D D8 C2 56 DB 9C  .B!./..p..}..V..
000078C0:  EA 7E C8 AC D8 55 56 BE CA 05 15 F5 6E 9A 6B 64  .~...UV.....n.kd
000078D0:  42 B1 F3 10 2D 08 CA AB E2 71 84 93 88 5F 4C 9C  B...-....q..._L.
000078E0:  78 86 3F 6B 34 3B 48 9E AC 7C 49 F4 9A C4 4F F6  x.?k4;H..|I...O.
000078F0:  09 86 78 63 2C 16 72 B0 21 81 97 8B 7B 76 2E 75  ..xc,.r.!...{v.u
00007900:  02 38 DF 42 80 3C B2 11 1F C9 9F 44 70 0A E6 87  .8.B.<.....Dp...
00007910:  D3 FB 60 81 B0 3A A3 E1 6E 51 E9 F9 10 5D 83 31  ..`..:..nQ...].1
00007920:  F4 77 0E 0C 40 B8 10 86 43 06 04 6B 33 8E 12 B2  .w..@...C..k3...
00007930:  6E FC 28 0B 28 1D B9 F4 D2 5C 8B B6 88 0A 4A 33  n.(.(....\....J3
00007940:  4D D9 98 E3 EE 44 46 B2 90 F3 92 D5 94 52 77 69  M....DF......Rwi
00007950:  93 AE D4 74 8A 39 0E F4 68 B8 AB B7 A3 D6 5E 7F  ...t.9..h.....^.
00007960:  04 49 30 93 2C 0B FC E9 90 A3 DB 80 36 AE 19 49  .I0.,.......6..I
00007970:  04 21 CE F4 30 AB 70 FA 5F C8 04 97 D0 95 1F FD  .!..0.p._.......
00007980:  A2 01 25 93 5F 6C 98 41 EB 1E 34 49 0D 3C 86 76  ..%._l.A..4I.<.v
00007990:  50 CD 9B A9 FC C3 ED 52 06 C9 65 AA ED AD 87 6F  P......R..e....o
000079A0:  EF 89 70 3E 8E 4A ED 52 06 C9 65 AA ED AD 87 6F  ..p>.J.R..e....o
000079B0:  EF 89 70 3E 8E 4A ED 52 06 C9 65 AA ED AD 87 6F  ..p>.J.R..e....o
000079C0:  EF 89 70 3E 8E 4A AF 76 42 32 00 3A 5C 01 2B E2  ..p>.J.vB2.:\.+.
000079D0:  3A B6 AB FA E4 08 63 AD C7 7C E6 C2 2C B2 94 5F  :.....c..|..,.._
000079E0:  A7 4E 52 14 86 67 63 AD C7 7C E6 C2 2C B2 94 5F  .NR..gc..|..,.._
000079F0:  A7 4E 52 14 86 67 63 AD C7 7C E6 C2 2C B2 94 5F  .NR..gc..|..,.._
00007A00:  A7 4E 52 14 86 67 22 60 DB 5F 47 37 C3 19 4B 41  .NR..g"`._G7..KA
00007A10:  D9 F3 D2 34 25 6E 8A 0C 07 85 54 5F 54 37 8E 69  ...4%n....T_T7.i
00007A20:  42 37 E1 13 54 7A 07 C0 9D FF A1 D1 FA 63 74 D6  B7..Tz.......ct.
00007A30:  14 4B E2 0A 4F C6 7B 6F D2 34 9F 24 82 46 A4 71  .K..O.{o.4.$.F.q
00007A40:  FB 14 7E 85 9F B5 AF 4A FD 19 FC B4 D9 5A CD AF  ..~....J.....Z..
00007A50:  81 D2 AE 2B 66 FA 59 2B EA 18 89 33 30 C2 9E DA  ...+f.Y+...30...
00007A60:  57 B6 C9 27 E4 53 30 F6 CB F4 CA 32 B8 EB 87 06  W..'.S0....2....
00007A70:  34 6E 3D 5C B8 AE 30 F6 CB F4 CA 32 B8 EB 87 06  4n=\..0....2....
00007A80:  34 6E 3D 5C B8 AE 30 F6 CB F4 CA 32 B8 EB 87 06  4n=\..0....2....
00007A90:  34 6E 3D 5C B8 AE 57 DA 56 A5 0C 96 51 0B 4F 64  4n=\..W.V...Q.Od
00007AA0:  CC 7E 72 3A FC 62 95 D5 CA 9E 98 66 CC FC C3 4D  .~r:.b.....f...M
00007AB0:  2B 1F 40 95 C0 19 D4 75 6A 50 3E 88 84 7D 04 5D  +.@....ujP>..}.]
00007AC0:  6C 01 E6 AF E4 F2 C8 28 A5 AE 3E 7F 06 51 54 FD  l......(..>..QT.
00007AD0:  4F DA D0 7B AA 63 A4 EE 1D E2 B8 DE FE C8 92 09  O..{.c..........
00007AE0:  3A ED 73 A6 9F 6A F6 26 01 78 3F 17 60 35 8E 49  :.s..j.&.x?.`5.I
00007AF0:  43 62 8B F2 D2 05 35 41 97 35 51 79 6A A0 33 04  Cb....5A.5Qyj.3.
00007B00:  A5 99 E1 82 C6 37 1C F4 31 84 EA 15 E8 0E D5 1A  .....7..1.......
00007B10:  DF 91 4B 7E 94 6B 8B 71 5E B6 A0 35 1A C8 0C 28  ..K~.k.q^..5...(
00007B20:  8A AD 38 C3 C3 96 35 35 47 27 E9 46 B4 20 14 C1  ..8...55G'.F. ..
00007B30:  FA 23 60 58 70 99 95 D5 CA 9E 98 66 CC FC C3 4D  .#`Xp......f...M
00007B40:  2B 1F 40 95 C0 19 D4 75 6A 50 3E 88 84 7D 04 5D  +.@....ujP>..}.]
00007B50:  6C 01 E6 AF E4 F2 C8 28 A5 AE 3E 7F 06 51 54 FD  l......(..>..QT.
00007B60:  4F DA D0 7B AA 63 A4 EE 1D E2 B8 DE FE C8 92 09  O..{.c..........
00007B70:  3A ED 73 A6 9F 6A F6 26 01 78 3F 17 60 35 8E 49  :.s..j.&.x?.`5.I
00007B80:  43 62 8B F2 D2 05 35 41 97 35 51 79 6A A0 33 04  Cb....5A.5Qyj.3.
00007B90:  A5 99 E1 82 C6 37 06 DF F6 15 4A 88 2F E7 E6 9E  .....7....J./...
00007BA0:  50 F0 AC A7 BA 1A 2B 48 4D 01 55 0F C4 48 8D 57  P.....+HM.U..H.W
00007BB0:  7C 15 E6 7E 3D 75 12 C0 23 09 45 37 57 8B 52 85  |..~=u..#.E7W.R.
00007BC0:  E8 08 88 0A 08 B4 38 29 F3 D9 BA C3 D1 2F F2 3B  ......8)...../.;
00007BD0:  6A 4F 74 AB 86 1D 5B 86 FB DC 3B C4 26 33 57 BC  jOt...[...;.&3W.
00007BE0:  54 46 D0 1B 65 EB D3 AF 9E 15 3F 06 E0 16 7C 3B  TF..e.....?...|;
00007BF0:  57 B1 27 3C                                      W.'<

; --- structure summary (block types) ---
; 0x00000060..+0xD0  data   (208 bytes)
; 0x00000130..+0x40  zeros  (64 bytes)
; 0x00000170..+0x220  data   (544 bytes)
; 0x00000390..+0x170  zeros  (368 bytes)
; 0x00000500..+0x580  data   (1408 bytes)
; 0x00000A80..+0x3E0  zeros  (992 bytes)
; 0x00000E60..+0x20  data   (32 bytes)
; 0x00000E80..+0x3E0  zeros  (992 bytes)
; 0x00001260..+0x20  data   (32 bytes)
; 0x00001280..+0x3E0  zeros  (992 bytes)
; 0x00001660..+0x20  data   (32 bytes)
; 0x00001680..+0x3E0  zeros  (992 bytes)
; 0x00001A60..+0x2420  data   (9248 bytes)
; 0x00003E80..+0x10  zeros  (16 bytes)
; 0x00003E90..+0x40  data   (64 bytes)
; 0x00003ED0..+0x70  zeros  (112 bytes)
; 0x00003F40..+0x50  data   (80 bytes)
; 0x00003F90..+0x20  zeros  (32 bytes)
; 0x00003FB0..+0xB0  data   (176 bytes)
; 0x00004060..+0xB0  zeros  (176 bytes)
; 0x00004110..+0x30  data   (48 bytes)
; 0x00004140..+0x2A0  zeros  (672 bytes)
; 0x000043E0..+0xF0  data   (240 bytes)
; 0x000044D0..+0x5E0  zeros  (1504 bytes)
; 0x00004AB0..+0x140  data   (320 bytes)
; 0x00004BF0..+0xF0  zeros  (240 bytes)
; 0x00004CE0..+0x220  data   (544 bytes)
; 0x00004F00..+0x30  zeros  (48 bytes)
; 0x00004F30..+0xA0  data   (160 bytes)
; 0x00004FD0..+0xB0  zeros  (176 bytes)
; 0x00005080..+0xA0  data   (160 bytes)
; 0x00005120..+0x10  zeros  (16 bytes)
; 0x00005130..+0xD0  data   (208 bytes)
; 0x00005200..+0xC0  zeros  (192 bytes)
; 0x000052C0..+0x290  data   (656 bytes)
; 0x00005550..+0x40  zeros  (64 bytes)
; 0x00005590..+0x150  data   (336 bytes)
; 0x000056E0..+0x50  zeros  (80 bytes)
; 0x00005730..+0x230  data   (560 bytes)
; 0x00005960..+0x60  zeros  (96 bytes)
; 0x000059C0..+0xF0  data   (240 bytes)
; 0x00005AB0..+0xD0  zeros  (208 bytes)
; 0x00005B80..+0x240  data   (576 bytes)
; 0x00005DC0..+0xD0  zeros  (208 bytes)
; 0x00005E90..+0x230  data   (560 bytes)
; 0x000060C0..+0x30  zeros  (48 bytes)
; 0x000060F0..+0x60  data   (96 bytes)
; 0x00006150..+0xA0  zeros  (160 bytes)
; 0x000061F0..+0x60  data   (96 bytes)
; 0x00006250..+0x40  zeros  (64 bytes)
; 0x00006290..+0x20  data   (32 bytes)
; 0x000062B0..+0xB0  zeros  (176 bytes)
; 0x00006360..+0x50  data   (80 bytes)
; 0x000063B0..+0x40  zeros  (64 bytes)
; 0x000063F0..+0x30  data   (48 bytes)
; 0x00006420..+0xA0  zeros  (160 bytes)
; 0x000064C0..+0x290  data   (656 bytes)
; 0x00006750..+0xC0  zeros  (192 bytes)
; 0x00006810..+0x190  data   (400 bytes)
; 0x000069A0..+0x10  zeros  (16 bytes)
; 0x000069B0..+0x20  data   (32 bytes)
; 0x000069D0..+0x10  zeros  (16 bytes)
; 0x000069E0..+0x20  data   (32 bytes)
; 0x00006A00..+0x20  zeros  (32 bytes)
; 0x00006A20..+0x20  data   (32 bytes)
; 0x00006A40..+0x10  zeros  (16 bytes)
; 0x00006A50..+0x20  data   (32 bytes)
; 0x00006A70..+0x10  zeros  (16 bytes)
; 0x00006A80..+0x20  data   (32 bytes)
; 0x00006AA0..+0x10  zeros  (16 bytes)
; 0x00006AB0..+0x20  data   (32 bytes)
; 0x00006AD0..+0x20  zeros  (32 bytes)
; 0x00006AF0..+0x360  data   (864 bytes)
; 0x00006E50..+0x40  zeros  (64 bytes)
; 0x00006E90..+0x50  data   (80 bytes)
; 0x00006EE0..+0xA0  zeros  (160 bytes)
; 0x00006F80..+0x60  data   (96 bytes)
; 0x00006FE0..+0x40  zeros  (64 bytes)
; 0x00007020..+0x30  data   (48 bytes)
; 0x00007050..+0xA0  zeros  (160 bytes)
; 0x000070F0..+0x50  data   (80 bytes)
; 0x00007140..+0x40  zeros  (64 bytes)
; 0x00007180..+0x30  data   (48 bytes)
; 0x000071B0..+0xB0  zeros  (176 bytes)
; 0x00007260..+0x280  data   (640 bytes)
; 0x000074E0..+0xC0  zeros  (192 bytes)
; 0x000075A0..+0x190  data   (400 bytes)
; 0x00007730..+0x10  zeros  (16 bytes)
; 0x00007740..+0x20  data   (32 bytes)
; 0x00007760..+0x20  zeros  (32 bytes)
; 0x00007780..+0x20  data   (32 bytes)
; 0x000077A0..+0x10  zeros  (16 bytes)
; 0x000077B0..+0x20  data   (32 bytes)
; 0x000077D0..+0x10  zeros  (16 bytes)
; 0x000077E0..+0x20  data   (32 bytes)
; 0x00007800..+0x20  zeros  (32 bytes)
; 0x00007820..+0x20  data   (32 bytes)
; 0x00007840..+0x10  zeros  (16 bytes)
; 0x00007850..+0x20  data   (32 bytes)
; 0x00007870..+0x10  zeros  (16 bytes)
; 0x00007880..+0x370  data   (880 bytes)
