; Decrypted GatewaySettings dump (see FORMAT.md)
; key = 78de35afae8d43a9ca8365c285347aea (aligned at 0x60)

00000060:  93 E0 0B 1E 1E AE 97 C3 B8 AE E2 5B 2F 38 4A 6E  ...........[/8Jn
00000070:  E9 2C FC E1 C9 00 E3 D0 76 D7 D2 5A 4E 38 B5 FD  .,......v..ZN8..
00000080:  5B BB DF 7E 8B 65 CC 2B EF 2C 19 8F 52 8B 10 E1  [..~.e.+.,..R...
00000090:  89 BF 95 12 57 7C DA 0F F2 0C D0 FC 95 D2 8D 85  ....W|..........
000000A0:  26 EB F1 1A B5 7C 3B 17 61 1F 7E 8C 40 73 DE 9C  &....|;.a.~.@s..
000000B0:  34 18 BC 3B 0D BA B4 2C AC 92 61 62 86 DD 16 B3  4..;...,..ab....
000000C0:  32 37 A4 99 7E 3D 85 BD 01 2A 8E 87 99 D1 72 A1  27..~=...*....r.
000000D0:  5F A6 24 C6 51 08 AB F3 D5 2A 12 5A 60 1F 6A 37  _.$.Q....*.Z`.j7
000000E0:  37 0E 20 29 95 C7 3D 53 95 C3 5D 36 61 33 5B AA  7. )..=S..]6a3[.
000000F0:  CA 7A 76 7C 6D 56 61 5B 93 68 FA C4 69 F6 D1 F2  .zv|mVa[.h..i...
00000100:  D2 EE EA CC 60 26 0A A0 6D 59 8F 82 6B 12 44 49  ....`&..mY..k.DI
00000110:  E7 D0 3B 79 E6 93 A8 D0 38 43 0A B8 C0 A5 79 7B  ..;y....8C....y{
00000120:  BA FC 70 8B EE DB 00 00 00 00 00 00 00 00 00 00  ..p.............
00000130:  00 00 00 00 00 00 00 00 00 00 00 00 00 00 00 00  ................ [zeros]
00000140:  00 00 00 00 00 00 00 00 00 00 00 00 00 00 00 00  ................ [zeros]
00000150:  00 00 00 00 00 00 00 00 00 00 00 00 00 00 00 00  ................ [zeros]
00000160:  00 00 00 00 00 00 00 00 00 00 00 00 00 00 00 00  ................ [zeros]
00000170:  00 00 00 00 00 00 1E 01 88 0D 32 F2 3C 50 B2 B6  ..........2.<P..
00000180:  01 84 AE 5F EE 83 B4 90 24 FA 0A FE 30 51 64 0D  ..._....$...0Qd.
00000190:  47 EF CC 32 15 6B 4D AD 41 13 92 34 29 B2 FA AF  G..2.kM.A..4)...
000001A0:  1D 1C F9 EA 4C 90 5C D5 90 E7 C4 00 BD A9 EA 6A  ....L.\........j
000001B0:  F7 01 B8 9A 7F 0A 4B 71 B4 56 6C A9 EF 96 86 B8  ......Kq.Vl.....
000001C0:  CB 38 59 1E 3A 80 F3 69 5A 3F C3 4A A5 30 F5 91  .8Y.:..iZ?.J.0..
000001D0:  50 B6 4F 6A 49 77 3D 1D B6 37 57 95 9B 71 FC A1  P.OjIw=..7W..q..
000001E0:  AD 4D 33 D9 18 1E 73 16 71 DC 7E 13 5D B2 72 0A  .M3...s.q.~.].r.
000001F0:  F8 F2 BD 34 DF F4 D7 E0 A7 34 CD D7 92 A8 E3 5D  ...4.....4.....]
00000200:  AB 87 D3 71 B9 00 65 25 53 0C 7F 52 0D C6 7D D2  ...q..e%S..R..}.
00000210:  4D 3B 02 09 0C 1E 3C 20 0F 9D 68 44 F3 46 CA 0C  M;....< ..hD.F..
00000220:  EA EE AA AD D6 87 B6 D3 DE 1A 4B 9F 4C F8 A6 D5  ..........K.L...
00000230:  5D D5 7F D9 2F A1 82 D0 C5 34 5E A2 07 CD F0 83  ].../....4^.....
00000240:  77 FB 86 4F F1 E7 3A 17 05 DA 3D C5 64 4E FA 70  w..O..:...=.dN.p
00000250:  9D DD D0 F1 C9 56 34 8C 2D 43 18 97 B4 4F BF 03  .....V4.-C...O..
00000260:  CE 84 A4 A4 69 48 D5 D2 76 E8 3C 55 62 31 BD BC  ....iH..v.<Ub1..
00000270:  F9 26 7A A9 9E F3 32 37 AF 85 4D C8 B2 49 F4 A3  .&z...27..M..I..
00000280:  A8 9B EB 71 E9 E7 2A C4 BB 6E 0F E5 CE 1A 09 CB  ...q..*..n......
00000290:  EA 59 61 D8 53 93 4F 25 88 ED 50 3F 35 A0 14 7B  .Ya.S.O%..P?5..{
000002A0:  5A FB 03 BF 31 42 8E D6 B4 7F 2C 3C 6F 5F A6 0F  Z...1B....,<o_..
000002B0:  C1 AE 23 81 1D B2 1F EA 4A DD 84 EB 0E B1 90 2E  ..#.....J.......
000002C0:  4F B8 8D 54 88 DC 93 14 AF 3D 90 B1 EE 54 A9 60  O..T.....=...T.`
000002D0:  45 20 33 47 5C 68 2F F1 B9 E3 49 DA F0 26 EF 24  E 3G\h/...I..&.$
000002E0:  84 5E 19 54 01 F8 CC 1F CD 48 86 BD 74 C1 C8 FC  .^.T.....H..t...
000002F0:  61 33 EF 67 7A 37 0D B9 16 30 08 27 79 9C 19 44  a3.gz7...0.'y..D
00000300:  6B 33 00 E0 23 66 85 14 9B 1D 85 28 AE 69 46 B8  k3..#f.....(.iF.
00000310:  16 F4 6C 4D 1C 81 61 F5 DC 4E D8 FA 81 9B A8 B5  ..lM..a..N......
00000320:  28 BF 25 7D CB 89 61 F5 DC 4E D8 FA 81 9B A8 B5  (.%}..a..N......
00000330:  28 BF 25 7D CB 89 87 5E 66 5E 58 65 40 03 02 F9  (.%}...^f^Xe@...
00000340:  E5 F1 7E 68 70 DA 61 13 DE 4C 71 23 EB B8 A4 1D  ..~hp.a..Lq#....
00000350:  EC 44 CE 65 0B 92 8B 95 2D D5 08 FB E4 2B 05 AE  .D.e....-....+..
00000360:  DB 9D 0D A2 40 A0 EC EF 1D B1 9D EB D2 2B DE F3  ....@........+..
00000370:  9F 0E 54 85 67 45 2A 3F 83 14 FA 74 29 2B 55 D9  ..T.gE*?...t)+U.
00000380:  66 3D 28 66 B5 B9 00 00 00 00 00 00 00 00 00 00  f=(f............
00000390:  00 00 00 00 00 00 00 00 00 00 00 00 00 00 00 00  ................ [zeros]
000003A0:  00 00 00 00 00 00 00 00 00 00 00 00 00 00 00 00  ................ [zeros]
000003B0:  00 00 00 00 00 00 00 00 00 00 00 00 00 00 00 00  ................ [zeros]
000003C0:  00 00 00 00 00 00 00 00 00 00 00 00 00 00 00 00  ................ [zeros]
000003D0:  00 00 00 00 00 00 00 00 00 00 00 00 00 00 00 00  ................ [zeros]
000003E0:  00 00 00 00 00 00 00 00 00 00 00 00 00 00 00 00  ................ [zeros]
000003F0:  00 00 00 00 00 00 00 00 00 00 00 00 00 00 00 00  ................ [zeros]
00000400:  00 00 00 00 00 00 00 00 00 00 00 00 00 00 00 00  ................ [zeros]
00000410:  00 00 00 00 00 00 00 00 00 00 00 00 00 00 00 00  ................ [zeros]
00000420:  00 00 00 00 00 00 00 00 00 00 00 00 00 00 00 00  ................ [zeros]
00000430:  00 00 00 00 00 00 00 00 00 00 00 00 00 00 00 00  ................ [zeros]
00000440:  00 00 00 00 00 00 00 00 00 00 00 00 00 00 00 00  ................ [zeros]
00000450:  00 00 00 00 00 00 00 00 00 00 00 00 00 00 00 00  ................ [zeros]
00000460:  00 00 00 00 00 00 00 00 00 00 00 00 00 00 00 00  ................ [zeros]
00000470:  00 00 00 00 00 00 00 00 00 00 00 00 00 00 00 00  ................ [zeros]
00000480:  00 00 00 00 00 00 00 00 00 00 00 00 00 00 00 00  ................ [zeros]
00000490:  00 00 00 00 00 00 00 00 00 00 00 00 00 00 00 00  ................ [zeros]
000004A0:  00 00 00 00 00 00 00 00 00 00 00 00 00 00 00 00  ................ [zeros]
000004B0:  00 00 00 00 00 00 00 00 00 00 00 00 00 00 00 00  ................ [zeros]
000004C0:  00 00 00 00 00 00 00 00 00 00 00 00 00 00 00 00  ................ [zeros]
000004D0:  00 00 00 00 00 00 00 00 00 00 00 00 00 00 00 00  ................ [zeros]
000004E0:  00 00 00 00 00 00 00 00 00 00 00 00 00 00 00 00  ................ [zeros]
000004F0:  00 00 00 00 00 00 00 00 00 00 00 00 00 00 00 00  ................ [zeros]
00000500:  00 00 00 00 00 00 41 87 72 EB 48 9C 65 BF 6B C1  ......A.r.H.e.k.
00000510:  E6 1D F5 45 6C 80 EC C9 C0 00 A2 4D 58 F5 B1 74  ...El......MX..t
00000520:  DF 23 1C 61 35 D7 98 11 38 58 61 F9 84 A3 AF D3  .#.a5...8Xa.....
00000530:  5A 15 93 7C 3A 78 EF B9 25 10 A2 CA 05 7E 53 21  Z..|:x..%....~S!
00000540:  7D 00 9E 7E 00 5C F3 41 3B 21 81 A4 BC 4D FE 4B  }..~.\.A;!...M.K
00000550:  2F 49 F6 B4 FA 6F 73 CF 24 AD 1D 2E 3F F5 BF 9F  /I...os.$...?...
00000560:  C0 16 40 9F 1E 87 31 A4 04 8A 83 CA 2E 7A 5C AE  ..@...1......z\.
00000570:  0C 57 8F 1A 59 74 D5 BE 4C F4 00 4E 41 1F AA E0  .W..Yt..L..NA...
00000580:  7F 70 25 12 E9 C6 89 10 2B 04 C7 A2 D9 0E 1A 95  .p%.....+.......
00000590:  D0 D7 92 88 00 E5 66 F4 36 9E 37 93 94 E2 7E FB  ......f.6.7...~.
000005A0:  58 55 A8 70 CC 84 5A 8F 38 F5 F9 B1 C9 D9 92 BE  XU.p..Z.8.......
000005B0:  91 1D 9C 14 57 41 9D 8D 32 A5 50 C6 D3 98 88 28  ....WA..2.P....(
000005C0:  49 0B 3E 40 2C 61 D7 50 36 02 D6 82 5D BC A9 05  I.>@,a.P6...]...
000005D0:  62 53 0F B4 35 C9 19 22 C6 91 D7 F9 50 42 CE 4A  bS..5.."....PB.J
000005E0:  B6 D4 12 B9 D3 87 55 CB 9D D4 3E 2B B6 F1 2A 85  ......U...>+..*.
000005F0:  15 05 72 92 70 88 BC 6E 7A 23 E0 4C 81 77 66 C1  ..r.p..nz#.L.wf.
00000600:  08 F7 52 C8 AD 04 1D 1D E6 F8 98 F8 12 AB 88 29  ..R............)
00000610:  AA 39 8A 64 F1 AD F0 8D 35 EB BC 3A 5D 7D 3B F5  .9.d....5..:]};.
00000620:  BB DD B4 91 41 A1 9D 1B 58 76 6F 69 DB 77 2C 34  ....A...Xvoi.w,4
00000630:  93 F3 2D C9 14 73 37 E7 91 EA 73 9F AB BB 04 DB  ..-..s7...s.....
00000640:  7B 91 8C 6E 8C 29 89 96 17 D9 23 29 57 09 4C 11  {..n.)....#)W.L.
00000650:  5E B7 F5 C9 EA 14 57 34 D1 28 C8 48 B5 BB 9F 0F  ^.....W4.(.H....
00000660:  DA A4 81 06 9E D3 08 43 37 22 00 15 62 EB 11 02  .......C7"..b...
00000670:  72 E8 80 BB BB CD D6 FD C1 63 C7 D6 DF F0 01 07  r........c......
00000680:  1E D1 82 D5 6C BB 0C 6C 74 F2 BA 1B 6C 3A C8 17  ....l..lt...l:..
00000690:  1F AA 58 C8 B6 BD A9 87 E1 9C DF 61 66 CF 47 81  ..X........af.G.
000006A0:  8D 18 C7 E7 ED 0E 1C F6 FD 75 CC D4 22 BA 9E 1D  .........u.."...
000006B0:  B0 BE E6 77 E3 9F 65 49 D0 9C 73 8B C1 7F B1 47  ...w..eI..s....G
000006C0:  0A 52 95 4F C4 B2 2C 24 C5 24 40 83 CD 19 09 4B  .R.O..,$.$@....K
000006D0:  BE D6 F0 08 C2 48 E7 9C 0A 88 D4 B6 4C FD 89 F7  .....H......L...
000006E0:  6A EA 5F E0 45 6D A7 42 5D E2 73 3B 41 02 5A 72  j._.Em.B].s;A.Zr
000006F0:  D1 30 1E 0E 34 14 D7 87 A8 15 B3 5E 7E 33 DA 36  .0..4......^~3.6
00000700:  31 42 F4 54 3F FA 9C 89 C9 13 4F 69 1A 8B 5C F3  1B.T?.....Oi..\.
00000710:  E9 0B E6 2D 60 4B DF 68 AA 50 F2 6E 3D CC E4 BF  ...-`K.h.P.n=...
00000720:  8D 4B B8 45 E8 C1 C4 4D 5E 32 67 14 7B A4 7D 8A  .K.E...M^2g.{.}.
00000730:  90 0B 4E 7C 9F FC D4 D1 EB 1F 82 1D BA 0A 59 D1  ..N|..........Y.
00000740:  A7 09 74 6C 68 B5 CB 6C 21 AA 0E 8E AB A7 46 07  ..tlh..l!.....F.
00000750:  08 BC 8A 7A 3B 25 E6 D5 51 AF 2B F6 45 CD 43 D3  ...z;%..Q.+.E.C.
00000760:  6E 71 61 38 0F 6F 21 48 3A 1D A1 8A E0 63 E0 E1  nqa8.o!H:....c..
00000770:  16 00 41 BC B6 E0 75 58 0C 60 CE 5B 2B 13 2E CD  ..A...uX.`.[+...
00000780:  E9 28 31 EF DB D9 FE 43 63 D6 51 34 2D 2B 5F EA  .(1....Cc.Q4-+_.
00000790:  06 8D 41 32 4B 55 E4 46 3A DB 2B E1 34 5A A6 48  ..A2KU.F:.+.4Z.H
000007A0:  57 7D E0 A2 88 ED 3D A6 3C E5 17 DD 8C AB 30 17  W}....=.<.....0.
000007B0:  69 C7 80 A1 B3 B5 D4 D1 EB 1F 82 1D BA 0A 59 D1  i.............Y.
000007C0:  A7 09 74 6C 68 B5 E5 44 20 C7 72 46 C5 EB 0F 51  ..tlh..D .rF...Q
000007D0:  BE 50 E7 CD E4 96 FF FD E0 40 EC 9A 48 12 E8 03  .P.......@..H...
000007E0:  56 48 2B 53 EC F3 52 E0 CF E4 F3 E8 15 2E E3 30  VH+S..R........0
000007F0:  B0 1D 39 7F 48 C5 BB D4 B1 04 4D D3 BA 65 59 8D  ..9.H.....M..eY.
00000800:  B4 F5 D5 ED E5 78 03 59 F1 6D F9 4E D1 EE 44 E0  .....x.Y.m.N..D.
00000810:  69 38 42 D9 A1 6A 55 2D 3A 37 4D 1B BF 5C D0 DD  i8B..jU-:7M..\..
00000820:  B8 E1 82 25 BC FF 7F A3 A6 A0 3F 5E 91 AC 90 58  ...%......?^...X
00000830:  A0 D4 A5 66 3A 45 2E B5 9C 7B 2A 3E 61 D5 5C 05  ...f:E...{*>a.\.
00000840:  3F 2C 53 FD 68 74 6B FD 91 B7 C0 BE 8D 55 5F 40  ?,S.htk......U_@
00000850:  81 B0 C2 A6 AE BD E3 2F 03 6B 04 65 25 EA A0 FD  ......./.k.e%...
00000860:  F0 0E 97 F1 32 40 E9 29 4E FB C0 C3 72 C8 46 DA  ....2@.)N...r.F.
00000870:  7A B8 1F BD 6D 7F A3 FF D5 1C 2A 3D 34 34 E3 24  z...m.....*=44.$
00000880:  AE B6 6F CB 15 0A 3A 34 46 22 F0 59 5A D1 A9 94  ..o...:4F".YZ...
00000890:  5C 38 52 49 5A 88 48 69 9A 0A B9 A1 B9 74 5F 27  \8RIZ.Hi.....t_'
000008A0:  58 5B 26 DA 39 0D 5F A2 34 6B CF 5A 5E C4 8D 60  X[&.9._.4k.Z^..`
000008B0:  9A C5 65 C3 BF DB C8 F0 30 B9 05 25 0C 6B A7 F5  ..e.....0..%.k..
000008C0:  57 51 2A 40 88 DB F0 FB 17 51 5D F0 C6 E2 32 8D  WQ*@.....Q]...2.
000008D0:  C9 EC EB E1 14 53 1D CB 0E 08 86 D2 EE 33 6B EC  .....S.......3k.
000008E0:  A8 C3 D1 4F 80 C6 02 E5 10 BE F9 59 64 D5 E9 F9  ...O.......Yd...
000008F0:  11 3D 2E 93 19 BE DB 0F AA BF 65 4D C5 24 53 41  .=........eM.$SA
00000900:  D0 8B BF 7B DA 69 4C E5 19 5D 90 AF AC BF 5A 3E  ...{.iL..]....Z>
00000910:  58 4D B4 0F CA 03 50 EF 29 D6 A3 A4 65 44 40 B6  XM....P.)...eD@.
00000920:  3F FD 90 42 F0 E6 AC 80 7F 02 A4 3E 3B 24 11 7E  ?..B.......>;$.~
00000930:  B3 DC 63 17 23 B3 01 99 A1 75 71 DF 64 BC 7F 3F  ..c.#....uq.d..?
00000940:  18 A8 6F F4 16 A9 B0 84 64 34 98 77 E7 33 97 AB  ..o.....d4.w.3..
00000950:  B4 B0 3B FD 90 12 DC 0C 32 19 2E CB 9D 1D CF E4  ..;.....2.......
00000960:  00 0D 7F 8B 2D 6B 69 17 5A 97 9B 6D 78 0B 3B C4  ....-ki.Z..mx.;.
00000970:  20 0E C5 BE 67 90 34 1D 6F 01 60 3B 42 34 FA F0   ...g.4.o.`;B4..
00000980:  25 14 96 EA 08 01 C6 C0 A6 62 2D 11 F2 60 1A 14  %........b-..`..
00000990:  63 4E 6D EF 5A FB 38 DA 74 8C 10 D6 F7 DC 77 8D  cNm.Z.8.t.....w.
000009A0:  77 2D 35 48 47 49 90 E3 EF AE 71 7D 17 41 6B A0  w-5HGI....q}.Ak.
000009B0:  B6 4E 3D 54 01 EE 28 CF 6A 67 93 4C 75 10 82 75  .N=T..(.jg.Lu..u
000009C0:  28 93 56 8D 43 5C 21 67 21 B4 B8 83 0B 55 99 F1  (.V.C\!g!....U..
000009D0:  6F B4 EB 47 1F 26 1A 00 92 8A 24 C6 C1 59 56 4C  o..G.&....$..YVL
000009E0:  38 51 57 4C C0 32 2C E9 78 0A C0 FB F3 8C FC C3  8QWL.2,.x.......
000009F0:  48 C4 BF E4 E6 97 F6 FC 23 EB 16 BF 26 70 45 47  H.......#...&pEG
00000A00:  A7 B2 7F 3C 73 0E A7 E0 B1 20 9C BF 71 7D 80 17  ...<s.... ..q}..
00000A10:  A4 C2 CF 29 A8 70 44 92 CB AF 7A D5 4D 61 9C D1  ...).pD...z.Ma..
00000A20:  D2 F1 C0 F4 E8 88 17 C3 90 3B 46 B2 08 05 94 14  .........;F.....
00000A30:  AC 99 63 8F 0B D0 F6 AF 03 8F 25 1F 05 3A 5F D3  ..c.......%..:_.
00000A40:  AA 9E 13 ED A2 0A AA 16 DC 55 0D 0C ED 40 A5 D1  .........U...@..
00000A50:  C3 74 F1 C9 95 74 4B AB 97 7B 92 E3 B0 CF 8C 8A  .t...tK..{......
00000A60:  9D 86 0C 01 4D 66 7E BC D2 AB 75 0E 8C 33 48 23  ....Mf~...u..3H#
00000A70:  C2 74 19 EA D7 E9 53 37 3F 0A 5B 0A 6B 18 FA DB  .t....S7?.[.k...
00000A80:  29 44 81 B1 24 C4 00 00 00 00 00 00 00 00 00 00  )D..$...........
00000A90:  00 00 00 00 00 00 00 00 00 00 00 00 00 00 00 00  ................ [zeros]
00000AA0:  00 00 00 00 00 00 00 00 00 00 00 00 00 00 00 00  ................ [zeros]
00000AB0:  00 00 00 00 00 00 00 00 00 00 00 00 00 00 00 00  ................ [zeros]
00000AC0:  00 00 00 00 00 00 00 00 00 00 00 00 00 00 00 00  ................ [zeros]
00000AD0:  00 00 00 00 00 00 00 00 00 00 00 00 00 00 00 00  ................ [zeros]
00000AE0:  00 00 00 00 00 00 00 00 00 00 00 00 00 00 00 00  ................ [zeros]
00000AF0:  00 00 00 00 00 00 00 00 00 00 00 00 00 00 00 00  ................ [zeros]
00000B00:  00 00 00 00 00 00 00 00 00 00 00 00 00 00 00 00  ................ [zeros]
00000B10:  00 00 00 00 00 00 00 00 00 00 00 00 00 00 00 00  ................ [zeros]
00000B20:  00 00 00 00 00 00 00 00 00 00 00 00 00 00 00 00  ................ [zeros]
00000B30:  00 00 00 00 00 00 00 00 00 00 00 00 00 00 00 00  ................ [zeros]
00000B40:  00 00 00 00 00 00 00 00 00 00 00 00 00 00 00 00  ................ [zeros]
00000B50:  00 00 00 00 00 00 00 00 00 00 00 00 00 00 00 00  ................ [zeros]
00000B60:  00 00 00 00 00 00 00 00 00 00 00 00 00 00 00 00  ................ [zeros]
00000B70:  00 00 00 00 00 00 00 00 00 00 00 00 00 00 00 00  ................ [zeros]
00000B80:  00 00 00 00 00 00 00 00 00 00 00 00 00 00 00 00  ................ [zeros]
00000B90:  00 00 00 00 00 00 00 00 00 00 00 00 00 00 00 00  ................ [zeros]
00000BA0:  00 00 00 00 00 00 00 00 00 00 00 00 00 00 00 00  ................ [zeros]
00000BB0:  00 00 00 00 00 00 00 00 00 00 00 00 00 00 00 00  ................ [zeros]
00000BC0:  00 00 00 00 00 00 00 00 00 00 00 00 00 00 00 00  ................ [zeros]
00000BD0:  00 00 00 00 00 00 00 00 00 00 00 00 00 00 00 00  ................ [zeros]
00000BE0:  00 00 00 00 00 00 00 00 00 00 00 00 00 00 00 00  ................ [zeros]
00000BF0:  00 00 00 00 00 00 00 00 00 00 00 00 00 00 00 00  ................ [zeros]
00000C00:  00 00 00 00 00 00 00 00 00 00 00 00 00 00 00 00  ................ [zeros]
00000C10:  00 00 00 00 00 00 00 00 00 00 00 00 00 00 00 00  ................ [zeros]
00000C20:  00 00 00 00 00 00 00 00 00 00 00 00 00 00 00 00  ................ [zeros]
00000C30:  00 00 00 00 00 00 00 00 00 00 00 00 00 00 00 00  ................ [zeros]
00000C40:  00 00 00 00 00 00 00 00 00 00 00 00 00 00 00 00  ................ [zeros]
00000C50:  00 00 00 00 00 00 00 00 00 00 00 00 00 00 00 00  ................ [zeros]
00000C60:  00 00 00 00 00 00 00 00 00 00 00 00 00 00 00 00  ................ [zeros]
00000C70:  00 00 00 00 00 00 00 00 00 00 00 00 00 00 00 00  ................ [zeros]
00000C80:  00 00 00 00 00 00 00 00 00 00 00 00 00 00 00 00  ................ [zeros]
00000C90:  00 00 00 00 00 00 00 00 00 00 00 00 00 00 00 00  ................ [zeros]
00000CA0:  00 00 00 00 00 00 00 00 00 00 00 00 00 00 00 00  ................ [zeros]
00000CB0:  00 00 00 00 00 00 00 00 00 00 00 00 00 00 00 00  ................ [zeros]
00000CC0:  00 00 00 00 00 00 00 00 00 00 00 00 00 00 00 00  ................ [zeros]
00000CD0:  00 00 00 00 00 00 00 00 00 00 00 00 00 00 00 00  ................ [zeros]
00000CE0:  00 00 00 00 00 00 00 00 00 00 00 00 00 00 00 00  ................ [zeros]
00000CF0:  00 00 00 00 00 00 00 00 00 00 00 00 00 00 00 00  ................ [zeros]
00000D00:  00 00 00 00 00 00 00 00 00 00 00 00 00 00 00 00  ................ [zeros]
00000D10:  00 00 00 00 00 00 00 00 00 00 00 00 00 00 00 00  ................ [zeros]
00000D20:  00 00 00 00 00 00 00 00 00 00 00 00 00 00 00 00  ................ [zeros]
00000D30:  00 00 00 00 00 00 00 00 00 00 00 00 00 00 00 00  ................ [zeros]
00000D40:  00 00 00 00 00 00 00 00 00 00 00 00 00 00 00 00  ................ [zeros]
00000D50:  00 00 00 00 00 00 00 00 00 00 00 00 00 00 00 00  ................ [zeros]
00000D60:  00 00 00 00 00 00 00 00 00 00 00 00 00 00 00 00  ................ [zeros]
00000D70:  00 00 00 00 00 00 00 00 00 00 00 00 00 00 00 00  ................ [zeros]
00000D80:  00 00 00 00 00 00 00 00 00 00 00 00 00 00 00 00  ................ [zeros]
00000D90:  00 00 00 00 00 00 00 00 00 00 00 00 00 00 00 00  ................ [zeros]
00000DA0:  00 00 00 00 00 00 00 00 00 00 00 00 00 00 00 00  ................ [zeros]
00000DB0:  00 00 00 00 00 00 00 00 00 00 00 00 00 00 00 00  ................ [zeros]
00000DC0:  00 00 00 00 00 00 00 00 00 00 00 00 00 00 00 00  ................ [zeros]
00000DD0:  00 00 00 00 00 00 00 00 00 00 00 00 00 00 00 00  ................ [zeros]
00000DE0:  00 00 00 00 00 00 00 00 00 00 00 00 00 00 00 00  ................ [zeros]
00000DF0:  00 00 00 00 00 00 00 00 00 00 00 00 00 00 00 00  ................ [zeros]
00000E00:  00 00 00 00 00 00 00 00 00 00 00 00 00 00 00 00  ................ [zeros]
00000E10:  00 00 00 00 00 00 00 00 00 00 00 00 00 00 00 00  ................ [zeros]
00000E20:  00 00 00 00 00 00 00 00 00 00 00 00 00 00 00 00  ................ [zeros]
00000E30:  00 00 00 00 00 00 00 00 00 00 00 00 00 00 00 00  ................ [zeros]
00000E40:  00 00 00 00 00 00 00 00 00 00 00 00 00 00 00 00  ................ [zeros]
00000E50:  00 00 00 00 00 00 00 00 00 00 00 00 00 00 00 00  ................ [zeros]
00000E60:  00 00 00 00 00 00 00 00 00 00 00 00 00 00 00 00  ................ [zeros]
00000E70:  00 00 00 00 00 00 13 01 73 FC FD A4 0F 80 04 0B  ........s.......
00000E80:  EF 33 56 BA 74 74 00 00 00 00 00 00 00 00 00 00  .3V.tt..........
00000E90:  00 00 00 00 00 00 00 00 00 00 00 00 00 00 00 00  ................ [zeros]
00000EA0:  00 00 00 00 00 00 00 00 00 00 00 00 00 00 00 00  ................ [zeros]
00000EB0:  00 00 00 00 00 00 00 00 00 00 00 00 00 00 00 00  ................ [zeros]
00000EC0:  00 00 00 00 00 00 00 00 00 00 00 00 00 00 00 00  ................ [zeros]
00000ED0:  00 00 00 00 00 00 00 00 00 00 00 00 00 00 00 00  ................ [zeros]
00000EE0:  00 00 00 00 00 00 00 00 00 00 00 00 00 00 00 00  ................ [zeros]
00000EF0:  00 00 00 00 00 00 00 00 00 00 00 00 00 00 00 00  ................ [zeros]
00000F00:  00 00 00 00 00 00 00 00 00 00 00 00 00 00 00 00  ................ [zeros]
00000F10:  00 00 00 00 00 00 00 00 00 00 00 00 00 00 00 00  ................ [zeros]
00000F20:  00 00 00 00 00 00 00 00 00 00 00 00 00 00 00 00  ................ [zeros]
00000F30:  00 00 00 00 00 00 00 00 00 00 00 00 00 00 00 00  ................ [zeros]
00000F40:  00 00 00 00 00 00 00 00 00 00 00 00 00 00 00 00  ................ [zeros]
00000F50:  00 00 00 00 00 00 00 00 00 00 00 00 00 00 00 00  ................ [zeros]
00000F60:  00 00 00 00 00 00 00 00 00 00 00 00 00 00 00 00  ................ [zeros]
00000F70:  00 00 00 00 00 00 00 00 00 00 00 00 00 00 00 00  ................ [zeros]
00000F80:  00 00 00 00 00 00 00 00 00 00 00 00 00 00 00 00  ................ [zeros]
00000F90:  00 00 00 00 00 00 00 00 00 00 00 00 00 00 00 00  ................ [zeros]
00000FA0:  00 00 00 00 00 00 00 00 00 00 00 00 00 00 00 00  ................ [zeros]
00000FB0:  00 00 00 00 00 00 00 00 00 00 00 00 00 00 00 00  ................ [zeros]
00000FC0:  00 00 00 00 00 00 00 00 00 00 00 00 00 00 00 00  ................ [zeros]
00000FD0:  00 00 00 00 00 00 00 00 00 00 00 00 00 00 00 00  ................ [zeros]
00000FE0:  00 00 00 00 00 00 00 00 00 00 00 00 00 00 00 00  ................ [zeros]
00000FF0:  00 00 00 00 00 00 00 00 00 00 00 00 00 00 00 00  ................ [zeros]
00001000:  00 00 00 00 00 00 00 00 00 00 00 00 00 00 00 00  ................ [zeros]
00001010:  00 00 00 00 00 00 00 00 00 00 00 00 00 00 00 00  ................ [zeros]
00001020:  00 00 00 00 00 00 00 00 00 00 00 00 00 00 00 00  ................ [zeros]
00001030:  00 00 00 00 00 00 00 00 00 00 00 00 00 00 00 00  ................ [zeros]
00001040:  00 00 00 00 00 00 00 00 00 00 00 00 00 00 00 00  ................ [zeros]
00001050:  00 00 00 00 00 00 00 00 00 00 00 00 00 00 00 00  ................ [zeros]
00001060:  00 00 00 00 00 00 00 00 00 00 00 00 00 00 00 00  ................ [zeros]
00001070:  00 00 00 00 00 00 00 00 00 00 00 00 00 00 00 00  ................ [zeros]
00001080:  00 00 00 00 00 00 00 00 00 00 00 00 00 00 00 00  ................ [zeros]
00001090:  00 00 00 00 00 00 00 00 00 00 00 00 00 00 00 00  ................ [zeros]
000010A0:  00 00 00 00 00 00 00 00 00 00 00 00 00 00 00 00  ................ [zeros]
000010B0:  00 00 00 00 00 00 00 00 00 00 00 00 00 00 00 00  ................ [zeros]
000010C0:  00 00 00 00 00 00 00 00 00 00 00 00 00 00 00 00  ................ [zeros]
000010D0:  00 00 00 00 00 00 00 00 00 00 00 00 00 00 00 00  ................ [zeros]
000010E0:  00 00 00 00 00 00 00 00 00 00 00 00 00 00 00 00  ................ [zeros]
000010F0:  00 00 00 00 00 00 00 00 00 00 00 00 00 00 00 00  ................ [zeros]
00001100:  00 00 00 00 00 00 00 00 00 00 00 00 00 00 00 00  ................ [zeros]
00001110:  00 00 00 00 00 00 00 00 00 00 00 00 00 00 00 00  ................ [zeros]
00001120:  00 00 00 00 00 00 00 00 00 00 00 00 00 00 00 00  ................ [zeros]
00001130:  00 00 00 00 00 00 00 00 00 00 00 00 00 00 00 00  ................ [zeros]
00001140:  00 00 00 00 00 00 00 00 00 00 00 00 00 00 00 00  ................ [zeros]
00001150:  00 00 00 00 00 00 00 00 00 00 00 00 00 00 00 00  ................ [zeros]
00001160:  00 00 00 00 00 00 00 00 00 00 00 00 00 00 00 00  ................ [zeros]
00001170:  00 00 00 00 00 00 00 00 00 00 00 00 00 00 00 00  ................ [zeros]
00001180:  00 00 00 00 00 00 00 00 00 00 00 00 00 00 00 00  ................ [zeros]
00001190:  00 00 00 00 00 00 00 00 00 00 00 00 00 00 00 00  ................ [zeros]
000011A0:  00 00 00 00 00 00 00 00 00 00 00 00 00 00 00 00  ................ [zeros]
000011B0:  00 00 00 00 00 00 00 00 00 00 00 00 00 00 00 00  ................ [zeros]
000011C0:  00 00 00 00 00 00 00 00 00 00 00 00 00 00 00 00  ................ [zeros]
000011D0:  00 00 00 00 00 00 00 00 00 00 00 00 00 00 00 00  ................ [zeros]
000011E0:  00 00 00 00 00 00 00 00 00 00 00 00 00 00 00 00  ................ [zeros]
000011F0:  00 00 00 00 00 00 00 00 00 00 00 00 00 00 00 00  ................ [zeros]
00001200:  00 00 00 00 00 00 00 00 00 00 00 00 00 00 00 00  ................ [zeros]
00001210:  00 00 00 00 00 00 00 00 00 00 00 00 00 00 00 00  ................ [zeros]
00001220:  00 00 00 00 00 00 00 00 00 00 00 00 00 00 00 00  ................ [zeros]
00001230:  00 00 00 00 00 00 00 00 00 00 00 00 00 00 00 00  ................ [zeros]
00001240:  00 00 00 00 00 00 00 00 00 00 00 00 00 00 00 00  ................ [zeros]
00001250:  00 00 00 00 00 00 00 00 00 00 00 00 00 00 00 00  ................ [zeros]
00001260:  00 00 00 00 00 00 00 00 00 00 00 00 00 00 00 00  ................ [zeros]
00001270:  00 00 00 00 00 00 DC 77 6F A6 33 50 F5 CE 15 9D  .......wo.3P....
00001280:  98 0C F5 92 9F 7B 00 00 00 00 00 00 00 00 00 00  .....{..........
00001290:  00 00 00 00 00 00 00 00 00 00 00 00 00 00 00 00  ................ [zeros]
000012A0:  00 00 00 00 00 00 00 00 00 00 00 00 00 00 00 00  ................ [zeros]
000012B0:  00 00 00 00 00 00 00 00 00 00 00 00 00 00 00 00  ................ [zeros]
000012C0:  00 00 00 00 00 00 00 00 00 00 00 00 00 00 00 00  ................ [zeros]
000012D0:  00 00 00 00 00 00 00 00 00 00 00 00 00 00 00 00  ................ [zeros]
000012E0:  00 00 00 00 00 00 00 00 00 00 00 00 00 00 00 00  ................ [zeros]
000012F0:  00 00 00 00 00 00 00 00 00 00 00 00 00 00 00 00  ................ [zeros]
00001300:  00 00 00 00 00 00 00 00 00 00 00 00 00 00 00 00  ................ [zeros]
00001310:  00 00 00 00 00 00 00 00 00 00 00 00 00 00 00 00  ................ [zeros]
00001320:  00 00 00 00 00 00 00 00 00 00 00 00 00 00 00 00  ................ [zeros]
00001330:  00 00 00 00 00 00 00 00 00 00 00 00 00 00 00 00  ................ [zeros]
00001340:  00 00 00 00 00 00 00 00 00 00 00 00 00 00 00 00  ................ [zeros]
00001350:  00 00 00 00 00 00 00 00 00 00 00 00 00 00 00 00  ................ [zeros]
00001360:  00 00 00 00 00 00 00 00 00 00 00 00 00 00 00 00  ................ [zeros]
00001370:  00 00 00 00 00 00 00 00 00 00 00 00 00 00 00 00  ................ [zeros]
00001380:  00 00 00 00 00 00 00 00 00 00 00 00 00 00 00 00  ................ [zeros]
00001390:  00 00 00 00 00 00 00 00 00 00 00 00 00 00 00 00  ................ [zeros]
000013A0:  00 00 00 00 00 00 00 00 00 00 00 00 00 00 00 00  ................ [zeros]
000013B0:  00 00 00 00 00 00 00 00 00 00 00 00 00 00 00 00  ................ [zeros]
000013C0:  00 00 00 00 00 00 00 00 00 00 00 00 00 00 00 00  ................ [zeros]
000013D0:  00 00 00 00 00 00 00 00 00 00 00 00 00 00 00 00  ................ [zeros]
000013E0:  00 00 00 00 00 00 00 00 00 00 00 00 00 00 00 00  ................ [zeros]
000013F0:  00 00 00 00 00 00 00 00 00 00 00 00 00 00 00 00  ................ [zeros]
00001400:  00 00 00 00 00 00 00 00 00 00 00 00 00 00 00 00  ................ [zeros]
00001410:  00 00 00 00 00 00 00 00 00 00 00 00 00 00 00 00  ................ [zeros]
00001420:  00 00 00 00 00 00 00 00 00 00 00 00 00 00 00 00  ................ [zeros]
00001430:  00 00 00 00 00 00 00 00 00 00 00 00 00 00 00 00  ................ [zeros]
00001440:  00 00 00 00 00 00 00 00 00 00 00 00 00 00 00 00  ................ [zeros]
00001450:  00 00 00 00 00 00 00 00 00 00 00 00 00 00 00 00  ................ [zeros]
00001460:  00 00 00 00 00 00 00 00 00 00 00 00 00 00 00 00  ................ [zeros]
00001470:  00 00 00 00 00 00 00 00 00 00 00 00 00 00 00 00  ................ [zeros]
00001480:  00 00 00 00 00 00 00 00 00 00 00 00 00 00 00 00  ................ [zeros]
00001490:  00 00 00 00 00 00 00 00 00 00 00 00 00 00 00 00  ................ [zeros]
000014A0:  00 00 00 00 00 00 00 00 00 00 00 00 00 00 00 00  ................ [zeros]
000014B0:  00 00 00 00 00 00 00 00 00 00 00 00 00 00 00 00  ................ [zeros]
000014C0:  00 00 00 00 00 00 00 00 00 00 00 00 00 00 00 00  ................ [zeros]
000014D0:  00 00 00 00 00 00 00 00 00 00 00 00 00 00 00 00  ................ [zeros]
000014E0:  00 00 00 00 00 00 00 00 00 00 00 00 00 00 00 00  ................ [zeros]
000014F0:  00 00 00 00 00 00 00 00 00 00 00 00 00 00 00 00  ................ [zeros]
00001500:  00 00 00 00 00 00 00 00 00 00 00 00 00 00 00 00  ................ [zeros]
00001510:  00 00 00 00 00 00 00 00 00 00 00 00 00 00 00 00  ................ [zeros]
00001520:  00 00 00 00 00 00 00 00 00 00 00 00 00 00 00 00  ................ [zeros]
00001530:  00 00 00 00 00 00 00 00 00 00 00 00 00 00 00 00  ................ [zeros]
00001540:  00 00 00 00 00 00 00 00 00 00 00 00 00 00 00 00  ................ [zeros]
00001550:  00 00 00 00 00 00 00 00 00 00 00 00 00 00 00 00  ................ [zeros]
00001560:  00 00 00 00 00 00 00 00 00 00 00 00 00 00 00 00  ................ [zeros]
00001570:  00 00 00 00 00 00 00 00 00 00 00 00 00 00 00 00  ................ [zeros]
00001580:  00 00 00 00 00 00 00 00 00 00 00 00 00 00 00 00  ................ [zeros]
00001590:  00 00 00 00 00 00 00 00 00 00 00 00 00 00 00 00  ................ [zeros]
000015A0:  00 00 00 00 00 00 00 00 00 00 00 00 00 00 00 00  ................ [zeros]
000015B0:  00 00 00 00 00 00 00 00 00 00 00 00 00 00 00 00  ................ [zeros]
000015C0:  00 00 00 00 00 00 00 00 00 00 00 00 00 00 00 00  ................ [zeros]
000015D0:  00 00 00 00 00 00 00 00 00 00 00 00 00 00 00 00  ................ [zeros]
000015E0:  00 00 00 00 00 00 00 00 00 00 00 00 00 00 00 00  ................ [zeros]
000015F0:  00 00 00 00 00 00 00 00 00 00 00 00 00 00 00 00  ................ [zeros]
00001600:  00 00 00 00 00 00 00 00 00 00 00 00 00 00 00 00  ................ [zeros]
00001610:  00 00 00 00 00 00 00 00 00 00 00 00 00 00 00 00  ................ [zeros]
00001620:  00 00 00 00 00 00 00 00 00 00 00 00 00 00 00 00  ................ [zeros]
00001630:  00 00 00 00 00 00 00 00 00 00 00 00 00 00 00 00  ................ [zeros]
00001640:  00 00 00 00 00 00 00 00 00 00 00 00 00 00 00 00  ................ [zeros]
00001650:  00 00 00 00 00 00 00 00 00 00 00 00 00 00 00 00  ................ [zeros]
00001660:  00 00 00 00 00 00 00 00 00 00 00 00 00 00 00 00  ................ [zeros]
00001670:  00 00 00 00 00 00 62 0A C2 08 CD D4 98 36 7E 76  ......b......6~v
00001680:  F8 CC 55 AC 0A CB 00 00 00 00 00 00 00 00 00 00  ..U.............
00001690:  00 00 00 00 00 00 00 00 00 00 00 00 00 00 00 00  ................ [zeros]
000016A0:  00 00 00 00 00 00 00 00 00 00 00 00 00 00 00 00  ................ [zeros]
000016B0:  00 00 00 00 00 00 00 00 00 00 00 00 00 00 00 00  ................ [zeros]
000016C0:  00 00 00 00 00 00 00 00 00 00 00 00 00 00 00 00  ................ [zeros]
000016D0:  00 00 00 00 00 00 00 00 00 00 00 00 00 00 00 00  ................ [zeros]
000016E0:  00 00 00 00 00 00 00 00 00 00 00 00 00 00 00 00  ................ [zeros]
000016F0:  00 00 00 00 00 00 00 00 00 00 00 00 00 00 00 00  ................ [zeros]
00001700:  00 00 00 00 00 00 00 00 00 00 00 00 00 00 00 00  ................ [zeros]
00001710:  00 00 00 00 00 00 00 00 00 00 00 00 00 00 00 00  ................ [zeros]
00001720:  00 00 00 00 00 00 00 00 00 00 00 00 00 00 00 00  ................ [zeros]
00001730:  00 00 00 00 00 00 00 00 00 00 00 00 00 00 00 00  ................ [zeros]
00001740:  00 00 00 00 00 00 00 00 00 00 00 00 00 00 00 00  ................ [zeros]
00001750:  00 00 00 00 00 00 00 00 00 00 00 00 00 00 00 00  ................ [zeros]
00001760:  00 00 00 00 00 00 00 00 00 00 00 00 00 00 00 00  ................ [zeros]
00001770:  00 00 00 00 00 00 00 00 00 00 00 00 00 00 00 00  ................ [zeros]
00001780:  00 00 00 00 00 00 00 00 00 00 00 00 00 00 00 00  ................ [zeros]
00001790:  00 00 00 00 00 00 00 00 00 00 00 00 00 00 00 00  ................ [zeros]
000017A0:  00 00 00 00 00 00 00 00 00 00 00 00 00 00 00 00  ................ [zeros]
000017B0:  00 00 00 00 00 00 00 00 00 00 00 00 00 00 00 00  ................ [zeros]
000017C0:  00 00 00 00 00 00 00 00 00 00 00 00 00 00 00 00  ................ [zeros]
000017D0:  00 00 00 00 00 00 00 00 00 00 00 00 00 00 00 00  ................ [zeros]
000017E0:  00 00 00 00 00 00 00 00 00 00 00 00 00 00 00 00  ................ [zeros]
000017F0:  00 00 00 00 00 00 00 00 00 00 00 00 00 00 00 00  ................ [zeros]
00001800:  00 00 00 00 00 00 00 00 00 00 00 00 00 00 00 00  ................ [zeros]
00001810:  00 00 00 00 00 00 00 00 00 00 00 00 00 00 00 00  ................ [zeros]
00001820:  00 00 00 00 00 00 00 00 00 00 00 00 00 00 00 00  ................ [zeros]
00001830:  00 00 00 00 00 00 00 00 00 00 00 00 00 00 00 00  ................ [zeros]
00001840:  00 00 00 00 00 00 00 00 00 00 00 00 00 00 00 00  ................ [zeros]
00001850:  00 00 00 00 00 00 00 00 00 00 00 00 00 00 00 00  ................ [zeros]
00001860:  00 00 00 00 00 00 00 00 00 00 00 00 00 00 00 00  ................ [zeros]
00001870:  00 00 00 00 00 00 00 00 00 00 00 00 00 00 00 00  ................ [zeros]
00001880:  00 00 00 00 00 00 00 00 00 00 00 00 00 00 00 00  ................ [zeros]
00001890:  00 00 00 00 00 00 00 00 00 00 00 00 00 00 00 00  ................ [zeros]
000018A0:  00 00 00 00 00 00 00 00 00 00 00 00 00 00 00 00  ................ [zeros]
000018B0:  00 00 00 00 00 00 00 00 00 00 00 00 00 00 00 00  ................ [zeros]
000018C0:  00 00 00 00 00 00 00 00 00 00 00 00 00 00 00 00  ................ [zeros]
000018D0:  00 00 00 00 00 00 00 00 00 00 00 00 00 00 00 00  ................ [zeros]
000018E0:  00 00 00 00 00 00 00 00 00 00 00 00 00 00 00 00  ................ [zeros]
000018F0:  00 00 00 00 00 00 00 00 00 00 00 00 00 00 00 00  ................ [zeros]
00001900:  00 00 00 00 00 00 00 00 00 00 00 00 00 00 00 00  ................ [zeros]
00001910:  00 00 00 00 00 00 00 00 00 00 00 00 00 00 00 00  ................ [zeros]
00001920:  00 00 00 00 00 00 00 00 00 00 00 00 00 00 00 00  ................ [zeros]
00001930:  00 00 00 00 00 00 00 00 00 00 00 00 00 00 00 00  ................ [zeros]
00001940:  00 00 00 00 00 00 00 00 00 00 00 00 00 00 00 00  ................ [zeros]
00001950:  00 00 00 00 00 00 00 00 00 00 00 00 00 00 00 00  ................ [zeros]
00001960:  00 00 00 00 00 00 00 00 00 00 00 00 00 00 00 00  ................ [zeros]
00001970:  00 00 00 00 00 00 00 00 00 00 00 00 00 00 00 00  ................ [zeros]
00001980:  00 00 00 00 00 00 00 00 00 00 00 00 00 00 00 00  ................ [zeros]
00001990:  00 00 00 00 00 00 00 00 00 00 00 00 00 00 00 00  ................ [zeros]
000019A0:  00 00 00 00 00 00 00 00 00 00 00 00 00 00 00 00  ................ [zeros]
000019B0:  00 00 00 00 00 00 00 00 00 00 00 00 00 00 00 00  ................ [zeros]
000019C0:  00 00 00 00 00 00 00 00 00 00 00 00 00 00 00 00  ................ [zeros]
000019D0:  00 00 00 00 00 00 00 00 00 00 00 00 00 00 00 00  ................ [zeros]
000019E0:  00 00 00 00 00 00 00 00 00 00 00 00 00 00 00 00  ................ [zeros]
000019F0:  00 00 00 00 00 00 00 00 00 00 00 00 00 00 00 00  ................ [zeros]
00001A00:  00 00 00 00 00 00 00 00 00 00 00 00 00 00 00 00  ................ [zeros]
00001A10:  00 00 00 00 00 00 00 00 00 00 00 00 00 00 00 00  ................ [zeros]
00001A20:  00 00 00 00 00 00 00 00 00 00 00 00 00 00 00 00  ................ [zeros]
00001A30:  00 00 00 00 00 00 00 00 00 00 00 00 00 00 00 00  ................ [zeros]
00001A40:  00 00 00 00 00 00 00 00 00 00 00 00 00 00 00 00  ................ [zeros]
00001A50:  00 00 00 00 00 00 00 00 00 00 00 00 00 00 00 00  ................ [zeros]
00001A60:  00 00 00 00 00 00 00 00 00 00 00 00 00 00 00 00  ................ [zeros]
00001A70:  00 00 00 00 00 00 00 00 00 00 00 00 00 00 00 00  ................ [zeros]
00001A80:  00 00 00 00 00 00 4B 13 C2 D4 70 D8 D6 E2 B4 08  ......K...p.....
00001A90:  0B E9 16 27 79 9D FB DE 1D 6C ED 89 B0 90 12 09  ...'y....l......
00001AA0:  5D 6E 31 3F E3 0C 61 A7 03 77 CB 50 10 21 70 D0  ]n1?..a..w.P.!p.
00001AB0:  46 AF 13 7F B5 C9 57 91 DC D2 6D 04 CD C0 47 01  F.....W...m...G.
00001AC0:  3B 91 56 6C 65 BB 3F 04 E9 33 B6 12 22 6E 08 9D  ;.Vle.?..3.."n..
00001AD0:  33 DF 34 7F AE 20 45 2F A2 B8 89 9B 66 21 0C 39  3.4.. E/....f!.9
00001AE0:  69 1D 64 90 60 0E 73 75 D3 53 49 DB 0D 1B C7 43  i.d.`.su.SI....C
00001AF0:  EA DB A0 1E 05 D1 98 7B 96 5E 05 53 7D 2A F0 51  .......{.^.S}*.Q
00001B00:  70 A8 4A BE 46 54 20 59 25 7E DD 75 6C B4 33 EA  p.J.FT Y%~.ul.3.
00001B10:  1F FD 78 2B D4 15 79 BC 3A 6A C9 DD 4C C2 47 F1  ..x+..y.:j..L.G.
00001B20:  3A 51 BD EB 79 3D 9A 3C 88 D4 BF 50 C0 03 DB 80  :Q..y=.<...P....
00001B30:  84 11 41 B6 26 AB A9 53 F3 E3 41 2D A7 21 E4 CA  ..A.&..S..A-.!..
00001B40:  BD D5 83 B0 E8 5B C3 EE 48 1B 49 36 DD 9C B7 C0  .....[..H.I6....
00001B50:  26 F3 86 AE 4C 9E 0E 7D 23 E8 B4 29 C6 36 8A 54  &...L..}#..).6.T
00001B60:  AF 79 FC 3E D1 78 26 6D EB 3B 80 E0 51 A6 49 FD  .y.>.x&m.;..Q.I.
00001B70:  F7 86 E0 40 14 0A FE E3 F4 EC EF 4B 37 DF 08 17  ...@.......K7...
00001B80:  80 C1 F3 00 0C 08 DC 29 4C 71 E3 D1 5F 19 C3 EA  .......)Lq.._...
00001B90:  3A 74 86 E3 32 0C EE A6 D4 CB FA 7B A7 2D 81 F8  :t..2......{.-..
00001BA0:  50 E2 3C 0F 26 33 28 C1 6B E1 6A B4 50 EA A9 BE  P.<.&3(.k.j.P...
00001BB0:  2F 81 C3 06 7F 55 A0 CD 7F B0 1B CE 5B BD 1B 8D  /....U......[...
00001BC0:  BE E1 BE BD D4 23 66 CC 81 C9 77 B1 7D 49 2F A8  .....#f...w.}I/.
00001BD0:  0D D0 EB B9 17 00 5F 85 F2 9E 92 8E 37 05 EF 95  ......_.....7...
00001BE0:  12 AE 3D AF 84 02 DC 50 BC E7 EC 72 13 2D 01 2F  ..=....P...r.-./
00001BF0:  5F 9A A5 27 BD 8A C6 5E D2 10 C8 A4 1D 8F 81 D5  _..'...^........
00001C00:  14 65 C3 DB B2 B5 DA 3D CE 80 47 71 54 B7 03 1D  .e.....=..GqT...
00001C10:  E2 6E 48 88 AC 4D 04 1F 1B 0B 3E A2 53 7C 13 F6  .nH..M....>.S|..
00001C20:  56 77 67 C1 CE A3 62 71 85 BD 5A AD 0F B4 F2 37  Vwg...bq..Z....7
00001C30:  75 1B EB 15 EB 30 81 2C A8 F4 A8 79 2A 02 85 52  u....0.,...y*..R
00001C40:  A4 C3 8E 76 E8 96 4A 8F 91 8B CF D1 39 98 5F 1E  ...v..J.....9._.
00001C50:  B0 50 AE 8B BF 72 5C 4E 7D 32 25 05 00 23 A7 5E  .P...r\N}2%..#.^
00001C60:  11 14 1F 04 3D 21 65 98 10 40 1E D2 23 5F BF D3  ....=!e..@..#_..
00001C70:  B4 CF 70 87 37 E0 C8 0A 17 AD 1A D5 DC E8 B3 5F  ..p.7.........._
00001C80:  E9 15 70 BF CB 6E 30 86 D8 89 A4 C9 9F 94 65 F2  ..p..n0.......e.
00001C90:  34 04 55 38 7E DE 7C 28 F4 75 73 66 5E 78 21 19  4.U8~.|(.usf^x!.
00001CA0:  65 E9 F6 AA 28 DA 3D EF 8F 1F 01 26 90 39 A8 5F  e...(.=....&.9._
00001CB0:  79 5B 80 52 6D 88 E5 E3 41 D4 F1 15 0D 58 0E 9A  y[.Rm...A....X..
00001CC0:  98 DF 06 99 0A 7E CB 12 02 34 8F F1 6F BC CC 72  .....~...4..o..r
00001CD0:  95 1D CB 43 57 D4 7F 5F DA 97 75 98 81 67 67 00  ...CW.._..u..gg.
00001CE0:  F0 DB 70 D4 8F 0D 40 99 A9 ED 63 F5 73 D3 C9 0F  ..p...@...c.s...
00001CF0:  C4 3D AA 76 B9 54 EC 68 FA AA 93 23 96 1F A3 13  .=.v.T.h...#....
00001D00:  77 5D D1 04 4E 83 5A B3 F1 57 14 CD E4 52 6E CA  w]..N.Z..W...Rn.
00001D10:  BD 2A 85 78 CF 39 48 29 20 4A 6A 39 27 F4 58 6E  .*.x.9H) Jj9'.Xn
00001D20:  F3 0D 74 67 B9 2E 97 0A 77 F8 B3 78 DA C2 49 81  ..tg....w..x..I.
00001D30:  CD 54 6F A9 8A 93 EC 90 B7 DA FB 5A EE 1F F9 1A  .To........Z....
00001D40:  52 77 DA 8C 88 FC 4E 68 6A 08 C5 E3 9E D0 F2 8A  Rw....Nhj.......
00001D50:  1B 4F F5 EB E7 9F 94 54 F1 1B 0F 14 88 EE B1 B6  .O.....T........
00001D60:  73 C0 99 0A 43 C0 62 32 FA 4D B1 7D BF 80 1B BD  s...C.b2.M.}....
00001D70:  2D F0 A0 46 7B 97 FE 2F 3B 1D 41 F1 83 C0 0B 7F  -..F{../;.A.....
00001D80:  B9 C4 FB BF 2F B1 FF 3C 7E 9C E7 EF E7 B8 FC 33  ..../..<~......3
00001D90:  41 98 40 FC C8 95 25 D8 06 00 48 CE F1 00 6C E1  A.@...%...H...l.
00001DA0:  59 69 BE 1D 3C F6 90 0C C5 F6 84 51 23 FC 28 12  Yi..<......Q#.(.
00001DB0:  D9 CC 07 D7 BB 7E 70 19 E8 75 1C D3 65 F6 0B DA  .....~p..u..e...
00001DC0:  5E 8E 64 11 C0 DF E1 3D C4 8F 59 6E 1C DD 4A 78  ^.d....=..Yn..Jx
00001DD0:  66 3D 29 1A B2 22 CB D5 16 9B C3 F1 9D 38 B7 55  f=)..".......8.U
00001DE0:  FC D7 76 E8 BF 81 1E 07 83 57 D4 82 C6 B2 FE 0A  ..v......W......
00001DF0:  77 65 AE CA B5 C7 15 20 1E 53 08 11 95 32 59 39  we..... .S...2Y9
00001E00:  95 91 16 AD F1 DC 13 AF 78 0E 01 0D 6C 94 F6 63  ........x...l..c
00001E10:  F8 8C 00 D0 FD 64 B9 32 2D FF 9A BC 6E 47 64 C0  .....d.2-...nGd.
00001E20:  75 BA 2B 4E 9F C7 14 D3 EC C8 FF 82 EB 1D 0F B2  u.+N............
00001E30:  EA 20 97 A6 3A 0A 29 98 60 B4 13 3C 25 94 36 5D  . ..:.).`..<%.6]
00001E40:  8A 3D C8 54 CF 76 AE EE 65 CB 9C 02 36 F0 00 D8  .=.T.v..e...6...
00001E50:  7C 6A 73 2E E2 E8 D7 CD 97 62 C1 4A 61 3A 14 F2  |js......b.Ja:..
00001E60:  12 9A C5 DD CB 5F BC C5 DB A0 67 89 62 C6 95 F9  ....._....g.b...
00001E70:  BA 7C A5 DA FF 65 82 95 88 46 93 89 9D AD D6 BC  .|...e...F......
00001E80:  40 6B C7 57 5C 05 9B FC 18 8C 18 90 FC 2D 7A A7  @k.W\........-z.
00001E90:  BE 1A 3F F5 91 C9 B6 77 C4 74 A3 D6 13 EC 95 36  ..?....w.t.....6
00001EA0:  36 26 A2 6D 6F AC F6 E0 5E F0 1B 36 C4 CB BD E0  6&.mo...^..6....
00001EB0:  F3 8E 92 51 2D 97 0A 36 B0 DA 2E 91 AB B1 36 DD  ...Q-..6......6.
00001EC0:  F0 1C 06 86 D9 5F 17 26 79 E5 8E A3 B3 4A D2 81  ....._.&y....J..
00001ED0:  74 82 F0 20 0D A8 92 CA 68 73 D2 A0 07 4C 8A A6  t.. ....hs...L..
00001EE0:  51 15 FE 27 10 C9 BF 12 EF C3 EA D1 58 9B F9 AF  Q..'........X...
00001EF0:  E7 85 53 1A 8C BB 8D AD 9B 10 87 AF 25 7B 75 71  ..S.........%{uq
00001F00:  6E E4 B2 7A E4 8C 1D 6C AD C4 38 FB DE 7B BD 3C  n..z...l..8..{.<
00001F10:  B4 7D A1 06 CE B5 38 9D 8D 12 10 DC 35 04 C6 F8  .}....8.....5...
00001F20:  1C 77 A9 73 40 78 E9 F1 21 92 F7 AC 73 D8 19 6E  .w.s@x..!...s..n
00001F30:  2D 19 A4 60 16 94 62 71 85 BD 5A AD 0F B4 F2 37  -..`..bq..Z....7
00001F40:  75 1B EB 15 EB 30 81 2C A8 F4 A8 79 2A 02 85 52  u....0.,...y*..R
00001F50:  A4 C3 8E 76 E8 96 EE 90 BA 87 C0 69 A8 86 55 45  ...v.......i..UE
00001F60:  28 70 C2 45 E6 05 5C 4E 7D 32 25 05 00 23 A7 5E  (p.E..\N}2%..#.^
00001F70:  11 14 1F 04 3D 21 65 98 10 40 1E D2 23 5F BF D3  ....=!e..@..#_..
00001F80:  B4 CF 70 87 37 E0 C8 0A 17 AD 1A D5 DC E8 B3 5F  ..p.7.........._
00001F90:  E9 15 70 BF CB 6E 18 B4 E0 88 26 3E 88 C0 BE 74  ..p..n....&>...t
00001FA0:  54 62 64 93 10 F8 7C 28 F4 75 73 66 5E 78 21 19  Tbd...|(.usf^x!.
00001FB0:  65 E9 F6 AA 28 DA 3D EF 8F 1F 01 26 90 39 A8 5F  e...(.=....&.9._
00001FC0:  79 5B 80 52 6D 88 E5 E3 41 D4 F1 15 0D 58 0E 9A  y[.Rm...A....X..
00001FD0:  98 DF 06 99 0A 7E CB 12 02 34 8F F1 6F BC CC 72  .....~...4..o..r
00001FE0:  95 1D CB 43 57 D4 7F 5F DA 97 75 98 81 67 67 00  ...CW.._..u..gg.
00001FF0:  F0 DB 70 D4 8F 0D 83 41 33 0B 28 DF 8F 1E E5 9E  ..p....A3.(.....
00002000:  54 6A B5 57 AC C0 E8 D5 72 4D EA E8 21 47 56 77  Tj.W....rM..!GVw
00002010:  EF 28 BF B2 19 2B 5A B3 F1 57 14 CD E4 52 6E CA  .(...+Z..W...Rn.
00002020:  BD 2A 85 78 CF 39 48 29 20 4A 6A 39 27 F4 58 6E  .*.x.9H) Jj9'.Xn
00002030:  F3 0D 74 67 B9 2E 02 3B D6 B4 F9 1B D1 BC EB F8  ..tg...;........
00002040:  D2 BB E1 9E D7 C8 5C BE 04 82 07 28 C9 51 76 05  ......\....(.Qv.
00002050:  77 56 F1 69 DE 9C 4E 68 6A 08 C5 E3 9E D0 F2 8A  wV.i..Nhj.......
00002060:  1B 4F F5 EB E7 9F 94 54 F1 1B 0F 14 88 EE B1 B6  .O.....T........
00002070:  73 C0 99 0A 43 C0 62 32 FA 4D B1 7D BF 80 1B BD  s...C.b2.M.}....
00002080:  2D F0 A0 46 7B 97 FE 2F 3B 1D 41 F1 83 C0 0B 7F  -..F{../;.A.....
00002090:  B9 C4 FB BF 2F B1 48 E7 11 26 AA 81 A9 2F FF 04  ..../.H..&.../..
000020A0:  14 77 DE 9F B6 5F 5B A4 D5 85 BB A7 7B 12 9F A9  .w..._[.....{...
000020B0:  C0 F3 B4 0D 53 F6 3D E9 A0 57 37 7A CD 71 E1 B1  ....S.=..W7z.q..
000020C0:  A2 A8 52 C7 AE D1 70 19 E8 75 1C D3 65 F6 0B DA  ..R...p..u..e...
000020D0:  5E 8E 64 11 C0 DF F2 19 71 3A 88 06 5E F6 7A 18  ^.d.....q:..^.z.
000020E0:  73 C9 4D AD 44 AA 98 79 8A D5 AF AA BC B8 D1 4E  s.M.D..y.......N
000020F0:  79 90 C8 AF 8B 9D 52 E6 5D 2F F4 FD B5 DC CA D6  y.....R.]/......
00002100:  B7 A2 04 71 63 37 9A 3C 88 D4 BF 50 C0 03 DB 80  ...qc7.<...P....
00002110:  84 11 41 B6 26 AB A9 53 F3 E3 41 2D A7 21 E4 CA  ..A.&..S..A-.!..
00002120:  BD D5 83 B0 E8 5B 71 85 DC 74 8B EF F2 21 BD 3D  .....[q..t...!.=
00002130:  64 49 91 51 6B C7 F2 CC AD E7 40 8E E3 27 BC 22  dI.Qk.....@..'."
00002140:  78 E8 0B 5B 24 CE B9 3D 65 24 91 C9 32 8E B3 91  x..[$..=e$..2...
00002150:  37 81 17 BF 18 E2 C6 90 83 68 33 BF DB AF B5 54  7........h3....T
00002160:  1B 80 ED FC EA B7 E1 78 0F B7 D2 12 1C 3D 8E E7  .......x.....=..
00002170:  1B 57 EE 72 0B 7C 89 C5 66 5D A4 E5 F2 18 24 01  .W.r.|..f]....$.
00002180:  3D 46 F3 CE 08 64 8C EE 77 3C A2 FB 80 87 A1 FE  =F...d..w<......
00002190:  2E ED F5 75 AA 57 8D EA 48 DB 3D 1C 15 AC 2D 6B  ...u.W..H.=...-k
000021A0:  58 C8 99 1D 37 93 3D EF 8F 1F 01 26 90 39 A8 5F  X...7.=....&.9._
000021B0:  79 5B 80 52 6D 88 E5 E3 41 D4 F1 15 0D 58 0E 9A  y[.Rm...A....X..
000021C0:  98 DF 06 99 0A 7E CB 12 02 34 8F F1 6F BC CC 72  .....~...4..o..r
000021D0:  95 1D CB 43 57 D4 7F 5F DA 97 75 98 81 67 67 00  ...CW.._..u..gg.
000021E0:  F0 DB 70 D4 8F 0D 3D E9 8D A6 2E 11 B2 CE 9D 7C  ..p...=........|
000021F0:  ED D1 B0 9D 88 7E B9 21 A6 59 C8 7B 0E AA D7 FF  .....~.!.Y.{....
00002200:  04 4F EB A3 2F A4 E1 F4 4A F0 0B 79 D1 0D C0 42  .O../...J..y...B
00002210:  42 E1 8A 3B 40 05 79 1E 46 19 8A E7 4F D2 4B 94  B..;@.y.F...O.K.
00002220:  1C 26 59 3F 95 DF EA 48 D1 DA FD D8 5C 50 E5 DD  .&Y?...H....\P..
00002230:  C9 EC F2 6F 98 D8 4B 09 BC B2 09 AF 3B 63 F5 8F  ...o..K.....;c..
00002240:  6D 1F D8 05 DA 2F E6 21 D9 78 6A 64 71 90 17 50  m..../.!.xjdq..P
00002250:  37 BB 38 B5 74 3C 60 D2 D0 1B 47 2B AA 90 F0 59  7.8.t<`...G+...Y
00002260:  3A E7 13 A1 29 B5 9C 82 3A 53 D4 8B 1F 2D 7F 9E  :...)...:S...-..
00002270:  49 DF 21 0B E2 03 DF 92 7B DB 1C 2D 6C A7 B7 C7  I.!.....{..-l...
00002280:  A8 22 01 B3 48 91 52 57 3C 06 D8 F5 06 45 14 3A  ."..H.RW<....E.:
00002290:  C2 23 84 8B E8 6B C8 0A 17 AD 1A D5 DC E8 B3 5F  .#...k........._
000022A0:  E9 15 70 BF CB 6E 74 29 87 D4 2A 96 D4 25 3A 1A  ..p..nt)..*..%:.
000022B0:  73 FA 42 A9 30 B3 7B 6B F0 1B 16 56 68 2D D8 F6  s.B.0.{k...Vh-..
000022C0:  97 D3 91 53 AE 59 3D EF 8F 1F 01 26 90 39 A8 5F  ...S.Y=....&.9._
000022D0:  79 5B 80 52 6D 88 E5 E3 41 D4 F1 15 0D 58 0E 9A  y[.Rm...A....X..
000022E0:  98 DF 06 99 0A 7E CB 12 02 34 8F F1 6F BC CC 72  .....~...4..o..r
000022F0:  95 1D CB 43 57 D4 01 3A ED 07 C9 47 53 85 72 58  ...CW..:...GS.rX
00002300:  DE 50 E1 FD A6 52 2C 18 53 40 12 7B C1 B6 25 A5  .P...R,.S@.{..%.
00002310:  A9 EC 46 79 81 9A EF 0D EE 38 51 08 B3 8E BA 59  ..Fy.....8Q....Y
00002320:  A7 00 45 29 B8 26 CE 80 41 97 2A 84 9F 28 20 90  ..E).&..A.*..( .
00002330:  B0 68 DF 82 7F 12 52 7D 3B 74 C0 13 69 60 F8 7E  .h....R};t..i`.~
00002340:  C9 A0 17 C4 D9 05 8A F1 28 7F 5C 00 E4 14 98 6F  ........(.\....o
00002350:  7D 6B 5F 58 E0 85 A0 19 72 15 C7 56 BA 7A D8 26  }k_X....r..V.z.&
00002360:  63 53 18 10 C7 3E 75 AB 04 04 A3 62 39 88 DA A5  cS...>u....b9...
00002370:  72 7E 98 7A 9A 30 94 54 F1 1B 0F 14 88 EE B1 B6  r~.z.0.T........
00002380:  73 C0 99 0A 43 C0 62 32 FA 4D B1 7D BF 80 1B BD  s...C.b2.M.}....
00002390:  2D F0 A0 46 7B 97 FE 2F 3B 1D 41 F1 83 C0 0B 7F  -..F{../;.A.....
000023A0:  B9 C4 FB BF 2F B1 FF 3C 7E 9C E7 EF E7 B8 FC 33  ..../..<~......3
000023B0:  41 98 40 FC C8 95 79 6F 09 75 8C 31 45 C2 5C E0  A.@...yo.u.1E.\.
000023C0:  C1 05 0A B8 4A AA 95 5A 0C F6 34 24 07 00 31 CB  ....J..Z..4$..1.
000023D0:  F7 FF A1 06 22 54 1F 15 3F 87 59 37 2D FE 4D AF  ...."T..?.Y7-.M.
000023E0:  6E A0 4A C7 D2 7C C6 88 6E 20 CE D8 40 7F B3 CE  n.J..|..n ..@...
000023F0:  48 4A 02 9B AB 5B 66 84 07 91 63 5D 72 27 D5 84  HJ...[f...c]r'..
00002400:  B8 9E 1B EC 90 57 52 E6 5D 2F F4 FD B5 DC CA D6  .....WR.]/......
00002410:  B7 A2 04 71 63 37 9A 3C 88 D4 BF 50 C0 03 DB 80  ...qc7.<...P....
00002420:  84 11 41 B6 26 AB A9 53 F3 E3 41 2D A7 21 E4 CA  ..A.&..S..A-.!..
00002430:  BD D5 83 B0 E8 5B BC F5 A4 0C F0 C6 72 69 93 B4  .....[......ri..
00002440:  18 6C 4A 4C AA 3B EB 9D D8 67 2D CE EE 5A 72 3A  .lJL.;...g-..Zr:
00002450:  EA 6E A4 06 07 39 2E 1C E9 98 6F C6 70 35 8F 53  .n...9....o.p5.S
00002460:  47 F2 22 43 A9 9B D1 3B 4B 7A A3 38 F4 C6 69 89  G."C...;Kz.8..i.
00002470:  04 F6 78 D5 60 55 73 E2 DA 61 FD 32 5A 53 E3 06  ..x.`Us..a.2ZS..
00002480:  DF 84 08 36 21 0E FD 91 2D 3D EE A7 EE 79 F8 A9  ...6!...-=...y..
00002490:  D6 5B BE 9B 98 A4 F1 62 30 9F F3 AC 87 38 29 34  .[.....b0....8)4
000024A0:  D8 DE 10 55 77 5E DC 29 4C 71 E3 D1 5F 19 C3 EA  ...Uw^.)Lq.._...
000024B0:  3A 74 86 E3 32 0C EE A6 D4 CB FA 7B A7 2D 81 F8  :t..2......{.-..
000024C0:  50 E2 3C 0F 26 33 2C 9A FB 4C 06 5F 83 B0 75 86  P.<.&3,..L._..u.
000024D0:  8D 3C 12 47 F8 44 A0 CD 7F B0 1B CE 5B BD 1B 8D  .<.G.D......[...
000024E0:  BE E1 BE BD D4 23 66 CC 81 C9 77 B1 7D 49 2F A8  .....#f...w.}I/.
000024F0:  0D D0 EB B9 17 00 5F 85 F2 9E 92 8E 37 05 EF 95  ......_.....7...
00002500:  12 AE 3D AF 84 02 DC 50 BC E7 EC 72 13 2D 01 2F  ..=....P...r.-./
00002510:  5F 9A A5 27 BD 8A 7B 4E DB 37 F9 03 79 8F CC 04  _..'..{N.7..y...
00002520:  0C 94 CD 2D 74 65 13 6F BA E0 B1 04 7B 5A A3 E0  ...-te.o....{Z..
00002530:  43 C2 EC 94 4C 4D 72 EB D1 40 FE 39 ED 3C F2 A9  C...LMr..@.9.<..
00002540:  C6 F1 0D B4 D6 49 5C 4E 7D 32 25 05 00 23 A7 5E  .....I\N}2%..#.^
00002550:  11 14 1F 04 3D 21 7D E7 66 09 F2 9D 72 30 0E 7D  ....=!}.f...r0.}
00002560:  22 82 1E 61 D7 88 FD 68 90 07 8E 03 0B 4B 57 23  "..a...h.....KW#
00002570:  D8 C8 5D 51 63 4A E1 F4 4A F0 0B 79 D1 0D C0 42  ..]QcJ..J..y...B
00002580:  42 E1 8A 3B 40 05 A6 EF 16 3E 02 3B A3 05 B1 98  B..;@....>.;....
00002590:  C5 50 1F 16 A1 98 A0 96 80 EE 62 5F F4 DA 39 56  .P........b_..9V
000025A0:  FA 66 57 EE 15 62 43 E5 19 B0 FE 9C 84 79 9F 56  .fW..bC......y.V
000025B0:  CF 2E 14 E0 8B A0 D3 87 B1 C7 90 14 F2 62 C9 A9  .............b..
000025C0:  76 0A 58 24 04 58 CE 4E D0 F8 38 19 CE 6C 0C B2  v.X$.X.N..8..l..
000025D0:  04 6C 5A 0A 34 DF B9 45 AD 30 07 18 05 5C 06 35  .lZ.4..E.0...\.5
000025E0:  72 E3 A8 DF 57 48 CD BE 5F B0 68 9D AC 30 BE 33  r...WH.._.h..0.3
000025F0:  4E 16 9F D9 8B C0 38 55 BE A5 B6 00 DF 22 B3 E9  N.....8U....."..
00002600:  76 55 E4 EE 32 8E F2 BF FF 19 88 0F 43 CF 6C 39  vU..2.......C.l9
00002610:  6A 0A BF 46 40 AD C4 DB E2 3A 43 48 DC 73 0D B3  j..F@....:CH.s..
00002620:  AA A5 AF E3 C3 7D E4 D5 92 EB 50 A2 E1 39 6C 2B  .....}....P..9l+
00002630:  76 33 F9 D9 05 13 D0 2C EE 51 5D D0 40 1B AF CF  v3.....,.Q].@...
00002640:  9D AD BB C3 B0 DC E1 05 56 92 85 2F 97 BC B0 23  ........V../...#
00002650:  F8 FA F5 AA 84 52 37 08 92 74 7C 03 F6 46 6B 6D  .....R7..t|..Fkm
00002660:  6C 9F 71 5A 97 AC 14 D3 EC C8 FF 82 EB 1D 0F B2  l.qZ............
00002670:  EA 20 97 A6 3A 0A 29 98 60 B4 13 3C 25 94 36 5D  . ..:.).`..<%.6]
00002680:  8A 3D C8 54 CF 76 AE EE 65 CB 9C 02 36 F0 00 D8  .=.T.v..e...6...
00002690:  7C 6A 73 2E E2 E8 9E 02 82 EF 27 9F C1 3F A6 67  |js.......'..?.g
000026A0:  F6 92 34 3E BA 93 F6 B0 D1 F9 10 D9 02 85 FF 72  ..4>...........r
000026B0:  9F E5 BD 87 A2 8C C9 13 4A CF 54 00 17 98 42 F9  ........J.T...B.
000026C0:  55 40 2B C7 9D 04 AE FF 14 D6 CA 5E 78 56 92 E3  U@+........^xV..
000026D0:  9C 13 50 30 C2 0D 7B 2C 23 B0 0C 82 04 DD 15 3B  ..P0..{,#......;
000026E0:  C2 78 69 CB 06 48 57 91 DC D2 6D 04 CD C0 47 01  .xi..HW...m...G.
000026F0:  3B 91 56 6C 65 BB 66 A4 74 9C DC 45 E7 A3 79 A5  ;.Vle.f.t..E..y.
00002700:  13 13 D9 DB F2 52 5F 01 EB 34 E4 B0 78 CB 72 A7  .....R_..4..x.r.
00002710:  29 D4 00 F7 5D 38 26 9A ED 1B 5A F3 BF 55 94 24  )...]8&...Z..U.$
00002720:  F4 CD 19 BB 8F 68 57 9F B1 04 EF 75 86 8E 66 F6  .....hW....u..f.
00002730:  D2 C8 D8 91 A8 68 61 46 1D 92 53 0B F7 F0 D8 FB  .....haF..S.....
00002740:  96 7F 5A B5 00 96 20 92 04 CA 94 51 15 99 99 C9  ..Z... ....Q....
00002750:  35 78 65 DE 6E A4 CF E0 36 24 3C 5E 6E 06 48 69  5xe.n...6$<^n.Hi
00002760:  FD 40 0A BB 45 9B B4 5E CA 3B 08 31 BC E4 BB 35  .@..E..^.;.1...5
00002770:  AA BA E2 61 82 BB 45 A3 A0 F1 05 2E C8 DE 15 F0  ...a..E.........
00002780:  F8 DE 4C 32 65 38 53 79 BC E8 D7 7D 03 48 7F 2F  ..L2e8Sy...}.H./
00002790:  52 B0 37 C4 CB 5B 4F 92 A0 07 FC 98 3C C9 0B 9C  R.7..[O.....<...
000027A0:  4E 51 D6 DB 7C F2 8A 84 97 5C 85 3B 82 CA EE 6B  NQ..|....\.;...k
000027B0:  E2 BF 00 36 AC 34 75 5C 12 4D E1 39 DA 28 D8 AC  ...6.4u\.M.9.(..
000027C0:  DF C5 37 67 91 5F 82 F3 99 92 9F 90 79 EA C7 5E  ..7g._......y..^
000027D0:  ED 6D E9 8B 9E 3D 76 5E B7 F0 3B F5 27 73 23 83  .m...=v^..;.'s#.
000027E0:  26 C8 7E 9C BA EC 3E B8 8B 63 97 95 B8 8D 05 A7  &.~...>..c......
000027F0:  9E 0B EC 84 2A 31 66 CC 81 C9 77 B1 7D 49 2F A8  ....*1f...w.}I/.
00002800:  0D D0 EB B9 17 00 5F 85 F2 9E 92 8E 37 05 EF 95  ......_.....7...
00002810:  12 AE 3D AF 84 02 DC 50 BC E7 EC 72 13 2D 01 2F  ..=....P...r.-./
00002820:  5F 9A A5 27 BD 8A 35 71 71 BF DC 81 19 D9 4A 4F  _..'..5qq.....JO
00002830:  55 F1 FF F7 F8 08 45 54 8B C1 5F 8A A2 15 92 8D  U.....ET.._.....
00002840:  4B 02 DA 17 43 CD B7 A2 9D D0 F6 AA A9 89 C1 38  K...C..........8
00002850:  AA 96 C3 56 B0 1E C5 E8 E8 68 5A 20 0A FE A7 17  ...V.....hZ ....
00002860:  25 48 F1 1F 2C 20 3A 2E 86 41 AB E2 EB FF 26 FC  %H.., :..A....&.
00002870:  61 85 9C 07 CF 66 D7 29 EE 3E D1 D1 FC 27 23 07  a....f.).>...'#.
00002880:  FF 47 AD CE 1C 42 2A 3B E2 F0 D9 35 7F CF 9C C7  .G...B*;...5....
00002890:  2D 42 8B DA EC 50 CE 4E D0 F8 38 19 CE 6C 0C B2  -B...P.N..8..l..
000028A0:  04 6C 5A 0A 34 DF B9 45 AD 30 07 18 05 5C 06 35  .lZ.4..E.0...\.5
000028B0:  72 E3 A8 DF 57 48 CD BE 5F B0 68 9D AC 30 BE 33  r...WH.._.h..0.3
000028C0:  4E 16 9F D9 8B C0 E7 09 61 84 48 B7 55 D0 E3 B4  N.......a.H.U...
000028D0:  D4 36 A7 41 08 7A B3 3B 8B 06 1D 0E 80 68 1A 8A  .6.A.z.;.....h..
000028E0:  B4 28 CE E5 6D 21 17 D4 6C 75 93 EB 7F 15 3A 9D  .(..m!..lu....:.
000028F0:  0D 2E 18 E7 78 3D 82 BD BD 70 70 AD 87 8D 6B AB  ....x=...pp...k.
00002900:  B8 C6 44 07 AA 0F 15 20 6E F1 DC C3 B4 41 C0 09  ..D.... n....A..
00002910:  6F 03 71 95 37 99 2A E0 3E 68 8A 8E B3 2F D3 19  o.q.7.*.>h.../..
00002920:  5B 4B E4 62 74 F8 EC 6E B2 34 E2 62 FB 93 8A 7A  [K.bt..n.4.b...z
00002930:  C0 D1 11 AD 05 32 1B 3D 69 19 44 92 6E 99 F6 4F  .....2.=i.D.n..O
00002940:  34 1C EF 3A D8 D1 95 79 94 07 17 4D 89 B9 B4 5D  4..:...y...M...]
00002950:  32 E3 A7 CB 72 17 D1 37 F2 AA 4E 77 F5 76 B1 C4  2...r..7..Nw.v..
00002960:  23 FB 41 51 18 17 4C E9 CF 32 CE 20 17 D0 84 F7  #.AQ..L..2. ....
00002970:  82 E0 E8 49 C8 A1 FF 76 AF E7 78 19 54 33 F4 CE  ...I...v..x.T3..
00002980:  48 93 60 35 C5 76 94 22 29 68 D2 6A 17 98 A2 19  H.`5.v.")h.j....
00002990:  13 1A A0 79 B9 52 C6 B1 FA F6 32 A2 55 17 5D 8D  ...y.R....2.U.].
000029A0:  1F 9B B2 41 F9 CF 61 A7 03 77 CB 50 10 21 70 D0  ...A..a..w.P.!p.
000029B0:  46 AF 13 7F B5 C9 57 91 DC D2 6D 04 CD C0 47 01  F.....W...m...G.
000029C0:  3B 91 56 6C 65 BB 46 09 81 4C B4 3A 45 CB 7D 3B  ;.Vle.F..L.:E.};
000029D0:  4D D7 99 ED B5 5A 43 7F 9E 4E 14 CB A5 D3 1D 17  M....ZC..N......
000029E0:  99 38 3B 27 7C 8C 26 9A ED 1B 5A F3 BF 55 94 24  .8;'|.&...Z..U.$
000029F0:  F4 CD 19 BB 8F 68 57 9F B1 04 EF 75 86 8E 66 F6  .....hW....u..f.
00002A00:  D2 C8 D8 91 A8 68 61 46 1D 92 53 0B F7 F0 D8 FB  .....haF..S.....
00002A10:  96 7F 5A B5 00 96 E0 25 18 70 6E 82 48 C6 E6 BE  ..Z....%.pn.H...
00002A20:  4D 7B 3F 86 75 EB 27 23 5D 92 82 44 B1 10 2C A2  M{?.u.'#]..D..,.
00002A30:  10 67 83 EF 43 AB 46 C6 68 42 D2 77 B1 97 81 8E  .g..C.F.hB.w....
00002A40:  76 B2 9D E2 93 09 56 10 A9 F5 7F 66 5D 29 D1 A6  v.....V....f])..
00002A50:  60 6C CB 9F 11 0B F6 E0 5E F0 1B 36 C4 CB BD E0  `l......^..6....
00002A60:  F3 8E 92 51 2D 97 D7 69 CB 43 93 A5 B3 1C 01 14  ...Q-..i.C......
00002A70:  70 FC EE BC 2F FD A6 7D A2 55 A2 7B B1 BC 44 38  p.../..}.U.{..D8
00002A80:  77 AA A3 74 5F A4 92 CA 68 73 D2 A0 07 4C 8A A6  w..t_...hs...L..
00002A90:  51 15 FE 27 10 C9 BF 12 EF C3 EA D1 58 9B F9 AF  Q..'........X...
00002AA0:  E7 85 53 1A 8C BB 8D AD 9B 10 87 AF 25 7B 75 71  ..S.........%{uq
00002AB0:  6E E4 B2 7A E4 8C 5B 4F C1 FD 16 85 2E 21 A6 8F  n..z..[O.....!..
00002AC0:  AC 26 DF A0 1B 0C DA 3D CE 80 47 71 54 B7 03 1D  .&.....=..GqT...
00002AD0:  E2 6E 48 88 AC 4D 96 3A 88 CE 6F E6 CD EE 7B FF  .nH..M.:..o...{.
00002AE0:  D4 54 E8 23 23 73 2A 3B E2 F0 D9 35 7F CF 9C C7  .T.##s*;...5....
00002AF0:  2D 42 8B DA EC 50 81 2C A8 F4 A8 79 2A 02 85 52  -B...P.,...y*..R
00002B00:  A4 C3 8E 76 E8 96 04 68 90 44 10 44 37 78 A0 5D  ...v...h.D.D7x.]
00002B10:  26 96 82 DD B6 F6 A7 BF 3F 1A DA 0D 73 85 E8 57  &.......?...s..W
00002B20:  D3 B5 09 78 40 AD 26 C7 50 E2 63 68 8D 6C 2A 57  ...x@.&.P.ch.l*W
00002B30:  1A F5 2B 16 A6 1F C8 0A 17 AD 1A D5 DC E8 B3 5F  ..+............_
00002B40:  E9 15 70 BF CB 6E 1C AF 6A DF 38 58 99 B3 C7 F4  ..p..n..j.8X....
00002B50:  5E 8B A8 F3 56 98 7C F0 01 2E AC 75 63 96 2D 63  ^...V.|....uc.-c
00002B60:  F9 C1 F0 D3 77 CF 3D EF 8F 1F 01 26 90 39 A8 5F  ....w.=....&.9._
00002B70:  79 5B 80 52 6D 88 E5 E3 41 D4 F1 15 0D 58 0E 9A  y[.Rm...A....X..
00002B80:  98 DF 06 99 0A 7E CB 12 02 34 8F F1 6F BC CC 72  .....~...4..o..r
00002B90:  95 1D CB 43 57 D4 3C 77 71 A4 51 3E C6 E0 F6 D9  ...CW.<wq.Q>....
00002BA0:  9D 39 F6 A8 9D 37 79 B3 26 C0 81 5B D5 2E 3E 54  .9...7y.&..[..>T
00002BB0:  63 C7 17 E9 F7 25 37 99 74 73 D5 DE 4D 16 44 FE  c....%7.ts..M.D.
00002BC0:  D2 C2 F0 0E 60 B0 5C ED 68 B3 15 15 54 8E F4 36  ....`.\.h...T..6
00002BD0:  42 D9 9C 6F 09 2B 63 69 74 71 06 D7 01 EF 55 CE  B..o.+citq....U.
00002BE0:  A6 7D F4 F3 7A 0F FF 18 AE 9F 37 48 B4 A1 E0 A9  .}..z.....7H....
00002BF0:  D0 EA 91 07 92 0F E1 91 E9 A5 43 D7 94 E2 75 DC  ..........C...u.
00002C00:  E9 C0 F7 6E 53 31 C8 FF E9 56 6E AF 0E 3E BE FB  ...nS1...Vn..>..
00002C10:  B7 73 B0 F0 EB 9F 95 79 94 07 17 4D 89 B9 B4 5D  .s.....y...M...]
00002C20:  32 E3 A7 CB 72 17 D1 37 F2 AA 4E 77 F5 76 B1 C4  2...r..7..Nw.v..
00002C30:  23 FB 41 51 18 17 FA 7C 5B 80 07 EF 10 B7 E4 7E  #.AQ...|[......~
00002C40:  6A 67 80 32 AA AA 0E 55 61 DA 7A 61 C1 8E 4F EB  jg.2...Ua.za..O.
00002C50:  21 BB 46 87 25 83 FD 8D B2 A2 F1 BE 17 38 B9 9C  !.F.%........8..
00002C60:  3B A5 6B 22 09 59 B5 20 89 6D B3 6B 6C 55 5C 38  ;.k".Y. .m.klU\8
00002C70:  AA C7 5F 5D 82 57 3A E9 DF C9 46 A1 A6 82 7D 93  .._].W:...F...}.
00002C80:  3A B2 D4 9D 13 D9 22 8F 43 09 53 F9 53 88 CB 23  :.....".C.S.S..#
00002C90:  93 AA 07 59 DF F8 43 0B 18 32 FC D9 8D 77 A1 32  ...Y..C..2...w.2
00002CA0:  BC D1 FA 44 95 01 D6 EE C0 7E 5A 5E 21 35 72 9F  ...D.....~Z^!5r.
00002CB0:  AF 4B 44 91 1C 6F 15 B3 96 D0 A7 E2 CF 49 C0 CD  .KD..o.......I..
00002CC0:  3F AD 85 E2 A4 2E C5 27 66 00 FB 8A 37 51 F7 55  ?......'f...7Q.U
00002CD0:  E7 8D 58 BB 0E ED 67 6C CD B6 2B 96 03 79 7C 2A  ..X...gl..+..y|*
00002CE0:  8B 22 29 AE D0 DD 49 35 CE 59 77 C8 7C 92 C5 89  .")...I5.Yw.|...
00002CF0:  DC DC 8C AC 50 22 26 6D EB 3B 80 E0 51 A6 49 FD  ....P"&m.;..Q.I.
00002D00:  F7 86 E0 40 14 0A 09 66 CF FF 46 FC 38 30 DB 6D  ...@...f..F.80.m
00002D10:  84 13 9D B5 7A 95 E6 75 86 CA 34 23 11 97 5E 0E  ....z..u..4#..^.
00002D20:  3D B7 54 91 4D 3B EE A6 D4 CB FA 7B A7 2D 81 F8  =.T.M;.....{.-..
00002D30:  50 E2 3C 0F 26 33 9B 59 E4 19 B1 3C BE A5 67 DD  P.<.&3.Y...<..g.
00002D40:  B7 65 EB 86 96 47 7A 46 85 A6 FC 15 99 EA B9 BC  .e...GzF........
00002D50:  A7 76 A0 5D 95 21 87 11 B0 E4 C8 3F F8 B5 EA B8  .v.].!.....?....
00002D60:  9A 38 2A 15 5D 36 FE 77 9A 44 C5 AB 33 EB 95 2E  .8*.]6.w.D..3...
00002D70:  19 61 26 57 C3 85 6B 98 48 D9 0B B4 80 14 DB FB  .a&W..k.H.......
00002D80:  BB C1 67 2A 6D 08 29 CE A4 D6 39 2C 47 54 9B FF  ..g*m.)...9,GT..
00002D90:  72 FB 9F FB C8 05 1F 3C D1 1E 77 65 DC A8 CA 79  r......<..we...y
00002DA0:  23 06 56 B2 FF 0E 22 23 04 7A 07 7C BC 10 93 01  #.V..."#.z.|....
00002DB0:  B9 1B 13 41 CE 66 08 AF BA 19 19 4B 26 F9 AD D3  ...A.f.....K&...
00002DC0:  75 FB 26 92 0B FC 9E E4 CF 45 72 54 71 6A EA AC  u.&......ErTqj..
00002DD0:  01 C3 08 29 C0 F3 9B C3 7A 4D 7B 93 BF BD 53 AC  ...)....zM{...S.
00002DE0:  5C 0B 61 A7 50 D3 DD EB 25 75 F7 20 A1 78 DB 9C  \.a.P...%u. .x..
00002DF0:  53 F2 8A 1F F1 78 1D C1 BE F1 60 56 BD A0 E6 4F  S....x....`V...O
00002E00:  BF B4 9A 13 58 2E 45 8F 63 3C B8 DB D9 FD B0 ED  ....X.E.c<......
00002E10:  2E 0B BD 49 C8 F7 E6 97 C6 84 89 B8 66 60 56 D1  ...I........f`V.
00002E20:  EA EE A3 59 48 37 73 BA 96 93 B3 5F F6 DA E2 D9  ...YH7s...._....
00002E30:  73 AB CF 7A 52 B9 6E D2 09 A8 13 02 DD 3D 58 D3  s..zR.n......=X.
00002E40:  6B 7D 64 16 08 FF AE 6E B5 57 10 35 0C ED DE D4  k}d....n.W.5....
00002E50:  12 BF 99 8B 2E F3 CC 97 70 B2 81 AD 92 78 8B CE  ........p....x..
00002E60:  F4 A1 46 D9 4C 43 0D CE 88 1B 41 23 D7 80 96 BF  ..F.LC....A#....
00002E70:  54 CA 4E C0 34 01 47 AD 40 FD 05 D2 81 B9 80 3F  T.N.4.G.@......?
00002E80:  6E 7D 85 B3 78 79 94 54 F1 1B 0F 14 88 EE B1 B6  n}..xy.T........
00002E90:  73 C0 99 0A 43 C0 62 32 FA 4D B1 7D BF 80 1B BD  s...C.b2.M.}....
00002EA0:  2D F0 A0 46 7B 97 63 66 30 E0 D4 ED AD 9B 2C 7A  -..F{.cf0.....,z
00002EB0:  11 E3 83 C7 96 46 D9 5E 92 40 EA CC 15 2B 4E 39  .....F.^.@...+N9
00002EC0:  8A 75 77 9A 02 3D ED 1B 28 BE F3 04 2A CD 17 D6  .uw..=..(...*...
00002ED0:  3E 31 DE 3F 40 8C 75 2C 0F A9 20 87 79 31 49 5E  >1.?@.u,.. .y1I^
00002EE0:  D6 35 F8 7A B8 15 D1 16 3D 84 EE 7A 51 B6 E6 78  .5.z....=..zQ..x
00002EF0:  4D 98 51 81 CD BC 98 48 0A CE D6 36 20 CE 88 73  M.Q....H...6 ..s
00002F00:  D6 B0 6C 48 D7 9E 1C 60 78 27 82 8E D0 C2 B4 EA  ..lH...`x'......
00002F10:  B3 C2 C4 FE 5D FC 92 E2 0A 1A 2A B4 E3 F2 4B 3E  ....].....*...K>
00002F20:  EC 3A 5F 1F 09 6D 4E 30 CE 9A A8 4A 63 1D 0D D7  .:_..mN0...Jc...
00002F30:  2C FE 71 A1 FD 5A 8B E5 8C E8 64 13 A1 0B 70 CD  ,.q..Z....d...p.
00002F40:  92 99 CD 40 D3 C0 B4 A7 99 D3 0E 1C 40 B7 84 20  ...@........@.. 
00002F50:  88 7D 10 E3 3B 02 B1 D1 1E 8F 04 FD 02 4E E7 50  .}..;........N.P
00002F60:  B3 2A C5 0E CB 03 77 E2 71 38 C0 77 06 D2 83 71  .*....w.q8.w...q
00002F70:  9A 97 4F 19 47 A8 98 0F B5 FF E7 6E D0 88 06 CA  ..O.G......n....
00002F80:  31 1C 1C 2D 2E 20 BC 8A 4B 05 0E A3 35 E3 AD 6B  1..-. ..K...5..k
00002F90:  12 A7 A1 E4 2C 47 3B 32 3E 90 5A EE 8C F7 FC 1F  ....,G;2>.Z.....
00002FA0:  89 0D 8E 0B 67 B2 BE AC 7B 8B C2 7F FB 89 C1 CD  ....g...{.......
00002FB0:  0C EF DE 0D 47 23 15 3B E4 B2 81 C5 85 8E 0F 8C  ....G#.;........
00002FC0:  EA F6 96 A7 C7 98 DC 29 4C 71 E3 D1 5F 19 C3 EA  .......)Lq.._...
00002FD0:  3A 74 86 E3 32 0C EE A6 D4 CB FA 7B A7 2D 81 F8  :t..2......{.-..
00002FE0:  50 E2 3C 0F 26 33 C6 3E 9D 39 80 44 34 FC F5 31  P.<.&3.>.9.D4..1
00002FF0:  EB EA 61 45 F2 5F 7B 44 E1 E8 7D 33 EE 64 F3 F6  ..aE._{D..}3.d..
00003000:  7A E3 E6 17 DC 2E 66 CC 81 C9 77 B1 7D 49 2F A8  z.....f...w.}I/.
00003010:  0D D0 EB B9 17 00 5F 85 F2 9E 92 8E 37 05 EF 95  ......_.....7...
00003020:  12 AE 3D AF 84 02 DC 50 BC E7 EC 72 13 2D 01 2F  ..=....P...r.-./
00003030:  5F 9A A5 27 BD 8A 31 29 2D 99 F4 17 0D E4 C3 F0  _..'..1)-.......
00003040:  92 AB 70 2F 83 79 22 11 6B 55 4A 7A 11 44 19 65  ..p/.y".kUJz.D.e
00003050:  F8 B6 E3 D3 F9 9C 8D 59 FC 83 42 62 72 3C 2A BF  .......Y..Bbr<*.
00003060:  43 1D D4 59 D4 8E D3 87 B1 C7 90 14 F2 62 C9 A9  C..Y.........b..
00003070:  76 0A 58 24 04 58 81 2C A8 F4 A8 79 2A 02 85 52  v.X$.X.,...y*..R
00003080:  A4 C3 8E 76 E8 96 9F 4D F0 F8 8E 0F 05 E2 1B 76  ...v...M.......v
00003090:  92 DF 8E 69 DF E4 02 95 13 2F 03 E0 28 2B 0C C4  ...i...../..(+..
000030A0:  15 80 A5 46 CB 23 46 31 73 B8 1D E5 55 8E EE 63  ...F.#F1s...U..c
000030B0:  BF D5 CD 97 6A 91 D9 6F E1 0F BC 47 5C C3 E3 7A  ....j..o...G\..z
000030C0:  CB 33 19 66 A6 29 3D CD 4C FD 18 E0 DD 4D D3 79  .3.f.)=.L....M.y
000030D0:  35 C1 F5 8E 46 34 A6 6C 6C 63 B7 5F F9 2E 9C 8B  5...F4.llc._....
000030E0:  2F 34 BC 9E 03 55 D6 C3 10 BA 85 71 C7 34 BE 1B  /4...U.....q.4..
000030F0:  D7 D8 8B CA F3 AE EC 8A 6E A0 90 07 C2 00 43 51  ........n.....CQ
00003100:  C5 11 7F 01 EC BA EE B2 8A E2 13 FD AB 65 C8 DC  .............e..
00003110:  99 CF 10 29 7D 59 98 0D CE 69 E3 41 E9 92 16 DA  ...)}Y...i.A....
00003120:  1D EF 86 97 9E 06 91 6B 55 FD 8D E9 BB 60 3D 72  .......kU....`=r
00003130:  53 9B 8C 87 52 0F 55 D3 32 A9 D1 DE 97 92 99 63  S...R.U.2......c
00003140:  D6 24 34 DC 97 31 8D 1F 75 93 72 58 A7 15 D4 43  .$4..1..u.rX...C
00003150:  83 73 3C 61 50 5F 5E 1D B6 09 45 5C 47 1F 75 9F  .s<aP_^...E\G.u.
00003160:  03 C9 39 9F 0D E4 22 D9 C0 DF 45 39 32 B4 71 D2  ..9..."...E92.q.
00003170:  89 A3 39 82 2D 0B 0A BF 8D 46 D3 C7 EC EC 2E 03  ..9.-....F......
00003180:  22 6D 84 32 C2 6A 8A FB 67 C2 C5 E7 08 15 E9 FC  "m.2.j..g.......
00003190:  20 88 E1 FA 9F 52 95 79 94 07 17 4D 89 B9 B4 5D   ....R.y...M...]
000031A0:  32 E3 A7 CB 72 17 D1 37 F2 AA 4E 77 F5 76 B1 C4  2...r..7..Nw.v..
000031B0:  23 FB 41 51 18 17 5A 1A 29 18 45 52 40 99 74 04  #.AQ..Z.).ER@.t.
000031C0:  63 7B F8 1A 82 ED 27 82 9F 05 D2 38 40 D0 EA 30  c{....'....8@..0
000031D0:  15 E1 6D E6 57 5E 9B 3A 8B 21 F7 98 88 88 10 04  ..m.W^.:.!......
000031E0:  CA 66 9D AE 8A FA 90 35 ED 54 1E 60 2E 90 50 D5  .f.....5.T.`..P.
000031F0:  62 FB DE 24 79 7F 7B 2C 23 B0 0C 82 04 DD 15 3B  b..$y.{,#......;
00003200:  C2 78 69 CB 06 48 26 79 39 C6 50 96 B7 1A A7 4E  .xi..H&y9.P....N
00003210:  0B 19 6C 54 21 18 C6 72 71 0E 56 75 2C C7 4E BE  ..lT!..rq.Vu,.N.
00003220:  92 D7 52 F6 0E 48 EA 0C F3 E7 81 85 27 B8 D4 22  ..R..H......'.."
00003230:  DD BE F0 31 4E 6B CA 1B 62 E0 49 9D 4D B2 05 EC  ...1Nk..b.I.M...
00003240:  B4 BC 66 ED 53 7C E9 79 3F D0 06 D0 6B 9A 15 5C  ..f.S|.y?...k..\
00003250:  6C 69 BB 6E 6F 4A F1 F0 D6 33 E5 EA C1 D5 3A 86  li.noJ...3....:.
00003260:  0B 1E BA 84 F8 31 1F 3C D1 1E 77 65 DC A8 CA 79  .....1.<..we...y
00003270:  23 06 56 B2 FF 0E E6 E2 43 F4 1A 83 91 65 71 21  #.V.....C....eq!
00003280:  5E 72 32 43 97 5D 3D A5 37 18 1A 3D E7 C0 A4 60  ^r2C.]=.7..=...`
00003290:  7F 1F 62 51 7A FC 19 22 7F 17 83 1F 64 E8 82 37  ..bQz.."....d..7
000032A0:  AE FA 04 1E 37 3D C1 94 74 2C 94 5B C1 D7 5A C7  ....7=..t,.[..Z.
000032B0:  73 66 49 E1 A4 AD 7F BD 9A 28 46 3F 63 B0 E1 24  sfI......(F?c..$
000032C0:  D3 0C 7C 14 6E 68 B8 AF DF 37 29 96 7D 10 6A 01  ..|.nh...7).}.j.
000032D0:  D8 EE D5 42 EF 64 89 C5 66 5D A4 E5 F2 18 24 01  ...B.d..f]....$.
000032E0:  3D 46 F3 CE 08 64 BF 68 9C A6 65 A3 89 41 AE ED  =F...d.h..e..A..
000032F0:  9C F9 35 FC F9 27 7B 6B F0 1B 16 56 68 2D D8 F6  ..5..'{k...Vh-..
00003300:  97 D3 91 53 AE 59 23 A6 64 80 52 EC 77 34 44 3A  ...S.Y#.d.R.w4D:
00003310:  1C A7 89 05 75 69 62 6B 94 26 BE 41 30 F8 D0 04  ....uibk.&.A0...
00003320:  F7 B4 89 78 32 EA BF 35 4B 2D 1D 0E 37 03 0B 59  ...x2..5K-..7..Y
00003330:  87 DC 0C 98 D4 31 1F AB 2F 7E 58 B9 CD DB 28 16  .....1../~X...(.
00003340:  53 4B B2 34 B7 74 92 CA 68 73 D2 A0 07 4C 8A A6  SK.4.t..hs...L..
00003350:  51 15 FE 27 10 C9 BF 12 EF C3 EA D1 58 9B F9 AF  Q..'........X...
00003360:  E7 85 53 1A 8C BB 8D AD 9B 10 87 AF 25 7B 75 71  ..S.........%{uq
00003370:  6E E4 B2 7A E4 8C 72 01 20 CF 91 3C 93 EF CD 16  n..z..r. ..<....
00003380:  27 61 DB 4A EE 3E E9 C8 E5 7A 35 67 F3 F5 30 09  'a.J.>...z5g..0.
00003390:  C0 76 16 1E 8B 3A 5C B6 49 4C AA E4 B2 4D 94 8C  .v...:\.IL...M..
000033A0:  04 E1 2C 11 1F C2 02 95 13 2F 03 E0 28 2B 0C C4  ..,....../..(+..
000033B0:  15 80 A5 46 CB 23 D7 F3 5F D7 77 AC B9 2D B5 7A  ...F.#.._.w..-.z
000033C0:  8C 56 B9 65 AF 7F A7 37 DD D6 1C A3 55 11 73 8C  .V.e...7....U.s.
000033D0:  A9 C8 34 00 D5 32 C2 47 C4 83 C4 31 69 C5 DB 4C  ..4..2.G...1i..L
000033E0:  9E 42 81 00 CD 2A 9D 30 8B CA FF 54 F8 AE 2B 63  .B...*.0...T..+c
000033F0:  19 FC 67 B9 92 D2 3A D3 C1 01 15 AE FA F8 5A E5  ..g...:.......Z.
00003400:  8B 94 D2 29 57 3F CF 8F C9 75 EF 4B EE 15 1F CC  ...)W?...u.K....
00003410:  21 22 49 60 C8 5E 1C 63 25 00 74 2C 63 F9 7E 31  !"I`.^.c%.t,c.~1
00003420:  C1 AA DA 16 8F C2 65 3A 5E 6D EB 42 F8 AA 48 99  ......e:^m.B..H.
00003430:  AA 8A 51 AD 4E 28 D1 8C 09 7E 88 BA 8F 57 9A ED  ..Q.N(...~...W..
00003440:  41 76 7C D2 3B BE 1F 10 DE CA 15 FC 69 8C AD AB  Av|.;.......i...
00003450:  5E 3A 87 B5 C7 B8 FA 71 CA EB A3 C8 3B 8D 36 68  ^:.....q....;.6h
00003460:  5E 3F 7A EF 75 F9 3A 6C A2 9D 64 78 81 A9 0C 47  ^?z.u.:l..dx...G
00003470:  D3 CB 39 8B 4D 60 6A FD E0 4C 79 3B 22 52 BB F6  ..9.M`j..Ly;"R..
00003480:  88 D7 48 17 82 4E F6 99 90 8D 0B 98 B3 6F 9E 3A  ..H..N.......o.:
00003490:  D3 5D CD 53 DF 72 77 E2 71 38 C0 77 06 D2 83 71  .].S.rw.q8.w...q
000034A0:  9A 97 4F 19 47 A8 98 0F B5 FF E7 6E D0 88 06 CA  ..O.G......n....
000034B0:  31 1C 1C 2D 2E 20 AB D4 63 5D B9 4A E6 96 54 99  1..-. ..c].J..T.
000034C0:  C6 35 6D 7D 4C B3 17 91 E8 CF 7C BE F5 81 EC DB  .5m}L.....|.....
000034D0:  71 00 E6 F3 18 95 CF AF 23 F7 FB E1 21 B2 A1 79  q.......#...!..y
000034E0:  19 AE 16 D6 8F FC A4 89 D6 38 4B 15 DB 0A 3A B7  .........8K...:.
000034F0:  8B 83 1C AB 5D 51 EA 23 1D 66 C5 A9 BA 40 2B BF  ....]Q.#.f...@+.
00003500:  AC B1 E2 A9 C7 94 CA 1B 62 E0 49 9D 4D B2 05 EC  ........b.I.M...
00003510:  B4 BC 66 ED 53 7C E2 82 2F 4B 0E B5 A9 26 77 EA  ..f.S|../K...&w.
00003520:  10 CA 46 2E C2 B3 B2 97 BA 49 F1 38 8C 2F 0E 37  ..F......I.8./.7
00003530:  DF C6 14 16 1D 43 1F 3C D1 1E 77 65 DC A8 CA 79  .....C.<..we...y
00003540:  23 06 56 B2 FF 0E E6 E2 43 F4 1A 83 91 65 71 21  #.V.....C....eq!
00003550:  5E 72 32 43 97 5D 3D A5 37 18 1A 3D E7 C0 A4 60  ^r2C.]=.7..=...`
00003560:  7F 1F 62 51 7A FC 79 29 EC 62 57 EE A2 E5 A5 3B  ..bQz.y).bW....;
00003570:  03 E4 EE 41 FD F2 59 62 F7 A7 77 1D 5D A5 37 5F  ...A..Yb..w.].7_
00003580:  AB 09 03 E5 88 CB 19 09 FC 93 6B 4C 96 88 66 44  ..........kL..fD
00003590:  DC 08 80 67 AB A9 69 06 1D C5 33 EA 0A 70 28 A3  ...g..i...3..p(.
000035A0:  E1 1F 68 82 A9 EF 89 C5 66 5D A4 E5 F2 18 24 01  ..h.....f]....$.
000035B0:  3D 46 F3 CE 08 64 88 CA CD 18 8B 76 3C 64 BC 36  =F...d.....v<d.6
000035C0:  B4 EF 29 14 93 E4 8D 31 D0 C6 80 A1 F2 F4 11 5D  ..)....1.......]
000035D0:  F0 44 27 E8 1D 15 3D EF 8F 1F 01 26 90 39 A8 5F  .D'...=....&.9._
000035E0:  79 5B 80 52 6D 88 E5 E3 41 D4 F1 15 0D 58 0E 9A  y[.Rm...A....X..
000035F0:  98 DF 06 99 0A 7E CB 12 02 34 8F F1 6F BC CC 72  .....~...4..o..r
00003600:  95 1D CB 43 57 D4 BC 4B F3 50 0C 77 80 16 0D F5  ...CW..K.P.w....
00003610:  33 48 EF 24 39 4B B3 3B 8B 06 1D 0E 80 68 1A 8A  3H.$9K.;.....h..
00003620:  B4 28 CE E5 6D 21 55 97 57 13 7F EA 8C 38 D7 74  .(..m!U.W....8.t
00003630:  B4 AC D1 F6 18 CA 77 03 72 BB A9 60 1B F1 4F 98  ......w.r..`..O.
00003640:  42 B8 74 99 7B BE 99 9F 6E 0B 29 09 EB B3 42 32  B.t.{...n.)...B2
00003650:  FE A3 0B 9E C4 BF B6 64 0B 35 8E 44 89 6C 39 A4  .......d.5.D.l9.
00003660:  03 35 F1 42 1E CC 2A 11 0E F8 13 A0 B7 71 80 FB  .5.B..*......q..
00003670:  1C 84 FB 46 CF 2F DA 89 43 92 21 87 D8 9A 38 19  ...F./..C.!...8.
00003680:  AA BA 4C 70 15 95 6C AB 4C C9 CF 25 8C 48 D0 4C  ..Lp..l.L..%.H.L
00003690:  0A B2 1D E0 D2 17 A9 85 86 49 A9 2F DC 2A B1 05  .........I./.*..
000036A0:  9A C8 65 51 4E A6 5A B3 F1 57 14 CD E4 52 6E CA  ..eQN.Z..W...Rn.
000036B0:  BD 2A 85 78 CF 39 76 0F A3 4B 9D 5D 50 CF 81 54  .*.x.9v..K.]P..T
000036C0:  BB 8F 7D 6E 78 0E 3A D3 C1 01 15 AE FA F8 5A E5  ..}nx.:.......Z.
000036D0:  8B 94 D2 29 57 3F CF 8F C9 75 EF 4B EE 15 1F CC  ...)W?...u.K....
000036E0:  21 22 49 60 C8 5E 70 2A 8B F6 58 12 31 65 EB EF  !"I`.^p*..X.1e..
000036F0:  8E E0 BE D2 BC 2F 32 00 7F FD 31 A2 E5 04 7E 8E  ...../2...1...~.
00003700:  E3 89 F6 8F 14 F3 89 3A 08 24 14 EC 7B EC 35 05  .......:.$..{.5.
00003710:  B1 99 49 B2 B8 52 23 60 9C 53 57 9E 45 64 99 CF  ..I..R#`.SW.Ed..
00003720:  7C 32 BF ED 6F C3 70 19 E8 75 1C D3 65 F6 0B DA  |2..o.p..u..e...
00003730:  5E 8E 64 11 C0 DF 7F E0 B7 CE 5B 0F 15 C9 EF AB  ^.d.......[.....
00003740:  2D 93 AD 6E E4 F9 7B 46 DC FE CC 43 02 16 D5 3B  -..n..{F...C...;
00003750:  15 E6 72 A9 70 74 79 BC 3A 6A C9 DD 4C C2 47 F1  ..r.pty.:j..L.G.
00003760:  3A 51 BD EB 79 3D 9A 3C 88 D4 BF 50 C0 03 DB 80  :Q..y=.<...P....
00003770:  84 11 41 B6 26 AB A9 53 F3 E3 41 2D A7 21 E4 CA  ..A.&..S..A-.!..
00003780:  BD D5 83 B0 E8 5B C8 B5 AA D0 E9 2A 94 D2 A1 68  .....[.....*...h
00003790:  7B B1 1D A2 28 BF 80 E4 5C A5 1B 8E E3 93 4D 49  {...(...\.....MI
000037A0:  F9 C1 78 32 9C 73 40 83 C9 62 4E DB 23 02 E5 92  ..x2.s@..bN.#...
000037B0:  41 07 C8 BC 79 54 02 60 74 4F FE A0 42 AD A2 98  A...yT.`tO..B...
000037C0:  70 12 73 0E 95 37 DC 29 4C 71 E3 D1 5F 19 C3 EA  p.s..7.)Lq.._...
000037D0:  3A 74 86 E3 32 0C EE A6 D4 CB FA 7B A7 2D 81 F8  :t..2......{.-..
000037E0:  50 E2 3C 0F 26 33 FB AF 2A 54 23 D3 31 66 E1 B1  P.<.&3..*T#.1f..
000037F0:  A3 F0 B7 BA CB 0F 1D 08 73 0C 58 4D 64 A6 0A 2C  ........s.XMd..,
00003800:  8D F6 A2 B2 26 39 66 CC 81 C9 77 B1 7D 49 2F A8  ....&9f...w.}I/.
00003810:  0D D0 EB B9 17 00 5F 85 F2 9E 92 8E 37 05 EF 95  ......_.....7...
00003820:  12 AE 3D AF 84 02 DC 50 BC E7 EC 72 13 2D 01 2F  ..=....P...r.-./
00003830:  5F 9A A5 27 BD 8A C9 AB BE D7 7C 30 B9 20 DD F1  _..'......|0. ..
00003840:  9E 33 D1 84 8A 78 B9 F0 F7 FF FA FB 1B 7F 3F C1  .3...x........?.
00003850:  01 ED 22 E8 7B D0 1E FE 87 1E 45 24 6F F4 DC B6  ..".{.....E$o...
00003860:  7B B5 C9 28 58 66 77 76 20 2B 87 87 C5 24 91 81  {..(Xfwv +...$..
00003870:  24 15 15 F5 72 73 81 2C A8 F4 A8 79 2A 02 85 52  $...rs.,...y*..R
00003880:  A4 C3 8E 76 E8 96 0C 1F EB 61 EE 89 56 BE 14 54  ...v.....a..V..T
00003890:  8A 19 92 33 57 37 97 8E 57 DA 01 8E FD 28 CE 25  ...3W7..W....(.%
000038A0:  EF EA 5B 80 C9 0A 46 31 73 B8 1D E5 55 8E EE 63  ..[...F1s...U..c
000038B0:  BF D5 CD 97 6A 91 D9 6F E1 0F BC 47 5C C3 E3 7A  ....j..o...G\..z
000038C0:  CB 33 19 66 A6 29 3D CD 4C FD 18 E0 DD 4D D3 79  .3.f.)=.L....M.y
000038D0:  35 C1 F5 8E 46 34 C8 C0 B7 62 2A 28 13 3B CA 6B  5...F4...b*(.;.k
000038E0:  C6 5D 20 F1 0E A1 F2 BF FF 19 88 0F 43 CF 6C 39  .] .........C.l9
000038F0:  6A 0A BF 46 40 AD 20 76 22 87 C0 40 96 C2 0B 7D  j..F@. v"..@...}
00003900:  24 89 EE DF B2 30 B1 AF 58 8A 71 07 6F 7B 95 02  $....0..X.q.o{..
00003910:  02 DD 5B E6 95 03 D0 2C EE 51 5D D0 40 1B AF CF  ..[....,.Q].@...
00003920:  9D AD BB C3 B0 DC EF 47 49 65 A6 2D B2 C6 AF 2D  .......GIe.-...-
00003930:  1B F9 5E 82 A0 44 18 63 23 CA BA E0 29 6B 27 D2  ..^..D.c#...)k'.
00003940:  38 A7 6E EF 7B 7D F8 AD 2C 72 87 FF 8B A8 F6 E7  8.n.{}..,r......
00003950:  9A A5 BC 0E 67 14 8B 95 2D D5 08 FB E4 2B 05 AE  ....g...-....+..
00003960:  DB 9D 0D A2 40 A0 9E F8 E5 BD 55 69 62 7E 80 F2  ....@.....Uib~..
00003970:  E3 80 2A 3F 60 C4 40 B1 47 94 63 BC 06 0C 16 CB  ..*?`.@.G.c.....
00003980:  ED D3 BD 0F 90 A9 3D D9 69 20 6B A3 04 A2 55 71  ......=.i k...Uq
00003990:  A2 47 40 32 B2 0F 64 BA DD B1 32 49 F4 32 4E 57  .G@2..d...2I.2NW
000039A0:  D7 F9 33 BB AF 7D 57 A3 CE 32 25 0D F6 BA EA AA  ..3..}W..2%.....
000039B0:  E0 32 C4 56 BB 28 07 3E 56 FE 39 96 8E 63 72 F9  .2.V.(.>V.9..cr.
000039C0:  BC 1F 1F AE 69 90 EB 30 FE 0B 5E 3A A4 62 39 C2  ....i..0..^:.b9.
000039D0:  01 6E 1E 48 02 69 88 94 FB 6E 60 96 7B 89 67 B7  .n.H.i...n`.{.g.
000039E0:  FA 89 9B 20 54 96 5E CA 86 17 61 92 A9 47 C2 FC  ... T.^...a..G..
000039F0:  C3 12 DF 52 18 E5 DF 62 9D 03 25 67 A2 0B B6 34  ...R...b..%g...4
00003A00:  FB 07 5A B3 A3 C1 51 A6 E8 59 1B 93 2D 22 15 76  ..Z...Q..Y..-".v
00003A10:  78 BB E5 4F D4 14 A6 CF BA 57 BA 9E 1C 75 F4 9E  x..O.....W...u..
00003A20:  6B 52 13 22 54 A6 44 BD 7A D9 13 84 D8 EE 9A A7  kR."T.D.z.......
00003A30:  7A CF 3B F3 16 3F 00 40 69 2D 84 29 E4 52 8E 88  z.;..?.@i-.).R..
00003A40:  AC 05 CC 24 BC 52 AA FC 3E F1 50 0B 5B 17 2F 6D  ...$.R..>.P.[./m
00003A50:  66 29 AE 3F 10 B9 15 DF B0 A7 20 96 08 D9 A1 AA  f).?...... .....
00003A60:  14 00 92 0A 07 77 6A D2 30 C7 93 57 50 14 B6 F2  .....wj.0..WP...
00003A70:  D0 04 F5 A9 5E 7D 70 20 25 FC 85 E2 5D DA 34 7E  ....^}p %...].4~
00003A80:  EC 03 17 F4 47 03 59 EE 69 7F D7 D4 4D 5F 42 E0  ....G.Y.i...M_B.
00003A90:  29 2F 92 A5 EB D7 F7 36 3A 6A 57 6D F5 84 06 9A  )/.....6:jWm....
00003AA0:  6E EA 06 93 2D 90 BB 9C 5F 68 84 E6 79 4A ED 6D  n...-..._h..yJ.m
00003AB0:  D2 1E 6B 36 E7 AF 9E 7E E9 4D 89 BE F5 3D FF 9C  ..k6...~.M...=..
00003AC0:  8B 59 CC 60 66 33 E5 C1 0F 8F 84 A8 14 81 02 D2  .Y.`f3..........
00003AD0:  E7 D1 56 41 6B 88 95 5C 0C 22 30 7F 50 D5 7D E9  ..VAk..\."0.P.}.
00003AE0:  65 9C 1B E8 CB 79 3E F2 CC 55 FF B0 86 B3 70 D4  e....y>..U....p.
00003AF0:  D1 7F 09 CE 20 7D 00 00 00 00 00 00 00 00 00 00  .... }..........
00003B00:  00 00 00 00 00 00 00 00 00 00 00 00 00 00 00 00  ................ [zeros]
00003B10:  00 00 00 00 00 00 02 1C 51 F6 F7 5B DB 8A 45 EC  ........Q..[..E.
00003B20:  9F 60 67 F6 86 E9 A4 27 B7 E9 64 4B 0D 97 54 7B  .`g....'..dK..T{
00003B30:  F1 BF 36 7A B8 F5 00 00 00 00 00 00 00 00 00 00  ..6z............
00003B40:  00 00 00 00 00 00 00 00 00 00 00 00 00 00 00 00  ................ [zeros]
00003B50:  00 00 00 00 00 00 00 00 00 00 00 00 00 00 00 00  ................ [zeros]
00003B60:  00 00 00 00 00 00 00 00 00 00 00 00 00 00 00 00  ................ [zeros]
00003B70:  00 00 00 00 00 00 00 00 00 00 00 00 00 00 00 00  ................ [zeros]
00003B80:  00 00 00 00 00 00 00 00 00 00 00 00 00 00 00 00  ................ [zeros]
00003B90:  00 00 00 00 00 00 00 00 00 00 00 00 00 00 00 00  ................ [zeros]
00003BA0:  00 00 00 00 00 00 00 00 00 00 00 00 00 00 00 00  ................ [zeros]
00003BB0:  00 00 00 00 00 00 00 00 00 00 00 00 00 00 00 00  ................ [zeros]
00003BC0:  00 00 00 00 00 00 38 FF 5F 7A 41 34 19 03 F4 62  ......8._zA4...b
00003BD0:  81 DB 04 33 C1 7F 4C 4E C2 55 EC 5C 9E C0 DE FD  ...3..LN.U.\....
00003BE0:  D3 9C 9A D6 F9 FE 12 FB EB 20 4B 40 19 2A 1C A2  ......... K@.*..
00003BF0:  5B F2 C1 68 FF 95 DC 59 44 CB 58 5C 58 A5 6C EC  [..h...YD.X\X.l.
00003C00:  36 48 CD A6 24 2E 29 C5 55 AF F3 2F AE 1C 1F 73  6H..$.).U../...s
00003C10:  3A 75 3E BF C3 B6 00 00 00 00 00 00 00 00 00 00  :u>.............
00003C20:  00 00 00 00 00 00 BA E4 BD 1C 0E 6A D3 40 BE 9B  ...........j.@..
00003C30:  F5 7F F6 2B 60 20 64 95 38 AC FE 1E 58 8B 0F 53  ...+` d.8...X..S
00003C40:  8E 49 C5 17 F8 13 C0 21 E6 41 A7 34 73 47 77 6C  .I.....!.A.4sGwl
00003C50:  24 C7 9F 0A D9 9B C4 4D BB 63 4C A3 63 FE 98 52  $......M.cL.c..R
00003C60:  89 72 31 5B 08 BE 29 4B 2B 2A A6 98 70 9D AD A1  .r1[..)K+*..p...
00003C70:  E6 E6 D5 90 37 64 3B 73 23 CE 2D 6C 5D 3D FF 34  ....7d;s#.-l]=.4
00003C80:  D9 3A 18 79 B6 21 5E E4 C0 39 DC 6E 10 EE 12 CD  .:.y.!^..9.n....
00003C90:  20 20 62 50 55 B7 82 55 EC 88 43 BB 9F CC A0 50    bPU..U..C....P
00003CA0:  20 F3 F6 59 3C 10 8B DD FD 00 B3 AF 56 EF FF C6   ..Y<.......V...
00003CB0:  83 ED C8 BC BD 6F 02 65 3F 9C F3 E5 98 16 05 95  .....o.e?.......
00003CC0:  47 39 20 8E E8 0A 00 00 00 00 00 00 00 00 00 00  G9 .............
00003CD0:  00 00 00 00 00 00 00 00 00 00 00 00 00 00 00 00  ................ [zeros]
00003CE0:  00 00 00 00 00 00 00 00 00 00 00 00 00 00 00 00  ................ [zeros]
00003CF0:  00 00 00 00 00 00 00 00 00 00 00 00 00 00 00 00  ................ [zeros]
00003D00:  00 00 00 00 00 00 00 00 00 00 00 00 00 00 00 00  ................ [zeros]
00003D10:  00 00 00 00 00 00 00 00 00 00 00 00 00 00 00 00  ................ [zeros]
00003D20:  00 00 00 00 00 00 00 00 00 00 00 00 00 00 00 00  ................ [zeros]
00003D30:  00 00 00 00 00 00 00 00 00 00 00 00 00 00 00 00  ................ [zeros]
00003D40:  00 00 00 00 00 00 00 00 00 00 00 00 00 00 00 00  ................ [zeros]
00003D50:  00 00 00 00 00 00 00 00 00 00 00 00 00 00 00 00  ................ [zeros]
00003D60:  00 00 00 00 00 00 00 00 00 00 00 00 00 00 00 00  ................ [zeros]
00003D70:  00 00 00 00 00 00 00 00 00 00 00 00 00 00 00 00  ................ [zeros]
00003D80:  00 00 00 00 00 00 AE 8D 1D C1 67 7A E4 5F DA 83  ..........gz._..
00003D90:  68 EE 21 11 69 37 5B 53 0A 4D AB 19 BE 8D 84 2D  h.!.i7[S.M.....-
00003DA0:  B7 40 29 E4 7D E4 6C C0 4C 88 BE 9C 51 27 76 30  .@).}.l.L...Q'v0
00003DB0:  2B DA 63 4A E4 B2 AA 2F 0E 28 00 0C 0C 2D C7 9C  +.cJ.../.(...-..
00003DC0:  B2 A5 BC 32 CB AF 00 00 00 00 00 00 00 00 00 00  ...2............
00003DD0:  00 00 00 00 00 00 00 00 00 00 00 00 00 00 00 00  ................ [zeros]
00003DE0:  00 00 00 00 00 00 00 00 00 00 00 00 00 00 00 00  ................ [zeros]
00003DF0:  00 00 00 00 00 00 00 00 00 00 00 00 00 00 00 00  ................ [zeros]
00003E00:  00 00 00 00 00 00 00 00 00 00 00 00 00 00 00 00  ................ [zeros]
00003E10:  00 00 00 00 00 00 00 00 00 00 00 00 00 00 00 00  ................ [zeros]
00003E20:  00 00 00 00 00 00 00 00 00 00 00 00 00 00 00 00  ................ [zeros]
00003E30:  00 00 00 00 00 00 00 00 00 00 00 00 00 00 00 00  ................ [zeros]
00003E40:  00 00 00 00 00 00 00 00 00 00 00 00 00 00 00 00  ................ [zeros]
00003E50:  00 00 00 00 00 00 00 00 00 00 00 00 00 00 00 00  ................ [zeros]
00003E60:  00 00 00 00 00 00 00 00 00 00 00 00 00 00 00 00  ................ [zeros]
00003E70:  00 00 00 00 00 00 00 00 00 00 00 00 00 00 00 00  ................ [zeros]
00003E80:  00 00 00 00 00 00 00 00 00 00 00 00 00 00 00 00  ................ [zeros]
00003E90:  00 00 00 00 00 00 00 00 00 00 00 00 00 00 00 00  ................ [zeros]
00003EA0:  00 00 00 00 00 00 00 00 00 00 00 00 00 00 00 00  ................ [zeros]
00003EB0:  00 00 00 00 00 00 27 71 6F 6B 04 E4 88 6A 79 E6  ......'qok...jy.
00003EC0:  7A 71 F1 7A 2F 64 2A 60 F3 40 7B 65 08 E8 12 B7  zq.z/d*`.@{e....
00003ED0:  33 B6 E0 CD 08 07 00 00 00 00 00 00 00 00 00 00  3...............
00003EE0:  00 00 00 00 00 00 00 00 00 00 00 00 00 00 00 00  ................ [zeros]
00003EF0:  00 00 00 00 00 00 00 00 00 00 00 00 00 00 00 00  ................ [zeros]
00003F00:  00 00 00 00 00 00 00 00 00 00 00 00 00 00 00 00  ................ [zeros]
00003F10:  00 00 00 00 00 00 12 94 46 6B AA 8D AB B1 9F B4  ........Fk......
00003F20:  01 B8 70 68 34 48 36 7E 81 E9 E1 EB 26 D0 4E F4  ..ph4H6~....&.N.
00003F30:  9E 65 87 C2 EC 43 B3 97 31 23 E8 12 F6 6C 56 50  .e...C..1#...lVP
00003F40:  38 5D B6 A8 22 2C 8C 06 F5 FE 12 0E F0 6E F3 20  8]..",.......n. 
00003F50:  4D 1D FF 43 5A F9 00 00 00 00 00 00 00 00 00 00  M..CZ...........
00003F60:  00 00 00 00 00 00 00 00 00 00 00 00 00 00 00 00  ................ [zeros]
00003F70:  00 00 00 00 00 00 00 00 00 00 00 00 00 00 00 00  ................ [zeros]
00003F80:  00 00 00 00 00 00 00 00 00 00 00 00 00 00 00 00  ................ [zeros]
00003F90:  00 00 00 00 00 00 00 00 00 00 00 00 00 00 00 00  ................ [zeros]
00003FA0:  00 00 00 00 00 00 00 00 00 00 00 00 00 00 00 00  ................ [zeros]
00003FB0:  00 00 00 00 00 00 00 00 00 00 00 00 00 00 00 00  ................ [zeros]
00003FC0:  00 00 00 00 00 00 00 00 00 00 00 00 00 00 00 00  ................ [zeros]
00003FD0:  00 00 00 00 00 00 00 00 00 00 00 00 00 00 00 00  ................ [zeros]
00003FE0:  00 00 00 00 00 00 00 00 00 00 00 00 00 00 00 00  ................ [zeros]
00003FF0:  00 00 00 00 00 00 00 00 00 00 00 00 00 00 00 00  ................ [zeros]
00004000:  00 00 00 00 00 00 00 00 00 00 00 00 00 00 00 00  ................ [zeros]
00004010:  00 00 00 00 00 00 00 00 00 00 00 00 00 00 00 00  ................ [zeros]
00004020:  00 00 00 00 00 00 00 00 00 00 00 00 00 00 00 00  ................ [zeros]
00004030:  00 00 00 00 00 00 00 00 00 00 00 00 00 00 00 00  ................ [zeros]
00004040:  00 00 00 00 00 00 00 00 00 00 00 00 00 00 00 00  ................ [zeros]
00004050:  00 00 00 00 00 00 3C D8 AA 57 98 46 4F 2B 66 2E  ......<..W.FO+f.
00004060:  6D 39 0A 3D CF 31 0D AA 89 72 F8 4D F7 0E 18 4B  m9.=.1...r.M...K
00004070:  ED 8E 08 F7 96 1E C4 41 F8 51 A4 71 E6 7D D6 10  .......A.Q.q.}..
00004080:  DC E9 85 64 8A 20 7C 3C 75 B3 C5 96 3A 26 95 8D  ...d. |<u...:&..
00004090:  AB 4C 45 6E A0 75 41 13 3C 62 7A CF 9F AE D0 2C  .LEn.uA.<bz....,
000040A0:  59 43 BC 34 FA DE F3 C6 BC B3 5E 07 65 9C 8A 42  YC.4......^.e..B
000040B0:  FE C4 DB 2A 83 35 A0 05 1C 64 13 C8 60 A0 DF 9A  ...*.5...d..`...
000040C0:  C4 8F E7 FB 9B 4E 14 6D C2 13 54 CF C7 0C 99 8D  .....N.m..T.....
000040D0:  6C F3 26 B9 39 2F D5 D0 DF A7 AC E6 FA B3 7E 2F  l.&.9/........~/
000040E0:  6A 15 53 0C DF 9C 7C 3C 75 B3 C5 96 3A 26 95 8D  j.S...|<u...:&..
000040F0:  AB 4C 45 6E A0 75 10 34 70 2C C6 F6 47 6F BF BB  .LEn.u.4p,..Go..
00004100:  ED 68 F3 C9 9A DB 8D AD 0F 26 80 BF D1 DD 56 DA  .h.......&....V.
00004110:  CC 60 C2 38 80 4F DB FC F8 D8 0D 52 19 94 27 A8  .`.8.O.....R..'.
00004120:  85 85 BC 2B 21 08 3D 04 86 E3 60 50 39 02 21 FD  ...+!.=...`P9.!.
00004130:  AE 17 B6 A6 04 B2 00 00 00 00 00 00 00 00 00 00  ................
00004140:  00 00 00 00 00 00 00 00 00 00 00 00 00 00 00 00  ................ [zeros]
00004150:  00 00 00 00 00 00 00 00 00 00 00 00 00 00 00 00  ................ [zeros]
00004160:  00 00 00 00 00 00 00 00 00 00 00 00 00 00 00 00  ................ [zeros]
00004170:  00 00 00 00 00 00 00 00 00 00 00 00 00 00 00 00  ................ [zeros]
00004180:  00 00 00 00 00 00 00 00 00 00 00 00 00 00 00 00  ................ [zeros]
00004190:  00 00 00 00 00 00 00 00 00 00 00 00 00 00 00 00  ................ [zeros]
000041A0:  00 00 00 00 00 00 00 00 00 00 00 00 00 00 00 00  ................ [zeros]
000041B0:  00 00 00 00 00 00 00 00 00 00 00 00 00 00 00 00  ................ [zeros]
000041C0:  00 00 00 00 00 00 00 00 00 00 00 00 00 00 00 00  ................ [zeros]
000041D0:  00 00 00 00 00 00 00 00 00 00 00 00 00 00 00 00  ................ [zeros]
000041E0:  00 00 00 00 00 00 00 00 00 00 00 00 00 00 00 00  ................ [zeros]
000041F0:  00 00 00 00 00 00 00 00 00 00 00 00 00 00 00 00  ................ [zeros]
00004200:  00 00 00 00 00 00 00 00 00 00 00 00 00 00 00 00  ................ [zeros]
00004210:  00 00 00 00 00 00 00 00 00 00 00 00 00 00 00 00  ................ [zeros]
00004220:  00 00 00 00 00 00 00 00 00 00 00 00 00 00 00 00  ................ [zeros]
00004230:  00 00 00 00 00 00 00 00 00 00 00 00 00 00 00 00  ................ [zeros]
00004240:  00 00 00 00 00 00 00 00 00 00 00 00 00 00 00 00  ................ [zeros]
00004250:  00 00 00 00 00 00 00 00 00 00 00 00 00 00 00 00  ................ [zeros]
00004260:  00 00 00 00 00 00 00 00 00 00 00 00 00 00 00 00  ................ [zeros]
00004270:  00 00 00 00 00 00 00 00 00 00 00 00 00 00 00 00  ................ [zeros]
00004280:  00 00 00 00 00 00 00 00 00 00 00 00 00 00 00 00  ................ [zeros]
00004290:  00 00 00 00 00 00 00 00 00 00 00 00 00 00 00 00  ................ [zeros]
000042A0:  00 00 00 00 00 00 00 00 00 00 00 00 00 00 00 00  ................ [zeros]
000042B0:  00 00 00 00 00 00 00 00 00 00 00 00 00 00 00 00  ................ [zeros]
000042C0:  00 00 00 00 00 00 00 00 00 00 00 00 00 00 00 00  ................ [zeros]
000042D0:  00 00 00 00 00 00 00 00 00 00 00 00 00 00 00 00  ................ [zeros]
000042E0:  00 00 00 00 00 00 00 00 00 00 00 00 00 00 00 00  ................ [zeros]
000042F0:  00 00 00 00 00 00 00 00 00 00 00 00 00 00 00 00  ................ [zeros]
00004300:  00 00 00 00 00 00 00 00 00 00 00 00 00 00 00 00  ................ [zeros]
00004310:  00 00 00 00 00 00 00 00 00 00 00 00 00 00 00 00  ................ [zeros]
00004320:  00 00 00 00 00 00 00 00 00 00 00 00 00 00 00 00  ................ [zeros]
00004330:  00 00 00 00 00 00 00 00 00 00 00 00 00 00 00 00  ................ [zeros]
00004340:  00 00 00 00 00 00 00 00 00 00 00 00 00 00 00 00  ................ [zeros]
00004350:  00 00 00 00 00 00 00 00 00 00 00 00 00 00 00 00  ................ [zeros]
00004360:  00 00 00 00 00 00 00 00 00 00 00 00 00 00 00 00  ................ [zeros]
00004370:  00 00 00 00 00 00 00 00 00 00 00 00 00 00 00 00  ................ [zeros]
00004380:  00 00 00 00 00 00 00 00 00 00 00 00 00 00 00 00  ................ [zeros]
00004390:  00 00 00 00 00 00 00 00 00 00 00 00 00 00 00 00  ................ [zeros]
000043A0:  00 00 00 00 00 00 00 00 00 00 00 00 00 00 00 00  ................ [zeros]
000043B0:  00 00 00 00 00 00 00 00 00 00 00 00 00 00 00 00  ................ [zeros]
000043C0:  00 00 00 00 00 00 00 00 00 00 00 00 00 00 00 00  ................ [zeros]
000043D0:  00 00 00 00 00 00 00 00 00 00 00 00 00 00 00 00  ................ [zeros]
000043E0:  00 00 00 00 00 00 00 00 00 00 00 00 00 00 00 00  ................ [zeros]
000043F0:  00 00 00 00 00 00 00 00 00 00 00 00 00 00 00 00  ................ [zeros]
00004400:  00 00 00 00 00 00 00 00 00 00 00 00 00 00 00 00  ................ [zeros]
00004410:  00 00 00 00 00 00 00 00 00 00 00 00 00 00 00 00  ................ [zeros]
00004420:  00 00 00 00 00 00 00 00 00 00 00 00 00 00 00 00  ................ [zeros]
00004430:  00 00 00 00 00 00 00 00 00 00 00 00 00 00 00 00  ................ [zeros]
00004440:  00 00 00 00 00 00 00 00 00 00 00 00 00 00 00 00  ................ [zeros]
00004450:  00 00 00 00 00 00 00 00 00 00 00 00 00 00 00 00  ................ [zeros]
00004460:  00 00 00 00 00 00 00 00 00 00 00 00 00 00 00 00  ................ [zeros]
00004470:  00 00 00 00 00 00 00 00 00 00 00 00 00 00 00 00  ................ [zeros]
00004480:  00 00 00 00 00 00 00 00 00 00 00 00 00 00 00 00  ................ [zeros]
00004490:  00 00 00 00 00 00 00 00 00 00 00 00 00 00 00 00  ................ [zeros]
000044A0:  00 00 00 00 00 00 00 00 00 00 00 00 00 00 00 00  ................ [zeros]
000044B0:  00 00 00 00 00 00 00 00 00 00 00 00 00 00 00 00  ................ [zeros]
000044C0:  00 00 00 00 00 00 00 00 00 00 00 00 00 00 00 00  ................ [zeros]
000044D0:  00 00 00 00 00 00 00 00 00 00 00 00 00 00 00 00  ................ [zeros]
000044E0:  00 00 00 00 00 00 00 00 00 00 00 00 00 00 00 00  ................ [zeros]
000044F0:  00 00 00 00 00 00 00 00 00 00 00 00 00 00 00 00  ................ [zeros]
00004500:  00 00 00 00 00 00 00 00 00 00 00 00 00 00 00 00  ................ [zeros]
00004510:  00 00 00 00 00 00 00 00 00 00 00 00 00 00 00 00  ................ [zeros]
00004520:  00 00 00 00 00 00 00 00 00 00 00 00 00 00 00 00  ................ [zeros]
00004530:  00 00 00 00 00 00 00 00 00 00 00 00 00 00 00 00  ................ [zeros]
00004540:  00 00 00 00 00 00 00 00 00 00 00 00 00 00 00 00  ................ [zeros]
00004550:  00 00 00 00 00 00 00 00 00 00 00 00 00 00 00 00  ................ [zeros]
00004560:  00 00 00 00 00 00 00 00 00 00 00 00 00 00 00 00  ................ [zeros]
00004570:  00 00 00 00 00 00 00 00 00 00 00 00 00 00 00 00  ................ [zeros]
00004580:  00 00 00 00 00 00 00 00 00 00 00 00 00 00 00 00  ................ [zeros]
00004590:  00 00 00 00 00 00 00 00 00 00 00 00 00 00 00 00  ................ [zeros]
000045A0:  00 00 00 00 00 00 00 00 00 00 00 00 00 00 00 00  ................ [zeros]
000045B0:  00 00 00 00 00 00 00 00 00 00 00 00 00 00 00 00  ................ [zeros]
000045C0:  00 00 00 00 00 00 00 00 00 00 00 00 00 00 00 00  ................ [zeros]
000045D0:  00 00 00 00 00 00 00 00 00 00 00 00 00 00 00 00  ................ [zeros]
000045E0:  00 00 00 00 00 00 00 00 00 00 00 00 00 00 00 00  ................ [zeros]
000045F0:  00 00 00 00 00 00 00 00 00 00 00 00 00 00 00 00  ................ [zeros]
00004600:  00 00 00 00 00 00 00 00 00 00 00 00 00 00 00 00  ................ [zeros]
00004610:  00 00 00 00 00 00 00 00 00 00 00 00 00 00 00 00  ................ [zeros]
00004620:  00 00 00 00 00 00 00 00 00 00 00 00 00 00 00 00  ................ [zeros]
00004630:  00 00 00 00 00 00 00 00 00 00 00 00 00 00 00 00  ................ [zeros]
00004640:  00 00 00 00 00 00 00 00 00 00 00 00 00 00 00 00  ................ [zeros]
00004650:  00 00 00 00 00 00 00 00 00 00 00 00 00 00 00 00  ................ [zeros]
00004660:  00 00 00 00 00 00 00 00 00 00 00 00 00 00 00 00  ................ [zeros]
00004670:  00 00 00 00 00 00 00 00 00 00 00 00 00 00 00 00  ................ [zeros]
00004680:  00 00 00 00 00 00 00 00 00 00 00 00 00 00 00 00  ................ [zeros]
00004690:  00 00 00 00 00 00 00 00 00 00 00 00 00 00 00 00  ................ [zeros]
000046A0:  00 00 00 00 00 00 00 00 00 00 00 00 00 00 00 00  ................ [zeros]
000046B0:  00 00 00 00 00 00 00 00 00 00 00 00 00 00 00 00  ................ [zeros]
000046C0:  00 00 00 00 00 00 00 00 00 00 00 00 00 00 00 00  ................ [zeros]
000046D0:  00 00 00 00 00 00 00 00 00 00 00 00 00 00 00 00  ................ [zeros]
000046E0:  00 00 00 00 00 00 00 00 00 00 00 00 00 00 00 00  ................ [zeros]
000046F0:  00 00 00 00 00 00 00 00 00 00 00 00 00 00 00 00  ................ [zeros]
00004700:  00 00 00 00 00 00 00 00 00 00 00 00 00 00 00 00  ................ [zeros]
00004710:  00 00 00 00 00 00 00 00 00 00 00 00 00 00 00 00  ................ [zeros]
00004720:  00 00 00 00 00 00 B8 87 79 77 AA 5B 0A 05 48 9F  ........yw.[..H.
00004730:  85 9C 41 31 E6 A8 41 61 08 59 C2 C4 B2 A1 DC E4  ..A1..Aa.Y......
00004740:  B2 02 0A 4B 33 EF 29 41 6D 98 DE 00 55 D4 11 78  ...K3.)Am...U..x
00004750:  1A BD 2D 31 F0 9C 62 B0 CA 05 42 1F BF 5B E7 C4  ..-1..b...B..[..
00004760:  F6 ED B6 36 AB CF 62 B0 CA 05 42 1F BF 5B E7 C4  ...6..b...B..[..
00004770:  F6 ED B6 36 AB CF 62 B0 CA 05 42 1F BF 5B E7 C4  ...6..b...B..[..
00004780:  F6 ED B6 36 AB CF 62 B0 CA 05 42 1F BF 5B E7 C4  ...6..b...B..[..
00004790:  F6 ED B6 36 AB CF 62 B0 CA 05 42 1F BF 5B E7 C4  ...6..b...B..[..
000047A0:  F6 ED B6 36 AB CF 62 B0 CA 05 42 1F BF 5B E7 C4  ...6..b...B..[..
000047B0:  F6 ED B6 36 AB CF 62 B0 CA 05 42 1F BF 5B E7 C4  ...6..b...B..[..
000047C0:  F6 ED B6 36 AB CF 62 B0 CA 05 42 1F BF 5B E7 C4  ...6..b...B..[..
000047D0:  F6 ED B6 36 AB CF 62 B0 CA 05 42 1F BF 5B E7 C4  ...6..b...B..[..
000047E0:  F6 ED B6 36 AB CF 62 B0 CA 05 42 1F BF 5B E7 C4  ...6..b...B..[..
000047F0:  F6 ED B6 36 AB CF 62 B0 CA 05 42 1F BF 5B E7 C4  ...6..b...B..[..
00004800:  F6 ED B6 36 AB CF 62 B0 CA 05 42 1F BF 5B E7 C4  ...6..b...B..[..
00004810:  F6 ED B6 36 AB CF 62 B0 CA 05 42 1F BF 5B E7 C4  ...6..b...B..[..
00004820:  F6 ED B6 36 AB CF 62 B0 CA 05 42 1F BF 5B E7 C4  ...6..b...B..[..
00004830:  F6 ED B6 36 AB CF 33 10 F5 6C 56 44 5B 00 94 17  ...6..3..lVD[...
00004840:  3F 7C E9 A6 56 18 1B 9D 4D 78 D2 52 4C 6B E5 D9  ?|..V...Mx.RLk..
00004850:  5F C0 00 54 9C 7D 00 00 00 00 00 00 00 00 00 00  _..T.}..........
00004860:  00 00 00 00 00 00 00 00 00 00 00 00 00 00 00 00  ................ [zeros]
00004870:  00 00 00 00 00 00 00 00 00 00 00 00 00 00 00 00  ................ [zeros]
00004880:  00 00 00 00 00 00 00 00 00 00 00 00 00 00 00 00  ................ [zeros]
00004890:  00 00 00 00 00 00 00 00 00 00 00 00 00 00 00 00  ................ [zeros]
000048A0:  00 00 00 00 00 00 00 00 00 00 00 00 00 00 00 00  ................ [zeros]
000048B0:  00 00 00 00 00 00 00 00 00 00 00 00 00 00 00 00  ................ [zeros]
000048C0:  00 00 00 00 00 00 00 00 00 00 00 00 00 00 00 00  ................ [zeros]
000048D0:  00 00 00 00 00 00 00 00 00 00 00 00 00 00 00 00  ................ [zeros]
000048E0:  00 00 00 00 00 00 00 00 00 00 00 00 00 00 00 00  ................ [zeros]
000048F0:  00 00 00 00 00 00 00 00 00 00 00 00 00 00 00 00  ................ [zeros]
00004900:  00 00 00 00 00 00 00 00 00 00 00 00 00 00 00 00  ................ [zeros]
00004910:  00 00 00 00 00 00 00 00 00 00 00 00 00 00 00 00  ................ [zeros]
00004920:  00 00 00 00 00 00 00 00 00 00 00 00 00 00 00 00  ................ [zeros]
00004930:  00 00 00 00 00 00 00 00 00 00 00 00 00 00 00 00  ................ [zeros]
00004940:  00 00 00 00 00 00 00 00 00 00 00 00 00 00 00 00  ................ [zeros]
00004950:  00 00 00 00 00 00 16 BA A7 28 49 2E CA 1E B1 71  .........(I....q
00004960:  83 F9 E7 B1 73 B9 62 B0 CA 05 42 1F BF 5B E7 C4  ....s.b...B..[..
00004970:  F6 ED B6 36 AB CF 62 B0 CA 05 42 1F BF 5B E7 C4  ...6..b...B..[..
00004980:  F6 ED B6 36 AB CF 62 B0 CA 05 42 1F BF 5B E7 C4  ...6..b...B..[..
00004990:  F6 ED B6 36 AB CF 62 B0 CA 05 42 1F BF 5B E7 C4  ...6..b...B..[..
000049A0:  F6 ED B6 36 AB CF 62 B0 CA 05 42 1F BF 5B E7 C4  ...6..b...B..[..
000049B0:  F6 ED B6 36 AB CF 62 B0 CA 05 42 1F BF 5B E7 C4  ...6..b...B..[..
000049C0:  F6 ED B6 36 AB CF 62 B0 CA 05 42 1F BF 5B E7 C4  ...6..b...B..[..
000049D0:  F6 ED B6 36 AB CF 62 B0 CA 05 42 1F BF 5B E7 C4  ...6..b...B..[..
000049E0:  F6 ED B6 36 AB CF 62 B0 CA 05 42 1F BF 5B E7 C4  ...6..b...B..[..
000049F0:  F6 ED B6 36 AB CF 62 B0 CA 05 42 1F BF 5B E7 C4  ...6..b...B..[..
00004A00:  F6 ED B6 36 AB CF 62 B0 CA 05 42 1F BF 5B E7 C4  ...6..b...B..[..
00004A10:  F6 ED B6 36 AB CF 62 B0 CA 05 42 1F BF 5B E7 C4  ...6..b...B..[..
00004A20:  F6 ED B6 36 AB CF 62 B0 CA 05 42 1F BF 5B E7 C4  ...6..b...B..[..
00004A30:  F6 ED B6 36 AB CF 62 B0 CA 05 42 1F BF 5B E7 C4  ...6..b...B..[..
00004A40:  F6 ED B6 36 AB CF 62 B0 CA 05 42 1F BF 5B E7 C4  ...6..b...B..[..
00004A50:  F6 ED B6 36 AB CF A2 42 36 6B 26 8F 08 91 77 E8  ...6...B6k&...w.
00004A60:  F2 E8 1C 12 62 4B 62 B0 CA 05 42 1F BF 5B E7 C4  ....bKb...B..[..
00004A70:  F6 ED B6 36 AB CF 62 B0 CA 05 42 1F BF 5B E7 C4  ...6..b...B..[..
00004A80:  F6 ED B6 36 AB CF 62 B0 CA 05 42 1F BF 5B E7 C4  ...6..b...B..[..
00004A90:  F6 ED B6 36 AB CF 62 B0 CA 05 42 1F BF 5B E7 C4  ...6..b...B..[..
00004AA0:  F6 ED B6 36 AB CF 62 B0 CA 05 42 1F BF 5B E7 C4  ...6..b...B..[..
00004AB0:  F6 ED B6 36 AB CF 62 B0 CA 05 42 1F BF 5B E7 C4  ...6..b...B..[..
00004AC0:  F6 ED B6 36 AB CF 62 B0 CA 05 42 1F BF 5B E7 C4  ...6..b...B..[..
00004AD0:  F6 ED B6 36 AB CF 62 B0 CA 05 42 1F BF 5B E7 C4  ...6..b...B..[..
00004AE0:  F6 ED B6 36 AB CF 62 B0 CA 05 42 1F BF 5B E7 C4  ...6..b...B..[..
00004AF0:  F6 ED B6 36 AB CF 62 B0 CA 05 42 1F BF 5B E7 C4  ...6..b...B..[..
00004B00:  F6 ED B6 36 AB CF 62 B0 CA 05 42 1F BF 5B E7 C4  ...6..b...B..[..
00004B10:  F6 ED B6 36 AB CF 62 B0 CA 05 42 1F BF 5B E7 C4  ...6..b...B..[..
00004B20:  F6 ED B6 36 AB CF 62 B0 CA 05 42 1F BF 5B E7 C4  ...6..b...B..[..
00004B30:  F6 ED B6 36 AB CF 62 B0 CA 05 42 1F BF 5B E7 C4  ...6..b...B..[..
00004B40:  F6 ED B6 36 AB CF 62 B0 CA 05 42 1F BF 5B E7 C4  ...6..b...B..[..
00004B50:  F6 ED B6 36 AB CF 64 49 30 1D DD 29 1D 56 FB 39  ...6..dI0..).V.9
00004B60:  3C 38 C5 E5 F2 10 00 00 00 00 00 00 00 00 00 00  <8..............
00004B70:  00 00 00 00 00 00 00 00 00 00 00 00 00 00 00 00  ................ [zeros]
00004B80:  00 00 00 00 00 00 00 00 00 00 00 00 00 00 00 00  ................ [zeros]
00004B90:  00 00 00 00 00 00 00 00 00 00 00 00 00 00 00 00  ................ [zeros]
00004BA0:  00 00 00 00 00 00 39 98 E5 26 6F 76 02 0E A2 6F  ......9..&ov...o
00004BB0:  0A 33 37 1F 20 1A 16 52 F9 57 37 92 80 BF 1E D1  .37. ..R.W7.....
00004BC0:  21 F1 6C 6A 7B 6F 16 52 F9 57 37 92 80 BF 1E D1  !.lj{o.R.W7.....
00004BD0:  21 F1 6C 6A 7B 6F 09 EC C1 EE 22 6F 94 55 25 39  !.lj{o...."o.U%9
00004BE0:  2D 4A FC 88 9A E2 95 5F BC A4 91 95 4A 75 FA A1  -J....._....Ju..
00004BF0:  00 53 A5 A2 E6 3B 9F FA E9 B9 06 36 BD D7 33 C2  .S...;.....6..3.
00004C00:  EE 07 EE 8A F0 CA 02 28 A6 1E 34 6F 67 EA 8B A3  .......(..4og...
00004C10:  82 FF D0 A1 5F 75 D8 00 77 04 A5 FA B4 7E 67 3D  ...._u..w....~g=
00004C20:  2A 47 6C 27 E2 8E 5F D5 23 75 9D 1C A9 26 F5 98  *Gl'.._.#u...&..
00004C30:  B7 32 3D 0F 13 DF 00 00 00 00 00 00 00 00 00 00  .2=.............
00004C40:  00 00 00 00 00 00 00 00 00 00 00 00 00 00 00 00  ................ [zeros]
00004C50:  00 00 00 00 00 00 00 00 00 00 00 00 00 00 00 00  ................ [zeros]
00004C60:  00 00 00 00 00 00 00 00 00 00 00 00 00 00 00 00  ................ [zeros]
00004C70:  00 00 00 00 00 00 00 00 00 00 00 00 00 00 00 00  ................ [zeros]
00004C80:  00 00 00 00 00 00 00 00 00 00 00 00 00 00 00 00  ................ [zeros]
00004C90:  00 00 00 00 00 00 00 00 00 00 00 00 00 00 00 00  ................ [zeros]
00004CA0:  00 00 00 00 00 00 00 00 00 00 00 00 00 00 00 00  ................ [zeros]
00004CB0:  00 00 00 00 00 00 00 00 00 00 00 00 00 00 00 00  ................ [zeros]
00004CC0:  00 00 00 00 00 00 00 00 00 00 00 00 00 00 00 00  ................ [zeros]
00004CD0:  00 00 00 00 00 00 00 00 00 00 00 00 00 00 00 00  ................ [zeros]
00004CE0:  00 00 00 00 00 00 00 00 00 00 00 00 00 00 00 00  ................ [zeros]
00004CF0:  00 00 00 00 00 00 F3 C6 BC B3 5E 07 65 9C 8A 42  ..........^.e..B
00004D00:  FE C4 DB 2A 83 35 4C 9A 94 F6 89 AE 47 0A 53 69  ...*.5L.....G.Si
00004D10:  7A E3 79 6C 5E 54 EC AE 14 00 7F D9 0F BB 8E 76  z.yl^T.........v
00004D20:  FA 4B 38 80 31 E2 61 CA 8C 86 96 27 B9 25 67 4A  .K8.1.a....'.%gJ
00004D30:  AB 20 9A 79 4E 02 2B 45 42 DD BE 79 AB 22 62 28  . .yN.+EB..y."b(
00004D40:  48 1D DD 93 E6 CB 00 8D C0 5E D1 FC C8 94 B8 26  H........^.....&
00004D50:  86 BB B8 80 E5 05 24 57 E9 5C 9A DD 79 EC 6A 3A  ......$W.\..y.j:
00004D60:  DF B6 88 3F 1C E4 31 0C 1C FC 2F 60 1C 63 7B B8  ...?..1.../`.c{.
00004D70:  56 03 A7 B3 26 64 04 6E 0B 02 3C 54 D1 FB 6C 37  V...&d.n..<T..l7
00004D80:  D3 E5 71 37 11 56 00 00 00 00 00 00 00 00 00 00  ..q7.V..........
00004D90:  00 00 00 00 00 00 00 00 00 00 00 00 00 00 00 00  ................ [zeros]
00004DA0:  00 00 00 00 00 00 43 AE 00 2A 8D F2 9C B1 50 50  ......C..*....PP
00004DB0:  17 A2 6E EA F1 7B E8 69 45 58 9E D6 49 AB 3F C0  ..n..{.iEX..I.?.
00004DC0:  7A 0D D7 B3 BB 00 EC BD 2E 77 C8 0C E9 28 A1 35  z........w...(.5
00004DD0:  D3 BD 38 2F 27 44 82 F0 5A DB 8C DE 78 73 E7 36  ..8/'D..Z...xs.6
00004DE0:  F7 1A C9 DC 3A 1C 00 00 00 00 00 00 00 00 00 00  ....:...........
00004DF0:  00 00 00 00 00 00 9B 8A 9B 18 D8 41 30 DD A1 E8  ...........A0...
00004E00:  41 99 70 E3 2E B1 26 06 EC 7A 5E EF 5D E4 A2 3A  A.p...&..z^.]..:
00004E10:  A3 DF 2B C7 F5 BB EC E8 0B 98 34 03 AF 15 60 C4  ..+.......4...`.
00004E20:  37 E6 4C 75 01 41 1B BA CE BF CB 66 56 72 58 48  7.Lu.A.....fVrXH
00004E30:  9D 3A 4B 33 BE B4 B0 37 0C 4D 99 09 72 7F A4 44  .:K3...7.M..r..D
00004E40:  0C 1C 6C 50 76 D2 03 DC C6 F3 FC 26 60 32 66 8E  ..lPv......&`2f.
00004E50:  A8 E3 9A 4C D4 32 EC BD 2E 77 C8 0C E9 28 A1 35  ...L.2...w...(.5
00004E60:  D3 BD 38 2F 27 44 00 00 00 00 00 00 00 00 00 00  ..8/'D..........
00004E70:  00 00 00 00 00 00 00 00 00 00 00 00 00 00 00 00  ................ [zeros]
00004E80:  00 00 00 00 00 00 00 00 00 00 00 00 00 00 00 00  ................ [zeros]
00004E90:  00 00 00 00 00 00 00 00 00 00 00 00 00 00 00 00  ................ [zeros]
00004EA0:  00 00 00 00 00 00 00 00 00 00 00 00 00 00 00 00  ................ [zeros]
00004EB0:  00 00 00 00 00 00 00 00 00 00 00 00 00 00 00 00  ................ [zeros]
00004EC0:  00 00 00 00 00 00 00 00 00 00 00 00 00 00 00 00  ................ [zeros]
00004ED0:  00 00 00 00 00 00 00 00 00 00 00 00 00 00 00 00  ................ [zeros]
00004EE0:  00 00 00 00 00 00 00 00 00 00 00 00 00 00 00 00  ................ [zeros]
00004EF0:  00 00 00 00 00 00 00 00 00 00 00 00 00 00 00 00  ................ [zeros]
00004F00:  00 00 00 00 00 00 00 00 00 00 00 00 00 00 00 00  ................ [zeros]
00004F10:  00 00 00 00 00 00 00 00 00 00 00 00 00 00 00 00  ................ [zeros]
00004F20:  00 00 00 00 00 00 00 00 00 00 00 00 00 00 00 00  ................ [zeros]
00004F30:  00 00 00 00 00 00 66 3F 37 6F C1 69 69 EF 7C 41  ......f?7o.ii.|A
00004F40:  55 6F 19 FD AE A9 94 00 6B 3C D6 C9 F9 03 B8 D9  Uo......k<......
00004F50:  A9 3C 7C 40 FD FF 3E 3A BD 86 DD B6 96 BD 67 11  .<|@..>:......g.
00004F60:  8A 1E 0E 91 FD FC 95 2E 68 F1 6E 3A 7A DE 96 63  ........h.n:z..c
00004F70:  52 6E 07 8C B5 BC 94 00 6B 3C D6 C9 F9 03 B8 D9  Rn......k<......
00004F80:  A9 3C 7C 40 FD FF 3E 3A BD 86 DD B6 96 BD 67 11  .<|@..>:......g.
00004F90:  8A 1E 0E 91 FD FC 95 2E 68 F1 6E 3A 7A DE 96 63  ........h.n:z..c
00004FA0:  52 6E 07 8C B5 BC 96 23 99 67 E3 73 25 3C 7A 19  Rn.....#.g.s%<z.
00004FB0:  1A 69 98 46 B2 26 61 23 65 09 50 C4 6A 4D 57 0B  .i.F.&a#e.P.jMW.
00004FC0:  77 81 9A 95 7C 58 A8 EF 4D E4 D8 4C 09 EF DB E5  w...|X..M..L....
00004FD0:  06 22 5C 2A FE 29 4F D3 52 1C EE E7 A4 24 EF B8  ."\*.)O.R....$..
00004FE0:  A6 1B 1D 21 B7 4B 24 39 6B F5 85 73 F7 A2 6E 2E  ...!.K$9k..s..n.
00004FF0:  7F 11 D9 CF 54 08 E5 72 E1 3C 4E 0C CF 0B FD E3  ....T..r.<N.....
00005000:  D9 21 B2 C1 B3 33 C7 64 12 88 04 FA B6 80 4A 8A  .!...3.d......J.
00005010:  2A D0 FD 40 9E AD 2A 84 1D 13 20 3F 2C 0A 0B EF  *..@..*... ?,...
00005020:  D4 07 D0 E5 7D AA 00 00 00 00 00 00 00 00 00 00  ....}...........
00005030:  00 00 00 00 00 00 54 D5 57 CC ED 69 77 7C 40 D7  ......T.W..iw|@.
00005040:  68 EA 13 D5 53 49 59 C0 16 E7 49 20 C8 7C 12 53  h...SIY...I .|.S
00005050:  95 9B 91 D9 A2 A5 DC B1 61 E1 43 0A 6B F4 DB 24  ........a.C.k..$
00005060:  03 52 17 5F 66 76 F2 A9 20 5B 43 B4 F4 6A B0 4C  .R._fv.. [C..j.L
00005070:  1B 6A 45 29 E8 19 A8 3B E4 8E 5B C9 33 9B B7 B7  .jE)...;..[.3...
00005080:  58 FA 24 07 2A EB 88 2D FF 63 88 CA C2 76 50 8F  X.$.*..-.c...vP.
00005090:  D3 5A 44 44 4A 8D 78 43 A5 BE E0 99 8D CA 53 0C  .ZDDJ.xC......S.
000050A0:  B7 EC FC 01 A6 A6 22 C6 29 62 90 F9 1F E0 1D 09  ......".)b......
000050B0:  5A 4D B2 A3 43 38 03 DC C6 F3 FC 26 60 32 66 8E  ZM..C8.....&`2f.
000050C0:  A8 E3 9A 4C D4 32 00 00 00 00 00 00 00 00 00 00  ...L.2..........
000050D0:  00 00 00 00 00 00 EC E8 0B 98 34 03 AF 15 60 C4  ..........4...`.
000050E0:  37 E6 4C 75 01 41 82 F0 5A DB 8C DE 78 73 E7 36  7.Lu.A..Z...xs.6
000050F0:  F7 1A C9 DC 3A 1C 00 00 00 00 00 00 00 00 00 00  ....:...........
00005100:  00 00 00 00 00 00 B0 37 0C 4D 99 09 72 7F A4 44  .......7.M..r..D
00005110:  0C 1C 6C 50 76 D2 00 00 00 00 00 00 00 00 00 00  ..lPv...........
00005120:  00 00 00 00 00 00 26 06 EC 7A 5E EF 5D E4 A2 3A  ......&..z^.]..:
00005130:  A3 DF 2B C7 F5 BB EC BD 2E 77 C8 0C E9 28 A1 35  ..+......w...(.5
00005140:  D3 BD 38 2F 27 44 00 00 00 00 00 00 00 00 00 00  ..8/'D..........
00005150:  00 00 00 00 00 00 1B BA CE BF CB 66 56 72 58 48  ...........fVrXH
00005160:  9D 3A 4B 33 BE B4 00 00 00 00 00 00 00 00 00 00  .:K3............
00005170:  00 00 00 00 00 00 9B 8A 9B 18 D8 41 30 DD A1 E8  ...........A0...
00005180:  41 99 70 E3 2E B1 03 DC C6 F3 FC 26 60 32 66 8E  A.p........&`2f.
00005190:  A8 E3 9A 4C D4 32 00 00 00 00 00 00 00 00 00 00  ...L.2..........
000051A0:  00 00 00 00 00 00 EC E8 0B 98 34 03 AF 15 60 C4  ..........4...`.
000051B0:  37 E6 4C 75 01 41 00 00 00 00 00 00 00 00 00 00  7.Lu.A..........
000051C0:  00 00 00 00 00 00 00 00 00 00 00 00 00 00 00 00  ................ [zeros]
000051D0:  00 00 00 00 00 00 00 00 00 00 00 00 00 00 00 00  ................ [zeros]
000051E0:  00 00 00 00 00 00 00 00 00 00 00 00 00 00 00 00  ................ [zeros]
000051F0:  00 00 00 00 00 00 00 00 00 00 00 00 00 00 00 00  ................ [zeros]
00005200:  00 00 00 00 00 00 42 80 20 EF 06 A0 7F 48 74 CF  ......B. ....Ht.
00005210:  BD D3 2D 58 DF 33 17 51 CD 24 1F 5A 3D 7D 47 17  ..-X.3.Q.$.Z=}G.
00005220:  55 C1 68 3F 6F 5A 85 71 5D 2E 87 D3 4D D8 13 93  U.h?oZ.q]...M...
00005230:  D7 98 10 4D 33 F6 17 51 CD 24 1F 5A 3D 7D 47 17  ...M3..Q.$.Z=}G.
00005240:  55 C1 68 3F 6F 5A C3 3D EA FD D3 6E EB A2 0C 47  U.h?oZ.=...n...G
00005250:  EC C1 D7 8B AA CE 10 99 6F 91 37 FE 9E 1F 92 4C  ........o.7....L
00005260:  86 09 2C C3 1C A9 FE B1 64 D3 3D C6 01 43 5B 14  ..,.....d.=..C[.
00005270:  D7 57 11 9F 01 F6 0E 2B 9C F0 35 31 4B 5B F3 E0  .W.....+..51K[..
00005280:  95 0C 41 D2 EB 0B 75 75 74 97 B8 72 78 C4 14 D4  ..A...uut..rx...
00005290:  C7 B5 14 BC 08 9A B1 4E 7D 1B 59 4A A0 FF 90 00  .......N}.YJ....
000052A0:  46 94 53 17 C1 7B 00 00 00 00 00 00 00 00 00 00  F.S..{..........
000052B0:  00 00 00 00 00 00 38 2A 79 F8 70 44 8D 9B DD D2  ......8*y.pD....
000052C0:  B6 E3 10 1C 6B D2 4C 88 C0 D9 10 C9 50 E5 F3 07  ....k.L.....P...
000052D0:  00 AA 13 AB 99 B8 FD 9D F2 F0 0A 42 B6 F0 2B 11  ...........B..+.
000052E0:  3A A3 52 C8 8C 0A 7D 43 4C 1D 75 50 47 C4 96 51  :.R...}CL.uPG..Q
000052F0:  D6 38 2C FF 9C 67 DE BF 3D 1E 72 C5 94 63 2B E2  .8,..g..=.r..c+.
00005300:  DB C0 9E FB BD A6 DF CA 0D 34 8F 83 D4 F6 F6 38  .........4.....8
00005310:  47 06 20 09 94 58 12 7F 83 72 F6 D6 9B 68 91 84  G. ..X...r...h..
00005320:  B6 21 E2 FA 13 ED F6 01 D6 3A AF B6 B3 9D F7 65  .!.......:.....e
00005330:  45 22 73 90 BD CE 3A B9 98 EE 07 72 6F A1 D4 D2  E"s...:....ro...
00005340:  77 C2 F5 71 EC 1D 53 CD D1 97 C3 F2 10 B1 AA 66  w..q..S........f
00005350:  76 06 58 D8 F8 47 A9 08 C6 B2 4D 45 67 8B E2 3D  v.X..G....MEg..=
00005360:  B8 B0 69 D8 5E C9 00 00 00 00 00 00 00 00 00 00  ..i.^...........
00005370:  00 00 00 00 00 00 00 00 00 00 00 00 00 00 00 00  ................ [zeros]
00005380:  00 00 00 00 00 00 00 00 00 00 00 00 00 00 00 00  ................ [zeros]
00005390:  00 00 00 00 00 00 00 00 00 00 00 00 00 00 00 00  ................ [zeros]
000053A0:  00 00 00 00 00 00 88 EF 44 0B 6E B2 DD E6 CB 98  ........D.n.....
000053B0:  2D 15 70 B4 B8 48 E3 DA B2 48 42 79 45 29 39 8D  -.p..H...HByE)9.
000053C0:  5B EA 6E 00 B5 0B 5D 43 5F A8 B8 DC EC 33 EC 26  [.n...]C_....3.&
000053D0:  77 CC BF F2 A1 16 12 A6 86 DE 4D BA F6 9E EC E7  w.........M.....
000053E0:  9C DC B0 61 78 57 71 1C C2 D1 40 BC C0 84 03 49  ...axWq...@....I
000053F0:  D1 10 C7 08 F0 80 25 6A A0 10 A1 BE FB 90 42 FD  ......%j......B.
00005400:  D9 21 C0 A0 AD A5 63 50 F7 3F C1 57 A3 C4 55 82  .!....cP.?.W..U.
00005410:  6F 95 B4 B6 FD 91 21 54 AE C6 5B CA 2A 75 7E 7D  o.....!T..[.*u~}
00005420:  45 E0 C6 53 AC F9 77 90 26 F6 F5 4C 5F 24 4E C4  E..S..w.&..L_$N.
00005430:  A2 B5 AA 15 89 A4 1D A9 22 5D 25 78 55 62 3A 91  ........"]%xUb:.
00005440:  37 0F C6 8F 17 34 71 86 E8 00 05 C3 A4 DA A9 4A  7....4q........J
00005450:  3D 1E 06 09 80 2F DA 4E 5A FD 80 D8 29 CF 39 5A  =..../.NZ...).9Z
00005460:  29 35 12 49 1A DA 5F 2F 80 B1 D2 EF 36 CC 7B 9E  )5.I.._/....6.{.
00005470:  4A 1C FE B9 AD 3F E7 40 7F 26 A1 FE F4 8E 52 E7  J....?.@.&....R.
00005480:  D6 21 96 94 CE 47 77 67 32 8E AD C3 AD A2 2D 21  .!...Gwg2.....-!
00005490:  F3 3A 56 A9 40 62 FC DB DC 8A 95 CF 98 88 24 29  .:V.@b........$)
000054A0:  28 F6 C1 E9 77 4C D0 8E 12 CD 7F 96 10 0D E7 F3  (...wL..........
000054B0:  A8 BE 51 34 6D 76 66 28 BE C2 70 C9 C1 EE 5F 9F  ..Q4mvf(..p..._.
000054C0:  62 FA BC EE 4C 97 FC C4 C3 CC 66 F9 1D BD 8D C2  b...L.....f.....
000054D0:  EF D9 86 AD 10 B5 52 AD 47 FA CA CD 0E 17 E1 E9  ......R.G.......
000054E0:  70 89 90 0A 51 64 67 F2 39 59 C9 3F 9B 11 AB 1A  p...Qdg.9Y.?....
000054F0:  89 2D 6A 94 81 AD DB 91 46 36 04 EF E4 16 EA F8  .-j.....F6......
00005500:  40 74 91 E0 EA E5 D3 75 C7 98 2D 4A F3 CC 9A 43  @t.....u..-J...C
00005510:  6B CE 6A AE 67 3B 2C 40 E6 59 D7 93 0D FF 24 AA  k.j.g;,@.Y....$.
00005520:  0F 00 08 13 12 3F 87 67 26 FE 59 DB 27 DD E3 28  .....?.g&.Y.'..(
00005530:  FB 0D C0 25 0E F0 8F 7C 83 24 EF 89 50 04 BC 8B  ...%...|.$..P...
00005540:  55 DE 16 2B 27 E3 DE 3C BC 5A EF D9 E3 6F A7 B7  U..+'..<.Z...o..
00005550:  60 23 45 0A 4B 02 29 11 6D 19 CA 06 37 89 D0 63  `#E.K.).m...7..c
00005560:  B3 4E 18 EB 45 1C FA 4C 06 A9 73 7E A4 39 F1 FB  .N..E..L..s~.9..
00005570:  E7 B3 F1 E0 E8 5F C6 15 4D 29 C3 05 7F 43 E9 7F  ....._..M)...C..
00005580:  7F B6 DF 38 8A BE 21 B4 F9 E5 F4 2B 6C 8A 63 51  ...8..!....+l.cQ
00005590:  19 D6 6B 47 69 4D 4B EF A0 B2 36 6D 00 17 41 B8  ..kGiMK...6m..A.
000055A0:  19 18 14 38 A4 2C E0 8D F7 CC 2D 37 25 C6 6A 60  ...8.,....-7%.j`
000055B0:  CE 05 FC 8E D0 97 A7 A3 79 C7 88 37 A7 D5 9F 08  ........y..7....
000055C0:  AD 8C 18 27 4A 23 A3 8B C3 26 DD 0C B3 A6 15 F9  ...'J#...&......
000055D0:  2F 2C 2D 35 9B 3E A1 A7 78 52 FD 16 8F 00 6B 24  /,-5.>..xR....k$
000055E0:  5F BC 2B 19 61 BA ED A6 68 BB 0E E8 7C 8A 8B BB  _.+.a...h...|...
000055F0:  7A 87 75 A8 48 9A AD 77 FB AB 0A B3 A1 D7 31 FC  z.u.H..w......1.
00005600:  15 8A 2E 90 21 24 1F 6F DC 88 2F FB 4B 6C B2 D2  ....!$.o../.Kl..
00005610:  AD 31 E3 07 9B F9 00 00 00 00 00 00 00 00 00 00  .1..............
00005620:  00 00 00 00 00 00 00 00 00 00 00 00 00 00 00 00  ................ [zeros]
00005630:  00 00 00 00 00 00 00 00 00 00 00 00 00 00 00 00  ................ [zeros]
00005640:  00 00 00 00 00 00 00 00 00 00 00 00 00 00 00 00  ................ [zeros]
00005650:  00 00 00 00 00 00 00 00 00 00 00 00 00 00 00 00  ................ [zeros]
00005660:  00 00 00 00 00 00 00 00 00 00 00 00 00 00 00 00  ................ [zeros]
00005670:  00 00 00 00 00 00 00 00 00 00 00 00 00 00 00 00  ................ [zeros]
00005680:  00 00 00 00 00 00 90 E0 66 F5 BD A2 07 E5 75 A8  ........f.....u.
00005690:  14 8F B5 D7 81 62 4F 4B 07 76 57 FB FB E9 81 5D  .....bOK.vW....]
000056A0:  C3 2E 59 5E 7E C9 B3 28 9F 79 FA 0E C6 AE E7 0B  ..Y^~..(.y......
000056B0:  40 59 64 F5 75 24 F0 E8 22 64 A9 4F D2 64 0D 69  @Yd.u$.."d.O.d.i
000056C0:  E3 F3 35 C4 17 F9 50 E3 74 E8 C0 10 DC A1 B7 CC  ..5...P.t.......
000056D0:  9D C4 F6 09 A2 98 48 9F 4B DC 6E C4 70 72 67 74  ......H.K.n.prgt
000056E0:  57 12 52 75 69 80 FB 0D 5F 4F 4D C2 95 27 52 97  W.Rui..._OM..'R.
000056F0:  51 3D 73 FD BA F3 48 77 F6 8A D7 BD 1C 1A FB EC  Q=s...Hw........
00005700:  85 4E 4C 85 1D A5 E2 2A BB 7F 92 E6 64 11 1F DA  .NL....*....d...
00005710:  BD 59 52 5A C9 07 05 BC 2B DE E8 2B 3A FD E0 30  .YRZ....+..+:..0
00005720:  6D 42 CA B9 39 27 E8 43 EF F0 18 83 E1 5A EC AC  mB..9'.C.....Z..
00005730:  E1 70 B3 DD 1D A2 C1 4A E2 4A 1A 51 2C B1 4C AC  .p.....J.J.Q,.L.
00005740:  B0 88 AB A9 0D D3 3B 3F C3 ED 81 A0 C7 67 1E BF  ......;?.....g..
00005750:  30 51 15 41 D7 9B 3B C2 B3 C5 D0 89 E5 A6 78 A0  0Q.A..;.......x.
00005760:  D8 20 D6 EF A8 4B 00 00 00 00 00 00 00 00 00 00  . ...K..........
00005770:  00 00 00 00 00 00 00 00 00 00 00 00 00 00 00 00  ................ [zeros]
00005780:  00 00 00 00 00 00 00 00 00 00 00 00 00 00 00 00  ................ [zeros]
00005790:  00 00 00 00 00 00 00 00 00 00 00 00 00 00 00 00  ................ [zeros]
000057A0:  00 00 00 00 00 00 00 00 00 00 00 00 00 00 00 00  ................ [zeros]
000057B0:  00 00 00 00 00 00 00 00 00 00 00 00 00 00 00 00  ................ [zeros]
000057C0:  00 00 00 00 00 00 00 00 00 00 00 00 00 00 00 00  ................ [zeros]
000057D0:  00 00 00 00 00 00 00 00 00 00 00 00 00 00 00 00  ................ [zeros]
000057E0:  00 00 00 00 00 00 00 00 00 00 00 00 00 00 00 00  ................ [zeros]
000057F0:  00 00 00 00 00 00 00 00 00 00 00 00 00 00 00 00  ................ [zeros]
00005800:  00 00 00 00 00 00 00 00 00 00 00 00 00 00 00 00  ................ [zeros]
00005810:  00 00 00 00 00 00 00 00 00 00 00 00 00 00 00 00  ................ [zeros]
00005820:  00 00 00 00 00 00 00 00 00 00 00 00 00 00 00 00  ................ [zeros]
00005830:  00 00 00 00 00 00 00 00 00 00 00 00 00 00 00 00  ................ [zeros]
00005840:  00 00 00 00 00 00 6F 8E 29 25 F5 25 44 83 04 C8  ......o.)%.%D...
00005850:  98 73 C9 0F 74 DD 00 00 00 00 00 00 00 00 00 00  .s..t...........
00005860:  00 00 00 00 00 00 25 4D 7A 86 39 67 CB 56 43 FB  ......%Mz.9g.VC.
00005870:  AF 6A 29 68 80 CB 17 2D 66 E8 75 F9 94 46 9E AD  .j)h...-f.u..F..
00005880:  8B A3 AA 0B 2A C2 34 6A 6E 1B 33 75 2F 4D 27 0D  ....*.4jn.3u/M'.
00005890:  31 D3 CC B1 03 FD 9D 58 72 88 C3 37 6C AD 6D 79  1......Xr..7l.my
000058A0:  60 63 F5 35 9E 59 00 00 00 00 00 00 00 00 00 00  `c.5.Y..........
000058B0:  00 00 00 00 00 00 69 5C 58 08 31 68 CE 39 E7 9A  ......i\X.1h.9..
000058C0:  5D 46 3C D4 E0 3C BE 10 AA 1C 5B 71 CE DC F5 E1  ]F<..<....[q....
000058D0:  B6 C1 94 1E B9 B3 3E 0D 21 4C 18 1F CF 88 8A 8E  ......>.!L......
000058E0:  71 D9 69 90 1D 24 8D 65 F7 0B 74 BF F0 20 D9 28  q.i..$.e..t.. .(
000058F0:  0F E3 45 01 1E 44 0A B2 5E 31 31 A7 4A 48 2B F5  ..E..D..^11.JH+.
00005900:  66 8A 55 FE C5 00 58 18 2A 28 6F E4 06 8D 68 6A  f.U...X.*(o...hj
00005910:  3D 00 98 9F 59 B1 0D B9 01 3C E7 A3 80 83 AE 6A  =...Y....<.....j
00005920:  CF EC 4D 13 16 44 9C 8B 25 F6 A5 59 2C 4F 75 AB  ..M..D..%..Y,Ou.
00005930:  E1 11 0D 21 F4 0B 65 1F DE 93 26 17 3C 1D 58 E2  ...!..e...&.<.X.
00005940:  AD 29 4E E3 FD 87 E5 A7 1F E6 19 EB DA 31 FA 56  .)N..........1.V
00005950:  A9 48 E2 48 A5 AB 79 C5 4D F2 A0 7E 3F 2F B5 6A  .H.H..y.M..~?/.j
00005960:  30 26 12 F8 0E 2D 31 DC 37 55 8E 49 BA 0D BD 26  0&...-1.7U.I...&
00005970:  2F 50 AE BD 03 5A E8 1E 4E 9C 5D 06 82 E1 30 AF  /P...Z..N.]...0.
00005980:  36 E3 14 FA AF 36 C2 8B 98 3C B8 44 65 F0 9D 40  6....6...<.De..@
00005990:  87 2E AA FB A2 CA 46 EA E7 07 7C 1C 52 34 D4 CC  ......F...|.R4..
000059A0:  21 48 09 7C 9A 6A 7F C7 48 8C C3 89 B4 5E 75 F7  !H.|.j..H....^u.
000059B0:  DF C9 56 C1 8D DD F0 63 B0 0C F3 40 49 C1 A5 7A  ..V....c...@I..z
000059C0:  0E F2 F1 A9 7E 5E 60 98 11 D1 D2 DF B7 DB FF C3  ....~^`.........
000059D0:  E9 70 92 C8 AC CA 4E AA EC 97 67 C5 04 75 B4 7E  .p....N...g..u.~
000059E0:  A3 AE 09 22 0C B0 0D FA 28 AE 07 E3 CD 02 82 3F  ..."....(......?
000059F0:  68 81 1A E1 84 1E 53 FA 61 8F 8D DF 03 5B FF E8  h.....S.a....[..
00005A00:  CD C1 00 28 39 B3 32 34 D5 D9 A9 84 7B FF B0 BF  ...(9.24....{...
00005A10:  12 0F F9 62 7C 01 0B F2 66 F3 BD 12 1B 60 9C B9  ...b|...f....`..
00005A20:  DB F3 64 48 53 A7 6C 79 E7 08 53 D9 75 72 7E 89  ..dHS.ly..S.ur~.
00005A30:  29 A2 55 4C 16 0E FF 97 14 9C CB 72 E6 3F BA D2  ).UL.......r.?..
00005A40:  E4 C5 58 E9 F9 15 60 08 6C 55 02 3A 58 E6 D3 BC  ..X...`.lU.:X...
00005A50:  D6 53 14 B3 36 7A 02 CE 23 68 83 B4 EB 19 6F F1  .S..6z..#h....o.
00005A60:  D2 60 43 7A F3 E0 A0 73 04 85 CC DD 6C 15 37 A3  .`Cz...s....l.7.
00005A70:  52 9B EB 37 95 4B 95 94 59 FE 71 B6 F4 3E 1D D9  R..7.K..Y.q..>..
00005A80:  BA 55 2F DB 15 9E 00 00 00 00 00 00 00 00 00 00  .U/.............
00005A90:  00 00 00 00 00 00 00 00 00 00 00 00 00 00 00 00  ................ [zeros]
00005AA0:  00 00 00 00 00 00 00 00 00 00 00 00 00 00 00 00  ................ [zeros]
00005AB0:  00 00 00 00 00 00 00 00 00 00 00 00 00 00 00 00  ................ [zeros]
00005AC0:  00 00 00 00 00 00 00 00 00 00 00 00 00 00 00 00  ................ [zeros]
00005AD0:  00 00 00 00 00 00 00 00 00 00 00 00 00 00 00 00  ................ [zeros]
00005AE0:  00 00 00 00 00 00 00 00 00 00 00 00 00 00 00 00  ................ [zeros]
00005AF0:  00 00 00 00 00 00 00 00 00 00 00 00 00 00 00 00  ................ [zeros]
00005B00:  00 00 00 00 00 00 00 00 00 00 00 00 00 00 00 00  ................ [zeros]
00005B10:  00 00 00 00 00 00 00 00 00 00 00 00 00 00 00 00  ................ [zeros]
00005B20:  00 00 00 00 00 00 00 00 00 00 00 00 00 00 00 00  ................ [zeros]
00005B30:  00 00 00 00 00 00 00 00 00 00 00 00 00 00 00 00  ................ [zeros]
00005B40:  00 00 00 00 00 00 00 00 00 00 00 00 00 00 00 00  ................ [zeros]
00005B50:  00 00 00 00 00 00 DE 7C E9 E3 74 A0 C2 EB 72 69  .......|..t...ri
00005B60:  C2 35 0B 72 0D 28 00 00 00 00 00 00 00 00 00 00  .5.r.(..........
00005B70:  00 00 00 00 00 00 01 38 7E FB 6C E9 71 4B 15 CF  .......8~.l.qK..
00005B80:  0A AB 9E 64 A3 51 5E 49 CD D1 23 9D E4 EF 5E FF  ...d.Q^I..#...^.
00005B90:  C9 9E 23 95 1F 44 13 99 75 44 0A 59 51 D4 F6 E5  ..#..D..uD.YQ...
00005BA0:  A2 5A 31 BD DD BC 99 A3 66 39 8D 3C FD F4 C8 09  .Z1.....f9.<....
00005BB0:  77 1F 7F EC 6A 07 00 00 00 00 00 00 00 00 00 00  w...j...........
00005BC0:  00 00 00 00 00 00 45 7A 26 AF 11 11 65 0E DE 6D  ......Ez&...e..m
00005BD0:  C6 70 AD 22 CD 1A B8 23 BF 74 D1 C6 48 F8 50 FB  .p."...#.t..H.P.
00005BE0:  EA 5F 72 4F 0E DC DF 41 BD 77 69 4F 2A B7 00 3E  ._rO...A.wiO*..>
00005BF0:  50 16 64 1F EE 90 10 05 75 A4 19 DE EC BB 9F 7D  P.d.....u......}
00005C00:  71 AF 17 5B 29 1F B1 86 52 46 C5 25 29 A9 27 9A  q..[)...RF.%).'.
00005C10:  68 5F 47 AD 86 36 1D 40 AD 2D C2 03 43 EA 7D 9F  h_G..6.@.-..C.}.
00005C20:  E1 DB 57 E5 AC 67 CC D1 17 5F 05 F7 5C 0A 60 3B  ..W..g..._..\.`;
00005C30:  83 E1 43 60 2F 2F 3F 75 58 2A D4 85 2F C2 A8 95  ..C`//?uX*../...
00005C40:  A7 FF 4A 58 8F FF FD 11 A5 E1 D5 80 0F 27 D9 1F  ..JX.........'..
00005C50:  33 8A 8F CE 25 9C B7 B6 8E D9 4B 66 55 D7 18 7F  3...%.....KfU...
00005C60:  5E 43 CF D3 AF E0 6C C4 BA 7C 35 14 1D 59 8F A4  ^C....l..|5..Y..
00005C70:  4A 48 5D 97 6C 45 D5 1F 6F C7 C3 B8 70 F9 68 5E  JH].lE..o...p.h^
00005C80:  50 D9 86 A0 80 EC D1 67 60 E6 C2 8B 6E 64 2C 98  P......g`...nd,.
00005C90:  3F 88 7A CD 62 C7 BD 1A A6 96 53 35 48 A7 9F 69  ?.z.b.....S5H..i
00005CA0:  CA AE 31 9D E3 4F FF 11 42 61 6B DF 0D D8 5A 50  ..1..O..Bak...ZP
00005CB0:  14 4D 59 AF 48 35 9B 19 4E C2 41 B2 A8 6A 23 E8  .MY.H5..N.A..j#.
00005CC0:  41 39 71 BB 18 43 6A 45 BD 5C 39 C1 6F 14 4A 7D  A9q..CjE.\9.o.J}
00005CD0:  05 98 18 D2 7A D8 C2 24 F5 76 F9 CA D8 16 EF 18  ....z..$.v......
00005CE0:  F2 08 E6 A4 BE 51 53 83 AA F8 59 2D 74 48 9A DB  .....QS...Y-tH..
00005CF0:  60 73 10 83 DB FA FC 3D 1D DC 9C D6 B9 D7 22 A3  `s.....=......".
00005D00:  FB 4F 78 B2 DD C3 D1 C5 82 E3 D7 46 B6 FF 53 7D  .Ox........F..S}
00005D10:  7B 95 83 5B 83 11 0C FF C7 8C 0C 17 E5 AF 3F BC  {..[..........?.
00005D20:  9A 92 5E ED 2E 44 22 B6 7C 80 62 8D 94 19 4D 52  ..^..D".|.b...MR
00005D30:  1C 75 53 2B 20 AD C0 8F 0A E4 C4 E9 CC 1F B3 AD  .uS+ ...........
00005D40:  1B 3A 4F 81 37 B3 BF 45 9F 07 F1 9C 46 27 4B 5C  .:O.7..E....F'K\
00005D50:  E1 0E C1 44 EE C2 02 E9 5E 5F 0B FE 14 BF 4C A3  ...D....^_....L.
00005D60:  C5 41 26 45 C3 B6 3B 17 61 1F 7E 8C 40 73 DE 9C  .A&E..;.a.~.@s..
00005D70:  34 18 BC 3B 0D BA 00 00 00 00 00 00 00 00 00 00  4..;............
00005D80:  00 00 00 00 00 00 00 00 00 00 00 00 00 00 00 00  ................ [zeros]
00005D90:  00 00 00 00 00 00 00 00 00 00 00 00 00 00 00 00  ................ [zeros]
00005DA0:  00 00 00 00 00 00 00 00 00 00 00 00 00 00 00 00  ................ [zeros]
00005DB0:  00 00 00 00 00 00 00 00 00 00 00 00 00 00 00 00  ................ [zeros]
00005DC0:  00 00 00 00 00 00 EA 17 B5 C0 06 4A 2C 95 A7 EB  ...........J,...
00005DD0:  67 FF 71 81 1A 08 88 64 A0 97 F1 BC E2 F5 4E 25  g.q....d......N%
00005DE0:  49 89 87 13 14 29 4D 6D 9B 88 03 1E C2 AC 5B E8  I....)Mm......[.
00005DF0:  35 16 B5 D5 26 4F B2 1D C4 23 0B FB 4D DC 39 F9  5...&O...#..M.9.
00005E00:  DF 8C A4 29 3E E7 00 00 00 00 00 00 00 00 00 00  ...)>...........
00005E10:  00 00 00 00 00 00 00 00 00 00 00 00 00 00 00 00  ................ [zeros]
00005E20:  00 00 00 00 00 00 00 00 00 00 00 00 00 00 00 00  ................ [zeros]
00005E30:  00 00 00 00 00 00 00 00 00 00 00 00 00 00 00 00  ................ [zeros]
00005E40:  00 00 00 00 00 00 00 00 00 00 00 00 00 00 00 00  ................ [zeros]
00005E50:  00 00 00 00 00 00 00 00 00 00 00 00 00 00 00 00  ................ [zeros]
00005E60:  00 00 00 00 00 00 00 00 00 00 00 00 00 00 00 00  ................ [zeros]
00005E70:  00 00 00 00 00 00 00 00 00 00 00 00 00 00 00 00  ................ [zeros]
00005E80:  00 00 00 00 00 00 00 00 00 00 00 00 00 00 00 00  ................ [zeros]
00005E90:  00 00 00 00 00 00 00 00 00 00 00 00 00 00 00 00  ................ [zeros]
00005EA0:  00 00 00 00 00 00 00 00 00 00 00 00 00 00 00 00  ................ [zeros]
00005EB0:  00 00 00 00 00 00 9B C8 8A 9C D4 9C E3 70 15 FE  .............p..
00005EC0:  74 6B 1D A4 12 24 D6 06 BE 96 3A 7F D6 F1 5C 0D  tk...$....:...\.
00005ED0:  CE 6C F9 2A 33 80 15 9B F7 6D 72 0D 4C 29 B6 3A  .l.*3....mr.L).:
00005EE0:  48 94 B6 36 D2 2F AF 34 DD 15 E6 07 AC AC 4F F5  H..6./.4......O.
00005EF0:  E4 C5 88 C8 0F D6 CA 7C 70 E6 1C BB 8F CB 80 CA  .......|p.......
00005F00:  E1 FD 21 8A 39 44 00 00 00 00 00 00 00 00 00 00  ..!.9D..........
00005F10:  00 00 00 00 00 00 00 00 00 00 00 00 00 00 00 00  ................ [zeros]
00005F20:  00 00 00 00 00 00 00 00 00 00 00 00 00 00 00 00  ................ [zeros]
00005F30:  00 00 00 00 00 00 00 00 00 00 00 00 00 00 00 00  ................ [zeros]
00005F40:  00 00 00 00 00 00 00 00 00 00 00 00 00 00 00 00  ................ [zeros]
00005F50:  00 00 00 00 00 00 78 4E A1 54 0B 03 42 6B EF D6  ......xN.T..Bk..
00005F60:  4D B8 F9 8A 50 81 82 6A 63 00 6F 94 94 22 9A B8  M...P..jc.o.."..
00005F70:  54 A7 7A B1 E0 A2 00 00 00 00 00 00 00 00 00 00  T.z.............
00005F80:  00 00 00 00 00 00 00 00 00 00 00 00 00 00 00 00  ................ [zeros]
00005F90:  00 00 00 00 00 00 00 00 00 00 00 00 00 00 00 00  ................ [zeros]
00005FA0:  00 00 00 00 00 00 00 00 00 00 00 00 00 00 00 00  ................ [zeros]
00005FB0:  00 00 00 00 00 00 00 00 00 00 00 00 00 00 00 00  ................ [zeros]
00005FC0:  00 00 00 00 00 00 00 00 00 00 00 00 00 00 00 00  ................ [zeros]
00005FD0:  00 00 00 00 00 00 00 00 00 00 00 00 00 00 00 00  ................ [zeros]
00005FE0:  00 00 00 00 00 00 00 00 00 00 00 00 00 00 00 00  ................ [zeros]
00005FF0:  00 00 00 00 00 00 00 00 00 00 00 00 00 00 00 00  ................ [zeros]
00006000:  00 00 00 00 00 00 00 00 00 00 00 00 00 00 00 00  ................ [zeros]
00006010:  00 00 00 00 00 00 00 00 00 00 00 00 00 00 00 00  ................ [zeros]
00006020:  00 00 00 00 00 00 61 56 74 25 50 DC 6C A8 7A 98  ......aVt%P.l.z.
00006030:  9C 31 74 38 5D 8A DA 82 72 13 FF 5C 50 BF 4D 41  .1t8]...r..\P.MA
00006040:  AB 38 B4 F5 C1 24 49 82 19 3B 10 80 C0 B9 F1 A6  .8...$I..;......
00006050:  B2 F2 90 C4 49 BA 02 CE 23 68 83 B4 EB 19 6F F1  ....I...#h....o.
00006060:  D2 60 43 7A F3 E0 00 00 00 00 00 00 00 00 00 00  .`Cz............
00006070:  00 00 00 00 00 00 00 00 00 00 00 00 00 00 00 00  ................ [zeros]
00006080:  00 00 00 00 00 00 00 00 00 00 00 00 00 00 00 00  ................ [zeros]
00006090:  00 00 00 00 00 00 00 00 00 00 00 00 00 00 00 00  ................ [zeros]
000060A0:  00 00 00 00 00 00 00 00 00 00 00 00 00 00 00 00  ................ [zeros]
000060B0:  00 00 00 00 00 00 82 B1 B3 F3 2A C9 19 80 CA CF  ..........*.....
000060C0:  37 A8 37 FE 71 EE F9 4E F6 AC 28 A0 AC 2D 0B 89  7.7.q..N..(..-..
000060D0:  5A D2 24 86 F7 C9 00 00 00 00 00 00 00 00 00 00  Z.$.............
000060E0:  00 00 00 00 00 00 00 00 00 00 00 00 00 00 00 00  ................ [zeros]
000060F0:  00 00 00 00 00 00 00 00 00 00 00 00 00 00 00 00  ................ [zeros]
00006100:  00 00 00 00 00 00 00 00 00 00 00 00 00 00 00 00  ................ [zeros]
00006110:  00 00 00 00 00 00 00 00 00 00 00 00 00 00 00 00  ................ [zeros]
00006120:  00 00 00 00 00 00 00 00 00 00 00 00 00 00 00 00  ................ [zeros]
00006130:  00 00 00 00 00 00 00 00 00 00 00 00 00 00 00 00  ................ [zeros]
00006140:  00 00 00 00 00 00 00 00 00 00 00 00 00 00 00 00  ................ [zeros]
00006150:  00 00 00 00 00 00 00 00 00 00 00 00 00 00 00 00  ................ [zeros]
00006160:  00 00 00 00 00 00 00 00 00 00 00 00 00 00 00 00  ................ [zeros]
00006170:  00 00 00 00 00 00 00 00 00 00 00 00 00 00 00 00  ................ [zeros]
00006180:  00 00 00 00 00 00 2D 44 8B BA 5F 98 BC F8 85 95  ......-D.._.....
00006190:  A2 84 D9 E3 1A 90 31 C0 FF 36 02 FC F6 23 DF D5  ......1..6...#..
000061A0:  E2 FC A9 7E 87 C9 74 C4 C0 6E 08 2F 8F 08 FC 8E  ...~..t..n./....
000061B0:  1A F9 33 A6 D1 05 EB 89 4B 8B 2B 85 E5 EE 30 36  ..3.....K.+...06
000061C0:  7B B3 01 49 20 46 E8 2E C7 F5 8A F4 39 B9 F5 31  {..I F......9..1
000061D0:  95 A2 67 21 0B CC 81 44 06 3F B2 73 73 57 6B 02  ..g!...D.?.ssWk.
000061E0:  C8 26 70 75 0B 48 01 B1 54 88 CF 8F DA 97 C4 A8  .&pu.H..T.......
000061F0:  2C 46 38 B8 62 07 0E DD B8 AC 4C E5 B8 4A A8 BB  ,F8.b.....L..J..
00006200:  1D A3 7C E4 5B B4 83 76 D7 16 F2 1C 60 12 F0 F8  ..|.[..v....`...
00006210:  EF 14 ED 4F 53 BA 1F B9 7C 81 09 54 82 1C C8 56  ...OS...|..T...V
00006220:  EF D5 B1 49 93 E9 28 CD 6F 77 77 E7 AC 10 84 88  ...I..(.oww.....
00006230:  23 C5 09 E2 2A 00 03 08 8C 79 C4 B5 46 B6 1D EF  #...*....y..F...
00006240:  3E 49 AC E9 19 48 61 8D EC 2F 25 5B DC 4C 65 11  >I...Ha../%[.Le.
00006250:  47 5A 70 B1 59 63 A9 8A 4D A8 96 26 97 A2 7C FC  GZp.Yc..M..&..|.
00006260:  7F 25 46 CF AD 8B 14 6A BB E2 53 C7 0C 02 81 4F  .%F....j..S....O
00006270:  B1 66 D3 9B AA A9 B7 BB C2 F6 57 60 D4 D2 89 E4  .f........W`....
00006280:  15 BC 99 DF 64 94 9C C6 7E 85 B2 7B 64 E2 E0 06  ....d...~..{d...
00006290:  88 C1 65 40 76 58 A7 D5 49 F3 8F 79 63 33 A7 BE  ..e@vX..I..yc3..
000062A0:  80 E7 6B 38 D7 29 34 C7 E0 0B 4F CA 28 23 4A DF  ..k8.)4...O.(#J.
000062B0:  F7 B3 71 2E FE 51 33 99 2D A7 22 C6 93 96 C4 30  ..q..Q3.-."....0
000062C0:  CB DF DC 86 40 C8 DF BF 37 A3 E7 28 26 B9 4C 1F  ....@...7..(&.L.
000062D0:  61 8F 30 01 53 26 00 00 00 00 00 00 00 00 00 00  a.0.S&..........
000062E0:  00 00 00 00 00 00 14 91 BC 49 76 98 6B 34 1B F3  .........Iv.k4..
000062F0:  88 E7 7C 81 E2 24 B0 C3 67 A6 9C 3D 0A 9A 53 95  ..|..$..g..=..S.
00006300:  10 B3 2C 8E 4D 9E E6 CE 2D 38 55 BD B0 3F D7 82  ..,.M...-8U..?..
00006310:  93 CE 2B 73 18 E5 00 00 00 00 00 00 00 00 00 00  ..+s............
00006320:  00 00 00 00 00 00 AF 34 DD 15 E6 07 AC AC 4F F5  .......4......O.
00006330:  E4 C5 88 C8 0F D6 0D D5 01 BE E1 4E 72 4B 41 4C  ...........NrKAL
00006340:  70 F7 7A D5 17 C9 F1 16 0B B9 24 5F 11 B5 FD 73  p.z.......$_...s
00006350:  F1 28 66 8A 78 30 00 00 00 00 00 00 00 00 00 00  .(f.x0..........
00006360:  00 00 00 00 00 00 30 02 81 4F C9 56 8A 82 63 4C  ......0..O.V..cL
00006370:  02 39 E7 2C 1B 01 49 7F 77 84 C0 72 5A 78 20 B4  .9.,..I.w..rZx .
00006380:  C5 CC FA 1F 39 1F 00 00 00 00 00 00 00 00 00 00  ....9...........
00006390:  00 00 00 00 00 00 2A 7C AF 9C DC 87 A0 14 97 39  ......*|.......9
000063A0:  5D B5 BC B5 9C E2 13 01 73 FC FD A4 0F 80 04 0B  ].......s.......
000063B0:  EF 33 56 BA 74 74 DC 77 6F A6 33 50 F5 CE 15 9D  .3V.tt.wo.3P....
000063C0:  98 0C F5 92 9F 7B 00 00 00 00 00 00 00 00 00 00  .....{..........
000063D0:  00 00 00 00 00 00 14 91 BC 49 76 98 6B 34 1B F3  .........Iv.k4..
000063E0:  88 E7 7C 81 E2 24 B0 C3 67 A6 9C 3D 0A 9A 53 95  ..|..$..g..=..S.
000063F0:  10 B3 2C 8E 4D 9E F2 18 BC 4E 8D EA 11 5B DD 93  ..,.M....N...[..
00006400:  FC EB ED 98 BC 69 00 00 00 00 00 00 00 00 00 00  .....i..........
00006410:  00 00 00 00 00 00 00 00 00 00 00 00 00 00 00 00  ................ [zeros]
00006420:  00 00 00 00 00 00 00 00 00 00 00 00 00 00 00 00  ................ [zeros]
00006430:  00 00 00 00 00 00 00 00 00 00 00 00 00 00 00 00  ................ [zeros]
00006440:  00 00 00 00 00 00 00 00 00 00 00 00 00 00 00 00  ................ [zeros]
00006450:  00 00 00 00 00 00 00 00 00 00 00 00 00 00 00 00  ................ [zeros]
00006460:  00 00 00 00 00 00 00 00 00 00 00 00 00 00 00 00  ................ [zeros]
00006470:  00 00 00 00 00 00 00 00 00 00 00 00 00 00 00 00  ................ [zeros]
00006480:  00 00 00 00 00 00 00 00 00 00 00 00 00 00 00 00  ................ [zeros]
00006490:  00 00 00 00 00 00 00 00 00 00 00 00 00 00 00 00  ................ [zeros]
000064A0:  00 00 00 00 00 00 00 00 00 00 00 00 00 00 00 00  ................ [zeros]
000064B0:  00 00 00 00 00 00 00 00 00 00 00 00 00 00 00 00  ................ [zeros]
000064C0:  00 00 00 00 00 00 00 00 00 00 00 00 00 00 00 00  ................ [zeros]
000064D0:  00 00 00 00 00 00 07 6F E4 22 FA 2F 6C A7 01 F1  .......o."./l...
000064E0:  61 F9 33 0B B5 F4 00 CA DD 0D 18 CA D5 46 50 99  a.3..........FP.
000064F0:  F3 E4 70 CD 6D 0E BD EA 74 B0 A0 79 8A 63 FA FB  ..p.m...t..y.c..
00006500:  DC CF 09 B7 08 83 00 00 00 00 00 00 00 00 00 00  ................
00006510:  00 00 00 00 00 00 B2 75 32 DF 67 25 D1 A6 E2 9B  .......u2.g%....
00006520:  58 06 B0 2F AD 1F 00 00 00 00 00 00 00 00 00 00  X../............
00006530:  00 00 00 00 00 00 70 22 AD 12 84 76 BC 7C 0A A3  ......p"...v.|..
00006540:  72 A5 6A B1 34 8E D7 FE 1C D4 56 04 91 6F 1D 2B  r.j.4.....V..o.+
00006550:  F3 90 D9 46 2D 42 15 00 5C 31 30 C6 09 FF 92 0D  ...F-B..\10.....
00006560:  62 E2 78 27 13 49 8C F8 A0 69 C4 63 76 C3 0D CE  b.x'.I...i.cv...
00006570:  A6 54 FC F3 A9 3E 40 8E F8 7B B4 59 45 1A B5 5A  .T...>@..{.YE..Z
00006580:  59 BD 5D C1 22 70 74 B3 C8 45 16 4C 9A B9 88 25  Y.]."pt..E.L...%
00006590:  2A 92 A4 B9 EF A2 B7 AC B2 FC DF A3 F9 1D 08 52  *..............R
000065A0:  06 81 33 8E CD 7B 89 88 5A 9A 91 40 4D 92 94 BF  ..3..{..Z..@M...
000065B0:  10 A8 0B 77 F5 EC 17 00 BF D1 E3 7E 15 04 52 D7  ...w.......~..R.
000065C0:  D1 8B 03 08 48 35 F1 0E 5F A7 B3 BF 5B E0 34 15  ....H5.._...[.4.
000065D0:  16 A9 54 E1 2D 4B 12 DE F7 AA 7C E4 A8 15 A9 BC  ..T.-K....|.....
000065E0:  E3 29 FA 57 F4 E5 D2 00 AE F0 65 63 D6 36 DB E0  .).W......ec.6..
000065F0:  1B EC 19 16 F8 A4 69 EA 2A 7D 25 4B AE 9C E4 B3  ......i.*}%K....
00006600:  25 D8 2D 6D 92 26 69 5F 8A 32 E4 A5 38 87 37 F9  %.-m.&i_.2..8.7.
00006610:  93 2F 09 A1 F8 1D 89 FF 93 E8 54 F5 AC 53 10 8C  ./........T..S..
00006620:  71 D0 E4 97 C8 66 FD 40 97 75 6F C5 7F 35 24 E4  q....f.@.uo..5$.
00006630:  FC 76 C9 2F DA 2F BE E1 B3 C6 C2 8C F7 F5 5F FD  .v././........_.
00006640:  92 D9 36 01 93 75 B3 56 74 19 A0 78 DF 3C 65 D4  ..6..u.Vt..x.<e.
00006650:  52 B3 96 4F 23 2A 00 00 00 00 00 00 00 00 00 00  R..O#*..........
00006660:  00 00 00 00 00 00 00 00 00 00 00 00 00 00 00 00  ................ [zeros]
00006670:  00 00 00 00 00 00 F1 16 0B B9 24 5F 11 B5 FD 73  ..........$_...s
00006680:  F1 28 66 8A 78 30 00 00 00 00 00 00 00 00 00 00  .(f.x0..........
00006690:  00 00 00 00 00 00 00 00 00 00 00 00 00 00 00 00  ................ [zeros]
000066A0:  00 00 00 00 00 00 00 00 00 00 00 00 00 00 00 00  ................ [zeros]
000066B0:  00 00 00 00 00 00 EA DE 99 69 26 98 4B CF 4E D1  .........i&.K.N.
000066C0:  C2 D9 C8 CE FF 57 00 00 00 00 00 00 00 00 00 00  .....W..........
000066D0:  00 00 00 00 00 00 00 00 00 00 00 00 00 00 00 00  ................ [zeros]
000066E0:  00 00 00 00 00 00 90 1E D7 64 BC 86 61 8B 81 33  .........d..a..3
000066F0:  07 EC 67 CA E3 41 00 00 00 00 00 00 00 00 00 00  ..g..A..........
00006700:  00 00 00 00 00 00 00 00 00 00 00 00 00 00 00 00  ................ [zeros]
00006710:  00 00 00 00 00 00 16 79 E4 9C 8B E2 E3 9B 29 FC  .......y......).
00006720:  4D E6 80 EA 92 B1 00 00 00 00 00 00 00 00 00 00  M...............
00006730:  00 00 00 00 00 00 00 00 00 00 00 00 00 00 00 00  ................ [zeros]
00006740:  00 00 00 00 00 00 62 0A C2 08 CD D4 98 36 7E 76  ......b......6~v
00006750:  F8 CC 55 AC 0A CB 00 00 00 00 00 00 00 00 00 00  ..U.............
00006760:  00 00 00 00 00 00 00 00 00 00 00 00 00 00 00 00  ................ [zeros]
00006770:  00 00 00 00 00 00 00 00 00 00 00 00 00 00 00 00  ................ [zeros]
00006780:  00 00 00 00 00 00 21 ED 71 18 D4 DC EB E4 E9 86  ......!.q.......
00006790:  93 8E 6A 5D AD 51 00 00 00 00 00 00 00 00 00 00  ..j].Q..........
000067A0:  00 00 00 00 00 00 00 00 00 00 00 00 00 00 00 00  ................ [zeros]
000067B0:  00 00 00 00 00 00 AF EE CB 0F C6 D3 BB 8D 03 59  ...............Y
000067C0:  EF 66 69 2C 10 CC C1 96 06 85 0E DB DB B8 CB B7  .fi,............
000067D0:  A9 0F 46 E4 92 17 9A 84 40 3D 6F 02 96 9D 1D D1  ..F.....@=o.....
000067E0:  F0 4B B1 75 8E 03 9D 4B 27 EE BD 81 0E 2E 9F 5F  .K.u...K'......_
000067F0:  5F 95 38 BC B5 34 52 AD 47 FA CA CD 0E 17 E1 E9  _.8..4R.G.......
00006800:  70 89 90 0A 51 64 87 EE A7 80 55 1B AF 9A 17 49  p...Qd....U....I
00006810:  E2 62 77 D0 49 EC 06 66 F3 ED 77 C2 4B D8 D7 19  .bw.I..f..w.K...
00006820:  C1 77 CA E6 00 3A 3D A1 1C 6B 4C 96 11 F9 8B 6C  .w...:=..kL....l
00006830:  16 D7 00 08 A1 83 52 FC 6B 4E 75 FB 6E C7 E0 3F  ......R.kNu.n..?
00006840:  BA 98 EB 64 65 BB 52 FC EE 9C 14 A6 10 A3 A5 65  ...de.R........e
00006850:  BF 2A AF 42 76 FE B0 3C 22 F6 70 FA 0F 42 46 45  .*.Bv..<".p..BFE
00006860:  D9 45 EC C6 3B 30 A9 F7 EB 94 24 2A 16 45 2D 84  .E..;0....$*.E-.
00006870:  3E 87 A8 4D B5 DE 57 65 3C B3 5D 57 CC 22 C3 09  >..M..We<.]W."..
00006880:  87 A4 70 C3 80 98 54 51 39 81 80 78 17 15 38 EE  ..p...TQ9..x..8.
00006890:  D5 DC CC 73 8B 18 23 1B 01 76 F2 D2 64 86 B2 45  ...s..#..v..d..E
000068A0:  B1 5D 40 C0 95 0E 5B F2 C8 72 A2 ED EB 0A 1A C7  .]@...[..r......
000068B0:  B8 42 2B E5 59 04 54 B2 75 A8 79 27 C7 18 44 33  .B+.Y.T.u.y'..D3
000068C0:  79 0A 00 D7 04 FB DB C4 04 FC CD 72 A7 05 8A CC  y..........r....
000068D0:  FB 74 88 24 86 1C DB C4 04 FC CD 72 A7 05 8A CC  .t.$.......r....
000068E0:  FB 74 88 24 86 1C DB C4 04 FC CD 72 A7 05 8A CC  .t.$.......r....
000068F0:  FB 74 88 24 86 1C F5 0E 67 1F 17 C7 5C 2B C7 45  .t.$....g...\+.E
00006900:  5F 4A B4 4B C7 8B D6 7E D2 0F 5C 9B 7E 3E 4F 12  _J.K...~..\.~>O.
00006910:  F8 72 3C BC 95 EB D6 7E D2 0F 5C 9B 7E 3E 4F 12  .r<....~..\.~>O.
00006920:  F8 72 3C BC 95 EB 8F 06 7E 31 E8 C9 83 EB F9 27  .r<.....~1.....'
00006930:  53 2D 3C A0 E2 22 70 FD A0 98 E3 CA B4 66 AB A5  S-<.."p......f..
00006940:  DE 86 52 14 31 D9 B3 CD 88 5F C4 1C 9D 9E B9 81  ..R.1...._......
00006950:  74 83 D5 8D 67 3F 62 45 6C 57 55 2F D9 D3 4A E0  t...g?bElWU/..J.
00006960:  3F 24 CD EF BD 8E D6 62 9B 54 FF FE 1F 41 09 3E  ?$.....b.T...A.>
00006970:  60 E9 C7 2C 73 E5 F1 FB 61 91 EF D3 94 0B FF 2F  `..,s...a....../
00006980:  CD 02 39 FB BD 42 2A 6C 1A 50 21 39 23 27 23 11  ..9..B*l.P!9#'#.
00006990:  AB B0 7D DC D7 A7 E1 1D 1D FD 69 18 3A 37 99 FF  ..}.......i.:7..
000069A0:  32 06 22 F0 CC 81 E1 1D 1D FD 69 18 3A 37 99 FF  2.".......i.:7..
000069B0:  32 06 22 F0 CC 81 E1 1D 1D FD 69 18 3A 37 99 FF  2.".......i.:7..
000069C0:  32 06 22 F0 CC 81 0E DE CE 01 B0 BC 90 C9 8B 10  2.".............
000069D0:  E6 99 34 E0 56 93 07 E4 D9 47 F1 BA DB DF 1D 22  ..4.V....G....."
000069E0:  BA 2E 56 95 58 4B 51 A7 AD AB 8A 4B 54 53 71 C3  ..V.XKQ....KTSq.
000069F0:  2D 47 BB 4D D6 9F 1D 31 7B F2 C0 22 D5 87 53 0D  -G.M...1{.."..S.
00006A00:  BA A2 30 71 64 DF 7A D0 96 BE 05 BC 47 83 A6 C7  ..0qd.z.....G...
00006A10:  4F D8 6C FC 7F 9E FE 16 4C 27 DB 77 DA 69 1F B3  O.l.....L'.w.i..
00006A20:  6A 23 47 34 B8 C9 E9 F1 F9 31 26 EF 56 BD 02 4A  j#G4.....1&.V..J
00006A30:  59 04 A8 FE A8 F0 B0 F7 D5 83 59 A4 0C 3B 41 12  Y.........Y..;A.
00006A40:  33 3A DD 00 7D 59 14 7A 28 AF 70 35 FF 6D 96 3F  3:..}Y.z(.p5.m.?
00006A50:  0E 0F 77 B8 9F 14 24 2C FB 12 57 8D 8D 7C 26 38  ..w...$,..W..|&8
00006A60:  ED D6 06 E5 63 15 07 E4 D9 47 F1 BA DB DF 1D 22  ....c....G....."
00006A70:  BA 2E 56 95 58 4B 51 A7 AD AB 8A 4B 54 53 71 C3  ..V.XKQ....KTSq.
00006A80:  2D 47 BB 4D D6 9F 1D 31 7B F2 C0 22 D5 87 53 0D  -G.M...1{.."..S.
00006A90:  BA A2 30 71 64 DF 7A D0 96 BE 05 BC 47 83 A6 C7  ..0qd.z.....G...
00006AA0:  4F D8 6C FC 7F 9E FE 16 4C 27 DB 77 DA 69 1F B3  O.l.....L'.w.i..
00006AB0:  6A 23 47 34 B8 C9 E9 F1 F9 31 26 EF 56 BD 02 4A  j#G4.....1&.V..J
00006AC0:  59 04 A8 FE A8 F0 EB F0 9A F2 05 84 48 1B 01 CB  Y...........H...
00006AD0:  CC 66 FE 50 0B 9A E9 4E EE 8D 5E 87 AB 73 1E 90  .f.P...N..^..s..
00006AE0:  6D 03 FA B6 9E 45 6A 9B 3E C2 57 80 03 32 0B 60  m....Ej.>.W..2.`
00006AF0:  67 9C 70 D3 27 3F 00 00 00 00 00 00 00 00 00 00  g.p.'?..........
00006B00:  00 00 00 00 00 00 D8 10 BA 4C 53 EA 66 F7 11 7F  .........LS.f...
00006B10:  6B 50 92 A2 97 7A 00 00 00 00 00 00 00 00 00 00  kP...z..........
00006B20:  00 00 00 00 00 00 00 00 00 00 00 00 00 00 00 00  ................ [zeros]
00006B30:  00 00 00 00 00 00 00 00 00 00 00 00 00 00 00 00  ................ [zeros]
00006B40:  00 00 00 00 00 00 00 00 00 00 00 00 00 00 00 00  ................ [zeros]
00006B50:  00 00 00 00 00 00 A2 14 B4 DC A9 2B D9 D3 8F 74  ...........+...t
00006B60:  38 13 2E 4E 71 5C A0 E6 8C F0 96 41 CF CE 50 6B  8..Nq\.....A..Pk
00006B70:  A5 DE 85 CE C1 7F 32 CF 8B 8C 7B B8 2D A0 77 91  ......2...{.-.w.
00006B80:  51 B5 2A 1E 0F 33 F6 B7 0B F1 59 99 AD C6 45 1D  Q.*..3....Y...E.
00006B90:  9C 87 C8 D4 E6 4B 00 00 00 00 00 00 00 00 00 00  .....K..........
00006BA0:  00 00 00 00 00 00 00 00 00 00 00 00 00 00 00 00  ................ [zeros]
00006BB0:  00 00 00 00 00 00 00 00 00 00 00 00 00 00 00 00  ................ [zeros]
00006BC0:  00 00 00 00 00 00 00 00 00 00 00 00 00 00 00 00  ................ [zeros]
00006BD0:  00 00 00 00 00 00 00 00 00 00 00 00 00 00 00 00  ................ [zeros]
00006BE0:  00 00 00 00 00 00 00 00 00 00 00 00 00 00 00 00  ................ [zeros]
00006BF0:  00 00 00 00 00 00 00 00 00 00 00 00 00 00 00 00  ................ [zeros]
00006C00:  00 00 00 00 00 00 00 00 00 00 00 00 00 00 00 00  ................ [zeros]
00006C10:  00 00 00 00 00 00 00 00 00 00 00 00 00 00 00 00  ................ [zeros]
00006C20:  00 00 00 00 00 00 00 00 00 00 00 00 00 00 00 00  ................ [zeros]
00006C30:  00 00 00 00 00 00 00 00 00 00 00 00 00 00 00 00  ................ [zeros]
00006C40:  00 00 00 00 00 00 00 00 00 00 00 00 00 00 00 00  ................ [zeros]
00006C50:  00 00 00 00 00 00 B6 6C 47 60 A5 0D 14 A2 B7 05  .......lG`......
00006C60:  C9 FE B0 FD 2C E6 C6 16 5C 02 BE AB AF D2 E4 2B  ....,...\......+
00006C70:  F1 6C 40 BF 59 43 4D 38 E1 9E 1C 88 A6 D5 E5 7F  .l@.YCM8........
00006C80:  9F 6B 48 BD EE 53 8C CD 2A 99 17 11 54 E9 25 73  .kH..S..*...T.%s
00006C90:  77 C9 4C A7 92 A9 00 00 00 00 00 00 00 00 00 00  w.L.............
00006CA0:  00 00 00 00 00 00 00 00 00 00 00 00 00 00 00 00  ................ [zeros]
00006CB0:  00 00 00 00 00 00 00 00 00 00 00 00 00 00 00 00  ................ [zeros]
00006CC0:  00 00 00 00 00 00 00 00 00 00 00 00 00 00 00 00  ................ [zeros]
00006CD0:  00 00 00 00 00 00 00 00 00 00 00 00 00 00 00 00  ................ [zeros]
00006CE0:  00 00 00 00 00 00 65 A3 39 A1 A8 43 47 18 90 EB  ......e.9..CG...
00006CF0:  45 45 37 2A 4F B3 9C D6 E8 F9 7E 59 91 81 1E 72  EE7*O.....~Y...r
00006D00:  77 FE 40 77 CE B6 00 00 00 00 00 00 00 00 00 00  w.@w............
00006D10:  00 00 00 00 00 00 00 00 00 00 00 00 00 00 00 00  ................ [zeros]
00006D20:  00 00 00 00 00 00 00 00 00 00 00 00 00 00 00 00  ................ [zeros]
00006D30:  00 00 00 00 00 00 00 00 00 00 00 00 00 00 00 00  ................ [zeros]
00006D40:  00 00 00 00 00 00 00 00 00 00 00 00 00 00 00 00  ................ [zeros]
00006D50:  00 00 00 00 00 00 00 00 00 00 00 00 00 00 00 00  ................ [zeros]
00006D60:  00 00 00 00 00 00 00 00 00 00 00 00 00 00 00 00  ................ [zeros]
00006D70:  00 00 00 00 00 00 00 00 00 00 00 00 00 00 00 00  ................ [zeros]
00006D80:  00 00 00 00 00 00 00 00 00 00 00 00 00 00 00 00  ................ [zeros]
00006D90:  00 00 00 00 00 00 00 00 00 00 00 00 00 00 00 00  ................ [zeros]
00006DA0:  00 00 00 00 00 00 00 00 00 00 00 00 00 00 00 00  ................ [zeros]
00006DB0:  00 00 00 00 00 00 88 8A AB CD 5A BC A4 17 89 02  ..........Z.....
00006DC0:  E5 02 51 98 FF 44 0C 6A BB E6 71 36 DE 73 FA 9A  ..Q..D.j..q6.s..
00006DD0:  2F EA AD 5E 4A C2 E1 72 C1 6B 2F E5 3A 35 11 1B  /..^J..r.k/.:5..
00006DE0:  38 1C 42 18 5F 5B 00 00 00 00 00 00 00 00 00 00  8.B._[..........
00006DF0:  00 00 00 00 00 00 3F 8A 04 09 1F 75 88 7C EF 13  ......?....u.|..
00006E00:  3E 34 D1 C4 75 23 00 00 00 00 00 00 00 00 00 00  >4..u#..........
00006E10:  00 00 00 00 00 00 00 00 00 00 00 00 00 00 00 00  ................ [zeros]
00006E20:  00 00 00 00 00 00 00 00 00 00 00 00 00 00 00 00  ................ [zeros]
00006E30:  00 00 00 00 00 00 00 00 00 00 00 00 00 00 00 00  ................ [zeros]
00006E40:  00 00 00 00 00 00 00 00 00 00 00 00 00 00 00 00  ................ [zeros]
00006E50:  00 00 00 00 00 00 68 DE 89 B5 05 C0 07 70 7B FB  ......h......p{.
00006E60:  D5 B5 6A 0D B4 E0 00 00 00 00 00 00 00 00 00 00  ..j.............
00006E70:  00 00 00 00 00 00 00 00 00 00 00 00 00 00 00 00  ................ [zeros]
00006E80:  00 00 00 00 00 00 00 00 00 00 00 00 00 00 00 00  ................ [zeros]
00006E90:  00 00 00 00 00 00 00 00 00 00 00 00 00 00 00 00  ................ [zeros]
00006EA0:  00 00 00 00 00 00 00 00 00 00 00 00 00 00 00 00  ................ [zeros]
00006EB0:  00 00 00 00 00 00 00 00 00 00 00 00 00 00 00 00  ................ [zeros]
00006EC0:  00 00 00 00 00 00 00 00 00 00 00 00 00 00 00 00  ................ [zeros]
00006ED0:  00 00 00 00 00 00 00 00 00 00 00 00 00 00 00 00  ................ [zeros]
00006EE0:  00 00 00 00 00 00 00 00 00 00 00 00 00 00 00 00  ................ [zeros]
00006EF0:  00 00 00 00 00 00 00 00 00 00 00 00 00 00 00 00  ................ [zeros]
00006F00:  00 00 00 00 00 00 00 00 00 00 00 00 00 00 00 00  ................ [zeros]
00006F10:  00 00 00 00 00 00 00 00 00 00 00 00 00 00 00 00  ................ [zeros]
00006F20:  00 00 00 00 00 00 5C 4C 69 11 7E 4F E9 3E 34 14  ......\Li.~O.>4.
00006F30:  5B 7D 75 4C BD 32 EE 20 64 08 B2 B2 9E E0 EB 63  [}uL.2. d......c
00006F40:  1A 25 82 D4 60 4F 2B 69 52 72 F1 D2 6A 00 D3 A6  .%..`O+iRr..j...
00006F50:  D4 B9 8A 2E EC E7 64 BA 60 AF A0 DA 20 39 FF 96  ......d.`... 9..
00006F60:  AF CF F3 5A A7 70 FF F5 60 50 27 20 30 97 25 B8  ...Z.p..`P' 0.%.
00006F70:  13 2D CC 5D C5 2D EA D1 E4 31 2D E3 F8 6E 4B 21  .-.].-...1-..nK!
00006F80:  EC F3 26 5D EC B3 E4 DF E7 1B 9E 7B C3 A8 2C 53  ..&].......{..,S
00006F90:  08 E7 F9 F4 52 D8 62 B0 CA 05 42 1F BF 5B E7 C4  ....R.b...B..[..
00006FA0:  F6 ED B6 36 AB CF FA 1B E3 45 34 D2 5F 1E 2F FE  ...6.....E4._./.
00006FB0:  EF 46 CA 39 81 FA 92 7B 88 F0 1D 6F C5 FE F6 3D  .F.9...{...o...=
00006FC0:  60 62 23 CC 9B 19 A7 D5 49 F3 8F 79 63 33 A7 BE  `b#.....I..yc3..
00006FD0:  80 E7 6B 38 D7 29 E7 7F B8 7E A8 9D 01 8F 95 EB  ..k8.)...~......
00006FE0:  9E 6B B9 73 0B 05 E0 C6 15 1A 5B 96 22 9C DD 30  .k.s......[."..0
00006FF0:  A2 17 50 6C 1A CF E3 68 E6 61 A1 34 0C 7E 7E C1  ..Pl...h.a.4.~~.
00007000:  6A 33 B6 AD 72 5E 72 53 50 46 45 21 5C 0E 6B 99  j3..r^rSPFE!\.k.
00007010:  26 2B E7 AE D6 7E BF 31 0D D5 B9 F4 60 3F E3 E0  &+...~.1....`?..
00007020:  02 07 C0 A5 0D 5A 6A 86 81 9E 6F AF 26 53 CE 2E  .....Zj...o.&S..
00007030:  12 D3 10 F3 0A DC E7 3C 4A 7D 54 80 EE A1 40 C3  .......<J}T...@.
00007040:  ED CB 5B 55 3E 29 87 AC 7C 00 71 A6 93 54 02 00  ..[U>)..|.q..T..
00007050:  03 26 D1 C3 6E 87 FE 3E F9 A7 BF 68 5B E7 4D D7  .&..n..>...h[.M.
00007060:  56 6C C6 96 C4 EA 8B 80 CA 16 3C 92 50 CE BE C7  Vl........<.P...
00007070:  43 B0 F6 B5 27 9C 13 01 73 FC FD A4 0F 80 04 0B  C...'...s.......
00007080:  EF 33 56 BA 74 74 DC 77 6F A6 33 50 F5 CE 15 9D  .3V.tt.wo.3P....
00007090:  98 0C F5 92 9F 7B 00 00 00 00 00 00 00 00 00 00  .....{..........
000070A0:  00 00 00 00 00 00 14 91 BC 49 76 98 6B 34 1B F3  .........Iv.k4..
000070B0:  88 E7 7C 81 E2 24 B0 C3 67 A6 9C 3D 0A 9A 53 95  ..|..$..g..=..S.
000070C0:  10 B3 2C 8E 4D 9E E6 CE 2D 38 55 BD B0 3F D7 82  ..,.M...-8U..?..
000070D0:  93 CE 2B 73 18 E5 00 00 00 00 00 00 00 00 00 00  ..+s............
000070E0:  00 00 00 00 00 00 AF 34 DD 15 E6 07 AC AC 4F F5  .......4......O.
000070F0:  E4 C5 88 C8 0F D6 3D DD 8E 86 B3 75 C6 36 16 19  ......=....u.6..
00007100:  5C 0D 9A 14 5E A0 00 00 00 00 00 00 00 00 00 00  \...^...........
00007110:  00 00 00 00 00 00 21 ED 71 18 D4 DC EB E4 E9 86  ......!.q.......
00007120:  93 8E 6A 5D AD 51 D4 C8 3C B4 29 84 D1 14 29 68  ..j].Q..<.)...)h
00007130:  11 7F 46 01 B1 11 49 7F 77 84 C0 72 5A 78 20 B4  ..F...I.w..rZx .
00007140:  C5 CC FA 1F 39 1F 00 00 00 00 00 00 00 00 00 00  ....9...........
00007150:  00 00 00 00 00 00 2A 7C AF 9C DC 87 A0 14 97 39  ......*|.......9
00007160:  5D B5 BC B5 9C E2 13 01 73 FC FD A4 0F 80 04 0B  ].......s.......
00007170:  EF 33 56 BA 74 74 DC 77 6F A6 33 50 F5 CE 15 9D  .3V.tt.wo.3P....
00007180:  98 0C F5 92 9F 7B 00 00 00 00 00 00 00 00 00 00  .....{..........
00007190:  00 00 00 00 00 00 1A F6 A0 86 13 D3 39 3F 56 17  ............9?V.
000071A0:  A4 AF BA 8F 2A 92 00 00 00 00 00 00 00 00 00 00  ....*...........
000071B0:  00 00 00 00 00 00 00 00 00 00 00 00 00 00 00 00  ................ [zeros]
000071C0:  00 00 00 00 00 00 00 00 00 00 00 00 00 00 00 00  ................ [zeros]
000071D0:  00 00 00 00 00 00 00 00 00 00 00 00 00 00 00 00  ................ [zeros]
000071E0:  00 00 00 00 00 00 00 00 00 00 00 00 00 00 00 00  ................ [zeros]
000071F0:  00 00 00 00 00 00 00 00 00 00 00 00 00 00 00 00  ................ [zeros]
00007200:  00 00 00 00 00 00 00 00 00 00 00 00 00 00 00 00  ................ [zeros]
00007210:  00 00 00 00 00 00 00 00 00 00 00 00 00 00 00 00  ................ [zeros]
00007220:  00 00 00 00 00 00 00 00 00 00 00 00 00 00 00 00  ................ [zeros]
00007230:  00 00 00 00 00 00 00 00 00 00 00 00 00 00 00 00  ................ [zeros]
00007240:  00 00 00 00 00 00 00 00 00 00 00 00 00 00 00 00  ................ [zeros]
00007250:  00 00 00 00 00 00 00 00 00 00 00 00 00 00 00 00  ................ [zeros]
00007260:  00 00 00 00 00 00 00 00 00 00 00 00 00 00 00 00  ................ [zeros]
00007270:  00 00 00 00 00 00 50 BA 34 46 3B A0 12 7D 57 8E  ......P.4F;..}W.
00007280:  49 94 44 0E BD D6 F2 18 BC 4E 8D EA 11 5B DD 93  I.D......N...[..
00007290:  FC EB ED 98 BC 69 00 00 00 00 00 00 00 00 00 00  .....i..........
000072A0:  00 00 00 00 00 00 CD 3A D2 F5 80 20 BD F9 18 AE  .......:... ....
000072B0:  3B 20 06 99 52 4D 00 00 00 00 00 00 00 00 00 00  ; ..RM..........
000072C0:  00 00 00 00 00 00 D5 BC 8A D8 CA 7D 2C 02 7D 02  ...........},.}.
000072D0:  D3 92 0E 9D 40 46 30 EF E9 7C F2 54 B5 FD 60 95  ....@F0..|.T..`.
000072E0:  9D 67 F4 AE 78 C2 87 D2 CB A0 ED D9 E9 BF FB DC  .g..x...........
000072F0:  F8 C7 00 E6 DF A6 9B 5B ED A9 A8 C6 7A 5D 4C E4  .......[....z]L.
00007300:  AB ED 9D A0 8D 8F 20 C0 1B 5E C8 53 F0 7B F4 8E  ...... ..^.S.{..
00007310:  24 2A FF D0 E7 7E 1F 6A 0A 6C ED 41 25 12 6D 5E  $*...~.j.l.A%.m^
00007320:  6D 06 B3 2A 11 C7 BF CB 81 26 06 90 3A A7 4A 0A  m..*.....&..:.J.
00007330:  D3 BC 0C E8 25 C3 BE A0 39 46 5F B3 89 04 49 C4  ....%...9F_...I.
00007340:  FD 70 C3 FF 30 34 4D DC E8 66 FB A1 C4 E3 0D D6  .p..04M..f......
00007350:  3C 64 99 19 EA BE A5 D9 22 CC 49 48 93 FB B5 5E  <d......".IH...^
00007360:  14 2C BE 00 2E 63 F3 67 A4 E0 56 91 25 13 65 D0  .,...c.g..V.%.e.
00007370:  4B 43 8E 59 11 B5 30 EB 92 82 4F F6 34 B9 40 36  KC.Y..0...O.4.@6
00007380:  87 0C 15 B4 C3 AF 27 F1 09 13 75 09 BD 48 72 3E  ......'...u..Hr>
00007390:  B6 4D 61 12 3E 41 48 7E 8F 00 32 86 A3 10 CA 65  .Ma.>AH~..2....e
000073A0:  7D B6 1D AF 9B DB C6 9F C6 3A 98 CF C3 90 F4 28  }........:.....(
000073B0:  23 D0 A4 46 1E 17 1C 64 42 E7 69 A4 D3 67 05 9D  #..F...dB.i..g..
000073C0:  F9 3B FE C3 2C 7A 98 92 62 0E 87 50 4A 50 3F 0B  .;..,z..b..PJP?.
000073D0:  3D 6D B9 62 40 59 C1 8A 89 4F 50 F6 63 95 C2 6F  =m.b@Y...OP.c..o
000073E0:  C0 90 DE 54 A6 F0 00 00 00 00 00 00 00 00 00 00  ...T............
000073F0:  00 00 00 00 00 00 00 00 00 00 00 00 00 00 00 00  ................ [zeros]
00007400:  00 00 00 00 00 00 00 00 00 00 00 00 00 00 00 00  ................ [zeros]
00007410:  00 00 00 00 00 00 AF 34 DD 15 E6 07 AC AC 4F F5  .......4......O.
00007420:  E4 C5 88 C8 0F D6 00 00 00 00 00 00 00 00 00 00  ................
00007430:  00 00 00 00 00 00 00 00 00 00 00 00 00 00 00 00  ................ [zeros]
00007440:  00 00 00 00 00 00 0D D5 01 BE E1 4E 72 4B 41 4C  ...........NrKAL
00007450:  70 F7 7A D5 17 C9 00 00 00 00 00 00 00 00 00 00  p.z.............
00007460:  00 00 00 00 00 00 00 00 00 00 00 00 00 00 00 00  ................ [zeros]
00007470:  00 00 00 00 00 00 F1 16 0B B9 24 5F 11 B5 FD 73  ..........$_...s
00007480:  F1 28 66 8A 78 30 00 00 00 00 00 00 00 00 00 00  .(f.x0..........
00007490:  00 00 00 00 00 00 00 00 00 00 00 00 00 00 00 00  ................ [zeros]
000074A0:  00 00 00 00 00 00 00 00 00 00 00 00 00 00 00 00  ................ [zeros]
000074B0:  00 00 00 00 00 00 EA DE 99 69 26 98 4B CF 4E D1  .........i&.K.N.
000074C0:  C2 D9 C8 CE FF 57 00 00 00 00 00 00 00 00 00 00  .....W..........
000074D0:  00 00 00 00 00 00 00 00 00 00 00 00 00 00 00 00  ................ [zeros]
000074E0:  00 00 00 00 00 00 90 1E D7 64 BC 86 61 8B 81 33  .........d..a..3
000074F0:  07 EC 67 CA E3 41 00 00 00 00 00 00 00 00 00 00  ..g..A..........
00007500:  00 00 00 00 00 00 00 00 00 00 00 00 00 00 00 00  ................ [zeros]
00007510:  00 00 00 00 00 00 16 79 E4 9C 8B E2 E3 9B 29 FC  .......y......).
00007520:  4D E6 80 EA 92 B1 00 00 00 00 00 00 00 00 00 00  M...............
00007530:  00 00 00 00 00 00 00 00 00 00 00 00 00 00 00 00  ................ [zeros]
00007540:  00 00 00 00 00 00 47 4E 75 61 22 58 A6 03 F0 F9  ......GNua"X....
00007550:  4C D6 EA 4E 9A AF 2B 57 B9 D4 27 EF 33 44 4A 4B  L..N..+W..'.3DJK
00007560:  54 74 0E BB ED 86 EA 3F 55 17 DB B9 DA D7 C7 36  Tt.....?U......6
00007570:  12 39 41 3D 4A F6 A6 85 AA 28 3D DA 5A 98 E6 70  .9A=J....(=.Z..p
00007580:  A0 A1 60 C6 F2 04 FC C4 C3 CC 66 F9 1D BD 8D C2  ..`.......f.....
00007590:  EF D9 86 AD 10 B5 52 AD 47 FA CA CD 0E 17 E1 E9  ......R.G.......
000075A0:  70 89 90 0A 51 64 55 30 06 13 6A B4 FC AE 73 BA  p...QdU0..j...s.
000075B0:  6E DB 79 2F A9 BC 5D 81 AE 72 4B 9D AC 94 E0 10  n.y/..]..rK.....
000075C0:  31 B2 B1 1D 25 CD B7 1D 1F AD 1B 68 04 A1 60 AC  1...%......h..`.
000075D0:  84 10 22 C8 F6 09 49 C5 68 3B B4 B9 EB 7D FF 12  .."...I.h;...}..
000075E0:  C3 9D A3 EB 02 FC 1E 1B 83 C9 47 36 28 84 2B 5E  ..........G6(.+^
000075F0:  04 12 C3 D4 39 FE CF 0C E9 1F 34 DE 85 01 96 DC  ....9.....4.....
00007600:  6A EF 64 CE B2 B2 42 14 E7 05 FF 78 D8 BF D7 86  j.d...B....x....
00007610:  6F E5 86 0E EE 49 77 56 72 BA 82 A6 F5 80 3C 3C  o....IwVr.....<<
00007620:  CF AA F5 18 A5 5F 54 51 39 81 80 78 17 15 38 EE  ....._TQ9..x..8.
00007630:  D5 DC CC 73 8B 18 23 1B 01 76 F2 D2 64 86 B2 45  ...s..#..v..d..E
00007640:  B1 5D 40 C0 95 0E 5B F2 C8 72 A2 ED EB 0A 1A C7  .]@...[..r......
00007650:  B8 42 2B E5 59 04 51 C2 66 B0 61 DC B9 98 2E 9D  .B+.Y.Q.f.a.....
00007660:  38 62 E5 DD 74 2E 24 92 18 DD 04 8D 9F 3C B4 87  8b..t.$......<..
00007670:  34 0A BD 09 49 41 24 92 18 DD 04 8D 9F 3C B4 87  4...IA$......<..
00007680:  34 0A BD 09 49 41 7B 6D 59 A0 D2 50 5C D6 DB 9D  4...IA{mY..P\...
00007690:  1C 27 35 87 4A 4F 81 89 C6 D1 9B 9E 49 C0 6C 43  .'5.JO......I.lC
000076A0:  2E CE 49 76 26 73 81 89 C6 D1 9B 9E 49 C0 6C 43  ..Iv&s......I.lC
000076B0:  2E CE 49 76 26 73 81 89 C6 D1 9B 9E 49 C0 6C 43  ..Iv&s......I.lC
000076C0:  2E CE 49 76 26 73 14 7F F2 E0 F0 FB 02 5C 7F 3D  ..Iv&s.......\.=
000076D0:  39 04 0E 1B 59 A2 62 45 6C 57 55 2F D9 D3 4A E0  9...Y.bElWU/..J.
000076E0:  3F 24 CD EF BD 8E D6 62 9B 54 FF FE 1F 41 09 3E  ?$.....b.T...A.>
000076F0:  60 E9 C7 2C 73 E5 B9 6C 09 3B C4 6C 97 99 59 9F  `..,s..l.;.l..Y.
00007700:  88 A8 0D D5 BF BD 24 B4 4F C2 80 63 60 F4 21 FE  ......$.O..c`.!.
00007710:  FB 5B D9 22 0D 60 04 93 F6 AC EC 26 D4 E0 3F 32  .[.".`.....&..?2
00007720:  17 75 E6 3F 3F D3 F3 AE 5A 8A B6 BD 2B D6 7E 63  .u.??...Z...+.~c
00007730:  CD 0D 17 4F 05 7E 48 22 9E A6 88 44 EE 57 79 9F  ...O.~H"...D.Wy.
00007740:  3B E4 8B AD E2 8A 48 22 9E A6 88 44 EE 57 79 9F  ;.....H"...D.Wy.
00007750:  3B E4 8B AD E2 8A 16 EA B6 3B 09 49 DC 3F 35 D4  ;........;.I.?5.
00007760:  6E D1 64 3E AE 0E 1B 05 76 67 2A AA E4 41 5B 07  n.d>....vg*..A[.
00007770:  9D 9A FB 82 A4 A2 46 B5 80 03 03 9D 06 5F 27 36  ......F......_'6
00007780:  C8 31 79 B1 CE E7 29 D8 8D 36 BB B0 52 C0 C1 5D  .1y...)..6..R..]
00007790:  5F 1A 51 06 CF 08 7A 78 10 92 14 13 03 AF E4 BB  _.Q...zx........
000077A0:  8A EC 03 C5 8C 3D BE 30 C8 34 5C FE 71 92 A4 AB  .....=.0.4\.q...
000077B0:  31 7B C0 8C 5B F3 EF 00 F9 12 24 81 05 38 35 B5  1{..[.....$..85.
000077C0:  2F 21 11 81 EE 82 16 4E 13 D0 BD 82 A3 79 1F 92  /!.....N.....y..
000077D0:  4C 61 C1 46 EF 1D 31 DC 37 55 8E 49 BA 0D BD 26  La.F..1.7U.I...&
000077E0:  2F 50 AE BD 03 5A A1 B0 68 F2 6B 54 2F 55 63 BD  /P...Z..h.kT/Uc.
000077F0:  5F 54 C4 A0 2E 2F 1B 05 76 67 2A AA E4 41 5B 07  _T.../..vg*..A[.
00007800:  9D 9A FB 82 A4 A2 46 B5 80 03 03 9D 06 5F 27 36  ......F......_'6
00007810:  C8 31 79 B1 CE E7 29 D8 8D 36 BB B0 52 C0 C1 5D  .1y...)..6..R..]
00007820:  5F 1A 51 06 CF 08 7A 78 10 92 14 13 03 AF E4 BB  _.Q...zx........
00007830:  8A EC 03 C5 8C 3D BE 30 C8 34 5C FE 71 92 A4 AB  .....=.0.4\.q...
00007840:  31 7B C0 8C 5B F3 EF 00 F9 12 24 81 05 38 35 B5  1{..[.....$..85.
00007850:  2F 21 11 81 EE 82 DB FA 8F 6A 5E 1A B4 BB 7E 07  /!.......j^...~.
00007860:  8F 89 F9 E4 EF 49 80 1E 3C 76 32 25 09 EA 9D 75  .....I..<v2%...u
00007870:  2E 5B DA 76 3E 4D 00 00 00 00 00 00 00 00 00 00  .[.v>M..........
00007880:  00 00 00 00 00 00 8C D4 92 92 EB 79 5B 59 C4 7E  ...........y[Y.~
00007890:  EC C6 0D BE 65 70 EB 02 F2 44 D4 1B 6E AC D7 10  ....ep...D..n...
000078A0:  40 57 3F E1 3F C0 41 4D 11 1C 8E 4B E2 53 11 4A  @W?.?.AM...K.S.J
000078B0:  D4 44 BE 3D 8A 1B 43 A9 34                       .D.=..C.4

; --- structure summary (block types) ---
; 0x00000060..+0xD0  data   (208 bytes)
; 0x00000130..+0x40  zeros  (64 bytes)
; 0x00000170..+0x220  data   (544 bytes)
; 0x00000390..+0x170  zeros  (368 bytes)
; 0x00000500..+0x590  data   (1424 bytes)
; 0x00000A90..+0x3E0  zeros  (992 bytes)
; 0x00000E70..+0x20  data   (32 bytes)
; 0x00000E90..+0x3E0  zeros  (992 bytes)
; 0x00001270..+0x20  data   (32 bytes)
; 0x00001290..+0x3E0  zeros  (992 bytes)
; 0x00001670..+0x20  data   (32 bytes)
; 0x00001690..+0x3F0  zeros  (1008 bytes)
; 0x00001A80..+0x2080  data   (8320 bytes)
; 0x00003B00..+0x10  zeros  (16 bytes)
; 0x00003B10..+0x30  data   (48 bytes)
; 0x00003B40..+0x80  zeros  (128 bytes)
; 0x00003BC0..+0x110  data   (272 bytes)
; 0x00003CD0..+0xB0  zeros  (176 bytes)
; 0x00003D80..+0x50  data   (80 bytes)
; 0x00003DD0..+0xE0  zeros  (224 bytes)
; 0x00003EB0..+0x30  data   (48 bytes)
; 0x00003EE0..+0x30  zeros  (48 bytes)
; 0x00003F10..+0x50  data   (80 bytes)
; 0x00003F60..+0xF0  zeros  (240 bytes)
; 0x00004050..+0xF0  data   (240 bytes)
; 0x00004140..+0x5E0  zeros  (1504 bytes)
; 0x00004720..+0x140  data   (320 bytes)
; 0x00004860..+0xF0  zeros  (240 bytes)
; 0x00004950..+0x220  data   (544 bytes)
; 0x00004B70..+0x30  zeros  (48 bytes)
; 0x00004BA0..+0xA0  data   (160 bytes)
; 0x00004C40..+0xB0  zeros  (176 bytes)
; 0x00004CF0..+0xA0  data   (160 bytes)
; 0x00004D90..+0x10  zeros  (16 bytes)
; 0x00004DA0..+0xD0  data   (208 bytes)
; 0x00004E70..+0xC0  zeros  (192 bytes)
; 0x00004F30..+0x290  data   (656 bytes)
; 0x000051C0..+0x40  zeros  (64 bytes)
; 0x00005200..+0x170  data   (368 bytes)
; 0x00005370..+0x30  zeros  (48 bytes)
; 0x000053A0..+0x280  data   (640 bytes)
; 0x00005620..+0x60  zeros  (96 bytes)
; 0x00005680..+0xF0  data   (240 bytes)
; 0x00005770..+0xD0  zeros  (208 bytes)
; 0x00005840..+0x250  data   (592 bytes)
; 0x00005A90..+0xC0  zeros  (192 bytes)
; 0x00005B50..+0x230  data   (560 bytes)
; 0x00005D80..+0x40  zeros  (64 bytes)
; 0x00005DC0..+0x50  data   (80 bytes)
; 0x00005E10..+0xA0  zeros  (160 bytes)
; 0x00005EB0..+0x60  data   (96 bytes)
; 0x00005F10..+0x40  zeros  (64 bytes)
; 0x00005F50..+0x30  data   (48 bytes)
; 0x00005F80..+0xA0  zeros  (160 bytes)
; 0x00006020..+0x50  data   (80 bytes)
; 0x00006070..+0x40  zeros  (64 bytes)
; 0x000060B0..+0x30  data   (48 bytes)
; 0x000060E0..+0xA0  zeros  (160 bytes)
; 0x00006180..+0x290  data   (656 bytes)
; 0x00006410..+0xC0  zeros  (192 bytes)
; 0x000064D0..+0x190  data   (400 bytes)
; 0x00006660..+0x10  zeros  (16 bytes)
; 0x00006670..+0x20  data   (32 bytes)
; 0x00006690..+0x20  zeros  (32 bytes)
; 0x000066B0..+0x20  data   (32 bytes)
; 0x000066D0..+0x10  zeros  (16 bytes)
; 0x000066E0..+0x20  data   (32 bytes)
; 0x00006700..+0x10  zeros  (16 bytes)
; 0x00006710..+0x20  data   (32 bytes)
; 0x00006730..+0x10  zeros  (16 bytes)
; 0x00006740..+0x20  data   (32 bytes)
; 0x00006760..+0x20  zeros  (32 bytes)
; 0x00006780..+0x20  data   (32 bytes)
; 0x000067A0..+0x10  zeros  (16 bytes)
; 0x000067B0..+0x370  data   (880 bytes)
; 0x00006B20..+0x30  zeros  (48 bytes)
; 0x00006B50..+0x50  data   (80 bytes)
; 0x00006BA0..+0xB0  zeros  (176 bytes)
; 0x00006C50..+0x50  data   (80 bytes)
; 0x00006CA0..+0x40  zeros  (64 bytes)
; 0x00006CE0..+0x30  data   (48 bytes)
; 0x00006D10..+0xA0  zeros  (160 bytes)
; 0x00006DB0..+0x60  data   (96 bytes)
; 0x00006E10..+0x40  zeros  (64 bytes)
; 0x00006E50..+0x20  data   (32 bytes)
; 0x00006E70..+0xB0  zeros  (176 bytes)
; 0x00006F20..+0x290  data   (656 bytes)
; 0x000071B0..+0xC0  zeros  (192 bytes)
; 0x00007270..+0x180  data   (384 bytes)
; 0x000073F0..+0x20  zeros  (32 bytes)
; 0x00007410..+0x20  data   (32 bytes)
; 0x00007430..+0x10  zeros  (16 bytes)
; 0x00007440..+0x20  data   (32 bytes)
; 0x00007460..+0x10  zeros  (16 bytes)
; 0x00007470..+0x20  data   (32 bytes)
; 0x00007490..+0x20  zeros  (32 bytes)
; 0x000074B0..+0x20  data   (32 bytes)
; 0x000074D0..+0x10  zeros  (16 bytes)
; 0x000074E0..+0x20  data   (32 bytes)
; 0x00007500..+0x10  zeros  (16 bytes)
; 0x00007510..+0x20  data   (32 bytes)
; 0x00007530..+0x10  zeros  (16 bytes)
; 0x00007540..+0x370  data   (880 bytes)
