; Decrypted GatewaySettings dump (see FORMAT.md)
; key = 69884ac645b1a4a22dbc770831a30d22 (aligned at 0x60)

00000060:  83 C7 E4 C6 F8 70 80 1A 11 1A 58 D6 59 46 6B 8A  .....p....X.YFk.
00000070:  B4 E8 DE 11 C9 56 D9 B0 96 A9 44 2F 4A 63 C6 A2  .....V....D/Jc..
00000080:  4D 5D BA 71 3A A4 77 2E 82 ED 83 15 3B F7 93 06  M].q:.w.....;...
00000090:  66 58 5E 4B C5 56 AC DF 4E D1 C7 0A D3 F6 D1 A2  fX^K.V..N.......
000000A0:  4B 9D 74 76 09 44 00 00 00 00 00 00 00 00 00 00  K.tv.D..........
000000B0:  00 00 00 00 00 00 6F F6 5F 4F 7C E7 58 EA EA BD  ......o._O|.X...
000000C0:  7A 92 44 72 20 1D E8 3D 45 AE 2B E1 45 1C E0 B7  z.Dr ..=E.+.E...
000000D0:  3D 66 DD 68 5B 69 83 5A 55 81 8A F4 B8 88 D9 D3  =f.h[i.ZU.......
000000E0:  EC A2 92 54 F2 11 DA C8 78 79 67 60 9B E4 75 98  ...T....xyg`..u.
000000F0:  06 0A 4B 45 02 99 A2 15 FD 93 93 E9 B5 C6 9D 1F  ..KE............
00000100:  72 45 46 6C 0E 6C D7 94 7B 34 D6 D5 96 6C 9D AD  rEFl.l..{4...l..
00000110:  86 53 45 12 B4 71 D2 92 63 E3 52 C5 11 57 DB 4C  .SE..q..c.R..W.L
00000120:  93 79 C0 01 DB 36 00 00 00 00 00 00 00 00 00 00  .y...6..........
00000130:  00 00 00 00 00 00 00 00 00 00 00 00 00 00 00 00  ................ [zeros]
00000140:  00 00 00 00 00 00 00 00 00 00 00 00 00 00 00 00  ................ [zeros]
00000150:  00 00 00 00 00 00 00 00 00 00 00 00 00 00 00 00  ................ [zeros]
00000160:  00 00 00 00 00 00 00 00 00 00 00 00 00 00 00 00  ................ [zeros]
00000170:  00 00 00 00 00 00 4D A7 A0 BA 9B F0 C7 CC AC 4E  ......M........N
00000180:  2A FD 7E C0 DA AC 7F 4A D2 4B 66 47 27 62 D6 FC  *.~....J.KfG'b..
00000190:  0E FB 07 1B 9F AD DB AB 97 2E C5 A2 18 92 6B 53  ..............kS
000001A0:  38 CE 6E 76 E6 FE 26 44 9E 2B 40 05 1F 43 8A 44  8.nv..&D.+@..C.D
000001B0:  DB FF 4C 83 48 6B 89 A2 3C 09 88 4C E4 59 70 2C  ..L.Hk..<..L.Yp,
000001C0:  72 54 A0 DD A3 18 71 22 3D 47 27 82 8D 2A D8 58  rT....q"=G'..*.X
000001D0:  21 14 45 C6 9C 3A 16 3F 0C 73 A7 BB CD BF 64 0B  !.E..:.?.s....d.
000001E0:  8A 77 8D 6D 95 83 F3 A5 66 C4 B9 6C 8F F3 79 62  .w.m....f..l..yb
000001F0:  BE 2E D2 64 25 76 57 2B 5A 86 18 F6 E1 68 46 FD  ...d%vW+Z....hF.
00000200:  63 84 6D F6 69 0E 94 C5 2D 4B FF 4B FA 11 94 A7  c.m.i...-K.K....
00000210:  18 37 03 D6 7A 11 65 A2 38 AE BD 92 3B 87 07 5B  .7..z.e.8...;..[
00000220:  2A A6 35 EE 41 05 C6 FE EA 22 95 AD D7 7E E1 D0  *.5.A...."...~..
00000230:  9B 3C 95 FA 3F BA 46 90 A5 AB D2 84 D6 92 D7 0A  .<..?.F.........
00000240:  87 D6 44 82 11 DE 62 62 D2 A8 54 90 C5 92 E2 C3  ..D...bb..T.....
00000250:  96 91 90 A7 3D B7 B5 73 5D E8 4E 15 54 CE D1 65  ....=..s].N.T..e
00000260:  54 7D 19 C4 E7 72 5B D0 6B 79 81 DD 96 C0 39 5C  T}...r[.ky....9\
00000270:  49 17 09 9B 62 0E C0 A9 17 B7 B0 59 F9 6A 1E BE  I...b......Y.j..
00000280:  B7 1C 37 8F E4 3D F4 75 A2 96 30 82 D6 D0 02 C9  ..7..=.u..0.....
00000290:  E4 62 1F C8 21 65 1F 1E 84 6C 20 20 6E 20 0A F0  .b..!e...l  n ..
000002A0:  3B 7B ED 9E 87 61 3A 8E 8D 77 71 06 CA 29 35 0C  ;{...a:..wq..)5.
000002B0:  00 BE 38 95 61 16 1D A0 8A C2 FF 27 F1 5B 22 C0  ..8.a......'.[".
000002C0:  91 96 DA 62 F6 B3 43 13 AC C4 E5 E3 F1 C9 B9 CA  ...b..C.........
000002D0:  E6 47 91 42 44 35 5A 46 E6 37 DC 8E 18 27 10 A9  .G.BD5ZF.7...'..
000002E0:  72 3E BE F5 C7 13 3F 58 AB 57 3D 50 66 A5 58 DC  r>....?X.W=Pf.X.
000002F0:  59 91 BC 51 60 81 A4 0A FF 45 D9 64 13 B3 42 13  Y..Q`....E.d..B.
00000300:  89 43 39 24 20 DB 68 3C 7C 60 06 19 24 99 A1 43  .C9$ .h<|`..$..C
00000310:  84 0D 74 A8 56 20 7C 83 E9 4A 05 90 0D D3 AE 51  ..t.V |..J.....Q
00000320:  1E 22 43 BC 75 E6 7C 83 E9 4A 05 90 0D D3 AE 51  ."C.u.|..J.....Q
00000330:  1E 22 43 BC 75 E6 5F 3F 3F 5F 50 D6 37 FB 5D 23  ."C.u._??_P.7.]#
00000340:  0E 4F 0F 44 5B BE D7 62 53 47 62 20 9A 42 12 77  .O.D[..bSGb .B.w
00000350:  32 5F 76 41 9E 7B 37 58 99 EA 73 B1 C2 55 FD 34  2_vA.{7X..s..U.4
00000360:  73 30 B4 F1 5D F2 84 77 3A 92 70 46 7B 29 33 A5  s0..]..w:.pF{)3.
00000370:  FB EE A1 7B ED 2E 94 D9 67 B9 1F 9E 58 B8 A2 AF  ...{....g...X...
00000380:  50 0A 01 22 A8 A4 00 00 00 00 00 00 00 00 00 00  P.."............
00000390:  00 00 00 00 00 00 00 00 00 00 00 00 00 00 00 00  ................ [zeros]
000003A0:  00 00 00 00 00 00 00 00 00 00 00 00 00 00 00 00  ................ [zeros]
000003B0:  00 00 00 00 00 00 00 00 00 00 00 00 00 00 00 00  ................ [zeros]
000003C0:  00 00 00 00 00 00 00 00 00 00 00 00 00 00 00 00  ................ [zeros]
000003D0:  00 00 00 00 00 00 00 00 00 00 00 00 00 00 00 00  ................ [zeros]
000003E0:  00 00 00 00 00 00 00 00 00 00 00 00 00 00 00 00  ................ [zeros]
000003F0:  00 00 00 00 00 00 00 00 00 00 00 00 00 00 00 00  ................ [zeros]
00000400:  00 00 00 00 00 00 00 00 00 00 00 00 00 00 00 00  ................ [zeros]
00000410:  00 00 00 00 00 00 00 00 00 00 00 00 00 00 00 00  ................ [zeros]
00000420:  00 00 00 00 00 00 00 00 00 00 00 00 00 00 00 00  ................ [zeros]
00000430:  00 00 00 00 00 00 00 00 00 00 00 00 00 00 00 00  ................ [zeros]
00000440:  00 00 00 00 00 00 00 00 00 00 00 00 00 00 00 00  ................ [zeros]
00000450:  00 00 00 00 00 00 00 00 00 00 00 00 00 00 00 00  ................ [zeros]
00000460:  00 00 00 00 00 00 00 00 00 00 00 00 00 00 00 00  ................ [zeros]
00000470:  00 00 00 00 00 00 00 00 00 00 00 00 00 00 00 00  ................ [zeros]
00000480:  00 00 00 00 00 00 00 00 00 00 00 00 00 00 00 00  ................ [zeros]
00000490:  00 00 00 00 00 00 00 00 00 00 00 00 00 00 00 00  ................ [zeros]
000004A0:  00 00 00 00 00 00 00 00 00 00 00 00 00 00 00 00  ................ [zeros]
000004B0:  00 00 00 00 00 00 00 00 00 00 00 00 00 00 00 00  ................ [zeros]
000004C0:  00 00 00 00 00 00 00 00 00 00 00 00 00 00 00 00  ................ [zeros]
000004D0:  00 00 00 00 00 00 00 00 00 00 00 00 00 00 00 00  ................ [zeros]
000004E0:  00 00 00 00 00 00 00 00 00 00 00 00 00 00 00 00  ................ [zeros]
000004F0:  00 00 00 00 00 00 00 00 00 00 00 00 00 00 00 00  ................ [zeros]
00000500:  00 00 00 00 00 00 83 C6 08 A5 D6 12 29 08 1A 51  ............)..Q
00000510:  CD 5E B5 06 BC 34 98 F2 54 7E 89 28 90 90 50 CA  .^...4..T~.(..P.
00000520:  47 97 B2 D6 94 A8 DB A1 94 95 D5 C4 A3 63 22 4A  G............c"J
00000530:  D4 C1 91 79 C0 60 8B 66 43 D2 06 7F D0 5E 6F E4  ...y.`.fC....^o.
00000540:  D6 01 79 5A DB E3 5A 43 F6 84 77 85 B6 85 62 B2  ..yZ..ZC..w...b.
00000550:  E6 49 AE B2 D3 7D D0 8A 79 7D A9 32 91 00 7D 37  .I...}..y}.2..}7
00000560:  35 0A CB A0 3C EF 65 5B EA A0 FC A5 FA B0 C3 C2  5...<.e[........
00000570:  10 88 58 C0 67 5A 7B A4 F2 43 BF FA C5 69 A2 75  ..X.gZ{..C...i.u
00000580:  81 AD BC 79 AD E9 CA D5 F8 43 DE 81 B2 64 DA ED  ...y.....C...d..
00000590:  68 49 97 FF D2 E7 7F AB 8A 09 7D 7B 3E 77 EA FB  hI........}{>w..
000005A0:  44 B5 9D 60 10 9C 16 E2 61 29 6C 2E 90 04 31 1A  D..`....a)l...1.
000005B0:  57 E0 27 D9 A9 22 0B FC 69 22 24 E4 EF B7 CC 2A  W.'.."..i"$....*
000005C0:  C2 9F 10 F3 4C 4C B9 21 C0 C1 3F 09 18 E1 6B 7F  ....LL.!..?...k.
000005D0:  30 1D 16 78 16 84 13 12 AE 2F C7 15 D0 BE D2 47  0..x...../.....G
000005E0:  BB 1D 75 BD EA 02 30 0E 82 12 EF AD F9 4A 18 4D  ..u...0......J.M
000005F0:  5D D5 F9 90 CD 24 4D F3 D3 F5 82 E8 99 20 B5 F0  ]....$M...... ..
00000600:  A7 5D 4B C9 D4 E2 FD D7 49 2C 27 32 86 74 D7 CA  .]K.....I,'2.t..
00000610:  66 41 F9 CC C8 B9 90 74 9D F4 97 F8 D7 DD E4 CB  fA.....t........
00000620:  17 02 B6 A8 63 43 5F 5C 37 E0 1C 84 11 E1 B1 A2  ....cC_\7.......
00000630:  54 C4 65 8A 38 0F 0F 93 11 A6 85 A0 5B 33 85 53  T.e.8.......[3.S
00000640:  33 12 75 57 1C 29 CC 76 EB 34 A5 3D E2 43 9B C8  3.uW.).v.4.=.C..
00000650:  83 7B C5 F1 65 C8 F9 23 CA 29 6D C5 3F 48 9D 05  .{..e..#.)m.?H..
00000660:  B9 EF 94 6B 6A F8 CE 4C 2D 8A CE 21 58 8E 2D 02  ...kj..L-..!X.-.
00000670:  39 DD FE BB 7E 33 87 7D 25 9C 8A C8 F4 0C 1A 31  9...~3.}%......1
00000680:  4E 28 05 EA 0A 8D F6 43 D3 C4 75 07 D3 DB 9C 8D  N(.....C..u.....
00000690:  9B 4F 6B BC D7 75 AB C9 46 5E 1E 0C B4 00 48 49  .Ok..u..F^....HI
000006A0:  E7 11 2F 56 89 E1 A4 9D BB 4E 0C 8C CA 1D D8 A0  ../V.....N......
000006B0:  04 A6 3A 32 3B 0F 75 76 94 DF 27 78 02 AE 2D 8C  ..:2;.uv..'x..-.
000006C0:  7D C2 83 B5 3E A7 83 F6 94 9C D5 90 37 45 3A D2  }...>.......7E:.
000006D0:  AE D7 58 17 89 84 C6 FC 00 F5 03 A5 27 54 23 46  ..X.........'T#F
000006E0:  FF 67 1C 76 AB 9E AC E2 6B F8 02 C3 42 A0 34 B6  .g.v....k...B.4.
000006F0:  50 C8 B7 B1 40 A4 90 6C E7 C6 13 1E 96 7C 65 9F  P...@..l.....|e.
00000700:  0B F1 09 4B 59 F2 9C AC 37 23 40 7C D6 B5 C5 71  ...KY...7#@|...q
00000710:  3B 4E F8 7D 34 65 D8 A5 D7 EE F8 AF E3 EA 08 7D  ;N.}4e.........}
00000720:  6F 8B 2F 8C 30 E6 5B 97 5C 08 50 65 B7 A2 D7 F6  o./.0.[.\.Pe....
00000730:  F6 F8 3A 83 75 BB 8A 0B 7C 6E 5F 65 09 F9 EB C0  ..:.u...|n_e....
00000740:  78 90 4D AE 5F 29 AC EF 8A AF E6 97 77 68 84 90  x.M._)......wh..
00000750:  5D 40 36 57 C0 63 11 1B 05 E5 19 8E 66 E6 6A D0  ]@6W.c......f.j.
00000760:  13 DD 6B 0F C6 74 9C A3 04 5F 4D C1 4A 4B 03 60  ..k..t..._M.JK.`
00000770:  E7 D3 DB 80 E3 78 88 50 3B 8B 54 00 80 9B 58 E3  .....x.P;.T...X.
00000780:  6E FE 28 07 EE 71 82 97 80 AA 43 6C 9B 38 55 60  n.(..q....Cl.8U`
00000790:  1A 0E 45 7A D8 FC A3 CB C9 61 BF CE 4B 3F AF CD  ..Ez.....a..K?..
000007A0:  1F BB 20 6B 04 1E DE 36 70 11 7D CC 0F A3 CD A7  .. k...6p.}.....
000007B0:  48 8D E2 A0 FB 8B 9A 72 B1 67 14 70 23 EA 2F 0A  H......r.g.p#./.
000007C0:  02 BF 4F A2 03 2E 66 57 50 7E 37 01 CA 9A CF 8C  ..O...fWP~7.....
000007D0:  23 CF 5B 7D 72 0B 36 E1 8B 20 7B BF 88 76 66 DC  #.[}r.6.. {..vf.
000007E0:  9F 56 8F 9A 4C BD 29 23 F6 EA 32 70 B5 88 20 07  .V..L.)#..2p.. .
000007F0:  4D 41 D4 D5 B7 7B FA AA 4B 31 F9 32 37 7B 2D 97  MA...{..K1.27{-.
00000800:  89 0E 44 78 9D 84 C0 24 00 31 D3 5B 24 F4 F2 C3  ..Dx...$.1.[$...
00000810:  3B ED 07 BC 29 68 DF 11 6B 09 0C 98 59 00 21 9E  ;...)h..k...Y.!.
00000820:  23 C1 41 B5 13 34 A1 49 39 B4 F1 0D C0 9C 97 63  #.A..4.I9......c
00000830:  57 26 18 E6 54 E4 BD 55 26 52 7F 56 A3 B4 03 E3  W&..T..U&R.V....
00000840:  EF F5 CD A8 ED 29 78 FE BC 78 16 2B FF B2 77 E4  .....)x..x.+..w.
00000850:  A1 A4 70 80 7B 5F 05 CE D7 C6 99 C0 18 DB 54 15  ..p.{_........T.
00000860:  D3 3E BE 35 4E B9 2A 4E 86 93 FC C8 44 6B A2 66  .>.5N.*N....Dk.f
00000870:  6F 44 13 40 38 46 3D 72 53 2D D7 5C D2 01 C6 3A  oD.@8F=rS-.\...:
00000880:  60 7C A1 88 9D F5 DA 05 81 23 EA 71 ED 22 80 03  `|.......#.q."..
00000890:  92 2E FF 50 23 FC 5C 81 7B BD D1 1B 52 6F 84 B7  ...P#.\.{...Ro..
000008A0:  6F AB 14 1B 9C 2B 92 AA 17 6C 01 31 C4 D7 BB F5  o....+...l.1....
000008B0:  7C 1F 65 0A 80 77 89 51 49 5D 0A 32 8B 45 AF 8B  |.e..w.QI].2.E..
000008C0:  2B C1 53 28 C2 DD 52 F6 94 23 FC 2B 1A 0B D2 AD  +.S(..R..#.+....
000008D0:  E6 A7 4B 0A 04 C4 B3 98 06 BE 8C 12 1B 89 40 67  ..K...........@g
000008E0:  79 D3 46 A1 D5 AA B4 66 97 F4 B1 9C 0A E2 8D DC  y.F....f........
000008F0:  32 73 98 D3 34 4C 7D B2 D3 21 55 2C A1 38 A4 2F  2s..4L}..!U,.8./
00000900:  9B 82 F3 66 E9 1A 35 76 2E 76 22 F9 20 F5 86 AC  ...f..5v.v". ...
00000910:  48 40 2F 85 E1 0C 5C B5 2C 33 51 7C 5D 90 19 91  H@/...\.,3Q|]...
00000920:  4D A6 6B B2 B5 9D 63 DD B8 AF FB F1 3B AD 1E 6B  M.k...c.....;..k
00000930:  6F 1E 3F F0 00 C1 E6 5D 5D 3D 36 E4 B1 C0 6A CE  o.?....]]=6...j.
00000940:  1D 27 64 94 6C 36 02 8E 39 BA 60 A5 D1 32 5F 4E  .'d.l6..9.`..2_N
00000950:  1F D4 FE D9 82 F2 95 8B 2E 62 1F 10 86 81 96 0D  .........b......
00000960:  C8 43 F7 A8 96 4C 7A 53 AB 16 C8 49 E9 68 30 E3  .C...LzS...I.h0.
00000970:  98 18 76 5C C6 41 A2 A5 DC 04 47 2E 0B 2F C6 15  ..v\.A....G../..
00000980:  B1 9C 7F 3E 41 00 B4 33 22 33 D1 A5 88 D3 67 37  ...>A..3"3....g7
00000990:  7C F9 ED 6E ED 26 83 74 4F FB 27 E4 23 CD C1 E3  |..n.&.tO.'.#...
000009A0:  CC 38 2E B6 1F 15 2E 65 05 35 72 CE 2D 93 07 5E  .8.....e.5r.-..^
000009B0:  BE 58 6C 08 1F 7E 77 74 54 58 B3 53 A2 AF 63 F3  .Xl..~wtTX.S..c.
000009C0:  23 21 39 37 E6 00 63 DD B8 AF FB F1 3B AD 1E 6B  #!97..c.....;..k
000009D0:  6F 1E 3F F0 00 C1 20 71 78 0D 5C A5 63 9A 70 2F  o.?... qx.\.c.p/
000009E0:  67 BD FE C0 27 E6 3F 0E F6 83 A9 93 73 B1 1E 26  g...'.?.....s..&
000009F0:  B1 76 1D E9 6B C6 6A CA 1B 2F 15 53 B7 32 CF 82  .v..k.j../.S.2..
00000A00:  87 B4 90 BB A9 A5 91 91 B3 00 0C A3 E7 71 78 73  .............qxs
00000A10:  55 3F 2E 71 CB E5 AD 37 8A 14 E9 F4 6C 53 77 BC  U?.q...7....lSw.
00000A20:  E0 6C AE F3 3D 61 8D 12 A9 4E 7B F5 F2 B5 11 DC  .l..=a...N{.....
00000A30:  56 1A B3 FA A1 F7 39 89 86 08 AF 30 11 BE DA 1F  V.....9....0....
00000A40:  9B 48 30 70 7F 19 CB 51 75 7F D3 BC 75 88 BF 45  .H0p...Qu...u..E
00000A50:  00 79 F2 48 D8 9A 64 3B C8 EE 37 C8 FB A1 C3 BE  .y.H..d;..7.....
00000A60:  9C C7 21 26 BA 84 E6 AF AE 27 5F 7A 3B 00 66 5D  ..!&.....'_z;.f]
00000A70:  C5 08 3D F5 FD 77 18 17 85 79 1A 77 01 29 34 FA  ..=..w...y.w.)4.
00000A80:  AE B9 3A A1 47 D1 00 00 00 00 00 00 00 00 00 00  ..:.G...........
00000A90:  00 00 00 00 00 00 00 00 00 00 00 00 00 00 00 00  ................ [zeros]
00000AA0:  00 00 00 00 00 00 00 00 00 00 00 00 00 00 00 00  ................ [zeros]
00000AB0:  00 00 00 00 00 00 00 00 00 00 00 00 00 00 00 00  ................ [zeros]
00000AC0:  00 00 00 00 00 00 00 00 00 00 00 00 00 00 00 00  ................ [zeros]
00000AD0:  00 00 00 00 00 00 00 00 00 00 00 00 00 00 00 00  ................ [zeros]
00000AE0:  00 00 00 00 00 00 00 00 00 00 00 00 00 00 00 00  ................ [zeros]
00000AF0:  00 00 00 00 00 00 00 00 00 00 00 00 00 00 00 00  ................ [zeros]
00000B00:  00 00 00 00 00 00 00 00 00 00 00 00 00 00 00 00  ................ [zeros]
00000B10:  00 00 00 00 00 00 00 00 00 00 00 00 00 00 00 00  ................ [zeros]
00000B20:  00 00 00 00 00 00 00 00 00 00 00 00 00 00 00 00  ................ [zeros]
00000B30:  00 00 00 00 00 00 00 00 00 00 00 00 00 00 00 00  ................ [zeros]
00000B40:  00 00 00 00 00 00 00 00 00 00 00 00 00 00 00 00  ................ [zeros]
00000B50:  00 00 00 00 00 00 00 00 00 00 00 00 00 00 00 00  ................ [zeros]
00000B60:  00 00 00 00 00 00 00 00 00 00 00 00 00 00 00 00  ................ [zeros]
00000B70:  00 00 00 00 00 00 00 00 00 00 00 00 00 00 00 00  ................ [zeros]
00000B80:  00 00 00 00 00 00 00 00 00 00 00 00 00 00 00 00  ................ [zeros]
00000B90:  00 00 00 00 00 00 00 00 00 00 00 00 00 00 00 00  ................ [zeros]
00000BA0:  00 00 00 00 00 00 00 00 00 00 00 00 00 00 00 00  ................ [zeros]
00000BB0:  00 00 00 00 00 00 00 00 00 00 00 00 00 00 00 00  ................ [zeros]
00000BC0:  00 00 00 00 00 00 00 00 00 00 00 00 00 00 00 00  ................ [zeros]
00000BD0:  00 00 00 00 00 00 00 00 00 00 00 00 00 00 00 00  ................ [zeros]
00000BE0:  00 00 00 00 00 00 00 00 00 00 00 00 00 00 00 00  ................ [zeros]
00000BF0:  00 00 00 00 00 00 00 00 00 00 00 00 00 00 00 00  ................ [zeros]
00000C00:  00 00 00 00 00 00 00 00 00 00 00 00 00 00 00 00  ................ [zeros]
00000C10:  00 00 00 00 00 00 00 00 00 00 00 00 00 00 00 00  ................ [zeros]
00000C20:  00 00 00 00 00 00 00 00 00 00 00 00 00 00 00 00  ................ [zeros]
00000C30:  00 00 00 00 00 00 00 00 00 00 00 00 00 00 00 00  ................ [zeros]
00000C40:  00 00 00 00 00 00 00 00 00 00 00 00 00 00 00 00  ................ [zeros]
00000C50:  00 00 00 00 00 00 00 00 00 00 00 00 00 00 00 00  ................ [zeros]
00000C60:  00 00 00 00 00 00 00 00 00 00 00 00 00 00 00 00  ................ [zeros]
00000C70:  00 00 00 00 00 00 00 00 00 00 00 00 00 00 00 00  ................ [zeros]
00000C80:  00 00 00 00 00 00 00 00 00 00 00 00 00 00 00 00  ................ [zeros]
00000C90:  00 00 00 00 00 00 00 00 00 00 00 00 00 00 00 00  ................ [zeros]
00000CA0:  00 00 00 00 00 00 00 00 00 00 00 00 00 00 00 00  ................ [zeros]
00000CB0:  00 00 00 00 00 00 00 00 00 00 00 00 00 00 00 00  ................ [zeros]
00000CC0:  00 00 00 00 00 00 00 00 00 00 00 00 00 00 00 00  ................ [zeros]
00000CD0:  00 00 00 00 00 00 00 00 00 00 00 00 00 00 00 00  ................ [zeros]
00000CE0:  00 00 00 00 00 00 00 00 00 00 00 00 00 00 00 00  ................ [zeros]
00000CF0:  00 00 00 00 00 00 00 00 00 00 00 00 00 00 00 00  ................ [zeros]
00000D00:  00 00 00 00 00 00 00 00 00 00 00 00 00 00 00 00  ................ [zeros]
00000D10:  00 00 00 00 00 00 00 00 00 00 00 00 00 00 00 00  ................ [zeros]
00000D20:  00 00 00 00 00 00 00 00 00 00 00 00 00 00 00 00  ................ [zeros]
00000D30:  00 00 00 00 00 00 00 00 00 00 00 00 00 00 00 00  ................ [zeros]
00000D40:  00 00 00 00 00 00 00 00 00 00 00 00 00 00 00 00  ................ [zeros]
00000D50:  00 00 00 00 00 00 00 00 00 00 00 00 00 00 00 00  ................ [zeros]
00000D60:  00 00 00 00 00 00 00 00 00 00 00 00 00 00 00 00  ................ [zeros]
00000D70:  00 00 00 00 00 00 00 00 00 00 00 00 00 00 00 00  ................ [zeros]
00000D80:  00 00 00 00 00 00 00 00 00 00 00 00 00 00 00 00  ................ [zeros]
00000D90:  00 00 00 00 00 00 00 00 00 00 00 00 00 00 00 00  ................ [zeros]
00000DA0:  00 00 00 00 00 00 00 00 00 00 00 00 00 00 00 00  ................ [zeros]
00000DB0:  00 00 00 00 00 00 00 00 00 00 00 00 00 00 00 00  ................ [zeros]
00000DC0:  00 00 00 00 00 00 00 00 00 00 00 00 00 00 00 00  ................ [zeros]
00000DD0:  00 00 00 00 00 00 00 00 00 00 00 00 00 00 00 00  ................ [zeros]
00000DE0:  00 00 00 00 00 00 00 00 00 00 00 00 00 00 00 00  ................ [zeros]
00000DF0:  00 00 00 00 00 00 00 00 00 00 00 00 00 00 00 00  ................ [zeros]
00000E00:  00 00 00 00 00 00 00 00 00 00 00 00 00 00 00 00  ................ [zeros]
00000E10:  00 00 00 00 00 00 00 00 00 00 00 00 00 00 00 00  ................ [zeros]
00000E20:  00 00 00 00 00 00 00 00 00 00 00 00 00 00 00 00  ................ [zeros]
00000E30:  00 00 00 00 00 00 00 00 00 00 00 00 00 00 00 00  ................ [zeros]
00000E40:  00 00 00 00 00 00 00 00 00 00 00 00 00 00 00 00  ................ [zeros]
00000E50:  00 00 00 00 00 00 00 00 00 00 00 00 00 00 00 00  ................ [zeros]
00000E60:  00 00 00 00 00 00 00 00 00 00 00 00 00 00 00 00  ................ [zeros]
00000E70:  00 00 00 00 00 00 FB 1F 6A 2B 2B 6F 05 0B 2D E6  ........j++o..-.
00000E80:  C5 F5 0F 10 A2 79 00 00 00 00 00 00 00 00 00 00  .....y..........
00000E90:  00 00 00 00 00 00 00 00 00 00 00 00 00 00 00 00  ................ [zeros]
00000EA0:  00 00 00 00 00 00 00 00 00 00 00 00 00 00 00 00  ................ [zeros]
00000EB0:  00 00 00 00 00 00 00 00 00 00 00 00 00 00 00 00  ................ [zeros]
00000EC0:  00 00 00 00 00 00 00 00 00 00 00 00 00 00 00 00  ................ [zeros]
00000ED0:  00 00 00 00 00 00 00 00 00 00 00 00 00 00 00 00  ................ [zeros]
00000EE0:  00 00 00 00 00 00 00 00 00 00 00 00 00 00 00 00  ................ [zeros]
00000EF0:  00 00 00 00 00 00 00 00 00 00 00 00 00 00 00 00  ................ [zeros]
00000F00:  00 00 00 00 00 00 00 00 00 00 00 00 00 00 00 00  ................ [zeros]
00000F10:  00 00 00 00 00 00 00 00 00 00 00 00 00 00 00 00  ................ [zeros]
00000F20:  00 00 00 00 00 00 00 00 00 00 00 00 00 00 00 00  ................ [zeros]
00000F30:  00 00 00 00 00 00 00 00 00 00 00 00 00 00 00 00  ................ [zeros]
00000F40:  00 00 00 00 00 00 00 00 00 00 00 00 00 00 00 00  ................ [zeros]
00000F50:  00 00 00 00 00 00 00 00 00 00 00 00 00 00 00 00  ................ [zeros]
00000F60:  00 00 00 00 00 00 00 00 00 00 00 00 00 00 00 00  ................ [zeros]
00000F70:  00 00 00 00 00 00 00 00 00 00 00 00 00 00 00 00  ................ [zeros]
00000F80:  00 00 00 00 00 00 00 00 00 00 00 00 00 00 00 00  ................ [zeros]
00000F90:  00 00 00 00 00 00 00 00 00 00 00 00 00 00 00 00  ................ [zeros]
00000FA0:  00 00 00 00 00 00 00 00 00 00 00 00 00 00 00 00  ................ [zeros]
00000FB0:  00 00 00 00 00 00 00 00 00 00 00 00 00 00 00 00  ................ [zeros]
00000FC0:  00 00 00 00 00 00 00 00 00 00 00 00 00 00 00 00  ................ [zeros]
00000FD0:  00 00 00 00 00 00 00 00 00 00 00 00 00 00 00 00  ................ [zeros]
00000FE0:  00 00 00 00 00 00 00 00 00 00 00 00 00 00 00 00  ................ [zeros]
00000FF0:  00 00 00 00 00 00 00 00 00 00 00 00 00 00 00 00  ................ [zeros]
00001000:  00 00 00 00 00 00 00 00 00 00 00 00 00 00 00 00  ................ [zeros]
00001010:  00 00 00 00 00 00 00 00 00 00 00 00 00 00 00 00  ................ [zeros]
00001020:  00 00 00 00 00 00 00 00 00 00 00 00 00 00 00 00  ................ [zeros]
00001030:  00 00 00 00 00 00 00 00 00 00 00 00 00 00 00 00  ................ [zeros]
00001040:  00 00 00 00 00 00 00 00 00 00 00 00 00 00 00 00  ................ [zeros]
00001050:  00 00 00 00 00 00 00 00 00 00 00 00 00 00 00 00  ................ [zeros]
00001060:  00 00 00 00 00 00 00 00 00 00 00 00 00 00 00 00  ................ [zeros]
00001070:  00 00 00 00 00 00 00 00 00 00 00 00 00 00 00 00  ................ [zeros]
00001080:  00 00 00 00 00 00 00 00 00 00 00 00 00 00 00 00  ................ [zeros]
00001090:  00 00 00 00 00 00 00 00 00 00 00 00 00 00 00 00  ................ [zeros]
000010A0:  00 00 00 00 00 00 00 00 00 00 00 00 00 00 00 00  ................ [zeros]
000010B0:  00 00 00 00 00 00 00 00 00 00 00 00 00 00 00 00  ................ [zeros]
000010C0:  00 00 00 00 00 00 00 00 00 00 00 00 00 00 00 00  ................ [zeros]
000010D0:  00 00 00 00 00 00 00 00 00 00 00 00 00 00 00 00  ................ [zeros]
000010E0:  00 00 00 00 00 00 00 00 00 00 00 00 00 00 00 00  ................ [zeros]
000010F0:  00 00 00 00 00 00 00 00 00 00 00 00 00 00 00 00  ................ [zeros]
00001100:  00 00 00 00 00 00 00 00 00 00 00 00 00 00 00 00  ................ [zeros]
00001110:  00 00 00 00 00 00 00 00 00 00 00 00 00 00 00 00  ................ [zeros]
00001120:  00 00 00 00 00 00 00 00 00 00 00 00 00 00 00 00  ................ [zeros]
00001130:  00 00 00 00 00 00 00 00 00 00 00 00 00 00 00 00  ................ [zeros]
00001140:  00 00 00 00 00 00 00 00 00 00 00 00 00 00 00 00  ................ [zeros]
00001150:  00 00 00 00 00 00 00 00 00 00 00 00 00 00 00 00  ................ [zeros]
00001160:  00 00 00 00 00 00 00 00 00 00 00 00 00 00 00 00  ................ [zeros]
00001170:  00 00 00 00 00 00 00 00 00 00 00 00 00 00 00 00  ................ [zeros]
00001180:  00 00 00 00 00 00 00 00 00 00 00 00 00 00 00 00  ................ [zeros]
00001190:  00 00 00 00 00 00 00 00 00 00 00 00 00 00 00 00  ................ [zeros]
000011A0:  00 00 00 00 00 00 00 00 00 00 00 00 00 00 00 00  ................ [zeros]
000011B0:  00 00 00 00 00 00 00 00 00 00 00 00 00 00 00 00  ................ [zeros]
000011C0:  00 00 00 00 00 00 00 00 00 00 00 00 00 00 00 00  ................ [zeros]
000011D0:  00 00 00 00 00 00 00 00 00 00 00 00 00 00 00 00  ................ [zeros]
000011E0:  00 00 00 00 00 00 00 00 00 00 00 00 00 00 00 00  ................ [zeros]
000011F0:  00 00 00 00 00 00 00 00 00 00 00 00 00 00 00 00  ................ [zeros]
00001200:  00 00 00 00 00 00 00 00 00 00 00 00 00 00 00 00  ................ [zeros]
00001210:  00 00 00 00 00 00 00 00 00 00 00 00 00 00 00 00  ................ [zeros]
00001220:  00 00 00 00 00 00 00 00 00 00 00 00 00 00 00 00  ................ [zeros]
00001230:  00 00 00 00 00 00 00 00 00 00 00 00 00 00 00 00  ................ [zeros]
00001240:  00 00 00 00 00 00 00 00 00 00 00 00 00 00 00 00  ................ [zeros]
00001250:  00 00 00 00 00 00 00 00 00 00 00 00 00 00 00 00  ................ [zeros]
00001260:  00 00 00 00 00 00 00 00 00 00 00 00 00 00 00 00  ................ [zeros]
00001270:  00 00 00 00 00 00 42 94 C8 18 CA A0 B6 6E 6B 6F  ......B......nko
00001280:  06 B9 CD C2 0F 7B 00 00 00 00 00 00 00 00 00 00  .....{..........
00001290:  00 00 00 00 00 00 00 00 00 00 00 00 00 00 00 00  ................ [zeros]
000012A0:  00 00 00 00 00 00 00 00 00 00 00 00 00 00 00 00  ................ [zeros]
000012B0:  00 00 00 00 00 00 00 00 00 00 00 00 00 00 00 00  ................ [zeros]
000012C0:  00 00 00 00 00 00 00 00 00 00 00 00 00 00 00 00  ................ [zeros]
000012D0:  00 00 00 00 00 00 00 00 00 00 00 00 00 00 00 00  ................ [zeros]
000012E0:  00 00 00 00 00 00 00 00 00 00 00 00 00 00 00 00  ................ [zeros]
000012F0:  00 00 00 00 00 00 00 00 00 00 00 00 00 00 00 00  ................ [zeros]
00001300:  00 00 00 00 00 00 00 00 00 00 00 00 00 00 00 00  ................ [zeros]
00001310:  00 00 00 00 00 00 00 00 00 00 00 00 00 00 00 00  ................ [zeros]
00001320:  00 00 00 00 00 00 00 00 00 00 00 00 00 00 00 00  ................ [zeros]
00001330:  00 00 00 00 00 00 00 00 00 00 00 00 00 00 00 00  ................ [zeros]
00001340:  00 00 00 00 00 00 00 00 00 00 00 00 00 00 00 00  ................ [zeros]
00001350:  00 00 00 00 00 00 00 00 00 00 00 00 00 00 00 00  ................ [zeros]
00001360:  00 00 00 00 00 00 00 00 00 00 00 00 00 00 00 00  ................ [zeros]
00001370:  00 00 00 00 00 00 00 00 00 00 00 00 00 00 00 00  ................ [zeros]
00001380:  00 00 00 00 00 00 00 00 00 00 00 00 00 00 00 00  ................ [zeros]
00001390:  00 00 00 00 00 00 00 00 00 00 00 00 00 00 00 00  ................ [zeros]
000013A0:  00 00 00 00 00 00 00 00 00 00 00 00 00 00 00 00  ................ [zeros]
000013B0:  00 00 00 00 00 00 00 00 00 00 00 00 00 00 00 00  ................ [zeros]
000013C0:  00 00 00 00 00 00 00 00 00 00 00 00 00 00 00 00  ................ [zeros]
000013D0:  00 00 00 00 00 00 00 00 00 00 00 00 00 00 00 00  ................ [zeros]
000013E0:  00 00 00 00 00 00 00 00 00 00 00 00 00 00 00 00  ................ [zeros]
000013F0:  00 00 00 00 00 00 00 00 00 00 00 00 00 00 00 00  ................ [zeros]
00001400:  00 00 00 00 00 00 00 00 00 00 00 00 00 00 00 00  ................ [zeros]
00001410:  00 00 00 00 00 00 00 00 00 00 00 00 00 00 00 00  ................ [zeros]
00001420:  00 00 00 00 00 00 00 00 00 00 00 00 00 00 00 00  ................ [zeros]
00001430:  00 00 00 00 00 00 00 00 00 00 00 00 00 00 00 00  ................ [zeros]
00001440:  00 00 00 00 00 00 00 00 00 00 00 00 00 00 00 00  ................ [zeros]
00001450:  00 00 00 00 00 00 00 00 00 00 00 00 00 00 00 00  ................ [zeros]
00001460:  00 00 00 00 00 00 00 00 00 00 00 00 00 00 00 00  ................ [zeros]
00001470:  00 00 00 00 00 00 00 00 00 00 00 00 00 00 00 00  ................ [zeros]
00001480:  00 00 00 00 00 00 00 00 00 00 00 00 00 00 00 00  ................ [zeros]
00001490:  00 00 00 00 00 00 00 00 00 00 00 00 00 00 00 00  ................ [zeros]
000014A0:  00 00 00 00 00 00 00 00 00 00 00 00 00 00 00 00  ................ [zeros]
000014B0:  00 00 00 00 00 00 00 00 00 00 00 00 00 00 00 00  ................ [zeros]
000014C0:  00 00 00 00 00 00 00 00 00 00 00 00 00 00 00 00  ................ [zeros]
000014D0:  00 00 00 00 00 00 00 00 00 00 00 00 00 00 00 00  ................ [zeros]
000014E0:  00 00 00 00 00 00 00 00 00 00 00 00 00 00 00 00  ................ [zeros]
000014F0:  00 00 00 00 00 00 00 00 00 00 00 00 00 00 00 00  ................ [zeros]
00001500:  00 00 00 00 00 00 00 00 00 00 00 00 00 00 00 00  ................ [zeros]
00001510:  00 00 00 00 00 00 00 00 00 00 00 00 00 00 00 00  ................ [zeros]
00001520:  00 00 00 00 00 00 00 00 00 00 00 00 00 00 00 00  ................ [zeros]
00001530:  00 00 00 00 00 00 00 00 00 00 00 00 00 00 00 00  ................ [zeros]
00001540:  00 00 00 00 00 00 00 00 00 00 00 00 00 00 00 00  ................ [zeros]
00001550:  00 00 00 00 00 00 00 00 00 00 00 00 00 00 00 00  ................ [zeros]
00001560:  00 00 00 00 00 00 00 00 00 00 00 00 00 00 00 00  ................ [zeros]
00001570:  00 00 00 00 00 00 00 00 00 00 00 00 00 00 00 00  ................ [zeros]
00001580:  00 00 00 00 00 00 00 00 00 00 00 00 00 00 00 00  ................ [zeros]
00001590:  00 00 00 00 00 00 00 00 00 00 00 00 00 00 00 00  ................ [zeros]
000015A0:  00 00 00 00 00 00 00 00 00 00 00 00 00 00 00 00  ................ [zeros]
000015B0:  00 00 00 00 00 00 00 00 00 00 00 00 00 00 00 00  ................ [zeros]
000015C0:  00 00 00 00 00 00 00 00 00 00 00 00 00 00 00 00  ................ [zeros]
000015D0:  00 00 00 00 00 00 00 00 00 00 00 00 00 00 00 00  ................ [zeros]
000015E0:  00 00 00 00 00 00 00 00 00 00 00 00 00 00 00 00  ................ [zeros]
000015F0:  00 00 00 00 00 00 00 00 00 00 00 00 00 00 00 00  ................ [zeros]
00001600:  00 00 00 00 00 00 00 00 00 00 00 00 00 00 00 00  ................ [zeros]
00001610:  00 00 00 00 00 00 00 00 00 00 00 00 00 00 00 00  ................ [zeros]
00001620:  00 00 00 00 00 00 00 00 00 00 00 00 00 00 00 00  ................ [zeros]
00001630:  00 00 00 00 00 00 00 00 00 00 00 00 00 00 00 00  ................ [zeros]
00001640:  00 00 00 00 00 00 00 00 00 00 00 00 00 00 00 00  ................ [zeros]
00001650:  00 00 00 00 00 00 00 00 00 00 00 00 00 00 00 00  ................ [zeros]
00001660:  00 00 00 00 00 00 00 00 00 00 00 00 00 00 00 00  ................ [zeros]
00001670:  00 00 00 00 00 00 A1 C9 B7 D7 4B EA 94 20 33 12  ..........K.. 3.
00001680:  05 74 DE B1 1D D0 00 00 00 00 00 00 00 00 00 00  .t..............
00001690:  00 00 00 00 00 00 00 00 00 00 00 00 00 00 00 00  ................ [zeros]
000016A0:  00 00 00 00 00 00 00 00 00 00 00 00 00 00 00 00  ................ [zeros]
000016B0:  00 00 00 00 00 00 00 00 00 00 00 00 00 00 00 00  ................ [zeros]
000016C0:  00 00 00 00 00 00 00 00 00 00 00 00 00 00 00 00  ................ [zeros]
000016D0:  00 00 00 00 00 00 00 00 00 00 00 00 00 00 00 00  ................ [zeros]
000016E0:  00 00 00 00 00 00 00 00 00 00 00 00 00 00 00 00  ................ [zeros]
000016F0:  00 00 00 00 00 00 00 00 00 00 00 00 00 00 00 00  ................ [zeros]
00001700:  00 00 00 00 00 00 00 00 00 00 00 00 00 00 00 00  ................ [zeros]
00001710:  00 00 00 00 00 00 00 00 00 00 00 00 00 00 00 00  ................ [zeros]
00001720:  00 00 00 00 00 00 00 00 00 00 00 00 00 00 00 00  ................ [zeros]
00001730:  00 00 00 00 00 00 00 00 00 00 00 00 00 00 00 00  ................ [zeros]
00001740:  00 00 00 00 00 00 00 00 00 00 00 00 00 00 00 00  ................ [zeros]
00001750:  00 00 00 00 00 00 00 00 00 00 00 00 00 00 00 00  ................ [zeros]
00001760:  00 00 00 00 00 00 00 00 00 00 00 00 00 00 00 00  ................ [zeros]
00001770:  00 00 00 00 00 00 00 00 00 00 00 00 00 00 00 00  ................ [zeros]
00001780:  00 00 00 00 00 00 00 00 00 00 00 00 00 00 00 00  ................ [zeros]
00001790:  00 00 00 00 00 00 00 00 00 00 00 00 00 00 00 00  ................ [zeros]
000017A0:  00 00 00 00 00 00 00 00 00 00 00 00 00 00 00 00  ................ [zeros]
000017B0:  00 00 00 00 00 00 00 00 00 00 00 00 00 00 00 00  ................ [zeros]
000017C0:  00 00 00 00 00 00 00 00 00 00 00 00 00 00 00 00  ................ [zeros]
000017D0:  00 00 00 00 00 00 00 00 00 00 00 00 00 00 00 00  ................ [zeros]
000017E0:  00 00 00 00 00 00 00 00 00 00 00 00 00 00 00 00  ................ [zeros]
000017F0:  00 00 00 00 00 00 00 00 00 00 00 00 00 00 00 00  ................ [zeros]
00001800:  00 00 00 00 00 00 00 00 00 00 00 00 00 00 00 00  ................ [zeros]
00001810:  00 00 00 00 00 00 00 00 00 00 00 00 00 00 00 00  ................ [zeros]
00001820:  00 00 00 00 00 00 00 00 00 00 00 00 00 00 00 00  ................ [zeros]
00001830:  00 00 00 00 00 00 00 00 00 00 00 00 00 00 00 00  ................ [zeros]
00001840:  00 00 00 00 00 00 00 00 00 00 00 00 00 00 00 00  ................ [zeros]
00001850:  00 00 00 00 00 00 00 00 00 00 00 00 00 00 00 00  ................ [zeros]
00001860:  00 00 00 00 00 00 00 00 00 00 00 00 00 00 00 00  ................ [zeros]
00001870:  00 00 00 00 00 00 00 00 00 00 00 00 00 00 00 00  ................ [zeros]
00001880:  00 00 00 00 00 00 00 00 00 00 00 00 00 00 00 00  ................ [zeros]
00001890:  00 00 00 00 00 00 00 00 00 00 00 00 00 00 00 00  ................ [zeros]
000018A0:  00 00 00 00 00 00 00 00 00 00 00 00 00 00 00 00  ................ [zeros]
000018B0:  00 00 00 00 00 00 00 00 00 00 00 00 00 00 00 00  ................ [zeros]
000018C0:  00 00 00 00 00 00 00 00 00 00 00 00 00 00 00 00  ................ [zeros]
000018D0:  00 00 00 00 00 00 00 00 00 00 00 00 00 00 00 00  ................ [zeros]
000018E0:  00 00 00 00 00 00 00 00 00 00 00 00 00 00 00 00  ................ [zeros]
000018F0:  00 00 00 00 00 00 00 00 00 00 00 00 00 00 00 00  ................ [zeros]
00001900:  00 00 00 00 00 00 00 00 00 00 00 00 00 00 00 00  ................ [zeros]
00001910:  00 00 00 00 00 00 00 00 00 00 00 00 00 00 00 00  ................ [zeros]
00001920:  00 00 00 00 00 00 00 00 00 00 00 00 00 00 00 00  ................ [zeros]
00001930:  00 00 00 00 00 00 00 00 00 00 00 00 00 00 00 00  ................ [zeros]
00001940:  00 00 00 00 00 00 00 00 00 00 00 00 00 00 00 00  ................ [zeros]
00001950:  00 00 00 00 00 00 00 00 00 00 00 00 00 00 00 00  ................ [zeros]
00001960:  00 00 00 00 00 00 00 00 00 00 00 00 00 00 00 00  ................ [zeros]
00001970:  00 00 00 00 00 00 00 00 00 00 00 00 00 00 00 00  ................ [zeros]
00001980:  00 00 00 00 00 00 00 00 00 00 00 00 00 00 00 00  ................ [zeros]
00001990:  00 00 00 00 00 00 00 00 00 00 00 00 00 00 00 00  ................ [zeros]
000019A0:  00 00 00 00 00 00 00 00 00 00 00 00 00 00 00 00  ................ [zeros]
000019B0:  00 00 00 00 00 00 00 00 00 00 00 00 00 00 00 00  ................ [zeros]
000019C0:  00 00 00 00 00 00 00 00 00 00 00 00 00 00 00 00  ................ [zeros]
000019D0:  00 00 00 00 00 00 00 00 00 00 00 00 00 00 00 00  ................ [zeros]
000019E0:  00 00 00 00 00 00 00 00 00 00 00 00 00 00 00 00  ................ [zeros]
000019F0:  00 00 00 00 00 00 00 00 00 00 00 00 00 00 00 00  ................ [zeros]
00001A00:  00 00 00 00 00 00 00 00 00 00 00 00 00 00 00 00  ................ [zeros]
00001A10:  00 00 00 00 00 00 00 00 00 00 00 00 00 00 00 00  ................ [zeros]
00001A20:  00 00 00 00 00 00 00 00 00 00 00 00 00 00 00 00  ................ [zeros]
00001A30:  00 00 00 00 00 00 00 00 00 00 00 00 00 00 00 00  ................ [zeros]
00001A40:  00 00 00 00 00 00 00 00 00 00 00 00 00 00 00 00  ................ [zeros]
00001A50:  00 00 00 00 00 00 00 00 00 00 00 00 00 00 00 00  ................ [zeros]
00001A60:  00 00 00 00 00 00 00 00 00 00 00 00 00 00 00 00  ................ [zeros]
00001A70:  00 00 00 00 00 00 04 1A 2B E7 3D BD 6E 0A 0E A3  ........+.=.n...
00001A80:  AA A3 CF A6 1B EB FD FD 67 4A 45 AA A5 1A D6 06  ........gJE.....
00001A90:  28 27 7F D4 50 BB 19 6A 92 09 5D 82 40 CF 91 12  ('..P..j..].@...
00001AA0:  CD 8C 7E D2 14 22 82 8B E7 E0 51 F4 C4 89 9B CE  ..~.."....Q.....
00001AB0:  B0 EB 72 75 7E F3 BC 05 57 3C 29 64 13 88 B9 0E  ..ru~...W<)d....
00001AC0:  F7 4A 53 3D FC 4D EB FA 83 F2 4D 88 50 86 A9 A6  .JS=.M....M.P...
00001AD0:  6D BF 51 64 B7 AF BB 4A F5 A6 F6 B6 0D C2 06 35  m.Qd...J.......5
00001AE0:  82 FD 3B 80 5C A8 0A 4C 6C F0 A2 A1 2D 3C 0C 26  ..;.\..Ll...-<.&
00001AF0:  89 F3 F1 43 73 51 F4 D7 41 F1 63 6A FB 20 4E 8B  ...CsQ..A.cj. N.
00001B00:  30 8C 26 83 69 3C A1 7C 5E 6C 78 68 FB 20 29 32  0.&.i<.|^lxh. )2
00001B10:  38 BF 3F F4 89 AB D0 FF A3 28 5B E4 11 DA 14 AF  8.?......([.....
00001B20:  35 9B 89 F0 2B C9 81 FB 9E 84 38 41 FE 2A DA 59  5...+.....8A.*.Y
00001B30:  E2 02 1E 5B 2B B7 ED 67 75 F1 75 0E 58 38 6A 18  ...[+..gu.u.X8j.
00001B40:  08 E9 07 52 A1 6C 63 80 3F 13 E4 AF 5E F6 28 4B  ...R.lc.?...^.(K
00001B50:  B2 E1 C2 5D DB FD DE 0A 10 C9 96 20 B6 84 0A 3A  ...]....... ...:
00001B60:  44 73 BD 80 8B CB 75 75 10 18 99 C0 9B 27 CE 27  Ds....uu.....'.'
00001B70:  A5 6B 9E B4 5C 90 BB 5C E4 8E F4 07 85 3C 72 1A  .k..\..\.....<r.
00001B80:  D6 EB 5A 23 6E 8E 5F 76 99 40 A9 CF 1A B3 74 E0  ..Z#n._v.@....t.
00001B90:  EF 47 58 63 71 96 06 77 86 17 6D 24 32 65 1B 02  .GXcq..w..m$2e..
00001BA0:  F8 17 CB 33 72 EA 1F C9 1C 35 3D 14 CE 14 42 0F  ...3r....5=...B.
00001BB0:  15 36 A2 AF 22 CA 59 C9 95 4E FA 74 E0 7B CB 73  .6..".Y..N.t.{.s
00001BC0:  D2 D1 A2 8E 80 8C 61 90 4E 68 67 3F 65 1E 5D B7  ......a.Nhg?e.].
00001BD0:  DB 2A 7D BD E9 37 B1 EF 26 A5 42 5B 6E E8 EA 41  .*}..7..&.B[n..A
00001BE0:  07 A7 D3 6B 07 0F CE 6B 50 F2 84 22 37 D2 6F 2F  ...k...kP.."7.o/
00001BF0:  54 90 CA E3 7F 54 A2 16 2A AC B5 D6 0A 12 C4 EE  T....T..*.......
00001C00:  A4 7D F5 C1 9F 06 6A AB 3E BA D5 39 D4 ED 45 1C  .}....j.>..9..E.
00001C10:  07 20 D4 FE 08 7B B3 4A C5 B9 4C 5C E1 A7 19 8A  . ...{.J..L\....
00001C20:  E5 C5 C4 06 B7 ED CC D2 F3 25 7A 7F 28 88 AA 21  .........%z.(..!
00001C30:  B1 18 AB 6C 43 93 D4 06 2E D6 C6 7E E0 15 C0 68  ...lC......~...h
00001C40:  36 30 58 4B 9E E5 10 AE 34 7D 73 43 B7 37 09 17  60XK....4}sC.7..
00001C50:  93 88 A8 75 D4 55 6D F5 B6 70 3E 80 B6 4D 8F 6B  ...u.Um..p>..M.k
00001C60:  F3 61 D0 EB 4C 28 4B 5F 9A 6F 9F 55 DD 2B 08 A4  .a..L(K_.o.U.+..
00001C70:  34 08 02 31 C2 36 AA B0 D3 CD 25 95 E7 1E C4 B5  4..1.6....%.....
00001C80:  3B 53 55 DC 48 40 35 36 EB F1 BA 25 31 DB 49 5F  ;SU.H@56...%1.I_
00001C90:  99 34 0F EC F1 4D F5 CE C6 FB 78 C4 5C 3A 88 9B  .4...M....x.\:..
00001CA0:  7A E9 61 A0 5A D3 68 98 C2 7A 61 0A 87 0A B5 56  z.a.Z.h..za....V
00001CB0:  C2 F3 BE D3 9A 2C A4 8F 39 86 0F 52 9F F3 F0 AA  .....,..9..R....
00001CC0:  B4 F9 E6 D6 F3 01 FC 30 9F 3C 37 5C 98 97 9B C2  .......0.<7\....
00001CD0:  82 80 21 84 CE AB 9D 87 CD FF E7 A3 F1 B4 F2 AD  ..!.............
00001CE0:  DF F7 52 57 F6 3C D7 1E DA 0E F0 9A 24 EC CC 4D  ..RW.<......$..M
00001CF0:  B1 B4 62 0E 90 38 07 E6 06 78 47 32 F9 38 7A FC  ..b..8...xG2.8z.
00001D00:  AC 68 AE A6 C7 3A 22 82 0B C2 3D 7E 5E 05 FE E4  .h...:"...=~^...
00001D10:  A8 7A 18 C8 B5 85 BE 66 88 06 C0 58 7D 17 30 B0  .z.....f...X}.0.
00001D20:  DC FD 63 36 B1 CB D4 96 FA 42 CB 6D 98 A9 EA 79  ..c6.....B.m...y
00001D30:  4A C3 DA F9 30 44 E7 94 42 15 BD 35 76 71 06 D9  J...0D..B..5vq..
00001D40:  05 79 76 24 95 8B 5C D6 8A 60 C0 46 90 4F 19 DD  .yv$..\..`.F.O..
00001D50:  C0 C0 42 6D 24 A5 DD 8B 5A 91 40 09 1F 46 9C DA  ..Bm$...Z.@..F..
00001D60:  BB 54 72 1F 7A 9A 12 3D ED DB AD 4D E2 FA 2B E6  .Tr.z..=...M..+.
00001D70:  A4 BE AC 67 67 5F 31 31 AD 6A 52 53 3C 2F A5 B4  ...gg_11.jRS</..
00001D80:  43 CB 80 96 85 75 79 F0 BF 3C DC 61 65 95 51 4C  C....uy..<.ae.QL
00001D90:  67 75 07 55 7D 58 31 71 FB 6B 48 26 08 9B 59 67  gu.U}X1q.kH&..Yg
00001DA0:  80 70 57 17 D8 00 A8 30 AC FC 0D 29 CB 8A A6 42  .pW....0...)...B
00001DB0:  52 46 35 19 BD 49 3C 45 15 3B 1E C7 9A 5F B2 E9  RF5..I<E.;..._..
00001DC0:  FB 6B E6 E9 84 38 A8 FF F9 B3 69 FD 9A 55 BB 91  .k...8....i..U..
00001DD0:  82 8C DF 6C 15 AE AE 32 68 56 22 14 E6 B4 BF 66  ...l...2hV"....f
00001DE0:  9D 55 03 79 E4 0B E7 E7 AB 9E 60 C1 42 28 51 40  .U.y......`.B(Q@
00001DF0:  60 71 32 5E 34 8A 75 47 9D 7B 74 3E 30 7C 7B 21  `q2^4.uG.{t>0|{!
00001E00:  80 C9 E3 DA 6B A3 5B C8 39 04 FF EE F2 34 87 94  ....k.[.9....4..
00001E10:  2D 37 A8 93 F7 3F A8 5C 09 3B 6E 4E 86 0E 1A FE  -7...?.\.;nN....
00001E20:  C0 F5 09 CE 67 EC 00 A0 1C 41 D6 16 0A 29 38 6C  ....g....A...)8l
00001E30:  3A 86 15 62 41 1E AA B0 D3 CD 25 95 E7 1E C4 B5  :..bA.....%.....
00001E40:  3B 53 55 DC 48 40 35 36 EB F1 BA 25 31 DB 49 5F  ;SU.H@56...%1.I_
00001E50:  99 34 0F EC F1 4D F5 CE C6 FB 78 C4 5C 3A 88 9B  .4...M....x.\:..
00001E60:  7A E9 61 A0 5A D3 5E 95 21 D3 EC 91 41 2F 64 91  z.a.Z.^.!...A/d.
00001E70:  38 C4 AA F4 BF 32 54 93 27 36 4F 02 A3 FE B0 8A  8....2T.'6O.....
00001E80:  F7 9B FF 53 21 61 46 9F 8C 5F 44 4A 03 D2 D1 2A  ...S!aF.._DJ...*
00001E90:  CA A1 61 FB 66 3C 43 C2 CE 9F 2C 63 57 D1 5B FA  ..a.f<C...,cW.[.
00001EA0:  EA F5 34 18 F0 78 03 34 A1 54 73 41 E1 22 25 2B  ..4..x.4.TsA."%+
00001EB0:  D5 C1 70 D2 60 48 E2 84 16 2C 94 B0 BA 9E 0B CD  ..p.`H...,......
00001EC0:  1F DA A9 78 28 4F B9 2F 86 72 69 4B E6 EE 05 C3  ...x(O./.riK....
00001ED0:  FA 4F 78 F0 E8 71 7B 02 CF 94 FC A5 1D C4 AE FF  .Ox..q{.........
00001EE0:  C2 8A A3 55 E7 21 B1 EF 26 A5 42 5B 6E E8 EA 41  ...U.!..&.B[n..A
00001EF0:  07 A7 D3 6B 07 0F CE 6B 50 F2 84 22 37 D2 6F 2F  ...k...kP.."7.o/
00001F00:  54 90 CA E3 7F 54 14 50 C5 CE 22 2C 23 36 A8 6C  T....T.P..",#6.l
00001F10:  CA E3 EB 1F 08 A6 E9 37 B3 6E F7 77 B3 59 2F 5B  .......7.n.w.Y/[
00001F20:  49 CF 75 B0 04 2A 12 3D ED DB AD 4D E2 FA 2B E6  I.u..*.=...M..+.
00001F30:  A4 BE AC 67 67 5F 78 82 37 8F F0 D4 73 9E 3A 0F  ...gg_x.7...s.:.
00001F40:  7D 40 C1 05 D9 A4 33 F8 FC 42 89 3B AB 21 78 C1  }@....3..B.;.!x.
00001F50:  B9 BD A5 D6 56 26 B6 F0 8F CD 67 0A 4D D8 76 DC  ....V&....g.M.v.
00001F60:  D6 B7 B2 EC D1 97 0F 60 73 54 27 0B A1 AB AC FF  .......`sT'.....
00001F70:  2F AB 54 C6 46 A1 50 8F 1C C2 CF D7 FE F4 77 48  /.T.F.P.......wH
00001F80:  0B BD 31 DA BA CD 49 73 07 0A 31 84 E3 F3 8A E7  ..1...Is..1.....
00001F90:  E5 92 C4 31 52 B0 8D 8A D8 96 6D C9 9C 88 19 99  ...1R.....m.....
00001FA0:  AF D5 9F E9 73 9D 2C C4 42 5F E6 E7 D3 18 28 60  ....s.,.B_....(`
00001FB0:  7F 65 64 49 80 CD 00 A0 1C 41 D6 16 0A 29 38 6C  .edI.....A...)8l
00001FC0:  3A 86 15 62 41 1E 4D FA 9F 6A 0B CA 8A 00 34 E2  :..bA.M..j....4.
00001FD0:  E6 AE 23 96 2C EB DB 8B E9 3F 7B 6A DF A5 FD 1F  ..#.,....?{j....
00001FE0:  45 71 43 01 68 95 3F 0A 5F 08 91 1B 70 85 94 DA  EqC.h.?._...p...
00001FF0:  D3 B3 FD 72 4F 35 7A 77 D9 C8 29 68 DE B7 B6 9D  ...rO5zw..)h....
00002000:  80 E9 50 B4 5B B7 C3 66 2C 1D AC CB FF 37 98 FF  ..P.[..f,....7..
00002010:  68 19 EF D7 88 F0 BF BB 18 44 95 8D 30 18 3B 3B  h........D..0.;;
00002020:  8F 66 DB 70 42 88 6B CC 13 39 D7 E2 51 EA BD 0E  .f.pB.k..9..Q...
00002030:  AA 80 4D CE EC 99 80 DC 0C E8 89 86 AA FC 9D A2  ..M.............
00002040:  CB 35 49 13 3B 56 29 0D E1 46 10 4B 0C C7 57 D2  .5I.;V)..F.K..W.
00002050:  B7 C8 5C AA F3 DC E0 41 DB 2A 45 0A CB E3 D4 42  ..\....A.*E....B
00002060:  DE EC E4 9F 0F 9D B6 74 6B 96 5F 74 A6 27 FE C2  .......tk._t.'..
00002070:  54 72 E6 60 67 7C A8 FF F9 B3 69 FD 9A 55 BB 91  Tr.`g|....i..U..
00002080:  82 8C DF 6C 15 AE AE 32 68 56 22 14 E6 B4 BF 66  ...l...2hV"....f
00002090:  9D 55 03 79 E4 0B E7 E7 AB 9E 60 C1 42 28 51 40  .U.y......`.B(Q@
000020A0:  60 71 32 5E 34 8A F2 0C 03 A0 5F 20 F3 2D B7 9E  `q2^4....._ .-..
000020B0:  4E AB 1A EA F9 C7 EF F2 37 77 E0 AC 78 51 9E 8F  N.......7w..xQ..
000020C0:  14 75 30 B2 1F 60 5C F9 09 26 22 03 EE 1C F8 7D  .u0..`\..&"....}
000020D0:  8F 9A C0 2C F4 E0 B5 FE 0E F4 84 F2 C7 B5 C0 93  ...,............
000020E0:  5F 02 30 98 E4 5B AB BE 50 B1 53 48 7E 67 01 EB  _.0..[..P.SH~g..
000020F0:  72 56 A1 3D A1 C1 9E EA 96 DE AC 58 0C 2C 0C BE  rV.=.......X.,..
00002100:  31 F5 62 D9 14 A5 24 97 72 1D 3E 55 36 26 C6 19  1.b...$.r.>U6&..
00002110:  3E 94 EF 5A D2 53 43 6E 3E B3 3D F6 0E 51 15 C2  >..Z.SCn>.=..Q..
00002120:  64 92 5D E3 49 B2 A4 62 A5 E9 32 E0 8D 3C B6 C8  d.].I..b..2..<..
00002130:  51 69 B5 C3 FD AE 65 7F 53 77 C4 39 FA 42 31 37  Qi....e.Sw.9.B17
00002140:  F5 5E 17 6F 80 B7 78 3B A9 F5 3C 07 EC A2 D1 95  .^.o..x;..<.....
00002150:  9E AF E8 A7 92 02 5D 92 45 33 92 D4 20 A9 30 71  ......].E3.. .0q
00002160:  D7 B8 7A 42 77 91 F0 A6 24 92 FA 7C C4 E3 55 D6  ..zBw...$..|..U.
00002170:  8D CF C1 C8 4B F6 D8 29 FF F3 8C 1B DE 2D 87 2A  ....K..).....-.*
00002180:  15 00 69 98 1C F7 B2 05 12 7A 13 FD 64 D3 BC 02  ..i......z..d...
00002190:  42 E0 3D 52 CF 22 34 03 69 59 BD C2 2D 53 1B AE  B.=R."4.iY..-S..
000021A0:  F6 A7 7A 34 1B CD 8D 39 EA D7 44 84 3F 3C E7 43  ..z4...9..D.?<.C
000021B0:  49 6E 8F 68 99 40 53 17 7B C7 CB F0 2C 97 B4 08  In.h.@S.{...,...
000021C0:  6F 13 E4 5A 79 BC 63 AA 0D 25 32 7B 85 D6 46 EA  o..Zy.c..%2{..F.
000021D0:  98 26 06 00 27 55 A2 C5 31 58 0D 29 62 9C 45 0D  .&..'U..1X.)b.E.
000021E0:  15 C2 0F D0 66 7A 4F FE 6B 8A 6F 42 7E 65 11 85  ....fzO.k.oB~e..
000021F0:  15 C3 9A 19 40 75 65 F1 DA EF 2B 15 96 60 B7 8D  ....@ue...+..`..
00002200:  AE A0 06 B9 1B B8 1A 07 7D 51 FD 9A 5A 5F 8A F9  ........}Q..Z_..
00002210:  17 56 0D BA 03 67 FB 0A 19 E6 9D 46 D0 95 40 11  .V...g.....F..@.
00002220:  1B A2 A5 B5 81 E9 B6 F0 8F CD 67 0A 4D D8 76 DC  ..........g.M.v.
00002230:  D6 B7 B2 EC D1 97 0F 60 73 54 27 0B A1 AB AC FF  .......`sT'.....
00002240:  2F AB 54 C6 46 A1 D4 99 94 1D CA DD 4F 04 DE F1  /.T.F.......O...
00002250:  CE CB 9F 10 2A 56 86 23 65 C2 84 00 E2 4A 02 16  ....*V.#e....J..
00002260:  53 1A CF 27 CA A0 D0 15 B7 66 FA 62 DD 61 8C 25  S..'.....f.b.a.%
00002270:  80 7A 1E BD 6D 29 94 00 8B BD BF 9A 5D C3 77 F2  .z..m)......].w.
00002280:  48 90 00 1F DE A1 D2 52 DD 46 34 5B AC 9C 1E C3  H......R.F4[....
00002290:  32 A4 E1 86 1F 93 10 AE 34 7D 73 43 B7 37 09 17  2.......4}sC.7..
000022A0:  93 88 A8 75 D4 55 D8 D8 D4 E9 81 EA 12 A4 92 46  ...u.U.........F
000022B0:  AF 90 D4 96 CD E5 00 A0 1C 41 D6 16 0A 29 38 6C  .........A...)8l
000022C0:  3A 86 15 62 41 1E AA B0 D3 CD 25 95 E7 1E C4 B5  :..bA.....%.....
000022D0:  3B 53 55 DC 48 40 35 36 EB F1 BA 25 31 DB 49 5F  ;SU.H@56...%1.I_
000022E0:  99 34 0F EC F1 4D 3D B0 12 28 8B 24 B3 A0 8F 98  .4...M=..(.$....
000022F0:  BF AB 51 3E BD 4F 15 52 6A 97 B5 1E 04 97 11 B1  ..Q>.O.Rj.......
00002300:  44 E8 FA 05 CA EE 2A 56 60 05 2F 05 DC 55 5B 38  D.....*V`./..U[8
00002310:  FB CE 81 A0 4B 4B 1A 4B 56 2C 52 E6 CF 2E C6 B5  ....KK.KV,R.....
00002320:  6A 18 02 E2 A9 9F 74 FE 9F FA C3 0C 8C 5E AE 62  j.....t......^.b
00002330:  31 9D 78 D3 FC E7 41 6D A7 92 5D DE 88 B4 9E EF  1.x...Am..].....
00002340:  24 22 99 E2 0F 88 A4 FD 8B 41 C9 CA 4F 93 A1 72  $".......A..O..r
00002350:  51 59 CB 1C C6 1F 64 74 46 A7 73 DE 01 6D 4D 5D  QY....dtF.s..mM]
00002360:  CA 4B FC 14 7F 44 A8 D8 C3 88 1D C1 CA 64 EC 98  .K...D.......d..
00002370:  71 45 07 E7 C0 21 49 3D 47 C1 0F 39 D1 F2 49 A1  qE...!I=G..9..I.
00002380:  51 D2 0D A6 38 36 F6 98 07 A5 C1 50 A8 AD 80 C4  Q...86.....P....
00002390:  C2 F1 CF C0 B8 FD FA CB 09 CF 00 78 DC EF 34 F1  ...........x..4.
000023A0:  B9 1E 03 B0 EC 15 03 34 A1 54 73 41 E1 22 25 2B  .......4.TsA."%+
000023B0:  D5 C1 70 D2 60 48 83 B9 BD 5A 63 A2 96 A2 07 24  ..p.`H...Zc....$
000023C0:  68 72 AD 4C 61 DC 2E 16 A9 69 4C 5F E5 9B CA BD  hr.La....iL_....
000023D0:  78 88 47 3A D2 ED 5B 6E F1 38 04 59 1C D3 CC 95  x.G:..[n.8.Y....
000023E0:  77 7F 2C C3 7E 87 24 93 B9 2D B9 E2 5B EE 26 BB  w.,.~.$..-..[.&.
000023F0:  B5 63 37 F4 74 4B 49 2F CD C7 4A E2 E7 60 19 AA  .c7.tKI/..J..`..
00002400:  BA 83 2B 4D 7C 15 F5 F0 FC 07 3F B1 57 E1 71 4F  ..+M|.....?.W.qO
00002410:  50 2F B6 5E 2B 05 FF 27 AE ED 74 EC F4 D4 32 08  P/.^+..'..t...2.
00002420:  78 18 A0 24 07 39 E6 2C FD D6 12 58 85 47 41 51  x..$.9.,...X.GAQ
00002430:  A7 A9 B1 24 1A 2F D2 D0 94 28 ED 51 23 A0 05 3B  ...$./...(.Q#..;
00002440:  37 BF B2 2F FC 61 E4 6F 95 56 77 CA 6E 44 0B 2E  7../.a.o.Vw.nD..
00002450:  CF 46 60 14 63 C0 A1 D9 95 E3 98 40 82 89 5A 5F  .F`.c......@..Z_
00002460:  DE 0F C9 10 95 E3 73 E5 EE 88 86 D6 39 50 1E AD  ......s.....9P..
00002470:  16 BB 2B BE F8 91 56 07 18 14 09 E0 15 39 2D B4  ..+...V......9-.
00002480:  A7 A6 69 8E C3 1B CB 9D 10 6F 74 72 A3 FE 8F D3  ..i......otr....
00002490:  56 69 62 D0 FE FE 90 B8 67 B9 FD DC 00 B2 04 CA  Vib.....g.......
000024A0:  F4 8A B1 23 67 6D 94 2F C7 8C E6 3E CB 81 2D D1  ...#gm./...>..-.
000024B0:  25 F4 68 C9 7D F8 02 36 58 22 4E E1 62 FA 17 35  %.h.}..6X"N.b..5
000024C0:  9B F7 53 2E 62 A1 C7 CA BA 6F 0F 36 44 1F 14 2B  ..S.b....o.6D..+
000024D0:  51 7D 7A 65 17 66 3F 03 BD 2F 9C 93 D1 11 5D B3  Q}ze.f?../....].
000024E0:  97 33 98 75 CB 22 89 E6 9A 72 BB 49 A6 93 29 F5  .3.u."...r.I..).
000024F0:  B0 44 25 76 39 00 A9 70 E0 00 EE D0 CF 40 46 1D  .D%v9..p.....@F.
00002500:  A4 74 EE E7 95 04 49 2F CD C7 4A E2 E7 60 19 AA  .t....I/..J..`..
00002510:  BA 83 2B 4D 7C 15 F5 F0 FC 07 3F B1 57 E1 71 4F  ..+M|.....?.W.qO
00002520:  50 2F B6 5E 2B 05 F0 6A 7D 1F 79 5B 63 B7 EB C4  P/.^+..j}.y[c...
00002530:  81 A2 8B 76 B0 D0 DB A0 D0 E0 08 F3 2B 13 4C 33  ...v........+.L3
00002540:  35 4E 6D 8E 5B A5 C6 CD FB E8 D6 3D E1 26 25 DC  5Nm.[......=.&%.
00002550:  FB 82 5D A6 81 EC F2 7E C5 F1 BA D1 3E 5F CC 50  ..]....~....>_.P
00002560:  65 BB 6C 47 DA A0 14 A5 E7 B1 4F 49 B0 B2 7D 6E  e.lG......OI..}n
00002570:  71 E9 1B 77 97 4E 22 91 FF BB 80 D2 E5 FF 42 BA  q..w.N".......B.
00002580:  8A E5 21 BD D2 53 29 79 91 EF 35 81 49 62 E4 4B  ..!..S)y..5.Ib.K
00002590:  EE 14 23 E3 5F 6A D4 99 94 1D CA DD 4F 04 DE F1  ..#._j......O...
000025A0:  CE CB 9F 10 2A 56 86 23 65 C2 84 00 E2 4A 02 16  ....*V.#e....J..
000025B0:  53 1A CF 27 CA A0 4A 2F FD 1B 49 0E 0D 39 20 0A  S..'..J/..I..9 .
000025C0:  76 EE 68 28 46 36 15 9E F0 5A 56 AA D4 63 EE 2D  v.h(F6...ZV..c.-
000025D0:  61 FE 09 10 CE 4E BD 03 27 08 40 D1 88 E0 64 A7  a....N..'.@...d.
000025E0:  19 54 D2 2F E6 E3 10 AE 34 7D 73 43 B7 37 09 17  .T./....4}sC.7..
000025F0:  93 88 A8 75 D4 55 13 F9 38 F4 7A 05 C6 5B 52 84  ...u.U..8.z..[R.
00002600:  44 77 37 6C 62 AC 47 BA 94 2D E8 F0 FD 87 52 84  Dw7lb.G..-....R.
00002610:  A8 73 01 99 9B CA 70 27 9D C7 62 5E 1F 7A 15 F6  .s....p'..b^.z..
00002620:  7C 67 30 73 1C F2 8B 92 17 E1 CC D8 D3 79 C3 5A  |g0s.........y.Z
00002630:  B3 E4 AB B1 51 C1 9E A2 AB 72 F6 04 25 07 7B EF  ....Q....r..%.{.
00002640:  11 BD 22 DE 75 EA 2D DD 90 39 14 41 1B 90 ED 14  ..".u.-..9.A....
00002650:  2A DD 48 D5 BB 76 EE E5 63 34 D7 D1 58 28 95 63  *.H..v..c4..X(.c
00002660:  27 76 90 3C 7B 3E 1F 76 3C 97 64 4C B0 EF 98 4A  'v.<{>.v<.dL...J
00002670:  66 16 89 9C 4F 80 DB A0 D0 E0 08 F3 2B 13 4C 33  f...O.......+.L3
00002680:  35 4E 6D 8E 5B A5 14 C0 AA B2 30 3E 58 34 2B 85  5Nm.[.....0>X4+.
00002690:  96 EC C3 9D B9 43 F2 7E C5 F1 BA D1 3E 5F CC 50  .....C.~....>_.P
000026A0:  65 BB 6C 47 DA A0 14 A5 E7 B1 4F 49 B0 B2 7D 6E  e.lG......OI..}n
000026B0:  71 E9 1B 77 97 4E 22 91 FF BB 80 D2 E5 FF 42 BA  q..w.N".......B.
000026C0:  8A E5 21 BD D2 53 29 79 91 EF 35 81 49 62 E4 4B  ..!..S)y..5.Ib.K
000026D0:  EE 14 23 E3 5F 6A 50 8F 1C C2 CF D7 FE F4 77 48  ..#._jP.......wH
000026E0:  0B BD 31 DA BA CD D8 91 9D 2D 89 64 1F 5D 56 03  ..1......-.d.]V.
000026F0:  7C 3A 34 EE 84 1C DE 48 B1 36 A3 7D E8 80 8B 22  |:4....H.6.}..."
00002700:  8E 12 B1 81 50 7C 5E 1B 52 EC 3D A9 7A 40 70 D6  ....P|^.R.=.z@p.
00002710:  34 CA A1 A5 69 AD 86 4A A1 2D E4 02 98 C7 52 F1  4...i..J.-....R.
00002720:  37 B7 8D 6B 4C 16 62 0D 5D 0A C6 B7 9C E3 69 B2  7..kL.b.].....i.
00002730:  FC B5 97 82 3B 6E 1D B6 E7 32 77 38 F1 0D 8F 78  ....;n...2w8...x
00002740:  32 19 06 36 FD 47 3A 89 A7 EB EB E2 BB 4C 5D A1  2..6.G:......L].
00002750:  1E 02 60 00 4C 0A 96 85 FC 40 F8 26 E1 42 6A 86  ..`.L....@.&.Bj.
00002760:  CB D7 44 07 F3 26 E6 F5 AA 6A 9F 46 CD 7F F4 1C  ..D..&...j.F....
00002770:  DE 86 B9 18 DF C7 E8 64 CD C7 B3 5D 3D E0 E3 02  .......d...]=...
00002780:  84 B3 DA C9 49 FA 00 A0 1C 41 D6 16 0A 29 38 6C  ....I....A...)8l
00002790:  3A 86 15 62 41 1E AA B0 D3 CD 25 95 E7 1E C4 B5  :..bA.....%.....
000027A0:  3B 53 55 DC 48 40 35 36 EB F1 BA 25 31 DB 49 5F  ;SU.H@56...%1.I_
000027B0:  99 34 0F EC F1 4D 3D B0 12 28 8B 24 B3 A0 8F 98  .4...M=..(.$....
000027C0:  BF AB 51 3E BD 4F 3A 68 A9 55 99 FB 66 C2 DF E2  ..Q>.O:h.U..f...
000027D0:  7B 2B 9F 78 AA 66 6D 4C 5B 2E 66 24 08 10 A2 66  {+.x.fmL[.f$...f
000027E0:  99 04 B3 6A 19 71 CA DD D8 96 D6 94 59 0C F1 47  ...j.q......Y..G
000027F0:  E9 71 65 D6 C6 FC 74 FE 9F FA C3 0C 8C 5E AE 62  .qe...t......^.b
00002800:  31 9D 78 D3 FC E7 41 6D A7 92 5D DE 88 B4 9E EF  1.x...Am..].....
00002810:  24 22 99 E2 0F 88 A4 FD 8B 41 C9 CA 4F 93 A1 72  $".......A..O..r
00002820:  51 59 CB 1C C6 1F 64 74 46 A7 73 DE 01 6D 4D 5D  QY....dtF.s..mM]
00002830:  CA 4B FC 14 7F 44 6C 39 B9 0F 85 3C 1C 67 CA 61  .K...Dl9...<.g.a
00002840:  DB 1F AE BE DE 9F 58 63 2F C5 E2 AE 27 66 3A 99  ......Xc/...'f:.
00002850:  C4 F4 5B 57 FC 4B B8 BD 24 59 5F F3 F3 35 DC 40  ..[W.K..$Y_..5.@
00002860:  36 9E 42 7B 80 95 11 47 16 84 04 12 DB 96 71 5F  6.B{...G......q_
00002870:  99 EE 06 2B 5E 5F 1F 7D 89 5E 2F 2E 5B 4B EF A5  ...+^_.}.^/.[K..
00002880:  07 FF 4B E2 B0 88 75 75 10 18 99 C0 9B 27 CE 27  ..K...uu.....'.'
00002890:  A5 6B 9E B4 5C 90 52 C5 F0 CE 0D 8C AC 80 B1 5B  .k..\.R........[
000028A0:  22 62 3B BC 24 43 9B E5 0E BC 43 FA A6 F4 FE 34  "b;.$C....C....4
000028B0:  04 52 F9 93 4B CD F1 33 30 68 C3 0D CC E5 71 F8  .R..K..30h....q.
000028C0:  35 70 3D CF DE 3F 8B AB B5 3C 65 88 4F B7 67 D2  5p=..?...<e.O.g.
000028D0:  6B 29 98 E3 BA 2C A1 D9 95 E3 98 40 82 89 5A 5F  k)...,.....@..Z_
000028E0:  DE 0F C9 10 95 E3 FD C4 2E 31 28 11 FC BB 19 18  .........1(.....
000028F0:  3C 47 BD 05 0C EF 0B 7D CB 1E B4 A2 F4 0D EE A4  <G.....}........
00002900:  F2 00 3B 51 A4 C3 EF 1C 77 A6 03 B6 56 1B 64 86  ..;Q....w...V.d.
00002910:  C1 F7 53 75 A7 DF 65 DB 8E E8 2A B6 EF 89 F8 B0  ..Su..e...*.....
00002920:  03 6E 69 29 02 EE E0 C2 0F F6 EB 77 71 39 4C 9C  .ni).......wq9L.
00002930:  9C CE 5B 47 55 A1 2E 44 1C F1 96 56 B2 B8 00 ED  ..[GU..D...V....
00002940:  6F A9 FA 53 40 3C 85 92 59 8D 6B 2D AA 92 7A A1  o..S@<..Y.k-..z.
00002950:  98 37 11 2F 50 0E 83 21 F2 8F 83 C1 E6 CA 88 85  .7./P..!........
00002960:  13 B2 25 02 56 3C A3 51 DC 51 67 12 4B 0A F1 CE  ..%.V<.Q.Qg.K...
00002970:  66 3F 4C 06 56 91 36 C0 32 79 D8 60 9E 7E EC FF  f?L.V.6.2y.`.~..
00002980:  82 60 55 33 F7 D9 95 BD 3D 33 8C B5 33 0C EA BE  .`U3....=3..3...
00002990:  E3 A4 F2 45 7C 8A B2 D1 07 34 27 A8 55 23 49 2A  ...E|....4'.U#I*
000029A0:  CA 5F 9F D7 8A 34 79 53 18 3D F7 BB 74 D7 0B 4E  ._...4yS.=..t..N
000029B0:  7C B6 59 F7 87 DD BE AF 6B B1 B1 AF 40 0F E4 B8  |.Y.....k...@...
000029C0:  EC EF A1 EB D9 B2 AA 5A 79 A3 CC C0 37 F0 79 90  .......Zy...7.y.
000029D0:  92 4A 03 CA 8D 15 06 C2 2C 78 A2 B9 82 4B CE AF  .J......,x...K..
000029E0:  1C 85 B0 A6 C5 F2 6A 39 92 EC E1 AE 70 2F FC 4D  ......j9....p/.M
000029F0:  0A 1F 9A DD EB E6 60 32 BF 8B 24 CB 78 90 49 B9  ......`2..$.x.I.
00002A00:  5B CF D4 F3 50 BF 14 46 B5 DB 46 6C 9C D5 43 84  [...P..F..Fl..C.
00002A10:  CE EB 08 45 F6 3B 1C 7A 93 4E 68 4B F7 D5 B6 B1  ...E.;.z.NhK....
00002A20:  6C 4F DE B3 BB 8C 2F 99 EE 40 18 4E 23 57 04 6B  lO..../..@.N#W.k
00002A30:  4A 28 AC 73 95 52 92 67 16 D4 37 30 9F 62 EE 07  J(.s.R.g..70.b..
00002A40:  26 3F D2 71 4C 52 01 AB D8 49 C8 D0 63 FC 97 93  &?.qLR...I..c...
00002A50:  D5 03 44 34 EC 3B 95 37 57 36 7C B0 5A 80 97 1A  ..D4.;.7W6|.Z...
00002A60:  D7 C6 B6 F8 EA BF B7 54 F9 E1 DB 0E 76 69 3E 0A  .......T....vi>.
00002A70:  C3 AA 06 FB 1D 45 6F 5F 36 BF D7 05 42 A4 D9 66  .....Eo_6...B..f
00002A80:  1E 9B EE A4 40 93 F4 1E D3 AB C1 BC 7A C2 77 63  ....@.......z.wc
00002A90:  6A 4A F0 F5 9E 70 26 D1 1A 67 53 37 CE 31 43 41  jJ...p&..gS7.1CA
00002AA0:  12 EB 3E 3A 06 A1 47 74 5A 95 00 90 2E EA 63 6F  ..>:..GtZ.....co
00002AB0:  68 86 E0 27 29 55 B3 36 6F 2C 92 94 FE 98 B4 96  h..')U.6o,......
00002AC0:  C6 DC 0A D6 33 BA 85 92 59 8D 6B 2D AA 92 7A A1  ....3...Y.k-..z.
00002AD0:  98 37 11 2F 50 0E A9 40 BF 3A 3E 7F 3C 26 27 B0  .7./P..@.:>.<&'.
00002AE0:  3D 02 BB E4 91 33 DA 03 97 C8 23 5C 91 F7 AA A8  =....3....#\....
00002AF0:  C5 DB 65 80 19 8A 6A 39 92 EC E1 AE 70 2F FC 4D  ..e...j9....p/.M
00002B00:  0A 1F 9A DD EB E6 60 32 BF 8B 24 CB 78 90 49 B9  ......`2..$.x.I.
00002B10:  5B CF D4 F3 50 BF 93 7A 4A 14 21 C4 4A 76 4B D6  [...P..zJ.!.JvK.
00002B20:  CA BD 95 3B AE 23 74 5E 15 D4 8A E9 E0 91 6A DD  ...;.#t^......j.
00002B30:  AE 23 F7 4C 71 F9 80 0D 5E C2 64 4E 11 02 50 C4  .#.Lq...^.dN..P.
00002B40:  7F 2B 08 BE 0F CC 46 6A C3 25 0B BA 80 1F DA CE  .+....Fj.%......
00002B50:  4E 47 F3 64 37 3E FF 05 09 F1 7E 8B 93 2E F7 AD  NG.d7>....~.....
00002B60:  57 4D 6E B8 E5 F0 09 F2 2C EF 29 B8 64 87 BD 47  WMn.....,.).d..G
00002B70:  D0 53 83 44 CD 9F DF DA BF 68 0A 06 F7 2B 81 C5  .S.D.....h...+..
00002B80:  E3 08 F8 36 43 E1 14 50 C5 CE 22 2C 23 36 A8 6C  ...6C..P..",#6.l
00002B90:  CA E3 EB 1F 08 A6 90 79 4C 3B E0 B8 65 E9 A0 31  .......yL;..e..1
00002BA0:  FE 45 75 36 53 58 12 3D ED DB AD 4D E2 FA 2B E6  .Eu6SX.=...M..+.
00002BB0:  A4 BE AC 67 67 5F 33 C9 4C AB 0A 43 9A C5 0C B1  ...gg_3.L..C....
00002BC0:  71 59 76 70 B8 84 CA 48 08 76 92 18 38 7C CF E4  qYvp...H.v..8|..
00002BD0:  65 5E 84 2B F2 D2 90 FA C7 7C E8 72 C2 30 38 7D  e^.+.....|.r.08}
00002BE0:  3B 3B E9 64 A0 B9 AF 62 FA FA 9C 59 D1 A3 A3 A6  ;;.d...b...Y....
00002BF0:  79 7C B8 95 B5 8E BB A1 04 4E CE 1B 7E 69 2C 4D  y|.......N..~i,M
00002C00:  DB CE B5 29 6F E8 F5 CE C6 FB 78 C4 5C 3A 88 9B  ...)o.....x.\:..
00002C10:  7A E9 61 A0 5A D3 71 71 98 0F F9 9A 87 70 BE 1D  z.a.Z.qq.....p..
00002C20:  60 0C 5D A6 E6 F7 3A 53 22 7C 61 97 BC 66 7C A0  `.]...:S"|a..f|.
00002C30:  1B 8D 55 D3 79 A8 74 5E 15 D4 8A E9 E0 91 6A DD  ..U.y.t^......j.
00002C40:  AE 23 F7 4C 71 F9 80 0D 5E C2 64 4E 11 02 50 C4  .#.Lq...^.dN..P.
00002C50:  7F 2B 08 BE 0F CC A5 82 20 13 E7 23 EB B7 33 A9  .+...... ..#..3.
00002C60:  A6 E4 B9 2A C6 04 3F DC 31 7F 99 35 53 73 EB B6  ...*..?.1..5Ss..
00002C70:  95 B1 D7 0E 41 78 4C A8 02 91 9E 3E FB 6A B0 23  ....AxL....>.j.#
00002C80:  25 C7 39 52 43 14 19 EC 6B A4 70 CB 8C B0 D8 61  %.9RC...k.p....a
00002C90:  92 14 4D 55 0D 31 65 C1 66 AC C3 D1 33 AD 45 47  ..MU.1e.f...3.EG
00002CA0:  19 12 3C C6 4D 2C 48 79 4D 66 7E AB 17 25 CA 42  ..<.M,HyMf~..%.B
00002CB0:  B7 42 2A 77 17 FA 94 F2 E8 06 53 EE D8 BF 5F 14  .B*w......S..._.
00002CC0:  CC 1B 39 E8 47 17 72 8B 51 ED C7 E1 71 4F 00 5C  ..9.G.r.Q...qO.\
00002CD0:  08 1C 15 0F C5 9C 3B B6 F1 E2 B5 DF A3 C7 90 EC  ......;.........
00002CE0:  34 0F B1 86 87 4C 06 06 94 E4 FF AA D0 30 D8 5C  4....L.......0.\
00002CF0:  9C EC 61 F2 16 58 E9 E4 1D BB B4 A3 32 8A 97 BF  ..a..X......2...
00002D00:  28 F1 E2 F5 1B 11 9D A3 99 DA 7A 3D 2D 66 CA D4  (.........z=-f..
00002D10:  60 04 98 78 B7 22 66 07 6C 6E D8 B0 13 94 E3 D5  `..x."f.ln......
00002D20:  94 8B 48 B6 5E E0 6B FB 29 FD EF C7 12 D3 4B F4  ..H.^.k.).....K.
00002D30:  A6 82 93 7F 05 49 42 12 A6 1F D1 6A 63 6F 2B 2F  .....IB....jco+/
00002D40:  D5 AF 9E 2B B9 74 5F BB F7 74 60 26 0B 47 30 E7  ...+.t_..t`&.G0.
00002D50:  5A 2D C3 65 DE 1A 3D 7C 88 D6 0A 8D 8B 5D 9B 0E  Z-.e..=|.....]..
00002D60:  10 1A B2 11 81 0D 3A 53 22 7C 61 97 BC 66 7C A0  ......:S"|a..f|.
00002D70:  1B 8D 55 D3 79 A8 26 E4 FD C1 A6 B9 AA 01 34 D6  ..U.y.&.......4.
00002D80:  55 7E E9 0D 7C 34 E0 B4 CF 15 5A 3A AD 0F 14 23  U~..|4....Z:...#
00002D90:  3B 8A 0B DD C0 03 A5 82 20 13 E7 23 EB B7 33 A9  ;....... ..#..3.
00002DA0:  A6 E4 B9 2A C6 04 3F DC 31 7F 99 35 53 73 EB B6  ...*..?.1..5Ss..
00002DB0:  95 B1 D7 0E 41 78 11 81 20 93 BA D3 3C C9 ED C6  ....Ax.. ...<...
00002DC0:  19 1F 3A 24 42 DC 19 EC 6B A4 70 CB 8C B0 D8 61  ..:$B...k.p....a
00002DD0:  92 14 4D 55 0D 31 65 C1 66 AC C3 D1 33 AD 45 47  ..MU.1e.f...3.EG
00002DE0:  19 12 3C C6 4D 2C 48 79 4D 66 7E AB 17 25 CA 42  ..<.M,HyMf~..%.B
00002DF0:  B7 42 2A 77 17 FA 94 F2 E8 06 53 EE D8 BF 5F 14  .B*w......S..._.
00002E00:  CC 1B 39 E8 47 17 72 8B 51 ED C7 E1 71 4F 00 5C  ..9.G.r.Q...qO.\
00002E10:  08 1C 15 0F C5 9C 3B B6 F1 E2 B5 DF A3 C7 90 EC  ......;.........
00002E20:  34 0F B1 86 87 4C 06 06 94 E4 FF AA D0 30 D8 5C  4....L.......0.\
00002E30:  9C EC 61 F2 16 58 CB CD A7 AC 55 A2 AF 51 2C B0  ..a..X....U..Q,.
00002E40:  ED 3A A2 F3 56 7E 9D A3 99 DA 7A 3D 2D 66 CA D4  .:..V~....z=-f..
00002E50:  60 04 98 78 B7 22 66 07 6C 6E D8 B0 13 94 E3 D5  `..x."f.ln......
00002E60:  94 8B 48 B6 5E E0 6B FB 29 FD EF C7 12 D3 4B F4  ..H.^.k.).....K.
00002E70:  A6 82 93 7F 05 49 42 12 A6 1F D1 6A 63 6F 2B 2F  .....IB....jco+/
00002E80:  D5 AF 9E 2B B9 74 5F BB F7 74 60 26 0B 47 30 E7  ...+.t_..t`&.G0.
00002E90:  5A 2D C3 65 DE 1A C5 B8 63 43 E7 90 2E 40 69 3E  Z-.e....cC...@i>
00002EA0:  CB B2 49 E0 CB F7 0D 60 15 6D A4 54 94 38 52 F3  ..I....`.m.T.8R.
00002EB0:  AE 66 66 38 9E 4D BC A1 DA 40 5D 93 07 95 8A 72  .ff8.M...@]....r
00002EC0:  38 E4 E1 A8 B3 48 C0 9B 58 BE C6 3F 9D 45 90 D1  8....H..X..?.E..
00002ED0:  C9 51 75 53 0E 97 A5 82 20 13 E7 23 EB B7 33 A9  .QuS.... ..#..3.
00002EE0:  A6 E4 B9 2A C6 04 2A 34 79 71 88 03 4C A3 3C CC  ...*..*4yq..L.<.
00002EF0:  3E F6 F4 00 5E 6E 74 69 25 16 BD 15 DE 5E 23 82  >...^nti%....^#.
00002F00:  06 A9 70 23 31 08 16 19 47 3B 11 CE 46 20 28 F4  ..p#1...G;..F (.
00002F10:  16 E9 93 04 21 A8 06 C2 2C 78 A2 B9 82 4B CE AF  ....!...,x...K..
00002F20:  1C 85 B0 A6 C5 F2 4F 46 33 A4 22 97 0E 39 58 54  ......OF3."..9XT
00002F30:  CD 8F 99 1C 90 06 90 CC 0F D4 E3 61 15 44 A1 3F  ...........a.D.?
00002F40:  8F 7F B4 26 74 C4 3E B4 BD 1E D9 57 3A 7E 91 7A  ...&t.>....W:~.z
00002F50:  F8 EF FD 78 47 A6 A4 FD 8B 41 C9 CA 4F 93 A1 72  ...xG....A..O..r
00002F60:  51 59 CB 1C C6 1F 2D DD 90 39 14 41 1B 90 ED 14  QY....-..9.A....
00002F70:  2A DD 48 D5 BB 76 DF 86 F1 8A 17 02 2A 45 4E E7  *.H..v......*EN.
00002F80:  95 8C 4B A1 D6 08 59 6D 96 99 2E DD 3D BB 63 B3  ..K...Ym....=.c.
00002F90:  C8 75 DB E2 01 24 7C 37 FA C7 22 B0 06 17 68 D7  .u...$|7.."...h.
00002FA0:  76 8B D2 41 C0 46 AB 85 B2 ED 07 93 0E 17 F4 B6  v..A.F..........
00002FB0:  A0 80 47 E1 DD 64 9A 9E 43 D8 6D D9 66 F1 EE 76  ..G..d..C.m.f..v
00002FC0:  3D 12 C7 AC FE B4 D4 96 FA 42 CB 6D 98 A9 EA 79  =........B.m...y
00002FD0:  4A C3 DA F9 30 44 E7 94 42 15 BD 35 76 71 06 D9  J...0D..B..5vq..
00002FE0:  05 79 76 24 95 8B 9F 69 26 F0 CD 9A 2B 26 A1 3D  .yv$...i&...+&.=
00002FF0:  6E 2C 63 F9 48 FE DD D6 D1 41 B9 E8 F3 83 7B B9  n,c.H....A....{.
00003000:  F5 DC B9 07 7C BF B7 54 F9 E1 DB 0E 76 69 3E 0A  ....|..T....vi>.
00003010:  C3 AA 06 FB 1D 45 D3 3F 30 F4 8A 80 A7 52 35 D1  .....E.?0....R5.
00003020:  44 B2 27 A0 EE 15 10 5D 10 16 5A 84 EE EC 75 F6  D.'....]..Z...u.
00003030:  09 B6 B3 4A 50 36 C6 8B 27 07 C7 FD 64 66 E4 AC  ...JP6..'...df..
00003040:  87 1E A3 40 45 91 D4 E1 33 B0 99 C4 CE 01 85 BF  ...@E...3.......
00003050:  D2 CF 48 A8 12 E4 C9 86 79 3E C5 09 D4 79 E7 AB  ..H.....y>...y..
00003060:  91 7D FE EC 9B 49 B6 F0 8F CD 67 0A 4D D8 76 DC  .}...I....g.M.v.
00003070:  D6 B7 B2 EC D1 97 0F 60 73 54 27 0B A1 AB AC FF  .......`sT'.....
00003080:  2F AB 54 C6 46 A1 D4 99 94 1D CA DD 4F 04 DE F1  /.T.F.......O...
00003090:  CE CB 9F 10 2A 56 86 23 65 C2 84 00 E2 4A 02 16  ....*V.#e....J..
000030A0:  53 1A CF 27 CA A0 CC C4 E9 75 14 FB F2 A2 70 A0  S..'.....u....p.
000030B0:  FF 90 C8 BA 41 0B 64 B1 2F E7 FA EC 3C 91 1A DB  ....A.d./...<...
000030C0:  CB 49 0B E3 00 12 23 0B FD 76 05 28 0C 37 F7 AA  .I....#..v.(.7..
000030D0:  78 5D 6B 58 34 88 E0 C2 0F F6 EB 77 71 39 4C 9C  x]kX4......wq9L.
000030E0:  9C CE 5B 47 55 A1 2E 44 1C F1 96 56 B2 B8 00 ED  ..[GU..D...V....
000030F0:  6F A9 FA 53 40 3C 85 92 59 8D 6B 2D AA 92 7A A1  o..S@<..Y.k-..z.
00003100:  98 37 11 2F 50 0E 9F C5 CA A9 E8 C7 F9 D5 18 69  .7./P..........i
00003110:  9D 09 9C 0D 75 EA C7 47 F6 9C A3 EC 06 80 E6 0C  ....u..G........
00003120:  08 04 80 F9 52 30 02 EF B8 31 33 7C 86 C6 58 C2  ....R0...13|..X.
00003130:  D6 15 9B 4C 9A 41 1A 61 59 C2 07 E1 6B 14 32 D2  ...L.A.aY...k.2.
00003140:  63 74 22 84 23 F0 20 F2 45 9E 8F 1E 25 EC FA 61  ct".#. .E...%..a
00003150:  C1 93 E7 39 F0 36 50 D4 B7 68 C3 69 69 DA 53 C0  ...9.6P..h.ii.S.
00003160:  37 7A 41 B8 53 6C 90 CC 0F D4 E3 61 15 44 A1 3F  7zA.Sl.....a.D.?
00003170:  8F 7F B4 26 74 C4 27 8F 17 AB 79 B4 FD 27 E5 0A  ...&t.'...y..'..
00003180:  87 CC D4 CC D9 0E E9 35 93 8D 25 D6 85 85 59 06  .......5..%...Y.
00003190:  08 66 E3 C4 91 FC 27 BD 0D 2E 3B 1B 52 A1 81 73  .f....'...;.R..s
000031A0:  BA 9B 04 2F D1 9C 1F 87 A2 E2 99 6F 42 36 D7 92  .../.......oB6..
000031B0:  47 8A 4A FC 59 D4 96 85 FC 40 F8 26 E1 42 6A 86  G.J.Y....@.&.Bj.
000031C0:  CB D7 44 07 F3 26 E6 F5 AA 6A 9F 46 CD 7F F4 1C  ..D..&...j.F....
000031D0:  DE 86 B9 18 DF C7 EC B5 D8 D6 61 A5 B0 31 C4 55  ..........a..1.U
000031E0:  5F 93 80 0A 2B A2 55 79 3A 27 FF 97 BD F4 BC 17  _...+.Uy:'......
000031F0:  24 65 23 AF B2 72 AA B0 D3 CD 25 95 E7 1E C4 B5  $e#..r....%.....
00003200:  3B 53 55 DC 48 40 35 36 EB F1 BA 25 31 DB 49 5F  ;SU.H@56...%1.I_
00003210:  99 34 0F EC F1 4D F5 CE C6 FB 78 C4 5C 3A 88 9B  .4...M....x.\:..
00003220:  7A E9 61 A0 5A D3 BA 9C 7E 06 28 40 BA BD B8 4B  z.a.Z...~.(@...K
00003230:  37 2B 1C 3C 8B 5B E7 F3 3C FE 8D AC 79 4E B6 37  7+.<.[..<...yN.7
00003240:  89 E3 59 DF 10 B1 E1 F8 C0 16 A4 C2 C3 09 FA 51  ..Y............Q
00003250:  29 E2 04 83 A1 18 96 78 83 88 46 81 5C 20 4B 4E  )......x..F.\ KN
00003260:  6B F4 D3 39 F8 0C B6 DA F3 E5 D4 45 81 A4 E4 6A  k..9.......E...j
00003270:  35 53 8F B7 2C EA E7 B1 F4 85 40 96 A4 F3 4D 28  5S..,.....@...M(
00003280:  91 7B 3D F4 75 2F E2 1C E3 5C 88 5B DB 27 05 EC  .{=.u/...\.[.'..
00003290:  7C 71 38 A3 77 A4 E4 5D 01 81 8C 45 E9 52 D5 E1  |q8.w..]...E.R..
000032A0:  6E 4F 41 61 BE CF D4 96 FA 42 CB 6D 98 A9 EA 79  nOAa.....B.m...y
000032B0:  4A C3 DA F9 30 44 E7 94 42 15 BD 35 76 71 06 D9  J...0D..B..5vq..
000032C0:  05 79 76 24 95 8B 2C B1 42 B1 DE 33 A3 B2 B1 AF  .yv$..,.B..3....
000032D0:  04 2D 15 E6 D1 D5 99 86 3B 4E AF 25 2A 53 ED 7B  .-......;N.%*S.{
000032E0:  2F 8C 51 B2 89 93 80 BF 50 96 AC DE C6 29 01 7E  /.Q.....P....).~
000032F0:  5A 37 F0 6A 5A 9B D9 18 51 C9 0E 6E C2 4F 74 64  Z7.jZ...Q..n.Otd
00003300:  BF 99 68 0E D6 56 90 87 12 6A F3 44 67 D3 2F 15  ..h..V...j.Dg./.
00003310:  33 BB 7B 6A DE 93 57 C9 DC C0 37 BD 28 8B 86 BE  3.{j..W...7.(...
00003320:  D7 BB 89 91 B5 79 0A 2A 15 5F FA A1 1B CD 87 52  .....y.*._.....R
00003330:  69 F4 C6 0B 05 6F EC 95 63 32 B4 F1 9B 8C E1 AC  i....o..c2......
00003340:  EF 08 0E 60 00 07 1C 7E D7 73 5B 0A 62 5A 3B E1  ...`...~.s[.bZ;.
00003350:  94 DD AD BA 50 E3 C3 8D BD AA BF 28 8D 5F CF 1E  ....P......(._..
00003360:  EE 04 E9 47 B3 8C 64 14 20 2F 0C 49 56 31 71 CA  ...G..d. /.IV1q.
00003370:  8F 4E C4 61 3A 63 8D FF E7 E3 DB 6D 8B 7C 3E 6F  .N.a:c.....m.|>o
00003380:  5E 3F 7C 1D 9F 28 80 18 BE EA E9 62 52 00 2B 16  ^?|..(.....bR.+.
00003390:  66 9A B5 EB 70 41 AA 6F 86 5F 28 34 99 C1 77 07  f...pA.o._(4..w.
000033A0:  33 6A 39 EF 34 F7 3F 0A 5F 08 91 1B 70 85 94 DA  3j9.4.?._...p...
000033B0:  D3 B3 FD 72 4F 35 71 E7 AA 5D 79 27 6F 53 D2 AD  ...rO5q..]y'oS..
000033C0:  E9 6E 1E 1E 99 42 12 9E 06 85 65 8D D4 87 5A 6A  .n...B....e...Zj
000033D0:  5F FC AA 69 57 F5 5F BB F7 74 60 26 0B 47 30 E7  _..iW._..t`&.G0.
000033E0:  5A 2D C3 65 DE 1A C5 F4 EA 99 DD 08 91 7F 93 7C  Z-.e...........|
000033F0:  E0 E3 B0 2D 69 89 29 55 F5 3D E0 9B 2E BD C5 5C  ...-i.)U.=.....\
00003400:  43 89 53 CA ED DA E1 F8 C0 16 A4 C2 C3 09 FA 51  C.S............Q
00003410:  29 E2 04 83 A1 18 9C EA E9 C5 8E 3B 1A 6C 80 6A  )..........;.l.j
00003420:  B5 F0 CA BF AF 7E 9C F4 30 5E 8F 2F 28 D9 9D 88  .....~..0^./(...
00003430:  AB 19 3F 3A 80 28 E7 B1 F4 85 40 96 A4 F3 4D 28  ..?:.(....@...M(
00003440:  91 7B 3D F4 75 2F 3B EC 65 68 D9 6D C5 27 F6 85  .{=.u/;.eh.m.'..
00003450:  14 C5 6A C5 4D 83 6C 23 87 82 E4 81 5A 23 3E 4B  ..j.M.l#....Z#>K
00003460:  58 22 B6 EC 64 36 D4 96 FA 42 CB 6D 98 A9 EA 79  X"..d6...B.m...y
00003470:  4A C3 DA F9 30 44 E7 94 42 15 BD 35 76 71 06 D9  J...0D..B..5vq..
00003480:  05 79 76 24 95 8B CB 7F 9A 8D 5E 34 11 F9 62 17  .yv$......^4..b.
00003490:  24 B8 B0 67 55 34 89 67 B9 CF 50 5A EF DF 6F BA  $..gU4.g..PZ..o.
000034A0:  88 B3 60 CA D4 1D 2A 32 97 31 09 19 9A DF 6A 27  ..`...*2.1....j'
000034B0:  CB 0E 7F 2D AF 56 9D 35 57 A1 14 DA 04 8A ED 65  ...-.V.5W......e
000034C0:  11 C5 3D 88 F5 A3 75 E7 DA DB A0 8A 9F A2 CE 5F  ..=...u........_
000034D0:  72 E3 EC 78 5D 8B 53 4B 09 BC 52 9C 20 B2 17 67  r..x].SK..R. ..g
000034E0:  0C B0 B2 4A 1D A8 67 D4 49 65 80 37 55 56 86 3F  ...J..g.Ie.7UV.?
000034F0:  3F 57 59 23 7B C3 8D A7 4F 88 35 FD BC 4B 9A 4A  ?WY#{...O.5..K.J
00003500:  0D 2C 92 81 36 83 E9 92 E2 00 29 20 AD 84 D2 65  .,..6.....) ...e
00003510:  EA 97 63 76 2F C2 5A BE 4B 93 2E 5B BC 6D 77 28  ..cv/.Z.K..[.mw(
00003520:  BE 91 7E 3F F6 05 8E 92 B7 38 0B AC 93 7B 74 73  ..~?.....8...{ts
00003530:  42 AC 67 1D 1F 2F 60 D4 AD ED 06 B7 7D 47 0A 8E  B.g../`.....}G..
00003540:  DA 3C 18 E5 FA 38 10 AE 34 7D 73 43 B7 37 09 17  .<...8..4}sC.7..
00003550:  93 88 A8 75 D4 55 96 47 D6 27 9C E3 B8 B9 65 8B  ...u.U.G.'....e.
00003560:  97 62 8B 53 4B 20 3F EA 25 9D D4 17 C8 17 D1 3B  .b.SK ?.%......;
00003570:  BB F6 0F 63 24 14 26 C8 21 00 F4 12 F8 92 B5 A1  ...c$.&.!.......
00003580:  88 B5 5F 12 CC CC DC 75 EA CD F9 FD EE AE 3C CC  .._....u......<.
00003590:  47 7B BC A4 CE 37 78 35 7F 01 B5 3B FA AB D8 EC  G{...7x5...;....
000035A0:  3D 12 EC FA E0 8F 1C 52 97 74 27 B3 89 93 DB 48  =......R.t'....H
000035B0:  83 89 4D 1D 2C 05 1C 7E D7 73 5B 0A 62 5A 3B E1  ..M.,..~.s[.bZ;.
000035C0:  94 DD AD BA 50 E3 C3 8D BD AA BF 28 8D 5F CF 1E  ....P......(._..
000035D0:  EE 04 E9 47 B3 8C 64 14 20 2F 0C 49 56 31 71 CA  ...G..d. /.IV1q.
000035E0:  8F 4E C4 61 3A 63 8D FF E7 E3 DB 6D 8B 7C 3E 6F  .N.a:c.....m.|>o
000035F0:  5E 3F 7C 1D 9F 28 9F F6 45 59 95 DF 61 3F A1 F5  ^?|..(..EY..a?..
00003600:  94 29 3A BB D5 53 A2 23 BE D1 95 D1 62 5E 48 6B  .):..S.#....b^Hk
00003610:  D9 BE 85 1A 85 C6 DC 40 A2 9D F7 93 3A 47 EB 0C  .......@....:G..
00003620:  5B 25 EB A1 1A F8 71 E7 AA 5D 79 27 6F 53 D2 AD  [%....q..]y'oS..
00003630:  E9 6E 1E 1E 99 42 12 9E 06 85 65 8D D4 87 5A 6A  .n...B....e...Zj
00003640:  5F FC AA 69 57 F5 5F BB F7 74 60 26 0B 47 30 E7  _..iW._..t`&.G0.
00003650:  5A 2D C3 65 DE 1A 22 15 DF 3F F9 52 51 83 98 DB  Z-.e.."..?.RQ...
00003660:  A6 F8 84 D1 B3 E6 F8 8F 4E 7A 9C B4 0C 31 FA E6  ........Nz...1..
00003670:  F8 96 75 16 84 AB 71 16 6F E7 67 2A 0F EE 37 16  ..u...q.o.g*..7.
00003680:  D7 BD 86 2A AF 28 C8 93 83 B8 08 3C BD 60 B6 A6  ...*.(.....<.`..
00003690:  98 25 EE 59 B8 32 B6 DA F3 E5 D4 45 81 A4 E4 6A  .%.Y.2.....E...j
000036A0:  35 53 8F B7 2C EA 5B 95 FD 58 B9 93 F8 E0 D7 65  5S..,.[..X.....e
000036B0:  F1 5F FD 7B 7A 08 72 F2 53 72 32 93 F6 CC A9 07  ._.{z.r.Sr2.....
000036C0:  BA 27 03 8D 17 C6 E4 5D 01 81 8C 45 E9 52 D5 E1  .'.....]...E.R..
000036D0:  6E 4F 41 61 BE CF D4 96 FA 42 CB 6D 98 A9 EA 79  nOAa.....B.m...y
000036E0:  4A C3 DA F9 30 44 E7 94 42 15 BD 35 76 71 06 D9  J...0D..B..5vq..
000036F0:  05 79 76 24 95 8B 8A 72 4E A5 14 99 47 D3 48 AC  .yv$...rN...G.H.
00003700:  60 1E 5E 30 17 3A 28 63 2E 2D D9 D6 30 36 6E B4  `.^0.:(c.-..06n.
00003710:  52 E0 49 56 EF 85 B7 54 F9 E1 DB 0E 76 69 3E 0A  R.IV...T....vi>.
00003720:  C3 AA 06 FB 1D 45 AE F1 F8 36 53 29 F7 96 8D 3D  .....E...6S)...=
00003730:  F8 12 DE 47 C3 34 4C B0 D7 D7 B9 72 F1 E7 35 2C  ...G.4L....r..5,
00003740:  32 2C 23 9F 14 EF F1 33 30 68 C3 0D CC E5 71 F8  2,#....30h....q.
00003750:  35 70 3D CF DE 3F 8B AB B5 3C 65 88 4F B7 67 D2  5p=..?...<e.O.g.
00003760:  6B 29 98 E3 BA 2C A4 EB 2A 35 0F A0 F3 C0 4F 5B  k)...,..*5....O[
00003770:  61 44 49 7F 91 AB 53 79 A5 AE D0 60 FD 98 20 51  aDI...Sy...`.. Q
00003780:  CD BB C4 8C 66 8A 62 9D 31 85 B0 41 1F A3 A3 AE  ....f.b.1..A....
00003790:  9D A6 45 25 08 9C 00 2A 4B AB 5F DF 53 DC 12 0A  ..E%...*K._.S...
000037A0:  F6 62 55 21 CF 89 DC 40 A2 9D F7 93 3A 47 EB 0C  .bU!...@....:G..
000037B0:  5B 25 EB A1 1A F8 62 0D 5D 0A C6 B7 9C E3 69 B2  [%....b.].....i.
000037C0:  FC B5 97 82 3B 6E 60 C5 FB 25 19 74 F3 B8 4E 4D  ....;n`..%.t..NM
000037D0:  B5 03 76 8B AD CE 24 19 DC 61 BD 32 29 69 13 AA  ..v...$..a.2)i..
000037E0:  E2 8E 5C B5 85 97 2E E0 2C 4F A6 9D 29 76 AA EC  ..\.....,O..)v..
000037F0:  39 57 52 0B 2B 0B A4 DD DA C1 CD 6E DF 68 6F 09  9WR.+......n.ho.
00003800:  1D B5 C9 FF FB D2 23 4F 98 C9 A6 E8 B4 F9 4F 62  ......#O......Ob
00003810:  3F 11 19 E3 62 BE 4C 04 96 B9 FE 5A A2 D7 B9 50  ?...b.L....Z...P
00003820:  16 06 D8 6C A0 5D A9 B7 DA 5B 01 35 A3 03 9F 49  ...l.]...[.5...I
00003830:  19 86 9E C7 D1 39 66 04 98 8B 03 0B 49 66 C3 1A  .....9f.....If..
00003840:  14 61 16 F2 C9 7D C2 3A 94 ED 05 BE C4 6E 6E 21  .a...}.:.....nn!
00003850:  48 3B E0 0F D6 3C 35 52 CC 4F FE 4D 2C 7E A2 94  H;...<5R.O.M,~..
00003860:  7D 19 6A 83 4F 50 F4 D7 41 F1 63 6A FB 20 4E 8B  }.j.OP..A.cj. N.
00003870:  30 8C 26 83 69 3C A1 7C 5E 6C 78 68 FB 20 29 32  0.&.i<.|^lxh. )2
00003880:  38 BF 3F F4 89 AB 17 93 04 2F 71 7F 0B 3C 9A F8  8.?....../q..<..
00003890:  DF C4 30 07 27 86 36 DB AE D2 55 73 2D 1B 70 0E  ..0.'.6...Us-.p.
000038A0:  EF 87 75 95 4E CF 3E 79 07 00 7E D5 96 4C 88 85  ..u.N.>y..~..L..
000038B0:  F8 B2 4B 8F 68 60 59 6E 84 3D B7 27 E3 33 73 3D  ..K.h`Yn.=.'.3s=
000038C0:  49 F7 04 49 8A 15 05 28 23 CC 70 48 26 9F E0 2C  I..I...(#.pH&..,
000038D0:  B6 B8 79 58 5B E3 E5 39 3C B7 C2 1C 08 4D 83 29  ..yX[..9<....M.)
000038E0:  D2 A5 68 66 21 78 C8 CD 5B 86 B9 E9 C3 80 F6 60  ..hf!x..[......`
000038F0:  BE AC CB 23 90 02 29 4F 07 B3 FC 92 8B D7 CB 7C  ...#..)O.......|
00003900:  25 FD 8A 96 E1 D5 53 4B 09 BC 52 9C 20 B2 17 67  %.....SK..R. ..g
00003910:  0C B0 B2 4A 1D A8 67 D4 49 65 80 37 55 56 86 3F  ...J..g.Ie.7UV.?
00003920:  3F 57 59 23 7B C3 72 8B 51 ED C7 E1 71 4F 00 5C  ?WY#{.r.Q...qO.\
00003930:  08 1C 15 0F C5 9C 2C 06 D9 41 A8 55 A7 8F 0B 8B  ......,..A.U....
00003940:  05 EE C3 3C 84 68 B0 CF D1 A8 8E 25 47 1E 77 67  ...<.h.....%G.wg
00003950:  06 3A CB F9 DD EF 90 F4 F2 07 3D C4 24 D8 0F E1  .:........=.$...
00003960:  B8 BD 71 DC 6A 80 1C 52 97 74 27 B3 89 93 DB 48  ..q.j..R.t'....H
00003970:  83 89 4D 1D 2C 05 1C 7E D7 73 5B 0A 62 5A 3B E1  ..M.,..~.s[.bZ;.
00003980:  94 DD AD BA 50 E3 C3 8D BD AA BF 28 8D 5F CF 1E  ....P......(._..
00003990:  EE 04 E9 47 B3 8C 67 47 F4 FD B7 14 39 EE 34 C5  ...G..gG....9.4.
000039A0:  76 C2 91 90 46 79 5C F0 A0 5C C8 F4 4E D5 11 98  v...Fy\..\..N...
000039B0:  1F 4C 7B F3 C0 54 89 B7 96 57 23 D5 69 E3 28 0C  .L{..T...W#.i.(.
000039C0:  AE 15 A3 B2 55 58 E1 7F E6 41 F4 44 5D 41 60 94  ....UX...A.D]A`.
000039D0:  CE 79 24 4D 9A 5B 29 2A 18 0C EA EA DF 01 E5 B9  .y$M.[)*........
000039E0:  EF 9A E8 93 50 5F 5B F9 BA F9 63 4B 67 E8 4E EC  ....P_[...cKg.N.
000039F0:  D2 8E 86 6D 56 FF FC 21 A4 C3 4F 5A D0 E1 A1 31  ...mV..!..OZ...1
00003A00:  64 AA EE A6 C8 0A 46 AA B5 0D 3E 46 D7 22 1C 36  d.....F...>F.".6
00003A10:  71 24 71 B3 F6 82 AE 84 64 35 E6 F8 66 D1 7B 23  q$q.....d5..f.{#
00003A20:  E3 C1 12 85 F2 3A A4 FD 8B 41 C9 CA 4F 93 A1 72  .....:...A..O..r
00003A30:  51 59 CB 1C C6 1F 2D DD 90 39 14 41 1B 90 ED 14  QY....-..9.A....
00003A40:  2A DD 48 D5 BB 76 EE E5 63 34 D7 D1 58 28 95 63  *.H..v..c4..X(.c
00003A50:  27 76 90 3C 7B 3E 59 F3 C6 3E D5 12 3E 35 4A AD  'v.<{>Y..>..>5J.
00003A60:  EE 7D 4D 73 5F 99 96 5E A4 EC 17 F5 DB 28 7D BA  .}Ms_..^.....(}.
00003A70:  B0 24 E8 50 04 03 D8 3C 19 4C 5C EE 55 76 3F F7  .$.P...<.L\.Uv?.
00003A80:  17 75 EF 11 D8 21 28 E8 BC EC D5 EA 26 27 F6 75  .u...!(.....&'.u
00003A90:  A9 A8 85 E4 51 25 74 57 4E 40 61 10 E1 12 90 E5  ....Q%tWN@a.....
00003AA0:  D8 B9 0A A2 5F DA 8C 63 CF D7 75 48 59 05 17 CA  ...._..c..uHY...
00003AB0:  0B 48 FB EA EB 77 F0 7C 02 BF 5B FB 2A 9E 83 04  .H...w.|..[.*...
00003AC0:  D7 63 D9 B9 4A 51 ED 11 1E 6C D2 17 38 EB 61 03  .c..JQ...l..8.a.
00003AD0:  BB 3D 12 FD 7C C3 12 3D ED DB AD 4D E2 FA 2B E6  .=..|..=...M..+.
00003AE0:  A4 BE AC 67 67 5F 06 68 C3 A8 5D 04 E0 83 C4 08  ...gg_.h..].....
00003AF0:  F9 A6 12 A1 BB 71 8B 24 CD 6C 2E FE 6C F8 D0 CF  .....q.$.l..l...
00003B00:  5B 0A 01 10 97 05 31 71 FB 6B 48 26 08 9B 59 67  [.....1q.kH&..Yg
00003B10:  80 70 57 17 D8 00 C0 D5 77 FC 5A C2 C1 35 75 EF  .pW.....w.Z..5u.
00003B20:  68 30 2E C8 92 22 3C 45 15 3B 1E C7 9A 5F B2 E9  h0..."<E.;..._..
00003B30:  FB 6B E6 E9 84 38 A8 FF F9 B3 69 FD 9A 55 BB 91  .k...8....i..U..
00003B40:  82 8C DF 6C 15 AE AE 32 68 56 22 14 E6 B4 BF 66  ...l...2hV"....f
00003B50:  9D 55 03 79 E4 0B E7 E7 AB 9E 60 C1 42 28 51 40  .U.y......`.B(Q@
00003B60:  60 71 32 5E 34 8A 01 CF 2D 02 44 9F 9E F0 5F 13  `q2^4...-.D..._.
00003B70:  D1 C4 96 EC F3 F0 28 DF E3 03 9E FD FD BE 7D E5  ......(.......}.
00003B80:  28 E7 0E 99 9B 6A A0 F4 19 BA 54 C6 3E 58 BC C9  (....j....T.>X..
00003B90:  07 9B 87 54 49 C6 00 A0 1C 41 D6 16 0A 29 38 6C  ...TI....A...)8l
00003BA0:  3A 86 15 62 41 1E AA B0 D3 CD 25 95 E7 1E C4 B5  :..bA.....%.....
00003BB0:  3B 53 55 DC 48 40 35 36 EB F1 BA 25 31 DB 49 5F  ;SU.H@56...%1.I_
00003BC0:  99 34 0F EC F1 4D F5 CE C6 FB 78 C4 5C 3A 88 9B  .4...M....x.\:..
00003BD0:  7A E9 61 A0 5A D3 3F C8 70 34 4A 85 B4 7F 75 DE  z.a.Z.?.p4J...u.
00003BE0:  57 62 7F 5F BF A3 BD 45 84 D5 EC 41 38 BF 44 61  Wb._...E...A8.Da
00003BF0:  35 AF 23 7E 86 04 29 8D 0A 80 D5 07 85 35 A2 41  5.#~..)......5.A
00003C00:  67 FB 2A 66 84 57 64 19 79 12 38 0E 5F A3 55 47  g.*f.Wd.y.8._.UG
00003C10:  C4 44 0A 8C 36 7B 9C F4 30 5E 8F 2F 28 D9 9D 88  .D..6{..0^./(...
00003C20:  AB 19 3F 3A 80 28 08 01 46 BC F1 11 9B 84 8D FF  ..?:.(..F.......
00003C30:  CD 2A 0F B1 70 6C 1C 35 13 D4 DD 6E 78 62 FA 9E  .*..pl.5...nxb..
00003C40:  B3 DC 68 CF A6 03 6C 23 87 82 E4 81 5A 23 3E 4B  ..h...l#....Z#>K
00003C50:  58 22 B6 EC 64 36 D4 96 FA 42 CB 6D 98 A9 EA 79  X"..d6...B.m...y
00003C60:  4A C3 DA F9 30 44 E7 94 42 15 BD 35 76 71 06 D9  J...0D..B..5vq..
00003C70:  05 79 76 24 95 8B 99 2C A0 DA F3 B1 00 28 5E C2  .yv$...,.....(^.
00003C80:  65 75 BE 01 0E 0A 13 65 50 02 F7 CA C1 EC F3 18  eu.....eP.......
00003C90:  17 64 2D 9A 96 41 2A 32 97 31 09 19 9A DF 6A 27  .d-..A*2.1....j'
00003CA0:  CB 0E 7F 2D AF 56 07 25 88 71 8F BE 37 D4 E2 B0  ...-.V.%.q..7...
00003CB0:  37 30 0A D9 45 FA 75 E7 DA DB A0 8A 9F A2 CE 5F  70..E.u........_
00003CC0:  72 E3 EC 78 5D 8B 53 4B 09 BC 52 9C 20 B2 17 67  r..x].SK..R. ..g
00003CD0:  0C B0 B2 4A 1D A8 67 D4 49 65 80 37 55 56 86 3F  ...J..g.Ie.7UV.?
00003CE0:  3F 57 59 23 7B C3 8D A7 4F 88 35 FD BC 4B 9A 4A  ?WY#{...O.5..K.J
00003CF0:  0D 2C 92 81 36 83 88 51 48 8C 0F 2A 48 CA DC 30  .,..6..QH..*H..0
00003D00:  97 B7 7E 8F 93 FA 3F A0 5C 8B 40 87 45 B2 AB 66  ..~...?.\.@.E..f
00003D10:  63 5D 04 2D 25 F0 36 68 4D 98 B2 51 5A D7 D5 AB  c].-%.6hM..QZ...
00003D20:  B7 1B 66 9C 9B 87 00 A0 1C 41 D6 16 0A 29 38 6C  ..f......A...)8l
00003D30:  3A 86 15 62 41 1E 4D FA 9F 6A 0B CA 8A 00 34 E2  :..bA.M..j....4.
00003D40:  E6 AE 23 96 2C EB BF FC DA 00 D0 BE 1F A0 05 52  ..#.,..........R
00003D50:  E7 D3 E7 2E D9 EA 3F 0A 5F 08 91 1B 70 85 94 DA  ......?._...p...
00003D60:  D3 B3 FD 72 4F 35 7A 77 D9 C8 29 68 DE B7 B6 9D  ...rO5zw..)h....
00003D70:  80 E9 50 B4 5B B7 1C 62 59 5F 05 19 D8 BC ED C5  ..P.[..bY_......
00003D80:  3D B2 7D 04 55 66 84 60 B7 71 76 9B F2 63 7B FD  =.}.Uf.`.qv..c{.
00003D90:  37 39 E9 AF 02 89 4C 0D E3 0B 4A 1B 19 E4 4E 86  79....L...J...N.
00003DA0:  04 AC 69 8D 27 7E 37 58 99 EA 73 B1 C2 55 FD 34  ..i.'~7X..s..U.4
00003DB0:  73 30 B4 F1 5D F2 2E 67 21 F7 B4 83 0A A8 F8 97  s0..]..g!.......
00003DC0:  84 AD 9A F4 5B FF EC EB B5 B2 F4 D3 73 0A D1 5C  ....[.......s..\
00003DD0:  C9 32 99 E5 98 C2 7B 5C 3D 27 72 34 74 21 04 18  .2....{\='r4t!..
00003DE0:  AD E3 15 FC ED A8 74 89 D2 03 6E AF 0B F3 41 CD  ......t...n...A.
00003DF0:  10 33 81 F6 13 FD F0 8A 36 7B 14 70 17 81 23 2D  .3......6{.p..#-
00003E00:  D1 BE C7 76 FE B1 5E EB 08 A3 12 A2 F5 D1 4B E7  ...v..^.......K.
00003E10:  C4 92 BF E6 4F 1B 63 D0 D3 40 D1 6D 5E 5E 72 44  ....O.c..@.m^^rD
00003E20:  39 F7 6C D2 F7 0F 79 96 BC B6 6F 09 9C 83 D4 0F  9.l...y...o.....
00003E30:  B0 57 64 89 48 2E 35 39 FE F1 73 05 E4 5D 21 27  .Wd.H.59..s..]!'
00003E40:  32 51 9A 5D EB 64 62 65 31 EF 15 CC 35 BD DA 95  2Q.].dbe1...5...
00003E50:  96 B2 5B 57 E6 17 99 49 AB F0 1D FE 21 D7 96 1C  ..[W...I....!...
00003E60:  4F 04 39 E1 81 12 43 CA C3 E4 44 5D 37 E7 9C 94  O.9...C...D]7...
00003E70:  54 4D A7 62 8F 9C 56 BE 76 24 37 0E 5E 68 91 9B  TM.b..V.v$7.^h..
00003E80:  61 F3 9D 22 C0 52 65 AC 72 11 D0 7D 66 E4 5F 6C  a..".Re.r..}f._l
00003E90:  65 C5 0A 62 3B C5 B2 CD 38 59 E4 AC 9B F0 F7 1A  e..b;...8Y......
00003EA0:  D1 6D 52 FA 1D 12 5D 32 07 91 01 0A 58 E3 F0 6B  .mR...]2....X..k
00003EB0:  45 51 9C 76 31 91 98 C0 E0 5E 3F F5 05 EE 43 EF  EQ.v1....^?...C.
00003EC0:  4F F9 DE EB 5C 18 5D C8 4C 26 7A 94 73 53 4A 2A  O...\.].L&z.sSJ*
00003ED0:  D8 63 4B 09 F1 75 4E FC 83 C0 C6 5D 12 F7 B5 8A  .cK..uN....]....
00003EE0:  B6 99 A9 27 A9 7F 96 09 C7 BC 08 A0 15 E6 1D 48  ...'...........H
00003EF0:  E2 C7 F5 19 25 07 A1 7F A2 A5 5C 6C 09 02 79 0B  ....%.....\l..y.
00003F00:  43 BF C0 1D B0 76 D9 C8 88 0A E9 49 86 F1 0D 2F  C....v.....I.../
00003F10:  62 2B 5B 70 95 BC 3B C8 10 DE 35 F8 3A FD 08 61  b+[p..;...5.:..a
00003F20:  54 38 13 33 17 61 EF 81 5F 2C EE E4 C1 39 9E 7E  T8.3.a.._,...9.~
00003F30:  6F BA A3 9C A0 8D 2A B7 50 03 4A 1F E9 2F E0 F2  o.....*.P.J../..
00003F40:  35 3A A2 F3 07 26 00 00 00 00 00 00 00 00 00 00  5:...&..........
00003F50:  00 00 00 00 00 00 00 00 00 00 00 00 00 00 00 00  ................ [zeros]
00003F60:  00 00 00 00 00 00 E5 C4 F6 90 EF 51 6A 70 5E BB  ...........Qjp^.
00003F70:  A9 EA 1A 1D 56 85 C8 99 DA 73 94 E9 BD 06 CE 7E  ....V....s.....~
00003F80:  AF 86 95 75 76 BB BA DC 3C DF 08 3A D6 41 AB 87  ...uv...<..:.A..
00003F90:  41 D0 09 1C 2B 03 00 00 00 00 00 00 00 00 00 00  A...+...........
00003FA0:  00 00 00 00 00 00 00 00 00 00 00 00 00 00 00 00  ................ [zeros]
00003FB0:  00 00 00 00 00 00 00 00 00 00 00 00 00 00 00 00  ................ [zeros]
00003FC0:  00 00 00 00 00 00 00 00 00 00 00 00 00 00 00 00  ................ [zeros]
00003FD0:  00 00 00 00 00 00 00 00 00 00 00 00 00 00 00 00  ................ [zeros]
00003FE0:  00 00 00 00 00 00 00 00 00 00 00 00 00 00 00 00  ................ [zeros]
00003FF0:  00 00 00 00 00 00 00 00 00 00 00 00 00 00 00 00  ................ [zeros]
00004000:  00 00 00 00 00 00 00 00 00 00 00 00 00 00 00 00  ................ [zeros]
00004010:  00 00 00 00 00 00 60 56 E0 24 4A 21 B3 B2 5C C5  ......`V.$J!..\.
00004020:  F1 DA 0B AC AD E3 D0 EE 87 14 7D 3E 7B D7 6E F8  ..........}>{.n.
00004030:  C4 30 6C D6 04 D0 27 97 49 57 3F ED EB AD 22 AB  .0l...'.IW?...".
00004040:  69 F7 2A 76 13 8D 5B D1 12 F4 DB 9D F6 DB 53 82  i.*v..[.......S.
00004050:  26 9F E1 55 13 69 00 00 00 00 00 00 00 00 00 00  &..U.i..........
00004060:  00 00 00 00 00 00 00 00 00 00 00 00 00 00 00 00  ................ [zeros]
00004070:  00 00 00 00 00 00 00 00 00 00 00 00 00 00 00 00  ................ [zeros]
00004080:  00 00 00 00 00 00 00 00 00 00 00 00 00 00 00 00  ................ [zeros]
00004090:  00 00 00 00 00 00 7B A0 37 62 37 D7 2E AD 91 E4  ......{.7b7.....
000040A0:  8C DD 7D 54 26 1C FC 7B 00 18 A8 2B 20 DC DD 96  ..}T&..{...+ ...
000040B0:  77 FD F2 AA F3 D9 94 29 07 8E D1 F2 EE 5C 3D 28  w......).....\=(
000040C0:  05 60 F8 D2 BE F7 3A 66 80 6F AE 78 96 DF A8 EE  .`....:f.o.x....
000040D0:  DB E1 6F B2 1B 88 7E 0A F9 A7 BD 4C 4C 46 D7 E5  ..o...~....LLF..
000040E0:  A4 69 C6 D0 03 40 C9 FD AB B9 66 1A D8 0C C2 7C  .i...@....f....|
000040F0:  83 57 3D C3 77 65 EB 72 D3 61 0B 04 CA B3 F9 5E  .W=.we.r.a.....^
00004100:  66 7F 79 72 98 2A 37 B2 60 32 04 3F 0D 9A E5 79  f.yr.*7.`2.?...y
00004110:  B2 C2 DC 25 86 E8 36 49 1B 09 0D EA F2 36 2B 41  ...%..6I.....6+A
00004120:  11 A3 A3 95 A4 17 00 00 00 00 00 00 00 00 00 00  ................
00004130:  00 00 00 00 00 00 00 00 00 00 00 00 00 00 00 00  ................ [zeros]
00004140:  00 00 00 00 00 00 00 00 00 00 00 00 00 00 00 00  ................ [zeros]
00004150:  00 00 00 00 00 00 00 00 00 00 00 00 00 00 00 00  ................ [zeros]
00004160:  00 00 00 00 00 00 00 00 00 00 00 00 00 00 00 00  ................ [zeros]
00004170:  00 00 00 00 00 00 00 00 00 00 00 00 00 00 00 00  ................ [zeros]
00004180:  00 00 00 00 00 00 00 00 00 00 00 00 00 00 00 00  ................ [zeros]
00004190:  00 00 00 00 00 00 00 00 00 00 00 00 00 00 00 00  ................ [zeros]
000041A0:  00 00 00 00 00 00 00 00 00 00 00 00 00 00 00 00  ................ [zeros]
000041B0:  00 00 00 00 00 00 00 00 00 00 00 00 00 00 00 00  ................ [zeros]
000041C0:  00 00 00 00 00 00 00 00 00 00 00 00 00 00 00 00  ................ [zeros]
000041D0:  00 00 00 00 00 00 F3 52 E1 A0 5D 54 23 B2 EE 28  .......R..]T#..(
000041E0:  77 CA CA 0E 5B 5A 27 12 8C EE B7 AF D2 60 1C 25  w...[Z'......`.%
000041F0:  DA C1 D9 2E FA 97 A6 D3 64 70 0A 90 11 FE 9D B2  ........dp......
00004200:  33 ED FB CC 96 AB 00 00 00 00 00 00 00 00 00 00  3...............
00004210:  00 00 00 00 00 00 00 00 00 00 00 00 00 00 00 00  ................ [zeros]
00004220:  00 00 00 00 00 00 00 00 00 00 00 00 00 00 00 00  ................ [zeros]
00004230:  00 00 00 00 00 00 00 00 00 00 00 00 00 00 00 00  ................ [zeros]
00004240:  00 00 00 00 00 00 00 00 00 00 00 00 00 00 00 00  ................ [zeros]
00004250:  00 00 00 00 00 00 00 00 00 00 00 00 00 00 00 00  ................ [zeros]
00004260:  00 00 00 00 00 00 00 00 00 00 00 00 00 00 00 00  ................ [zeros]
00004270:  00 00 00 00 00 00 00 00 00 00 00 00 00 00 00 00  ................ [zeros]
00004280:  00 00 00 00 00 00 00 00 00 00 00 00 00 00 00 00  ................ [zeros]
00004290:  00 00 00 00 00 00 00 00 00 00 00 00 00 00 00 00  ................ [zeros]
000042A0:  00 00 00 00 00 00 00 00 00 00 00 00 00 00 00 00  ................ [zeros]
000042B0:  00 00 00 00 00 00 00 00 00 00 00 00 00 00 00 00  ................ [zeros]
000042C0:  00 00 00 00 00 00 00 00 00 00 00 00 00 00 00 00  ................ [zeros]
000042D0:  00 00 00 00 00 00 00 00 00 00 00 00 00 00 00 00  ................ [zeros]
000042E0:  00 00 00 00 00 00 00 00 00 00 00 00 00 00 00 00  ................ [zeros]
000042F0:  00 00 00 00 00 00 00 00 00 00 00 00 00 00 00 00  ................ [zeros]
00004300:  00 00 00 00 00 00 00 00 00 00 00 00 00 00 00 00  ................ [zeros]
00004310:  00 00 00 00 00 00 00 00 00 00 00 00 00 00 00 00  ................ [zeros]
00004320:  00 00 00 00 00 00 00 00 00 00 00 00 00 00 00 00  ................ [zeros]
00004330:  00 00 00 00 00 00 00 00 00 00 00 00 00 00 00 00  ................ [zeros]
00004340:  00 00 00 00 00 00 00 00 00 00 00 00 00 00 00 00  ................ [zeros]
00004350:  00 00 00 00 00 00 00 00 00 00 00 00 00 00 00 00  ................ [zeros]
00004360:  00 00 00 00 00 00 00 00 00 00 00 00 00 00 00 00  ................ [zeros]
00004370:  00 00 00 00 00 00 00 00 00 00 00 00 00 00 00 00  ................ [zeros]
00004380:  00 00 00 00 00 00 00 00 00 00 00 00 00 00 00 00  ................ [zeros]
00004390:  00 00 00 00 00 00 00 00 00 00 00 00 00 00 00 00  ................ [zeros]
000043A0:  00 00 00 00 00 00 00 00 00 00 00 00 00 00 00 00  ................ [zeros]
000043B0:  00 00 00 00 00 00 00 00 00 00 00 00 00 00 00 00  ................ [zeros]
000043C0:  00 00 00 00 00 00 00 00 00 00 00 00 00 00 00 00  ................ [zeros]
000043D0:  00 00 00 00 00 00 00 00 00 00 00 00 00 00 00 00  ................ [zeros]
000043E0:  00 00 00 00 00 00 00 00 00 00 00 00 00 00 00 00  ................ [zeros]
000043F0:  00 00 00 00 00 00 00 00 00 00 00 00 00 00 00 00  ................ [zeros]
00004400:  00 00 00 00 00 00 00 00 00 00 00 00 00 00 00 00  ................ [zeros]
00004410:  00 00 00 00 00 00 00 00 00 00 00 00 00 00 00 00  ................ [zeros]
00004420:  00 00 00 00 00 00 00 00 00 00 00 00 00 00 00 00  ................ [zeros]
00004430:  00 00 00 00 00 00 00 00 00 00 00 00 00 00 00 00  ................ [zeros]
00004440:  00 00 00 00 00 00 00 00 00 00 00 00 00 00 00 00  ................ [zeros]
00004450:  00 00 00 00 00 00 00 00 00 00 00 00 00 00 00 00  ................ [zeros]
00004460:  00 00 00 00 00 00 00 00 00 00 00 00 00 00 00 00  ................ [zeros]
00004470:  00 00 00 00 00 00 00 00 00 00 00 00 00 00 00 00  ................ [zeros]
00004480:  00 00 00 00 00 00 00 00 00 00 00 00 00 00 00 00  ................ [zeros]
00004490:  00 00 00 00 00 00 00 00 00 00 00 00 00 00 00 00  ................ [zeros]
000044A0:  00 00 00 00 00 00 00 00 00 00 00 00 00 00 00 00  ................ [zeros]
000044B0:  00 00 00 00 00 00 30 78 B7 12 11 73 51 7F DC 65  ......0x...sQ..e
000044C0:  2A 60 E2 E6 8E 86 6A 10 11 CA EF EA 14 92 E6 E4  *`....j.........
000044D0:  5D 4A 16 CE B6 54 7B 15 6A 8B E8 EE E6 67 DF E8  ]J...T{.j....g..
000044E0:  C6 B2 D2 54 D6 64 00 00 00 00 00 00 00 00 00 00  ...T.d..........
000044F0:  00 00 00 00 00 00 FF 88 97 C6 72 BB 97 3B 3F FC  ..........r..;?.
00004500:  3C 59 43 B9 D0 4D 00 00 00 00 00 00 00 00 00 00  <YC..M..........
00004510:  00 00 00 00 00 00 50 2D 33 28 8D 3B 8D D4 AB 91  ......P-3(.;....
00004520:  08 A9 A4 3C B5 B6 00 00 00 00 00 00 00 00 00 00  ...<............
00004530:  00 00 00 00 00 00 A5 7E 95 1C 0A 87 BF 1C C3 09  .......~........
00004540:  A2 17 2C B7 6B E5 00 00 00 00 00 00 00 00 00 00  ..,.k...........
00004550:  00 00 00 00 00 00 57 53 34 3A 01 E6 23 85 9F 85  ......WS4:..#...
00004560:  A0 21 6C 22 7D FC 6A 4F CB 8E B6 5D 8F 37 2B E1  .!l"}.jO...].7+.
00004570:  33 10 95 FE 6F 82 B7 3A 44 07 89 6D B4 42 0C 26  3...o..:D..m.B.&
00004580:  9F C0 E8 E3 FA C4 00 00 00 00 00 00 00 00 00 00  ................
00004590:  00 00 00 00 00 00 00 00 00 00 00 00 00 00 00 00  ................ [zeros]
000045A0:  00 00 00 00 00 00 00 00 00 00 00 00 00 00 00 00  ................ [zeros]
000045B0:  00 00 00 00 00 00 00 00 00 00 00 00 00 00 00 00  ................ [zeros]
000045C0:  00 00 00 00 00 00 00 00 00 00 00 00 00 00 00 00  ................ [zeros]
000045D0:  00 00 00 00 00 00 00 00 00 00 00 00 00 00 00 00  ................ [zeros]
000045E0:  00 00 00 00 00 00 00 00 00 00 00 00 00 00 00 00  ................ [zeros]
000045F0:  00 00 00 00 00 00 00 00 00 00 00 00 00 00 00 00  ................ [zeros]
00004600:  00 00 00 00 00 00 00 00 00 00 00 00 00 00 00 00  ................ [zeros]
00004610:  00 00 00 00 00 00 00 00 00 00 00 00 00 00 00 00  ................ [zeros]
00004620:  00 00 00 00 00 00 00 00 00 00 00 00 00 00 00 00  ................ [zeros]
00004630:  00 00 00 00 00 00 00 00 00 00 00 00 00 00 00 00  ................ [zeros]
00004640:  00 00 00 00 00 00 00 00 00 00 00 00 00 00 00 00  ................ [zeros]
00004650:  00 00 00 00 00 00 00 00 00 00 00 00 00 00 00 00  ................ [zeros]
00004660:  00 00 00 00 00 00 00 00 00 00 00 00 00 00 00 00  ................ [zeros]
00004670:  00 00 00 00 00 00 00 00 00 00 00 00 00 00 00 00  ................ [zeros]
00004680:  00 00 00 00 00 00 00 00 00 00 00 00 00 00 00 00  ................ [zeros]
00004690:  00 00 00 00 00 00 00 00 00 00 00 00 00 00 00 00  ................ [zeros]
000046A0:  00 00 00 00 00 00 00 00 00 00 00 00 00 00 00 00  ................ [zeros]
000046B0:  00 00 00 00 00 00 00 00 00 00 00 00 00 00 00 00  ................ [zeros]
000046C0:  00 00 00 00 00 00 00 00 00 00 00 00 00 00 00 00  ................ [zeros]
000046D0:  00 00 00 00 00 00 00 00 00 00 00 00 00 00 00 00  ................ [zeros]
000046E0:  00 00 00 00 00 00 00 00 00 00 00 00 00 00 00 00  ................ [zeros]
000046F0:  00 00 00 00 00 00 00 00 00 00 00 00 00 00 00 00  ................ [zeros]
00004700:  00 00 00 00 00 00 00 00 00 00 00 00 00 00 00 00  ................ [zeros]
00004710:  00 00 00 00 00 00 00 00 00 00 00 00 00 00 00 00  ................ [zeros]
00004720:  00 00 00 00 00 00 00 00 00 00 00 00 00 00 00 00  ................ [zeros]
00004730:  00 00 00 00 00 00 00 00 00 00 00 00 00 00 00 00  ................ [zeros]
00004740:  00 00 00 00 00 00 00 00 00 00 00 00 00 00 00 00  ................ [zeros]
00004750:  00 00 00 00 00 00 00 00 00 00 00 00 00 00 00 00  ................ [zeros]
00004760:  00 00 00 00 00 00 00 00 00 00 00 00 00 00 00 00  ................ [zeros]
00004770:  00 00 00 00 00 00 00 00 00 00 00 00 00 00 00 00  ................ [zeros]
00004780:  00 00 00 00 00 00 00 00 00 00 00 00 00 00 00 00  ................ [zeros]
00004790:  00 00 00 00 00 00 00 00 00 00 00 00 00 00 00 00  ................ [zeros]
000047A0:  00 00 00 00 00 00 00 00 00 00 00 00 00 00 00 00  ................ [zeros]
000047B0:  00 00 00 00 00 00 00 00 00 00 00 00 00 00 00 00  ................ [zeros]
000047C0:  00 00 00 00 00 00 00 00 00 00 00 00 00 00 00 00  ................ [zeros]
000047D0:  00 00 00 00 00 00 00 00 00 00 00 00 00 00 00 00  ................ [zeros]
000047E0:  00 00 00 00 00 00 00 00 00 00 00 00 00 00 00 00  ................ [zeros]
000047F0:  00 00 00 00 00 00 00 00 00 00 00 00 00 00 00 00  ................ [zeros]
00004800:  00 00 00 00 00 00 00 00 00 00 00 00 00 00 00 00  ................ [zeros]
00004810:  00 00 00 00 00 00 00 00 00 00 00 00 00 00 00 00  ................ [zeros]
00004820:  00 00 00 00 00 00 00 00 00 00 00 00 00 00 00 00  ................ [zeros]
00004830:  00 00 00 00 00 00 00 00 00 00 00 00 00 00 00 00  ................ [zeros]
00004840:  00 00 00 00 00 00 00 00 00 00 00 00 00 00 00 00  ................ [zeros]
00004850:  00 00 00 00 00 00 00 00 00 00 00 00 00 00 00 00  ................ [zeros]
00004860:  00 00 00 00 00 00 00 00 00 00 00 00 00 00 00 00  ................ [zeros]
00004870:  00 00 00 00 00 00 00 00 00 00 00 00 00 00 00 00  ................ [zeros]
00004880:  00 00 00 00 00 00 00 00 00 00 00 00 00 00 00 00  ................ [zeros]
00004890:  00 00 00 00 00 00 00 00 00 00 00 00 00 00 00 00  ................ [zeros]
000048A0:  00 00 00 00 00 00 00 00 00 00 00 00 00 00 00 00  ................ [zeros]
000048B0:  00 00 00 00 00 00 00 00 00 00 00 00 00 00 00 00  ................ [zeros]
000048C0:  00 00 00 00 00 00 00 00 00 00 00 00 00 00 00 00  ................ [zeros]
000048D0:  00 00 00 00 00 00 00 00 00 00 00 00 00 00 00 00  ................ [zeros]
000048E0:  00 00 00 00 00 00 00 00 00 00 00 00 00 00 00 00  ................ [zeros]
000048F0:  00 00 00 00 00 00 00 00 00 00 00 00 00 00 00 00  ................ [zeros]
00004900:  00 00 00 00 00 00 00 00 00 00 00 00 00 00 00 00  ................ [zeros]
00004910:  00 00 00 00 00 00 00 00 00 00 00 00 00 00 00 00  ................ [zeros]
00004920:  00 00 00 00 00 00 00 00 00 00 00 00 00 00 00 00  ................ [zeros]
00004930:  00 00 00 00 00 00 00 00 00 00 00 00 00 00 00 00  ................ [zeros]
00004940:  00 00 00 00 00 00 00 00 00 00 00 00 00 00 00 00  ................ [zeros]
00004950:  00 00 00 00 00 00 00 00 00 00 00 00 00 00 00 00  ................ [zeros]
00004960:  00 00 00 00 00 00 00 00 00 00 00 00 00 00 00 00  ................ [zeros]
00004970:  00 00 00 00 00 00 00 00 00 00 00 00 00 00 00 00  ................ [zeros]
00004980:  00 00 00 00 00 00 00 00 00 00 00 00 00 00 00 00  ................ [zeros]
00004990:  00 00 00 00 00 00 00 00 00 00 00 00 00 00 00 00  ................ [zeros]
000049A0:  00 00 00 00 00 00 00 00 00 00 00 00 00 00 00 00  ................ [zeros]
000049B0:  00 00 00 00 00 00 00 00 00 00 00 00 00 00 00 00  ................ [zeros]
000049C0:  00 00 00 00 00 00 00 00 00 00 00 00 00 00 00 00  ................ [zeros]
000049D0:  00 00 00 00 00 00 00 00 00 00 00 00 00 00 00 00  ................ [zeros]
000049E0:  00 00 00 00 00 00 00 00 00 00 00 00 00 00 00 00  ................ [zeros]
000049F0:  00 00 00 00 00 00 00 00 00 00 00 00 00 00 00 00  ................ [zeros]
00004A00:  00 00 00 00 00 00 00 00 00 00 00 00 00 00 00 00  ................ [zeros]
00004A10:  00 00 00 00 00 00 00 00 00 00 00 00 00 00 00 00  ................ [zeros]
00004A20:  00 00 00 00 00 00 00 00 00 00 00 00 00 00 00 00  ................ [zeros]
00004A30:  00 00 00 00 00 00 00 00 00 00 00 00 00 00 00 00  ................ [zeros]
00004A40:  00 00 00 00 00 00 00 00 00 00 00 00 00 00 00 00  ................ [zeros]
00004A50:  00 00 00 00 00 00 00 00 00 00 00 00 00 00 00 00  ................ [zeros]
00004A60:  00 00 00 00 00 00 00 00 00 00 00 00 00 00 00 00  ................ [zeros]
00004A70:  00 00 00 00 00 00 00 00 00 00 00 00 00 00 00 00  ................ [zeros]
00004A80:  00 00 00 00 00 00 00 00 00 00 00 00 00 00 00 00  ................ [zeros]
00004A90:  00 00 00 00 00 00 00 00 00 00 00 00 00 00 00 00  ................ [zeros]
00004AA0:  00 00 00 00 00 00 00 00 00 00 00 00 00 00 00 00  ................ [zeros]
00004AB0:  00 00 00 00 00 00 00 00 00 00 00 00 00 00 00 00  ................ [zeros]
00004AC0:  00 00 00 00 00 00 00 00 00 00 00 00 00 00 00 00  ................ [zeros]
00004AD0:  00 00 00 00 00 00 00 00 00 00 00 00 00 00 00 00  ................ [zeros]
00004AE0:  00 00 00 00 00 00 00 00 00 00 00 00 00 00 00 00  ................ [zeros]
00004AF0:  00 00 00 00 00 00 00 00 00 00 00 00 00 00 00 00  ................ [zeros]
00004B00:  00 00 00 00 00 00 00 00 00 00 00 00 00 00 00 00  ................ [zeros]
00004B10:  00 00 00 00 00 00 00 00 00 00 00 00 00 00 00 00  ................ [zeros]
00004B20:  00 00 00 00 00 00 00 00 00 00 00 00 00 00 00 00  ................ [zeros]
00004B30:  00 00 00 00 00 00 00 00 00 00 00 00 00 00 00 00  ................ [zeros]
00004B40:  00 00 00 00 00 00 00 00 00 00 00 00 00 00 00 00  ................ [zeros]
00004B50:  00 00 00 00 00 00 00 00 00 00 00 00 00 00 00 00  ................ [zeros]
00004B60:  00 00 00 00 00 00 00 00 00 00 00 00 00 00 00 00  ................ [zeros]
00004B70:  00 00 00 00 00 00 00 00 00 00 00 00 00 00 00 00  ................ [zeros]
00004B80:  00 00 00 00 00 00 07 62 D7 67 10 42 F9 44 20 E9  .......b.g.B.D .
00004B90:  12 43 CF 3A 51 C3 CA B9 7A E7 F9 E4 8F CF 09 0F  .C.:Q...z.......
00004BA0:  12 54 C5 65 6C 67 A4 E3 F1 E0 40 75 ED 71 F0 38  .T.elg....@u.q.8
00004BB0:  C5 96 DC 50 C4 4F A4 E3 F1 E0 40 75 ED 71 F0 38  ...P.O....@u.q.8
00004BC0:  C5 96 DC 50 C4 4F A4 E3 F1 E0 40 75 ED 71 F0 38  ...P.O....@u.q.8
00004BD0:  C5 96 DC 50 C4 4F A4 E3 F1 E0 40 75 ED 71 F0 38  ...P.O....@u.q.8
00004BE0:  C5 96 DC 50 C4 4F A4 E3 F1 E0 40 75 ED 71 F0 38  ...P.O....@u.q.8
00004BF0:  C5 96 DC 50 C4 4F A4 E3 F1 E0 40 75 ED 71 F0 38  ...P.O....@u.q.8
00004C00:  C5 96 DC 50 C4 4F A4 E3 F1 E0 40 75 ED 71 F0 38  ...P.O....@u.q.8
00004C10:  C5 96 DC 50 C4 4F A4 E3 F1 E0 40 75 ED 71 F0 38  ...P.O....@u.q.8
00004C20:  C5 96 DC 50 C4 4F A4 E3 F1 E0 40 75 ED 71 F0 38  ...P.O....@u.q.8
00004C30:  C5 96 DC 50 C4 4F A4 E3 F1 E0 40 75 ED 71 F0 38  ...P.O....@u.q.8
00004C40:  C5 96 DC 50 C4 4F A4 E3 F1 E0 40 75 ED 71 F0 38  ...P.O....@u.q.8
00004C50:  C5 96 DC 50 C4 4F A4 E3 F1 E0 40 75 ED 71 F0 38  ...P.O....@u.q.8
00004C60:  C5 96 DC 50 C4 4F A4 E3 F1 E0 40 75 ED 71 F0 38  ...P.O....@u.q.8
00004C70:  C5 96 DC 50 C4 4F A4 E3 F1 E0 40 75 ED 71 F0 38  ...P.O....@u.q.8
00004C80:  C5 96 DC 50 C4 4F A4 E3 F1 E0 40 75 ED 71 F0 38  ...P.O....@u.q.8
00004C90:  C5 96 DC 50 C4 4F 3C 36 79 3F F6 8D 62 1B 7F FE  ...P.O<6y?..b...
00004CA0:  0E 35 D4 8B DD BE 00 00 00 00 00 00 00 00 00 00  .5..............
00004CB0:  00 00 00 00 00 00 00 00 00 00 00 00 00 00 00 00  ................ [zeros]
00004CC0:  00 00 00 00 00 00 00 00 00 00 00 00 00 00 00 00  ................ [zeros]
00004CD0:  00 00 00 00 00 00 00 00 00 00 00 00 00 00 00 00  ................ [zeros]
00004CE0:  00 00 00 00 00 00 00 00 00 00 00 00 00 00 00 00  ................ [zeros]
00004CF0:  00 00 00 00 00 00 00 00 00 00 00 00 00 00 00 00  ................ [zeros]
00004D00:  00 00 00 00 00 00 00 00 00 00 00 00 00 00 00 00  ................ [zeros]
00004D10:  00 00 00 00 00 00 00 00 00 00 00 00 00 00 00 00  ................ [zeros]
00004D20:  00 00 00 00 00 00 00 00 00 00 00 00 00 00 00 00  ................ [zeros]
00004D30:  00 00 00 00 00 00 00 00 00 00 00 00 00 00 00 00  ................ [zeros]
00004D40:  00 00 00 00 00 00 00 00 00 00 00 00 00 00 00 00  ................ [zeros]
00004D50:  00 00 00 00 00 00 00 00 00 00 00 00 00 00 00 00  ................ [zeros]
00004D60:  00 00 00 00 00 00 00 00 00 00 00 00 00 00 00 00  ................ [zeros]
00004D70:  00 00 00 00 00 00 00 00 00 00 00 00 00 00 00 00  ................ [zeros]
00004D80:  00 00 00 00 00 00 00 00 00 00 00 00 00 00 00 00  ................ [zeros]
00004D90:  00 00 00 00 00 00 00 00 00 00 00 00 00 00 00 00  ................ [zeros]
00004DA0:  00 00 00 00 00 00 00 00 00 00 00 00 00 00 00 00  ................ [zeros]
00004DB0:  00 00 00 00 00 00 68 A5 37 23 92 99 98 70 E4 59  ......h.7#...p.Y
00004DC0:  01 2E 13 AD E6 B4 A4 E3 F1 E0 40 75 ED 71 F0 38  ..........@u.q.8
00004DD0:  C5 96 DC 50 C4 4F A4 E3 F1 E0 40 75 ED 71 F0 38  ...P.O....@u.q.8
00004DE0:  C5 96 DC 50 C4 4F A4 E3 F1 E0 40 75 ED 71 F0 38  ...P.O....@u.q.8
00004DF0:  C5 96 DC 50 C4 4F A4 E3 F1 E0 40 75 ED 71 F0 38  ...P.O....@u.q.8
00004E00:  C5 96 DC 50 C4 4F A4 E3 F1 E0 40 75 ED 71 F0 38  ...P.O....@u.q.8
00004E10:  C5 96 DC 50 C4 4F A4 E3 F1 E0 40 75 ED 71 F0 38  ...P.O....@u.q.8
00004E20:  C5 96 DC 50 C4 4F A4 E3 F1 E0 40 75 ED 71 F0 38  ...P.O....@u.q.8
00004E30:  C5 96 DC 50 C4 4F A4 E3 F1 E0 40 75 ED 71 F0 38  ...P.O....@u.q.8
00004E40:  C5 96 DC 50 C4 4F A4 E3 F1 E0 40 75 ED 71 F0 38  ...P.O....@u.q.8
00004E50:  C5 96 DC 50 C4 4F A4 E3 F1 E0 40 75 ED 71 F0 38  ...P.O....@u.q.8
00004E60:  C5 96 DC 50 C4 4F A4 E3 F1 E0 40 75 ED 71 F0 38  ...P.O....@u.q.8
00004E70:  C5 96 DC 50 C4 4F A4 E3 F1 E0 40 75 ED 71 F0 38  ...P.O....@u.q.8
00004E80:  C5 96 DC 50 C4 4F A4 E3 F1 E0 40 75 ED 71 F0 38  ...P.O....@u.q.8
00004E90:  C5 96 DC 50 C4 4F A4 E3 F1 E0 40 75 ED 71 F0 38  ...P.O....@u.q.8
00004EA0:  C5 96 DC 50 C4 4F A4 E3 F1 E0 40 75 ED 71 F0 38  ...P.O....@u.q.8
00004EB0:  C5 96 DC 50 C4 4F 68 A5 37 23 92 99 98 70 E4 59  ...P.Oh.7#...p.Y
00004EC0:  01 2E 13 AD E6 B4 A4 E3 F1 E0 40 75 ED 71 F0 38  ..........@u.q.8
00004ED0:  C5 96 DC 50 C4 4F A4 E3 F1 E0 40 75 ED 71 F0 38  ...P.O....@u.q.8
00004EE0:  C5 96 DC 50 C4 4F A4 E3 F1 E0 40 75 ED 71 F0 38  ...P.O....@u.q.8
00004EF0:  C5 96 DC 50 C4 4F A4 E3 F1 E0 40 75 ED 71 F0 38  ...P.O....@u.q.8
00004F00:  C5 96 DC 50 C4 4F A4 E3 F1 E0 40 75 ED 71 F0 38  ...P.O....@u.q.8
00004F10:  C5 96 DC 50 C4 4F A4 E3 F1 E0 40 75 ED 71 F0 38  ...P.O....@u.q.8
00004F20:  C5 96 DC 50 C4 4F A4 E3 F1 E0 40 75 ED 71 F0 38  ...P.O....@u.q.8
00004F30:  C5 96 DC 50 C4 4F A4 E3 F1 E0 40 75 ED 71 F0 38  ...P.O....@u.q.8
00004F40:  C5 96 DC 50 C4 4F A4 E3 F1 E0 40 75 ED 71 F0 38  ...P.O....@u.q.8
00004F50:  C5 96 DC 50 C4 4F A4 E3 F1 E0 40 75 ED 71 F0 38  ...P.O....@u.q.8
00004F60:  C5 96 DC 50 C4 4F A4 E3 F1 E0 40 75 ED 71 F0 38  ...P.O....@u.q.8
00004F70:  C5 96 DC 50 C4 4F A4 E3 F1 E0 40 75 ED 71 F0 38  ...P.O....@u.q.8
00004F80:  C5 96 DC 50 C4 4F A4 E3 F1 E0 40 75 ED 71 F0 38  ...P.O....@u.q.8
00004F90:  C5 96 DC 50 C4 4F A4 E3 F1 E0 40 75 ED 71 F0 38  ...P.O....@u.q.8
00004FA0:  C5 96 DC 50 C4 4F A4 E3 F1 E0 40 75 ED 71 F0 38  ...P.O....@u.q.8
00004FB0:  C5 96 DC 50 C4 4F 00 00 00 00 00 00 00 00 00 00  ...P.O..........
00004FC0:  00 00 00 00 00 00 00 00 00 00 00 00 00 00 00 00  ................ [zeros]
00004FD0:  00 00 00 00 00 00 00 00 00 00 00 00 00 00 00 00  ................ [zeros]
00004FE0:  00 00 00 00 00 00 00 00 00 00 00 00 00 00 00 00  ................ [zeros]
00004FF0:  00 00 00 00 00 00 00 00 00 00 00 00 00 00 00 00  ................ [zeros]
00005000:  00 00 00 00 00 00 C5 FE 2F 15 65 2B 87 1B 7E D9  ......../.e+..~.
00005010:  DB 0B BA 90 E2 CF C5 FE 2F 15 65 2B 87 1B 7E D9  ......../.e+..~.
00005020:  DB 0B BA 90 E2 CF DB 53 93 71 CD 91 23 BD 0E FD  .......S.q..#...
00005030:  A7 AF 80 9D 29 EF 56 E8 0C EA 8A EF DF F4 75 BA  ....).V.......u.
00005040:  B2 B8 56 D9 D8 90 09 91 81 1C 68 73 81 AB 71 50  ..V.......hs..qP
00005050:  3F A0 BC AD D4 08 CB 18 64 FB EF 80 94 AA AC 5C  ?.......d......\
00005060:  5B 32 52 21 84 FC 47 F3 EC C5 6D C6 24 4E E2 56  [2R!..G...m.$N.V
00005070:  B4 98 33 7D 8C 28 67 3B 8D A0 E6 AE A9 45 9C FD  ..3}.(g;.....E..
00005080:  42 48 B6 12 FE BB 40 76 77 06 77 E5 B9 F2 AC 30  BH....@vw.w....0
00005090:  06 8E CB 8D 75 BC 00 00 00 00 00 00 00 00 00 00  ....u...........
000050A0:  00 00 00 00 00 00 00 00 00 00 00 00 00 00 00 00  ................ [zeros]
000050B0:  00 00 00 00 00 00 00 00 00 00 00 00 00 00 00 00  ................ [zeros]
000050C0:  00 00 00 00 00 00 00 00 00 00 00 00 00 00 00 00  ................ [zeros]
000050D0:  00 00 00 00 00 00 00 00 00 00 00 00 00 00 00 00  ................ [zeros]
000050E0:  00 00 00 00 00 00 00 00 00 00 00 00 00 00 00 00  ................ [zeros]
000050F0:  00 00 00 00 00 00 00 00 00 00 00 00 00 00 00 00  ................ [zeros]
00005100:  00 00 00 00 00 00 00 00 00 00 00 00 00 00 00 00  ................ [zeros]
00005110:  00 00 00 00 00 00 00 00 00 00 00 00 00 00 00 00  ................ [zeros]
00005120:  00 00 00 00 00 00 00 00 00 00 00 00 00 00 00 00  ................ [zeros]
00005130:  00 00 00 00 00 00 00 00 00 00 00 00 00 00 00 00  ................ [zeros]
00005140:  00 00 00 00 00 00 F3 52 E1 A0 5D 54 23 B2 EE 28  .......R..]T#..(
00005150:  77 CA CA 0E 5B 5A 32 8C 31 87 B5 73 AD CB 56 BC  w...[Z2.1..s..V.
00005160:  86 0C CD C8 F7 44 A0 51 F1 22 98 41 6C A9 6C 74  .....D.Q.".Al.lt
00005170:  86 5C 05 C6 F4 E7 57 BF C3 C8 F4 C4 AB 6C E0 6C  .\....W......l.l
00005180:  9F 1D 6D B8 0D 64 6F 01 5E 77 19 9E A8 F4 DA 0F  ..m..do.^w......
00005190:  E2 2A 9B A7 3F 33 66 8C 79 06 6D 7D 5A 29 80 51  .*..?3f.y.m}Z).Q
000051A0:  5D 33 A0 A5 C3 16 59 E2 32 90 E9 B5 23 1A E8 81  ]3....Y.2...#...
000051B0:  E5 1D BE 51 2D 5B E9 B5 FA BD 58 02 D1 F1 1F 97  ...Q-[....X.....
000051C0:  6C 29 6E 6D DA DB 70 33 7C 92 C2 E6 4B ED 1C 78  l)nm..p3|...K..x
000051D0:  95 BA 93 BA FB 07 D4 08 1F FC A2 60 D2 9E B7 05  ...........`....
000051E0:  AE 2B 65 8B D2 18 94 D9 67 B9 1F 9E 58 B8 A2 AF  .+e.....g...X...
000051F0:  50 0A 01 22 A8 A4 5B D0 6B 79 81 DD 96 C0 39 5C  P.."..[.ky....9\
00005200:  49 17 09 9B 62 0E B4 A9 FA 75 AE 5E 96 05 2B FA  I...b....u.^..+.
00005210:  D2 C1 FB B7 1E 57 F7 45 A8 54 F1 3C B1 47 81 DA  .....W.E.T.<.G..
00005220:  F6 BD FD E4 32 82 4A 4C E6 59 FF AB 3E 04 E7 EC  ....2.JL.Y..>...
00005230:  E9 CA 2D 29 23 65 92 90 09 57 BE 08 2A EE AD F3  ..-)#e...W..*...
00005240:  D4 1A 50 63 C9 69 27 58 5E 6D C0 15 2C B5 74 6B  ..Pc.i'X^m..,.tk
00005250:  EB 85 11 95 8B 35 50 06 E7 9C EC 1C 43 5C F5 BE  .....5P.....C\..
00005260:  F6 B5 47 0A 14 3D B5 4D 24 51 41 74 FF 48 BE 58  ..G..=.M$QAt.H.X
00005270:  27 6A F1 0A 9D 55 32 8C 31 87 B5 73 AD CB 56 BC  'j...U2.1..s..V.
00005280:  86 0C CD C8 F7 44 00 00 00 00 00 00 00 00 00 00  .....D..........
00005290:  00 00 00 00 00 00 CA 06 B3 61 65 B1 56 B4 50 3E  .........ae.V.P>
000052A0:  A2 29 5C 3F 0E 24 F7 45 A8 54 F1 3C B1 47 81 DA  .)\?.$.E.T.<.G..
000052B0:  F6 BD FD E4 32 82 4A 4C E6 59 FF AB 3E 04 E7 EC  ....2.JL.Y..>...
000052C0:  E9 CA 2D 29 23 65 00 00 00 00 00 00 00 00 00 00  ..-)#e..........
000052D0:  00 00 00 00 00 00 00 00 00 00 00 00 00 00 00 00  ................ [zeros]
000052E0:  00 00 00 00 00 00 00 00 00 00 00 00 00 00 00 00  ................ [zeros]
000052F0:  00 00 00 00 00 00 00 00 00 00 00 00 00 00 00 00  ................ [zeros]
00005300:  00 00 00 00 00 00 00 00 00 00 00 00 00 00 00 00  ................ [zeros]
00005310:  00 00 00 00 00 00 00 00 00 00 00 00 00 00 00 00  ................ [zeros]
00005320:  00 00 00 00 00 00 00 00 00 00 00 00 00 00 00 00  ................ [zeros]
00005330:  00 00 00 00 00 00 00 00 00 00 00 00 00 00 00 00  ................ [zeros]
00005340:  00 00 00 00 00 00 00 00 00 00 00 00 00 00 00 00  ................ [zeros]
00005350:  00 00 00 00 00 00 00 00 00 00 00 00 00 00 00 00  ................ [zeros]
00005360:  00 00 00 00 00 00 00 00 00 00 00 00 00 00 00 00  ................ [zeros]
00005370:  00 00 00 00 00 00 00 00 00 00 00 00 00 00 00 00  ................ [zeros]
00005380:  00 00 00 00 00 00 00 00 00 00 00 00 00 00 00 00  ................ [zeros]
00005390:  00 00 00 00 00 00 CC 98 5A 41 1F F6 1E A3 3F 64  ........ZA....?d
000053A0:  9D DC D0 55 2E 66 6B B8 B3 4D C6 84 F8 4A CA DC  ...U.fk..M...J..
000053B0:  B7 AE 59 62 99 1B F9 8C A4 78 10 72 4B 63 3E D2  ..Yb.....x.rKc>.
000053C0:  22 78 D9 5F 86 2C CC 98 5A 41 1F F6 1E A3 3F 64  "x._.,..ZA....?d
000053D0:  9D DC D0 55 2E 66 6B B8 B3 4D C6 84 F8 4A CA DC  ...U.fk..M...J..
000053E0:  B7 AE 59 62 99 1B F9 8C A4 78 10 72 4B 63 3E D2  ..Yb.....x.rKc>.
000053F0:  22 78 D9 5F 86 2C CC 98 5A 41 1F F6 1E A3 3F 64  "x._.,..ZA....?d
00005400:  9D DC D0 55 2E 66 56 91 76 68 CE 5A 28 44 E7 29  ...U.fV.vh.Z(D.)
00005410:  E7 C9 3A 1B FD 35 94 D9 67 B9 1F 9E 58 B8 A2 AF  ..:..5..g...X...
00005420:  50 0A 01 22 A8 A4 E6 C8 34 6C 67 91 60 7D 85 83  P.."....4lg.`}..
00005430:  1E FE 7A 2A 1F 22 05 C7 77 B2 85 64 F0 13 93 8D  ..z*."..w..d....
00005440:  5F CF 84 94 DF 1D EE C8 64 EA 62 C0 75 47 4A 73  _.......d.b.uGJs
00005450:  C6 9F 7A 25 4E CF B5 4D 24 51 41 74 FF 48 BE 58  ..z%N..M$QAt.H.X
00005460:  27 6A F1 0A 9D 55 00 00 00 00 00 00 00 00 00 00  'j...U..........
00005470:  00 00 00 00 00 00 92 90 09 57 BE 08 2A EE AD F3  .........W..*...
00005480:  D4 1A 50 63 C9 69 00 00 00 00 00 00 00 00 00 00  ..Pc.i..........
00005490:  00 00 00 00 00 00 CA 06 B3 61 65 B1 56 B4 50 3E  .........ae.V.P>
000054A0:  A2 29 5C 3F 0E 24 50 06 E7 9C EC 1C 43 5C F5 BE  .)\?.$P.....C\..
000054B0:  F6 B5 47 0A 14 3D 00 00 00 00 00 00 00 00 00 00  ..G..=..........
000054C0:  00 00 00 00 00 00 4A 4C E6 59 FF AB 3E 04 E7 EC  ......JL.Y..>...
000054D0:  E9 CA 2D 29 23 65 32 8C 31 87 B5 73 AD CB 56 BC  ..-)#e2.1..s..V.
000054E0:  86 0C CD C8 F7 44 00 00 00 00 00 00 00 00 00 00  .....D..........
000054F0:  00 00 00 00 00 00 27 58 5E 6D C0 15 2C B5 74 6B  ......'X^m..,.tk
00005500:  EB 85 11 95 8B 35 00 00 00 00 00 00 00 00 00 00  .....5..........
00005510:  00 00 00 00 00 00 F7 45 A8 54 F1 3C B1 47 81 DA  .......E.T.<.G..
00005520:  F6 BD FD E4 32 82 B5 4D 24 51 41 74 FF 48 BE 58  ....2..M$QAt.H.X
00005530:  27 6A F1 0A 9D 55 00 00 00 00 00 00 00 00 00 00  'j...U..........
00005540:  00 00 00 00 00 00 92 90 09 57 BE 08 2A EE AD F3  .........W..*...
00005550:  D4 1A 50 63 C9 69 00 00 00 00 00 00 00 00 00 00  ..Pc.i..........
00005560:  00 00 00 00 00 00 CA 06 B3 61 65 B1 56 B4 50 3E  .........ae.V.P>
00005570:  A2 29 5C 3F 0E 24 50 06 E7 9C EC 1C 43 5C F5 BE  .)\?.$P.....C\..
00005580:  F6 B5 47 0A 14 3D 00 00 00 00 00 00 00 00 00 00  ..G..=..........
00005590:  00 00 00 00 00 00 4A 4C E6 59 FF AB 3E 04 E7 EC  ......JL.Y..>...
000055A0:  E9 CA 2D 29 23 65 32 8C 31 87 B5 73 AD CB 56 BC  ..-)#e2.1..s..V.
000055B0:  86 0C CD C8 F7 44 00 00 00 00 00 00 00 00 00 00  .....D..........
000055C0:  00 00 00 00 00 00 27 58 5E 6D C0 15 2C B5 74 6B  ......'X^m..,.tk
000055D0:  EB 85 11 95 8B 35 00 00 00 00 00 00 00 00 00 00  .....5..........
000055E0:  00 00 00 00 00 00 F7 45 A8 54 F1 3C B1 47 81 DA  .......E.T.<.G..
000055F0:  F6 BD FD E4 32 82 B5 4D 24 51 41 74 FF 48 BE 58  ....2..M$QAt.H.X
00005600:  27 6A F1 0A 9D 55 00 00 00 00 00 00 00 00 00 00  'j...U..........
00005610:  00 00 00 00 00 00 00 00 00 00 00 00 00 00 00 00  ................ [zeros]
00005620:  00 00 00 00 00 00 00 00 00 00 00 00 00 00 00 00  ................ [zeros]
00005630:  00 00 00 00 00 00 00 00 00 00 00 00 00 00 00 00  ................ [zeros]
00005640:  00 00 00 00 00 00 00 00 00 00 00 00 00 00 00 00  ................ [zeros]
00005650:  00 00 00 00 00 00 00 00 00 00 00 00 00 00 00 00  ................ [zeros]
00005660:  00 00 00 00 00 00 9E E0 8F 44 89 05 4B 3F 64 DA  .........D..K?d.
00005670:  17 7B E6 86 C7 49 4A 37 58 02 5D 00 B3 D9 EB 62  .{...IJ7X.]....b
00005680:  C7 04 27 D2 71 74 7A 76 74 5F 77 CC 24 69 09 5B  ..'.qtzvt_w.$i.[
00005690:  D0 C1 6C 1F 3A 5A 4A 37 58 02 5D 00 B3 D9 EB 62  ..l.:ZJ7X.]....b
000056A0:  C7 04 27 D2 71 74 2E 84 D9 F7 C2 D6 2A 0D E3 81  ..'.qt......*...
000056B0:  25 3F 13 D6 12 63 F1 00 46 D8 B9 53 44 34 F7 C9  %?...c..F..SD4..
000056C0:  60 EA 12 54 93 50 84 EE 23 DE FD B1 4E 5E CC 48  `..T.P..#...N^.H
000056D0:  05 77 1B 91 72 5F AD 70 0B 0B 27 CB D6 F1 B2 A7  .w..r_.p..'.....
000056E0:  3A 6F 84 2A 83 3C F4 C5 65 34 0E 76 2A 9D 4F 18  :o.*.<..e4.v*.O.
000056F0:  75 88 0E 1F BC 65 00 00 00 00 00 00 00 00 00 00  u....e..........
00005700:  00 00 00 00 00 00 CC 02 79 83 33 3B C3 73 DA 3F  ........y.3;.s.?
00005710:  12 82 63 27 9C 0B B4 08 95 20 BC 19 85 D5 CA 1C  ..c'..... ......
00005720:  02 7E D2 8D 17 D7 B4 3C EE F1 7A 77 00 69 95 7F  .~.....<..zw.i..
00005730:  AB 7D 68 56 07 6C F8 8D D2 5E F8 DD 41 16 4B 11  .}hV.l...^..A.K.
00005740:  85 7B A2 09 E8 A7 CF 2D E4 C5 3E 62 86 27 25 4F  .{.....-..>b.'%O
00005750:  D6 D7 27 D3 95 33 55 02 39 BF 84 1D 96 EB A6 4B  ..'..3U.9......K
00005760:  3D BF 48 B0 AC 50 FE BA 4C F8 D0 75 63 6A B9 81  =.H..P..L..ucj..
00005770:  CC DC 10 E7 48 93 3C CC A4 09 A7 41 2E DA 25 E9  ....H.<....A..%.
00005780:  76 CD FB 46 10 6C 00 00 00 00 00 00 00 00 00 00  v..F.l..........
00005790:  00 00 00 00 00 00 00 00 00 00 00 00 00 00 00 00  ................ [zeros]
000057A0:  00 00 00 00 00 00 00 00 00 00 00 00 00 00 00 00  ................ [zeros]
000057B0:  00 00 00 00 00 00 00 00 00 00 00 00 00 00 00 00  ................ [zeros]
000057C0:  00 00 00 00 00 00 00 00 00 00 00 00 00 00 00 00  ................ [zeros]
000057D0:  00 00 00 00 00 00 00 00 00 00 00 00 00 00 00 00  ................ [zeros]
000057E0:  00 00 00 00 00 00 00 00 00 00 00 00 00 00 00 00  ................ [zeros]
000057F0:  00 00 00 00 00 00 A7 39 98 80 97 0B 00 C9 0B 3C  .......9.......<
00005800:  EA 18 E3 6F CC 44 35 70 9A 4A E7 B4 9C 09 B8 6D  ...o.D5p.J.....m
00005810:  BB 19 EE 31 B0 9F E6 93 47 D2 91 A1 C1 5D 00 75  ...1....G....].u
00005820:  F7 51 16 93 29 BB CF CB 58 00 63 2E 47 7F 07 93  .Q..)...X.c.G...
00005830:  54 7E 4D 11 94 37 3E 8F 76 23 41 56 78 E7 30 C7  T~M..7>.v#AVx.0.
00005840:  42 68 E9 16 FA 0F D2 73 BB 10 A5 92 AD 4B 05 A7  Bh.....s.....K..
00005850:  BD 60 6E DC 59 94 38 D4 5E 03 E8 86 E7 42 79 47  .`n.Y.8.^....ByG
00005860:  C9 A6 0B DB 6F A4 6D AD D9 83 9B DE 90 9F 51 6D  ....o.m.......Qm
00005870:  48 33 61 D8 E7 05 F8 25 BA E2 48 F5 6C CC 64 C1  H3a....%..H.l.d.
00005880:  E2 57 41 BE 96 E2 50 53 AA 35 62 43 6A 79 7B 8E  .WA...PS.5bCjy{.
00005890:  8B 43 EF 7F 0B 1B 32 E9 AE 36 C9 50 9F 06 17 CD  .C....2..6.P....
000058A0:  E8 E9 12 8C AB 88 0D CE B3 F2 88 BF F4 F3 AA 06  ................
000058B0:  87 E7 9B 85 96 3C 81 B4 37 81 98 AA EC C4 02 85  .....<..7.......
000058C0:  5D E1 DC 36 89 45 FC 24 DC 9A D3 E0 79 7E 07 1F  ]..6.E.$....y~..
000058D0:  A8 D5 9B D0 8D E6 48 7E 82 52 F9 49 46 D9 FE A0  ......H~.R.IF...
000058E0:  37 FD DE 1F AB BD A6 A4 17 DC C8 04 7F FE 01 48  7..............H
000058F0:  32 75 7D F2 98 A2 E6 B5 19 15 F3 9D 29 6F 81 91  2u}.........)o..
00005900:  17 06 C2 92 D8 8F A9 B2 A4 52 7F 8E 4B F9 C0 A7  .........R..K...
00005910:  2C 7F 7C 4B 53 CC 47 55 AD 74 D3 EB A6 EE 01 60  ,.|KS.GU.t.....`
00005920:  CD 28 DD F5 CF E6 FB E1 80 70 75 8A 83 E7 BE 9C  .(.......pu.....
00005930:  29 A6 D3 3B 82 9D 07 2D 88 91 B1 1F F7 1F 93 8C  )..;...-........
00005940:  0A 0D 7E E5 BC E4 32 33 0C 63 C1 5A B0 08 4C 90  ..~...23.c.Z..L.
00005950:  47 12 AA 37 7A 67 DE 07 B2 40 EB 41 59 27 D2 B4  G..7zg...@.AY'..
00005960:  79 54 1D EA 15 E3 B2 16 85 95 8E 1E 03 73 ED F3  yT...........s..
00005970:  51 16 11 9C 5E 7A 78 6D 75 B8 07 29 88 DD 45 4A  Q...^zxmu..)..EJ
00005980:  AD A8 21 E5 A8 37 43 42 DC 58 BE 59 EB 8C D0 76  ..!..7CB.X.Y...v
00005990:  AF AE F5 6B FE D9 DD 91 6F 44 DB 14 DD 0F FF 27  ...k....oD.....'
000059A0:  85 59 D2 54 87 DC 00 00 00 00 00 00 00 00 00 00  .Y.T............
000059B0:  00 00 00 00 00 00 00 00 00 00 00 00 00 00 00 00  ................ [zeros]
000059C0:  00 00 00 00 00 00 00 00 00 00 00 00 00 00 00 00  ................ [zeros]
000059D0:  00 00 00 00 00 00 00 00 00 00 00 00 00 00 00 00  ................ [zeros]
000059E0:  00 00 00 00 00 00 00 00 00 00 00 00 00 00 00 00  ................ [zeros]
000059F0:  00 00 00 00 00 00 00 00 00 00 00 00 00 00 00 00  ................ [zeros]
00005A00:  00 00 00 00 00 00 00 00 00 00 00 00 00 00 00 00  ................ [zeros]
00005A10:  00 00 00 00 00 00 48 26 EF 92 AE 1B D0 FC 2F C0  ......H&....../.
00005A20:  67 C4 A6 AC 45 E0 1A 5A 81 E2 D7 80 E4 3E BD CD  g...E..Z.....>..
00005A30:  68 5B AF 60 21 0F 04 57 31 BF 6C 8F 08 E8 8F 49  h[.`!..W1.l....I
00005A40:  EA 58 6E F3 75 5B DB 3A 22 9D 36 EB 2C 3F 7A 98  .Xn.u[.:".6.,?z.
00005A50:  0B E0 E7 03 BE D1 A4 AA 3D 3F AE 5B 69 B8 4E 2E  ........=?.[i.N.
00005A60:  6F FF AC BB 5D 5E 87 E1 CD 30 A8 B2 DF 6C 32 AF  o...]^...0...l2.
00005A70:  FE B7 4E B6 53 F0 7F 57 F7 30 7D 21 F5 D5 DD 19  ..N.S..W.0}!....
00005A80:  2E 06 50 87 95 D0 AC BF 0C 0A 13 99 A8 65 F9 3C  ..P..........e.<
00005A90:  32 F3 D3 2C F8 39 74 81 68 6B A3 A1 95 77 A3 0A  2..,.9t.hk...w..
00005AA0:  34 DE F8 56 A6 6C 20 90 C6 84 D9 64 AD 1B DE 1B  4..V.l ....d....
00005AB0:  59 AF AD 47 7B 99 04 7B 14 AA CE 0D 09 CF 4D 31  Y..G{..{......M1
00005AC0:  47 E1 F6 36 CF C3 00 00 00 00 00 00 00 00 00 00  G..6............
00005AD0:  00 00 00 00 00 00 14 CE 9E 0F 6C A3 A8 AC A4 52  ..........l....R
00005AE0:  B5 58 AE 7B A8 91 33 DD 82 35 5E 8D 13 6B E5 4A  .X.{..3..5^..k.J
00005AF0:  C6 53 EE D7 6A 7A 00 00 00 00 00 00 00 00 00 00  .S..jz..........
00005B00:  00 00 00 00 00 00 00 00 00 00 00 00 00 00 00 00  ................ [zeros]
00005B10:  00 00 00 00 00 00 00 00 00 00 00 00 00 00 00 00  ................ [zeros]
00005B20:  00 00 00 00 00 00 00 00 00 00 00 00 00 00 00 00  ................ [zeros]
00005B30:  00 00 00 00 00 00 00 00 00 00 00 00 00 00 00 00  ................ [zeros]
00005B40:  00 00 00 00 00 00 00 00 00 00 00 00 00 00 00 00  ................ [zeros]
00005B50:  00 00 00 00 00 00 00 00 00 00 00 00 00 00 00 00  ................ [zeros]
00005B60:  00 00 00 00 00 00 00 00 00 00 00 00 00 00 00 00  ................ [zeros]
00005B70:  00 00 00 00 00 00 00 00 00 00 00 00 00 00 00 00  ................ [zeros]
00005B80:  00 00 00 00 00 00 00 00 00 00 00 00 00 00 00 00  ................ [zeros]
00005B90:  00 00 00 00 00 00 00 00 00 00 00 00 00 00 00 00  ................ [zeros]
00005BA0:  00 00 00 00 00 00 00 00 00 00 00 00 00 00 00 00  ................ [zeros]
00005BB0:  00 00 00 00 00 00 00 00 00 00 00 00 00 00 00 00  ................ [zeros]
00005BC0:  00 00 00 00 00 00 00 00 00 00 00 00 00 00 00 00  ................ [zeros]
00005BD0:  00 00 00 00 00 00 1E 41 62 2A 99 F1 B6 D5 85 FD  .......Ab*......
00005BE0:  55 4D FA 0A 8E 9C 00 00 00 00 00 00 00 00 00 00  UM..............
00005BF0:  00 00 00 00 00 00 79 79 D0 AA 67 9D E2 83 A3 35  ......yy..g....5
00005C00:  68 65 6B C8 9B AE 3B 07 0B C9 BF 68 C5 3C C8 6B  hek...;....h.<.k
00005C10:  00 53 ED 7D B4 41 C0 79 F7 C2 E3 6A B6 4D E1 3A  .S.}.A.y...j.M.:
00005C20:  47 FD 71 86 1A 48 5B D0 6B 79 81 DD 96 C0 39 5C  G.q..H[.ky....9\
00005C30:  49 17 09 9B 62 0E 18 24 87 8B 03 2F D5 07 A1 BB  I...b..$.../....
00005C40:  F9 24 C0 60 7A 20 40 09 1A 7C 8D 32 24 17 60 5D  .$.`z @..|.2$.`]
00005C50:  05 BB A8 57 DF 05 F3 2A 80 84 EF E6 3B 90 E9 1F  ...W...*....;...
00005C60:  3A 21 1A B0 CB AE 97 68 F9 24 8C AD 0E EB 94 CD  :!.....h.$......
00005C70:  27 AA EE 90 B9 D3 A7 26 3A E1 11 2B 98 63 0B AF  '......&:..+.c..
00005C80:  F1 1A F1 3C 95 18 03 78 01 46 5E 5F 20 E5 62 7D  ...<...x.F^_ .b}
00005C90:  EB 5B C8 E3 D4 73 06 82 ED 0A B0 FC FF C1 DC 5C  .[...s.........\
00005CA0:  B2 4D 24 25 2B 54 D7 9C 93 8A 0C 01 52 34 8A 45  .M$%+T......R4.E
00005CB0:  FE F9 28 7D 58 C4 07 F2 FE 18 0C C7 80 4A 8C 5C  ..(}X........J.\
00005CC0:  EE 60 E6 98 64 95 29 63 EC 99 E9 C6 80 67 98 60  .`..d.)c.....g.`
00005CD0:  E8 64 C6 D6 BD 69 09 FD F2 13 AB 05 67 4B 75 2B  .d...i......gKu+
00005CE0:  42 EE 72 D5 18 20 78 96 79 06 E8 26 04 9A 02 2D  B.r.. x.y..&...-
00005CF0:  DD 15 93 2C 5F 77 B2 9C D3 1A 2E 7D 1D 90 4E 28  ...,_w.....}..N(
00005D00:  58 9E 49 4F 55 26 25 EC A8 60 53 8E 76 E7 D3 A2  X.IOU&%..`S.v...
00005D10:  96 45 E3 30 31 AB BC B0 2A 81 DF 45 81 DB F8 77  .E.01...*..E...w
00005D20:  54 28 73 CE 30 DF 58 41 0D 55 A0 77 5F EC 02 9A  T(s.0.XA.U.w_...
00005D30:  1A 0B 70 F6 43 58 99 FF 6F 4E 1A C8 BD 86 DD 58  ..p.CX..oN.....X
00005D40:  7D 4A 7F 3F B8 B9 CF C7 05 A1 23 07 7D 5E E5 87  }J.?......#.}^..
00005D50:  E2 87 35 30 28 B5 47 A5 91 4F FA F6 02 AD B6 31  ..50(.G..O.....1
00005D60:  35 5C 71 B5 18 5B 1D 9E 71 B0 4D 7C 77 C2 2C 6B  5\q..[..q.M|w.,k
00005D70:  F5 0D 83 81 B2 C6 04 29 7D AF 72 BA F8 63 0D 62  .......)}.r..c.b
00005D80:  49 66 2D CC 3C D5 1E EB 64 19 E0 B4 49 5E F5 01  If-.<...d...I^..
00005D90:  A7 62 25 AB 5A F6 8E 6C 6C 05 89 D0 8D AE 90 69  .b%.Z..ll......i
00005DA0:  BD 5B 5F D0 04 19 D9 76 5A E3 85 1A E7 58 F7 B1  .[_....vZ....X..
00005DB0:  74 7B 1D 74 B4 82 AD 3D C1 9A 29 72 C1 CC BD F7  t{.t...=..)r....
00005DC0:  BC 1E 4B 93 28 03 C6 32 82 B3 82 8C 57 DD 8D 37  ..K.(..2....W..7
00005DD0:  B5 94 97 86 B8 5A 37 6E 89 30 3D 25 42 CD 1F 95  .....Z7n.0=%B...
00005DE0:  4D EA 86 B3 D5 EE 0D 7E 1B 61 DC A4 D3 5A 6C 6E  M......~.a...Zln
00005DF0:  31 51 73 1B C0 D0 29 49 4D 05 67 4D E6 B1 F5 60  1Qs...)IM.gM...`
00005E00:  82 6C 4B 5D CD 20 00 00 00 00 00 00 00 00 00 00  .lK]. ..........
00005E10:  00 00 00 00 00 00 00 00 00 00 00 00 00 00 00 00  ................ [zeros]
00005E20:  00 00 00 00 00 00 00 00 00 00 00 00 00 00 00 00  ................ [zeros]
00005E30:  00 00 00 00 00 00 00 00 00 00 00 00 00 00 00 00  ................ [zeros]
00005E40:  00 00 00 00 00 00 00 00 00 00 00 00 00 00 00 00  ................ [zeros]
00005E50:  00 00 00 00 00 00 00 00 00 00 00 00 00 00 00 00  ................ [zeros]
00005E60:  00 00 00 00 00 00 00 00 00 00 00 00 00 00 00 00  ................ [zeros]
00005E70:  00 00 00 00 00 00 00 00 00 00 00 00 00 00 00 00  ................ [zeros]
00005E80:  00 00 00 00 00 00 00 00 00 00 00 00 00 00 00 00  ................ [zeros]
00005E90:  00 00 00 00 00 00 00 00 00 00 00 00 00 00 00 00  ................ [zeros]
00005EA0:  00 00 00 00 00 00 00 00 00 00 00 00 00 00 00 00  ................ [zeros]
00005EB0:  00 00 00 00 00 00 00 00 00 00 00 00 00 00 00 00  ................ [zeros]
00005EC0:  00 00 00 00 00 00 00 00 00 00 00 00 00 00 00 00  ................ [zeros]
00005ED0:  00 00 00 00 00 00 00 00 00 00 00 00 00 00 00 00  ................ [zeros]
00005EE0:  00 00 00 00 00 00 FA 77 64 25 68 45 B2 23 F1 57  .......wd%hE.#.W
00005EF0:  6A E4 15 62 D4 5D 00 00 00 00 00 00 00 00 00 00  j..b.]..........
00005F00:  00 00 00 00 00 00 0D 77 83 E6 FB DA B4 9C 5E E5  .......w......^.
00005F10:  DF A3 D9 CA 33 5D DD D2 88 63 2F DD 9B 1A E2 BF  ....3]...c/.....
00005F20:  FF 7D 4C C3 5F BA 34 8A 9A D5 9A 04 35 B4 C8 D3  .}L._.4.....5...
00005F30:  86 7D F7 F6 84 C4 AC 34 E3 0E 95 4D EA 73 47 D0  .}.....4...M.sG.
00005F40:  59 51 8C EC 01 28 00 00 00 00 00 00 00 00 00 00  YQ...(..........
00005F50:  00 00 00 00 00 00 B7 07 E9 41 EE 07 55 45 14 F3  .........A..UE..
00005F60:  FF 37 93 ED A0 D1 BB 51 78 04 88 B7 EF 76 21 6F  .7.....Qx....v!o
00005F70:  9F 7B 46 32 36 BA 5D D0 FA 8C C0 A6 97 D3 19 FF  .{F26.].........
00005F80:  5A 78 0E 94 16 FA 02 7A 7D 94 D8 95 27 CF A3 97  Zx.....z}...'...
00005F90:  7A 25 04 03 39 58 A2 B1 AC 22 BC 72 77 D2 04 00  z%..9X...".rw...
00005FA0:  F9 48 2E A0 63 94 AF F2 ED 0E 79 FD B1 C8 2C BF  .H..c.....y...,.
00005FB0:  85 BF B5 C1 0E EC 8C C6 D8 5F 48 3F 34 24 11 81  ........._H?4$..
00005FC0:  91 4F 8D 18 1A EB 8F F5 4C 5E 01 F0 72 CD 7E 14  .O......L^..r.~.
00005FD0:  30 C6 6A E9 CE 57 99 09 97 0E A4 D0 94 50 B3 31  0.j..W.......P.1
00005FE0:  F1 91 57 95 DC F5 A0 00 FA AC 60 48 95 08 7D F5  ..W.......`H..}.
00005FF0:  C0 62 DF 91 98 78 46 4B 64 EF 57 D1 1F 9A 66 98  .b...xFKd.W...f.
00006000:  8D 06 CB F5 B5 38 A6 90 12 08 54 7E E5 53 EC 17  .....8....T~.S..
00006010:  41 97 5B DC 5E 0D 80 AA 22 96 93 F5 9C 10 01 15  A.[.^...".......
00006020:  7E 46 89 11 9D C3 2E 88 B2 C0 FD 9D C6 A3 5D 50  ~F............]P
00006030:  AB 34 7F 72 A9 1B 09 7E 96 DD 2E 30 8F 73 5D E6  .4.r...~...0.s].
00006040:  76 95 68 8D 22 97 77 3E E4 D3 D5 8D 6E 55 37 5E  v.h.".w>....nU7^
00006050:  DA 71 C4 20 E2 C8 B1 D3 D6 D8 A5 7E 92 A6 2A A5  .q. .......~..*.
00006060:  05 B5 23 7C A9 79 24 D2 95 92 E0 2C E4 16 67 15  ..#|.y$....,..g.
00006070:  6D 61 00 9C 40 63 46 FF 19 52 30 66 4A 7F F4 F2  ma..@cF..R0fJ...
00006080:  A1 7A B2 72 68 55 9B 07 FB 00 CB 1A AB 49 F6 7C  .z.rhU.......I.|
00006090:  33 14 EF 9D 05 A1 18 44 D9 BD 94 23 73 C5 92 77  3......D...#s..w
000060A0:  62 A4 5B FE 96 C1 C2 F3 0B A3 4C 9A DB 03 48 32  b.[.......L...H2
000060B0:  18 25 99 A7 97 AA 2E 84 2A 20 9C 3A 57 28 47 14  .%......* .:W(G.
000060C0:  A1 E2 46 77 24 45 81 D0 C1 38 B2 65 65 CE 38 C2  ..Fw$E...8.ee.8.
000060D0:  1B DD 62 84 98 52 2F 99 EE 40 18 4E 23 57 04 6B  ..b..R/..@.N#W.k
000060E0:  4A 28 AC 73 95 52 DE 2F 11 5F 05 2A BD FA 08 40  J(.s.R./._.*...@
000060F0:  CD 56 F4 C5 3C DC D0 D1 8F 69 5F 2A CD C3 8D C5  .V..<....i_*....
00006100:  7B D1 9F A4 8B AA 00 00 00 00 00 00 00 00 00 00  {...............
00006110:  00 00 00 00 00 00 00 00 00 00 00 00 00 00 00 00  ................ [zeros]
00006120:  00 00 00 00 00 00 00 00 00 00 00 00 00 00 00 00  ................ [zeros]
00006130:  00 00 00 00 00 00 00 00 00 00 00 00 00 00 00 00  ................ [zeros]
00006140:  00 00 00 00 00 00 FA E9 41 C0 2E 3E 4F F5 AD F8  ........A..>O...
00006150:  A5 CB 75 E1 DC 56 0E 6E 97 11 D6 02 5C C1 A0 74  ..u..V.n....\..t
00006160:  2B 0D D4 CD 77 FE 0D 76 3F 22 4B 4C D1 02 1E AF  +...w..v?"KL....
00006170:  08 CE 93 B5 FF 42 0B B0 4B 08 C0 23 C9 E9 17 01  .....B..K..#....
00006180:  80 16 51 5A 99 15 3B 8D D4 44 C7 01 37 7E A2 E6  ..QZ..;..D..7~..
00006190:  E8 5E F1 A1 0C 52 00 00 00 00 00 00 00 00 00 00  .^...R..........
000061A0:  00 00 00 00 00 00 00 00 00 00 00 00 00 00 00 00  ................ [zeros]
000061B0:  00 00 00 00 00 00 00 00 00 00 00 00 00 00 00 00  ................ [zeros]
000061C0:  00 00 00 00 00 00 00 00 00 00 00 00 00 00 00 00  ................ [zeros]
000061D0:  00 00 00 00 00 00 00 00 00 00 00 00 00 00 00 00  ................ [zeros]
000061E0:  00 00 00 00 00 00 00 00 00 00 00 00 00 00 00 00  ................ [zeros]
000061F0:  00 00 00 00 00 00 00 00 00 00 00 00 00 00 00 00  ................ [zeros]
00006200:  00 00 00 00 00 00 00 00 00 00 00 00 00 00 00 00  ................ [zeros]
00006210:  00 00 00 00 00 00 00 00 00 00 00 00 00 00 00 00  ................ [zeros]
00006220:  00 00 00 00 00 00 00 00 00 00 00 00 00 00 00 00  ................ [zeros]
00006230:  00 00 00 00 00 00 00 00 00 00 00 00 00 00 00 00  ................ [zeros]
00006240:  00 00 00 00 00 00 EB 77 D7 DA 6F EA 67 A0 69 B7  .......w..o.g.i.
00006250:  12 E6 A0 D9 31 EA 1D 97 6C F7 79 31 02 59 D5 3F  ....1...l.y1.Y.?
00006260:  AC 38 90 B6 82 B6 4D D1 90 EF A1 5F F3 D2 F9 74  .8....M...._...t
00006270:  F4 8B F5 7A 0D 8F 00 00 00 00 00 00 00 00 00 00  ...z............
00006280:  00 00 00 00 00 00 5B D0 6B 79 81 DD 96 C0 39 5C  ......[.ky....9\
00006290:  49 17 09 9B 62 0E 00 00 00 00 00 00 00 00 00 00  I...b...........
000062A0:  00 00 00 00 00 00 00 00 00 00 00 00 00 00 00 00  ................ [zeros]
000062B0:  00 00 00 00 00 00 00 00 00 00 00 00 00 00 00 00  ................ [zeros]
000062C0:  00 00 00 00 00 00 00 00 00 00 00 00 00 00 00 00  ................ [zeros]
000062D0:  00 00 00 00 00 00 00 00 00 00 00 00 00 00 00 00  ................ [zeros]
000062E0:  00 00 00 00 00 00 73 00 40 8E B9 EA 18 C0 53 E8  ......s.@.....S.
000062F0:  50 C9 18 55 48 39 00 00 00 00 00 00 00 00 00 00  P..UH9..........
00006300:  00 00 00 00 00 00 00 00 00 00 00 00 00 00 00 00  ................ [zeros]
00006310:  00 00 00 00 00 00 00 00 00 00 00 00 00 00 00 00  ................ [zeros]
00006320:  00 00 00 00 00 00 00 00 00 00 00 00 00 00 00 00  ................ [zeros]
00006330:  00 00 00 00 00 00 00 00 00 00 00 00 00 00 00 00  ................ [zeros]
00006340:  00 00 00 00 00 00 00 00 00 00 00 00 00 00 00 00  ................ [zeros]
00006350:  00 00 00 00 00 00 00 00 00 00 00 00 00 00 00 00  ................ [zeros]
00006360:  00 00 00 00 00 00 00 00 00 00 00 00 00 00 00 00  ................ [zeros]
00006370:  00 00 00 00 00 00 00 00 00 00 00 00 00 00 00 00  ................ [zeros]
00006380:  00 00 00 00 00 00 00 00 00 00 00 00 00 00 00 00  ................ [zeros]
00006390:  00 00 00 00 00 00 00 00 00 00 00 00 00 00 00 00  ................ [zeros]
000063A0:  00 00 00 00 00 00 00 00 00 00 00 00 00 00 00 00  ................ [zeros]
000063B0:  00 00 00 00 00 00 54 23 17 4C 40 6A 19 64 F5 A9  ......T#.L@j.d..
000063C0:  3D 80 58 44 3A 0A A4 E3 F1 E0 40 75 ED 71 F0 38  =.XD:.....@u.q.8
000063D0:  C5 96 DC 50 C4 4F 11 76 A4 89 BB 45 7A 91 C4 37  ...P.O.v...Ez..7
000063E0:  C6 71 68 A7 5C 29 0D 7E 1B 61 DC A4 D3 5A 6C 6E  .qh.\).~.a...Zln
000063F0:  31 51 73 1B C0 D0 00 00 00 00 00 00 00 00 00 00  1Qs.............
00006400:  00 00 00 00 00 00 00 00 00 00 00 00 00 00 00 00  ................ [zeros]
00006410:  00 00 00 00 00 00 00 00 00 00 00 00 00 00 00 00  ................ [zeros]
00006420:  00 00 00 00 00 00 00 00 00 00 00 00 00 00 00 00  ................ [zeros]
00006430:  00 00 00 00 00 00 00 00 00 00 00 00 00 00 00 00  ................ [zeros]
00006440:  00 00 00 00 00 00 40 FB 10 60 80 39 28 63 9A 2A  ......@..`.9(c.*
00006450:  49 F3 35 F4 48 80 22 E0 CA 5B BC 13 21 B8 22 6C  I.5.H."..[..!."l
00006460:  1E 02 46 8C F8 65 00 00 00 00 00 00 00 00 00 00  ..F..e..........
00006470:  00 00 00 00 00 00 00 00 00 00 00 00 00 00 00 00  ................ [zeros]
00006480:  00 00 00 00 00 00 00 00 00 00 00 00 00 00 00 00  ................ [zeros]
00006490:  00 00 00 00 00 00 00 00 00 00 00 00 00 00 00 00  ................ [zeros]
000064A0:  00 00 00 00 00 00 00 00 00 00 00 00 00 00 00 00  ................ [zeros]
000064B0:  00 00 00 00 00 00 00 00 00 00 00 00 00 00 00 00  ................ [zeros]
000064C0:  00 00 00 00 00 00 00 00 00 00 00 00 00 00 00 00  ................ [zeros]
000064D0:  00 00 00 00 00 00 00 00 00 00 00 00 00 00 00 00  ................ [zeros]
000064E0:  00 00 00 00 00 00 00 00 00 00 00 00 00 00 00 00  ................ [zeros]
000064F0:  00 00 00 00 00 00 00 00 00 00 00 00 00 00 00 00  ................ [zeros]
00006500:  00 00 00 00 00 00 00 00 00 00 00 00 00 00 00 00  ................ [zeros]
00006510:  00 00 00 00 00 00 3F CC CC 9D 70 25 DA E2 E2 25  ......?...p%...%
00006520:  1F 74 E3 04 89 C6 DC 08 3F 2C 22 51 F4 E4 A0 9B  .t......?,"Q....
00006530:  7F F4 4B 95 A5 24 A7 D2 74 B1 16 BB A8 29 46 0A  ..K..$..t....)F.
00006540:  06 45 2F 66 1C F8 39 EB E0 8F C7 D8 96 21 73 67  .E/f..9......!sg
00006550:  A0 4D D8 92 07 21 E4 0A DF 7B 38 EB 71 2A 78 9C  .M...!...{8.q*x.
00006560:  7C 92 DF BB 11 10 48 79 4D 66 7E AB 17 25 CA 42  |.....HyMf~..%.B
00006570:  B7 42 2A 77 17 FA C9 87 A2 E2 5D 0B 2D AD 00 11  .B*w......].-...
00006580:  26 63 A2 FD 88 28 66 31 CF 17 4D 17 3F D7 73 9E  &c...(f1..M.?.s.
00006590:  8F 3D 0F 94 F7 73 A6 FE F1 45 8E 2B 26 54 08 64  .=...s...E.+&T.d
000065A0:  30 CC 58 06 C7 F3 C9 D4 83 4F CF 38 F9 22 DE 48  0.X......O.8.".H
000065B0:  D8 12 04 BA 75 1A 60 9A ED 16 0A 29 F4 7E 61 5D  ....u.`....).~a]
000065C0:  56 7C CD 82 11 22 D0 66 A6 57 0E 1E E7 EE 11 C8  V|...".f.W......
000065D0:  02 C3 60 E1 D3 F3 D9 E9 BA 90 CB 8D 6B EE F6 5A  ..`.........k..Z
000065E0:  9B 7C F1 56 4D 9D C5 02 AA C1 B0 AB B6 80 87 06  .|.VM...........
000065F0:  EB 69 81 BA 39 D5 99 F3 69 8A 30 1A 2C 59 E4 7E  .i..9...i.0.,Y.~
00006600:  EF 93 4C 90 DD 48 AC 75 64 F5 E7 08 57 6E CB CD  ..L..H.ud...Wn..
00006610:  79 C0 A4 C6 41 C0 77 4E EF 52 AB 55 F8 41 5E F7  y...A.wN.R.U.A^.
00006620:  55 1D 90 03 82 29 30 58 E9 98 25 5F 8C B8 81 38  U....)0X..%_...8
00006630:  88 BE 0A 87 A3 37 A4 E3 F1 E0 40 75 ED 71 F0 38  .....7....@u.q.8
00006640:  C5 96 DC 50 C4 4F 4A EC FD 13 DF 07 9A 35 E2 B3  ...P.OJ......5..
00006650:  55 6A DD BC 74 70 86 C4 47 2F 9C DD 02 B9 DE 5A  Uj..tp..G/.....Z
00006660:  34 F7 7D F6 BC 7A F5 B3 43 2A 27 F5 FE 99 F3 BE  4.}..z..C*'.....
00006670:  C8 28 76 4B 13 6D 00 00 00 00 00 00 00 00 00 00  .(vK.m..........
00006680:  00 00 00 00 00 00 BB 2F 0E DC 84 1F 9B E2 8C F7  ......./........
00006690:  23 65 4F FF 77 0A 38 09 83 C2 F6 4B 6D E3 98 DB  #eO.w.8....Km...
000066A0:  A7 E4 31 FB 00 91 A1 C9 B7 D7 4B EA 94 20 33 12  ..1.......K.. 3.
000066B0:  05 74 DE B1 1D D0 00 00 00 00 00 00 00 00 00 00  .t..............
000066C0:  00 00 00 00 00 00 E3 15 AE 20 8D F9 98 D1 DF 33  ......... .....3
000066D0:  09 98 DF 2A E3 7B 71 CE 2D 52 47 50 0A CC E1 9E  ...*.{q.-RGP....
000066E0:  90 1B C9 AD 34 03 89 8D AA 99 C9 48 58 A8 1C 66  ....4......HX..f
000066F0:  89 4F 14 F4 C9 23 60 79 DA 32 51 23 C7 16 61 E2  .O...#`y.2Q#..a.
00006700:  E0 FA D6 40 F0 FE BF A4 DD 2B FB 75 DD 17 20 5B  ...@.....+.u.. [
00006710:  10 B5 AB D4 5F 8A DB 03 FB 09 A6 F2 C7 D6 19 5F  ...._.........._
00006720:  5A A1 17 6A B8 A5 00 00 00 00 00 00 00 00 00 00  Z..j............
00006730:  00 00 00 00 00 00 14 AB 6E E7 16 04 8A F1 F7 22  ........n......"
00006740:  57 E8 DE DF F1 10 20 38 D6 B1 CF 58 9D 14 75 00  W..... 8...X..u.
00006750:  A9 C1 98 FA FB E0 F5 B3 43 2A 27 F5 FE 99 F3 BE  ........C*'.....
00006760:  C8 28 76 4B 13 6D 00 00 00 00 00 00 00 00 00 00  .(vK.m..........
00006770:  00 00 00 00 00 00 BB 2F 0E DC 84 1F 9B E2 8C F7  ......./........
00006780:  23 65 4F FF 77 0A 09 2E 89 BA 64 02 97 BA 8E 32  #eO.w.....d....2
00006790:  C7 D9 B0 C0 4E 2B 00 00 00 00 00 00 00 00 00 00  ....N+..........
000067A0:  00 00 00 00 00 00 00 00 00 00 00 00 00 00 00 00  ................ [zeros]
000067B0:  00 00 00 00 00 00 00 00 00 00 00 00 00 00 00 00  ................ [zeros]
000067C0:  00 00 00 00 00 00 00 00 00 00 00 00 00 00 00 00  ................ [zeros]
000067D0:  00 00 00 00 00 00 00 00 00 00 00 00 00 00 00 00  ................ [zeros]
000067E0:  00 00 00 00 00 00 00 00 00 00 00 00 00 00 00 00  ................ [zeros]
000067F0:  00 00 00 00 00 00 00 00 00 00 00 00 00 00 00 00  ................ [zeros]
00006800:  00 00 00 00 00 00 00 00 00 00 00 00 00 00 00 00  ................ [zeros]
00006810:  00 00 00 00 00 00 00 00 00 00 00 00 00 00 00 00  ................ [zeros]
00006820:  00 00 00 00 00 00 00 00 00 00 00 00 00 00 00 00  ................ [zeros]
00006830:  00 00 00 00 00 00 00 00 00 00 00 00 00 00 00 00  ................ [zeros]
00006840:  00 00 00 00 00 00 00 00 00 00 00 00 00 00 00 00  ................ [zeros]
00006850:  00 00 00 00 00 00 00 00 00 00 00 00 00 00 00 00  ................ [zeros]
00006860:  00 00 00 00 00 00 99 9F 02 7A 96 DD 0D FD A0 59  .........z.....Y
00006870:  94 20 FE 8C 1B 7C 62 BC 3D 1A 72 C5 3A 31 F7 13  . ...|b.=.r.:1..
00006880:  A4 CA 0C A2 A8 E2 E7 9D 67 E4 96 4F DA A0 AB B0  ........g..O....
00006890:  E3 7C FA 01 9E 26 69 1E 13 1B EF 4E 7B 8C 36 D3  .|...&i....N{.6.
000068A0:  82 FB 5E 32 7A 99 00 00 00 00 00 00 00 00 00 00  ..^2z...........
000068B0:  00 00 00 00 00 00 F8 F3 6C C1 E0 15 E7 40 E4 B1  ........l....@..
000068C0:  AD 7C 29 76 B3 D8 55 9E AF F5 05 BB DF 0B C2 25  .|)v..U........%
000068D0:  AC 62 9E 9E 88 09 E5 5C 1D 49 BF E4 AA C1 F9 89  .b.....\.I......
000068E0:  9C F4 DC 60 68 43 0B FB 9D 43 3F E4 5F 34 24 1E  ...`hC...C?._4$.
000068F0:  70 64 02 F1 08 E4 FB 7B 70 69 10 20 2A 74 83 6B  pd.....{pi. *t.k
00006900:  86 88 EB BC B1 68 EC 78 A0 8B 84 96 FF D6 05 BE  .....h.x........
00006910:  19 57 33 B5 14 AA F1 4D 68 06 04 0B 24 BE 54 DA  .W3....Mh...$.T.
00006920:  0B E6 77 15 CB C8 38 D6 B3 F6 B9 72 3C A2 35 1E  ..w...8....r<.5.
00006930:  EF 98 1E 22 3B 18 6C 31 9D 7F 6E 8B A1 01 ED D2  ...";.l1..n.....
00006940:  7A A1 A5 B0 EF BB 7E 44 6C 0C E1 F5 79 3D 4D 8E  z.....~Dl...y=M.
00006950:  8A 08 D0 A2 17 E5 DC F9 F3 E7 74 BC FA 54 2D 33  ..........t..T-3
00006960:  EB D9 76 18 A1 99 F6 35 52 F9 F6 DC 7E DA CA 76  ..v....5R...~..v
00006970:  44 12 4F D3 02 77 66 F6 8F 4D D5 53 25 A6 1D DD  D.O..wf..M.S%...
00006980:  46 8C FF A6 46 54 C4 9E 7A F1 D5 17 DC 8B CA CA  F...FT..z.......
00006990:  10 6E 83 A5 1A 3D BF EB 4E 3C 43 51 08 D8 AD 94  .n...=..N<CQ....
000069A0:  CA 5D B2 32 5B C0 A8 0C AD 7B D1 44 D3 B4 B4 4B  .].2[....{.D...K
000069B0:  D0 C9 29 B9 A4 B6 01 2F 7F 30 2F 9D CF 76 B6 C7  ..)..../.0/..v..
000069C0:  14 02 62 0C 35 21 97 FB A3 1C 07 5A EF 54 47 4A  ..b.5!.....Z.TGJ
000069D0:  AC E1 BE F2 98 CF F8 7A 11 E5 0A 0D EF 02 44 77  .......z......Dw
000069E0:  69 C5 F2 CA E4 EC 00 00 00 00 00 00 00 00 00 00  i...............
000069F0:  00 00 00 00 00 00 00 00 00 00 00 00 00 00 00 00  ................ [zeros]
00006A00:  00 00 00 00 00 00 71 CE 2D 52 47 50 0A CC E1 9E  ......q.-RGP....
00006A10:  90 1B C9 AD 34 03 00 00 00 00 00 00 00 00 00 00  ....4...........
00006A20:  00 00 00 00 00 00 00 00 00 00 00 00 00 00 00 00  ................ [zeros]
00006A30:  00 00 00 00 00 00 59 D8 58 FC 6D E2 AE E3 83 50  ......Y.X.m....P
00006A40:  C9 9D F6 B2 BB 10 00 00 00 00 00 00 00 00 00 00  ................
00006A50:  00 00 00 00 00 00 00 00 00 00 00 00 00 00 00 00  ................ [zeros]
00006A60:  00 00 00 00 00 00 00 00 00 00 00 00 00 00 00 00  ................ [zeros]
00006A70:  00 00 00 00 00 00 40 17 EA B9 9A 7B EB 78 11 59  ......@....{.x.Y
00006A80:  86 10 44 46 96 DA 00 00 00 00 00 00 00 00 00 00  ..DF............
00006A90:  00 00 00 00 00 00 00 00 00 00 00 00 00 00 00 00  ................ [zeros]
00006AA0:  00 00 00 00 00 00 FB 1F 6A 2B 2B 6F 05 0B 2D E6  ........j++o..-.
00006AB0:  C5 F5 0F 10 A2 79 00 00 00 00 00 00 00 00 00 00  .....y..........
00006AC0:  00 00 00 00 00 00 00 00 00 00 00 00 00 00 00 00  ................ [zeros]
00006AD0:  00 00 00 00 00 00 42 94 C8 18 CA A0 B6 6E 6B 6F  ......B......nko
00006AE0:  06 B9 CD C2 0F 7B 00 00 00 00 00 00 00 00 00 00  .....{..........
00006AF0:  00 00 00 00 00 00 00 00 00 00 00 00 00 00 00 00  ................ [zeros]
00006B00:  00 00 00 00 00 00 37 25 05 C2 A3 9E 9B 58 19 2E  ......7%.....X..
00006B10:  32 29 10 95 A3 0A 00 00 00 00 00 00 00 00 00 00  2)..............
00006B20:  00 00 00 00 00 00 00 00 00 00 00 00 00 00 00 00  ................ [zeros]
00006B30:  00 00 00 00 00 00 00 00 00 00 00 00 00 00 00 00  ................ [zeros]
00006B40:  00 00 00 00 00 00 1D 96 9B 6A 35 33 5E BE 00 D7  .........j53^...
00006B50:  F0 66 F5 E8 3D CD 55 5F 11 03 D5 FB 08 55 DD DC  .f..=.U_.....U..
00006B60:  BB 34 C9 8C 4B E3 9C B5 49 10 AB 85 F2 DB DE 24  .4..K...I......$
00006B70:  BC 3F 0C 67 DD 00 CE F4 46 40 BD CC B9 8F 9E F5  .?.g....F@......
00006B80:  DA E9 3A 71 61 D4 58 A9 B1 64 12 5C E2 B3 3F 2D  ..:qa.X..d.\..?-
00006B90:  51 B3 91 AE EF 45 74 45 F8 C8 12 6C 3C 65 58 04  Q....EtE...l<eX.
00006BA0:  9C 6A 52 EE 76 A9 C9 A7 64 66 1F 14 F0 C4 0A C5  .jR.v...df......
00006BB0:  9F E5 97 37 66 23 01 2F 7F 30 2F 9D CF 76 B6 C7  ...7f#./.0/..v..
00006BC0:  14 02 62 0C 35 21 36 A8 31 9B 6A E7 96 88 97 EE  ..b.5!6.1.j.....
00006BD0:  54 17 73 EE 09 3B 9B 74 35 2B 1A 58 C4 C7 AC 2A  T.s..;.t5+.X...*
00006BE0:  D2 4D 54 08 65 D0 C2 E5 41 1D C0 BC AA FD A9 6F  .MT.e...A......o
00006BF0:  8C 47 39 8D 18 E0 21 54 F2 41 68 3D D0 84 70 6E  .G9...!T.Ah=..pn
00006C00:  7C 88 D5 32 7D B0 E6 8A 0E EC EC CC 50 92 38 70  |..2}.......P.8p
00006C10:  67 EF 95 52 02 64 BE BF 87 68 7B 39 E3 3C 5D 3B  g..R.d...h{9.<];
00006C20:  02 3D B4 82 38 49 1E F4 36 66 E7 0E 7A E1 B2 A2  .=..8I..6f..z...
00006C30:  0A 8C 5E 7A 99 B1 C2 97 C9 E5 F4 30 62 DF BD BF  ..^z.......0b...
00006C40:  40 97 78 43 2B 68 57 54 48 47 8A 71 5E C5 4D 05  @.xC+hWTHG.q^.M.
00006C50:  8A 96 93 63 47 C3 01 14 B5 C7 B6 33 4D 57 EF B6  ...cG......3MW..
00006C60:  94 4E 78 6B 3A 50 01 14 B5 C7 B6 33 4D 57 EF B6  .Nxk:P.....3MW..
00006C70:  94 4E 78 6B 3A 50 01 14 B5 C7 B6 33 4D 57 EF B6  .Nxk:P.....3MW..
00006C80:  94 4E 78 6B 3A 50 28 0D 62 F7 5E E8 F0 9E 55 61  .Nxk:P(.b.^...Ua
00006C90:  0E 94 1E D4 CB B1 74 2E 09 F4 2C 26 5B B3 D9 C1  ......t...,&[...
00006CA0:  B3 44 7B 8C BD 3A 74 2E 09 F4 2C 26 5B B3 D9 C1  .D{..:t...,&[...
00006CB0:  B3 44 7B 8C BD 3A 30 8B 00 2F FC 1B F2 D1 C4 9E  .D{..:0../......
00006CC0:  67 60 AC B9 46 CA 8F 9C F7 8F 2E 15 A8 39 C5 40  g`..F........9.@
00006CD0:  24 A8 EA 93 9F 24 47 9E 06 C4 B3 C0 17 B8 24 AF  $....$G.......$.
00006CE0:  7E AB A1 06 2E 0B 99 D8 69 1A 09 82 2C 76 4C C1  ~.......i...,vL.
00006CF0:  0E 84 BB E5 46 CC A2 44 97 32 EA 23 8A 67 33 BF  ....F..D.2.#.g3.
00006D00:  B1 ED 45 6E 68 4F 9A 1F F9 46 56 32 7D C3 63 DC  ..EnhO...FV2}.c.
00006D10:  37 CE EE B5 02 C0 52 E4 4F 3A D6 25 E3 C6 54 82  7.....R.O:.%..T.
00006D20:  95 33 B0 77 F4 A9 0F 31 A4 1E 98 24 A4 AC EE A9  .3.w...1...$....
00006D30:  73 05 0C A8 3C 97 0F 31 A4 1E 98 24 A4 AC EE A9  s...<..1...$....
00006D40:  73 05 0C A8 3C 97 0F 31 A4 1E 98 24 A4 AC EE A9  s...<..1...$....
00006D50:  73 05 0C A8 3C 97 8B 81 E6 9E 72 F4 87 14 CC 74  s...<.....r....t
00006D60:  08 3A F4 A0 44 45 70 A0 53 0F 28 49 6F 06 83 34  .:..DEp.S.(Io..4
00006D70:  62 E1 6C 44 3E 42 DB 63 8A 20 CB 6E 77 9C 4B 6A  b.lD>B.c. .nw.Kj
00006D80:  54 E8 04 28 B1 02 4B 90 4A 57 ED A7 EC B6 E9 5B  T..(..K.JW.....[
00006D90:  F0 76 D4 F6 B8 07 FC 94 43 F1 D5 74 96 89 CA D3  .v......C..t....
00006DA0:  8B 22 09 3B B1 DB FA C2 ED 10 9C F4 C6 9C 2B E2  .".;..........+.
00006DB0:  05 86 37 C2 6D E4 E5 AA 14 4C 8B CE 4C 29 7A 87  ..7.m....L..L)z.
00006DC0:  C1 72 AB 87 0F B9 82 7B D4 80 7C 79 BF BC 9B 30  .r.....{..|y...0
00006DD0:  7F C1 F6 8E 83 13 95 69 80 9E 9A 2A A8 99 1D 91  .......i...*....
00006DE0:  A7 BF 3C 54 AC F8 8B 81 E6 9E 72 F4 87 14 CC 74  ..<T......r....t
00006DF0:  08 3A F4 A0 44 45 70 A0 53 0F 28 49 6F 06 83 34  .:..DEp.S.(Io..4
00006E00:  62 E1 6C 44 3E 42 DB 63 8A 20 CB 6E 77 9C 4B 6A  b.lD>B.c. .nw.Kj
00006E10:  54 E8 04 28 B1 02 4B 90 4A 57 ED A7 EC B6 E9 5B  T..(..K.JW.....[
00006E20:  F0 76 D4 F6 B8 07 FC 94 43 F1 D5 74 96 89 CA D3  .v......C..t....
00006E30:  8B 22 09 3B B1 DB FA C2 ED 10 9C F4 C6 9C 2B E2  .".;..........+.
00006E40:  05 86 37 C2 6D E4 79 58 90 F2 49 E1 7B 8C 71 CC  ..7.m.yX..I.{.q.
00006E50:  2A 8A 56 2D 8C DE 71 BC A1 B2 E4 FE 90 0C EF 39  *.V-..q........9
00006E60:  AD E0 2B D0 DE 99 A3 0F 06 00 61 E2 E6 13 DA 1C  ..+.......a.....
00006E70:  A8 5D C6 BF 62 CF 07 FE E8 75 D2 0E 18 B3 BE C1  .]..b....u......
00006E80:  DB 56 EC 93 42 49 A7 39 98 80 97 0B 00 C9 0B 3C  .V..BI.9.......<
00006E90:  EA 18 E3 6F CC 44 00 00 00 00 00 00 00 00 00 00  ...o.D..........
00006EA0:  00 00 00 00 00 00 00 00 00 00 00 00 00 00 00 00  ................ [zeros]
00006EB0:  00 00 00 00 00 00 00 00 00 00 00 00 00 00 00 00  ................ [zeros]
00006EC0:  00 00 00 00 00 00 00 00 00 00 00 00 00 00 00 00  ................ [zeros]
00006ED0:  00 00 00 00 00 00 00 00 00 00 00 00 00 00 00 00  ................ [zeros]
00006EE0:  00 00 00 00 00 00 67 BE BA E9 36 86 B1 DC 6E 00  ......g...6...n.
00006EF0:  CB FB F1 5D 25 94 F3 DB F9 D7 E9 F0 F1 49 41 90  ...]%........IA.
00006F00:  51 F9 36 F2 37 2F 0D 97 1F 29 84 03 F9 57 CB BC  Q.6.7/...)...W..
00006F10:  5D 03 56 D4 2B AD 32 66 6B 63 35 17 D7 6E C8 84  ].V.+.2fkc5..n..
00006F20:  25 DA AE 59 B5 A5 00 00 00 00 00 00 00 00 00 00  %..Y............
00006F30:  00 00 00 00 00 00 00 00 00 00 00 00 00 00 00 00  ................ [zeros]
00006F40:  00 00 00 00 00 00 00 00 00 00 00 00 00 00 00 00  ................ [zeros]
00006F50:  00 00 00 00 00 00 00 00 00 00 00 00 00 00 00 00  ................ [zeros]
00006F60:  00 00 00 00 00 00 00 00 00 00 00 00 00 00 00 00  ................ [zeros]
00006F70:  00 00 00 00 00 00 00 00 00 00 00 00 00 00 00 00  ................ [zeros]
00006F80:  00 00 00 00 00 00 00 00 00 00 00 00 00 00 00 00  ................ [zeros]
00006F90:  00 00 00 00 00 00 00 00 00 00 00 00 00 00 00 00  ................ [zeros]
00006FA0:  00 00 00 00 00 00 00 00 00 00 00 00 00 00 00 00  ................ [zeros]
00006FB0:  00 00 00 00 00 00 00 00 00 00 00 00 00 00 00 00  ................ [zeros]
00006FC0:  00 00 00 00 00 00 00 00 00 00 00 00 00 00 00 00  ................ [zeros]
00006FD0:  00 00 00 00 00 00 E9 B0 CE D2 F3 12 99 62 25 46  .............b%F
00006FE0:  35 62 BC 14 17 53 94 81 C5 54 6E EF 7B B3 84 E2  5b...S...Tn.{...
00006FF0:  B8 3B 82 DF 16 4D A4 E3 F1 E0 40 75 ED 71 F0 38  .;...M....@u.q.8
00007000:  C5 96 DC 50 C4 4F AE 5D BB FA 16 52 31 0C 3C 27  ...P.O.]...R1.<'
00007010:  34 52 56 27 23 EE 20 C2 F5 50 EF 2D 2B 5C F4 EF  4RV'#. ..P.-+\..
00007020:  2C 21 2D B5 C7 D2 00 00 00 00 00 00 00 00 00 00  ,!-.............
00007030:  00 00 00 00 00 00 00 00 00 00 00 00 00 00 00 00  ................ [zeros]
00007040:  00 00 00 00 00 00 00 00 00 00 00 00 00 00 00 00  ................ [zeros]
00007050:  00 00 00 00 00 00 00 00 00 00 00 00 00 00 00 00  ................ [zeros]
00007060:  00 00 00 00 00 00 00 00 00 00 00 00 00 00 00 00  ................ [zeros]
00007070:  00 00 00 00 00 00 07 33 68 EF 45 A8 B7 29 A0 87  .......3h.E..)..
00007080:  7C DC F2 0F 32 4E D8 0E D1 82 41 B1 36 4B FD B1  |...2N....A.6K..
00007090:  03 A8 54 66 AC 53 00 00 00 00 00 00 00 00 00 00  ..Tf.S..........
000070A0:  00 00 00 00 00 00 00 00 00 00 00 00 00 00 00 00  ................ [zeros]
000070B0:  00 00 00 00 00 00 00 00 00 00 00 00 00 00 00 00  ................ [zeros]
000070C0:  00 00 00 00 00 00 00 00 00 00 00 00 00 00 00 00  ................ [zeros]
000070D0:  00 00 00 00 00 00 00 00 00 00 00 00 00 00 00 00  ................ [zeros]
000070E0:  00 00 00 00 00 00 00 00 00 00 00 00 00 00 00 00  ................ [zeros]
000070F0:  00 00 00 00 00 00 00 00 00 00 00 00 00 00 00 00  ................ [zeros]
00007100:  00 00 00 00 00 00 00 00 00 00 00 00 00 00 00 00  ................ [zeros]
00007110:  00 00 00 00 00 00 00 00 00 00 00 00 00 00 00 00  ................ [zeros]
00007120:  00 00 00 00 00 00 00 00 00 00 00 00 00 00 00 00  ................ [zeros]
00007130:  00 00 00 00 00 00 00 00 00 00 00 00 00 00 00 00  ................ [zeros]
00007140:  00 00 00 00 00 00 99 E0 87 FA 85 37 BB 48 8A 8B  ...........7.H..
00007150:  14 71 92 FA 6B E9 69 F2 8A 91 BB 4C B6 BC 45 BA  .q..k.i....L..E.
00007160:  58 78 AE D3 D6 20 1E BE F5 03 79 85 B3 96 E0 62  Xx... ....y....b
00007170:  7F FE 49 DB 54 69 ED C2 8B 24 4F 46 B1 72 B8 86  ..I.Ti...$OF.r..
00007180:  92 83 B5 F3 4D 65 00 00 00 00 00 00 00 00 00 00  ....Me..........
00007190:  00 00 00 00 00 00 00 00 00 00 00 00 00 00 00 00  ................ [zeros]
000071A0:  00 00 00 00 00 00 00 00 00 00 00 00 00 00 00 00  ................ [zeros]
000071B0:  00 00 00 00 00 00 00 00 00 00 00 00 00 00 00 00  ................ [zeros]
000071C0:  00 00 00 00 00 00 00 00 00 00 00 00 00 00 00 00  ................ [zeros]
000071D0:  00 00 00 00 00 00 8E 10 25 D6 A8 6A F7 A3 35 1F  ........%..j..5.
000071E0:  F3 29 FC 7D D2 AC D1 4F 3C 10 8A A4 23 A8 FE 83  .).}...O<...#...
000071F0:  98 E1 0C 35 A2 D6 00 00 00 00 00 00 00 00 00 00  ...5............
00007200:  00 00 00 00 00 00 00 00 00 00 00 00 00 00 00 00  ................ [zeros]
00007210:  00 00 00 00 00 00 00 00 00 00 00 00 00 00 00 00  ................ [zeros]
00007220:  00 00 00 00 00 00 00 00 00 00 00 00 00 00 00 00  ................ [zeros]
00007230:  00 00 00 00 00 00 00 00 00 00 00 00 00 00 00 00  ................ [zeros]
00007240:  00 00 00 00 00 00 00 00 00 00 00 00 00 00 00 00  ................ [zeros]
00007250:  00 00 00 00 00 00 00 00 00 00 00 00 00 00 00 00  ................ [zeros]
00007260:  00 00 00 00 00 00 00 00 00 00 00 00 00 00 00 00  ................ [zeros]
00007270:  00 00 00 00 00 00 00 00 00 00 00 00 00 00 00 00  ................ [zeros]
00007280:  00 00 00 00 00 00 00 00 00 00 00 00 00 00 00 00  ................ [zeros]
00007290:  00 00 00 00 00 00 00 00 00 00 00 00 00 00 00 00  ................ [zeros]
000072A0:  00 00 00 00 00 00 00 00 00 00 00 00 00 00 00 00  ................ [zeros]
000072B0:  00 00 00 00 00 00 32 3C 2E 10 0D 60 62 FE 81 81  ......2<...`b...
000072C0:  92 F1 08 E1 85 CD 2B 9A EE 3F DB EA 30 DE 1F 46  ......+..?..0..F
000072D0:  73 44 A2 2E 43 EC B0 F1 B5 3D 19 AE CF 15 06 65  sD..C....=.....e
000072E0:  66 8E F3 A9 37 42 82 6F 9E BA DE D1 20 FA 73 89  f...7B.o.... .s.
000072F0:  97 D4 7A 5D 3B 4B AF 62 FA FA 9C 59 D1 A3 A3 A6  ..z];K.b...Y....
00007300:  79 7C B8 95 B5 8E 98 86 7D 04 6B 2B 8D E3 AE D5  y|......}.k+....
00007310:  E8 98 99 5A 95 C4 75 AF 8E A4 6D 8A 6F BF 74 8F  ...Z..u...m.o.t.
00007320:  2B 04 85 1A E0 84 55 AF 06 8D FD 16 EC 74 A8 5C  +.....U......t.\
00007330:  8F 27 51 C2 52 E8 ED 35 15 FB 00 7B DD 9D 05 FD  .'Q.R..5...{....
00007340:  56 51 FC 60 4F A6 77 4E EF 52 AB 55 F8 41 5E F7  VQ.`O.wN.R.U.A^.
00007350:  55 1D 90 03 82 29 A0 50 E5 C1 6F 42 72 20 D6 82  U....).P..oBr ..
00007360:  13 16 F3 9E 6F 33 A4 E3 F1 E0 40 75 ED 71 F0 38  ....o3....@u.q.8
00007370:  C5 96 DC 50 C4 4F E8 8B 79 E4 D6 79 50 D8 13 A4  ...P.O..y..yP...
00007380:  99 30 10 76 22 C3 68 A5 37 23 92 99 98 70 E4 59  .0.v".h.7#...p.Y
00007390:  01 2E 13 AD E6 B4 A6 33 10 F5 B3 02 44 4B E9 E2  .......3....DK..
000073A0:  BC 9C AF D0 5C C4 B9 57 A9 97 7A 95 D9 DE BB B7  ....\..W..z.....
000073B0:  D3 2F 6F F1 7C 7A 95 A9 25 8A C9 29 79 34 92 5F  ./o.|z..%..)y4._
000073C0:  B2 45 08 B7 38 60 DA 0E C7 81 21 E2 23 79 1E BE  .E..8`....!.#y..
000073D0:  83 A6 56 23 6F 24 E5 7C 73 B2 81 BD D0 DB 48 5D  ..V#o$.|s.....H]
000073E0:  D3 1B AD F2 28 69 1B 9A 0D 2F FA BD 45 EE 34 99  ....(i.../..E.4.
000073F0:  68 7D C6 C0 6F 8F 00 00 00 00 00 00 00 00 00 00  h}..o...........
00007400:  00 00 00 00 00 00 14 AB 6E E7 16 04 8A F1 F7 22  ........n......"
00007410:  57 E8 DE DF F1 10 20 38 D6 B1 CF 58 9D 14 75 00  W..... 8...X..u.
00007420:  A9 C1 98 FA FB E0 F5 B3 43 2A 27 F5 FE 99 F3 BE  ........C*'.....
00007430:  C8 28 76 4B 13 6D 00 00 00 00 00 00 00 00 00 00  .(vK.m..........
00007440:  00 00 00 00 00 00 BB 2F 0E DC 84 1F 9B E2 8C F7  ......./........
00007450:  23 65 4F FF 77 0A 38 09 83 C2 F6 4B 6D E3 98 DB  #eO.w.8....Km...
00007460:  A7 E4 31 FB 00 91 A1 C9 B7 D7 4B EA 94 20 33 12  ..1.......K.. 3.
00007470:  05 74 DE B1 1D D0 00 00 00 00 00 00 00 00 00 00  .t..............
00007480:  00 00 00 00 00 00 B6 83 24 92 A6 F7 64 08 72 C3  ........$...d.r.
00007490:  DA 7F 58 AA 30 9F 37 25 05 C2 A3 9E 9B 58 19 2E  ..X.0.7%.....X..
000074A0:  32 29 10 95 A3 0A 00 00 00 00 00 00 00 00 00 00  2)..............
000074B0:  00 00 00 00 00 00 DD 91 6F 44 DB 14 DD 0F FF 27  ........oD.....'
000074C0:  85 59 D2 54 87 DC BF A4 DD 2B FB 75 DD 17 20 5B  .Y.T.....+.u.. [
000074D0:  10 B5 AB D4 5F 8A DB 03 FB 09 A6 F2 C7 D6 19 5F  ...._.........._
000074E0:  5A A1 17 6A B8 A5 00 00 00 00 00 00 00 00 00 00  Z..j............
000074F0:  00 00 00 00 00 00 14 AB 6E E7 16 04 8A F1 F7 22  ........n......"
00007500:  57 E8 DE DF F1 10 20 38 D6 B1 CF 58 9D 14 75 00  W..... 8...X..u.
00007510:  A9 C1 98 FA FB E0 D6 55 22 B4 E2 75 5A CF A4 06  .......U"..uZ...
00007520:  F4 1C 53 F2 D8 29 00 00 00 00 00 00 00 00 00 00  ..S..)..........
00007530:  00 00 00 00 00 00 00 00 00 00 00 00 00 00 00 00  ................ [zeros]
00007540:  00 00 00 00 00 00 00 00 00 00 00 00 00 00 00 00  ................ [zeros]
00007550:  00 00 00 00 00 00 00 00 00 00 00 00 00 00 00 00  ................ [zeros]
00007560:  00 00 00 00 00 00 00 00 00 00 00 00 00 00 00 00  ................ [zeros]
00007570:  00 00 00 00 00 00 00 00 00 00 00 00 00 00 00 00  ................ [zeros]
00007580:  00 00 00 00 00 00 00 00 00 00 00 00 00 00 00 00  ................ [zeros]
00007590:  00 00 00 00 00 00 00 00 00 00 00 00 00 00 00 00  ................ [zeros]
000075A0:  00 00 00 00 00 00 00 00 00 00 00 00 00 00 00 00  ................ [zeros]
000075B0:  00 00 00 00 00 00 00 00 00 00 00 00 00 00 00 00  ................ [zeros]
000075C0:  00 00 00 00 00 00 00 00 00 00 00 00 00 00 00 00  ................ [zeros]
000075D0:  00 00 00 00 00 00 00 00 00 00 00 00 00 00 00 00  ................ [zeros]
000075E0:  00 00 00 00 00 00 00 00 00 00 00 00 00 00 00 00  ................ [zeros]
000075F0:  00 00 00 00 00 00 69 1E 13 1B EF 4E 7B 8C 36 D3  ......i....N{.6.
00007600:  82 FB 5E 32 7A 99 6F 09 C8 7C A6 C9 1A 48 75 FE  ..^2z.o..|...Hu.
00007610:  66 7C 59 E3 61 13 09 2E 89 BA 64 02 97 BA 8E 32  f|Y.a.....d....2
00007620:  C7 D9 B0 C0 4E 2B 00 00 00 00 00 00 00 00 00 00  ....N+..........
00007630:  00 00 00 00 00 00 79 B7 80 14 8B 86 79 0C B6 09  ......y.....y...
00007640:  59 2D 0D E3 90 CC 00 00 00 00 00 00 00 00 00 00  Y-..............
00007650:  00 00 00 00 00 00 A0 0E 8C F9 12 E4 D5 F5 96 E9  ................
00007660:  1A 3F 94 63 B3 11 9F 37 99 16 75 85 9C FB ED 62  .?.c...7..u....b
00007670:  F1 29 3D 9E 99 39 69 1E 13 1B EF 4E 7B 8C 36 D3  .)=..9i....N{.6.
00007680:  82 FB 5E 32 7A 99 EE 9F 95 F2 DE 40 FA 1C BA D8  ..^2z......@....
00007690:  B6 0A 37 26 9D 13 06 B5 68 D4 3C C4 80 7B 61 35  ..7&....h.<..{a5
000076A0:  39 43 15 35 45 56 8C 89 2C 14 49 7E 1C 4E 80 1F  9C.5EV..,.I~.N..
000076B0:  21 6F 2C 6E 64 29 9E 07 3B 85 11 52 16 3D 2F A3  !o,nd)..;..R.=/.
000076C0:  E0 06 6A D2 F3 FD 09 BB 9F EE 0A BF 9A 11 5B E0  ..j...........[.
000076D0:  13 F2 01 23 1C 28 B2 6C 8A F6 DD 41 4D 4D 6E F8  ...#.(.l...AMMn.
000076E0:  CD FF F5 08 C0 43 29 F8 61 91 4B F7 38 88 A2 9E  .....C).a.K.8...
000076F0:  A2 18 85 DA 9F 98 54 C4 9E 73 31 FC 31 BF A4 46  ......T..s1.1..F
00007700:  F8 B2 CE 51 E8 A7 D2 C2 A5 F9 83 DE 76 39 03 FE  ...Q........v9..
00007710:  22 4C B5 4F 32 1F B0 A2 EB 68 A8 4D 2D B8 92 AC  "L.O2....h.M-...
00007720:  3A 8E B2 F2 28 5D AB 92 64 1A 51 A5 3F 36 07 95  :...(]..d.Q.?6..
00007730:  2C D2 88 94 CD 88 4A 0C CA C0 79 B1 D3 68 B8 82  ,.....J...y..h..
00007740:  2B DB D0 85 0E DE 5D D7 A2 A0 89 8B 16 20 ED 51  +.....]...... .Q
00007750:  27 78 65 DF 2E BE 01 22 C7 A3 22 61 CD F0 7F C0  'xe....".."a....
00007760:  05 6C 55 76 66 63 AC 55 6A 89 5B B9 99 0A BC 6D  .lUvfc.Uj.[....m
00007770:  F1 5F BF AB 07 B2 00 00 00 00 00 00 00 00 00 00  ._..............
00007780:  00 00 00 00 00 00 00 00 00 00 00 00 00 00 00 00  ................ [zeros]
00007790:  00 00 00 00 00 00 A1 C9 B7 D7 4B EA 94 20 33 12  ..........K.. 3.
000077A0:  05 74 DE B1 1D D0 00 00 00 00 00 00 00 00 00 00  .t..............
000077B0:  00 00 00 00 00 00 00 00 00 00 00 00 00 00 00 00  ................ [zeros]
000077C0:  00 00 00 00 00 00 00 00 00 00 00 00 00 00 00 00  ................ [zeros]
000077D0:  00 00 00 00 00 00 E3 15 AE 20 8D F9 98 D1 DF 33  ......... .....3
000077E0:  09 98 DF 2A E3 7B 00 00 00 00 00 00 00 00 00 00  ...*.{..........
000077F0:  00 00 00 00 00 00 00 00 00 00 00 00 00 00 00 00  ................ [zeros]
00007800:  00 00 00 00 00 00 71 CE 2D 52 47 50 0A CC E1 9E  ......q.-RGP....
00007810:  90 1B C9 AD 34 03 00 00 00 00 00 00 00 00 00 00  ....4...........
00007820:  00 00 00 00 00 00 00 00 00 00 00 00 00 00 00 00  ................ [zeros]
00007830:  00 00 00 00 00 00 59 D8 58 FC 6D E2 AE E3 83 50  ......Y.X.m....P
00007840:  C9 9D F6 B2 BB 10 00 00 00 00 00 00 00 00 00 00  ................
00007850:  00 00 00 00 00 00 00 00 00 00 00 00 00 00 00 00  ................ [zeros]
00007860:  00 00 00 00 00 00 00 00 00 00 00 00 00 00 00 00  ................ [zeros]
00007870:  00 00 00 00 00 00 40 17 EA B9 9A 7B EB 78 11 59  ......@....{.x.Y
00007880:  86 10 44 46 96 DA 00 00 00 00 00 00 00 00 00 00  ..DF............
00007890:  00 00 00 00 00 00 00 00 00 00 00 00 00 00 00 00  ................ [zeros]
000078A0:  00 00 00 00 00 00 FB 1F 6A 2B 2B 6F 05 0B 2D E6  ........j++o..-.
000078B0:  C5 F5 0F 10 A2 79 00 00 00 00 00 00 00 00 00 00  .....y..........
000078C0:  00 00 00 00 00 00 00 00 00 00 00 00 00 00 00 00  ................ [zeros]
000078D0:  00 00 00 00 00 00 A8 96 17 6F 3A 70 BA A9 47 20  .........o:p..G 
000078E0:  AB 34 53 C2 8F 7A EF 7C 70 69 EC E1 33 78 3D 70  .4S..z.|pi..3x=p
000078F0:  83 C9 FD 66 B7 34 52 27 BD E0 A6 0F 01 4B 72 BE  ...f.4R'.....Kr.
00007900:  67 F1 F2 DB 69 31 BE 0F F2 7E 3F 06 1A 75 81 E6  g...i1...~?..u..
00007910:  F6 0D E5 BB 5B 4D 93 1D DB 50 37 5B F0 70 E5 26  ....[M...P7[.p.&
00007920:  65 B0 C2 33 EF F1 5F D2 AC 70 54 7D A3 D0 CF FC  e..3.._..pT}....
00007930:  25 5D 0B CF 4F E3 78 53 48 E5 47 06 CF 12 3C 1D  %]..O.xSH.G...<.
00007940:  A2 33 51 51 38 E2 DF A8 AE BC 0F A1 07 0C E2 9D  .3QQ8...........
00007950:  C3 41 D2 82 A2 27 07 A5 47 B9 0F 83 F4 34 7C 15  .A...'..G....4|.
00007960:  5D 58 A8 63 35 36 41 64 D7 95 C0 A9 A0 2B 95 0A  ]X.c56Ad.....+..
00007970:  71 22 83 49 28 C1 52 20 71 89 8E D4 8A DC 32 07  q".I(.R q.....2.
00007980:  57 C7 6F 7E EE 55 46 20 02 6D A9 DC 51 1E EC 1F  W.o~.UF .m..Q...
00007990:  74 9A 58 37 BF DA 35 9F A9 BC B7 E2 A6 E9 16 A7  t.X7..5.........
000079A0:  6E 13 C7 D4 25 CD 8F 69 C7 85 09 85 A2 4D 77 B3  n...%..i.....Mw.
000079B0:  18 8F AB 58 16 5F BE BF 87 68 7B 39 E3 3C 5D 3B  ...X._...h{9.<];
000079C0:  02 3D B4 82 38 49 1E F4 36 66 E7 0E 7A E1 B2 A2  .=..8I..6f..z...
000079D0:  0A 8C 5E 7A 99 B1 C7 7E 9F 9B 81 DB 3D 21 05 F9  ..^z...~....=!..
000079E0:  00 18 8B 9E 94 65 33 2E EB F6 F2 C8 73 85 C0 7C  .....e3.....s..|
000079F0:  71 E7 2A 90 E5 EA 33 2E EB F6 F2 C8 73 85 C0 7C  q.*...3.....s..|
00007A00:  71 E7 2A 90 E5 EA 33 2E EB F6 F2 C8 73 85 C0 7C  q.*...3.....s..|
00007A10:  71 E7 2A 90 E5 EA 4C 87 B9 DD 4E BE 05 5A 25 26  q.*...L...N..Z%&
00007A20:  0A 56 1C C8 F9 70 EA C8 46 59 85 FA B1 83 5D BC  .V...p..FY....].
00007A30:  D5 B9 CA 58 55 D8 EA C8 46 59 85 FA B1 83 5D BC  ...XU...FY....].
00007A40:  D5 B9 CA 58 55 D8 EA C8 46 59 85 FA B1 83 5D BC  ...XU...FY....].
00007A50:  D5 B9 CA 58 55 D8 47 9E 06 C4 B3 C0 17 B8 24 AF  ...XU.G.......$.
00007A60:  7E AB A1 06 2E 0B 99 D8 69 1A 09 82 2C 76 4C C1  ~.......i...,vL.
00007A70:  0E 84 BB E5 46 CC A2 44 97 32 EA 23 8A 67 33 BF  ....F..D.2.#.g3.
00007A80:  B1 ED 45 6E 68 4F 77 DF E3 06 FA FB 1D EC A7 F1  ..EnhOw.........
00007A90:  9E BC 95 AA C5 A4 91 2D 34 B0 17 D7 79 5E 23 F5  .......-4...y^#.
00007AA0:  42 7A D4 0D F7 57 D2 9F 26 83 ED E7 83 2D 02 EA  Bz...W..&....-..
00007AB0:  1E 2D BB 76 B9 64 FA 9D 7A 2F 18 5D AC C9 A2 EC  .-.v.d..z/.]....
00007AC0:  08 5E E5 DF E8 22 FA 9D 7A 2F 18 5D AC C9 A2 EC  .^..."..z/.]....
00007AD0:  08 5E E5 DF E8 22 FA 9D 7A 2F 18 5D AC C9 A2 EC  .^..."..z/.]....
00007AE0:  08 5E E5 DF E8 22 D3 1D A9 A9 25 DE 24 65 12 C5  .^..."....%.$e..
00007AF0:  F8 84 86 26 0E 8E C7 E2 FC 75 51 16 27 CF C6 BE  ...&.....uQ.'...
00007B00:  D4 4E 6F C3 90 EA A6 33 6F 15 94 F4 BD A1 B3 14  .No....3o.......
00007B10:  C8 86 0A 43 51 19 E6 C6 39 A3 85 AA D4 94 1D 6A  ...CQ...9......j
00007B20:  4F 02 88 D2 F4 42 22 75 9B 2E 2D F0 6C 3D 2A B2  O....B"u..-.l=*.
00007B30:  50 46 0D 03 22 14 16 F6 85 C6 82 F8 8B C7 26 B4  PF..".........&.
00007B40:  ED 3E ED 38 E1 9B 94 9B 4C 57 C4 07 3D 6F F4 83  .>.8....LW..=o..
00007B50:  8C 25 77 D7 0F 75 D3 FB FC E1 85 3D 29 21 37 9B  .%w..u.....=)!7.
00007B60:  5C 18 9C 53 D5 D7 B2 9C D3 1A 2E 7D 1D 90 4E 28  \..S.......}..N(
00007B70:  58 9E 49 4F 55 26 B0 FC 07 E9 C8 39 F1 48 26 64  X.IOU&.....9.H&d
00007B80:  C7 7C 4F 00 51 18 C7 E2 FC 75 51 16 27 CF C6 BE  .|O.Q....uQ.'...
00007B90:  D4 4E 6F C3 90 EA A6 33 6F 15 94 F4 BD A1 B3 14  .No....3o.......
00007BA0:  C8 86 0A 43 51 19 E6 C6 39 A3 85 AA D4 94 1D 6A  ...CQ...9......j
00007BB0:  4F 02 88 D2 F4 42 22 75 9B 2E 2D F0 6C 3D 2A B2  O....B"u..-.l=*.
00007BC0:  50 46 0D 03 22 14 16 F6 85 C6 82 F8 8B C7 26 B4  PF..".........&.
00007BD0:  ED 3E ED 38 E1 9B 94 9B 4C 57 C4 07 3D 6F F4 83  .>.8....LW..=o..
00007BE0:  8C 25 77 D7 0F 75 61 45 26 6B 5D C0 52 D2 FC 2B  .%w..uaE&k].R..+
00007BF0:  48 71 8D 8F B5 B2 10 E7 55 D4 EF FA F6 D5 44 2D  Hq......U.....D-
00007C00:  90 47 2E 12 39 2A ED C2 8B 24 4F 46 B1 72 B8 86  .G..9*...$OF.r..
00007C10:  92 83 B5 F3 4D 65 7B 27 88 5B ED C4 9B C6 C3 51  ....Me{'.[.....Q
00007C20:  89 FD 8A E9 04 3A 47 C3 47 76 14 05 11 02 A4 90  .....:G.Gv......
00007C30:  E4 AF C9 39 B7 2D A4 A3 2D BC 77 09 3B A3 0D 23  ...9.-..-.w.;..#
00007C40:  63 88 4A 38                                      c.J8

; --- structure summary (block types) ---
; 0x00000060..+0xD0  data   (208 bytes)
; 0x00000130..+0x40  zeros  (64 bytes)
; 0x00000170..+0x220  data   (544 bytes)
; 0x00000390..+0x170  zeros  (368 bytes)
; 0x00000500..+0x590  data   (1424 bytes)
; 0x00000A90..+0x3E0  zeros  (992 bytes)
; 0x00000E70..+0x20  data   (32 bytes)
; 0x00000E90..+0x3E0  zeros  (992 bytes)
; 0x00001270..+0x20  data   (32 bytes)
; 0x00001290..+0x3E0  zeros  (992 bytes)
; 0x00001670..+0x20  data   (32 bytes)
; 0x00001690..+0x3E0  zeros  (992 bytes)
; 0x00001A70..+0x24E0  data   (9440 bytes)
; 0x00003F50..+0x10  zeros  (16 bytes)
; 0x00003F60..+0x40  data   (64 bytes)
; 0x00003FA0..+0x70  zeros  (112 bytes)
; 0x00004010..+0x50  data   (80 bytes)
; 0x00004060..+0x30  zeros  (48 bytes)
; 0x00004090..+0xA0  data   (160 bytes)
; 0x00004130..+0xA0  zeros  (160 bytes)
; 0x000041D0..+0x40  data   (64 bytes)
; 0x00004210..+0x2A0  zeros  (672 bytes)
; 0x000044B0..+0xE0  data   (224 bytes)
; 0x00004590..+0x5F0  zeros  (1520 bytes)
; 0x00004B80..+0x130  data   (304 bytes)
; 0x00004CB0..+0x100  zeros  (256 bytes)
; 0x00004DB0..+0x210  data   (528 bytes)
; 0x00004FC0..+0x40  zeros  (64 bytes)
; 0x00005000..+0xA0  data   (160 bytes)
; 0x000050A0..+0xA0  zeros  (160 bytes)
; 0x00005140..+0x190  data   (400 bytes)
; 0x000052D0..+0xC0  zeros  (192 bytes)
; 0x00005390..+0x280  data   (640 bytes)
; 0x00005610..+0x50  zeros  (80 bytes)
; 0x00005660..+0x130  data   (304 bytes)
; 0x00005790..+0x60  zeros  (96 bytes)
; 0x000057F0..+0x1C0  data   (448 bytes)
; 0x000059B0..+0x60  zeros  (96 bytes)
; 0x00005A10..+0xF0  data   (240 bytes)
; 0x00005B00..+0xD0  zeros  (208 bytes)
; 0x00005BD0..+0x240  data   (576 bytes)
; 0x00005E10..+0xD0  zeros  (208 bytes)
; 0x00005EE0..+0x230  data   (560 bytes)
; 0x00006110..+0x30  zeros  (48 bytes)
; 0x00006140..+0x60  data   (96 bytes)
; 0x000061A0..+0xA0  zeros  (160 bytes)
; 0x00006240..+0x60  data   (96 bytes)
; 0x000062A0..+0x40  zeros  (64 bytes)
; 0x000062E0..+0x20  data   (32 bytes)
; 0x00006300..+0xB0  zeros  (176 bytes)
; 0x000063B0..+0x50  data   (80 bytes)
; 0x00006400..+0x40  zeros  (64 bytes)
; 0x00006440..+0x30  data   (48 bytes)
; 0x00006470..+0xA0  zeros  (160 bytes)
; 0x00006510..+0x290  data   (656 bytes)
; 0x000067A0..+0xC0  zeros  (192 bytes)
; 0x00006860..+0x190  data   (400 bytes)
; 0x000069F0..+0x10  zeros  (16 bytes)
; 0x00006A00..+0x20  data   (32 bytes)
; 0x00006A20..+0x10  zeros  (16 bytes)
; 0x00006A30..+0x20  data   (32 bytes)
; 0x00006A50..+0x20  zeros  (32 bytes)
; 0x00006A70..+0x20  data   (32 bytes)
; 0x00006A90..+0x10  zeros  (16 bytes)
; 0x00006AA0..+0x20  data   (32 bytes)
; 0x00006AC0..+0x10  zeros  (16 bytes)
; 0x00006AD0..+0x20  data   (32 bytes)
; 0x00006AF0..+0x10  zeros  (16 bytes)
; 0x00006B00..+0x20  data   (32 bytes)
; 0x00006B20..+0x20  zeros  (32 bytes)
; 0x00006B40..+0x360  data   (864 bytes)
; 0x00006EA0..+0x40  zeros  (64 bytes)
; 0x00006EE0..+0x50  data   (80 bytes)
; 0x00006F30..+0xA0  zeros  (160 bytes)
; 0x00006FD0..+0x60  data   (96 bytes)
; 0x00007030..+0x40  zeros  (64 bytes)
; 0x00007070..+0x30  data   (48 bytes)
; 0x000070A0..+0xA0  zeros  (160 bytes)
; 0x00007140..+0x50  data   (80 bytes)
; 0x00007190..+0x40  zeros  (64 bytes)
; 0x000071D0..+0x30  data   (48 bytes)
; 0x00007200..+0xB0  zeros  (176 bytes)
; 0x000072B0..+0x280  data   (640 bytes)
; 0x00007530..+0xC0  zeros  (192 bytes)
; 0x000075F0..+0x190  data   (400 bytes)
; 0x00007780..+0x10  zeros  (16 bytes)
; 0x00007790..+0x20  data   (32 bytes)
; 0x000077B0..+0x20  zeros  (32 bytes)
; 0x000077D0..+0x20  data   (32 bytes)
; 0x000077F0..+0x10  zeros  (16 bytes)
; 0x00007800..+0x20  data   (32 bytes)
; 0x00007820..+0x10  zeros  (16 bytes)
; 0x00007830..+0x20  data   (32 bytes)
; 0x00007850..+0x20  zeros  (32 bytes)
; 0x00007870..+0x20  data   (32 bytes)
; 0x00007890..+0x10  zeros  (16 bytes)
; 0x000078A0..+0x20  data   (32 bytes)
; 0x000078C0..+0x10  zeros  (16 bytes)
; 0x000078D0..+0x370  data   (880 bytes)
