; Decrypted GatewaySettings dump (see FORMAT.md)
; key = 72c97befb13c39580287ccf24fc10002 (aligned at 0x60)

00000060:  04 24 46 E9 5F CE 16 FF FE 4D 8F 53 3D 54 4D F1  .$F._....M.S=TM.
00000070:  0F FF 38 50 F5 FC FB E9 25 D3 57 71 2D 40 2E A4  ..8P....%.Wq-@..
00000080:  79 A0 50 AD 02 49 9A 1C 85 E4 69 03 C6 A9 19 23  y.P..I....i....#
00000090:  15 99 75 F7 E0 9C 79 F4 39 A0 02 92 E4 17 16 33  ..u...y.9......3
000000A0:  4C 58 59 90 8A 87 BC D0 18 B9 97 54 69 E9 DF 5C  LXY........Ti..\
000000B0:  E9 D6 D7 00 71 F1 E7 B6 41 18 64 30 EF C3 C3 47  ....q...A.d0...G
000000C0:  28 41 70 9B 01 E7 1B 90 21 7B 86 DD 5E 14 DF 97  (Ap.....!{..^...
000000D0:  78 E1 19 34 2D 01 7E D6 DD D7 E0 31 7E EB 50 2A  x..4-.~....1~.P*
000000E0:  AF 00 32 EE D9 54 97 05 89 28 F8 DA 87 F1 0D CA  ..2..T...(......
000000F0:  0E D3 03 B8 84 BD 78 ED F5 E5 D5 04 2D 8D C6 46  ......x.....-..F
00000100:  BE 8B 20 F0 E4 49 8E BA C8 AC AD 5C C9 0C 77 CF  .. ..I.....\..w.
00000110:  41 97 5A 1C 95 AE E3 DA CF 86 00 95 6A 6F C8 A1  A.Z.........jo..
00000120:  75 2E C3 D9 91 C8 00 00 00 00 00 00 00 00 00 00  u...............
00000130:  00 00 00 00 00 00 00 00 00 00 00 00 00 00 00 00  ................ [zeros]
00000140:  00 00 00 00 00 00 00 00 00 00 00 00 00 00 00 00  ................ [zeros]
00000150:  00 00 00 00 00 00 00 00 00 00 00 00 00 00 00 00  ................ [zeros]
00000160:  00 00 00 00 00 00 00 00 00 00 00 00 00 00 00 00  ................ [zeros]
00000170:  00 00 00 00 00 00 0B D2 BE FD A6 D4 A2 03 44 AA  ..............D.
00000180:  4D F0 FE 31 F7 EF 91 E5 9C 69 30 C2 8A F5 EE 7E  M..1.....i0....~
00000190:  6C 6D 1F 70 00 63 AE 24 B7 38 C9 56 CB 51 F3 FF  lm.p.c.$.8.V.Q..
000001A0:  C0 1F E1 D6 61 99 5D C7 B3 DE 0C EB 32 8A 06 FC  ....a.].....2...
000001B0:  4D DB 06 10 2D 42 C3 6B 97 EC A6 E5 60 48 DB 4C  M...-B.k....`H.L
000001C0:  48 FC 10 FA A2 4C DB F9 5C C7 1A B5 5E 39 E0 96  H....L..\...^9..
000001D0:  39 87 54 F5 F2 48 65 66 E8 9B 04 78 6F 6F E5 21  9.T..Hef...xoo.!
000001E0:  18 D3 11 DF 69 E9 FA 32 24 8A 87 0F E1 D8 AF A8  ....i..2$.......
000001F0:  FF 4D 43 F7 0A 86 53 EE CC 6A EC 34 8E 6A E7 1A  .MC...S..j.4.j..
00000200:  57 9A 0A E5 BB C8 D1 7C 58 8F A6 FB CF 7E E0 BD  W......|X....~..
00000210:  94 AD CB 99 F7 9A F1 A8 D2 EA 26 FF 0C 87 66 96  ..........&...f.
00000220:  F3 31 A1 6B F4 DA 47 6E A3 C8 EC 48 78 69 85 DF  .1.k..Gn...Hxi..
00000230:  C9 2E F1 74 90 35 DE 9A 88 81 81 8B 53 9A 5D 38  ...t.5......S.]8
00000240:  C0 CA 59 3D 88 0C 7B 59 14 D0 64 8F 57 E1 F1 9D  ..Y=..{Y..d.W...
00000250:  D1 5A 38 40 4C 6D 81 4F B3 6B 59 55 D4 86 99 DF  .Z8@Lm.O.kYU....
00000260:  48 01 2E 8C 75 24 2F 9C 72 69 31 DA CB 12 E3 4B  H...u$/.ri1....K
00000270:  06 2E 0F EA 1E A0 5F F4 EC F4 16 F1 AD 0B 8C 94  ......_.........
00000280:  46 81 D4 08 11 DF 0C 6D F9 62 99 07 11 1C DA EF  F......m.b......
00000290:  18 06 7A 11 76 0E 5C 55 E7 43 97 8D 28 0E 2E F1  ..z.v.\U.C..(...
000002A0:  94 F4 02 AB 63 5E FA F4 48 27 B0 B4 25 78 80 55  ....c^..H'..%x.U
000002B0:  39 60 55 2E FF C3 0B 91 4E E0 93 6B 83 59 0A A7  9`U.....N..k.Y..
000002C0:  03 8A A3 FC DC D5 5D CF 2D 3C 1A 78 CD E1 B3 81  ......].-<.x....
000002D0:  C2 9E EC 71 56 11 C1 7E C1 9B 32 19 B7 D0 AC 4D  ...qV..~..2....M
000002E0:  39 2F 46 96 75 CB E3 E7 E5 F2 D2 D5 32 0F 36 3F  9/F.u.......2.6?
000002F0:  E6 1D 99 58 A2 72 AD 45 9E 8B D7 E8 EC 64 28 88  ...X.r.E.....d(.
00000300:  AD A5 BE 79 A3 68 9C B1 CB 67 7C 17 4A CE 93 AC  ...y.h...g|.J...
00000310:  97 D6 37 0D 2B 3C AB 25 B6 BB 52 D7 F8 92 42 36  ..7.+<.%..R...B6
00000320:  6B 53 28 E1 DF 67 0A 6D A7 75 EE 34 06 A3 49 D5  kS(..g.m.u.4..I.
00000330:  26 6F 8A 5B A0 34 B6 28 2A CE D7 48 B8 3B 58 07  &o.[.4.(*..H.;X.
00000340:  6A E7 7A 2A 01 20 50 72 54 6F 71 96 48 25 7E 80  j.z*. PrToq.H%~.
00000350:  5C 35 38 EC 6D 98 B6 28 2A CE D7 48 B8 3B 58 07  \58.m..(*..H.;X.
00000360:  6A E7 7A 2A 01 20 0F 04 0B D7 1A B3 D3 1A 45 CD  j.z*. ........E.
00000370:  86 7F D2 A3 49 3A 00 00 00 00 00 00 00 00 00 00  ....I:..........
00000380:  00 00 00 00 00 00 00 00 00 00 00 00 00 00 00 00  ................ [zeros]
00000390:  00 00 00 00 00 00 00 00 00 00 00 00 00 00 00 00  ................ [zeros]
000003A0:  00 00 00 00 00 00 00 00 00 00 00 00 00 00 00 00  ................ [zeros]
000003B0:  00 00 00 00 00 00 00 00 00 00 00 00 00 00 00 00  ................ [zeros]
000003C0:  00 00 00 00 00 00 00 00 00 00 00 00 00 00 00 00  ................ [zeros]
000003D0:  00 00 00 00 00 00 00 00 00 00 00 00 00 00 00 00  ................ [zeros]
000003E0:  00 00 00 00 00 00 00 00 00 00 00 00 00 00 00 00  ................ [zeros]
000003F0:  00 00 00 00 00 00 00 00 00 00 00 00 00 00 00 00  ................ [zeros]
00000400:  00 00 00 00 00 00 00 00 00 00 00 00 00 00 00 00  ................ [zeros]
00000410:  00 00 00 00 00 00 00 00 00 00 00 00 00 00 00 00  ................ [zeros]
00000420:  00 00 00 00 00 00 00 00 00 00 00 00 00 00 00 00  ................ [zeros]
00000430:  00 00 00 00 00 00 00 00 00 00 00 00 00 00 00 00  ................ [zeros]
00000440:  00 00 00 00 00 00 00 00 00 00 00 00 00 00 00 00  ................ [zeros]
00000450:  00 00 00 00 00 00 00 00 00 00 00 00 00 00 00 00  ................ [zeros]
00000460:  00 00 00 00 00 00 00 00 00 00 00 00 00 00 00 00  ................ [zeros]
00000470:  00 00 00 00 00 00 00 00 00 00 00 00 00 00 00 00  ................ [zeros]
00000480:  00 00 00 00 00 00 00 00 00 00 00 00 00 00 00 00  ................ [zeros]
00000490:  00 00 00 00 00 00 00 00 00 00 00 00 00 00 00 00  ................ [zeros]
000004A0:  00 00 00 00 00 00 00 00 00 00 00 00 00 00 00 00  ................ [zeros]
000004B0:  00 00 00 00 00 00 00 00 00 00 00 00 00 00 00 00  ................ [zeros]
000004C0:  00 00 00 00 00 00 00 00 00 00 00 00 00 00 00 00  ................ [zeros]
000004D0:  00 00 00 00 00 00 00 00 00 00 00 00 00 00 00 00  ................ [zeros]
000004E0:  00 00 00 00 00 00 00 00 00 00 00 00 00 00 00 00  ................ [zeros]
000004F0:  00 00 00 00 00 00 00 00 00 00 00 00 00 00 00 00  ................ [zeros]
00000500:  00 00 00 00 00 00 B8 36 3A 2A 63 3D B4 D9 A4 3C  .......6:*c=...<
00000510:  6C 6A 61 64 C6 0F 23 C8 EF C7 23 98 C8 DD CA AE  ljad..#...#.....
00000520:  8B DF D8 A8 8E 0A 1C E7 E2 C2 7F FC 6E 27 7E 34  ............n'~4
00000530:  78 36 64 41 3C 26 48 0E D7 49 03 F1 9C 72 F6 70  x6dA<&H..I...r.p
00000540:  CF 9F 42 CB 29 14 D6 71 E6 4E 26 9A 4F 5F 56 64  ..B.)..q.N&.O_Vd
00000550:  45 A4 A5 6C 94 14 89 AB 84 29 39 0B 0F 99 F4 F2  E..l.....)9.....
00000560:  5E E1 52 D5 55 13 40 7E B9 1F C7 58 0B B3 FB C3  ^.R.U.@~...X....
00000570:  09 09 57 A1 60 E6 2B 3D 63 3B 77 00 AE B4 0D 83  ..W.`.+=c;w.....
00000580:  EF 67 CA BB E5 EB 41 95 3D 4F 69 E7 37 48 23 8F  .g....A.=Oi.7H#.
00000590:  51 B0 55 91 3E 36 7B 24 EF F8 15 FC 19 A7 61 D7  Q.U.>6{$......a.
000005A0:  29 E8 C5 9A 9C 91 54 A8 4B 10 E2 B5 EE ED 4A 84  ).....T.K.....J.
000005B0:  03 8A F6 3E F9 59 8A EA 0B E5 13 84 4E 4E 91 E0  ...>.Y......NN..
000005C0:  6C F9 EA C8 20 33 E0 EB 49 8C 41 FB 08 CB 59 BC  l... 3..I.A...Y.
000005D0:  CC D7 4E 23 90 BA 58 26 B6 92 4E 58 39 79 C3 98  ..N#..X&..NX9y..
000005E0:  34 C3 FC B7 BB 6F B7 EE 68 93 C7 16 D0 69 A2 6E  4....o..h....i.n
000005F0:  86 45 B8 8D 66 01 D9 90 7B 65 50 86 B9 A9 1C 4F  .E..f...{eP....O
00000600:  9B B9 BA F4 80 A7 A1 7A 99 6F 5E 3C 02 AA 32 23  .......z.o^<..2#
00000610:  F6 91 93 F0 29 08 2A A7 B8 C2 8E AA 82 75 A7 05  ....).*......u..
00000620:  8A 62 E2 2C 69 26 89 11 9C 16 8E FC 5A 62 33 C9  .b.,i&......Zb3.
00000630:  DD 87 FC 1B F0 8A 89 B7 16 F4 F5 DE 08 D6 77 67  ..............wg
00000640:  99 5F BC FD D7 A4 5A DB 77 CC 31 16 BB 9C C4 50  ._....Z.w.1....P
00000650:  75 C6 03 43 4C 38 D8 81 42 5F 33 EF C8 D7 6E 47  u..CL8..B_3...nG
00000660:  E4 F2 FE 3E 78 77 86 97 54 11 11 EB 02 29 DF 57  ...>xw..T....).W
00000670:  8B 43 4E 22 A1 A1 E8 27 76 4E AD DC 13 B9 DC EC  .CN"...'vN......
00000680:  12 CC 0B C3 EA 2B 0D 9E 70 C2 23 E6 8B C9 A5 EB  .....+..p.#.....
00000690:  D3 64 F7 C9 07 CB 8B 42 8C E1 68 19 85 E2 FE CB  .d.....B..h.....
000006A0:  42 49 A0 08 DA 48 26 E1 DE 0E 68 86 7A 32 B0 19  BI...H&...h.z2..
000006B0:  68 05 08 AC B7 1E 8F E0 BC 5C 95 C8 79 3D 8B CE  h........\..y=..
000006C0:  C6 8A 66 1A C3 8C F9 3A 38 72 3F 51 B0 D8 88 B5  ..f....:8r?Q....
000006D0:  78 73 84 DB 30 94 DE E5 DC 05 30 48 41 1F 69 C9  xs..0.....0HA.i.
000006E0:  3D D9 B0 E0 2A 46 EC 45 77 2F AA 5A 54 5A 10 B3  =...*F.Ew/.ZTZ..
000006F0:  BB 30 17 EF 02 F4 29 92 1C 86 95 0D F3 57 EB AB  .0....)......W..
00000700:  61 62 67 59 8F 42 A4 1B D7 52 8D F2 72 09 2D 8F  abgY.B...R..r.-.
00000710:  CA CC 7F 42 06 E6 DF 6E F7 7E 4E 49 FD 52 3E 7E  ...B...n.~NI.R>~
00000720:  CA C3 9B E2 0F 98 11 36 0E 37 3D 82 FF 50 F3 61  .......6.7=..P.a
00000730:  CA 5D A7 2D A2 C5 9C E3 88 91 93 B1 5C 49 C7 5C  .].-........\I.\
00000740:  5A F8 83 FA 7F AC 27 84 1B DB 1F 2B 4A 9B E8 0C  Z.....'....+J...
00000750:  7F 10 EB 3E 6B 95 94 B6 F0 88 96 23 65 B4 15 EF  ...>k......#e...
00000760:  53 DE 24 FA B9 29 B8 29 3C 02 B0 8B 2E 1A 51 64  S.$..).)<.....Qd
00000770:  38 57 D0 68 94 75 E5 20 3D 85 60 19 06 AE 5B 52  8W.h.u. =.`...[R
00000780:  09 AA 86 64 25 7D D0 B7 EF AE CF 9A EA 30 49 D3  ...d%}.......0I.
00000790:  C1 BE B1 5F FC 1A BD 30 32 B2 41 97 24 67 76 EB  ..._...02.A.$gv.
000007A0:  42 9A 26 6C 18 E3 1E 1E 5E 33 38 1A 85 CC D5 4A  B.&l....^38....J
000007B0:  4A C5 5E 4F 19 7C 99 F1 D9 25 F6 CD 12 1D 20 E6  J.^O.|...%.... .
000007C0:  02 D7 3E 96 04 12 0E 6E F6 52 AA 67 93 1B E6 D4  ..>....n.R.g....
000007D0:  26 D8 05 84 B3 48 F3 0C 8B FB 92 8D 8F 0C E4 BF  &....H..........
000007E0:  5D A2 21 2A 42 04 8A 78 3D 76 4C 63 72 03 53 91  ].!*B..x=vLcr.S.
000007F0:  F9 62 D7 C1 F4 93 CE E2 CE DD ED 67 2A D8 EC EC  .b.........g*...
00000800:  35 C5 3A 56 F7 CC 44 87 B9 83 27 71 EB 95 2C C1  5.:V..D...'q..,.
00000810:  47 6B 43 33 10 B1 D7 27 77 52 6E 49 71 CA 50 D5  GkC3...'wRnIq.P.
00000820:  20 61 8E 2A D2 18 FD F3 0D 70 D7 95 67 3E 3B 08   a.*.....p..g>;.
00000830:  76 30 A4 A2 FA B7 59 B8 D7 74 D9 BC 7C CC AF FD  v0....Y..t..|...
00000840:  5A E0 F0 E7 CA F3 E5 16 8F 1C 8E E9 A5 F6 92 C4  Z...............
00000850:  45 53 F5 A6 A8 58 52 8A F6 7A 68 1C A9 A5 82 87  ES...XR..zh.....
00000860:  BC 7E 2B 7E 5A 41 B7 C8 BA A8 AC A6 DD 44 9A 55  .~+~ZA.......D.U
00000870:  44 98 2D A7 61 0A 09 32 CF 7D A5 E3 28 2D 2F BE  D.-.a..2.}..(-/.
00000880:  64 47 7E 14 D9 E9 4D FF 4D 47 9A 2B 43 2C 9F 7A  dG~...M.MG.+C,.z
00000890:  F9 8E FA F2 00 57 4D FD E3 3B FE D3 DC 98 F8 4B  .....WM..;.....K
000008A0:  88 B8 99 C7 71 E2 AE 69 BC FE D5 59 5A A5 7D FA  ....q..i...YZ.}.
000008B0:  1B 23 61 5F E6 73 06 03 5E 30 58 34 D8 A7 E8 D7  .#a_.s..^0X4....
000008C0:  DC 4A 84 77 42 74 D2 67 E7 BC 1C 19 7B 08 0B 4A  .J.wBt.g....{..J
000008D0:  0D 01 8B 4E BC CE 6A 83 E7 B9 1D 8B 92 16 D9 4D  ...N..j........M
000008E0:  64 57 E7 1B CF 5A 76 76 E5 05 9C 5D 35 17 8F 78  dW...Zvv...]5..x
000008F0:  07 71 F7 0E CA AB D7 2E D8 5F 14 92 6A 3C 9E C0  .q......._..j<..
00000900:  14 2E C0 93 10 F6 3F FD 84 5F 47 D3 BD 68 38 78  ......?.._G..h8x
00000910:  9C 10 5A 5A 8A 7D 74 8D 61 0B 2B AC 49 7F ED F0  ..ZZ.}t.a.+.I...
00000920:  B6 F4 D2 EB AC C7 E9 CE 9B EE 62 EC 6B B2 61 15  ..........b.k.a.
00000930:  ED 99 7B 47 13 0A 24 92 85 7A D0 1D 0E 43 7A 3A  ..{G..$..z...Cz:
00000940:  B1 BF D5 41 A8 44 9E 6D 7B 20 78 66 15 DA 5F C0  ...A.D.m{ xf.._.
00000950:  A3 BD 96 D5 BF B4 ED CF 61 BF D3 B0 DF CF D8 FD  ........a.......
00000960:  ED 8E 89 BC 67 62 64 4F 2A A9 09 08 54 5E C6 9F  ....gbdO*...T^..
00000970:  C5 1E BF A1 A7 9D 69 04 D9 4E A1 07 63 B0 38 C8  ......i..N..c.8.
00000980:  96 79 95 E1 92 EF 50 1D 14 BB 04 E2 47 7A 48 28  .y....P.....GzH(
00000990:  D0 C9 10 8F 4C D7 3D CB 02 82 72 69 19 EB 33 14  ....L.=...ri..3.
000009A0:  AF A0 D3 C7 99 E0 25 00 85 B5 2E 75 A0 A0 06 61  ......%....u...a
000009B0:  2A 41 87 79 DF 30 FB FF 61 B7 8B 35 83 B1 0E BA  *A.y.0..a..5....
000009C0:  D3 77 F0 47 95 F9 42 79 B9 37 4A 4F 5C AF 37 EF  .w.G..By.7JO\.7.
000009D0:  FD EE 17 E0 12 5C 25 5E 07 44 F2 DD 69 2A AF 41  .....\%^.D..i*.A
000009E0:  30 5C DD CB B7 A2 1F 5F 3F 92 AB A9 06 FC CC D2  0\....._?.......
000009F0:  2F 87 33 20 AD 58 47 23 D5 B6 29 44 F2 13 3A C6  /.3 .XG#..)D..:.
00000A00:  AC FE AF 25 35 7A D2 B1 41 96 01 DF 18 00 58 FC  ...%5z..A.....X.
00000A10:  A6 6A F9 E6 A8 D9 2D 26 65 65 AC 54 3D 48 98 B0  .j....-&ee.T=H..
00000A20:  34 23 F7 4D 5B 3A 46 5E 73 12 4F B0 19 BC DC 3A  4#.M[:F^s.O....:
00000A30:  FE 3F 27 90 D4 31 7D D0 B2 18 AD 74 D2 15 20 F4  .?'..1}....t.. .
00000A40:  9F D2 8E E6 6F 04 79 94 4F 24 67 C0 07 AF E3 0F  ....o.y.O$g.....
00000A50:  6D 81 76 BC 0F 5C F5 7B 3B 79 57 00 0F 62 7D A9  m.v..\.{;yW..b}.
00000A60:  56 86 83 02 F0 FA BF 9E 1D 1E D5 86 7E 98 C0 AF  V...........~...
00000A70:  C8 A0 9A 61 47 47 00 00 00 00 00 00 00 00 00 00  ...aGG..........
00000A80:  00 00 00 00 00 00 00 00 00 00 00 00 00 00 00 00  ................ [zeros]
00000A90:  00 00 00 00 00 00 00 00 00 00 00 00 00 00 00 00  ................ [zeros]
00000AA0:  00 00 00 00 00 00 00 00 00 00 00 00 00 00 00 00  ................ [zeros]
00000AB0:  00 00 00 00 00 00 00 00 00 00 00 00 00 00 00 00  ................ [zeros]
00000AC0:  00 00 00 00 00 00 00 00 00 00 00 00 00 00 00 00  ................ [zeros]
00000AD0:  00 00 00 00 00 00 00 00 00 00 00 00 00 00 00 00  ................ [zeros]
00000AE0:  00 00 00 00 00 00 00 00 00 00 00 00 00 00 00 00  ................ [zeros]
00000AF0:  00 00 00 00 00 00 00 00 00 00 00 00 00 00 00 00  ................ [zeros]
00000B00:  00 00 00 00 00 00 00 00 00 00 00 00 00 00 00 00  ................ [zeros]
00000B10:  00 00 00 00 00 00 00 00 00 00 00 00 00 00 00 00  ................ [zeros]
00000B20:  00 00 00 00 00 00 00 00 00 00 00 00 00 00 00 00  ................ [zeros]
00000B30:  00 00 00 00 00 00 00 00 00 00 00 00 00 00 00 00  ................ [zeros]
00000B40:  00 00 00 00 00 00 00 00 00 00 00 00 00 00 00 00  ................ [zeros]
00000B50:  00 00 00 00 00 00 00 00 00 00 00 00 00 00 00 00  ................ [zeros]
00000B60:  00 00 00 00 00 00 00 00 00 00 00 00 00 00 00 00  ................ [zeros]
00000B70:  00 00 00 00 00 00 00 00 00 00 00 00 00 00 00 00  ................ [zeros]
00000B80:  00 00 00 00 00 00 00 00 00 00 00 00 00 00 00 00  ................ [zeros]
00000B90:  00 00 00 00 00 00 00 00 00 00 00 00 00 00 00 00  ................ [zeros]
00000BA0:  00 00 00 00 00 00 00 00 00 00 00 00 00 00 00 00  ................ [zeros]
00000BB0:  00 00 00 00 00 00 00 00 00 00 00 00 00 00 00 00  ................ [zeros]
00000BC0:  00 00 00 00 00 00 00 00 00 00 00 00 00 00 00 00  ................ [zeros]
00000BD0:  00 00 00 00 00 00 00 00 00 00 00 00 00 00 00 00  ................ [zeros]
00000BE0:  00 00 00 00 00 00 00 00 00 00 00 00 00 00 00 00  ................ [zeros]
00000BF0:  00 00 00 00 00 00 00 00 00 00 00 00 00 00 00 00  ................ [zeros]
00000C00:  00 00 00 00 00 00 00 00 00 00 00 00 00 00 00 00  ................ [zeros]
00000C10:  00 00 00 00 00 00 00 00 00 00 00 00 00 00 00 00  ................ [zeros]
00000C20:  00 00 00 00 00 00 00 00 00 00 00 00 00 00 00 00  ................ [zeros]
00000C30:  00 00 00 00 00 00 00 00 00 00 00 00 00 00 00 00  ................ [zeros]
00000C40:  00 00 00 00 00 00 00 00 00 00 00 00 00 00 00 00  ................ [zeros]
00000C50:  00 00 00 00 00 00 00 00 00 00 00 00 00 00 00 00  ................ [zeros]
00000C60:  00 00 00 00 00 00 00 00 00 00 00 00 00 00 00 00  ................ [zeros]
00000C70:  00 00 00 00 00 00 00 00 00 00 00 00 00 00 00 00  ................ [zeros]
00000C80:  00 00 00 00 00 00 00 00 00 00 00 00 00 00 00 00  ................ [zeros]
00000C90:  00 00 00 00 00 00 00 00 00 00 00 00 00 00 00 00  ................ [zeros]
00000CA0:  00 00 00 00 00 00 00 00 00 00 00 00 00 00 00 00  ................ [zeros]
00000CB0:  00 00 00 00 00 00 00 00 00 00 00 00 00 00 00 00  ................ [zeros]
00000CC0:  00 00 00 00 00 00 00 00 00 00 00 00 00 00 00 00  ................ [zeros]
00000CD0:  00 00 00 00 00 00 00 00 00 00 00 00 00 00 00 00  ................ [zeros]
00000CE0:  00 00 00 00 00 00 00 00 00 00 00 00 00 00 00 00  ................ [zeros]
00000CF0:  00 00 00 00 00 00 00 00 00 00 00 00 00 00 00 00  ................ [zeros]
00000D00:  00 00 00 00 00 00 00 00 00 00 00 00 00 00 00 00  ................ [zeros]
00000D10:  00 00 00 00 00 00 00 00 00 00 00 00 00 00 00 00  ................ [zeros]
00000D20:  00 00 00 00 00 00 00 00 00 00 00 00 00 00 00 00  ................ [zeros]
00000D30:  00 00 00 00 00 00 00 00 00 00 00 00 00 00 00 00  ................ [zeros]
00000D40:  00 00 00 00 00 00 00 00 00 00 00 00 00 00 00 00  ................ [zeros]
00000D50:  00 00 00 00 00 00 00 00 00 00 00 00 00 00 00 00  ................ [zeros]
00000D60:  00 00 00 00 00 00 00 00 00 00 00 00 00 00 00 00  ................ [zeros]
00000D70:  00 00 00 00 00 00 00 00 00 00 00 00 00 00 00 00  ................ [zeros]
00000D80:  00 00 00 00 00 00 00 00 00 00 00 00 00 00 00 00  ................ [zeros]
00000D90:  00 00 00 00 00 00 00 00 00 00 00 00 00 00 00 00  ................ [zeros]
00000DA0:  00 00 00 00 00 00 00 00 00 00 00 00 00 00 00 00  ................ [zeros]
00000DB0:  00 00 00 00 00 00 00 00 00 00 00 00 00 00 00 00  ................ [zeros]
00000DC0:  00 00 00 00 00 00 00 00 00 00 00 00 00 00 00 00  ................ [zeros]
00000DD0:  00 00 00 00 00 00 00 00 00 00 00 00 00 00 00 00  ................ [zeros]
00000DE0:  00 00 00 00 00 00 00 00 00 00 00 00 00 00 00 00  ................ [zeros]
00000DF0:  00 00 00 00 00 00 00 00 00 00 00 00 00 00 00 00  ................ [zeros]
00000E00:  00 00 00 00 00 00 00 00 00 00 00 00 00 00 00 00  ................ [zeros]
00000E10:  00 00 00 00 00 00 00 00 00 00 00 00 00 00 00 00  ................ [zeros]
00000E20:  00 00 00 00 00 00 00 00 00 00 00 00 00 00 00 00  ................ [zeros]
00000E30:  00 00 00 00 00 00 00 00 00 00 00 00 00 00 00 00  ................ [zeros]
00000E40:  00 00 00 00 00 00 00 00 00 00 00 00 00 00 00 00  ................ [zeros]
00000E50:  00 00 00 00 00 00 00 00 00 00 00 00 00 00 00 00  ................ [zeros]
00000E60:  00 00 00 00 00 00 00 00 00 00 00 00 00 00 00 00  ................ [zeros]
00000E70:  00 00 00 00 00 00 B4 2A 43 36 E1 8C C2 52 F7 15  .......*C6...R..
00000E80:  A4 2C A2 0D 32 51 00 00 00 00 00 00 00 00 00 00  .,..2Q..........
00000E90:  00 00 00 00 00 00 00 00 00 00 00 00 00 00 00 00  ................ [zeros]
00000EA0:  00 00 00 00 00 00 00 00 00 00 00 00 00 00 00 00  ................ [zeros]
00000EB0:  00 00 00 00 00 00 00 00 00 00 00 00 00 00 00 00  ................ [zeros]
00000EC0:  00 00 00 00 00 00 00 00 00 00 00 00 00 00 00 00  ................ [zeros]
00000ED0:  00 00 00 00 00 00 00 00 00 00 00 00 00 00 00 00  ................ [zeros]
00000EE0:  00 00 00 00 00 00 00 00 00 00 00 00 00 00 00 00  ................ [zeros]
00000EF0:  00 00 00 00 00 00 00 00 00 00 00 00 00 00 00 00  ................ [zeros]
00000F00:  00 00 00 00 00 00 00 00 00 00 00 00 00 00 00 00  ................ [zeros]
00000F10:  00 00 00 00 00 00 00 00 00 00 00 00 00 00 00 00  ................ [zeros]
00000F20:  00 00 00 00 00 00 00 00 00 00 00 00 00 00 00 00  ................ [zeros]
00000F30:  00 00 00 00 00 00 00 00 00 00 00 00 00 00 00 00  ................ [zeros]
00000F40:  00 00 00 00 00 00 00 00 00 00 00 00 00 00 00 00  ................ [zeros]
00000F50:  00 00 00 00 00 00 00 00 00 00 00 00 00 00 00 00  ................ [zeros]
00000F60:  00 00 00 00 00 00 00 00 00 00 00 00 00 00 00 00  ................ [zeros]
00000F70:  00 00 00 00 00 00 00 00 00 00 00 00 00 00 00 00  ................ [zeros]
00000F80:  00 00 00 00 00 00 00 00 00 00 00 00 00 00 00 00  ................ [zeros]
00000F90:  00 00 00 00 00 00 00 00 00 00 00 00 00 00 00 00  ................ [zeros]
00000FA0:  00 00 00 00 00 00 00 00 00 00 00 00 00 00 00 00  ................ [zeros]
00000FB0:  00 00 00 00 00 00 00 00 00 00 00 00 00 00 00 00  ................ [zeros]
00000FC0:  00 00 00 00 00 00 00 00 00 00 00 00 00 00 00 00  ................ [zeros]
00000FD0:  00 00 00 00 00 00 00 00 00 00 00 00 00 00 00 00  ................ [zeros]
00000FE0:  00 00 00 00 00 00 00 00 00 00 00 00 00 00 00 00  ................ [zeros]
00000FF0:  00 00 00 00 00 00 00 00 00 00 00 00 00 00 00 00  ................ [zeros]
00001000:  00 00 00 00 00 00 00 00 00 00 00 00 00 00 00 00  ................ [zeros]
00001010:  00 00 00 00 00 00 00 00 00 00 00 00 00 00 00 00  ................ [zeros]
00001020:  00 00 00 00 00 00 00 00 00 00 00 00 00 00 00 00  ................ [zeros]
00001030:  00 00 00 00 00 00 00 00 00 00 00 00 00 00 00 00  ................ [zeros]
00001040:  00 00 00 00 00 00 00 00 00 00 00 00 00 00 00 00  ................ [zeros]
00001050:  00 00 00 00 00 00 00 00 00 00 00 00 00 00 00 00  ................ [zeros]
00001060:  00 00 00 00 00 00 00 00 00 00 00 00 00 00 00 00  ................ [zeros]
00001070:  00 00 00 00 00 00 00 00 00 00 00 00 00 00 00 00  ................ [zeros]
00001080:  00 00 00 00 00 00 00 00 00 00 00 00 00 00 00 00  ................ [zeros]
00001090:  00 00 00 00 00 00 00 00 00 00 00 00 00 00 00 00  ................ [zeros]
000010A0:  00 00 00 00 00 00 00 00 00 00 00 00 00 00 00 00  ................ [zeros]
000010B0:  00 00 00 00 00 00 00 00 00 00 00 00 00 00 00 00  ................ [zeros]
000010C0:  00 00 00 00 00 00 00 00 00 00 00 00 00 00 00 00  ................ [zeros]
000010D0:  00 00 00 00 00 00 00 00 00 00 00 00 00 00 00 00  ................ [zeros]
000010E0:  00 00 00 00 00 00 00 00 00 00 00 00 00 00 00 00  ................ [zeros]
000010F0:  00 00 00 00 00 00 00 00 00 00 00 00 00 00 00 00  ................ [zeros]
00001100:  00 00 00 00 00 00 00 00 00 00 00 00 00 00 00 00  ................ [zeros]
00001110:  00 00 00 00 00 00 00 00 00 00 00 00 00 00 00 00  ................ [zeros]
00001120:  00 00 00 00 00 00 00 00 00 00 00 00 00 00 00 00  ................ [zeros]
00001130:  00 00 00 00 00 00 00 00 00 00 00 00 00 00 00 00  ................ [zeros]
00001140:  00 00 00 00 00 00 00 00 00 00 00 00 00 00 00 00  ................ [zeros]
00001150:  00 00 00 00 00 00 00 00 00 00 00 00 00 00 00 00  ................ [zeros]
00001160:  00 00 00 00 00 00 00 00 00 00 00 00 00 00 00 00  ................ [zeros]
00001170:  00 00 00 00 00 00 00 00 00 00 00 00 00 00 00 00  ................ [zeros]
00001180:  00 00 00 00 00 00 00 00 00 00 00 00 00 00 00 00  ................ [zeros]
00001190:  00 00 00 00 00 00 00 00 00 00 00 00 00 00 00 00  ................ [zeros]
000011A0:  00 00 00 00 00 00 00 00 00 00 00 00 00 00 00 00  ................ [zeros]
000011B0:  00 00 00 00 00 00 00 00 00 00 00 00 00 00 00 00  ................ [zeros]
000011C0:  00 00 00 00 00 00 00 00 00 00 00 00 00 00 00 00  ................ [zeros]
000011D0:  00 00 00 00 00 00 00 00 00 00 00 00 00 00 00 00  ................ [zeros]
000011E0:  00 00 00 00 00 00 00 00 00 00 00 00 00 00 00 00  ................ [zeros]
000011F0:  00 00 00 00 00 00 00 00 00 00 00 00 00 00 00 00  ................ [zeros]
00001200:  00 00 00 00 00 00 00 00 00 00 00 00 00 00 00 00  ................ [zeros]
00001210:  00 00 00 00 00 00 00 00 00 00 00 00 00 00 00 00  ................ [zeros]
00001220:  00 00 00 00 00 00 00 00 00 00 00 00 00 00 00 00  ................ [zeros]
00001230:  00 00 00 00 00 00 00 00 00 00 00 00 00 00 00 00  ................ [zeros]
00001240:  00 00 00 00 00 00 00 00 00 00 00 00 00 00 00 00  ................ [zeros]
00001250:  00 00 00 00 00 00 00 00 00 00 00 00 00 00 00 00  ................ [zeros]
00001260:  00 00 00 00 00 00 00 00 00 00 00 00 00 00 00 00  ................ [zeros]
00001270:  00 00 00 00 00 00 DF F3 4A 62 85 20 1A 27 0A 23  ........Jb. .'.#
00001280:  68 10 E1 1F AF C4 00 00 00 00 00 00 00 00 00 00  h...............
00001290:  00 00 00 00 00 00 00 00 00 00 00 00 00 00 00 00  ................ [zeros]
000012A0:  00 00 00 00 00 00 00 00 00 00 00 00 00 00 00 00  ................ [zeros]
000012B0:  00 00 00 00 00 00 00 00 00 00 00 00 00 00 00 00  ................ [zeros]
000012C0:  00 00 00 00 00 00 00 00 00 00 00 00 00 00 00 00  ................ [zeros]
000012D0:  00 00 00 00 00 00 00 00 00 00 00 00 00 00 00 00  ................ [zeros]
000012E0:  00 00 00 00 00 00 00 00 00 00 00 00 00 00 00 00  ................ [zeros]
000012F0:  00 00 00 00 00 00 00 00 00 00 00 00 00 00 00 00  ................ [zeros]
00001300:  00 00 00 00 00 00 00 00 00 00 00 00 00 00 00 00  ................ [zeros]
00001310:  00 00 00 00 00 00 00 00 00 00 00 00 00 00 00 00  ................ [zeros]
00001320:  00 00 00 00 00 00 00 00 00 00 00 00 00 00 00 00  ................ [zeros]
00001330:  00 00 00 00 00 00 00 00 00 00 00 00 00 00 00 00  ................ [zeros]
00001340:  00 00 00 00 00 00 00 00 00 00 00 00 00 00 00 00  ................ [zeros]
00001350:  00 00 00 00 00 00 00 00 00 00 00 00 00 00 00 00  ................ [zeros]
00001360:  00 00 00 00 00 00 00 00 00 00 00 00 00 00 00 00  ................ [zeros]
00001370:  00 00 00 00 00 00 00 00 00 00 00 00 00 00 00 00  ................ [zeros]
00001380:  00 00 00 00 00 00 00 00 00 00 00 00 00 00 00 00  ................ [zeros]
00001390:  00 00 00 00 00 00 00 00 00 00 00 00 00 00 00 00  ................ [zeros]
000013A0:  00 00 00 00 00 00 00 00 00 00 00 00 00 00 00 00  ................ [zeros]
000013B0:  00 00 00 00 00 00 00 00 00 00 00 00 00 00 00 00  ................ [zeros]
000013C0:  00 00 00 00 00 00 00 00 00 00 00 00 00 00 00 00  ................ [zeros]
000013D0:  00 00 00 00 00 00 00 00 00 00 00 00 00 00 00 00  ................ [zeros]
000013E0:  00 00 00 00 00 00 00 00 00 00 00 00 00 00 00 00  ................ [zeros]
000013F0:  00 00 00 00 00 00 00 00 00 00 00 00 00 00 00 00  ................ [zeros]
00001400:  00 00 00 00 00 00 00 00 00 00 00 00 00 00 00 00  ................ [zeros]
00001410:  00 00 00 00 00 00 00 00 00 00 00 00 00 00 00 00  ................ [zeros]
00001420:  00 00 00 00 00 00 00 00 00 00 00 00 00 00 00 00  ................ [zeros]
00001430:  00 00 00 00 00 00 00 00 00 00 00 00 00 00 00 00  ................ [zeros]
00001440:  00 00 00 00 00 00 00 00 00 00 00 00 00 00 00 00  ................ [zeros]
00001450:  00 00 00 00 00 00 00 00 00 00 00 00 00 00 00 00  ................ [zeros]
00001460:  00 00 00 00 00 00 00 00 00 00 00 00 00 00 00 00  ................ [zeros]
00001470:  00 00 00 00 00 00 00 00 00 00 00 00 00 00 00 00  ................ [zeros]
00001480:  00 00 00 00 00 00 00 00 00 00 00 00 00 00 00 00  ................ [zeros]
00001490:  00 00 00 00 00 00 00 00 00 00 00 00 00 00 00 00  ................ [zeros]
000014A0:  00 00 00 00 00 00 00 00 00 00 00 00 00 00 00 00  ................ [zeros]
000014B0:  00 00 00 00 00 00 00 00 00 00 00 00 00 00 00 00  ................ [zeros]
000014C0:  00 00 00 00 00 00 00 00 00 00 00 00 00 00 00 00  ................ [zeros]
000014D0:  00 00 00 00 00 00 00 00 00 00 00 00 00 00 00 00  ................ [zeros]
000014E0:  00 00 00 00 00 00 00 00 00 00 00 00 00 00 00 00  ................ [zeros]
000014F0:  00 00 00 00 00 00 00 00 00 00 00 00 00 00 00 00  ................ [zeros]
00001500:  00 00 00 00 00 00 00 00 00 00 00 00 00 00 00 00  ................ [zeros]
00001510:  00 00 00 00 00 00 00 00 00 00 00 00 00 00 00 00  ................ [zeros]
00001520:  00 00 00 00 00 00 00 00 00 00 00 00 00 00 00 00  ................ [zeros]
00001530:  00 00 00 00 00 00 00 00 00 00 00 00 00 00 00 00  ................ [zeros]
00001540:  00 00 00 00 00 00 00 00 00 00 00 00 00 00 00 00  ................ [zeros]
00001550:  00 00 00 00 00 00 00 00 00 00 00 00 00 00 00 00  ................ [zeros]
00001560:  00 00 00 00 00 00 00 00 00 00 00 00 00 00 00 00  ................ [zeros]
00001570:  00 00 00 00 00 00 00 00 00 00 00 00 00 00 00 00  ................ [zeros]
00001580:  00 00 00 00 00 00 00 00 00 00 00 00 00 00 00 00  ................ [zeros]
00001590:  00 00 00 00 00 00 00 00 00 00 00 00 00 00 00 00  ................ [zeros]
000015A0:  00 00 00 00 00 00 00 00 00 00 00 00 00 00 00 00  ................ [zeros]
000015B0:  00 00 00 00 00 00 00 00 00 00 00 00 00 00 00 00  ................ [zeros]
000015C0:  00 00 00 00 00 00 00 00 00 00 00 00 00 00 00 00  ................ [zeros]
000015D0:  00 00 00 00 00 00 00 00 00 00 00 00 00 00 00 00  ................ [zeros]
000015E0:  00 00 00 00 00 00 00 00 00 00 00 00 00 00 00 00  ................ [zeros]
000015F0:  00 00 00 00 00 00 00 00 00 00 00 00 00 00 00 00  ................ [zeros]
00001600:  00 00 00 00 00 00 00 00 00 00 00 00 00 00 00 00  ................ [zeros]
00001610:  00 00 00 00 00 00 00 00 00 00 00 00 00 00 00 00  ................ [zeros]
00001620:  00 00 00 00 00 00 00 00 00 00 00 00 00 00 00 00  ................ [zeros]
00001630:  00 00 00 00 00 00 00 00 00 00 00 00 00 00 00 00  ................ [zeros]
00001640:  00 00 00 00 00 00 00 00 00 00 00 00 00 00 00 00  ................ [zeros]
00001650:  00 00 00 00 00 00 00 00 00 00 00 00 00 00 00 00  ................ [zeros]
00001660:  00 00 00 00 00 00 00 00 00 00 00 00 00 00 00 00  ................ [zeros]
00001670:  00 00 00 00 00 00 08 DF 40 7B 6F 24 8D 52 A3 D2  ........@{o$.R..
00001680:  AF F8 0A 29 BB 19 00 00 00 00 00 00 00 00 00 00  ...)............
00001690:  00 00 00 00 00 00 00 00 00 00 00 00 00 00 00 00  ................ [zeros]
000016A0:  00 00 00 00 00 00 00 00 00 00 00 00 00 00 00 00  ................ [zeros]
000016B0:  00 00 00 00 00 00 00 00 00 00 00 00 00 00 00 00  ................ [zeros]
000016C0:  00 00 00 00 00 00 00 00 00 00 00 00 00 00 00 00  ................ [zeros]
000016D0:  00 00 00 00 00 00 00 00 00 00 00 00 00 00 00 00  ................ [zeros]
000016E0:  00 00 00 00 00 00 00 00 00 00 00 00 00 00 00 00  ................ [zeros]
000016F0:  00 00 00 00 00 00 00 00 00 00 00 00 00 00 00 00  ................ [zeros]
00001700:  00 00 00 00 00 00 00 00 00 00 00 00 00 00 00 00  ................ [zeros]
00001710:  00 00 00 00 00 00 00 00 00 00 00 00 00 00 00 00  ................ [zeros]
00001720:  00 00 00 00 00 00 00 00 00 00 00 00 00 00 00 00  ................ [zeros]
00001730:  00 00 00 00 00 00 00 00 00 00 00 00 00 00 00 00  ................ [zeros]
00001740:  00 00 00 00 00 00 00 00 00 00 00 00 00 00 00 00  ................ [zeros]
00001750:  00 00 00 00 00 00 00 00 00 00 00 00 00 00 00 00  ................ [zeros]
00001760:  00 00 00 00 00 00 00 00 00 00 00 00 00 00 00 00  ................ [zeros]
00001770:  00 00 00 00 00 00 00 00 00 00 00 00 00 00 00 00  ................ [zeros]
00001780:  00 00 00 00 00 00 00 00 00 00 00 00 00 00 00 00  ................ [zeros]
00001790:  00 00 00 00 00 00 00 00 00 00 00 00 00 00 00 00  ................ [zeros]
000017A0:  00 00 00 00 00 00 00 00 00 00 00 00 00 00 00 00  ................ [zeros]
000017B0:  00 00 00 00 00 00 00 00 00 00 00 00 00 00 00 00  ................ [zeros]
000017C0:  00 00 00 00 00 00 00 00 00 00 00 00 00 00 00 00  ................ [zeros]
000017D0:  00 00 00 00 00 00 00 00 00 00 00 00 00 00 00 00  ................ [zeros]
000017E0:  00 00 00 00 00 00 00 00 00 00 00 00 00 00 00 00  ................ [zeros]
000017F0:  00 00 00 00 00 00 00 00 00 00 00 00 00 00 00 00  ................ [zeros]
00001800:  00 00 00 00 00 00 00 00 00 00 00 00 00 00 00 00  ................ [zeros]
00001810:  00 00 00 00 00 00 00 00 00 00 00 00 00 00 00 00  ................ [zeros]
00001820:  00 00 00 00 00 00 00 00 00 00 00 00 00 00 00 00  ................ [zeros]
00001830:  00 00 00 00 00 00 00 00 00 00 00 00 00 00 00 00  ................ [zeros]
00001840:  00 00 00 00 00 00 00 00 00 00 00 00 00 00 00 00  ................ [zeros]
00001850:  00 00 00 00 00 00 00 00 00 00 00 00 00 00 00 00  ................ [zeros]
00001860:  00 00 00 00 00 00 00 00 00 00 00 00 00 00 00 00  ................ [zeros]
00001870:  00 00 00 00 00 00 00 00 00 00 00 00 00 00 00 00  ................ [zeros]
00001880:  00 00 00 00 00 00 00 00 00 00 00 00 00 00 00 00  ................ [zeros]
00001890:  00 00 00 00 00 00 00 00 00 00 00 00 00 00 00 00  ................ [zeros]
000018A0:  00 00 00 00 00 00 00 00 00 00 00 00 00 00 00 00  ................ [zeros]
000018B0:  00 00 00 00 00 00 00 00 00 00 00 00 00 00 00 00  ................ [zeros]
000018C0:  00 00 00 00 00 00 00 00 00 00 00 00 00 00 00 00  ................ [zeros]
000018D0:  00 00 00 00 00 00 00 00 00 00 00 00 00 00 00 00  ................ [zeros]
000018E0:  00 00 00 00 00 00 00 00 00 00 00 00 00 00 00 00  ................ [zeros]
000018F0:  00 00 00 00 00 00 00 00 00 00 00 00 00 00 00 00  ................ [zeros]
00001900:  00 00 00 00 00 00 00 00 00 00 00 00 00 00 00 00  ................ [zeros]
00001910:  00 00 00 00 00 00 00 00 00 00 00 00 00 00 00 00  ................ [zeros]
00001920:  00 00 00 00 00 00 00 00 00 00 00 00 00 00 00 00  ................ [zeros]
00001930:  00 00 00 00 00 00 00 00 00 00 00 00 00 00 00 00  ................ [zeros]
00001940:  00 00 00 00 00 00 00 00 00 00 00 00 00 00 00 00  ................ [zeros]
00001950:  00 00 00 00 00 00 00 00 00 00 00 00 00 00 00 00  ................ [zeros]
00001960:  00 00 00 00 00 00 00 00 00 00 00 00 00 00 00 00  ................ [zeros]
00001970:  00 00 00 00 00 00 00 00 00 00 00 00 00 00 00 00  ................ [zeros]
00001980:  00 00 00 00 00 00 00 00 00 00 00 00 00 00 00 00  ................ [zeros]
00001990:  00 00 00 00 00 00 00 00 00 00 00 00 00 00 00 00  ................ [zeros]
000019A0:  00 00 00 00 00 00 00 00 00 00 00 00 00 00 00 00  ................ [zeros]
000019B0:  00 00 00 00 00 00 00 00 00 00 00 00 00 00 00 00  ................ [zeros]
000019C0:  00 00 00 00 00 00 00 00 00 00 00 00 00 00 00 00  ................ [zeros]
000019D0:  00 00 00 00 00 00 00 00 00 00 00 00 00 00 00 00  ................ [zeros]
000019E0:  00 00 00 00 00 00 00 00 00 00 00 00 00 00 00 00  ................ [zeros]
000019F0:  00 00 00 00 00 00 00 00 00 00 00 00 00 00 00 00  ................ [zeros]
00001A00:  00 00 00 00 00 00 00 00 00 00 00 00 00 00 00 00  ................ [zeros]
00001A10:  00 00 00 00 00 00 00 00 00 00 00 00 00 00 00 00  ................ [zeros]
00001A20:  00 00 00 00 00 00 00 00 00 00 00 00 00 00 00 00  ................ [zeros]
00001A30:  00 00 00 00 00 00 00 00 00 00 00 00 00 00 00 00  ................ [zeros]
00001A40:  00 00 00 00 00 00 00 00 00 00 00 00 00 00 00 00  ................ [zeros]
00001A50:  00 00 00 00 00 00 00 00 00 00 00 00 00 00 00 00  ................ [zeros]
00001A60:  00 00 00 00 00 00 00 00 00 00 00 00 00 00 00 00  ................ [zeros]
00001A70:  00 00 00 00 00 00 FD 33 65 99 BB 34 E2 8D 71 DD  .......3e..4..q.
00001A80:  78 AD 52 2E 60 61 DA 46 80 B3 DB 77 3E 9D 4A B3  x.R.`a.F...w>.J.
00001A90:  C4 42 BE 91 2C CF 11 D9 27 00 74 21 82 EE DB 2D  .B..,...'.t!...-
00001AA0:  20 10 4D AB 20 A8 72 B2 99 75 83 9F AA 0E 45 9B   .M. .r..u....E.
00001AB0:  DB B5 A8 F7 1B CE 0F F2 E1 20 B0 21 41 07 B9 A3  ......... .!A...
00001AC0:  6D 75 D9 8C CE 29 E4 C7 DE 81 6D C3 62 52 DD D9  mu...)....m.bR..
00001AD0:  73 B3 01 1D 57 73 D6 6B 56 59 75 8D DB 3C 1D 08  s...Ws.kVYu..<..
00001AE0:  15 32 1D BE 8E 52 3C 82 1B D5 BB B4 F0 CB 8C 93  .2...R<.........
00001AF0:  DE 9C 9A 10 1E 20 57 3A A3 DE C4 AC 18 3F D3 7C  ..... W:.....?.|
00001B00:  E1 03 DE E0 D3 64 19 D0 C2 BA 2E 46 63 CD DD 1F  .....d.....Fc...
00001B10:  1A 84 6D FB F9 D7 91 C1 F1 F6 16 44 D8 4A 88 A4  ..m........D.J..
00001B20:  D8 06 9D 10 47 F1 07 B9 AA BB 6E 64 52 E2 DD 29  ....G.....ndR..)
00001B30:  83 DB B9 F2 60 D4 DD 66 D9 28 4A 49 CC 7F 36 26  ....`..f.(JI..6&
00001B40:  70 F2 94 23 A7 6D 81 CE F5 A3 DD 0D 73 0C C3 AC  p..#.m......s...
00001B50:  BB B6 7D CD 1A 81 8F C7 DC AC F1 8D E4 28 49 53  ..}..........(IS
00001B60:  7A 11 C1 50 2B 53 90 4E CB 59 BA 68 61 FC 16 CB  z..P+S.N.Y.ha...
00001B70:  37 97 3E 3F 15 89 73 0E 64 F0 34 FF AE 56 69 1C  7.>?..s.d.4..Vi.
00001B80:  0C 6F B3 A7 01 FB F1 BF 06 E4 EC 3B 5A F1 A5 C4  .o.........;Z...
00001B90:  9A 4D A5 28 FE 12 A3 79 D9 F4 24 6B 95 B9 D9 9B  .M.(...y..$k....
00001BA0:  1F 52 02 6A E3 B3 0C 1F 78 E5 A0 B7 49 1B A6 0C  .R.j....x...I...
00001BB0:  A9 44 86 C6 A1 B2 FA 65 61 10 F1 A9 30 E1 07 50  .D.....ea...0..P
00001BC0:  26 F0 F7 7C A9 B4 E4 8A 16 AA 2D 2E D9 A8 A4 0A  &..|......-.....
00001BD0:  E7 1B FC 21 1F 6C 67 B3 90 81 BF 9A 31 6D 76 8E  ...!.lg.....1mv.
00001BE0:  22 4B 0F 52 AF 72 FC 76 64 8A E3 1A 8F F4 5D 8D  "K.R.r.vd.....].
00001BF0:  C4 65 B7 03 5A BC E0 DC 62 CF 3D 51 3E 54 BD 41  .e..Z...b.=Q>T.A
00001C00:  A0 EC D2 48 DA 8A F6 AA 08 2E B8 D5 41 27 3D DC  ...H........A'=.
00001C10:  3D F8 D6 66 24 C6 A7 89 FA FB 2E 7E BA E3 4F AC  =..f$......~..O.
00001C20:  7E CF 17 1A 6F 3F CE CE 08 C0 CC CF 94 A9 65 5F  ~...o?........e_
00001C30:  DF 3A 4D E5 A8 4F 91 DD B5 22 32 0C 75 DA FC 22  .:M..O..."2.u.."
00001C40:  96 B5 00 3F 91 4A F9 5A C6 E2 E9 83 1C AD 19 D5  ...?.J.Z........
00001C50:  BA 40 CD C8 99 1C 03 35 5D 47 2E F7 44 AF 12 68  .@.....5]G..D..h
00001C60:  04 55 C9 54 C3 53 EF 91 32 3E BD 91 06 B9 D7 5D  .U.T.S..2>.....]
00001C70:  08 04 E5 C9 E1 D2 B3 85 79 4F A5 57 9E 5C FB 54  ........yO.W.\.T
00001C80:  9C 92 07 0E CA C8 3D DC C9 69 9F 99 4D D7 95 E0  ......=..i..M...
00001C90:  BE 25 15 BC 00 B7 72 B2 99 75 83 9F AA 0E 45 9B  .%....r..u....E.
00001CA0:  DB B5 A8 F7 1B CE C0 EB 94 BC EB AE 93 2D 2E 5F  .............-._
00001CB0:  2B 72 98 CF 2F BC 86 35 90 92 3F A2 6B 6F 40 75  +r../..5..?.ko@u
00001CC0:  4E BB 7F 16 04 0F 59 5A DA C7 A0 F7 EC 1F 2D 80  N.....YZ......-.
00001CD0:  7D BB 57 E5 7F 34 55 75 E4 EC A3 29 4D 4A A4 C8  }.W..4Uu...)MJ..
00001CE0:  05 15 F3 36 3E ED 74 57 48 0E CC 85 12 AE 81 FB  ...6>.tWH.......
00001CF0:  2C D7 2B 07 EC C9 E5 93 42 CE 53 BF 08 B4 0D 8D  ,.+.....B.S.....
00001D00:  3C FF 07 9B 29 05 D0 75 62 8C 39 90 FF FE 23 C4  <...)..ub.9...#.
00001D10:  9C D1 88 F6 0B AB 17 C5 D0 6C 78 66 16 35 B5 A4  .........lxf.5..
00001D20:  0D 24 D8 9A 4B E7 64 6E D7 D5 49 DD 80 56 C7 A0  .$..K.dn..I..V..
00001D30:  C8 B5 6C 8A 50 D4 A5 42 2F 21 84 B0 9B 00 E2 E1  ..l.P..B/!......
00001D40:  A1 0E 78 D6 07 F2 C2 13 FD 9F F7 26 F3 3E 9C 95  ..x........&.>..
00001D50:  30 41 FF 0F D7 4E A6 F7 27 B0 7E 3A 06 57 3E BE  0A...N..'.~:.W>.
00001D60:  B6 41 40 22 A6 CA F7 04 A4 7B 23 19 30 E6 96 9E  .A@".....{#.0...
00001D70:  C1 48 5C CE 40 A6 28 16 E1 D6 C3 09 49 D6 6E 0B  .H\.@.(.....I.n.
00001D80:  B2 5B E1 ED C5 61 D1 F1 95 22 1A 98 54 98 28 4C  .[...a..."..T.(L
00001D90:  43 BF C3 7C E4 C2 76 40 B4 24 EE E6 0E CB 32 99  C..|..v@.$....2.
00001DA0:  5D 66 47 35 E5 4E 16 64 12 F9 7A 40 27 59 A9 78  ]fG5.N.d..z@'Y.x
00001DB0:  4F D8 5E FF D0 CE C9 7D 02 E4 99 1B DB EE D6 14  O.^....}........
00001DC0:  8D 1A 15 91 94 A9 EC 17 20 6A 93 8F 35 0A 26 0F  ........ j..5.&.
00001DD0:  DA 4E 10 41 D1 52 47 D1 31 F9 50 CB F3 19 83 C4  .N.A.RG.1.P.....
00001DE0:  D6 98 67 FC E6 AD E7 87 52 69 24 B2 3C 85 B6 AF  ..g.....Ri$.<...
00001DF0:  73 9B F6 AF AD E7 F6 15 9D A8 95 76 5D B6 D3 37  s..........v]..7
00001E00:  37 55 E1 C5 3F 42 64 C5 D8 28 6F 95 9F BE 1B DB  7U..?Bd..(o.....
00001E10:  EA FD 1F 71 A4 0F A6 8F 5B F3 BF CE 11 BF 04 D1  ...q....[.......
00001E20:  01 8D 38 07 2A 65 C2 39 5B 7E 1E 20 D2 AD 89 CF  ..8.*e.9[~. ....
00001E30:  46 67 A4 65 9A 73 99 15 E9 37 AD AA 3D 50 17 8A  Fg.e.s...7..=P..
00001E40:  06 B5 88 AC 98 FF 43 01 7B DD DC 12 97 74 6E 31  ......C.{....tn1
00001E50:  E9 D5 70 64 04 E1 59 C9 F0 F6 94 79 62 7C 90 B6  ..pd..Y....yb|..
00001E60:  65 E7 80 5F 98 5E 36 37 AB 5C 86 1F DF CF CF 7B  e.._.^67.\.....{
00001E70:  BD 43 D0 46 02 81 ED 1F EF 95 A3 91 A3 DC 66 A3  .C.F..........f.
00001E80:  89 6B 6E 00 09 62 4F 44 EE 3D B8 17 84 5F 3E A2  .kn..bOD.=..._>.
00001E90:  DE 3D 91 2E AA 3E 55 E1 60 1B 2A 6E 57 8D 18 9F  .=...>U.`.*nW...
00001EA0:  2F DA 14 0E 7A DB 0D CA 73 11 F8 96 FA 6A 46 8F  /...z...s....jF.
00001EB0:  CF 7C 9D BB 23 87 25 A8 96 D8 0A B1 9D 10 40 71  .|..#.%.......@q
00001EC0:  E9 2B D9 3E CC B0 85 A0 19 D4 4C BA 9C 6E 3B C7  .+.>......L..n;.
00001ED0:  F6 3D 73 11 37 9E C8 80 25 84 C8 89 31 5E F9 E8  .=s.7...%...1^..
00001EE0:  5A B3 22 B3 ED 61 FF 6E C8 DE 2B EE FC 79 B8 06  Z."..a.n..+..y..
00001EF0:  5C 3D 3D 40 B2 03 C9 07 A1 6E 64 0B 02 B7 FA BE  \==@.....nd.....
00001F00:  10 34 96 7C 96 E9 DA D1 EA 26 6A BD 54 C7 CA 2A  .4.|.....&j.T..*
00001F10:  48 E1 C2 A3 02 C2 59 39 EF 06 8C E0 49 5B C3 8E  H.....Y9....I[..
00001F20:  19 AD 8C BD 4B 3A DC F2 CF B7 89 48 7E 05 4F 17  ....K:.....H~.O.
00001F30:  0C EF CB BE 27 BE B7 A2 B8 58 48 30 FB CC 23 AA  ....'....XH0..#.
00001F40:  86 3C 79 FD C2 59 F5 A5 22 42 DB C3 DF D0 54 46  .<y..Y.."B....TF
00001F50:  37 D9 96 CB 53 15 4C 05 CA 14 07 AA E1 5B 7E 39  7...S.L......[~9
00001F60:  DD F0 2E 73 26 42 BE 29 53 AB 62 52 46 7B 0A 99  ...s&B.)S.bRF{..
00001F70:  96 CC C0 AD 93 EB BF 1F 5D 20 06 D7 51 A9 AE 0D  ........] ..Q...
00001F80:  B6 C2 02 64 7D C6 F6 71 D8 15 A9 7A F3 AD 2D 15  ...d}..q...z..-.
00001F90:  20 30 15 D0 0C CC DB 86 AF 24 64 07 60 AD CB BE   0.......$d.`...
00001FA0:  9B E7 E7 F7 64 7B D7 FA 21 1C 93 B8 8C 02 15 71  ....d{..!......q
00001FB0:  CF 19 FA 43 CE F9 7D 20 70 03 77 FD 33 53 31 2F  ...C..} p.w.3S1/
00001FC0:  1D 07 04 57 93 6C 3D DC C9 69 9F 99 4D D7 95 E0  ...W.l=..i..M...
00001FD0:  BE 25 15 BC 00 B7 72 B2 99 75 83 9F AA 0E 45 9B  .%....r..u....E.
00001FE0:  DB B5 A8 F7 1B CE 10 E6 7C A3 35 1A C4 CF 02 BF  ........|.5.....
00001FF0:  69 E2 D9 38 57 66 D1 1C 98 FE 38 5C 9D 88 6B 43  i..8Wf....8\..kC
00002000:  D4 58 00 07 5A CA 91 FB 15 EE 2E C2 FE E9 38 CB  .X..Z.........8.
00002010:  AC DB 54 25 07 70 3C 82 1B D5 BB B4 F0 CB 8C 93  ..T%.p<.........
00002020:  DE 9C 9A 10 1E 20 57 3A A3 DE C4 AC 18 3F D3 7C  ..... W:.....?.|
00002030:  E1 03 DE E0 D3 64 19 D0 C2 BA 2E 46 63 CD DD 1F  .....d.....Fc...
00002040:  1A 84 6D FB F9 D7 22 68 52 2D 41 65 79 3B A7 AF  ..m..."hR-Aey;..
00002050:  3A B2 6A A4 85 B4 56 94 BE EB 7C 09 1D 61 53 D3  :.j...V...|..aS.
00002060:  A8 68 4A 3A DF D3 0E CC FB E3 82 2A 7D 8A 23 D5  .hJ:.......*}.#.
00002070:  17 0E 90 FE BA D8 01 DF 9C B0 A9 F4 F1 83 5C 6B  ..............\k
00002080:  0E 5A 98 A7 BC C4 16 38 31 0A AA 2F 57 A3 C0 A2  .Z.....81../W...
00002090:  A9 7F F3 3B ED 16 40 7B DE 4A 19 98 BF 23 98 EE  ...;..@{.J...#..
000020A0:  EE 36 B1 03 44 BF C8 37 A8 4B BB 4A 55 0F 0F AC  .6..D..7.K.JU...
000020B0:  FB 67 1B E3 DA 19 F1 BF 06 E4 EC 3B 5A F1 A5 C4  .g.........;Z...
000020C0:  9A 4D A5 28 FE 12 A3 79 D9 F4 24 6B 95 B9 D9 9B  .M.(...y..$k....
000020D0:  1F 52 02 6A E3 B3 0C 1F 78 E5 A0 B7 49 1B A6 0C  .R.j....x...I...
000020E0:  A9 44 86 C6 A1 B2 42 63 9E 85 51 B4 DD 73 24 BB  .D....Bc..Q..s$.
000020F0:  88 1E DF E7 B9 4E E4 8A 16 AA 2D 2E D9 A8 A4 0A  .....N....-.....
00002100:  E7 1B FC 21 1F 6C 60 D3 1F DC 8E A8 A6 BA 62 C1  ...!.l`.......b.
00002110:  7C CB EF F7 25 DE F4 93 F0 3E 56 05 B4 CF 6B 7A  |...%....>V...kz
00002120:  CB 80 CF 9F 98 9D E0 DC 62 CF 3D 51 3E 54 BD 41  ........b.=Q>T.A
00002130:  A0 EC D2 48 DA 8A CD ED 88 33 F0 B6 B5 78 ED 32  ...H.....3...x.2
00002140:  C0 10 46 76 2E 47 A7 89 FA FB 2E 7E BA E3 4F AC  ..Fv.G.....~..O.
00002150:  7E CF 17 1A 6F 3F CE CE 08 C0 CC CF 94 A9 65 5F  ~...o?........e_
00002160:  DF 3A 4D E5 A8 4F 91 DD B5 22 32 0C 75 DA FC 22  .:M..O..."2.u.."
00002170:  96 B5 00 3F 91 4A F9 5A C6 E2 E9 83 1C AD 19 D5  ...?.J.Z........
00002180:  BA 40 CD C8 99 1C DB DA 6F D1 40 F9 C4 45 B9 8A  .@......o.@..E..
00002190:  9B 47 B8 30 C6 CB CF 5D 6E 38 AF EF 64 E7 CB AF  .G.0...]n8..d...
000021A0:  A0 3D C6 4A 77 CB E1 D7 BB 75 CB 9A 45 FD A9 EB  .=.Jw....u..E...
000021B0:  43 A2 0A E3 3F A7 96 74 07 C6 1A 50 14 D9 D9 62  C...?..t...P...b
000021C0:  09 C0 21 62 15 CE 21 87 6C DA 8C 5E D3 48 F7 ED  ..!b..!.l..^.H..
000021D0:  8E 85 C6 B0 B0 47 97 09 3D 0B 15 5D 32 CF 97 D9  .....G..=..]2...
000021E0:  FA AF EC A3 47 08 3D DC C9 69 9F 99 4D D7 95 E0  ....G.=..i..M...
000021F0:  BE 25 15 BC 00 B7 47 1A 79 4D E6 8B 77 99 AC 14  .%....G.yM..w...
00002200:  CE 8B 55 21 C5 DB F3 EC B5 D5 8E 23 F8 AE F8 DE  ..U!.......#....
00002210:  17 4B 48 0A B5 1F 0D 00 DA 3A 83 61 55 74 B8 7D  .KH......:.aUt.}
00002220:  1D FC B6 58 00 71 40 56 8A 65 1B 61 BD 9E C6 53  ...X.q@V.e.a...S
00002230:  9D B5 F8 13 51 F2 0B 62 6A 49 C8 44 11 4E BF 02  ....Q..bjI.D.N..
00002240:  C3 97 99 D9 CE 69 59 13 24 AE 93 B7 69 9F 98 AB  .....iY.$...i...
00002250:  8B DF 99 61 F2 B5 01 25 00 E8 B0 31 F2 87 14 26  ...a...%...1...&
00002260:  02 8D 00 7E EF 41 56 E1 78 FE 13 AA 0B FC 1F 01  ...~.AV.x.......
00002270:  0D 50 40 CC 89 64 36 B2 D6 ED 40 85 BC 2A 6F 4B  .P@..d6...@..*oK
00002280:  46 1B 7F B4 AA 67 50 5C 06 B3 B0 37 31 7F 98 3F  F....gP\...71..?
00002290:  1D 51 20 B7 E7 0E 39 6C 4C 93 E8 35 A5 2A 3C 8C  .Q ...9lL..5.*<.
000022A0:  53 8D 14 E7 F7 13 8F 0F 0C DE 56 DC 9F EC 2D 8F  S.........V...-.
000022B0:  C1 56 9A 92 36 BE 51 6C 35 57 6E 7A F2 E6 BF 9D  .V..6.Ql5Wnz....
000022C0:  42 0E 62 E3 B0 45 6D 86 1F E0 08 28 13 90 DA A7  B.b..Em....(....
000022D0:  56 7A 3B 7D 45 DF E6 1B 87 C7 C6 2C 47 E0 F4 90  Vz;}E......,G...
000022E0:  C0 4E 30 B6 50 CF 96 99 CD 4C F1 41 4B C3 76 44  .N0.P....L.AK.vD
000022F0:  47 4D A9 EB C8 06 A1 3D 2A D2 1C B8 AE 48 07 EB  GM.....=*....H..
00002300:  19 C5 74 E5 81 24 47 20 22 12 67 7E 21 33 16 6C  ..t..$G ".g~!3.l
00002310:  B5 AC 7A 45 67 52 77 CB 73 4A C2 75 CA 93 3F 92  ..zEgRw.sJ.u..?.
00002320:  D3 38 BB F9 81 C9 B8 E9 DD 3A 85 C6 63 9A 83 21  .8.......:..c..!
00002330:  78 EC 4C 2E 64 CC 7E 28 42 0A 8F D9 24 D8 42 4C  x.L.d.~(B...$.BL
00002340:  5A B3 93 AF DF 90 16 38 31 0A AA 2F 57 A3 C0 A2  Z......81../W...
00002350:  A9 7F F3 3B ED 16 2B 67 E0 27 E1 CA 36 BF E4 C8  ...;..+g.'..6...
00002360:  BC 9A B3 11 AE 6E C8 37 A8 4B BB 4A 55 0F 0F AC  .....n.7.K.JU...
00002370:  FB 67 1B E3 DA 19 F1 BF 06 E4 EC 3B 5A F1 A5 C4  .g.........;Z...
00002380:  9A 4D A5 28 FE 12 A3 79 D9 F4 24 6B 95 B9 D9 9B  .M.(...y..$k....
00002390:  1F 52 02 6A E3 B3 5D 4C 21 A4 ED 17 C1 69 58 7E  .R.j..]L!....iX~
000023A0:  5F 38 0D 75 E9 D1 1F C2 36 4F E5 C6 F4 EF FE D8  _8.u....6O......
000023B0:  35 10 9F CE CB B9 E4 8A 16 AA 2D 2E D9 A8 A4 0A  5.........-.....
000023C0:  E7 1B FC 21 1F 6C DF 6D 37 5D AD 83 29 78 3A 16  ...!.l.m7]..)x:.
000023D0:  03 0D 70 2D 4D D4 F4 93 F0 3E 56 05 B4 CF 6B 7A  ..p-M....>V...kz
000023E0:  CB 80 CF 9F 98 9D E0 DC 62 CF 3D 51 3E 54 BD 41  ........b.=Q>T.A
000023F0:  A0 EC D2 48 DA 8A DA 76 49 74 EE 4C A6 84 87 39  ...H...vIt.L...9
00002400:  B5 45 EB 81 D9 41 10 6E 90 F8 F7 4F 79 BF 9E 11  .E...A.n...Oy...
00002410:  40 32 EC 55 E7 B3 CE CE 08 C0 CC CF 94 A9 65 5F  @2.U..........e_
00002420:  DF 3A 4D E5 A8 4F 91 DD B5 22 32 0C 75 DA FC 22  .:M..O..."2.u.."
00002430:  96 B5 00 3F 91 4A F9 5A C6 E2 E9 83 1C AD 19 D5  ...?.J.Z........
00002440:  BA 40 CD C8 99 1C B8 98 90 E9 34 71 7C D2 AE 68  .@........4q|..h
00002450:  A4 7C 1B 6F BD DA AF B0 CA E5 16 07 AD 37 A9 E6  .|.o.........7..
00002460:  12 F8 13 A5 35 F9 67 56 41 E7 8E 64 67 3D D1 CD  ....5.gVA..dg=..
00002470:  1C A0 7D 18 F5 D0 2E 40 99 BB 43 BE E6 F9 D2 68  ..}....@..C....h
00002480:  A7 1A 55 6F F2 BF 21 87 6C DA 8C 5E D3 48 F7 ED  ..Uo..!.l..^.H..
00002490:  8E 85 C6 B0 B0 47 E8 11 87 47 0F 09 7D 1C 65 BB  .....G...G..}.e.
000024A0:  FC 07 C1 0C 9C 0A 3D DC C9 69 9F 99 4D D7 95 E0  ......=..i..M...
000024B0:  BE 25 15 BC 00 B7 47 1A 79 4D E6 8B 77 99 AC 14  .%....G.yM..w...
000024C0:  CE 8B 55 21 C5 DB F3 EC B5 D5 8E 23 F8 AE F8 DE  ..U!.......#....
000024D0:  17 4B 48 0A B5 1F 0D 00 DA 3A 83 61 55 74 B8 7D  .KH......:.aUt.}
000024E0:  1D FC B6 58 00 71 11 A6 68 1A AE F6 DD E1 CE 28  ...X.q..h......(
000024F0:  70 2E F9 0B BE FE 24 61 15 9C 62 60 1B 65 3C CA  p.....$a..b`.e<.
00002500:  65 14 5E 53 DE A8 E6 EA FB B3 23 18 97 70 4D 25  e.^S......#..pM%
00002510:  32 60 61 B2 01 E4 70 A1 4C 66 47 82 7F 17 53 D9  2`a...p.LfG...S.
00002520:  0E 1F 9E 85 26 42 81 CE F5 A3 DD 0D 73 0C C3 AC  ....&B......s...
00002530:  BB B6 7D CD 1A 81 D0 35 27 81 C1 51 43 51 21 E8  ..}....5'..QCQ!.
00002540:  74 DB 75 C1 AF AE 48 E4 77 12 96 18 DA 1B 2C A8  t.u...H.w.....,.
00002550:  C5 0E A5 8D 4D B0 73 0E 64 F0 34 FF AE 56 69 1C  ....M.s.d.4..Vi.
00002560:  0C 6F B3 A7 01 FB F1 BF 06 E4 EC 3B 5A F1 A5 C4  .o.........;Z...
00002570:  9A 4D A5 28 FE 12 A3 79 D9 F4 24 6B 95 B9 D9 9B  .M.(...y..$k....
00002580:  1F 52 02 6A E3 B3 0C DA 6E B7 31 61 C0 59 DD 25  .R.j....n.1a.Y.%
00002590:  48 F6 92 3A 1D 14 4B 1C 3C 42 36 1C A3 2A AA 22  H..:..K.<B6..*."
000025A0:  9D C6 E4 7D 02 6C DA D1 EA 26 6A BD 54 C7 CA 2A  ...}.l...&j.T..*
000025B0:  48 E1 C2 A3 02 C2 4A 46 55 F8 CC D2 59 18 7F 94  H.....JFU...Y...
000025C0:  6D 1B DF 13 A4 53 2F C5 C4 18 55 11 81 31 D5 50  m....S/...U..1.P
000025D0:  6C AF 68 64 89 0D B7 A2 B8 58 48 30 FB CC 23 AA  l.hd.....XH0..#.
000025E0:  86 3C 79 FD C2 59 17 79 BF B2 28 74 0E B5 3C 67  .<y..Y.y..(t..<g
000025F0:  39 F2 F1 48 1D 00 4C 05 CA 14 07 AA E1 5B 7E 39  9..H..L......[~9
00002600:  DD F0 2E 73 26 42 BE 29 53 AB 62 52 46 7B 0A 99  ...s&B.)S.bRF{..
00002610:  96 CC C0 AD 93 EB BF 1F 5D 20 06 D7 51 A9 AE 0D  ........] ..Q...
00002620:  B6 C2 02 64 7D C6 F6 71 D8 15 A9 7A F3 AD 2D 15  ...d}..q...z..-.
00002630:  20 30 15 D0 0C CC A0 5E AF 68 A0 BF 45 53 E0 6C   0.....^.h..ES.l
00002640:  9E D1 E5 7D 3C 43 D7 FA 21 1C 93 B8 8C 02 15 71  ...}<C..!......q
00002650:  CF 19 FA 43 CE F9 8F 78 57 12 C7 EE AF 57 01 D2  ...C...xW....W..
00002660:  75 A3 72 66 5A 90 3D DC C9 69 9F 99 4D D7 95 E0  u.rfZ.=..i..M...
00002670:  BE 25 15 BC 00 B7 72 B2 99 75 83 9F AA 0E 45 9B  .%....r..u....E.
00002680:  DB B5 A8 F7 1B CE CC A7 D9 09 3E 42 54 B6 C6 64  ..........>BT..d
00002690:  35 F4 7A C7 34 B5 E4 C7 DE 81 6D C3 62 52 DD D9  5.z.4.....m.bR..
000026A0:  73 B3 01 1D 57 73 D6 6B 56 59 75 8D DB 3C 1D 08  s...Ws.kVYu..<..
000026B0:  15 32 1D BE 8E 52 3C 82 1B D5 BB B4 F0 CB 8C 93  .2...R<.........
000026C0:  DE 9C 9A 10 1E 20 57 3A A3 DE C4 AC 18 3F D3 7C  ..... W:.....?.|
000026D0:  E1 03 DE E0 D3 64 19 D0 C2 BA 2E 46 63 CD DD 1F  .....d.....Fc...
000026E0:  1A 84 6D FB F9 D7 9A AE 42 F4 EB FA 39 5B 3F FE  ..m.....B...9[?.
000026F0:  24 0D 70 74 1B 42 ED 41 2A D4 E9 3A 71 8F EA 1B  $.pt.B.A*..:q...
00002700:  6E E8 0D 72 A4 C1 8E 59 16 80 8F F5 2D 85 77 49  n..r...Y....-.wI
00002710:  07 0D 61 5C C2 DE 81 CE F5 A3 DD 0D 73 0C C3 AC  ..a\........s...
00002720:  BB B6 7D CD 1A 81 D0 35 27 81 C1 51 43 51 21 E8  ..}....5'..QCQ!.
00002730:  74 DB 75 C1 AF AE 5A 07 5C 50 03 F4 EC B3 20 AB  t.u...Z.\P.... .
00002740:  7C 6C 38 CC 7F 45 E0 75 69 E3 DE D5 5F F6 05 0F  |l8..E.ui..._...
00002750:  75 E6 FB 3E 1F 6C EE B0 49 F1 37 5F E7 AA C4 E3  u..>.l..I.7_....
00002760:  43 A4 C7 86 72 DE 81 CD 96 8E 43 28 AF 55 C6 B2  C...r.....C(.U..
00002770:  C1 2D A8 D1 7E C9 3E 72 83 57 E2 AB D7 40 34 A7  .-..~.>r.W...@4.
00002780:  93 2E B9 91 BA 22 52 48 63 93 A4 3D 20 5D 38 D9  ....."RHc..= ]8.
00002790:  A4 1B 9D 22 F9 B6 93 E1 E8 12 25 C5 86 73 A5 DA  ..."......%..s..
000027A0:  6B BC B0 92 2A 1A 2B 7C A4 23 ED 6F 81 F7 E4 F4  k...*.+|.#.o....
000027B0:  CA 42 F9 9F D4 50 6E 7A D7 B4 22 42 C4 25 82 08  .B...Pnz.."B.%..
000027C0:  00 45 D7 BE 1C DC C7 5B 25 BE 16 44 0F FD 8A DC  .E.....[%..D....
000027D0:  B7 D7 26 80 19 94 5F 23 33 EB F6 39 CB FF 8F 45  ..&..._#3..9...E
000027E0:  96 55 81 C4 00 70 BC 77 D5 B8 FB 48 8F 3C 4E 98  .U...p.w...H.<N.
000027F0:  30 99 8F A8 AB 1D 9F F8 F5 CE 44 65 B5 62 8C E3  0.........De.b..
00002800:  A9 8A A5 D3 54 09 8B 19 27 FB 1A AD 2C 2F C0 96  ....T...'...,/..
00002810:  1E C3 89 64 B6 E2 22 6A 06 69 20 0B E7 E2 55 30  ...d.."j.i ...U0
00002820:  49 F7 49 D9 C9 A0 C2 A3 F3 30 8A D1 5C E6 4E 55  I.I......0..\.NU
00002830:  10 31 B6 C4 02 55 4C 44 9E 32 43 F1 5D 2D F2 9A  .1...ULD.2C.]-..
00002840:  30 95 D8 75 7D FC 6F 1D 4E 31 7A 97 88 3B CF FD  0..u}.o.N1z..;..
00002850:  1F 98 49 04 71 35 3B 12 BD E2 9B A6 EB 46 68 80  ..I.q5;......Fh.
00002860:  DE 2C 2E F2 31 45 E0 76 81 75 4D 41 64 E1 EE 69  .,..1E.v.uMAd..i
00002870:  F3 E3 DD 67 AD 70 B9 1D 03 D4 D2 37 FE 73 18 FC  ...g.p.....7.s..
00002880:  58 8C 75 83 56 89 25 59 A4 AA 32 31 0D 28 E9 D6  X.u.V.%Y..21.(..
00002890:  9E 66 80 E9 07 6A AB C7 37 04 13 25 0A 63 E2 92  .f...j..7..%.c..
000028A0:  2A 59 C5 BC F6 CE 57 B8 C8 39 51 8D 81 50 9B 18  *Y....W..9Q..P..
000028B0:  C1 02 71 45 26 90 E9 8E DF 31 EC BD 9B 76 93 B6  ..qE&....1...v..
000028C0:  85 A2 88 9B D8 BA 9F B0 18 07 16 DF 92 D3 5C 83  ..............\.
000028D0:  E8 5D 6D 27 56 7C 08 09 22 6C DC 11 25 89 B7 FA  .]m'V|.."l..%...
000028E0:  9B E5 DF D6 49 EF 5C 82 C4 AF AC E9 FE 24 87 E0  ....I.\......$..
000028F0:  E6 10 FD 47 7F 91 96 74 07 C6 1A 50 14 D9 D9 62  ...G...t...P...b
00002900:  09 C0 21 62 15 CE B0 DD 5F C2 37 11 A6 03 19 46  ..!b...._.7....F
00002910:  51 9D CC 39 7C AC CE 72 24 19 EB 49 48 1D 79 B6  Q..9|..r$..IH.y.
00002920:  28 21 FE 1D A4 26 B9 6B 73 F6 A6 08 38 69 CC AE  (!...&.ks...8i..
00002930:  33 E0 3C 6A 11 87 98 7B C6 80 C3 83 7E 2B DF F6  3.<j...{....~+..
00002940:  6C 37 07 A0 22 4A 39 16 3F 10 D6 75 17 42 0D DC  l7.."J9.?..u.B..
00002950:  71 13 6B DA 32 46 A6 3D DB EC 67 66 A2 A2 6F 26  q.k.2F.=..gf..o&
00002960:  AD 24 12 CA 13 C3 08 F6 DC 81 34 17 0F E4 D9 24  .$........4....$
00002970:  AE DF D4 39 27 04 5C 62 82 D2 A4 8C DF B4 3A BB  ...9'.\b......:.
00002980:  AF 38 9A 2D 9B AD 15 3B 58 C3 09 E8 95 D2 4E 93  .8.-...;X.....N.
00002990:  19 73 1D 09 6F A7 75 9F 57 C3 24 7A 8D C7 9E CF  .s..o.u.W.$z....
000029A0:  0B 8E F6 89 41 01 FD C3 46 57 64 19 E0 DF 11 73  ....A...FWd....s
000029B0:  D6 6E 13 79 66 B4 C6 45 CA 0A 15 B5 2E D9 8A AF  .n.yf..E........
000029C0:  CF C4 CE 1E DA 57 19 FE 99 67 87 B5 59 EE 3E D4  .....W...g..Y.>.
000029D0:  64 72 12 AB 4E 42 5F 84 1E EA B3 A4 C0 2C 79 96  dr..NB_......,y.
000029E0:  D6 18 50 09 6D 49 8A 0B 63 21 E4 F4 99 73 07 09  ..P.mI..c!...s..
000029F0:  13 5E 65 9F ED 5D 66 32 9C 5F 90 CD 2C 54 4E 2D  .^e..]f2._..,TN-
00002A00:  2D 7F B9 18 4D AB 21 19 65 E6 B5 56 01 76 DF F6  -...M.!.e..V.v..
00002A10:  69 1F 55 36 FD 62 BE 33 66 64 4A BB 7E D5 77 3B  i.U6.b.3fdJ.~.w;
00002A20:  E0 09 34 44 F8 40 B4 68 CB 4E 1F 0D B0 76 EE FE  ..4D.@.h.N...v..
00002A30:  3A 4A 83 92 B1 FD 01 13 17 63 EA 2F 81 E2 8C AF  :J.......c./....
00002A40:  33 4C 7D 5D 60 0D 82 F8 C0 49 5B BD EA E1 A1 40  3L}]`....I[....@
00002A50:  87 F7 C2 1B E0 61 07 BF 15 7F 98 23 BC B0 6D AD  .....a.....#..m.
00002A60:  7B EC FF B5 B9 32 7F DB F8 B3 60 ED 63 56 91 B0  {....2....`.cV..
00002A70:  4F 3F C1 59 2D E9 E8 E1 73 BD 5E A3 E3 03 8D 1D  O?.Y-...s.^.....
00002A80:  A2 79 6C 73 B2 DA F8 DD DC 68 BC 8C 67 B4 0D FF  .yls.....h..g...
00002A90:  A5 8C 5A 58 64 64 9A C6 2C F2 BE 4D 07 4A B8 BA  ..ZXdd..,..M.J..
00002AA0:  CF 5B 27 4F 8C 54 B3 CD 5D CE 61 90 B1 F0 E2 DB  .['O.T..].a.....
00002AB0:  18 5B 72 97 9B 51 9F B0 18 07 16 DF 92 D3 5C 83  .[r..Q........\.
00002AC0:  E8 5D 6D 27 56 7C 08 09 22 6C DC 11 25 89 B7 FA  .]m'V|.."l..%...
00002AD0:  9B E5 DF D6 49 EF 91 AD A6 C5 59 E2 9A BA 47 8C  ....I.....Y...G.
00002AE0:  55 C1 45 69 0C 6C 2E 40 99 BB 43 BE E6 F9 D2 68  U.Ei.l.@..C....h
00002AF0:  A7 1A 55 6F F2 BF B0 DD 5F C2 37 11 A6 03 19 46  ..Uo...._.7....F
00002B00:  51 9D CC 39 7C AC CE 72 24 19 EB 49 48 1D 79 B6  Q..9|..r$..IH.y.
00002B10:  28 21 FE 1D A4 26 B9 6B 73 F6 A6 08 38 69 CC AE  (!...&.ks...8i..
00002B20:  33 E0 3C 6A 11 87 C4 12 1A 24 B5 7F DD 7E B0 F8  3.<j.....$...~..
00002B30:  62 9C FD 17 6D 5C B3 62 DA 5D AB 69 FB 36 81 E5  b...m\.b.].i.6..
00002B40:  49 C8 60 44 27 66 4D E0 AA 44 9B 09 26 B3 0F 65  I.`D'fM..D..&..e
00002B50:  E1 79 FC DD 08 DC 1F 54 E5 3F D3 56 3C 82 06 14  .y.....T.?.V<...
00002B60:  DB 58 EE C0 53 A5 27 E8 A5 A3 01 15 F4 AF 05 9D  .X..S.'.........
00002B70:  CD 3C 6C A0 7B C9 AA 22 F1 0B E5 87 41 7A 83 F1  .<l.{.."....Az..
00002B80:  FE 97 65 9C 56 1B C2 D5 A7 6C CD 07 2D 21 65 63  ..e.V....l..-!ec
00002B90:  F3 B4 D6 9F 1B 25 30 BB 66 FD 1A 08 91 48 18 87  .....%0.f....H..
00002BA0:  12 66 53 0B 49 5B C6 45 CA 0A 15 B5 2E D9 8A AF  .fS.I[.E........
00002BB0:  CF C4 CE 1E DA 57 19 FE 99 67 87 B5 59 EE 3E D4  .....W...g..Y.>.
00002BC0:  64 72 12 AB 4E 42 73 6C 35 80 58 EE 9B FF A0 0E  dr..NBsl5.X.....
00002BD0:  C3 1C D3 3C D1 68 83 3C AD DE 40 DE 8A 6C B9 81  ...<.h.<..@..l..
00002BE0:  6D 03 3C E5 F7 61 66 32 9C 5F 90 CD 2C 54 4E 2D  m.<..af2._..,TN-
00002BF0:  2D 7F B9 18 4D AB 51 97 B8 50 11 D2 62 C0 02 E7  -...M.Q..P..b...
00002C00:  B4 D8 84 5C CA 89 6C E0 89 DD 85 C6 2B 61 2F 6A  ...\..l.....+a/j
00002C10:  36 1D EB DE DD 31 B4 68 CB 4E 1F 0D B0 76 EE FE  6....1.h.N...v..
00002C20:  3A 4A 83 92 B1 FD FA F1 DE 3A FE AF B8 2C 65 60  :J.......:...,e`
00002C30:  5B 33 D8 7C 30 CD 50 53 98 64 E3 97 11 54 C2 F1  [3.|0.PS.d...T..
00002C40:  62 91 4F EC 36 94 07 BF 15 7F 98 23 BC B0 6D AD  b.O.6......#..m.
00002C50:  7B EC FF B5 B9 32 7F DB F8 B3 60 ED 63 56 91 B0  {....2....`.cV..
00002C60:  4F 3F C1 59 2D E9 E8 E1 73 BD 5E A3 E3 03 8D 1D  O?.Y-...s.^.....
00002C70:  A2 79 6C 73 B2 DA 5D 2B 12 0F B8 22 79 5E E7 34  .yls..]+..."y^.4
00002C80:  3E 85 90 3F 8E C0 EE 9C AD 46 F7 22 17 E2 FA 70  >..?.....F."...p
00002C90:  99 00 5B 67 79 E7 99 19 0F 08 74 A3 3E 10 E2 89  ..[gy.....t.>...
00002CA0:  A1 02 7E 08 3F 25 D7 69 73 37 EE EF 7F BB 2B F1  ..~.?%.is7....+.
00002CB0:  C5 E9 93 77 AF 47 9E 82 9B 70 3E 49 6A 97 F9 AB  ...w.G...p>Ij...
00002CC0:  CE 6A 55 56 84 18 41 6B BF 70 C8 6B 56 1B 72 08  .jUV..Ak.p.kV.r.
00002CD0:  A3 49 12 59 BE FA 8F 55 EC AA E7 A5 4D 7B FF B3  .I.Y...U....M{..
00002CE0:  4A CC 16 33 5F 52 06 AC D7 5B 71 D0 A3 8F C0 D1  J..3_R...[q.....
00002CF0:  08 5C 1B 9D FC 79 8F 88 1C CA F4 C2 65 F9 62 E4  .\...y......e.b.
00002D00:  9E 57 4F B4 5A F8 D3 F7 BA 0D 8A 65 3F 68 C1 07  .WO.Z......e?h..
00002D10:  86 7F AA 84 D7 28 82 B1 32 46 E6 52 3B A3 6C 95  .....(..2F.R;.l.
00002D20:  2D BC FC 4B C3 B1 A2 B1 B5 2B 77 9D 77 ED 02 70  -..K.....+w.w..p
00002D30:  EE 27 B4 36 66 06 A9 82 27 D1 6E EB 5C DF A7 D5  .'.6f...'.n.\...
00002D40:  DE CE 56 C9 4B 3B 5E 7F 77 72 C9 2D 60 F5 DA 4E  ..V.K;^.wr.-`..N
00002D50:  0D 32 B9 36 62 C2 0F EE D3 0F BA 2D CE 53 7C D3  .2.6b......-.S|.
00002D60:  38 B3 D0 B2 7D E4 66 0B 6B 8E B3 E1 21 4C AA 5F  8...}.f.k...!L._
00002D70:  6B 58 8A 0D B8 7C 12 10 CF 54 DC F9 B5 D8 61 E0  kX...|...T....a.
00002D80:  26 ED 51 8E F4 3B AA A1 BD D7 BC 56 CF E0 D6 18  &.Q..;.....V....
00002D90:  4A 3C 28 F3 A6 1F AB 74 CF 0E E9 8C 2A 36 AD 3E  J<(....t....*6.>
00002DA0:  B0 0E 7F 07 BB 57 48 4C 10 A0 94 29 0E 88 1D 6D  .....WHL...)...m
00002DB0:  B3 9D F8 89 D4 D4 F4 3A 30 6C 2C FD 8D 93 24 6F  .......:0l,...$o
00002DC0:  83 D2 58 0D 4B 08 3B 57 38 90 78 96 5B 92 92 C6  ..X.K.;W8.x.[...
00002DD0:  2C 20 B4 04 61 65 50 2D AA B9 0C 5D 94 ED 46 83  , ..aeP-...]..F.
00002DE0:  98 2E ED B4 41 4F 49 91 C1 ED 85 8A 79 73 57 32  ....AOI.....ysW2
00002DF0:  92 F9 4A 28 50 07 D6 7D 07 F6 2D CD 81 AB AB E9  ..J(P..}..-.....
00002E00:  C2 9E 67 53 B7 7D 42 0D B3 68 40 F2 9F 04 BE 32  ..gS.}B..h@....2
00002E10:  E4 54 7C D9 B6 31 C9 87 89 F8 E7 7C 0A 60 A7 BE  .T|..1.....|.`..
00002E20:  2A 2E A1 A9 DC F8 E5 4C 69 7C 79 AC 84 C3 33 F2  *......Li|y...3.
00002E30:  2A BE 65 77 9F B3 9D 8A 9D 5D 43 24 B6 C1 DD B0  *.ew.....]C$....
00002E40:  42 CD 16 FA A0 33 AB 74 CF 0E E9 8C 2A 36 AD 3E  B....3.t....*6.>
00002E50:  B0 0E 7F 07 BB 57 48 4C 10 A0 94 29 0E 88 1D 6D  .....WHL...)...m
00002E60:  B3 9D F8 89 D4 D4 88 3A A2 87 BC 20 E7 21 F6 E7  .......:... .!..
00002E70:  73 2D 91 56 A2 27 84 B6 80 1A DF 76 AE 9C 49 4E  s-.V.'.....v..IN
00002E80:  75 E8 2A CF 35 5D CE A3 40 ED 6F D1 A4 50 23 58  u.*.5]..@.o..P#X
00002E90:  02 4E E5 DF 26 DB CC D0 55 FD 91 2B F2 A3 CF 85  .N..&...U..+....
00002EA0:  91 69 70 F9 CC AF 4D 3C 93 64 49 C1 2A F8 3B 16  .ip...M<.dI.*.;.
00002EB0:  3D 87 F9 F1 B6 A8 42 0D B3 68 40 F2 9F 04 BE 32  =.....B..h@....2
00002EC0:  E4 54 7C D9 B6 31 C9 87 89 F8 E7 7C 0A 60 A7 BE  .T|..1.....|.`..
00002ED0:  2A 2E A1 A9 DC F8 E5 4C 69 7C 79 AC 84 C3 33 F2  *......Li|y...3.
00002EE0:  2A BE 65 77 9F B3 81 17 AE 57 16 C2 0B C4 9D 10  *.ew.....W......
00002EF0:  EF BC 99 27 A7 66 63 1E 7C 40 08 30 76 89 C5 01  ...'.fc.|@.0v...
00002F00:  D0 D2 AF 74 69 52 98 0B 9E 5C 8D 2B 0A 8D 97 3E  ...tiR...\.+...>
00002F10:  42 13 A7 43 29 0B 69 0E B4 61 D0 D0 5B 62 C6 EB  B..C).i..a..[b..
00002F20:  B2 5A 60 26 42 A2 B7 CB AF 2A 17 C1 3F 5E 32 08  .Z`&B....*..?^2.
00002F30:  3D 32 6A 0F 06 BE 32 FC E9 06 17 65 08 E4 0F 2C  =2j...2....e...,
00002F40:  C9 BE 76 40 14 95 FC 50 49 00 F1 3F 23 2B A7 1C  ..v@...PI..?#+..
00002F50:  2A 29 A7 16 4D CF C3 3D F4 BF 4F 96 0A B7 B8 A3  *)..M..=..O.....
00002F60:  53 C1 19 DA 88 DE 03 30 DB 5F 90 F8 79 08 F0 74  S......0._..y..t
00002F70:  BE E6 B6 54 35 55 28 BC 1E 20 EF 64 11 55 5A 7B  ...T5U(.. .d.UZ{
00002F80:  68 85 07 C1 FD 28 6A 4A E9 A3 5F 62 70 A1 42 96  h....(jJ.._bp.B.
00002F90:  6B 7D C3 53 95 F2 7B 84 2C D8 91 C1 81 D3 1B 41  k}.S..{.,......A
00002FA0:  53 D2 2D 95 CF 78 92 FE 81 7E E4 14 8B ED 46 64  S.-..x...~....Fd
00002FB0:  DF 56 91 57 73 75 9F 37 1C 18 89 64 6D F4 D1 3F  .V.Wsu.7...dm..?
00002FC0:  B6 83 1D BD E4 8C 85 5E 30 17 21 78 D1 ED B0 87  .......^0.!x....
00002FD0:  FE B7 2A 89 CF 7C 9A EC 40 3C 57 EB DD 2B F7 57  ..*..|..@<W..+.W
00002FE0:  A2 06 52 42 0A 4E B6 B4 30 50 82 49 A1 7C 37 53  ..RB.N..0P.I.|7S
00002FF0:  5D 01 0A DC 60 A7 4A 72 44 E5 7E D2 51 14 EC 15  ]...`.JrD.~.Q...
00003000:  0E 6B D1 D6 89 0A 62 5D 3C F0 F0 A8 92 96 E3 05  .k....b]<.......
00003010:  9D 74 67 C2 17 1D C0 B0 28 A8 64 5E 1B 83 9E 3B  .tg.....(.d^...;
00003020:  64 48 B3 F6 3C E5 0B F7 DB 49 D2 33 4A 7A E2 24  dH..<....I.3Jz.$
00003030:  0A A0 F4 79 38 3E BC BC 44 0A 00 DB C4 9C C8 EB  ...y8>..D.......
00003040:  62 7C 57 8F 65 26 4D 64 25 95 6B 79 9F 30 81 EA  b|W.e&Md%.ky.0..
00003050:  43 C9 D8 A6 75 66 D9 60 CE 76 3F D2 9A 00 3F 90  C...uf.`.v?...?.
00003060:  84 33 AA 6C 9B 36 EE CC 66 2D 24 3B C1 FC D2 2C  .3.l.6..f-$;...,
00003070:  53 B5 28 31 C1 9F 77 F3 0D A1 54 99 AA 30 74 F0  S.(1..w...T..0t.
00003080:  B9 4D C7 E3 5F 2F 37 34 13 7B 36 E4 51 15 3D 7E  .M.._/74.{6.Q.=~
00003090:  43 56 DC 3F BC BA 7F 04 B2 CB F8 66 AD 69 06 E6  CV.?.......f.i..
000030A0:  8D 91 09 F3 C1 FD B0 31 9D D7 0F 93 79 9C E6 13  .......1....y...
000030B0:  60 3D 6D 50 3C 6F 18 C8 A2 D2 18 01 56 E6 DA 3A  `=mP<o......V..:
000030C0:  DB 0D DA 21 19 B7 32 D4 3B 0F 05 D0 D3 B7 54 20  ...!..2.;.....T 
000030D0:  50 4D E9 40 A4 2F AD C5 5F 5E C9 A7 E6 98 9E A7  PM.@./.._^......
000030E0:  99 A4 7E FB 96 4C EA AD FF 9A C5 33 1A 73 D9 A8  ..~..L.....3.s..
000030F0:  A7 3D 15 BB A9 41 FA EA 49 AF 7E C2 42 AE C9 11  .=...A..I.~.B...
00003100:  8F 7C 72 CD A0 BB 27 F4 8E B0 0F 02 76 EE D0 82  .|r...'.....v...
00003110:  55 D6 4B 67 00 91 22 A3 DE F3 F4 BB 0C E2 E9 63  U.Kg.."........c
00003120:  7F 7F AA 01 47 64 1A 77 62 1B 37 61 FC DE 3C 4E  ....Gd.wb.7a..<N
00003130:  34 D9 76 B0 74 5D EC 5B AD B0 0F BB 1A BB 80 DF  4.v.t].[........
00003140:  F1 B3 A2 87 75 0E A0 70 70 5F 68 60 C8 10 3C 69  ....u..pp_h`..<i
00003150:  3F 4A EC 9F 00 A9 4B 03 B9 18 1C 67 92 76 B8 28  ?J....K....g.v.(
00003160:  8B D2 1B 5E AC A6 06 11 1E 08 EA D5 BE 17 B4 82  ...^............
00003170:  A5 CB 46 76 CB 00 DD EB 3A 5B 69 7A B2 70 B9 82  ..Fv....:[iz.p..
00003180:  4D 6D 28 A5 ED 92 92 0F 15 C9 C9 A0 E2 B3 60 BB  Mm(...........`.
00003190:  7B 31 B6 D0 91 04 32 98 25 37 33 69 C1 7B 1B 3A  {1....2.%73i.{.:
000031A0:  1B 08 16 89 E9 E3 B7 09 02 67 20 44 2C 6D 2A CA  .........g D,m*.
000031B0:  60 DA CC 28 B1 B8 08 6D C3 D9 1E 90 40 81 33 7F  `..(...m....@.3.
000031C0:  33 FB 18 A3 86 E5 53 76 9C F4 1C 5B DD 50 42 0C  3.....Sv...[.PB.
000031D0:  11 28 60 78 E3 26 53 4E 02 51 1D 52 2D 65 BC 10  .(`x.&SN.Q.R-e..
000031E0:  18 7C 9F C9 57 4D 14 DB 48 BB 6D 23 4A A0 71 8E  .|..WM..H.m#J.q.
000031F0:  14 E3 D1 93 17 40 2C E7 E2 3B 07 30 E7 69 2E 6D  .....@,..;.0.i.m
00003200:  FA 64 A8 EC A9 BF E2 66 4F 0C 87 55 7F 5E FB 40  .d.....fO..U.^.@
00003210:  CD A2 E3 F9 CA F9 08 0B B4 0D E7 56 C8 7D 33 6A  ...........V.}3j
00003220:  F4 E4 31 08 15 AE FE F1 52 CC 3D BA D8 33 8F 74  ..1.....R.=..3.t
00003230:  61 74 73 23 83 F4 52 8E A1 B0 21 D1 DB 8A CE 8A  ats#..R...!.....
00003240:  92 EE A7 04 BE 42 1D 53 59 E0 7C 9F DE 27 EA 24  .....B.SY.|..'.$
00003250:  72 50 42 21 52 67 B3 78 4A F7 FE 9E 92 E4 F8 D2  rPB!Rg.xJ.......
00003260:  09 3C FF 41 B3 77 F3 04 75 29 0D 5C E5 FE 8E D0  .<.A.w..u).\....
00003270:  40 48 5D 92 BE 5C 95 48 D7 2D 17 91 20 74 BC 87  @H]..\.H.-.. t..
00003280:  9E F2 D0 55 0D 9B 8E CB A3 FC 27 CE 35 C3 FA 49  ...U......'.5..I
00003290:  41 3C 36 F0 8A 40 2D 40 9D FF 4B 0B 71 7A 4D 36  A<6..@-@..K.qzM6
000032A0:  2D 92 5E DB 32 60 CD 90 51 EC 5A 2C 54 62 F8 2E  -.^.2`..Q.Z,Tb..
000032B0:  9D 56 B9 70 93 2C 69 D9 BC 65 94 8C E2 BA FA 09  .V.p.,i..e......
000032C0:  CE 2D DF 9A CD 26 1C 16 A1 5A E7 33 1A 2B 45 9A  .-...&...Z.3.+E.
000032D0:  AD C4 F7 AA DB A3 E3 CE 0E 38 19 99 68 2A FC A6  .........8..h*..
000032E0:  B0 F6 EB 6E A4 90 A1 3D 2A D2 1C B8 AE 48 07 EB  ...n...=*....H..
000032F0:  19 C5 74 E5 81 24 AD E5 98 C3 5E 1F 57 6F 0D 71  ..t..$....^.Wo.q
00003300:  8D 1F A8 9B 80 2E 28 BC 1E 20 EF 64 11 55 5A 7B  ......(.. .d.UZ{
00003310:  68 85 07 C1 FD 28 15 B6 BB CA 1A 1D CB B4 95 B7  h....(..........
00003320:  83 3B 9B 78 15 58 4E 9A FC 90 0B 5B 88 A4 B2 FF  .;.x.XN....[....
00003330:  66 A8 73 3A D1 82 7F 47 86 77 BD 91 51 58 3D 12  f.s:...G.w..QX=.
00003340:  97 95 88 BF 48 D8 1C 23 A9 54 CC AC 06 A8 E2 47  ....H..#.T.....G
00003350:  E6 BA CF 59 CC 78 9F 37 1C 18 89 64 6D F4 D1 3F  ...Y.x.7...dm..?
00003360:  B6 83 1D BD E4 8C 10 05 BA 42 3D 9C 6F E2 2F F6  .........B=.o./.
00003370:  2F CD C6 12 21 86 44 68 C9 0C 78 D1 65 B4 F5 74  /...!.Dh..x.e..t
00003380:  C9 E2 A8 E2 87 27 A9 F0 A4 00 AD 54 15 F0 E4 F8  .....'.....T....
00003390:  A3 3D E5 D9 AC 7B A8 C0 8A 87 D1 E3 D9 5A 64 90  .=...{.......Zd.
000033A0:  A3 71 35 18 06 BA F2 A7 E9 C1 19 C8 EB 1F FD 2C  .q5............,
000033B0:  12 37 D7 B4 2D 24 EA AD FF 9A C5 33 1A 73 D9 A8  .7..-$.....3.s..
000033C0:  A7 3D 15 BB A9 41 77 45 D1 F2 70 AC 9E 34 00 54  .=...AwE..p..4.T
000033D0:  55 11 6C 1B F4 68 77 CB 73 4A C2 75 CA 93 3F 92  U.l..hw.sJ.u..?.
000033E0:  D3 38 BB F9 81 C9 8B EA 03 F1 C8 E7 F7 F3 BD 2E  .8..............
000033F0:  A4 DE C2 21 90 83 79 5E 1E 6C A2 87 5C 37 8B 0D  ...!..y^.l..\7..
00003400:  0E AC 2B 3F DF 05 83 72 56 64 CC E1 99 19 F7 97  ..+?...rVd......
00003410:  30 B2 68 88 99 98 C6 BC 0A 35 40 1E 99 4D 7C AD  0.h......5@..M|.
00003420:  99 CF 4D C2 73 92 B2 91 4F 35 95 F4 5F 82 22 86  ..M.s...O5.._.".
00003430:  88 E3 6B 2C 15 55 F3 9C 75 BC C8 E9 10 05 F0 EB  ..k,.U..u.......
00003440:  5A 90 80 31 A2 FC 06 11 1E 08 EA D5 BE 17 B4 82  Z..1............
00003450:  A5 CB 46 76 CB 00 33 FC ED 3D 3A 97 FD 6A 59 00  ..Fv..3..=:..jY.
00003460:  A9 C8 4A DD 4A 10 8A 5F 9D 62 D1 B8 40 BB 98 DC  ..J.J.._.b..@...
00003470:  F9 4E 4A C8 C4 26 C7 29 54 F4 09 B9 37 D1 3F DB  .NJ..&.)T...7.?.
00003480:  73 0F 67 F4 97 D8 81 6D 9D 4B 32 74 2C 75 8A 28  s.g....m.K2t,u.(
00003490:  50 9A 35 57 70 23 E3 1E B6 83 66 04 F9 28 00 55  P.5Wp#....f..(.U
000034A0:  C4 91 57 26 CD 41 27 F4 8E B0 0F 02 76 EE D0 82  ..W&.A'.....v...
000034B0:  55 D6 4B 67 00 91 D1 7A 28 86 51 23 B4 3C 48 41  U.Kg...z(.Q#.<HA
000034C0:  1E 24 45 FC EC D2 D7 EE F6 10 35 2E A6 62 7E 50  .$E.......5..b~P
000034D0:  D0 EA D2 71 6F 9B 24 5A 06 DB 30 29 11 70 F5 3F  ...qo.$Z..0).p.?
000034E0:  30 46 84 5B 17 6F 79 C2 4C 82 4C 34 EF 56 82 2B  0F.[.oy.L.L4.V.+
000034F0:  C9 45 EE D1 85 C2 A0 70 70 5F 68 60 C8 10 3C 69  .E.....pp_h`..<i
00003500:  3F 4A EC 9F 00 A9 14 40 CF 60 A2 F3 89 99 6C F4  ?J.....@.`....l.
00003510:  DC F6 35 49 A1 FB 52 8E A1 B0 21 D1 DB 8A CE 8A  ..5I..R...!.....
00003520:  92 EE A7 04 BE 42 8F 47 D3 6E 58 9D BB 26 A0 CF  .....B.G.nX..&..
00003530:  5D 97 AC 40 69 2F E6 71 CE DB 0E 0A 7A F7 C3 CA  ]..@i/.q....z...
00003540:  E7 FF CD A5 64 19 28 EB E8 11 2F E2 80 0B 79 8A  ....d.(.../...y.
00003550:  EE C2 85 C0 67 18 00 EC B6 AD 38 34 B6 39 34 DF  ....g.....84.94.
00003560:  AF F3 E6 86 33 5B 1D 6F B2 19 E0 42 32 D5 ED F3  ....3[.o...B2...
00003570:  70 19 41 BA CD FB 96 30 CD 4A C9 BA 77 41 AD 86  p.A....0.J..wA..
00003580:  5C 88 D3 17 A9 FD E4 CD 52 E5 66 13 C2 A4 CB 8E  \.......R.f.....
00003590:  DD EF 71 ED 36 3A BC 73 EA 7D 0A E1 76 38 5A 13  ..q.6:.s.}..v8Z.
000035A0:  D3 F7 B7 B1 0B 34 D7 C2 A1 98 34 80 2F 00 2D 3E  .....4....4./.->
000035B0:  E7 0E E2 28 E5 78 55 2E AC 30 38 88 6B 4E 43 97  ...(.xU..08.kNC.
000035C0:  FB 70 5C FE DF 1D 08 0B B4 0D E7 56 C8 7D 33 6A  .p\........V.}3j
000035D0:  F4 E4 31 08 15 AE 0D 26 29 88 85 00 EA 76 22 E3  ..1....&)....v".
000035E0:  3E 99 56 2D 76 8D 28 BC 1E 20 EF 64 11 55 5A 7B  >.V-v.(.. .d.UZ{
000035F0:  68 85 07 C1 FD 28 AC 05 33 B9 EF D5 27 7C 64 60  h....(..3...'|d`
00003600:  85 B0 F8 85 77 AD 33 CD 9E 84 E4 75 FB 50 D4 F4  ....w.3....u.P..
00003610:  7C CB D7 56 A3 ED 51 9D 72 51 B3 0B 5B 4E 79 32  |..V..Q.rQ..[Ny2
00003620:  02 02 8D E6 83 17 DF 15 CD EC F9 36 7C D3 67 F3  ...........6|.g.
00003630:  4E 37 CC 06 ED 51 39 6C 4C 93 E8 35 A5 2A 3C 8C  N7...Q9lL..5.*<.
00003640:  53 8D 14 E7 F7 13 8F 0F 0C DE 56 DC 9F EC 2D 8F  S.........V...-.
00003650:  C1 56 9A 92 36 BE 51 6C 35 57 6E 7A F2 E6 BF 9D  .V..6.Ql5Wnz....
00003660:  42 0E 62 E3 B0 45 6D 86 1F E0 08 28 13 90 DA A7  B.b..Em....(....
00003670:  56 7A 3B 7D 45 DF B8 3E F7 F0 68 79 69 66 3D 72  Vz;}E..>..hyif=r
00003680:  11 A7 53 F1 44 44 C7 7D ED 91 45 D9 30 85 6B FC  ..S.DD.}..E.0.k.
00003690:  9B 27 12 62 E2 B3 A1 3D 2A D2 1C B8 AE 48 07 EB  .'.b...=*....H..
000036A0:  19 C5 74 E5 81 24 47 20 22 12 67 7E 21 33 16 6C  ..t..$G ".g~!3.l
000036B0:  B5 AC 7A 45 67 52 77 CB 73 4A C2 75 CA 93 3F 92  ..zEgRw.sJ.u..?.
000036C0:  D3 38 BB F9 81 C9 B8 E9 DD 3A 85 C6 63 9A 83 21  .8.......:..c..!
000036D0:  78 EC 4C 2E 64 CC 7E 28 42 0A 8F D9 24 D8 42 4C  x.L.d.~(B...$.BL
000036E0:  5A B3 93 AF DF 90 E1 5C E3 0B 00 38 DD CD 2B D5  Z......\...8..+.
000036F0:  E3 52 82 5D A4 5B 52 27 24 BA 33 9C 07 FD 4E 98  .R.].[R'$.3...N.
00003700:  E6 E3 68 F8 46 F1 37 34 13 7B 36 E4 51 15 3D 7E  ..h.F.74.{6.Q.=~
00003710:  43 56 DC 3F BC BA 7F 04 B2 CB F8 66 AD 69 06 E6  CV.?.......f.i..
00003720:  8D 91 09 F3 C1 FD B0 31 9D D7 0F 93 79 9C E6 13  .......1....y...
00003730:  60 3D 6D 50 3C 6F 18 C8 A2 D2 18 01 56 E6 DA 3A  `=mP<o......V..:
00003740:  DB 0D DA 21 19 B7 32 D4 3B 0F 05 D0 D3 B7 54 20  ...!..2.;.....T 
00003750:  50 4D E9 40 A4 2F 01 30 ED F3 3A 90 1B 62 0E 6F  PM.@./.0..:..b.o
00003760:  65 D5 BF 70 DC 9E EA AD FF 9A C5 33 1A 73 D9 A8  e..p.......3.s..
00003770:  A7 3D 15 BB A9 41 FA EA 49 AF 7E C2 42 AE C9 11  .=...A..I.~.B...
00003780:  8F 7C 72 CD A0 BB 27 F4 8E B0 0F 02 76 EE D0 82  .|r...'.....v...
00003790:  55 D6 4B 67 00 91 22 A3 DE F3 F4 BB 0C E2 E9 63  U.Kg.."........c
000037A0:  7F 7F AA 01 47 64 BC D4 65 E0 23 BD FE E9 98 13  ....Gd..e.#.....
000037B0:  08 38 87 19 EE 80 96 1A 9F 25 84 48 43 95 E3 CC  .8.......%.HC...
000037C0:  9C 70 3B 77 9D 0B 94 3C 99 92 AA E4 3E 56 4F A6  .p;w...<....>VO.
000037D0:  D7 A4 28 4C C0 57 9B 72 BD 53 30 39 F2 BC 8A 54  ..(L.W.r.S09...T
000037E0:  BE 7B 80 26 64 AC AC 8C E2 C2 F8 47 67 DF 7B B6  .{.&d......Gg.{.
000037F0:  65 B7 B0 C6 AB C1 9A 54 C7 FF 7D D9 47 68 8C 80  e......T..}.Gh..
00003800:  9F A9 C0 AC FC CC D5 72 9E A1 2B 07 E6 5D 44 80  .......r..+..]D.
00003810:  AE F0 C9 0B 4B F8 F9 BE D5 F0 6A 13 9A 8C 17 FA  ....K.....j.....
00003820:  9B 5B 58 2B C2 30 B9 B0 F1 3B 81 B0 B7 EA B9 4C  .[X+.0...;.....L
00003830:  C8 82 64 F5 3C 33 42 30 F6 68 9E 1F BB C1 23 42  ..d.<3B0.h....#B
00003840:  A5 6E 27 84 9D 45 64 E6 EE 8D 02 9E 3C F1 88 BD  .n'..Ed.....<...
00003850:  B4 C0 8D 58 B6 29 96 30 CD 4A C9 BA 77 41 AD 86  ...X.).0.J..wA..
00003860:  5C 88 D3 17 A9 FD 70 50 46 A3 9D F9 5F C3 E8 97  \.....pPF..._...
00003870:  7C 67 4D 3F AE CD 64 DC AE 59 36 30 36 58 C0 C7  |gM?..d..Y606X..
00003880:  B8 69 64 F4 CE 0B FF FB D7 23 FF FC CB B9 34 91  .id......#....4.
00003890:  0A C3 27 6F C8 EF 4A 31 66 0E 9A 4D DE E1 C8 EF  ..'o..J1f..M....
000038A0:  1A F4 90 0A 15 D4 40 D2 8C C5 7D A0 F7 26 FB D4  ......@...}..&..
000038B0:  62 66 84 7C BD ED 91 A5 FA 85 EC FF 1E FD EA C4  bf.|............
000038C0:  83 6D 3E 05 7B 51 09 B1 15 A0 A5 B4 AA 74 69 C5  .m>.{Q.......ti.
000038D0:  E8 D3 0D 19 C4 42 35 43 0B E8 5F B0 D0 27 74 8F  .....B5C.._..'t.
000038E0:  7A 1A F8 AF 75 34 E7 3C B2 5D 2B EE 0F 44 F0 19  z...u4.<.]+..D..
000038F0:  FE 16 0A 9D 16 DF 57 A5 86 95 57 F2 A3 81 ED C8  ......W...W.....
00003900:  70 43 AF C8 03 90 D1 5B 7D 2B 9E 27 7B 70 AF DD  pC.....[}+.'{p..
00003910:  6C EB D0 B6 54 C5 BE 00 F4 8B AC 9E DC 41 33 BE  l...T........A3.
00003920:  D8 FD CD 7D D7 D7 8F 0F 0C DE 56 DC 9F EC 2D 8F  ...}......V...-.
00003930:  C1 56 9A 92 36 BE 4D F3 0F BD 74 BA 86 AB C7 F4  .V..6.M...t.....
00003940:  43 FE F3 13 F3 CD EA F1 65 3C EB FC CB 80 D4 02  C.......e<......
00003950:  BE AD 00 C9 14 EE C6 A3 D4 60 C6 30 E6 BF 72 9E  .........`.0..r.
00003960:  DC 12 24 66 DB 7C D3 C4 00 0A AA 92 FD 24 00 F0  ..$f.|.......$..
00003970:  73 3D CB 8B 96 3C 0B F7 DB 49 D2 33 4A 7A E2 24  s=...<...I.3Jz.$
00003980:  0A A0 F4 79 38 3E D4 0D 19 0D 47 0D 82 5E 1B 66  ...y8>....G..^.f
00003990:  8C 81 EC 8A 93 3B 72 CB AF E8 79 38 45 9B 9E 73  .....;r...y8E..s
000039A0:  89 B4 F9 B6 28 21 B0 DD 30 97 B7 B7 ED 09 D0 C0  ....(!..0.......
000039B0:  C0 40 54 EC C2 0A 63 60 DA DA D4 0E 25 93 E6 4F  .@T...c`....%..O
000039C0:  52 11 1D A1 A9 35 9F 51 C2 D2 45 2B 4D 80 05 7B  R....5.Q..E+M..{
000039D0:  90 C4 4B 9A 00 92 CD 4F 4F 44 03 07 2B F5 8B 21  ..K....OOD..+..!
000039E0:  55 3A BB 89 5A 16 25 93 0C 95 4D 4E DF 69 98 4D  U:..Z.%...MN.i.M
000039F0:  A0 6A 0D C0 31 BD 46 1C 2E 4A 87 A1 34 4E B2 1E  .j..1.F..J..4N..
00003A00:  B9 59 7D C2 54 D1 B4 C5 D8 13 68 98 20 D1 2E 83  .Y}.T.....h. ...
00003A10:  B9 B3 63 21 68 E5 B1 2D 54 8C 3F FE 37 0B 8E A9  ..c!h..-T.?.7...
00003A20:  18 FC 81 EC 03 F6 0A 56 3C B3 24 FA 5F 6E 19 3E  .......V<.$._n.>
00003A30:  BC 29 DC 41 1E D5 C4 09 6E 43 17 3A 0D 1B 3C 14  .).A....nC.:..<.
00003A40:  F6 B3 60 1B B0 0E A9 82 27 D1 6E EB 5C DF A7 D5  ..`.....'.n.\...
00003A50:  DE CE 56 C9 4B 3B 76 66 10 B2 47 50 AC 03 20 69  ..V.K;vf..GP.. i
00003A60:  C6 E2 8D 6A E2 44 A2 19 B8 48 34 BC F0 E9 78 25  ...j.D...H4...x%
00003A70:  38 35 D4 40 F0 08 5E 38 5C 56 55 CC 11 23 BD F9  85.@..^8\VU..#..
00003A80:  24 84 6A EE 65 47 EA B5 49 37 01 56 5E 16 FC 1F  $.j.eG..I7.V^...
00003A90:  3B 79 5B 31 83 A0 74 68 98 7C 80 1E 8C 32 2E FB  ;y[1..th.|...2..
00003AA0:  1E 30 E0 09 90 59 51 D5 FA 79 F9 06 E6 E0 F0 CE  .0...YQ..y......
00003AB0:  37 94 78 30 D4 BE B5 A4 54 BF A8 07 5A F8 59 D4  7.x0....T...Z.Y.
00003AC0:  B6 44 53 29 C4 A5 93 54 91 F8 8B 55 E4 09 DF 36  .DS)...T...U...6
00003AD0:  60 65 B9 C1 9E E8 BA 4C AF 51 23 AA C9 9F 65 21  `e.....L.Q#...e!
00003AE0:  7A 98 BA C3 A5 EB 33 AB 72 63 83 1A 9A D9 32 E6  z.....3.rc....2.
00003AF0:  B0 83 C8 F1 84 47 F5 A3 45 15 B7 BE 6C 4B 03 03  .....G..E...lK..
00003B00:  A9 2C 9E F1 3E 78 23 6C DB 99 A0 7E C5 89 85 24  .,..>x#l...~...$
00003B10:  FA 3A A1 3C C7 75 08 6D C3 D9 1E 90 40 81 33 7F  .:.<.u.m....@.3.
00003B20:  33 FB 18 A3 86 E5 71 25 74 83 A9 B2 19 5D 5D 39  3.....q%t....]]9
00003B30:  9B 5A EB A4 C5 0E BA D5 66 D2 15 D7 2F 28 74 19  .Z......f.../(t.
00003B40:  F4 6F 29 6B 7A 5C A3 D9 A3 E6 6E 48 67 4D E8 FE  .o)kz\....nHgM..
00003B50:  6E 98 4D 31 74 6C 6A 12 A3 7C F4 53 31 8C 0E B1  n.M1tlj..|.S1...
00003B60:  70 11 3E D8 B6 81 C4 42 DB C3 DE 86 E9 3D FE CD  p.>....B.....=..
00003B70:  0C 9B B4 3B 2E E4 DB 45 03 32 1F FE CF 4A F6 3C  ...;...E.2...J.<
00003B80:  08 0E 24 52 CB 93 9B 72 BD 53 30 39 F2 BC 8A 54  ..$R...r.S09...T
00003B90:  BE 7B 80 26 64 AC 84 CD 50 BD 7E 9C F1 5D C7 E0  .{.&d...P.~..]..
00003BA0:  57 CF F9 A1 07 13 80 97 08 34 14 70 EE 37 9D 42  W........4.p.7.B
00003BB0:  EA 51 9A BA F8 D4 EB 3E A1 6F E3 AC B3 2D 5B F3  .Q.....>.o...-[.
00003BC0:  AB 4D 04 52 61 71 83 59 65 20 E7 4E 12 48 E8 14  .M.Raq.Ye .N.H..
00003BD0:  CF F9 7E E3 30 7B EE 53 4F EC 1C 8E 1F EC 6F 4C  ..~.0{.SO.....oL
00003BE0:  02 1F 85 44 B5 AA 8E CB A3 FC 27 CE 35 C3 FA 49  ...D......'.5..I
00003BF0:  41 3C 36 F0 8A 40 E2 8D A0 07 1C EC 9A 5E 22 0B  A<6..@.......^".
00003C00:  B7 8C 72 F2 A3 81 0B 7F 78 AE B9 75 BD C1 B1 D8  ..r.....x..u....
00003C10:  71 E9 24 2A 89 35 0A B2 A7 F8 DF A9 10 94 44 11  q.$*.5........D.
00003C20:  8B FE 3D 2F 0C 55 EF FC 29 2D A5 8F BA 16 2A 45  ..=/.U..)-....*E
00003C30:  E9 F2 3A 67 00 75 18 0A 14 0D DD 5C C1 CB 01 D8  ..:g.u.....\....
00003C40:  18 7E E1 4E 0C 16 B4 EC DD E5 9F A3 43 B2 CF B4  .~.N........C...
00003C50:  43 6A 35 02 9F DA 40 D2 8C C5 7D A0 F7 26 FB D4  Cj5...@...}..&..
00003C60:  62 66 84 7C BD ED 1C C6 E7 4B EF 45 68 25 F7 88  bf.|.....K.Eh%..
00003C70:  41 A4 07 43 E5 50 7F C5 1C 79 FD C8 E0 6F 0D 5D  A..C.P...y...o.]
00003C80:  BB AC 32 3C 37 B3 52 EF 71 77 4D 2C 6C 25 67 B8  ..2<7.R.qwM,l%g.
00003C90:  2E E2 52 07 13 B1 43 53 EC FA A3 E0 2C DB A6 7D  ..R...CS....,..}
00003CA0:  C2 94 6A CE 21 44 A6 99 E0 8A D3 01 05 17 06 AF  ..j.!D..........
00003CB0:  32 E2 4A D0 A8 2F 47 4A 5E FF 79 FE 2C 63 EF 6B  2.J../GJ^.y.,c.k
00003CC0:  76 6C CA 27 BA 06 B6 28 2A CE D7 48 B8 3B 58 07  vl.'...(*..H.;X.
00003CD0:  6A E7 7A 2A 01 20 B9 F3 12 DA BC 16 D3 9B 66 4C  j.z*. ........fL
00003CE0:  A1 A5 CF F4 CB 92 06 AA 6E F7 AC B8 21 30 A4 7D  ........n...!0.}
00003CF0:  CA BD 8B E6 B5 66 A4 BF 68 E6 8E 5A 40 40 E8 39  .....f..h..Z@@.9
00003D00:  D5 14 33 16 5D 0D C3 08 8A 76 B9 A2 C6 61 53 40  ..3.]....v...aS@
00003D10:  FA 09 9F A9 FA 15 DE 5C 2D 7F 63 C6 21 5B 33 CF  .......\-.c.![3.
00003D20:  C7 2F 76 D8 E3 A7 F3 D5 0F 78 CF 60 69 A3 FD 7C  ./v......x.`i..|
00003D30:  5D EA 1C 07 A8 1D B2 09 E1 0E 80 03 96 57 4E 10  ]............WN.
00003D40:  8F C3 86 D7 83 47 8B 14 51 2F BD 63 5C F0 C7 E9  .....G..Q/.c\...
00003D50:  4D 6C 86 CB 7E 59 E2 C0 72 46 80 84 78 B1 9F EE  Ml..~Y..rF..x...
00003D60:  3E 36 52 7A 21 1A 0F 48 9C 4C DB FC 2F 8F 49 57  >6Rz!..H.L../.IW
00003D70:  FC C2 13 AF D5 AD 00 07 A6 54 F8 5B 1C 3F 7A E6  .........T.[.?z.
00003D80:  48 4D 59 C0 BB DB 81 BD 7C D6 1F E8 0D B5 57 73  HMY.....|.....Ws
00003D90:  15 61 36 CA 02 6E 35 17 4D FF 85 BF F8 E1 E4 BB  .a6..n5.M.......
00003DA0:  7B 52 43 F4 80 2C 75 47 F8 56 51 5A C1 9A DB E9  {RC..,uG.VQZ....
00003DB0:  2E 54 FD CA A1 AD 40 10 6E FF 0B 7B 82 AA 12 9D  .T....@.n..{....
00003DC0:  94 A7 87 93 C5 22 6B D4 71 44 8B B3 8A BB 36 3D  ....."k.qD....6=
00003DD0:  31 AE AE E8 B9 A0 8B F5 7C EF 4A C5 FD E9 86 49  1.......|.J....I
00003DE0:  88 15 53 B9 9A 30 55 00 CB 89 31 51 50 9B 72 11  ..S..0U...1QP.r.
00003DF0:  49 61 08 C9 51 B2 61 5C FA B8 1D 0C C0 3E 99 AC  Ia..Q.a\.....>..
00003E00:  AF E4 32 96 64 07 88 2F B4 01 68 E2 9B F1 C3 BC  ..2.d../..h.....
00003E10:  81 52 39 D5 73 B2 F9 AA DC E1 43 75 4F 05 1F 2C  .R9.s.....CuO..,
00003E20:  7F 1E 48 F7 58 01 EC 53 87 06 D9 EF C3 A5 7E 32  ..H.X..S......~2
00003E30:  3F 8D 32 C4 89 B1 73 40 C1 47 AA 11 7D 39 8D F3  ?.2...s@.G..}9..
00003E40:  E3 E3 D0 3E E2 FB C6 A4 2C 41 B7 2F 2C 56 F3 38  ...>....,A./,V.8
00003E50:  E8 5D 02 F9 1A D7 3F 27 B6 29 7A BF 08 4E F2 4D  .]....?'.)z..N.M
00003E60:  74 1B 97 2C 64 C0 00 00 00 00 00 00 00 00 00 00  t..,d...........
00003E70:  00 00 00 00 00 00 00 00 00 00 00 00 00 00 00 00  ................ [zeros]
00003E80:  00 00 00 00 00 00 AE BD 4D DD 05 5B 2E B8 18 8F  ........M..[....
00003E90:  4B 53 88 01 C3 31 64 D5 BC C9 09 C1 E9 D6 81 8A  KS...1d.........
00003EA0:  F2 F4 E2 1F 35 6F 72 8B 84 93 BE 16 00 7B 28 D9  ....5or......{(.
00003EB0:  AA 66 83 71 46 09 00 00 00 00 00 00 00 00 00 00  .f.qF...........
00003EC0:  00 00 00 00 00 00 00 00 00 00 00 00 00 00 00 00  ................ [zeros]
00003ED0:  00 00 00 00 00 00 00 00 00 00 00 00 00 00 00 00  ................ [zeros]
00003EE0:  00 00 00 00 00 00 00 00 00 00 00 00 00 00 00 00  ................ [zeros]
00003EF0:  00 00 00 00 00 00 00 00 00 00 00 00 00 00 00 00  ................ [zeros]
00003F00:  00 00 00 00 00 00 00 00 00 00 00 00 00 00 00 00  ................ [zeros]
00003F10:  00 00 00 00 00 00 00 00 00 00 00 00 00 00 00 00  ................ [zeros]
00003F20:  00 00 00 00 00 00 00 00 00 00 00 00 00 00 00 00  ................ [zeros]
00003F30:  00 00 00 00 00 00 30 BF CB 46 0E CB DF 4A EA 39  ......0..F...J.9
00003F40:  AF AE 54 44 DB 88 6F 7B F1 03 76 39 51 27 EF 5B  ..TD..o{..v9Q'.[
00003F50:  34 A4 CC 3A 29 F2 AD 14 DF 34 9B A6 B5 24 B9 D2  4..:)....4...$..
00003F60:  36 35 9A 02 49 E6 DC 43 99 56 B2 B5 0D EA AF C0  65..I..C.V......
00003F70:  6A 1A 9D 00 B6 A3 43 AA 0F 5E EB E0 88 4D E1 80  j.....C..^...M..
00003F80:  77 AA 1F 16 0D 8D 84 DB BB E4 71 C4 44 71 F2 45  w.........q.Dq.E
00003F90:  89 D9 6F 27 DA 29 41 7B C1 0F 01 DD C9 76 F9 31  ..o'.)A{.....v.1
00003FA0:  39 7A 5B 42 23 5E 92 37 1F E2 B5 71 AE E5 4E C9  9z[B#^.7...q..N.
00003FB0:  55 D6 0F 0E 69 72 D2 2E 26 23 BF 6E 9E 54 2E 3B  U...ir..&#.n.T.;
00003FC0:  02 E3 0C 09 97 2A 45 25 28 06 A6 AB 9A C9 77 E0  .....*E%(.....w.
00003FD0:  D9 9C 9B F0 37 6B E0 F5 32 6D 5D 55 7F 61 50 6A  ....7k..2m]U.aPj
00003FE0:  7F 15 83 AA 27 CE 16 2C 61 21 FF 84 AC 1B 33 E6  ....'..,a!....3.
00003FF0:  C7 99 F4 1E 8D 7E 09 F4 79 A4 A3 D9 4F 85 49 62  .....~..y...O.Ib
00004000:  0A 9E A1 AE B1 2E 18 8A 45 FE B7 00 19 27 72 FD  ........E....'r.
00004010:  AF A6 F4 79 18 53 A3 FF 12 7E DB 25 86 3E 04 6F  ...y.S...~.%.>.o
00004020:  3D 46 1E 7A DC 38 03 E3 77 45 E4 75 19 0B 4F AD  =F.z.8..wE.u..O.
00004030:  AD BE B2 93 0B 62 9F 2F AF 47 42 8F 80 D9 3D CB  .....b./.GB...=.
00004040:  B6 AF 08 28 BB 1A 00 00 00 00 00 00 00 00 00 00  ...(............
00004050:  00 00 00 00 00 00 00 00 00 00 00 00 00 00 00 00  ................ [zeros]
00004060:  00 00 00 00 00 00 00 00 00 00 00 00 00 00 00 00  ................ [zeros]
00004070:  00 00 00 00 00 00 00 00 00 00 00 00 00 00 00 00  ................ [zeros]
00004080:  00 00 00 00 00 00 00 00 00 00 00 00 00 00 00 00  ................ [zeros]
00004090:  00 00 00 00 00 00 00 00 00 00 00 00 00 00 00 00  ................ [zeros]
000040A0:  00 00 00 00 00 00 00 00 00 00 00 00 00 00 00 00  ................ [zeros]
000040B0:  00 00 00 00 00 00 00 00 00 00 00 00 00 00 00 00  ................ [zeros]
000040C0:  00 00 00 00 00 00 00 00 00 00 00 00 00 00 00 00  ................ [zeros]
000040D0:  00 00 00 00 00 00 00 00 00 00 00 00 00 00 00 00  ................ [zeros]
000040E0:  00 00 00 00 00 00 00 00 00 00 00 00 00 00 00 00  ................ [zeros]
000040F0:  00 00 00 00 00 00 1A 6B 25 3C EE 67 ED 0A B2 90  .......k%<.g....
00004100:  91 77 97 C3 CF C7 FB 3E 29 04 87 AA 3B 44 AD 48  .w.....>)...;D.H
00004110:  6C 51 21 25 33 1C BA C3 63 B5 E8 27 8A E7 3A 2C  lQ!%3...c..'..:,
00004120:  37 6B CA 6F 43 BC 77 EB C9 14 F4 50 FD EB 32 37  7k.oC.w....P..27
00004130:  D3 A7 F6 51 87 AC 00 00 00 00 00 00 00 00 00 00  ...Q............
00004140:  00 00 00 00 00 00 00 00 00 00 00 00 00 00 00 00  ................ [zeros]
00004150:  00 00 00 00 00 00 00 00 00 00 00 00 00 00 00 00  ................ [zeros]
00004160:  00 00 00 00 00 00 00 00 00 00 00 00 00 00 00 00  ................ [zeros]
00004170:  00 00 00 00 00 00 00 00 00 00 00 00 00 00 00 00  ................ [zeros]
00004180:  00 00 00 00 00 00 00 00 00 00 00 00 00 00 00 00  ................ [zeros]
00004190:  00 00 00 00 00 00 00 00 00 00 00 00 00 00 00 00  ................ [zeros]
000041A0:  00 00 00 00 00 00 00 00 00 00 00 00 00 00 00 00  ................ [zeros]
000041B0:  00 00 00 00 00 00 00 00 00 00 00 00 00 00 00 00  ................ [zeros]
000041C0:  00 00 00 00 00 00 00 00 00 00 00 00 00 00 00 00  ................ [zeros]
000041D0:  00 00 00 00 00 00 00 00 00 00 00 00 00 00 00 00  ................ [zeros]
000041E0:  00 00 00 00 00 00 00 00 00 00 00 00 00 00 00 00  ................ [zeros]
000041F0:  00 00 00 00 00 00 00 00 00 00 00 00 00 00 00 00  ................ [zeros]
00004200:  00 00 00 00 00 00 00 00 00 00 00 00 00 00 00 00  ................ [zeros]
00004210:  00 00 00 00 00 00 00 00 00 00 00 00 00 00 00 00  ................ [zeros]
00004220:  00 00 00 00 00 00 00 00 00 00 00 00 00 00 00 00  ................ [zeros]
00004230:  00 00 00 00 00 00 00 00 00 00 00 00 00 00 00 00  ................ [zeros]
00004240:  00 00 00 00 00 00 00 00 00 00 00 00 00 00 00 00  ................ [zeros]
00004250:  00 00 00 00 00 00 00 00 00 00 00 00 00 00 00 00  ................ [zeros]
00004260:  00 00 00 00 00 00 00 00 00 00 00 00 00 00 00 00  ................ [zeros]
00004270:  00 00 00 00 00 00 00 00 00 00 00 00 00 00 00 00  ................ [zeros]
00004280:  00 00 00 00 00 00 00 00 00 00 00 00 00 00 00 00  ................ [zeros]
00004290:  00 00 00 00 00 00 00 00 00 00 00 00 00 00 00 00  ................ [zeros]
000042A0:  00 00 00 00 00 00 C5 6E CF BF B6 E2 44 27 65 0A  .......n....D'e.
000042B0:  72 7C 74 0F BD 78 0B 52 81 F0 B2 CE 68 2C 06 B3  r|t..x.R....h,..
000042C0:  69 84 29 20 09 AA 00 00 00 00 00 00 00 00 00 00  i.) ............
000042D0:  00 00 00 00 00 00 00 00 00 00 00 00 00 00 00 00  ................ [zeros]
000042E0:  00 00 00 00 00 00 00 00 00 00 00 00 00 00 00 00  ................ [zeros]
000042F0:  00 00 00 00 00 00 00 00 00 00 00 00 00 00 00 00  ................ [zeros]
00004300:  00 00 00 00 00 00 00 00 00 00 00 00 00 00 00 00  ................ [zeros]
00004310:  00 00 00 00 00 00 00 00 00 00 00 00 00 00 00 00  ................ [zeros]
00004320:  00 00 00 00 00 00 00 00 00 00 00 00 00 00 00 00  ................ [zeros]
00004330:  00 00 00 00 00 00 00 00 00 00 00 00 00 00 00 00  ................ [zeros]
00004340:  00 00 00 00 00 00 00 00 00 00 00 00 00 00 00 00  ................ [zeros]
00004350:  00 00 00 00 00 00 00 00 00 00 00 00 00 00 00 00  ................ [zeros]
00004360:  00 00 00 00 00 00 00 00 00 00 00 00 00 00 00 00  ................ [zeros]
00004370:  00 00 00 00 00 00 00 00 00 00 00 00 00 00 00 00  ................ [zeros]
00004380:  00 00 00 00 00 00 00 00 00 00 00 00 00 00 00 00  ................ [zeros]
00004390:  00 00 00 00 00 00 00 00 00 00 00 00 00 00 00 00  ................ [zeros]
000043A0:  00 00 00 00 00 00 00 00 00 00 00 00 00 00 00 00  ................ [zeros]
000043B0:  00 00 00 00 00 00 00 00 00 00 00 00 00 00 00 00  ................ [zeros]
000043C0:  00 00 00 00 00 00 00 00 00 00 00 00 00 00 00 00  ................ [zeros]
000043D0:  00 00 00 00 00 00 51 33 24 12 16 54 EF 85 E1 D7  ......Q3$..T....
000043E0:  FC C6 C0 7A 4E FA 89 F3 16 A2 54 9F 4E AA DD 75  ...zN.....T.N..u
000043F0:  A0 09 38 7B BB D0 2C 6E 46 54 F4 7C E0 5C A4 F3  ..8{..,nFT.|.\..
00004400:  40 B2 73 03 E3 35 00 00 00 00 00 00 00 00 00 00  @.s..5..........
00004410:  00 00 00 00 00 00 92 11 6E DC EF F1 EE F2 E2 23  ........n......#
00004420:  2A 13 75 98 18 58 00 00 00 00 00 00 00 00 00 00  *.u..X..........
00004430:  00 00 00 00 00 00 01 D4 9B 16 33 26 A6 63 D2 C4  ..........3&.c..
00004440:  C0 5F D8 D2 B8 28 00 00 00 00 00 00 00 00 00 00  ._...(..........
00004450:  00 00 00 00 00 00 1A 92 57 DB E6 F6 32 D1 83 36  ........W...2..6
00004460:  A2 5F 62 92 D5 1E 00 00 00 00 00 00 00 00 00 00  ._b.............
00004470:  00 00 00 00 00 00 56 DC 81 13 BC 34 D3 32 3E 0A  ......V....4.2>.
00004480:  6B A7 AF AF E3 30 C2 8D CA C7 BE 0C 7D 12 34 86  k....0......}.4.
00004490:  E8 61 3A 6F 32 02 3B 8C D3 66 01 A0 55 B5 3C 5E  .a:o2.;..f..U.<^
000044A0:  49 B9 F1 AE 2E 0F 00 00 00 00 00 00 00 00 00 00  I...............
000044B0:  00 00 00 00 00 00 00 00 00 00 00 00 00 00 00 00  ................ [zeros]
000044C0:  00 00 00 00 00 00 00 00 00 00 00 00 00 00 00 00  ................ [zeros]
000044D0:  00 00 00 00 00 00 00 00 00 00 00 00 00 00 00 00  ................ [zeros]
000044E0:  00 00 00 00 00 00 00 00 00 00 00 00 00 00 00 00  ................ [zeros]
000044F0:  00 00 00 00 00 00 00 00 00 00 00 00 00 00 00 00  ................ [zeros]
00004500:  00 00 00 00 00 00 00 00 00 00 00 00 00 00 00 00  ................ [zeros]
00004510:  00 00 00 00 00 00 00 00 00 00 00 00 00 00 00 00  ................ [zeros]
00004520:  00 00 00 00 00 00 00 00 00 00 00 00 00 00 00 00  ................ [zeros]
00004530:  00 00 00 00 00 00 00 00 00 00 00 00 00 00 00 00  ................ [zeros]
00004540:  00 00 00 00 00 00 00 00 00 00 00 00 00 00 00 00  ................ [zeros]
00004550:  00 00 00 00 00 00 00 00 00 00 00 00 00 00 00 00  ................ [zeros]
00004560:  00 00 00 00 00 00 00 00 00 00 00 00 00 00 00 00  ................ [zeros]
00004570:  00 00 00 00 00 00 00 00 00 00 00 00 00 00 00 00  ................ [zeros]
00004580:  00 00 00 00 00 00 00 00 00 00 00 00 00 00 00 00  ................ [zeros]
00004590:  00 00 00 00 00 00 00 00 00 00 00 00 00 00 00 00  ................ [zeros]
000045A0:  00 00 00 00 00 00 00 00 00 00 00 00 00 00 00 00  ................ [zeros]
000045B0:  00 00 00 00 00 00 00 00 00 00 00 00 00 00 00 00  ................ [zeros]
000045C0:  00 00 00 00 00 00 00 00 00 00 00 00 00 00 00 00  ................ [zeros]
000045D0:  00 00 00 00 00 00 00 00 00 00 00 00 00 00 00 00  ................ [zeros]
000045E0:  00 00 00 00 00 00 00 00 00 00 00 00 00 00 00 00  ................ [zeros]
000045F0:  00 00 00 00 00 00 00 00 00 00 00 00 00 00 00 00  ................ [zeros]
00004600:  00 00 00 00 00 00 00 00 00 00 00 00 00 00 00 00  ................ [zeros]
00004610:  00 00 00 00 00 00 00 00 00 00 00 00 00 00 00 00  ................ [zeros]
00004620:  00 00 00 00 00 00 00 00 00 00 00 00 00 00 00 00  ................ [zeros]
00004630:  00 00 00 00 00 00 00 00 00 00 00 00 00 00 00 00  ................ [zeros]
00004640:  00 00 00 00 00 00 00 00 00 00 00 00 00 00 00 00  ................ [zeros]
00004650:  00 00 00 00 00 00 00 00 00 00 00 00 00 00 00 00  ................ [zeros]
00004660:  00 00 00 00 00 00 00 00 00 00 00 00 00 00 00 00  ................ [zeros]
00004670:  00 00 00 00 00 00 00 00 00 00 00 00 00 00 00 00  ................ [zeros]
00004680:  00 00 00 00 00 00 00 00 00 00 00 00 00 00 00 00  ................ [zeros]
00004690:  00 00 00 00 00 00 00 00 00 00 00 00 00 00 00 00  ................ [zeros]
000046A0:  00 00 00 00 00 00 00 00 00 00 00 00 00 00 00 00  ................ [zeros]
000046B0:  00 00 00 00 00 00 00 00 00 00 00 00 00 00 00 00  ................ [zeros]
000046C0:  00 00 00 00 00 00 00 00 00 00 00 00 00 00 00 00  ................ [zeros]
000046D0:  00 00 00 00 00 00 00 00 00 00 00 00 00 00 00 00  ................ [zeros]
000046E0:  00 00 00 00 00 00 00 00 00 00 00 00 00 00 00 00  ................ [zeros]
000046F0:  00 00 00 00 00 00 00 00 00 00 00 00 00 00 00 00  ................ [zeros]
00004700:  00 00 00 00 00 00 00 00 00 00 00 00 00 00 00 00  ................ [zeros]
00004710:  00 00 00 00 00 00 00 00 00 00 00 00 00 00 00 00  ................ [zeros]
00004720:  00 00 00 00 00 00 00 00 00 00 00 00 00 00 00 00  ................ [zeros]
00004730:  00 00 00 00 00 00 00 00 00 00 00 00 00 00 00 00  ................ [zeros]
00004740:  00 00 00 00 00 00 00 00 00 00 00 00 00 00 00 00  ................ [zeros]
00004750:  00 00 00 00 00 00 00 00 00 00 00 00 00 00 00 00  ................ [zeros]
00004760:  00 00 00 00 00 00 00 00 00 00 00 00 00 00 00 00  ................ [zeros]
00004770:  00 00 00 00 00 00 00 00 00 00 00 00 00 00 00 00  ................ [zeros]
00004780:  00 00 00 00 00 00 00 00 00 00 00 00 00 00 00 00  ................ [zeros]
00004790:  00 00 00 00 00 00 00 00 00 00 00 00 00 00 00 00  ................ [zeros]
000047A0:  00 00 00 00 00 00 00 00 00 00 00 00 00 00 00 00  ................ [zeros]
000047B0:  00 00 00 00 00 00 00 00 00 00 00 00 00 00 00 00  ................ [zeros]
000047C0:  00 00 00 00 00 00 00 00 00 00 00 00 00 00 00 00  ................ [zeros]
000047D0:  00 00 00 00 00 00 00 00 00 00 00 00 00 00 00 00  ................ [zeros]
000047E0:  00 00 00 00 00 00 00 00 00 00 00 00 00 00 00 00  ................ [zeros]
000047F0:  00 00 00 00 00 00 00 00 00 00 00 00 00 00 00 00  ................ [zeros]
00004800:  00 00 00 00 00 00 00 00 00 00 00 00 00 00 00 00  ................ [zeros]
00004810:  00 00 00 00 00 00 00 00 00 00 00 00 00 00 00 00  ................ [zeros]
00004820:  00 00 00 00 00 00 00 00 00 00 00 00 00 00 00 00  ................ [zeros]
00004830:  00 00 00 00 00 00 00 00 00 00 00 00 00 00 00 00  ................ [zeros]
00004840:  00 00 00 00 00 00 00 00 00 00 00 00 00 00 00 00  ................ [zeros]
00004850:  00 00 00 00 00 00 00 00 00 00 00 00 00 00 00 00  ................ [zeros]
00004860:  00 00 00 00 00 00 00 00 00 00 00 00 00 00 00 00  ................ [zeros]
00004870:  00 00 00 00 00 00 00 00 00 00 00 00 00 00 00 00  ................ [zeros]
00004880:  00 00 00 00 00 00 00 00 00 00 00 00 00 00 00 00  ................ [zeros]
00004890:  00 00 00 00 00 00 00 00 00 00 00 00 00 00 00 00  ................ [zeros]
000048A0:  00 00 00 00 00 00 00 00 00 00 00 00 00 00 00 00  ................ [zeros]
000048B0:  00 00 00 00 00 00 00 00 00 00 00 00 00 00 00 00  ................ [zeros]
000048C0:  00 00 00 00 00 00 00 00 00 00 00 00 00 00 00 00  ................ [zeros]
000048D0:  00 00 00 00 00 00 00 00 00 00 00 00 00 00 00 00  ................ [zeros]
000048E0:  00 00 00 00 00 00 00 00 00 00 00 00 00 00 00 00  ................ [zeros]
000048F0:  00 00 00 00 00 00 00 00 00 00 00 00 00 00 00 00  ................ [zeros]
00004900:  00 00 00 00 00 00 00 00 00 00 00 00 00 00 00 00  ................ [zeros]
00004910:  00 00 00 00 00 00 00 00 00 00 00 00 00 00 00 00  ................ [zeros]
00004920:  00 00 00 00 00 00 00 00 00 00 00 00 00 00 00 00  ................ [zeros]
00004930:  00 00 00 00 00 00 00 00 00 00 00 00 00 00 00 00  ................ [zeros]
00004940:  00 00 00 00 00 00 00 00 00 00 00 00 00 00 00 00  ................ [zeros]
00004950:  00 00 00 00 00 00 00 00 00 00 00 00 00 00 00 00  ................ [zeros]
00004960:  00 00 00 00 00 00 00 00 00 00 00 00 00 00 00 00  ................ [zeros]
00004970:  00 00 00 00 00 00 00 00 00 00 00 00 00 00 00 00  ................ [zeros]
00004980:  00 00 00 00 00 00 00 00 00 00 00 00 00 00 00 00  ................ [zeros]
00004990:  00 00 00 00 00 00 00 00 00 00 00 00 00 00 00 00  ................ [zeros]
000049A0:  00 00 00 00 00 00 00 00 00 00 00 00 00 00 00 00  ................ [zeros]
000049B0:  00 00 00 00 00 00 00 00 00 00 00 00 00 00 00 00  ................ [zeros]
000049C0:  00 00 00 00 00 00 00 00 00 00 00 00 00 00 00 00  ................ [zeros]
000049D0:  00 00 00 00 00 00 00 00 00 00 00 00 00 00 00 00  ................ [zeros]
000049E0:  00 00 00 00 00 00 00 00 00 00 00 00 00 00 00 00  ................ [zeros]
000049F0:  00 00 00 00 00 00 00 00 00 00 00 00 00 00 00 00  ................ [zeros]
00004A00:  00 00 00 00 00 00 00 00 00 00 00 00 00 00 00 00  ................ [zeros]
00004A10:  00 00 00 00 00 00 00 00 00 00 00 00 00 00 00 00  ................ [zeros]
00004A20:  00 00 00 00 00 00 00 00 00 00 00 00 00 00 00 00  ................ [zeros]
00004A30:  00 00 00 00 00 00 00 00 00 00 00 00 00 00 00 00  ................ [zeros]
00004A40:  00 00 00 00 00 00 00 00 00 00 00 00 00 00 00 00  ................ [zeros]
00004A50:  00 00 00 00 00 00 00 00 00 00 00 00 00 00 00 00  ................ [zeros]
00004A60:  00 00 00 00 00 00 00 00 00 00 00 00 00 00 00 00  ................ [zeros]
00004A70:  00 00 00 00 00 00 00 00 00 00 00 00 00 00 00 00  ................ [zeros]
00004A80:  00 00 00 00 00 00 00 00 00 00 00 00 00 00 00 00  ................ [zeros]
00004A90:  00 00 00 00 00 00 00 00 00 00 00 00 00 00 00 00  ................ [zeros]
00004AA0:  00 00 00 00 00 00 8A 7C 02 8D C0 70 46 F4 E0 DE  .......|...pF...
00004AB0:  E3 B8 2B F3 E4 29 BC 20 9B 60 10 51 BF 2B E2 6E  ..+..). .`.Q.+.n
00004AC0:  E2 F4 2C 91 57 6C 1C C5 24 B2 C6 D2 C9 46 6E 79  ..,.Wl..$....Fny
00004AD0:  DC 42 92 95 33 D6 1C C5 24 B2 C6 D2 C9 46 6E 79  .B..3...$....Fny
00004AE0:  DC 42 92 95 33 D6 1C C5 24 B2 C6 D2 C9 46 6E 79  .B..3...$....Fny
00004AF0:  DC 42 92 95 33 D6 1C C5 24 B2 C6 D2 C9 46 6E 79  .B..3...$....Fny
00004B00:  DC 42 92 95 33 D6 1C C5 24 B2 C6 D2 C9 46 6E 79  .B..3...$....Fny
00004B10:  DC 42 92 95 33 D6 1C C5 24 B2 C6 D2 C9 46 6E 79  .B..3...$....Fny
00004B20:  DC 42 92 95 33 D6 1C C5 24 B2 C6 D2 C9 46 6E 79  .B..3...$....Fny
00004B30:  DC 42 92 95 33 D6 1C C5 24 B2 C6 D2 C9 46 6E 79  .B..3...$....Fny
00004B40:  DC 42 92 95 33 D6 1C C5 24 B2 C6 D2 C9 46 6E 79  .B..3...$....Fny
00004B50:  DC 42 92 95 33 D6 1C C5 24 B2 C6 D2 C9 46 6E 79  .B..3...$....Fny
00004B60:  DC 42 92 95 33 D6 1C C5 24 B2 C6 D2 C9 46 6E 79  .B..3...$....Fny
00004B70:  DC 42 92 95 33 D6 1C C5 24 B2 C6 D2 C9 46 6E 79  .B..3...$....Fny
00004B80:  DC 42 92 95 33 D6 1C C5 24 B2 C6 D2 C9 46 6E 79  .B..3...$....Fny
00004B90:  DC 42 92 95 33 D6 1C C5 24 B2 C6 D2 C9 46 6E 79  .B..3...$....Fny
00004BA0:  DC 42 92 95 33 D6 1C C5 24 B2 C6 D2 C9 46 6E 79  .B..3...$....Fny
00004BB0:  DC 42 92 95 33 D6 40 D1 7C 10 44 A2 F9 83 F8 6A  .B..3.@.|.D....j
00004BC0:  49 39 48 8C FE 12 00 00 00 00 00 00 00 00 00 00  I9H.............
00004BD0:  00 00 00 00 00 00 00 00 00 00 00 00 00 00 00 00  ................ [zeros]
00004BE0:  00 00 00 00 00 00 00 00 00 00 00 00 00 00 00 00  ................ [zeros]
00004BF0:  00 00 00 00 00 00 00 00 00 00 00 00 00 00 00 00  ................ [zeros]
00004C00:  00 00 00 00 00 00 00 00 00 00 00 00 00 00 00 00  ................ [zeros]
00004C10:  00 00 00 00 00 00 00 00 00 00 00 00 00 00 00 00  ................ [zeros]
00004C20:  00 00 00 00 00 00 00 00 00 00 00 00 00 00 00 00  ................ [zeros]
00004C30:  00 00 00 00 00 00 00 00 00 00 00 00 00 00 00 00  ................ [zeros]
00004C40:  00 00 00 00 00 00 00 00 00 00 00 00 00 00 00 00  ................ [zeros]
00004C50:  00 00 00 00 00 00 00 00 00 00 00 00 00 00 00 00  ................ [zeros]
00004C60:  00 00 00 00 00 00 00 00 00 00 00 00 00 00 00 00  ................ [zeros]
00004C70:  00 00 00 00 00 00 00 00 00 00 00 00 00 00 00 00  ................ [zeros]
00004C80:  00 00 00 00 00 00 00 00 00 00 00 00 00 00 00 00  ................ [zeros]
00004C90:  00 00 00 00 00 00 00 00 00 00 00 00 00 00 00 00  ................ [zeros]
00004CA0:  00 00 00 00 00 00 00 00 00 00 00 00 00 00 00 00  ................ [zeros]
00004CB0:  00 00 00 00 00 00 00 00 00 00 00 00 00 00 00 00  ................ [zeros]
00004CC0:  00 00 00 00 00 00 00 00 00 00 00 00 00 00 00 00  ................ [zeros]
00004CD0:  00 00 00 00 00 00 D2 44 96 98 2B 5F 88 38 55 29  .......D..+_.8U)
00004CE0:  BB 99 46 2A DE 2F 1C C5 24 B2 C6 D2 C9 46 6E 79  ..F*./..$....Fny
00004CF0:  DC 42 92 95 33 D6 1C C5 24 B2 C6 D2 C9 46 6E 79  .B..3...$....Fny
00004D00:  DC 42 92 95 33 D6 1C C5 24 B2 C6 D2 C9 46 6E 79  .B..3...$....Fny
00004D10:  DC 42 92 95 33 D6 1C C5 24 B2 C6 D2 C9 46 6E 79  .B..3...$....Fny
00004D20:  DC 42 92 95 33 D6 1C C5 24 B2 C6 D2 C9 46 6E 79  .B..3...$....Fny
00004D30:  DC 42 92 95 33 D6 1C C5 24 B2 C6 D2 C9 46 6E 79  .B..3...$....Fny
00004D40:  DC 42 92 95 33 D6 1C C5 24 B2 C6 D2 C9 46 6E 79  .B..3...$....Fny
00004D50:  DC 42 92 95 33 D6 1C C5 24 B2 C6 D2 C9 46 6E 79  .B..3...$....Fny
00004D60:  DC 42 92 95 33 D6 1C C5 24 B2 C6 D2 C9 46 6E 79  .B..3...$....Fny
00004D70:  DC 42 92 95 33 D6 1C C5 24 B2 C6 D2 C9 46 6E 79  .B..3...$....Fny
00004D80:  DC 42 92 95 33 D6 1C C5 24 B2 C6 D2 C9 46 6E 79  .B..3...$....Fny
00004D90:  DC 42 92 95 33 D6 1C C5 24 B2 C6 D2 C9 46 6E 79  .B..3...$....Fny
00004DA0:  DC 42 92 95 33 D6 1C C5 24 B2 C6 D2 C9 46 6E 79  .B..3...$....Fny
00004DB0:  DC 42 92 95 33 D6 1C C5 24 B2 C6 D2 C9 46 6E 79  .B..3...$....Fny
00004DC0:  DC 42 92 95 33 D6 1C C5 24 B2 C6 D2 C9 46 6E 79  .B..3...$....Fny
00004DD0:  DC 42 92 95 33 D6 D2 44 96 98 2B 5F 88 38 55 29  .B..3..D..+_.8U)
00004DE0:  BB 99 46 2A DE 2F 1C C5 24 B2 C6 D2 C9 46 6E 79  ..F*./..$....Fny
00004DF0:  DC 42 92 95 33 D6 1C C5 24 B2 C6 D2 C9 46 6E 79  .B..3...$....Fny
00004E00:  DC 42 92 95 33 D6 1C C5 24 B2 C6 D2 C9 46 6E 79  .B..3...$....Fny
00004E10:  DC 42 92 95 33 D6 1C C5 24 B2 C6 D2 C9 46 6E 79  .B..3...$....Fny
00004E20:  DC 42 92 95 33 D6 1C C5 24 B2 C6 D2 C9 46 6E 79  .B..3...$....Fny
00004E30:  DC 42 92 95 33 D6 1C C5 24 B2 C6 D2 C9 46 6E 79  .B..3...$....Fny
00004E40:  DC 42 92 95 33 D6 1C C5 24 B2 C6 D2 C9 46 6E 79  .B..3...$....Fny
00004E50:  DC 42 92 95 33 D6 1C C5 24 B2 C6 D2 C9 46 6E 79  .B..3...$....Fny
00004E60:  DC 42 92 95 33 D6 1C C5 24 B2 C6 D2 C9 46 6E 79  .B..3...$....Fny
00004E70:  DC 42 92 95 33 D6 1C C5 24 B2 C6 D2 C9 46 6E 79  .B..3...$....Fny
00004E80:  DC 42 92 95 33 D6 1C C5 24 B2 C6 D2 C9 46 6E 79  .B..3...$....Fny
00004E90:  DC 42 92 95 33 D6 1C C5 24 B2 C6 D2 C9 46 6E 79  .B..3...$....Fny
00004EA0:  DC 42 92 95 33 D6 1C C5 24 B2 C6 D2 C9 46 6E 79  .B..3...$....Fny
00004EB0:  DC 42 92 95 33 D6 1C C5 24 B2 C6 D2 C9 46 6E 79  .B..3...$....Fny
00004EC0:  DC 42 92 95 33 D6 1C C5 24 B2 C6 D2 C9 46 6E 79  .B..3...$....Fny
00004ED0:  DC 42 92 95 33 D6 00 00 00 00 00 00 00 00 00 00  .B..3...........
00004EE0:  00 00 00 00 00 00 00 00 00 00 00 00 00 00 00 00  ................ [zeros]
00004EF0:  00 00 00 00 00 00 00 00 00 00 00 00 00 00 00 00  ................ [zeros]
00004F00:  00 00 00 00 00 00 00 00 00 00 00 00 00 00 00 00  ................ [zeros]
00004F10:  00 00 00 00 00 00 00 00 00 00 00 00 00 00 00 00  ................ [zeros]
00004F20:  00 00 00 00 00 00 77 2E C1 F8 7A BC FE 77 5F 65  ......w...z..w_e
00004F30:  B4 E0 7C EF 2C 07 77 2E C1 F8 7A BC FE 77 5F 65  ..|.,.w...z..w_e
00004F40:  B4 E0 7C EF 2C 07 B8 FC BB 5C 2D 62 9C 59 70 30  ..|.,....\-b.Yp0
00004F50:  04 A5 8D 8D 06 3D 99 13 CD D7 75 65 ED B1 44 40  .....=....ue..D@
00004F60:  C5 A0 0E 7F DB 0E EB 29 4B 88 26 E1 10 62 51 46  .......)K.&..bQF
00004F70:  32 91 7D 5C EC 96 FF 4E EF 41 6E F5 CD 05 73 39  2.}\...N.An...s9
00004F80:  13 12 F8 13 27 4A D7 F9 B7 C8 CF 87 C3 B1 2B E5  ....'J........+.
00004F90:  D1 0B D8 5A 4C 52 F4 8E 49 A8 BA 8D 51 92 69 38  ...ZLR..I...Q.i8
00004FA0:  F2 2F 0C DC BA AE 57 1C 69 65 07 DE C0 F2 5A BA  ./....W.ie....Z.
00004FB0:  C5 23 44 1F 10 86 00 00 00 00 00 00 00 00 00 00  .#D.............
00004FC0:  00 00 00 00 00 00 00 00 00 00 00 00 00 00 00 00  ................ [zeros]
00004FD0:  00 00 00 00 00 00 00 00 00 00 00 00 00 00 00 00  ................ [zeros]
00004FE0:  00 00 00 00 00 00 00 00 00 00 00 00 00 00 00 00  ................ [zeros]
00004FF0:  00 00 00 00 00 00 00 00 00 00 00 00 00 00 00 00  ................ [zeros]
00005000:  00 00 00 00 00 00 00 00 00 00 00 00 00 00 00 00  ................ [zeros]
00005010:  00 00 00 00 00 00 00 00 00 00 00 00 00 00 00 00  ................ [zeros]
00005020:  00 00 00 00 00 00 00 00 00 00 00 00 00 00 00 00  ................ [zeros]
00005030:  00 00 00 00 00 00 00 00 00 00 00 00 00 00 00 00  ................ [zeros]
00005040:  00 00 00 00 00 00 00 00 00 00 00 00 00 00 00 00  ................ [zeros]
00005050:  00 00 00 00 00 00 00 00 00 00 00 00 00 00 00 00  ................ [zeros]
00005060:  00 00 00 00 00 00 1A 6B 25 3C EE 67 ED 0A B2 90  .......k%<.g....
00005070:  91 77 97 C3 CF C7 6C C9 22 ED C9 9E 75 FE 42 E7  .w....l."...u.B.
00005080:  F4 1D B1 73 F4 5C 9F A9 C8 D3 EB 23 85 7C 5E EF  ...s.\.....#.|^.
00005090:  31 E6 A9 B6 7F 09 3A 9D D1 D9 E3 09 49 46 01 DE  1.....:.....IF..
000050A0:  02 33 CF 55 5E 17 B9 EC 2A E0 39 FD 27 50 9E C0  .3.U^...*.9.'P..
000050B0:  6E 2B 23 E7 6B 31 53 70 EE 92 D4 2F D8 59 8D 1E  n+#.k1Sp.../.Y..
000050C0:  E1 9E 4F 0D 67 55 92 6C D7 82 3A B5 46 B8 87 73  ..O.gU.l..:.F..s
000050D0:  2B 66 76 68 8A 82 C0 8A BD D7 FF 5E D1 88 46 E2  +fvh.......^..F.
000050E0:  7A DF 07 44 7E 01 28 C5 DE B1 28 90 BB 9D 2E 82  z..D~.(...(.....
000050F0:  D5 D3 58 18 5F AA 94 52 5C 05 1F 83 65 AB 6E EA  ..X._..R\...e.n.
00005100:  53 0E 0E ED E7 6B 00 00 00 00 00 00 00 00 00 00  S....k..........
00005110:  00 00 00 00 00 00 00 00 00 00 00 00 00 00 00 00  ................ [zeros]
00005120:  00 00 00 00 00 00 3C 95 26 19 E8 48 99 F6 90 8B  ......<.&..H....
00005130:  43 56 E3 13 DB 32 6A 0C F1 49 90 0B DE 99 4F 81  CV...2j..I....O.
00005140:  03 B7 E1 BD CB 90 8C C4 00 89 2D 37 3D B1 A8 57  ..........-7=..W
00005150:  B4 AB 77 B6 B5 AE D4 F8 66 FF 71 C9 56 0C DC 3E  ..w.....f.q.V..>
00005160:  D8 7D 8B D9 C3 9A 8C F5 4F 5A 50 83 82 4D 00 C6  .}......OZP..M..
00005170:  3B 49 8E 39 8E 99 DC 3A F1 44 83 B5 D7 7F 75 4A  ;I.9...:.D....uJ
00005180:  B6 BA D8 9B 2D BE 3C 44 76 E1 BC 39 E7 B7 77 8E  ....-.<Dv..9..w.
00005190:  0E E8 A1 3E 08 A8 6C C9 22 ED C9 9E 75 FE 42 E7  ...>..l."...u.B.
000051A0:  F4 1D B1 73 F4 5C 00 00 00 00 00 00 00 00 00 00  ...s.\..........
000051B0:  00 00 00 00 00 00 5C 1C AC F4 62 67 4B 58 96 61  ......\...bgKX.a
000051C0:  5A 2C A3 E6 30 68 6A 0C F1 49 90 0B DE 99 4F 81  Z,..0hj..I....O.
000051D0:  03 B7 E1 BD CB 90 8C C4 00 89 2D 37 3D B1 A8 57  ..........-7=..W
000051E0:  B4 AB 77 B6 B5 AE 00 00 00 00 00 00 00 00 00 00  ..w.............
000051F0:  00 00 00 00 00 00 00 00 00 00 00 00 00 00 00 00  ................ [zeros]
00005200:  00 00 00 00 00 00 00 00 00 00 00 00 00 00 00 00  ................ [zeros]
00005210:  00 00 00 00 00 00 00 00 00 00 00 00 00 00 00 00  ................ [zeros]
00005220:  00 00 00 00 00 00 00 00 00 00 00 00 00 00 00 00  ................ [zeros]
00005230:  00 00 00 00 00 00 00 00 00 00 00 00 00 00 00 00  ................ [zeros]
00005240:  00 00 00 00 00 00 00 00 00 00 00 00 00 00 00 00  ................ [zeros]
00005250:  00 00 00 00 00 00 00 00 00 00 00 00 00 00 00 00  ................ [zeros]
00005260:  00 00 00 00 00 00 00 00 00 00 00 00 00 00 00 00  ................ [zeros]
00005270:  00 00 00 00 00 00 00 00 00 00 00 00 00 00 00 00  ................ [zeros]
00005280:  00 00 00 00 00 00 00 00 00 00 00 00 00 00 00 00  ................ [zeros]
00005290:  00 00 00 00 00 00 00 00 00 00 00 00 00 00 00 00  ................ [zeros]
000052A0:  00 00 00 00 00 00 00 00 00 00 00 00 00 00 00 00  ................ [zeros]
000052B0:  00 00 00 00 00 00 EA 24 8E EC C4 E3 32 70 CD 86  .......$....2p..
000052C0:  F1 A8 59 F3 0F D5 BE 95 C1 5F 07 B7 54 C1 F3 75  ..Y......_..T..u
000052D0:  5C 54 C1 5B F3 DE 85 E8 05 A9 66 B1 D7 A8 25 6B  \T.[......f...%k
000052E0:  26 67 EE E1 0B 53 EA 24 8E EC C4 E3 32 70 CD 86  &g...S.$....2p..
000052F0:  F1 A8 59 F3 0F D5 BE 95 C1 5F 07 B7 54 C1 F3 75  ..Y......_..T..u
00005300:  5C 54 C1 5B F3 DE 85 E8 05 A9 66 B1 D7 A8 25 6B  \T.[......f...%k
00005310:  26 67 EE E1 0B 53 EA 24 8E EC C4 E3 32 70 CD 86  &g...S.$....2p..
00005320:  F1 A8 59 F3 0F D5 B6 86 E4 F1 DA 97 CE E5 3A B9  ..Y...........:.
00005330:  18 2A 2B 3B 5F 29 00 00 00 00 00 00 00 00 00 00  .*+;_)..........
00005340:  00 00 00 00 00 00 C0 04 C3 F3 43 38 93 1A 96 9F  ..........C8....
00005350:  EB 92 B1 0E 85 15 B3 C9 3C 8D EB A0 CF 2E 04 EA  ........<.......
00005360:  87 E6 4D EF DB 8D 35 A5 15 22 68 CE 8D 52 BF 96  ..M...5.."h..R..
00005370:  E5 04 B7 27 7D 60 0D 76 54 F5 27 76 20 09 96 C8  ...'}`.vT.'v ...
00005380:  47 C9 1B 0D 41 33 D0 15 7A 39 B2 75 B1 CF FE 10  G...A3..z9.u....
00005390:  1F 09 69 D9 4E 63 9D B6 08 83 7B E2 C1 07 75 06  ..i.Nc....{...u.
000053A0:  71 C3 CB C5 F2 4C B9 65 A6 F6 3B B9 B1 D0 D4 E8  q....L.e..;.....
000053B0:  49 6A 5F F9 C5 49 30 9D 1D 75 2B 26 BE C1 47 1A  Ij_..I0..u+&..G.
000053C0:  6C 8C 64 95 62 F3 7B 80 06 C0 9D CF 87 F9 26 E4  l.d.b.{.......&.
000053D0:  6B D0 0F 0D AB 6E 4B EF F5 98 90 EE 62 0C C6 E3  k....nK.....b...
000053E0:  41 C5 EB 7D 57 A1 AC A1 F0 18 0B F1 5A 3F 9C D5  A..}W.......Z?..
000053F0:  26 B1 DE 53 80 72 93 BD BC 80 0B B6 6E 09 80 DA  &..S.r......n...
00005400:  CD 87 AE EE D6 14 8A 63 2C C3 4E 23 7D E3 67 71  .......c,.N#}.gq
00005410:  2F A4 8B 39 BB 57 E3 4E E8 C8 01 48 0A EB AE E9  /..9.W.N...H....
00005420:  01 71 0F C2 C0 70 31 A3 FB 85 93 F5 25 D0 8A 83  .q...p1.....%...
00005430:  16 DB 35 C2 6F 47 6A 0C F1 49 90 0B DE 99 4F 81  ..5.oGj..I....O.
00005440:  03 B7 E1 BD CB 90 3C 44 76 E1 BC 39 E7 B7 77 8E  ......<Dv..9..w.
00005450:  0E E8 A1 3E 08 A8 00 00 00 00 00 00 00 00 00 00  ...>............
00005460:  00 00 00 00 00 00 D4 F8 66 FF 71 C9 56 0C DC 3E  ........f.q.V..>
00005470:  D8 7D 8B D9 C3 9A 00 00 00 00 00 00 00 00 00 00  .}..............
00005480:  00 00 00 00 00 00 5C 1C AC F4 62 67 4B 58 96 61  ......\...bgKX.a
00005490:  5A 2C A3 E6 30 68 DC 3A F1 44 83 B5 D7 7F 75 4A  Z,..0h.:.D....uJ
000054A0:  B6 BA D8 9B 2D BE 00 00 00 00 00 00 00 00 00 00  ....-...........
000054B0:  00 00 00 00 00 00 8C C4 00 89 2D 37 3D B1 A8 57  ..........-7=..W
000054C0:  B4 AB 77 B6 B5 AE 6C C9 22 ED C9 9E 75 FE 42 E7  ..w...l."...u.B.
000054D0:  F4 1D B1 73 F4 5C 00 00 00 00 00 00 00 00 00 00  ...s.\..........
000054E0:  00 00 00 00 00 00 8C F5 4F 5A 50 83 82 4D 00 C6  ........OZP..M..
000054F0:  3B 49 8E 39 8E 99 00 00 00 00 00 00 00 00 00 00  ;I.9............
00005500:  00 00 00 00 00 00 6A 0C F1 49 90 0B DE 99 4F 81  ......j..I....O.
00005510:  03 B7 E1 BD CB 90 3C 44 76 E1 BC 39 E7 B7 77 8E  ......<Dv..9..w.
00005520:  0E E8 A1 3E 08 A8 00 00 00 00 00 00 00 00 00 00  ...>............
00005530:  00 00 00 00 00 00 00 00 00 00 00 00 00 00 00 00  ................ [zeros]
00005540:  00 00 00 00 00 00 00 00 00 00 00 00 00 00 00 00  ................ [zeros]
00005550:  00 00 00 00 00 00 00 00 00 00 00 00 00 00 00 00  ................ [zeros]
00005560:  00 00 00 00 00 00 00 00 00 00 00 00 00 00 00 00  ................ [zeros]
00005570:  00 00 00 00 00 00 00 00 00 00 00 00 00 00 00 00  ................ [zeros]
00005580:  00 00 00 00 00 00 75 F7 51 47 09 DA 27 5E 14 95  ......u.QG..'^..
00005590:  6B 2C C2 3F 7E 85 E5 06 9E F6 A1 82 52 42 7C A1  k,.?~.......RB|.
000055A0:  47 50 26 48 08 65 06 14 98 9D 96 B9 CA 55 A2 3C  GP&H.e.......U.<
000055B0:  F0 3E 96 20 9A 75 E5 06 9E F6 A1 82 52 42 7C A1  .>. .u......RB|.
000055C0:  47 50 26 48 08 65 8D D3 02 19 8F 58 D4 4B 1F F2  GP&H.e.....X.K..
000055D0:  D1 21 DD 32 F1 ED E6 4B 4C C6 BE 92 51 0B 3A 50  .!.2...KL...Q.:P
000055E0:  18 D8 D3 35 90 2E B8 A4 89 01 FD 13 B6 91 05 20  ...5........... 
000055F0:  BF 65 F5 36 35 CF 1A EB 4C 40 24 DF AA C8 1D DE  .e.65...L@$.....
00005600:  D8 07 91 75 C6 4B 7B 61 DF 48 EB 44 5E 82 24 D0  ...u.K{a.H.D^.$.
00005610:  C8 4C 00 FD 3E 7E 00 00 00 00 00 00 00 00 00 00  .L..>~..........
00005620:  00 00 00 00 00 00 8C D4 A1 B2 73 E7 12 A4 C7 EA  ..........s.....
00005630:  45 89 95 26 DD CB 57 AF 21 FA 81 FA 12 E9 7E ED  E..&..W.!.....~.
00005640:  0F 51 3F 86 00 43 90 F4 06 B3 AA 8B 6A 70 73 CD  .Q?..C......jps.
00005650:  A8 E2 98 82 FC 74 69 BC 53 7E 6C 5A E5 E2 87 1C  .....ti.S~lZ....
00005660:  07 D4 3D 43 B9 6F D0 87 A7 A1 17 AC A5 F7 95 74  ..=C.o.........t
00005670:  F9 6E 06 28 80 24 C1 D4 07 49 A9 E7 FE DC A5 71  .n.(.$...I.....q
00005680:  31 6B 29 2A 7C 9A C6 D8 01 CF 16 18 49 A4 78 F0  1k)*|.......I.x.
00005690:  CF CF 54 46 76 C7 08 DC CA 00 D4 2B E0 2D DC 15  ..TFv......+.-..
000056A0:  B3 BE FE 1C B5 DE 11 F4 11 B7 F3 B5 19 76 A0 96  .............v..
000056B0:  ED ED 4C 84 A7 D3 85 15 59 4D FC 57 57 BC 1E 98  ..L.....YM.WW...
000056C0:  BD EC 0E 1F 18 26 9C B9 4B CA D9 AD 00 AF 8D 2F  .....&..K....../
000056D0:  15 65 18 3C 84 DC 00 00 00 00 00 00 00 00 00 00  .e.<............
000056E0:  00 00 00 00 00 00 00 00 00 00 00 00 00 00 00 00  ................ [zeros]
000056F0:  00 00 00 00 00 00 00 00 00 00 00 00 00 00 00 00  ................ [zeros]
00005700:  00 00 00 00 00 00 00 00 00 00 00 00 00 00 00 00  ................ [zeros]
00005710:  00 00 00 00 00 00 41 7B C1 0F 01 DD C9 76 F9 31  ......A{.....v.1
00005720:  39 7A 5B 42 23 5E CF 16 A1 CC 8A A1 E7 8E 8E 07  9z[B#^..........
00005730:  27 06 9F CA 8C 96 72 3A 1D 44 BD F0 CE 47 8A 90  '.....r:.D...G..
00005740:  F8 AF 15 A4 F5 ED CF 6F ED 57 1E 3C EA 27 1A CA  .......o.W.<.'..
00005750:  89 BA 15 AE 02 42 66 6D 45 AD A2 A3 00 38 9C D8  .....BfmE....8..
00005760:  00 00 DA 15 3C 0E 33 51 45 86 D1 DB 16 5C B5 ED  ....<.3QE....\..
00005770:  D6 5B C9 E1 08 01 D0 56 B1 DB 78 44 23 92 70 23  .[.....V..xD#.p#
00005780:  4C B1 50 C2 CD 13 8C 50 E6 61 87 A2 D2 24 57 C4  L.P....P.a...$W.
00005790:  FC FE FF FF 8B CC 66 2D BA 60 87 18 96 E0 11 22  ......f-.`....."
000057A0:  14 F4 8A AF CC 60 91 BF 84 A4 D4 4B 73 44 B4 B4  .....`.....KsD..
000057B0:  12 FA 21 B7 FA 18 03 6E 23 E4 63 0B 58 19 48 D9  ..!....n#.c.X.H.
000057C0:  33 51 D4 43 B3 6E BC B3 E8 36 2E 64 2F 6A A9 E0  3Q.C.n...6.d/j..
000057D0:  F1 56 EC 8B 01 72 98 05 F9 26 96 A6 07 79 2F A0  .V...r...&...y/.
000057E0:  5D 81 A8 AC F1 32 76 FA 92 91 ED 81 0C E2 78 A5  ]....2v.......x.
000057F0:  D7 3D 67 48 6D 05 45 1E 13 99 34 83 6A 45 09 C0  .=gHm.E...4.jE..
00005800:  9B DE 9B 41 D2 AE 58 D3 17 03 40 5E 39 54 30 F9  ...A..X...@^9T0.
00005810:  AF ED 9B CB B0 AE 57 35 DA DA B8 17 3A 1C 26 47  ......W5....:.&G
00005820:  06 F5 45 04 F4 80 8C EF 7D 27 A6 9A 60 DF 6D CA  ..E.....}'..`.m.
00005830:  72 74 09 A3 DB EF FE 0B 33 A6 89 50 D0 94 A5 6B  rt......3..P...k
00005840:  61 6B F6 28 B8 5B 26 98 E4 0C 78 18 B1 01 00 4B  ak.(.[&...x....K
00005850:  C1 DD B1 A5 52 53 17 ED C9 4F F9 1F E4 87 06 6D  ....RS...O.....m
00005860:  08 DD 0F C8 44 FE C3 CF A0 22 84 87 CA 3A 83 B4  ....D...."...:..
00005870:  DB 72 8C 01 76 26 96 8A 01 96 FC A4 68 4B 34 D0  .r..v&......hK4.
00005880:  B2 73 2D BC F1 00 1B A8 98 76 B8 4C 4B 88 79 D3  .s-......v.LK.y.
00005890:  4B BC 5D FD EB CB 93 7A EE 9A 5D D5 95 8A 71 1B  K.]....z..]...q.
000058A0:  7E 3E F4 52 BE 2F 6D FF 77 E9 00 2C 4D 3F 8F AF  ~>.R./m.w..,M?..
000058B0:  A8 25 49 E8 4C 1F 81 F1 25 50 75 07 D2 44 D8 F9  .%I.L...%Pu..D..
000058C0:  D5 38 9D 55 F3 2F F1 18 69 13 FC CA A5 BF B4 8D  .8.U./..i.......
000058D0:  B5 1B F2 77 42 F0 24 90 B6 FB 34 2B 34 88 57 A8  ...wB.$...4+4.W.
000058E0:  74 FE FB F8 EE F0 35 2E 62 63 A5 A1 09 68 2B D8  t.....5.bc...h+.
000058F0:  EA 0C 62 D1 A1 0D 15 AD 10 EE 03 6A 8E DB 4D 37  ..b........j..M7
00005900:  BA F0 8B 09 D3 C6 D0 71 9B 80 63 11 16 F3 0E 73  .......q..c....s
00005910:  03 26 D4 C2 40 2C 57 D6 DC 21 CD DC 73 48 65 DA  .&..@,W..!..sHe.
00005920:  30 F8 9D C0 CE E5 E8 98 CD DD CF 86 52 B4 6C ED  0...........R.l.
00005930:  20 A1 3D 9A 8B B2 EF 10 57 ED 26 E8 7C 21 7E 2C   .=.....W.&.|!~,
00005940:  15 0F 1D 3C 61 47 76 2D AA D7 EF 36 E3 FE E5 92  ...<aGv-...6....
00005950:  91 66 7A C6 AE 97 B0 7D 33 0A 0A 46 C7 55 6B 4B  .fz....}3..F.UkK
00005960:  7B 34 40 DF 1A E3 8E 1A 11 2B E3 8D BC 88 12 7C  {4@......+.....|
00005970:  93 F5 A3 C2 EB 5D BD 2A 8D 7A 0B EA E9 92 78 BF  .....].*.z....x.
00005980:  AE C0 29 52 07 89 13 69 98 13 F7 1F 85 5F 30 8D  ..)R...i....._0.
00005990:  D0 CB 44 2D 43 07 00 00 00 00 00 00 00 00 00 00  ..D-C...........
000059A0:  00 00 00 00 00 00 00 00 00 00 00 00 00 00 00 00  ................ [zeros]
000059B0:  00 00 00 00 00 00 00 00 00 00 00 00 00 00 00 00  ................ [zeros]
000059C0:  00 00 00 00 00 00 00 00 00 00 00 00 00 00 00 00  ................ [zeros]
000059D0:  00 00 00 00 00 00 00 00 00 00 00 00 00 00 00 00  ................ [zeros]
000059E0:  00 00 00 00 00 00 00 00 00 00 00 00 00 00 00 00  ................ [zeros]
000059F0:  00 00 00 00 00 00 00 00 00 00 00 00 00 00 00 00  ................ [zeros]
00005A00:  00 00 00 00 00 00 FB 6F A3 D3 79 1B 27 37 74 AE  .......o..y.'7t.
00005A10:  E3 85 E4 15 00 A0 98 6E B1 BA F0 5E ED 09 BA AB  .......n...^....
00005A20:  1C 01 CF 61 E1 78 95 9C 6F 81 C5 A4 24 95 96 48  ...a.x..o...$..H
00005A30:  CD 4F D8 2A 18 9C BB 8D 19 61 C8 E2 DF 80 B3 14  .O.*.....a......
00005A40:  94 D1 AB 16 04 E7 4F 65 7E 7C 64 D9 E7 BF 74 5C  ......Oe~|d...t\
00005A50:  04 47 FA EF A5 C9 AA DD 9D F4 AF E7 4A 50 A5 2A  .G..........JP.*
00005A60:  6A FA 15 32 72 37 EB B5 31 B7 D6 B4 33 D2 49 92  j..2r7..1...3.I.
00005A70:  0D 5C 67 E7 23 63 83 DC 98 C4 41 7E 6E 01 85 9E  .\g.#c....A~n...
00005A80:  A2 A4 18 4B 98 14 23 02 66 76 87 18 57 82 B5 27  ...K..#.fv..W..'
00005A90:  7A 11 27 2E 5C 56 FB 72 A5 D1 CA BE D7 9F D5 5D  z.'.\V.r.......]
00005AA0:  73 E7 EC D1 D1 0E C2 DA 44 FA E9 83 80 EF A2 50  s.......D......P
00005AB0:  41 62 B5 7F 34 DC 00 00 00 00 00 00 00 00 00 00  Ab..4...........
00005AC0:  00 00 00 00 00 00 41 BC 13 53 AC B4 5A 81 2A FC  ......A..S..Z.*.
00005AD0:  11 AB 86 33 38 33 9F 0C 26 C9 A2 C9 1C B4 64 99  ...383..&.....d.
00005AE0:  5A 83 D9 42 8D 85 00 00 00 00 00 00 00 00 00 00  Z..B............
00005AF0:  00 00 00 00 00 00 00 00 00 00 00 00 00 00 00 00  ................ [zeros]
00005B00:  00 00 00 00 00 00 00 00 00 00 00 00 00 00 00 00  ................ [zeros]
00005B10:  00 00 00 00 00 00 00 00 00 00 00 00 00 00 00 00  ................ [zeros]
00005B20:  00 00 00 00 00 00 00 00 00 00 00 00 00 00 00 00  ................ [zeros]
00005B30:  00 00 00 00 00 00 00 00 00 00 00 00 00 00 00 00  ................ [zeros]
00005B40:  00 00 00 00 00 00 00 00 00 00 00 00 00 00 00 00  ................ [zeros]
00005B50:  00 00 00 00 00 00 00 00 00 00 00 00 00 00 00 00  ................ [zeros]
00005B60:  00 00 00 00 00 00 00 00 00 00 00 00 00 00 00 00  ................ [zeros]
00005B70:  00 00 00 00 00 00 00 00 00 00 00 00 00 00 00 00  ................ [zeros]
00005B80:  00 00 00 00 00 00 00 00 00 00 00 00 00 00 00 00  ................ [zeros]
00005B90:  00 00 00 00 00 00 00 00 00 00 00 00 00 00 00 00  ................ [zeros]
00005BA0:  00 00 00 00 00 00 00 00 00 00 00 00 00 00 00 00  ................ [zeros]
00005BB0:  00 00 00 00 00 00 BC D0 18 B9 97 54 69 E9 DF 5C  ...........Ti..\
00005BC0:  E9 D6 D7 00 71 F1 E1 92 30 35 EB 52 CF A5 74 7E  ....q...05.R..t~
00005BD0:  E8 B4 42 17 0B 91 00 00 00 00 00 00 00 00 00 00  ..B.............
00005BE0:  00 00 00 00 00 00 49 7C FF BF E6 C0 2B BA 46 2E  ......I|....+.F.
00005BF0:  20 50 9F 4A 63 BE EF D9 EF AB E7 28 01 C0 0A 5F   P.Jc......(..._
00005C00:  4B D5 9A 13 A8 3A 66 03 81 34 D5 A7 47 1D F7 3B  K....:f..4..G..;
00005C10:  A5 A6 D5 89 29 BD 00 00 00 00 00 00 00 00 00 00  ....)...........
00005C20:  00 00 00 00 00 00 58 A2 A1 3B 86 71 A2 68 3A CD  ......X..;.q.h:.
00005C30:  99 B3 8C C3 13 4F D7 69 FC E0 0B D8 CD CE D7 C2  .....O.i........
00005C40:  9D 4F FE 40 23 14 E9 CB E6 9F 93 CB 8A 25 4E F9  .O.@#........%N.
00005C50:  D0 C1 4B 20 18 9A EB D9 0F 97 D5 78 6C 93 96 24  ..K .......xl..$
00005C60:  6A 78 7C EE 34 2A CA B0 10 2C D8 F1 F1 B8 79 42  jx|.4*...,....yB
00005C70:  AA 7C 0D 81 47 DE 40 6C 8F 97 34 BA CE E0 FD 75  .|..G.@l..4....u
00005C80:  D1 8C E7 10 2F 9F 47 A2 37 91 84 0D 33 5F 94 94  ..../.G.7...3_..
00005C90:  BA 8D 5B CC 13 47 E0 E7 7C 7A CD 65 6F 78 7E 2B  ..[..G..|z.eox~+
00005CA0:  0E 87 33 46 A4 0A 53 B9 8D 0E 26 53 FB F2 8B 6D  ..3F..S...&S...m
00005CB0:  9E EE F3 21 F7 63 D9 12 4F 7B 85 08 C7 41 BF ED  ...!.c..O{...A..
00005CC0:  46 51 2E EF 23 56 D2 11 81 0A FD CA 45 BE BB 20  FQ..#V......E.. 
00005CD0:  79 34 3F 00 74 8D F8 2E 03 99 2D 85 62 AC 51 FB  y4?.t.....-.b.Q.
00005CE0:  1C 11 26 68 2A 65 36 AF 2E 4C B2 81 1C B2 F6 5C  ..&h*e6..L.....\
00005CF0:  E6 03 0E AF B9 F5 B1 D3 D2 AF 21 EE 4D 8C 6E 5D  ..........!.M.n]
00005D00:  44 1A C9 13 32 5A DA 2B BB 4F 6D 5A 27 55 CE 88  D...2Z.+.OmZ'U..
00005D10:  FA 15 D7 A8 A7 C2 11 AD 29 92 56 68 C0 D5 83 2E  ........).Vh....
00005D20:  32 A6 46 0A 2D F1 84 52 26 64 86 EA C2 36 BB 70  2.F.-..R&d...6.p
00005D30:  D8 A4 B8 62 67 DF 50 90 03 86 99 25 11 4A F8 A6  ...bg.P....%.J..
00005D40:  F0 9D CE BA DE E5 01 42 52 05 B8 9A CD 76 D6 97  .......BR....v..
00005D50:  3E 6E F4 70 8E EE 3C 9E 2F 5A 49 FE D8 15 06 6C  >n.p..<./ZI....l
00005D60:  D3 09 86 61 EA 24 A5 6B C2 F1 27 FF 34 0C C4 D1  ...a.$.k..'.4...
00005D70:  07 21 6F 4F 62 13 47 FB 87 AE 40 3F 57 CD B3 97  .!oOb.G...@?W...
00005D80:  CF CF DD 55 78 C9 58 81 FD EA 2E 42 52 84 E3 D7  ...Ux.X....BR...
00005D90:  EB FE 78 97 C5 3F 8E 65 3E 21 2C D1 26 10 BF 28  ..x..?.e>!,.&..(
00005DA0:  B1 D2 C3 9E 36 5C 35 3D 21 4C 4A 47 8C FF BA 53  ....6\5=!LJG...S
00005DB0:  91 ED 5F 57 53 82 A9 DA 5C 55 74 E0 B5 79 F4 4D  .._WS...\Ut..y.M
00005DC0:  0B 32 13 15 EF 4B E1 92 30 35 EB 52 CF A5 74 7E  .2...K..05.R..t~
00005DD0:  E8 B4 42 17 0B 91 2F 53 EB 1B 40 2C 64 5A 67 A0  ..B.../S..@,dZg.
00005DE0:  4B AE 3B AE CF E4 5F BD 4B 5F 7E A2 FC A8 90 5B  K.;..._.K_~....[
00005DF0:  60 69 C3 17 B0 BF 00 00 00 00 00 00 00 00 00 00  `i..............
00005E00:  00 00 00 00 00 00 00 00 00 00 00 00 00 00 00 00  ................ [zeros]
00005E10:  00 00 00 00 00 00 00 00 00 00 00 00 00 00 00 00  ................ [zeros]
00005E20:  00 00 00 00 00 00 00 00 00 00 00 00 00 00 00 00  ................ [zeros]
00005E30:  00 00 00 00 00 00 00 00 00 00 00 00 00 00 00 00  ................ [zeros]
00005E40:  00 00 00 00 00 00 00 00 00 00 00 00 00 00 00 00  ................ [zeros]
00005E50:  00 00 00 00 00 00 00 00 00 00 00 00 00 00 00 00  ................ [zeros]
00005E60:  00 00 00 00 00 00 00 00 00 00 00 00 00 00 00 00  ................ [zeros]
00005E70:  00 00 00 00 00 00 00 00 00 00 00 00 00 00 00 00  ................ [zeros]
00005E80:  00 00 00 00 00 00 00 00 00 00 00 00 00 00 00 00  ................ [zeros]
00005E90:  00 00 00 00 00 00 00 00 00 00 00 00 00 00 00 00  ................ [zeros]
00005EA0:  00 00 00 00 00 00 00 00 00 00 00 00 00 00 00 00  ................ [zeros]
00005EB0:  00 00 00 00 00 00 00 00 00 00 00 00 00 00 00 00  ................ [zeros]
00005EC0:  00 00 00 00 00 00 00 00 00 00 00 00 00 00 00 00  ................ [zeros]
00005ED0:  00 00 00 00 00 00 50 29 70 29 E9 03 3E F4 EA 88  ......P)p)..>...
00005EE0:  C8 8C AC 63 50 E2 00 00 00 00 00 00 00 00 00 00  ...cP...........
00005EF0:  00 00 00 00 00 00 5A 21 46 77 E7 3F F9 A8 68 53  ......Z!Fw.?..hS
00005F00:  40 EB 8A 45 60 D1 34 65 82 34 27 69 EC 93 DB 15  @..E`.4e.4'i....
00005F10:  E3 99 BC 51 81 92 C4 C7 FD E4 91 DE C8 87 19 69  ...Q...........i
00005F20:  BC 5A C7 6B 64 6F 95 5F 00 3E 51 A1 FC 7E 05 5F  .Z.kdo._.>Q..~._
00005F30:  64 5F 0A 3A 70 E0 BC D0 18 B9 97 54 69 E9 DF 5C  d_.:p......Ti..\
00005F40:  E9 D6 D7 00 71 F1 90 92 51 48 AB 5E C6 F9 74 75  ....q...QH.^..tu
00005F50:  43 A5 38 61 56 EB 6A B4 49 20 A0 D6 D0 A7 2E 2B  C.8aV.j.I .....+
00005F60:  47 96 B3 8F A8 68 A9 32 60 C4 85 60 A2 CF C6 63  G....h.2`..`...c
00005F70:  7A DD 50 C2 24 91 50 E4 7D EC 3A DC A7 58 D8 8D  z.P.$.P.}.:..X..
00005F80:  2C C0 7A D0 B9 4B 6E 90 86 64 CD 6B 33 AA 90 6C  ,.z..Kn..d.k3..l
00005F90:  EF 32 A5 77 0C 5E D8 AC 9C C4 06 D3 05 72 FD 4F  .2.w.^.......r.O
00005FA0:  A7 10 E3 EC 3C 0D 21 C1 CD D1 42 AD FC 99 C7 46  ....<.!...B....F
00005FB0:  F0 C2 F0 3B 81 F4 B7 0A B6 7C E9 CA F5 4C 68 DB  ...;.....|...Lh.
00005FC0:  25 8B AB C6 06 E4 60 05 C3 BB 9E 73 1D FA D5 D8  %.....`....s....
00005FD0:  5D 32 DA 78 67 79 D8 43 D8 05 CF EF 72 05 96 2C  ]2.xgy.C....r..,
00005FE0:  CE 0B EB 8B 44 F5 59 7C 9F F6 66 BC 93 54 DA 05  ....D.Y|..f..T..
00005FF0:  BC 4B 03 53 29 97 7D 05 E6 9E 10 55 0A B6 8A 6C  .K.S).}....U...l
00006000:  83 F6 3A 6C 79 20 B8 3D EA 79 5C BB 3D 73 D7 B1  ..:ly .=.y\.=s..
00006010:  07 AB 29 40 FE 3B 2C 63 83 2E 4F 64 C6 A5 16 2B  ..)@.;,c..Od...+
00006020:  F8 DE 4A AB 9B B7 75 C4 C7 E3 4C E2 64 84 44 CF  ..J...u...L.d.D.
00006030:  D5 A3 FA 72 55 4B 98 F6 C6 31 51 7C 5A 7B 0E FD  ...rUK...1Q|Z{..
00006040:  5B 1E 48 2D 30 6E EF 6F 72 7E 57 F3 F3 F5 D7 3B  [.H-0n.or~W....;
00006050:  CB 14 E8 17 8C 6A 04 80 73 65 4F 27 23 60 1F 41  .....j..seO'#`.A
00006060:  99 2E F2 73 69 1C BA B9 FB 2B F8 D2 2A E2 3E F8  ...si....+..*.>.
00006070:  FB F0 5B 92 6C 55 0A 52 9F 89 F7 42 F3 EC 74 7B  ..[.lU.R...B..t{
00006080:  51 4E 2B 74 0C DF B3 18 A7 51 18 D1 F0 65 01 B2  QN+t.....Q...e..
00006090:  46 3F 15 F6 0C 68 0D C5 AF 23 E7 F6 D4 FA D0 6F  F?...h...#.....o
000060A0:  A1 12 D1 BC DC 56 D3 57 98 91 D6 C7 30 D1 4B 6D  .....V.W....0.Km
000060B0:  20 2F E2 AD 76 16 36 80 4E AE 4F F0 DB E3 08 7D   /..v.6.N.O....}
000060C0:  A5 27 96 D2 0A E6 48 09 3E DB 59 7B 48 9E 8D 9F  .'....H.>.Y{H...
000060D0:  CE B6 BC 0D 0B 51 13 69 98 13 F7 1F 85 5F 30 8D  .....Q.i....._0.
000060E0:  D0 CB 44 2D 43 07 4A 16 7D 97 E6 45 0F DF 58 74  ..D-C.J.}..E..Xt
000060F0:  40 10 5F 1C 44 9D 00 00 00 00 00 00 00 00 00 00  @._.D...........
00006100:  00 00 00 00 00 00 00 00 00 00 00 00 00 00 00 00  ................ [zeros]
00006110:  00 00 00 00 00 00 00 00 00 00 00 00 00 00 00 00  ................ [zeros]
00006120:  00 00 00 00 00 00 00 00 00 00 00 00 00 00 00 00  ................ [zeros]
00006130:  00 00 00 00 00 00 7F 9A FB 7A 07 1C DA DD 93 C0  .........z......
00006140:  C2 EC 92 A3 5C FF FB 9F BF C8 91 D5 90 BC 53 95  ....\.........S.
00006150:  67 EB 86 CA 43 6D A1 D1 85 ED F9 4F 6B BD 8A 58  g...Cm.....Ok..X
00006160:  64 85 1E E3 55 D9 DE A6 07 C6 85 6C 9B BC 89 CE  d...U......l....
00006170:  A6 61 AB 6B 89 ED 1E BA E3 E9 3E E2 2C 8A 3F C3  .a.k......>.,.?.
00006180:  DD 45 DB FB D1 0E 00 00 00 00 00 00 00 00 00 00  .E..............
00006190:  00 00 00 00 00 00 00 00 00 00 00 00 00 00 00 00  ................ [zeros]
000061A0:  00 00 00 00 00 00 00 00 00 00 00 00 00 00 00 00  ................ [zeros]
000061B0:  00 00 00 00 00 00 00 00 00 00 00 00 00 00 00 00  ................ [zeros]
000061C0:  00 00 00 00 00 00 00 00 00 00 00 00 00 00 00 00  ................ [zeros]
000061D0:  00 00 00 00 00 00 00 00 00 00 00 00 00 00 00 00  ................ [zeros]
000061E0:  00 00 00 00 00 00 00 00 00 00 00 00 00 00 00 00  ................ [zeros]
000061F0:  00 00 00 00 00 00 00 00 00 00 00 00 00 00 00 00  ................ [zeros]
00006200:  00 00 00 00 00 00 00 00 00 00 00 00 00 00 00 00  ................ [zeros]
00006210:  00 00 00 00 00 00 00 00 00 00 00 00 00 00 00 00  ................ [zeros]
00006220:  00 00 00 00 00 00 00 00 00 00 00 00 00 00 00 00  ................ [zeros]
00006230:  00 00 00 00 00 00 0D 17 CA 51 0C 5F 2F BA 7B 45  .........Q._/.{E
00006240:  63 EF 6A EA 38 EF 7F 9F 26 33 92 1D 41 07 1A DD  c.j.8...&3..A...
00006250:  6B B7 A4 1D 2E 9F B2 DF 29 52 5A 8D 23 DB BC 75  k.......)RZ.#..u
00006260:  B4 8F 06 C2 D5 6F BC D0 18 B9 97 54 69 E9 DF 5C  .....o.....Ti..\
00006270:  E9 D6 D7 00 71 F1 00 00 00 00 00 00 00 00 00 00  ....q...........
00006280:  00 00 00 00 00 00 00 00 00 00 00 00 00 00 00 00  ................ [zeros]
00006290:  00 00 00 00 00 00 00 00 00 00 00 00 00 00 00 00  ................ [zeros]
000062A0:  00 00 00 00 00 00 00 00 00 00 00 00 00 00 00 00  ................ [zeros]
000062B0:  00 00 00 00 00 00 00 00 00 00 00 00 00 00 00 00  ................ [zeros]
000062C0:  00 00 00 00 00 00 E6 D1 79 8A DA F7 30 8F 62 00  ........y...0.b.
000062D0:  73 EC 3C A6 9E C6 54 10 BD B3 89 CD 4B 9F 91 03  s.<...T.....K...
000062E0:  EB 43 8E A0 85 64 00 00 00 00 00 00 00 00 00 00  .C...d..........
000062F0:  00 00 00 00 00 00 00 00 00 00 00 00 00 00 00 00  ................ [zeros]
00006300:  00 00 00 00 00 00 00 00 00 00 00 00 00 00 00 00  ................ [zeros]
00006310:  00 00 00 00 00 00 00 00 00 00 00 00 00 00 00 00  ................ [zeros]
00006320:  00 00 00 00 00 00 00 00 00 00 00 00 00 00 00 00  ................ [zeros]
00006330:  00 00 00 00 00 00 00 00 00 00 00 00 00 00 00 00  ................ [zeros]
00006340:  00 00 00 00 00 00 00 00 00 00 00 00 00 00 00 00  ................ [zeros]
00006350:  00 00 00 00 00 00 00 00 00 00 00 00 00 00 00 00  ................ [zeros]
00006360:  00 00 00 00 00 00 00 00 00 00 00 00 00 00 00 00  ................ [zeros]
00006370:  00 00 00 00 00 00 00 00 00 00 00 00 00 00 00 00  ................ [zeros]
00006380:  00 00 00 00 00 00 00 00 00 00 00 00 00 00 00 00  ................ [zeros]
00006390:  00 00 00 00 00 00 E3 8B F4 E4 6B 90 7D 0E 89 7A  ..........k.}..z
000063A0:  08 7C 31 FF 72 06 65 C8 8E 2A 1C 80 14 B9 C0 62  .|1.r.e..*.....b
000063B0:  57 F8 CE 41 EE 9D 97 5D 6C 97 D1 FA C5 51 78 0C  W..A...]l....Qx.
000063C0:  21 68 74 CF DE F6 B4 2A 43 36 E1 8C C2 52 F7 15  !ht....*C6...R..
000063D0:  A4 2C A2 0D 32 51 2F 53 EB 1B 40 2C 64 5A 67 A0  .,..2Q/S..@,dZg.
000063E0:  4B AE 3B AE CF E4 00 00 00 00 00 00 00 00 00 00  K.;.............
000063F0:  00 00 00 00 00 00 00 00 00 00 00 00 00 00 00 00  ................ [zeros]
00006400:  00 00 00 00 00 00 00 00 00 00 00 00 00 00 00 00  ................ [zeros]
00006410:  00 00 00 00 00 00 00 00 00 00 00 00 00 00 00 00  ................ [zeros]
00006420:  00 00 00 00 00 00 00 00 00 00 00 00 00 00 00 00  ................ [zeros]
00006430:  00 00 00 00 00 00 F0 DC 83 32 AE A0 8F D3 DA 7D  .........2.....}
00006440:  10 31 C4 4B C3 A0 60 84 12 B2 13 D0 08 19 96 D8  .1.K..`.........
00006450:  BC B9 64 0C D4 2C 00 00 00 00 00 00 00 00 00 00  ..d..,..........
00006460:  00 00 00 00 00 00 00 00 00 00 00 00 00 00 00 00  ................ [zeros]
00006470:  00 00 00 00 00 00 00 00 00 00 00 00 00 00 00 00  ................ [zeros]
00006480:  00 00 00 00 00 00 00 00 00 00 00 00 00 00 00 00  ................ [zeros]
00006490:  00 00 00 00 00 00 00 00 00 00 00 00 00 00 00 00  ................ [zeros]
000064A0:  00 00 00 00 00 00 00 00 00 00 00 00 00 00 00 00  ................ [zeros]
000064B0:  00 00 00 00 00 00 00 00 00 00 00 00 00 00 00 00  ................ [zeros]
000064C0:  00 00 00 00 00 00 00 00 00 00 00 00 00 00 00 00  ................ [zeros]
000064D0:  00 00 00 00 00 00 00 00 00 00 00 00 00 00 00 00  ................ [zeros]
000064E0:  00 00 00 00 00 00 00 00 00 00 00 00 00 00 00 00  ................ [zeros]
000064F0:  00 00 00 00 00 00 00 00 00 00 00 00 00 00 00 00  ................ [zeros]
00006500:  00 00 00 00 00 00 F2 BF 69 DD 9F A4 9E 7E 20 A8  ........i....~ .
00006510:  0E 27 E1 E6 7F 17 A6 D2 94 1E 37 AA B0 9F 3D E1  .'........7...=.
00006520:  FF 8B 40 AC 70 A7 D0 D4 C1 EE 46 76 ED 45 A4 DB  ..@.p.....Fv.E..
00006530:  81 10 D2 5B B7 93 C1 AD 41 B9 CF 4F AF 0D 72 C8  ...[....A..O..r.
00006540:  DC A9 BB EB 1B DE FB 77 4C 14 00 46 B0 A7 58 BB  .......wL..F..X.
00006550:  68 50 D6 79 D7 E4 12 DA 35 3A 45 BC BF 9F 12 8D  hP.y....5:E.....
00006560:  10 46 F2 9E 5C 99 3B 71 E8 46 65 C4 00 09 BD AC  .F..\.;q.Fe.....
00006570:  AC 36 D0 42 98 BC 5A E6 A4 68 3F 76 29 87 27 B3  .6.B..Z..h?v).'.
00006580:  17 8E 60 D8 E8 F0 68 89 FD B8 D8 74 81 7F A9 23  ..`...h....t...#
00006590:  C8 3E 60 D5 19 01 C1 2D 4B 52 EC 0A 86 84 07 90  .>`....-KR......
000065A0:  D3 67 42 F0 01 2B 05 BA 66 A3 9F 8B E9 68 32 DD  .gB..+..f....h2.
000065B0:  A5 08 F7 C7 EB 59 F1 16 87 A6 FA 41 01 A3 40 EE  .....Y.....A..@.
000065C0:  C7 75 B9 5E FA 6B 4D 7E 69 3D 74 75 51 E3 86 7F  .u.^.kM~i=tuQ...
000065D0:  23 B0 57 BD B1 E9 5B A8 77 12 67 51 89 DA 9A C6  #.W...[.w.gQ....
000065E0:  EA D8 81 D2 0F DD 92 8C EF 88 38 8A F7 1E 5C B2  ..........8...\.
000065F0:  64 F4 12 FE C3 83 C7 76 C2 E9 E3 5F E9 1C D4 12  d......v..._....
00006600:  94 C4 AD 07 13 CB AB 48 35 26 70 B8 39 DD 12 97  .......H5&p.9...
00006610:  D0 15 FA CE A7 C4 DE 1E 01 4C 20 68 40 77 F8 BB  .........L h@w..
00006620:  1F 73 97 61 8D 67 E6 E4 FE F5 F7 E2 E9 E9 83 BD  .s.a.g..........
00006630:  9A 80 BB 28 FF E1 8C 01 AF 39 A2 32 1F A7 8A 30  ...(.....9.2...0
00006640:  F6 AA 11 CA 9C 32 E8 19 41 2C B4 1C 88 ED 2B 00  .....2..A,....+.
00006650:  3F E6 E8 F9 97 A2 3D FF AD F9 24 BF 32 D8 46 FB  ?.....=...$.2.F.
00006660:  B5 EF 47 83 36 E1 34 84 30 20 78 E1 43 46 BF 27  ..G.6.4.0 x.CF.'
00006670:  21 4D 19 FC 16 22 00 00 00 00 00 00 00 00 00 00  !M..."..........
00006680:  00 00 00 00 00 00 F3 6C 84 32 B3 14 7A A9 46 E4  .......l.2..z.F.
00006690:  CE 30 EF AA 02 8A D8 50 CE 96 12 D8 27 CF A3 35  .0.....P....'..5
000066A0:  15 3E 7C 2E 86 25 D5 4F 14 BC 1B 56 53 FA 8B B2  .>|..%.O...VS...
000066B0:  AE 77 7A F0 2F E9 00 00 00 00 00 00 00 00 00 00  .wz./...........
000066C0:  00 00 00 00 00 00 3D 63 27 D4 4E A9 12 05 32 F6  ......=c'.N...2.
000066D0:  1A F8 9A C6 AD 10 73 73 0B 32 6A C9 F9 07 72 C7  ......ss.2j...r.
000066E0:  3C 21 61 B2 DB 83 AD 8B F2 BF 95 FD 18 1F A2 84  <!a.............
000066F0:  0A C9 3E 15 C4 DE 9D 48 2A 57 B5 CE 32 F6 A1 2F  ..>....H*W..2../
00006700:  3E 68 E6 63 41 55 10 17 11 C1 3F B9 5A 71 6D 2C  >h.cAU....?.Zqm,
00006710:  72 97 12 60 A7 9E 00 00 00 00 00 00 00 00 00 00  r..`............
00006720:  00 00 00 00 00 00 B4 2A 43 36 E1 8C C2 52 F7 15  .......*C6...R..
00006730:  A4 2C A2 0D 32 51 DF F3 4A 62 85 20 1A 27 0A 23  .,..2Q..Jb. .'.#
00006740:  68 10 E1 1F AF C4 3D FF AD F9 24 BF 32 D8 46 FB  h.....=...$.2.F.
00006750:  B5 EF 47 83 36 E1 34 84 30 20 78 E1 43 46 BF 27  ..G.6.4.0 x.CF.'
00006760:  21 4D 19 FC 16 22 00 00 00 00 00 00 00 00 00 00  !M..."..........
00006770:  00 00 00 00 00 00 DA 42 A2 6B 1A 54 99 3C 86 C9  .......B.k.T.<..
00006780:  CC C1 CC 7B 3B B1 00 00 00 00 00 00 00 00 00 00  ...{;...........
00006790:  00 00 00 00 00 00 00 00 00 00 00 00 00 00 00 00  ................ [zeros]
000067A0:  00 00 00 00 00 00 00 00 00 00 00 00 00 00 00 00  ................ [zeros]
000067B0:  00 00 00 00 00 00 00 00 00 00 00 00 00 00 00 00  ................ [zeros]
000067C0:  00 00 00 00 00 00 00 00 00 00 00 00 00 00 00 00  ................ [zeros]
000067D0:  00 00 00 00 00 00 00 00 00 00 00 00 00 00 00 00  ................ [zeros]
000067E0:  00 00 00 00 00 00 00 00 00 00 00 00 00 00 00 00  ................ [zeros]
000067F0:  00 00 00 00 00 00 00 00 00 00 00 00 00 00 00 00  ................ [zeros]
00006800:  00 00 00 00 00 00 00 00 00 00 00 00 00 00 00 00  ................ [zeros]
00006810:  00 00 00 00 00 00 00 00 00 00 00 00 00 00 00 00  ................ [zeros]
00006820:  00 00 00 00 00 00 00 00 00 00 00 00 00 00 00 00  ................ [zeros]
00006830:  00 00 00 00 00 00 00 00 00 00 00 00 00 00 00 00  ................ [zeros]
00006840:  00 00 00 00 00 00 00 00 00 00 00 00 00 00 00 00  ................ [zeros]
00006850:  00 00 00 00 00 00 AF 89 F3 17 45 17 E7 83 CE E3  ..........E.....
00006860:  AD 23 DE 0B 15 9A D5 C0 21 AE 82 7D 4A E9 DB 07  .#......!..}J...
00006870:  2A A3 4F BE 24 27 00 00 00 00 00 00 00 00 00 00  *.O.$'..........
00006880:  00 00 00 00 00 00 D7 91 1D 2D DE DF BD 93 7F 53  .........-.....S
00006890:  3A F9 8C B4 82 52 00 00 00 00 00 00 00 00 00 00  :....R..........
000068A0:  00 00 00 00 00 00 58 B0 23 20 91 A5 49 04 83 9E  ......X.# ..I...
000068B0:  EB 15 CB AC 27 BB FF B8 6C 52 5B 8B 6C E7 D3 8C  ....'...lR[.l...
000068C0:  16 28 21 C9 97 16 D3 E6 E0 05 C1 23 01 18 15 0F  .(!........#....
000068D0:  3F 45 67 5F 05 66 74 09 A9 F3 5E 51 02 3D 9A 8F  ?Eg_.ft...^Q.=..
000068E0:  D1 63 64 09 19 37 68 CB A8 89 FC 6F B4 07 02 A0  .cd..7h....o....
000068F0:  6B 42 CD 44 87 34 7B DA B9 28 55 77 F7 B0 92 C9  kB.D.4{..(Uw....
00006900:  17 B4 C1 EE 49 1C D6 35 A0 6D 3D 30 9E 1C 4B E2  ....I..5.m=0..K.
00006910:  A3 AB 57 F0 D7 87 AE 1B 72 6C A3 F2 9C F6 FB D4  ..W.....rl......
00006920:  D8 10 E9 23 BA 4A 9F CD A9 13 DD 9B 26 53 F8 C3  ...#.J......&S..
00006930:  19 1F DF 35 EE 6D 07 93 30 AB 19 CB 83 A0 D3 54  ...5.m..0......T
00006940:  2A F9 EE 27 0F A2 C6 EA C2 1B 72 CC A0 65 EC 23  *..'......r..e.#
00006950:  6B B4 A3 34 26 D6 D4 5C 76 3E 9C 0D 2A 03 73 7B  k..4&..\v>..*.s{
00006960:  BD 11 53 0F BB E4 85 D3 3D 91 BC 0C 60 9A 1E 8D  ..S.....=...`...
00006970:  55 65 CE 2B B1 29 69 48 7B FE 33 96 83 22 B2 33  Ue.+.)iH{.3..".3
00006980:  49 78 1E 5F 42 E6 70 99 6A 4A CB 6D 1E E9 40 53  Ix._B.p.jJ.m..@S
00006990:  02 65 5E F6 DF 77 F7 4F 70 33 E5 0C E3 31 65 64  .e^..w.Op3...1ed
000069A0:  36 CA 75 74 CE FC D3 35 21 16 69 28 32 5F 58 63  6.ut...5!.i(2_Xc
000069B0:  F1 9D 3C 4C 87 FE 77 7D 41 59 E6 F4 ED 74 B9 37  ..<L..w}AY...t.7
000069C0:  FA 55 37 72 A6 BA 00 00 00 00 00 00 00 00 00 00  .U7r............
000069D0:  00 00 00 00 00 00 00 00 00 00 00 00 00 00 00 00  ................ [zeros]
000069E0:  00 00 00 00 00 00 00 00 00 00 00 00 00 00 00 00  ................ [zeros]
000069F0:  00 00 00 00 00 00 3D 63 27 D4 4E A9 12 05 32 F6  ......=c'.N...2.
00006A00:  1A F8 9A C6 AD 10 00 00 00 00 00 00 00 00 00 00  ................
00006A10:  00 00 00 00 00 00 00 00 00 00 00 00 00 00 00 00  ................ [zeros]
00006A20:  00 00 00 00 00 00 13 11 6C 44 46 DA 5D A9 4F 77  ........lDF.].Ow
00006A30:  25 5E 53 06 31 51 00 00 00 00 00 00 00 00 00 00  %^S.1Q..........
00006A40:  00 00 00 00 00 00 00 00 00 00 00 00 00 00 00 00  ................ [zeros]
00006A50:  00 00 00 00 00 00 27 A1 1E E8 27 AC A2 A5 3C DB  ......'...'...<.
00006A60:  F7 22 95 99 3F CA 00 00 00 00 00 00 00 00 00 00  ."..?...........
00006A70:  00 00 00 00 00 00 00 00 00 00 00 00 00 00 00 00  ................ [zeros]
00006A80:  00 00 00 00 00 00 00 00 00 00 00 00 00 00 00 00  ................ [zeros]
00006A90:  00 00 00 00 00 00 B5 43 E5 6C 95 A8 DF 89 CB A5  .......C.l......
00006AA0:  38 51 89 28 06 44 00 00 00 00 00 00 00 00 00 00  8Q.(.D..........
00006AB0:  00 00 00 00 00 00 00 00 00 00 00 00 00 00 00 00  ................ [zeros]
00006AC0:  00 00 00 00 00 00 08 DF 40 7B 6F 24 8D 52 A3 D2  ........@{o$.R..
00006AD0:  AF F8 0A 29 BB 19 00 00 00 00 00 00 00 00 00 00  ...)............
00006AE0:  00 00 00 00 00 00 00 00 00 00 00 00 00 00 00 00  ................ [zeros]
00006AF0:  00 00 00 00 00 00 1D 47 77 CF D6 7B 05 81 85 DC  .......Gw..{....
00006B00:  B1 1A 53 5C 0A 71 00 00 00 00 00 00 00 00 00 00  ..S\.q..........
00006B10:  00 00 00 00 00 00 00 00 00 00 00 00 00 00 00 00  ................ [zeros]
00006B20:  00 00 00 00 00 00 00 00 00 00 00 00 00 00 00 00  ................ [zeros]
00006B30:  00 00 00 00 00 00 3D FC 2E 8A 89 38 D6 57 54 2B  ......=....8.WT+
00006B40:  12 2B 1F 95 78 AD 75 D5 68 24 EA DE D8 2D 40 8C  .+..x.u.h$...-@.
00006B50:  3A 5E 16 80 A8 13 F7 00 6E AE 44 10 D3 CB 7C A3  :^......n.D...|.
00006B60:  E8 49 38 A7 48 4F 7A 41 79 AF 60 AC 8F A2 46 C5  .I8.HOzAy.`...F.
00006B70:  9B 72 CD 1B 5A 1A 17 ED C9 4F F9 1F E4 87 06 6D  .r..Z....O.....m
00006B80:  08 DD 0F C8 44 FE 10 87 34 9D B6 93 5C B9 8E 28  ....D...4...\..(
00006B90:  34 E4 CF 7E A1 E0 9E 57 A0 24 5C BE 93 64 59 DC  4..~...W.$\..dY.
00006BA0:  14 16 27 42 6E F9 D6 44 CB C3 F7 73 02 EF 25 7B  ..'Bn..D...s..%{
00006BB0:  F8 86 DA 64 D2 85 54 89 28 98 64 D8 99 76 3C B4  ...d..T.(.d..v<.
00006BC0:  65 AF 4F 3F 3E 92 81 BB A8 7B A4 9E B6 B6 C0 93  e.O?>....{......
00006BD0:  A6 17 70 C7 52 C6 1D 86 F2 44 CB 55 81 AF CC 54  ..p.R....D.U...T
00006BE0:  2C 9E 1F E1 39 23 0A CF DA ED E0 D1 0A 6C 54 E0  ,...9#.......lT.
00006BF0:  72 85 4F 1F 58 6D 4C 19 A0 35 4A B3 A0 13 F1 F1  r.O.XmL..5J.....
00006C00:  3D 31 E9 D9 E7 A5 6E 16 83 A0 B6 49 7D 22 D6 28  =1....n....I}".(
00006C10:  50 9E 09 81 A1 3B 56 CD 9C 2C A4 EF F8 03 09 D9  P....;V..,......
00006C20:  AE BB BB F8 CA 48 7A E0 03 0C 76 10 E9 3D 92 31  .....Hz...v..=.1
00006C30:  BC 45 28 F2 98 22 86 64 8E 8B 64 46 52 B5 A6 F3  .E(..".d..dFR...
00006C40:  4B 9F 09 EA 6D 48 39 DC D6 87 9A 28 98 06 06 7F  K...mH9....(....
00006C50:  FA 7F BE B9 DC 6C 39 DC D6 87 9A 28 98 06 06 7F  .....l9....(....
00006C60:  FA 7F BE B9 DC 6C 1C 3C 77 FD FA C5 88 96 B9 32  .....l.<w......2
00006C70:  86 D4 2A 83 CB 8A C2 B6 97 4B 19 EA 53 C9 47 49  ..*......K..S.GI
00006C80:  0B 0C 2A ED 20 BE C2 B6 97 4B 19 EA 53 C9 47 49  ..*. ....K..S.GI
00006C90:  0B 0C 2A ED 20 BE C2 B6 97 4B 19 EA 53 C9 47 49  ..*. ....K..S.GI
00006CA0:  0B 0C 2A ED 20 BE 2B D5 E0 70 F3 43 E7 05 4C C2  ..*. .+..p.C..L.
00006CB0:  89 A8 BE 07 6B 90 C3 D2 72 BC FF A9 F7 17 35 D1  ....k...r.....5.
00006CC0:  18 AC FC 0D 28 D5 8C C5 76 FE 6F 03 A4 79 D0 13  ....(...v.o..y..
00006CD0:  32 43 8E 16 C7 62 89 19 E8 4F 4B B0 1E 1A 04 2B  2C...b...OK....+
00006CE0:  DB 82 69 4B A0 DD AC 00 59 74 8C E0 8C EF E9 10  ..iK....Yt......
00006CF0:  FD 1D 91 12 45 59 EE BE B7 21 26 17 36 22 76 A4  ....EY...!&.6"v.
00006D00:  99 82 8F 28 50 EE 3F 1D 47 B7 68 7D F4 4D 1D B8  ...(P.?.G.h}.M..
00006D10:  9D 68 CD 6B 4D 55 57 F9 54 37 14 61 A7 D4 74 5B  .h.kMUW.T7.a..t[
00006D20:  3F EF 13 0D 4F FA 57 F9 54 37 14 61 A7 D4 74 5B  ?...O.W.T7.a..t[
00006D30:  3F EF 13 0D 4F FA 2C 0C 58 A7 44 25 CE 42 3D 20  ?...O.,.X.D%.B= 
00006D40:  71 0C 2C 33 34 0C 66 DE 49 B8 07 49 87 D3 4F 29  q.,34.f.I..I..O)
00006D50:  12 74 0D 18 5E D2 81 43 E9 5D BB 31 14 0E 45 25  .t..^..C.].1..E%
00006D60:  52 44 51 9B A8 98 AF 6A 9D 3B D1 65 25 C7 A9 51  RDQ....j.;.e%..Q
00006D70:  5A 21 AD 43 D6 1F 49 B6 5A 44 46 89 46 4F D2 66  Z!.C..I.ZDF.FO.f
00006D80:  5A E0 17 36 C7 65 A1 37 00 48 9B 6C BB 74 AA BA  Z..6.e.7.H.l.t..
00006D90:  68 37 C3 45 ED 0E 30 6A FC 09 27 2B 04 83 11 B2  h7.E..0j..'+....
00006DA0:  FF 8A 75 9B B7 C4 41 E5 3F 40 4E 3C 87 C8 70 5C  ..u...A.?@N<..p\
00006DB0:  8C 3F 24 A0 E2 EE 58 66 93 52 7E BE D8 C8 95 07  .?$...Xf.R~.....
00006DC0:  2B E6 1E 29 D2 00 57 D0 C4 E8 A5 14 31 DE F2 09  +..)..W.....1...
00006DD0:  B9 F9 10 6D 3F CF 66 DE 49 B8 07 49 87 D3 4F 29  ...m?.f.I..I..O)
00006DE0:  12 74 0D 18 5E D2 81 43 E9 5D BB 31 14 0E 45 25  .t..^..C.].1..E%
00006DF0:  52 44 51 9B A8 98 AF 6A 9D 3B D1 65 25 C7 A9 51  RDQ....j.;.e%..Q
00006E00:  5A 21 AD 43 D6 1F 49 B6 5A 44 46 89 46 4F D2 66  Z!.C..I.ZDF.FO.f
00006E10:  5A E0 17 36 C7 65 A1 37 00 48 9B 6C BB 74 AA BA  Z..6.e.7.H.l.t..
00006E20:  68 37 C3 45 ED 0E 30 6A FC 09 27 2B 04 83 11 B2  h7.E..0j..'+....
00006E30:  FF 8A 75 9B B7 C4 CE 7D 67 B1 7F 55 59 C3 B8 B7  ..u....}g..UY...
00006E40:  A4 B9 69 8F 79 BB F3 32 1D 19 E7 BE A2 4F F4 EF  ..i.y..2.....O..
00006E50:  EC E8 C0 02 13 12 62 A5 75 9E B3 1B 2C 05 07 CE  ......b.u...,...
00006E60:  58 01 41 5B 19 AC 14 F8 D5 99 C4 10 11 70 43 FD  X.A[.........pC.
00006E70:  69 E8 85 2C 94 C1 AE BD 4D DD 05 5B 2E B8 18 8F  i..,....M..[....
00006E80:  4B 53 88 01 C3 31 00 00 00 00 00 00 00 00 00 00  KS...1..........
00006E90:  00 00 00 00 00 00 00 00 00 00 00 00 00 00 00 00  ................ [zeros]
00006EA0:  00 00 00 00 00 00 00 00 00 00 00 00 00 00 00 00  ................ [zeros]
00006EB0:  00 00 00 00 00 00 00 00 00 00 00 00 00 00 00 00  ................ [zeros]
00006EC0:  00 00 00 00 00 00 00 00 00 00 00 00 00 00 00 00  ................ [zeros]
00006ED0:  00 00 00 00 00 00 2E F3 FE EF DD FD 13 B4 28 93  ..............(.
00006EE0:  14 E8 E1 2F 5F 63 BD 31 8E 7D F3 F2 06 06 48 6E  .../_c.1.}....Hn
00006EF0:  B5 5D 80 C0 3F 9D 5A B7 EE A8 75 C7 2A C6 F7 D0  .]..?.Z...u.*...
00006F00:  7B 32 82 87 60 1F EC 65 21 70 B0 93 2F D8 91 02  {2..`..e!p../...
00006F10:  BF 47 91 0D 0B C6 00 00 00 00 00 00 00 00 00 00  .G..............
00006F20:  00 00 00 00 00 00 00 00 00 00 00 00 00 00 00 00  ................ [zeros]
00006F30:  00 00 00 00 00 00 00 00 00 00 00 00 00 00 00 00  ................ [zeros]
00006F40:  00 00 00 00 00 00 00 00 00 00 00 00 00 00 00 00  ................ [zeros]
00006F50:  00 00 00 00 00 00 00 00 00 00 00 00 00 00 00 00  ................ [zeros]
00006F60:  00 00 00 00 00 00 00 00 00 00 00 00 00 00 00 00  ................ [zeros]
00006F70:  00 00 00 00 00 00 00 00 00 00 00 00 00 00 00 00  ................ [zeros]
00006F80:  00 00 00 00 00 00 00 00 00 00 00 00 00 00 00 00  ................ [zeros]
00006F90:  00 00 00 00 00 00 00 00 00 00 00 00 00 00 00 00  ................ [zeros]
00006FA0:  00 00 00 00 00 00 00 00 00 00 00 00 00 00 00 00  ................ [zeros]
00006FB0:  00 00 00 00 00 00 00 00 00 00 00 00 00 00 00 00  ................ [zeros]
00006FC0:  00 00 00 00 00 00 C1 C1 C2 0A B8 FE F6 2E F8 3E  ...............>
00006FD0:  07 48 69 C2 85 DB 37 B6 BB 0A F9 36 70 DA 28 9D  .Hi...7....6p.(.
00006FE0:  9D 4F 01 6D 96 CC E5 4A B8 AE 76 D8 4E DE 0A 29  .O.m...J..v.N..)
00006FF0:  EB 1D 82 7C 10 14 00 00 00 00 00 00 00 00 00 00  ...|............
00007000:  00 00 00 00 00 00 79 A7 CA CE E7 63 98 53 A9 40  ......y....c.S.@
00007010:  4A 51 FD BB CB 3D 00 00 00 00 00 00 00 00 00 00  JQ...=..........
00007020:  00 00 00 00 00 00 00 00 00 00 00 00 00 00 00 00  ................ [zeros]
00007030:  00 00 00 00 00 00 00 00 00 00 00 00 00 00 00 00  ................ [zeros]
00007040:  00 00 00 00 00 00 00 00 00 00 00 00 00 00 00 00  ................ [zeros]
00007050:  00 00 00 00 00 00 00 00 00 00 00 00 00 00 00 00  ................ [zeros]
00007060:  00 00 00 00 00 00 A8 EB 85 9B 06 89 5A 51 B3 71  ............ZQ.q
00007070:  4E 72 F2 F1 FB B5 8A 67 EE E4 E6 57 23 EF C9 DB  Nr.....g...W#...
00007080:  ED 81 57 92 7E 63 00 00 00 00 00 00 00 00 00 00  ..W.~c..........
00007090:  00 00 00 00 00 00 00 00 00 00 00 00 00 00 00 00  ................ [zeros]
000070A0:  00 00 00 00 00 00 00 00 00 00 00 00 00 00 00 00  ................ [zeros]
000070B0:  00 00 00 00 00 00 00 00 00 00 00 00 00 00 00 00  ................ [zeros]
000070C0:  00 00 00 00 00 00 00 00 00 00 00 00 00 00 00 00  ................ [zeros]
000070D0:  00 00 00 00 00 00 00 00 00 00 00 00 00 00 00 00  ................ [zeros]
000070E0:  00 00 00 00 00 00 00 00 00 00 00 00 00 00 00 00  ................ [zeros]
000070F0:  00 00 00 00 00 00 00 00 00 00 00 00 00 00 00 00  ................ [zeros]
00007100:  00 00 00 00 00 00 00 00 00 00 00 00 00 00 00 00  ................ [zeros]
00007110:  00 00 00 00 00 00 00 00 00 00 00 00 00 00 00 00  ................ [zeros]
00007120:  00 00 00 00 00 00 00 00 00 00 00 00 00 00 00 00  ................ [zeros]
00007130:  00 00 00 00 00 00 9E 97 DD BF 2B 98 93 F6 ED 59  ..........+....Y
00007140:  DA 60 50 1C CE 03 7E 6D AD 1A 3C 26 86 8A 22 5B  .`P...~m..<&.."[
00007150:  08 BD 52 AB 34 8D 4A E4 11 4F 49 D3 A8 1F 5B A9  ..R.4.J..OI...[.
00007160:  43 05 2D 13 DB 7E 12 0E D6 E9 BE 92 7D DF FE 21  C.-..~......}..!
00007170:  03 A3 D9 F9 4D 40 00 00 00 00 00 00 00 00 00 00  ....M@..........
00007180:  00 00 00 00 00 00 00 00 00 00 00 00 00 00 00 00  ................ [zeros]
00007190:  00 00 00 00 00 00 00 00 00 00 00 00 00 00 00 00  ................ [zeros]
000071A0:  00 00 00 00 00 00 00 00 00 00 00 00 00 00 00 00  ................ [zeros]
000071B0:  00 00 00 00 00 00 00 00 00 00 00 00 00 00 00 00  ................ [zeros]
000071C0:  00 00 00 00 00 00 16 1B 86 E5 FB 2C A2 7F 32 BA  ...........,..2.
000071D0:  90 C2 57 67 04 25 38 7C 50 70 FC 78 B4 04 1F 2F  ..Wg.%8|Pp.x.../
000071E0:  7A C1 0D C3 7F BF 00 00 00 00 00 00 00 00 00 00  z...............
000071F0:  00 00 00 00 00 00 00 00 00 00 00 00 00 00 00 00  ................ [zeros]
00007200:  00 00 00 00 00 00 00 00 00 00 00 00 00 00 00 00  ................ [zeros]
00007210:  00 00 00 00 00 00 00 00 00 00 00 00 00 00 00 00  ................ [zeros]
00007220:  00 00 00 00 00 00 00 00 00 00 00 00 00 00 00 00  ................ [zeros]
00007230:  00 00 00 00 00 00 00 00 00 00 00 00 00 00 00 00  ................ [zeros]
00007240:  00 00 00 00 00 00 00 00 00 00 00 00 00 00 00 00  ................ [zeros]
00007250:  00 00 00 00 00 00 00 00 00 00 00 00 00 00 00 00  ................ [zeros]
00007260:  00 00 00 00 00 00 00 00 00 00 00 00 00 00 00 00  ................ [zeros]
00007270:  00 00 00 00 00 00 00 00 00 00 00 00 00 00 00 00  ................ [zeros]
00007280:  00 00 00 00 00 00 00 00 00 00 00 00 00 00 00 00  ................ [zeros]
00007290:  00 00 00 00 00 00 45 AE 58 E8 E1 14 B7 34 81 B4  ......E.X....4..
000072A0:  6A EC 37 91 6D E8 81 CE 3A A3 52 54 3F B6 62 42  j.7.m...:.RT?.bB
000072B0:  BF C4 10 E7 3D 23 42 B5 22 CC D1 57 6B 8E 5F 7D  ....=#B."..Wk._}
000072C0:  C8 75 50 B7 09 6C 51 57 F6 FA 42 EB D2 31 36 D8  .uP..lQW..B..16.
000072D0:  B3 9B 18 6B 79 63 23 00 F8 6F 88 C6 AD C0 4D E5  ...kyc#..o....M.
000072E0:  4D 9D 6B B1 50 F5 DE 77 0E D3 76 E6 63 79 95 A9  M.k.P..w..v.cy..
000072F0:  AC 4A 44 99 BA 6B 73 3E 74 72 2F C5 F0 DD 14 16  .JD..ks>tr/.....
00007300:  18 6C 1A 3F D6 40 2B 64 AB F5 50 D1 66 5F 60 F1  .l.?.@+d..P.f_`.
00007310:  DC 47 92 92 16 7D 1A C8 E5 D3 2C AF 64 5C 54 00  .G...}....,.d\T.
00007320:  10 F8 D8 91 69 C4 7D FE 8B 62 BD 90 3A 60 0A F9  ....i.}..b..:`..
00007330:  61 E5 EE 99 B5 A7 AB 48 35 26 70 B8 39 DD 12 97  a......H5&p.9...
00007340:  D0 15 FA CE A7 C4 5C 8B 27 F5 EE 37 1C E9 7C AF  ......\.'..7..|.
00007350:  25 C4 30 A9 84 9E 65 BA 1D 01 CF F3 44 6E C5 00  %.0...e.....Dn..
00007360:  5E 71 9F 7D 59 1E BE DD 64 26 AC 4B 2E 06 27 BD  ^q.}Y...d&.K..'.
00007370:  C9 39 8D 5A 87 FA E6 97 B7 32 0F C0 81 BA 2B CB  .9.Z.....2....+.
00007380:  C6 19 AC 88 63 72 AC 5E 10 04 81 AA E4 A2 2C E7  ....cr.^......,.
00007390:  27 38 6D 86 4A FD 1C C5 24 B2 C6 D2 C9 46 6E 79  '8m.J...$....Fny
000073A0:  DC 42 92 95 33 D6 AF DD 7A 42 E8 52 BD DA BE 83  .B..3...zB.R....
000073B0:  F6 A8 05 C4 2A 88 73 F6 95 01 A7 81 36 66 09 3C  ....*.s.....6f.<
000073C0:  F7 FC CB 18 75 9C 92 0F 34 73 46 C6 98 1D 64 AE  ....u...4sF...d.
000073D0:  30 21 B7 F4 52 39 84 B3 BF CB FE CA 3E 3C 51 E2  0!..R9......><Q.
000073E0:  F5 86 5E 07 8C 10 00 00 00 00 00 00 00 00 00 00  ..^.............
000073F0:  00 00 00 00 00 00 B4 2A 43 36 E1 8C C2 52 F7 15  .......*C6...R..
00007400:  A4 2C A2 0D 32 51 DF F3 4A 62 85 20 1A 27 0A 23  .,..2Q..Jb. .'.#
00007410:  68 10 E1 1F AF C4 3D FF AD F9 24 BF 32 D8 46 FB  h.....=...$.2.F.
00007420:  B5 EF 47 83 36 E1 34 84 30 20 78 E1 43 46 BF 27  ..G.6.4.0 x.CF.'
00007430:  21 4D 19 FC 16 22 00 00 00 00 00 00 00 00 00 00  !M..."..........
00007440:  00 00 00 00 00 00 F3 6C 84 32 B3 14 7A A9 46 E4  .......l.2..z.F.
00007450:  CE 30 EF AA 02 8A D8 50 CE 96 12 D8 27 CF A3 35  .0.....P....'..5
00007460:  15 3E 7C 2E 86 25 BE 51 BA DA 65 E1 0B 45 70 66  .>|..%.Q..e..Epf
00007470:  48 3F A7 6C 42 B2 D9 19 DE 97 C4 9C D0 5F 20 E4  H?.lB........_ .
00007480:  FB 6F 6A B5 10 00 1D 47 77 CF D6 7B 05 81 85 DC  .oj....Gw..{....
00007490:  B1 1A 53 5C 0A 71 00 00 00 00 00 00 00 00 00 00  ..S\.q..........
000074A0:  00 00 00 00 00 00 13 69 98 13 F7 1F 85 5F 30 8D  .......i....._0.
000074B0:  D0 CB 44 2D 43 07 9D 48 2A 57 B5 CE 32 F6 A1 2F  ..D-C..H*W..2../
000074C0:  3E 68 E6 63 41 55 10 17 11 C1 3F B9 5A 71 6D 2C  >h.cAU....?.Zqm,
000074D0:  72 97 12 60 A7 9E 00 00 00 00 00 00 00 00 00 00  r..`............
000074E0:  00 00 00 00 00 00 B4 2A 43 36 E1 8C C2 52 F7 15  .......*C6...R..
000074F0:  A4 2C A2 0D 32 51 DF F3 4A 62 85 20 1A 27 0A 23  .,..2Q..Jb. .'.#
00007500:  68 10 E1 1F AF C4 70 29 2F 58 74 DA 75 6F C8 C2  h.....p)/Xt.uo..
00007510:  44 C9 2F D2 0A 88 00 00 00 00 00 00 00 00 00 00  D./.............
00007520:  00 00 00 00 00 00 00 00 00 00 00 00 00 00 00 00  ................ [zeros]
00007530:  00 00 00 00 00 00 00 00 00 00 00 00 00 00 00 00  ................ [zeros]
00007540:  00 00 00 00 00 00 00 00 00 00 00 00 00 00 00 00  ................ [zeros]
00007550:  00 00 00 00 00 00 00 00 00 00 00 00 00 00 00 00  ................ [zeros]
00007560:  00 00 00 00 00 00 00 00 00 00 00 00 00 00 00 00  ................ [zeros]
00007570:  00 00 00 00 00 00 00 00 00 00 00 00 00 00 00 00  ................ [zeros]
00007580:  00 00 00 00 00 00 00 00 00 00 00 00 00 00 00 00  ................ [zeros]
00007590:  00 00 00 00 00 00 00 00 00 00 00 00 00 00 00 00  ................ [zeros]
000075A0:  00 00 00 00 00 00 00 00 00 00 00 00 00 00 00 00  ................ [zeros]
000075B0:  00 00 00 00 00 00 00 00 00 00 00 00 00 00 00 00  ................ [zeros]
000075C0:  00 00 00 00 00 00 00 00 00 00 00 00 00 00 00 00  ................ [zeros]
000075D0:  00 00 00 00 00 00 00 00 00 00 00 00 00 00 00 00  ................ [zeros]
000075E0:  00 00 00 00 00 00 21 6B 61 2F 66 C4 C0 CD A5 B9  ......!ka/f.....
000075F0:  63 10 90 A6 4E FE F0 34 63 BF 59 B6 52 A2 A1 60  c...N..4c.Y.R..`
00007600:  D1 59 21 C9 3D 1C DA 42 A2 6B 1A 54 99 3C 86 C9  .Y!.=..B.k.T.<..
00007610:  CC C1 CC 7B 3B B1 00 00 00 00 00 00 00 00 00 00  ...{;...........
00007620:  00 00 00 00 00 00 3A B3 93 17 11 AA 44 40 76 7B  ......:.....D@v{
00007630:  C5 0C 62 10 D5 F6 BA 03 92 A5 E0 67 EE 8C 00 EB  ..b........g....
00007640:  0D 03 E7 65 11 47 0E 47 A4 BF 8A D1 B6 6B 3A C9  ...e.G.G.....k:.
00007650:  F5 47 05 BD E3 18 A5 D6 D7 9C 20 42 EE A5 3D 0F  .G........ B..=.
00007660:  48 04 66 37 34 BB 11 D9 5B 5D EF 24 22 A2 3F 01  H.f74...[].$".?.
00007670:  FB 5E 1F EC EE 9F A7 ED 40 5E 55 DC 7D 5E 92 9D  .^......@^U.}^..
00007680:  2D 75 45 04 B7 99 5F 47 3F 80 12 E8 11 7F 91 59  -uE..._G?......Y
00007690:  CC 3D C8 B8 C7 88 C0 8B 70 4C CC AF 06 F1 DA 2E  .=......pL......
000076A0:  E3 AA A3 B9 8D 8E 0E FD 0D 91 AC 06 8F 81 A5 20  ............... 
000076B0:  99 16 E3 7F F8 FE 05 1D 60 15 E7 00 D0 ED D3 AC  ........`.......
000076C0:  87 D0 BD 98 C7 4B 7F 49 07 E9 EE 66 13 8B A5 FB  .....K.I...f....
000076D0:  57 CF 5F 94 4C 41 58 A7 98 A1 1E 8B 6A C6 2C CE  W._.LAX.....j.,.
000076E0:  39 60 B7 65 3F AF AC 12 BB F9 06 C9 B4 4D 12 84  9`.e?........M..
000076F0:  99 F2 41 8A 70 B9 55 D3 3E 08 94 BA 03 CD 74 9F  ..A.p.U.>.....t.
00007700:  CF 6D 02 A9 BD C9 F3 E8 1E 32 B1 9D 9E 3F 48 37  .m.......2...?H7
00007710:  E8 3E 84 4A 07 F4 59 16 C5 32 C3 A7 3A 6C 0E 07  .>.J..Y..2..:l..
00007720:  34 43 47 CC 29 CB 83 D6 7B 75 F0 4E 27 D9 D6 85  4CG.)...{u.N'...
00007730:  59 B2 DC 26 F2 97 04 DA 71 C0 B2 94 52 B4 B2 C5  Y..&....q...R...
00007740:  96 8E BC 4A 0D E9 2C 42 FC 27 4E 67 C0 97 5E 69  ...J..,B.'Ng..^i
00007750:  9C 90 CC EA 25 AB CD D7 29 EB A3 A3 06 59 B0 80  ....%...)....Y..
00007760:  7D C1 F9 8F 1E 39 00 00 00 00 00 00 00 00 00 00  }....9..........
00007770:  00 00 00 00 00 00 00 00 00 00 00 00 00 00 00 00  ................ [zeros]
00007780:  00 00 00 00 00 00 D8 50 CE 96 12 D8 27 CF A3 35  .......P....'..5
00007790:  15 3E 7C 2E 86 25 00 00 00 00 00 00 00 00 00 00  .>|..%..........
000077A0:  00 00 00 00 00 00 00 00 00 00 00 00 00 00 00 00  ................ [zeros]
000077B0:  00 00 00 00 00 00 D5 4F 14 BC 1B 56 53 FA 8B B2  .......O...VS...
000077C0:  AE 77 7A F0 2F E9 00 00 00 00 00 00 00 00 00 00  .wz./...........
000077D0:  00 00 00 00 00 00 00 00 00 00 00 00 00 00 00 00  ................ [zeros]
000077E0:  00 00 00 00 00 00 00 00 00 00 00 00 00 00 00 00  ................ [zeros]
000077F0:  00 00 00 00 00 00 3D 63 27 D4 4E A9 12 05 32 F6  ......=c'.N...2.
00007800:  1A F8 9A C6 AD 10 00 00 00 00 00 00 00 00 00 00  ................
00007810:  00 00 00 00 00 00 00 00 00 00 00 00 00 00 00 00  ................ [zeros]
00007820:  00 00 00 00 00 00 13 11 6C 44 46 DA 5D A9 4F 77  ........lDF.].Ow
00007830:  25 5E 53 06 31 51 00 00 00 00 00 00 00 00 00 00  %^S.1Q..........
00007840:  00 00 00 00 00 00 00 00 00 00 00 00 00 00 00 00  ................ [zeros]
00007850:  00 00 00 00 00 00 27 A1 1E E8 27 AC A2 A5 3C DB  ......'...'...<.
00007860:  F7 22 95 99 3F CA 00 00 00 00 00 00 00 00 00 00  ."..?...........
00007870:  00 00 00 00 00 00 00 00 00 00 00 00 00 00 00 00  ................ [zeros]
00007880:  00 00 00 00 00 00 00 00 00 00 00 00 00 00 00 00  ................ [zeros]
00007890:  00 00 00 00 00 00 B5 43 E5 6C 95 A8 DF 89 CB A5  .......C.l......
000078A0:  38 51 89 28 06 44 00 00 00 00 00 00 00 00 00 00  8Q.(.D..........
000078B0:  00 00 00 00 00 00 00 00 00 00 00 00 00 00 00 00  ................ [zeros]
000078C0:  00 00 00 00 00 00 41 19 05 95 B4 A5 CD 0D A8 C9  ......A.........
000078D0:  78 A5 66 69 81 4A 51 A3 96 E5 B5 51 5E 05 45 BB  x.fi.JQ....Q^.E.
000078E0:  64 D7 92 EF D7 DB 51 A3 96 E5 B5 51 5E 05 45 BB  d.....Q....Q^.E.
000078F0:  64 D7 92 EF D7 DB 4B 66 C2 1D 7A F2 86 80 85 52  d.....Kf..z....R
00007900:  FA C3 00 D7 24 97 26 98 E4 0C 78 18 B1 01 00 4B  ....$.&...x....K
00007910:  C1 DD B1 A5 52 53 81 AF 2A 43 55 6F 36 56 80 F9  ....RS..*CUo6V..
00007920:  BE 9E B4 FB FD D4 C9 29 E2 E7 E1 B1 A8 44 46 C5  .......).....DF.
00007930:  7E 51 BD 1B A9 C0 B4 6B 79 D7 94 3B EC ED F9 BB  ~Q.....ky..;....
00007940:  E6 E8 C1 95 83 34 42 4B AD 14 53 16 CB A0 92 E9  .....4BK..S.....
00007950:  5D 7E AF EC A1 10 AE 67 C2 AA 57 2D 02 47 79 95  ]~.....g..W-.Gy.
00007960:  D2 2D AD A0 A1 74 E6 E5 1D 00 33 A7 44 79 9D 9E  .-...t....3.Dy..
00007970:  99 35 13 82 01 E4 33 BD 39 96 63 9E 5E D8 8D F0  .5....3.9.c.^...
00007980:  B1 D6 41 E0 74 7C 9A FC 2B 23 F9 08 3E 93 F9 5C  ..A.t|..+#..>..\
00007990:  39 01 82 41 BD DE 4C 19 A0 35 4A B3 A0 13 F1 F1  9..A..L..5J.....
000079A0:  3D 31 E9 D9 E7 A5 6E 16 83 A0 B6 49 7D 22 D6 28  =1....n....I}".(
000079B0:  50 9E 09 81 A1 3B 56 CD 9C 2C A4 EF F8 03 09 D9  P....;V..,......
000079C0:  AE BB BB F8 CA 48 79 C4 55 CA BC E3 13 44 15 D4  .....Hy.U....D..
000079D0:  99 F8 09 AD 8F 99 47 6F 2E 1E 71 1E 7A 68 18 3F  ......Go..q.zh.?
000079E0:  00 45 51 72 74 61 47 6F 2E 1E 71 1E 7A 68 18 3F  .EQrtaGo..q.zh.?
000079F0:  00 45 51 72 74 61 47 6F 2E 1E 71 1E 7A 68 18 3F  .EQrtaGo..q.zh.?
00007A00:  00 45 51 72 74 61 26 F4 DC 66 4E 84 F4 05 6D 8B  .EQrta&..fN...m.
00007A10:  AF F7 5D 22 92 4A F6 66 52 25 8A 4F 98 53 2F 2F  ..]".J.fR%.O.S//
00007A20:  A7 1A 85 8C 07 C6 F6 66 52 25 8A 4F 98 53 2F 2F  .......fR%.O.S//
00007A30:  A7 1A 85 8C 07 C6 2E B2 B5 29 5A 33 BC 5F 58 4A  .........)Z3._XJ
00007A40:  FF 3D 0B AA 72 C7 8C C5 76 FE 6F 03 A4 79 D0 13  .=..r...v.o..y..
00007A50:  32 43 8E 16 C7 62 89 19 E8 4F 4B B0 1E 1A 04 2B  2C...b...OK....+
00007A60:  DB 82 69 4B A0 DD AC 00 59 74 8C E0 8C EF E9 10  ..iK....Yt......
00007A70:  FD 1D 91 12 45 59 F7 5C 77 19 06 AC BE 20 1C 27  ....EY.\w.... .'
00007A80:  0B 55 96 C1 F2 91 F4 8A D4 D3 55 36 69 70 E6 C4  .U........U6ip..
00007A90:  B5 CF 0C 57 57 9B F5 54 32 C1 8B AB 4E 6F 73 23  ...WW..T2...Nos#
00007AA0:  C2 B9 82 AB DD 45 91 FB E6 32 34 9F FC 23 AD 70  .....E...24..#.p
00007AB0:  5E 44 DF 3B DC DB 91 FB E6 32 34 9F FC 23 AD 70  ^D.;.....24..#.p
00007AC0:  5E 44 DF 3B DC DB 91 FB E6 32 34 9F FC 23 AD 70  ^D.;.....24..#.p
00007AD0:  5E 44 DF 3B DC DB 31 FE C4 6D 14 B5 4E B8 96 DC  ^D.;..1..m..N...
00007AE0:  11 E7 24 DB 0C E3 AE 8B 68 07 50 F4 7B 7F B3 7B  ..$.....h.P.{..{
00007AF0:  B6 1F E0 20 53 3B 4E E8 D4 09 61 4B 3F 3F 1D 12  ... S;N...aK??..
00007B00:  BC F1 5E 3D D6 BC CE 92 41 C6 E3 69 6B 94 F8 6D  ..^=....A..ik..m
00007B10:  0D 5F C4 DB 2F 9D 16 34 1C D4 64 4F 25 6F 5C 2F  ._../..4..dO%o\/
00007B20:  7A 89 27 42 74 53 46 9F D0 67 FB 5E BA C2 0F 5A  z.'BtSF..g.^...Z
00007B30:  7D CB 73 8C CA 2D F4 0E DB C9 DF 5D 04 98 CD 10  }.s..-.....]....
00007B40:  0C 3C A7 90 4A C3 F8 2E 03 99 2D 85 62 AC 51 FB  .<..J.....-.b.Q.
00007B50:  1C 11 26 68 2A 65 36 AF 2E 4C B2 81 1C B2 F6 5C  ..&h*e6..L.....\
00007B60:  E6 03 0E AF B9 F5 4A 68 12 EA 06 7D 87 CD 3E 68  ......Jh...}..>h
00007B70:  06 CF F0 95 CA 9C AE 8B 68 07 50 F4 7B 7F B3 7B  ........h.P.{..{
00007B80:  B6 1F E0 20 53 3B 4E E8 D4 09 61 4B 3F 3F 1D 12  ... S;N...aK??..
00007B90:  BC F1 5E 3D D6 BC CE 92 41 C6 E3 69 6B 94 F8 6D  ..^=....A..ik..m
00007BA0:  0D 5F C4 DB 2F 9D 16 34 1C D4 64 4F 25 6F 5C 2F  ._../..4..dO%o\/
00007BB0:  7A 89 27 42 74 53 46 9F D0 67 FB 5E BA C2 0F 5A  z.'BtSF..g.^...Z
00007BC0:  7D CB 73 8C CA 2D 79 CF 9D 69 0F AA 75 A4 C2 DE  }.s..-y..i..u...
00007BD0:  57 14 B5 11 3B FF 43 5F 3F B1 85 0A 94 25 64 DE  W...;.C_?....%d.
00007BE0:  91 ED 78 53 41 5A F0 8D 02 4C 38 E6 FA C5 19 6C  ..xSAZ...L8....l
00007BF0:  C6 A2 17 32 47 8F D1 CA 03 59 18 1F 13 EC 40 01  ...2G....Y....@.
00007C00:  5D 04 63 D1 EB 2B 39 58 02 87 CC 27 AF BD 02 02  ].c..+9X...'....
00007C10:  72 C9 7B                                         r.{

; --- structure summary (block types) ---
; 0x00000060..+0xD0  data   (208 bytes)
; 0x00000130..+0x40  zeros  (64 bytes)
; 0x00000170..+0x210  data   (528 bytes)
; 0x00000380..+0x180  zeros  (384 bytes)
; 0x00000500..+0x580  data   (1408 bytes)
; 0x00000A80..+0x3F0  zeros  (1008 bytes)
; 0x00000E70..+0x20  data   (32 bytes)
; 0x00000E90..+0x3E0  zeros  (992 bytes)
; 0x00001270..+0x20  data   (32 bytes)
; 0x00001290..+0x3E0  zeros  (992 bytes)
; 0x00001670..+0x20  data   (32 bytes)
; 0x00001690..+0x3E0  zeros  (992 bytes)
; 0x00001A70..+0x2400  data   (9216 bytes)
; 0x00003E70..+0x10  zeros  (16 bytes)
; 0x00003E80..+0x40  data   (64 bytes)
; 0x00003EC0..+0x70  zeros  (112 bytes)
; 0x00003F30..+0x120  data   (288 bytes)
; 0x00004050..+0xA0  zeros  (160 bytes)
; 0x000040F0..+0x50  data   (80 bytes)
; 0x00004140..+0x160  zeros  (352 bytes)
; 0x000042A0..+0x30  data   (48 bytes)
; 0x000042D0..+0x100  zeros  (256 bytes)
; 0x000043D0..+0xE0  data   (224 bytes)
; 0x000044B0..+0x5F0  zeros  (1520 bytes)
; 0x00004AA0..+0x130  data   (304 bytes)
; 0x00004BD0..+0x100  zeros  (256 bytes)
; 0x00004CD0..+0x210  data   (528 bytes)
; 0x00004EE0..+0x40  zeros  (64 bytes)
; 0x00004F20..+0xA0  data   (160 bytes)
; 0x00004FC0..+0xA0  zeros  (160 bytes)
; 0x00005060..+0xB0  data   (176 bytes)
; 0x00005110..+0x10  zeros  (16 bytes)
; 0x00005120..+0xD0  data   (208 bytes)
; 0x000051F0..+0xC0  zeros  (192 bytes)
; 0x000052B0..+0x280  data   (640 bytes)
; 0x00005530..+0x50  zeros  (80 bytes)
; 0x00005580..+0x160  data   (352 bytes)
; 0x000056E0..+0x30  zeros  (48 bytes)
; 0x00005710..+0x290  data   (656 bytes)
; 0x000059A0..+0x60  zeros  (96 bytes)
; 0x00005A00..+0xF0  data   (240 bytes)
; 0x00005AF0..+0xC0  zeros  (192 bytes)
; 0x00005BB0..+0x250  data   (592 bytes)
; 0x00005E00..+0xD0  zeros  (208 bytes)
; 0x00005ED0..+0x230  data   (560 bytes)
; 0x00006100..+0x30  zeros  (48 bytes)
; 0x00006130..+0x60  data   (96 bytes)
; 0x00006190..+0xA0  zeros  (160 bytes)
; 0x00006230..+0x50  data   (80 bytes)
; 0x00006280..+0x40  zeros  (64 bytes)
; 0x000062C0..+0x30  data   (48 bytes)
; 0x000062F0..+0xA0  zeros  (160 bytes)
; 0x00006390..+0x60  data   (96 bytes)
; 0x000063F0..+0x40  zeros  (64 bytes)
; 0x00006430..+0x30  data   (48 bytes)
; 0x00006460..+0xA0  zeros  (160 bytes)
; 0x00006500..+0x290  data   (656 bytes)
; 0x00006790..+0xC0  zeros  (192 bytes)
; 0x00006850..+0x180  data   (384 bytes)
; 0x000069D0..+0x20  zeros  (32 bytes)
; 0x000069F0..+0x20  data   (32 bytes)
; 0x00006A10..+0x10  zeros  (16 bytes)
; 0x00006A20..+0x20  data   (32 bytes)
; 0x00006A40..+0x10  zeros  (16 bytes)
; 0x00006A50..+0x20  data   (32 bytes)
; 0x00006A70..+0x20  zeros  (32 bytes)
; 0x00006A90..+0x20  data   (32 bytes)
; 0x00006AB0..+0x10  zeros  (16 bytes)
; 0x00006AC0..+0x20  data   (32 bytes)
; 0x00006AE0..+0x10  zeros  (16 bytes)
; 0x00006AF0..+0x20  data   (32 bytes)
; 0x00006B10..+0x20  zeros  (32 bytes)
; 0x00006B30..+0x360  data   (864 bytes)
; 0x00006E90..+0x40  zeros  (64 bytes)
; 0x00006ED0..+0x50  data   (80 bytes)
; 0x00006F20..+0xA0  zeros  (160 bytes)
; 0x00006FC0..+0x60  data   (96 bytes)
; 0x00007020..+0x40  zeros  (64 bytes)
; 0x00007060..+0x30  data   (48 bytes)
; 0x00007090..+0xA0  zeros  (160 bytes)
; 0x00007130..+0x50  data   (80 bytes)
; 0x00007180..+0x40  zeros  (64 bytes)
; 0x000071C0..+0x30  data   (48 bytes)
; 0x000071F0..+0xA0  zeros  (160 bytes)
; 0x00007290..+0x290  data   (656 bytes)
; 0x00007520..+0xC0  zeros  (192 bytes)
; 0x000075E0..+0x190  data   (400 bytes)
; 0x00007770..+0x10  zeros  (16 bytes)
; 0x00007780..+0x20  data   (32 bytes)
; 0x000077A0..+0x10  zeros  (16 bytes)
; 0x000077B0..+0x20  data   (32 bytes)
; 0x000077D0..+0x20  zeros  (32 bytes)
; 0x000077F0..+0x20  data   (32 bytes)
; 0x00007810..+0x10  zeros  (16 bytes)
; 0x00007820..+0x20  data   (32 bytes)
; 0x00007840..+0x10  zeros  (16 bytes)
; 0x00007850..+0x20  data   (32 bytes)
; 0x00007870..+0x20  zeros  (32 bytes)
; 0x00007890..+0x20  data   (32 bytes)
; 0x000078B0..+0x10  zeros  (16 bytes)
; 0x000078C0..+0x350  data   (848 bytes)
