; Decrypted GatewaySettings dump (see FORMAT.md)
; key = a0bfe77ffbdb2cfe2a33a482463c22de (aligned at 0x60)

00000060:  2B 7B 3E AC 14 C1 62 3C 1C FD E8 2A B3 CE CD 47  +{>...b<...*...G
00000070:  A4 1A 83 6B 80 6B 80 A9 86 95 12 34 62 13 C7 34  ...k.k.....4b..4
00000080:  3E BC E5 7E A8 13 34 63 77 5F 5B 38 E4 3D 54 3C  >..~..4cw_[8.=T<
00000090:  7E D3 D1 37 2A 95 55 03 7B BB 59 24 0D B4 33 A3  ~..7*.U.{.Y$..3.
000000A0:  20 8C 6B EA 08 E9 00 00 00 00 00 00 00 00 00 00   .k.............
000000B0:  00 00 00 00 00 00 E8 1D 2C 2C 48 33 BC B5 3F 74  ........,,H3..?t
000000C0:  D0 48 C7 D0 8A 5D 92 D6 54 5C 3F E5 E1 4D A9 5E  .H...]..T\?..M.^
000000D0:  4D 04 FD 3C BC AE 6C 3B 7E 60 E3 DB 4B 21 A2 FB  M..<..l;~`..K!..
000000E0:  91 CB B2 13 D5 22 D9 73 C2 AD 35 7A 49 A9 B5 07  .....".s..5zI...
000000F0:  55 AE 32 91 01 14 4C F6 F1 BA E4 DC EF 82 7D 98  U.2...L.......}.
00000100:  EE 44 D3 E8 12 BE 4A 73 BC 84 A2 DB 86 5C 6C C7  .D....Js.....\l.
00000110:  97 61 09 BD F6 52 F5 41 E7 E9 C0 2F 80 EF E3 A5  .a...R.A.../....
00000120:  3F FB 3D 36 84 2E 00 00 00 00 00 00 00 00 00 00  ?.=6............
00000130:  00 00 00 00 00 00 00 00 00 00 00 00 00 00 00 00  ................ [zeros]
00000140:  00 00 00 00 00 00 00 00 00 00 00 00 00 00 00 00  ................ [zeros]
00000150:  00 00 00 00 00 00 00 00 00 00 00 00 00 00 00 00  ................ [zeros]
00000160:  00 00 00 00 00 00 00 00 00 00 00 00 00 00 00 00  ................ [zeros]
00000170:  00 00 00 00 00 00 FE E3 8D 90 76 81 E5 A6 D2 B8  ..........v.....
00000180:  25 D4 21 92 86 8D 9B FC 32 53 00 CB BC 10 95 5C  %.!.....2S.....\
00000190:  58 1B C1 ED F5 86 35 B6 F7 F1 48 FE 07 0A C9 20  X.....5...H.... 
000001A0:  1E 0C 13 20 B6 AE 4D 6A 2E 05 C5 66 A0 50 DC C1  ... ..Mj...f.P..
000001B0:  C0 95 80 27 BB EA 0B 08 32 9C B5 3D DE B2 EA 0E  ...'....2..=....
000001C0:  23 60 CB DC F7 DC D0 F9 C8 DF 29 11 12 2A 2F D5  #`........)..*/.
000001D0:  E4 1D F6 5F 78 8D F7 78 94 B0 FE 42 29 48 CE 78  ..._x..x...B)H.x
000001E0:  84 E7 B9 45 4E F3 3F 7A 88 FE 3D 90 26 6A 31 00  ...EN.?z..=.&j1.
000001F0:  C6 0B 58 61 4C 72 76 ED B4 61 58 8B EC 0B 38 4D  ..XaLrv..aX...8M
00000200:  CB 17 5D 99 29 E7 07 73 D9 EE 9A C5 77 69 96 D6  ..].)..s....wi..
00000210:  87 6C 0E 3B 58 12 DA E1 34 55 6A 30 2D 2B 30 6C  .l.;X...4Uj0-+0l
00000220:  23 61 92 DC F4 82 41 34 1F 1A 10 20 C1 8A C5 C0  #a....A4... ....
00000230:  CB 5B 0E 9F C2 32 59 DF 13 AF 41 94 B3 85 53 5C  .[...2Y...A...S\
00000240:  E7 0E 49 CE 2F F6 71 A6 EE 38 C6 45 39 A1 AA 7A  ..I./.q..8.E9..z
00000250:  0B 2B AB 9B 30 7B 29 87 76 8D B5 9A EC 92 22 23  .+..0{).v....."#
00000260:  4C 9E D2 C3 86 4B 21 2F FC 27 99 37 2C 78 EC 1D  L....K!/.'.7,x..
00000270:  72 34 2D EE E7 68 1E 90 34 78 D1 B7 CA EA C2 F0  r4-..h..4x......
00000280:  09 9F 8F 65 B7 95 EB C9 0C B8 1E FA 90 F0 AC 36  ...e...........6
00000290:  95 30 82 59 87 0F 4E 12 0D C7 00 95 E8 B2 1E 54  .0.Y..N........T
000002A0:  42 AA 9B BA 0D 10 CE D7 15 CC C0 84 CE 65 14 32  B............e.2
000002B0:  FD 1E 55 3A 49 F8 4A FD 30 9D CF B6 8E 9F 0E CE  ..U:I.J.0.......
000002C0:  65 94 7A A6 B4 16 DA 6A AC 00 BA 45 10 56 32 18  e.z....j...E.V2.
000002D0:  A8 DE B3 A3 02 E3 8F F6 38 E8 33 87 F1 2D 3A 7E  ........8.3..-:~
000002E0:  12 6A 7C E1 9D 4F 96 76 2A EE BC 32 DB C5 57 5B  .j|..O.v*..2..W[
000002F0:  EF C6 51 18 57 AD 78 06 45 32 55 3D B1 8A 27 A3  ..Q.W.x.E2U=..'.
00000300:  83 FF E8 8D C3 C0 A4 8C 05 2B 2E C9 DA FC 67 90  .........+....g.
00000310:  1F 49 D3 7C 7F F3 D3 09 01 E4 54 2A 25 2D D6 D6  .I.|......T*%-..
00000320:  26 42 96 A3 B5 60 D3 09 01 E4 54 2A 25 2D D6 D6  &B...`....T*%-..
00000330:  26 42 96 A3 B5 60 74 3C 35 94 B5 49 8E 8E 33 C2  &B...`t<5..I..3.
00000340:  FE 5F 03 C7 A2 E8 22 5C 7E C3 37 43 C4 E3 1A 5F  ._...."\~.7C..._
00000350:  42 DD A5 76 5C A2 E6 3E BD C6 8F 68 F8 22 89 CA  B..v\..>...h."..
00000360:  74 11 4A 59 65 78 55 49 2D 0B 79 7A 7E 15 94 7D  t.JYexUI-.yz~..}
00000370:  EA D5 B9 65 71 3A 26 FB 38 57 FC 2C 0D FF 05 00  ...eq:&.8W.,....
00000380:  82 F1 03 B4 87 F9 00 00 00 00 00 00 00 00 00 00  ................
00000390:  00 00 00 00 00 00 00 00 00 00 00 00 00 00 00 00  ................ [zeros]
000003A0:  00 00 00 00 00 00 00 00 00 00 00 00 00 00 00 00  ................ [zeros]
000003B0:  00 00 00 00 00 00 00 00 00 00 00 00 00 00 00 00  ................ [zeros]
000003C0:  00 00 00 00 00 00 00 00 00 00 00 00 00 00 00 00  ................ [zeros]
000003D0:  00 00 00 00 00 00 00 00 00 00 00 00 00 00 00 00  ................ [zeros]
000003E0:  00 00 00 00 00 00 00 00 00 00 00 00 00 00 00 00  ................ [zeros]
000003F0:  00 00 00 00 00 00 00 00 00 00 00 00 00 00 00 00  ................ [zeros]
00000400:  00 00 00 00 00 00 00 00 00 00 00 00 00 00 00 00  ................ [zeros]
00000410:  00 00 00 00 00 00 00 00 00 00 00 00 00 00 00 00  ................ [zeros]
00000420:  00 00 00 00 00 00 00 00 00 00 00 00 00 00 00 00  ................ [zeros]
00000430:  00 00 00 00 00 00 00 00 00 00 00 00 00 00 00 00  ................ [zeros]
00000440:  00 00 00 00 00 00 00 00 00 00 00 00 00 00 00 00  ................ [zeros]
00000450:  00 00 00 00 00 00 00 00 00 00 00 00 00 00 00 00  ................ [zeros]
00000460:  00 00 00 00 00 00 00 00 00 00 00 00 00 00 00 00  ................ [zeros]
00000470:  00 00 00 00 00 00 00 00 00 00 00 00 00 00 00 00  ................ [zeros]
00000480:  00 00 00 00 00 00 00 00 00 00 00 00 00 00 00 00  ................ [zeros]
00000490:  00 00 00 00 00 00 00 00 00 00 00 00 00 00 00 00  ................ [zeros]
000004A0:  00 00 00 00 00 00 00 00 00 00 00 00 00 00 00 00  ................ [zeros]
000004B0:  00 00 00 00 00 00 00 00 00 00 00 00 00 00 00 00  ................ [zeros]
000004C0:  00 00 00 00 00 00 00 00 00 00 00 00 00 00 00 00  ................ [zeros]
000004D0:  00 00 00 00 00 00 00 00 00 00 00 00 00 00 00 00  ................ [zeros]
000004E0:  00 00 00 00 00 00 00 00 00 00 00 00 00 00 00 00  ................ [zeros]
000004F0:  00 00 00 00 00 00 00 00 00 00 00 00 00 00 00 00  ................ [zeros]
00000500:  00 00 00 00 00 00 60 85 A1 76 9D 4D 59 51 23 B3  ......`..v.MYQ#.
00000510:  D8 AF 73 2D 62 F3 42 4C 39 34 6D C4 18 03 6A E2  ..s-b.BL94m...j.
00000520:  FC 2B 43 7F 9E 38 34 4E 4F B4 6D 2F 7B DD 69 D8  .+C..84NO.m/{.i.
00000530:  DD A4 D3 CA 61 9C 0F BF 5C 96 4A 18 FD 67 7C 7A  ....a...\.J..g|z
00000540:  93 95 26 DE 30 70 F4 A1 F4 1C 4F D3 CB F8 16 24  ..&.0p....O....$
00000550:  12 AC 36 03 A8 88 41 83 C5 D6 51 CB 0E 78 29 6F  ..6...A...Q..x)o
00000560:  41 CB 1E 2B 93 F6 AC 2C E4 0A E1 0E 4D 0D 71 DC  A..+...,....M.q.
00000570:  7C 00 FA 5A 4C DF 1F 8D 5C 8E 27 9C A8 56 08 A2  |..ZL...\.'..V..
00000580:  C6 4E 06 21 5D 98 29 FC 52 49 E8 A9 CB 0D 11 D5  .N.!].).RI......
00000590:  97 3A 7C C7 27 9F B5 0D 64 1C AD E5 99 ED 1B 78  .:|.'...d......x
000005A0:  72 1F BA 8A E4 ED 8B 3D B0 EF DA D5 51 A4 D8 E9  r......=....Q...
000005B0:  5B D1 0D D0 42 70 A5 0B BA 80 B2 E0 99 7C FC 5F  [...Bp.......|._
000005C0:  0A CF D1 2B 11 E9 A5 B6 69 9D 65 81 60 4C 64 9F  ...+....i.e.`Ld.
000005D0:  7C E1 94 97 BC 9E A6 A3 F4 24 8D E8 D7 4B 7C 11  |........$...K|.
000005E0:  6A F1 01 C7 CF 52 E6 75 D6 2E 2C 51 D2 91 E3 ED  j....R.u..,Q....
000005F0:  87 F1 7A 13 2A 86 17 AA 3B 63 DA 62 63 DE 11 A5  ..z.*...;c.bc...
00000600:  5F B4 3F 33 56 3D 49 8C C3 E0 E9 52 88 E8 59 DF  _.?3V=I....R..Y.
00000610:  D0 6A 39 E4 DF CE 24 41 2E 4E AA 24 81 4A 10 E4  .j9...$A.N.$.J..
00000620:  8D 35 D4 ED BA 78 05 D1 2B 36 BC D4 C6 F4 59 4C  .5...x..+6....YL
00000630:  58 0B A1 E7 96 8B 34 CB EE 39 F4 7A F9 75 38 CC  X.....4..9.z.u8.
00000640:  B6 A3 CC FE 52 10 D0 C7 B7 8E 61 F8 3C 0F 27 A2  ....R.....a.<.'.
00000650:  C5 EB A6 97 21 A4 26 D4 E8 BC 26 E6 78 32 82 3E  ....!.&...&.x2.>
00000660:  AC 49 75 B4 6B 0B D6 97 B3 6F 5B 6C 0C C7 41 E4  .Iu.k....o[l..A.
00000670:  BC F3 91 06 0B 52 27 5C D1 3F 61 20 80 7D 06 EF  .....R'\.?a .}..
00000680:  35 47 17 FF 5E C3 9D 1B 50 83 D9 9A AE CF 89 2E  5G..^...P.......
00000690:  F8 5E 89 50 70 59 AF 5C 2B 4C 65 DF CA C8 96 A9  .^.PpY.\+Le.....
000006A0:  B8 9D 80 FF 9D A1 07 3D 5E 01 F7 78 7E 02 BB E4  .......=^..x~...
000006B0:  3D 46 75 A4 2B 1F CE 00 D0 8F 3D BE EE 0C 22 4E  =Fu.+.....=..."N
000006C0:  E3 DE CA 17 BE 08 6D B6 8B CF DE 96 9D 0C 7E AB  ......m.......~.
000006D0:  DC 3D FC E5 53 F2 DD 20 80 43 CC 30 AB 5C 72 B7  .=..S.. .C.0.\r.
000006E0:  6E 47 A3 47 02 2B 72 BD 8A 6E 7A 59 99 B3 43 3A  nG.G.+r..nzY..C:
000006F0:  77 C6 A3 1E 3B 95 FB 9A 72 0B 82 76 18 5F 34 AA  w...;...r..v._4.
00000700:  60 3C 2D 2B 07 9B 19 9E 8C BC 70 C9 05 4B 3C 9B  `<-+......p..K<.
00000710:  2D 7E 68 95 30 CD EC 9D 06 2A 55 E4 DB 72 11 79  -~h.0....*U..r.y
00000720:  9A 14 18 20 16 64 D4 50 DB 6A 12 99 37 ED 8F 2A  ... .d.P.j..7..*
00000730:  EA 55 A2 CB 78 57 D7 78 2F 25 75 D4 EA C1 95 41  .U..xW.x/%u....A
00000740:  9B 33 8F F9 84 6A 7F 4E 98 9D 31 F8 CD D4 CF 17  .3...j.N..1.....
00000750:  67 FD B8 D9 23 52 46 84 17 E9 5E 51 EE 86 62 88  g...#RF...^Q..b.
00000760:  4C 3D 5F 87 6D 8A 96 6F 9B A7 BF 62 DA B4 9D 65  L=_.m..o...b...e
00000770:  0F 41 76 D7 F3 0B 68 1A 16 7A 34 16 CE 76 32 62  .Av...h..z4..v2b
00000780:  80 23 94 EF 6C AD B1 01 DB 80 2A C7 B1 DB DC FC  .#..l.....*.....
00000790:  BC 68 C4 1B 73 36 90 B8 E5 C2 6D 54 DF 0C 02 1D  .h..s6....mT....
000007A0:  85 AC 99 BE 8D 73 D4 50 DB 6A 12 99 37 ED 8F 2A  .....s.P.j..7..*
000007B0:  EA 55 A2 CB 78 57 BF 51 89 91 78 42 DA 0B 8E 52  .U..xW.Q..xB...R
000007C0:  FE CD CF 3D 2C 46 67 37 09 44 E9 14 34 84 C9 CB  ...=,Fg7.D..4...
000007D0:  78 1C 36 8D 19 23 4A 3B FB 99 D2 3C 07 BC FB 4B  x.6..#J;...<...K
000007E0:  A2 1E 0A 82 F1 50 8A 70 AF E2 01 C4 0B 6E 3B CC  .....P.p.....n;.
000007F0:  F6 96 A7 EF 3C 51 86 67 DF BC C1 A3 D3 52 D4 74  ....<Q.g.....R.t
00000800:  AA 9A 62 0F 62 79 6A CF 75 52 BA C5 20 D0 BB C8  ..b.byj.uR.. ...
00000810:  FA CD 50 DD 88 76 70 9B B3 A5 B9 FD D1 E3 68 2F  ..P..vp.......h/
00000820:  AE 4A 28 F1 79 7E 49 CC 50 76 11 D3 73 86 19 C9  .J(.y~I.Pv..s...
00000830:  3C 8B 49 B4 48 C3 2E 3C C3 2F 3B F4 FA CD 40 2D  <.I.H..<./;...@-
00000840:  27 E1 B8 43 17 30 F6 38 2A 02 B5 A8 B2 9C 67 87  '..C.0.8*.....g.
00000850:  31 E5 05 CC D7 EF 46 25 4A 7D DA 9D 07 C5 77 D4  1.....F%J}....w.
00000860:  CC FF 8E D9 98 67 0A 83 ED 4B 2B 32 F6 73 1A A8  .....g...K+2.s..
00000870:  23 69 D9 26 D2 2B E0 34 4E 2B DD 40 29 96 5A 47  #i.&.+.4N+.@).ZG
00000880:  50 56 F5 9D 37 57 F9 68 44 A4 F6 F4 CB 93 AC 78  PV..7W.hD......x
00000890:  DF CF 63 B4 C7 0B 57 8B FC 96 02 EA 64 D3 C3 E8  ..c...W.....d...
000008A0:  61 C9 7C 96 B6 47 85 4B 08 B2 AA 75 9A E1 12 33  a.|..G.K...u...3
000008B0:  C4 EE 63 67 97 99 BE B4 F0 CD 60 AB C8 70 16 73  ..cg......`..p.s
000008C0:  94 C1 0E F8 C3 5D DD 53 74 A0 14 DC CF 51 3C 6E  .....].St....Q<n
000008D0:  CC 34 A6 7A 5B B5 2B 8F B6 53 80 42 2D 90 FE 7A  .4.z[.+..S.B-..z
000008E0:  81 BE BC C6 4A F2 F7 E6 ED 38 55 38 FB D6 F3 BD  ....J....8U8....
000008F0:  5F D6 67 C0 25 B2 9A 6D 31 A1 4E AF 38 CA E0 14  _.g.%..m1.N.8...
00000900:  80 C2 DC 8B F9 BF 26 A8 31 69 01 40 7C 80 2F 2D  ......&.1i.@|./-
00000910:  74 91 E1 CD AB A9 8B 84 47 9C 89 DD A1 3B 81 A1  t.......G....;..
00000920:  55 0C 18 CA 63 2F 47 D1 3E EB AD 53 08 45 0B 8C  U...c/G.>..S.E..
00000930:  D6 DF 56 85 D4 74 F2 9A 66 BB 6A 3F 04 0A F4 07  ..V..t..f.j?....
00000940:  34 B5 5C C4 A8 CE 55 03 6D AF E4 C1 04 38 3B 02  4.\...U.m....8;.
00000950:  4D FF 2E 5D ED C9 26 D1 F8 97 E5 F9 6C 7C BD A8  M..]..&.....l|..
00000960:  E1 6E B4 F3 C0 B3 C9 47 14 57 66 EA 0C D8 24 52  .n.....G.Wf...$R
00000970:  05 44 06 67 80 B8 42 25 D9 8A 45 39 C7 4C 1C 5A  .D.g..B%..E9.L.Z
00000980:  2F 15 79 29 9D D4 F1 08 31 4F 52 38 5D 17 3B 6A  /.y)....1OR8].;j
00000990:  1F AC 0C E1 DF 60 65 9D ED 0B 92 7C E0 67 EF A7  .....`e....|.g..
000009A0:  41 99 FA 0A 3C 7D C2 94 6F 74 A1 C4 28 27 17 F1  A...<}..ot..('..
000009B0:  61 E4 6B AA 5B 9A 7B E5 70 CB 35 65 22 54 1F 2D  a.k.[.{.p.5e"T.-
000009C0:  04 AA 0A 66 29 D5 02 F0 2D DA E3 99 0C 08 30 28  ...f)...-.....0(
000009D0:  78 1E 86 30 12 BE 40 A7 54 17 5C 20 87 FC 4F 53  x..0..@.T.\ ..OS
000009E0:  7A B1 DE D6 C0 64 E1 D0 37 53 E5 17 42 6E 76 D8  z....d..7S..Bnv.
000009F0:  A1 24 1D 50 98 1F 76 D5 7C 09 9D 04 85 13 AA BB  .$.P..v.|.......
00000A00:  C3 13 A8 2D FF 5B 51 17 72 91 2B B9 43 0D FF A1  ...-.[Q.r.+.C...
00000A10:  FE EE 53 8B F0 41 69 CD 21 18 5D B1 BD 19 06 99  ..S..Ai.!.].....
00000A20:  F8 C1 21 DE A0 CE 68 C7 A9 A0 F1 47 1B 6F CD 79  ..!...h....G.o.y
00000A30:  E4 CB 09 2D F6 25 00 F7 B0 01 EA 1E 66 A3 CC C4  ...-.%......f...
00000A40:  43 AD 23 DD 84 91 20 91 51 97 22 14 49 F3 C7 E2  C.#... .Q.".I...
00000A50:  9F BB FE 7F F6 99 DA 3D C5 0F DB 0B 4F 87 FB CB  .......=....O...
00000A60:  DB DD 54 AC 07 0A 3A 25 46 BA 18 73 A3 AF 01 26  ..T...:%F..s...&
00000A70:  52 12 65 2F FC 57 00 00 00 00 00 00 00 00 00 00  R.e/.W..........
00000A80:  00 00 00 00 00 00 00 00 00 00 00 00 00 00 00 00  ................ [zeros]
00000A90:  00 00 00 00 00 00 00 00 00 00 00 00 00 00 00 00  ................ [zeros]
00000AA0:  00 00 00 00 00 00 00 00 00 00 00 00 00 00 00 00  ................ [zeros]
00000AB0:  00 00 00 00 00 00 00 00 00 00 00 00 00 00 00 00  ................ [zeros]
00000AC0:  00 00 00 00 00 00 00 00 00 00 00 00 00 00 00 00  ................ [zeros]
00000AD0:  00 00 00 00 00 00 00 00 00 00 00 00 00 00 00 00  ................ [zeros]
00000AE0:  00 00 00 00 00 00 00 00 00 00 00 00 00 00 00 00  ................ [zeros]
00000AF0:  00 00 00 00 00 00 00 00 00 00 00 00 00 00 00 00  ................ [zeros]
00000B00:  00 00 00 00 00 00 00 00 00 00 00 00 00 00 00 00  ................ [zeros]
00000B10:  00 00 00 00 00 00 00 00 00 00 00 00 00 00 00 00  ................ [zeros]
00000B20:  00 00 00 00 00 00 00 00 00 00 00 00 00 00 00 00  ................ [zeros]
00000B30:  00 00 00 00 00 00 00 00 00 00 00 00 00 00 00 00  ................ [zeros]
00000B40:  00 00 00 00 00 00 00 00 00 00 00 00 00 00 00 00  ................ [zeros]
00000B50:  00 00 00 00 00 00 00 00 00 00 00 00 00 00 00 00  ................ [zeros]
00000B60:  00 00 00 00 00 00 00 00 00 00 00 00 00 00 00 00  ................ [zeros]
00000B70:  00 00 00 00 00 00 00 00 00 00 00 00 00 00 00 00  ................ [zeros]
00000B80:  00 00 00 00 00 00 00 00 00 00 00 00 00 00 00 00  ................ [zeros]
00000B90:  00 00 00 00 00 00 00 00 00 00 00 00 00 00 00 00  ................ [zeros]
00000BA0:  00 00 00 00 00 00 00 00 00 00 00 00 00 00 00 00  ................ [zeros]
00000BB0:  00 00 00 00 00 00 00 00 00 00 00 00 00 00 00 00  ................ [zeros]
00000BC0:  00 00 00 00 00 00 00 00 00 00 00 00 00 00 00 00  ................ [zeros]
00000BD0:  00 00 00 00 00 00 00 00 00 00 00 00 00 00 00 00  ................ [zeros]
00000BE0:  00 00 00 00 00 00 00 00 00 00 00 00 00 00 00 00  ................ [zeros]
00000BF0:  00 00 00 00 00 00 00 00 00 00 00 00 00 00 00 00  ................ [zeros]
00000C00:  00 00 00 00 00 00 00 00 00 00 00 00 00 00 00 00  ................ [zeros]
00000C10:  00 00 00 00 00 00 00 00 00 00 00 00 00 00 00 00  ................ [zeros]
00000C20:  00 00 00 00 00 00 00 00 00 00 00 00 00 00 00 00  ................ [zeros]
00000C30:  00 00 00 00 00 00 00 00 00 00 00 00 00 00 00 00  ................ [zeros]
00000C40:  00 00 00 00 00 00 00 00 00 00 00 00 00 00 00 00  ................ [zeros]
00000C50:  00 00 00 00 00 00 00 00 00 00 00 00 00 00 00 00  ................ [zeros]
00000C60:  00 00 00 00 00 00 00 00 00 00 00 00 00 00 00 00  ................ [zeros]
00000C70:  00 00 00 00 00 00 00 00 00 00 00 00 00 00 00 00  ................ [zeros]
00000C80:  00 00 00 00 00 00 00 00 00 00 00 00 00 00 00 00  ................ [zeros]
00000C90:  00 00 00 00 00 00 00 00 00 00 00 00 00 00 00 00  ................ [zeros]
00000CA0:  00 00 00 00 00 00 00 00 00 00 00 00 00 00 00 00  ................ [zeros]
00000CB0:  00 00 00 00 00 00 00 00 00 00 00 00 00 00 00 00  ................ [zeros]
00000CC0:  00 00 00 00 00 00 00 00 00 00 00 00 00 00 00 00  ................ [zeros]
00000CD0:  00 00 00 00 00 00 00 00 00 00 00 00 00 00 00 00  ................ [zeros]
00000CE0:  00 00 00 00 00 00 00 00 00 00 00 00 00 00 00 00  ................ [zeros]
00000CF0:  00 00 00 00 00 00 00 00 00 00 00 00 00 00 00 00  ................ [zeros]
00000D00:  00 00 00 00 00 00 00 00 00 00 00 00 00 00 00 00  ................ [zeros]
00000D10:  00 00 00 00 00 00 00 00 00 00 00 00 00 00 00 00  ................ [zeros]
00000D20:  00 00 00 00 00 00 00 00 00 00 00 00 00 00 00 00  ................ [zeros]
00000D30:  00 00 00 00 00 00 00 00 00 00 00 00 00 00 00 00  ................ [zeros]
00000D40:  00 00 00 00 00 00 00 00 00 00 00 00 00 00 00 00  ................ [zeros]
00000D50:  00 00 00 00 00 00 00 00 00 00 00 00 00 00 00 00  ................ [zeros]
00000D60:  00 00 00 00 00 00 00 00 00 00 00 00 00 00 00 00  ................ [zeros]
00000D70:  00 00 00 00 00 00 00 00 00 00 00 00 00 00 00 00  ................ [zeros]
00000D80:  00 00 00 00 00 00 00 00 00 00 00 00 00 00 00 00  ................ [zeros]
00000D90:  00 00 00 00 00 00 00 00 00 00 00 00 00 00 00 00  ................ [zeros]
00000DA0:  00 00 00 00 00 00 00 00 00 00 00 00 00 00 00 00  ................ [zeros]
00000DB0:  00 00 00 00 00 00 00 00 00 00 00 00 00 00 00 00  ................ [zeros]
00000DC0:  00 00 00 00 00 00 00 00 00 00 00 00 00 00 00 00  ................ [zeros]
00000DD0:  00 00 00 00 00 00 00 00 00 00 00 00 00 00 00 00  ................ [zeros]
00000DE0:  00 00 00 00 00 00 00 00 00 00 00 00 00 00 00 00  ................ [zeros]
00000DF0:  00 00 00 00 00 00 00 00 00 00 00 00 00 00 00 00  ................ [zeros]
00000E00:  00 00 00 00 00 00 00 00 00 00 00 00 00 00 00 00  ................ [zeros]
00000E10:  00 00 00 00 00 00 00 00 00 00 00 00 00 00 00 00  ................ [zeros]
00000E20:  00 00 00 00 00 00 00 00 00 00 00 00 00 00 00 00  ................ [zeros]
00000E30:  00 00 00 00 00 00 00 00 00 00 00 00 00 00 00 00  ................ [zeros]
00000E40:  00 00 00 00 00 00 00 00 00 00 00 00 00 00 00 00  ................ [zeros]
00000E50:  00 00 00 00 00 00 00 00 00 00 00 00 00 00 00 00  ................ [zeros]
00000E60:  00 00 00 00 00 00 40 F9 A2 96 67 A0 AB 7A 11 47  ......@...g..z.G
00000E70:  2C CB CA 0A 3D 55 00 00 00 00 00 00 00 00 00 00  ,...=U..........
00000E80:  00 00 00 00 00 00 00 00 00 00 00 00 00 00 00 00  ................ [zeros]
00000E90:  00 00 00 00 00 00 00 00 00 00 00 00 00 00 00 00  ................ [zeros]
00000EA0:  00 00 00 00 00 00 00 00 00 00 00 00 00 00 00 00  ................ [zeros]
00000EB0:  00 00 00 00 00 00 00 00 00 00 00 00 00 00 00 00  ................ [zeros]
00000EC0:  00 00 00 00 00 00 00 00 00 00 00 00 00 00 00 00  ................ [zeros]
00000ED0:  00 00 00 00 00 00 00 00 00 00 00 00 00 00 00 00  ................ [zeros]
00000EE0:  00 00 00 00 00 00 00 00 00 00 00 00 00 00 00 00  ................ [zeros]
00000EF0:  00 00 00 00 00 00 00 00 00 00 00 00 00 00 00 00  ................ [zeros]
00000F00:  00 00 00 00 00 00 00 00 00 00 00 00 00 00 00 00  ................ [zeros]
00000F10:  00 00 00 00 00 00 00 00 00 00 00 00 00 00 00 00  ................ [zeros]
00000F20:  00 00 00 00 00 00 00 00 00 00 00 00 00 00 00 00  ................ [zeros]
00000F30:  00 00 00 00 00 00 00 00 00 00 00 00 00 00 00 00  ................ [zeros]
00000F40:  00 00 00 00 00 00 00 00 00 00 00 00 00 00 00 00  ................ [zeros]
00000F50:  00 00 00 00 00 00 00 00 00 00 00 00 00 00 00 00  ................ [zeros]
00000F60:  00 00 00 00 00 00 00 00 00 00 00 00 00 00 00 00  ................ [zeros]
00000F70:  00 00 00 00 00 00 00 00 00 00 00 00 00 00 00 00  ................ [zeros]
00000F80:  00 00 00 00 00 00 00 00 00 00 00 00 00 00 00 00  ................ [zeros]
00000F90:  00 00 00 00 00 00 00 00 00 00 00 00 00 00 00 00  ................ [zeros]
00000FA0:  00 00 00 00 00 00 00 00 00 00 00 00 00 00 00 00  ................ [zeros]
00000FB0:  00 00 00 00 00 00 00 00 00 00 00 00 00 00 00 00  ................ [zeros]
00000FC0:  00 00 00 00 00 00 00 00 00 00 00 00 00 00 00 00  ................ [zeros]
00000FD0:  00 00 00 00 00 00 00 00 00 00 00 00 00 00 00 00  ................ [zeros]
00000FE0:  00 00 00 00 00 00 00 00 00 00 00 00 00 00 00 00  ................ [zeros]
00000FF0:  00 00 00 00 00 00 00 00 00 00 00 00 00 00 00 00  ................ [zeros]
00001000:  00 00 00 00 00 00 00 00 00 00 00 00 00 00 00 00  ................ [zeros]
00001010:  00 00 00 00 00 00 00 00 00 00 00 00 00 00 00 00  ................ [zeros]
00001020:  00 00 00 00 00 00 00 00 00 00 00 00 00 00 00 00  ................ [zeros]
00001030:  00 00 00 00 00 00 00 00 00 00 00 00 00 00 00 00  ................ [zeros]
00001040:  00 00 00 00 00 00 00 00 00 00 00 00 00 00 00 00  ................ [zeros]
00001050:  00 00 00 00 00 00 00 00 00 00 00 00 00 00 00 00  ................ [zeros]
00001060:  00 00 00 00 00 00 00 00 00 00 00 00 00 00 00 00  ................ [zeros]
00001070:  00 00 00 00 00 00 00 00 00 00 00 00 00 00 00 00  ................ [zeros]
00001080:  00 00 00 00 00 00 00 00 00 00 00 00 00 00 00 00  ................ [zeros]
00001090:  00 00 00 00 00 00 00 00 00 00 00 00 00 00 00 00  ................ [zeros]
000010A0:  00 00 00 00 00 00 00 00 00 00 00 00 00 00 00 00  ................ [zeros]
000010B0:  00 00 00 00 00 00 00 00 00 00 00 00 00 00 00 00  ................ [zeros]
000010C0:  00 00 00 00 00 00 00 00 00 00 00 00 00 00 00 00  ................ [zeros]
000010D0:  00 00 00 00 00 00 00 00 00 00 00 00 00 00 00 00  ................ [zeros]
000010E0:  00 00 00 00 00 00 00 00 00 00 00 00 00 00 00 00  ................ [zeros]
000010F0:  00 00 00 00 00 00 00 00 00 00 00 00 00 00 00 00  ................ [zeros]
00001100:  00 00 00 00 00 00 00 00 00 00 00 00 00 00 00 00  ................ [zeros]
00001110:  00 00 00 00 00 00 00 00 00 00 00 00 00 00 00 00  ................ [zeros]
00001120:  00 00 00 00 00 00 00 00 00 00 00 00 00 00 00 00  ................ [zeros]
00001130:  00 00 00 00 00 00 00 00 00 00 00 00 00 00 00 00  ................ [zeros]
00001140:  00 00 00 00 00 00 00 00 00 00 00 00 00 00 00 00  ................ [zeros]
00001150:  00 00 00 00 00 00 00 00 00 00 00 00 00 00 00 00  ................ [zeros]
00001160:  00 00 00 00 00 00 00 00 00 00 00 00 00 00 00 00  ................ [zeros]
00001170:  00 00 00 00 00 00 00 00 00 00 00 00 00 00 00 00  ................ [zeros]
00001180:  00 00 00 00 00 00 00 00 00 00 00 00 00 00 00 00  ................ [zeros]
00001190:  00 00 00 00 00 00 00 00 00 00 00 00 00 00 00 00  ................ [zeros]
000011A0:  00 00 00 00 00 00 00 00 00 00 00 00 00 00 00 00  ................ [zeros]
000011B0:  00 00 00 00 00 00 00 00 00 00 00 00 00 00 00 00  ................ [zeros]
000011C0:  00 00 00 00 00 00 00 00 00 00 00 00 00 00 00 00  ................ [zeros]
000011D0:  00 00 00 00 00 00 00 00 00 00 00 00 00 00 00 00  ................ [zeros]
000011E0:  00 00 00 00 00 00 00 00 00 00 00 00 00 00 00 00  ................ [zeros]
000011F0:  00 00 00 00 00 00 00 00 00 00 00 00 00 00 00 00  ................ [zeros]
00001200:  00 00 00 00 00 00 00 00 00 00 00 00 00 00 00 00  ................ [zeros]
00001210:  00 00 00 00 00 00 00 00 00 00 00 00 00 00 00 00  ................ [zeros]
00001220:  00 00 00 00 00 00 00 00 00 00 00 00 00 00 00 00  ................ [zeros]
00001230:  00 00 00 00 00 00 00 00 00 00 00 00 00 00 00 00  ................ [zeros]
00001240:  00 00 00 00 00 00 00 00 00 00 00 00 00 00 00 00  ................ [zeros]
00001250:  00 00 00 00 00 00 00 00 00 00 00 00 00 00 00 00  ................ [zeros]
00001260:  00 00 00 00 00 00 10 0F CE 84 07 4C 95 F4 3F 90  ...........L..?.
00001270:  3A 9D AC 74 7A B6 00 00 00 00 00 00 00 00 00 00  :..tz...........
00001280:  00 00 00 00 00 00 00 00 00 00 00 00 00 00 00 00  ................ [zeros]
00001290:  00 00 00 00 00 00 00 00 00 00 00 00 00 00 00 00  ................ [zeros]
000012A0:  00 00 00 00 00 00 00 00 00 00 00 00 00 00 00 00  ................ [zeros]
000012B0:  00 00 00 00 00 00 00 00 00 00 00 00 00 00 00 00  ................ [zeros]
000012C0:  00 00 00 00 00 00 00 00 00 00 00 00 00 00 00 00  ................ [zeros]
000012D0:  00 00 00 00 00 00 00 00 00 00 00 00 00 00 00 00  ................ [zeros]
000012E0:  00 00 00 00 00 00 00 00 00 00 00 00 00 00 00 00  ................ [zeros]
000012F0:  00 00 00 00 00 00 00 00 00 00 00 00 00 00 00 00  ................ [zeros]
00001300:  00 00 00 00 00 00 00 00 00 00 00 00 00 00 00 00  ................ [zeros]
00001310:  00 00 00 00 00 00 00 00 00 00 00 00 00 00 00 00  ................ [zeros]
00001320:  00 00 00 00 00 00 00 00 00 00 00 00 00 00 00 00  ................ [zeros]
00001330:  00 00 00 00 00 00 00 00 00 00 00 00 00 00 00 00  ................ [zeros]
00001340:  00 00 00 00 00 00 00 00 00 00 00 00 00 00 00 00  ................ [zeros]
00001350:  00 00 00 00 00 00 00 00 00 00 00 00 00 00 00 00  ................ [zeros]
00001360:  00 00 00 00 00 00 00 00 00 00 00 00 00 00 00 00  ................ [zeros]
00001370:  00 00 00 00 00 00 00 00 00 00 00 00 00 00 00 00  ................ [zeros]
00001380:  00 00 00 00 00 00 00 00 00 00 00 00 00 00 00 00  ................ [zeros]
00001390:  00 00 00 00 00 00 00 00 00 00 00 00 00 00 00 00  ................ [zeros]
000013A0:  00 00 00 00 00 00 00 00 00 00 00 00 00 00 00 00  ................ [zeros]
000013B0:  00 00 00 00 00 00 00 00 00 00 00 00 00 00 00 00  ................ [zeros]
000013C0:  00 00 00 00 00 00 00 00 00 00 00 00 00 00 00 00  ................ [zeros]
000013D0:  00 00 00 00 00 00 00 00 00 00 00 00 00 00 00 00  ................ [zeros]
000013E0:  00 00 00 00 00 00 00 00 00 00 00 00 00 00 00 00  ................ [zeros]
000013F0:  00 00 00 00 00 00 00 00 00 00 00 00 00 00 00 00  ................ [zeros]
00001400:  00 00 00 00 00 00 00 00 00 00 00 00 00 00 00 00  ................ [zeros]
00001410:  00 00 00 00 00 00 00 00 00 00 00 00 00 00 00 00  ................ [zeros]
00001420:  00 00 00 00 00 00 00 00 00 00 00 00 00 00 00 00  ................ [zeros]
00001430:  00 00 00 00 00 00 00 00 00 00 00 00 00 00 00 00  ................ [zeros]
00001440:  00 00 00 00 00 00 00 00 00 00 00 00 00 00 00 00  ................ [zeros]
00001450:  00 00 00 00 00 00 00 00 00 00 00 00 00 00 00 00  ................ [zeros]
00001460:  00 00 00 00 00 00 00 00 00 00 00 00 00 00 00 00  ................ [zeros]
00001470:  00 00 00 00 00 00 00 00 00 00 00 00 00 00 00 00  ................ [zeros]
00001480:  00 00 00 00 00 00 00 00 00 00 00 00 00 00 00 00  ................ [zeros]
00001490:  00 00 00 00 00 00 00 00 00 00 00 00 00 00 00 00  ................ [zeros]
000014A0:  00 00 00 00 00 00 00 00 00 00 00 00 00 00 00 00  ................ [zeros]
000014B0:  00 00 00 00 00 00 00 00 00 00 00 00 00 00 00 00  ................ [zeros]
000014C0:  00 00 00 00 00 00 00 00 00 00 00 00 00 00 00 00  ................ [zeros]
000014D0:  00 00 00 00 00 00 00 00 00 00 00 00 00 00 00 00  ................ [zeros]
000014E0:  00 00 00 00 00 00 00 00 00 00 00 00 00 00 00 00  ................ [zeros]
000014F0:  00 00 00 00 00 00 00 00 00 00 00 00 00 00 00 00  ................ [zeros]
00001500:  00 00 00 00 00 00 00 00 00 00 00 00 00 00 00 00  ................ [zeros]
00001510:  00 00 00 00 00 00 00 00 00 00 00 00 00 00 00 00  ................ [zeros]
00001520:  00 00 00 00 00 00 00 00 00 00 00 00 00 00 00 00  ................ [zeros]
00001530:  00 00 00 00 00 00 00 00 00 00 00 00 00 00 00 00  ................ [zeros]
00001540:  00 00 00 00 00 00 00 00 00 00 00 00 00 00 00 00  ................ [zeros]
00001550:  00 00 00 00 00 00 00 00 00 00 00 00 00 00 00 00  ................ [zeros]
00001560:  00 00 00 00 00 00 00 00 00 00 00 00 00 00 00 00  ................ [zeros]
00001570:  00 00 00 00 00 00 00 00 00 00 00 00 00 00 00 00  ................ [zeros]
00001580:  00 00 00 00 00 00 00 00 00 00 00 00 00 00 00 00  ................ [zeros]
00001590:  00 00 00 00 00 00 00 00 00 00 00 00 00 00 00 00  ................ [zeros]
000015A0:  00 00 00 00 00 00 00 00 00 00 00 00 00 00 00 00  ................ [zeros]
000015B0:  00 00 00 00 00 00 00 00 00 00 00 00 00 00 00 00  ................ [zeros]
000015C0:  00 00 00 00 00 00 00 00 00 00 00 00 00 00 00 00  ................ [zeros]
000015D0:  00 00 00 00 00 00 00 00 00 00 00 00 00 00 00 00  ................ [zeros]
000015E0:  00 00 00 00 00 00 00 00 00 00 00 00 00 00 00 00  ................ [zeros]
000015F0:  00 00 00 00 00 00 00 00 00 00 00 00 00 00 00 00  ................ [zeros]
00001600:  00 00 00 00 00 00 00 00 00 00 00 00 00 00 00 00  ................ [zeros]
00001610:  00 00 00 00 00 00 00 00 00 00 00 00 00 00 00 00  ................ [zeros]
00001620:  00 00 00 00 00 00 00 00 00 00 00 00 00 00 00 00  ................ [zeros]
00001630:  00 00 00 00 00 00 00 00 00 00 00 00 00 00 00 00  ................ [zeros]
00001640:  00 00 00 00 00 00 00 00 00 00 00 00 00 00 00 00  ................ [zeros]
00001650:  00 00 00 00 00 00 00 00 00 00 00 00 00 00 00 00  ................ [zeros]
00001660:  00 00 00 00 00 00 00 00 00 00 00 00 00 00 00 00  ................ [zeros]
00001670:  00 00 00 00 00 00 C2 A8 7C 26 10 54 21 21 0F 89  ........|&.T!!..
00001680:  A4 C6 47 D5 17 27 00 00 00 00 00 00 00 00 00 00  ..G..'..........
00001690:  00 00 00 00 00 00 00 00 00 00 00 00 00 00 00 00  ................ [zeros]
000016A0:  00 00 00 00 00 00 00 00 00 00 00 00 00 00 00 00  ................ [zeros]
000016B0:  00 00 00 00 00 00 00 00 00 00 00 00 00 00 00 00  ................ [zeros]
000016C0:  00 00 00 00 00 00 00 00 00 00 00 00 00 00 00 00  ................ [zeros]
000016D0:  00 00 00 00 00 00 00 00 00 00 00 00 00 00 00 00  ................ [zeros]
000016E0:  00 00 00 00 00 00 00 00 00 00 00 00 00 00 00 00  ................ [zeros]
000016F0:  00 00 00 00 00 00 00 00 00 00 00 00 00 00 00 00  ................ [zeros]
00001700:  00 00 00 00 00 00 00 00 00 00 00 00 00 00 00 00  ................ [zeros]
00001710:  00 00 00 00 00 00 00 00 00 00 00 00 00 00 00 00  ................ [zeros]
00001720:  00 00 00 00 00 00 00 00 00 00 00 00 00 00 00 00  ................ [zeros]
00001730:  00 00 00 00 00 00 00 00 00 00 00 00 00 00 00 00  ................ [zeros]
00001740:  00 00 00 00 00 00 00 00 00 00 00 00 00 00 00 00  ................ [zeros]
00001750:  00 00 00 00 00 00 00 00 00 00 00 00 00 00 00 00  ................ [zeros]
00001760:  00 00 00 00 00 00 00 00 00 00 00 00 00 00 00 00  ................ [zeros]
00001770:  00 00 00 00 00 00 00 00 00 00 00 00 00 00 00 00  ................ [zeros]
00001780:  00 00 00 00 00 00 00 00 00 00 00 00 00 00 00 00  ................ [zeros]
00001790:  00 00 00 00 00 00 00 00 00 00 00 00 00 00 00 00  ................ [zeros]
000017A0:  00 00 00 00 00 00 00 00 00 00 00 00 00 00 00 00  ................ [zeros]
000017B0:  00 00 00 00 00 00 00 00 00 00 00 00 00 00 00 00  ................ [zeros]
000017C0:  00 00 00 00 00 00 00 00 00 00 00 00 00 00 00 00  ................ [zeros]
000017D0:  00 00 00 00 00 00 00 00 00 00 00 00 00 00 00 00  ................ [zeros]
000017E0:  00 00 00 00 00 00 00 00 00 00 00 00 00 00 00 00  ................ [zeros]
000017F0:  00 00 00 00 00 00 00 00 00 00 00 00 00 00 00 00  ................ [zeros]
00001800:  00 00 00 00 00 00 00 00 00 00 00 00 00 00 00 00  ................ [zeros]
00001810:  00 00 00 00 00 00 00 00 00 00 00 00 00 00 00 00  ................ [zeros]
00001820:  00 00 00 00 00 00 00 00 00 00 00 00 00 00 00 00  ................ [zeros]
00001830:  00 00 00 00 00 00 00 00 00 00 00 00 00 00 00 00  ................ [zeros]
00001840:  00 00 00 00 00 00 00 00 00 00 00 00 00 00 00 00  ................ [zeros]
00001850:  00 00 00 00 00 00 00 00 00 00 00 00 00 00 00 00  ................ [zeros]
00001860:  00 00 00 00 00 00 00 00 00 00 00 00 00 00 00 00  ................ [zeros]
00001870:  00 00 00 00 00 00 00 00 00 00 00 00 00 00 00 00  ................ [zeros]
00001880:  00 00 00 00 00 00 00 00 00 00 00 00 00 00 00 00  ................ [zeros]
00001890:  00 00 00 00 00 00 00 00 00 00 00 00 00 00 00 00  ................ [zeros]
000018A0:  00 00 00 00 00 00 00 00 00 00 00 00 00 00 00 00  ................ [zeros]
000018B0:  00 00 00 00 00 00 00 00 00 00 00 00 00 00 00 00  ................ [zeros]
000018C0:  00 00 00 00 00 00 00 00 00 00 00 00 00 00 00 00  ................ [zeros]
000018D0:  00 00 00 00 00 00 00 00 00 00 00 00 00 00 00 00  ................ [zeros]
000018E0:  00 00 00 00 00 00 00 00 00 00 00 00 00 00 00 00  ................ [zeros]
000018F0:  00 00 00 00 00 00 00 00 00 00 00 00 00 00 00 00  ................ [zeros]
00001900:  00 00 00 00 00 00 00 00 00 00 00 00 00 00 00 00  ................ [zeros]
00001910:  00 00 00 00 00 00 00 00 00 00 00 00 00 00 00 00  ................ [zeros]
00001920:  00 00 00 00 00 00 00 00 00 00 00 00 00 00 00 00  ................ [zeros]
00001930:  00 00 00 00 00 00 00 00 00 00 00 00 00 00 00 00  ................ [zeros]
00001940:  00 00 00 00 00 00 00 00 00 00 00 00 00 00 00 00  ................ [zeros]
00001950:  00 00 00 00 00 00 00 00 00 00 00 00 00 00 00 00  ................ [zeros]
00001960:  00 00 00 00 00 00 00 00 00 00 00 00 00 00 00 00  ................ [zeros]
00001970:  00 00 00 00 00 00 00 00 00 00 00 00 00 00 00 00  ................ [zeros]
00001980:  00 00 00 00 00 00 00 00 00 00 00 00 00 00 00 00  ................ [zeros]
00001990:  00 00 00 00 00 00 00 00 00 00 00 00 00 00 00 00  ................ [zeros]
000019A0:  00 00 00 00 00 00 00 00 00 00 00 00 00 00 00 00  ................ [zeros]
000019B0:  00 00 00 00 00 00 00 00 00 00 00 00 00 00 00 00  ................ [zeros]
000019C0:  00 00 00 00 00 00 00 00 00 00 00 00 00 00 00 00  ................ [zeros]
000019D0:  00 00 00 00 00 00 00 00 00 00 00 00 00 00 00 00  ................ [zeros]
000019E0:  00 00 00 00 00 00 00 00 00 00 00 00 00 00 00 00  ................ [zeros]
000019F0:  00 00 00 00 00 00 00 00 00 00 00 00 00 00 00 00  ................ [zeros]
00001A00:  00 00 00 00 00 00 00 00 00 00 00 00 00 00 00 00  ................ [zeros]
00001A10:  00 00 00 00 00 00 00 00 00 00 00 00 00 00 00 00  ................ [zeros]
00001A20:  00 00 00 00 00 00 00 00 00 00 00 00 00 00 00 00  ................ [zeros]
00001A30:  00 00 00 00 00 00 00 00 00 00 00 00 00 00 00 00  ................ [zeros]
00001A40:  00 00 00 00 00 00 00 00 00 00 00 00 00 00 00 00  ................ [zeros]
00001A50:  00 00 00 00 00 00 00 00 00 00 00 00 00 00 00 00  ................ [zeros]
00001A60:  00 00 00 00 00 00 00 00 00 00 00 00 00 00 00 00  ................ [zeros]
00001A70:  00 00 00 00 00 00 43 F0 7A B2 E4 A4 A0 FA B2 54  ......C.z......T
00001A80:  3B D5 33 9A 4E 5B 4B 54 14 37 54 FB 28 F5 60 CB  ;.3.N[KT.7T.(.`.
00001A90:  95 1D 14 DF A9 08 CE 6F FD 88 4F D6 31 02 5A 56  .......o..O.1.ZV
00001AA0:  2F C3 53 98 8F D3 DF F0 DA 71 FE 15 8B 0B DB 04  /.S......q......
00001AB0:  75 88 20 9D 4E A2 74 4F DF 77 44 D2 03 DE 54 81  u. .N.tO.wD...T.
00001AC0:  21 F0 CC 6B EB 8D CC 65 95 42 F0 19 60 A6 BD C0  !..k...e.B..`...
00001AD0:  33 13 4E 33 A9 EF DC FD CE EB 8F 4E F6 E7 E3 25  3.N3.......N...%
00001AE0:  D6 A7 36 41 F4 F7 E3 9C D9 6C D6 8B D5 93 C8 3F  ..6A.....l.....?
00001AF0:  96 D1 90 8F 56 AA C7 71 67 CE 09 82 87 59 92 BA  ....V..qg....Y..
00001B00:  80 7D B0 34 D0 D9 6D 29 B9 C0 51 88 BE 35 14 A7  .}.4..m)..Q..5..
00001B10:  E1 0D ED 2B E1 E7 52 02 B4 6F 30 2C F3 01 FE E6  ...+..R..o0,....
00001B20:  C1 E2 E9 21 12 DE 68 84 C7 D9 07 29 BE 22 CA 4C  ...!..h....).".L
00001B30:  E0 06 B1 9E D8 72 C0 63 7E 72 BA 97 B5 DB D2 7B  .....r.c~r.....{
00001B40:  99 19 67 E2 B4 E1 C5 78 E4 73 CE E9 A9 3D B2 17  ..g....x.s...=..
00001B50:  FE 24 EA E6 9A 19 00 6D 19 5B 33 48 01 B4 28 6E  .$.....m.[3H..(n
00001B60:  26 C6 9D E6 C8 D6 BD 69 C2 44 2B 50 0A C4 D1 38  &......i.D+P...8
00001B70:  0E 27 C5 9B 50 64 1C 17 40 DF 80 FA 37 88 20 31  .'..Pd..@...7. 1
00001B80:  15 E7 61 8C 6E 84 7E 39 DF C6 C6 61 51 35 C9 42  ..a.n.~9...aQ5.B
00001B90:  B6 1A 82 73 36 CF A5 39 7E C4 98 FD 2B F3 26 AE  ...s6..9~...+.&.
00001BA0:  A9 43 62 ED AA 41 52 5D 96 74 E0 D2 B7 68 14 EF  .Cb..AR].t...h..
00001BB0:  99 55 6E EC C4 E3 1C 96 2C 26 A5 F1 8F D7 D8 F6  .Un.....,&......
00001BC0:  2B DA 72 DF 78 4D D3 7A D8 40 FF 45 77 A2 36 86  +.r.xM.z.@.Ew.6.
00001BD0:  72 06 62 9F E7 12 AD 69 2E 98 BC B6 84 50 31 10  r.b....i.....P1.
00001BE0:  53 1C D3 AD 89 0F C3 93 26 9A 8F 8D B3 13 96 12  S.......&.......
00001BF0:  FB D2 94 63 88 B6 48 9E 19 60 C7 79 B1 DB FA 39  ...c..H..`.y...9
00001C00:  B8 5C B0 2C 6F 55 6A B9 9C 56 64 71 88 65 92 F9  .\.,oUj..Vdq.e..
00001C10:  B3 D5 97 47 89 E3 40 FF 56 55 94 A1 AA B7 34 3B  ...G..@.VU....4;
00001C20:  23 14 8C 11 5E 46 E3 CA AA F5 38 A0 A4 17 82 96  #...^F....8.....
00001C30:  1F 83 DF A4 07 26 42 63 2D 93 10 A5 D5 74 C2 37  .....&Bc-....t.7
00001C40:  8F 24 8B 67 BA B8 3A 5B C0 27 D7 90 F7 97 C2 8D  .$.g..:[.'......
00001C50:  76 CF 32 D3 45 CA 93 D9 CB 4D B4 4C 7F 65 03 F3  v.2.E....M.L.e..
00001C60:  45 11 FB BB E1 D1 06 AD E5 FE 37 19 1E 9E B5 17  E.........7.....
00001C70:  0B 98 28 5A 83 36 96 BB 3E 37 9F 31 74 D1 D9 24  ..(Z.6..>7.1t..$
00001C80:  A2 ED 81 8A C6 58 B3 3F 6C F5 2F C1 5A 0B A7 32  .....X.?l./.Z..2
00001C90:  0F D3 0A F1 DA 4F 04 B4 6A AD 39 E1 44 0A F7 1B  .....O..j.9.D...
00001CA0:  E2 80 56 09 51 89 1D 9B 0E 4A 3D 01 6D 3F 1F 97  ..V.Q....J=.m?..
00001CB0:  90 8D 15 B3 A4 D0 A0 8B D7 52 50 E4 07 D1 0B 17  .........RP.....
00001CC0:  D9 74 4B C3 EB DF CE 38 E0 0F 86 CE 91 04 EE A2  .tK....8........
00001CD0:  3A 12 EF 4E E2 71 4E 0F 75 9E 43 83 3B 50 1E 6F  :..N.qN.u.C.;P.o
00001CE0:  DB 2A 56 6E F3 F0 32 A7 B8 65 B6 8C 05 3A 04 37  .*Vn..2..e...:.7
00001CF0:  C5 77 95 E4 21 38 D4 57 76 40 01 4E B3 E5 19 E7  .w..!8.Wv@.N....
00001D00:  CD 6A EC B9 41 3C DF F0 83 A6 E3 EE 03 C4 2D 6A  .j..A<........-j
00001D10:  9C 9C 5C 14 38 57 C9 A3 F4 7D 80 87 AE A7 9E 20  ..\.8W...}..... 
00001D20:  01 6A A9 D2 D5 77 2F 0C 03 B7 F7 F8 33 27 4D 16  .j...w/.....3'M.
00001D30:  2C 18 DF 34 F3 7F 46 D8 FB 4B 32 81 6C D5 2B 22  ,..4..F..K2.l.+"
00001D40:  1A 1E 59 7D 8B 8E AB B2 D7 C2 7A 61 E8 08 D5 C4  ..Y}......za....
00001D50:  83 2D 1F 04 7D 7D 43 3B 2D 11 E6 FE CC CC F7 F4  .-..}}C;-.......
00001D60:  34 72 62 CA 7A 1E 0B 8C 61 BD DD 00 13 39 06 39  4rb.z...a....9.9
00001D70:  63 DA 36 AD 79 ED 06 AD E5 FE 37 19 1E 9E B5 17  c.6.y.....7.....
00001D80:  0B 98 28 5A 83 36 96 BB 3E 37 9F 31 74 D1 D9 24  ..(Z.6..>7.1t..$
00001D90:  A2 ED 81 8A C6 58 38 8D AE A2 FD 60 B4 CA 06 13  .....X8....`....
00001DA0:  10 5B 91 B8 52 37 32 C4 42 88 D8 FD 7A 40 3F 0A  .[..R72.B...z@?.
00001DB0:  4C 8A 49 AA D0 EC 8D E6 C1 8B 7C 6A EB 53 62 C2  L.I.......|j.Sb.
00001DC0:  CC 4B F0 ED 5C 50 9C A5 FD 70 74 B8 95 CF B9 F4  .K..\P...pt.....
00001DD0:  38 96 61 35 1E 8A 83 A1 76 AD C4 03 AB 27 88 39  8.a5....v....'.9
00001DE0:  08 38 39 DB ED 99 85 1A 94 58 D9 4F 13 9C B0 95  .89......X.O....
00001DF0:  F3 FA F0 E1 3A 76 C2 1D EE 9D BA E8 08 2F 27 D2  ....:v......./'.
00001E00:  1B 2A 6D 2E 39 E0 B6 D1 9F E8 99 AD 92 B3 48 68  .*m.9.........Hh
00001E10:  10 A2 27 9D 4F AF BD 44 5B 0C CD 3F 20 B2 4E 3F  ..'.O..D[..? .N?
00001E20:  7C BC 2D 7D 97 C3 60 35 AF 79 91 08 71 86 01 A0  |.-}..`5.y..q...
00001E30:  9E 22 0C 3E A4 7A FB 3A 70 5B 7D 0D 7F 03 A6 04  .".>.z.:p[}.....
00001E40:  1A 61 EF 4A F1 D2 52 1E 13 7E B8 0A C0 75 74 6E  .a.J..R..~...utn
00001E50:  E7 E3 69 02 11 1E 6B 64 E9 13 9A AE 6B F7 2C B4  ..i...kd....k.,.
00001E60:  01 2C EE E6 CB 1C 51 76 B8 C0 8D 6C F2 25 8E E8  .,....Qv...l.%..
00001E70:  F8 6A DE AC F9 B1 33 CF 99 0B 0C E7 A0 DC 3C AB  .j....3.......<.
00001E80:  E4 68 9E 58 2A 15 01 77 99 01 FA 60 A2 A6 FC 9E  .h.X*..w...`....
00001E90:  E6 F6 19 75 8B 37 6E 7D 9D A3 91 E3 37 C3 C4 3C  ...u.7n}....7..<
00001EA0:  EC 36 5B A4 D7 B4 C2 6B 65 D8 64 F0 95 35 EE B8  .6[....ke.d..5..
00001EB0:  56 28 61 4B 67 0E 46 B5 E7 6F 2F D9 88 82 D6 FB  V(aKg.F..o/.....
00001EC0:  F5 1F 72 E8 82 4E 76 F5 D1 24 1F 93 BA 3B AE 66  ..r..Nv..$...;.f
00001ED0:  75 29 B4 D6 22 DD 5E AC 67 D1 6F 3D 94 C2 52 F6  u)..".^.g.o=..R.
00001EE0:  F7 8F AE 66 93 E9 2B E0 D4 D9 A4 48 65 85 F8 FE  ...f..+....He...
00001EF0:  1B F9 A9 0C 64 7B 82 76 1B 74 B4 0C 27 85 83 82  ....d{.v.t..'...
00001F00:  C2 5A 07 3E AF 15 D9 B7 3B 5F AF C1 22 BE 95 36  .Z.>....;_.."..6
00001F10:  A8 5E AE FD D4 6B ED 06 F4 8E 4F 7B 3F 4A EB 64  .^...k....O{?J.d
00001F20:  1A DA 23 4F 62 8F 85 1A 94 58 D9 4F 13 9C B0 95  ..#Ob....X.O....
00001F30:  F3 FA F0 E1 3A 76 E2 79 96 92 35 5C CA E4 72 76  ....:v.y..5\..rv
00001F40:  34 5C B8 37 80 3F B6 D1 9F E8 99 AD 92 B3 48 68  4\.7.?........Hh
00001F50:  10 A2 27 9D 4F AF BD 44 5B 0C CD 3F 20 B2 4E 3F  ..'.O..D[..? .N?
00001F60:  7C BC 2D 7D 97 C3 60 35 AF 79 91 08 71 86 01 A0  |.-}..`5.y..q...
00001F70:  9E 22 0C 3E A4 7A FB 3A 70 5B 7D 0D 7F 03 A6 04  .".>.z.:p[}.....
00001F80:  1A 61 EF 4A F1 D2 52 1E 13 7E B8 0A C0 75 74 6E  .a.J..R..~...utn
00001F90:  E7 E3 69 02 11 1E 6B 64 E9 13 9A AE 6B F7 2C B4  ..i...kd....k.,.
00001FA0:  01 2C EE E6 CB 1C 51 76 B8 C0 8D 6C F2 25 8E E8  .,....Qv...l.%..
00001FB0:  F8 6A DE AC F9 B1 35 54 EF E4 C8 5E D5 1A 3B 22  .j....5T...^..;"
00001FC0:  B5 01 0B E7 43 6E 01 77 99 01 FA 60 A2 A6 FC 9E  ....Cn.w...`....
00001FD0:  E6 F6 19 75 8B 37 6E 7D 9D A3 91 E3 37 C3 C4 3C  ...u.7n}....7..<
00001FE0:  EC 36 5B A4 D7 B4 C2 6B 65 D8 64 F0 95 35 EE B8  .6[....ke.d..5..
00001FF0:  56 28 61 4B 67 0E 46 B5 E7 6F 2F D9 88 82 D6 FB  V(aKg.F..o/.....
00002000:  F5 1F 72 E8 82 4E 76 F5 D1 24 1F 93 BA 3B AE 66  ..r..Nv..$...;.f
00002010:  75 29 B4 D6 22 DD 5E AC 67 D1 6F 3D 94 C2 52 F6  u)..".^.g.o=..R.
00002020:  F7 8F AE 66 93 E9 2B E0 D4 D9 A4 48 65 85 F8 FE  ...f..+....He...
00002030:  1B F9 A9 0C 64 7B 82 76 1B 74 B4 0C 27 85 83 82  ....d{.v.t..'...
00002040:  C2 5A 07 3E AF 15 D3 A9 E4 B4 44 13 EC B6 A7 02  .Z.>......D.....
00002050:  44 AD 92 FA 34 C4 ED 06 F4 8E 4F 7B 3F 4A EB 64  D...4.....O{?J.d
00002060:  1A DA 23 4F 62 8F B1 CC 96 A8 E0 9E E4 BC BD A2  ..#Ob...........
00002070:  45 DE B7 10 D8 4E 39 24 41 10 DE 87 76 D4 0A 43  E....N9$A...v..C
00002080:  B9 1E E4 89 C3 E0 30 85 A3 A4 39 9F 45 60 82 01  ......0...9.E`..
00002090:  DD 25 36 3E C5 B7 03 1C 95 EA 05 14 17 56 01 63  .%6>.........V.c
000020A0:  D0 48 F6 0C 81 C2 81 B1 90 B4 87 A2 A1 A3 08 21  .H.............!
000020B0:  EC F0 02 38 12 DF DB 65 BE 3D 98 5B 1B E7 DB F5  ...8...e.=.[....
000020C0:  88 38 97 54 A7 8B CA 98 78 CE E5 4D 8B 9B E2 02  .8.T....x..M....
000020D0:  E1 76 17 D0 FB 29 6A DE DE 91 BD 92 37 2B 93 77  .v...)j.....7+.w
000020E0:  B0 62 CB 6B E0 88 9B 7A 13 C4 1A 76 C9 D0 97 0D  .b.k...z...v....
000020F0:  56 15 50 DB 11 CE 77 32 85 E7 21 8F E8 95 5F 3B  V.P...w2..!..._;
00002100:  E9 E2 69 D4 E5 50 8A 86 4F 60 C7 90 F8 8D 24 99  ..i..P..O`....$.
00002110:  34 C7 26 F9 40 AB 6C AE 0C 60 3F F4 C5 51 78 AF  4.&.@.l..`?..Qx.
00002120:  80 78 9E 60 10 2A 76 56 B5 5F 03 07 27 7E 98 B8  .x.`.*vV._..'~..
00002130:  D1 76 4C CA 33 67 C1 61 B9 8A 0F 16 E2 6B E7 9E  .vL.3g.a.....k..
00002140:  E5 7C 79 4F 58 7A 81 97 43 7E 81 CA 68 EF 8D 08  .|yOXz..C~..h...
00002150:  FC 88 01 AE 1A 91 83 1C 03 0D 03 20 4D 36 08 52  ........... M6.R
00002160:  74 C3 00 F8 F5 E2 19 8F DC 10 E9 46 AE C4 F7 51  t..........F...Q
00002170:  74 0B 04 98 9F 63 7A 31 EA B4 7A 31 65 43 7B 79  t....cz1..z1eC{y
00002180:  D6 53 8C F7 06 AE 19 C5 BC 5E 4A 06 FC 6A AD B3  .S.......^J..j..
00002190:  9C 1A F1 97 A3 A6 0B C9 51 97 19 BC 96 67 3F B4  ........Q....g?.
000021A0:  FC C4 60 AA 8B 47 FB 96 C5 BF A6 6E 49 3C FD 76  ..`..G.....nI<.v
000021B0:  40 4F 39 CC C7 D4 81 B1 90 B4 87 A2 A1 A3 08 21  @O9............!
000021C0:  EC F0 02 38 12 DF DB 65 BE 3D 98 5B 1B E7 DB F5  ...8...e.=.[....
000021D0:  88 38 97 54 A7 8B F3 36 93 22 44 9A FD 5A C1 A7  .8.T...6."D..Z..
000021E0:  A2 C0 55 77 B4 F2 FA 49 92 D3 01 95 FF 72 94 CC  ..Uw...I.....r..
000021F0:  F8 85 21 10 EE 90 E4 C9 54 29 D3 45 B1 A6 0D 4F  ..!.....T).E...O
00002200:  5D C4 F3 06 D7 E9 F8 3A 8F 92 37 8E D1 00 0A A8  ]......:..7.....
00002210:  67 9A 42 60 3B 0B A5 9A 5A 2D 93 D4 6A FD 93 7A  g.B`;...Z-..j..z
00002220:  4D 50 B8 B7 8F 55 F8 31 5C 26 28 3E 5E B2 2E 48  MP...U.1\&(>^..H
00002230:  BE 2A 44 56 00 A0 78 E0 2D 8A 40 35 D1 55 36 91  .*DV..x.-.@5.U6.
00002240:  C0 88 91 03 EA 21 26 A6 38 1B 2B AD 20 EE 49 25  .....!&.8.+. .I%
00002250:  6A F5 DC 0C 64 8E 4C C1 B8 C9 03 2F 54 02 74 0C  j...d.L..../T.t.
00002260:  94 07 EB EF F2 69 DF BD 3A AF A3 27 7B 03 C9 CA  .....i..:..'{...
00002270:  B9 F3 D6 95 E0 E9 D5 D2 B3 28 34 DB 07 6B 8D BE  .........(4..k..
00002280:  B4 86 B0 88 92 09 62 3A 32 99 E3 FE 99 4B D5 84  ......b:2....K..
00002290:  20 67 65 35 C1 2F 34 C6 B7 5B 9C 5B 68 D1 F5 A2   ge5./4..[.[h...
000022A0:  A1 71 69 11 AE 99 DF 77 A0 1B 06 60 BD 22 86 0F  .qi....w...`."..
000022B0:  F9 30 C4 FE B7 0D 9F 6B 54 BD 4C F7 5D 54 93 9E  .0.....kT.L.]T..
000022C0:  9D 20 CA EA 16 3F A8 90 DE 6F 76 6F D7 5E 23 A6  . ...?...ovo.^#.
000022D0:  F0 8D D1 DB 27 49 C4 C2 39 DE DF E3 84 2C 4C D9  ....'I..9....,L.
000022E0:  26 D5 E2 63 6F 03 F4 27 4E FC 89 DE B3 C8 D3 C0  &..co..'N.......
000022F0:  92 DA D1 FF 0D 09 FF 73 04 21 37 73 94 73 DC 1A  .......s.!7s.s..
00002300:  C8 4B 4D 39 FB 90 19 30 89 B9 87 0B DF AF E2 72  .KM9...0.......r
00002310:  B6 10 68 78 2A C0 86 94 29 AC 43 FC D7 91 1A 9F  ..hx*...).C.....
00002320:  9F 42 3B 34 CA 01 8B 6C A7 80 C0 52 7C BC 05 81  .B;4...l...R|...
00002330:  0B 41 29 D0 8A 7F F8 31 5C 26 28 3E 5E B2 2E 48  .A)....1\&(>^..H
00002340:  BE 2A 44 56 00 A0 78 E0 2D 8A 40 35 D1 55 36 91  .*DV..x.-.@5.U6.
00002350:  C0 88 91 03 EA 21 74 AB A4 61 F5 AB C8 2F 1A 5E  .....!t..a.../.^
00002360:  77 ED 26 3F 67 E5 B3 AB DD 08 7D CF 95 99 F7 04  w.&?g.....}.....
00002370:  E3 D1 02 ED F0 6F 3F 5B 9C 6D EB AD C4 5C 70 91  .....o?[.m...\p.
00002380:  81 6B 2D A4 7C E6 CA 98 78 CE E5 4D 8B 9B E2 02  .k-.|...x..M....
00002390:  E1 76 17 D0 FB 29 6A DE DE 91 BD 92 37 2B 93 77  .v...)j.....7+.w
000023A0:  B0 62 CB 6B E0 88 9B 7A 13 C4 1A 76 C9 D0 97 0D  .b.k...z...v....
000023B0:  56 15 50 DB 11 CE 77 32 85 E7 21 8F E8 95 5F 3B  V.P...w2..!..._;
000023C0:  E9 E2 69 D4 E5 50 4B 8A 4E E4 63 B9 72 0B D2 78  ..i..PK.N.c.r..x
000023D0:  09 1C 5E DF 3E 3E 4C 58 15 4D A2 6F 31 87 26 67  ..^.>>LX.M.o1.&g
000023E0:  97 97 91 9E FA 2A 95 31 CB 09 99 19 84 22 39 5B  .....*.1....."9[
000023F0:  89 C0 6B 32 D9 9C 3B 0F FC AC D9 63 14 A5 67 D6  ..k2..;....c..g.
00002400:  A9 28 E2 7D 5F 7E 81 97 43 7E 81 CA 68 EF 8D 08  .(.}_~..C~..h...
00002410:  FC 88 01 AE 1A 91 83 1C 03 0D 03 20 4D 36 08 52  ........... M6.R
00002420:  74 C3 00 F8 F5 E2 19 8F DC 10 E9 46 AE C4 F7 51  t..........F...Q
00002430:  74 0B 04 98 9F 63 7A 31 EA B4 7A 31 65 43 7B 79  t....cz1..z1eC{y
00002440:  D6 53 8C F7 06 AE 19 C5 BC 5E 4A 06 FC 6A AD B3  .S.......^J..j..
00002450:  9C 1A F1 97 A3 A6 0E 60 5B BE F2 32 89 17 FB 0F  .......`[..2....
00002460:  8C 44 16 21 E7 13 EF 29 E4 B2 64 AC 9B BE 7A D4  .D.!...)..d...z.
00002470:  FD 24 CD 1A 71 33 B3 AB DD 08 7D CF 95 99 F7 04  .$..q3....}.....
00002480:  E3 D1 02 ED F0 6F 3F 5B 9C 6D EB AD C4 5C 70 91  .....o?[.m...\p.
00002490:  81 6B 2D A4 7C E6 F3 36 93 22 44 9A FD 5A C1 A7  .k-.|..6."D..Z..
000024A0:  A2 C0 55 77 B4 F2 D3 B3 CC DF 09 7A E4 16 AD D9  ..Uw.......z....
000024B0:  0B 50 4C 6D 8B 17 93 10 A7 38 67 F0 00 D0 F0 8D  .PLm.....8g.....
000024C0:  35 56 3F F3 27 A5 F8 3A 8F 92 37 8E D1 00 0A A8  5V?.'..:..7.....
000024D0:  67 9A 42 60 3B 0B A5 9A 5A 2D 93 D4 6A FD 93 7A  g.B`;...Z-..j..z
000024E0:  4D 50 B8 B7 8F 55 28 CF 97 D2 DA 5B EB 06 1E 1C  MP...U(....[....
000024F0:  57 07 CD 52 AD 28 78 E0 2D 8A 40 35 D1 55 36 91  W..R.(x.-.@5.U6.
00002500:  C0 88 91 03 EA 21 26 A6 38 1B 2B AD 20 EE 49 25  .....!&.8.+. .I%
00002510:  6A F5 DC 0C 64 8E 4C C1 B8 C9 03 2F 54 02 74 0C  j...d.L..../T.t.
00002520:  94 07 EB EF F2 69 DF BD 3A AF A3 27 7B 03 C9 CA  .....i..:..'{...
00002530:  B9 F3 D6 95 E0 E9 D5 D2 B3 28 34 DB 07 6B 8D BE  .........(4..k..
00002540:  B4 86 B0 88 92 09 4D E4 54 39 D7 AB 7B 79 70 0B  ......M.T9..{yp.
00002550:  40 00 D6 6E EF AC D1 D8 82 04 7A DD 00 31 D0 51  @..n......z..1.Q
00002560:  15 D0 1B 83 D8 87 1B 0A 23 10 77 66 BA 2B E3 D7  ........#.wf.+..
00002570:  7B 68 E4 22 CA F4 0D FC 76 5C 3D 9C A4 19 81 7F  {h."....v\=.....
00002580:  8A 81 89 33 9D E6 45 2D 4D 11 48 0E 40 6B 0C 30  ...3..E-M.H.@k.0
00002590:  BB 2E D1 FC 35 38 0E F7 BB 89 1B B1 27 F8 7D FC  ....58......'.}.
000025A0:  A3 96 AA D3 E4 E4 C6 B6 8B 66 30 FA 00 C7 64 30  .........f0...d0
000025B0:  5B D4 77 5F 7E 72 0E 2D A3 45 33 69 FA 22 71 AD  [.w_~r.-.E3i."q.
000025C0:  6D 4F 5E A6 C9 BA D6 8A 9D A3 B1 C6 FA 39 52 53  mO^..........9RS
000025D0:  F2 8A 1B 4E 03 85 03 F3 B1 6A C7 6D 9C FC E4 BC  ...N.....j.m....
000025E0:  47 BB 40 75 39 33 CD 39 6E 25 4F 4A 91 47 33 6E  G.@u93.9n%OJ.G3n
000025F0:  53 09 43 F2 63 87 28 CF 97 D2 DA 5B EB 06 1E 1C  S.C.c.(....[....
00002600:  57 07 CD 52 AD 28 78 E0 2D 8A 40 35 D1 55 36 91  W..R.(x.-.@5.U6.
00002610:  C0 88 91 03 EA 21 74 AB A4 61 F5 AB C8 2F 1A 5E  .....!t..a.../.^
00002620:  77 ED 26 3F 67 E5 76 FA 4F C0 E6 82 83 DC 2A D5  w.&?g.v.O.....*.
00002630:  4F DB 07 FB 1C 4C DB 65 BE 3D 98 5B 1B E7 DB F5  O....L.e.=.[....
00002640:  88 38 97 54 A7 8B CA 98 78 CE E5 4D 8B 9B E2 02  .8.T....x..M....
00002650:  E1 76 17 D0 FB 29 6A DE DE 91 BD 92 37 2B 93 77  .v...)j.....7+.w
00002660:  B0 62 CB 6B E0 88 9B 7A 13 C4 1A 76 C9 D0 97 0D  .b.k...z...v....
00002670:  56 15 50 DB 11 CE 77 32 85 E7 21 8F E8 95 5F 3B  V.P...w2..!..._;
00002680:  E9 E2 69 D4 E5 50 8A 86 4F 60 C7 90 F8 8D 24 99  ..i..P..O`....$.
00002690:  34 C7 26 F9 40 AB DB BE 23 61 AB 61 E5 80 48 55  4.&.@...#a.a..HU
000026A0:  CF E8 F4 73 D5 26 DF 77 A0 1B 06 60 BD 22 86 0F  ...s.&.w...`."..
000026B0:  F9 30 C4 FE B7 0D 68 C7 4A 7A 6C AB BA ED 37 D0  .0....h.Jzl...7.
000026C0:  DC EA EA 8D BE 81 A8 90 DE 6F 76 6F D7 5E 23 A6  .........ovo.^#.
000026D0:  F0 8D D1 DB 27 49 C4 C2 39 DE DF E3 84 2C 4C D9  ....'I..9....,L.
000026E0:  26 D5 E2 63 6F 03 F4 27 4E FC 89 DE B3 C8 D3 C0  &..co..'N.......
000026F0:  92 DA D1 FF 0D 09 FF 73 04 21 37 73 94 73 DC 1A  .......s.!7s.s..
00002700:  C8 4B 4D 39 FB 90 19 30 89 B9 87 0B DF AF E2 72  .KM9...0.......r
00002710:  B6 10 68 78 2A C0 5E 41 71 42 3F 18 07 5D 90 F4  ..hx*.^AqB?..]..
00002720:  58 53 11 47 CD 3E FB 96 C5 BF A6 6E 49 3C FD 76  XS.G.>.....nI<.v
00002730:  40 4F 39 CC C7 D4 76 FA 4F C0 E6 82 83 DC 2A D5  @O9...v.O.....*.
00002740:  4F DB 07 FB 1C 4C DB 65 BE 3D 98 5B 1B E7 DB F5  O....L.e.=.[....
00002750:  88 38 97 54 A7 8B F3 36 93 22 44 9A FD 5A C1 A7  .8.T...6."D..Z..
00002760:  A2 C0 55 77 B4 F2 45 27 CC 47 1A 1B 52 83 E3 96  ..Uw..E'.G..R...
00002770:  D8 46 B1 EF 72 EF B2 98 7B CF E0 E8 53 D6 6D BC  .F..r...{...S.m.
00002780:  ED 4D 45 C5 FC 4B 9A DC 75 0F EF 6C 5B A5 09 2C  .ME..K..u..l[..,
00002790:  9C 84 93 83 22 52 95 61 02 1B 9E DC 57 5F 33 B7  ...."R.a....W_3.
000027A0:  7A C2 45 23 4E C2 6C 54 22 B2 98 02 D8 1A A8 03  z.E#N.lT".......
000027B0:  61 A7 9B 66 FD 62 83 54 8F 5E AF 49 C6 87 57 B1  a..f.b.T.^.I..W.
000027C0:  98 09 C6 E4 18 14 78 BD 8B DE 0F 0F D9 10 CF 22  ......x........"
000027D0:  72 7E 72 49 5B 81 F0 B9 A8 2C 0C 44 04 51 67 9B  r~rI[....,.D.Qg.
000027E0:  64 D8 BA 66 73 66 E0 18 3B 39 6D 8A AA E5 56 CF  d..fsf..;9m...V.
000027F0:  CB 14 24 B1 2B D5 0A 1B D0 39 EA B8 42 CB 31 40  ..$.+....9..B.1@
00002800:  1D 2D C0 F2 DB 15 01 77 99 01 FA 60 A2 A6 FC 9E  .-.....w...`....
00002810:  E6 F6 19 75 8B 37 6E 7D 9D A3 91 E3 37 C3 C4 3C  ...u.7n}....7..<
00002820:  EC 36 5B A4 D7 B4 C2 6B 65 D8 64 F0 95 35 EE B8  .6[....ke.d..5..
00002830:  56 28 61 4B 67 0E 46 B5 E7 6F 2F D9 88 82 D6 FB  V(aKg.F..o/.....
00002840:  F5 1F 72 E8 82 4E 76 F5 D1 24 1F 93 BA 3B AE 66  ..r..Nv..$...;.f
00002850:  75 29 B4 D6 22 DD 5E AC 67 D1 6F 3D 94 C2 52 F6  u)..".^.g.o=..R.
00002860:  F7 8F AE 66 93 E9 08 D8 F2 BC 1C C8 8B 9E 62 D7  ...f..........b.
00002870:  E9 DF CC 95 9F F3 45 27 CC 47 1A 1B 52 83 E3 96  ......E'.G..R...
00002880:  D8 46 B1 EF 72 EF B2 98 7B CF E0 E8 53 D6 6D BC  .F..r...{...S.m.
00002890:  ED 4D 45 C5 FC 4B ED 06 F4 8E 4F 7B 3F 4A EB 64  .ME..K....O{?J.d
000028A0:  1A DA 23 4F 62 8F DC E7 CC 4A 82 95 E2 12 E4 1D  ..#Ob....J......
000028B0:  61 EC D8 96 52 3A 5F 8C 30 C5 31 2B CC 79 D9 5D  a...R:_.0.1+.y.]
000028C0:  1A EA 12 3B 4D 59 30 85 A3 A4 39 9F 45 60 82 01  ...;MY0...9.E`..
000028D0:  DD 25 36 3E C5 B7 03 1C 95 EA 05 14 17 56 01 63  .%6>.........V.c
000028E0:  D0 48 F6 0C 81 C2 2A 3B 7D 39 38 FE 32 09 6B 67  .H....*;}98.2.kg
000028F0:  DA 08 B0 22 BD FB 6A C9 12 2F F7 B5 03 31 A2 8F  ..."..j../...1..
00002900:  64 77 B7 2A 11 50 CA 98 78 CE E5 4D 8B 9B E2 02  dw.*.P..x..M....
00002910:  E1 76 17 D0 FB 29 6A DE DE 91 BD 92 37 2B 93 77  .v...)j.....7+.w
00002920:  B0 62 CB 6B E0 88 9B 7A 13 C4 1A 76 C9 D0 97 0D  .b.k...z...v....
00002930:  56 15 50 DB 11 CE 77 32 85 E7 21 8F E8 95 5F 3B  V.P...w2..!..._;
00002940:  E9 E2 69 D4 E5 50 8A 86 4F 60 C7 90 F8 8D 24 99  ..i..P..O`....$.
00002950:  34 C7 26 F9 40 AB 6C AE 0C 60 3F F4 C5 51 78 AF  4.&.@.l..`?..Qx.
00002960:  80 78 9E 60 10 2A 95 31 CB 09 99 19 84 22 39 5B  .x.`.*.1....."9[
00002970:  89 C0 6B 32 D9 9C F4 59 98 B1 71 A4 0C 10 F3 27  ..k2...Y..q....'
00002980:  9F B7 C6 1D 47 00 81 97 43 7E 81 CA 68 EF 8D 08  ....G...C~..h...
00002990:  FC 88 01 AE 1A 91 83 1C 03 0D 03 20 4D 36 08 52  ........... M6.R
000029A0:  74 C3 00 F8 F5 E2 19 8F DC 10 E9 46 AE C4 F7 51  t..........F...Q
000029B0:  74 0B 04 98 9F 63 7A 31 EA B4 7A 31 65 43 7B 79  t....cz1..z1eC{y
000029C0:  D6 53 8C F7 06 AE 19 C5 BC 5E 4A 06 FC 6A AD B3  .S.......^J..j..
000029D0:  9C 1A F1 97 A3 A6 0B C9 51 97 19 BC 96 67 3F B4  ........Q....g?.
000029E0:  FC C4 60 AA 8B 47 5C AB 70 E7 FB 7E 85 83 7B 99  ..`..G\.p..~..{.
000029F0:  E9 09 65 25 4A 90 2A 3B 7D 39 38 FE 32 09 6B 67  ..e%J.*;}98.2.kg
00002A00:  DA 08 B0 22 BD FB 6A C9 12 2F F7 B5 03 31 A2 8F  ..."..j../...1..
00002A10:  64 77 B7 2A 11 50 F3 36 93 22 44 9A FD 5A C1 A7  dw.*.P.6."D..Z..
00002A20:  A2 C0 55 77 B4 F2 B7 00 1B 01 15 FF 45 F1 92 70  ..Uw........E..p
00002A30:  C9 EA C2 97 C2 D1 A9 E3 96 0D B9 48 49 E3 4B C9  ...........HI.K.
00002A40:  DC BB 53 CD 1C CD 9A DC 75 0F EF 6C 5B A5 09 2C  ..S.....u..l[..,
00002A50:  9C 84 93 83 22 52 95 61 02 1B 9E DC 57 5F 33 B7  ...."R.a....W_3.
00002A60:  7A C2 45 23 4E C2 6C 54 22 B2 98 02 D8 1A A8 03  z.E#N.lT".......
00002A70:  61 A7 9B 66 FD 62 83 54 8F 5E AF 49 C6 87 57 B1  a..f.b.T.^.I..W.
00002A80:  98 09 C6 E4 18 14 78 BD 8B DE 0F 0F D9 10 CF 22  ......x........"
00002A90:  72 7E 72 49 5B 81 72 C8 9A 66 73 4C CD A7 C5 03  r~rI[.r..fsL....
00002AA0:  79 C6 3E 7A 6C 79 FF CF 4F B3 63 E4 07 73 CA 0E  y.>zly..O.c..s..
00002AB0:  5D 32 A5 CF F4 1C 4B 38 BC 90 F4 6A 7C CB C6 1C  ]2....K8...j|...
00002AC0:  97 6B 6A EA 4A E4 01 77 99 01 FA 60 A2 A6 FC 9E  .kj.J..w...`....
00002AD0:  E6 F6 19 75 8B 37 6E 7D 9D A3 91 E3 37 C3 C4 3C  ...u.7n}....7..<
00002AE0:  EC 36 5B A4 D7 B4 C2 6B 65 D8 64 F0 95 35 EE B8  .6[....ke.d..5..
00002AF0:  56 28 61 4B 67 0E 46 B5 E7 6F 2F D9 88 82 D6 FB  V(aKg.F..o/.....
00002B00:  F5 1F 72 E8 82 4E 76 F5 D1 24 1F 93 BA 3B AE 66  ..r..Nv..$...;.f
00002B10:  75 29 B4 D6 22 DD C5 D5 56 99 B8 5B 3A 99 AF 29  u).."...V..[:..)
00002B20:  25 FE F8 75 08 23 69 5A DE BB 57 46 EF 23 27 9B  %..u.#iZ..WF.#'.
00002B30:  0E BB 9E 97 3E 0D D9 84 CC EE F4 94 76 C7 ED D0  ....>.......v...
00002B40:  8F B7 90 39 C7 34 B9 D5 77 3F 70 31 9A 85 35 1E  ...9.4..w?p1..5.
00002B50:  08 43 2F CB 19 56 2A 64 AD 08 21 EB C1 93 E4 95  .C/..V*d..!.....
00002B60:  2A 6A FF 2F 47 B6 58 B2 62 41 D3 C9 F3 A5 66 D3  *j./G.X.bA....f.
00002B70:  0E 59 DB FF FF BC EC DF A0 1D C5 01 C2 65 81 38  .Y...........e.8
00002B80:  72 FF 69 A8 1D AB F3 28 DB 54 33 24 B5 9B 46 35  r.i....(.T3$..F5
00002B90:  77 5F E8 BC 75 9F AE E4 FA B7 7B 2B C2 5B 0C FA  w_..u.....{+.[..
00002BA0:  BD 70 7A 1C 63 89 1A 5D CD BA 74 C3 E8 07 16 57  .pz.c..]..t....W
00002BB0:  75 7C D5 75 C8 4D 59 40 47 35 A2 5E FC D5 4C B2  u|.u.MY@G5.^..L.
00002BC0:  F5 AF A8 70 CB 3D 9A DC 75 0F EF 6C 5B A5 09 2C  ...p.=..u..l[..,
00002BD0:  9C 84 93 83 22 52 95 61 02 1B 9E DC 57 5F 33 B7  ...."R.a....W_3.
00002BE0:  7A C2 45 23 4E C2 6C 54 22 B2 98 02 D8 1A A8 03  z.E#N.lT".......
00002BF0:  61 A7 9B 66 FD 62 83 54 8F 5E AF 49 C6 87 57 B1  a..f.b.T.^.I..W.
00002C00:  98 09 C6 E4 18 14 78 BD 8B DE 0F 0F D9 10 CF 22  ......x........"
00002C10:  72 7E 72 49 5B 81 3C CA A6 0F 9C DD 20 4B 00 3E  r~rI[.<..... K.>
00002C20:  BE BB A1 C8 EE CC 76 56 B5 5F 03 07 27 7E 98 B8  ......vV._..'~..
00002C30:  D1 76 4C CA 33 67 66 B1 32 74 26 D9 43 3D 0B 90  .vL.3gf.2t&.C=..
00002C40:  BE 49 82 6F 42 27 81 97 43 7E 81 CA 68 EF 8D 08  .I.oB'..C~..h...
00002C50:  FC 88 01 AE 1A 91 83 1C 03 0D 03 20 4D 36 08 52  ........... M6.R
00002C60:  74 C3 00 F8 F5 E2 19 8F DC 10 E9 46 AE C4 F7 51  t..........F...Q
00002C70:  74 0B 04 98 9F 63 7A 31 EA B4 7A 31 65 43 7B 79  t....cz1..z1eC{y
00002C80:  D6 53 8C F7 06 AE 19 C5 BC 5E 4A 06 FC 6A AD B3  .S.......^J..j..
00002C90:  9C 1A F1 97 A3 A6 0E 60 5B BE F2 32 89 17 FB 0F  .......`[..2....
00002CA0:  8C 44 16 21 E7 13 EF 29 E4 B2 64 AC 9B BE 7A D4  .D.!...)..d...z.
00002CB0:  FD 24 CD 1A 71 33 0D 36 A0 4B 93 08 C7 DB EB 8E  .$..q3.6.K......
00002CC0:  10 F8 5D 26 26 6A 72 86 AC 2F 9C C6 6B 04 F6 49  ..]&&jr../..k..I
00002CD0:  05 EF A1 30 68 B7 F3 36 93 22 44 9A FD 5A C1 A7  ...0h..6."D..Z..
00002CE0:  A2 C0 55 77 B4 F2 2D F8 EA CA FC 84 EC 89 C0 B3  ..Uw..-.........
00002CF0:  F7 71 FE 94 3B 27 93 10 A7 38 67 F0 00 D0 F0 8D  .q..;'...8g.....
00002D00:  35 56 3F F3 27 A5 F8 3A 8F 92 37 8E D1 00 0A A8  5V?.'..:..7.....
00002D10:  67 9A 42 60 3B 0B A5 9A 5A 2D 93 D4 6A FD 93 7A  g.B`;...Z-..j..z
00002D20:  4D 50 B8 B7 8F 55 64 FD 3E CA F3 41 6A 0C 70 D6  MP...Ud.>..Aj.p.
00002D30:  3A 1F FB 13 AF 72 78 E0 2D 8A 40 35 D1 55 36 91  :....rx.-.@5.U6.
00002D40:  C0 88 91 03 EA 21 26 A6 38 1B 2B AD 20 EE 49 25  .....!&.8.+. .I%
00002D50:  6A F5 DC 0C 64 8E 4C C1 B8 C9 03 2F 54 02 74 0C  j...d.L..../T.t.
00002D60:  94 07 EB EF F2 69 DF BD 3A AF A3 27 7B 03 C9 CA  .....i..:..'{...
00002D70:  B9 F3 D6 95 E0 E9 D5 D2 B3 28 34 DB 07 6B 8D BE  .........(4..k..
00002D80:  B4 86 B0 88 92 09 AF D7 56 17 7F 67 C7 10 C0 F2  ........V..g....
00002D90:  D3 79 E2 3C A3 CA DC B9 5C 92 6C 0A 5E 83 12 EE  .y.<....\.l.^...
00002DA0:  43 1B E3 9F F7 2A DF 77 A0 1B 06 60 BD 22 86 0F  C....*.w...`."..
00002DB0:  F9 30 C4 FE B7 0D 12 99 E8 F7 D2 07 DD 9A 34 C3  .0............4.
00002DC0:  7A D4 83 E1 E6 2A A8 90 DE 6F 76 6F D7 5E 23 A6  z....*...ovo.^#.
00002DD0:  F0 8D D1 DB 27 49 C4 C2 39 DE DF E3 84 2C 4C D9  ....'I..9....,L.
00002DE0:  26 D5 E2 63 6F 03 F4 27 4E FC 89 DE B3 C8 D3 C0  &..co..'N.......
00002DF0:  92 DA D1 FF 0D 09 FF 73 04 21 37 73 94 73 DC 1A  .......s.!7s.s..
00002E00:  C8 4B 4D 39 FB 90 19 30 89 B9 87 0B DF AF E2 72  .KM9...0.......r
00002E10:  B6 10 68 78 2A C0 5E 41 71 42 3F 18 07 5D 90 F4  ..hx*.^AqB?..]..
00002E20:  58 53 11 47 CD 3E 6F 77 5F 2B FB C5 4A 4A 25 22  XS.G.>ow_+..JJ%"
00002E30:  7C C4 60 78 80 72 50 F0 FF 68 45 B4 FA EB 9C 36  |.`x.rP..hE....6
00002E40:  2E 58 15 80 67 10 DB 65 BE 3D 98 5B 1B E7 DB F5  .X..g..e.=.[....
00002E50:  88 38 97 54 A7 8B F3 36 93 22 44 9A FD 5A C1 A7  .8.T...6."D..Z..
00002E60:  A2 C0 55 77 B4 F2 F5 0C E1 51 B2 E8 B2 83 37 75  ..Uw.....Q....7u
00002E70:  B7 67 F7 61 28 08 19 36 BF 3D 16 9B A5 57 9A F3  .g.a(..6.=...W..
00002E80:  FE 39 A0 B5 07 D5 9A DC 75 0F EF 6C 5B A5 09 2C  .9......u..l[..,
00002E90:  9C 84 93 83 22 52 95 61 02 1B 9E DC 57 5F 33 B7  ...."R.a....W_3.
00002EA0:  7A C2 45 23 4E C2 6C 54 22 B2 98 02 D8 1A A8 03  z.E#N.lT".......
00002EB0:  61 A7 9B 66 FD 62 83 54 8F 5E AF 49 C6 87 57 B1  a..f.b.T.^.I..W.
00002EC0:  98 09 C6 E4 18 14 78 BD 8B DE 0F 0F D9 10 CF 22  ......x........"
00002ED0:  72 7E 72 49 5B 81 72 C8 9A 66 73 4C CD A7 C5 03  r~rI[.r..fsL....
00002EE0:  79 C6 3E 7A 6C 79 52 C8 99 84 2B 27 6C 6B A6 B0  y.>zlyR...+'lk..
00002EF0:  CC 8C 43 23 E5 FD A4 61 66 2E 39 FB 45 81 01 6E  ..C#...af.9.E..n
00002F00:  30 C3 6E F3 0C D9 01 77 99 01 FA 60 A2 A6 FC 9E  0.n....w...`....
00002F10:  E6 F6 19 75 8B 37 6E 7D 9D A3 91 E3 37 C3 C4 3C  ...u.7n}....7..<
00002F20:  EC 36 5B A4 D7 B4 C2 6B 65 D8 64 F0 95 35 EE B8  .6[....ke.d..5..
00002F30:  56 28 61 4B 67 0E 46 B5 E7 6F 2F D9 88 82 D6 FB  V(aKg.F..o/.....
00002F40:  F5 1F 72 E8 82 4E 76 F5 D1 24 1F 93 BA 3B AE 66  ..r..Nv..$...;.f
00002F50:  75 29 B4 D6 22 DD C5 D5 56 99 B8 5B 3A 99 AF 29  u).."...V..[:..)
00002F60:  25 FE F8 75 08 23 AE F0 30 E0 55 15 74 0E 5E 09  %..u.#..0.U.t.^.
00002F70:  74 02 6B 7A 45 80 4E D4 84 DB 5C 28 9B F5 4F F5  t.kzE.N...\(..O.
00002F80:  59 63 7D B8 F0 46 AB 9E F9 BE 4F B7 89 7C 3B 12  Yc}..F....O..|;.
00002F90:  9D 2E 6D 99 12 1D 2A 64 AD 08 21 EB C1 93 E4 95  ..m...*d..!.....
00002FA0:  2A 6A FF 2F 47 B6 D1 B1 E8 A9 2F 6A D1 90 80 22  *j./G...../j..."
00002FB0:  E3 A9 12 15 EB D8 3E C4 51 D4 97 A4 42 F5 9C 8D  ......>.Q...B...
00002FC0:  D8 57 79 83 37 82 F3 28 DB 54 33 24 B5 9B 46 35  .Wy.7..(.T3$..F5
00002FD0:  77 5F E8 BC 75 9F AE E4 FA B7 7B 2B C2 5B 0C FA  w_..u.....{+.[..
00002FE0:  BD 70 7A 1C 63 89 F7 0D B3 F0 9F 80 CA 93 C5 33  .pz.c..........3
00002FF0:  06 E4 B8 24 94 F6 59 40 47 35 A2 5E FC D5 4C B2  ...$..Y@G5.^..L.
00003000:  F5 AF A8 70 CB 3D 9A DC 75 0F EF 6C 5B A5 09 2C  ...p.=..u..l[..,
00003010:  9C 84 93 83 22 52 95 61 02 1B 9E DC 57 5F 33 B7  ...."R.a....W_3.
00003020:  7A C2 45 23 4E C2 6C 54 22 B2 98 02 D8 1A A8 03  z.E#N.lT".......
00003030:  61 A7 9B 66 FD 62 83 54 8F 5E AF 49 C6 87 57 B1  a..f.b.T.^.I..W.
00003040:  98 09 C6 E4 18 14 78 BD 8B DE 0F 0F D9 10 CF 22  ......x........"
00003050:  72 7E 72 49 5B 81 24 BE 69 94 F2 BE AA A2 97 1D  r~rI[.$.i.......
00003060:  70 12 6A 43 21 CE 95 31 CB 09 99 19 84 22 39 5B  p.jC!..1....."9[
00003070:  89 C0 6B 32 D9 9C 54 79 ED 69 6A B3 6E 81 BE 87  ..k2..Ty.ij.n...
00003080:  D8 8B A9 8B E0 86 81 97 43 7E 81 CA 68 EF 8D 08  ........C~..h...
00003090:  FC 88 01 AE 1A 91 83 1C 03 0D 03 20 4D 36 08 52  ........... M6.R
000030A0:  74 C3 00 F8 F5 E2 19 8F DC 10 E9 46 AE C4 F7 51  t..........F...Q
000030B0:  74 0B 04 98 9F 63 7A 31 EA B4 7A 31 65 43 7B 79  t....cz1..z1eC{y
000030C0:  D6 53 8C F7 06 AE 19 C5 BC 5E 4A 06 FC 6A AD B3  .S.......^J..j..
000030D0:  9C 1A F1 97 A3 A6 EF D6 7A 6D 65 A4 8D 24 BA BE  ........zme..$..
000030E0:  02 6A 8C 32 13 DD 2B E0 D4 D9 A4 48 65 85 F8 FE  .j.2..+....He...
000030F0:  1B F9 A9 0C 64 7B F7 0D B3 F0 9F 80 CA 93 C5 33  ....d{.........3
00003100:  06 E4 B8 24 94 F6 59 40 47 35 A2 5E FC D5 4C B2  ...$..Y@G5.^..L.
00003110:  F5 AF A8 70 CB 3D ED 06 F4 8E 4F 7B 3F 4A EB 64  ...p.=....O{?J.d
00003120:  1A DA 23 4F 62 8F BD 1E 45 BD 46 17 15 10 B8 6C  ..#Ob...E.F....l
00003130:  EE 5B 97 B3 20 67 C2 1D EE 9D BA E8 08 2F 27 D2  .[.. g......./'.
00003140:  1B 2A 6D 2E 39 E0 B6 D1 9F E8 99 AD 92 B3 48 68  .*m.9.........Hh
00003150:  10 A2 27 9D 4F AF BD 44 5B 0C CD 3F 20 B2 4E 3F  ..'.O..D[..? .N?
00003160:  7C BC 2D 7D 97 C3 60 35 AF 79 91 08 71 86 01 A0  |.-}..`5.y..q...
00003170:  9E 22 0C 3E A4 7A FB 3A 70 5B 7D 0D 7F 03 A6 04  .".>.z.:p[}.....
00003180:  1A 61 EF 4A F1 D2 52 1E 13 7E B8 0A C0 75 74 6E  .a.J..R..~...utn
00003190:  E7 E3 69 02 11 1E 36 1E 46 31 CF A4 12 BA 06 89  ..i...6.F1......
000031A0:  BC B9 F0 FE 60 E1 89 D8 99 38 4A C1 9B 3C D6 39  ....`....8J..<.9
000031B0:  B1 BB A1 B5 24 11 F6 DA ED 4E B6 AF 3D DB D0 B4  ....$....N..=...
000031C0:  CB 0C A4 C8 73 72 01 77 99 01 FA 60 A2 A6 FC 9E  ....sr.w...`....
000031D0:  E6 F6 19 75 8B 37 6E 7D 9D A3 91 E3 37 C3 C4 3C  ...u.7n}....7..<
000031E0:  EC 36 5B A4 D7 B4 C2 6B 65 D8 64 F0 95 35 EE B8  .6[....ke.d..5..
000031F0:  56 28 61 4B 67 0E 46 B5 E7 6F 2F D9 88 82 D6 FB  V(aKg.F..o/.....
00003200:  F5 1F 72 E8 82 4E 76 F5 D1 24 1F 93 BA 3B AE 66  ..r..Nv..$...;.f
00003210:  75 29 B4 D6 22 DD B1 DD 3A 77 FC 08 39 61 0C 97  u).."...:w..9a..
00003220:  D1 4B B0 42 C3 82 6D 75 3E 8C CC 34 93 5D 63 E4  .K.B..mu>..4.]c.
00003230:  C8 B4 1A 13 7C 9E F7 0D B3 F0 9F 80 CA 93 C5 33  ....|..........3
00003240:  06 E4 B8 24 94 F6 D9 B7 3B 5F AF C1 22 BE 95 36  ...$....;_.."..6
00003250:  A8 5E AE FD D4 6B ED 06 F4 8E 4F 7B 3F 4A EB 64  .^...k....O{?J.d
00003260:  1A DA 23 4F 62 8F BD 1E 45 BD 46 17 15 10 B8 6C  ..#Ob...E.F....l
00003270:  EE 5B 97 B3 20 67 E2 79 96 92 35 5C CA E4 72 76  .[.. g.y..5\..rv
00003280:  34 5C B8 37 80 3F B6 D1 9F E8 99 AD 92 B3 48 68  4\.7.?........Hh
00003290:  10 A2 27 9D 4F AF BD 44 5B 0C CD 3F 20 B2 4E 3F  ..'.O..D[..? .N?
000032A0:  7C BC 2D 7D 97 C3 60 35 AF 79 91 08 71 86 01 A0  |.-}..`5.y..q...
000032B0:  9E 22 0C 3E A4 7A FB 3A 70 5B 7D 0D 7F 03 A6 04  .".>.z.:p[}.....
000032C0:  1A 61 EF 4A F1 D2 52 1E 13 7E B8 0A C0 75 74 6E  .a.J..R..~...utn
000032D0:  E7 E3 69 02 11 1E 36 1E 46 31 CF A4 12 BA 06 89  ..i...6.F1......
000032E0:  BC B9 F0 FE 60 E1 89 D8 99 38 4A C1 9B 3C D6 39  ....`....8J..<.9
000032F0:  B1 BB A1 B5 24 11 B6 30 1A 0F B3 8A D5 7D 27 81  ....$..0.....}'.
00003300:  F8 96 67 8C 0A 6D 01 77 99 01 FA 60 A2 A6 FC 9E  ..g..m.w...`....
00003310:  E6 F6 19 75 8B 37 6E 7D 9D A3 91 E3 37 C3 C4 3C  ...u.7n}....7..<
00003320:  EC 36 5B A4 D7 B4 C2 6B 65 D8 64 F0 95 35 EE B8  .6[....ke.d..5..
00003330:  56 28 61 4B 67 0E 46 B5 E7 6F 2F D9 88 82 D6 FB  V(aKg.F..o/.....
00003340:  F5 1F 72 E8 82 4E 76 F5 D1 24 1F 93 BA 3B AE 66  ..r..Nv..$...;.f
00003350:  75 29 B4 D6 22 DD 51 24 88 CA 65 AE CA C0 09 F3  u)..".Q$..e.....
00003360:  59 89 39 BE 41 DA AE F0 30 E0 55 15 74 0E 5E 09  Y.9.A...0.U.t.^.
00003370:  74 02 6B 7A 45 80 BD 1E 45 BD 46 17 15 10 B8 6C  t.kzE...E.F....l
00003380:  EE 5B 97 B3 20 67 E2 79 96 92 35 5C CA E4 72 76  .[.. g.y..5\..rv
00003390:  34 5C B8 37 80 3F 2A 64 AD 08 21 EB C1 93 E4 95  4\.7.?*d..!.....
000033A0:  2A 6A FF 2F 47 B6 6A FC 9B 2C E2 1E 62 F9 CD DF  *j./G.j..,..b...
000033B0:  39 3B A4 AC F9 0C C4 FB 76 11 F0 89 CE 12 FE C7  9;......v.......
000033C0:  5B C3 B0 D3 39 A7 F3 28 DB 54 33 24 B5 9B 46 35  [...9..(.T3$..F5
000033D0:  77 5F E8 BC 75 9F AE E4 FA B7 7B 2B C2 5B 0C FA  w_..u.....{+.[..
000033E0:  BD 70 7A 1C 63 89 DA B6 41 90 E5 80 EC B4 A5 EF  .pz.c...A.......
000033F0:  FC 57 2A 2F E8 1E 98 9C 2C 49 BA 7D D9 47 1C AF  .W*/....,I.}.G..
00003400:  13 8D 09 54 DA 6E 11 67 98 E4 D5 6A BC 1F 43 53  ...T.n.g...j..CS
00003410:  1F AC C9 08 D7 ED 68 C2 43 FE B9 78 D9 60 08 B5  ......h.C..x.`..
00003420:  B3 4A 4F 10 9A 9B 92 CF 3C 11 21 48 AC 3F 98 B1  .JO.....<.!H.?..
00003430:  E8 95 39 C5 99 C1 52 F9 06 86 8E 2D 02 E4 97 48  ..9...R....-...H
00003440:  A7 E0 6A 7E 28 30 33 F0 3B 05 6F E2 11 61 AF F3  ..j~(03.;.o..a..
00003450:  16 66 F9 2C AD 40 3F F1 5B F3 5B A1 19 E0 A2 BF  .f.,.@?.[.[.....
00003460:  64 D1 3F F3 40 32 D5 21 0E 0C 75 6F 45 78 A2 13  d.?.@2.!..uoEx..
00003470:  C8 28 99 B9 FD D1 6C 42 96 1F 46 09 A9 FE 2E 65  .(....lB..F....e
00003480:  DA B4 66 81 E7 8C 67 E7 9F 4F 88 0B 4F 37 89 FD  ..f...g..O..O7..
00003490:  13 11 A8 51 FD CE EF 56 56 BE 2F B1 BC 41 A1 AD  ...Q...VV./..A..
000034A0:  1F 94 DA D7 E9 4A 9A 33 FC 53 15 02 FB 2D 74 0E  .....J.3.S...-t.
000034B0:  AA 93 D7 49 0F 62 10 06 3E 32 94 7C BD 9E C4 7B  ...I.b..>2.|...{
000034C0:  B8 37 E5 C5 E3 94 71 97 A3 2C CC DA 60 E6 B6 F9  .7....q..,..`...
000034D0:  C1 D4 8C F5 A1 77 CE 38 E0 0F 86 CE 91 04 EE A2  .....w.8........
000034E0:  3A 12 EF 4E E2 71 CB A3 12 9D 04 B7 65 48 67 AE  :..N.q......eHg.
000034F0:  CC 20 09 AF BD BE 4A 72 51 9B D7 C3 01 1A 53 68  . ....JrQ.....Sh
00003500:  BA 06 6C C5 C9 BD 27 97 7E 1E 33 9B B5 A8 B6 BA  ..l...'.~.3.....
00003510:  2C 52 B4 3B CC 3B 7F 12 4C 8E 89 8C AE 52 3D 9A  ,R.;.;..L....R=.
00003520:  37 1C 20 07 AC FA 8F 4A 00 50 64 77 7E 90 04 EF  7. ....J.Pdw~...
00003530:  F8 2D 47 A3 70 E8 54 FD 3E 71 99 5E 0A 0C 29 CF  .-G.p.T.>q.^..).
00003540:  03 99 59 68 F1 2F D6 8A 9D A3 B1 C6 FA 39 52 53  ..Yh./.......9RS
00003550:  F2 8A 1B 4E 03 85 E8 05 32 B5 94 CE DB D1 BB DC  ...N....2.......
00003560:  B5 42 CF A6 91 74 F7 9A 2D B7 9B F8 60 0B 4B F2  .B...t..-...`.K.
00003570:  D0 70 7B 94 54 50 A3 04 90 3A 0B 73 39 E3 A0 F8  .p{.TP...:.s9...
00003580:  A8 CE 18 16 3B 8A 7B 9E FD 06 86 11 EC 8A A2 D1  ....;.{.........
00003590:  98 FC 2B 67 C0 DF 34 EC F1 64 F2 F5 6C 50 2E 08  ..+g..4..d..lP..
000035A0:  4D 5B 29 D4 62 80 43 05 B0 5A 86 1A 81 34 C1 F6  M[).b.C..Z...4..
000035B0:  A4 FD 99 3B BB 9B 02 ED 1C FF 83 07 DB E7 F9 F8  ...;............
000035C0:  E9 9E B2 15 F6 E7 17 0C A3 93 15 DD F4 C4 85 5D  ...............]
000035D0:  0C 09 DD 94 9D 99 65 46 3E C4 AF 66 F5 40 9B C3  ......eF>..f.@..
000035E0:  6B D2 55 E7 68 2D F3 F8 A0 10 39 A2 E8 63 A5 2B  k.U.h-....9..c.+
000035F0:  5A EF 0E C9 EF E2 F3 4E 70 6E C0 D7 63 F6 6F 57  Z......Npn..c.oW
00003600:  63 F4 B8 25 24 B4 3D 12 8F 07 A0 B0 B4 27 EB AE  c..%$.=......'..
00003610:  7E E1 15 7B E2 96 5A 46 8E C3 FD 74 5A A6 E6 5D  ~..{..ZF...tZ..]
00003620:  B9 CB CB 32 F9 8E 98 AF 37 EF A4 EB 7A 36 33 52  ...2....7...z63R
00003630:  E5 8E 6D E9 A6 C3 58 95 25 C7 9E BA 6C 5F CD 6B  ..m...X.%...l_.k
00003640:  A9 E3 DD B6 A1 B3 6A 33 88 BC AC 83 A2 EC C3 B8  ......j3........
00003650:  E5 AF 0C 3C 19 0F 0A FB C9 54 F7 C5 E2 B9 57 C7  ...<.....T....W.
00003660:  DB 44 81 29 FB 3D 7A D7 69 FE A2 5D 7D 5E 33 F6  .D.).=z.i..]}^3.
00003670:  47 EF EE 68 F1 DC BD C0 86 84 DC 1D F5 86 8C 7E  G..h...........~
00003680:  92 D4 65 13 13 E1 57 D3 97 E9 16 53 8B F2 6F 18  ..e...W....S..o.
00003690:  48 79 87 70 00 AA 7C 07 16 9B 0D 9F C1 44 C1 07  Hy.p..|......D..
000036A0:  BF BB 6E CD 2D CA 5C E7 A1 DE 7F 30 28 9A EA A9  ..n.-.\....0(...
000036B0:  26 DA DF 07 5F BB A3 35 4C FC 85 A1 FF 97 BB E9  &..._..5L.......
000036C0:  25 D2 DA 3B 73 19 BF 14 EA 82 BE 24 36 9E EB 23  %..;s......$6..#
000036D0:  96 83 D7 1D CB 17 0D 37 11 31 7F D8 A5 EB 13 5C  .......7.1.....\
000036E0:  65 0E 2B ED B8 04 01 2C B3 B0 84 29 85 02 9B 95  e.+....,...)....
000036F0:  75 44 4F 58 50 DA 8F FE 74 9E 9C AF 22 0F 96 A5  uDOXP...t..."...
00003700:  BC 46 7D EB 26 2B 8E 80 5B C7 EC 27 DD A0 75 6B  .F}.&+..[..'..uk
00003710:  27 62 F3 68 C7 F0 0D 66 1F DF 00 DF 37 B4 E9 43  'b.h...f....7..C
00003720:  65 A9 B1 E4 3F 04 4F D3 17 CE 12 B7 9E F4 FC F1  e...?.O.........
00003730:  48 F9 F5 F9 5A 95 62 E4 96 F5 7F E8 AE B7 A9 6F  H...Z.b........o
00003740:  D3 7E 76 E8 F1 70 D7 F8 12 01 DB F9 B2 D8 DF 2B  .~v..p.........+
00003750:  1E 69 92 B3 33 22 54 83 2A E0 AA 74 91 19 01 7A  .i..3"T.*..t...z
00003760:  CE AE 55 A4 0D 41 3B 72 1F 22 89 0B 42 43 CD 95  ..U..A;r."..BC..
00003770:  18 29 14 BC F2 01 49 FA 80 8B 1F 90 FA F7 F4 AF  .)....I.........
00003780:  4B EB D7 36 6F A9 9A 69 B2 F3 6B CA 23 F4 2A BB  K..6o..i..k.#.*.
00003790:  9D E7 D7 9E 24 44 7A CE 7E 9F 65 B7 51 44 57 A6  ....$Dz.~.e.QDW.
000037A0:  7E CA B8 EA E6 A3 E5 36 B1 56 48 A6 81 0C 43 62  ~......6.VH...Cb
000037B0:  B7 13 10 55 9D DC 7B 66 CD 40 F8 46 C8 59 DD 46  ...U..{f.@.F.Y.F
000037C0:  E6 6F 59 0B 00 CD 37 01 F0 35 AB C3 E3 16 6A 0F  .oY...7..5....j.
000037D0:  AF D1 F0 50 E4 0F 50 3E A8 21 BB CA 1A 2B A0 1F  ...P..P>.!...+..
000037E0:  57 D1 86 77 2B 87 C9 A3 F4 7D 80 87 AE A7 9E 20  W..w+....}..... 
000037F0:  01 6A A9 D2 D5 77 2F 0C 03 B7 F7 F8 33 27 4D 16  .j...w/.....3'M.
00003800:  2C 18 DF 34 F3 7F 46 D8 FB 4B 32 81 6C D5 2B 22  ,..4..F..K2.l.+"
00003810:  1A 1E 59 7D 8B 8E 0C 94 87 0A 2B 4D 36 6E 94 3A  ..Y}......+M6n.:
00003820:  C3 A2 CD 0C 10 69 40 47 BB F6 7A 67 44 34 3C 96  .....i@G..zgD4<.
00003830:  AB 0C 74 5A 7A 8C C8 5B 5B 42 74 0D A9 1E 5C 9D  ..tZz..[[Bt...\.
00003840:  A2 FF C6 62 62 DC 16 86 10 02 CA 91 DD AD 31 6C  ...bb.........1l
00003850:  16 68 84 1D 29 10 5E C1 F0 66 89 32 5D E9 78 10  .h..).^..f.2].x.
00003860:  85 0D 7A 8C E0 67 F6 C0 1B D7 3A 18 9F F5 5D 1F  ..z..g....:...].
00003870:  1A 53 14 36 ED B4 ED 9A 3C 41 93 8E 1F D0 83 32  .S.6....<A.....2
00003880:  AD 95 A6 B3 83 E7 EB A9 F3 A2 16 A1 9A 03 FB 8D  ................
00003890:  8F 59 3D 07 E1 2C 37 DF 72 C7 BF DC 3F 0F F9 5F  .Y=..,7.r...?.._
000038A0:  FE F3 A9 17 41 5C 42 80 DE 6B 76 BC 0C 49 59 5F  ....A\B..kv..IY_
000038B0:  AA 6D 50 79 F0 47 86 71 E5 1D 78 73 35 4B A0 53  .mPy.G.q..xs5K.S
000038C0:  5F B6 17 BD 1A EF 35 C2 73 55 06 0E 9E 42 53 6A  _.....5.sU...BSj
000038D0:  7F C9 46 67 21 10 4E 68 60 D2 66 85 EC 40 B6 86  ..Fg!.Nh`.f..@..
000038E0:  D4 77 79 CF 98 59 0A 4C 24 F5 62 62 9E 57 61 67  .wy..Y.L$.bb.Wag
000038F0:  1A BE 43 AD F4 60 CD 18 BD 43 75 B5 2E 66 79 CB  ..C..`...Cu..fy.
00003900:  46 DC B7 AA 2A CC A0 D9 3D 5B 81 13 89 43 D1 D4  F...*...=[...C..
00003910:  C4 83 5C 0F DA 09 BD 2F 86 B1 16 2C 32 8B FF 6A  ..\..../...,2..j
00003920:  E2 DB 49 F6 DA 8A 65 C8 E4 34 6E 7D 31 A0 28 0F  ..I...e..4n}1.(.
00003930:  19 8F 60 11 54 65 3D 98 A4 99 12 95 3F BF 35 34  ..`.Te=.....?.54
00003940:  62 53 2F A6 2E 17 E6 B6 75 F5 93 F6 AF 9A D7 CC  bS/.....u.......
00003950:  CC EF 03 10 FB 62 43 67 72 D8 F7 24 E5 F6 69 08  .....bCgr..$..i.
00003960:  F0 34 7C D0 DF 6E 32 59 F3 AC 11 12 59 DD 33 AE  .4|..n2Y....Y.3.
00003970:  E2 5C 57 E4 09 1F A0 13 31 D7 52 55 27 50 D3 29  .\W.....1.RU'P.)
00003980:  96 A3 3B DB 00 27 48 B0 CB 27 23 9F 1E 82 32 02  ..;..'H..'#...2.
00003990:  92 03 A0 40 A3 2B C5 C4 0A 84 14 5B DA 5E 1D 11  ...@.+.....[.^..
000039A0:  92 74 4B AB 12 83 92 CF 3C 11 21 48 AC 3F 98 B1  .tK.....<.!H.?..
000039B0:  E8 95 39 C5 99 C1 B7 60 06 DA FA E8 1E 59 E7 14  ..9....`.....Y..
000039C0:  22 85 A1 BC AA 7B 9A 21 BB D6 A6 63 E4 12 C8 5C  "....{.!...c...\
000039D0:  97 AF 97 78 67 97 3F F1 5B F3 5B A1 19 E0 A2 BF  ...xg.?.[.[.....
000039E0:  64 D1 3F F3 40 32 01 C8 12 3A 2C 5A B9 A6 BD 1B  d.?.@2...:,Z....
000039F0:  2F 57 54 A7 91 B0 CE 6F FD 88 4F D6 31 02 5A 56  /WT....o..O.1.ZV
00003A00:  2F C3 53 98 8F D3 67 E7 9F 4F 88 0B 4F 37 89 FD  /.S...g..O..O7..
00003A10:  13 11 A8 51 FD CE 0A 40 FE CF 9F CE 17 FF FA 6D  ...Q...@.......m
00003A20:  07 FB BF C6 98 16 4E 48 59 13 1B F8 51 C3 B2 B0  ......NHY...Q...
00003A30:  32 E4 45 8A 32 02 10 06 3E 32 94 7C BD 9E C4 7B  2.E.2...>2.|...{
00003A40:  B8 37 E5 C5 E3 94 71 97 A3 2C CC DA 60 E6 B6 F9  .7....q..,..`...
00003A50:  C1 D4 8C F5 A1 77 CE 38 E0 0F 86 CE 91 04 EE A2  .....w.8........
00003A60:  3A 12 EF 4E E2 71 9F 86 FE F6 10 83 5B 0C 73 1F  :..N.q......[.s.
00003A70:  00 A6 4D EB FF 3E 9B 33 FE 45 76 D2 0A FD 5D 4B  ..M..>.3.Ev...]K
00003A80:  F0 01 E8 0D 38 0B 70 63 24 74 FF 39 8B 74 15 E6  ....8.pc$t.9.t..
00003A90:  9B 4C 1C 00 D5 35 76 9C 3D 97 5A 8F 20 25 B1 72  .L...5v.=.Z. %.r
00003AA0:  59 5D 7D E4 6B 0C 7B 66 CD 40 F8 46 C8 59 DD 46  Y]}.k.{f.@.F.Y.F
00003AB0:  E6 6F 59 0B 00 CD 66 1B BF 8B FF 1A 70 5A BD 43  .oY...f.....pZ.C
00003AC0:  89 B8 BD F4 95 7D A5 D8 89 3F 4F 3B E7 95 93 7A  .....}...?O;...z
00003AD0:  15 E6 40 60 83 C8 25 27 6C 29 4E 04 5F C8 E8 3A  ..@`..%'l)N._..:
00003AE0:  E7 8B D8 BF A8 85 C0 D3 0C F0 51 2D 52 73 53 54  ..........Q-RsST
00003AF0:  BD FB 50 3F DA 14 19 30 89 B9 87 0B DF AF E2 72  ..P?...0.......r
00003B00:  B6 10 68 78 2A C0 88 2B 73 43 A1 AF 18 D3 42 69  ..hx*..+sC....Bi
00003B10:  BF EF 48 2C F4 B7 FE FC 01 DF 75 ED 9D B9 44 58  ..H,......u...DX
00003B20:  D3 98 23 66 58 65 AB 2C 39 4F 96 1B 5E 81 FA A3  ..#fXe.,9O..^...
00003B30:  90 2D 4F AF B8 5E D8 A1 2B 3E BA AA 0C CD 4C BE  .-O..^..+>....L.
00003B40:  7E 04 27 A1 FC CE CF 24 25 AF DD AD F1 E2 EF 2D  ~.'....$%......-
00003B50:  2B 64 87 E4 22 F1 1E 34 6D 85 5F 96 E5 B0 5F 81  +d.."..4m._..._.
00003B60:  35 7A 23 42 C0 72 2A 83 EC AE 34 7E 7D A2 27 CB  5z#B.r*...4~}.'.
00003B70:  50 48 30 BA 52 83 4B 4C 66 5F 5D EF E9 EB A4 13  PH0.R.KLf_].....
00003B80:  29 A6 5A 1E 28 FE 12 C7 7E 90 8D 33 0D 8D 98 46  ).Z.(...~..3...F
00003B90:  F9 C5 80 F0 84 A8 D5 26 BB 8F 95 CE 87 88 51 7E  .......&......Q~
00003BA0:  68 50 FA 8C 98 45 C8 9F 94 06 14 2C E9 74 D2 12  hP...E.....,.t..
00003BB0:  0F 92 3F 5A 29 DD BF E9 82 C2 A8 44 39 09 E5 4B  ..?Z)......D9..K
00003BC0:  E5 A1 79 16 57 88 26 9E C3 82 4E BF 9A 01 BE 94  ..y.W.&...N.....
00003BD0:  30 EF 6A 19 85 2B 4C CF 88 9C 25 22 E6 BB 17 94  0.j..+L...%"....
00003BE0:  21 0E A9 75 E2 1E A5 C4 C6 B9 C6 80 87 55 BA 35  !..u.........U.5
00003BF0:  04 0A A8 9A F4 9A CC 78 36 38 6F F4 D8 3F 1A AA  .......x68o..?..
00003C00:  4B A9 EE 7C FF A0 9A B4 E0 BB D4 F5 E2 E2 AB 52  K..|...........R
00003C10:  20 FB 9C D0 7A F8 5A 7B 92 FF B6 C5 D9 F9 B9 1D   ...z.Z{........
00003C20:  16 D8 50 27 29 83 D4 49 0A 55 8A 18 81 98 9F 90  ..P')..I.U......
00003C30:  FD 12 1D 20 79 DB E9 79 4F D3 6C 49 20 AB 94 FD  ... y..yO.lI ...
00003C40:  72 8F 75 51 33 09 C5 78 E4 73 CE E9 A9 3D B2 17  r.uQ3..x.s...=..
00003C50:  FE 24 EA E6 9A 19 00 6D 19 5B 33 48 01 B4 28 6E  .$.....m.[3H..(n
00003C60:  26 C6 9D E6 C8 D6 E8 23 BF 21 66 5C D1 E8 1D 78  &......#.!f\...x
00003C70:  A4 0D 15 44 4E DC 6F 56 10 C7 44 19 6B 78 79 99  ...DN.oV..D.kxy.
00003C80:  F9 BD D5 A4 42 E6 E5 59 63 4B 0A 9D 8A EA CE 2E  ....B..YcK......
00003C90:  E1 8A 3F 30 0B 83 E6 B6 75 F5 93 F6 AF 9A D7 CC  ..?0....u.......
00003CA0:  CC EF 03 10 FB 62 E7 9C 6D B1 3E 33 FB A5 35 68  .....b..m.>3..5h
00003CB0:  12 10 E6 94 02 08 D3 99 E1 71 24 5D 18 2B 77 E7  .........q$].+w.
00003CC0:  1F FB 4E C9 DB 84 67 B2 A5 CE 05 74 AD F5 2D 13  ..N...g....t..-.
00003CD0:  BB 42 36 49 86 41 A5 1F D9 29 97 17 0B 1B C8 3A  .B6I.A...).....:
00003CE0:  C6 A0 CB B4 74 0A CA A9 22 C6 57 6E 26 FE 31 BF  ....t...".Wn&.1.
00003CF0:  91 FC 8D 5D 7A 9A A5 AC 6F 42 1F 35 0A 81 30 29  ...]z...oB.5..0)
00003D00:  E6 9C D7 52 D5 00 5A F9 E4 3A 8B 40 B6 E7 FA D3  ...R..Z..:.@....
00003D10:  21 DD EC BD 54 29 B5 F9 BB D3 6F 0D 2D 49 69 FC  !...T)....o.-Ii.
00003D20:  31 9F 9D FF 06 62 E1 B4 C6 51 8B 77 18 38 DC 21  1....b...Q.w.8.!
00003D30:  57 5B 9B 7D A6 11 51 AF 32 B9 4F A7 FD A5 4E AC  W[.}..Q.2.O...N.
00003D40:  EC A3 95 6D 4C F0 1C 84 46 1A 33 E8 26 52 F0 DB  ...mL...F.3.&R..
00003D50:  0B 23 67 51 82 55 3A 9E FB C2 EB CE E0 B5 49 B9  .#gQ.U:.......I.
00003D60:  95 34 92 14 69 A0 7C 3F 18 57 C7 01 30 0F 92 61  .4..i.|?.W..0..a
00003D70:  96 B7 FD 64 9F F9 EB 15 61 F1 13 A0 BE 38 64 1A  ...d....a....8d.
00003D80:  8F D7 F1 36 D9 EB D7 8F D5 76 D7 F2 ED 7F A6 AF  ...6.....v......
00003D90:  26 B8 A2 7B 83 97 62 3A 32 99 E3 FE 99 4B D5 84  &..{..b:2....K..
00003DA0:  20 67 65 35 C1 2F 54 0F 75 E7 FC 1B 42 CD EE BA   ge5./T.u...B...
00003DB0:  40 C3 37 01 B8 59 BD 2A 7F 1F 8C B1 E6 58 24 1A  @.7..Y.*.....X$.
00003DC0:  1F 1A E6 4D B4 A2 C6 09 9D EE 82 BB 6D 15 0B 55  ...M........m..U
00003DD0:  5E 2C 23 8D 86 A9 A2 D0 15 F3 43 22 0F 8A 30 4A  ^,#.......C"..0J
00003DE0:  28 61 B9 2A 31 CF 2A 09 6D 5D 93 98 4B 16 64 DA  (a.*1.*.m]..K.d.
00003DF0:  AB CA CE D2 26 A8 44 99 98 A7 B4 6B A0 4C B2 BE  ....&.D....k.L..
00003E00:  6A 3B F4 DF 2E 4E 24 14 29 7A 92 A1 D3 66 21 C7  j;...N$.)z...f!.
00003E10:  5A 7B 25 24 19 54 3C EA EA 71 D6 DC 0F E5 97 45  Z{%$.T<..q.....E
00003E20:  09 35 E8 97 0F 18 8E 16 A8 57 FF 53 09 FB 38 A6  .5.......W.S..8.
00003E30:  AE 66 48 23 A1 94 01 1B B2 30 11 EF E4 40 A4 1C  .fH#.....0...@..
00003E40:  8F E6 9D 02 1D 9B DF 07 85 EE 7E 61 0E 59 3E DA  ..........~a.Y>.
00003E50:  7B 7D 44 34 BC 78 BC 89 3A F5 8D 00 37 99 E6 A9  {}D4.x..:...7...
00003E60:  17 A2 32 53 AA 12 AC A9 59 65 DF 4A C2 68 9E 11  ..2S....Ye.J.h..
00003E70:  BF 77 76 3E AC 52 5E 95 43 8F 43 A6 08 43 31 94  .wv>.R^.C.C..C1.
00003E80:  0F 32 33 26 FE DF 2C 0D 0B 74 25 54 C9 31 7F E9  .23&..,..t%T.1..
00003E90:  6D 6B 4A B3 AF 70 DD 8C 71 43 E4 1B 15 85 2D 11  mkJ..p..qC....-.
00003EA0:  74 FC A2 A5 F0 70 CD 0E FE 86 02 62 27 D1 D6 0D  t....p.....b'...
00003EB0:  81 32 47 74 0D 81 82 34 69 35 4C 1E CD 96 4A 1F  .2Gt...4i5L...J.
00003EC0:  9F 5E 29 30 AB 80 70 57 A8 28 A0 1A B8 87 AE 38  .^)0..pW.(.....8
00003ED0:  F2 F4 C1 E7 32 4A 0C 94 87 0A 2B 4D 36 6E 94 3A  ....2J....+M6n.:
00003EE0:  C3 A2 CD 0C 10 69 14 51 5E 91 A6 C4 EB E8 7B A7  .....i.Q^.....{.
00003EF0:  3D ED 4F 17 D0 EC 23 B7 D4 D9 58 C8 DF A4 4F 01  =.O...#...X...O.
00003F00:  A5 74 25 87 EA 8F A3 DB E0 4B 47 A7 E4 7E 01 57  .t%......KG..~.W
00003F10:  67 72 05 1F 83 F1 38 31 84 30 9F 98 10 AB 39 CF  gr....81.0....9.
00003F20:  49 08 B4 32 EA 7B 60 B3 42 D7 34 47 1D 65 5D 84  I..2.{`.B.4G.e].
00003F30:  E4 4B A5 24 B2 31 08 94 5A A9 5A E9 26 1D 78 F0  .K.$.1..Z.Z.&.x.
00003F40:  B8 B6 B0 5C 79 CE 61 5C 89 5B 40 F1 56 18 46 31  ...\y.a\.[@.V.F1
00003F50:  58 2C 76 A6 ED D6 89 0E F7 3E 92 F0 70 D0 65 98  X,v......>..p.e.
00003F60:  68 3A 6C 58 7F 9E E6 3E BD C6 8F 68 F8 22 89 CA  h:lX...>...h."..
00003F70:  74 11 4A 59 65 78 FA 3A 25 22 0E BD F7 5E 65 7F  t.JYex.:%"...^e.
00003F80:  F6 79 75 91 29 F6 81 1A 03 23 10 81 0B 0A B6 D7  .yu.)....#......
00003F90:  61 97 70 51 B4 EA 6B 27 8B 19 71 66 B4 0B 02 F7  a.pQ..k'..qf....
00003FA0:  B1 1C E2 E1 7C A1 9F 5A 1F 6E 6F 01 89 B4 F5 ED  ....|..Z.no.....
00003FB0:  8F 1E 15 6A C0 E7 09 C6 C4 03 23 67 6E 76 75 C1  ...j......#gnvu.
00003FC0:  C5 6D A2 2C E9 FF 6D 80 2F EE FA 54 39 24 5C 63  .m.,..m./..T9$\c
00003FD0:  68 5F 16 9E A7 D1 35 D5 70 E4 87 FA B8 E0 4E 4E  h_....5.p.....NN
00003FE0:  3D B5 C4 8A F1 7C 76 FD 51 05 48 B1 48 92 0F 99  =....|v.Q.H.H...
00003FF0:  19 7B A0 FB FB B2 0A D9 B6 9E 65 DA DD C2 24 1D  .{........e...$.
00004000:  32 DF 65 44 0F 9B 07 66 AD AF A9 35 14 3C 43 53  2.eD...f...5.<CS
00004010:  44 3F 5F E5 48 ED 5C E7 8C 0C 8F FD 19 15 A7 3C  D?_.H.\........<
00004020:  5A C3 EA 4F 8F 24 9B 0A 9C FB 62 AE 65 98 4C EE  Z..O.$....b.e.L.
00004030:  E4 CF B0 A9 00 69 EE C8 32 FC 3A 6D 4F 26 39 7A  .....i..2.:mO&9z
00004040:  A5 8C 03 D2 09 3B 96 27 80 6B 6B F1 CB F3 28 0F  .....;.'.kk...(.
00004050:  94 AF F2 A5 DA 29 1A FB 39 20 A5 25 3D D2 EA 94  .....)..9 .%=...
00004060:  F9 4D 2D 9D 68 E1 EC 8D 61 42 02 3C 2F 6B F3 02  .M-.h...aB.</k..
00004070:  32 0E 52 26 11 E8 C9 56 D6 48 33 67 09 CB B2 AD  2.R&...V.H3g....
00004080:  FB C2 A5 54 AB B7 BA 00 F6 A1 1F C0 82 E3 B3 A5  ...T............
00004090:  5C B9 60 EA 76 59 36 CD 33 4A 6E 41 40 C7 89 06  \.`.vY6.3JnA@...
000040A0:  BB 00 8F 0A F3 14 7E 7E 4A 64 D2 E4 06 AE 19 3F  ......~~Jd.....?
000040B0:  71 95 4E 89 BD C2 56 D1 02 07 0F C1 33 6F CA 26  q.N...V.....3o.&
000040C0:  22 DB AB F7 5D 7D ED 1C 49 E1 8B 0D 10 C5 88 31  "...]}..I......1
000040D0:  97 A1 2E B8 7B 34 F4 49 24 11 2D 66 19 E5 A5 5D  ....{4.I$.-f...]
000040E0:  E9 A9 20 56 32 AD E9 6B 93 99 92 35 88 A8 74 94  .. V2..k...5..t.
000040F0:  75 84 3F 2F 9F 43 DC 18 65 E8 35 F3 DB B2 79 5E  u.?/.C..e.5...y^
00004100:  7D DB E1 7B 91 F5 00 00 00 00 00 00 00 00 00 00  }..{............
00004110:  00 00 00 00 00 00 00 00 00 00 00 00 00 00 00 00  ................ [zeros]
00004120:  00 00 00 00 00 00 48 68 55 61 D1 97 CB D7 2A DD  ......HhUa....*.
00004130:  49 8C 7A F0 75 D1 6A 20 62 DE 32 D1 17 0D 85 FD  I.z.u.j b.2.....
00004140:  77 49 0A 98 30 77 00 00 00 00 00 00 00 00 00 00  wI..0w..........
00004150:  00 00 00 00 00 00 00 00 00 00 00 00 00 00 00 00  ................ [zeros]
00004160:  00 00 00 00 00 00 00 00 00 00 00 00 00 00 00 00  ................ [zeros]
00004170:  00 00 00 00 00 00 00 00 00 00 00 00 00 00 00 00  ................ [zeros]
00004180:  00 00 00 00 00 00 00 00 00 00 00 00 00 00 00 00  ................ [zeros]
00004190:  00 00 00 00 00 00 00 00 00 00 00 00 00 00 00 00  ................ [zeros]
000041A0:  00 00 00 00 00 00 00 00 00 00 00 00 00 00 00 00  ................ [zeros]
000041B0:  00 00 00 00 00 00 00 00 00 00 00 00 00 00 00 00  ................ [zeros]
000041C0:  00 00 00 00 00 00 00 00 00 00 00 00 00 00 00 00  ................ [zeros]
000041D0:  00 00 00 00 00 00 13 6F BA 1F E4 F5 E0 59 E1 0F  .......o.....Y..
000041E0:  62 59 04 CB BD 71 B9 FC 07 EE 40 CF 9A 2E 6E 8D  bY...q....@...n.
000041F0:  B3 E3 F9 74 00 D4 98 EC E7 DE 2E B0 7B 63 7A 17  ...t........{cz.
00004200:  6E C2 3B 55 86 9E 3D 7F F2 18 C0 07 69 30 02 3C  n.;U..=.....i0.<
00004210:  C4 FF 36 00 F3 61 00 00 00 00 00 00 00 00 00 00  ..6..a..........
00004220:  00 00 00 00 00 00 00 00 00 00 00 00 00 00 00 00  ................ [zeros]
00004230:  00 00 00 00 00 00 00 00 00 00 00 00 00 00 00 00  ................ [zeros]
00004240:  00 00 00 00 00 00 00 00 00 00 00 00 00 00 00 00  ................ [zeros]
00004250:  00 00 00 00 00 00 A5 78 5D 95 27 05 C0 72 9F 23  .......x].'..r.#
00004260:  EB 2D 73 D9 31 08 E7 C4 57 7B AA 4F AB C8 FE A5  .-s.1...W{.O....
00004270:  B7 B8 C1 7D 85 ED 4B C8 8E 64 69 B3 95 F0 D6 57  ...}..K..di....W
00004280:  13 54 16 90 77 CE EE 54 87 B4 85 D8 F9 6D 00 F6  .T..w..T.....m..
00004290:  2A 4E 47 4D F5 6C 37 D4 1A BE 1D 3B 83 EB 4E 72  *NGM.l7....;..Nr
000042A0:  56 6A A0 47 22 B7 E5 E2 AC 38 2C 84 3B 5B 4D 39  Vj.G"....8,.;[M9
000042B0:  93 CC 65 DE 72 03 07 2C 6F 9C A1 79 50 0D 4E 1E  ..e.r..,o..yP.N.
000042C0:  35 0F 37 39 9D B8 7F 9A 5F 25 04 F3 A0 D8 B8 98  5.79...._%......
000042D0:  F2 AF 8F B8 0B C5 00 00 00 00 00 00 00 00 00 00  ................
000042E0:  00 00 00 00 00 00 00 00 00 00 00 00 00 00 00 00  ................ [zeros]
000042F0:  00 00 00 00 00 00 00 00 00 00 00 00 00 00 00 00  ................ [zeros]
00004300:  00 00 00 00 00 00 00 00 00 00 00 00 00 00 00 00  ................ [zeros]
00004310:  00 00 00 00 00 00 00 00 00 00 00 00 00 00 00 00  ................ [zeros]
00004320:  00 00 00 00 00 00 00 00 00 00 00 00 00 00 00 00  ................ [zeros]
00004330:  00 00 00 00 00 00 00 00 00 00 00 00 00 00 00 00  ................ [zeros]
00004340:  00 00 00 00 00 00 00 00 00 00 00 00 00 00 00 00  ................ [zeros]
00004350:  00 00 00 00 00 00 00 00 00 00 00 00 00 00 00 00  ................ [zeros]
00004360:  00 00 00 00 00 00 00 00 00 00 00 00 00 00 00 00  ................ [zeros]
00004370:  00 00 00 00 00 00 00 00 00 00 00 00 00 00 00 00  ................ [zeros]
00004380:  00 00 00 00 00 00 00 00 00 00 00 00 00 00 00 00  ................ [zeros]
00004390:  00 00 00 00 00 00 4A 51 2D 1B 49 FB C4 89 58 49  ......JQ-.I...XI
000043A0:  E6 5C 3E 20 85 ED 9D A5 94 E8 D7 76 9F AF F3 5F  .\> .......v..._
000043B0:  C1 CF 71 04 4C D9 00 00 00 00 00 00 00 00 00 00  ..q.L...........
000043C0:  00 00 00 00 00 00 00 00 00 00 00 00 00 00 00 00  ................ [zeros]
000043D0:  00 00 00 00 00 00 00 00 00 00 00 00 00 00 00 00  ................ [zeros]
000043E0:  00 00 00 00 00 00 00 00 00 00 00 00 00 00 00 00  ................ [zeros]
000043F0:  00 00 00 00 00 00 00 00 00 00 00 00 00 00 00 00  ................ [zeros]
00004400:  00 00 00 00 00 00 00 00 00 00 00 00 00 00 00 00  ................ [zeros]
00004410:  00 00 00 00 00 00 00 00 00 00 00 00 00 00 00 00  ................ [zeros]
00004420:  00 00 00 00 00 00 00 00 00 00 00 00 00 00 00 00  ................ [zeros]
00004430:  00 00 00 00 00 00 00 00 00 00 00 00 00 00 00 00  ................ [zeros]
00004440:  00 00 00 00 00 00 00 00 00 00 00 00 00 00 00 00  ................ [zeros]
00004450:  00 00 00 00 00 00 00 00 00 00 00 00 00 00 00 00  ................ [zeros]
00004460:  00 00 00 00 00 00 00 00 00 00 00 00 00 00 00 00  ................ [zeros]
00004470:  00 00 00 00 00 00 00 00 00 00 00 00 00 00 00 00  ................ [zeros]
00004480:  00 00 00 00 00 00 00 00 00 00 00 00 00 00 00 00  ................ [zeros]
00004490:  00 00 00 00 00 00 00 00 00 00 00 00 00 00 00 00  ................ [zeros]
000044A0:  00 00 00 00 00 00 00 00 00 00 00 00 00 00 00 00  ................ [zeros]
000044B0:  00 00 00 00 00 00 00 00 00 00 00 00 00 00 00 00  ................ [zeros]
000044C0:  00 00 00 00 00 00 00 00 00 00 00 00 00 00 00 00  ................ [zeros]
000044D0:  00 00 00 00 00 00 00 00 00 00 00 00 00 00 00 00  ................ [zeros]
000044E0:  00 00 00 00 00 00 00 00 00 00 00 00 00 00 00 00  ................ [zeros]
000044F0:  00 00 00 00 00 00 00 00 00 00 00 00 00 00 00 00  ................ [zeros]
00004500:  00 00 00 00 00 00 00 00 00 00 00 00 00 00 00 00  ................ [zeros]
00004510:  00 00 00 00 00 00 00 00 00 00 00 00 00 00 00 00  ................ [zeros]
00004520:  00 00 00 00 00 00 00 00 00 00 00 00 00 00 00 00  ................ [zeros]
00004530:  00 00 00 00 00 00 00 00 00 00 00 00 00 00 00 00  ................ [zeros]
00004540:  00 00 00 00 00 00 00 00 00 00 00 00 00 00 00 00  ................ [zeros]
00004550:  00 00 00 00 00 00 00 00 00 00 00 00 00 00 00 00  ................ [zeros]
00004560:  00 00 00 00 00 00 00 00 00 00 00 00 00 00 00 00  ................ [zeros]
00004570:  00 00 00 00 00 00 00 00 00 00 00 00 00 00 00 00  ................ [zeros]
00004580:  00 00 00 00 00 00 00 00 00 00 00 00 00 00 00 00  ................ [zeros]
00004590:  00 00 00 00 00 00 00 00 00 00 00 00 00 00 00 00  ................ [zeros]
000045A0:  00 00 00 00 00 00 00 00 00 00 00 00 00 00 00 00  ................ [zeros]
000045B0:  00 00 00 00 00 00 00 00 00 00 00 00 00 00 00 00  ................ [zeros]
000045C0:  00 00 00 00 00 00 00 00 00 00 00 00 00 00 00 00  ................ [zeros]
000045D0:  00 00 00 00 00 00 00 00 00 00 00 00 00 00 00 00  ................ [zeros]
000045E0:  00 00 00 00 00 00 00 00 00 00 00 00 00 00 00 00  ................ [zeros]
000045F0:  00 00 00 00 00 00 00 00 00 00 00 00 00 00 00 00  ................ [zeros]
00004600:  00 00 00 00 00 00 00 00 00 00 00 00 00 00 00 00  ................ [zeros]
00004610:  00 00 00 00 00 00 00 00 00 00 00 00 00 00 00 00  ................ [zeros]
00004620:  00 00 00 00 00 00 00 00 00 00 00 00 00 00 00 00  ................ [zeros]
00004630:  00 00 00 00 00 00 00 00 00 00 00 00 00 00 00 00  ................ [zeros]
00004640:  00 00 00 00 00 00 00 00 00 00 00 00 00 00 00 00  ................ [zeros]
00004650:  00 00 00 00 00 00 00 00 00 00 00 00 00 00 00 00  ................ [zeros]
00004660:  00 00 00 00 00 00 A1 7A D7 C6 C2 38 0E 8A 8D A0  .......z...8....
00004670:  E6 93 CE 36 24 86 AC FB 51 9C E2 7E C5 E7 A9 32  ...6$...Q..~...2
00004680:  BE 92 BE DC 62 C3 C6 B0 1C 62 64 8B E3 08 7E 86  ....b....bd...~.
00004690:  2D 41 0A D4 BC 8F B7 4F E2 D1 7B 2E 62 ED E1 E6  -A.....O..{.b...
000046A0:  17 86 16 CA 61 68 0A F0 7C BB FC 95 9D D7 99 65  ....ah..|......e
000046B0:  50 73 05 C0 1B 5A 35 62 45 F8 F9 8E 01 76 DF 71  Ps...Z5bE....v.q
000046C0:  0A D5 52 C1 A3 D1 EB 3B 02 46 DE E0 00 3A 2B 9E  ..R....;.F...:+.
000046D0:  AE 1F 1E 22 CA BB 6A 8E F6 A0 DA E0 F3 71 9F 58  ..."..j......q.X
000046E0:  00 FC 33 AC B0 AE 00 F2 60 CA 33 0E 2C D1 B8 E9  ..3.....`.3.,...
000046F0:  01 CD B4 5C E2 77 B7 4F E2 D1 7B 2E 62 ED E1 E6  ...\.w.O..{.b...
00004700:  17 86 16 CA 61 68 81 3F 12 A6 16 71 64 1C AB 7C  ....ah.?...qd..|
00004710:  65 03 17 63 5E 10 CD E2 65 54 39 BD BC 0B 17 33  e..c^...eT9....3
00004720:  71 68 A7 6B 71 E0 B0 6B 73 9E E4 93 5F 73 5C AE  qh.kq..ks..._s\.
00004730:  C3 94 4C 6F BE FC 2A 21 14 4F 85 FC 07 AA 5F E1  ..Lo..*!.O...._.
00004740:  14 94 B5 1C FD 11 00 00 00 00 00 00 00 00 00 00  ................
00004750:  00 00 00 00 00 00 00 00 00 00 00 00 00 00 00 00  ................ [zeros]
00004760:  00 00 00 00 00 00 00 00 00 00 00 00 00 00 00 00  ................ [zeros]
00004770:  00 00 00 00 00 00 00 00 00 00 00 00 00 00 00 00  ................ [zeros]
00004780:  00 00 00 00 00 00 00 00 00 00 00 00 00 00 00 00  ................ [zeros]
00004790:  00 00 00 00 00 00 00 00 00 00 00 00 00 00 00 00  ................ [zeros]
000047A0:  00 00 00 00 00 00 00 00 00 00 00 00 00 00 00 00  ................ [zeros]
000047B0:  00 00 00 00 00 00 00 00 00 00 00 00 00 00 00 00  ................ [zeros]
000047C0:  00 00 00 00 00 00 00 00 00 00 00 00 00 00 00 00  ................ [zeros]
000047D0:  00 00 00 00 00 00 00 00 00 00 00 00 00 00 00 00  ................ [zeros]
000047E0:  00 00 00 00 00 00 00 00 00 00 00 00 00 00 00 00  ................ [zeros]
000047F0:  00 00 00 00 00 00 00 00 00 00 00 00 00 00 00 00  ................ [zeros]
00004800:  00 00 00 00 00 00 00 00 00 00 00 00 00 00 00 00  ................ [zeros]
00004810:  00 00 00 00 00 00 00 00 00 00 00 00 00 00 00 00  ................ [zeros]
00004820:  00 00 00 00 00 00 00 00 00 00 00 00 00 00 00 00  ................ [zeros]
00004830:  00 00 00 00 00 00 00 00 00 00 00 00 00 00 00 00  ................ [zeros]
00004840:  00 00 00 00 00 00 00 00 00 00 00 00 00 00 00 00  ................ [zeros]
00004850:  00 00 00 00 00 00 00 00 00 00 00 00 00 00 00 00  ................ [zeros]
00004860:  00 00 00 00 00 00 00 00 00 00 00 00 00 00 00 00  ................ [zeros]
00004870:  00 00 00 00 00 00 00 00 00 00 00 00 00 00 00 00  ................ [zeros]
00004880:  00 00 00 00 00 00 00 00 00 00 00 00 00 00 00 00  ................ [zeros]
00004890:  00 00 00 00 00 00 00 00 00 00 00 00 00 00 00 00  ................ [zeros]
000048A0:  00 00 00 00 00 00 00 00 00 00 00 00 00 00 00 00  ................ [zeros]
000048B0:  00 00 00 00 00 00 00 00 00 00 00 00 00 00 00 00  ................ [zeros]
000048C0:  00 00 00 00 00 00 00 00 00 00 00 00 00 00 00 00  ................ [zeros]
000048D0:  00 00 00 00 00 00 00 00 00 00 00 00 00 00 00 00  ................ [zeros]
000048E0:  00 00 00 00 00 00 00 00 00 00 00 00 00 00 00 00  ................ [zeros]
000048F0:  00 00 00 00 00 00 00 00 00 00 00 00 00 00 00 00  ................ [zeros]
00004900:  00 00 00 00 00 00 00 00 00 00 00 00 00 00 00 00  ................ [zeros]
00004910:  00 00 00 00 00 00 00 00 00 00 00 00 00 00 00 00  ................ [zeros]
00004920:  00 00 00 00 00 00 00 00 00 00 00 00 00 00 00 00  ................ [zeros]
00004930:  00 00 00 00 00 00 00 00 00 00 00 00 00 00 00 00  ................ [zeros]
00004940:  00 00 00 00 00 00 00 00 00 00 00 00 00 00 00 00  ................ [zeros]
00004950:  00 00 00 00 00 00 00 00 00 00 00 00 00 00 00 00  ................ [zeros]
00004960:  00 00 00 00 00 00 00 00 00 00 00 00 00 00 00 00  ................ [zeros]
00004970:  00 00 00 00 00 00 00 00 00 00 00 00 00 00 00 00  ................ [zeros]
00004980:  00 00 00 00 00 00 00 00 00 00 00 00 00 00 00 00  ................ [zeros]
00004990:  00 00 00 00 00 00 00 00 00 00 00 00 00 00 00 00  ................ [zeros]
000049A0:  00 00 00 00 00 00 00 00 00 00 00 00 00 00 00 00  ................ [zeros]
000049B0:  00 00 00 00 00 00 00 00 00 00 00 00 00 00 00 00  ................ [zeros]
000049C0:  00 00 00 00 00 00 00 00 00 00 00 00 00 00 00 00  ................ [zeros]
000049D0:  00 00 00 00 00 00 00 00 00 00 00 00 00 00 00 00  ................ [zeros]
000049E0:  00 00 00 00 00 00 00 00 00 00 00 00 00 00 00 00  ................ [zeros]
000049F0:  00 00 00 00 00 00 00 00 00 00 00 00 00 00 00 00  ................ [zeros]
00004A00:  00 00 00 00 00 00 00 00 00 00 00 00 00 00 00 00  ................ [zeros]
00004A10:  00 00 00 00 00 00 00 00 00 00 00 00 00 00 00 00  ................ [zeros]
00004A20:  00 00 00 00 00 00 00 00 00 00 00 00 00 00 00 00  ................ [zeros]
00004A30:  00 00 00 00 00 00 00 00 00 00 00 00 00 00 00 00  ................ [zeros]
00004A40:  00 00 00 00 00 00 00 00 00 00 00 00 00 00 00 00  ................ [zeros]
00004A50:  00 00 00 00 00 00 00 00 00 00 00 00 00 00 00 00  ................ [zeros]
00004A60:  00 00 00 00 00 00 00 00 00 00 00 00 00 00 00 00  ................ [zeros]
00004A70:  00 00 00 00 00 00 00 00 00 00 00 00 00 00 00 00  ................ [zeros]
00004A80:  00 00 00 00 00 00 00 00 00 00 00 00 00 00 00 00  ................ [zeros]
00004A90:  00 00 00 00 00 00 00 00 00 00 00 00 00 00 00 00  ................ [zeros]
00004AA0:  00 00 00 00 00 00 00 00 00 00 00 00 00 00 00 00  ................ [zeros]
00004AB0:  00 00 00 00 00 00 00 00 00 00 00 00 00 00 00 00  ................ [zeros]
00004AC0:  00 00 00 00 00 00 00 00 00 00 00 00 00 00 00 00  ................ [zeros]
00004AD0:  00 00 00 00 00 00 00 00 00 00 00 00 00 00 00 00  ................ [zeros]
00004AE0:  00 00 00 00 00 00 00 00 00 00 00 00 00 00 00 00  ................ [zeros]
00004AF0:  00 00 00 00 00 00 00 00 00 00 00 00 00 00 00 00  ................ [zeros]
00004B00:  00 00 00 00 00 00 00 00 00 00 00 00 00 00 00 00  ................ [zeros]
00004B10:  00 00 00 00 00 00 00 00 00 00 00 00 00 00 00 00  ................ [zeros]
00004B20:  00 00 00 00 00 00 00 00 00 00 00 00 00 00 00 00  ................ [zeros]
00004B30:  00 00 00 00 00 00 00 00 00 00 00 00 00 00 00 00  ................ [zeros]
00004B40:  00 00 00 00 00 00 00 00 00 00 00 00 00 00 00 00  ................ [zeros]
00004B50:  00 00 00 00 00 00 00 00 00 00 00 00 00 00 00 00  ................ [zeros]
00004B60:  00 00 00 00 00 00 00 00 00 00 00 00 00 00 00 00  ................ [zeros]
00004B70:  00 00 00 00 00 00 00 00 00 00 00 00 00 00 00 00  ................ [zeros]
00004B80:  00 00 00 00 00 00 00 00 00 00 00 00 00 00 00 00  ................ [zeros]
00004B90:  00 00 00 00 00 00 00 00 00 00 00 00 00 00 00 00  ................ [zeros]
00004BA0:  00 00 00 00 00 00 00 00 00 00 00 00 00 00 00 00  ................ [zeros]
00004BB0:  00 00 00 00 00 00 00 00 00 00 00 00 00 00 00 00  ................ [zeros]
00004BC0:  00 00 00 00 00 00 00 00 00 00 00 00 00 00 00 00  ................ [zeros]
00004BD0:  00 00 00 00 00 00 00 00 00 00 00 00 00 00 00 00  ................ [zeros]
00004BE0:  00 00 00 00 00 00 00 00 00 00 00 00 00 00 00 00  ................ [zeros]
00004BF0:  00 00 00 00 00 00 00 00 00 00 00 00 00 00 00 00  ................ [zeros]
00004C00:  00 00 00 00 00 00 00 00 00 00 00 00 00 00 00 00  ................ [zeros]
00004C10:  00 00 00 00 00 00 00 00 00 00 00 00 00 00 00 00  ................ [zeros]
00004C20:  00 00 00 00 00 00 00 00 00 00 00 00 00 00 00 00  ................ [zeros]
00004C30:  00 00 00 00 00 00 00 00 00 00 00 00 00 00 00 00  ................ [zeros]
00004C40:  00 00 00 00 00 00 00 00 00 00 00 00 00 00 00 00  ................ [zeros]
00004C50:  00 00 00 00 00 00 00 00 00 00 00 00 00 00 00 00  ................ [zeros]
00004C60:  00 00 00 00 00 00 00 00 00 00 00 00 00 00 00 00  ................ [zeros]
00004C70:  00 00 00 00 00 00 00 00 00 00 00 00 00 00 00 00  ................ [zeros]
00004C80:  00 00 00 00 00 00 00 00 00 00 00 00 00 00 00 00  ................ [zeros]
00004C90:  00 00 00 00 00 00 00 00 00 00 00 00 00 00 00 00  ................ [zeros]
00004CA0:  00 00 00 00 00 00 00 00 00 00 00 00 00 00 00 00  ................ [zeros]
00004CB0:  00 00 00 00 00 00 00 00 00 00 00 00 00 00 00 00  ................ [zeros]
00004CC0:  00 00 00 00 00 00 00 00 00 00 00 00 00 00 00 00  ................ [zeros]
00004CD0:  00 00 00 00 00 00 00 00 00 00 00 00 00 00 00 00  ................ [zeros]
00004CE0:  00 00 00 00 00 00 00 00 00 00 00 00 00 00 00 00  ................ [zeros]
00004CF0:  00 00 00 00 00 00 00 00 00 00 00 00 00 00 00 00  ................ [zeros]
00004D00:  00 00 00 00 00 00 00 00 00 00 00 00 00 00 00 00  ................ [zeros]
00004D10:  00 00 00 00 00 00 00 00 00 00 00 00 00 00 00 00  ................ [zeros]
00004D20:  00 00 00 00 00 00 00 00 00 00 00 00 00 00 00 00  ................ [zeros]
00004D30:  00 00 00 00 00 00 AB D5 8D 16 C9 50 8F EF 8E 54  ...........P...T
00004D40:  5A 7B AC BA F6 CD D2 15 10 A0 19 B3 50 7A 15 D5  Z{..........Pz..
00004D50:  02 34 7D A6 85 17 4F 32 C9 1E 8F 45 24 8C 93 79  .4}...O2...E$..y
00004D60:  09 D1 42 10 88 1B AC C9 63 F6 BB 01 3F 0F CD D7  ..B.....c...?...
00004D70:  79 A5 D9 61 FF B1 AC C9 63 F6 BB 01 3F 0F CD D7  y..a....c...?...
00004D80:  79 A5 D9 61 FF B1 AC C9 63 F6 BB 01 3F 0F CD D7  y..a....c...?...
00004D90:  79 A5 D9 61 FF B1 AC C9 63 F6 BB 01 3F 0F CD D7  y..a....c...?...
00004DA0:  79 A5 D9 61 FF B1 AC C9 63 F6 BB 01 3F 0F CD D7  y..a....c...?...
00004DB0:  79 A5 D9 61 FF B1 AC C9 63 F6 BB 01 3F 0F CD D7  y..a....c...?...
00004DC0:  79 A5 D9 61 FF B1 AC C9 63 F6 BB 01 3F 0F CD D7  y..a....c...?...
00004DD0:  79 A5 D9 61 FF B1 AC C9 63 F6 BB 01 3F 0F CD D7  y..a....c...?...
00004DE0:  79 A5 D9 61 FF B1 AC C9 63 F6 BB 01 3F 0F CD D7  y..a....c...?...
00004DF0:  79 A5 D9 61 FF B1 AC C9 63 F6 BB 01 3F 0F CD D7  y..a....c...?...
00004E00:  79 A5 D9 61 FF B1 AC C9 63 F6 BB 01 3F 0F CD D7  y..a....c...?...
00004E10:  79 A5 D9 61 FF B1 AC C9 63 F6 BB 01 3F 0F CD D7  y..a....c...?...
00004E20:  79 A5 D9 61 FF B1 AC C9 63 F6 BB 01 3F 0F CD D7  y..a....c...?...
00004E30:  79 A5 D9 61 FF B1 AC C9 63 F6 BB 01 3F 0F CD D7  y..a....c...?...
00004E40:  79 A5 D9 61 FF B1 AC C9 63 F6 BB 01 3F 0F CD D7  y..a....c...?...
00004E50:  79 A5 D9 61 FF B1 22 81 AA 00 A3 E8 4E 4E A0 84  y..a..".....NN..
00004E60:  A3 95 7A 35 3D 41 00 00 00 00 00 00 00 00 00 00  ..z5=A..........
00004E70:  00 00 00 00 00 00 00 00 00 00 00 00 00 00 00 00  ................ [zeros]
00004E80:  00 00 00 00 00 00 00 00 00 00 00 00 00 00 00 00  ................ [zeros]
00004E90:  00 00 00 00 00 00 00 00 00 00 00 00 00 00 00 00  ................ [zeros]
00004EA0:  00 00 00 00 00 00 00 00 00 00 00 00 00 00 00 00  ................ [zeros]
00004EB0:  00 00 00 00 00 00 00 00 00 00 00 00 00 00 00 00  ................ [zeros]
00004EC0:  00 00 00 00 00 00 00 00 00 00 00 00 00 00 00 00  ................ [zeros]
00004ED0:  00 00 00 00 00 00 00 00 00 00 00 00 00 00 00 00  ................ [zeros]
00004EE0:  00 00 00 00 00 00 00 00 00 00 00 00 00 00 00 00  ................ [zeros]
00004EF0:  00 00 00 00 00 00 00 00 00 00 00 00 00 00 00 00  ................ [zeros]
00004F00:  00 00 00 00 00 00 00 00 00 00 00 00 00 00 00 00  ................ [zeros]
00004F10:  00 00 00 00 00 00 00 00 00 00 00 00 00 00 00 00  ................ [zeros]
00004F20:  00 00 00 00 00 00 00 00 00 00 00 00 00 00 00 00  ................ [zeros]
00004F30:  00 00 00 00 00 00 00 00 00 00 00 00 00 00 00 00  ................ [zeros]
00004F40:  00 00 00 00 00 00 00 00 00 00 00 00 00 00 00 00  ................ [zeros]
00004F50:  00 00 00 00 00 00 00 00 00 00 00 00 00 00 00 00  ................ [zeros]
00004F60:  00 00 00 00 00 00 88 73 2A 1E 60 5B 64 9B 47 B1  .......s*.`[d.G.
00004F70:  32 5E C4 52 AA 7F AC C9 63 F6 BB 01 3F 0F CD D7  2^.R....c...?...
00004F80:  79 A5 D9 61 FF B1 AC C9 63 F6 BB 01 3F 0F CD D7  y..a....c...?...
00004F90:  79 A5 D9 61 FF B1 AC C9 63 F6 BB 01 3F 0F CD D7  y..a....c...?...
00004FA0:  79 A5 D9 61 FF B1 AC C9 63 F6 BB 01 3F 0F CD D7  y..a....c...?...
00004FB0:  79 A5 D9 61 FF B1 AC C9 63 F6 BB 01 3F 0F CD D7  y..a....c...?...
00004FC0:  79 A5 D9 61 FF B1 AC C9 63 F6 BB 01 3F 0F CD D7  y..a....c...?...
00004FD0:  79 A5 D9 61 FF B1 AC C9 63 F6 BB 01 3F 0F CD D7  y..a....c...?...
00004FE0:  79 A5 D9 61 FF B1 AC C9 63 F6 BB 01 3F 0F CD D7  y..a....c...?...
00004FF0:  79 A5 D9 61 FF B1 AC C9 63 F6 BB 01 3F 0F CD D7  y..a....c...?...
00005000:  79 A5 D9 61 FF B1 AC C9 63 F6 BB 01 3F 0F CD D7  y..a....c...?...
00005010:  79 A5 D9 61 FF B1 AC C9 63 F6 BB 01 3F 0F CD D7  y..a....c...?...
00005020:  79 A5 D9 61 FF B1 AC C9 63 F6 BB 01 3F 0F CD D7  y..a....c...?...
00005030:  79 A5 D9 61 FF B1 AC C9 63 F6 BB 01 3F 0F CD D7  y..a....c...?...
00005040:  79 A5 D9 61 FF B1 AC C9 63 F6 BB 01 3F 0F CD D7  y..a....c...?...
00005050:  79 A5 D9 61 FF B1 AC C9 63 F6 BB 01 3F 0F CD D7  y..a....c...?...
00005060:  79 A5 D9 61 FF B1 D1 7C 9E D1 DC 2C 4F A8 78 1E  y..a...|...,O.x.
00005070:  27 8F C4 69 12 3F AC C9 63 F6 BB 01 3F 0F CD D7  '..i.?..c...?...
00005080:  79 A5 D9 61 FF B1 AC C9 63 F6 BB 01 3F 0F CD D7  y..a....c...?...
00005090:  79 A5 D9 61 FF B1 AC C9 63 F6 BB 01 3F 0F CD D7  y..a....c...?...
000050A0:  79 A5 D9 61 FF B1 AC C9 63 F6 BB 01 3F 0F CD D7  y..a....c...?...
000050B0:  79 A5 D9 61 FF B1 AC C9 63 F6 BB 01 3F 0F CD D7  y..a....c...?...
000050C0:  79 A5 D9 61 FF B1 AC C9 63 F6 BB 01 3F 0F CD D7  y..a....c...?...
000050D0:  79 A5 D9 61 FF B1 AC C9 63 F6 BB 01 3F 0F CD D7  y..a....c...?...
000050E0:  79 A5 D9 61 FF B1 AC C9 63 F6 BB 01 3F 0F CD D7  y..a....c...?...
000050F0:  79 A5 D9 61 FF B1 AC C9 63 F6 BB 01 3F 0F CD D7  y..a....c...?...
00005100:  79 A5 D9 61 FF B1 AC C9 63 F6 BB 01 3F 0F CD D7  y..a....c...?...
00005110:  79 A5 D9 61 FF B1 AC C9 63 F6 BB 01 3F 0F CD D7  y..a....c...?...
00005120:  79 A5 D9 61 FF B1 AC C9 63 F6 BB 01 3F 0F CD D7  y..a....c...?...
00005130:  79 A5 D9 61 FF B1 AC C9 63 F6 BB 01 3F 0F CD D7  y..a....c...?...
00005140:  79 A5 D9 61 FF B1 AC C9 63 F6 BB 01 3F 0F CD D7  y..a....c...?...
00005150:  79 A5 D9 61 FF B1 AC C9 63 F6 BB 01 3F 0F CD D7  y..a....c...?...
00005160:  79 A5 D9 61 FF B1 E0 CA 88 BD 56 93 15 80 CD 44  y..a......V....D
00005170:  C4 6A A0 01 22 B6 00 00 00 00 00 00 00 00 00 00  .j.."...........
00005180:  00 00 00 00 00 00 00 00 00 00 00 00 00 00 00 00  ................ [zeros]
00005190:  00 00 00 00 00 00 00 00 00 00 00 00 00 00 00 00  ................ [zeros]
000051A0:  00 00 00 00 00 00 00 00 00 00 00 00 00 00 00 00  ................ [zeros]
000051B0:  00 00 00 00 00 00 D8 BF BA C7 92 F8 BB DF 6C 22  ..............l"
000051C0:  94 9C A5 37 7A 9E 3F FA 15 0A 7A 94 63 72 31 04  ...7z.?...z.cr1.
000051D0:  0E C0 17 4A B1 CB 3F FA 15 0A 7A 94 63 72 31 04  ...J..?...z.cr1.
000051E0:  0E C0 17 4A B1 CB BA 49 E1 F4 B4 B3 C1 EA D9 86  ...J...I........
000051F0:  27 FE 4C BE 31 00 60 95 BB 6C DA 0E 84 0C 28 A8  '.L.1.`..l....(.
00005200:  48 E0 79 3E A5 7A 49 19 DB 6A B8 EC 5E 2A 21 61  H.y>.zI..j..^*!a
00005210:  19 B2 99 8F 3D E3 24 B7 6E 78 22 6A 34 16 FA F7  ....=.$.nx"j4...
00005220:  97 16 62 0B E3 D6 39 DF E7 49 18 4B 1D 1B DB 24  ..b...9..I.K...$
00005230:  F9 D2 0A D8 61 25 24 2F DC 6E 3D BD 1F 07 DE 5D  ....a%$/.n=....]
00005240:  C9 B5 70 BC 4B 86 00 00 00 00 00 00 00 00 00 00  ..p.K...........
00005250:  00 00 00 00 00 00 00 00 00 00 00 00 00 00 00 00  ................ [zeros]
00005260:  00 00 00 00 00 00 00 00 00 00 00 00 00 00 00 00  ................ [zeros]
00005270:  00 00 00 00 00 00 00 00 00 00 00 00 00 00 00 00  ................ [zeros]
00005280:  00 00 00 00 00 00 00 00 00 00 00 00 00 00 00 00  ................ [zeros]
00005290:  00 00 00 00 00 00 00 00 00 00 00 00 00 00 00 00  ................ [zeros]
000052A0:  00 00 00 00 00 00 00 00 00 00 00 00 00 00 00 00  ................ [zeros]
000052B0:  00 00 00 00 00 00 00 00 00 00 00 00 00 00 00 00  ................ [zeros]
000052C0:  00 00 00 00 00 00 00 00 00 00 00 00 00 00 00 00  ................ [zeros]
000052D0:  00 00 00 00 00 00 00 00 00 00 00 00 00 00 00 00  ................ [zeros]
000052E0:  00 00 00 00 00 00 00 00 00 00 00 00 00 00 00 00  ................ [zeros]
000052F0:  00 00 00 00 00 00 00 00 00 00 00 00 00 00 00 00  ................ [zeros]
00005300:  00 00 00 00 00 00 35 62 45 F8 F9 8E 01 76 DF 71  ......5bE....v.q
00005310:  0A D5 52 C1 A3 D1 F5 4F 5E B9 FA 4F 01 E1 A2 08  ..R....O^..O....
00005320:  F5 CE 48 3A BC FA 78 D8 3A 71 73 4A C2 13 4C 00  ..H:..x.:qsJ..L.
00005330:  06 54 79 EC 57 8C 7D 7B C5 30 65 5F 11 BF 46 29  .Ty.W.}{.0e_..F)
00005340:  FD F8 52 FA F0 1B 0C 9D 9B 20 E7 59 79 EA 9D 3D  ..R...... .Yy..=
00005350:  1F 4E F6 70 D4 26 8D 54 16 B7 A4 2A E2 8C 0D 7E  .N.p.&.T...*...~
00005360:  A1 BB 30 14 3B 74 74 3A 1F 5F 29 1D FF A8 7F 51  ..0.;tt:._)....Q
00005370:  84 A8 69 6F B6 99 69 EA C8 30 11 CC 25 3C 2C 8F  ..io..i..0..%<,.
00005380:  E9 0F DA 68 25 DA 9E F6 3C 9E D1 C0 96 CF 7E 23  ...h%...<.....~#
00005390:  42 EC 5B CD 10 6F C7 08 EA 5B A5 94 D9 50 C1 86  B.[..o...[...P..
000053A0:  BB 27 44 10 83 9C 49 ED 88 97 1C C4 56 D1 E0 31  .'D...I.....V..1
000053B0:  F7 75 4F 72 8C 52 24 7C 81 25 76 83 36 1A ED 08  .uOr.R$|.%v.6...
000053C0:  26 2F F4 AD EC B0 8A EB 80 A6 B8 F4 D0 89 C8 43  &/.............C
000053D0:  E1 63 52 D5 73 3B 3A 45 8A 3E D1 58 16 3D A7 D4  .cR.s;:E.>.X.=..
000053E0:  86 EA 92 9C 2D 45 00 00 00 00 00 00 00 00 00 00  ....-E..........
000053F0:  00 00 00 00 00 00 C3 AC AA E3 35 B1 DF C3 EE 0B  ..........5.....
00005400:  42 69 06 23 A6 40 80 64 27 61 E8 38 A7 68 24 7E  Bi.#.@.d'a.8.h$~
00005410:  1F 3B 13 25 AC 2B E3 2E 3B C5 0A 75 F8 36 24 5A  .;.%.+..;..u.6$Z
00005420:  64 32 19 51 FC DC 6B 6C 4C 3A 58 23 AE A9 83 F4  d2.Q..klL:X#....
00005430:  70 62 A5 6D ED 61 F3 04 72 12 F6 FA E0 6A CE C5  pb.m.a..r....j..
00005440:  7A 23 E9 B1 90 9E 78 42 7A 48 CF F3 43 DE 6A 63  z#....xBzH..C.jc
00005450:  1F 84 F6 0E 4A 77 A8 C2 BA 9A 7D 53 93 6F 09 7F  ....Jw....}S.o..
00005460:  8B 0B 03 1B E9 61 3A 45 8A 3E D1 58 16 3D A7 D4  .....a:E.>.X.=..
00005470:  86 EA 92 9C 2D 45 00 00 00 00 00 00 00 00 00 00  ....-E..........
00005480:  00 00 00 00 00 00 00 00 00 00 00 00 00 00 00 00  ................ [zeros]
00005490:  00 00 00 00 00 00 00 00 00 00 00 00 00 00 00 00  ................ [zeros]
000054A0:  00 00 00 00 00 00 00 00 00 00 00 00 00 00 00 00  ................ [zeros]
000054B0:  00 00 00 00 00 00 00 00 00 00 00 00 00 00 00 00  ................ [zeros]
000054C0:  00 00 00 00 00 00 00 00 00 00 00 00 00 00 00 00  ................ [zeros]
000054D0:  00 00 00 00 00 00 00 00 00 00 00 00 00 00 00 00  ................ [zeros]
000054E0:  00 00 00 00 00 00 00 00 00 00 00 00 00 00 00 00  ................ [zeros]
000054F0:  00 00 00 00 00 00 00 00 00 00 00 00 00 00 00 00  ................ [zeros]
00005500:  00 00 00 00 00 00 00 00 00 00 00 00 00 00 00 00  ................ [zeros]
00005510:  00 00 00 00 00 00 00 00 00 00 00 00 00 00 00 00  ................ [zeros]
00005520:  00 00 00 00 00 00 00 00 00 00 00 00 00 00 00 00  ................ [zeros]
00005530:  00 00 00 00 00 00 00 00 00 00 00 00 00 00 00 00  ................ [zeros]
00005540:  00 00 00 00 00 00 CD E8 A3 CF B4 AF EB 88 35 36  ..............56
00005550:  E0 7F 47 60 36 15 CF 09 18 6D 6B 30 C1 E6 F9 3F  ..G`6....mk0...?
00005560:  A8 64 45 63 48 E8 40 E3 C3 F8 7C 16 D1 7B CA 12  .dEcH.@...|..{..
00005570:  E3 F4 2B B3 0A 86 0D 96 1A ED D6 83 C1 AF A8 F0  ..+.............
00005580:  2B 10 85 9A 3E E3 CF 09 18 6D 6B 30 C1 E6 F9 3F  +...>....mk0...?
00005590:  A8 64 45 63 48 E8 40 E3 C3 F8 7C 16 D1 7B CA 12  .dEcH.@...|..{..
000055A0:  E3 F4 2B B3 0A 86 0D 96 1A ED D6 83 C1 AF A8 F0  ..+.............
000055B0:  2B 10 85 9A 3E E3 CF 09 18 6D 6B 30 C1 E6 F9 3F  +...>....mk0...?
000055C0:  A8 64 45 63 48 E8 A5 4A 7D 38 42 41 E6 F7 55 46  .dEcH..J}8BA..UF
000055D0:  28 C5 27 EB 58 D6 AD 12 C2 15 04 86 07 6F 32 3A  (.'.X........o2:
000055E0:  8F 43 BB 94 D1 71 D7 11 35 AD 5C 38 89 7B 23 05  .C...q..5.\8.{#.
000055F0:  FB 12 FC A7 65 33 D5 3F 30 4B EA 8F 7D AA 25 D1  ....e3.?0K..}.%.
00005600:  84 A0 4D 8D BD 7F F8 2E 69 2F DB E9 62 35 D3 E0  ..M.....i/..b5..
00005610:  61 BE B6 18 49 8A 6B 6C 4C 3A 58 23 AE A9 83 F4  a...I.klL:X#....
00005620:  70 62 A5 6D ED 61 00 00 00 00 00 00 00 00 00 00  pb.m.a..........
00005630:  00 00 00 00 00 00 C3 AC AA E3 35 B1 DF C3 EE 0B  ..........5.....
00005640:  42 69 06 23 A6 40 78 42 7A 48 CF F3 43 DE 6A 63  Bi.#.@xBzH..C.jc
00005650:  1F 84 F6 0E 4A 77 00 00 00 00 00 00 00 00 00 00  ....Jw..........
00005660:  00 00 00 00 00 00 E3 2E 3B C5 0A 75 F8 36 24 5A  ........;..u.6$Z
00005670:  64 32 19 51 FC DC 3A 45 8A 3E D1 58 16 3D A7 D4  d2.Q..:E.>.X.=..
00005680:  86 EA 92 9C 2D 45 00 00 00 00 00 00 00 00 00 00  ....-E..........
00005690:  00 00 00 00 00 00 F3 04 72 12 F6 FA E0 6A CE C5  ........r....j..
000056A0:  7A 23 E9 B1 90 9E 00 00 00 00 00 00 00 00 00 00  z#..............
000056B0:  00 00 00 00 00 00 80 64 27 61 E8 38 A7 68 24 7E  .......d'a.8.h$~
000056C0:  1F 3B 13 25 AC 2B A8 C2 BA 9A 7D 53 93 6F 09 7F  .;.%.+....}S.o..
000056D0:  8B 0B 03 1B E9 61 00 00 00 00 00 00 00 00 00 00  .....a..........
000056E0:  00 00 00 00 00 00 6B 6C 4C 3A 58 23 AE A9 83 F4  ......klL:X#....
000056F0:  70 62 A5 6D ED 61 00 00 00 00 00 00 00 00 00 00  pb.m.a..........
00005700:  00 00 00 00 00 00 C3 AC AA E3 35 B1 DF C3 EE 0B  ..........5.....
00005710:  42 69 06 23 A6 40 78 42 7A 48 CF F3 43 DE 6A 63  Bi.#.@xBzH..C.jc
00005720:  1F 84 F6 0E 4A 77 00 00 00 00 00 00 00 00 00 00  ....Jw..........
00005730:  00 00 00 00 00 00 E3 2E 3B C5 0A 75 F8 36 24 5A  ........;..u.6$Z
00005740:  64 32 19 51 FC DC 3A 45 8A 3E D1 58 16 3D A7 D4  d2.Q..:E.>.X.=..
00005750:  86 EA 92 9C 2D 45 00 00 00 00 00 00 00 00 00 00  ....-E..........
00005760:  00 00 00 00 00 00 F3 04 72 12 F6 FA E0 6A CE C5  ........r....j..
00005770:  7A 23 E9 B1 90 9E 00 00 00 00 00 00 00 00 00 00  z#..............
00005780:  00 00 00 00 00 00 80 64 27 61 E8 38 A7 68 24 7E  .......d'a.8.h$~
00005790:  1F 3B 13 25 AC 2B A8 C2 BA 9A 7D 53 93 6F 09 7F  .;.%.+....}S.o..
000057A0:  8B 0B 03 1B E9 61 00 00 00 00 00 00 00 00 00 00  .....a..........
000057B0:  00 00 00 00 00 00 6B 6C 4C 3A 58 23 AE A9 83 F4  ......klL:X#....
000057C0:  70 62 A5 6D ED 61 00 00 00 00 00 00 00 00 00 00  pb.m.a..........
000057D0:  00 00 00 00 00 00 00 00 00 00 00 00 00 00 00 00  ................ [zeros]
000057E0:  00 00 00 00 00 00 00 00 00 00 00 00 00 00 00 00  ................ [zeros]
000057F0:  00 00 00 00 00 00 00 00 00 00 00 00 00 00 00 00  ................ [zeros]
00005800:  00 00 00 00 00 00 00 00 00 00 00 00 00 00 00 00  ................ [zeros]
00005810:  00 00 00 00 00 00 30 BD CB 3C 0E 99 0C DD C2 64  ......0..<.....d
00005820:  C3 40 EC E9 87 99 B1 CA BC 70 9B 1C 98 2F 66 93  .@.......p.../f.
00005830:  60 BC 1D CB 39 A0 BB DE 52 FB 08 0D B5 87 AC 5D  `...9...R......]
00005840:  D5 B9 86 49 FE 6F 46 57 BA 4B 50 3A 41 25 8F A1  ...I.oFW.KP:A%..
00005850:  70 D5 A8 BA CE 9F 00 00 00 00 00 00 00 00 00 00  p...............
00005860:  00 00 00 00 00 00 8E 3E FA 9C 6E 2D E4 CF 04 3B  .......>..n-...;
00005870:  67 8A 64 A9 3E 55 4D 6E 94 7A 9E 8C D4 AC E3 CD  g.d.>UMn.z......
00005880:  DB D2 93 97 C3 E3 EA 84 8F 3D 8B 13 43 92 98 31  .........=..C..1
00005890:  B6 2E EF BF 3A 1C D8 DD 48 1D 8D 0C 4B 09 CD BF  ....:...H...K...
000058A0:  75 7F 37 22 AD B7 BA CB 89 DA 50 A1 3A B4 B3 B5  u.7"......P.:...
000058B0:  25 F4 99 94 06 E4 00 00 00 00 00 00 00 00 00 00  %...............
000058C0:  00 00 00 00 00 00 AF 5B 98 E9 A9 44 21 F3 F6 01  .......[...D!...
000058D0:  C6 22 96 9A 52 3F 62 CE 90 AA C9 40 CB FB 87 24  ."..R?b....@...$
000058E0:  60 DE FF E1 CB BF 57 AE 24 AD 86 19 9C B5 E8 46  `.....W.$......F
000058F0:  A7 70 F6 E5 AB BB B2 30 95 C1 0F 74 A0 E8 0C 86  .p.....0...t....
00005900:  31 9A AD 5D 8D B8 93 23 EA 7E 59 F8 20 78 26 F2  1..]...#.~Y. x&.
00005910:  45 A6 8C A4 4C 8C 5D 60 A4 DC 0D 9E 2C 64 46 E5  E...L.]`....,dF.
00005920:  11 69 FC CE 95 E7 62 A7 2E 1A 93 6E 06 B2 E9 AD  .i....b....n....
00005930:  27 CA C4 34 F5 B6 5B 96 5C CE EA C7 14 EA B5 C5  '..4..[.\.......
00005940:  2D A7 F4 A3 71 A2 00 00 00 00 00 00 00 00 00 00  -...q...........
00005950:  00 00 00 00 00 00 00 00 00 00 00 00 00 00 00 00  ................ [zeros]
00005960:  00 00 00 00 00 00 00 00 00 00 00 00 00 00 00 00  ................ [zeros]
00005970:  00 00 00 00 00 00 00 00 00 00 00 00 00 00 00 00  ................ [zeros]
00005980:  00 00 00 00 00 00 00 00 00 00 00 00 00 00 00 00  ................ [zeros]
00005990:  00 00 00 00 00 00 00 00 00 00 00 00 00 00 00 00  ................ [zeros]
000059A0:  00 00 00 00 00 00 00 00 00 00 00 00 00 00 00 00  ................ [zeros]
000059B0:  00 00 00 00 00 00 02 5F 84 5C 8D 68 04 4A E4 28  ......._.\.h.J.(
000059C0:  BB 96 86 97 32 9F 0D EB 91 30 C4 D8 59 82 92 B7  ....2....0..Y...
000059D0:  6A 53 BC EE C1 E9 DA 62 E6 87 D7 B8 5A AB 89 F5  jS.....b....Z...
000059E0:  55 25 30 CD 6B 19 32 7E FC 58 B1 32 FB 02 DD 4E  U%0.k.2~.X.2...N
000059F0:  28 11 E2 50 86 27 F1 CB E1 81 AE 04 B0 69 C5 5D  (..P.'.......i.]
00005A00:  7B 08 97 75 5B D4 7B 36 C0 D5 C3 02 DF F0 02 21  {..u[.{6.......!
00005A10:  92 76 F9 BD F8 3D 14 96 F0 2E 5F 3C 2F 38 69 0A  .v...=...._</8i.
00005A20:  A0 FB 02 69 89 46 52 DB EC 7A 7D 2D 38 FD 21 E3  ...i.FR..z}-8.!.
00005A30:  6E 1E DD F9 07 32 02 7C 6B A5 DD 51 38 A8 5D 3A  n....2.|k..Q8.]:
00005A40:  55 B1 AD B5 8D 4F 8E A6 78 3C DC 67 6B 2B 2E E8  U....O..x<.gk+..
00005A50:  C4 82 2C 37 CB 11 35 1E 78 3B 19 09 64 05 D0 17  ..,7..5.x;..d...
00005A60:  4A 49 8E 22 B4 39 F6 77 70 63 44 84 84 F3 E4 3C  JI.".9.wpcD....<
00005A70:  4E A8 98 70 50 52 53 3B D3 A3 3B 5A 98 D9 13 ED  N..pPRS;..;Z....
00005A80:  A0 D0 C0 65 FF 8C 0A F5 4D FF B5 57 91 B1 B0 FD  ...e....M..W....
00005A90:  B1 13 A1 D0 2C 82 D5 82 3B 9E E3 DE E7 27 4B D1  ....,...;....'K.
00005AA0:  5E 48 3D 80 7E E9 13 07 06 F9 23 62 FC 61 FE 58  ^H=.~.....#b.a.X
00005AB0:  0D 5C 30 C3 57 B1 AF 42 99 C7 97 14 21 71 7E DB  .\0.W..B....!q~.
00005AC0:  47 37 20 F1 D8 D5 6F B1 75 17 42 62 DD 96 F3 A9  G7 ...o.u.Bb....
00005AD0:  59 0D 0B CA 22 EB BA 2D 08 9C 12 EE CD 0A 62 76  Y..."..-......bv
00005AE0:  87 DD 4B 6E 4E 4F FA D0 EA C1 51 07 FF 0C 0B 59  ..KnNO....Q....Y
00005AF0:  21 0A 1C 6E 8E 5C 60 FA F4 54 43 DD 88 61 E6 64  !..n.\`..TC..a.d
00005B00:  9D A5 14 01 9F A4 8A 28 11 40 58 DF 29 B9 7C B9  .......(.@X.).|.
00005B10:  D8 29 97 08 9B 1B 3B 0D D4 8C CE DD 42 6F 51 5A  .)....;.....BoQZ
00005B20:  50 02 9E 36 C2 73 63 30 06 7C A7 4F D8 CB 33 4A  P..6.sc0.|.O..3J
00005B30:  A4 0A 95 79 A8 94 E0 FB 42 11 F0 ED 50 6A 57 C0  ...y....B...PjW.
00005B40:  B1 41 32 13 BE C6 A9 6D 41 3F 5D 51 4F EB 66 04  .A2....mA?]QO.f.
00005B50:  4E 72 92 71 75 24 00 00 00 00 00 00 00 00 00 00  Nr.qu$..........
00005B60:  00 00 00 00 00 00 00 00 00 00 00 00 00 00 00 00  ................ [zeros]
00005B70:  00 00 00 00 00 00 00 00 00 00 00 00 00 00 00 00  ................ [zeros]
00005B80:  00 00 00 00 00 00 00 00 00 00 00 00 00 00 00 00  ................ [zeros]
00005B90:  00 00 00 00 00 00 00 00 00 00 00 00 00 00 00 00  ................ [zeros]
00005BA0:  00 00 00 00 00 00 00 00 00 00 00 00 00 00 00 00  ................ [zeros]
00005BB0:  00 00 00 00 00 00 00 00 00 00 00 00 00 00 00 00  ................ [zeros]
00005BC0:  00 00 00 00 00 00 08 5B 63 A5 62 48 70 F9 00 1A  .......[c.bHp...
00005BD0:  EB A8 FF 2E 1A 01 EC DD 08 34 B3 93 6E 2F 80 92  .........4..n/..
00005BE0:  5D 5C F1 5E 5F 7A FE A7 F9 8E D1 06 18 5F 8E C8  ]\.^_z......._..
00005BF0:  D4 A8 55 F6 A9 09 25 B0 F9 E8 B2 D8 A9 08 D1 E9  ..U...%.........
00005C00:  3C 51 AC 47 7C 57 A2 0B EC 02 8A 02 D7 08 7A D4  <Q.G|W........z.
00005C10:  C5 45 FE 13 7A 17 22 23 3A D8 30 9D D6 5A CF 4D  .E..z."#:.0..Z.M
00005C20:  5C 9D B9 18 98 89 AF 3B FF 73 1A B1 E0 4D D1 08  \......;.s...M..
00005C30:  B8 5E 53 8A 5A CF AE E7 F2 0B 56 55 5D 72 83 BA  .^S.Z.....VU]r..
00005C40:  E9 BE E0 8B A1 1C 84 C2 21 3C 1C 3A 25 9B 7E 18  ........!<.:%.~.
00005C50:  D3 BE 12 42 D5 30 32 E7 0D BA 58 53 DB F5 0B 0B  ...B.02...XS....
00005C60:  F2 42 E6 82 0A 7C E2 5F CB BB 4A 05 BD 57 4C A5  .B...|._..J..WL.
00005C70:  75 37 E4 D1 46 97 15 A5 59 59 2F 48 32 E8 2C 72  u7..F...YY/H2.,r
00005C80:  F0 2F 7E E6 BE 49 81 3F 12 A6 16 71 64 1C AB 7C  ./~..I.?...qd..|
00005C90:  65 03 17 63 5E 10 F6 4A 4A EE B3 42 F7 AB 86 12  e..c^..JJ..B....
00005CA0:  0B 4E 1E 9F A5 38 75 72 12 BB 02 76 71 F2 D2 5C  .N...8ur...vq..\
00005CB0:  97 8A D8 48 E7 5A 00 00 00 00 00 00 00 00 00 00  ...H.Z..........
00005CC0:  00 00 00 00 00 00 00 00 00 00 00 00 00 00 00 00  ................ [zeros]
00005CD0:  00 00 00 00 00 00 00 00 00 00 00 00 00 00 00 00  ................ [zeros]
00005CE0:  00 00 00 00 00 00 00 00 00 00 00 00 00 00 00 00  ................ [zeros]
00005CF0:  00 00 00 00 00 00 00 00 00 00 00 00 00 00 00 00  ................ [zeros]
00005D00:  00 00 00 00 00 00 00 00 00 00 00 00 00 00 00 00  ................ [zeros]
00005D10:  00 00 00 00 00 00 00 00 00 00 00 00 00 00 00 00  ................ [zeros]
00005D20:  00 00 00 00 00 00 00 00 00 00 00 00 00 00 00 00  ................ [zeros]
00005D30:  00 00 00 00 00 00 00 00 00 00 00 00 00 00 00 00  ................ [zeros]
00005D40:  00 00 00 00 00 00 00 00 00 00 00 00 00 00 00 00  ................ [zeros]
00005D50:  00 00 00 00 00 00 00 00 00 00 00 00 00 00 00 00  ................ [zeros]
00005D60:  00 00 00 00 00 00 00 00 00 00 00 00 00 00 00 00  ................ [zeros]
00005D70:  00 00 00 00 00 00 00 00 00 00 00 00 00 00 00 00  ................ [zeros]
00005D80:  00 00 00 00 00 00 DA FC CD 95 DD 82 4E A9 C3 9B  ............N...
00005D90:  26 A0 37 4C 70 26 00 00 00 00 00 00 00 00 00 00  &.7Lp&..........
00005DA0:  00 00 00 00 00 00 48 13 D5 9C A5 C8 77 0B BA D1  ......H.....w...
00005DB0:  C0 43 CC E9 E5 4A B8 E3 7B DD 1C 8D 0D 42 86 2C  .C...J..{....B.,
00005DC0:  52 F6 96 24 D9 7F 21 2C 37 F1 A1 64 48 23 9D F3  R..$..!,7..dH#..
00005DD0:  6A 15 78 00 3C 94 3C A2 64 91 39 FF F2 88 A3 06  j.x.<.<.d.9.....
00005DE0:  F5 D1 63 DF DC C3 00 00 00 00 00 00 00 00 00 00  ..c.............
00005DF0:  00 00 00 00 00 00 22 75 1E BB FD AA AA 99 A9 B4  ......"u........
00005E00:  91 08 AB 78 F4 5A C3 4F 2C 66 A7 AC 9C 4D 14 FC  ...x.Z.O,f...M..
00005E10:  A1 02 59 98 DE B5 CC CC ED 6B FF 3E 85 C3 AF 89  ..Y......k.>....
00005E20:  E2 BF 5A D7 99 95 87 50 3A D4 A2 25 B3 0F C4 DA  ..Z....P:..%....
00005E30:  C4 FB 7E CD 14 E0 02 D0 D9 03 20 74 17 09 69 13  ..~....... t..i.
00005E40:  22 ED 75 60 4A CE A2 1C 54 71 79 C5 3E F5 FA 9E  ".u`J...Tqy.>...
00005E50:  51 AA 76 C7 90 4A B6 13 73 A5 BD 39 6B ED 33 A7  Q.v..J..s..9k.3.
00005E60:  DC EB E0 3D 67 88 12 B0 02 54 7D D7 70 EB 74 F0  ...=g....T}.p.t.
00005E70:  23 84 4B 60 C6 61 90 FA 2F F6 85 2B 4F 31 12 34  #.K`.a../..+O1.4
00005E80:  35 B0 59 70 25 DA 90 AB E1 F7 EA 5B C2 7B 6E 0F  5.Yp%......[.{n.
00005E90:  5C 0C AC E0 F7 E4 3D 27 77 95 CC 73 82 91 D9 AE  \.....='w..s....
00005EA0:  3D 76 0A D5 07 BC E5 37 6B 22 32 1F 85 B9 10 0E  =v.....7k"2.....
00005EB0:  57 D2 15 1D EE 20 57 B7 00 10 FD F9 A6 41 44 50  W.... W......ADP
00005EC0:  89 0E 57 5C D3 4A 07 27 04 E9 45 BD D5 9F AC CD  ..W\.J.'..E.....
00005ED0:  3F 76 B2 69 D0 0D D1 8E 8E 2D D5 22 7E 5C 8A 35  ?v.i.....-."~\.5
00005EE0:  A5 7C 8E FB D4 DA 02 DE B6 D3 81 D6 7F 01 5A 3D  .|............Z=
00005EF0:  D0 BF 7D 3B F0 5F AE 60 62 BC A8 CC 8B 54 CA 20  ..};._.`b....T. 
00005F00:  60 EA 1F 7E 35 AC 72 ED 59 EE 87 E0 0A DD DD 9C  `..~5.r.Y.......
00005F10:  00 BE 1A 10 AE DF A0 02 A0 A3 6F 79 03 C5 6F 68  ..........oy..oh
00005F20:  F3 A4 98 3F 29 E9 26 80 4D F4 9B 45 80 C2 79 90  ...?).&.M..E..y.
00005F30:  2B DC D6 F3 AB 19 DF 8A A3 5D EE 64 A1 D8 3E FB  +........].d..>.
00005F40:  3E 07 13 30 8E C9 D7 CA 77 2E A6 E5 A1 25 C4 80  >..0....w....%..
00005F50:  52 93 E2 37 15 C5 F5 D7 26 B4 F1 B0 81 58 85 AA  R..7....&....X..
00005F60:  98 DC 27 AD 00 69 55 06 00 33 A5 FE 49 13 F2 61  ..'..iU..3..I..a
00005F70:  DD A5 85 68 2E F2 0E 11 E5 A4 FF 13 48 09 D1 EB  ...h........H...
00005F80:  D6 33 5A 10 A0 81 80 96 F8 07 6A 1A 06 34 B9 0B  .3Z.......j..4..
00005F90:  BA 92 1C D4 52 AA 00 00 00 00 00 00 00 00 00 00  ....R...........
00005FA0:  00 00 00 00 00 00 EE F0 FB BB 55 78 23 CC 87 39  ..........Ux#..9
00005FB0:  8B 56 D0 DE 53 E5 59 6B 9E 55 15 83 FB 53 14 59  .V..S.Yk.U...S.Y
00005FC0:  46 B7 D8 E0 70 6E 00 00 00 00 00 00 00 00 00 00  F...pn..........
00005FD0:  00 00 00 00 00 00 00 00 00 00 00 00 00 00 00 00  ................ [zeros]
00005FE0:  00 00 00 00 00 00 00 00 00 00 00 00 00 00 00 00  ................ [zeros]
00005FF0:  00 00 00 00 00 00 00 00 00 00 00 00 00 00 00 00  ................ [zeros]
00006000:  00 00 00 00 00 00 00 00 00 00 00 00 00 00 00 00  ................ [zeros]
00006010:  00 00 00 00 00 00 00 00 00 00 00 00 00 00 00 00  ................ [zeros]
00006020:  00 00 00 00 00 00 00 00 00 00 00 00 00 00 00 00  ................ [zeros]
00006030:  00 00 00 00 00 00 00 00 00 00 00 00 00 00 00 00  ................ [zeros]
00006040:  00 00 00 00 00 00 00 00 00 00 00 00 00 00 00 00  ................ [zeros]
00006050:  00 00 00 00 00 00 00 00 00 00 00 00 00 00 00 00  ................ [zeros]
00006060:  00 00 00 00 00 00 00 00 00 00 00 00 00 00 00 00  ................ [zeros]
00006070:  00 00 00 00 00 00 00 00 00 00 00 00 00 00 00 00  ................ [zeros]
00006080:  00 00 00 00 00 00 00 00 00 00 00 00 00 00 00 00  ................ [zeros]
00006090:  00 00 00 00 00 00 00 00 00 00 00 00 00 00 00 00  ................ [zeros]
000060A0:  00 00 00 00 00 00 40 14 EC F4 0C 80 29 38 AF 9F  ......@.....)8..
000060B0:  CC 06 09 7F AE 29 00 00 00 00 00 00 00 00 00 00  .....)..........
000060C0:  00 00 00 00 00 00 79 94 90 94 72 65 7E 7F FD 38  ......y...re~..8
000060D0:  02 7D 83 D4 F0 CF 2E B4 89 47 C4 37 B5 38 46 03  .}.......G.7.8F.
000060E0:  78 0D B1 DB D0 6E CD BB 43 14 4A BD DC 3D 82 DC  x....n..C.J..=..
000060F0:  70 88 B2 A6 E3 B7 26 FB 38 57 FC 2C 0D FF 05 00  p.....&.8W.,....
00006100:  82 F1 03 B4 87 F9 0C 1D 4F FF 7A EE E0 4B 01 77  ........O.z..K.w
00006110:  07 D2 73 29 35 5A 1A 6D 0D 7F 44 D0 E3 47 06 0B  ..s)5Z.m..D..G..
00006120:  9A 6C 9D CC F7 10 BF 5C 07 0F BD BA 29 6A BB 67  .l.....\....)j.g
00006130:  28 CA 3C 9F AA 6F 1C F1 0F 15 D2 4E 6F 85 13 1A  (.<..o.....No...
00006140:  FB AC 39 28 50 E9 87 1F 24 5F 2C 80 ED 24 E8 D2  ..9(P...$_,..$..
00006150:  5C 10 DB D4 E7 D8 0A 35 79 AB 22 62 60 A4 32 07  \......5y."b`.2.
00006160:  FB 40 90 10 4E 8A 84 B0 43 B6 2C A7 15 E2 B1 A4  .@..N...C.,.....
00006170:  95 CC D8 05 1D 81 31 7C BC 3B 02 AD 35 B4 2F 68  ......1|.;..5./h
00006180:  70 78 A7 FA 49 71 46 92 4A CC 7F 21 24 54 63 26  px..IqF.J..!$Tc&
00006190:  EF 47 12 DC A5 AE 3B 06 C4 32 50 1D A1 B0 C8 38  .G....;..2P....8
000061A0:  5A 6D 0C 41 54 84 14 0E 2B DA 18 7D 22 95 7A CA  Zm.AT...+..}".z.
000061B0:  69 21 60 73 C6 E3 7E 98 F0 5F CF 42 69 B3 56 E8  i!`s..~.._.Bi.V.
000061C0:  FF 5C 6B E8 83 B9 41 86 4F 3C A7 63 AB EA D4 88  .\k...A.O<.c....
000061D0:  6C 05 D7 42 84 84 CD 82 77 7C 35 2E 7B A0 DF AA  l..B....w|5.{...
000061E0:  82 4F 46 9D 47 AD 9C 5E 4A B7 55 37 C9 42 77 24  .OF.G..^J.U7.Bw$
000061F0:  C6 CD 27 72 30 00 D8 37 53 20 4E 3A AB C7 F6 01  ..'r0..7S N:....
00006200:  88 AC CD DA 62 BC B0 00 2B B4 E0 24 E8 4D C3 65  ....b...+..$.M.e
00006210:  E9 D8 A3 D7 BF CE 6A 02 BF 83 5E 85 30 02 8A CB  ......j...^.0...
00006220:  50 80 66 14 2F 89 53 86 C7 E0 B4 14 AD C5 C4 A4  P.f./.S.........
00006230:  FF C9 EF 7D 90 E2 B1 B0 44 65 E2 5F 73 C2 DA D6  ...}....De._s...
00006240:  AB 6E 07 58 49 0B AF 3D F7 88 91 2B FA 25 07 D8  .n.XI..=...+.%..
00006250:  6D 59 BD A1 27 0F 37 DA 05 4D 95 7A F2 F6 7C 33  mY..'.7..M.z..|3
00006260:  A8 0D 42 2B 8B 3E 0B 37 A4 D5 35 C1 6D EA C6 74  ..B+.>.7..5.m..t
00006270:  97 21 1F 75 0A 64 27 2F 5D 2B CE D9 C2 D5 2C AB  .!.u.d'/]+....,.
00006280:  E3 08 CE 23 C2 40 C2 6B 65 D8 64 F0 95 35 EE B8  ...#.@.ke.d..5..
00006290:  56 28 61 4B 67 0E 8D B5 C9 A5 77 6B B3 CF 4D 48  V(aKg.....wk..MH
000062A0:  40 98 02 8F EE 91 00 00 00 00 00 00 00 00 00 00  @...............
000062B0:  00 00 00 00 00 00 04 07 76 A8 4C A2 8D 9C 0C 8F  ........v.L.....
000062C0:  34 95 16 50 EB 91 00 00 00 00 00 00 00 00 00 00  4..P............
000062D0:  00 00 00 00 00 00 00 00 00 00 00 00 00 00 00 00  ................ [zeros]
000062E0:  00 00 00 00 00 00 00 00 00 00 00 00 00 00 00 00  ................ [zeros]
000062F0:  00 00 00 00 00 00 00 00 00 00 00 00 00 00 00 00  ................ [zeros]
00006300:  00 00 00 00 00 00 EA C5 46 06 AC BE 48 92 F9 52  ........F...H..R
00006310:  9C D2 63 1F B8 32 03 8C CE D4 84 B4 25 60 62 8F  ..c..2......%`b.
00006320:  71 08 0B 7A 1E E0 1E E9 F5 5A 52 C6 5E EA B0 FF  q..z.....ZR.^...
00006330:  A4 FD 16 88 48 96 8F BE BA 46 BF 8D DC 94 02 86  ....H....F......
00006340:  98 53 E4 56 5C A9 00 00 00 00 00 00 00 00 00 00  .S.V\...........
00006350:  00 00 00 00 00 00 00 00 00 00 00 00 00 00 00 00  ................ [zeros]
00006360:  00 00 00 00 00 00 00 00 00 00 00 00 00 00 00 00  ................ [zeros]
00006370:  00 00 00 00 00 00 00 00 00 00 00 00 00 00 00 00  ................ [zeros]
00006380:  00 00 00 00 00 00 00 00 00 00 00 00 00 00 00 00  ................ [zeros]
00006390:  00 00 00 00 00 00 00 00 00 00 00 00 00 00 00 00  ................ [zeros]
000063A0:  00 00 00 00 00 00 00 00 00 00 00 00 00 00 00 00  ................ [zeros]
000063B0:  00 00 00 00 00 00 00 00 00 00 00 00 00 00 00 00  ................ [zeros]
000063C0:  00 00 00 00 00 00 00 00 00 00 00 00 00 00 00 00  ................ [zeros]
000063D0:  00 00 00 00 00 00 00 00 00 00 00 00 00 00 00 00  ................ [zeros]
000063E0:  00 00 00 00 00 00 00 00 00 00 00 00 00 00 00 00  ................ [zeros]
000063F0:  00 00 00 00 00 00 00 00 00 00 00 00 00 00 00 00  ................ [zeros]
00006400:  00 00 00 00 00 00 E1 9B FC 52 E8 C5 33 C6 1F 44  .........R..3..D
00006410:  9E B1 A6 20 AF F8 E8 F7 5B 14 D8 75 47 5D 0E 38  ... ....[..uG].8
00006420:  2A A9 3B 31 AF 80 82 58 A6 83 80 37 1A 72 8D CF  *.;1...X...7.r..
00006430:  38 3B AF C1 D2 B2 49 ED 88 97 1C C4 56 D1 E0 31  8;....I.....V..1
00006440:  F7 75 4F 72 8C 52 00 00 00 00 00 00 00 00 00 00  .uOr.R..........
00006450:  00 00 00 00 00 00 00 00 00 00 00 00 00 00 00 00  ................ [zeros]
00006460:  00 00 00 00 00 00 00 00 00 00 00 00 00 00 00 00  ................ [zeros]
00006470:  00 00 00 00 00 00 00 00 00 00 00 00 00 00 00 00  ................ [zeros]
00006480:  00 00 00 00 00 00 00 00 00 00 00 00 00 00 00 00  ................ [zeros]
00006490:  00 00 00 00 00 00 F2 B9 43 AA 1D 8E 12 D7 1D AE  ........C.......
000064A0:  79 4F 73 9B F3 9A 60 98 3F 87 4F 3F 2F FD 5D 4A  yOs...`.?.O?/.]J
000064B0:  1F 6C 1B 28 A4 07 00 00 00 00 00 00 00 00 00 00  .l.(............
000064C0:  00 00 00 00 00 00 00 00 00 00 00 00 00 00 00 00  ................ [zeros]
000064D0:  00 00 00 00 00 00 00 00 00 00 00 00 00 00 00 00  ................ [zeros]
000064E0:  00 00 00 00 00 00 00 00 00 00 00 00 00 00 00 00  ................ [zeros]
000064F0:  00 00 00 00 00 00 00 00 00 00 00 00 00 00 00 00  ................ [zeros]
00006500:  00 00 00 00 00 00 00 00 00 00 00 00 00 00 00 00  ................ [zeros]
00006510:  00 00 00 00 00 00 00 00 00 00 00 00 00 00 00 00  ................ [zeros]
00006520:  00 00 00 00 00 00 00 00 00 00 00 00 00 00 00 00  ................ [zeros]
00006530:  00 00 00 00 00 00 00 00 00 00 00 00 00 00 00 00  ................ [zeros]
00006540:  00 00 00 00 00 00 00 00 00 00 00 00 00 00 00 00  ................ [zeros]
00006550:  00 00 00 00 00 00 00 00 00 00 00 00 00 00 00 00  ................ [zeros]
00006560:  00 00 00 00 00 00 EA 5B 95 16 9C B3 09 3D 8D 30  .......[.....=.0
00006570:  BA AD B1 F2 C9 6F C5 09 36 D9 F3 36 71 27 68 4A  .....o..6..6q'hJ
00006580:  52 8A 3C FD 7A 0C 35 A2 48 8F 9D 8A A2 86 4F 9E  R.<.z.5.H.....O.
00006590:  FC 9B B7 75 2C AC 00 00 00 00 00 00 00 00 00 00  ...u,...........
000065A0:  00 00 00 00 00 00 EE F0 FB BB 55 78 23 CC 87 39  ..........Ux#..9
000065B0:  8B 56 D0 DE 53 E5 00 00 00 00 00 00 00 00 00 00  .V..S...........
000065C0:  00 00 00 00 00 00 00 00 00 00 00 00 00 00 00 00  ................ [zeros]
000065D0:  00 00 00 00 00 00 00 00 00 00 00 00 00 00 00 00  ................ [zeros]
000065E0:  00 00 00 00 00 00 00 00 00 00 00 00 00 00 00 00  ................ [zeros]
000065F0:  00 00 00 00 00 00 00 00 00 00 00 00 00 00 00 00  ................ [zeros]
00006600:  00 00 00 00 00 00 F5 13 C7 A1 A2 6B B0 0E 30 F9  ...........k..0.
00006610:  8E 5A F4 2A 42 E9 00 00 00 00 00 00 00 00 00 00  .Z.*B...........
00006620:  00 00 00 00 00 00 00 00 00 00 00 00 00 00 00 00  ................ [zeros]
00006630:  00 00 00 00 00 00 00 00 00 00 00 00 00 00 00 00  ................ [zeros]
00006640:  00 00 00 00 00 00 00 00 00 00 00 00 00 00 00 00  ................ [zeros]
00006650:  00 00 00 00 00 00 00 00 00 00 00 00 00 00 00 00  ................ [zeros]
00006660:  00 00 00 00 00 00 00 00 00 00 00 00 00 00 00 00  ................ [zeros]
00006670:  00 00 00 00 00 00 00 00 00 00 00 00 00 00 00 00  ................ [zeros]
00006680:  00 00 00 00 00 00 00 00 00 00 00 00 00 00 00 00  ................ [zeros]
00006690:  00 00 00 00 00 00 00 00 00 00 00 00 00 00 00 00  ................ [zeros]
000066A0:  00 00 00 00 00 00 00 00 00 00 00 00 00 00 00 00  ................ [zeros]
000066B0:  00 00 00 00 00 00 00 00 00 00 00 00 00 00 00 00  ................ [zeros]
000066C0:  00 00 00 00 00 00 00 00 00 00 00 00 00 00 00 00  ................ [zeros]
000066D0:  00 00 00 00 00 00 5C 42 0C 18 3F 18 51 AE 54 A7  ......\B..?.Q.T.
000066E0:  74 23 E7 71 C2 E3 13 FC 7E FF 6F A1 3E 0C DB 1F  t#.q....~.o.>...
000066F0:  72 29 B6 82 8A 84 4D E8 79 99 47 2E 1A CF BF 74  r)....M.y.G....t
00006700:  AB C3 A5 AA FC 06 DE A7 22 A6 52 C5 04 1D D2 5D  ........".R....]
00006710:  E6 DB 00 D1 31 0A 2F 0C 03 B7 F7 F8 33 27 4D 16  ....1./.....3'M.
00006720:  2C 18 DF 34 F3 7F 31 E3 A2 2D 7F 7A C2 88 7D 3F  ,..4..1..-.z..}?
00006730:  89 FC 3B 3F AD 5E 8D AE 83 D1 BF 27 A0 10 49 DB  ..;?.^.....'..I.
00006740:  6B F8 EB 9B 29 1A AC C9 63 F6 BB 01 3F 0F CD D7  k...)...c...?...
00006750:  79 A5 D9 61 FF B1 D1 FE 24 B2 DE 2F F7 EA EA 41  y..a....$../...A
00006760:  AC 04 E6 CE A8 3E A0 FC 09 1A 36 85 34 F9 F9 2A  .....>....6.4..*
00006770:  53 52 D7 97 A7 83 11 0C 58 11 2C FE 75 3B E9 4B  SR......X.,.u;.K
00006780:  FB EF 06 B6 03 5D 0F F8 60 B7 B2 D5 19 B9 8D 0F  .....]..`.......
00006790:  A8 D4 60 4B AA 9C CA 8C 09 2C F1 4C F5 AF 44 88  ..`K.....,.L..D.
000067A0:  EF 17 B1 D3 E4 8F 36 50 7B 66 F5 B8 79 29 39 F1  ......6P{f..y)9.
000067B0:  1A F3 2C FC FB F5 62 CB 77 5F A9 DD 4E 91 3E 05  ..,...b.w_..N.>.
000067C0:  8B 2F AE 4D FD F5 AE 42 93 B3 C0 FB 47 66 5B 2B  ./.M...B....Gf[+
000067D0:  03 94 D0 50 50 E6 6A F2 9F C3 37 2D 8D 39 28 9E  ...PP.j...7-.9(.
000067E0:  FD 5C B9 6A D9 14 10 8E B1 74 98 29 0A 55 E2 D1  .\.j.....t.).U..
000067F0:  D8 0E E3 37 48 31 13 7E 08 5A AB E6 BA 19 89 F6  ...7H1.~.Z......
00006800:  95 80 DF 03 67 E2 A5 EF 2D E2 69 B8 F1 D0 30 38  ....g...-.i...08
00006810:  AE D4 50 67 C9 9D 18 21 CB AE D5 3C 08 C6 66 9A  ..Pg...!...<..f.
00006820:  C3 17 4E 61 DC 2F AA 94 A5 80 F0 AF DB 1C 73 21  ..Na./........s!
00006830:  7D 5A B2 36 3F B2 8F 43 F7 59 D6 E8 73 E3 5E 93  }Z.6?..C.Y..s.^.
00006840:  41 CF BF 14 26 7C 00 00 00 00 00 00 00 00 00 00  A...&|..........
00006850:  00 00 00 00 00 00 CD 89 4A F6 B1 39 50 41 14 EB  ........J..9PA..
00006860:  E1 F3 8C 18 51 1E 6D AC 51 50 85 D8 05 9F 34 FB  ....Q.m.QP....4.
00006870:  CF F6 7A DB DD 8E DD 0B 50 C0 F8 F2 2F 19 12 9C  ..z.....P.../...
00006880:  C8 D1 FC 81 E2 8C 00 00 00 00 00 00 00 00 00 00  ................
00006890:  00 00 00 00 00 00 C2 A8 7C 26 10 54 21 21 0F 89  ........|&.T!!..
000068A0:  A4 C6 47 D5 17 27 50 95 F6 67 B3 4C B2 0F 77 23  ..G..'P..g.L..w#
000068B0:  59 61 00 9C 6F 94 00 00 00 00 00 00 00 00 00 00  Ya..o...........
000068C0:  00 00 00 00 00 00 60 CB 4C 66 5B 99 83 A0 D6 8C  ......`.Lf[.....
000068D0:  9A 3C AE F9 56 B5 58 23 1B 82 89 0C CD 15 14 92  .<..V.X#........
000068E0:  5B F6 32 92 88 D9 84 E7 5F 2F B8 A3 8A 7E E3 F3  [.2....._/...~..
000068F0:  9A DC E6 38 32 B8 00 00 00 00 00 00 00 00 00 00  ...82...........
00006900:  00 00 00 00 00 00 4F 18 EA 26 99 6D 77 99 DC D2  ......O..&.mw...
00006910:  B7 6F 4A 65 51 67 AA 94 A5 80 F0 AF DB 1C 73 21  .oJeQg........s!
00006920:  7D 5A B2 36 3F B2 8F 43 F7 59 D6 E8 73 E3 5E 93  }Z.6?..C.Y..s.^.
00006930:  41 CF BF 14 26 7C 00 00 00 00 00 00 00 00 00 00  A...&|..........
00006940:  00 00 00 00 00 00 30 A7 88 0A 85 BE 53 90 21 20  ......0.....S.! 
00006950:  86 5B 0C CC F0 D7 00 00 00 00 00 00 00 00 00 00  .[..............
00006960:  00 00 00 00 00 00 00 00 00 00 00 00 00 00 00 00  ................ [zeros]
00006970:  00 00 00 00 00 00 00 00 00 00 00 00 00 00 00 00  ................ [zeros]
00006980:  00 00 00 00 00 00 00 00 00 00 00 00 00 00 00 00  ................ [zeros]
00006990:  00 00 00 00 00 00 00 00 00 00 00 00 00 00 00 00  ................ [zeros]
000069A0:  00 00 00 00 00 00 00 00 00 00 00 00 00 00 00 00  ................ [zeros]
000069B0:  00 00 00 00 00 00 00 00 00 00 00 00 00 00 00 00  ................ [zeros]
000069C0:  00 00 00 00 00 00 00 00 00 00 00 00 00 00 00 00  ................ [zeros]
000069D0:  00 00 00 00 00 00 00 00 00 00 00 00 00 00 00 00  ................ [zeros]
000069E0:  00 00 00 00 00 00 00 00 00 00 00 00 00 00 00 00  ................ [zeros]
000069F0:  00 00 00 00 00 00 00 00 00 00 00 00 00 00 00 00  ................ [zeros]
00006A00:  00 00 00 00 00 00 00 00 00 00 00 00 00 00 00 00  ................ [zeros]
00006A10:  00 00 00 00 00 00 00 00 00 00 00 00 00 00 00 00  ................ [zeros]
00006A20:  00 00 00 00 00 00 D8 42 50 FB 4D 4D 5D C9 32 D3  .......BP.MM].2.
00006A30:  58 8C 37 D2 49 84 45 6D BC F4 11 E2 3B A3 85 06  X.7.I.Em....;...
00006A40:  1A 4C 84 1C B8 09 00 00 00 00 00 00 00 00 00 00  .L..............
00006A50:  00 00 00 00 00 00 4D 03 FB BA F8 6C 02 D0 FA CB  ......M....l....
00006A60:  1E 0E 0E FB 54 99 00 00 00 00 00 00 00 00 00 00  ....T...........
00006A70:  00 00 00 00 00 00 6B 9F E6 33 DC E5 E3 5B 04 74  ......k..3...[.t
00006A80:  D0 F6 DB CA BC 94 2F FE 93 9B 3C 3B 9B 76 14 13  ....../...<;.v..
00006A90:  E1 AB 09 BA DF A1 7A EA 2E 96 0C 48 65 11 B1 D8  ......z....He...
00006AA0:  F8 7E A8 47 35 B9 3D 0B 67 20 B7 4A E8 D0 84 29  .~.G5.=.g .J...)
00006AB0:  DB E4 EA 9D D4 87 E3 DA CA CE B2 C7 D6 6D 21 98  .............m!.
00006AC0:  54 E9 5C 67 FB A9 15 D1 CF C8 5C 74 89 A6 E0 38  T.\g......\t...8
00006AD0:  FE 33 21 A3 25 CA 79 73 2E 0D 18 AC 52 EB 05 53  .3!.%.ys....R..S
00006AE0:  D7 0E 36 85 31 E3 B9 44 19 80 FE C5 5D 6D 29 88  ..6.1..D....]m).
00006AF0:  17 15 AA C0 66 68 6B 34 D7 65 D3 1F FE F5 D7 52  ....fhk4.e.....R
00006B00:  4F 26 2B 52 F2 CA 0C 56 92 FD F0 89 AD C6 52 29  O&+R...V......R)
00006B10:  F6 64 65 DF 0A D8 BE EE 50 1C 31 14 97 53 8D B9  .de.....P.1..S..
00006B20:  76 CB 55 42 24 F3 7B EB B6 DB AD E5 BF B1 D1 35  v.UB$.{........5
00006B30:  03 CF 2A AD 4C 5A 96 9F A3 0E 04 61 3F 79 B0 00  ..*.LZ.....a?y..
00006B40:  7C 25 37 14 70 36 E6 2C 40 E6 FB 6E 9C 3C EA 63  |%7.p6.,@..n.<.c
00006B50:  14 8E 3D CE 68 83 DF 76 34 21 E2 4D 06 B2 2B 1F  ..=.h..v4!.M..+.
00006B60:  13 33 AD 53 FC 7C 75 69 18 CD 6E 8A AB 75 D3 19  .3.S.|ui..n..u..
00006B70:  7C 2B C6 E1 70 8D 45 55 6D 48 AF 99 10 53 D0 B9  |+..p.EUmH...S..
00006B80:  58 11 D5 63 77 23 F5 82 2D 3F 0E 72 D3 A6 E1 25  X..cw#..-?.r...%
00006B90:  04 D0 28 98 CB 18 00 00 00 00 00 00 00 00 00 00  ..(.............
00006BA0:  00 00 00 00 00 00 00 00 00 00 00 00 00 00 00 00  ................ [zeros]
00006BB0:  00 00 00 00 00 00 00 00 00 00 00 00 00 00 00 00  ................ [zeros]
00006BC0:  00 00 00 00 00 00 C2 A8 7C 26 10 54 21 21 0F 89  ........|&.T!!..
00006BD0:  A4 C6 47 D5 17 27 00 00 00 00 00 00 00 00 00 00  ..G..'..........
00006BE0:  00 00 00 00 00 00 00 00 00 00 00 00 00 00 00 00  ................ [zeros]
00006BF0:  00 00 00 00 00 00 0A 6A 8D FE 4E 80 53 0E D9 9A  .......j..N.S...
00006C00:  89 18 51 10 24 C1 00 00 00 00 00 00 00 00 00 00  ..Q.$...........
00006C10:  00 00 00 00 00 00 00 00 00 00 00 00 00 00 00 00  ................ [zeros]
00006C20:  00 00 00 00 00 00 BA 07 7C 3F 3A 5F 81 B8 5B A3  ........|?:_..[.
00006C30:  B2 5F A4 AC AB 74 00 00 00 00 00 00 00 00 00 00  ._...t..........
00006C40:  00 00 00 00 00 00 00 00 00 00 00 00 00 00 00 00  ................ [zeros]
00006C50:  00 00 00 00 00 00 1A D0 4F 6A F8 F4 18 31 8F 8A  ........Oj...1..
00006C60:  82 CA 48 D8 DC B3 00 00 00 00 00 00 00 00 00 00  ..H.............
00006C70:  00 00 00 00 00 00 00 00 00 00 00 00 00 00 00 00  ................ [zeros]
00006C80:  00 00 00 00 00 00 00 00 00 00 00 00 00 00 00 00  ................ [zeros]
00006C90:  00 00 00 00 00 00 3E A7 6E 0E 36 B6 6C DA D6 04  ......>.n.6.l...
00006CA0:  B3 5C A7 D3 39 19 00 00 00 00 00 00 00 00 00 00  .\..9...........
00006CB0:  00 00 00 00 00 00 00 00 00 00 00 00 00 00 00 00  ................ [zeros]
00006CC0:  00 00 00 00 00 00 40 F9 A2 96 67 A0 AB 7A 11 47  ......@...g..z.G
00006CD0:  2C CB CA 0A 3D 55 00 00 00 00 00 00 00 00 00 00  ,...=U..........
00006CE0:  00 00 00 00 00 00 00 00 00 00 00 00 00 00 00 00  ................ [zeros]
00006CF0:  00 00 00 00 00 00 91 17 F7 1A 1C E6 C9 54 F5 20  .............T. 
00006D00:  B2 56 2A 36 DC C4 77 B1 42 05 B7 B8 AA C2 80 9F  .V*6..w.B.......
00006D10:  58 E9 E7 92 31 66 8F 35 89 66 9C EE 04 46 D3 57  X...1f.5.f...F.W
00006D20:  4A AE 9A EA C3 20 9E 0D 1B 0C 90 77 61 2D 2D C4  J.... .....wa--.
00006D30:  4D E9 05 25 89 DE 3F 63 7A 89 76 DC CF 99 1B 35  M..%..?cz.v....5
00006D40:  BB 91 37 91 05 D1 35 1E 78 3B 19 09 64 05 D0 17  ..7...5.x;..d...
00006D50:  4A 49 8E 22 B4 39 F6 11 86 B7 8A 96 32 46 31 40  JI.".9......2F1@
00006D60:  3F 71 6C 07 0D AE C4 B8 ED 6D 9E E3 6E 08 7B F8  ?ql......m..n.{.
00006D70:  3C EB 17 F3 4C 0C B1 53 B5 9E D7 54 83 0F A3 22  <...L..S...T..."
00006D80:  19 DD FA 01 64 EE EF 94 41 1F A8 E3 58 5D CA 08  ....d...A...X]..
00006D90:  98 22 9C 09 B7 1F C9 18 CE 5A 45 59 34 7B 88 48  .".......ZEY4{.H
00006DA0:  63 93 31 05 68 FE F7 D8 E0 18 D0 F8 A5 45 B3 0A  c.1.h........E..
00006DB0:  A7 6B 7E BD C2 20 FA 31 F9 C1 CC 7A 59 23 FF 0E  .k~.. .1...zY#..
00006DC0:  4C CE B1 0F AF 80 17 D2 73 E8 12 B4 85 CB 0E 25  L.......s......%
00006DD0:  64 95 5E 9F 9E E4 B8 7A 73 5A 36 0C BB 44 4C 9A  d.^....zsZ6..DL.
00006DE0:  9B 50 F7 22 8D 32 C2 18 7B 15 A0 46 44 9F 53 3D  .P.".2..{..FD.S=
00006DF0:  0C 94 00 4B 93 83 EC 4E B2 7A 17 BB D5 10 B6 3F  ...K...N.z.....?
00006E00:  AF 9A 02 47 E9 AD E3 4F 79 73 EC D5 0D 7D D4 A0  ...G...Oys...}..
00006E10:  5F 64 EE D9 90 B4 B1 4D 73 94 32 CE C6 A0 C1 E5  _d.....Ms.2.....
00006E20:  3D 6B 0F 17 60 7B B1 4D 73 94 32 CE C6 A0 C1 E5  =k..`{.Ms.2.....
00006E30:  3D 6B 0F 17 60 7B AF 36 54 05 87 45 9D 3D A4 3C  =k..`{.6T..E.=.<
00006E40:  B2 14 70 0F 18 82 92 16 46 8C BF B4 1F D4 AB E7  ..p.....F.......
00006E50:  A3 10 D0 E7 CD 96 92 16 46 8C BF B4 1F D4 AB E7  ........F.......
00006E60:  A3 10 D0 E7 CD 96 92 16 46 8C BF B4 1F D4 AB E7  ........F.......
00006E70:  A3 10 D0 E7 CD 96 F3 56 07 9C DD BA 86 BA C5 14  .......V........
00006E80:  51 D2 DB 6C 63 E1 FA E3 A8 2C 18 35 25 6E 33 31  Q..lc....,.5%n31
00006E90:  5F 9A F6 39 A6 24 55 9A 32 19 EB F5 C1 0B 8E 87  _..9.$U.2.......
00006EA0:  A9 A1 C8 A8 F8 D2 68 07 F6 CD 12 83 95 CE 65 F8  ......h.......e.
00006EB0:  A7 44 0D B7 46 BE F5 80 BA 9A 79 48 0B A4 46 F7  .D..F.....yH..F.
00006EC0:  52 D8 46 0E 08 D9 10 5F 5F 92 B8 2A 24 D2 18 57  R.F....__..*$..W
00006ED0:  36 B3 75 89 6D AF 09 C2 93 8C C6 AB E5 CD D1 85  6.u.m...........
00006EE0:  76 A1 A0 94 53 C3 93 43 35 55 C4 77 5E 9A EA 5D  v...S..C5U.w^..]
00006EF0:  3F 85 52 18 88 DD 93 43 35 55 C4 77 5E 9A EA 5D  ?.R....C5U.w^..]
00006F00:  3F 85 52 18 88 DD 2C B6 E0 12 2F 2A 0B F3 54 D2  ?.R...,.../*..T.
00006F10:  AC 81 22 1D 1F F7 49 97 26 C2 45 FD 82 50 01 68  .."...I.&.E..P.h
00006F20:  14 0B 1E 51 3F A7 58 1A 13 DF 5B 4E 7C 4F 0B 80  ...Q?.X...[N|O..
00006F30:  9B 7D 8F 7F E8 AF E9 44 FA 7C 30 C6 A7 1B B7 20  .}.....D.|0.... 
00006F40:  C8 7B EB AF 86 79 BD C7 73 4D 87 A5 48 54 C4 B0  .{...y..sM..HT..
00006F50:  D1 D4 3D E3 E5 D5 5C 07 3B 85 56 1E 11 A6 D3 88  ..=...\.;.V.....
00006F60:  66 33 50 13 C4 AD 8D 58 2B FA 29 C6 93 57 9D D8  f3P....X+.)..W..
00006F70:  31 BF F6 BC B8 09 29 C1 E2 1A 62 AD 7B 70 6A 98  1.....)...b.{pj.
00006F80:  F2 F9 F8 A3 B3 A3 44 16 CC E7 3C CA BB F7 16 BE  ......D...<.....
00006F90:  1C 09 7B 7F 7A 3F F0 F1 C0 92 5E 99 24 32 D9 42  ..{.z?....^.$2.B
00006FA0:  1B BF 4E B6 5C 82 49 97 26 C2 45 FD 82 50 01 68  ..N.\.I.&.E..P.h
00006FB0:  14 0B 1E 51 3F A7 58 1A 13 DF 5B 4E 7C 4F 0B 80  ...Q?.X...[N|O..
00006FC0:  9B 7D 8F 7F E8 AF E9 44 FA 7C 30 C6 A7 1B B7 20  .}.....D.|0.... 
00006FD0:  C8 7B EB AF 86 79 BD C7 73 4D 87 A5 48 54 C4 B0  .{...y..sM..HT..
00006FE0:  D1 D4 3D E3 E5 D5 5C 07 3B 85 56 1E 11 A6 D3 88  ..=...\.;.V.....
00006FF0:  66 33 50 13 C4 AD 8D 58 2B FA 29 C6 93 57 9D D8  f3P....X+.)..W..
00007000:  31 BF F6 BC B8 09 23 A3 80 4E E3 27 41 FD B8 B4  1.....#..N.'A...
00007010:  B8 60 17 2D 55 F9 B0 1D C0 AD D9 B3 D0 7E D4 B0  .`.-U........~..
00007020:  E7 F9 FA 03 17 3D DF BD 3A AF A3 27 7B 03 C9 CA  .....=..:..'{...
00007030:  B9 F3 D6 95 E0 E9 C4 B2 EF 07 86 F7 ED BC 7A 55  ..............zU
00007040:  44 3F 10 5A 03 A4 F7 F5 0E 30 1C 76 8B 22 10 F2  D?.Z.....0.v."..
00007050:  B4 1D 7C 73 A5 84 00 00 00 00 00 00 00 00 00 00  ..|s............
00007060:  00 00 00 00 00 00 00 00 00 00 00 00 00 00 00 00  ................ [zeros]
00007070:  00 00 00 00 00 00 00 00 00 00 00 00 00 00 00 00  ................ [zeros]
00007080:  00 00 00 00 00 00 00 00 00 00 00 00 00 00 00 00  ................ [zeros]
00007090:  00 00 00 00 00 00 55 2A B5 42 57 9F A2 F0 8E CA  ......U*.BW.....
000070A0:  22 70 4D CD D2 BB B6 BB 0A 1F E7 D4 28 CA 95 28  "pM.........(..(
000070B0:  77 22 F3 0E C9 4B 78 13 94 A0 79 92 5C 38 BA A1  w"...Kx...y.\8..
000070C0:  28 65 4B 13 93 A8 D6 0D A1 1A 1C 1A CE 12 78 EE  (eK...........x.
000070D0:  7D E0 24 A4 62 CB F2 EF 3A 0E 29 67 AE 06 C2 30  }.$.b...:.)g...0
000070E0:  FE F4 89 9C EF 3D 00 00 00 00 00 00 00 00 00 00  .....=..........
000070F0:  00 00 00 00 00 00 00 00 00 00 00 00 00 00 00 00  ................ [zeros]
00007100:  00 00 00 00 00 00 00 00 00 00 00 00 00 00 00 00  ................ [zeros]
00007110:  00 00 00 00 00 00 00 00 00 00 00 00 00 00 00 00  ................ [zeros]
00007120:  00 00 00 00 00 00 00 00 00 00 00 00 00 00 00 00  ................ [zeros]
00007130:  00 00 00 00 00 00 00 00 00 00 00 00 00 00 00 00  ................ [zeros]
00007140:  00 00 00 00 00 00 00 00 00 00 00 00 00 00 00 00  ................ [zeros]
00007150:  00 00 00 00 00 00 00 00 00 00 00 00 00 00 00 00  ................ [zeros]
00007160:  00 00 00 00 00 00 00 00 00 00 00 00 00 00 00 00  ................ [zeros]
00007170:  00 00 00 00 00 00 00 00 00 00 00 00 00 00 00 00  ................ [zeros]
00007180:  00 00 00 00 00 00 00 00 00 00 00 00 00 00 00 00  ................ [zeros]
00007190:  00 00 00 00 00 00 90 3C 37 D9 08 D9 52 7F 5C B8  .......<7...R.\.
000071A0:  E8 CD 07 3D 4F 0F 76 78 CC 31 60 A5 08 DD D2 F1  ...=O.vx.1`.....
000071B0:  35 90 C4 EB 01 D2 4A 6D 71 D1 62 19 DC 84 A5 EA  5.....Jmq.b.....
000071C0:  FB E8 7B E8 29 74 00 00 00 00 00 00 00 00 00 00  ..{.)t..........
000071D0:  00 00 00 00 00 00 21 2F FC 27 99 37 2C 78 EC 1D  ......!/.'.7,x..
000071E0:  72 34 2D EE E7 68 00 00 00 00 00 00 00 00 00 00  r4-..h..........
000071F0:  00 00 00 00 00 00 00 00 00 00 00 00 00 00 00 00  ................ [zeros]
00007200:  00 00 00 00 00 00 00 00 00 00 00 00 00 00 00 00  ................ [zeros]
00007210:  00 00 00 00 00 00 00 00 00 00 00 00 00 00 00 00  ................ [zeros]
00007220:  00 00 00 00 00 00 00 00 00 00 00 00 00 00 00 00  ................ [zeros]
00007230:  00 00 00 00 00 00 CB 9A DA 00 F6 0C 29 06 F5 A5  ............)...
00007240:  AB D7 B3 A9 D5 E1 00 00 00 00 00 00 00 00 00 00  ................
00007250:  00 00 00 00 00 00 00 00 00 00 00 00 00 00 00 00  ................ [zeros]
00007260:  00 00 00 00 00 00 00 00 00 00 00 00 00 00 00 00  ................ [zeros]
00007270:  00 00 00 00 00 00 00 00 00 00 00 00 00 00 00 00  ................ [zeros]
00007280:  00 00 00 00 00 00 00 00 00 00 00 00 00 00 00 00  ................ [zeros]
00007290:  00 00 00 00 00 00 00 00 00 00 00 00 00 00 00 00  ................ [zeros]
000072A0:  00 00 00 00 00 00 00 00 00 00 00 00 00 00 00 00  ................ [zeros]
000072B0:  00 00 00 00 00 00 00 00 00 00 00 00 00 00 00 00  ................ [zeros]
000072C0:  00 00 00 00 00 00 00 00 00 00 00 00 00 00 00 00  ................ [zeros]
000072D0:  00 00 00 00 00 00 00 00 00 00 00 00 00 00 00 00  ................ [zeros]
000072E0:  00 00 00 00 00 00 00 00 00 00 00 00 00 00 00 00  ................ [zeros]
000072F0:  00 00 00 00 00 00 00 00 00 00 00 00 00 00 00 00  ................ [zeros]
00007300:  00 00 00 00 00 00 71 FB DD 37 3B 5E 39 2A 56 B9  ......q..7;^9*V.
00007310:  F8 6A FF 2E 1C A5 AC C9 63 F6 BB 01 3F 0F CD D7  .j......c...?...
00007320:  79 A5 D9 61 FF B1 57 D1 28 C9 45 8B EF 7D 7E A2  y..a..W.(.E..}~.
00007330:  6D 54 A4 6B 64 FF 20 0C 8C 00 7E 90 5A 9F 16 46  mT.kd. ...~.Z..F
00007340:  F7 AF 2D 52 DC 5D 00 00 00 00 00 00 00 00 00 00  ..-R.]..........
00007350:  00 00 00 00 00 00 00 00 00 00 00 00 00 00 00 00  ................ [zeros]
00007360:  00 00 00 00 00 00 00 00 00 00 00 00 00 00 00 00  ................ [zeros]
00007370:  00 00 00 00 00 00 00 00 00 00 00 00 00 00 00 00  ................ [zeros]
00007380:  00 00 00 00 00 00 00 00 00 00 00 00 00 00 00 00  ................ [zeros]
00007390:  00 00 00 00 00 00 52 69 A7 D1 E9 61 F3 6E 71 8D  ......Ri...a.nq.
000073A0:  D8 4B F0 64 D6 F8 CE F8 9A EB E6 41 F8 CE 6D 7F  .K.d.......A..m.
000073B0:  97 BC 4D AD 28 2B 00 00 00 00 00 00 00 00 00 00  ..M.(+..........
000073C0:  00 00 00 00 00 00 00 00 00 00 00 00 00 00 00 00  ................ [zeros]
000073D0:  00 00 00 00 00 00 00 00 00 00 00 00 00 00 00 00  ................ [zeros]
000073E0:  00 00 00 00 00 00 00 00 00 00 00 00 00 00 00 00  ................ [zeros]
000073F0:  00 00 00 00 00 00 00 00 00 00 00 00 00 00 00 00  ................ [zeros]
00007400:  00 00 00 00 00 00 00 00 00 00 00 00 00 00 00 00  ................ [zeros]
00007410:  00 00 00 00 00 00 00 00 00 00 00 00 00 00 00 00  ................ [zeros]
00007420:  00 00 00 00 00 00 00 00 00 00 00 00 00 00 00 00  ................ [zeros]
00007430:  00 00 00 00 00 00 00 00 00 00 00 00 00 00 00 00  ................ [zeros]
00007440:  00 00 00 00 00 00 00 00 00 00 00 00 00 00 00 00  ................ [zeros]
00007450:  00 00 00 00 00 00 00 00 00 00 00 00 00 00 00 00  ................ [zeros]
00007460:  00 00 00 00 00 00 93 6A 91 DD 43 E3 DE FC AC AD  .......j..C.....
00007470:  D3 41 B2 A7 27 93 AB 79 36 CB 0C 20 D9 25 FB 05  .A..'..y6.. .%..
00007480:  BC 02 67 71 54 FD F6 6A 60 C0 E2 03 70 51 6B 2F  ..gqT..j`...pQk/
00007490:  68 1D 1E 3F 44 94 BF F5 BF 83 57 1F 07 60 2D F0  h..?D.....W..`-.
000074A0:  75 B9 3B D1 55 2D B9 2E 55 F9 4B D6 3F AC CB B5  u.;.U-..U.K.?...
000074B0:  34 31 01 6C 1F B0 6C 54 22 B2 98 02 D8 1A A8 03  41.l..lT".......
000074C0:  61 A7 9B 66 FD 62 90 78 DD 5D 44 A6 21 E2 4A 32  a..f.b.x.]D.!.J2
000074D0:  66 95 3A D6 13 52 0B 40 01 16 84 5C AA 50 2D 43  f.:..R.@...\.P-C
000074E0:  A3 98 74 8A 13 4D BF B4 02 71 15 1D 01 79 78 9B  ..t..M...q...yx.
000074F0:  90 FF 84 53 40 14 A2 EE B9 A2 F5 88 F3 E7 1F 96  ...S@...........
00007500:  7E 02 FF 65 E9 95 6A F2 9F C3 37 2D 8D 39 28 9E  ~..e..j...7-.9(.
00007510:  FD 5C B9 6A D9 14 40 0E AF 98 38 64 14 45 A1 C0  .\.j..@...8d.E..
00007520:  61 B9 0F 0A 43 09 44 C1 6B 9D 68 EE 80 88 B3 AE  a...C.D.k.h.....
00007530:  F2 B6 48 8C 7A 0C 35 D0 BC EE 0A 63 A7 6C A9 4B  ..H.z.5....c.l.K
00007540:  4D B7 23 5A E8 8A 51 41 04 94 78 8F 67 B1 67 7B  M.#Z..QA..x.g.g{
00007550:  B1 CC C9 49 10 8E 71 11 56 EB FD D0 99 3C 49 15  ...I..q.V....<I.
00007560:  6D 46 A5 1B EA DA D3 DB C8 A7 3B 4E 87 8D F0 E8  mF........;N....
00007570:  41 E0 06 8D 3B AB 30 89 EC 5C E8 69 28 99 B4 E6  A...;.0..\.i(...
00007580:  EF 45 2D 6A 0B 8E AC C9 63 F6 BB 01 3F 0F CD D7  .E-j....c...?...
00007590:  79 A5 D9 61 FF B1 0A 19 B9 3D 09 98 71 40 2A 66  y..a.....=..q@*f
000075A0:  09 19 70 CA CB 14 6A C6 16 A6 7A 3D FB DD A4 6F  ..p...j...z=...o
000075B0:  FC 71 47 8F BA 3C 84 E7 5F 2F B8 A3 8A 7E E3 F3  .qG..<.._/...~..
000075C0:  9A DC E6 38 32 B8 00 00 00 00 00 00 00 00 00 00  ...82...........
000075D0:  00 00 00 00 00 00 4F 18 EA 26 99 6D 77 99 DC D2  ......O..&.mw...
000075E0:  B7 6F 4A 65 51 67 AA 94 A5 80 F0 AF DB 1C 73 21  .oJeQg........s!
000075F0:  7D 5A B2 36 3F B2 8F 43 F7 59 D6 E8 73 E3 5E 93  }Z.6?..C.Y..s.^.
00007600:  41 CF BF 14 26 7C 00 00 00 00 00 00 00 00 00 00  A...&|..........
00007610:  00 00 00 00 00 00 CD 89 4A F6 B1 39 50 41 14 EB  ........J..9PA..
00007620:  E1 F3 8C 18 51 1E 6D AC 51 50 85 D8 05 9F 34 FB  ....Q.m.QP....4.
00007630:  CF F6 7A DB DD 8E BD 0E 94 0A 6F 42 7C 02 DF 3D  ..z.......oB|..=
00007640:  6A F8 91 60 27 46 15 4F 27 88 86 5F 52 37 69 E2  j..`'F.O'.._R7i.
00007650:  66 AE FE 66 76 EB 40 F9 A2 96 67 A0 AB 7A 11 47  f..fv.@...g..z.G
00007660:  2C CB CA 0A 3D 55 10 0F CE 84 07 4C 95 F4 3F 90  ,...=U.....L..?.
00007670:  3A 9D AC 74 7A B6 00 00 00 00 00 00 00 00 00 00  :..tz...........
00007680:  00 00 00 00 00 00 60 CB 4C 66 5B 99 83 A0 D6 8C  ......`.Lf[.....
00007690:  9A 3C AE F9 56 B5 58 23 1B 82 89 0C CD 15 14 92  .<..V.X#........
000076A0:  5B F6 32 92 88 D9 84 E7 5F 2F B8 A3 8A 7E E3 F3  [.2....._/...~..
000076B0:  9A DC E6 38 32 B8 00 00 00 00 00 00 00 00 00 00  ...82...........
000076C0:  00 00 00 00 00 00 4F 18 EA 26 99 6D 77 99 DC D2  ......O..&.mw...
000076D0:  B7 6F 4A 65 51 67 A4 2B 30 88 87 3F 1F 59 BA B1  .oJeQg.+0..?.Y..
000076E0:  9F D2 FD 32 48 32 00 00 00 00 00 00 00 00 00 00  ...2H2..........
000076F0:  00 00 00 00 00 00 00 00 00 00 00 00 00 00 00 00  ................ [zeros]
00007700:  00 00 00 00 00 00 00 00 00 00 00 00 00 00 00 00  ................ [zeros]
00007710:  00 00 00 00 00 00 00 00 00 00 00 00 00 00 00 00  ................ [zeros]
00007720:  00 00 00 00 00 00 00 00 00 00 00 00 00 00 00 00  ................ [zeros]
00007730:  00 00 00 00 00 00 00 00 00 00 00 00 00 00 00 00  ................ [zeros]
00007740:  00 00 00 00 00 00 00 00 00 00 00 00 00 00 00 00  ................ [zeros]
00007750:  00 00 00 00 00 00 00 00 00 00 00 00 00 00 00 00  ................ [zeros]
00007760:  00 00 00 00 00 00 00 00 00 00 00 00 00 00 00 00  ................ [zeros]
00007770:  00 00 00 00 00 00 00 00 00 00 00 00 00 00 00 00  ................ [zeros]
00007780:  00 00 00 00 00 00 00 00 00 00 00 00 00 00 00 00  ................ [zeros]
00007790:  00 00 00 00 00 00 00 00 00 00 00 00 00 00 00 00  ................ [zeros]
000077A0:  00 00 00 00 00 00 00 00 00 00 00 00 00 00 00 00  ................ [zeros]
000077B0:  00 00 00 00 00 00 1B A4 97 04 8C 82 97 68 4A DD  .............hJ.
000077C0:  7E 51 4B CB E0 CC 1A 47 0B CE 16 53 5A EF A4 6A  ~QK....G...SZ..j
000077D0:  85 F9 14 B1 69 CF 30 A7 88 0A 85 BE 53 90 21 20  ....i.0.....S.! 
000077E0:  86 5B 0C CC F0 D7 43 9D 9B 92 C2 26 40 7D AC 7F  .[....C....&@}..
000077F0:  FE D1 AC BF E0 58 00 00 00 00 00 00 00 00 00 00  .....X..........
00007800:  00 00 00 00 00 00 10 6B 3F 23 88 34 13 87 DB ED  .......k?#.4....
00007810:  46 10 46 01 EB CF 18 34 71 91 16 8B 57 14 F1 6F  F.F....4q...W..o
00007820:  24 1A CC 09 31 14 EE F2 5E 30 F1 4C 2F 44 2C 5F  $...1...^0.L/D,_
00007830:  F3 2B 51 B5 8B 49 59 DC B8 6C 1C 5A AE B3 64 0C  .+Q..IY..l.Z..d.
00007840:  9C 29 88 9C 18 89 3A A3 F4 E5 0F BE DA E3 47 F3  .)....:.......G.
00007850:  49 E6 B3 5B 8E 30 28 BF 8C 68 65 5F DB 5D CA 20  I..[.0(..he_.]. 
00007860:  21 7D 04 FF 17 94 20 07 7C B7 42 69 BA 72 E8 AE  !}.... .|.Bi.r..
00007870:  13 15 34 52 68 54 3F 5F DB 8F 38 F2 05 8C 42 62  ..4RhT?_..8...Bb
00007880:  66 FA 5E CB C9 72 B4 24 E0 09 95 EA E7 D1 A1 0D  f.^..r.$........
00007890:  DE 10 21 64 48 77 B7 DA 12 04 1F 5F A2 46 FC 45  ..!dHw....._.F.E
000078A0:  70 12 1C AD E3 CA 6F 9A 6F C2 98 3D 17 2B FD 37  p.....o.o..=.+.7
000078B0:  3F 6C FC 7B 0A 7E B9 59 A4 DB 61 DC 21 E8 1F 0E  ?l.{.~.Y..a.!...
000078C0:  F4 11 62 FF A3 A5 D4 18 BB 4F 39 93 01 38 F6 11  ..b......O9..8..
000078D0:  26 65 89 4C 16 DF AA C9 A1 43 8C 88 FA AA 6A 13  &e.L.....C....j.
000078E0:  AA BB A8 97 C9 5F 6F 86 37 19 6D 46 EB EF 09 15  ....._o.7.mF....
000078F0:  D6 54 6F 5A 2D 48 26 0D 41 04 59 87 7F 63 3B 5A  .ToZ-H&.A.Y..c;Z
00007900:  12 3A 7B 2D D5 63 D8 E3 42 EE C1 81 7C 32 08 56  .:{-.c..B...|2.V
00007910:  54 E0 F4 9A 3C 93 8F 22 16 B8 AB FC A8 0D 7E E3  T...<.."......~.
00007920:  A1 85 30 5E 0B C4 5F 77 27 FA EA E9 B1 D9 9D 01  ..0^.._w'.......
00007930:  B8 26 1F C5 ED E5 00 00 00 00 00 00 00 00 00 00  .&..............
00007940:  00 00 00 00 00 00 00 00 00 00 00 00 00 00 00 00  ................ [zeros]
00007950:  00 00 00 00 00 00 6D AC 51 50 85 D8 05 9F 34 FB  ......m.QP....4.
00007960:  CF F6 7A DB DD 8E 00 00 00 00 00 00 00 00 00 00  ..z.............
00007970:  00 00 00 00 00 00 00 00 00 00 00 00 00 00 00 00  ................ [zeros]
00007980:  00 00 00 00 00 00 DD 0B 50 C0 F8 F2 2F 19 12 9C  ........P.../...
00007990:  C8 D1 FC 81 E2 8C 00 00 00 00 00 00 00 00 00 00  ................
000079A0:  00 00 00 00 00 00 00 00 00 00 00 00 00 00 00 00  ................ [zeros]
000079B0:  00 00 00 00 00 00 00 00 00 00 00 00 00 00 00 00  ................ [zeros]
000079C0:  00 00 00 00 00 00 C2 A8 7C 26 10 54 21 21 0F 89  ........|&.T!!..
000079D0:  A4 C6 47 D5 17 27 00 00 00 00 00 00 00 00 00 00  ..G..'..........
000079E0:  00 00 00 00 00 00 00 00 00 00 00 00 00 00 00 00  ................ [zeros]
000079F0:  00 00 00 00 00 00 0A 6A 8D FE 4E 80 53 0E D9 9A  .......j..N.S...
00007A00:  89 18 51 10 24 C1 00 00 00 00 00 00 00 00 00 00  ..Q.$...........
00007A10:  00 00 00 00 00 00 00 00 00 00 00 00 00 00 00 00  ................ [zeros]
00007A20:  00 00 00 00 00 00 BA 07 7C 3F 3A 5F 81 B8 5B A3  ........|?:_..[.
00007A30:  B2 5F A4 AC AB 74 00 00 00 00 00 00 00 00 00 00  ._...t..........
00007A40:  00 00 00 00 00 00 00 00 00 00 00 00 00 00 00 00  ................ [zeros]
00007A50:  00 00 00 00 00 00 1A D0 4F 6A F8 F4 18 31 8F 8A  ........Oj...1..
00007A60:  82 CA 48 D8 DC B3 00 00 00 00 00 00 00 00 00 00  ..H.............
00007A70:  00 00 00 00 00 00 00 00 00 00 00 00 00 00 00 00  ................ [zeros]
00007A80:  00 00 00 00 00 00 00 00 00 00 00 00 00 00 00 00  ................ [zeros]
00007A90:  00 00 00 00 00 00 CA A9 6E F2 2C C0 3E 13 E0 1A  ........n.,.>...
00007AA0:  BD 01 AB 50 94 48 3E 48 71 C3 09 AD 6C 8D 94 4C  ...P.H>Hq...l..L
00007AB0:  F4 15 C9 59 AD 33 3F 09 F8 17 B3 CC 2D C9 5E 91  ...Y.3?.....-.^.
00007AC0:  39 E5 46 E0 91 7C AD 14 AD 58 E3 CE 52 51 F7 5A  9.F..|...X..RQ.Z
00007AD0:  76 2D CC 93 5F 57 3F 63 7A 89 76 DC CF 99 1B 35  v-.._W?cz.v....5
00007AE0:  BB 91 37 91 05 D1 65 3C 19 9A A5 A6 F5 80 BE F8  ..7...e<........
00007AF0:  0F 7E 80 58 1E 36 76 38 94 F2 EC 02 CC 64 12 DE  .~.X.6v8.....d..
00007B00:  84 56 17 20 60 60 D8 E3 42 EE C1 81 7C 32 08 56  .V. ``..B...|2.V
00007B10:  54 E0 F4 9A 3C 93 C8 8F B9 2B 08 3F 34 BC D3 7E  T...<....+.?4..~
00007B20:  A0 F7 61 04 1E 2E 9A AF FD DE 6D 95 FF 4A 58 E5  ..a.......m..JX.
00007B30:  46 32 0C 8D 2A 1C D0 49 9B 25 6C 59 B0 D7 03 55  F2..*..I.%lY...U
00007B40:  05 3F 53 F2 8F E2 0A BA D7 F7 92 27 31 F1 48 1C  .?S........'1.H.
00007B50:  E8 72 28 F8 0F 6F 66 B3 20 EB 2D CF 13 50 5F 34  .r(..of. .-..P_4
00007B60:  34 D1 95 DD 01 0D 17 D2 73 E8 12 B4 85 CB 0E 25  4.......s......%
00007B70:  64 95 5E 9F 9E E4 B8 7A 73 5A 36 0C BB 44 4C 9A  d.^....zsZ6..DL.
00007B80:  9B 50 F7 22 8D 32 C2 18 7B 15 A0 46 44 9F 53 3D  .P.".2..{..FD.S=
00007B90:  0C 94 00 4B 93 83 94 63 A3 92 E6 E3 32 3C 33 70  ...K...c....2<3p
00007BA0:  1E B9 39 17 C8 E5 63 28 A3 EA F9 FB 08 6F 23 56  ..9...c(.....o#V
00007BB0:  0F F9 32 2B CF 4C 63 28 A3 EA F9 FB 08 6F 23 56  ..2+.Lc(.....o#V
00007BC0:  0F F9 32 2B CF 4C 63 28 A3 EA F9 FB 08 6F 23 56  ..2+.Lc(.....o#V
00007BD0:  0F F9 32 2B CF 4C 3A BC DF 20 D4 9A 9D 60 34 EA  ..2+.L:.. ...`4.
00007BE0:  B3 03 7C 14 F2 45 14 A3 86 A9 6F 36 68 BA 5A 3F  ..|..E....o6h.Z?
00007BF0:  EF 40 78 29 D3 3C 14 A3 86 A9 6F 36 68 BA 5A 3F  .@x).<....o6h.Z?
00007C00:  EF 40 78 29 D3 3C 26 A6 89 30 3E 20 32 9F 6C FD  .@x).<&..0> 2.l.
00007C10:  95 C8 09 84 FC 51 55 9A 32 19 EB F5 C1 0B 8E 87  .....QU.2.......
00007C20:  A9 A1 C8 A8 F8 D2 68 07 F6 CD 12 83 95 CE 65 F8  ......h.......e.
00007C30:  A7 44 0D B7 46 BE F5 80 BA 9A 79 48 0B A4 46 F7  .D..F.....yH..F.
00007C40:  52 D8 46 0E 08 D9 96 CB 04 59 61 1B 3D CC 9B 19  R.F......Ya.=...
00007C50:  CA DE 91 7A 44 43 E8 61 91 7C EA FA 6E C8 8F 16  ...zDC.a.|..n...
00007C60:  58 C7 CC 24 60 5C 41 4F 1D D4 EA B3 BF 70 26 CF  X..$`\AO.....p&.
00007C70:  B4 FD AE 7A FA 88 0D 1B 4D F6 4A 9C D0 22 AE 95  ...z....M.J.."..
00007C80:  35 7E 15 AB 6B 0E 0D 1B 4D F6 4A 9C D0 22 AE 95  5~..k...M.J.."..
00007C90:  35 7E 15 AB 6B 0E 0D 1B 4D F6 4A 9C D0 22 AE 95  5~..k...M.J.."..
00007CA0:  35 7E 15 AB 6B 0E 6F 49 60 05 10 85 4E CB 68 05  5~..k.oI`...N.h.
00007CB0:  3F BC 93 D6 AD A6 4B 18 C7 3A F6 A6 8A 51 0C 19  ?.....K..:...Q..
00007CC0:  85 1B 83 D5 6D F9 89 FD FF 93 B7 E5 75 C9 64 22  ....m.......u.d"
00007CD0:  52 6A 85 EA 89 F8 17 CD E5 4A BF 34 06 45 12 A7  Rj.......J.4.E..
00007CE0:  14 3E 83 18 60 5E 86 38 55 FB 5E 7A 21 DB 0C 7E  .>..`^.8U.^z!..~
00007CF0:  05 38 9D 74 C8 B0 D0 19 85 5E 6D F3 9A B2 E7 DD  .8.t.....^m.....
00007D00:  AF 30 67 8A 52 BE 34 89 25 6A DD FA B0 7A E1 2C  .0g.R.4.%j...z.,
00007D10:  43 83 A6 9A 8F D8 E5 37 6B 22 32 1F 85 B9 10 0E  C......7k"2.....
00007D20:  57 D2 15 1D EE 20 57 B7 00 10 FD F9 A6 41 44 50  W.... W......ADP
00007D30:  89 0E 57 5C D3 4A 6F 49 60 05 10 85 4E CB 68 05  ..W\.JoI`...N.h.
00007D40:  3F BC 93 D6 AD A6 4B 18 C7 3A F6 A6 8A 51 0C 19  ?.....K..:...Q..
00007D50:  85 1B 83 D5 6D F9 89 FD FF 93 B7 E5 75 C9 64 22  ....m.......u.d"
00007D60:  52 6A 85 EA 89 F8 17 CD E5 4A BF 34 06 45 12 A7  Rj.......J.4.E..
00007D70:  14 3E 83 18 60 5E 86 38 55 FB 5E 7A 21 DB 0C 7E  .>..`^.8U.^z!..~
00007D80:  05 38 9D 74 C8 B0 D0 19 85 5E 6D F3 9A B2 E7 DD  .8.t.....^m.....
00007D90:  AF 30 67 8A 52 BE 0C 17 9A 57 FC 05 C1 D9 CB A6  .0g.R....W......
00007DA0:  C1 C8 98 87 64 8B C1 94 B5 C1 CF 31 B6 11 9E 5E  ....d......1...^
00007DB0:  03 26 E5 1E DB E7 DE E9 30 C6 F7 D1 9B F0 4A 5B  .&......0.....J[
00007DC0:  1E 98 71 AB CB 72 40 B4 B7 56 8F 4B F7 FC 2C 3F  ..q..r@..V.K..,?
00007DD0:  72 B0 E2 41 62 28 96 92 C1 02 2A AA 8F C3 75 D2  r..Ab(....*...u.
00007DE0:  AB 3E B1 BE 59 C8 EB D2 75 BE F9 60 67 F8 04 0E  .>..Y...u..`g...
00007DF0:  CC FB 41 43 CB F4 26 FE 2A 32 AE 82 46 C2        ..AC..&.*2..F.

; --- structure summary (block types) ---
; 0x00000060..+0xD0  data   (208 bytes)
; 0x00000130..+0x40  zeros  (64 bytes)
; 0x00000170..+0x220  data   (544 bytes)
; 0x00000390..+0x170  zeros  (368 bytes)
; 0x00000500..+0x580  data   (1408 bytes)
; 0x00000A80..+0x3E0  zeros  (992 bytes)
; 0x00000E60..+0x20  data   (32 bytes)
; 0x00000E80..+0x3E0  zeros  (992 bytes)
; 0x00001260..+0x20  data   (32 bytes)
; 0x00001280..+0x3F0  zeros  (1008 bytes)
; 0x00001670..+0x20  data   (32 bytes)
; 0x00001690..+0x3E0  zeros  (992 bytes)
; 0x00001A70..+0x26A0  data   (9888 bytes)
; 0x00004110..+0x10  zeros  (16 bytes)
; 0x00004120..+0x30  data   (48 bytes)
; 0x00004150..+0x80  zeros  (128 bytes)
; 0x000041D0..+0x50  data   (80 bytes)
; 0x00004220..+0x30  zeros  (48 bytes)
; 0x00004250..+0x90  data   (144 bytes)
; 0x000042E0..+0xB0  zeros  (176 bytes)
; 0x00004390..+0x30  data   (48 bytes)
; 0x000043C0..+0x2A0  zeros  (672 bytes)
; 0x00004660..+0xF0  data   (240 bytes)
; 0x00004750..+0x5E0  zeros  (1504 bytes)
; 0x00004D30..+0x140  data   (320 bytes)
; 0x00004E70..+0xF0  zeros  (240 bytes)
; 0x00004F60..+0x220  data   (544 bytes)
; 0x00005180..+0x30  zeros  (48 bytes)
; 0x000051B0..+0xA0  data   (160 bytes)
; 0x00005250..+0xB0  zeros  (176 bytes)
; 0x00005300..+0x180  data   (384 bytes)
; 0x00005480..+0xC0  zeros  (192 bytes)
; 0x00005540..+0x290  data   (656 bytes)
; 0x000057D0..+0x40  zeros  (64 bytes)
; 0x00005810..+0x140  data   (320 bytes)
; 0x00005950..+0x60  zeros  (96 bytes)
; 0x000059B0..+0x1B0  data   (432 bytes)
; 0x00005B60..+0x60  zeros  (96 bytes)
; 0x00005BC0..+0x100  data   (256 bytes)
; 0x00005CC0..+0xC0  zeros  (192 bytes)
; 0x00005D80..+0x250  data   (592 bytes)
; 0x00005FD0..+0xD0  zeros  (208 bytes)
; 0x000060A0..+0x230  data   (560 bytes)
; 0x000062D0..+0x30  zeros  (48 bytes)
; 0x00006300..+0x50  data   (80 bytes)
; 0x00006350..+0xB0  zeros  (176 bytes)
; 0x00006400..+0x50  data   (80 bytes)
; 0x00006450..+0x40  zeros  (64 bytes)
; 0x00006490..+0x30  data   (48 bytes)
; 0x000064C0..+0xA0  zeros  (160 bytes)
; 0x00006560..+0x60  data   (96 bytes)
; 0x000065C0..+0x40  zeros  (64 bytes)
; 0x00006600..+0x20  data   (32 bytes)
; 0x00006620..+0xB0  zeros  (176 bytes)
; 0x000066D0..+0x290  data   (656 bytes)
; 0x00006960..+0xC0  zeros  (192 bytes)
; 0x00006A20..+0x180  data   (384 bytes)
; 0x00006BA0..+0x20  zeros  (32 bytes)
; 0x00006BC0..+0x20  data   (32 bytes)
; 0x00006BE0..+0x10  zeros  (16 bytes)
; 0x00006BF0..+0x20  data   (32 bytes)
; 0x00006C10..+0x10  zeros  (16 bytes)
; 0x00006C20..+0x20  data   (32 bytes)
; 0x00006C40..+0x10  zeros  (16 bytes)
; 0x00006C50..+0x20  data   (32 bytes)
; 0x00006C70..+0x20  zeros  (32 bytes)
; 0x00006C90..+0x20  data   (32 bytes)
; 0x00006CB0..+0x10  zeros  (16 bytes)
; 0x00006CC0..+0x20  data   (32 bytes)
; 0x00006CE0..+0x10  zeros  (16 bytes)
; 0x00006CF0..+0x370  data   (880 bytes)
; 0x00007060..+0x30  zeros  (48 bytes)
; 0x00007090..+0x60  data   (96 bytes)
; 0x000070F0..+0xA0  zeros  (160 bytes)
; 0x00007190..+0x60  data   (96 bytes)
; 0x000071F0..+0x40  zeros  (64 bytes)
; 0x00007230..+0x20  data   (32 bytes)
; 0x00007250..+0xB0  zeros  (176 bytes)
; 0x00007300..+0x50  data   (80 bytes)
; 0x00007350..+0x40  zeros  (64 bytes)
; 0x00007390..+0x30  data   (48 bytes)
; 0x000073C0..+0xA0  zeros  (160 bytes)
; 0x00007460..+0x290  data   (656 bytes)
; 0x000076F0..+0xC0  zeros  (192 bytes)
; 0x000077B0..+0x190  data   (400 bytes)
; 0x00007940..+0x10  zeros  (16 bytes)
; 0x00007950..+0x20  data   (32 bytes)
; 0x00007970..+0x10  zeros  (16 bytes)
; 0x00007980..+0x20  data   (32 bytes)
; 0x000079A0..+0x20  zeros  (32 bytes)
; 0x000079C0..+0x20  data   (32 bytes)
; 0x000079E0..+0x10  zeros  (16 bytes)
; 0x000079F0..+0x20  data   (32 bytes)
; 0x00007A10..+0x10  zeros  (16 bytes)
; 0x00007A20..+0x20  data   (32 bytes)
; 0x00007A40..+0x10  zeros  (16 bytes)
; 0x00007A50..+0x20  data   (32 bytes)
; 0x00007A70..+0x20  zeros  (32 bytes)
; 0x00007A90..+0x360  data   (864 bytes)
