; Decrypted GatewaySettings dump (see FORMAT.md)
; key = 50bd58ce59d64dd87610e73c1442bf7f (aligned at 0x60)

00000060:  D2 F1 B2 DE F4 DE 8B 99 47 36 3A 7D 32 3C 4F F3  ........G6:}2<O.
00000070:  B3 DE 08 7A F8 D5 63 BA 57 42 93 8E 12 4D A1 38  ...z..c.WB...M.8
00000080:  52 AC 6B A5 3F EB 71 C6 64 EA A3 92 E5 AA 73 18  R.k.?.q.d.....s.
00000090:  66 63 E7 58 B2 10 5A 41 04 EA D5 97 52 C2 A5 99  fc.X..ZA....R...
000000A0:  1B E4 7E F8 1B 1C 66 34 D8 B2 49 07 5A 1B 46 F4  ..~...f4..I.Z.F.
000000B0:  FF C6 B7 42 12 9E 9F 02 6B 7C 3D E3 7A E8 A0 8F  ...B....k|=.z...
000000C0:  7A C1 2F D8 76 45 E0 73 F0 79 88 E6 2A CD EF 4D  z./.vE.s.y..*..M
000000D0:  63 89 56 7B AA E6 1C 9A 03 74 16 55 EE 2C BF D9  c.V{.....t.U.,..
000000E0:  16 58 95 39 D1 FB D2 29 22 92 8F 40 0B 4E 00 CF  .X.9...)"..@.N..
000000F0:  10 D5 4E A0 F0 FA D7 BC C9 6E 21 2C 42 31 B2 74  ..N......n!,B1.t
00000100:  35 85 FC F5 BA 5C 81 04 53 20 88 53 35 A6 E0 59  5....\..S .S5..Y
00000110:  CF AE C1 D8 C7 0C 17 24 02 51 28 E0 BF 91 37 9D  .......$.Q(...7.
00000120:  BA EC DF F0 2D 95 00 00 00 00 00 00 00 00 00 00  ....-...........
00000130:  00 00 00 00 00 00 00 00 00 00 00 00 00 00 00 00  ................ [zeros]
00000140:  00 00 00 00 00 00 00 00 00 00 00 00 00 00 00 00  ................ [zeros]
00000150:  00 00 00 00 00 00 00 00 00 00 00 00 00 00 00 00  ................ [zeros]
00000160:  00 00 00 00 00 00 00 00 00 00 00 00 00 00 00 00  ................ [zeros]
00000170:  00 00 00 00 00 00 D1 7A 45 C9 A8 2A 62 D4 C0 33  .......zE..*b..3
00000180:  61 66 5C BF 2D 2A B1 AC 7D 9B FE 3C D4 48 97 EF  af\.-*..}..<.H..
00000190:  45 24 FE 4C 25 FD A9 21 76 3A 51 CC 1B E7 B6 AD  E$.L%..!v:Q.....
000001A0:  0D DC D4 64 4E 9B 98 AA 81 7E 08 F7 8C 62 CA 23  ...dN....~...b.#
000001B0:  D7 16 71 D5 3F 66 02 AD 8A 05 40 60 AF C0 B0 D1  ..q.?f....@`....
000001C0:  4D BB B6 79 0D EE E5 02 86 94 50 1E FB B4 95 D2  M..y......P.....
000001D0:  4B 3D C7 95 43 47 43 08 B0 8B DB 12 63 55 22 4B  K=..CGC.....cU"K
000001E0:  61 DF 89 71 65 92 33 22 D9 96 AB 6C 71 B1 06 24  a..qe.3"...lq..$
000001F0:  B4 E1 89 E9 A1 E3 C1 61 1C 29 6C 5B 2A B9 D4 7F  .......a.)l[*...
00000200:  22 0C 7E A3 44 EE 04 F1 35 8C 30 DB 84 D0 01 A9  ".~.D...5.0.....
00000210:  7E 6E 61 A8 95 3E DB 11 D2 80 41 92 00 01 D9 8D  ~na..>....A.....
00000220:  2D A8 8C AC E7 6B A0 4C 47 83 66 E2 1F 44 15 4F  -....k.LG.f..D.O
00000230:  DB FC A9 C2 09 A7 E9 C4 B4 F9 B7 D7 58 42 FD 96  ............XB..
00000240:  C7 BF A0 87 CF 2F 89 E8 19 AB 05 B2 9A 60 C1 B1  ...../.......`..
00000250:  E2 DC 21 AB 43 54 F9 5B AE 40 58 F2 0B 48 94 25  ..!.CT.[.@X..H.%
00000260:  EC C3 75 48 43 49 AF F9 FF 63 63 10 15 73 AF D8  ..uHCI...cc..s..
00000270:  1C 92 4A 5E 94 FD E8 24 E8 73 0E D7 C7 7B DC 91  ..J^...$.s...{..
00000280:  2B BF 12 BD 47 03 FC 8E 57 35 D7 CB 61 AE 0B 08  +...G...W5..a...
00000290:  AA 9C D5 7B 26 D1 A7 04 65 4A 4A BD 57 84 A7 9A  ...{&...eJJ.W...
000002A0:  A1 2E 32 61 14 34 6E E6 A1 9F 79 5D F0 67 BC 9B  ..2a.4n...y].g..
000002B0:  13 6C 50 6E BD 11 71 21 17 97 6E 5B 9E EA 1A BB  .lPn..q!..n[....
000002C0:  29 76 12 DD 07 A9 48 E5 EC 45 24 B2 54 4A EB A3  )v....H..E$.TJ..
000002D0:  4A F4 2C 62 EE 37 00 E4 1A 1F 27 F2 10 75 7D 02  J.,b.7....'..u}.
000002E0:  8B 7D 7D D4 95 7F 35 EC C9 8E EE BD B7 9C 76 A9  .}}...5.......v.
000002F0:  E6 32 E7 9E 25 5A 2D 9E C6 81 88 71 DC 03 62 C7  .2..%Z-....q..b.
00000300:  0B 65 7B A8 C5 EF 53 C5 8A E7 DC 09 DE BC 72 B9  .e{...S.......r.
00000310:  F2 76 01 B4 92 2F 60 F0 2C E0 1C B9 30 83 9D 10  .v.../`.,...0...
00000320:  65 5F A1 0B CD 20 60 F0 2C E0 1C B9 30 83 9D 10  e_... `.,...0...
00000330:  65 5F A1 0B CD 20 6A 21 19 AF F3 DE C5 6B 37 B0  e_... j!.....k7.
00000340:  03 C0 5F 39 07 0C B5 DC 6F 9C E2 1E 12 BD 6E DA  .._9....o.....n.
00000350:  20 3D 4A C6 A7 29 A3 13 37 5A 7A 35 5A 92 44 9A   =J..)..7Zz5Z.D.
00000360:  C2 7C EF 4B 65 9A 58 AB 6C 16 80 95 C5 30 53 8F  .|.Ke.X.l....0S.
00000370:  D9 82 D3 9D 86 56 C3 FC C2 E1 38 A7 FD 88 57 A9  .....V....8...W.
00000380:  ED DD 60 1A D1 3D 00 00 00 00 00 00 00 00 00 00  ..`..=..........
00000390:  00 00 00 00 00 00 00 00 00 00 00 00 00 00 00 00  ................ [zeros]
000003A0:  00 00 00 00 00 00 00 00 00 00 00 00 00 00 00 00  ................ [zeros]
000003B0:  00 00 00 00 00 00 00 00 00 00 00 00 00 00 00 00  ................ [zeros]
000003C0:  00 00 00 00 00 00 00 00 00 00 00 00 00 00 00 00  ................ [zeros]
000003D0:  00 00 00 00 00 00 00 00 00 00 00 00 00 00 00 00  ................ [zeros]
000003E0:  00 00 00 00 00 00 00 00 00 00 00 00 00 00 00 00  ................ [zeros]
000003F0:  00 00 00 00 00 00 00 00 00 00 00 00 00 00 00 00  ................ [zeros]
00000400:  00 00 00 00 00 00 00 00 00 00 00 00 00 00 00 00  ................ [zeros]
00000410:  00 00 00 00 00 00 00 00 00 00 00 00 00 00 00 00  ................ [zeros]
00000420:  00 00 00 00 00 00 00 00 00 00 00 00 00 00 00 00  ................ [zeros]
00000430:  00 00 00 00 00 00 00 00 00 00 00 00 00 00 00 00  ................ [zeros]
00000440:  00 00 00 00 00 00 00 00 00 00 00 00 00 00 00 00  ................ [zeros]
00000450:  00 00 00 00 00 00 00 00 00 00 00 00 00 00 00 00  ................ [zeros]
00000460:  00 00 00 00 00 00 00 00 00 00 00 00 00 00 00 00  ................ [zeros]
00000470:  00 00 00 00 00 00 00 00 00 00 00 00 00 00 00 00  ................ [zeros]
00000480:  00 00 00 00 00 00 00 00 00 00 00 00 00 00 00 00  ................ [zeros]
00000490:  00 00 00 00 00 00 00 00 00 00 00 00 00 00 00 00  ................ [zeros]
000004A0:  00 00 00 00 00 00 00 00 00 00 00 00 00 00 00 00  ................ [zeros]
000004B0:  00 00 00 00 00 00 00 00 00 00 00 00 00 00 00 00  ................ [zeros]
000004C0:  00 00 00 00 00 00 00 00 00 00 00 00 00 00 00 00  ................ [zeros]
000004D0:  00 00 00 00 00 00 00 00 00 00 00 00 00 00 00 00  ................ [zeros]
000004E0:  00 00 00 00 00 00 00 00 00 00 00 00 00 00 00 00  ................ [zeros]
000004F0:  00 00 00 00 00 00 00 00 00 00 00 00 00 00 00 00  ................ [zeros]
00000500:  00 00 00 00 00 00 B9 75 E9 C9 89 3D 7C 88 94 0B  .......u...=|...
00000510:  C1 5E 26 D9 2C C6 91 8A AE 95 FB 02 33 AB 57 60  .^&.,.......3.W`
00000520:  E6 4E 4C 1A 2E B8 2D C8 E8 79 EE E6 A9 7E 30 90  .NL...-..y...~0.
00000530:  99 91 05 3F D8 29 7D 96 D3 DD E4 9E 3A 35 DF 05  ...?.)}.....:5..
00000540:  B6 4D B5 6D 81 22 93 17 43 EB 66 32 B1 DA 66 F7  .M.m."..C.f2..f.
00000550:  31 1A 1A FA 0D 84 4E 57 4C 91 60 4C A7 A5 D3 58  1.....NWL.`L...X
00000560:  46 F8 6A E6 AE A3 68 E9 41 62 FB BC C4 1E 56 66  F.j...h.Ab....Vf
00000570:  D8 83 3C F6 E0 BD 0A 46 0C 8B 0C D7 2B 04 D2 88  ..<....F....+...
00000580:  70 8E B2 CE 05 63 86 FF 9F 69 23 62 F1 74 37 F4  p....c...i#b.t7.
00000590:  37 98 72 4D E7 FC 8B 88 EB 76 E8 B9 5F 33 93 33  7.rM.....v.._3.3
000005A0:  5A 40 2A AD 90 AC 1E BD C5 B8 1B F3 A6 C8 EE 26  Z@*............&
000005B0:  9C 55 86 5A 4F EB C9 FB 74 7A 24 5A CC 33 E2 60  .U.ZO...tz$Z.3.`
000005C0:  C1 94 1F BC B1 1E 16 A5 1D A2 48 78 09 48 57 4C  ..........Hx.HWL
000005D0:  71 29 E5 D2 43 BA B6 D8 11 CF E7 32 6E 16 74 2A  q)..C......2n.t*
000005E0:  82 E5 C4 3D 33 7E AC 0E DC DF 60 AC 70 C9 AD 24  ...=3~....`.p..$
000005F0:  93 1F C3 51 E8 86 9A EA 9B B9 5F 6F DF 6A 0B B9  ...Q......_o.j..
00000600:  1F 7B 98 EE 07 3D F1 26 8C D4 ED B0 9B 0A 64 D5  .{...=.&......d.
00000610:  C2 96 92 1B C1 CC B8 7E 45 8D 12 5D CA 5D BB 4C  .......~E..].].L
00000620:  C4 22 0D 61 31 56 58 74 8A 52 39 F7 A5 FD A2 FE  .".a1VXt.R9.....
00000630:  4D 97 E5 E9 DF 55 AB 05 73 98 9A 23 DF F9 7E F3  M....U..s..#..~.
00000640:  5E 0A DA 51 09 AE 10 DE 83 D0 BD B3 C9 98 3E 9B  ^..Q..........>.
00000650:  13 A8 D3 3D 0E C8 06 DD 35 28 AB 4E 93 8A 31 2F  ...=....5(.N..1/
00000660:  0C EF E3 90 04 DF A4 09 7D F5 B5 45 61 66 4E 70  ........}..EafNp
00000670:  54 5F 43 FA DF B1 A7 4C 91 A3 10 23 DF 11 44 4D  T_C....L...#..DM
00000680:  44 19 A5 D5 38 B4 9E 63 74 8D 71 77 F4 C5 D7 DC  D...8..ct.qw....
00000690:  F2 41 A4 36 B6 CB FD 26 19 0F F0 6E 2C 03 87 E3  .A.6...&...n,...
000006A0:  F3 28 71 62 6C 26 E1 A4 CD 93 BA 2E 7E 1F 94 0B  .(qbl&......~...
000006B0:  39 E5 B0 75 E8 30 BE 6B 24 53 24 3B C5 F3 78 C5  9..u.0.k$S$;..x.
000006C0:  FE F0 2F 25 78 2E 62 0B 8C 38 7C 13 9A 40 38 A9  ../%x.b..8|..@8.
000006D0:  B8 18 72 F0 4D 70 44 C3 F1 46 51 CF 6F A6 BC AD  ..r.MpD..FQ.o...
000006E0:  8D 30 A0 6F 50 AF 4B DB EA 19 B8 A1 F4 AC 7C 3E  .0.oP.K.......|>
000006F0:  05 1D 54 9A AB BB E7 00 C5 D5 A6 FF 77 C1 FF 35  ..T.........w..5
00000700:  7F 31 55 1F 4D 92 32 6B 27 E2 17 21 58 92 22 52  .1U.M.2k'..!X."R
00000710:  FB 98 95 87 F7 A0 8C 75 68 44 5E DE 59 A5 BC CC  .......uhD^.Y...
00000720:  90 5E FA 8A 9A 6F D9 FF D0 10 9A FA 57 5D C3 C7  .^...o......W]..
00000730:  03 AE D2 56 35 EC 60 8A A5 8A B2 44 2A C1 21 9B  ...V5.`....D*.!.
00000740:  FB 41 D6 26 56 97 81 32 03 CD 65 F4 4D 4F 93 69  .A.&V..2..e.MO.i
00000750:  97 6A E8 8B 9D EC 2C 73 83 07 82 4B 8A CB ED 09  .j....,s...K....
00000760:  15 50 B4 3B 08 90 FF D7 74 87 93 15 39 13 5C 60  .P.;....t...9.\`
00000770:  BA 7F F9 81 55 AD 09 A1 53 3F C1 AD B0 38 7F 7A  ....U...S?...8.z
00000780:  68 16 12 48 D1 EC 6B 02 90 15 9A C8 68 71 83 35  h..H..k.....hq.5
00000790:  3A AE 22 A4 B5 B2 9E 5D 70 C1 EB AE F7 CD BA 4D  :."....]p......M
000007A0:  A1 9F F5 DF B7 2B 9E 26 7E 74 D2 C0 43 81 8B A7  .....+.&~t..C...
000007B0:  5C 04 B0 ED DE B4 50 B3 64 B3 78 F3 3E 8F 7B 0E  \.....P.d.x.>.{.
000007C0:  6D 11 D2 C3 A4 EC 45 25 83 F9 C8 FB 9B B6 37 B4  m.....E%......7.
000007D0:  DF 5D 7F 10 94 2D 1F F4 66 58 52 56 ED 20 BC F3  .]...-..fXRV. ..
000007E0:  01 52 CE 6F E5 F4 A2 4C EC 65 66 F6 77 50 6C 32  .R.o...L.ef.wPl2
000007F0:  88 C4 2A 84 1D 85 B5 D3 B2 D5 57 71 32 BE 47 23  ..*.......Wq2.G#
00000800:  F9 23 84 50 02 AF B6 77 7D 84 B0 CC E9 03 EB A4  .#.P...w}.......
00000810:  E2 3F 1B 96 B8 5F CA FA AE 2C 99 C3 E4 58 E2 C1  .?..._...,...X..
00000820:  75 B8 9B 39 C0 A9 72 8D 81 9A 03 03 93 A6 3E 10  u..9..r.......>.
00000830:  FF 33 AD FE 0E 03 C1 9B 32 3A 02 A1 F5 BC 56 D6  .3......2:....V.
00000840:  62 02 25 0F BF 51 76 5B DC 0C 02 AF 86 ED EC 10  b.%..Qv[........
00000850:  6A AF 21 44 CD B7 51 D6 C0 D3 39 66 C7 98 07 39  j.!D..Q...9f...9
00000860:  30 1C 2F 2E 2A 2A 9D 06 67 99 1B AD 09 E1 F0 14  0./.**..g.......
00000870:  A3 7E BF 63 31 83 D6 94 EB 29 5D 89 56 0C 78 98  .~.c1....)].V.x.
00000880:  C6 E8 70 4C 3C BF A6 F4 95 20 04 F2 73 C7 A4 30  ..pL<.... ..s..0
00000890:  E6 C1 E9 4C 29 1C 29 1E 75 DF E9 61 EA 5B 2C F7  ...L).).u..a.[,.
000008A0:  BF EE C6 D8 E1 5F A8 80 10 F8 28 C4 70 F2 48 89  ....._....(.p.H.
000008B0:  37 45 A6 DD 9D 59 1E BE E5 A8 92 48 C3 FD 45 F1  7E...Y.....H..E.
000008C0:  B5 54 F4 82 2F 26 71 B9 D0 8E 19 0E A6 88 13 F1  .T../&q.........
000008D0:  C2 24 E3 B6 D8 62 1A B8 73 20 40 1F 01 88 9F 46  .$...b..s @....F
000008E0:  99 2C 3C 63 07 6C 0A 74 19 EE 65 2F 63 D7 A6 07  .,<c.l.t..e/c...
000008F0:  12 CB 07 64 F1 C0 B0 14 0B 8B FC 6A 70 AC 4A 38  ...d.......jp.J8
00000900:  39 5A 9E 63 ED 04 C3 06 74 44 0D 57 44 CA 95 A6  9Z.c....tD.WD...
00000910:  CA 2B DA 9D 6F 6E AB C7 74 7B B5 48 8A 16 EA EF  .+..on..t{.H....
00000920:  B8 43 D9 48 82 64 8E E3 C0 B8 3A EE 55 41 73 CE  .C.H.d....:.UAs.
00000930:  A6 07 18 77 A7 64 04 56 7D 86 BD 27 4A 82 FB 4A  ...w.d.V}..'J..J
00000940:  D7 55 86 DB C9 B9 47 98 C4 97 EF F4 64 5D DB 32  .U....G.....d].2
00000950:  F8 15 2B 21 40 3E C4 F2 8A A4 26 08 EA 05 3A 2D  ..+!@>....&...:-
00000960:  7F 37 96 1D 73 A8 A7 D7 D6 C9 A1 7E B2 6E 35 B8  .7..s......~.n5.
00000970:  EE 89 E1 3F AC 72 7D 25 59 22 A8 BA A3 AA E3 9A  ...?.r}%Y"......
00000980:  20 A9 B9 7F C3 61 B9 B5 6D 81 D2 68 E3 0E C8 E9   ....a..m..h....
00000990:  C6 79 53 FD A4 82 0B 92 7C AB D0 35 91 AC 62 A3  .yS.....|..5..b.
000009A0:  B0 40 D6 DA D5 41 85 A7 70 9F EE E4 1F 26 4B FA  .@...A..p....&K.
000009B0:  25 0B F4 40 48 94 AA AB B2 44 14 5D 3D B9 4D 6C  %..@H....D.]=.Ml
000009C0:  03 74 A2 9D B8 B6 9F 77 B5 AE 81 2E FF EE 18 70  .t.....w.......p
000009D0:  78 97 B2 2E F3 73 C0 56 16 41 6A 0C 79 76 A5 F8  x....s.V.Aj.yv..
000009E0:  FF F5 78 DB AB 32 69 7B B7 30 65 ED 8E 2B 5E A8  ..x..2i{.0e..+^.
000009F0:  06 7B 40 F4 88 A4 A1 14 08 25 AF 19 F6 94 04 10  .{@......%......
00000A00:  CA 07 79 E4 FA 7B 3D DC F6 37 DA 01 A2 5D F8 7D  ..y..{=..7...].}
00000A10:  3C 0F 5C 61 E3 D0 9B BF B6 6B 0F A1 9D 9F C9 B6  <.\a.....k......
00000A20:  55 07 0A 6F 66 04 37 71 1C F0 BC 6B AE 73 A5 31  U..of.7q...k.s.1
00000A30:  F7 84 33 3D F7 76 BC 86 6B D3 8D 7E CE F4 64 3F  ..3=.v..k..~..d?
00000A40:  F6 1E 53 2F 7E 4A 66 8D 95 AC AD 35 A9 64 6B 4E  ..S/~Jf....5.dkN
00000A50:  57 8D CF 2E 75 20 27 7B FA 19 0F 52 09 FA 9F 50  W...u '{...R...P
00000A60:  30 8C A8 4D 96 11 00 00 00 00 00 00 00 00 00 00  0..M............
00000A70:  00 00 00 00 00 00 00 00 00 00 00 00 00 00 00 00  ................ [zeros]
00000A80:  00 00 00 00 00 00 00 00 00 00 00 00 00 00 00 00  ................ [zeros]
00000A90:  00 00 00 00 00 00 00 00 00 00 00 00 00 00 00 00  ................ [zeros]
00000AA0:  00 00 00 00 00 00 00 00 00 00 00 00 00 00 00 00  ................ [zeros]
00000AB0:  00 00 00 00 00 00 00 00 00 00 00 00 00 00 00 00  ................ [zeros]
00000AC0:  00 00 00 00 00 00 00 00 00 00 00 00 00 00 00 00  ................ [zeros]
00000AD0:  00 00 00 00 00 00 00 00 00 00 00 00 00 00 00 00  ................ [zeros]
00000AE0:  00 00 00 00 00 00 00 00 00 00 00 00 00 00 00 00  ................ [zeros]
00000AF0:  00 00 00 00 00 00 00 00 00 00 00 00 00 00 00 00  ................ [zeros]
00000B00:  00 00 00 00 00 00 00 00 00 00 00 00 00 00 00 00  ................ [zeros]
00000B10:  00 00 00 00 00 00 00 00 00 00 00 00 00 00 00 00  ................ [zeros]
00000B20:  00 00 00 00 00 00 00 00 00 00 00 00 00 00 00 00  ................ [zeros]
00000B30:  00 00 00 00 00 00 00 00 00 00 00 00 00 00 00 00  ................ [zeros]
00000B40:  00 00 00 00 00 00 00 00 00 00 00 00 00 00 00 00  ................ [zeros]
00000B50:  00 00 00 00 00 00 00 00 00 00 00 00 00 00 00 00  ................ [zeros]
00000B60:  00 00 00 00 00 00 00 00 00 00 00 00 00 00 00 00  ................ [zeros]
00000B70:  00 00 00 00 00 00 00 00 00 00 00 00 00 00 00 00  ................ [zeros]
00000B80:  00 00 00 00 00 00 00 00 00 00 00 00 00 00 00 00  ................ [zeros]
00000B90:  00 00 00 00 00 00 00 00 00 00 00 00 00 00 00 00  ................ [zeros]
00000BA0:  00 00 00 00 00 00 00 00 00 00 00 00 00 00 00 00  ................ [zeros]
00000BB0:  00 00 00 00 00 00 00 00 00 00 00 00 00 00 00 00  ................ [zeros]
00000BC0:  00 00 00 00 00 00 00 00 00 00 00 00 00 00 00 00  ................ [zeros]
00000BD0:  00 00 00 00 00 00 00 00 00 00 00 00 00 00 00 00  ................ [zeros]
00000BE0:  00 00 00 00 00 00 00 00 00 00 00 00 00 00 00 00  ................ [zeros]
00000BF0:  00 00 00 00 00 00 00 00 00 00 00 00 00 00 00 00  ................ [zeros]
00000C00:  00 00 00 00 00 00 00 00 00 00 00 00 00 00 00 00  ................ [zeros]
00000C10:  00 00 00 00 00 00 00 00 00 00 00 00 00 00 00 00  ................ [zeros]
00000C20:  00 00 00 00 00 00 00 00 00 00 00 00 00 00 00 00  ................ [zeros]
00000C30:  00 00 00 00 00 00 00 00 00 00 00 00 00 00 00 00  ................ [zeros]
00000C40:  00 00 00 00 00 00 00 00 00 00 00 00 00 00 00 00  ................ [zeros]
00000C50:  00 00 00 00 00 00 00 00 00 00 00 00 00 00 00 00  ................ [zeros]
00000C60:  00 00 00 00 00 00 00 00 00 00 00 00 00 00 00 00  ................ [zeros]
00000C70:  00 00 00 00 00 00 00 00 00 00 00 00 00 00 00 00  ................ [zeros]
00000C80:  00 00 00 00 00 00 00 00 00 00 00 00 00 00 00 00  ................ [zeros]
00000C90:  00 00 00 00 00 00 00 00 00 00 00 00 00 00 00 00  ................ [zeros]
00000CA0:  00 00 00 00 00 00 00 00 00 00 00 00 00 00 00 00  ................ [zeros]
00000CB0:  00 00 00 00 00 00 00 00 00 00 00 00 00 00 00 00  ................ [zeros]
00000CC0:  00 00 00 00 00 00 00 00 00 00 00 00 00 00 00 00  ................ [zeros]
00000CD0:  00 00 00 00 00 00 00 00 00 00 00 00 00 00 00 00  ................ [zeros]
00000CE0:  00 00 00 00 00 00 00 00 00 00 00 00 00 00 00 00  ................ [zeros]
00000CF0:  00 00 00 00 00 00 00 00 00 00 00 00 00 00 00 00  ................ [zeros]
00000D00:  00 00 00 00 00 00 00 00 00 00 00 00 00 00 00 00  ................ [zeros]
00000D10:  00 00 00 00 00 00 00 00 00 00 00 00 00 00 00 00  ................ [zeros]
00000D20:  00 00 00 00 00 00 00 00 00 00 00 00 00 00 00 00  ................ [zeros]
00000D30:  00 00 00 00 00 00 00 00 00 00 00 00 00 00 00 00  ................ [zeros]
00000D40:  00 00 00 00 00 00 00 00 00 00 00 00 00 00 00 00  ................ [zeros]
00000D50:  00 00 00 00 00 00 00 00 00 00 00 00 00 00 00 00  ................ [zeros]
00000D60:  00 00 00 00 00 00 00 00 00 00 00 00 00 00 00 00  ................ [zeros]
00000D70:  00 00 00 00 00 00 00 00 00 00 00 00 00 00 00 00  ................ [zeros]
00000D80:  00 00 00 00 00 00 00 00 00 00 00 00 00 00 00 00  ................ [zeros]
00000D90:  00 00 00 00 00 00 00 00 00 00 00 00 00 00 00 00  ................ [zeros]
00000DA0:  00 00 00 00 00 00 00 00 00 00 00 00 00 00 00 00  ................ [zeros]
00000DB0:  00 00 00 00 00 00 00 00 00 00 00 00 00 00 00 00  ................ [zeros]
00000DC0:  00 00 00 00 00 00 00 00 00 00 00 00 00 00 00 00  ................ [zeros]
00000DD0:  00 00 00 00 00 00 00 00 00 00 00 00 00 00 00 00  ................ [zeros]
00000DE0:  00 00 00 00 00 00 00 00 00 00 00 00 00 00 00 00  ................ [zeros]
00000DF0:  00 00 00 00 00 00 00 00 00 00 00 00 00 00 00 00  ................ [zeros]
00000E00:  00 00 00 00 00 00 00 00 00 00 00 00 00 00 00 00  ................ [zeros]
00000E10:  00 00 00 00 00 00 00 00 00 00 00 00 00 00 00 00  ................ [zeros]
00000E20:  00 00 00 00 00 00 00 00 00 00 00 00 00 00 00 00  ................ [zeros]
00000E30:  00 00 00 00 00 00 00 00 00 00 00 00 00 00 00 00  ................ [zeros]
00000E40:  00 00 00 00 00 00 00 00 00 00 00 00 00 00 00 00  ................ [zeros]
00000E50:  00 00 00 00 00 00 A8 D3 FE EB 11 37 0E 3C 02 67  ...........7.<.g
00000E60:  28 62 56 9C 54 AB 00 00 00 00 00 00 00 00 00 00  (bV.T...........
00000E70:  00 00 00 00 00 00 00 00 00 00 00 00 00 00 00 00  ................ [zeros]
00000E80:  00 00 00 00 00 00 00 00 00 00 00 00 00 00 00 00  ................ [zeros]
00000E90:  00 00 00 00 00 00 00 00 00 00 00 00 00 00 00 00  ................ [zeros]
00000EA0:  00 00 00 00 00 00 00 00 00 00 00 00 00 00 00 00  ................ [zeros]
00000EB0:  00 00 00 00 00 00 00 00 00 00 00 00 00 00 00 00  ................ [zeros]
00000EC0:  00 00 00 00 00 00 00 00 00 00 00 00 00 00 00 00  ................ [zeros]
00000ED0:  00 00 00 00 00 00 00 00 00 00 00 00 00 00 00 00  ................ [zeros]
00000EE0:  00 00 00 00 00 00 00 00 00 00 00 00 00 00 00 00  ................ [zeros]
00000EF0:  00 00 00 00 00 00 00 00 00 00 00 00 00 00 00 00  ................ [zeros]
00000F00:  00 00 00 00 00 00 00 00 00 00 00 00 00 00 00 00  ................ [zeros]
00000F10:  00 00 00 00 00 00 00 00 00 00 00 00 00 00 00 00  ................ [zeros]
00000F20:  00 00 00 00 00 00 00 00 00 00 00 00 00 00 00 00  ................ [zeros]
00000F30:  00 00 00 00 00 00 00 00 00 00 00 00 00 00 00 00  ................ [zeros]
00000F40:  00 00 00 00 00 00 00 00 00 00 00 00 00 00 00 00  ................ [zeros]
00000F50:  00 00 00 00 00 00 00 00 00 00 00 00 00 00 00 00  ................ [zeros]
00000F60:  00 00 00 00 00 00 00 00 00 00 00 00 00 00 00 00  ................ [zeros]
00000F70:  00 00 00 00 00 00 00 00 00 00 00 00 00 00 00 00  ................ [zeros]
00000F80:  00 00 00 00 00 00 00 00 00 00 00 00 00 00 00 00  ................ [zeros]
00000F90:  00 00 00 00 00 00 00 00 00 00 00 00 00 00 00 00  ................ [zeros]
00000FA0:  00 00 00 00 00 00 00 00 00 00 00 00 00 00 00 00  ................ [zeros]
00000FB0:  00 00 00 00 00 00 00 00 00 00 00 00 00 00 00 00  ................ [zeros]
00000FC0:  00 00 00 00 00 00 00 00 00 00 00 00 00 00 00 00  ................ [zeros]
00000FD0:  00 00 00 00 00 00 00 00 00 00 00 00 00 00 00 00  ................ [zeros]
00000FE0:  00 00 00 00 00 00 00 00 00 00 00 00 00 00 00 00  ................ [zeros]
00000FF0:  00 00 00 00 00 00 00 00 00 00 00 00 00 00 00 00  ................ [zeros]
00001000:  00 00 00 00 00 00 00 00 00 00 00 00 00 00 00 00  ................ [zeros]
00001010:  00 00 00 00 00 00 00 00 00 00 00 00 00 00 00 00  ................ [zeros]
00001020:  00 00 00 00 00 00 00 00 00 00 00 00 00 00 00 00  ................ [zeros]
00001030:  00 00 00 00 00 00 00 00 00 00 00 00 00 00 00 00  ................ [zeros]
00001040:  00 00 00 00 00 00 00 00 00 00 00 00 00 00 00 00  ................ [zeros]
00001050:  00 00 00 00 00 00 00 00 00 00 00 00 00 00 00 00  ................ [zeros]
00001060:  00 00 00 00 00 00 00 00 00 00 00 00 00 00 00 00  ................ [zeros]
00001070:  00 00 00 00 00 00 00 00 00 00 00 00 00 00 00 00  ................ [zeros]
00001080:  00 00 00 00 00 00 00 00 00 00 00 00 00 00 00 00  ................ [zeros]
00001090:  00 00 00 00 00 00 00 00 00 00 00 00 00 00 00 00  ................ [zeros]
000010A0:  00 00 00 00 00 00 00 00 00 00 00 00 00 00 00 00  ................ [zeros]
000010B0:  00 00 00 00 00 00 00 00 00 00 00 00 00 00 00 00  ................ [zeros]
000010C0:  00 00 00 00 00 00 00 00 00 00 00 00 00 00 00 00  ................ [zeros]
000010D0:  00 00 00 00 00 00 00 00 00 00 00 00 00 00 00 00  ................ [zeros]
000010E0:  00 00 00 00 00 00 00 00 00 00 00 00 00 00 00 00  ................ [zeros]
000010F0:  00 00 00 00 00 00 00 00 00 00 00 00 00 00 00 00  ................ [zeros]
00001100:  00 00 00 00 00 00 00 00 00 00 00 00 00 00 00 00  ................ [zeros]
00001110:  00 00 00 00 00 00 00 00 00 00 00 00 00 00 00 00  ................ [zeros]
00001120:  00 00 00 00 00 00 00 00 00 00 00 00 00 00 00 00  ................ [zeros]
00001130:  00 00 00 00 00 00 00 00 00 00 00 00 00 00 00 00  ................ [zeros]
00001140:  00 00 00 00 00 00 00 00 00 00 00 00 00 00 00 00  ................ [zeros]
00001150:  00 00 00 00 00 00 00 00 00 00 00 00 00 00 00 00  ................ [zeros]
00001160:  00 00 00 00 00 00 00 00 00 00 00 00 00 00 00 00  ................ [zeros]
00001170:  00 00 00 00 00 00 00 00 00 00 00 00 00 00 00 00  ................ [zeros]
00001180:  00 00 00 00 00 00 00 00 00 00 00 00 00 00 00 00  ................ [zeros]
00001190:  00 00 00 00 00 00 00 00 00 00 00 00 00 00 00 00  ................ [zeros]
000011A0:  00 00 00 00 00 00 00 00 00 00 00 00 00 00 00 00  ................ [zeros]
000011B0:  00 00 00 00 00 00 00 00 00 00 00 00 00 00 00 00  ................ [zeros]
000011C0:  00 00 00 00 00 00 00 00 00 00 00 00 00 00 00 00  ................ [zeros]
000011D0:  00 00 00 00 00 00 00 00 00 00 00 00 00 00 00 00  ................ [zeros]
000011E0:  00 00 00 00 00 00 00 00 00 00 00 00 00 00 00 00  ................ [zeros]
000011F0:  00 00 00 00 00 00 00 00 00 00 00 00 00 00 00 00  ................ [zeros]
00001200:  00 00 00 00 00 00 00 00 00 00 00 00 00 00 00 00  ................ [zeros]
00001210:  00 00 00 00 00 00 00 00 00 00 00 00 00 00 00 00  ................ [zeros]
00001220:  00 00 00 00 00 00 00 00 00 00 00 00 00 00 00 00  ................ [zeros]
00001230:  00 00 00 00 00 00 00 00 00 00 00 00 00 00 00 00  ................ [zeros]
00001240:  00 00 00 00 00 00 00 00 00 00 00 00 00 00 00 00  ................ [zeros]
00001250:  00 00 00 00 00 00 00 00 00 00 00 00 00 00 00 00  ................ [zeros]
00001260:  00 00 00 00 00 00 D8 2E 1E 59 A2 40 B8 9E 8B 97  .........Y.@....
00001270:  C3 0E E3 EF EF 3A 00 00 00 00 00 00 00 00 00 00  .....:..........
00001280:  00 00 00 00 00 00 00 00 00 00 00 00 00 00 00 00  ................ [zeros]
00001290:  00 00 00 00 00 00 00 00 00 00 00 00 00 00 00 00  ................ [zeros]
000012A0:  00 00 00 00 00 00 00 00 00 00 00 00 00 00 00 00  ................ [zeros]
000012B0:  00 00 00 00 00 00 00 00 00 00 00 00 00 00 00 00  ................ [zeros]
000012C0:  00 00 00 00 00 00 00 00 00 00 00 00 00 00 00 00  ................ [zeros]
000012D0:  00 00 00 00 00 00 00 00 00 00 00 00 00 00 00 00  ................ [zeros]
000012E0:  00 00 00 00 00 00 00 00 00 00 00 00 00 00 00 00  ................ [zeros]
000012F0:  00 00 00 00 00 00 00 00 00 00 00 00 00 00 00 00  ................ [zeros]
00001300:  00 00 00 00 00 00 00 00 00 00 00 00 00 00 00 00  ................ [zeros]
00001310:  00 00 00 00 00 00 00 00 00 00 00 00 00 00 00 00  ................ [zeros]
00001320:  00 00 00 00 00 00 00 00 00 00 00 00 00 00 00 00  ................ [zeros]
00001330:  00 00 00 00 00 00 00 00 00 00 00 00 00 00 00 00  ................ [zeros]
00001340:  00 00 00 00 00 00 00 00 00 00 00 00 00 00 00 00  ................ [zeros]
00001350:  00 00 00 00 00 00 00 00 00 00 00 00 00 00 00 00  ................ [zeros]
00001360:  00 00 00 00 00 00 00 00 00 00 00 00 00 00 00 00  ................ [zeros]
00001370:  00 00 00 00 00 00 00 00 00 00 00 00 00 00 00 00  ................ [zeros]
00001380:  00 00 00 00 00 00 00 00 00 00 00 00 00 00 00 00  ................ [zeros]
00001390:  00 00 00 00 00 00 00 00 00 00 00 00 00 00 00 00  ................ [zeros]
000013A0:  00 00 00 00 00 00 00 00 00 00 00 00 00 00 00 00  ................ [zeros]
000013B0:  00 00 00 00 00 00 00 00 00 00 00 00 00 00 00 00  ................ [zeros]
000013C0:  00 00 00 00 00 00 00 00 00 00 00 00 00 00 00 00  ................ [zeros]
000013D0:  00 00 00 00 00 00 00 00 00 00 00 00 00 00 00 00  ................ [zeros]
000013E0:  00 00 00 00 00 00 00 00 00 00 00 00 00 00 00 00  ................ [zeros]
000013F0:  00 00 00 00 00 00 00 00 00 00 00 00 00 00 00 00  ................ [zeros]
00001400:  00 00 00 00 00 00 00 00 00 00 00 00 00 00 00 00  ................ [zeros]
00001410:  00 00 00 00 00 00 00 00 00 00 00 00 00 00 00 00  ................ [zeros]
00001420:  00 00 00 00 00 00 00 00 00 00 00 00 00 00 00 00  ................ [zeros]
00001430:  00 00 00 00 00 00 00 00 00 00 00 00 00 00 00 00  ................ [zeros]
00001440:  00 00 00 00 00 00 00 00 00 00 00 00 00 00 00 00  ................ [zeros]
00001450:  00 00 00 00 00 00 00 00 00 00 00 00 00 00 00 00  ................ [zeros]
00001460:  00 00 00 00 00 00 00 00 00 00 00 00 00 00 00 00  ................ [zeros]
00001470:  00 00 00 00 00 00 00 00 00 00 00 00 00 00 00 00  ................ [zeros]
00001480:  00 00 00 00 00 00 00 00 00 00 00 00 00 00 00 00  ................ [zeros]
00001490:  00 00 00 00 00 00 00 00 00 00 00 00 00 00 00 00  ................ [zeros]
000014A0:  00 00 00 00 00 00 00 00 00 00 00 00 00 00 00 00  ................ [zeros]
000014B0:  00 00 00 00 00 00 00 00 00 00 00 00 00 00 00 00  ................ [zeros]
000014C0:  00 00 00 00 00 00 00 00 00 00 00 00 00 00 00 00  ................ [zeros]
000014D0:  00 00 00 00 00 00 00 00 00 00 00 00 00 00 00 00  ................ [zeros]
000014E0:  00 00 00 00 00 00 00 00 00 00 00 00 00 00 00 00  ................ [zeros]
000014F0:  00 00 00 00 00 00 00 00 00 00 00 00 00 00 00 00  ................ [zeros]
00001500:  00 00 00 00 00 00 00 00 00 00 00 00 00 00 00 00  ................ [zeros]
00001510:  00 00 00 00 00 00 00 00 00 00 00 00 00 00 00 00  ................ [zeros]
00001520:  00 00 00 00 00 00 00 00 00 00 00 00 00 00 00 00  ................ [zeros]
00001530:  00 00 00 00 00 00 00 00 00 00 00 00 00 00 00 00  ................ [zeros]
00001540:  00 00 00 00 00 00 00 00 00 00 00 00 00 00 00 00  ................ [zeros]
00001550:  00 00 00 00 00 00 00 00 00 00 00 00 00 00 00 00  ................ [zeros]
00001560:  00 00 00 00 00 00 00 00 00 00 00 00 00 00 00 00  ................ [zeros]
00001570:  00 00 00 00 00 00 00 00 00 00 00 00 00 00 00 00  ................ [zeros]
00001580:  00 00 00 00 00 00 00 00 00 00 00 00 00 00 00 00  ................ [zeros]
00001590:  00 00 00 00 00 00 00 00 00 00 00 00 00 00 00 00  ................ [zeros]
000015A0:  00 00 00 00 00 00 00 00 00 00 00 00 00 00 00 00  ................ [zeros]
000015B0:  00 00 00 00 00 00 00 00 00 00 00 00 00 00 00 00  ................ [zeros]
000015C0:  00 00 00 00 00 00 00 00 00 00 00 00 00 00 00 00  ................ [zeros]
000015D0:  00 00 00 00 00 00 00 00 00 00 00 00 00 00 00 00  ................ [zeros]
000015E0:  00 00 00 00 00 00 00 00 00 00 00 00 00 00 00 00  ................ [zeros]
000015F0:  00 00 00 00 00 00 00 00 00 00 00 00 00 00 00 00  ................ [zeros]
00001600:  00 00 00 00 00 00 00 00 00 00 00 00 00 00 00 00  ................ [zeros]
00001610:  00 00 00 00 00 00 00 00 00 00 00 00 00 00 00 00  ................ [zeros]
00001620:  00 00 00 00 00 00 00 00 00 00 00 00 00 00 00 00  ................ [zeros]
00001630:  00 00 00 00 00 00 00 00 00 00 00 00 00 00 00 00  ................ [zeros]
00001640:  00 00 00 00 00 00 00 00 00 00 00 00 00 00 00 00  ................ [zeros]
00001650:  00 00 00 00 00 00 00 00 00 00 00 00 00 00 00 00  ................ [zeros]
00001660:  00 00 00 00 00 00 CD 29 96 3E 00 D0 7A BC 53 73  .......).>..z.Ss
00001670:  28 0B 01 05 9A 60 00 00 00 00 00 00 00 00 00 00  (....`..........
00001680:  00 00 00 00 00 00 00 00 00 00 00 00 00 00 00 00  ................ [zeros]
00001690:  00 00 00 00 00 00 00 00 00 00 00 00 00 00 00 00  ................ [zeros]
000016A0:  00 00 00 00 00 00 00 00 00 00 00 00 00 00 00 00  ................ [zeros]
000016B0:  00 00 00 00 00 00 00 00 00 00 00 00 00 00 00 00  ................ [zeros]
000016C0:  00 00 00 00 00 00 00 00 00 00 00 00 00 00 00 00  ................ [zeros]
000016D0:  00 00 00 00 00 00 00 00 00 00 00 00 00 00 00 00  ................ [zeros]
000016E0:  00 00 00 00 00 00 00 00 00 00 00 00 00 00 00 00  ................ [zeros]
000016F0:  00 00 00 00 00 00 00 00 00 00 00 00 00 00 00 00  ................ [zeros]
00001700:  00 00 00 00 00 00 00 00 00 00 00 00 00 00 00 00  ................ [zeros]
00001710:  00 00 00 00 00 00 00 00 00 00 00 00 00 00 00 00  ................ [zeros]
00001720:  00 00 00 00 00 00 00 00 00 00 00 00 00 00 00 00  ................ [zeros]
00001730:  00 00 00 00 00 00 00 00 00 00 00 00 00 00 00 00  ................ [zeros]
00001740:  00 00 00 00 00 00 00 00 00 00 00 00 00 00 00 00  ................ [zeros]
00001750:  00 00 00 00 00 00 00 00 00 00 00 00 00 00 00 00  ................ [zeros]
00001760:  00 00 00 00 00 00 00 00 00 00 00 00 00 00 00 00  ................ [zeros]
00001770:  00 00 00 00 00 00 00 00 00 00 00 00 00 00 00 00  ................ [zeros]
00001780:  00 00 00 00 00 00 00 00 00 00 00 00 00 00 00 00  ................ [zeros]
00001790:  00 00 00 00 00 00 00 00 00 00 00 00 00 00 00 00  ................ [zeros]
000017A0:  00 00 00 00 00 00 00 00 00 00 00 00 00 00 00 00  ................ [zeros]
000017B0:  00 00 00 00 00 00 00 00 00 00 00 00 00 00 00 00  ................ [zeros]
000017C0:  00 00 00 00 00 00 00 00 00 00 00 00 00 00 00 00  ................ [zeros]
000017D0:  00 00 00 00 00 00 00 00 00 00 00 00 00 00 00 00  ................ [zeros]
000017E0:  00 00 00 00 00 00 00 00 00 00 00 00 00 00 00 00  ................ [zeros]
000017F0:  00 00 00 00 00 00 00 00 00 00 00 00 00 00 00 00  ................ [zeros]
00001800:  00 00 00 00 00 00 00 00 00 00 00 00 00 00 00 00  ................ [zeros]
00001810:  00 00 00 00 00 00 00 00 00 00 00 00 00 00 00 00  ................ [zeros]
00001820:  00 00 00 00 00 00 00 00 00 00 00 00 00 00 00 00  ................ [zeros]
00001830:  00 00 00 00 00 00 00 00 00 00 00 00 00 00 00 00  ................ [zeros]
00001840:  00 00 00 00 00 00 00 00 00 00 00 00 00 00 00 00  ................ [zeros]
00001850:  00 00 00 00 00 00 00 00 00 00 00 00 00 00 00 00  ................ [zeros]
00001860:  00 00 00 00 00 00 00 00 00 00 00 00 00 00 00 00  ................ [zeros]
00001870:  00 00 00 00 00 00 00 00 00 00 00 00 00 00 00 00  ................ [zeros]
00001880:  00 00 00 00 00 00 00 00 00 00 00 00 00 00 00 00  ................ [zeros]
00001890:  00 00 00 00 00 00 00 00 00 00 00 00 00 00 00 00  ................ [zeros]
000018A0:  00 00 00 00 00 00 00 00 00 00 00 00 00 00 00 00  ................ [zeros]
000018B0:  00 00 00 00 00 00 00 00 00 00 00 00 00 00 00 00  ................ [zeros]
000018C0:  00 00 00 00 00 00 00 00 00 00 00 00 00 00 00 00  ................ [zeros]
000018D0:  00 00 00 00 00 00 00 00 00 00 00 00 00 00 00 00  ................ [zeros]
000018E0:  00 00 00 00 00 00 00 00 00 00 00 00 00 00 00 00  ................ [zeros]
000018F0:  00 00 00 00 00 00 00 00 00 00 00 00 00 00 00 00  ................ [zeros]
00001900:  00 00 00 00 00 00 00 00 00 00 00 00 00 00 00 00  ................ [zeros]
00001910:  00 00 00 00 00 00 00 00 00 00 00 00 00 00 00 00  ................ [zeros]
00001920:  00 00 00 00 00 00 00 00 00 00 00 00 00 00 00 00  ................ [zeros]
00001930:  00 00 00 00 00 00 00 00 00 00 00 00 00 00 00 00  ................ [zeros]
00001940:  00 00 00 00 00 00 00 00 00 00 00 00 00 00 00 00  ................ [zeros]
00001950:  00 00 00 00 00 00 00 00 00 00 00 00 00 00 00 00  ................ [zeros]
00001960:  00 00 00 00 00 00 00 00 00 00 00 00 00 00 00 00  ................ [zeros]
00001970:  00 00 00 00 00 00 00 00 00 00 00 00 00 00 00 00  ................ [zeros]
00001980:  00 00 00 00 00 00 00 00 00 00 00 00 00 00 00 00  ................ [zeros]
00001990:  00 00 00 00 00 00 00 00 00 00 00 00 00 00 00 00  ................ [zeros]
000019A0:  00 00 00 00 00 00 00 00 00 00 00 00 00 00 00 00  ................ [zeros]
000019B0:  00 00 00 00 00 00 00 00 00 00 00 00 00 00 00 00  ................ [zeros]
000019C0:  00 00 00 00 00 00 00 00 00 00 00 00 00 00 00 00  ................ [zeros]
000019D0:  00 00 00 00 00 00 00 00 00 00 00 00 00 00 00 00  ................ [zeros]
000019E0:  00 00 00 00 00 00 00 00 00 00 00 00 00 00 00 00  ................ [zeros]
000019F0:  00 00 00 00 00 00 00 00 00 00 00 00 00 00 00 00  ................ [zeros]
00001A00:  00 00 00 00 00 00 00 00 00 00 00 00 00 00 00 00  ................ [zeros]
00001A10:  00 00 00 00 00 00 00 00 00 00 00 00 00 00 00 00  ................ [zeros]
00001A20:  00 00 00 00 00 00 00 00 00 00 00 00 00 00 00 00  ................ [zeros]
00001A30:  00 00 00 00 00 00 00 00 00 00 00 00 00 00 00 00  ................ [zeros]
00001A40:  00 00 00 00 00 00 00 00 00 00 00 00 00 00 00 00  ................ [zeros]
00001A50:  00 00 00 00 00 00 00 00 00 00 00 00 00 00 00 00  ................ [zeros]
00001A60:  00 00 00 00 00 00 E7 44 B0 7F B9 C0 F3 1D E5 69  .......D.......i
00001A70:  FF 6C EB 86 D3 A4 97 F3 C3 48 37 FB 58 4E 21 9C  .l.......H7.XN!.
00001A80:  19 C1 6D 05 DF 94 7A 18 53 12 4A 07 65 C1 61 30  ..m...z.S.J.e.a0
00001A90:  F1 47 E3 17 E7 0B E5 F7 FC 48 45 7F CE 88 CF 5E  .G.......HE....^
00001AA0:  F0 2E 97 E6 95 0E CB AE CE A3 34 25 F5 FD 5E 85  ..........4%..^.
00001AB0:  E9 1E 4B 05 67 4E 57 0A D9 35 72 B9 09 6A 63 4C  ..K.gNW..5r..jcL
00001AC0:  C7 DF 8E 99 EA B5 39 11 7F 37 EE AE F2 1F 0A 35  ......9..7.....5
00001AD0:  4E BF D8 43 B3 99 DC F6 49 F2 85 64 DC C9 49 F3  N..C....I..d..I.
00001AE0:  A2 2B D8 E7 ED 4D 7B F6 72 F8 36 3B 38 23 78 12  .+...M{.r.6;8#x.
00001AF0:  60 5D 2A 9B DD 8E BF 9C 6B A3 54 27 AA 8F 8C 98  `]*.....k.T'....
00001B00:  6E 45 A7 44 EC 5C CE 50 53 08 5F 61 85 5C A3 D8  nE.D.\.PS._a.\..
00001B10:  C2 F1 A4 F4 9B BC C8 DB AD 95 F1 76 56 8F BD 22  ...........vV.."
00001B20:  E8 16 72 17 D5 97 45 DE CA 7F 4F F4 05 34 66 27  ..r...E...O..4f'
00001B30:  50 49 80 B2 4A FA 9B AB 3C 59 44 0A E4 1F F7 E8  PI..J...<YD.....
00001B40:  99 64 CB 35 B6 9D 9F 17 D9 43 EB 31 B2 42 7D F9  .d.5.....C.1.B}.
00001B50:  C5 7F A4 CB FE 42 14 2E 16 41 DA 01 3D DA FE B2  .....B...A..=...
00001B60:  FC DD CD 75 38 34 81 C2 29 92 7D 2F A8 95 D7 AE  ...u84..).}/....
00001B70:  CB BF C1 7B 46 04 A7 D1 70 F9 BA A5 E7 89 B1 8B  ...{F...p.......
00001B80:  D8 67 4E 44 3D 9C 92 9C 93 AD 77 EC 13 98 9E 5D  .gND=.....w....]
00001B90:  1E 8C AD 15 8E 1E F3 56 6D 8D CA 45 FD 5C 68 14  .......Vm..E.\h.
00001BA0:  3D 5A FB DD F2 F7 B7 B6 B4 1B AB 51 1F A9 23 03  =Z.........Q..#.
00001BB0:  EB 82 AA 9E 5B 4E 13 FE 5F F6 8A 07 AF 73 62 60  ....[N.._....sb`
00001BC0:  E9 C2 37 5F 0F 93 0F 48 C0 7D 21 07 68 FF 78 76  ..7_...H.}!.h.xv
00001BD0:  00 B1 9D C2 BB 01 FF 34 73 D1 C0 22 52 BB B5 31  .......4s.."R..1
00001BE0:  99 D5 44 C7 08 25 56 4E A1 86 2B 7D DE 9D 8C 57  ..D..%VN..+}...W
00001BF0:  13 23 68 A8 61 C5 15 3C 01 2C 67 79 AA 5C 80 23  .#h.a..<.,gy.\.#
00001C00:  F8 59 E9 11 9B 26 39 E6 4B 04 31 E5 DB 3F 61 8A  .Y...&9.K.1..?a.
00001C10:  38 C0 69 94 79 B2 39 6B 95 BD A2 B5 CC F8 6B 8A  8.i.y.9k......k.
00001C20:  E5 A4 D1 E4 69 3D 2E E4 D0 E2 AF E0 EE 6A E8 D3  ....i=.......j..
00001C30:  7B 42 FE 6F 24 90 D6 61 8C 18 FC 23 CA 62 62 F2  {B.o$..a...#.bb.
00001C40:  08 3A 64 DF F4 66 B6 7C 06 1E BF 55 16 99 19 1B  .:d..f.|...U....
00001C50:  7D F6 66 58 26 48 2D 0F 18 67 12 98 8B F5 55 D5  }.fX&H-..g....U.
00001C60:  10 65 D0 3C 26 0F 4A 1C 87 AF B6 F0 11 B6 87 8B  .e.<&.J.........
00001C70:  F1 72 34 7C B8 58 2D 83 6A BA 57 5B 43 83 2B DD  .r4|.X-.j.W[C.+.
00001C80:  8C 17 EE 72 09 C7 60 0D 35 5D EC 7E 15 89 08 64  ...r..`.5].~...d
00001C90:  26 53 50 B1 00 78 C0 13 22 A9 3C 4B 9F 31 6C CF  &SP..x..".<K.1l.
00001CA0:  30 DC D5 0B 6B 0C 4B 21 02 D2 55 74 A8 7F 0D 54  0...k.K!..Ut...T
00001CB0:  C1 03 83 F0 82 66 39 20 2A EC 56 64 B9 29 8D B6  .....f9 *.Vd.)..
00001CC0:  EA 70 97 79 AC C3 D7 1E 7C 49 68 F7 BB 20 A3 AE  .p.y....|Ih.. ..
00001CD0:  57 77 2C F3 E0 09 8A 50 00 9B 08 C8 DB 16 78 4E  Ww,....P......xN
00001CE0:  88 60 94 3E C5 F4 98 EB 0A 37 2A 1A 06 7F 2D 35  .`.>.....7*...-5
00001CF0:  59 E4 45 DF 3F 14 3C 82 40 14 81 36 79 E1 11 12  Y.E.?.<.@..6y...
00001D00:  A5 B8 15 0B 71 94 35 F5 56 96 1A AD 46 7C 86 64  ....q.5.V...F|.d
00001D10:  71 8A 8E AC EF E5 F4 D5 FC 86 E8 67 F4 1C 04 5E  q..........g...^
00001D20:  C0 71 EE A6 58 84 6A F4 98 03 19 67 D1 62 18 55  .q..X.j....g.b.U
00001D30:  2C 9F FE E4 52 13 A8 58 43 3F 39 3C EF 77 12 19  ,...R..XC?9<.w..
00001D40:  68 98 44 46 BA 95 03 1F 25 92 DF A2 66 9C 3C 07  h.DF....%...f.<.
00001D50:  56 8D CB 6B A0 D9 E2 BD 39 B5 4D 5A 13 DF EB A5  V..k....9.MZ....
00001D60:  94 01 71 FC 6A 3C F9 44 7A CF D0 FB 4C 3F F2 9A  ..q.j<.Dz...L?..
00001D70:  AE 58 45 DA A5 56 2C CB E4 AA E2 3B 17 74 F7 A7  .XE..V,....;.t..
00001D80:  BA B3 C7 9F C5 03 C2 01 70 93 26 A0 10 D4 FC B3  ........p.&.....
00001D90:  CE EB 1E 6A B7 F3 72 7B FE 6B DF 89 1C C7 54 55  ...j..r{.k....TU
00001DA0:  69 EF 32 A7 56 2B 9B AB 3C 59 44 0A E4 1F F7 E8  i.2.V+..<YD.....
00001DB0:  99 64 CB 35 B6 9D 9F 17 D9 43 EB 31 B2 42 7D F9  .d.5.....C.1.B}.
00001DC0:  C5 7F A4 CB FE 42 14 2E 16 41 DA 01 3D DA FE B2  .....B...A..=...
00001DD0:  FC DD CD 75 38 34 81 C2 29 92 7D 2F A8 95 D7 AE  ...u84..).}/....
00001DE0:  CB BF C1 7B 46 04 D2 33 0B D0 A2 87 F8 30 DC 76  ...{F..3.....0.v
00001DF0:  3E 63 9A D5 5B D5 C7 B6 D4 8F 71 F7 90 71 E7 EB  >c..[.....q..q..
00001E00:  28 59 89 C5 53 61 19 4B 81 F4 25 1D F1 EC C7 CD  (Y..Sa.K..%.....
00001E10:  93 4F A0 92 BB 77 B7 B6 B4 1B AB 51 1F A9 23 03  .O...w.....Q..#.
00001E20:  EB 82 AA 9E 5B 4E 13 FE 5F F6 8A 07 AF 73 62 60  ....[N.._....sb`
00001E30:  E9 C2 37 5F 0F 93 5E 3F 2D AD 1B 84 B6 95 C1 62  ..7_..^?-......b
00001E40:  D5 BC 8C 4A D5 34 FF 34 73 D1 C0 22 52 BB B5 31  ...J.4.4s.."R..1
00001E50:  99 D5 44 C7 08 25 56 4E A1 86 2B 7D DE 9D 8C 57  ..D..%VN..+}...W
00001E60:  13 23 68 A8 61 C5 15 3C 01 2C 67 79 AA 5C 80 23  .#h.a..<.,gy.\.#
00001E70:  F8 59 E9 11 9B 26 39 E6 4B 04 31 E5 DB 3F 61 8A  .Y...&9.K.1..?a.
00001E80:  38 C0 69 94 79 B2 90 85 AB 75 F2 72 8A 9B DC 3B  8.i.y....u.r...;
00001E90:  F0 CC 5B 58 02 34 CF 6E 58 90 00 88 D5 A5 8C 8E  ..[X.4.nX.......
00001EA0:  72 87 C7 56 36 7D 0D 3E D3 C0 2A CA 47 5B 13 C1  r..V6}.>..*.G[..
00001EB0:  F4 3E 11 11 1D E1 1B 27 59 E1 0B A1 F0 5E EA 71  .>.....'Y....^.q
00001EC0:  3E FD DA BD BC D4 3C BB 7F 4F 6A 95 38 E3 7C BF  >.....<..Oj.8.|.
00001ED0:  A7 23 7D C8 3E D3 EB 7A 66 CB CB 1E BE B1 D4 23  .#}.>..zf......#
00001EE0:  2C 83 E7 F1 1F 85 72 D7 C8 D3 DA A0 D4 85 4E F3  ,.....r.......N.
00001EF0:  C5 21 90 53 58 48 D0 AE 72 49 81 C1 B1 A2 E7 2E  .!.SXH..rI......
00001F00:  EA 94 20 DE 35 9A 26 3B 18 82 D9 05 95 A0 03 A3  .. .5.&;........
00001F10:  9C DB 7A 87 A6 35 4B 21 02 D2 55 74 A8 7F 0D 54  ..z..5K!..Ut...T
00001F20:  C1 03 83 F0 82 66 B1 D0 66 C3 3D A5 C3 4C 09 FE  .....f..f.=..L..
00001F30:  18 54 AB A0 73 58 D7 1E 7C 49 68 F7 BB 20 A3 AE  .T..sX..|Ih.. ..
00001F40:  57 77 2C F3 E0 09 8A 50 00 9B 08 C8 DB 16 78 4E  Ww,....P......xN
00001F50:  88 60 94 3E C5 F4 D2 18 AA DA B1 D9 6D 4E AF CB  .`.>........mN..
00001F60:  38 EC 09 74 B3 7B AD D3 17 AF 88 CD 80 45 A4 1C  8..t.{.......E..
00001F70:  E7 C1 27 1A 46 6B D6 99 A0 ED F4 BC 42 C7 4C 7A  ..'.Fk......B.Lz
00001F80:  F5 55 19 D8 FE D3 A7 40 88 33 B8 3E E9 36 F6 EE  .U.....@.3.>.6..
00001F90:  35 19 16 B5 A4 68 B9 79 73 96 98 F0 69 88 3A E4  5....h.ys...i.:.
00001FA0:  87 3D 5D 27 8E 53 66 63 80 F8 30 61 13 CD 62 2D  .=]'.Sfc..0a..b-
00001FB0:  2D 3D 74 10 D6 9F 0F 8A C6 A7 36 96 F2 EF E9 A1  -=t.......6.....
00001FC0:  53 C5 AA 77 FB 93 32 A4 9A 2E 76 21 1D 09 6F 05  S..w..2...v!..o.
00001FD0:  FF 99 E8 06 E3 0E AD 7D 6E 40 AF 83 B6 7E 62 CE  .......}n@...~b.
00001FE0:  94 3C D6 37 4F 0A B8 E1 23 25 C8 BA A3 EF 31 C2  .<.7O...#%....1.
00001FF0:  D9 14 0A 75 CB B1 66 2A 5E 00 9C FD 2F 7E 48 33  ...u..f*^.../~H3
00002000:  28 08 E7 44 6B 96 92 34 36 B5 EA 22 B1 4F F4 27  (..Dk..46..".O.'
00002010:  68 CB 33 18 5F 73 D3 55 D7 52 2D 25 A1 35 65 EE  h.3._s.U.R-%.5e.
00002020:  A4 87 E6 DC 36 83 28 74 50 8D 47 34 0D C0 E5 9C  ....6.(tP.G4....
00002030:  46 DA 56 76 B9 D7 5F D0 65 56 72 4C 3C DB 1B AA  F.Vv.._.eVrL<...
00002040:  E6 1B 56 6D 22 54 06 03 09 13 F8 39 C7 36 DD 0B  ..Vm"T.....9.6..
00002050:  0E 95 DC 29 AA 91 18 B9 32 BB 4A 89 07 71 E9 C6  ...)....2.J..q..
00002060:  D4 65 09 02 0B 2F 16 0E C7 75 1E E5 88 71 B7 5F  .e.../...u...q._
00002070:  FD 64 F0 19 34 EF E2 FA 18 62 1F C8 7E 8D 0F FC  .d..4....b..~...
00002080:  18 BB 1A 52 A6 61 B7 F2 0E DB C8 E4 EE A5 B3 1D  ...R.a..........
00002090:  61 AB 5B 41 98 3A D7 3C BB C5 2E 74 93 27 42 9B  a.[A.:.<...t.'B.
000020A0:  E4 98 BF 28 45 D0 85 90 E5 93 AA B4 3B EA 7A E8  ...(E.......;.z.
000020B0:  E8 A5 B7 7B 48 0A AD 90 CE 59 3E FF B8 12 E3 F2  ...{H....Y>.....
000020C0:  DD A7 87 65 61 28 24 12 4D 21 6A 84 93 DB 76 CC  ...ea($.M!j...v.
000020D0:  F0 86 C9 40 D5 45 41 96 BF FD 58 1A F6 E5 36 2B  ...@.EA...X...6+
000020E0:  7C EA B8 52 39 80 F8 CC AB F9 40 6B 52 32 0A 41  |..R9.....@kR2.A
000020F0:  F6 14 92 BA 3F 39 1E 3D 5C EB D3 28 B0 E7 4B 37  ....?9.=\..(..K7
00002100:  8E D1 82 95 94 AF 18 5A B6 B0 AB FB 2A F9 F2 1E  .......Z....*...
00002110:  00 DE FA 5E EE E0 A5 35 89 6C 42 79 44 25 E5 05  ...^...5.lByD%..
00002120:  88 1A 8C C0 6F 25 69 E7 8A F0 21 D9 C5 81 CC E2  ....o%i...!.....
00002130:  A1 82 85 65 A0 7C 57 E8 51 63 98 70 58 88 C2 B6  ...e.|W.Qc.pX...
00002140:  A3 12 E3 49 99 56 A7 B1 C6 F2 54 16 3C F0 69 CF  ...I.V....T.<.i.
00002150:  C7 1D A5 C5 66 98 9F 6A 1A A1 7C 79 C5 6D 0C 17  ....f..j..|y.m..
00002160:  C5 14 26 70 06 D7 06 03 09 13 F8 39 C7 36 DD 0B  ..&p.......9.6..
00002170:  0E 95 DC 29 AA 91 ED 8C D4 BE C3 7F BF 51 21 51  ...).........Q!Q
00002180:  FB A8 05 7F 51 5A AD BD 1A 6D 50 28 40 52 05 A0  ....QZ...mP(@R..
00002190:  AB AE BC 8C 3D 85 49 FE 7C 08 A6 36 57 B6 42 D7  ....=.I.|..6W.B.
000021A0:  C3 93 F5 77 A4 C6 82 D2 5E 94 1A B4 31 24 E3 EA  ...w....^...1$..
000021B0:  35 68 AE B9 15 30 D4 08 3A E8 C1 D4 E0 D9 57 41  5h...0..:.....WA
000021C0:  DD 18 64 46 6F D4 D9 E1 52 EE 01 5B FD E2 20 14  ..dFo...R..[.. .
000021D0:  E5 F2 59 17 61 8D 19 4D E6 1A 1B 3E ED 8D AA F2  ..Y.a..M...>....
000021E0:  6E 37 C8 7E 21 16 D5 84 48 56 29 45 24 D1 74 F4  n7.~!...HV)E$.t.
000021F0:  75 61 B2 A4 78 E5 9B 43 D5 90 67 83 84 9C DC F3  ua..x..C..g.....
00002200:  52 33 BE 0D AE 85 F0 7E E1 3C 17 BF 24 AE 30 58  R3.....~.<..$.0X
00002210:  8B F6 0C 4F 46 B3 BD 1C 1E 2D 39 56 E8 04 41 C4  ...OF....-9V..A.
00002220:  AF 3E C2 19 22 71 9E 79 27 C9 CD 97 B6 77 E3 58  .>.."q.y'....w.X
00002230:  1B 82 F7 DF 62 EB 6A 6D EE 72 09 C6 34 E7 B9 B9  ....b.jm.r..4...
00002240:  D8 A6 7F FB E2 63 95 44 B6 03 38 B4 54 FA A8 D0  .....c.D..8.T...
00002250:  B3 51 45 C1 61 03 94 06 9E 63 49 75 EE 97 F8 B8  .QE.a....cIu....
00002260:  C7 78 AD 79 AD 23 64 85 0B 4C 48 3E 47 A2 01 84  .x.y.#d..LH>G...
00002270:  90 65 EB C3 8B B9 12 09 91 94 3B 9A 52 57 99 52  .e........;.RW.R
00002280:  06 40 6D 9F 6D 18 AD D3 17 AF 88 CD 80 45 A4 1C  .@m.m........E..
00002290:  E7 C1 27 1A 46 6B D6 99 A0 ED F4 BC 42 C7 4C 7A  ..'.Fk......B.Lz
000022A0:  F5 55 19 D8 FE D3 A7 40 88 33 B8 3E E9 36 F6 EE  .U.....@.3.>.6..
000022B0:  35 19 16 B5 A4 68 23 28 23 C5 A3 F7 55 F1 B4 C0  5....h#(#...U...
000022C0:  AE E8 95 67 75 A4 F3 3C 7C 66 32 A9 BD 84 16 51  ...gu..<|f2....Q
000022D0:  76 28 30 1E 8B BA 42 A1 C4 21 84 B9 22 15 39 51  v(0...B..!..".9Q
000022E0:  98 C3 58 19 FB 41 16 02 72 67 B6 B1 65 A1 6C 92  ..X..A..rg..e.l.
000022F0:  B3 C7 8F 13 20 6F AD 7D 6E 40 AF 83 B6 7E 62 CE  .... o.}n@...~b.
00002300:  94 3C D6 37 4F 0A AA CE AC 6B 94 51 C6 C4 18 FE  .<.7O....k.Q....
00002310:  63 1E 39 A3 DA F1 39 22 10 00 C7 84 65 30 46 39  c.9...9"....e0F9
00002320:  89 E5 45 29 12 BC 1E 3D 5C EB D3 28 B0 E7 4B 37  ..E)...=\..(..K7
00002330:  8E D1 82 95 94 AF 18 5A B6 B0 AB FB 2A F9 F2 1E  .......Z....*...
00002340:  00 DE FA 5E EE E0 A5 35 89 6C 42 79 44 25 E5 05  ...^...5.lByD%..
00002350:  88 1A 8C C0 6F 25 69 E7 8A F0 21 D9 C5 81 CC E2  ....o%i...!.....
00002360:  A1 82 85 65 A0 7C C8 21 15 77 27 5C 35 4C 57 5B  ...e.|.!.w'\5LW[
00002370:  B7 D3 90 79 1D E6 A5 4E 89 69 6B C8 C9 DE 09 2A  ...y...N.ik....*
00002380:  84 1A 7F 55 AF AC A8 24 FD D2 31 59 D4 11 87 A1  ...U...$..1Y....
00002390:  C5 E0 38 9A 15 DC A8 01 48 F3 88 DA 95 41 79 1D  ..8.....H....Ay.
000023A0:  67 54 9F D2 2A 41 BE 01 65 2A 6A 2C 70 1B 02 F1  gT..*A..e*j,p...
000023B0:  5B E5 39 EB DA DB 75 EC F8 67 DC 95 82 02 88 30  [.9...u..g.....0
000023C0:  9A 86 0E EB 9E 09 68 BB 78 DC 52 9B DE 20 53 86  ......h.x.R.. S.
000023D0:  E3 FD 7C 1D 7B 82 9C BE B3 08 37 F3 03 9B EB 48  ..|.{.....7....H
000023E0:  A3 5B 7E 04 1C 8D 6E 18 1C 6D 1A 6A FC C2 6C 14  .[~...n..m.j..l.
000023F0:  61 CB E0 21 9E D7 E8 32 AB CC 42 E2 8D E7 DE 80  a..!...2..B.....
00002400:  57 4D ED BF E1 7D E7 A7 8A C2 D4 06 41 6D CA 82  WM...}......Am..
00002410:  26 C5 90 DF AB 01 40 77 7C 24 D3 5B 59 B6 37 CB  &.....@w|$.[Y.7.
00002420:  F3 90 60 E9 01 B8 37 EC 5D 6B 25 95 09 CD F2 7F  ..`...7.]k%.....
00002430:  A5 CC 2F F9 4A 8E ED FB D1 25 25 E9 0E 2E F8 A7  ../.J....%%.....
00002440:  A6 45 A6 6F 4C A9 A8 58 43 3F 39 3C EF 77 12 19  .E.oL..XC?9<.w..
00002450:  68 98 44 46 BA 95 03 1F 25 92 DF A2 66 9C 3C 07  h.DF....%...f.<.
00002460:  56 8D CB 6B A0 D9 E2 BD 39 B5 4D 5A 13 DF EB A5  V..k....9.MZ....
00002470:  94 01 71 FC 6A 3C F9 44 7A CF D0 FB 4C 3F F2 9A  ..q.j<.Dz...L?..
00002480:  AE 58 45 DA A5 56 2C CB E4 AA E2 3B 17 74 F7 A7  .XE..V,....;.t..
00002490:  BA B3 C7 9F C5 03 3B 00 95 C4 2C 00 DD AE 40 5C  ......;...,...@\
000024A0:  A4 36 6C 07 C0 EF 33 2C 22 17 6B 70 42 24 26 2F  .6l...3,".kpB$&/
000024B0:  F8 1A 3D 2C 5A 37 9B AB 3C 59 44 0A E4 1F F7 E8  ..=,Z7..<YD.....
000024C0:  99 64 CB 35 B6 9D 9F 17 D9 43 EB 31 B2 42 7D F9  .d.5.....C.1.B}.
000024D0:  C5 7F A4 CB FE 42 14 2E 16 41 DA 01 3D DA FE B2  .....B...A..=...
000024E0:  FC DD CD 75 38 34 81 C2 29 92 7D 2F A8 95 D7 AE  ...u84..).}/....
000024F0:  CB BF C1 7B 46 04 A7 D1 70 F9 BA A5 E7 89 B1 8B  ...{F...p.......
00002500:  D8 67 4E 44 3D 9C C7 B6 D4 8F 71 F7 90 71 E7 EB  .gND=.....q..q..
00002510:  28 59 89 C5 53 61 98 1E 8F 15 71 A7 0E AE 7E 7E  (Y..Sa....q...~~
00002520:  FF 62 01 00 FD 0D B7 B6 B4 1B AB 51 1F A9 23 03  .b.........Q..#.
00002530:  EB 82 AA 9E 5B 4E 13 FE 5F F6 8A 07 AF 73 62 60  ....[N.._....sb`
00002540:  E9 C2 37 5F 0F 93 AC 02 E4 D5 79 70 7B AA 8B A9  ..7_......yp{...
00002550:  81 1C 2C C0 59 11 FF 34 73 D1 C0 22 52 BB B5 31  ..,.Y..4s.."R..1
00002560:  99 D5 44 C7 08 25 56 4E A1 86 2B 7D DE 9D 8C 57  ..D..%VN..+}...W
00002570:  13 23 68 A8 61 C5 15 3C 01 2C 67 79 AA 5C 80 23  .#h.a..<.,gy.\.#
00002580:  F8 59 E9 11 9B 26 39 E6 4B 04 31 E5 DB 3F 61 8A  .Y...&9.K.1..?a.
00002590:  38 C0 69 94 79 B2 90 85 AB 75 F2 72 8A 9B DC 3B  8.i.y....u.r...;
000025A0:  F0 CC 5B 58 02 34 C7 4F DB B5 85 09 53 5C 55 9F  ..[X.4.O....S\U.
000025B0:  A1 DA 40 E2 93 6D 54 74 8C 87 33 91 BA D9 CE 0B  ..@..mTt..3.....
000025C0:  F4 F0 64 E0 44 CE 6A 32 1F 7E 7E 4C BD 1D 01 AC  ..d.D.j2.~~L....
000025D0:  43 E7 F1 54 5B A2 3C BB 7F 4F 6A 95 38 E3 7C BF  C..T[.<..Oj.8.|.
000025E0:  A7 23 7D C8 3E D3 EB 7A 66 CB CB 1E BE B1 D4 23  .#}.>..zf......#
000025F0:  2C 83 E7 F1 1F 85 72 D7 C8 D3 DA A0 D4 85 4E F3  ,.....r.......N.
00002600:  C5 21 90 53 58 48 D0 AE 72 49 81 C1 B1 A2 E7 2E  .!.SXH..rI......
00002610:  EA 94 20 DE 35 9A C0 13 22 A9 3C 4B 9F 31 6C CF  .. .5...".<K.1l.
00002620:  30 DC D5 0B 6B 0C 4B 21 02 D2 55 74 A8 7F 0D 54  0...k.K!..Ut...T
00002630:  C1 03 83 F0 82 66 BB E4 89 36 FE 6B 7B 76 77 83  .....f...6.k{vw.
00002640:  B5 F3 11 1F AE 32 D7 1E 7C 49 68 F7 BB 20 A3 AE  .....2..|Ih.. ..
00002650:  57 77 2C F3 E0 09 8A 50 00 9B 08 C8 DB 16 78 4E  Ww,....P......xN
00002660:  88 60 94 3E C5 F4 EE 50 36 A0 51 E4 09 18 D3 83  .`.>...P6.Q.....
00002670:  79 80 B3 03 A1 23 AD D3 17 AF 88 CD 80 45 A4 1C  y....#.......E..
00002680:  E7 C1 27 1A 46 6B D6 99 A0 ED F4 BC 42 C7 4C 7A  ..'.Fk......B.Lz
00002690:  F5 55 19 D8 FE D3 A7 40 88 33 B8 3E E9 36 F6 EE  .U.....@.3.>.6..
000026A0:  35 19 16 B5 A4 68 B9 79 73 96 98 F0 69 88 3A E4  5....h.ys...i.:.
000026B0:  87 3D 5D 27 8E 53 66 63 80 F8 30 61 13 CD 62 2D  .=]'.Sfc..0a..b-
000026C0:  2D 3D 74 10 D6 9F C0 A6 4A 9C 90 79 2D 4F 4B 87  -=t.....J..y-OK.
000026D0:  D6 D5 46 A3 94 BA 0E E4 C4 5B C8 E5 5C D0 54 7F  ..F......[..\.T.
000026E0:  FF 91 E1 85 8B 61 AD 7D 6E 40 AF 83 B6 7E 62 CE  .....a.}n@...~b.
000026F0:  94 3C D6 37 4F 0A AA CE AC 6B 94 51 C6 C4 18 FE  .<.7O....k.Q....
00002700:  63 1E 39 A3 DA F1 D5 72 02 3C 34 53 A5 1A 33 CA  c.9....r.<4S..3.
00002710:  94 90 B8 24 4A 6A 1E 3D 5C EB D3 28 B0 E7 4B 37  ...$Jj.=\..(..K7
00002720:  8E D1 82 95 94 AF 18 5A B6 B0 AB FB 2A F9 F2 1E  .......Z....*...
00002730:  00 DE FA 5E EE E0 A5 35 89 6C 42 79 44 25 E5 05  ...^...5.lByD%..
00002740:  88 1A 8C C0 6F 25 69 E7 8A F0 21 D9 C5 81 CC E2  ....o%i...!.....
00002750:  A1 82 85 65 A0 7C C8 21 15 77 27 5C 35 4C 57 5B  ...e.|.!.w'\5LW[
00002760:  B7 D3 90 79 1D E6 B8 28 F4 31 EC 8A 0B 82 C3 91  ...y...(.1......
00002770:  CC 08 BF 8C 96 E4 7A B8 4C E2 8E 07 A2 2A F4 66  ......z.L....*.f
00002780:  31 BB F3 D3 CC A4 C4 3A 1E BA 2D FB 37 3B 19 D3  1......:..-.7;..
00002790:  FF A5 22 93 7F 5E BE 01 65 2A 6A 2C 70 1B 02 F1  .."..^..e*j,p...
000027A0:  5B E5 39 EB DA DB 75 EC F8 67 DC 95 82 02 88 30  [.9...u..g.....0
000027B0:  9A 86 0E EB 9E 09 68 BB 78 DC 52 9B DE 20 53 86  ......h.x.R.. S.
000027C0:  E3 FD 7C 1D 7B 82 69 14 D9 4C E0 8E DA B4 E2 D7  ..|.{.i..L......
000027D0:  AE 4A A6 3B AD 61 20 03 CC 7D 58 AE 2D 5E E3 59  .J.;.a ..}X.-^.Y
000027E0:  1D BD FF B9 B0 E9 4B 21 02 D2 55 74 A8 7F 0D 54  ......K!..Ut...T
000027F0:  C1 03 83 F0 82 66 80 80 6F 05 E2 14 A6 F1 AB 95  .....f..o.......
00002800:  70 88 5F 28 7A 10 D7 1E 7C 49 68 F7 BB 20 A3 AE  p._(z...|Ih.. ..
00002810:  57 77 2C F3 E0 09 8A 50 00 9B 08 C8 DB 16 78 4E  Ww,....P......xN
00002820:  88 60 94 3E C5 F4 F2 10 BC B8 4F 40 30 0E 03 CC  .`.>......O@0...
00002830:  6B CC BC 58 F8 FF 3C 82 40 14 81 36 79 E1 11 12  k..X..<.@..6y...
00002840:  A5 B8 15 0B 71 94 35 F5 56 96 1A AD 46 7C 86 64  ....q.5.V...F|.d
00002850:  71 8A 8E AC EF E5 F4 D5 FC 86 E8 67 F4 1C 04 5E  q..........g...^
00002860:  C0 71 EE A6 58 84 E9 BB 39 1C D5 0A 00 61 11 0D  .q..X...9....a..
00002870:  ED 9B A5 60 4B C2 A8 58 43 3F 39 3C EF 77 12 19  ...`K..XC?9<.w..
00002880:  68 98 44 46 BA 95 03 1F 25 92 DF A2 66 9C 3C 07  h.DF....%...f.<.
00002890:  56 8D CB 6B A0 D9 E2 BD 39 B5 4D 5A 13 DF EB A5  V..k....9.MZ....
000028A0:  94 01 71 FC 6A 3C F9 44 7A CF D0 FB 4C 3F F2 9A  ..q.j<.Dz...L?..
000028B0:  AE 58 45 DA A5 56 C7 0A 8B 2A 32 36 1A 2D 5B F4  .XE..V...*26.-[.
000028C0:  87 4A 55 41 C2 37 17 CF 9F CC 95 6A AA DF 90 D8  .JUA.7.....j....
000028D0:  CC B6 37 5D 16 A5 50 A2 E3 27 D3 5F DC A6 DD 22  ..7]..P..'._..."
000028E0:  FE B6 70 DF B9 6E 9B AB 3C 59 44 0A E4 1F F7 E8  ..p..n..<YD.....
000028F0:  99 64 CB 35 B6 9D 9F 17 D9 43 EB 31 B2 42 7D F9  .d.5.....C.1.B}.
00002900:  C5 7F A4 CB FE 42 14 2E 16 41 DA 01 3D DA FE B2  .....B...A..=...
00002910:  FC DD CD 75 38 34 81 C2 29 92 7D 2F A8 95 D7 AE  ...u84..).}/....
00002920:  CB BF C1 7B 46 04 D2 33 0B D0 A2 87 F8 30 DC 76  ...{F..3.....0.v
00002930:  3E 63 9A D5 5B D5 92 9C 93 AD 77 EC 13 98 9E 5D  >c..[.....w....]
00002940:  1E 8C AD 15 8E 1E 96 DB B3 39 15 7C E4 B0 52 5A  .........9.|..RZ
00002950:  73 9B 03 4C C3 2F B7 B6 B4 1B AB 51 1F A9 23 03  s..L./.....Q..#.
00002960:  EB 82 AA 9E 5B 4E 13 FE 5F F6 8A 07 AF 73 62 60  ....[N.._....sb`
00002970:  E9 C2 37 5F 0F 93 4F B0 08 E5 CC EA 9E 9D 4D FF  ..7_..O.......M.
00002980:  04 4E EA 73 15 83 FF 34 73 D1 C0 22 52 BB B5 31  .N.s...4s.."R..1
00002990:  99 D5 44 C7 08 25 DF 6B 9E 23 F4 B0 6C 8D 3D C1  ..D..%.k.#..l.=.
000029A0:  D2 63 0B 4C C6 76 41 96 BF FD 58 1A F6 E5 36 2B  .c.L.vA...X...6+
000029B0:  7C EA B8 52 39 80 FD 2D 3F A2 9E FB EB 13 7B 04  |..R9..-?.....{.
000029C0:  7C 6B 04 7A D3 55 1E 3D 5C EB D3 28 B0 E7 4B 37  |k.z.U.=\..(..K7
000029D0:  8E D1 82 95 94 AF 18 5A B6 B0 AB FB 2A F9 F2 1E  .......Z....*...
000029E0:  00 DE FA 5E EE E0 A5 35 89 6C 42 79 44 25 E5 05  ...^...5.lByD%..
000029F0:  88 1A 8C C0 6F 25 69 E7 8A F0 21 D9 C5 81 CC E2  ....o%i...!.....
00002A00:  A1 82 85 65 A0 7C C8 21 15 77 27 5C 35 4C 57 5B  ...e.|.!.w'\5LW[
00002A10:  B7 D3 90 79 1D E6 8B 2B 2A F9 51 51 D2 96 0C 58  ...y...+*.QQ...X
00002A20:  FD ED B6 F0 FC 06 FF 7E E1 20 FC BD BE 00 2B A2  .......~. ....+.
00002A30:  F3 D9 BE 33 01 E6 4E 36 07 90 A4 DD 05 ED 9E AA  ...3..N6........
00002A40:  53 28 DA 3F 0F 10 BE 01 65 2A 6A 2C 70 1B 02 F1  S(.?....e*j,p...
00002A50:  5B E5 39 EB DA DB 75 EC F8 67 DC 95 82 02 88 30  [.9...u..g.....0
00002A60:  9A 86 0E EB 9E 09 68 BB 78 DC 52 9B DE 20 53 86  ......h.x.R.. S.
00002A70:  E3 FD 7C 1D 7B 82 FC 69 B1 35 F7 49 7D 06 74 68  ..|.{..i.5.I}.th
00002A80:  01 3D C2 F5 72 DC 01 7C 2C EF 94 B1 21 C3 C3 F2  .=..r..|,...!...
00002A90:  E3 D1 64 55 E2 69 2B 35 9B 0F C4 F1 EC 65 69 4B  ..dU.i+5.....eiK
00002AA0:  A1 80 83 A9 E7 80 97 5B DD 35 E0 5B 96 9F F6 0F  .......[.5.[....
00002AB0:  26 BF 15 91 B6 B7 F3 67 7A C4 6B 1B D9 C5 A8 1A  &......gz.k.....
00002AC0:  50 D1 47 99 CF 67 CD D4 0D 60 B7 7C 8A CA 82 B6  P.G..g...`.|....
00002AD0:  76 72 C2 05 82 60 33 93 D4 5C F7 42 76 93 CD 97  vr...`3..\.Bv...
00002AE0:  47 21 F9 70 DE 23 0C 7C FE FA BD 8B 50 06 0B 97  G!.p.#.|....P...
00002AF0:  48 F7 EC 83 FC 8A 7C FD 05 46 28 36 8B 15 36 51  H.....|..F(6..6Q
00002B00:  E1 8A A8 55 12 17 AF A8 0F 7E C4 10 49 E4 AC 4A  ...U.....~..I..J
00002B10:  BD EB 8A 9D 83 0F 2D 8C E7 F0 B4 4B EC E4 76 FE  ......-....K..v.
00002B20:  56 61 63 86 91 BC C8 75 3C C0 25 71 96 DA C1 E9  Vac....u<.%q....
00002B30:  24 EB 62 55 0B 73 9E 79 27 C9 CD 97 B6 77 E3 58  $.bU.s.y'....w.X
00002B40:  1B 82 F7 DF 62 EB 6A 6D EE 72 09 C6 34 E7 B9 B9  ....b.jm.r..4...
00002B50:  D8 A6 7F FB E2 63 95 44 B6 03 38 B4 54 FA A8 D0  .....c.D..8.T...
00002B60:  B3 51 45 C1 61 03 2D 71 4C B7 7F F9 34 3F 2D D8  .QE.a.-qL...4?-.
00002B70:  2D 51 9A 14 3B 21 16 95 67 81 AA FC 11 E9 80 34  -Q..;!..g......4
00002B80:  A6 8A BA E7 A2 46 D1 10 62 C5 12 C3 43 46 AE AA  .....F..b...CF..
00002B90:  CB 82 7F C1 05 1E C3 5D 91 6F 6C 6A 2A 79 17 BF  .......].olj*y..
00002BA0:  A7 71 D1 7B 9C DF E4 DE 02 61 23 D7 2F 86 B3 15  .q.{.....a#./...
00002BB0:  C9 9C 87 30 AC A0 C5 61 1B 47 E6 62 46 D1 81 6F  ...0...a.G.bF..o
00002BC0:  47 A2 C7 75 4D EC 5F F3 D6 81 E8 C1 31 0C AC B1  G..uM._.....1...
00002BD0:  EE 31 49 40 F1 4D F0 88 84 04 07 9B 90 1C FE FE  .1I@.M..........
00002BE0:  AD A5 64 2F 30 4D B8 7D B5 43 E9 64 DE DA B1 F6  ..d/0M.}.C.d....
00002BF0:  76 ED FA 3E CC 4A F9 C6 92 F3 3D C7 2F A7 0A 69  v..>.J....=./..i
00002C00:  EF 37 44 6F 84 73 B5 C0 13 6A 7D 7B C2 FA 48 00  .7Do.s...j}{..H.
00002C10:  6B 1F 0A 17 60 7E 31 1F 61 66 2E 05 C6 8D EC 53  k...`~1.af.....S
00002C20:  96 54 46 69 23 38 2E 83 DE EE 99 5D BF AF 56 59  .TFi#8.....]..VY
00002C30:  5D 70 43 40 AF AB 38 82 D6 0E B4 7A 87 45 FE BA  ]pC@..8....z.E..
00002C40:  08 77 55 F4 F4 AF AA CE AC 6B 94 51 C6 C4 18 FE  .wU......k.Q....
00002C50:  63 1E 39 A3 DA F1 E7 66 97 53 0C 66 80 2C 7C 3D  c.9....f.S.f.,|=
00002C60:  94 52 D1 D9 74 E8 85 F6 D1 4D EA 84 43 52 59 DD  .R..t....M..CRY.
00002C70:  01 B2 9A D3 FC C2 18 5A B6 B0 AB FB 2A F9 F2 1E  .......Z....*...
00002C80:  00 DE FA 5E EE E0 A5 35 89 6C 42 79 44 25 E5 05  ...^...5.lByD%..
00002C90:  88 1A 8C C0 6F 25 69 E7 8A F0 21 D9 C5 81 CC E2  ....o%i...!.....
00002CA0:  A1 82 85 65 A0 7C 8E 2C 6A 11 CA F4 6A C2 19 DF  ...e.|.,j...j...
00002CB0:  56 8C BC 52 99 22 35 96 80 B0 26 E1 A8 99 F2 D0  V..R."5...&.....
00002CC0:  5A 47 BC 05 D0 26 78 8F 17 8F F7 A2 82 63 5B B6  ZG...&x......c[.
00002CD0:  64 C8 E0 FF C3 62 FE 97 31 53 07 F5 AD 75 3A AD  d....b..1S...u:.
00002CE0:  35 7E 45 8C 85 AA 51 B5 31 20 53 79 B6 D3 AC 24  5~E...Q.1 Sy...$
00002CF0:  92 3F 7E 2B CC E8 AD BD 1A 6D 50 28 40 52 05 A0  .?~+.....mP(@R..
00002D00:  AB AE BC 8C 3D 85 49 FE 7C 08 A6 36 57 B6 42 D7  ....=.I.|..6W.B.
00002D10:  C3 93 F5 77 A4 C6 82 D2 5E 94 1A B4 31 24 E3 EA  ...w....^...1$..
00002D20:  35 68 AE B9 15 30 08 4F 15 66 A8 E1 94 65 A0 F0  5h...0.O.f...e..
00002D30:  2D 1A 26 04 E3 57 D9 E1 52 EE 01 5B FD E2 20 14  -.&..W..R..[.. .
00002D40:  E5 F2 59 17 61 8D 7E 22 10 51 AD BE 56 73 64 04  ..Y.a.~".Q..Vsd.
00002D50:  DE F6 99 35 5D 3F 3D BC 5B 2F C3 04 3B 3C D2 6A  ...5]?=.[/..;<.j
00002D60:  78 C9 2E EC 71 5C 9B 43 D5 90 67 83 84 9C DC F3  x...q\.C..g.....
00002D70:  52 33 BE 0D AE 85 96 FB 81 58 DB 63 4B E5 DB 6D  R3.......X.cK..m
00002D80:  0E B9 34 58 B0 EF 2F 6C F3 07 98 F9 E6 2F 55 2F  ..4X../l...../U/
00002D90:  50 C9 E8 89 81 18 EF 02 16 66 1B 2E F7 B9 89 49  P........f.....I
00002DA0:  56 DC 5F B3 A9 17 54 11 39 BE 07 2A FC 8E 07 3D  V._...T.9..*...=
00002DB0:  45 51 E2 0D 6C 38 31 66 43 0A A9 59 23 E9 D2 D7  EQ..l81fC..Y#...
00002DC0:  F3 08 F1 56 87 EC 24 34 5C 1E AC AE B5 6B 3C E3  ...V..$4\....k<.
00002DD0:  1D FC 13 E7 99 FF EB 7A 66 CB CB 1E BE B1 D4 23  .......zf......#
00002DE0:  2C 83 E7 F1 1F 85 72 D7 C8 D3 DA A0 D4 85 4E F3  ,.....r.......N.
00002DF0:  C5 21 90 53 58 48 AE AE C8 8D 16 B1 24 68 3D 78  .!.SXH......$h=x
00002E00:  1F C2 88 6C 6E 09 B0 5F CE 4E D6 B3 ED 2F C4 16  ...ln.._.N.../..
00002E10:  CA B4 8A 0B F0 1C 04 D2 74 B9 29 EB 92 7D 4F 9C  ........t.)..}O.
00002E20:  68 D6 74 B8 80 27 4F 70 A7 70 B3 D0 81 77 01 34  h.t..'Op.p...w.4
00002E30:  B2 64 B6 B8 FD 0F 26 19 8D 14 C7 F1 92 31 9E 6D  .d....&......1.m
00002E40:  5F 8B A5 3C 86 23 17 16 A9 54 DA B2 83 7F 01 24  _..<.#...T.....$
00002E50:  B8 2A 72 D6 FB A6 44 1E B4 80 F5 6C A8 19 1D 0F  .*r...D....l....
00002E60:  B7 96 47 BA 51 5C 9D AB A3 D0 EA 6D 44 C9 BA FB  ..G.Q\.....mD...
00002E70:  43 07 AC D3 BB EF DC F6 49 F2 85 64 DC C9 49 F3  C.......I..d..I.
00002E80:  A2 2B D8 E7 ED 4D 7B F6 72 F8 36 3B 38 23 78 12  .+...M{.r.6;8#x.
00002E90:  60 5D 2A 9B DD 8E 6D 02 58 25 19 83 62 65 41 DC  `]*...m.X%..beA.
00002EA0:  EA 79 15 3D AC 9C C7 B4 A2 AE 97 65 01 CD 7B 4E  .y.=.......e..{N
00002EB0:  6D A4 29 DA A4 3B 5D 80 52 D5 84 78 19 DD 2F F5  m.)..;].R..x../.
00002EC0:  31 43 B5 8D F3 31 E5 EE 57 E2 8C 3C 35 DF 9A 0D  1C...1..W..<5...
00002ED0:  5F D7 ED A2 17 13 85 F6 D1 4D EA 84 43 52 59 DD  _........M..CRY.
00002EE0:  01 B2 9A D3 FC C2 F3 C8 9D 24 57 01 BB 38 D5 E8  .........$W..8..
00002EF0:  BD 7B C3 55 6B 15 0E F0 2F E6 9F DF B1 74 8D 35  .{.Uk.../....t.5
00002F00:  FE 96 E7 F6 9C CE 30 4D 71 89 01 99 1D D3 EC 7C  ......0Mq......|
00002F10:  02 4E BE 43 21 F2 32 67 F8 1D 9C 18 AB B8 FE 73  .N.C!.2g.......s
00002F20:  8C 49 F5 41 74 44 F2 31 6F 3A 72 62 80 E4 85 81  .I.AtD.1o:rb....
00002F30:  6F 3B CD 5D 82 94 29 84 6F B8 63 20 1C BB 6E E7  o;.]..).o.c ..n.
00002F40:  A0 0E F3 78 09 B6 83 E8 04 F3 03 E0 CE 79 BB A2  ...x.........y..
00002F50:  F3 7E C1 23 20 04 8B 2B 2A F9 51 51 D2 96 0C 58  .~.# ..+*.QQ...X
00002F60:  FD ED B6 F0 FC 06 C4 BB C3 A0 AB 6A 8A 19 B9 9B  ...........j....
00002F70:  AC BC DE A1 47 4D F0 48 16 62 EC A7 DC A5 EC 66  ....GM.H.b.....f
00002F80:  A0 F1 78 D1 88 18 EC 3A EB 9B 1D 8A 72 1C 44 69  ..x....:....r.Di
00002F90:  6A 24 BC 5B A7 13 82 CC 3B 47 55 12 BE F8 3F D4  j$.[....;GU...?.
00002FA0:  7A 75 7D EE E3 38 96 4F 22 D2 4E 2B D5 15 82 03  zu}..8.O".N+....
00002FB0:  BB DD 68 01 89 65 9A 3B 28 CD 0F E7 BB A8 13 FB  ..h..e.;(.......
00002FC0:  15 DE 8C 22 72 00 4A 1C 87 AF B6 F0 11 B6 87 8B  ..."r.J.........
00002FD0:  F1 72 34 7C B8 58 2D 83 6A BA 57 5B 43 83 2B DD  .r4|.X-.j.W[C.+.
00002FE0:  8C 17 EE 72 09 C7 60 F1 06 44 EE 94 FD 23 B3 D0  ...r..`..D...#..
00002FF0:  83 00 59 4F 64 7E 61 78 F3 D7 64 C2 67 F3 52 62  ..YOd~ax..d.g.Rb
00003000:  A8 E2 5C 8F 93 1E 8F C8 85 A7 44 B6 B7 89 7F 73  ..\.......D....s
00003010:  26 EF AF 4B 1D C3 6F A4 CA 0D 8A DB 01 0E 26 A0  &..K..o.......&.
00003020:  ED 22 81 3D 92 1B 49 08 1B 5C F6 21 33 60 C5 D0  .".=..I..\.!3`..
00003030:  36 92 70 1D B4 AC 9F D9 D2 2F 8F 9A 50 BA 3D 54  6.p....../..P.=T
00003040:  1C 96 7C 27 DC A5 27 78 E3 4E FA 32 36 8E 32 AD  ..|'..'x.N.26.2.
00003050:  E6 82 5F 01 BA F9 58 7D EB 49 53 BD 90 CA A1 4E  .._...X}.IS....N
00003060:  45 2B EE 79 6D 03 03 1F 25 92 DF A2 66 9C 3C 07  E+.ym...%...f.<.
00003070:  56 8D CB 6B A0 D9 E2 BD 39 B5 4D 5A 13 DF EB A5  V..k....9.MZ....
00003080:  94 01 71 FC 6A 3C F9 44 7A CF D0 FB 4C 3F F2 9A  ..q.j<.Dz...L?..
00003090:  AE 58 45 DA A5 56 FB 5B B6 4C 92 CB 40 85 F8 46  .XE..V.[.L..@..F
000030A0:  1F A5 F6 52 6B DB 54 F1 E5 A0 E0 8E 4B 45 39 47  ...Rk.T.....KE9G
000030B0:  13 E7 47 D3 92 72 A4 B6 45 72 18 FD 46 35 4B 60  ..G..r..Er..F5K`
000030C0:  9A 48 3E 70 6C DC A4 06 D0 9B AD 1B BA F8 4E ED  .H>pl.........N.
000030D0:  69 17 8D B6 AB F5 F0 88 84 04 07 9B 90 1C FE FE  i...............
000030E0:  AD A5 64 2F 30 4D B8 7D B5 43 E9 64 DE DA B1 F6  ..d/0M.}.C.d....
000030F0:  76 ED FA 3E CC 4A 78 77 07 E1 A9 80 29 26 66 F8  v..>.Jxw....)&f.
00003100:  96 42 40 0C 2F 56 CF 85 34 2B A0 E2 B9 A9 92 F7  .B@./V..4+......
00003110:  AA B2 61 16 E0 28 53 DB BB 41 CF AB 7D 8F 6C B3  ..a..(S..A..}.l.
00003120:  D5 0E CC CB F5 9F F6 A0 3F 5E AF 85 53 14 CE 2B  ........?^..S..+
00003130:  5F 04 E4 95 A2 4A 5E AE E8 AB A5 BE B2 23 2D 22  _....J^......#-"
00003140:  58 82 76 77 BB 18 F3 C8 9D 24 57 01 BB 38 D5 E8  X.vw.....$W..8..
00003150:  BD 7B C3 55 6B 15 96 53 5B B1 3C 3B 6A 62 30 2C  .{.Uk..S[.<;jb0,
00003160:  8E 35 AE 44 B9 FA E5 4E C0 23 94 8A 8A EF 3B 80  .5.D...N.#....;.
00003170:  98 8D DB 92 C0 13 23 16 1F E3 47 10 E4 42 1B B0  ......#...G..B..
00003180:  F9 24 CC 7D 3D 7C FB CD D0 07 DD 06 1B 87 41 CF  .$.}=|........A.
00003190:  C0 01 F8 76 A9 81 35 79 F5 39 5B 16 6C 38 DE 70  ...v..5y.9[.l8.p
000031A0:  3F C1 64 DE 39 C1 C1 B8 B3 62 D4 50 1A 6A 3E 5F  ?.d.9....b.P.j>_
000031B0:  1A FF B1 F9 95 A9 DA 1E EB 3E 5C 2C D9 D3 D8 5D  .........>\,...]
000031C0:  95 33 3B E2 DF 88 75 EC F8 67 DC 95 82 02 88 30  .3;...u..g.....0
000031D0:  9A 86 0E EB 9E 09 4F 4A 8C 6F 23 9C E9 18 26 0A  ......OJ.o#...&.
000031E0:  58 3E B1 8A 2B 22 28 93 5D 73 7C 92 DD 5E D8 8D  X>..+"(.]s|..^..
000031F0:  54 CA 77 CD 37 EE EF E7 82 C4 82 E5 BE FC 8A 80  T.w.7...........
00003200:  62 C6 FA 6D 39 6E 57 65 2A 1E F5 6D 7D 54 E4 BA  b..m9nWe*..m}T..
00003210:  BC 63 9C 24 DB D9 1F 06 BA 39 8B FF B5 5C 0F 02  .c.$.....9...\..
00003220:  2A A6 90 8A A9 51 44 C7 10 80 23 4F AC 63 93 27  *....QD...#O.c.'
00003230:  D8 9A AB 69 15 05 3B 22 47 D5 4B F1 28 48 9D CD  ...i..;"G.K.(H..
00003240:  03 44 90 15 DB A9 8A D9 47 3D 4C 63 A7 42 FE 91  .D......G=Lc.B..
00003250:  59 3D FF CD 88 0F 4A 36 7B 05 3A 19 85 B4 D9 A4  Y=....J6{.:.....
00003260:  E4 32 BB D8 4F 74 15 D1 82 AF 4B F1 51 A4 47 15  .2..Ot....K.Q.G.
00003270:  A2 72 F4 9A 05 F9 1D BC 6C 0C 6D 18 CD 20 7F 94  .r......l.m.. ..
00003280:  77 62 B9 2D 52 C2 7C 6C 9B 23 FD E9 95 BF E6 16  wb.-R.|l.#......
00003290:  D4 3F 0B 74 37 5B 6C 16 B4 90 66 76 02 17 A1 E7  .?.t7[l...fv....
000032A0:  1C 6A 0A 8D 62 A8 E4 DE 02 61 23 D7 2F 86 B3 15  .j..b....a#./...
000032B0:  C9 9C 87 30 AC A0 F5 B8 0F 89 5B 2C 4D 49 39 6E  ...0......[,MI9n
000032C0:  8C B3 A3 D2 3B A7 A4 06 D0 9B AD 1B BA F8 4E ED  ....;.........N.
000032D0:  69 17 8D B6 AB F5 F0 88 84 04 07 9B 90 1C FE FE  i...............
000032E0:  AD A5 64 2F 30 4D B8 7D B5 43 E9 64 DE DA B1 F6  ..d/0M.}.C.d....
000032F0:  76 ED FA 3E CC 4A F9 C6 92 F3 3D C7 2F A7 0A 69  v..>.J....=./..i
00003300:  EF 37 44 6F 84 73 B5 C0 13 6A 7D 7B C2 FA 48 00  .7Do.s...j}{..H.
00003310:  6B 1F 0A 17 60 7E 0D 68 01 98 F4 B8 66 42 ED DA  k...`~.h....fB..
00003320:  61 74 4D C7 EB 24 C4 FF 02 C5 B0 23 86 92 D1 D1  atM..$.....#....
00003330:  6E 5D AB 45 05 06 5F 29 0E ED A9 80 E3 26 EB 28  n].E.._).....&.(
00003340:  26 28 6D 00 6A F7 B8 E1 23 25 C8 BA A3 EF 31 C2  &(m.j...#%....1.
00003350:  D9 14 0A 75 CB B1 66 2A 5E 00 9C FD 2F 7E 48 33  ...u..f*^.../~H3
00003360:  28 08 E7 44 6B 96 92 34 36 B5 EA 22 B1 4F F4 27  (..Dk..46..".O.'
00003370:  68 CB 33 18 5F 73 8E 2C 6A 11 CA F4 6A C2 19 DF  h.3._s.,j...j...
00003380:  56 8C BC 52 99 22 F8 8D 57 74 CA AD 71 9F AC 47  V..R."..Wt..q..G
00003390:  92 68 1C 00 B0 C2 AB 7F B8 85 6E C0 E9 96 5E 93  .h........n...^.
000033A0:  59 84 89 BD 2D 44 41 A6 A8 BF 40 63 53 1A D8 1A  Y...-DA...@cS...
000033B0:  BA 5E 66 67 DA A8 93 22 68 C4 AE 05 5F 47 56 4F  .^fg..."h..._GVO
000033C0:  46 96 9F 8C C5 68 35 79 F5 39 5B 16 6C 38 DE 70  F....h5y.9[.l8.p
000033D0:  3F C1 64 DE 39 C1 ED 34 B8 A5 B8 A1 0A B5 16 08  ?.d.9..4........
000033E0:  25 1D 72 7C 8C 14 DA 1E EB 3E 5C 2C D9 D3 D8 5D  %.r|.....>\,...]
000033F0:  95 33 3B E2 DF 88 75 EC F8 67 DC 95 82 02 88 30  .3;...u..g.....0
00003400:  9A 86 0E EB 9E 09 4F 4A 8C 6F 23 9C E9 18 26 0A  ......OJ.o#...&.
00003410:  58 3E B1 8A 2B 22 46 5E 8C 51 21 EA D8 A8 16 83  X>..+"F^.Q!.....
00003420:  63 D0 E5 14 8D 8F C3 4A 06 5A 21 A9 E3 65 24 C3  c......J.Z!..e$.
00003430:  C7 B1 E5 6A 3A 90 57 65 2A 1E F5 6D 7D 54 E4 BA  ...j:.We*..m}T..
00003440:  BC 63 9C 24 DB D9 96 8E D1 13 71 12 BF 3A 78 0D  .c.$......q..:x.
00003450:  0A 62 44 30 CE FF 44 C7 10 80 23 4F AC 63 93 27  .bD0..D...#O.c.'
00003460:  D8 9A AB 69 15 05 3B 22 47 D5 4B F1 28 48 9D CD  ...i..;"G.K.(H..
00003470:  03 44 90 15 DB A9 8A D9 47 3D 4C 63 A7 42 FE 91  .D......G=Lc.B..
00003480:  59 3D FF CD 88 0F 4A 36 7B 05 3A 19 85 B4 D9 A4  Y=....J6{.:.....
00003490:  E4 32 BB D8 4F 74 9E 7D 7A 73 EE 6A E4 C9 39 05  .2..Ot.}zs.j..9.
000034A0:  D1 12 FE C8 9F F1 17 E8 5D 3C 08 6F 31 0C D2 DC  ........]<.o1...
000034B0:  69 90 0F 3B 10 D6 AB BF 74 2B A8 9C 0B 10 BA 6D  i..;....t+.....m
000034C0:  C8 69 89 E6 8D B2 34 BE 3F 90 D3 8E 39 2E F2 DB  .i....4.?...9...
000034D0:  B1 DF 0E 99 76 60 36 35 FA BF B1 7E 89 CA 91 BB  ....v`65...~....
000034E0:  1E 11 55 7E 1D B0 DE B7 9C 2F 0F F7 04 3A 4F D2  ..U~...../...:O.
000034F0:  B8 85 5D 19 BD AE 28 4A 28 44 6B E9 59 25 84 49  ..]...(J(Dk.Y%.I
00003500:  C8 4A AD BF 3C 8E 9F 17 D9 43 EB 31 B2 42 7D F9  .J..<....C.1.B}.
00003510:  C5 7F A4 CB FE 42 14 2E 16 41 DA 01 3D DA FE B2  .....B...A..=...
00003520:  FC DD CD 75 38 34 B9 DB AF 32 15 4A 85 98 14 31  ...u84...2.J...1
00003530:  76 5F 08 50 0E CC 7C 7E 0B F5 51 1A 88 DA F0 16  v_.P..|~..Q.....
00003540:  E5 26 E7 AA EA 0A A8 74 5A 50 3B 86 D9 B6 81 03  .&.....tZP;.....
00003550:  C9 2C C5 66 E0 0E C4 DE 7E 48 24 15 0D DD 0D AC  .,.f....~H$.....
00003560:  D5 15 91 12 AC 72 5E AE E8 AB A5 BE B2 23 2D 22  .....r^......#-"
00003570:  58 82 76 77 BB 18 18 5A B6 B0 AB FB 2A F9 F2 1E  X.vw...Z....*...
00003580:  00 DE FA 5E EE E0 A5 35 89 6C 42 79 44 25 E5 05  ...^...5.lByD%..
00003590:  88 1A 8C C0 6F 25 EF CB 62 B7 A9 B6 BA FD BA 02  ....o%..b.......
000035A0:  A1 AA B2 A7 C0 63 6C 57 8E 77 4D DE 1A FF 8B 8D  .....clW.wM.....
000035B0:  2B 5E 7D DE 37 5E 34 3F 4C CF DC E9 76 B8 5E 14  +^}.7^4?L...v.^.
000035C0:  F6 7A 21 CC E1 60 31 A2 A6 F5 1B 29 90 89 10 09  .z!..`1....)....
000035D0:  20 30 4A 8D B5 6C 6D BE 88 06 E7 6F 7F CE 20 12   0J..lm....o.. .
000035E0:  B0 55 2C 63 7A 3D 54 27 72 5F B6 EF EE F7 F5 72  .U,cz=T'r_.....r
000035F0:  3B B8 C7 EA 04 31 EA 21 04 B2 9F 1C E6 84 89 E2  ;....1.!........
00003600:  6A 63 7B AB CE 37 EC 30 EF 44 75 54 95 38 E9 63  jc{..7.0.DuT.8.c
00003610:  D0 12 3A 21 C6 32 B4 00 3E F3 2F B5 A2 27 08 0E  ..:!.2..>./..'..
00003620:  80 E7 0A 4A 45 0C EB 7A 66 CB CB 1E BE B1 D4 23  ...JE..zf......#
00003630:  2C 83 E7 F1 1F 85 72 D7 C8 D3 DA A0 D4 85 4E F3  ,.....r.......N.
00003640:  C5 21 90 53 58 48 AE AE C8 8D 16 B1 24 68 3D 78  .!.SXH......$h=x
00003650:  1F C2 88 6C 6E 09 E9 78 94 7D A1 6B F3 00 EA 39  ...ln..x.}.k...9
00003660:  E3 33 E5 02 30 D7 04 D2 74 B9 29 EB 92 7D 4F 9C  .3..0...t.)..}O.
00003670:  68 D6 74 B8 80 27 C8 14 6B 74 2C FE 0C A8 A1 FF  h.t..'..kt,.....
00003680:  91 DD 60 41 72 23 58 7D EB 49 53 BD 90 CA A1 4E  ..`Ar#X}.IS....N
00003690:  45 2B EE 79 6D 03 03 1F 25 92 DF A2 66 9C 3C 07  E+.ym...%...f.<.
000036A0:  56 8D CB 6B A0 D9 E2 BD 39 B5 4D 5A 13 DF EB A5  V..k....9.MZ....
000036B0:  94 01 71 FC 6A 3C A2 73 76 58 57 F9 96 AB 40 5C  ..q.j<.svXW...@\
000036C0:  F5 C7 95 33 AE 24 06 25 D9 FE E9 1A 7A C9 80 81  ...3.$.%....z...
000036D0:  93 3A 2D 16 F1 2D CD D1 B5 4F 90 AE 58 FD 6F 61  .:-..-...O..X.oa
000036E0:  24 FE 14 3C 5E EA A7 9C D4 BF FF F6 9A 21 CB FF  $..<^........!..
000036F0:  DC 25 C9 64 6D AA 0A 02 41 0B B1 55 FF 8C 5A 94  .%.dm...A..U..Z.
00003700:  4B EE 4E 3E 14 18 CE 70 09 A4 01 C0 2C 9C 24 90  K.N>...p....,.$.
00003710:  05 2C 5E 4A 3C 28 50 1A 34 BD EB 4C A4 93 E5 ED  .,^J<(P.4..L....
00003720:  C0 56 1C E1 E0 15 5F 29 0E ED A9 80 E3 26 EB 28  .V...._).....&.(
00003730:  26 28 6D 00 6A F7 B8 E1 23 25 C8 BA A3 EF 31 C2  &(m.j...#%....1.
00003740:  D9 14 0A 75 CB B1 66 2A 5E 00 9C FD 2F 7E 48 33  ...u..f*^.../~H3
00003750:  28 08 E7 44 6B 96 E8 86 3A E8 22 49 A7 1A 03 03  (..Dk...:."I....
00003760:  BB 49 D0 8F BA 4E 63 30 17 82 73 CD FC 90 CE FF  .I...Nc0..s.....
00003770:  A8 AC 9A 76 CD 0A B2 BF 61 B0 80 3E CA B6 C6 2D  ...v....a..>...-
00003780:  63 CA 38 29 97 77 9D E6 96 D1 5F 28 D5 EA 5A B5  c.8).w...._(..Z.
00003790:  6B 43 43 D8 DF C7 01 AD D8 F0 7A 93 EF EB 94 6E  kCC.......z....n
000037A0:  76 7F 4B 75 1E D5 F4 90 C1 CB B7 92 0E C0 5C F9  v.Ku..........\.
000037B0:  77 92 49 03 A2 7B 15 3C 01 2C 67 79 AA 5C 80 23  w.I..{.<.,gy.\.#
000037C0:  F8 59 E9 11 9B 26 3A BB 14 AD F3 07 8E B4 48 81  .Y...&:.......H.
000037D0:  F7 8C 36 A0 27 73 78 3E AD 53 95 43 C7 FF 69 98  ..6.'sx>.S.C..i.
000037E0:  AF 4C 52 E6 72 F0 D4 08 3A E8 C1 D4 E0 D9 57 41  .LR.r...:.....WA
000037F0:  DD 18 64 46 6F D4 57 65 2A 1E F5 6D 7D 54 E4 BA  ..dFo.We*..m}T..
00003800:  BC 63 9C 24 DB D9 E3 06 94 F3 C0 2E 6E 24 A0 0D  .c.$........n$..
00003810:  61 2A 53 16 34 F2 11 E1 45 B4 C4 AA 80 04 A2 03  a*S.4...E.......
00003820:  A1 A5 CB 25 44 E1 8F E4 FF D6 8A 35 C4 87 E7 21  ...%D......5...!
00003830:  B7 0A B6 98 AA 5A A9 D7 C0 57 07 9D 30 FB 19 8D  .....Z...W..0...
00003840:  BD FE DB F2 72 C3 89 F7 08 C8 4B 30 3C 55 B2 D1  ....r.....K0<U..
00003850:  7C C6 0F D8 D7 A7 9E 79 27 C9 CD 97 B6 77 E3 58  |......y'....w.X
00003860:  1B 82 F7 DF 62 EB 6A 6D EE 72 09 C6 34 E7 B9 B9  ....b.jm.r..4...
00003870:  D8 A6 7F FB E2 63 53 DF 08 0C 8C 17 5A D2 A9 75  .....cS.....Z..u
00003880:  CF 64 B1 9E DA 36 B0 3B 75 62 58 D4 77 2D C4 FE  .d...6.;ubX.w-..
00003890:  E8 D7 62 EA 7F 8B 3C B2 CD 72 CF 66 05 6C 99 CB  ..b...<..r.f.l..
000038A0:  13 8C 9A 95 A4 DD 50 8A E1 0F 1A B9 49 2A 5C 3F  ......P.....I*\?
000038B0:  EE FA 69 2D BE 75 7F D2 59 D2 EC 2A F2 43 C5 CC  ..i-.u..Y..*.C..
000038C0:  93 AB 73 FD DE 44 0E 4D 9A 1A 34 FC D0 ED 6D AA  ..s..D.M..4...m.
000038D0:  0D 71 D8 A1 CA 6D BB DD FA 34 C5 F6 23 57 7B 8C  .q...m...4..#W{.
000038E0:  0D CD 54 12 80 C7 02 14 6C F4 49 01 E7 94 CC 14  ..T.....l.I.....
000038F0:  BD 5A D8 FA B7 8A 51 00 11 5A E2 6B DF 00 64 EB  .Z....Q..Z.k..d.
00003900:  89 32 78 C9 84 BA 92 0D 12 93 37 DB 3C 9E 1B B4  .2x.......7.<...
00003910:  6A F1 D8 DB 03 51 4A 98 69 FF F0 16 31 D4 95 F7  j....QJ.i...1...
00003920:  5E C8 E2 C6 4F E2 A4 06 D0 9B AD 1B BA F8 4E ED  ^...O.........N.
00003930:  69 17 8D B6 AB F5 F0 88 84 04 07 9B 90 1C FE FE  i...............
00003940:  AD A5 64 2F 30 4D B8 7D B5 43 E9 64 DE DA B1 F6  ..d/0M.}.C.d....
00003950:  76 ED FA 3E CC 4A 78 77 07 E1 A9 80 29 26 66 F8  v..>.Jxw....)&f.
00003960:  96 42 40 0C 2F 56 74 18 F4 42 37 C3 DF 33 B7 89  .B@./Vt..B7..3..
00003970:  00 DA 1F 69 BC 5A BC CB A5 FE 3C E7 E4 48 F1 CC  ...i.Z....<..H..
00003980:  52 01 7C AE 4F A5 FF AD FE 44 D3 B9 4A 3C 2F 10  R.|.O....D..J</.
00003990:  43 3C 8F C8 C5 71 E5 4E C0 23 94 8A 8A EF 3B 80  C<...q.N.#....;.
000039A0:  98 8D DB 92 C0 13 2E 21 58 22 21 59 B6 85 CD 5E  .......!X"!Y...^
000039B0:  D0 D8 75 3C AF D9 E4 60 B2 A4 6F 97 FE 23 E7 8E  ..u<...`..o..#..
000039C0:  5F B1 1C C4 5B 98 01 AD D8 F0 7A 93 EF EB 94 6E  _...[.....z....n
000039D0:  76 7F 4B 75 1E D5 F4 90 C1 CB B7 92 0E C0 5C F9  v.Ku..........\.
000039E0:  77 92 49 03 A2 7B 15 3C 01 2C 67 79 AA 5C 80 23  w.I..{.<.,gy.\.#
000039F0:  F8 59 E9 11 9B 26 3A BB 14 AD F3 07 8E B4 48 81  .Y...&:.......H.
00003A00:  F7 8C 36 A0 27 73 25 FC 53 4A 85 E6 CA 7E 27 E0  ..6.'s%.SJ...~'.
00003A10:  9A 18 31 36 EC A9 38 ED A6 F0 DC B6 12 2B CA 90  ..16..8......+..
00003A20:  6F 6A 5F AC CD C6 89 53 9A FA CB 19 68 E3 78 5A  oj_....S....h.xZ
00003A30:  02 5B A3 E2 A2 7F 75 FC 03 8E 37 2B 98 1D 52 64  .[....u...7+..Rd
00003A40:  C9 E7 51 7B 8D F2 11 E1 45 B4 C4 AA 80 04 A2 03  ..Q{....E.......
00003A50:  A1 A5 CB 25 44 E1 11 97 02 35 0B 52 F5 10 A3 01  ...%D....5.R....
00003A60:  16 EC 57 5E 32 99 9D 56 61 73 25 1E A9 02 57 F9  ..W^2..Vas%...W.
00003A70:  DB BC 7B AA 89 D4 3E 51 29 E8 12 EA E0 88 E5 F7  ..{...>Q).......
00003A80:  67 12 54 42 A9 F9 9E 79 27 C9 CD 97 B6 77 E3 58  g.TB...y'....w.X
00003A90:  1B 82 F7 DF 62 EB 6A 6D EE 72 09 C6 34 E7 B9 B9  ....b.jm.r..4...
00003AA0:  D8 A6 7F FB E2 63 95 44 B6 03 38 B4 54 FA A8 D0  .....c.D..8.T...
00003AB0:  B3 51 45 C1 61 03 2D 71 4C B7 7F F9 34 3F 2D D8  .QE.a.-qL...4?-.
00003AC0:  2D 51 9A 14 3B 21 6B 80 96 BA 70 9D 8E B9 C2 9E  -Q..;!k...p.....
00003AD0:  36 FE 8B C9 C7 F4 69 65 BE FD 0F 99 87 95 5D A5  6.....ie......].
00003AE0:  C8 61 9F D1 FF 91 B9 91 A1 DB 11 17 51 71 BE 13  .a..........Qq..
00003AF0:  F7 B6 D8 15 AF 8E E4 DE 02 61 23 D7 2F 86 B3 15  .........a#./...
00003B00:  C9 9C 87 30 AC A0 D7 AE F8 6D D9 A8 39 F9 CA 68  ...0.....m..9..h
00003B10:  61 1C 09 54 62 14 6C 27 57 B8 C8 F4 28 3E 0B D8  a..Tb.l'W...(>..
00003B20:  B2 D9 EA 51 DF 5E F0 88 84 04 07 9B 90 1C FE FE  ...Q.^..........
00003B30:  AD A5 64 2F 30 4D B8 7D B5 43 E9 64 DE DA B1 F6  ..d/0M.}.C.d....
00003B40:  76 ED FA 3E CC 4A F9 C6 92 F3 3D C7 2F A7 0A 69  v..>.J....=./..i
00003B50:  EF 37 44 6F 84 73 B5 C0 13 6A 7D 7B C2 FA 48 00  .7Do.s...j}{..H.
00003B60:  6B 1F 0A 17 60 7E E2 8F EE C6 EA D8 EB 8E FA 13  k...`~..........
00003B70:  AE 18 86 0B 2B D3 54 74 BD DB 70 E5 DC CC 7D 86  ....+.Tt..p...}.
00003B80:  83 5A E5 7B 00 6E 67 E4 6E 1E 56 57 32 F3 AB 16  .Z.{.ng.n.VW2...
00003B90:  81 4B CB 6F E8 78 AA CE AC 6B 94 51 C6 C4 18 FE  .K.o.x...k.Q....
00003BA0:  63 1E 39 A3 DA F1 8A 43 EE 40 08 4F B1 96 1A E8  c.9....C.@.O....
00003BB0:  CD BA F5 0C 9F 04 28 E0 D1 51 38 CA FB A4 E9 B5  ......(..Q8.....
00003BC0:  41 B7 78 87 BB C8 18 5A B6 B0 AB FB 2A F9 F2 1E  A.x....Z....*...
00003BD0:  00 DE FA 5E EE E0 A5 35 89 6C 42 79 44 25 E5 05  ...^...5.lByD%..
00003BE0:  88 1A 8C C0 6F 25 69 E7 8A F0 21 D9 C5 81 CC E2  ....o%i...!.....
00003BF0:  A1 82 85 65 A0 7C 6C 3D C3 D0 F9 43 67 4E 48 19  ...e.|l=...CgNH.
00003C00:  D3 FA BD 77 0C 4F 92 DF 8A 58 56 E3 BA 75 B7 59  ...w.O...XV..u.Y
00003C10:  B2 73 42 F3 24 2D 56 07 12 1D 9F D3 50 97 E1 B7  .sB.$-V.....P...
00003C20:  80 BE 3C D4 52 9B D4 0D 78 75 56 AE E2 F5 4C 53  ..<.R...xuV...LS
00003C30:  A9 D9 BC BE B8 CB C8 43 40 5F 23 C6 BD 10 A8 3D  .......C@_#....=
00003C40:  FF 66 5F D3 1F D5 75 EC F8 67 DC 95 82 02 88 30  .f_...u..g.....0
00003C50:  9A 86 0E EB 9E 09 68 BB 78 DC 52 9B DE 20 53 86  ......h.x.R.. S.
00003C60:  E3 FD 7C 1D 7B 82 5F BC AC 88 5F F7 46 C9 28 8A  ..|.{._..._.F.(.
00003C70:  00 BD 58 92 27 1C A5 98 D5 0A D3 85 9C F6 73 B2  ..X.'.........s.
00003C80:  E4 E5 97 2F C4 3A 9E 06 0C E3 F6 E3 6F 71 8E 3C  .../.:......oq.<
00003C90:  AE EB E6 EB 9B AA 2F BE C9 AC 50 E8 56 7D AD 6A  ....../...P.V}.j
00003CA0:  87 C0 CD 32 60 4E F3 8B 93 36 2E CB F2 57 22 A5  ...2`N...6...W".
00003CB0:  DC 76 56 7A A8 1E 1D 17 B2 F3 C0 6E 8B 17 D0 7C  .vVz.......n...|
00003CC0:  19 D5 A5 FE 17 45 40 BF 69 75 CD 0D 32 5D 27 1D  .....E@.iu..2]'.
00003CD0:  76 58 04 B3 DA 78 B6 4C FA 6D FA C1 BF 35 F2 3F  vX...x.L.m...5.?
00003CE0:  41 A8 E0 43 8A 82 A3 13 37 5A 7A 35 5A 92 44 9A  A..C....7Zz5Z.D.
00003CF0:  C2 7C EF 4B 65 9A 5B 63 84 47 B0 A7 13 24 CF 76  .|.Ke.[c.G...$.v
00003D00:  9E FA 0F 1C D5 4A D6 9D 69 C3 D6 61 D4 B5 51 0B  .....J..i..a..Q.
00003D10:  0A 6D E4 3C 20 A7 CA 9F 86 EE B6 F8 53 0B B3 90  .m.< .......S...
00003D20:  7C BE EA 4D B5 55 C3 9D 19 8A 6D C3 35 95 4B 20  |..M.U....m.5.K 
00003D30:  A1 76 94 B3 17 EA A5 67 BE 68 8D 06 9D 5F 72 96  .v.....g.h..._r.
00003D40:  09 BA 5F 31 AC B3 A9 46 15 21 B7 06 8F EC DE A9  .._1...F.!......
00003D50:  53 C5 42 F3 9B 75 48 F0 36 90 DB 7B 26 D0 A8 82  S.B..uH.6..{&...
00003D60:  25 0C F7 2A 91 8D AF 4B 3F 44 D1 6C 15 C8 DF 0E  %..*...K?D.l....
00003D70:  F9 71 71 8B 2D 6D 62 57 1B 0C 3C FC E1 BD C2 44  .qq.-mbW..<....D
00003D80:  21 0F 94 A3 B2 48 22 8E A4 F1 5A 04 F6 B2 11 2C  !....H"...Z....,
00003D90:  9A 5E 6B 12 DB AF 19 4A AB 43 B9 FE 3B D2 B6 98  .^k....J.C..;...
00003DA0:  01 3D 6F 3E E3 A7 23 9C 35 AD 7F 98 9C 85 1D 98  .=o>..#.5.......
00003DB0:  EC 54 61 3C 13 10 2B 7F 41 69 CD 7B 38 54 60 D1  .Ta<..+.Ai.{8T`.
00003DC0:  43 01 D1 D2 17 F9 A6 03 12 26 05 2E F9 22 9C D1  C........&..."..
00003DD0:  52 BE 59 52 16 97 9F FB 7D 59 47 B6 79 57 E1 4E  R.YR....}YG.yW.N
00003DE0:  0F 44 AD A1 24 9D CD AC 0D 50 35 9C 25 7A FD A3  .D..$....P5.%z..
00003DF0:  EE 4D CE 64 CE 9A 42 29 9D 5A 93 F0 2F 7B 8A DF  .M.d..B).Z../{..
00003E00:  04 1D 58 54 CE 2C 16 64 E5 7D 2B B2 7C BD F6 9B  ..XT.,.d.}+.|...
00003E10:  C1 6E 3C 1F 75 14 21 32 51 F4 A8 52 3C 29 BD F0  .n<.u.!2Q..R<)..
00003E20:  E5 1A 14 0A EB 4B 41 2F 6D 84 09 88 E8 DA 25 6C  .....KA/m.....%l
00003E30:  D7 A5 23 E9 63 7B 0C CB BE 3A 0F 0D 48 1D C9 98  ..#.c{...:..H...
00003E40:  62 5F B5 A6 A7 03 8C 15 AC 8D 2A 33 A2 E5 57 AC  b_........*3..W.
00003E50:  C8 43 80 56 6C 1F 8F 19 A2 20 BE 25 B6 0B 06 79  .C.Vl.... .%...y
00003E60:  B3 0C 45 2F C7 2A 5C BF F3 B4 3B 2E CC BC 43 17  ..E/.*\...;...C.
00003E70:  B4 E1 4B DA 0C 20 5F 5E 42 EB 00 E2 29 21 1A 73  ..K.. _^B...)!.s
00003E80:  DC 78 D4 79 02 45 00 00 00 00 00 00 00 00 00 00  .x.y.E..........
00003E90:  00 00 00 00 00 00 00 00 00 00 00 00 00 00 00 00  ................ [zeros]
00003EA0:  00 00 00 00 00 00 13 D4 7F 1D 4C A7 6A A4 E4 A7  ..........L.j...
00003EB0:  96 C5 29 3D DE C2 90 6F 8B B3 D3 10 CB 4D E7 B0  ..)=...o.....M..
00003EC0:  E0 70 6C 52 E5 15 45 56 A7 FF 81 49 91 BF 4B 13  .plR..EV...I..K.
00003ED0:  4E D4 92 9F 6D 8C 00 00 00 00 00 00 00 00 00 00  N...m...........
00003EE0:  00 00 00 00 00 00 00 00 00 00 00 00 00 00 00 00  ................ [zeros]
00003EF0:  00 00 00 00 00 00 00 00 00 00 00 00 00 00 00 00  ................ [zeros]
00003F00:  00 00 00 00 00 00 00 00 00 00 00 00 00 00 00 00  ................ [zeros]
00003F10:  00 00 00 00 00 00 00 00 00 00 00 00 00 00 00 00  ................ [zeros]
00003F20:  00 00 00 00 00 00 00 00 00 00 00 00 00 00 00 00  ................ [zeros]
00003F30:  00 00 00 00 00 00 00 00 00 00 00 00 00 00 00 00  ................ [zeros]
00003F40:  00 00 00 00 00 00 00 00 00 00 00 00 00 00 00 00  ................ [zeros]
00003F50:  00 00 00 00 00 00 04 2D 9F 89 8D 48 7A D7 48 1D  .......-...Hz.H.
00003F60:  32 66 CD 4B D9 EA 25 0F CD 87 08 D7 CC A5 97 D0  2f.K..%.........
00003F70:  88 4C EB BE 7D 02 30 E0 A1 59 9F 08 F8 B6 32 AF  .L..}.0..Y....2.
00003F80:  C2 B5 73 57 66 55 EF 8D D6 FC 50 94 F4 D1 B9 C7  ..sWfU....P.....
00003F90:  D2 FA 01 C8 06 EA 00 00 00 00 00 00 00 00 00 00  ................
00003FA0:  00 00 00 00 00 00 00 00 00 00 00 00 00 00 00 00  ................ [zeros]
00003FB0:  00 00 00 00 00 00 C4 31 09 01 36 AF C7 58 5E 33  .......1..6..X^3
00003FC0:  B6 F9 5B D2 0C 46 DC C7 30 74 BB A9 C2 8C 57 65  ..[..F..0t....We
00003FD0:  A2 AF 33 47 59 CA 5E AE AC 3C 96 2D 24 F8 D5 80  ..3GY.^..<.-$...
00003FE0:  13 EB C3 60 B3 2B 4E 76 66 FC 24 5C 07 3C A6 AE  ...`.+Nvf.$\.<..
00003FF0:  22 11 04 6A 0E 4C 4E 99 2D D2 1F AC 30 FB EC 6E  "..j.LN.-...0..n
00004000:  FF DD 7C 58 F9 D7 B1 CE 57 06 C6 66 FE 21 F1 96  ..|X....W..f.!..
00004010:  6E 51 09 CE AE C1 78 33 33 AE BC 57 13 FC 67 EC  nQ....x33..W..g.
00004020:  54 A2 53 A2 8A C8 26 61 14 51 5C B3 73 B0 E2 DB  T.S...&a.Q\.s...
00004030:  06 93 88 A3 E3 95 0F D7 0B D6 7F 52 B4 DF 98 F9  ...........R....
00004040:  20 1D AF 4C 1B 0A 7E FD 4A 6D 9B 9C 05 AB F8 43   ..L..~.Jm.....C
00004050:  79 69 41 42 F8 EC 17 76 79 8F 65 FD 82 5D A0 59  yiAB...vy.e..].Y
00004060:  16 5C D9 E8 CD 14 00 00 00 00 00 00 00 00 00 00  .\..............
00004070:  00 00 00 00 00 00 00 00 00 00 00 00 00 00 00 00  ................ [zeros]
00004080:  00 00 00 00 00 00 00 00 00 00 00 00 00 00 00 00  ................ [zeros]
00004090:  00 00 00 00 00 00 00 00 00 00 00 00 00 00 00 00  ................ [zeros]
000040A0:  00 00 00 00 00 00 00 00 00 00 00 00 00 00 00 00  ................ [zeros]
000040B0:  00 00 00 00 00 00 00 00 00 00 00 00 00 00 00 00  ................ [zeros]
000040C0:  00 00 00 00 00 00 00 00 00 00 00 00 00 00 00 00  ................ [zeros]
000040D0:  00 00 00 00 00 00 00 00 00 00 00 00 00 00 00 00  ................ [zeros]
000040E0:  00 00 00 00 00 00 00 00 00 00 00 00 00 00 00 00  ................ [zeros]
000040F0:  00 00 00 00 00 00 00 00 00 00 00 00 00 00 00 00  ................ [zeros]
00004100:  00 00 00 00 00 00 00 00 00 00 00 00 00 00 00 00  ................ [zeros]
00004110:  00 00 00 00 00 00 2E DB AA C1 61 84 F4 7D 71 C2  ..........a..}q.
00004120:  D2 61 BF A9 92 C2 13 C0 B9 41 92 55 4D 36 45 A4  .a.......A.UM6E.
00004130:  BD 87 8A 1B 0E C2 BD F2 25 46 A0 7C 5F 5A D7 79  ........%F.|_Z.y
00004140:  BB AF 62 8C D3 7C 00 00 00 00 00 00 00 00 00 00  ..b..|..........
00004150:  00 00 00 00 00 00 00 00 00 00 00 00 00 00 00 00  ................ [zeros]
00004160:  00 00 00 00 00 00 00 00 00 00 00 00 00 00 00 00  ................ [zeros]
00004170:  00 00 00 00 00 00 00 00 00 00 00 00 00 00 00 00  ................ [zeros]
00004180:  00 00 00 00 00 00 00 00 00 00 00 00 00 00 00 00  ................ [zeros]
00004190:  00 00 00 00 00 00 00 00 00 00 00 00 00 00 00 00  ................ [zeros]
000041A0:  00 00 00 00 00 00 00 00 00 00 00 00 00 00 00 00  ................ [zeros]
000041B0:  00 00 00 00 00 00 00 00 00 00 00 00 00 00 00 00  ................ [zeros]
000041C0:  00 00 00 00 00 00 00 00 00 00 00 00 00 00 00 00  ................ [zeros]
000041D0:  00 00 00 00 00 00 00 00 00 00 00 00 00 00 00 00  ................ [zeros]
000041E0:  00 00 00 00 00 00 00 00 00 00 00 00 00 00 00 00  ................ [zeros]
000041F0:  00 00 00 00 00 00 00 00 00 00 00 00 00 00 00 00  ................ [zeros]
00004200:  00 00 00 00 00 00 00 00 00 00 00 00 00 00 00 00  ................ [zeros]
00004210:  00 00 00 00 00 00 00 00 00 00 00 00 00 00 00 00  ................ [zeros]
00004220:  00 00 00 00 00 00 00 00 00 00 00 00 00 00 00 00  ................ [zeros]
00004230:  00 00 00 00 00 00 00 00 00 00 00 00 00 00 00 00  ................ [zeros]
00004240:  00 00 00 00 00 00 20 2D 65 28 AE 72 01 F0 35 A5  ...... -e(.r..5.
00004250:  FE 1B 83 23 F2 0D C4 FB C5 76 F5 4E 0B 6C 74 29  ...#.....v.N.lt)
00004260:  8C 3F 6B B6 2F CB 00 00 00 00 00 00 00 00 00 00  .?k./...........
00004270:  00 00 00 00 00 00 00 00 00 00 00 00 00 00 00 00  ................ [zeros]
00004280:  00 00 00 00 00 00 00 00 00 00 00 00 00 00 00 00  ................ [zeros]
00004290:  00 00 00 00 00 00 00 00 00 00 00 00 00 00 00 00  ................ [zeros]
000042A0:  00 00 00 00 00 00 00 00 00 00 00 00 00 00 00 00  ................ [zeros]
000042B0:  00 00 00 00 00 00 00 00 00 00 00 00 00 00 00 00  ................ [zeros]
000042C0:  00 00 00 00 00 00 00 00 00 00 00 00 00 00 00 00  ................ [zeros]
000042D0:  00 00 00 00 00 00 00 00 00 00 00 00 00 00 00 00  ................ [zeros]
000042E0:  00 00 00 00 00 00 00 00 00 00 00 00 00 00 00 00  ................ [zeros]
000042F0:  00 00 00 00 00 00 00 00 00 00 00 00 00 00 00 00  ................ [zeros]
00004300:  00 00 00 00 00 00 00 00 00 00 00 00 00 00 00 00  ................ [zeros]
00004310:  00 00 00 00 00 00 00 00 00 00 00 00 00 00 00 00  ................ [zeros]
00004320:  00 00 00 00 00 00 00 00 00 00 00 00 00 00 00 00  ................ [zeros]
00004330:  00 00 00 00 00 00 00 00 00 00 00 00 00 00 00 00  ................ [zeros]
00004340:  00 00 00 00 00 00 00 00 00 00 00 00 00 00 00 00  ................ [zeros]
00004350:  00 00 00 00 00 00 00 00 00 00 00 00 00 00 00 00  ................ [zeros]
00004360:  00 00 00 00 00 00 00 00 00 00 00 00 00 00 00 00  ................ [zeros]
00004370:  00 00 00 00 00 00 00 00 00 00 00 00 00 00 00 00  ................ [zeros]
00004380:  00 00 00 00 00 00 00 00 00 00 00 00 00 00 00 00  ................ [zeros]
00004390:  00 00 00 00 00 00 00 00 00 00 00 00 00 00 00 00  ................ [zeros]
000043A0:  00 00 00 00 00 00 00 00 00 00 00 00 00 00 00 00  ................ [zeros]
000043B0:  00 00 00 00 00 00 00 00 00 00 00 00 00 00 00 00  ................ [zeros]
000043C0:  00 00 00 00 00 00 00 00 00 00 00 00 00 00 00 00  ................ [zeros]
000043D0:  00 00 00 00 00 00 00 00 00 00 00 00 00 00 00 00  ................ [zeros]
000043E0:  00 00 00 00 00 00 5C C3 21 04 FB 0E 65 02 14 D8  ......\.!...e...
000043F0:  28 71 BF B1 37 25 C1 61 94 0B 4B 86 6B 82 9B 40  (q..7%.a..K.k..@
00004400:  20 F8 C8 62 5E AB D4 E3 EE 13 C3 57 03 CA 7A 71   ..b^......W..zq
00004410:  E4 07 96 0C 29 5C C1 C1 86 3D 0F D3 AC A5 7B FD  ....)\...=....{.
00004420:  6F F9 AB 6A 8F C4 02 2E BF A1 62 6A 79 B1 09 3C  o..j......bjy..<
00004430:  83 2A CB 80 7C 09 17 7E 89 58 59 3A 09 8E 35 0C  .*..|..~.XY:..5.
00004440:  E1 62 E1 8C 48 53 C7 F3 98 63 0D D5 64 8B 8B F3  .b..HS...c..d...
00004450:  30 F7 B9 EC 14 DC DE 68 25 FE 15 61 37 1D 36 77  0......h%..a7.6w
00004460:  71 B0 4D 9A FA 3F 9F 43 04 BC 47 4C AB 99 19 80  q.M..?.C..GL....
00004470:  E8 26 FB 1D A2 11 C1 C1 86 3D 0F D3 AC A5 7B FD  .&.......=....{.
00004480:  6F F9 AB 6A 8F C4 54 C9 9C 7A 3C 56 34 0B 53 12  o..j..T..z<V4.S.
00004490:  AD D1 EF C0 DA D9 B7 83 72 D6 65 47 45 75 36 0B  ........r.eGEu6.
000044A0:  8A 3F B3 EE 86 16 97 FA B1 DB F4 76 8D D0 03 29  .?.........v...)
000044B0:  D1 EA 71 EB F2 AE AC 30 A5 80 39 C5 FD 38 03 40  ..q....0..9..8.@
000044C0:  B3 1D 29 B0 37 4A 00 00 00 00 00 00 00 00 00 00  ..).7J..........
000044D0:  00 00 00 00 00 00 00 00 00 00 00 00 00 00 00 00  ................ [zeros]
000044E0:  00 00 00 00 00 00 00 00 00 00 00 00 00 00 00 00  ................ [zeros]
000044F0:  00 00 00 00 00 00 00 00 00 00 00 00 00 00 00 00  ................ [zeros]
00004500:  00 00 00 00 00 00 00 00 00 00 00 00 00 00 00 00  ................ [zeros]
00004510:  00 00 00 00 00 00 00 00 00 00 00 00 00 00 00 00  ................ [zeros]
00004520:  00 00 00 00 00 00 00 00 00 00 00 00 00 00 00 00  ................ [zeros]
00004530:  00 00 00 00 00 00 00 00 00 00 00 00 00 00 00 00  ................ [zeros]
00004540:  00 00 00 00 00 00 00 00 00 00 00 00 00 00 00 00  ................ [zeros]
00004550:  00 00 00 00 00 00 00 00 00 00 00 00 00 00 00 00  ................ [zeros]
00004560:  00 00 00 00 00 00 00 00 00 00 00 00 00 00 00 00  ................ [zeros]
00004570:  00 00 00 00 00 00 00 00 00 00 00 00 00 00 00 00  ................ [zeros]
00004580:  00 00 00 00 00 00 00 00 00 00 00 00 00 00 00 00  ................ [zeros]
00004590:  00 00 00 00 00 00 00 00 00 00 00 00 00 00 00 00  ................ [zeros]
000045A0:  00 00 00 00 00 00 00 00 00 00 00 00 00 00 00 00  ................ [zeros]
000045B0:  00 00 00 00 00 00 00 00 00 00 00 00 00 00 00 00  ................ [zeros]
000045C0:  00 00 00 00 00 00 00 00 00 00 00 00 00 00 00 00  ................ [zeros]
000045D0:  00 00 00 00 00 00 00 00 00 00 00 00 00 00 00 00  ................ [zeros]
000045E0:  00 00 00 00 00 00 00 00 00 00 00 00 00 00 00 00  ................ [zeros]
000045F0:  00 00 00 00 00 00 00 00 00 00 00 00 00 00 00 00  ................ [zeros]
00004600:  00 00 00 00 00 00 00 00 00 00 00 00 00 00 00 00  ................ [zeros]
00004610:  00 00 00 00 00 00 00 00 00 00 00 00 00 00 00 00  ................ [zeros]
00004620:  00 00 00 00 00 00 00 00 00 00 00 00 00 00 00 00  ................ [zeros]
00004630:  00 00 00 00 00 00 00 00 00 00 00 00 00 00 00 00  ................ [zeros]
00004640:  00 00 00 00 00 00 00 00 00 00 00 00 00 00 00 00  ................ [zeros]
00004650:  00 00 00 00 00 00 00 00 00 00 00 00 00 00 00 00  ................ [zeros]
00004660:  00 00 00 00 00 00 00 00 00 00 00 00 00 00 00 00  ................ [zeros]
00004670:  00 00 00 00 00 00 00 00 00 00 00 00 00 00 00 00  ................ [zeros]
00004680:  00 00 00 00 00 00 00 00 00 00 00 00 00 00 00 00  ................ [zeros]
00004690:  00 00 00 00 00 00 00 00 00 00 00 00 00 00 00 00  ................ [zeros]
000046A0:  00 00 00 00 00 00 00 00 00 00 00 00 00 00 00 00  ................ [zeros]
000046B0:  00 00 00 00 00 00 00 00 00 00 00 00 00 00 00 00  ................ [zeros]
000046C0:  00 00 00 00 00 00 00 00 00 00 00 00 00 00 00 00  ................ [zeros]
000046D0:  00 00 00 00 00 00 00 00 00 00 00 00 00 00 00 00  ................ [zeros]
000046E0:  00 00 00 00 00 00 00 00 00 00 00 00 00 00 00 00  ................ [zeros]
000046F0:  00 00 00 00 00 00 00 00 00 00 00 00 00 00 00 00  ................ [zeros]
00004700:  00 00 00 00 00 00 00 00 00 00 00 00 00 00 00 00  ................ [zeros]
00004710:  00 00 00 00 00 00 00 00 00 00 00 00 00 00 00 00  ................ [zeros]
00004720:  00 00 00 00 00 00 00 00 00 00 00 00 00 00 00 00  ................ [zeros]
00004730:  00 00 00 00 00 00 00 00 00 00 00 00 00 00 00 00  ................ [zeros]
00004740:  00 00 00 00 00 00 00 00 00 00 00 00 00 00 00 00  ................ [zeros]
00004750:  00 00 00 00 00 00 00 00 00 00 00 00 00 00 00 00  ................ [zeros]
00004760:  00 00 00 00 00 00 00 00 00 00 00 00 00 00 00 00  ................ [zeros]
00004770:  00 00 00 00 00 00 00 00 00 00 00 00 00 00 00 00  ................ [zeros]
00004780:  00 00 00 00 00 00 00 00 00 00 00 00 00 00 00 00  ................ [zeros]
00004790:  00 00 00 00 00 00 00 00 00 00 00 00 00 00 00 00  ................ [zeros]
000047A0:  00 00 00 00 00 00 00 00 00 00 00 00 00 00 00 00  ................ [zeros]
000047B0:  00 00 00 00 00 00 00 00 00 00 00 00 00 00 00 00  ................ [zeros]
000047C0:  00 00 00 00 00 00 00 00 00 00 00 00 00 00 00 00  ................ [zeros]
000047D0:  00 00 00 00 00 00 00 00 00 00 00 00 00 00 00 00  ................ [zeros]
000047E0:  00 00 00 00 00 00 00 00 00 00 00 00 00 00 00 00  ................ [zeros]
000047F0:  00 00 00 00 00 00 00 00 00 00 00 00 00 00 00 00  ................ [zeros]
00004800:  00 00 00 00 00 00 00 00 00 00 00 00 00 00 00 00  ................ [zeros]
00004810:  00 00 00 00 00 00 00 00 00 00 00 00 00 00 00 00  ................ [zeros]
00004820:  00 00 00 00 00 00 00 00 00 00 00 00 00 00 00 00  ................ [zeros]
00004830:  00 00 00 00 00 00 00 00 00 00 00 00 00 00 00 00  ................ [zeros]
00004840:  00 00 00 00 00 00 00 00 00 00 00 00 00 00 00 00  ................ [zeros]
00004850:  00 00 00 00 00 00 00 00 00 00 00 00 00 00 00 00  ................ [zeros]
00004860:  00 00 00 00 00 00 00 00 00 00 00 00 00 00 00 00  ................ [zeros]
00004870:  00 00 00 00 00 00 00 00 00 00 00 00 00 00 00 00  ................ [zeros]
00004880:  00 00 00 00 00 00 00 00 00 00 00 00 00 00 00 00  ................ [zeros]
00004890:  00 00 00 00 00 00 00 00 00 00 00 00 00 00 00 00  ................ [zeros]
000048A0:  00 00 00 00 00 00 00 00 00 00 00 00 00 00 00 00  ................ [zeros]
000048B0:  00 00 00 00 00 00 00 00 00 00 00 00 00 00 00 00  ................ [zeros]
000048C0:  00 00 00 00 00 00 00 00 00 00 00 00 00 00 00 00  ................ [zeros]
000048D0:  00 00 00 00 00 00 00 00 00 00 00 00 00 00 00 00  ................ [zeros]
000048E0:  00 00 00 00 00 00 00 00 00 00 00 00 00 00 00 00  ................ [zeros]
000048F0:  00 00 00 00 00 00 00 00 00 00 00 00 00 00 00 00  ................ [zeros]
00004900:  00 00 00 00 00 00 00 00 00 00 00 00 00 00 00 00  ................ [zeros]
00004910:  00 00 00 00 00 00 00 00 00 00 00 00 00 00 00 00  ................ [zeros]
00004920:  00 00 00 00 00 00 00 00 00 00 00 00 00 00 00 00  ................ [zeros]
00004930:  00 00 00 00 00 00 00 00 00 00 00 00 00 00 00 00  ................ [zeros]
00004940:  00 00 00 00 00 00 00 00 00 00 00 00 00 00 00 00  ................ [zeros]
00004950:  00 00 00 00 00 00 00 00 00 00 00 00 00 00 00 00  ................ [zeros]
00004960:  00 00 00 00 00 00 00 00 00 00 00 00 00 00 00 00  ................ [zeros]
00004970:  00 00 00 00 00 00 00 00 00 00 00 00 00 00 00 00  ................ [zeros]
00004980:  00 00 00 00 00 00 00 00 00 00 00 00 00 00 00 00  ................ [zeros]
00004990:  00 00 00 00 00 00 00 00 00 00 00 00 00 00 00 00  ................ [zeros]
000049A0:  00 00 00 00 00 00 00 00 00 00 00 00 00 00 00 00  ................ [zeros]
000049B0:  00 00 00 00 00 00 00 00 00 00 00 00 00 00 00 00  ................ [zeros]
000049C0:  00 00 00 00 00 00 00 00 00 00 00 00 00 00 00 00  ................ [zeros]
000049D0:  00 00 00 00 00 00 00 00 00 00 00 00 00 00 00 00  ................ [zeros]
000049E0:  00 00 00 00 00 00 00 00 00 00 00 00 00 00 00 00  ................ [zeros]
000049F0:  00 00 00 00 00 00 00 00 00 00 00 00 00 00 00 00  ................ [zeros]
00004A00:  00 00 00 00 00 00 00 00 00 00 00 00 00 00 00 00  ................ [zeros]
00004A10:  00 00 00 00 00 00 00 00 00 00 00 00 00 00 00 00  ................ [zeros]
00004A20:  00 00 00 00 00 00 00 00 00 00 00 00 00 00 00 00  ................ [zeros]
00004A30:  00 00 00 00 00 00 00 00 00 00 00 00 00 00 00 00  ................ [zeros]
00004A40:  00 00 00 00 00 00 00 00 00 00 00 00 00 00 00 00  ................ [zeros]
00004A50:  00 00 00 00 00 00 00 00 00 00 00 00 00 00 00 00  ................ [zeros]
00004A60:  00 00 00 00 00 00 00 00 00 00 00 00 00 00 00 00  ................ [zeros]
00004A70:  00 00 00 00 00 00 00 00 00 00 00 00 00 00 00 00  ................ [zeros]
00004A80:  00 00 00 00 00 00 00 00 00 00 00 00 00 00 00 00  ................ [zeros]
00004A90:  00 00 00 00 00 00 00 00 00 00 00 00 00 00 00 00  ................ [zeros]
00004AA0:  00 00 00 00 00 00 00 00 00 00 00 00 00 00 00 00  ................ [zeros]
00004AB0:  00 00 00 00 00 00 00 00 00 00 00 00 00 00 00 00  ................ [zeros]
00004AC0:  00 00 00 00 00 00 A6 B6 22 D6 1D 39 37 D1 87 61  ........"..97..a
00004AD0:  E2 79 C6 6D 52 E0 FC 9D D5 5C 58 88 36 FF D1 61  .y.mR....\X.6..a
00004AE0:  B9 5F 3A E7 42 2D 2E 40 4E 1B EE C3 9B 05 A0 E9  ._:.B-.@N.......
00004AF0:  65 5B 35 24 9A 66 2E 40 4E 1B EE C3 9B 05 A0 E9  e[5$.f.@N.......
00004B00:  65 5B 35 24 9A 66 2E 40 4E 1B EE C3 9B 05 A0 E9  e[5$.f.@N.......
00004B10:  65 5B 35 24 9A 66 2E 40 4E 1B EE C3 9B 05 A0 E9  e[5$.f.@N.......
00004B20:  65 5B 35 24 9A 66 2E 40 4E 1B EE C3 9B 05 A0 E9  e[5$.f.@N.......
00004B30:  65 5B 35 24 9A 66 2E 40 4E 1B EE C3 9B 05 A0 E9  e[5$.f.@N.......
00004B40:  65 5B 35 24 9A 66 2E 40 4E 1B EE C3 9B 05 A0 E9  e[5$.f.@N.......
00004B50:  65 5B 35 24 9A 66 2E 40 4E 1B EE C3 9B 05 A0 E9  e[5$.f.@N.......
00004B60:  65 5B 35 24 9A 66 2E 40 4E 1B EE C3 9B 05 A0 E9  e[5$.f.@N.......
00004B70:  65 5B 35 24 9A 66 2E 40 4E 1B EE C3 9B 05 A0 E9  e[5$.f.@N.......
00004B80:  65 5B 35 24 9A 66 2E 40 4E 1B EE C3 9B 05 A0 E9  e[5$.f.@N.......
00004B90:  65 5B 35 24 9A 66 2E 40 4E 1B EE C3 9B 05 A0 E9  e[5$.f.@N.......
00004BA0:  65 5B 35 24 9A 66 2E 40 4E 1B EE C3 9B 05 A0 E9  e[5$.f.@N.......
00004BB0:  65 5B 35 24 9A 66 2E 40 4E 1B EE C3 9B 05 A0 E9  e[5$.f.@N.......
00004BC0:  65 5B 35 24 9A 66 2E 40 4E 1B EE C3 9B 05 A0 E9  e[5$.f.@N.......
00004BD0:  65 5B 35 24 9A 66 2D 4C C7 BE F3 49 86 10 69 18  e[5$.f-L...I..i.
00004BE0:  4B 2A 40 65 69 10 00 00 00 00 00 00 00 00 00 00  K*@ei...........
00004BF0:  00 00 00 00 00 00 00 00 00 00 00 00 00 00 00 00  ................ [zeros]
00004C00:  00 00 00 00 00 00 00 00 00 00 00 00 00 00 00 00  ................ [zeros]
00004C10:  00 00 00 00 00 00 00 00 00 00 00 00 00 00 00 00  ................ [zeros]
00004C20:  00 00 00 00 00 00 00 00 00 00 00 00 00 00 00 00  ................ [zeros]
00004C30:  00 00 00 00 00 00 00 00 00 00 00 00 00 00 00 00  ................ [zeros]
00004C40:  00 00 00 00 00 00 00 00 00 00 00 00 00 00 00 00  ................ [zeros]
00004C50:  00 00 00 00 00 00 00 00 00 00 00 00 00 00 00 00  ................ [zeros]
00004C60:  00 00 00 00 00 00 00 00 00 00 00 00 00 00 00 00  ................ [zeros]
00004C70:  00 00 00 00 00 00 00 00 00 00 00 00 00 00 00 00  ................ [zeros]
00004C80:  00 00 00 00 00 00 00 00 00 00 00 00 00 00 00 00  ................ [zeros]
00004C90:  00 00 00 00 00 00 00 00 00 00 00 00 00 00 00 00  ................ [zeros]
00004CA0:  00 00 00 00 00 00 00 00 00 00 00 00 00 00 00 00  ................ [zeros]
00004CB0:  00 00 00 00 00 00 00 00 00 00 00 00 00 00 00 00  ................ [zeros]
00004CC0:  00 00 00 00 00 00 00 00 00 00 00 00 00 00 00 00  ................ [zeros]
00004CD0:  00 00 00 00 00 00 00 00 00 00 00 00 00 00 00 00  ................ [zeros]
00004CE0:  00 00 00 00 00 00 AB F8 11 D2 7B 8F F5 F1 EF FC  ..........{.....
00004CF0:  E1 AE 51 C1 18 51 2E 40 4E 1B EE C3 9B 05 A0 E9  ..Q..Q.@N.......
00004D00:  65 5B 35 24 9A 66 2E 40 4E 1B EE C3 9B 05 A0 E9  e[5$.f.@N.......
00004D10:  65 5B 35 24 9A 66 2E 40 4E 1B EE C3 9B 05 A0 E9  e[5$.f.@N.......
00004D20:  65 5B 35 24 9A 66 2E 40 4E 1B EE C3 9B 05 A0 E9  e[5$.f.@N.......
00004D30:  65 5B 35 24 9A 66 2E 40 4E 1B EE C3 9B 05 A0 E9  e[5$.f.@N.......
00004D40:  65 5B 35 24 9A 66 2E 40 4E 1B EE C3 9B 05 A0 E9  e[5$.f.@N.......
00004D50:  65 5B 35 24 9A 66 2E 40 4E 1B EE C3 9B 05 A0 E9  e[5$.f.@N.......
00004D60:  65 5B 35 24 9A 66 2E 40 4E 1B EE C3 9B 05 A0 E9  e[5$.f.@N.......
00004D70:  65 5B 35 24 9A 66 2E 40 4E 1B EE C3 9B 05 A0 E9  e[5$.f.@N.......
00004D80:  65 5B 35 24 9A 66 2E 40 4E 1B EE C3 9B 05 A0 E9  e[5$.f.@N.......
00004D90:  65 5B 35 24 9A 66 2E 40 4E 1B EE C3 9B 05 A0 E9  e[5$.f.@N.......
00004DA0:  65 5B 35 24 9A 66 2E 40 4E 1B EE C3 9B 05 A0 E9  e[5$.f.@N.......
00004DB0:  65 5B 35 24 9A 66 2E 40 4E 1B EE C3 9B 05 A0 E9  e[5$.f.@N.......
00004DC0:  65 5B 35 24 9A 66 2E 40 4E 1B EE C3 9B 05 A0 E9  e[5$.f.@N.......
00004DD0:  65 5B 35 24 9A 66 2E 40 4E 1B EE C3 9B 05 A0 E9  e[5$.f.@N.......
00004DE0:  65 5B 35 24 9A 66 EC 93 A7 54 F2 88 1E A6 89 2C  e[5$.f...T.....,
00004DF0:  2D C6 ED E0 2A CF 2E 40 4E 1B EE C3 9B 05 A0 E9  -...*..@N.......
00004E00:  65 5B 35 24 9A 66 2E 40 4E 1B EE C3 9B 05 A0 E9  e[5$.f.@N.......
00004E10:  65 5B 35 24 9A 66 2E 40 4E 1B EE C3 9B 05 A0 E9  e[5$.f.@N.......
00004E20:  65 5B 35 24 9A 66 2E 40 4E 1B EE C3 9B 05 A0 E9  e[5$.f.@N.......
00004E30:  65 5B 35 24 9A 66 2E 40 4E 1B EE C3 9B 05 A0 E9  e[5$.f.@N.......
00004E40:  65 5B 35 24 9A 66 2E 40 4E 1B EE C3 9B 05 A0 E9  e[5$.f.@N.......
00004E50:  65 5B 35 24 9A 66 2E 40 4E 1B EE C3 9B 05 A0 E9  e[5$.f.@N.......
00004E60:  65 5B 35 24 9A 66 2E 40 4E 1B EE C3 9B 05 A0 E9  e[5$.f.@N.......
00004E70:  65 5B 35 24 9A 66 2E 40 4E 1B EE C3 9B 05 A0 E9  e[5$.f.@N.......
00004E80:  65 5B 35 24 9A 66 2E 40 4E 1B EE C3 9B 05 A0 E9  e[5$.f.@N.......
00004E90:  65 5B 35 24 9A 66 2E 40 4E 1B EE C3 9B 05 A0 E9  e[5$.f.@N.......
00004EA0:  65 5B 35 24 9A 66 2E 40 4E 1B EE C3 9B 05 A0 E9  e[5$.f.@N.......
00004EB0:  65 5B 35 24 9A 66 2E 40 4E 1B EE C3 9B 05 A0 E9  e[5$.f.@N.......
00004EC0:  65 5B 35 24 9A 66 2E 40 4E 1B EE C3 9B 05 A0 E9  e[5$.f.@N.......
00004ED0:  65 5B 35 24 9A 66 2E 40 4E 1B EE C3 9B 05 A0 E9  e[5$.f.@N.......
00004EE0:  65 5B 35 24 9A 66 7E 9D 95 A6 26 69 DC D0 60 FC  e[5$.f~...&i..`.
00004EF0:  A4 E9 B2 4A 99 D6 00 00 00 00 00 00 00 00 00 00  ...J............
00004F00:  00 00 00 00 00 00 00 00 00 00 00 00 00 00 00 00  ................ [zeros]
00004F10:  00 00 00 00 00 00 00 00 00 00 00 00 00 00 00 00  ................ [zeros]
00004F20:  00 00 00 00 00 00 00 00 00 00 00 00 00 00 00 00  ................ [zeros]
00004F30:  00 00 00 00 00 00 D4 B9 69 CE AC C7 10 B9 99 74  ........i......t
00004F40:  F8 46 40 4D B5 1A 4B F2 DA CE 2E 75 A8 6A A2 9C  .F@M..K....u.j..
00004F50:  73 2B DF D1 B5 70 4B F2 DA CE 2E 75 A8 6A A2 9C  s+...pK....u.j..
00004F60:  73 2B DF D1 B5 70 29 42 AE 94 A8 C0 C7 1F 6D 50  s+...p)B......mP
00004F70:  B7 F0 AA 4F 7C 8F 57 96 A0 88 88 7B 69 C4 E0 47  ...O|.W....{i..G
00004F80:  A4 DA 29 30 88 12 BE FB 1C EF BA 9D 1E 88 28 1D  ..)0..........(.
00004F90:  D6 D0 2B E3 96 CC 67 B6 71 79 76 0A C7 13 3B EA  ..+...g.qyv...;.
00004FA0:  FA 60 DF FC FD 59 3F 60 FE A8 B2 3F 9D D7 EF F8  .`...Y?`...?....
00004FB0:  F1 DD 96 99 37 11 0E 8D D2 56 A2 9A A7 C8 B5 08  ....7....V......
00004FC0:  1F ED BA 25 5E 37 00 00 00 00 00 00 00 00 00 00  ...%^7..........
00004FD0:  00 00 00 00 00 00 00 00 00 00 00 00 00 00 00 00  ................ [zeros]
00004FE0:  00 00 00 00 00 00 00 00 00 00 00 00 00 00 00 00  ................ [zeros]
00004FF0:  00 00 00 00 00 00 00 00 00 00 00 00 00 00 00 00  ................ [zeros]
00005000:  00 00 00 00 00 00 00 00 00 00 00 00 00 00 00 00  ................ [zeros]
00005010:  00 00 00 00 00 00 00 00 00 00 00 00 00 00 00 00  ................ [zeros]
00005020:  00 00 00 00 00 00 00 00 00 00 00 00 00 00 00 00  ................ [zeros]
00005030:  00 00 00 00 00 00 00 00 00 00 00 00 00 00 00 00  ................ [zeros]
00005040:  00 00 00 00 00 00 00 00 00 00 00 00 00 00 00 00  ................ [zeros]
00005050:  00 00 00 00 00 00 00 00 00 00 00 00 00 00 00 00  ................ [zeros]
00005060:  00 00 00 00 00 00 00 00 00 00 00 00 00 00 00 00  ................ [zeros]
00005070:  00 00 00 00 00 00 00 00 00 00 00 00 00 00 00 00  ................ [zeros]
00005080:  00 00 00 00 00 00 66 C8 35 6E 0A E4 09 E2 B0 73  ......f.5n.....s
00005090:  AA A1 68 C2 7C 59 DA 75 02 AB C3 08 F0 A7 1E 60  ..h.|Y.u.......`
000050A0:  1F 8A 6F B7 88 BE 1B 62 4F E2 45 D5 4D D6 DD 1E  ..o....bO.E.M...
000050B0:  58 74 F5 FA 40 EA 9D 04 32 BF 4E D1 5B 30 2F 01  Xt..@...2.N.[0/.
000050C0:  A6 7C A5 CF 0B CA CC 3F 82 C1 D8 DA CE 0C A0 B1  .|.....?........
000050D0:  87 5B 92 30 B0 B7 AA C6 44 6A F5 7D 1D C6 0E CB  .[.0....Dj.}....
000050E0:  7F A2 A1 15 3C B9 60 46 39 40 EE 31 A4 36 A8 88  ....<.`F9@.1.6..
000050F0:  18 1F 9A F9 56 9A E4 5F 6A 72 94 B8 C2 8A 8F E9  ....V.._jr......
00005100:  99 67 7F E9 E9 02 6B C5 EE 97 96 A7 94 4B 07 EB  .g....k......K..
00005110:  89 84 97 B2 4F BE 3F 8A B4 70 C4 87 EB EF B3 86  ....O.?..p......
00005120:  B0 26 5B D2 F8 FD 00 00 00 00 00 00 00 00 00 00  .&[.............
00005130:  00 00 00 00 00 00 0D 2B AA 33 1A 83 2B 77 02 8B  .......+.3..+w..
00005140:  68 EC 4C AF 09 88 26 12 22 FE 87 34 05 08 DF 37  h.L...&."..4...7
00005150:  B5 64 29 E3 4F 1A 00 00 00 00 00 00 00 00 00 00  .d).O...........
00005160:  00 00 00 00 00 00 51 D8 6E A9 0F 6B 2D C7 3C AE  ......Q.n..k-.<.
00005170:  90 BE 8E 69 4E A1 AB D5 C6 34 06 99 61 8F 88 8E  ...iN....4..a...
00005180:  18 E8 E5 B6 A8 80 D5 EB A1 1E 73 1E FC D2 E8 13  ..........s.....
00005190:  39 39 01 B4 D4 68 AF 1A 66 A8 60 B5 9E 9E C6 13  99...h..f.`.....
000051A0:  0E 64 37 AF DE 46 95 DA 40 8B F0 D7 C2 57 B6 0E  .d7..F..@....W..
000051B0:  35 EB 50 4A CA 95 C1 16 BE D0 2C 7F F2 05 C2 97  5.PJ......,.....
000051C0:  E8 F2 0A 16 1E 84 8C 92 3F 99 AC B0 BF C5 59 9E  ........?.....Y.
000051D0:  2C B3 0A 07 AD 74 59 0C 96 67 D0 DA 84 D0 62 03  ,....tY..g....b.
000051E0:  9A BE 58 ED 5B A4 00 00 00 00 00 00 00 00 00 00  ..X.[...........
000051F0:  00 00 00 00 00 00 51 D8 6E A9 0F 6B 2D C7 3C AE  ......Q.n..k-.<.
00005200:  90 BE 8E 69 4E A1 00 00 00 00 00 00 00 00 00 00  ...iN...........
00005210:  00 00 00 00 00 00 00 00 00 00 00 00 00 00 00 00  ................ [zeros]
00005220:  00 00 00 00 00 00 00 00 00 00 00 00 00 00 00 00  ................ [zeros]
00005230:  00 00 00 00 00 00 00 00 00 00 00 00 00 00 00 00  ................ [zeros]
00005240:  00 00 00 00 00 00 00 00 00 00 00 00 00 00 00 00  ................ [zeros]
00005250:  00 00 00 00 00 00 00 00 00 00 00 00 00 00 00 00  ................ [zeros]
00005260:  00 00 00 00 00 00 00 00 00 00 00 00 00 00 00 00  ................ [zeros]
00005270:  00 00 00 00 00 00 00 00 00 00 00 00 00 00 00 00  ................ [zeros]
00005280:  00 00 00 00 00 00 00 00 00 00 00 00 00 00 00 00  ................ [zeros]
00005290:  00 00 00 00 00 00 00 00 00 00 00 00 00 00 00 00  ................ [zeros]
000052A0:  00 00 00 00 00 00 00 00 00 00 00 00 00 00 00 00  ................ [zeros]
000052B0:  00 00 00 00 00 00 00 00 00 00 00 00 00 00 00 00  ................ [zeros]
000052C0:  00 00 00 00 00 00 71 D0 68 C4 36 2F 73 79 EF 7A  ......q.h.6/sy.z
000052D0:  DE 40 C0 86 4F BE 3C AA E0 43 0B 74 D4 83 4B A1  .@..O.<..C.t..K.
000052E0:  E1 2B A7 44 DE D3 11 F9 D0 33 69 78 2A C5 DA FE  .+.D.....3ix*...
000052F0:  DC E0 86 9E 6A 3A 84 76 F0 BB 01 6C DF 67 F6 C7  ....j:.v...l.g..
00005300:  B3 24 58 15 80 1D 3C AA E0 43 0B 74 D4 83 4B A1  .$X...<..C.t..K.
00005310:  E1 2B A7 44 DE D3 11 F9 D0 33 69 78 2A C5 DA FE  .+.D.....3ix*...
00005320:  DC E0 86 9E 6A 3A 84 76 F0 BB 01 6C DF 67 F6 C7  ....j:.v...l.g..
00005330:  B3 24 58 15 80 1D 3C AA E0 43 0B 74 D4 83 4B A1  .$X...<..C.t..K.
00005340:  E1 2B A7 44 DE D3 B7 9C 73 F6 E2 FA A5 14 43 6C  .+.D....s.....Cl
00005350:  27 2C E9 C5 C5 64 36 E6 56 AE 8B 72 0C 6B 26 2A  ',...d6.V..r.k&*
00005360:  73 74 36 D5 0C F4 76 BF EF F5 AC FA 26 BE 89 EA  st6...v.....&...
00005370:  72 03 E0 17 AE 7F 99 64 82 7B E9 C2 16 2C 45 AC  r......d.{...,E.
00005380:  52 9D E7 5B BA EA B6 2A F3 9E 55 43 46 29 AD D7  R..[...*..UCF)..
00005390:  6A 55 59 88 72 FE F3 63 1A 99 F7 FA A9 EB 2D 14  jUY.r..c......-.
000053A0:  1F 6B 69 6A 90 3D 8E E8 CF E7 BA CF A3 95 97 CB  .kij.=..........
000053B0:  4C 5C 32 29 7D 42 16 65 71 4F EF B6 4E 1B 39 70  L\2)}B.eqO..N.9p
000053C0:  12 49 22 27 7B D8 90 16 D9 7B CE D5 4A 89 2D 5C  .I"'{....{..J.-\
000053D0:  32 74 83 11 D3 93 4F 21 CF 1E E1 BF 1E 0C F5 50  2t....O!.......P
000053E0:  3E DB B5 6B 22 1D 63 0C C0 D3 DC 33 EA 58 67 66  >..k".c....3.Xgf
000053F0:  02 C7 D0 CE 3C FA 00 C9 08 10 DE 52 35 9D D2 5B  ....<......R5..[
00005400:  8E C8 F3 21 E1 CC 48 76 39 A9 51 66 D1 8C 79 E5  ...!..Hv9.Qf..y.
00005410:  41 AD 36 C4 3B 8B C4 4C 54 F7 98 CC 4A 34 12 C5  A.6.;..LT...J4..
00005420:  33 28 84 F6 E7 CF 83 2D 12 67 F8 69 FB 39 00 A2  3(.....-.g.i.9..
00005430:  20 FE 03 30 74 81 D5 EB A1 1E 73 1E FC D2 E8 13   ..0t.....s.....
00005440:  39 39 01 B4 D4 68 59 0C 96 67 D0 DA 84 D0 62 03  99...hY..g....b.
00005450:  9A BE 58 ED 5B A4 00 00 00 00 00 00 00 00 00 00  ..X.[...........
00005460:  00 00 00 00 00 00 95 DA 40 8B F0 D7 C2 57 B6 0E  ........@....W..
00005470:  35 EB 50 4A CA 95 00 00 00 00 00 00 00 00 00 00  5.PJ............
00005480:  00 00 00 00 00 00 AB D5 C6 34 06 99 61 8F 88 8E  .........4..a...
00005490:  18 E8 E5 B6 A8 80 8C 92 3F 99 AC B0 BF C5 59 9E  ........?.....Y.
000054A0:  2C B3 0A 07 AD 74 00 00 00 00 00 00 00 00 00 00  ,....t..........
000054B0:  00 00 00 00 00 00 AF 1A 66 A8 60 B5 9E 9E C6 13  ........f.`.....
000054C0:  0E 64 37 AF DE 46 00 00 00 00 00 00 00 00 00 00  .d7..F..........
000054D0:  00 00 00 00 00 00 51 D8 6E A9 0F 6B 2D C7 3C AE  ......Q.n..k-.<.
000054E0:  90 BE 8E 69 4E A1 C1 16 BE D0 2C 7F F2 05 C2 97  ...iN.....,.....
000054F0:  E8 F2 0A 16 1E 84 00 00 00 00 00 00 00 00 00 00  ................
00005500:  00 00 00 00 00 00 D5 EB A1 1E 73 1E FC D2 E8 13  ..........s.....
00005510:  39 39 01 B4 D4 68 59 0C 96 67 D0 DA 84 D0 62 03  99...hY..g....b.
00005520:  9A BE 58 ED 5B A4 00 00 00 00 00 00 00 00 00 00  ..X.[...........
00005530:  00 00 00 00 00 00 95 DA 40 8B F0 D7 C2 57 B6 0E  ........@....W..
00005540:  35 EB 50 4A CA 95 00 00 00 00 00 00 00 00 00 00  5.PJ............
00005550:  00 00 00 00 00 00 00 00 00 00 00 00 00 00 00 00  ................ [zeros]
00005560:  00 00 00 00 00 00 00 00 00 00 00 00 00 00 00 00  ................ [zeros]
00005570:  00 00 00 00 00 00 00 00 00 00 00 00 00 00 00 00  ................ [zeros]
00005580:  00 00 00 00 00 00 00 00 00 00 00 00 00 00 00 00  ................ [zeros]
00005590:  00 00 00 00 00 00 72 AB 62 80 5D 7D 80 6F CE DD  ......r.b.]}.o..
000055A0:  D4 BE 86 6C 4B D2 0F 65 E3 8F 8B 8B AE 72 91 4C  ...lK..e.....r.L
000055B0:  5F 90 68 F7 76 57 00 00 00 00 00 00 00 00 00 00  _.h.vW..........
000055C0:  00 00 00 00 00 00 69 92 B1 C3 3C AE 30 57 C2 AE  ......i...<.0W..
000055D0:  B4 E7 E7 58 C3 ED 00 00 00 00 00 00 00 00 00 00  ...X............
000055E0:  00 00 00 00 00 00 46 6C FA 13 40 C9 1D E6 D3 C8  ......Fl..@.....
000055F0:  A3 5F C0 BB 5A 59 AC 71 19 07 F5 0B 2C FC 49 86  ._..ZY.q....,.I.
00005600:  5F A9 71 F4 15 2D 49 28 53 02 DB 3D D2 EB FE FF  _.q..-I(S..=....
00005610:  C2 BE BD DA 8B 97 98 4F 27 89 F0 67 04 06 02 7F  .......O'..g....
00005620:  7B D8 F2 6B B9 9C 5F DB D8 0D 6F 25 7F 34 66 0F  {..k.._...o%.4f.
00005630:  D4 B4 E5 6B 14 FE 00 00 00 00 00 00 00 00 00 00  ...k............
00005640:  00 00 00 00 00 00 92 77 31 C3 50 82 BE 38 8C D2  .......w1.P..8..
00005650:  8C F6 BB F8 79 6B B8 FF 26 3D A4 AA 30 B6 3C 2D  ....yk..&=..0.<-
00005660:  85 CD 50 E6 F8 64 B2 C7 85 18 8D 3D 37 78 B3 4B  ..P..d.....=7x.K
00005670:  5A AA BE 95 92 71 67 6F 3C D2 40 BF 68 18 B9 EB  Z....qgo<.@.h...
00005680:  76 7C CC 79 0C BC 66 26 B9 0C E1 ED 3F 4A 40 07  v|.y..f&....?J@.
00005690:  6A C1 04 D5 0E 83 E7 D4 91 64 99 E0 FD D0 1D 44  j........d.....D
000056A0:  54 5B 39 F5 3B 44 D9 4E 60 63 C4 2C 6E 87 01 1D  T[9.;D.N`c.,n...
000056B0:  5A D1 0E 45 86 2D 4B 86 D4 08 15 0C 83 76 B4 F4  Z..E.-K......v..
000056C0:  D0 7E DB 8D 63 D4 70 E2 EF 32 28 FF 64 81 4D 8D  .~..c.p..2(.d.M.
000056D0:  61 87 F4 49 1B 16 63 98 59 E9 D8 86 E2 C6 29 39  a..I..c.Y.....)9
000056E0:  73 98 70 3F E2 87 14 5D E2 53 B1 1D 0F 36 A7 52  s.p?...].S...6.R
000056F0:  A7 0C D9 77 A3 F3 00 00 00 00 00 00 00 00 00 00  ...w............
00005700:  00 00 00 00 00 00 00 00 00 00 00 00 00 00 00 00  ................ [zeros]
00005710:  00 00 00 00 00 00 00 00 00 00 00 00 00 00 00 00  ................ [zeros]
00005720:  00 00 00 00 00 00 00 00 00 00 00 00 00 00 00 00  ................ [zeros]
00005730:  00 00 00 00 00 00 A5 20 CF 91 87 50 05 31 60 E6  ....... ...P.1`.
00005740:  CF 4A 5F 77 62 44 D9 9C 33 7F 35 20 BA 6F A9 DE  .J_wbD..3.5 .o..
00005750:  88 0F 3C 7A 0C 35 40 43 1A F5 A9 71 4E 06 9F DA  ..<z.5@C...qN...
00005760:  6A 15 F4 D4 E1 DE AF 54 79 DE 1A 0F 38 DB 0F 6E  j......Ty...8..n
00005770:  88 92 0E BD 06 D5 D3 43 57 DB D7 BD 3C D4 8A BE  .......CW...<...
00005780:  01 1D 68 25 88 32 36 EA 21 15 FC 55 B2 FC 60 BF  ..h%.26.!..U..`.
00005790:  1B C8 01 A3 7C D5 0B 5A 3D FF DC 6A 8A 88 9C 03  ....|..Z=..j....
000057A0:  ED 48 8B B1 88 BB 56 C2 61 84 FD 07 38 10 59 7A  .H....V.a...8.Yz
000057B0:  5E 39 C8 71 C6 CF 76 D6 A4 70 85 71 E4 90 74 AF  ^9.q..v..p.q..t.
000057C0:  D1 A8 F5 49 EE 00 42 47 E9 D4 F0 AB 02 73 7B 3D  ...I..BG.....s{=
000057D0:  21 77 C1 A9 7F 82 23 9D BD 7E 21 4C 9D FD D3 2B  !w....#..~!L...+
000057E0:  C6 4B 10 F0 7B 05 47 C9 5F A3 06 54 E6 15 2F E1  .K..{.G._..T../.
000057F0:  F6 14 C2 0E 84 AE EE 49 A9 61 7B 0A 98 53 5C 76  .......I.a{..S\v
00005800:  A4 EC 57 44 77 B9 4E 47 7D BC 89 6E 41 7A 72 AC  ..WDw.NG}..nAzr.
00005810:  64 90 7A 5A 04 EB EE A1 50 32 BC 08 79 14 6D BD  d.zZ....P2..y.m.
00005820:  F4 27 1B C1 A2 FE 4F F5 00 27 F7 C4 4F E5 02 D6  .'....O..'..O...
00005830:  F3 EB 19 EF CB 2F 50 AD F5 F5 32 1D 34 C5 1A 36  ...../P...2.4..6
00005840:  01 DB 79 C0 82 91 62 69 65 38 8A 23 8E 55 2B A1  ..y...bie8.#.U+.
00005850:  AC D3 CA D8 37 47 57 2F F5 87 C6 E6 ED EE 66 B3  ....7GW/......f.
00005860:  2E 61 2D CD 25 E3 E3 67 3F E4 1B 32 8C 90 48 85  .a-.%..g?..2..H.
00005870:  D9 57 0B 9D 94 AE 3A BE 61 6B 27 1A 58 B0 33 51  .W....:.ak'.X.3Q
00005880:  14 12 BB EE 4F C8 90 81 B9 BE 58 F3 CD 9C FA 3D  ....O.....X....=
00005890:  0D 46 1C EC 57 5A 29 EF 9B A2 64 FD D4 22 AC 62  .F..WZ)...d..".b
000058A0:  6F AF CE BC B8 EF 9E 79 C0 A9 3D B3 6E 4C 44 24  o......y..=.nLD$
000058B0:  A2 17 DB 9D A6 69 77 19 BF 4B DE DA 95 0E DD 05  .....iw..K......
000058C0:  E3 BF 9A 4A 2A 68 D1 33 AB 9A D5 39 98 AA DE 75  ...J*h.3...9...u
000058D0:  88 97 4C 4B 8F 67 00 00 00 00 00 00 00 00 00 00  ..LK.g..........
000058E0:  00 00 00 00 00 00 D4 C1 25 A4 BC 1A 5A 46 BB 7B  ........%...ZF.{
000058F0:  CA 33 D6 36 1A CA 1C F6 CA 7D B5 4A F0 2C B1 D6  .3.6.....}.J.,..
00005900:  56 42 76 27 7F 77 C1 85 82 CD CF 6F 8B 26 F7 44  VBv'.w.....o.&.D
00005910:  F2 10 CF 0D 79 F7 01 0A 39 6A 74 D6 1B 4B A5 65  ....y...9jt..K.e
00005920:  A2 4B 2E 7C 25 A0 55 0E F1 B6 D4 F9 41 F1 93 F7  .K.|%.U.....A...
00005930:  A3 81 49 B4 AF 2A 03 7F 96 98 7A E0 23 FB 41 19  ..I..*....z.#.A.
00005940:  F5 C6 9B A4 27 BE 4D 31 EE C7 3B C2 3F 77 85 2A  ....'.M1..;.?w.*
00005950:  D2 1F 4F 49 82 57 A9 65 E8 C7 21 F9 3F 09 84 23  ..OI.W.e..!.?..#
00005960:  1D D7 CC 21 4A D8 61 B4 B5 27 1B 38 B3 BE A0 F4  ...!J.a..'.8....
00005970:  E0 BA 75 F5 05 B3 46 28 26 79 D5 7A 97 F0 1E 57  ..u...F(&y.z...W
00005980:  15 0F 13 79 77 10 00 00 00 00 00 00 00 00 00 00  ...yw...........
00005990:  00 00 00 00 00 00 00 00 00 00 00 00 00 00 00 00  ................ [zeros]
000059A0:  00 00 00 00 00 00 00 00 00 00 00 00 00 00 00 00  ................ [zeros]
000059B0:  00 00 00 00 00 00 00 00 00 00 00 00 00 00 00 00  ................ [zeros]
000059C0:  00 00 00 00 00 00 00 00 00 00 00 00 00 00 00 00  ................ [zeros]
000059D0:  00 00 00 00 00 00 00 00 00 00 00 00 00 00 00 00  ................ [zeros]
000059E0:  00 00 00 00 00 00 00 00 00 00 00 00 00 00 00 00  ................ [zeros]
000059F0:  00 00 00 00 00 00 B6 0C AF BB 00 C4 AE 7D A6 A1  .............}..
00005A00:  BE 11 E6 F7 95 BB B4 5C 0B 3F DC 45 FA 17 7B 47  .......\.?.E..{G
00005A10:  D4 B8 ED 83 36 5F 55 8A 3B A3 B3 62 35 3C 9D F8  ....6_U.;..b5<..
00005A20:  53 6D 54 B1 8F 92 BB 6E 3D 86 C1 41 80 EC 16 6A  SmT....n=..A...j
00005A30:  02 7E DB FD 93 61 80 86 1C D5 56 5D 16 9D 98 16  .~...a....V]....
00005A40:  C9 4F 1D 09 FA 9F 6B 39 E5 EF 65 B9 1A 23 AE C3  .O....k9..e..#..
00005A50:  F0 70 E9 42 A2 51 96 22 06 9F FD 34 A7 32 9D FE  .p.B.Q."...4.2..
00005A60:  F5 85 9F 9B 35 8F 4C 16 F1 AC A7 47 65 4B CA 97  ....5.L....GeK..
00005A70:  07 86 8E FD 7B B5 BF 7C 01 50 18 1E 55 AA 78 4A  ....{..|.P..U.xJ
00005A80:  03 13 63 A5 25 CC AF 40 AD A8 CD 9F 94 E2 83 63  ..c.%..@.......c
00005A90:  F2 5E FE F6 67 60 73 45 C1 07 CA 13 05 A3 6F 01  .^..g`sE......o.
00005AA0:  8B 98 32 3A 1B 89 A2 3F DB 04 33 A5 77 05 92 F7  ..2:...?..3.w...
00005AB0:  B5 28 35 98 D6 66 52 E7 17 79 54 CF F1 67 92 BC  .(5..fR..yT..g..
00005AC0:  99 82 22 88 4D 73 90 0C 72 D4 FA 28 9F D8 A8 DB  ..".Ms..r..(....
00005AD0:  97 38 92 5A 30 78 5E D5 C9 F5 AE 89 8C 40 4B C8  .8.Z0x^......@K.
00005AE0:  41 F5 29 F4 D0 1F 00 00 00 00 00 00 00 00 00 00  A.).............
00005AF0:  00 00 00 00 00 00 00 00 00 00 00 00 00 00 00 00  ................ [zeros]
00005B00:  00 00 00 00 00 00 00 00 00 00 00 00 00 00 00 00  ................ [zeros]
00005B10:  00 00 00 00 00 00 00 00 00 00 00 00 00 00 00 00  ................ [zeros]
00005B20:  00 00 00 00 00 00 00 00 00 00 00 00 00 00 00 00  ................ [zeros]
00005B30:  00 00 00 00 00 00 00 00 00 00 00 00 00 00 00 00  ................ [zeros]
00005B40:  00 00 00 00 00 00 00 00 00 00 00 00 00 00 00 00  ................ [zeros]
00005B50:  00 00 00 00 00 00 00 00 00 00 00 00 00 00 00 00  ................ [zeros]
00005B60:  00 00 00 00 00 00 00 00 00 00 00 00 00 00 00 00  ................ [zeros]
00005B70:  00 00 00 00 00 00 00 00 00 00 00 00 00 00 00 00  ................ [zeros]
00005B80:  00 00 00 00 00 00 00 00 00 00 00 00 00 00 00 00  ................ [zeros]
00005B90:  00 00 00 00 00 00 00 00 00 00 00 00 00 00 00 00  ................ [zeros]
00005BA0:  00 00 00 00 00 00 00 00 00 00 00 00 00 00 00 00  ................ [zeros]
00005BB0:  00 00 00 00 00 00 37 42 2D DF 4B DA 48 3B 12 91  ......7B-.K.H;..
00005BC0:  F3 AB 78 13 5D 45 00 00 00 00 00 00 00 00 00 00  ..x.]E..........
00005BD0:  00 00 00 00 00 00 3F 22 BC 11 AD D7 0C C9 55 8E  ......?"......U.
00005BE0:  D7 7F 53 D9 ED A0 AA 88 CF 9C 71 01 E6 D2 BB 97  ..S.......q.....
00005BF0:  B4 20 E4 B8 F1 82 CF FC 12 0F D8 7B 8F 23 D6 B0  . .........{.#..
00005C00:  5A E2 44 D6 E5 AC 08 C4 F3 92 EA 6A CE 31 40 BA  Z.D........j.1@.
00005C10:  E6 52 6B D4 6C 2B 00 00 00 00 00 00 00 00 00 00  .Rk.l+..........
00005C20:  00 00 00 00 00 00 6A 15 18 E7 E6 72 91 DA 88 7B  ......j....r...{
00005C30:  75 EA F4 95 87 55 EF 99 02 4B 53 A8 D6 2D 47 0E  u....U...KS..-G.
00005C40:  C8 48 AE E4 BB 00 71 72 5C 94 7A 7D E5 E0 65 C7  .H....qr\.z}..e.
00005C50:  45 D2 44 68 07 8B E7 C9 0F C2 46 46 4B 67 75 B5  E.Dh......FFKgu.
00005C60:  09 F8 52 9F AE F2 A6 A4 A8 7C 7A 77 A0 D1 95 55  ..R......|zw...U
00005C70:  76 A8 3F E9 36 8E 39 7A A6 CD 5A 13 14 99 60 04  v.?.6.9z..Z...`.
00005C80:  BE 30 54 E3 BF 60 FF B7 44 BC 27 35 B7 C6 68 88  .0T..`..D.'5..h.
00005C90:  E1 4C 0B E4 AA 3A A4 94 97 7C C3 E2 72 9F D7 CF  .L...:...|..r...
00005CA0:  05 A0 E0 03 C9 A9 F3 FF FE CE 67 47 3F 36 FE 8E  ..........gG?6..
00005CB0:  00 A7 D2 B8 B3 91 91 77 49 83 13 09 BC 46 50 FC  .......wI....FP.
00005CC0:  0F 0D 2E E9 2A 30 57 F0 1E 39 E1 05 D0 4F 2D 8A  ....*0W..9...O-.
00005CD0:  5A 44 4C C5 A2 DC 40 C8 82 6E 4E 3F 1C 4B C3 1D  ZDL...@..nN?.K..
00005CE0:  F3 1E 40 14 52 FC FA 6D 96 9D E7 A0 A0 11 88 E9  ..@.R..m........
00005CF0:  F1 32 EC E9 60 8B 16 48 A9 5A 56 55 82 28 95 70  .2..`..H.ZVU.(.p
00005D00:  75 E1 F1 D2 10 49 47 A7 2C 36 31 62 B5 CE 8B 30  u....IG.,61b...0
00005D10:  41 05 75 E4 65 D8 BB 43 1A FC AB A5 90 38 6E 65  A.u.e..C.....8ne
00005D20:  1D 87 5C 09 99 A9 E3 DA 14 45 2D EF 47 D4 F7 53  ..\......E-.G..S
00005D30:  26 3B BC 7E 19 2D B1 C7 A7 A0 85 27 E2 4C F1 3F  &;.~.-.....'.L.?
00005D40:  6A 0C 96 A5 93 6C AA 20 45 28 4D 82 61 DE 8A BC  j....l. E(M.a...
00005D50:  F5 9D 4D E4 AC 04 BE B5 9F 85 BC 54 DD FA 29 A4  ..M........T..).
00005D60:  9F BF 56 6C BC 8C 39 FD 36 FE ED 07 C1 DD 53 69  ..Vl..9.6.....Si
00005D70:  B8 08 F2 0B 31 3E FC D4 CD DE 5D 55 00 2F AA DA  ....1>....]U./..
00005D80:  22 05 D5 23 6B 2C 00 5D 1D 54 8B 80 1B C9 EB 6D  "..#k,.].T.....m
00005D90:  50 78 11 DD E4 7C 88 61 91 A0 CA ED 79 D3 22 B8  Px...|.a....y.".
00005DA0:  E3 23 C2 05 47 90 E1 C8 60 65 94 A8 67 35 36 5D  .#..G...`e..g56]
00005DB0:  64 39 5A EA 77 D5 2B B7 15 56 9E 6F 21 95 78 3A  d9Z.w.+..V.o!.x:
00005DC0:  C9 DF BE 77 EF 82 00 00 00 00 00 00 00 00 00 00  ...w............
00005DD0:  00 00 00 00 00 00 29 0A 55 70 89 72 82 FE 85 8E  ......).Up.r....
00005DE0:  D4 C8 14 CD 6D 27 9C 07 7C 65 81 E8 B7 1E 9C FB  ....m'..|e......
00005DF0:  9A 48 D7 D5 F5 9E 00 00 00 00 00 00 00 00 00 00  .H..............
00005E00:  00 00 00 00 00 00 00 00 00 00 00 00 00 00 00 00  ................ [zeros]
00005E10:  00 00 00 00 00 00 00 00 00 00 00 00 00 00 00 00  ................ [zeros]
00005E20:  00 00 00 00 00 00 00 00 00 00 00 00 00 00 00 00  ................ [zeros]
00005E30:  00 00 00 00 00 00 00 00 00 00 00 00 00 00 00 00  ................ [zeros]
00005E40:  00 00 00 00 00 00 00 00 00 00 00 00 00 00 00 00  ................ [zeros]
00005E50:  00 00 00 00 00 00 00 00 00 00 00 00 00 00 00 00  ................ [zeros]
00005E60:  00 00 00 00 00 00 00 00 00 00 00 00 00 00 00 00  ................ [zeros]
00005E70:  00 00 00 00 00 00 00 00 00 00 00 00 00 00 00 00  ................ [zeros]
00005E80:  00 00 00 00 00 00 00 00 00 00 00 00 00 00 00 00  ................ [zeros]
00005E90:  00 00 00 00 00 00 00 00 00 00 00 00 00 00 00 00  ................ [zeros]
00005EA0:  00 00 00 00 00 00 00 00 00 00 00 00 00 00 00 00  ................ [zeros]
00005EB0:  00 00 00 00 00 00 00 00 00 00 00 00 00 00 00 00  ................ [zeros]
00005EC0:  00 00 00 00 00 00 00 00 00 00 00 00 00 00 00 00  ................ [zeros]
00005ED0:  00 00 00 00 00 00 4B AA 1D 17 D1 64 12 AF C7 3E  ......K....d...>
00005EE0:  49 20 D0 E9 A8 C3 00 00 00 00 00 00 00 00 00 00  I ..............
00005EF0:  00 00 00 00 00 00 4D EF 5C EC 99 D4 45 A4 70 32  ......M.\...E.p2
00005F00:  38 AF 35 88 30 3E FC 5C CB E0 E7 7A 05 5F 82 A7  8.5.0>.\...z._..
00005F10:  C2 D1 BB 9B 43 18 84 A8 F3 91 30 E4 6B FD 2A 4F  ....C.....0.k.*O
00005F20:  80 40 64 A2 DF 8D AF F9 FF 63 63 10 15 73 AF D8  .@d......cc..s..
00005F30:  1C 92 4A 5E 94 FD 3A 65 12 84 FE EF 37 FD 31 98  ..J^..:e....7.1.
00005F40:  FC C9 4D 71 EE 08 5C B9 4E 67 C4 BB 7E 48 38 E6  ..Mq..\.Ng..~H8.
00005F50:  F5 E4 D7 F0 8F D3 66 5B 4B C9 42 E3 6B 52 CA 2E  ......f[K.B.kR..
00005F60:  F5 B5 8B 33 F3 EC 50 A8 28 00 53 A6 1F 3D 5F 67  ...3..P.(.S..=_g
00005F70:  83 64 1D 53 0D 5D D0 5E 47 4E CD B9 0E C7 14 95  .d.S.].^GN......
00005F80:  90 3B 8C 8D A6 0F 0A A1 B8 DB 4D A8 7B AA 18 5C  .;........M.{..\
00005F90:  3D 71 D9 5D D9 8D 4E 12 82 F4 54 B4 C7 3B 73 69  =q.]..N...T..;si
00005FA0:  CF B7 1F F5 DB 9B 67 58 ED 18 88 E4 6C 73 B6 F2  ......gX....ls..
00005FB0:  B6 D6 FE 3A 6A 23 31 5D A5 08 1B BA F4 AD D4 1C  ...:j#1]........
00005FC0:  3F 09 2C 37 4D 00 32 F4 B7 90 79 7F 67 11 14 6A  ?.,7M.2...y.g..j
00005FD0:  D0 D4 C3 D1 E0 2E 2C A1 71 A6 3B 81 93 40 92 5B  ......,.q.;..@.[
00005FE0:  04 9F F1 CB 37 C5 70 1F D2 09 F0 FF 35 6C AD F6  ....7.p.....5l..
00005FF0:  46 17 22 28 3B 14 76 96 69 7D C6 F2 CB 3F 3B B7  F."(;.v.i}...?;.
00006000:  05 7F 59 DA 8A B5 82 FE F9 DC FD 7C 50 F6 2C 81  ..Y........|P.,.
00006010:  02 C1 66 6E 52 76 D5 6B 2A FB 95 D6 57 28 A6 48  ..fnRv.k*...W(.H
00006020:  9F 0A FD 0D 0B D8 A7 0A 44 6D 5A 33 9E AC E0 CF  ........DmZ3....
00006030:  C4 DA A2 2F DC 3D 48 43 6C DD E3 F7 62 5E DA EC  .../.=HCl...b^..
00006040:  E5 55 F0 C3 66 AC 56 81 C9 59 4D 3C 61 96 6A D9  .U..f.V..YM<a.j.
00006050:  D2 68 4C 19 43 1F F7 DA F8 74 03 9F 5C 33 66 81  .hL.C....t..\3f.
00006060:  9E E0 73 2D 5D EA D7 8D 36 C1 D6 85 C1 3C BE E4  ..s-]...6....<..
00006070:  F0 E4 73 C0 D6 9B C2 4C F7 53 3F 1B CB 21 E9 0A  ..s....L.S?..!..
00006080:  FE 93 A6 A7 CE 4E EB 94 43 75 F3 2B 57 02 4C 17  .....N..Cu.+W.L.
00006090:  BE 1E 16 CB 7F C9 67 43 5A 91 87 61 36 C7 C7 4C  ......gCZ..a6..L
000060A0:  D7 46 53 88 B5 A2 2E FE 13 3B AA 98 77 88 01 94  .FS......;..w...
000060B0:  9C 49 D8 CB 0A 61 3C BC BC D1 BE C6 D0 EF E1 A0  .I...a<.........
000060C0:  86 28 7C 87 51 EE 38 5A B3 FE AE CA CC CC 43 9D  .(|.Q.8Z......C.
000060D0:  54 E7 5C 3E 11 3E 00 00 00 00 00 00 00 00 00 00  T.\>.>..........
000060E0:  00 00 00 00 00 00 12 5C 0A 40 EB 6B CF 3B 3B 33  .......\.@.k.;;3
000060F0:  57 AA 90 39 BD A9 00 00 00 00 00 00 00 00 00 00  W..9............
00006100:  00 00 00 00 00 00 00 00 00 00 00 00 00 00 00 00  ................ [zeros]
00006110:  00 00 00 00 00 00 00 00 00 00 00 00 00 00 00 00  ................ [zeros]
00006120:  00 00 00 00 00 00 00 00 00 00 00 00 00 00 00 00  ................ [zeros]
00006130:  00 00 00 00 00 00 A9 19 5B 75 DB 54 9F D2 0A 16  ........[u.T....
00006140:  0D 01 A0 81 50 D5 BB 15 F5 CB 1F 22 83 4B C9 39  ....P......".K.9
00006150:  6A 5E 5C 3B 41 E8 91 E0 98 15 9D AB 52 A9 BA E2  j^\;A.......R...
00006160:  8C F5 9D 08 99 BC 69 22 76 1E 92 16 3C C4 07 4B  ......i"v...<..K
00006170:  13 3B B1 F6 D0 00 00 00 00 00 00 00 00 00 00 00  .;..............
00006180:  00 00 00 00 00 00 00 00 00 00 00 00 00 00 00 00  ................ [zeros]
00006190:  00 00 00 00 00 00 00 00 00 00 00 00 00 00 00 00  ................ [zeros]
000061A0:  00 00 00 00 00 00 00 00 00 00 00 00 00 00 00 00  ................ [zeros]
000061B0:  00 00 00 00 00 00 00 00 00 00 00 00 00 00 00 00  ................ [zeros]
000061C0:  00 00 00 00 00 00 00 00 00 00 00 00 00 00 00 00  ................ [zeros]
000061D0:  00 00 00 00 00 00 00 00 00 00 00 00 00 00 00 00  ................ [zeros]
000061E0:  00 00 00 00 00 00 00 00 00 00 00 00 00 00 00 00  ................ [zeros]
000061F0:  00 00 00 00 00 00 00 00 00 00 00 00 00 00 00 00  ................ [zeros]
00006200:  00 00 00 00 00 00 00 00 00 00 00 00 00 00 00 00  ................ [zeros]
00006210:  00 00 00 00 00 00 00 00 00 00 00 00 00 00 00 00  ................ [zeros]
00006220:  00 00 00 00 00 00 00 00 00 00 00 00 00 00 00 00  ................ [zeros]
00006230:  00 00 00 00 00 00 41 93 9B 29 63 A3 DF EB B9 CD  ......A..)c.....
00006240:  6B C6 80 37 AD 8A EB EA B8 11 4B C3 9E 3E 1D A4  k..7......K..>..
00006250:  EA DA FD 92 8C 27 01 45 47 4B A1 8A 81 FF C8 C7  .....'.EGK......
00006260:  9F 0E D3 FF 23 26 72 AB 62 80 5D 7D 80 6F CE DD  ....#&r.b.]}.o..
00006270:  D4 BE 86 6C 4B D2 00 00 00 00 00 00 00 00 00 00  ...lK...........
00006280:  00 00 00 00 00 00 00 00 00 00 00 00 00 00 00 00  ................ [zeros]
00006290:  00 00 00 00 00 00 00 00 00 00 00 00 00 00 00 00  ................ [zeros]
000062A0:  00 00 00 00 00 00 00 00 00 00 00 00 00 00 00 00  ................ [zeros]
000062B0:  00 00 00 00 00 00 00 00 00 00 00 00 00 00 00 00  ................ [zeros]
000062C0:  00 00 00 00 00 00 0D DF 4F F4 90 88 F9 4D 46 41  ........O....MFA
000062D0:  D8 A3 51 F7 74 3B DD 4C F2 1F D9 AA 69 92 52 27  ..Q.t;.L....i.R'
000062E0:  78 AB 1F C0 D3 36 00 00 00 00 00 00 00 00 00 00  x....6..........
000062F0:  00 00 00 00 00 00 00 00 00 00 00 00 00 00 00 00  ................ [zeros]
00006300:  00 00 00 00 00 00 00 00 00 00 00 00 00 00 00 00  ................ [zeros]
00006310:  00 00 00 00 00 00 00 00 00 00 00 00 00 00 00 00  ................ [zeros]
00006320:  00 00 00 00 00 00 00 00 00 00 00 00 00 00 00 00  ................ [zeros]
00006330:  00 00 00 00 00 00 00 00 00 00 00 00 00 00 00 00  ................ [zeros]
00006340:  00 00 00 00 00 00 00 00 00 00 00 00 00 00 00 00  ................ [zeros]
00006350:  00 00 00 00 00 00 00 00 00 00 00 00 00 00 00 00  ................ [zeros]
00006360:  00 00 00 00 00 00 00 00 00 00 00 00 00 00 00 00  ................ [zeros]
00006370:  00 00 00 00 00 00 00 00 00 00 00 00 00 00 00 00  ................ [zeros]
00006380:  00 00 00 00 00 00 00 00 00 00 00 00 00 00 00 00  ................ [zeros]
00006390:  00 00 00 00 00 00 3D E8 ED 0F E6 B6 E7 CC B7 30  ......=........0
000063A0:  F8 A4 E7 51 08 3E EB CE 6C A8 83 39 7C 46 F5 8A  ...Q.>..l..9|F..
000063B0:  6D 9B 8F 9B 73 58 03 4C 92 D5 B4 37 89 07 BF DA  m...sX.L...7....
000063C0:  9F C8 B5 DB F5 F3 00 00 00 00 00 00 00 00 00 00  ................
000063D0:  00 00 00 00 00 00 29 0A 55 70 89 72 82 FE 85 8E  ......).Up.r....
000063E0:  D4 C8 14 CD 6D 27 00 00 00 00 00 00 00 00 00 00  ....m'..........
000063F0:  00 00 00 00 00 00 00 00 00 00 00 00 00 00 00 00  ................ [zeros]
00006400:  00 00 00 00 00 00 00 00 00 00 00 00 00 00 00 00  ................ [zeros]
00006410:  00 00 00 00 00 00 00 00 00 00 00 00 00 00 00 00  ................ [zeros]
00006420:  00 00 00 00 00 00 00 00 00 00 00 00 00 00 00 00  ................ [zeros]
00006430:  00 00 00 00 00 00 F9 EE B1 21 7E 61 26 EE 04 26  .........!~a&..&
00006440:  B7 7B 43 87 DF 4D 00 00 00 00 00 00 00 00 00 00  .{C..M..........
00006450:  00 00 00 00 00 00 00 00 00 00 00 00 00 00 00 00  ................ [zeros]
00006460:  00 00 00 00 00 00 00 00 00 00 00 00 00 00 00 00  ................ [zeros]
00006470:  00 00 00 00 00 00 00 00 00 00 00 00 00 00 00 00  ................ [zeros]
00006480:  00 00 00 00 00 00 00 00 00 00 00 00 00 00 00 00  ................ [zeros]
00006490:  00 00 00 00 00 00 00 00 00 00 00 00 00 00 00 00  ................ [zeros]
000064A0:  00 00 00 00 00 00 00 00 00 00 00 00 00 00 00 00  ................ [zeros]
000064B0:  00 00 00 00 00 00 00 00 00 00 00 00 00 00 00 00  ................ [zeros]
000064C0:  00 00 00 00 00 00 00 00 00 00 00 00 00 00 00 00  ................ [zeros]
000064D0:  00 00 00 00 00 00 00 00 00 00 00 00 00 00 00 00  ................ [zeros]
000064E0:  00 00 00 00 00 00 00 00 00 00 00 00 00 00 00 00  ................ [zeros]
000064F0:  00 00 00 00 00 00 00 00 00 00 00 00 00 00 00 00  ................ [zeros]
00006500:  00 00 00 00 00 00 F1 72 44 63 A7 95 62 88 5E E2  .......rDc..b.^.
00006510:  45 E9 43 DE 1D A8 9D DC A4 89 62 AD 58 12 E2 06  E.C.......b.X...
00006520:  DC 65 D9 F7 90 16 36 77 23 7B E2 2E 5E B4 56 E0  .e....6w#{..^.V.
00006530:  33 C9 BB CD 41 5F 53 F2 59 20 5F 2F 1A 25 3D E9  3...A_S.Y _/.%=.
00006540:  87 F3 47 12 D2 34 6B D0 45 DF 48 D2 10 15 BE 04  ..G..4k.E.H.....
00006550:  29 FA DC 83 70 90 9A 14 7E E1 22 8F 6B 1B 4F BE  )...p...~.".k.O.
00006560:  50 B7 4F CC 43 19 35 40 93 4B E2 B0 05 91 84 71  P.O.C.5@.K.....q
00006570:  93 BA B3 FD DF 3E 2E 40 4E 1B EE C3 9B 05 A0 E9  .....>.@N.......
00006580:  65 5B 35 24 9A 66 5E 8F B9 2F 55 34 16 CA 72 09  e[5$.f^../U4..r.
00006590:  E1 09 31 48 09 CB 6B E3 10 BB 5D A9 3A FD D6 BE  ..1H..k...].:...
000065A0:  80 04 53 FE 03 F7 59 22 E7 13 B1 F4 C2 A1 45 24  ..S...Y"......E$
000065B0:  D9 51 33 41 DA 20 9B A8 7D 98 EF F7 1E C1 6B 4F  .Q3A. ..}.....kO
000065C0:  B3 12 39 8E AB 71 B3 4B 43 7C 6C 83 88 F3 A0 F1  ..9..q.KC|l.....
000065D0:  C5 FD 71 73 6F 8A 15 A6 9D 70 43 C0 B7 45 EE E5  ..qso....pC..E..
000065E0:  83 A4 41 02 A2 57 05 E9 D2 51 5A 28 CB 27 2A 25  ..A..W...QZ(.'*%
000065F0:  FF 35 C5 99 0D 7A 53 7C DC DF 5F 12 EA F8 FA 38  .5...zS|.._....8
00006600:  F3 62 8C 50 06 D8 B1 38 28 03 96 E7 5B 75 8C 46  .b.P...8(...[u.F
00006610:  35 F5 67 C4 DB 96 EF FC 8C 61 E0 1D 31 A6 DA 4E  5.g......a..1..N
00006620:  E6 9B FC B2 7F 7F D7 C9 63 0A 88 AA 74 6F 0E C3  ........c...to..
00006630:  9D FD 93 5B 7E 6D EA 7A 40 1F A8 E5 8C 89 8E 8F  ...[~m.z@.......
00006640:  09 8F CC 2B AC DF AE FB 76 9E 00 3A CA A4 7B 1E  ...+....v..:..{.
00006650:  B2 13 4C 9E 0D 5E B1 22 CE 9E 27 41 11 93 FA 1A  ..L..^."..'A....
00006660:  3D C5 D6 6D 14 59 F8 D8 A4 3A F8 A8 C1 92 AB 39  =..m.Y...:.....9
00006670:  BC 43 1E 22 A8 4F 00 00 00 00 00 00 00 00 00 00  .C.".O..........
00006680:  00 00 00 00 00 00 2A 25 C9 60 D2 8E 46 E9 55 DD  ......*%.`..F.U.
00006690:  21 E3 BF E9 5A B6 4B 3F 0F 01 96 37 58 72 E7 EE  !...Z.K?...7Xr..
000066A0:  3D 34 C3 60 05 88 A8 D3 FE EB 11 37 0E 3C 02 67  =4.`.......7.<.g
000066B0:  28 62 56 9C 54 AB 00 00 00 00 00 00 00 00 00 00  (bV.T...........
000066C0:  00 00 00 00 00 00 D8 2E 1E 59 A2 40 B8 9E 8B 97  .........Y.@....
000066D0:  C3 0E E3 EF EF 3A 8F 09 E5 7D 20 FE C2 EA D8 2D  .....:...} ....-
000066E0:  95 7E 74 CD 14 4E 00 00 00 00 00 00 00 00 00 00  .~t..N..........
000066F0:  00 00 00 00 00 00 1E 58 06 E7 7F F8 84 9A B7 61  .......X.......a
00006700:  28 01 8B 60 0A 0E F4 55 42 91 6D 13 20 4D F1 17  (..`...UB.m. M..
00006710:  8D 00 5E 8B AC EC 96 CD 3F DB 1A 66 7C 48 18 71  ..^.....?..f|H.q
00006720:  43 73 81 61 8C 0C 00 00 00 00 00 00 00 00 00 00  Cs.a............
00006730:  00 00 00 00 00 00 CD 29 96 3E 00 D0 7A BC 53 73  .......).>..z.Ss
00006740:  28 0B 01 05 9A 60 B1 22 CE 9E 27 41 11 93 FA 1A  (....`."..'A....
00006750:  3D C5 D6 6D 14 59 F8 D8 A4 3A F8 A8 C1 92 AB 39  =..m.Y...:.....9
00006760:  BC 43 1E 22 A8 4F 00 00 00 00 00 00 00 00 00 00  .C.".O..........
00006770:  00 00 00 00 00 00 67 7D 14 D5 B0 1B 21 D3 11 E8  ......g}....!...
00006780:  65 4D CA 95 CA 11 00 00 00 00 00 00 00 00 00 00  eM..............
00006790:  00 00 00 00 00 00 00 00 00 00 00 00 00 00 00 00  ................ [zeros]
000067A0:  00 00 00 00 00 00 00 00 00 00 00 00 00 00 00 00  ................ [zeros]
000067B0:  00 00 00 00 00 00 00 00 00 00 00 00 00 00 00 00  ................ [zeros]
000067C0:  00 00 00 00 00 00 00 00 00 00 00 00 00 00 00 00  ................ [zeros]
000067D0:  00 00 00 00 00 00 00 00 00 00 00 00 00 00 00 00  ................ [zeros]
000067E0:  00 00 00 00 00 00 00 00 00 00 00 00 00 00 00 00  ................ [zeros]
000067F0:  00 00 00 00 00 00 00 00 00 00 00 00 00 00 00 00  ................ [zeros]
00006800:  00 00 00 00 00 00 00 00 00 00 00 00 00 00 00 00  ................ [zeros]
00006810:  00 00 00 00 00 00 00 00 00 00 00 00 00 00 00 00  ................ [zeros]
00006820:  00 00 00 00 00 00 00 00 00 00 00 00 00 00 00 00  ................ [zeros]
00006830:  00 00 00 00 00 00 00 00 00 00 00 00 00 00 00 00  ................ [zeros]
00006840:  00 00 00 00 00 00 00 00 00 00 00 00 00 00 00 00  ................ [zeros]
00006850:  00 00 00 00 00 00 06 37 9D 7D BF A1 89 6B E4 35  .......7.}...k.5
00006860:  B4 5A 7E 15 34 8B 17 AE BC F7 7B E4 67 B4 FC F5  .Z~.4.....{.g...
00006870:  F1 42 93 50 B5 EC 00 00 00 00 00 00 00 00 00 00  .B.P............
00006880:  00 00 00 00 00 00 53 11 57 BC 3F 70 5A 66 76 02  ......S.W.?pZfv.
00006890:  BB 26 10 80 8A 60 00 00 00 00 00 00 00 00 00 00  .&...`..........
000068A0:  00 00 00 00 00 00 32 15 42 24 97 C5 EA D3 08 83  ......2.B$......
000068B0:  68 B5 19 C3 2C E0 B4 FD AB B6 47 28 CB 4C 9B 19  h...,.....G(.L..
000068C0:  DB 3E 11 B3 0E AA 36 35 D5 A1 B4 C4 33 63 88 C5  .>....65....3c..
000068D0:  C0 E7 AD 17 28 71 83 D3 10 97 2B 90 6C DC 4A 2D  ....(q....+.l.J-
000068E0:  DF EF 77 6A 02 BC A0 FA B2 4F CC 35 A6 F3 E0 D8  ..wj.....O.5....
000068F0:  D7 86 60 CF CB 12 AB 3E FA 03 25 A5 72 C0 62 91  ..`....>..%.r.b.
00006900:  BC 0B E5 C5 E5 AB D7 F8 BA AF FE 74 22 DF AA 48  ...........t"..H
00006910:  13 35 EA BF 03 67 D7 11 74 59 95 A9 8E 1E EB 65  .5...g..tY.....e
00006920:  6E EB 72 F1 85 1D F7 71 71 B5 AE 31 06 5F B5 0F  n.r....qq..1._..
00006930:  21 59 B0 6B 2F 5F 13 8B 1F F0 D9 C5 E7 BB CD B4  !Y.k/_..........
00006940:  92 E0 6B B2 C8 31 F8 AA 40 48 82 37 B8 87 8C B7  ..k..1..@H.7....
00006950:  59 35 F5 D0 4B A9 8F A5 40 71 1F 3F 94 98 8D 81  Y5..K...@q.?....
00006960:  1C 07 5B 87 6C 6C 15 CE F0 19 19 1E CA 36 C7 01  ..[.ll.......6..
00006970:  E6 CF D3 45 13 6C 67 9C CB B3 A9 0F D1 B5 CB 7F  ...E.lg.........
00006980:  81 73 50 5D 85 3B D1 A5 97 E8 29 23 79 CD 7B 7E  .sP].;....)#y.{~
00006990:  C2 41 33 F3 F0 7D 6C C8 59 D2 B4 40 2D E9 FA 90  .A3..}l.Y..@-...
000069A0:  F5 DF BD 6C 28 18 68 19 22 84 E2 72 35 A2 C7 06  ...l(.h."..r5...
000069B0:  A4 6D 97 5C C2 3F 26 3D E1 8D 74 F5 4F DE 24 62  .m.\.?&=..t.O.$b
000069C0:  B3 C3 FC 58 79 55 00 00 00 00 00 00 00 00 00 00  ...XyU..........
000069D0:  00 00 00 00 00 00 00 00 00 00 00 00 00 00 00 00  ................ [zeros]
000069E0:  00 00 00 00 00 00 00 00 00 00 00 00 00 00 00 00  ................ [zeros]
000069F0:  00 00 00 00 00 00 D8 2E 1E 59 A2 40 B8 9E 8B 97  .........Y.@....
00006A00:  C3 0E E3 EF EF 3A 00 00 00 00 00 00 00 00 00 00  .....:..........
00006A10:  00 00 00 00 00 00 00 00 00 00 00 00 00 00 00 00  ................ [zeros]
00006A20:  00 00 00 00 00 00 F1 C8 AB 6F 02 22 DB A2 AD 35  .........o."...5
00006A30:  27 A8 41 AE BE C8 00 00 00 00 00 00 00 00 00 00  '.A.............
00006A40:  00 00 00 00 00 00 00 00 00 00 00 00 00 00 00 00  ................ [zeros]
00006A50:  00 00 00 00 00 00 8C 8E 5F F8 F4 63 8F 81 B1 FC  ........_..c....
00006A60:  9E 64 DD 9F A2 84 00 00 00 00 00 00 00 00 00 00  .d..............
00006A70:  00 00 00 00 00 00 00 00 00 00 00 00 00 00 00 00  ................ [zeros]
00006A80:  00 00 00 00 00 00 00 00 00 00 00 00 00 00 00 00  ................ [zeros]
00006A90:  00 00 00 00 00 00 4E 9B F3 4D 82 92 77 2F B5 BE  ......N..M..w/..
00006AA0:  3E 5B EC 70 0F 4C 00 00 00 00 00 00 00 00 00 00  >[.p.L..........
00006AB0:  00 00 00 00 00 00 00 00 00 00 00 00 00 00 00 00  ................ [zeros]
00006AC0:  00 00 00 00 00 00 98 1A D9 1B 44 FD F0 E0 84 4D  ..........D....M
00006AD0:  48 1B 90 B2 7C 57 00 00 00 00 00 00 00 00 00 00  H...|W..........
00006AE0:  00 00 00 00 00 00 00 00 00 00 00 00 00 00 00 00  ................ [zeros]
00006AF0:  00 00 00 00 00 00 B3 EB 6B 14 23 03 16 C0 D6 25  ........k.#....%
00006B00:  87 4E D2 4F B9 5F 00 00 00 00 00 00 00 00 00 00  .N.O._..........
00006B10:  00 00 00 00 00 00 00 00 00 00 00 00 00 00 00 00  ................ [zeros]
00006B20:  00 00 00 00 00 00 47 C2 0B 62 AC AC 76 89 53 BC  ......G..b..v.S.
00006B30:  E3 2C EB C9 D1 A3 1E A7 33 2B A5 4D 95 2E 19 9D  .,......3+.M....
00006B40:  3D FB 14 2A 93 85 CC A3 89 18 C9 38 12 F3 2E 67  =..*.......8...g
00006B50:  B0 37 3C 54 50 91 C2 FB 98 B0 5B C6 C4 14 07 DA  .7<TP.....[.....
00006B60:  9D 50 DA C0 5C 47 50 AD F5 F5 32 1D 34 C5 1A 36  .P..\GP...2.4..6
00006B70:  01 DB 79 C0 82 91 62 69 65 38 8A 23 8E 55 2B A1  ..y...bie8.#.U+.
00006B80:  AC D3 CA D8 37 47 36 AA 14 C3 10 AF 32 8A 43 33  ....7G6.....2.C3
00006B90:  54 44 4A 75 BE 10 28 32 60 1B 60 74 6B 8B 21 1C  TDJu..(2`.`tk.!.
00006BA0:  9A B1 82 88 C0 83 E0 EB 0A 45 AD 46 42 6A 7C 5B  .........E.FBj|[
00006BB0:  E8 4D FB C5 03 73 42 79 56 A8 87 3C 8D 52 C4 C4  .M...sByV..<.R..
00006BC0:  39 B4 50 6E F4 6A B7 CF 40 60 21 32 19 F5 8C 2F  9.Pn.j..@`!2.../
00006BD0:  A1 40 9D 49 34 1C E7 EA C4 D8 9A 90 66 04 7F 74  .@.I4.......f..t
00006BE0:  55 3C F4 55 50 98 0A CA ED 05 3C 00 1F 55 18 D8  U<.UP.....<..U..
00006BF0:  06 41 A7 86 63 C5 01 1C C3 80 C2 12 5E F0 B7 AF  .A..c.......^...
00006C00:  2A 62 1D F4 C8 D8 F7 02 BC 35 EA 96 EA 97 0D 5C  *b.......5.....\
00006C10:  72 85 59 98 8B 56 99 4E 02 CB 35 58 BE 0C C8 59  r.Y..V.N..5X...Y
00006C20:  99 F2 5B 67 7A AF E5 4E 2A 88 F2 6F C7 8A CE 55  ..[gz..N*..o...U
00006C30:  F9 E9 88 94 8D D4 C0 BC 0D 6A F4 06 1B B6 42 70  .........j....Bp
00006C40:  78 A2 3E 61 0C F8 B4 0D 0C 20 EE F4 0F 1F 5B EE  x.>a..... ....[.
00006C50:  6E 8F 58 D4 33 9D B4 0D 0C 20 EE F4 0F 1F 5B EE  n.X.3.... ....[.
00006C60:  6E 8F 58 D4 33 9D 30 00 E1 EE 06 1B 3A 39 55 78  n.X.3.0.....:9Ux
00006C70:  FC 62 70 C1 5C 72 D2 E6 82 AE A3 C0 72 2F D0 D0  .bp.\r......r/..
00006C80:  BA 9E A9 53 2C C8 D2 E6 82 AE A3 C0 72 2F D0 D0  ...S,.......r/..
00006C90:  BA 9E A9 53 2C C8 D2 E6 82 AE A3 C0 72 2F D0 D0  ...S,.......r/..
00006CA0:  BA 9E A9 53 2C C8 5C FC C6 C8 A0 F5 E3 9A 86 09  ...S,.\.........
00006CB0:  36 31 F8 43 18 01 97 30 72 C4 B7 AD 03 41 D3 37  61.C...0r....A.7
00006CC0:  30 41 AD 48 09 8E A3 B9 7D A7 86 92 86 B8 0A FF  0A.H....}.......
00006CD0:  43 EF 83 22 D1 83 11 19 1A 48 88 A1 5D 73 D1 36  C..".....H..]s.6
00006CE0:  59 08 17 02 B3 E7 7A 95 1D 32 F3 5D 98 E3 0A B7  Y.....z..2.]....
00006CF0:  BB A9 41 0E 19 A3 26 E9 8A 83 B2 B8 55 58 1C 55  ..A...&.....UX.U
00006D00:  F9 AB D9 3F FB 77 BF 31 82 B9 49 C1 EF EC BF 3E  ...?.w.1..I....>
00006D10:  AA 36 7F 37 06 FD 63 0C C2 6D 4D 7B AF 15 47 9F  .6.7..c..mM{..G.
00006D20:  9D 56 FA 99 0E C9 63 0C C2 6D 4D 7B AF 15 47 9F  .V....c..mM{..G.
00006D30:  9D 56 FA 99 0E C9 26 52 20 1D 44 02 54 CC BE 6A  .V....&R .D.T..j
00006D40:  1B 5E A4 1E 6B E6 F8 36 44 30 CF 0B A9 24 D9 93  .^..k..6D0...$..
00006D50:  68 76 2A ED 13 4B 36 2E 79 14 0D B7 FD F4 88 E2  hv*..K6.y.......
00006D60:  0C 4A DD 6F 80 3B 51 64 6C 70 99 FB 9C C9 F2 33  .J.o.;Qdlp.....3
00006D70:  5B 9E B7 41 C8 D8 D0 81 51 85 8A 0C 3A 75 2D 07  [..A....Q...:u-.
00006D80:  A3 BB 6E BD F3 D8 7F 14 27 C9 9D D7 5F 89 20 DE  ..n.....'..._. .
00006D90:  62 BA 91 D3 A6 82 99 60 2B 70 57 E9 D3 40 AA 22  b......`+pW..@."
00006DA0:  7D 3F 64 DB 98 E3 BA C8 66 2C 07 ED A2 F9 1B E0  }?d.....f,......
00006DB0:  8B F2 E1 7F FF 47 C4 C4 A4 04 8C 1B C5 45 9F FD  .....G.......E..
00006DC0:  3C 2F B7 77 F6 05 DB EE 93 1D F2 53 1B CC 39 D4  </.w.......S..9.
00006DD0:  B3 C8 3C 58 EB 48 F8 36 44 30 CF 0B A9 24 D9 93  ..<X.H.6D0...$..
00006DE0:  68 76 2A ED 13 4B 36 2E 79 14 0D B7 FD F4 88 E2  hv*..K6.y.......
00006DF0:  0C 4A DD 6F 80 3B 51 64 6C 70 99 FB 9C C9 F2 33  .J.o.;Qdlp.....3
00006E00:  5B 9E B7 41 C8 D8 D0 81 51 85 8A 0C 3A 75 2D 07  [..A....Q...:u-.
00006E10:  A3 BB 6E BD F3 D8 7F 14 27 C9 9D D7 5F 89 20 DE  ..n.....'..._. .
00006E20:  62 BA 91 D3 A6 82 99 60 2B 70 57 E9 D3 40 AA 22  b......`+pW..@."
00006E30:  7D 3F 64 DB 98 E3 53 9F 7F 64 24 07 11 B7 FF B4  }?d...S..d$.....
00006E40:  48 59 BE BD 43 F9 11 35 90 00 D1 19 49 6D 29 2B  HY..C..5....Im)+
00006E50:  45 2D C7 BC 7A A3 DC FB 22 81 A1 83 E8 1B 01 52  E-..z..."......R
00006E60:  BA A0 98 53 80 5A 9E 38 64 89 F7 E6 44 91 25 62  ...S.Z.8d...D.%b
00006E70:  B0 35 06 29 6B 42 DB 7C 26 69 C4 D4 06 0D 6B 1B  .5.)kB.|&i....k.
00006E80:  08 11 33 0E 4D 1A 00 00 00 00 00 00 00 00 00 00  ..3.M...........
00006E90:  00 00 00 00 00 00 00 00 00 00 00 00 00 00 00 00  ................ [zeros]
00006EA0:  00 00 00 00 00 00 00 00 00 00 00 00 00 00 00 00  ................ [zeros]
00006EB0:  00 00 00 00 00 00 00 00 00 00 00 00 00 00 00 00  ................ [zeros]
00006EC0:  00 00 00 00 00 00 00 00 00 00 00 00 00 00 00 00  ................ [zeros]
00006ED0:  00 00 00 00 00 00 52 01 BE 0D 2B 95 7C B0 09 54  ......R...+.|..T
00006EE0:  5F CD A1 CE A5 CD 08 2A 42 C2 08 A4 8F 79 E8 AA  _......*B....y..
00006EF0:  E2 8F D6 86 95 2A AE 2F 25 57 42 30 3E CA D4 96  .....*./%WB0>...
00006F00:  4A 5C 9B 4D 5B 00 EB 5E DE B0 0A D4 71 7B 78 7A  J\.M[..^....q{xz
00006F10:  AA C4 B6 78 76 9F 00 00 00 00 00 00 00 00 00 00  ...xv...........
00006F20:  00 00 00 00 00 00 00 00 00 00 00 00 00 00 00 00  ................ [zeros]
00006F30:  00 00 00 00 00 00 00 00 00 00 00 00 00 00 00 00  ................ [zeros]
00006F40:  00 00 00 00 00 00 00 00 00 00 00 00 00 00 00 00  ................ [zeros]
00006F50:  00 00 00 00 00 00 00 00 00 00 00 00 00 00 00 00  ................ [zeros]
00006F60:  00 00 00 00 00 00 00 00 00 00 00 00 00 00 00 00  ................ [zeros]
00006F70:  00 00 00 00 00 00 00 00 00 00 00 00 00 00 00 00  ................ [zeros]
00006F80:  00 00 00 00 00 00 00 00 00 00 00 00 00 00 00 00  ................ [zeros]
00006F90:  00 00 00 00 00 00 00 00 00 00 00 00 00 00 00 00  ................ [zeros]
00006FA0:  00 00 00 00 00 00 00 00 00 00 00 00 00 00 00 00  ................ [zeros]
00006FB0:  00 00 00 00 00 00 00 00 00 00 00 00 00 00 00 00  ................ [zeros]
00006FC0:  00 00 00 00 00 00 7E 42 EB 2A FA 7F 8F 8A 18 22  ......~B.*....."
00006FD0:  57 DD A3 51 D8 DA BF EA 65 3E FC B4 B4 65 4C BA  W..Q....e>...eL.
00006FE0:  46 94 BE 8F 06 5B FC 87 33 2D 48 84 E3 83 C1 16  F....[..3-H.....
00006FF0:  15 7E 19 B3 20 35 00 00 00 00 00 00 00 00 00 00  .~.. 5..........
00007000:  00 00 00 00 00 00 60 8D B2 73 9E E1 16 69 79 AF  ......`..s...iy.
00007010:  21 1C 12 CC 9E 47 00 00 00 00 00 00 00 00 00 00  !....G..........
00007020:  00 00 00 00 00 00 00 00 00 00 00 00 00 00 00 00  ................ [zeros]
00007030:  00 00 00 00 00 00 00 00 00 00 00 00 00 00 00 00  ................ [zeros]
00007040:  00 00 00 00 00 00 00 00 00 00 00 00 00 00 00 00  ................ [zeros]
00007050:  00 00 00 00 00 00 00 00 00 00 00 00 00 00 00 00  ................ [zeros]
00007060:  00 00 00 00 00 00 F8 2D 4E 8D 2E 89 65 8D B7 47  .......-N...e..G
00007070:  6C CA 79 DD 56 28 00 00 00 00 00 00 00 00 00 00  l.y.V(..........
00007080:  00 00 00 00 00 00 00 00 00 00 00 00 00 00 00 00  ................ [zeros]
00007090:  00 00 00 00 00 00 00 00 00 00 00 00 00 00 00 00  ................ [zeros]
000070A0:  00 00 00 00 00 00 00 00 00 00 00 00 00 00 00 00  ................ [zeros]
000070B0:  00 00 00 00 00 00 00 00 00 00 00 00 00 00 00 00  ................ [zeros]
000070C0:  00 00 00 00 00 00 00 00 00 00 00 00 00 00 00 00  ................ [zeros]
000070D0:  00 00 00 00 00 00 00 00 00 00 00 00 00 00 00 00  ................ [zeros]
000070E0:  00 00 00 00 00 00 00 00 00 00 00 00 00 00 00 00  ................ [zeros]
000070F0:  00 00 00 00 00 00 00 00 00 00 00 00 00 00 00 00  ................ [zeros]
00007100:  00 00 00 00 00 00 00 00 00 00 00 00 00 00 00 00  ................ [zeros]
00007110:  00 00 00 00 00 00 00 00 00 00 00 00 00 00 00 00  ................ [zeros]
00007120:  00 00 00 00 00 00 00 00 00 00 00 00 00 00 00 00  ................ [zeros]
00007130:  00 00 00 00 00 00 44 3F D3 8D 95 4C A3 79 C3 22  ......D?...L.y."
00007140:  09 98 C8 AA 7F 23 8D E9 51 C4 99 18 F0 AA 8F 25  .....#..Q......%
00007150:  0A 07 FE 35 C5 B1 56 87 1A DC 31 35 C1 A8 D6 AB  ...5..V...15....
00007160:  85 61 74 B3 B8 DD 66 C8 35 6E 0A E4 09 E2 B0 73  .at...f.5n.....s
00007170:  AA A1 68 C2 7C 59 00 00 00 00 00 00 00 00 00 00  ..h.|Y..........
00007180:  00 00 00 00 00 00 00 00 00 00 00 00 00 00 00 00  ................ [zeros]
00007190:  00 00 00 00 00 00 00 00 00 00 00 00 00 00 00 00  ................ [zeros]
000071A0:  00 00 00 00 00 00 00 00 00 00 00 00 00 00 00 00  ................ [zeros]
000071B0:  00 00 00 00 00 00 00 00 00 00 00 00 00 00 00 00  ................ [zeros]
000071C0:  00 00 00 00 00 00 ED BD 94 5E CE E6 AA F7 F0 29  .........^.....)
000071D0:  EE 5E 90 00 3E 5C 9B C5 0A 67 88 70 74 40 DA 0A  .^..>\...g.pt@..
000071E0:  74 01 58 D9 54 9E 00 00 00 00 00 00 00 00 00 00  t.X.T...........
000071F0:  00 00 00 00 00 00 00 00 00 00 00 00 00 00 00 00  ................ [zeros]
00007200:  00 00 00 00 00 00 00 00 00 00 00 00 00 00 00 00  ................ [zeros]
00007210:  00 00 00 00 00 00 00 00 00 00 00 00 00 00 00 00  ................ [zeros]
00007220:  00 00 00 00 00 00 00 00 00 00 00 00 00 00 00 00  ................ [zeros]
00007230:  00 00 00 00 00 00 00 00 00 00 00 00 00 00 00 00  ................ [zeros]
00007240:  00 00 00 00 00 00 00 00 00 00 00 00 00 00 00 00  ................ [zeros]
00007250:  00 00 00 00 00 00 00 00 00 00 00 00 00 00 00 00  ................ [zeros]
00007260:  00 00 00 00 00 00 00 00 00 00 00 00 00 00 00 00  ................ [zeros]
00007270:  00 00 00 00 00 00 00 00 00 00 00 00 00 00 00 00  ................ [zeros]
00007280:  00 00 00 00 00 00 00 00 00 00 00 00 00 00 00 00  ................ [zeros]
00007290:  00 00 00 00 00 00 6B DF C7 FF 8B 35 45 A5 E5 A1  ......k....5E...
000072A0:  F4 6B A2 1F 6B 9D AB 93 65 38 4B 29 A6 F0 0B B1  .k..k...e8K)....
000072B0:  F0 80 D8 01 E3 54 E0 51 8F 92 AA 2E D1 FE 6B E6  .....T.Q......k.
000072C0:  4A 02 54 F4 C7 9B 63 46 B1 C1 A4 3D 21 5B 8D 59  J.T...cF...=![.Y
000072D0:  E4 C0 B8 0A 7F 7E 4D 62 9D 4B 4B F7 E1 AC D7 A7  .....~Mb.KK.....
000072E0:  66 E1 F6 E6 17 05 A2 7C 43 45 1D D7 BB 34 2C A2  f......|CE...4,.
000072F0:  D2 09 D2 35 41 45 39 69 B4 64 7D 37 C7 2B 48 55  ...5AE9i.d}7.+HU
00007300:  50 F7 5E 08 C9 51 CF 16 A0 30 BD 5B 53 4B ED B2  P.^..Q...0.[SK..
00007310:  8F F5 F7 D1 93 83 5C FC DC E8 BD 70 2F 53 9A 61  ......\....p/S.a
00007320:  DB CE 56 A2 5D ED 05 39 55 30 C1 3A 7A 13 3E DA  ..V.]..9U0.:z.>.
00007330:  CC 8A 20 E5 5F 45 B1 38 28 03 96 E7 5B 75 8C 46  .. ._E.8(...[u.F
00007340:  35 F5 67 C4 DB 96 FB 3C 69 D3 EA 97 CD 62 2C 14  5.g....<i....b,.
00007350:  3B C0 34 5A 83 B2 66 A4 20 64 07 F0 42 C9 F5 49  ;.4Z..f. d..B..I
00007360:  6F E6 67 FF 61 08 D0 0F E9 64 09 03 33 AC E4 30  o.g.a....d..3..0
00007370:  79 DB DF 37 23 A6 07 9A 51 DE 67 00 DA 69 07 19  y..7#...Q.g..i..
00007380:  6E 64 57 2C 2D 6E 3D 1F 50 B1 C5 72 1B 5C 39 8B  ndW,-n=.P..r.\9.
00007390:  BC D1 E0 09 D6 71 AE C1 5A FB 61 9F 95 D0 4E A5  .....q..Z.a...N.
000073A0:  46 64 BA C5 C6 F0 71 1B 1A FE 62 0E 0F BC 95 0D  Fd....q...b.....
000073B0:  8F 49 3D 35 4F 3B 2E 40 4E 1B EE C3 9B 05 A0 E9  .I=5O;.@N.......
000073C0:  65 5B 35 24 9A 66 2D 10 16 4D 99 88 58 06 B3 0D  e[5$.f-..M..X...
000073D0:  E0 5B 8E 54 D1 AA 23 AF 4C 66 ED 20 BD 61 36 48  .[.T..#.Lf. .a6H
000073E0:  64 1D 3A B5 22 C7 96 CD 3F DB 1A 66 7C 48 18 71  d.:."...?..f|H.q
000073F0:  43 73 81 61 8C 0C 00 00 00 00 00 00 00 00 00 00  Cs.a............
00007400:  00 00 00 00 00 00 CD 29 96 3E 00 D0 7A BC 53 73  .......).>..z.Ss
00007410:  28 0B 01 05 9A 60 B1 22 CE 9E 27 41 11 93 FA 1A  (....`."..'A....
00007420:  3D C5 D6 6D 14 59 F8 D8 A4 3A F8 A8 C1 92 AB 39  =..m.Y...:.....9
00007430:  BC 43 1E 22 A8 4F 00 00 00 00 00 00 00 00 00 00  .C.".O..........
00007440:  00 00 00 00 00 00 2A 25 C9 60 D2 8E 46 E9 55 DD  ......*%.`..F.U.
00007450:  21 E3 BF E9 5A B6 4B 3F 0F 01 96 37 58 72 E7 EE  !...Z.K?...7Xr..
00007460:  3D 34 C3 60 05 88 89 B7 38 6B 6B 49 D6 F7 67 6A  =4.`....8kkI..gj
00007470:  B2 A8 5A B5 74 F6 CB EB 77 1A AF 61 5A A0 0F 13  ..Z.t...w..aZ...
00007480:  94 EB 08 62 86 95 B3 EB 6B 14 23 03 16 C0 D6 25  ...b....k.#....%
00007490:  87 4E D2 4F B9 5F E3 BF DB 7E B5 D3 E8 1B 73 02  .N.O._...~....s.
000074A0:  72 4D AD 10 3A BC 00 00 00 00 00 00 00 00 00 00  rM..:...........
000074B0:  00 00 00 00 00 00 1E 58 06 E7 7F F8 84 9A B7 61  .......X.......a
000074C0:  28 01 8B 60 0A 0E F4 55 42 91 6D 13 20 4D F1 17  (..`...UB.m. M..
000074D0:  8D 00 5E 8B AC EC 96 CD 3F DB 1A 66 7C 48 18 71  ..^.....?..f|H.q
000074E0:  43 73 81 61 8C 0C 00 00 00 00 00 00 00 00 00 00  Cs.a............
000074F0:  00 00 00 00 00 00 CD 29 96 3E 00 D0 7A BC 53 73  .......).>..z.Ss
00007500:  28 0B 01 05 9A 60 20 E4 FE C0 07 A9 66 27 9C 20  (....` .....f'. 
00007510:  EE B9 FE 18 89 F1 00 00 00 00 00 00 00 00 00 00  ................
00007520:  00 00 00 00 00 00 00 00 00 00 00 00 00 00 00 00  ................ [zeros]
00007530:  00 00 00 00 00 00 00 00 00 00 00 00 00 00 00 00  ................ [zeros]
00007540:  00 00 00 00 00 00 00 00 00 00 00 00 00 00 00 00  ................ [zeros]
00007550:  00 00 00 00 00 00 00 00 00 00 00 00 00 00 00 00  ................ [zeros]
00007560:  00 00 00 00 00 00 00 00 00 00 00 00 00 00 00 00  ................ [zeros]
00007570:  00 00 00 00 00 00 00 00 00 00 00 00 00 00 00 00  ................ [zeros]
00007580:  00 00 00 00 00 00 00 00 00 00 00 00 00 00 00 00  ................ [zeros]
00007590:  00 00 00 00 00 00 00 00 00 00 00 00 00 00 00 00  ................ [zeros]
000075A0:  00 00 00 00 00 00 00 00 00 00 00 00 00 00 00 00  ................ [zeros]
000075B0:  00 00 00 00 00 00 00 00 00 00 00 00 00 00 00 00  ................ [zeros]
000075C0:  00 00 00 00 00 00 00 00 00 00 00 00 00 00 00 00  ................ [zeros]
000075D0:  00 00 00 00 00 00 00 00 00 00 00 00 00 00 00 00  ................ [zeros]
000075E0:  00 00 00 00 00 00 A4 E7 7B 5A 68 1D 79 0C 3B 99  ........{Zh.y.;.
000075F0:  65 5E 9C 60 07 43 DC 18 E0 2C A3 BD EE FC 8C 66  e^.`.C...,.....f
00007600:  16 0F 49 C1 FD 90 67 7D 14 D5 B0 1B 21 D3 11 E8  ..I...g}....!...
00007610:  65 4D CA 95 CA 11 47 C2 0B 62 AC AC 76 89 53 BC  eM....G..b..v.S.
00007620:  E3 2C EB C9 D1 A3 00 00 00 00 00 00 00 00 00 00  .,..............
00007630:  00 00 00 00 00 00 C3 0E B5 81 E8 A5 A4 82 77 5A  ..............wZ
00007640:  8D 24 23 D9 F3 43 82 F7 0F 94 B0 31 74 7E C6 83  .$#..C.....1t~..
00007650:  0E BE 9B 51 9C EB 3A D6 91 A9 89 50 B1 1B 1F 4C  ...Q..:....P...L
00007660:  82 2A 97 54 45 58 8E 5B 5C F7 3D 04 22 59 F3 3E  .*.TEX.[\.=."Y.>
00007670:  97 DE DE 6E 22 F9 F0 C8 EE 1F 53 A6 BD E3 38 94  ...n".....S...8.
00007680:  FC 75 78 E1 62 CE 41 37 16 58 4E 77 E4 1E 60 6F  .ux.b.A7.XNw..`o
00007690:  45 01 C8 DA CE 1C C2 26 09 BC C4 5D 8E FB CF 39  E......&...]...9
000076A0:  73 F0 F9 F7 C5 17 54 81 97 64 8B 3F D9 65 EB 92  s.....T..d.?.e..
000076B0:  71 9D D8 EF 23 54 71 D5 EE AC 36 20 AC 31 42 28  q...#Tq...6 .1B(
000076C0:  B5 57 BA 4D BA E1 92 40 60 8E E5 98 F5 4B 3B 18  .W.M...@`....K;.
000076D0:  97 22 7B 2A 4B D5 00 04 5A 12 58 8C 76 67 09 E0  ."{*K...Z.X.vg..
000076E0:  78 5F 9F 2F 84 7F CA 49 88 D1 F8 0E 19 46 BE 8E  x_./...I.....F..
000076F0:  DB B3 CC 82 CA 83 47 1A 27 5F 6B 2F 73 4A 83 10  ......G.'_k/sJ..
00007700:  98 11 6D F3 F0 FC C5 F2 B4 2A E3 65 3E DF 6B 47  ..m......*.e>.kG
00007710:  21 47 A4 53 2A 8B 04 0A 61 BA DF 4C AE 95 81 FF  !G.S*...a..L....
00007720:  FB D8 7C 0B 62 EB 1C FD 20 51 5E E6 30 21 59 D2  ..|.b... Q^.0!Y.
00007730:  C9 BE 91 A2 53 DD 71 63 4D 8A 24 48 A5 28 81 31  ....S.qcM.$H.(.1
00007740:  84 E5 5D 42 A6 5A 75 F4 95 DF 95 FD A7 B6 1E BC  ..]B.Zu.........
00007750:  E6 87 01 49 B8 D0 BB B2 AA C8 F4 30 81 11 F9 7C  ...I.......0...|
00007760:  83 4A 31 B8 5E 7C 00 00 00 00 00 00 00 00 00 00  .J1.^|..........
00007770:  00 00 00 00 00 00 00 00 00 00 00 00 00 00 00 00  ................ [zeros]
00007780:  00 00 00 00 00 00 4B 3F 0F 01 96 37 58 72 E7 EE  ......K?...7Xr..
00007790:  3D 34 C3 60 05 88 00 00 00 00 00 00 00 00 00 00  =4.`............
000077A0:  00 00 00 00 00 00 00 00 00 00 00 00 00 00 00 00  ................ [zeros]
000077B0:  00 00 00 00 00 00 A8 D3 FE EB 11 37 0E 3C 02 67  ...........7.<.g
000077C0:  28 62 56 9C 54 AB 00 00 00 00 00 00 00 00 00 00  (bV.T...........
000077D0:  00 00 00 00 00 00 00 00 00 00 00 00 00 00 00 00  ................ [zeros]
000077E0:  00 00 00 00 00 00 00 00 00 00 00 00 00 00 00 00  ................ [zeros]
000077F0:  00 00 00 00 00 00 D8 2E 1E 59 A2 40 B8 9E 8B 97  .........Y.@....
00007800:  C3 0E E3 EF EF 3A 00 00 00 00 00 00 00 00 00 00  .....:..........
00007810:  00 00 00 00 00 00 00 00 00 00 00 00 00 00 00 00  ................ [zeros]
00007820:  00 00 00 00 00 00 F1 C8 AB 6F 02 22 DB A2 AD 35  .........o."...5
00007830:  27 A8 41 AE BE C8 00 00 00 00 00 00 00 00 00 00  '.A.............
00007840:  00 00 00 00 00 00 00 00 00 00 00 00 00 00 00 00  ................ [zeros]
00007850:  00 00 00 00 00 00 8C 8E 5F F8 F4 63 8F 81 B1 FC  ........_..c....
00007860:  9E 64 DD 9F A2 84 00 00 00 00 00 00 00 00 00 00  .d..............
00007870:  00 00 00 00 00 00 00 00 00 00 00 00 00 00 00 00  ................ [zeros]
00007880:  00 00 00 00 00 00 00 00 00 00 00 00 00 00 00 00  ................ [zeros]
00007890:  00 00 00 00 00 00 4E 9B F3 4D 82 92 77 2F B5 BE  ......N..M..w/..
000078A0:  3E 5B EC 70 0F 4C 00 00 00 00 00 00 00 00 00 00  >[.p.L..........
000078B0:  00 00 00 00 00 00 00 00 00 00 00 00 00 00 00 00  ................ [zeros]
000078C0:  00 00 00 00 00 00 AB 36 E1 57 12 D0 99 85 18 1E  .......6.W......
000078D0:  C5 11 1B C3 9D 23 98 D6 BF 89 FB CF 2C B1 0B 05  .....#......,...
000078E0:  66 02 33 4A BF 21 61 A4 C7 89 AD 39 70 6D C4 93  f.3J.!a....9pm..
000078F0:  96 55 27 10 C1 04 A1 58 D7 EE D1 8E 2D 86 71 F4  .U'....X....-.q.
00007900:  A6 43 54 42 7A BB 50 AD F5 F5 32 1D 34 C5 1A 36  .CTBz.P...2.4..6
00007910:  01 DB 79 C0 82 91 BC A9 EA 2B 2C B5 7F 5C A4 34  ..y......+,..\.4
00007920:  B3 D3 87 80 88 D9 37 23 14 70 55 7E 5D 52 EB 33  ......7#.pU~]R.3
00007930:  50 D1 94 0D BA AE 96 0F 1B 83 D1 FA D1 3C 7B E0  P............<{.
00007940:  FF 84 74 CF E9 90 87 63 AC FD 04 3E 3E 6F 02 B9  ..t....c...>>o..
00007950:  45 EE 0D B2 C4 47 1C C0 23 52 B5 CB 66 04 5C 9B  E....G..#R..f.\.
00007960:  1C FA 9E 65 A6 56 1B AC 55 7F 7D 04 02 66 4B 5A  ...e.V..U.}..fKZ
00007970:  89 DD B3 CB 1D ED 4B 14 B2 BA 95 48 4F 36 C9 FE  ......K....HO6..
00007980:  86 62 A3 95 58 8A 29 EA 11 0D 6B 31 FE 9D DC D1  .b..X.)...k1....
00007990:  21 3D 69 42 BD 44 01 1C C3 80 C2 12 5E F0 B7 AF  !=iB.D......^...
000079A0:  2A 62 1D F4 C8 D8 F7 02 BC 35 EA 96 EA 97 0D 5C  *b.......5.....\
000079B0:  72 85 59 98 8B 56 99 4E 02 CB 35 58 BE 0C C8 59  r.Y..V.N..5X...Y
000079C0:  99 F2 5B 67 7A AF 91 A1 C1 43 EE B4 6C 0D B9 99  ..[gz....C..l...
000079D0:  E4 BD 78 9E D3 AE 76 F8 D9 3F 06 D7 F5 9A FF 5D  ..x...v..?.....]
000079E0:  48 6C F5 15 7F B5 76 F8 D9 3F 06 D7 F5 9A FF 5D  Hl....v..?.....]
000079F0:  48 6C F5 15 7F B5 76 F8 D9 3F 06 D7 F5 9A FF 5D  Hl....v..?.....]
00007A00:  48 6C F5 15 7F B5 33 70 CB 8B 79 01 7A E6 3C DE  Hl....3p..y.z.<.
00007A10:  0F 19 80 02 33 8C 38 81 07 53 EF 63 6F 8B AB AA  ....3.8..S.co...
00007A20:  79 10 EF FB 19 ED 38 81 07 53 EF 63 6F 8B AB AA  y.....8..S.co...
00007A30:  79 10 EF FB 19 ED 5D 67 63 BE C8 95 50 FC 12 6A  y.....]gc...P..j
00007A40:  24 FD EF 4F 69 1E A3 B9 7D A7 86 92 86 B8 0A FF  $..Oi...}.......
00007A50:  43 EF 83 22 D1 83 11 19 1A 48 88 A1 5D 73 D1 36  C..".....H..]s.6
00007A60:  59 08 17 02 B3 E7 7A 95 1D 32 F3 5D 98 E3 0A B7  Y.....z..2.]....
00007A70:  BB A9 41 0E 19 A3 1E CE 23 5F BC E6 AE 44 D0 B0  ..A.....#_...D..
00007A80:  9B 2A B9 EB 52 25 5D 71 A7 E9 84 42 11 17 EC D9  .*..R%]q...B....
00007A90:  0F 5D 7F 14 08 61 28 E9 EC D6 F7 4F 94 18 3B B8  .]...a(....O..;.
00007AA0:  CC 4C 33 62 64 6D 28 3E 4F 95 F1 81 9D 7E F0 B8  .L3bdm(>O....~..
00007AB0:  55 B2 F8 5C 71 5E 28 3E 4F 95 F1 81 9D 7E F0 B8  U..\q^(>O....~..
00007AC0:  55 B2 F8 5C 71 5E 28 3E 4F 95 F1 81 9D 7E F0 B8  U..\q^(>O....~..
00007AD0:  55 B2 F8 5C 71 5E 8A 2A 45 40 B4 DC B9 F6 53 8B  U..\q^.*E@....S.
00007AE0:  92 12 E6 AF CF D8 A7 E3 99 58 BA B2 D0 FC A9 43  .........X.....C
00007AF0:  DE 68 0C 50 D4 6D 08 6B BD 62 A6 53 42 B0 AA DB  .h.P.m.k.b.SB...
00007B00:  C5 C6 72 80 97 33 CA 4E EE 81 69 B1 19 B2 69 0A  ..r..3.N..i...i.
00007B10:  74 10 2F C1 6C 43 D8 AC C2 AD 80 2E 2E EA 4B 24  t./.lC........K$
00007B20:  C8 F0 07 BA 6F 83 AE C1 60 A2 C6 18 4C 83 E6 81  ....o...`...L...
00007B30:  26 51 DE E7 35 10 84 35 16 0D 02 76 B3 E4 51 0F  &Q..5..5...v..Q.
00007B40:  CA 37 D4 AB 7A C2 E3 52 6A 96 B1 2E 13 B5 01 0E  .7..z..Rj.......
00007B50:  6C C8 35 56 5D 35 78 3C 31 33 1F 06 A0 26 C1 6B  l.5V]5x<13...&.k
00007B60:  DC 3F 43 B8 93 45 72 F3 78 16 92 25 9C 24 7F 12  .?C..Er.x..%.$..
00007B70:  BC A5 B9 6C 58 3F A7 E3 99 58 BA B2 D0 FC A9 43  ...lX?...X.....C
00007B80:  DE 68 0C 50 D4 6D 08 6B BD 62 A6 53 42 B0 AA DB  .h.P.m.k.b.SB...
00007B90:  C5 C6 72 80 97 33 CA 4E EE 81 69 B1 19 B2 69 0A  ..r..3.N..i...i.
00007BA0:  74 10 2F C1 6C 43 D8 AC C2 AD 80 2E 2E EA 4B 24  t./.lC........K$
00007BB0:  C8 F0 07 BA 6F 83 AE C1 60 A2 C6 18 4C 83 E6 81  ....o...`...L...
00007BC0:  26 51 DE E7 35 10 D4 3D 68 A8 5F EB CB 29 8A 75  &Q..5..=h._..).u
00007BD0:  92 C5 6D 68 2D 5F 68 38 ED 3B 01 39 6C 48 33 C0  ..mh-_h8.;.9lH3.
00007BE0:  75 F1 67 FC 44 F4 AF 1A 0A 73 32 3B 39 CA D4 04  u.g.D....s2;9...
00007BF0:  AB F7 36 B6 F9 0A 30 BB 6F 89 92 2D B8 00 D8 11  ..6...0.o..-....
00007C00:  CD 6D 8A C6 4F A1 67 CE 5F 8F 2B 45 BC 71 81 BD  .m..O.g._.+E.q..
00007C10:  70 EF 0F C2 30 64 B6 56 0B 91 3A E1 39 72 9B 2D  p...0d.V..:.9r.-
00007C20:  8A A1 F6 0C 60 A0 4C D2 76 10 E6 36 14 42 41     ....`.L.v..6.BA

; --- structure summary (block types) ---
; 0x00000060..+0xD0  data   (208 bytes)
; 0x00000130..+0x40  zeros  (64 bytes)
; 0x00000170..+0x220  data   (544 bytes)
; 0x00000390..+0x170  zeros  (368 bytes)
; 0x00000500..+0x570  data   (1392 bytes)
; 0x00000A70..+0x3E0  zeros  (992 bytes)
; 0x00000E50..+0x20  data   (32 bytes)
; 0x00000E70..+0x3F0  zeros  (1008 bytes)
; 0x00001260..+0x20  data   (32 bytes)
; 0x00001280..+0x3E0  zeros  (992 bytes)
; 0x00001660..+0x20  data   (32 bytes)
; 0x00001680..+0x3E0  zeros  (992 bytes)
; 0x00001A60..+0x2430  data   (9264 bytes)
; 0x00003E90..+0x10  zeros  (16 bytes)
; 0x00003EA0..+0x40  data   (64 bytes)
; 0x00003EE0..+0x70  zeros  (112 bytes)
; 0x00003F50..+0x50  data   (80 bytes)
; 0x00003FA0..+0x10  zeros  (16 bytes)
; 0x00003FB0..+0xC0  data   (192 bytes)
; 0x00004070..+0xA0  zeros  (160 bytes)
; 0x00004110..+0x40  data   (64 bytes)
; 0x00004150..+0xF0  zeros  (240 bytes)
; 0x00004240..+0x30  data   (48 bytes)
; 0x00004270..+0x170  zeros  (368 bytes)
; 0x000043E0..+0xF0  data   (240 bytes)
; 0x000044D0..+0x5F0  zeros  (1520 bytes)
; 0x00004AC0..+0x130  data   (304 bytes)
; 0x00004BF0..+0xF0  zeros  (240 bytes)
; 0x00004CE0..+0x220  data   (544 bytes)
; 0x00004F00..+0x30  zeros  (48 bytes)
; 0x00004F30..+0xA0  data   (160 bytes)
; 0x00004FD0..+0xB0  zeros  (176 bytes)
; 0x00005080..+0x190  data   (400 bytes)
; 0x00005210..+0xB0  zeros  (176 bytes)
; 0x000052C0..+0x290  data   (656 bytes)
; 0x00005550..+0x40  zeros  (64 bytes)
; 0x00005590..+0x170  data   (368 bytes)
; 0x00005700..+0x30  zeros  (48 bytes)
; 0x00005730..+0x260  data   (608 bytes)
; 0x00005990..+0x60  zeros  (96 bytes)
; 0x000059F0..+0x100  data   (256 bytes)
; 0x00005AF0..+0xC0  zeros  (192 bytes)
; 0x00005BB0..+0x250  data   (592 bytes)
; 0x00005E00..+0xD0  zeros  (208 bytes)
; 0x00005ED0..+0x230  data   (560 bytes)
; 0x00006100..+0x30  zeros  (48 bytes)
; 0x00006130..+0x50  data   (80 bytes)
; 0x00006180..+0xB0  zeros  (176 bytes)
; 0x00006230..+0x50  data   (80 bytes)
; 0x00006280..+0x40  zeros  (64 bytes)
; 0x000062C0..+0x30  data   (48 bytes)
; 0x000062F0..+0xA0  zeros  (160 bytes)
; 0x00006390..+0x60  data   (96 bytes)
; 0x000063F0..+0x40  zeros  (64 bytes)
; 0x00006430..+0x20  data   (32 bytes)
; 0x00006450..+0xB0  zeros  (176 bytes)
; 0x00006500..+0x290  data   (656 bytes)
; 0x00006790..+0xC0  zeros  (192 bytes)
; 0x00006850..+0x180  data   (384 bytes)
; 0x000069D0..+0x20  zeros  (32 bytes)
; 0x000069F0..+0x20  data   (32 bytes)
; 0x00006A10..+0x10  zeros  (16 bytes)
; 0x00006A20..+0x20  data   (32 bytes)
; 0x00006A40..+0x10  zeros  (16 bytes)
; 0x00006A50..+0x20  data   (32 bytes)
; 0x00006A70..+0x20  zeros  (32 bytes)
; 0x00006A90..+0x20  data   (32 bytes)
; 0x00006AB0..+0x10  zeros  (16 bytes)
; 0x00006AC0..+0x20  data   (32 bytes)
; 0x00006AE0..+0x10  zeros  (16 bytes)
; 0x00006AF0..+0x20  data   (32 bytes)
; 0x00006B10..+0x10  zeros  (16 bytes)
; 0x00006B20..+0x370  data   (880 bytes)
; 0x00006E90..+0x40  zeros  (64 bytes)
; 0x00006ED0..+0x50  data   (80 bytes)
; 0x00006F20..+0xA0  zeros  (160 bytes)
; 0x00006FC0..+0x60  data   (96 bytes)
; 0x00007020..+0x40  zeros  (64 bytes)
; 0x00007060..+0x20  data   (32 bytes)
; 0x00007080..+0xB0  zeros  (176 bytes)
; 0x00007130..+0x50  data   (80 bytes)
; 0x00007180..+0x40  zeros  (64 bytes)
; 0x000071C0..+0x30  data   (48 bytes)
; 0x000071F0..+0xA0  zeros  (160 bytes)
; 0x00007290..+0x290  data   (656 bytes)
; 0x00007520..+0xC0  zeros  (192 bytes)
; 0x000075E0..+0x190  data   (400 bytes)
; 0x00007770..+0x10  zeros  (16 bytes)
; 0x00007780..+0x20  data   (32 bytes)
; 0x000077A0..+0x10  zeros  (16 bytes)
; 0x000077B0..+0x20  data   (32 bytes)
; 0x000077D0..+0x20  zeros  (32 bytes)
; 0x000077F0..+0x20  data   (32 bytes)
; 0x00007810..+0x10  zeros  (16 bytes)
; 0x00007820..+0x20  data   (32 bytes)
; 0x00007840..+0x10  zeros  (16 bytes)
; 0x00007850..+0x20  data   (32 bytes)
; 0x00007870..+0x20  zeros  (32 bytes)
; 0x00007890..+0x20  data   (32 bytes)
; 0x000078B0..+0x10  zeros  (16 bytes)
; 0x000078C0..+0x360  data   (864 bytes)
