; Decrypted GatewaySettings dump (see FORMAT.md)
; key = 90e4219a67f979cb5a13ce64e105d9f0 (aligned at 0x60)

00000060:  10 7B 19 AA 26 36 10 6E E6 1F C7 6A 94 0E 7B 0E  .{..&6.n...j..{.
00000070:  06 7D 90 7F FB F7 5A 37 9D 88 BB 8F 83 1E FE D2  .}....Z7........
00000080:  48 D4 0F EC C0 85 05 BD 18 B9 7A 62 8A 86 6E 5A  H.........zb..nZ
00000090:  24 A4 16 E5 BC 3A 53 C7 A6 D0 DC 44 32 AE A0 53  $....:S....D2..S
000000A0:  AD 2B 25 44 EB B7 CF 0A 0F 44 48 44 E3 E5 66 8F  .+%D.....DHD..f.
000000B0:  63 F9 54 25 82 42 66 EE 3A 8F C0 9D 1E 9E 35 EF  c.T%.Bf.:.....5.
000000C0:  C7 E8 60 5C 2F 69 17 E0 AA C5 B8 46 89 DE AC 47  ..`\/i.....F...G
000000D0:  20 5A E6 0A E2 58 7A 8C 77 F7 D0 F9 EB CB 12 EA   Z...Xz.w.......
000000E0:  F4 F1 30 0C A0 F3 AB 8D E8 F8 18 A0 BB 8A D7 9D  ..0.............
000000F0:  2A 16 15 7A D0 25 A6 D2 93 AB 9A AB BF 20 B5 1E  *..z.%....... ..
00000100:  95 F1 94 77 CB F6 09 F8 5D EA 4E D5 08 14 02 3A  ...w....].N....:
00000110:  A1 54 0A 89 F9 1E B4 66 A3 88 32 43 C0 4C 63 B8  .T.....f..2C.Lc.
00000120:  8C D8 F9 2F 1A F3 00 00 00 00 00 00 00 00 00 00  .../............
00000130:  00 00 00 00 00 00 00 00 00 00 00 00 00 00 00 00  ................ [zeros]
00000140:  00 00 00 00 00 00 00 00 00 00 00 00 00 00 00 00  ................ [zeros]
00000150:  00 00 00 00 00 00 00 00 00 00 00 00 00 00 00 00  ................ [zeros]
00000160:  00 00 00 00 00 00 00 00 00 00 00 00 00 00 00 00  ................ [zeros]
00000170:  00 00 00 00 00 00 F0 13 2C C4 77 80 20 5D 56 09  ........,.w. ]V.
00000180:  73 32 C0 15 35 7B 02 E9 44 B8 C6 A8 75 74 45 2E  s2..5{..D...utE.
00000190:  15 AB 7C 5E 25 C3 D0 56 D6 41 43 E9 46 0D 5D 4D  ..|^%..V.AC.F.]M
000001A0:  0D 5B CC 50 C5 2F 30 62 8F 9A 31 03 62 56 35 05  .[.P./0b..1.bV5.
000001B0:  E5 E4 19 92 D1 45 15 58 3D A6 88 6D B5 E2 27 D9  .....E.X=..m..'.
000001C0:  EC 4C 5E ED 02 D5 2E E3 A9 FA 0B 25 1E 73 9C 7C  .L^........%.s.|
000001D0:  12 6C 86 24 40 4E B8 2A 52 F7 00 05 87 17 C3 7C  .l.$@N.*R......|
000001E0:  88 29 FE 6F D3 95 DE E4 0A 83 EC 3A 65 23 5E D1  .).o.......:e#^.
000001F0:  AB 96 86 4B CE A5 8F AD DD AE 08 08 C7 96 53 06  ...K..........S.
00000200:  96 B9 90 EB 99 71 EA B6 DF E8 E0 11 C0 75 E3 F7  .....q.......u..
00000210:  E6 EB 9F 15 5A 1F E7 13 68 AE B2 79 18 DC 97 7F  ....Z...h..y....
00000220:  0B BC C8 DB A3 B0 CD B7 B3 63 44 BE 58 BD D2 71  .........cD.X..q
00000230:  E8 27 1D 72 C2 94 63 19 4D 7A 7D C6 C5 A6 97 69  .'.r..c.Mz}....i
00000240:  31 4C 03 FA 46 05 0A 3D B1 9A D8 D9 F6 16 D6 24  1L..F..=.......$
00000250:  3C 64 7B AB AF 0F E1 53 2C AE CF 5F 0A B7 BD EF  <d{....S,.._....
00000260:  C1 EE 7E E6 B5 91 51 63 44 9B 19 7A 54 F9 D3 86  ..~...QcD..zT...
00000270:  8D BA 11 1E 56 08 F9 E1 D6 B0 E8 EA 74 BE 4B E9  ....V.......t.K.
00000280:  C3 C7 CB DC E0 36 42 C6 18 0A D1 FE 3F 48 7E 15  .....6B.....?H~.
00000290:  6A 33 89 30 78 EC 3D D1 59 30 04 8E 5B 2E A8 7B  j3.0x.=.Y0..[..{
000002A0:  63 A4 DD FC F4 D5 30 F9 5E EB 2B F2 95 3B CA AA  c.....0.^.+..;..
000002B0:  9A 5B 7D BA 30 58 EF 86 DC 41 9A 45 44 3D F5 21  .[}.0X...A.ED=.!
000002C0:  6C F0 10 23 E5 68 53 36 C0 25 03 D6 0D BE 46 F0  l..#.hS6.%....F.
000002D0:  EF 1D AF F2 E1 6F 2C 9A D5 2A 49 62 40 87 DC 71  .....o,..*Ib@..q
000002E0:  7E DD CE 41 9B 12 D4 E5 0A 25 39 E6 17 4E D6 38  ~..A.....%9..N.8
000002F0:  A4 54 93 42 27 EB AC 4F 2D 5C 2C 68 96 3D 3D CA  .T.B'..O-\,h.==.
00000300:  8D 54 BF 83 C1 9A 16 89 19 9B 7E 4A 72 B0 72 7B  .T........~Jr.r{
00000310:  CC 36 EE A5 BB FC 6A 38 90 F2 5A 41 52 62 12 6F  .6....j8..ZARb.o
00000320:  27 9F F9 1D 63 70 5E 64 7A 78 0C B3 AB D0 8B 05  '...cp^dzx......
00000330:  34 9F E3 98 12 6F 67 47 30 EF 29 5C 7D 2F 83 D4  4....ogG0.)\}/..
00000340:  61 DD 7D DE C6 5F 40 21 3B E0 2F 15 11 24 C3 F5  a.}.._@!;./..$..
00000350:  E0 51 31 49 3A 0D 67 47 30 EF 29 5C 7D 2F 83 D4  .Q1I:.gG0.)\}/..
00000360:  61 DD 7D DE C6 5F B0 52 F4 1F 7B 7F 89 FD 99 DD  a.}.._.R..{.....
00000370:  84 9B 99 AA 40 92 00 00 00 00 00 00 00 00 00 00  ....@...........
00000380:  00 00 00 00 00 00 00 00 00 00 00 00 00 00 00 00  ................ [zeros]
00000390:  00 00 00 00 00 00 00 00 00 00 00 00 00 00 00 00  ................ [zeros]
000003A0:  00 00 00 00 00 00 00 00 00 00 00 00 00 00 00 00  ................ [zeros]
000003B0:  00 00 00 00 00 00 00 00 00 00 00 00 00 00 00 00  ................ [zeros]
000003C0:  00 00 00 00 00 00 00 00 00 00 00 00 00 00 00 00  ................ [zeros]
000003D0:  00 00 00 00 00 00 00 00 00 00 00 00 00 00 00 00  ................ [zeros]
000003E0:  00 00 00 00 00 00 00 00 00 00 00 00 00 00 00 00  ................ [zeros]
000003F0:  00 00 00 00 00 00 00 00 00 00 00 00 00 00 00 00  ................ [zeros]
00000400:  00 00 00 00 00 00 00 00 00 00 00 00 00 00 00 00  ................ [zeros]
00000410:  00 00 00 00 00 00 00 00 00 00 00 00 00 00 00 00  ................ [zeros]
00000420:  00 00 00 00 00 00 00 00 00 00 00 00 00 00 00 00  ................ [zeros]
00000430:  00 00 00 00 00 00 00 00 00 00 00 00 00 00 00 00  ................ [zeros]
00000440:  00 00 00 00 00 00 00 00 00 00 00 00 00 00 00 00  ................ [zeros]
00000450:  00 00 00 00 00 00 00 00 00 00 00 00 00 00 00 00  ................ [zeros]
00000460:  00 00 00 00 00 00 00 00 00 00 00 00 00 00 00 00  ................ [zeros]
00000470:  00 00 00 00 00 00 00 00 00 00 00 00 00 00 00 00  ................ [zeros]
00000480:  00 00 00 00 00 00 00 00 00 00 00 00 00 00 00 00  ................ [zeros]
00000490:  00 00 00 00 00 00 00 00 00 00 00 00 00 00 00 00  ................ [zeros]
000004A0:  00 00 00 00 00 00 00 00 00 00 00 00 00 00 00 00  ................ [zeros]
000004B0:  00 00 00 00 00 00 00 00 00 00 00 00 00 00 00 00  ................ [zeros]
000004C0:  00 00 00 00 00 00 00 00 00 00 00 00 00 00 00 00  ................ [zeros]
000004D0:  00 00 00 00 00 00 00 00 00 00 00 00 00 00 00 00  ................ [zeros]
000004E0:  00 00 00 00 00 00 00 00 00 00 00 00 00 00 00 00  ................ [zeros]
000004F0:  00 00 00 00 00 00 00 00 00 00 00 00 00 00 00 00  ................ [zeros]
00000500:  00 00 00 00 00 00 0B C6 39 D8 57 2E 6E C6 A7 2F  ........9.W.n../
00000510:  DB F8 72 50 4E 0A CC 76 FA 94 29 CE 8F F7 C6 B8  ..rPN..v..).....
00000520:  0B 93 B6 42 C1 30 17 5D 1A 0A D5 89 E6 3E DC BD  ...B.0.].....>..
00000530:  0F 86 CC 2F B5 CF 0C 7C 81 2C B4 D0 54 0E C3 27  .../...|.,..T..'
00000540:  B7 8B F5 25 7D B5 71 A5 E0 FD 5F 43 76 8A AB 35  ...%}.q..._Cv..5
00000550:  48 2B F2 7A 77 DC 88 A6 90 4C BE 62 CC 4F 74 F7  H+.zw....L.b.Ot.
00000560:  46 59 DE A1 E2 1B C8 0D 32 69 3A 1B D4 69 EC F4  FY......2i:..i..
00000570:  3D 6B 9D 79 23 02 76 47 81 FD 7C 47 10 8F E3 39  =k.y#.vG..|G...9
00000580:  51 63 3C 6B 0C F6 A6 94 48 D5 AB F9 E9 57 A3 14  Qc<k....H....W..
00000590:  DF 6E F7 56 12 E1 3F 64 0B 3A 92 95 45 9D 75 61  .n.V..?d.:..E.ua
000005A0:  3C CD 4F CF 3F E4 37 7F DF 4A CE 7F 1B 34 D6 0D  <.O.?.7..J...4..
000005B0:  35 5A 9D CA 3C 65 25 A5 CD B9 26 F4 54 A7 B7 55  5Z..<e%...&.T..U
000005C0:  71 2F AB 6D 52 C0 5F 12 7F A0 98 77 F0 85 C9 C9  q/.mR._....w....
000005D0:  CC 86 26 39 1E 26 C9 05 14 77 4D 05 E3 2A AB CA  ..&9.&...wM..*..
000005E0:  A9 57 EF 91 54 69 D5 B5 AF E7 DD 78 60 75 02 1B  .W..Ti.....x`u..
000005F0:  DC 45 38 F2 65 F5 35 D1 01 D8 E8 A5 1D F0 E5 0D  .E8.e.5.........
00000600:  30 B8 1F F4 B0 9E A8 B1 86 33 66 48 9C 75 01 51  0........3fH.u.Q
00000610:  26 E5 26 A1 3C CE 0C E9 D1 55 B4 AA 1D 5D D2 22  &.&.<....U...]."
00000620:  6F B8 59 B3 BF 74 D5 04 A8 FB 68 F5 87 B5 79 8F  o.Y..t....h...y.
00000630:  DF DE FF 94 17 53 BD BD A5 61 59 29 9A 8F 09 5B  .....S...aY)...[
00000640:  34 46 0B 88 67 2B D0 2A D2 10 BC 88 83 CC 34 09  4F..g+.*......4.
00000650:  FB 06 8B 7C CE 2B 8C 8A 88 23 80 70 66 47 E6 22  ...|.+...#.pfG."
00000660:  56 10 B5 D9 39 B5 A2 92 CC 8B 89 AE DE 3B 05 1C  V...9........;..
00000670:  27 B2 78 96 ED 7B 5C BB 01 B3 56 4B 31 88 23 0E  '.x..{\...VK1.#.
00000680:  CC 92 6F 6A 68 2C 44 E8 E9 72 41 BF 24 B1 4F B0  ..ojh,D..rA.$.O.
00000690:  28 ED EC 0A E1 59 96 05 C6 AC 1D A5 66 68 78 27  (....Y......fhx'
000006A0:  3F 97 A8 15 1C 07 00 34 C7 BD 14 2F D5 3C A6 50  ?......4.../.<.P
000006B0:  AA 98 AF 29 29 5B D5 25 C9 A2 C0 75 FF 1B 96 02  ...))[.%...u....
000006C0:  CA 76 76 D6 4D 47 12 B9 87 40 03 2D EB F6 01 7F  .vv.MG...@.-....
000006D0:  3C 43 25 CD B7 24 42 58 B6 0C 9C 2A 3C 7D E2 DD  <C%..$BX...*<}..
000006E0:  B5 5D EA 10 08 4A 21 AE CE 2B 1E A1 1D A0 C1 9C  .]...J!..+......
000006F0:  86 A6 BF 78 75 82 66 09 8A 38 08 6E B3 AD 07 57  ...xu.f..8.n...W
00000700:  31 7E 2D F9 97 00 77 45 C0 CA D7 B3 A2 32 70 50  1~-...wE.....2pP
00000710:  93 E0 3F D1 28 16 1B 18 61 AF 73 F8 56 38 67 9B  ..?.(...a.s.V8g.
00000720:  F9 35 45 2A 4F 48 06 8A 63 44 35 4A 1F ED 3C 7E  .5E*OH..cD5J..<~
00000730:  EA BE E0 D3 0B EE E6 BF D9 3D C2 77 A0 8B 86 E3  .........=.w....
00000740:  F5 77 71 56 41 1E DA F1 22 73 31 80 BD 21 1F 64  .wqVA..."s1..!.d
00000750:  E1 04 90 3E 73 E5 3E 9B 9A 0D 57 BD 39 E0 EC F8  ...>s.>...W.9...
00000760:  C5 08 00 25 AB CC 17 1A 76 C9 D1 F1 A5 79 B5 3A  ...%....v....y.:
00000770:  D0 B3 84 27 79 EE 02 55 AC 5B 38 FE 26 F4 A3 60  ...'y..U.[8.&..`
00000780:  E5 A1 38 DA 6F 35 50 3E D1 8B 60 81 86 C6 81 90  ..8.o5P>..`.....
00000790:  A8 03 BA EE 7F 6F 68 CB E2 9B 41 A5 41 6A 0C 40  .....oh...A.Aj.@
000007A0:  6E A1 5B 82 F0 D6 06 8A 63 44 35 4A 1F ED 3C 7E  n.[.....cD5J..<~
000007B0:  EA BE E0 D3 0B EE 84 22 13 65 51 4D 49 72 98 46  .......".eQMIr.F
000007C0:  1C 9A F7 83 80 54 46 57 74 C5 7A F2 BB C0 C4 27  .....TFWt.z....'
000007D0:  56 EF 2B 87 57 89 F7 4C 9F CC 59 C7 7C 5E 78 56  V.+.W..L..Y.|^xV
000007E0:  FF 8D C1 C8 AD 43 A1 63 82 43 74 16 3E E1 2A D2  .....C.c.Ct.>.*.
000007F0:  B4 EA 91 28 7B FC 20 F4 A5 9A C1 11 1D 8C F0 DC  ...({. .........
00000800:  55 D9 38 77 B7 AA C9 26 90 FE 1D 1A B3 85 9C BB  U.8w...&........
00000810:  D9 64 F9 80 B1 64 10 75 06 40 7E B5 E2 EA B3 41  .d...d.u.@~....A
00000820:  3A 6C 1E F9 27 7F 66 8E B8 C7 0E 96 AE 4A 46 11  :l..'.f......JF.
00000830:  64 D8 0C 4F C2 3E EA 01 70 E0 34 BE 17 F6 7B 2A  d..O.>..p.4...{*
00000840:  00 A8 BA B3 38 55 30 B6 89 45 3E 7B 23 B3 54 06  ....8U0..E>{#.T.
00000850:  7F 29 92 51 14 6C D3 24 69 61 D7 C2 18 0A 98 C3  .).Q.l.$ia......
00000860:  7D 17 EB 36 22 18 A5 54 39 E1 19 AF 02 02 71 2E  }..6"..T9.....q.
00000870:  2B 52 42 E0 90 80 68 A0 39 E3 F2 68 6D 06 35 CB  +RB...h.9..hm.5.
00000880:  81 93 B0 50 5F 86 7E B3 BE D7 6E 4A F4 59 43 17  ...P_.~...nJ.YC.
00000890:  EB DB 84 D6 B0 EC 60 30 3E 90 C8 D9 95 74 7E D0  ......`0>....t~.
000008A0:  62 03 9C F9 F9 42 61 B8 70 16 31 56 FC D4 D8 2A  b....Ba.p.1V...*
000008B0:  1E BC 0B B8 9F 9B BA 00 CC DE 67 15 83 8B F4 40  ..........g....@
000008C0:  5B FB D7 62 E4 5B AC B8 DB CB 24 E3 36 2C 14 41  [..b.[....$.6,.A
000008D0:  A2 7C 54 82 92 E1 61 DD 71 1C C2 89 6B CF 54 07  .|T...a.q...k.T.
000008E0:  8F D0 24 0E 72 05 4E B4 56 D6 8C B4 E4 71 D6 82  ..$.r.N.V....q..
000008F0:  0C 08 4C 9D ED 72 7D 89 96 24 85 E3 11 8D EB 36  ..L..r}..$.....6
00000900:  EF A9 99 C6 67 6A F0 4B F0 A5 F3 F6 04 BA 6C AB  ....gj.K......l.
00000910:  5D 53 28 C1 F0 D9 49 C8 7A 60 8D 89 2B 91 40 E6  ]S(...I.z`..+.@.
00000920:  DF DF 9E 76 0D 33 E2 2D 17 F6 E9 D8 36 0C CC 52  ...v.3.-....6..R
00000930:  C6 81 B9 D4 E5 45 D1 76 1D 82 8B 72 97 77 3B 81  .....E.v...r.w;.
00000940:  51 60 AE EB 87 EA 81 58 A2 B9 FC 9E 70 D5 BF 57  Q`.....X....p..W
00000950:  59 82 1E 65 F5 B4 20 45 A2 D2 09 75 AC 74 3F DA  Y..e.. E...u.t?.
00000960:  2D C3 3D F4 CC 75 86 DE C4 B2 06 4E 09 48 25 4B  -.=..u.....N.H%K
00000970:  02 AD 72 34 85 4D DE C0 21 93 B1 53 E5 4F 64 7D  ..r4.M..!..S.Od}
00000980:  6C A7 44 D0 F2 B1 11 C3 D8 14 43 F4 4B 37 59 0A  l.D.......C.K7Y.
00000990:  A6 85 3B D8 9E F6 7E 65 79 E6 60 63 EF 81 82 1B  ..;...~ey.`c....
000009A0:  E8 4D 66 D5 64 4F E5 85 4A 8C 3B B9 56 A0 46 EF  .Mf.dO..J.;.V.F.
000009B0:  B8 AE 55 86 FE CC 9A 8D 19 6D 35 15 27 4D AE 8D  ..U......m5.'M..
000009C0:  8B 3E 5C A9 26 B6 B1 BB B7 1A 3F 3B F0 9D A3 C9  .>\.&.....?;....
000009D0:  50 62 62 05 E0 6D 52 64 C3 01 88 D5 CF FB A5 21  Pbb..mRd.......!
000009E0:  BD 5D 92 8F 3B 6F 9D 77 28 74 F0 9A 5F AB D0 56  .]..;o.w(t.._..V
000009F0:  D3 2B 89 EC D4 EF 57 B2 A6 4C 27 AA 89 69 60 A8  .+....W..L'..i`.
00000A00:  6A 5D B3 26 B5 77 00 CF 3D 2E FD E6 1F 78 C9 4A  j].&.w..=....x.J
00000A10:  1F E6 51 D4 26 9D F3 7B E0 7B 11 D0 23 E0 83 B1  ..Q.&..{.{..#...
00000A20:  D1 82 29 A8 21 01 2C 15 A0 7A 40 5F 35 86 DA 82  ..).!.,..z@_5...
00000A30:  FB CA A4 B9 9E 0D F2 21 A6 93 09 7D EA 69 69 F5  .......!...}.ii.
00000A40:  C9 40 AA DA 52 73 79 22 52 C7 9E A1 18 A4 99 9A  .@..Rsy"R.......
00000A50:  88 28 55 84 43 46 2B E2 F1 95 55 19 14 BD F9 70  .(U.CF+...U....p
00000A60:  39 D8 DA 2B 8F FB BA 49 7E E2 9A CF 2B E1 B7 15  9..+...I~...+...
00000A70:  49 1E 53 1A 5A 9F 00 00 00 00 00 00 00 00 00 00  I.S.Z...........
00000A80:  00 00 00 00 00 00 00 00 00 00 00 00 00 00 00 00  ................ [zeros]
00000A90:  00 00 00 00 00 00 00 00 00 00 00 00 00 00 00 00  ................ [zeros]
00000AA0:  00 00 00 00 00 00 00 00 00 00 00 00 00 00 00 00  ................ [zeros]
00000AB0:  00 00 00 00 00 00 00 00 00 00 00 00 00 00 00 00  ................ [zeros]
00000AC0:  00 00 00 00 00 00 00 00 00 00 00 00 00 00 00 00  ................ [zeros]
00000AD0:  00 00 00 00 00 00 00 00 00 00 00 00 00 00 00 00  ................ [zeros]
00000AE0:  00 00 00 00 00 00 00 00 00 00 00 00 00 00 00 00  ................ [zeros]
00000AF0:  00 00 00 00 00 00 00 00 00 00 00 00 00 00 00 00  ................ [zeros]
00000B00:  00 00 00 00 00 00 00 00 00 00 00 00 00 00 00 00  ................ [zeros]
00000B10:  00 00 00 00 00 00 00 00 00 00 00 00 00 00 00 00  ................ [zeros]
00000B20:  00 00 00 00 00 00 00 00 00 00 00 00 00 00 00 00  ................ [zeros]
00000B30:  00 00 00 00 00 00 00 00 00 00 00 00 00 00 00 00  ................ [zeros]
00000B40:  00 00 00 00 00 00 00 00 00 00 00 00 00 00 00 00  ................ [zeros]
00000B50:  00 00 00 00 00 00 00 00 00 00 00 00 00 00 00 00  ................ [zeros]
00000B60:  00 00 00 00 00 00 00 00 00 00 00 00 00 00 00 00  ................ [zeros]
00000B70:  00 00 00 00 00 00 00 00 00 00 00 00 00 00 00 00  ................ [zeros]
00000B80:  00 00 00 00 00 00 00 00 00 00 00 00 00 00 00 00  ................ [zeros]
00000B90:  00 00 00 00 00 00 00 00 00 00 00 00 00 00 00 00  ................ [zeros]
00000BA0:  00 00 00 00 00 00 00 00 00 00 00 00 00 00 00 00  ................ [zeros]
00000BB0:  00 00 00 00 00 00 00 00 00 00 00 00 00 00 00 00  ................ [zeros]
00000BC0:  00 00 00 00 00 00 00 00 00 00 00 00 00 00 00 00  ................ [zeros]
00000BD0:  00 00 00 00 00 00 00 00 00 00 00 00 00 00 00 00  ................ [zeros]
00000BE0:  00 00 00 00 00 00 00 00 00 00 00 00 00 00 00 00  ................ [zeros]
00000BF0:  00 00 00 00 00 00 00 00 00 00 00 00 00 00 00 00  ................ [zeros]
00000C00:  00 00 00 00 00 00 00 00 00 00 00 00 00 00 00 00  ................ [zeros]
00000C10:  00 00 00 00 00 00 00 00 00 00 00 00 00 00 00 00  ................ [zeros]
00000C20:  00 00 00 00 00 00 00 00 00 00 00 00 00 00 00 00  ................ [zeros]
00000C30:  00 00 00 00 00 00 00 00 00 00 00 00 00 00 00 00  ................ [zeros]
00000C40:  00 00 00 00 00 00 00 00 00 00 00 00 00 00 00 00  ................ [zeros]
00000C50:  00 00 00 00 00 00 00 00 00 00 00 00 00 00 00 00  ................ [zeros]
00000C60:  00 00 00 00 00 00 00 00 00 00 00 00 00 00 00 00  ................ [zeros]
00000C70:  00 00 00 00 00 00 00 00 00 00 00 00 00 00 00 00  ................ [zeros]
00000C80:  00 00 00 00 00 00 00 00 00 00 00 00 00 00 00 00  ................ [zeros]
00000C90:  00 00 00 00 00 00 00 00 00 00 00 00 00 00 00 00  ................ [zeros]
00000CA0:  00 00 00 00 00 00 00 00 00 00 00 00 00 00 00 00  ................ [zeros]
00000CB0:  00 00 00 00 00 00 00 00 00 00 00 00 00 00 00 00  ................ [zeros]
00000CC0:  00 00 00 00 00 00 00 00 00 00 00 00 00 00 00 00  ................ [zeros]
00000CD0:  00 00 00 00 00 00 00 00 00 00 00 00 00 00 00 00  ................ [zeros]
00000CE0:  00 00 00 00 00 00 00 00 00 00 00 00 00 00 00 00  ................ [zeros]
00000CF0:  00 00 00 00 00 00 00 00 00 00 00 00 00 00 00 00  ................ [zeros]
00000D00:  00 00 00 00 00 00 00 00 00 00 00 00 00 00 00 00  ................ [zeros]
00000D10:  00 00 00 00 00 00 00 00 00 00 00 00 00 00 00 00  ................ [zeros]
00000D20:  00 00 00 00 00 00 00 00 00 00 00 00 00 00 00 00  ................ [zeros]
00000D30:  00 00 00 00 00 00 00 00 00 00 00 00 00 00 00 00  ................ [zeros]
00000D40:  00 00 00 00 00 00 00 00 00 00 00 00 00 00 00 00  ................ [zeros]
00000D50:  00 00 00 00 00 00 00 00 00 00 00 00 00 00 00 00  ................ [zeros]
00000D60:  00 00 00 00 00 00 00 00 00 00 00 00 00 00 00 00  ................ [zeros]
00000D70:  00 00 00 00 00 00 00 00 00 00 00 00 00 00 00 00  ................ [zeros]
00000D80:  00 00 00 00 00 00 00 00 00 00 00 00 00 00 00 00  ................ [zeros]
00000D90:  00 00 00 00 00 00 00 00 00 00 00 00 00 00 00 00  ................ [zeros]
00000DA0:  00 00 00 00 00 00 00 00 00 00 00 00 00 00 00 00  ................ [zeros]
00000DB0:  00 00 00 00 00 00 00 00 00 00 00 00 00 00 00 00  ................ [zeros]
00000DC0:  00 00 00 00 00 00 00 00 00 00 00 00 00 00 00 00  ................ [zeros]
00000DD0:  00 00 00 00 00 00 00 00 00 00 00 00 00 00 00 00  ................ [zeros]
00000DE0:  00 00 00 00 00 00 00 00 00 00 00 00 00 00 00 00  ................ [zeros]
00000DF0:  00 00 00 00 00 00 00 00 00 00 00 00 00 00 00 00  ................ [zeros]
00000E00:  00 00 00 00 00 00 00 00 00 00 00 00 00 00 00 00  ................ [zeros]
00000E10:  00 00 00 00 00 00 00 00 00 00 00 00 00 00 00 00  ................ [zeros]
00000E20:  00 00 00 00 00 00 00 00 00 00 00 00 00 00 00 00  ................ [zeros]
00000E30:  00 00 00 00 00 00 00 00 00 00 00 00 00 00 00 00  ................ [zeros]
00000E40:  00 00 00 00 00 00 00 00 00 00 00 00 00 00 00 00  ................ [zeros]
00000E50:  00 00 00 00 00 00 00 00 00 00 00 00 00 00 00 00  ................ [zeros]
00000E60:  00 00 00 00 00 00 EE BF 77 F9 AE E6 0D 45 83 47  ........w....E.G
00000E70:  19 36 21 32 40 0A 00 00 00 00 00 00 00 00 00 00  .6!2@...........
00000E80:  00 00 00 00 00 00 00 00 00 00 00 00 00 00 00 00  ................ [zeros]
00000E90:  00 00 00 00 00 00 00 00 00 00 00 00 00 00 00 00  ................ [zeros]
00000EA0:  00 00 00 00 00 00 00 00 00 00 00 00 00 00 00 00  ................ [zeros]
00000EB0:  00 00 00 00 00 00 00 00 00 00 00 00 00 00 00 00  ................ [zeros]
00000EC0:  00 00 00 00 00 00 00 00 00 00 00 00 00 00 00 00  ................ [zeros]
00000ED0:  00 00 00 00 00 00 00 00 00 00 00 00 00 00 00 00  ................ [zeros]
00000EE0:  00 00 00 00 00 00 00 00 00 00 00 00 00 00 00 00  ................ [zeros]
00000EF0:  00 00 00 00 00 00 00 00 00 00 00 00 00 00 00 00  ................ [zeros]
00000F00:  00 00 00 00 00 00 00 00 00 00 00 00 00 00 00 00  ................ [zeros]
00000F10:  00 00 00 00 00 00 00 00 00 00 00 00 00 00 00 00  ................ [zeros]
00000F20:  00 00 00 00 00 00 00 00 00 00 00 00 00 00 00 00  ................ [zeros]
00000F30:  00 00 00 00 00 00 00 00 00 00 00 00 00 00 00 00  ................ [zeros]
00000F40:  00 00 00 00 00 00 00 00 00 00 00 00 00 00 00 00  ................ [zeros]
00000F50:  00 00 00 00 00 00 00 00 00 00 00 00 00 00 00 00  ................ [zeros]
00000F60:  00 00 00 00 00 00 00 00 00 00 00 00 00 00 00 00  ................ [zeros]
00000F70:  00 00 00 00 00 00 00 00 00 00 00 00 00 00 00 00  ................ [zeros]
00000F80:  00 00 00 00 00 00 00 00 00 00 00 00 00 00 00 00  ................ [zeros]
00000F90:  00 00 00 00 00 00 00 00 00 00 00 00 00 00 00 00  ................ [zeros]
00000FA0:  00 00 00 00 00 00 00 00 00 00 00 00 00 00 00 00  ................ [zeros]
00000FB0:  00 00 00 00 00 00 00 00 00 00 00 00 00 00 00 00  ................ [zeros]
00000FC0:  00 00 00 00 00 00 00 00 00 00 00 00 00 00 00 00  ................ [zeros]
00000FD0:  00 00 00 00 00 00 00 00 00 00 00 00 00 00 00 00  ................ [zeros]
00000FE0:  00 00 00 00 00 00 00 00 00 00 00 00 00 00 00 00  ................ [zeros]
00000FF0:  00 00 00 00 00 00 00 00 00 00 00 00 00 00 00 00  ................ [zeros]
00001000:  00 00 00 00 00 00 00 00 00 00 00 00 00 00 00 00  ................ [zeros]
00001010:  00 00 00 00 00 00 00 00 00 00 00 00 00 00 00 00  ................ [zeros]
00001020:  00 00 00 00 00 00 00 00 00 00 00 00 00 00 00 00  ................ [zeros]
00001030:  00 00 00 00 00 00 00 00 00 00 00 00 00 00 00 00  ................ [zeros]
00001040:  00 00 00 00 00 00 00 00 00 00 00 00 00 00 00 00  ................ [zeros]
00001050:  00 00 00 00 00 00 00 00 00 00 00 00 00 00 00 00  ................ [zeros]
00001060:  00 00 00 00 00 00 00 00 00 00 00 00 00 00 00 00  ................ [zeros]
00001070:  00 00 00 00 00 00 00 00 00 00 00 00 00 00 00 00  ................ [zeros]
00001080:  00 00 00 00 00 00 00 00 00 00 00 00 00 00 00 00  ................ [zeros]
00001090:  00 00 00 00 00 00 00 00 00 00 00 00 00 00 00 00  ................ [zeros]
000010A0:  00 00 00 00 00 00 00 00 00 00 00 00 00 00 00 00  ................ [zeros]
000010B0:  00 00 00 00 00 00 00 00 00 00 00 00 00 00 00 00  ................ [zeros]
000010C0:  00 00 00 00 00 00 00 00 00 00 00 00 00 00 00 00  ................ [zeros]
000010D0:  00 00 00 00 00 00 00 00 00 00 00 00 00 00 00 00  ................ [zeros]
000010E0:  00 00 00 00 00 00 00 00 00 00 00 00 00 00 00 00  ................ [zeros]
000010F0:  00 00 00 00 00 00 00 00 00 00 00 00 00 00 00 00  ................ [zeros]
00001100:  00 00 00 00 00 00 00 00 00 00 00 00 00 00 00 00  ................ [zeros]
00001110:  00 00 00 00 00 00 00 00 00 00 00 00 00 00 00 00  ................ [zeros]
00001120:  00 00 00 00 00 00 00 00 00 00 00 00 00 00 00 00  ................ [zeros]
00001130:  00 00 00 00 00 00 00 00 00 00 00 00 00 00 00 00  ................ [zeros]
00001140:  00 00 00 00 00 00 00 00 00 00 00 00 00 00 00 00  ................ [zeros]
00001150:  00 00 00 00 00 00 00 00 00 00 00 00 00 00 00 00  ................ [zeros]
00001160:  00 00 00 00 00 00 00 00 00 00 00 00 00 00 00 00  ................ [zeros]
00001170:  00 00 00 00 00 00 00 00 00 00 00 00 00 00 00 00  ................ [zeros]
00001180:  00 00 00 00 00 00 00 00 00 00 00 00 00 00 00 00  ................ [zeros]
00001190:  00 00 00 00 00 00 00 00 00 00 00 00 00 00 00 00  ................ [zeros]
000011A0:  00 00 00 00 00 00 00 00 00 00 00 00 00 00 00 00  ................ [zeros]
000011B0:  00 00 00 00 00 00 00 00 00 00 00 00 00 00 00 00  ................ [zeros]
000011C0:  00 00 00 00 00 00 00 00 00 00 00 00 00 00 00 00  ................ [zeros]
000011D0:  00 00 00 00 00 00 00 00 00 00 00 00 00 00 00 00  ................ [zeros]
000011E0:  00 00 00 00 00 00 00 00 00 00 00 00 00 00 00 00  ................ [zeros]
000011F0:  00 00 00 00 00 00 00 00 00 00 00 00 00 00 00 00  ................ [zeros]
00001200:  00 00 00 00 00 00 00 00 00 00 00 00 00 00 00 00  ................ [zeros]
00001210:  00 00 00 00 00 00 00 00 00 00 00 00 00 00 00 00  ................ [zeros]
00001220:  00 00 00 00 00 00 00 00 00 00 00 00 00 00 00 00  ................ [zeros]
00001230:  00 00 00 00 00 00 00 00 00 00 00 00 00 00 00 00  ................ [zeros]
00001240:  00 00 00 00 00 00 00 00 00 00 00 00 00 00 00 00  ................ [zeros]
00001250:  00 00 00 00 00 00 00 00 00 00 00 00 00 00 00 00  ................ [zeros]
00001260:  00 00 00 00 00 00 1E BB 7D 49 07 AB CF 8A 6F D8  ........}I....o.
00001270:  3F FC 4F 24 A9 7B 00 00 00 00 00 00 00 00 00 00  ?.O$.{..........
00001280:  00 00 00 00 00 00 00 00 00 00 00 00 00 00 00 00  ................ [zeros]
00001290:  00 00 00 00 00 00 00 00 00 00 00 00 00 00 00 00  ................ [zeros]
000012A0:  00 00 00 00 00 00 00 00 00 00 00 00 00 00 00 00  ................ [zeros]
000012B0:  00 00 00 00 00 00 00 00 00 00 00 00 00 00 00 00  ................ [zeros]
000012C0:  00 00 00 00 00 00 00 00 00 00 00 00 00 00 00 00  ................ [zeros]
000012D0:  00 00 00 00 00 00 00 00 00 00 00 00 00 00 00 00  ................ [zeros]
000012E0:  00 00 00 00 00 00 00 00 00 00 00 00 00 00 00 00  ................ [zeros]
000012F0:  00 00 00 00 00 00 00 00 00 00 00 00 00 00 00 00  ................ [zeros]
00001300:  00 00 00 00 00 00 00 00 00 00 00 00 00 00 00 00  ................ [zeros]
00001310:  00 00 00 00 00 00 00 00 00 00 00 00 00 00 00 00  ................ [zeros]
00001320:  00 00 00 00 00 00 00 00 00 00 00 00 00 00 00 00  ................ [zeros]
00001330:  00 00 00 00 00 00 00 00 00 00 00 00 00 00 00 00  ................ [zeros]
00001340:  00 00 00 00 00 00 00 00 00 00 00 00 00 00 00 00  ................ [zeros]
00001350:  00 00 00 00 00 00 00 00 00 00 00 00 00 00 00 00  ................ [zeros]
00001360:  00 00 00 00 00 00 00 00 00 00 00 00 00 00 00 00  ................ [zeros]
00001370:  00 00 00 00 00 00 00 00 00 00 00 00 00 00 00 00  ................ [zeros]
00001380:  00 00 00 00 00 00 00 00 00 00 00 00 00 00 00 00  ................ [zeros]
00001390:  00 00 00 00 00 00 00 00 00 00 00 00 00 00 00 00  ................ [zeros]
000013A0:  00 00 00 00 00 00 00 00 00 00 00 00 00 00 00 00  ................ [zeros]
000013B0:  00 00 00 00 00 00 00 00 00 00 00 00 00 00 00 00  ................ [zeros]
000013C0:  00 00 00 00 00 00 00 00 00 00 00 00 00 00 00 00  ................ [zeros]
000013D0:  00 00 00 00 00 00 00 00 00 00 00 00 00 00 00 00  ................ [zeros]
000013E0:  00 00 00 00 00 00 00 00 00 00 00 00 00 00 00 00  ................ [zeros]
000013F0:  00 00 00 00 00 00 00 00 00 00 00 00 00 00 00 00  ................ [zeros]
00001400:  00 00 00 00 00 00 00 00 00 00 00 00 00 00 00 00  ................ [zeros]
00001410:  00 00 00 00 00 00 00 00 00 00 00 00 00 00 00 00  ................ [zeros]
00001420:  00 00 00 00 00 00 00 00 00 00 00 00 00 00 00 00  ................ [zeros]
00001430:  00 00 00 00 00 00 00 00 00 00 00 00 00 00 00 00  ................ [zeros]
00001440:  00 00 00 00 00 00 00 00 00 00 00 00 00 00 00 00  ................ [zeros]
00001450:  00 00 00 00 00 00 00 00 00 00 00 00 00 00 00 00  ................ [zeros]
00001460:  00 00 00 00 00 00 00 00 00 00 00 00 00 00 00 00  ................ [zeros]
00001470:  00 00 00 00 00 00 00 00 00 00 00 00 00 00 00 00  ................ [zeros]
00001480:  00 00 00 00 00 00 00 00 00 00 00 00 00 00 00 00  ................ [zeros]
00001490:  00 00 00 00 00 00 00 00 00 00 00 00 00 00 00 00  ................ [zeros]
000014A0:  00 00 00 00 00 00 00 00 00 00 00 00 00 00 00 00  ................ [zeros]
000014B0:  00 00 00 00 00 00 00 00 00 00 00 00 00 00 00 00  ................ [zeros]
000014C0:  00 00 00 00 00 00 00 00 00 00 00 00 00 00 00 00  ................ [zeros]
000014D0:  00 00 00 00 00 00 00 00 00 00 00 00 00 00 00 00  ................ [zeros]
000014E0:  00 00 00 00 00 00 00 00 00 00 00 00 00 00 00 00  ................ [zeros]
000014F0:  00 00 00 00 00 00 00 00 00 00 00 00 00 00 00 00  ................ [zeros]
00001500:  00 00 00 00 00 00 00 00 00 00 00 00 00 00 00 00  ................ [zeros]
00001510:  00 00 00 00 00 00 00 00 00 00 00 00 00 00 00 00  ................ [zeros]
00001520:  00 00 00 00 00 00 00 00 00 00 00 00 00 00 00 00  ................ [zeros]
00001530:  00 00 00 00 00 00 00 00 00 00 00 00 00 00 00 00  ................ [zeros]
00001540:  00 00 00 00 00 00 00 00 00 00 00 00 00 00 00 00  ................ [zeros]
00001550:  00 00 00 00 00 00 00 00 00 00 00 00 00 00 00 00  ................ [zeros]
00001560:  00 00 00 00 00 00 00 00 00 00 00 00 00 00 00 00  ................ [zeros]
00001570:  00 00 00 00 00 00 00 00 00 00 00 00 00 00 00 00  ................ [zeros]
00001580:  00 00 00 00 00 00 00 00 00 00 00 00 00 00 00 00  ................ [zeros]
00001590:  00 00 00 00 00 00 00 00 00 00 00 00 00 00 00 00  ................ [zeros]
000015A0:  00 00 00 00 00 00 00 00 00 00 00 00 00 00 00 00  ................ [zeros]
000015B0:  00 00 00 00 00 00 00 00 00 00 00 00 00 00 00 00  ................ [zeros]
000015C0:  00 00 00 00 00 00 00 00 00 00 00 00 00 00 00 00  ................ [zeros]
000015D0:  00 00 00 00 00 00 00 00 00 00 00 00 00 00 00 00  ................ [zeros]
000015E0:  00 00 00 00 00 00 00 00 00 00 00 00 00 00 00 00  ................ [zeros]
000015F0:  00 00 00 00 00 00 00 00 00 00 00 00 00 00 00 00  ................ [zeros]
00001600:  00 00 00 00 00 00 00 00 00 00 00 00 00 00 00 00  ................ [zeros]
00001610:  00 00 00 00 00 00 00 00 00 00 00 00 00 00 00 00  ................ [zeros]
00001620:  00 00 00 00 00 00 00 00 00 00 00 00 00 00 00 00  ................ [zeros]
00001630:  00 00 00 00 00 00 00 00 00 00 00 00 00 00 00 00  ................ [zeros]
00001640:  00 00 00 00 00 00 00 00 00 00 00 00 00 00 00 00  ................ [zeros]
00001650:  00 00 00 00 00 00 00 00 00 00 00 00 00 00 00 00  ................ [zeros]
00001660:  00 00 00 00 00 00 AA A2 83 E1 31 BA D9 7A 3B 74  ..........1..z;t
00001670:  7E 07 8F 22 A1 6F 00 00 00 00 00 00 00 00 00 00  ~..".o..........
00001680:  00 00 00 00 00 00 00 00 00 00 00 00 00 00 00 00  ................ [zeros]
00001690:  00 00 00 00 00 00 00 00 00 00 00 00 00 00 00 00  ................ [zeros]
000016A0:  00 00 00 00 00 00 00 00 00 00 00 00 00 00 00 00  ................ [zeros]
000016B0:  00 00 00 00 00 00 00 00 00 00 00 00 00 00 00 00  ................ [zeros]
000016C0:  00 00 00 00 00 00 00 00 00 00 00 00 00 00 00 00  ................ [zeros]
000016D0:  00 00 00 00 00 00 00 00 00 00 00 00 00 00 00 00  ................ [zeros]
000016E0:  00 00 00 00 00 00 00 00 00 00 00 00 00 00 00 00  ................ [zeros]
000016F0:  00 00 00 00 00 00 00 00 00 00 00 00 00 00 00 00  ................ [zeros]
00001700:  00 00 00 00 00 00 00 00 00 00 00 00 00 00 00 00  ................ [zeros]
00001710:  00 00 00 00 00 00 00 00 00 00 00 00 00 00 00 00  ................ [zeros]
00001720:  00 00 00 00 00 00 00 00 00 00 00 00 00 00 00 00  ................ [zeros]
00001730:  00 00 00 00 00 00 00 00 00 00 00 00 00 00 00 00  ................ [zeros]
00001740:  00 00 00 00 00 00 00 00 00 00 00 00 00 00 00 00  ................ [zeros]
00001750:  00 00 00 00 00 00 00 00 00 00 00 00 00 00 00 00  ................ [zeros]
00001760:  00 00 00 00 00 00 00 00 00 00 00 00 00 00 00 00  ................ [zeros]
00001770:  00 00 00 00 00 00 00 00 00 00 00 00 00 00 00 00  ................ [zeros]
00001780:  00 00 00 00 00 00 00 00 00 00 00 00 00 00 00 00  ................ [zeros]
00001790:  00 00 00 00 00 00 00 00 00 00 00 00 00 00 00 00  ................ [zeros]
000017A0:  00 00 00 00 00 00 00 00 00 00 00 00 00 00 00 00  ................ [zeros]
000017B0:  00 00 00 00 00 00 00 00 00 00 00 00 00 00 00 00  ................ [zeros]
000017C0:  00 00 00 00 00 00 00 00 00 00 00 00 00 00 00 00  ................ [zeros]
000017D0:  00 00 00 00 00 00 00 00 00 00 00 00 00 00 00 00  ................ [zeros]
000017E0:  00 00 00 00 00 00 00 00 00 00 00 00 00 00 00 00  ................ [zeros]
000017F0:  00 00 00 00 00 00 00 00 00 00 00 00 00 00 00 00  ................ [zeros]
00001800:  00 00 00 00 00 00 00 00 00 00 00 00 00 00 00 00  ................ [zeros]
00001810:  00 00 00 00 00 00 00 00 00 00 00 00 00 00 00 00  ................ [zeros]
00001820:  00 00 00 00 00 00 00 00 00 00 00 00 00 00 00 00  ................ [zeros]
00001830:  00 00 00 00 00 00 00 00 00 00 00 00 00 00 00 00  ................ [zeros]
00001840:  00 00 00 00 00 00 00 00 00 00 00 00 00 00 00 00  ................ [zeros]
00001850:  00 00 00 00 00 00 00 00 00 00 00 00 00 00 00 00  ................ [zeros]
00001860:  00 00 00 00 00 00 00 00 00 00 00 00 00 00 00 00  ................ [zeros]
00001870:  00 00 00 00 00 00 00 00 00 00 00 00 00 00 00 00  ................ [zeros]
00001880:  00 00 00 00 00 00 00 00 00 00 00 00 00 00 00 00  ................ [zeros]
00001890:  00 00 00 00 00 00 00 00 00 00 00 00 00 00 00 00  ................ [zeros]
000018A0:  00 00 00 00 00 00 00 00 00 00 00 00 00 00 00 00  ................ [zeros]
000018B0:  00 00 00 00 00 00 00 00 00 00 00 00 00 00 00 00  ................ [zeros]
000018C0:  00 00 00 00 00 00 00 00 00 00 00 00 00 00 00 00  ................ [zeros]
000018D0:  00 00 00 00 00 00 00 00 00 00 00 00 00 00 00 00  ................ [zeros]
000018E0:  00 00 00 00 00 00 00 00 00 00 00 00 00 00 00 00  ................ [zeros]
000018F0:  00 00 00 00 00 00 00 00 00 00 00 00 00 00 00 00  ................ [zeros]
00001900:  00 00 00 00 00 00 00 00 00 00 00 00 00 00 00 00  ................ [zeros]
00001910:  00 00 00 00 00 00 00 00 00 00 00 00 00 00 00 00  ................ [zeros]
00001920:  00 00 00 00 00 00 00 00 00 00 00 00 00 00 00 00  ................ [zeros]
00001930:  00 00 00 00 00 00 00 00 00 00 00 00 00 00 00 00  ................ [zeros]
00001940:  00 00 00 00 00 00 00 00 00 00 00 00 00 00 00 00  ................ [zeros]
00001950:  00 00 00 00 00 00 00 00 00 00 00 00 00 00 00 00  ................ [zeros]
00001960:  00 00 00 00 00 00 00 00 00 00 00 00 00 00 00 00  ................ [zeros]
00001970:  00 00 00 00 00 00 00 00 00 00 00 00 00 00 00 00  ................ [zeros]
00001980:  00 00 00 00 00 00 00 00 00 00 00 00 00 00 00 00  ................ [zeros]
00001990:  00 00 00 00 00 00 00 00 00 00 00 00 00 00 00 00  ................ [zeros]
000019A0:  00 00 00 00 00 00 00 00 00 00 00 00 00 00 00 00  ................ [zeros]
000019B0:  00 00 00 00 00 00 00 00 00 00 00 00 00 00 00 00  ................ [zeros]
000019C0:  00 00 00 00 00 00 00 00 00 00 00 00 00 00 00 00  ................ [zeros]
000019D0:  00 00 00 00 00 00 00 00 00 00 00 00 00 00 00 00  ................ [zeros]
000019E0:  00 00 00 00 00 00 00 00 00 00 00 00 00 00 00 00  ................ [zeros]
000019F0:  00 00 00 00 00 00 00 00 00 00 00 00 00 00 00 00  ................ [zeros]
00001A00:  00 00 00 00 00 00 00 00 00 00 00 00 00 00 00 00  ................ [zeros]
00001A10:  00 00 00 00 00 00 00 00 00 00 00 00 00 00 00 00  ................ [zeros]
00001A20:  00 00 00 00 00 00 00 00 00 00 00 00 00 00 00 00  ................ [zeros]
00001A30:  00 00 00 00 00 00 00 00 00 00 00 00 00 00 00 00  ................ [zeros]
00001A40:  00 00 00 00 00 00 00 00 00 00 00 00 00 00 00 00  ................ [zeros]
00001A50:  00 00 00 00 00 00 00 00 00 00 00 00 00 00 00 00  ................ [zeros]
00001A60:  00 00 00 00 00 00 00 00 00 00 00 00 00 00 00 00  ................ [zeros]
00001A70:  00 00 00 00 00 00 BC FE 2A 89 D9 CE C6 E3 06 7F  ........*.......
00001A80:  E6 B9 CA 6C 31 9D AA 7A 05 CA E0 60 79 99 F9 4B  ...l1..z...`y..K
00001A90:  A5 7D 5B 0A 7A AB 22 F2 8E 11 D5 2C 66 58 28 1A  .}[.z."....,fX(.
00001AA0:  65 D9 59 9A 31 12 A8 39 E0 F5 74 A6 C1 7E DC 9F  e.Y.1..9..t..~..
00001AB0:  A0 BA 10 97 E4 B8 DD C2 62 35 09 50 D5 88 66 A1  ........b5.P..f.
00001AC0:  C8 0C 2D F8 F3 91 0D 23 8C 7A FF 90 B1 3E 5B E0  ..-....#.z...>[.
00001AD0:  32 F2 75 88 5B FF 21 97 97 E6 4C B4 64 05 65 98  2.u.[.!...L.d.e.
00001AE0:  B7 9E 82 E5 4D DF CE 82 1D E7 5B 38 AE DC B6 11  ....M.....[8....
00001AF0:  6E C4 A2 69 5E F7 99 EE 81 74 6C 18 49 9C 19 DD  n..i^....tl.I...
00001B00:  6C D3 A8 05 ED BB FC B3 EF 87 77 78 84 C5 E8 D7  l.........wx....
00001B10:  B6 CF 75 50 7E 44 E7 C8 5D 12 74 69 86 1E 30 87  ..uP~D..].ti..0.
00001B20:  59 C5 85 D3 BB DE CD A9 CF 37 78 F4 0A D0 F5 B1  Y........7x.....
00001B30:  1F C8 67 1E AB 85 FB 34 B4 5B 54 3B 84 1E 3E FF  ..g....4.[T;..>.
00001B40:  5F 11 37 B6 72 CB 1F C7 E3 3A 46 A0 30 AA A3 F8  _.7.r....:F.0...
00001B50:  88 ED ED 89 B5 C2 A0 66 BE C1 13 B8 D7 29 86 2F  .......f.....)./
00001B60:  45 8E 51 2E E3 E2 D1 3E 8F D4 7C 05 F7 D2 6D 13  E.Q....>..|...m.
00001B70:  F8 5D 12 C7 CD C7 F0 57 01 B3 51 35 1A 6B DA 64  .].....W..Q5.k.d
00001B80:  41 B0 F4 B3 B9 3A 84 61 A8 59 85 FE C2 43 D4 AD  A....:.a.Y...C..
00001B90:  4B A8 18 21 A7 8B 87 A7 C6 57 29 50 B8 74 00 2A  K..!.....W)P.t.*
00001BA0:  87 81 15 99 CA CF 66 BF 83 A6 88 FB BE 4B 73 2D  ......f......Ks-
00001BB0:  30 52 3B B8 F0 F2 E7 29 AD 3D BB 18 0D 17 9D 49  0R;....).=.....I
00001BC0:  1C D3 13 46 97 BC DF 15 21 2F D0 07 EC 33 13 F5  ...F....!/...3..
00001BD0:  AC 3D ED 02 1B 4B 8F 68 51 61 93 27 7D 6B D0 81  .=...K.hQa.'}k..
00001BE0:  42 E8 24 3A 2B AF 81 69 55 1D FA 6B 8D BF 5C 1F  B.$:+..iU..k..\.
00001BF0:  96 66 50 3C 92 BE 06 93 8A 97 B1 27 7B F9 98 0A  .fP<.......'{...
00001C00:  E2 3C 57 91 72 02 7A 7A 63 23 60 49 A3 30 12 B1  .<W.r.zzc#`I.0..
00001C10:  47 21 57 61 28 D8 19 9B 71 84 4B B8 6D 06 DC F2  G!Wa(...q.K.m...
00001C20:  15 FC 20 66 2E EE C3 A8 89 DE B9 6A C0 6B 32 56  .. f.......j.k2V
00001C30:  E3 66 C1 75 69 A3 45 52 D0 A6 AC FB CA 1E AD 78  .f.ui.ER.......x
00001C40:  D8 98 4B 8E D4 0A 10 0A 89 FC BD 96 0E 95 E6 73  ..K............s
00001C50:  0A 43 6B 82 E9 2C CA 56 1D 97 B7 54 CF 76 EC 56  .Ck..,.V...T.v.V
00001C60:  DE C5 22 FF 53 5D 29 87 65 EF 4F EE FA 60 24 68  ..".S]).e.O..`$h
00001C70:  D4 B3 41 20 D4 F3 2D BA EA 62 8B EA CF 90 C5 F3  ..A ..-..b......
00001C80:  B9 81 F9 6F 39 93 9B 68 C7 57 BE 9A A4 8A 83 02  ...o9..h.W......
00001C90:  07 CA 6C BF 8B AD A8 39 E0 F5 74 A6 C1 7E DC 9F  ..l....9..t..~..
00001CA0:  A0 BA 10 97 E4 B8 32 87 DA D3 1F 0D DC 27 E7 DE  ......2......'..
00001CB0:  6B 27 C8 E9 43 2D 31 9A 58 8F 04 D7 F4 F3 F7 9A  k'..C-1.X.......
00001CC0:  4B DE C0 77 87 B0 21 97 97 E6 4C B4 64 05 65 98  K..w..!...L.d.e.
00001CD0:  B7 9E 82 E5 4D DF FE DE 14 51 19 63 81 00 05 1F  ....M....Q.c....
00001CE0:  1D 4E B7 5E F7 C3 44 76 D8 5D 50 CD 58 29 7A 3A  .N.^..Dv.]P.X)z:
00001CF0:  FA 09 07 F4 14 33 CF 03 FC FD 7B 00 DE 1F F6 76  .....3....{....v
00001D00:  32 A9 44 4E E1 D2 72 5D 05 F8 DA 7D 6E 03 E9 2A  2.DN..r]...}n..*
00001D10:  E0 54 4C 71 01 C6 0B 9C 01 4C C8 EB 23 12 75 46  .TLq.....L..#.uF
00001D20:  9C 93 2B BC 2C 74 A7 90 8C F7 F2 18 D1 3C 83 C5  ..+.,t.......<..
00001D30:  34 56 A3 96 D3 CE 27 B0 A0 25 DF 43 E8 73 8C 3C  4V....'..%.C.s.<
00001D40:  5B 31 37 73 8B B2 C2 38 1D 4B FB 82 BE 2B AB 34  [17s...8.K...+.4
00001D50:  A4 3B 0B 3B C4 11 22 8A 47 E2 3B 1D 45 7A 95 9C  .;.;..".G.;.Ez..
00001D60:  95 12 36 2B D2 87 D2 B7 CA 90 16 71 9B 48 AD 9B  ..6+.......q.H..
00001D70:  C1 D1 E3 74 DE 5C 50 E0 21 2E 0C 40 27 BC C1 12  ...t.\P.!..@'...
00001D80:  0C 24 4A 0D 04 5C DE B6 4A 4F C4 76 9F B3 B1 6B  .$J..\..JO.v...k
00001D90:  B5 26 F3 CA 97 E8 1D 90 66 2A DB AD ED 3D 26 C6  .&......f*...=&.
00001DA0:  C4 66 67 87 0B 4F 39 B9 EC CE 43 96 87 24 C8 48  .fg..O9...C..$.H
00001DB0:  F0 B8 B6 56 4B 7F 6B F8 9F A2 EE 9B D5 32 6F 8B  ...VK.k......2o.
00001DC0:  BF 69 F4 1C 7D 15 59 56 20 DC 57 15 9E 37 F5 C4  .i..}.YV .W..7..
00001DD0:  79 69 88 88 97 D7 35 57 40 D1 15 88 C8 E7 E7 92  yi....5W@.......
00001DE0:  05 DD 5E 0D DF 4C 45 DB 16 67 3C 41 E8 8C 76 0E  ..^..LE..g<A..v.
00001DF0:  F9 61 7A 09 42 9C 4A FE 0F FF 37 2F AA 10 45 23  .az.B.J...7/..E#
00001E00:  0D BD 61 21 BC 49 8F F5 28 4E 68 28 16 E8 30 BB  ..a!.I..(Nh(..0.
00001E10:  7F 0E F2 A1 7F FF 54 20 8D 29 A7 E0 AD FC 97 DB  ......T .)......
00001E20:  02 C8 07 FC 25 0A 3B D6 06 F8 9C 75 F2 40 62 A9  ....%.;....u.@b.
00001E30:  37 FE 57 53 A2 5C 8D 7F 92 EC 94 56 B4 48 9E 54  7.WS.\.....V.H.T
00001E40:  CB 00 1B 95 DA 16 6B 2F 43 DD 83 72 70 F0 11 54  ......k/C..rp..T
00001E50:  EA 06 FE A2 DC 94 32 D0 1B E3 60 E2 61 44 7B 53  ......2...`.aD{S
00001E60:  21 50 DA D4 EA 43 67 1B 19 DB 90 67 29 60 D7 07  !P...Cg....g)`..
00001E70:  AD 9E A9 6D 24 9F A4 38 34 E0 45 F0 F7 1A 83 42  ...m$..84.E....B
00001E80:  DD FA DA E9 39 B4 17 6D B6 6B 36 57 5B C0 AE D7  ....9..m.k6W[...
00001E90:  BD BB 7D 45 58 63 92 2B 1D EB CF CD 5C EE 6F 5F  ..}EXc.+....\.o_
00001EA0:  C2 0C 87 71 F9 D3 1D C1 9B B1 68 DD CB 0D 8D 10  ...q......h.....
00001EB0:  7D 87 BD 02 CA 8C D0 03 88 26 25 59 4A 1B 5D 69  }........&%YJ.]i
00001EC0:  AF 2C D5 AB D2 E9 D8 C9 24 B2 C1 A7 37 E1 51 ED  .,......$...7.Q.
00001ED0:  EB 52 37 D7 2B CC 2E 76 35 44 47 A8 85 DD 65 D8  .R7.+..v5DG...e.
00001EE0:  2B 7D EB F8 8F E7 90 E5 15 EB C4 1B 87 7A D2 97  +}...........z..
00001EF0:  DB 68 7F 41 F0 FE 79 57 FA 79 1F DB 34 B9 6F 34  .h.A..yW.y..4.o4
00001F00:  DB DC CE F3 D0 4C 55 F0 1C B9 A7 EB CF AD 74 FF  .....LU.......t.
00001F10:  87 3B 24 0A 89 F0 80 7C 14 3B E9 CD 2C E9 C5 CF  .;$....|.;..,...
00001F20:  EC 0A 88 AE 6E 05 CA 07 90 81 E9 7E 40 BB 9E 7C  ....n......~@..|
00001F30:  74 1A 0F B8 0E 4E E6 A6 16 B6 F0 85 E9 23 C2 A3  t....N.......#..
00001F40:  AC 02 13 53 05 16 EE E9 6C 67 D4 0D 8F AB B6 2C  ...S....lg.....,
00001F50:  D4 CA 69 D5 8E CD 0C FD D7 E0 A1 83 9D 8E A6 28  ..i............(
00001F60:  81 84 3A 72 10 A0 A1 7A 7E 1F E8 C4 00 F6 7D 29  ..:r...z~.....})
00001F70:  3C 62 BA 64 94 63 EB 7E 86 9B 2B D8 65 90 79 D6  <b.d.c.~..+.e.y.
00001F80:  D0 3D 2E A7 C3 3E 35 AB 51 76 7C 28 32 9F 97 BB  .=...>5.Qv|(2...
00001F90:  3D 77 A1 3A B5 55 2D 49 8D E1 B2 1B 61 95 81 3E  =w.:.U-I....a..>
00001FA0:  FF 26 2C E3 84 37 29 87 65 EF 4F EE FA 60 24 68  .&,..7).e.O..`$h
00001FB0:  D4 B3 41 20 D4 F3 37 76 F0 4B 01 3E C7 6A B3 A6  ..A ..7v.K.>.j..
00001FC0:  E3 46 9B DA 11 D4 9B 68 C7 57 BE 9A A4 8A 83 02  .F.....h.W......
00001FD0:  07 CA 6C BF 8B AD A8 39 E0 F5 74 A6 C1 7E DC 9F  ..l....9..t..~..
00001FE0:  A0 BA 10 97 E4 B8 6C 73 31 07 0F 48 E0 D4 A2 12  ......ls1..H....
00001FF0:  A9 95 C4 D8 C2 0C FE 5E A6 0D 2C 37 40 06 15 04  .......^..,7@...
00002000:  AF FC 5F F1 DF 0A 21 97 97 E6 4C B4 64 05 65 98  .._...!...L.d.e.
00002010:  B7 9E 82 E5 4D DF CE 82 1D E7 5B 38 AE DC B6 11  ....M.....[8....
00002020:  6E C4 A2 69 5E F7 99 EE 81 74 6C 18 49 9C 19 DD  n..i^....tl.I...
00002030:  6C D3 A8 05 ED BB FC B3 EF 87 77 78 84 C5 E8 D7  l.........wx....
00002040:  B6 CF 75 50 7E 44 96 EE 54 CA 4A 02 35 20 73 35  ..uP~D..T.J.5 s5
00002050:  32 FE A1 B0 6D 87 07 9A 76 57 DC AE 58 44 85 49  2...m...vW..XD.I
00002060:  7A 36 A1 2B D2 64 97 3E A1 2C E6 85 C9 E6 33 DC  z6.+.d.>.,....3.
00002070:  05 48 54 9A 67 C2 1F C7 E3 3A 46 A0 30 AA A3 F8  .HT.g....:F.0...
00002080:  88 ED ED 89 B5 C2 1E DE 0C 73 12 A4 57 40 61 60  .........s..W@a`
00002090:  F9 C5 3E 99 9A 6D 3E AB CC 47 A5 74 84 29 6E A1  ..>..m>..G.t.)n.
000020A0:  07 EF 72 43 68 B5 F0 57 01 B3 51 35 1A 6B DA 64  ..rCh..W..Q5.k.d
000020B0:  41 B0 F4 B3 B9 3A 84 61 A8 59 85 FE C2 43 D4 AD  A....:.a.Y...C..
000020C0:  4B A8 18 21 A7 8B 87 A7 C6 57 29 50 B8 74 00 2A  K..!.....W)P.t.*
000020D0:  87 81 15 99 CA CF 66 BF 83 A6 88 FB BE 4B 73 2D  ......f......Ks-
000020E0:  30 52 3B B8 F0 F2 A4 B0 D5 A9 88 6E 88 A0 43 A1  0R;........n..C.
000020F0:  CD CA A9 45 20 9B 48 48 B5 52 11 C1 07 EC 4D 85  ...E .HH.R....M.
00002100:  82 81 A3 E6 F3 C0 64 AB FF 69 19 5F 17 44 70 C5  ......d..i._.Dp.
00002110:  0C 53 3A 78 14 16 94 99 8C F9 A3 E0 C7 E7 D9 B4  .S:x............
00002120:  B5 4F FB E9 6F 9C 80 FA 00 BF 2E F8 C5 69 85 4F  .O..o........i.O
00002130:  DF 06 72 1C D0 22 7A 7A 63 23 60 49 A3 30 12 B1  ..r.."zzc#`I.0..
00002140:  47 21 57 61 28 D8 19 9B 71 84 4B B8 6D 06 DC F2  G!Wa(...q.K.m...
00002150:  15 FC 20 66 2E EE C3 A8 89 DE B9 6A C0 6B 32 56  .. f.......j.k2V
00002160:  E3 66 C1 75 69 A3 45 52 D0 A6 AC FB CA 1E AD 78  .f.ui.ER.......x
00002170:  D8 98 4B 8E D4 0A EF 8E 64 EB 30 5A AA B8 34 5A  ..K.....d.0Z..4Z
00002180:  FE C2 42 24 D6 72 EA DE 85 A4 2A DD 20 67 5D 97  ..B$.r....*. g].
00002190:  B5 92 68 B9 9F E3 55 ED DC 86 24 AB E1 8F FD 95  ..h...U...$.....
000021A0:  60 CB D1 7F 28 56 3E 66 57 DB E6 9A 1B 10 F1 76  `...(V>fW......v
000021B0:  4A F0 2D 9F 9A 1A 17 1F E7 98 DD 54 D4 13 C9 D3  J.-........T....
000021C0:  D3 3F 17 D6 62 BA 45 6C 34 ED 5C D0 03 38 17 02  .?..b.El4.\..8..
000021D0:  AD 40 FE 33 DE FF 4B 1C 61 B3 C7 73 DC 78 B2 89  .@.3..K.a..s.x..
000021E0:  23 B9 01 AB 4A 73 45 30 96 06 C6 14 90 64 8C 77  #...JsE0.....d.w
000021F0:  0C 7B 7F 29 23 17 FA 2B BB 65 C0 1A E2 55 C0 EA  .{.)#..+.e...U..
00002200:  62 FB 60 F6 5F 7C 7F B3 E7 FD 2B B6 86 EC 7D BA  b.`._|....+...}.
00002210:  84 03 E0 6E 8B 01 E4 B5 6D 56 E2 37 24 49 8F 5B  ...n....mV.7$I.[
00002220:  29 09 BC 0A 09 91 B8 CD 7A 16 94 7D 14 BC C1 5D  ).......z..}...]
00002230:  DF 38 CE 2C 64 99 08 A8 23 AD 08 9E 0A EE 01 38  .8.,d...#......8
00002240:  B4 72 E5 BF B5 D2 A6 02 A8 D9 07 B1 D6 F2 3B 29  .r............;)
00002250:  7C D5 1E 44 CD 67 6A D6 54 D8 08 5F 5D C3 5B 12  |..D.gj.T.._].[.
00002260:  0D 1E DB 9F 36 16 70 94 15 22 ED 8A 13 25 CE E7  ....6.p.."...%..
00002270:  5B 59 83 90 6C 06 85 0F 61 A0 42 1A 55 49 25 2C  [Y..l...a.B.UI%,
00002280:  54 F3 A7 94 94 E2 75 07 86 1E F0 AA B2 A8 2D A3  T.....u.......-.
00002290:  2B 07 73 35 DA 12 42 AE 77 13 F8 A0 C3 8B E0 07  +.s5..B.w.......
000022A0:  03 78 72 36 63 2D FC 0F 9C DD 76 4F BA 44 38 30  .xr6c-....vO.D80
000022B0:  AB 2B 61 27 D2 33 20 A2 A0 6F 6E 10 55 13 4D A7  .+a'.3 ..on.U.M.
000022C0:  28 3E 90 FC B3 2E 2E 6A F8 B1 66 D4 58 D0 45 BF  (>.....j..f.X.E.
000022D0:  96 22 E5 49 2A 2E 1E 0E 84 A9 B2 37 B6 7F E0 33  .".I*......7...3
000022E0:  97 4A AC 1B 38 BF DE 54 A9 D9 86 11 71 BB 6C 29  .J..8..T....q.l)
000022F0:  3C 57 37 5A C2 0A BF 0A 29 CE E2 CF E6 B9 5E C9  <W7Z....).....^.
00002300:  48 D4 92 5E 80 0C 75 72 D7 3E A6 75 B7 28 37 95  H..^..ur.>.u.(7.
00002310:  9E BD D2 31 01 CD 25 19 41 4D 11 85 A3 1B BC A8  ...1..%.AM......
00002320:  10 35 1C 5D B4 1D C7 CD 12 0C 22 98 CE B5 50 FD  .5.]......"...P.
00002330:  0C 4F 39 7B 37 B8 8F 1C 1D 5D 75 A5 76 AD 43 95  .O9{7....]u.v.C.
00002340:  64 69 CD B2 04 1B 04 29 46 EE 59 A0 B1 2B C0 E2  di.....)F.Y..+..
00002350:  36 9F CD E8 E8 F3 3E AB CC 47 A5 74 84 29 6E A1  6.....>..G.t.)n.
00002360:  07 EF 72 43 68 B5 F0 57 01 B3 51 35 1A 6B DA 64  ..rCh..W..Q5.k.d
00002370:  41 B0 F4 B3 B9 3A 84 61 A8 59 85 FE C2 43 D4 AD  A....:.a.Y...C..
00002380:  4B A8 18 21 A7 8B 87 A7 C6 57 29 50 B8 74 00 2A  K..!.....W)P.t.*
00002390:  87 81 15 99 CA CF A1 69 01 4D CD 40 FC 0E 0D 17  .......i.M.@....
000023A0:  64 3E 10 9D 5F 8C 4F 6A EA 70 59 FE 42 88 E7 1D  d>.._.Oj.pY.B...
000023B0:  C1 46 4D 31 2E 48 83 0A 69 9A 8A 40 B6 11 96 0F  .FM1.H..i..@....
000023C0:  3A 74 99 8A 8B 5F 64 AB FF 69 19 5F 17 44 70 C5  :t..._d..i._.Dp.
000023D0:  0C 53 3A 78 14 16 94 99 8C F9 A3 E0 C7 E7 D9 B4  .S:x............
000023E0:  B5 4F FB E9 6F 9C C6 77 22 C1 FE 3F EF A9 99 4B  .O..o..w"..?...K
000023F0:  7A B7 98 B8 F3 1B 86 89 8A 50 A9 D1 26 AF 8B F2  z........P..&...
00002400:  CF CB 97 10 D3 3D B8 95 0E 4F 06 6F 88 99 4C 9A  .....=...O.o..L.
00002410:  0B BD 3A EF 84 B1 C3 A8 89 DE B9 6A C0 6B 32 56  ..:........j.k2V
00002420:  E3 66 C1 75 69 A3 45 52 D0 A6 AC FB CA 1E AD 78  .f.ui.ER.......x
00002430:  D8 98 4B 8E D4 0A B9 B0 83 B1 A5 D6 32 EF 1B 0E  ..K.........2...
00002440:  AD 97 CF E3 24 3A 79 08 C7 01 60 B3 2D 21 74 58  ....$:y...`.-!tX
00002450:  45 13 BF EC 2E 3F E1 F4 F8 24 94 BC 20 77 B2 32  E....?...$.. w.2
00002460:  B5 A7 56 67 46 1D 5F BE F0 3F 1A 7B 6A D1 79 E5  ..VgF._..?.{j.y.
00002470:  25 6A 26 5E EB BA 88 51 76 1A 16 E0 AA 5F AC CC  %j&^...Qv...._..
00002480:  86 82 F8 C1 73 4C 45 6C 34 ED 5C D0 03 38 17 02  ....sLEl4.\..8..
00002490:  AD 40 FE 33 DE FF 13 94 38 B7 3E 66 EB C8 E6 A7  .@.3....8.>f....
000024A0:  41 AF 07 D6 EB 4E 45 30 96 06 C6 14 90 64 8C 77  A....NE0.....d.w
000024B0:  0C 7B 7F 29 23 17 FA 2B BB 65 C0 1A E2 55 C0 EA  .{.)#..+.e...U..
000024C0:  62 FB 60 F6 5F 7C 7F B3 E7 FD 2B B6 86 EC 7D BA  b.`._|....+...}.
000024D0:  84 03 E0 6E 8B 01 B3 1A 91 D3 9C B3 B6 8E 6D 34  ...n..........m4
000024E0:  18 CE AC B2 12 09 32 0C F1 7F DA 00 FF 97 BA 71  ......2........q
000024F0:  79 A7 33 EE AD 5D E4 C7 A8 27 22 AB 85 21 E0 6C  y.3..]...'"..!.l
00002500:  35 14 EB EB 03 CA 10 A7 4B AE CB 3F 15 49 CB 73  5.......K..?.I.s
00002510:  58 97 03 0E 4F AA FB 34 B4 5B 54 3B 84 1E 3E FF  X...O..4.[T;..>.
00002520:  5F 11 37 B6 72 CB 1F C7 E3 3A 46 A0 30 AA A3 F8  _.7.r....:F.0...
00002530:  88 ED ED 89 B5 C2 B4 7D B6 DE 75 AC 34 47 B6 54  .......}..u.4G.T
00002540:  5A CD C5 BC 77 08 D1 3E 8F D4 7C 05 F7 D2 6D 13  Z...w..>..|...m.
00002550:  F8 5D 12 C7 CD C7 F0 57 01 B3 51 35 1A 6B DA 64  .].....W..Q5.k.d
00002560:  41 B0 F4 B3 B9 3A 84 61 A8 59 85 FE C2 43 D4 AD  A....:.a.Y...C..
00002570:  4B A8 18 21 A7 8B 87 A7 C6 57 29 50 B8 74 00 2A  K..!.....W)P.t.*
00002580:  87 81 15 99 CA CF F3 E1 5E 7A 73 47 0D 5F AE 6B  ........^zsG._.k
00002590:  5D F4 6D E2 7F 34 5C FD 3D 7F 91 8D 93 0B F0 2C  ].m..4\.=......,
000025A0:  72 69 BF 2D B6 80 C4 C0 70 65 8C 5D FE 57 A3 79  ri.-....pe.].W.y
000025B0:  DA 83 89 F3 71 71 86 89 8A 50 A9 D1 26 AF 8B F2  ....qq...P..&...
000025C0:  CF CB 97 10 D3 3D 59 FD C2 C8 69 56 20 A4 5B 5B  .....=Y...iV .[[
000025D0:  56 66 B9 22 17 66 F0 38 6F 98 24 45 5D AF D2 D7  Vf.".f.8o.$E]...
000025E0:  87 39 8E 32 48 11 26 23 97 9E B9 29 7E B5 20 B9  .9.2H.&#...)~. .
000025F0:  07 E5 68 36 68 99 0C FD D7 E0 A1 83 9D 8E A6 28  ..h6h..........(
00002600:  81 84 3A 72 10 A0 A1 7A 7E 1F E8 C4 00 F6 7D 29  ..:r...z~.....})
00002610:  3C 62 BA 64 94 63 EB 7E 86 9B 2B D8 65 90 79 D6  <b.d.c.~..+.e.y.
00002620:  D0 3D 2E A7 C3 3E 98 97 78 6A 40 19 61 21 0E E1  .=...>..xj@.a!..
00002630:  FB 91 8A 76 6D 5C 2D 49 8D E1 B2 1B 61 95 81 3E  ...vm\-I....a..>
00002640:  FF 26 2C E3 84 37 29 87 65 EF 4F EE FA 60 24 68  .&,..7).e.O..`$h
00002650:  D4 B3 41 20 D4 F3 C6 BD BF EF 23 37 E3 54 C3 76  ..A ......#7.T.v
00002660:  AA 7E 68 8D A9 22 9B 68 C7 57 BE 9A A4 8A 83 02  .~h..".h.W......
00002670:  07 CA 6C BF 8B AD A8 39 E0 F5 74 A6 C1 7E DC 9F  ..l....9..t..~..
00002680:  A0 BA 10 97 E4 B8 C4 5C 39 4C 23 E7 6D 00 AF B4  .......\9L#.m...
00002690:  85 36 2B 40 07 85 0D 23 8C 7A FF 90 B1 3E 5B E0  .6+@...#.z...>[.
000026A0:  32 F2 75 88 5B FF 21 97 97 E6 4C B4 64 05 65 98  2.u.[.!...L.d.e.
000026B0:  B7 9E 82 E5 4D DF CE 82 1D E7 5B 38 AE DC B6 11  ....M.....[8....
000026C0:  6E C4 A2 69 5E F7 99 EE 81 74 6C 18 49 9C 19 DD  n..i^....tl.I...
000026D0:  6C D3 A8 05 ED BB FC B3 EF 87 77 78 84 C5 E8 D7  l.........wx....
000026E0:  B6 CF 75 50 7E 44 38 BD C9 38 BA 53 F8 8E 66 E6  ..uP~D8..8.S..f.
000026F0:  82 86 24 81 4D 15 79 78 09 8A CD 6E 2F C5 8E 8A  ..$.M.yx...n/...
00002700:  3A 5C 3B 52 C7 90 FB 34 B4 5B 54 3B 84 1E 3E FF  :\;R...4.[T;..>.
00002710:  5F 11 37 B6 72 CB 1F C7 E3 3A 46 A0 30 AA A3 F8  _.7.r....:F.0...
00002720:  88 ED ED 89 B5 C2 0D D6 49 E6 FF C9 32 AA 56 7A  ........I...2.Vz
00002730:  CD 92 74 77 DD 52 47 4D 7F 9E 96 43 42 4F 7B 8E  ..tw.RGM...CBO{.
00002740:  4D 66 58 A7 C1 D0 59 11 0E 6B 37 22 19 2C 5B A6  MfX...Y..k7".,[.
00002750:  4C 35 8E 0F 09 45 16 03 CF A1 15 28 5D CE 4A E9  L5...E.....(].J.
00002760:  7F 0A 82 5B 09 BE 4F 7A 11 86 36 F4 CD A8 60 03  ...[..Oz..6...`.
00002770:  3E 05 FF D7 4C 24 58 2E BB 4C 72 3E 2E 8E 25 31  >...L$X..Lr>..%1
00002780:  EA E2 FF 94 FD D3 A5 16 08 87 AA 57 03 7D 09 B3  ...........W.}..
00002790:  7D A2 E6 78 86 1B B8 45 3E 43 1C 4F 84 F1 83 50  }..x...E>C.O...P
000027A0:  FB 24 98 78 F1 D5 EF A6 BF 32 5C 78 6F 4B C4 3E  .$.x.....2\xoK.>
000027B0:  04 F3 E8 F7 F5 4E 62 BA B3 F3 28 49 4B 3F C1 E6  .....Nb...(IK?..
000027C0:  BB 77 AD E8 16 C1 CB 54 B8 38 8D 1C B6 8C 91 95  .w.....T.8......
000027D0:  71 6A F9 75 9E 06 C4 8F 95 E7 8F 3D 4C C2 0B FF  qj.u.......=L...
000027E0:  55 DF BC A2 47 8E 14 6A 78 B2 11 59 34 24 0C F5  U...G..jx..Y4$..
000027F0:  F2 6E 9D E9 9D 43 55 38 6B 11 14 FF 86 EB 7C 31  .n...CU8k.....|1
00002800:  60 BE CE 13 A0 7C 37 1B 6C 30 D3 9D 4E 96 B3 F0  `....|7.l0..N...
00002810:  22 9F 6F 7B 1E F8 2C 69 20 BD 26 29 29 24 B1 38  ".o{..,i .&))$.8
00002820:  A6 E3 42 CA FD 18 54 CD F8 32 72 FA A8 96 E1 1B  ..B...T..2r.....
00002830:  2B 97 E6 F8 29 D7 18 9E A1 F6 92 3D E8 B1 86 28  +...)......=...(
00002840:  FF CE D2 42 10 EA 64 AB FF 69 19 5F 17 44 70 C5  ...B..d..i._.Dp.
00002850:  0C 53 3A 78 14 16 07 AA 0E C5 E5 A3 56 DA 66 8F  .S:x........V.f.
00002860:  89 4C FF DA 2E 91 6A D1 42 CD FE 6E B4 9F BF 90  .L....j.B..n....
00002870:  DE EF 6D 40 7E EB 1F FE 9E 44 59 FF 5F 8F 6D 3B  ..m@~....DY._.m;
00002880:  CC F6 D8 A1 A1 32 98 9D EC 41 E5 EA 41 34 EE 0F  .....2...A..A4..
00002890:  AB BF 75 7C CF D7 14 28 CB 47 50 31 C4 CB 72 31  ..u|...(.GP1..r1
000028A0:  21 EC C2 48 41 E7 42 F7 93 3E 11 37 A3 F0 B9 66  !..HA.B..>.7...f
000028B0:  8A 27 D3 28 BB 3D 85 18 38 B0 FC 1D 30 B8 3D E3  .'.(.=..8...0.=.
000028C0:  38 5B F9 E6 37 83 81 D1 39 EE A0 BC 1C 21 C0 07  8[..7...9....!..
000028D0:  B9 12 70 3D 8A 4A E1 F4 F8 24 94 BC 20 77 B2 32  ..p=.J...$.. w.2
000028E0:  B5 A7 56 67 46 1D 5B 20 10 03 94 B0 FC F1 DF 72  ..VgF.[ .......r
000028F0:  97 A3 E6 80 90 08 B4 54 A4 07 EA AA 6E 3E 8C CE  .......T....n>..
00002900:  63 B4 8F 15 62 44 A8 D5 74 5C DB 2D A4 2C 1E 98  c...bD..t\.-.,..
00002910:  35 33 C4 EC 9C 91 4A F9 89 CA EB DA 95 22 A4 46  53....J......".F
00002920:  65 E5 6A 71 3E 23 99 95 B6 1F FF 76 55 8D 8D 6C  e.jq>#.....vU..l
00002930:  D4 0E 60 D5 47 68 70 07 F9 5B 2F 00 43 A7 17 88  ..`.Ghp..[/.C...
00002940:  A1 59 42 C8 B6 E0 FB 5A FF C2 3B A9 C2 86 81 A1  .YB....Z..;.....
00002950:  D9 7B 8B 93 8E 0D 90 56 9F D3 CC 30 D4 F5 13 3B  .{.....V...0...;
00002960:  4C 51 10 B2 E1 A9 F7 24 8A 1B 03 B3 FA C8 45 5A  LQ.....$......EZ
00002970:  52 DE 31 8A 19 77 A1 26 FB 4F DE D3 DA 8E D4 93  R.1..w.&.O......
00002980:  02 02 8D CB 18 04 33 FB 9C 24 09 AC 00 2C 51 93  ......3..$...,Q.
00002990:  76 54 A2 9E EA 9C 62 5B 63 52 2B 56 A5 04 D8 92  vT....b[cR+V....
000029A0:  72 0F F7 49 9F FB 0E 69 2A C2 1C 39 37 C5 C8 BC  r..I...i*..97...
000029B0:  1D 41 1D EC FE CD 95 C5 F0 FA E7 8C FD 7C E0 4A  .A...........|.J
000029C0:  88 6E 45 DF EB 34 86 C3 98 95 37 14 20 3C BA 54  .nE..4....7. <.T
000029D0:  37 0A EF 1E DB 10 D4 09 D7 0C C6 FB 2C B5 5A 13  7...........,.Z.
000029E0:  89 CD 0C 56 B7 77 91 C3 F7 E9 D7 29 43 FD 08 A5  ...V.w.....)C...
000029F0:  67 57 5C DD FB 48 A3 07 84 52 E0 DC 92 74 D2 03  gW\..H...R...t..
00002A00:  40 C9 C3 87 F0 42 2F 7D 02 85 F2 EF 14 5C 64 CE  @....B/}.....\d.
00002A10:  94 8F 5A A1 5D 4A 70 C1 57 43 EE E9 E0 89 90 67  ..Z.]Jp.WC.....g
00002A20:  89 0D CF 71 91 5E 0B 73 AB 18 EA 7B 71 B6 9E 91  ...q.^.s...{q...
00002A30:  CB 96 BC A6 24 72 2C 69 20 BD 26 29 29 24 B1 38  ....$r,i .&))$.8
00002A40:  A6 E3 42 CA FD 18 8A D9 44 11 4A 90 8C 16 ED 2C  ..B.....D.J....,
00002A50:  57 65 4A 68 62 88 D1 5C 65 C7 9D 5A EE 96 C1 60  WeJhb..\e..Z...`
00002A60:  48 3F 53 A9 F9 1A 79 8A 2A 7C A1 C6 33 1E D6 77  H?S...y.*|..3..w
00002A70:  92 28 2A 11 CB AD 74 8F 4E BB 89 6D 9A 45 3A A0  .(*...t.N..m.E:.
00002A80:  C6 79 16 DE C2 45 2F A6 3B FB FA A3 4A 30 1A DF  .y...E/.;...J0..
00002A90:  04 2B 3E B0 A0 1E D4 5F 96 6A 29 74 3C 30 85 B4  .+>...._.j)t<0..
00002AA0:  B5 C2 EC A8 71 40 83 1E 5B 69 ED E5 CA DA 1C 36  ....q@..[i.....6
00002AB0:  9D 77 1A 60 73 DC 81 D1 39 EE A0 BC 1C 21 C0 07  .w.`s...9....!..
00002AC0:  B9 12 70 3D 8A 4A E1 F4 F8 24 94 BC 20 77 B2 32  ..p=.J...$.. w.2
00002AD0:  B5 A7 56 67 46 1D DA ED 7E 7B E5 30 6D 87 BB DC  ..VgF...~{.0m...
00002AE0:  EA 35 EF 60 B4 D0 3E FA CA 5B 45 8E C5 E3 C5 B2  .5.`..>..[E.....
00002AF0:  83 01 93 3B 04 C6 A8 D5 74 5C DB 2D A4 2C 1E 98  ...;....t\.-.,..
00002B00:  35 33 C4 EC 9C 91 4A F9 89 CA EB DA 95 22 A4 46  53....J......".F
00002B10:  65 E5 6A 71 3E 23 0E 2C 64 FC 41 37 C4 CC DF B6  e.jq>#.,d.A7....
00002B20:  10 04 83 85 9B 3B 34 15 5A D4 BB AD 35 BD F4 B4  .....;4.Z...5...
00002B30:  E1 C8 A2 A7 B5 69 FB 5A FF C2 3B A9 C2 86 81 A1  .....i.Z..;.....
00002B40:  D9 7B 8B 93 8E 0D 79 35 E4 62 D0 27 F0 88 B8 53  .{....y5.b.'...S
00002B50:  09 6D B2 8E 97 BE 04 32 7C 65 CD 96 85 84 A7 94  .m.....2|e......
00002B60:  DE 9C F8 34 12 7A A1 26 FB 4F DE D3 DA 8E D4 93  ...4.z.&.O......
00002B70:  02 02 8D CB 18 04 EA DF 90 BB 5F F2 13 08 25 27  .........._...%'
00002B80:  72 A5 34 8F 77 D9 A7 96 DB 53 B4 47 B2 9F 40 38  r.4.w....S.G..@8
00002B90:  79 7E D1 6D 08 D6 0E 69 2A C2 1C 39 37 C5 C8 BC  y~.m...i*..97...
00002BA0:  1D 41 1D EC FE CD 95 C5 F0 FA E7 8C FD 7C E0 4A  .A...........|.J
00002BB0:  88 6E 45 DF EB 34 86 C3 98 95 37 14 20 3C BA 54  .nE..4....7. <.T
00002BC0:  37 0A EF 1E DB 10 FD E5 C7 27 8F B2 AB F4 62 0C  7........'....b.
00002BD0:  67 4D 49 90 6F 12 8C F6 75 C6 AE 55 EF DA 61 93  gMI.o...u..U..a.
00002BE0:  E5 43 E7 9C AC 30 D0 EE 20 8E 6B 24 28 FE E6 BD  .C...0.. .k$(...
00002BF0:  FC CF 0F 85 2C DF 16 AF AC A3 D8 BA 9B A0 DF F2  ....,...........
00002C00:  9F 19 48 6E 87 77 70 C1 57 43 EE E9 E0 89 90 67  ..Hn.wp.WC.....g
00002C10:  89 0D CF 71 91 5E 4E D7 71 16 81 92 C1 93 95 E1  ...q.^N.q.......
00002C20:  0A 59 A4 D9 33 D0 1E D2 F3 9E F0 20 FF B5 E8 A8  .Y..3...... ....
00002C30:  5D 5B 71 77 3E C3 8A D9 44 11 4A 90 8C 16 ED 2C  ][qw>...D.J....,
00002C40:  57 65 4A 68 62 88 D1 5C 65 C7 9D 5A EE 96 C1 60  WeJhb..\e..Z...`
00002C50:  48 3F 53 A9 F9 1A 79 8A 2A 7C A1 C6 33 1E D6 77  H?S...y.*|..3..w
00002C60:  92 28 2A 11 CB AD EA EB 0E 24 37 29 1B 0B D0 5B  .(*......$7)...[
00002C70:  31 3E AB 54 37 72 71 E1 7B 8D 0E 19 38 69 B6 28  1>.T7rq.{...8i.(
00002C80:  12 86 C6 AE 46 17 12 85 53 9B 80 CC 91 07 6B 8D  ....F...S.....k.
00002C90:  6E 29 1C 55 AB E0 2B 40 90 B7 E6 7E 23 87 E0 86  n).U..+@...~#...
00002CA0:  47 6C 28 2F 29 92 BC 44 AB 92 78 47 F9 FA 77 32  Gl(/)..D..xG..w2
00002CB0:  AA 3E 22 AE C5 74 EC 47 32 60 BC B1 23 B5 A1 D8  .>"..t.G2`..#...
00002CC0:  40 87 79 53 EC 2C 54 4B CF 16 9B 7B AE 64 10 69  @.yS.,TK...{.d.i
00002CD0:  25 62 40 39 C6 CE 01 B2 5C 31 0F A8 EC 95 E4 74  %b@9....\1.....t
00002CE0:  8A B9 B0 C1 A7 BE 4E B2 10 70 96 95 CD F6 7C 1C  ......N..p....|.
00002CF0:  02 3F 69 5E E9 3E 32 02 E8 BB 26 68 7C 98 A5 53  .?i^.>2...&h|..S
00002D00:  D9 DE E6 6A 5D E8 03 74 5B 40 7C 88 CA 54 A4 7D  ...j]..t[@|..T.}
00002D10:  EE D2 CB 9C 37 5D FD 2C 1F F7 E8 89 DA 38 CF 19  ....7].,.....8..
00002D20:  CF 14 58 D5 33 03 5F 17 E2 E4 46 4A 7E 84 0F 2F  ..X.3._...FJ~../
00002D30:  A8 52 3D 22 16 3E FB B8 F7 D1 22 1F B0 68 89 86  .R=".>...."..h..
00002D40:  44 DD 62 32 E6 6A 84 2C FD C8 F8 92 3D 4F BF 61  D.b2.j.,....=O.a
00002D50:  2E C0 8E CD 50 FE ED A3 A9 B2 F0 12 10 AC CD 31  ....P..........1
00002D60:  DD 2B BC FE 5E 9A 45 AA 37 AE 54 DA 9D 0B 24 11  .+..^.E.7.T...$.
00002D70:  FF 22 74 48 5A A2 70 86 65 05 3F 1C 4E A8 33 0C  ."tHZ.p.e.?.N.3.
00002D80:  11 0E 76 40 A9 11 8D C2 D1 E5 1D 69 B0 B5 30 10  ..v@.......i..0.
00002D90:  0A DB 0D 90 A0 AF ED 95 75 C2 5D 14 06 FC F9 BB  ........u.].....
00002DA0:  B4 E4 BA 30 1E 6E AB 10 69 10 DE 9B 98 08 8D 27  ...0.n..i......'
00002DB0:  72 0C 80 35 96 C0 58 F3 F7 59 5B 47 D0 18 A4 3F  r..5..X..Y[G...?
00002DC0:  18 F8 E0 BA DB 73 AB 82 E1 C8 5F DF 83 DE 19 5C  .....s...._....\
00002DD0:  F3 12 85 63 8C 43 EE 88 8D 35 74 97 A3 AB 30 53  ...c.C...5t...0S
00002DE0:  71 68 59 19 D2 92 A6 E7 CB 72 85 D6 D6 41 76 01  qhY......r...Av.
00002DF0:  76 4A 2A 96 16 C7 BA 02 85 D5 80 B4 E4 F1 A2 9F  vJ*.............
00002E00:  0F A2 94 F7 D1 BF 23 92 1D 59 6D 31 FB 1B 18 5C  ......#..Ym1...\
00002E10:  F5 F7 CC 76 91 B2 B2 B4 5B 1E 84 71 89 AF C0 22  ...v....[..q..."
00002E20:  B1 F6 19 1E A2 F1 CA 6F C2 4F F3 BD 2D EA 4B 36  .......o.O..-.K6
00002E30:  3E 39 19 AD E2 DC 8D C2 D1 E5 1D 69 B0 B5 30 10  >9.........i..0.
00002E40:  0A DB 0D 90 A0 AF ED 95 75 C2 5D 14 06 FC F9 BB  ........u.].....
00002E50:  B4 E4 BA 30 1E 6E AB 10 69 10 DE 9B 98 08 8D 27  ...0.n..i......'
00002E60:  72 0C 80 35 96 C0 CB 2A 49 E4 82 D8 B9 84 32 E2  r..5...*I.....2.
00002E70:  95 E3 45 C6 C5 20 E0 67 06 28 EF DF AE 0F 84 59  ..E.. .g.(.....Y
00002E80:  7D B1 50 32 1D EE 69 A3 06 20 22 C1 2E 72 15 1D  }.P2..i.. "..r..
00002E90:  D0 BA FF 5C DC 77 A8 08 0A E1 A2 72 A4 57 41 B7  ...\.w.....r.WA.
00002EA0:  7D E6 10 79 D2 79 E8 21 D3 A3 66 65 14 A4 E9 19  }..y.y.!..fe....
00002EB0:  7B 6C 0A 5B 5B FE 23 92 1D 59 6D 31 FB 1B 18 5C  {l.[[.#..Ym1...\
00002EC0:  F5 F7 CC 76 91 B2 B2 B4 5B 1E 84 71 89 AF C0 22  ...v....[..q..."
00002ED0:  B1 F6 19 1E A2 F1 7A 25 1E 89 B1 08 E5 C8 50 3F  ......z%......P?
00002EE0:  E1 1C 27 AB 7C AA 82 40 26 11 07 CC 79 11 F8 E8  ..'.|..@&...y...
00002EF0:  FE 80 4F 11 91 21 B7 3F 7C FE 5F 6A 2D 4B BB 6D  ..O..!.?|._j-K.m
00002F00:  78 52 BC B1 99 FA 69 D0 24 58 AF ED 39 B2 B0 54  xR....i.$X..9..T
00002F10:  CD 9B AD 33 13 CE 64 F1 CC B3 DA 6C 08 50 D0 2F  ...3..d....l.P./
00002F20:  88 4D 6F 20 2C B1 B6 0E 4F 71 81 41 7A ED B2 91  .Mo ,...Oq.Az...
00002F30:  A7 D4 37 45 32 D4 3D 3B 49 AC BE B4 10 B9 BB CA  ..7E2.=;I.......
00002F40:  FA C0 4C A0 69 CC 65 95 69 18 DA 8A 9E 62 EB CC  ..L.i.e.i....b..
00002F50:  E2 C1 80 49 0A E3 BF 0A 29 CE E2 CF E6 B9 5E C9  ...I....).....^.
00002F60:  48 D4 92 5E 80 0C 74 E6 54 62 05 9D B9 53 D8 42  H..^..t.Tb...S.B
00002F70:  B9 7E D5 64 85 71 C6 1D 28 40 71 CA 91 FC DE E7  .~.d.q..(@q.....
00002F80:  75 96 B8 0E 68 D6 E3 53 E6 82 49 50 E4 C2 4B 59  u...h..S..IP..KY
00002F90:  57 C0 C4 23 5F 22 69 D0 24 58 AF ED 39 B2 B0 54  W..#_"i.$X..9..T
00002FA0:  CD 9B AD 33 13 CE D3 43 6D 15 A8 56 37 F8 C7 08  ...3...Cm..V7...
00002FB0:  59 BD C6 3E 91 79 1D 42 AB C0 63 BF 2A C8 BD 11  Y..>.y.B..c.*...
00002FC0:  2A 5C 54 48 89 3D 4D 50 F2 8C 98 F1 87 82 24 5A  *\TH.=MP......$Z
00002FD0:  36 36 53 38 20 ED FB 1C A4 E5 D3 19 F2 C1 FD DB  66S8 ...........
00002FE0:  3E D7 96 17 72 28 58 06 ED 75 15 F2 B9 99 50 D2  >...r(X..u....P.
00002FF0:  16 00 40 93 1A 76 15 A9 AE 3E 6D 5E 2E 05 D6 18  ..@..v...>m^....
00003000:  94 D6 9C 21 2F 70 38 15 7F 71 F6 B3 EA 7F 31 63  ...!/p8..q....1c
00003010:  D2 24 E2 6E 30 8E 28 BD 19 59 DF 65 CD 52 3E 5B  .$.n0.(..Y.e.R>[
00003020:  90 FD 0A F8 13 34 EF A8 54 D1 2A 83 AB CF 53 D2  .....4..T.*...S.
00003030:  54 8E 7C 26 43 54 64 7E 9C 42 4E 32 7A F7 46 C7  T.|&CTd~.BN2z.F.
00003040:  0E AE 14 D9 9B 55 39 6D F5 C0 ED ED C9 99 E7 4F  .....U9m.......O
00003050:  7F 95 C5 1F 06 BC EC A7 DC 20 94 26 6A 94 F5 DB  ......... .&j...
00003060:  5E D5 DD D7 80 0C 2C B5 A8 ED D2 FF 6C 87 51 10  ^.....,.....l.Q.
00003070:  B6 B7 BE 88 92 71 B6 1B 65 0B 5E BD F4 55 6C 23  .....q..e.^..Ul#
00003080:  63 E8 1F DD 73 17 E9 ED FA 59 FB 98 64 18 84 8A  c...s....Y..d...
00003090:  B8 1B C0 21 D5 53 23 38 3F 72 FC 93 0B BE CB 7F  ...!.S#8?r......
000030A0:  01 28 92 82 3D 44 C2 87 9A D6 33 DE A3 E0 85 42  .(..=D....3....B
000030B0:  53 84 F2 B9 45 ED 55 99 B9 E2 01 76 05 19 94 75  S...E.U....v...u
000030C0:  A7 1B F4 0E 56 43 EE 50 90 13 B1 A0 BF 29 09 E3  ....VC.P.....)..
000030D0:  85 9A 53 10 16 1E 91 BD 8D 48 82 25 D3 3F B9 FD  ..S......H.%.?..
000030E0:  BB 86 48 19 8D BD 49 DE C0 55 9B 75 E8 A6 E6 52  ..H...I..U.u...R
000030F0:  2D 2C 9D 84 4B A9 50 41 2B 05 8E 03 01 C9 6D 2C  -,..K.PA+.....m,
00003100:  94 76 DA EE F6 55 7F AF FE B2 A7 05 37 3C 92 EA  .v...U......7<..
00003110:  34 88 B4 48 BC F6 2B D7 31 20 73 87 52 F5 A0 EF  4..H..+.1 s.R...
00003120:  99 EC C7 C7 12 C5 BB 1B FB E8 B5 63 C9 D6 0E B5  ...........c....
00003130:  ED 77 7D 76 03 38 A1 88 78 92 9F 1B CE ED DA 6C  .w}v.8..x......l
00003140:  0F 3C DF D4 A4 A9 DE A6 8E 9E E9 8A EC 60 41 D6  .<...........`A.
00003150:  D1 83 FC DE 54 94 74 90 92 6B CD 5C 6A 7A AF 5C  ....T.t..k.\jz.\
00003160:  68 0F 75 3D AF 61 64 F7 27 3F 2D 4C 1F 7F 6E 64  h.u=.ad.'?-L..nd
00003170:  92 ED 91 E3 65 A3 70 90 43 6F 2E F8 AE BB 1B 68  ....e.p.Co.....h
00003180:  BF CF 55 E3 FE 73 21 3B 83 D3 7B 4F F5 7F BB EE  ..U..s!;..{O....
00003190:  1A 59 16 1F FC 0D 30 05 24 13 65 C3 08 C0 6E 6C  .Y....0.$.e...nl
000031A0:  2A E4 7A 9A 6C A5 66 2C 03 0B 87 21 EA 7D 51 BD  *.z.l.f,...!.}Q.
000031B0:  AA 2B 57 21 D3 0F CD 2C 35 24 F0 67 48 33 C9 68  .+W!...,5$.gH3.h
000031C0:  1C 95 9B 3C 09 16 7E B1 2D 52 1C FF BF 1D 05 CE  ...<..~.-R......
000031D0:  EF 5C 8D A5 4D 91 B2 22 E4 CD 0B 49 CE 27 FF FA  .\..M.."...I.'..
000031E0:  B9 A1 80 DB 12 D4 58 E9 77 E6 09 07 D4 59 4F 80  ......X.w....YO.
000031F0:  15 08 0B F0 F3 30 16 84 97 0F 12 EE CD 62 70 55  .....0.......bpU
00003200:  E1 E2 EA 77 E2 5E 39 C4 C6 E6 05 28 8C 21 61 7D  ...w.^9....(.!a}
00003210:  E7 B2 79 AA 1E CA EB AF A1 B1 61 94 D0 7E CE 33  ..y.......a..~.3
00003220:  3B E1 EA 0A 71 26 3C FA E9 13 C1 BA E5 B3 F7 81  ;...q&<.........
00003230:  25 0D 86 66 EE FF 6D 59 F0 0D D4 0F EB 8A 26 E8  %..f..mY......&.
00003240:  8B 87 68 8F E0 57 0E 7B E7 0B F2 C3 77 2C D8 DC  ..h..W.{....w,..
00003250:  98 36 35 1E 59 50 0D 1E B9 B1 C1 1A DB 0F C4 02  .65.YP..........
00003260:  1E F9 32 8F 0B B3 F0 3D 9E BE 6B AE 94 85 CE 17  ..2....=..k.....
00003270:  D9 AF 54 EB 3B 97 96 CB AB 4B E0 54 3A AF 26 A9  ..T.;....K.T:.&.
00003280:  75 2E DB 17 7B 48 C5 E8 63 79 8E 2C B1 E0 EA BA  u...{H..cy.,....
00003290:  E4 AB FE 78 83 A2 4D 50 F2 8C 98 F1 87 82 24 5A  ...x..MP......$Z
000032A0:  36 36 53 38 20 ED 8E 50 5D 89 66 2F 69 AD 02 CA  66S8 ..P].f/i...
000032B0:  9C 6D 6F A3 01 8E 10 E9 A2 8A 3D BD 10 00 44 48  .mo.......=...DH
000032C0:  CD 89 BB A9 44 C5 F8 F6 28 6A DB 19 F3 3E 42 8A  ....D...(j...>B.
000032D0:  FA 76 56 79 68 8C AB 35 4A 26 FE 85 DB D8 D6 00  .vVyh..5J&......
000032E0:  1B 13 81 C0 D9 59 BF 0A 29 CE E2 CF E6 B9 5E C9  .....Y..).....^.
000032F0:  48 D4 92 5E 80 0C DD B2 6D EF 73 C2 02 38 0C 91  H..^....m.s..8..
00003300:  BE 86 69 63 96 94 A0 11 AE BB F9 4F CD 08 4B BF  ..ic.......O..K.
00003310:  2A 48 B5 3D 34 0D 2D C5 8C 9C DB 3D 7F A2 40 F0  *H.=4.-....=..@.
00003320:  CE CE F1 9D AB 10 98 63 B8 8C 51 E3 D2 34 89 5E  .......c..Q..4.^
00003330:  9D A0 4A 46 E2 40 0E 75 F3 DF C0 B7 E5 1F A0 B5  ..JF.@.u........
00003340:  E7 3D 45 BA 88 C3 88 98 FA 41 4E FB E2 90 84 7C  .=E......AN....|
00003350:  FD 02 A7 EF 67 2B 46 49 43 4C A8 A8 58 25 F1 1F  ....g+FICL..X%..
00003360:  CC 93 A4 1C 44 AC 4E B2 10 70 96 95 CD F6 7C 1C  ....D.N..p....|.
00003370:  02 3F 69 5E E9 3E 29 76 EF 54 8B 4E E0 1C 17 14  .?i^.>)v.T.N....
00003380:  42 EC 42 E0 89 58 11 A8 76 73 9E 3B 26 E1 9D 4C  B.B..X..vs.;&..L
00003390:  C9 47 2D 30 80 60 04 83 F7 6A E1 A5 88 BF 9D 53  .G-0.`...j.....S
000033A0:  CB 3C 7A 61 D0 F7 96 20 1D AE F7 87 66 14 AE 99  .<za... ....f...
000033B0:  5C 43 B2 93 89 17 49 DE C0 55 9B 75 E8 A6 E6 52  \C....I..U.u...R
000033C0:  2D 2C 9D 84 4B A9 DB 11 36 F2 6F 22 A5 89 86 CF  -,..K...6.o"....
000033D0:  F6 DD 2D BD EC B4 C4 0A F8 A0 E1 AE 8E B2 FD E5  ..-.............
000033E0:  F4 85 5C 76 33 92 B2 6B E0 C3 B4 43 BD D7 91 1B  ..\v3..k...C....
000033F0:  13 71 AD DF 4D A8 30 0F 3F 0A 05 E3 6B 8F F3 96  .q..M.0.?...k...
00003400:  69 95 1B A4 2C DA C5 F0 2B 1C 4A 16 BC 5F 53 1C  i...,...+.J.._S.
00003410:  9B E0 BC 66 CF 7D 68 45 4E 94 0A 6E 9C C6 E7 43  ...f.}hEN..n...C
00003420:  BE 8C 47 1C A9 EB 35 01 0A A8 96 E8 9E 5E 5B 76  ..G...5......^[v
00003430:  AB F0 49 DC F0 A7 AB 6F 0B 77 BC 43 6D 47 78 40  ..I....o.w.CmGx@
00003440:  0E 71 C7 FF DA 83 F0 ED 2E DA BE 9C 10 D6 D0 5B  .q.............[
00003450:  2C 52 6F C4 8E 69 EA 1D 9E 8A DB D6 5C 11 DC 66  ,Ro..i......\..f
00003460:  A4 A6 CE EC 6B C1 A4 53 5D F0 F2 AA 25 09 69 84  ....k..S]...%.i.
00003470:  BD 6D B3 B1 47 AA CE F6 5F 3F F4 F8 5D 54 70 E3  .m..G..._?..]Tp.
00003480:  B0 BB EE B3 B2 6B FA 57 22 DE 39 00 7D 63 2D A8  .....k.W".9.}c-.
00003490:  A1 63 BA D4 10 37 23 ED 35 C7 CB 14 01 F5 CE 55  .c...7#.5......U
000034A0:  3C 31 EB F1 65 C6 AA 4B 6E AF 4B C3 4B AB 62 B0  <1..e..Kn.K.K.b.
000034B0:  19 A4 56 4D 8D 7C 61 D6 19 E3 0B 55 96 82 1F 02  ..VM.|a....U....
000034C0:  88 7B 32 43 33 5B 88 3B 65 1C B1 F0 F1 27 AE E2  .{2C3[.;e....'..
000034D0:  64 0D 50 37 65 36 82 FD FC 3C 6B 8D DF 81 2C D3  d.P7e6...<k...,.
000034E0:  BC 41 31 24 72 26 FA CE 75 84 C8 98 D3 80 FC 8E  .A1$r&..u.......
000034F0:  93 99 E9 9C 92 2C 01 B2 5C 31 0F A8 EC 95 E4 74  .....,..\1.....t
00003500:  8A B9 B0 C1 A7 BE B4 06 D1 4B 61 C7 E9 4E 49 9F  .........Ka..NI.
00003510:  EE 28 4B E7 DB 84 1C BC 4F AE ED 24 D9 AA E7 E5  .(K.....O..$....
00003520:  61 84 DE 08 E6 BF A0 C2 6E 8D E2 55 84 2B 27 E8  a.......n..U.+'.
00003530:  F4 41 14 76 30 BA 35 B3 EB 09 B9 B1 ED BA 6F 80  .A.v0.5.......o.
00003540:  DB 19 A9 29 E3 9D 52 F6 9A 13 2B A1 46 7C 2A 35  ...)..R...+.F|*5
00003550:  A6 D4 32 18 55 C6 77 DE 11 E3 24 5E 27 1A 93 AA  ..2.U.w...$^'...
00003560:  41 4C 86 17 60 F1 30 D8 9B 21 00 BB 9A 62 1C 43  AL..`.0..!...b.C
00003570:  1D F7 B2 E0 C8 B1 E8 B4 9F D8 09 C2 CC E8 38 59  ..............8Y
00003580:  26 4B D0 53 B1 08 EE 59 6F 71 A6 F4 A2 C3 D0 D5  &K.S...Yoq......
00003590:  58 0C 9D 49 F8 79 A5 A0 D0 5B 73 D5 40 5B 45 01  X..I.y...[s.@[E.
000035A0:  6E 7E 18 D1 3B 22 84 16 22 2A F0 D0 7D 13 5F 03  n~..;".."*..}._.
000035B0:  13 82 14 2D 04 4A 47 5A 2E E0 D3 C4 74 EC B5 C3  ...-.JGZ....t...
000035C0:  0B B6 95 46 9F BD EB AF A1 B1 61 94 D0 7E CE 33  ...F......a..~.3
000035D0:  3B E1 EA 0A 71 26 A8 55 F7 D4 C8 26 2E BA 93 40  ;...q&.U...&...@
000035E0:  F3 62 7D 23 6B F2 D0 A1 36 28 75 65 C3 E5 FD E0  .b}#k...6(ue....
000035F0:  B4 A6 EE 83 27 9A B7 C5 DF 2B F6 E1 81 58 4A 99  ....'....+...XJ.
00003600:  A5 55 87 06 93 4C F5 E2 44 48 1E A5 47 87 C4 AD  .U...L..DH..G...
00003610:  1A 81 F9 1D E0 60 5D F4 B5 41 B5 F6 77 90 74 50  .....`]..A..w.tP
00003620:  11 B9 9C 94 F4 AE 75 07 86 1E F0 AA B2 A8 2D A3  ......u.......-.
00003630:  2B 07 73 35 DA 12 42 AE 77 13 F8 A0 C3 8B E0 07  +.s5..B.w.......
00003640:  03 78 72 36 63 2D FC 0F 9C DD 76 4F BA 44 38 30  .xr6c-....vO.D80
00003650:  AB 2B 61 27 D2 33 20 A2 A0 6F 6E 10 55 13 4D A7  .+a'.3 ..on.U.M.
00003660:  28 3E 90 FC B3 2E 2E 6A F8 B1 66 D4 58 D0 45 BF  (>.....j..f.X.E.
00003670:  96 22 E5 49 2A 2E D4 2C 5B 51 4A 7D 37 E7 EC A8  .".I*..,[QJ}7...
00003680:  84 EE F2 01 A2 62 9D 79 40 16 68 2E B5 14 65 8D  .....b.y@.h...e.
00003690:  28 4E C3 FD 32 C9 BF 0A 29 CE E2 CF E6 B9 5E C9  (N..2...).....^.
000036A0:  48 D4 92 5E 80 0C 75 72 D7 3E A6 75 B7 28 37 95  H..^..ur.>.u.(7.
000036B0:  9E BD D2 31 01 CD 25 19 41 4D 11 85 A3 1B BC A8  ...1..%.AM......
000036C0:  10 35 1C 5D B4 1D C7 CD 12 0C 22 98 CE B5 50 FD  .5.]......"...P.
000036D0:  0C 4F 39 7B 37 B8 AD D4 A5 99 72 68 98 1D 8B 84  .O9{7.....rh....
000036E0:  C6 A0 C9 B2 DF D4 42 7A 58 8F B6 CE 56 39 46 16  ......BzX...V9F.
000036F0:  3E 2D 22 30 06 28 B6 1B 65 0B 5E BD F4 55 6C 23  >-"0.(..e.^..Ul#
00003700:  63 E8 1F DD 73 17 E9 ED FA 59 FB 98 64 18 84 8A  c...s....Y..d...
00003710:  B8 1B C0 21 D5 53 23 38 3F 72 FC 93 0B BE CB 7F  ...!.S#8?r......
00003720:  01 28 92 82 3D 44 C2 87 9A D6 33 DE A3 E0 85 42  .(..=D....3....B
00003730:  53 84 F2 B9 45 ED 55 99 B9 E2 01 76 05 19 94 75  S...E.U....v...u
00003740:  A7 1B F4 0E 56 43 EE 50 90 13 B1 A0 BF 29 09 E3  ....VC.P.....)..
00003750:  85 9A 53 10 16 1E 4E 78 38 AE 02 4D BD BB 29 0A  ..S...Nx8..M..).
00003760:  69 59 6B 6C BE 81 49 DE C0 55 9B 75 E8 A6 E6 52  iYkl..I..U.u...R
00003770:  2D 2C 9D 84 4B A9 50 41 2B 05 8E 03 01 C9 6D 2C  -,..K.PA+.....m,
00003780:  94 76 DA EE F6 55 7F AF FE B2 A7 05 37 3C 92 EA  .v...U......7<..
00003790:  34 88 B4 48 BC F6 5A 26 EB 32 E6 E2 D9 5F FD 7C  4..H..Z&.2..._.|
000037A0:  78 27 75 86 44 5E 36 E3 4A 60 E3 8E 7A 46 6F 0D  x'u.D^6.J`..zFo.
000037B0:  35 03 26 72 C4 39 A5 97 7E 6A DC 36 80 C7 AE 94  5.&r.9..~j.6....
000037C0:  4F FF 91 0C 31 9A B7 93 18 14 2D AF 06 78 53 C0  O...1.....-..xS.
000037D0:  A1 80 F6 3E 67 F7 8D CA E7 DC 77 89 64 02 23 55  ...>g.....w.d.#U
000037E0:  FD AE 03 E1 FD CE 71 43 42 FB BD 24 C5 1F C4 5F  ......qCB..$..._
000037F0:  E7 32 0E 0D 86 62 07 FD 3B AA 34 B9 E5 3D 92 C4  .2...b..;.4..=..
00003800:  9E 76 9C 3A CF D1 29 0D A3 FD A2 E4 3A 6D 29 11  .v.:..).....:m).
00003810:  30 C2 9E 22 12 7A F1 50 B8 2D 34 6B 5A 5E E9 0C  0..".z.P.-4kZ^..
00003820:  4D 77 62 DB D8 67 7A E3 BE AA 66 EC 4A 7A 7E 2A  Mwb..gz...f.Jz~*
00003830:  4D 8B F4 7B AB E1 FA 57 22 DE 39 00 7D 63 2D A8  M..{...W".9.}c-.
00003840:  A1 63 BA D4 10 37 0C 41 F5 01 ED 62 BB A4 EF E2  .c...7.A...b....
00003850:  35 EC 1B 78 A9 C9 C2 C5 CA 14 1A A9 C2 2A 0F 27  5..x.........*.'
00003860:  9C 98 9F FD 75 65 5D F6 CE B2 A6 1D 21 AE A3 04  ....ue].....!...
00003870:  F5 CD 7E CB F6 5D B0 1B DC F9 1C 37 58 61 2B 01  ..~..].....7Xa+.
00003880:  73 63 C1 7A 56 FF 51 70 15 B4 B8 15 91 0E F0 2A  sc.zV.Qp.......*
00003890:  CF 2D 01 0A 1F 0E 67 C4 45 4F F4 19 12 DD 71 60  .-....g.EO....q`
000038A0:  89 EE EE 2C D9 8E BB D3 20 E3 99 65 27 D1 52 38  ...,.... ..e'.R8
000038B0:  71 7D E9 BB 88 29 73 1A BB C6 FE 55 6E 23 69 A4  q}...)s....Un#i.
000038C0:  39 4A F4 65 C0 46 EE 4C 54 C9 67 23 A4 88 64 8D  9J.e.F.LT.g#..d.
000038D0:  C5 23 60 F4 45 FA 38 AE 00 47 05 15 AB 9C 83 4A  .#`.E.8..G.....J
000038E0:  AE 73 AB 53 46 F7 04 16 20 B4 6E 72 69 19 6A 6D  .s.SF... .nri.jm
000038F0:  83 0A BA 84 80 43 E4 E9 34 2B 49 CD CA 7D E6 D8  .....C..4+I..}..
00003900:  AD 7D DB 95 C3 0A 77 DE 11 E3 24 5E 27 1A 93 AA  .}....w...$^'...
00003910:  41 4C 86 17 60 F1 7A 50 A8 91 31 21 73 A3 08 7E  AL..`.zP..1!s..~
00003920:  3E 37 35 52 BC 83 DA F9 E6 9D 6C C1 2C 00 85 E5  >75R......l.,...
00003930:  15 BA E7 8E AC 49 E2 A6 F4 CF AA E7 54 9B 58 CD  .....I......T.X.
00003940:  8D D3 E1 5C F0 55 A5 2F 16 37 CB EF 5B 30 77 36  ...\.U./.7..[0w6
00003950:  76 45 30 FA B0 03 CD 38 8A DE 9C 21 ED A5 7B F3  vE0....8...!..{.
00003960:  02 B3 A1 50 A0 04 28 BD 19 59 DF 65 CD 52 3E 5B  ...P..(..Y.e.R>[
00003970:  90 FD 0A F8 13 34 E2 34 70 49 64 45 E4 C7 C7 87  .....4.4pIdE....
00003980:  62 2C 0C 4F 07 A2 26 6A FB B1 17 49 CB 31 FA 82  b,.O..&j...I.1..
00003990:  B9 62 D2 77 AC DB 9E 05 3D 14 F0 E2 20 BC 2F D8  .b.w....=... ./.
000039A0:  3E 71 3F 52 0C E7 B3 7D B7 9A EC 65 9A B1 22 09  >q?R...}...e..".
000039B0:  4D 93 34 86 CE 53 7F 98 72 58 61 D3 90 9A 81 BB  M.4..S..rXa.....
000039C0:  3B 52 97 B7 F0 0F 05 9C 68 AE 65 28 9D F8 47 BD  ;R......h.e(..G.
000039D0:  3D 63 6A 6B 24 D6 75 07 86 1E F0 AA B2 A8 2D A3  =cjk$.u.......-.
000039E0:  2B 07 73 35 DA 12 FA F4 56 64 71 F7 B1 6B 86 1C  +.s5....Vdq..k..
000039F0:  9B 7A 9D 11 A5 BD 3D 3C A8 54 9D 03 BB 6F 51 35  .z....=<.T...oQ5
00003A00:  9E 24 6B AD 2E 3A 72 36 12 FC 58 4F 10 CF AE 16  .$k..:r6..XO....
00003A10:  84 FF DE 02 9F 56 22 D0 3D 0A A5 63 C4 16 99 1C  .....V".=..c....
00003A20:  C4 04 6F CB BA CE B9 6F D2 75 E8 CA 87 27 C7 17  ..o....o.u...'..
00003A30:  26 CB E4 B9 E9 10 5F 17 E2 E4 46 4A 7E 84 0F 2F  &....._...FJ~../
00003A40:  A8 52 3D 22 16 3E 53 F9 21 DD CF 6F A7 62 9E ED  .R=".>S.!..o.b..
00003A50:  8C D1 88 AF C3 9F 64 7E 9C 42 4E 32 7A F7 46 C7  ......d~.BN2z.F.
00003A60:  0E AE 14 D9 9B 55 A8 B0 2C D4 A4 98 5D DD D6 4F  .....U..,...]..O
00003A70:  B0 A5 98 58 5E 7C AE F9 DC 51 62 AF 07 32 F2 C5  ...X^|...Qb..2..
00003A80:  D6 14 0E B4 E6 5E CF 40 84 F8 78 6B 2C B3 2A E2  .....^.@..xk,.*.
00003A90:  24 9D D0 0A 57 9C 9A 5A 75 81 52 3C BA 25 C6 D7  $...W..Zu.R<.%..
00003AA0:  B9 8A 8E E0 86 9F B6 1B 65 0B 5E BD F4 55 6C 23  ........e.^..Ul#
00003AB0:  63 E8 1F DD 73 17 DC A1 5D 42 DC FA DF 83 47 21  c...s...]B....G!
00003AC0:  47 F4 81 B6 D0 44 BA 63 9C 10 0B 6A 9C 60 05 9A  G....D.c...j.`..
00003AD0:  4A C1 42 38 4A 5C B4 EC 47 CF B1 5B 1A B5 F0 1D  J.B8J\..G..[....
00003AE0:  86 48 89 69 C6 6F 3B D5 38 6A B9 63 2D C2 5C 69  .H.i.o;.8j.c-.\i
00003AF0:  78 C0 F7 78 43 58 4B 07 8C 05 44 F8 D2 EA E1 29  x..xCXK...D....)
00003B00:  2A 74 5A FE 48 F8 66 2C 03 0B 87 21 EA 7D 51 BD  *tZ.H.f,...!.}Q.
00003B10:  AA 2B 57 21 D3 0F D7 BB 6C 37 21 C0 51 9C 3F AD  .+W!....l7!.Q.?.
00003B20:  58 AA 85 84 04 91 84 2C FD C8 F8 92 3D 4F BF 61  X......,....=O.a
00003B30:  2E C0 8E CD 50 FE CE F6 5A 4D BE B1 3F E5 41 02  ....P...ZM..?.A.
00003B40:  58 74 45 E6 6D B8 40 C5 DE 87 99 EB 4B B5 53 7A  XtE.m.@.....K.Sz
00003B50:  6C B5 90 EF C5 D1 19 C7 C2 F5 DB 50 55 71 DC 42  l..........PUq.B
00003B60:  C8 2E F1 BD 8E C5 09 27 F7 F5 81 47 10 88 C3 43  .......'...G...C
00003B70:  F7 04 24 FE 22 77 B7 93 18 14 2D AF 06 78 53 C0  ..$."w....-..xS.
00003B80:  A1 80 F6 3E 67 F7 6A 2B BF DC 8B 80 31 7A 32 0D  ...>g.j+....1z2.
00003B90:  86 E2 D7 AA A4 8C 73 1A BB C6 FE 55 6E 23 69 A4  ......s....Un#i.
00003BA0:  39 4A F4 65 C0 46 DB DB ED 17 8C BB 2F 8B 1D C2  9J.e.F....../...
00003BB0:  49 48 E6 65 69 D2 D7 03 A8 AD D5 BF 5A 46 ED 53  IH.ei.......ZF.S
00003BC0:  40 10 99 62 6D A0 8D 47 83 79 DE 06 CE 4E 0A 04  @..bm..G.y...N..
00003BD0:  7D E0 C1 DE 83 8C C1 15 C7 AE C7 C6 40 24 A5 AA  }...........@$..
00003BE0:  FA E4 78 E0 20 03 E1 4E FF 61 0B 57 92 DD AD 08  ..x. ..N.a.W....
00003BF0:  58 F8 3B 4D E1 CC 7E B1 2D 52 1C FF BF 1D 05 CE  X.;M..~.-R......
00003C00:  EF 5C 8D A5 4D 91 68 5B 94 6F 19 98 26 24 78 75  .\..M.h[.o..&$xu
00003C10:  A6 CD C2 30 DD 88 99 B9 B9 E4 82 1E 20 F2 2E ED  ...0........ ...
00003C20:  3D 99 8D 1D 72 39 64 C5 D5 7C 37 2B 8B D0 D0 5C  =...r9d..|7+...\
00003C30:  80 28 EA D7 4D 4B 8F 31 34 BF 19 F8 89 5F CB D6  .(..MK.14...._..
00003C40:  05 48 56 6F CF 95 67 C4 45 4F F4 19 12 DD 71 60  .HVo..g.EO....q`
00003C50:  89 EE EE 2C D9 8E 9A 3A 48 C6 B7 52 14 F2 2C ED  ...,...:H..R..,.
00003C60:  54 51 26 9C 02 CC 26 6A FB B1 17 49 CB 31 FA 82  TQ&...&j...I.1..
00003C70:  B9 62 D2 77 AC DB 39 55 F4 09 9C 00 8F 0B 81 2B  .b.w..9U.......+
00003C80:  24 C2 68 05 23 89 9F 57 5A 51 AA 0C F6 62 D9 8D  $.h.#..WZQ...b..
00003C90:  5F 3A 4F 28 F4 D4 77 CC 78 9D 5A 63 BE 95 56 0E  _:O(..w.x.Zc..V.
00003CA0:  A2 58 DD 1D 28 BC 25 12 07 C6 3D 9C B3 DC C4 B2  .X..(.%...=.....
00003CB0:  43 BA FF 38 67 3E 07 E0 E7 FD BA FA B5 97 78 0E  C..8g>........x.
00003CC0:  FA 56 F5 3F 27 79 6E 4D 42 7B E6 09 E0 37 7E 7E  .V.?'ynMB{...7~~
00003CD0:  FE 4F DA 38 FA 43 31 05 E9 FE 7C 23 68 18 DF 00  .O.8.C1...|#h...
00003CE0:  72 13 3B 9E 19 98 74 0A E2 25 BA 4E BC A8 3F D5  r.;...t..%.N..?.
00003CF0:  63 EF F1 DD 3A 5C 42 88 C4 F3 D6 C8 0E 8C 84 26  c...:\B........&
00003D00:  2F 41 48 08 16 AF 76 52 BE AE EF AB 6F 2C 64 FB  /AH...vR....o,d.
00003D10:  B4 96 7F 28 9D EC 5F 09 60 3B 1B C1 46 27 4E AC  ...(.._.`;..F'N.
00003D20:  C2 E5 8A 75 31 A5 E3 76 66 09 75 46 FA 99 AE CE  ...u1..vf.uF....
00003D30:  8E 52 47 44 1E 7B 49 64 27 2D 32 BD A6 95 7B 06  .RGD.{Id'-2...{.
00003D40:  32 CA 2F 92 61 E3 D6 0A BA 9F 61 03 CB 0B 0C 1D  2./.a.....a.....
00003D50:  23 F2 D1 4A A6 50 B3 A7 84 F4 74 55 A5 50 1D 69  #..J.P....tU.P.i
00003D60:  35 97 61 0D 6E 89 EB FC 7E 7F CB 9A FB 69 3A 65  5.a.n...~....i:e
00003D70:  FA C9 2C F0 8E 40 0F 6C 8B D3 23 A7 1D 04 36 8C  ..,..@.l..#...6.
00003D80:  F4 65 9E 73 B1 95 5A C8 F3 92 22 7A E1 DF 0B 9C  .e.s..Z..."z....
00003D90:  07 A1 B2 F0 60 9F 53 6D 1E 76 13 DB 92 95 20 37  ....`.Sm.v.... 7
00003DA0:  1C BF DD 40 74 D3 03 82 9A 16 AF E3 C7 CF 7A 5B  ...@t.........z[
00003DB0:  9D E0 90 FF 64 FD AC D9 5A DF C6 DA 97 DF 0F 24  ....d...Z......$
00003DC0:  85 2B FD 0A D2 41 55 CA AB F1 13 61 77 C1 EE 27  .+...AU....aw..'
00003DD0:  0F 2D E4 E3 E3 41 F3 9A 80 23 07 0A 49 CC 61 D9  .-...A...#..I.a.
00003DE0:  04 F5 D3 9A 2E 23 28 FA A2 4F 5F C3 E2 AF B4 8C  .....#(..O_.....
00003DF0:  D3 62 A7 33 27 22 8B E7 65 DC A5 05 6F F2 AF 9D  .b.3'"..e...o...
00003E00:  14 0B 78 40 AE 71 BA B1 EC F3 15 94 1B 13 87 D8  ..x@.q..........
00003E10:  15 5D 60 B7 2D CE B6 62 F3 5F B7 C2 2E 14 A6 6A  .]`.-..b._.....j
00003E20:  D0 B2 98 8A 4E FA D5 F7 11 C0 2B 1E F2 D0 09 95  ....N.....+.....
00003E30:  66 4F 35 F8 14 30 D6 9D DB 2D 8D 62 BD 04 0B 4A  fO5..0...-.b...J
00003E40:  92 79 4F 65 E8 F2 08 BA 0E 93 45 97 0A 4E 8E CB  .yOe......E..N..
00003E50:  80 C2 CC 67 54 D2 CA 43 50 1D 3A AC 11 E1 60 8B  ...gT..CP.:...`.
00003E60:  66 FB CC ED D6 FB 00 00 00 00 00 00 00 00 00 00  f...............
00003E70:  00 00 00 00 00 00 00 00 00 00 00 00 00 00 00 00  ................ [zeros]
00003E80:  00 00 00 00 00 00 71 DD 2E 73 C3 86 E8 06 E3 C4  ......q..s......
00003E90:  62 42 E8 ED 5C 15 C0 7F 66 D6 FE 64 17 7B 52 9C  bB..\...f..d.{R.
00003EA0:  06 32 FA 86 0D BB 00 00 00 00 00 00 00 00 00 00  .2..............
00003EB0:  00 00 00 00 00 00 00 00 00 00 00 00 00 00 00 00  ................ [zeros]
00003EC0:  00 00 00 00 00 00 00 00 00 00 00 00 00 00 00 00  ................ [zeros]
00003ED0:  00 00 00 00 00 00 00 00 00 00 00 00 00 00 00 00  ................ [zeros]
00003EE0:  00 00 00 00 00 00 00 00 00 00 00 00 00 00 00 00  ................ [zeros]
00003EF0:  00 00 00 00 00 00 00 00 00 00 00 00 00 00 00 00  ................ [zeros]
00003F00:  00 00 00 00 00 00 00 00 00 00 00 00 00 00 00 00  ................ [zeros]
00003F10:  00 00 00 00 00 00 00 00 00 00 00 00 00 00 00 00  ................ [zeros]
00003F20:  00 00 00 00 00 00 00 00 00 00 00 00 00 00 00 00  ................ [zeros]
00003F30:  00 00 00 00 00 00 57 FD A8 75 86 CA 14 19 A4 B6  ......W..u......
00003F40:  CE A5 1F 80 99 CB 52 E3 B6 F0 96 84 1D 81 FF AE  ......R.........
00003F50:  36 98 7D 6C 9F C6 36 CA 38 A5 FC 1F C7 B6 AE 0F  6.}l..6.8.......
00003F60:  B8 E4 87 18 8A F6 E4 91 6F F0 A4 92 EB F3 43 77  ........o.....Cw
00003F70:  F8 93 CB D5 20 15 25 1D AF 56 F2 E3 F6 B4 E2 93  .... .%..V......
00003F80:  B8 8C 6C 4B 96 F7 00 00 00 00 00 00 00 00 00 00  ..lK............
00003F90:  00 00 00 00 00 00 34 69 C2 D4 BC 90 FA 76 B4 2E  ......4i.....v..
00003FA0:  8B A3 A8 35 A0 CE 51 27 51 AA 27 33 37 1C D8 28  ...5..Q'Q.'37..(
00003FB0:  A0 29 72 03 B2 17 47 0B 21 6B C0 10 87 39 0D B5  .)r...G.!k...9..
00003FC0:  0C BB 6A 30 2F 29 2D 6F 46 17 BF E5 06 5F 34 5A  ..j0/)-oF...._4Z
00003FD0:  63 2A E1 16 FB A2 27 1D CD D3 2D 44 21 52 71 B6  c*....'...-D!Rq.
00003FE0:  39 3C 65 1C A5 7D 37 F7 C2 A6 86 3C B5 9D 44 BC  9<e..}7....<..D.
00003FF0:  8F 67 DA D2 5D 8F 83 F6 B9 21 5B E1 C4 6B 67 4E  .g..]....![..kgN
00004000:  54 ED C6 34 DC 45 60 3C 8F 1C 50 56 88 43 95 8F  T..4.E`<..PV.C..
00004010:  4F 09 0E 2E FA E8 A0 9F 3C FE 32 8C 58 C6 6A CF  O.......<.2.X.j.
00004020:  AE CA CE FF E2 80 C7 BA 29 AB 09 19 60 13 0F 9B  ........)...`...
00004030:  B4 7C E9 8E 93 D2 00 00 00 00 00 00 00 00 00 00  .|..............
00004040:  00 00 00 00 00 00 00 00 00 00 00 00 00 00 00 00  ................ [zeros]
00004050:  00 00 00 00 00 00 00 00 00 00 00 00 00 00 00 00  ................ [zeros]
00004060:  00 00 00 00 00 00 00 00 00 00 00 00 00 00 00 00  ................ [zeros]
00004070:  00 00 00 00 00 00 00 00 00 00 00 00 00 00 00 00  ................ [zeros]
00004080:  00 00 00 00 00 00 00 00 00 00 00 00 00 00 00 00  ................ [zeros]
00004090:  00 00 00 00 00 00 00 00 00 00 00 00 00 00 00 00  ................ [zeros]
000040A0:  00 00 00 00 00 00 00 00 00 00 00 00 00 00 00 00  ................ [zeros]
000040B0:  00 00 00 00 00 00 00 00 00 00 00 00 00 00 00 00  ................ [zeros]
000040C0:  00 00 00 00 00 00 00 00 00 00 00 00 00 00 00 00  ................ [zeros]
000040D0:  00 00 00 00 00 00 00 00 00 00 00 00 00 00 00 00  ................ [zeros]
000040E0:  00 00 00 00 00 00 00 00 00 00 00 00 00 00 00 00  ................ [zeros]
000040F0:  00 00 00 00 00 00 CD 35 08 C1 62 4B EA BC E1 15  .......5..bK....
00004100:  D7 F1 07 BA 21 93 3E 2E 97 D6 19 E9 D5 6F D0 C0  ....!.>......o..
00004110:  B3 6B 48 55 18 F3 84 5C 69 35 EB 4B C0 2F 59 7E  .kHU...\i5.K./Y~
00004120:  1C 86 BA 52 A2 EA D7 AA FD E9 20 66 02 73 C6 48  ...R...... f.s.H
00004130:  A4 28 77 64 E5 2C 00 00 00 00 00 00 00 00 00 00  .(wd.,..........
00004140:  00 00 00 00 00 00 00 00 00 00 00 00 00 00 00 00  ................ [zeros]
00004150:  00 00 00 00 00 00 00 00 00 00 00 00 00 00 00 00  ................ [zeros]
00004160:  00 00 00 00 00 00 00 00 00 00 00 00 00 00 00 00  ................ [zeros]
00004170:  00 00 00 00 00 00 00 00 00 00 00 00 00 00 00 00  ................ [zeros]
00004180:  00 00 00 00 00 00 00 00 00 00 00 00 00 00 00 00  ................ [zeros]
00004190:  00 00 00 00 00 00 00 00 00 00 00 00 00 00 00 00  ................ [zeros]
000041A0:  00 00 00 00 00 00 00 00 00 00 00 00 00 00 00 00  ................ [zeros]
000041B0:  00 00 00 00 00 00 00 00 00 00 00 00 00 00 00 00  ................ [zeros]
000041C0:  00 00 00 00 00 00 00 00 00 00 00 00 00 00 00 00  ................ [zeros]
000041D0:  00 00 00 00 00 00 00 00 00 00 00 00 00 00 00 00  ................ [zeros]
000041E0:  00 00 00 00 00 00 00 00 00 00 00 00 00 00 00 00  ................ [zeros]
000041F0:  00 00 00 00 00 00 00 00 00 00 00 00 00 00 00 00  ................ [zeros]
00004200:  00 00 00 00 00 00 00 00 00 00 00 00 00 00 00 00  ................ [zeros]
00004210:  00 00 00 00 00 00 00 00 00 00 00 00 00 00 00 00  ................ [zeros]
00004220:  00 00 00 00 00 00 00 00 00 00 00 00 00 00 00 00  ................ [zeros]
00004230:  00 00 00 00 00 00 00 00 00 00 00 00 00 00 00 00  ................ [zeros]
00004240:  00 00 00 00 00 00 00 00 00 00 00 00 00 00 00 00  ................ [zeros]
00004250:  00 00 00 00 00 00 00 00 00 00 00 00 00 00 00 00  ................ [zeros]
00004260:  00 00 00 00 00 00 00 00 00 00 00 00 00 00 00 00  ................ [zeros]
00004270:  00 00 00 00 00 00 00 00 00 00 00 00 00 00 00 00  ................ [zeros]
00004280:  00 00 00 00 00 00 00 00 00 00 00 00 00 00 00 00  ................ [zeros]
00004290:  00 00 00 00 00 00 FB 2D A2 2D D6 73 9F 08 8C C5  .......-.-.s....
000042A0:  6B 7B 3B CB 58 2F C8 C9 24 EB 0F B0 70 09 0E DB  k{;.X/..$...p...
000042B0:  5E 24 5C E3 D6 EA D1 9F D3 46 90 B5 60 B1 7A 4B  ^$\......F..`.zK
000042C0:  99 DF 41 31 5E C0 00 00 00 00 00 00 00 00 00 00  ..A1^...........
000042D0:  00 00 00 00 00 00 00 00 00 00 00 00 00 00 00 00  ................ [zeros]
000042E0:  00 00 00 00 00 00 00 00 00 00 00 00 00 00 00 00  ................ [zeros]
000042F0:  00 00 00 00 00 00 00 00 00 00 00 00 00 00 00 00  ................ [zeros]
00004300:  00 00 00 00 00 00 00 00 00 00 00 00 00 00 00 00  ................ [zeros]
00004310:  00 00 00 00 00 00 00 00 00 00 00 00 00 00 00 00  ................ [zeros]
00004320:  00 00 00 00 00 00 00 00 00 00 00 00 00 00 00 00  ................ [zeros]
00004330:  00 00 00 00 00 00 00 00 00 00 00 00 00 00 00 00  ................ [zeros]
00004340:  00 00 00 00 00 00 00 00 00 00 00 00 00 00 00 00  ................ [zeros]
00004350:  00 00 00 00 00 00 00 00 00 00 00 00 00 00 00 00  ................ [zeros]
00004360:  00 00 00 00 00 00 00 00 00 00 00 00 00 00 00 00  ................ [zeros]
00004370:  00 00 00 00 00 00 00 00 00 00 00 00 00 00 00 00  ................ [zeros]
00004380:  00 00 00 00 00 00 00 00 00 00 00 00 00 00 00 00  ................ [zeros]
00004390:  00 00 00 00 00 00 00 00 00 00 00 00 00 00 00 00  ................ [zeros]
000043A0:  00 00 00 00 00 00 00 00 00 00 00 00 00 00 00 00  ................ [zeros]
000043B0:  00 00 00 00 00 00 00 00 00 00 00 00 00 00 00 00  ................ [zeros]
000043C0:  00 00 00 00 00 00 17 56 E0 63 98 D5 FB 77 8C 95  .......V.c...w..
000043D0:  68 91 8D FD 58 35 C5 6E E3 BD BE 12 D4 60 9C 88  h...X5.n.....`..
000043E0:  E9 84 93 54 07 E6 1D 78 2F A2 CA 1F 62 65 57 72  ...T...x/...beWr
000043F0:  B8 60 AC 68 B7 5E 93 E4 22 F2 77 0F 78 B6 A7 FF  .`.h.^..".w.x...
00004400:  A9 3F DD 55 BC 2C 84 28 63 94 9B B9 AA 40 1D 31  .?.U.,.(c....@.1
00004410:  CB 00 C7 B5 5B 45 4E 0A 12 62 31 32 08 E2 F0 C2  ....[EN..b12....
00004420:  21 83 7C 71 98 23 BB C1 05 02 2D A2 4B 82 4E 86  !.|q.#....-.K.N.
00004430:  FC C8 8C 81 35 F2 C9 E0 A1 5D B3 38 59 A4 E9 D9  ....5....].8Y...
00004440:  0D 4C 01 28 39 62 CC 65 C2 0B 14 79 B3 ED 04 4D  .L.(9b.e...y...M
00004450:  BF 4A 22 82 EB 3D 93 E4 22 F2 77 0F 78 B6 A7 FF  .J"..=..".w.x...
00004460:  A9 3F DD 55 BC 2C 10 5D 2D 35 D1 B9 D3 BE 71 F6  .?.U.,.]-5....q.
00004470:  11 00 BD D3 51 B0 37 3E CA D2 01 0D 56 53 A6 06  ....Q.7>....VS..
00004480:  0B 65 34 72 3F DA 72 F1 C4 7C 8E 88 3E 19 88 71  .e4r?.r..|..>..q
00004490:  D0 99 0E D6 01 91 A3 57 FC B4 65 5E 53 5F EE 7C  .......W..e^S_.|
000044A0:  D5 D4 EF 01 A8 8A 00 00 00 00 00 00 00 00 00 00  ................
000044B0:  00 00 00 00 00 00 00 00 00 00 00 00 00 00 00 00  ................ [zeros]
000044C0:  00 00 00 00 00 00 00 00 00 00 00 00 00 00 00 00  ................ [zeros]
000044D0:  00 00 00 00 00 00 00 00 00 00 00 00 00 00 00 00  ................ [zeros]
000044E0:  00 00 00 00 00 00 00 00 00 00 00 00 00 00 00 00  ................ [zeros]
000044F0:  00 00 00 00 00 00 00 00 00 00 00 00 00 00 00 00  ................ [zeros]
00004500:  00 00 00 00 00 00 00 00 00 00 00 00 00 00 00 00  ................ [zeros]
00004510:  00 00 00 00 00 00 00 00 00 00 00 00 00 00 00 00  ................ [zeros]
00004520:  00 00 00 00 00 00 00 00 00 00 00 00 00 00 00 00  ................ [zeros]
00004530:  00 00 00 00 00 00 00 00 00 00 00 00 00 00 00 00  ................ [zeros]
00004540:  00 00 00 00 00 00 00 00 00 00 00 00 00 00 00 00  ................ [zeros]
00004550:  00 00 00 00 00 00 00 00 00 00 00 00 00 00 00 00  ................ [zeros]
00004560:  00 00 00 00 00 00 00 00 00 00 00 00 00 00 00 00  ................ [zeros]
00004570:  00 00 00 00 00 00 00 00 00 00 00 00 00 00 00 00  ................ [zeros]
00004580:  00 00 00 00 00 00 00 00 00 00 00 00 00 00 00 00  ................ [zeros]
00004590:  00 00 00 00 00 00 00 00 00 00 00 00 00 00 00 00  ................ [zeros]
000045A0:  00 00 00 00 00 00 00 00 00 00 00 00 00 00 00 00  ................ [zeros]
000045B0:  00 00 00 00 00 00 00 00 00 00 00 00 00 00 00 00  ................ [zeros]
000045C0:  00 00 00 00 00 00 00 00 00 00 00 00 00 00 00 00  ................ [zeros]
000045D0:  00 00 00 00 00 00 00 00 00 00 00 00 00 00 00 00  ................ [zeros]
000045E0:  00 00 00 00 00 00 00 00 00 00 00 00 00 00 00 00  ................ [zeros]
000045F0:  00 00 00 00 00 00 00 00 00 00 00 00 00 00 00 00  ................ [zeros]
00004600:  00 00 00 00 00 00 00 00 00 00 00 00 00 00 00 00  ................ [zeros]
00004610:  00 00 00 00 00 00 00 00 00 00 00 00 00 00 00 00  ................ [zeros]
00004620:  00 00 00 00 00 00 00 00 00 00 00 00 00 00 00 00  ................ [zeros]
00004630:  00 00 00 00 00 00 00 00 00 00 00 00 00 00 00 00  ................ [zeros]
00004640:  00 00 00 00 00 00 00 00 00 00 00 00 00 00 00 00  ................ [zeros]
00004650:  00 00 00 00 00 00 00 00 00 00 00 00 00 00 00 00  ................ [zeros]
00004660:  00 00 00 00 00 00 00 00 00 00 00 00 00 00 00 00  ................ [zeros]
00004670:  00 00 00 00 00 00 00 00 00 00 00 00 00 00 00 00  ................ [zeros]
00004680:  00 00 00 00 00 00 00 00 00 00 00 00 00 00 00 00  ................ [zeros]
00004690:  00 00 00 00 00 00 00 00 00 00 00 00 00 00 00 00  ................ [zeros]
000046A0:  00 00 00 00 00 00 00 00 00 00 00 00 00 00 00 00  ................ [zeros]
000046B0:  00 00 00 00 00 00 00 00 00 00 00 00 00 00 00 00  ................ [zeros]
000046C0:  00 00 00 00 00 00 00 00 00 00 00 00 00 00 00 00  ................ [zeros]
000046D0:  00 00 00 00 00 00 00 00 00 00 00 00 00 00 00 00  ................ [zeros]
000046E0:  00 00 00 00 00 00 00 00 00 00 00 00 00 00 00 00  ................ [zeros]
000046F0:  00 00 00 00 00 00 00 00 00 00 00 00 00 00 00 00  ................ [zeros]
00004700:  00 00 00 00 00 00 00 00 00 00 00 00 00 00 00 00  ................ [zeros]
00004710:  00 00 00 00 00 00 00 00 00 00 00 00 00 00 00 00  ................ [zeros]
00004720:  00 00 00 00 00 00 00 00 00 00 00 00 00 00 00 00  ................ [zeros]
00004730:  00 00 00 00 00 00 00 00 00 00 00 00 00 00 00 00  ................ [zeros]
00004740:  00 00 00 00 00 00 00 00 00 00 00 00 00 00 00 00  ................ [zeros]
00004750:  00 00 00 00 00 00 00 00 00 00 00 00 00 00 00 00  ................ [zeros]
00004760:  00 00 00 00 00 00 00 00 00 00 00 00 00 00 00 00  ................ [zeros]
00004770:  00 00 00 00 00 00 00 00 00 00 00 00 00 00 00 00  ................ [zeros]
00004780:  00 00 00 00 00 00 00 00 00 00 00 00 00 00 00 00  ................ [zeros]
00004790:  00 00 00 00 00 00 00 00 00 00 00 00 00 00 00 00  ................ [zeros]
000047A0:  00 00 00 00 00 00 00 00 00 00 00 00 00 00 00 00  ................ [zeros]
000047B0:  00 00 00 00 00 00 00 00 00 00 00 00 00 00 00 00  ................ [zeros]
000047C0:  00 00 00 00 00 00 00 00 00 00 00 00 00 00 00 00  ................ [zeros]
000047D0:  00 00 00 00 00 00 00 00 00 00 00 00 00 00 00 00  ................ [zeros]
000047E0:  00 00 00 00 00 00 00 00 00 00 00 00 00 00 00 00  ................ [zeros]
000047F0:  00 00 00 00 00 00 00 00 00 00 00 00 00 00 00 00  ................ [zeros]
00004800:  00 00 00 00 00 00 00 00 00 00 00 00 00 00 00 00  ................ [zeros]
00004810:  00 00 00 00 00 00 00 00 00 00 00 00 00 00 00 00  ................ [zeros]
00004820:  00 00 00 00 00 00 00 00 00 00 00 00 00 00 00 00  ................ [zeros]
00004830:  00 00 00 00 00 00 00 00 00 00 00 00 00 00 00 00  ................ [zeros]
00004840:  00 00 00 00 00 00 00 00 00 00 00 00 00 00 00 00  ................ [zeros]
00004850:  00 00 00 00 00 00 00 00 00 00 00 00 00 00 00 00  ................ [zeros]
00004860:  00 00 00 00 00 00 00 00 00 00 00 00 00 00 00 00  ................ [zeros]
00004870:  00 00 00 00 00 00 00 00 00 00 00 00 00 00 00 00  ................ [zeros]
00004880:  00 00 00 00 00 00 00 00 00 00 00 00 00 00 00 00  ................ [zeros]
00004890:  00 00 00 00 00 00 00 00 00 00 00 00 00 00 00 00  ................ [zeros]
000048A0:  00 00 00 00 00 00 00 00 00 00 00 00 00 00 00 00  ................ [zeros]
000048B0:  00 00 00 00 00 00 00 00 00 00 00 00 00 00 00 00  ................ [zeros]
000048C0:  00 00 00 00 00 00 00 00 00 00 00 00 00 00 00 00  ................ [zeros]
000048D0:  00 00 00 00 00 00 00 00 00 00 00 00 00 00 00 00  ................ [zeros]
000048E0:  00 00 00 00 00 00 00 00 00 00 00 00 00 00 00 00  ................ [zeros]
000048F0:  00 00 00 00 00 00 00 00 00 00 00 00 00 00 00 00  ................ [zeros]
00004900:  00 00 00 00 00 00 00 00 00 00 00 00 00 00 00 00  ................ [zeros]
00004910:  00 00 00 00 00 00 00 00 00 00 00 00 00 00 00 00  ................ [zeros]
00004920:  00 00 00 00 00 00 00 00 00 00 00 00 00 00 00 00  ................ [zeros]
00004930:  00 00 00 00 00 00 00 00 00 00 00 00 00 00 00 00  ................ [zeros]
00004940:  00 00 00 00 00 00 00 00 00 00 00 00 00 00 00 00  ................ [zeros]
00004950:  00 00 00 00 00 00 00 00 00 00 00 00 00 00 00 00  ................ [zeros]
00004960:  00 00 00 00 00 00 00 00 00 00 00 00 00 00 00 00  ................ [zeros]
00004970:  00 00 00 00 00 00 00 00 00 00 00 00 00 00 00 00  ................ [zeros]
00004980:  00 00 00 00 00 00 00 00 00 00 00 00 00 00 00 00  ................ [zeros]
00004990:  00 00 00 00 00 00 00 00 00 00 00 00 00 00 00 00  ................ [zeros]
000049A0:  00 00 00 00 00 00 00 00 00 00 00 00 00 00 00 00  ................ [zeros]
000049B0:  00 00 00 00 00 00 00 00 00 00 00 00 00 00 00 00  ................ [zeros]
000049C0:  00 00 00 00 00 00 00 00 00 00 00 00 00 00 00 00  ................ [zeros]
000049D0:  00 00 00 00 00 00 00 00 00 00 00 00 00 00 00 00  ................ [zeros]
000049E0:  00 00 00 00 00 00 00 00 00 00 00 00 00 00 00 00  ................ [zeros]
000049F0:  00 00 00 00 00 00 00 00 00 00 00 00 00 00 00 00  ................ [zeros]
00004A00:  00 00 00 00 00 00 00 00 00 00 00 00 00 00 00 00  ................ [zeros]
00004A10:  00 00 00 00 00 00 00 00 00 00 00 00 00 00 00 00  ................ [zeros]
00004A20:  00 00 00 00 00 00 00 00 00 00 00 00 00 00 00 00  ................ [zeros]
00004A30:  00 00 00 00 00 00 00 00 00 00 00 00 00 00 00 00  ................ [zeros]
00004A40:  00 00 00 00 00 00 00 00 00 00 00 00 00 00 00 00  ................ [zeros]
00004A50:  00 00 00 00 00 00 00 00 00 00 00 00 00 00 00 00  ................ [zeros]
00004A60:  00 00 00 00 00 00 00 00 00 00 00 00 00 00 00 00  ................ [zeros]
00004A70:  00 00 00 00 00 00 00 00 00 00 00 00 00 00 00 00  ................ [zeros]
00004A80:  00 00 00 00 00 00 00 00 00 00 00 00 00 00 00 00  ................ [zeros]
00004A90:  00 00 00 00 00 00 CF D2 BB BE 0E 05 C7 DD 31 EE  ..............1.
00004AA0:  05 D4 D2 A7 C5 BC 1D 47 5F DC B2 06 E0 F3 B9 DE  .......G_.......
00004AB0:  87 EA 60 BF C5 FB 86 D8 E3 31 37 0F 88 3B 91 DC  ..`......17..;..
00004AC0:  56 6B 9E FC 4B 42 D0 F3 69 6D C6 B5 42 88 20 7C  Vk..KB..im..B. |
00004AD0:  CD E2 62 D9 81 81 D0 F3 69 6D C6 B5 42 88 20 7C  ..b.....im..B. |
00004AE0:  CD E2 62 D9 81 81 D0 F3 69 6D C6 B5 42 88 20 7C  ..b.....im..B. |
00004AF0:  CD E2 62 D9 81 81 D0 F3 69 6D C6 B5 42 88 20 7C  ..b.....im..B. |
00004B00:  CD E2 62 D9 81 81 D0 F3 69 6D C6 B5 42 88 20 7C  ..b.....im..B. |
00004B10:  CD E2 62 D9 81 81 D0 F3 69 6D C6 B5 42 88 20 7C  ..b.....im..B. |
00004B20:  CD E2 62 D9 81 81 D0 F3 69 6D C6 B5 42 88 20 7C  ..b.....im..B. |
00004B30:  CD E2 62 D9 81 81 D0 F3 69 6D C6 B5 42 88 20 7C  ..b.....im..B. |
00004B40:  CD E2 62 D9 81 81 D0 F3 69 6D C6 B5 42 88 20 7C  ..b.....im..B. |
00004B50:  CD E2 62 D9 81 81 D0 F3 69 6D C6 B5 42 88 20 7C  ..b.....im..B. |
00004B60:  CD E2 62 D9 81 81 D0 F3 69 6D C6 B5 42 88 20 7C  ..b.....im..B. |
00004B70:  CD E2 62 D9 81 81 D0 F3 69 6D C6 B5 42 88 20 7C  ..b.....im..B. |
00004B80:  CD E2 62 D9 81 81 D0 F3 69 6D C6 B5 42 88 20 7C  ..b.....im..B. |
00004B90:  CD E2 62 D9 81 81 D0 F3 69 6D C6 B5 42 88 20 7C  ..b.....im..B. |
00004BA0:  CD E2 62 D9 81 81 E5 7F 2F 88 A2 44 53 C6 C1 3B  ..b...../..DS..;
00004BB0:  7A 8B 20 99 11 A6 ED 88 2F FD 7F B6 44 4A AB E1  z. ...../...DJ..
00004BC0:  57 DE 02 14 B9 13 00 00 00 00 00 00 00 00 00 00  W...............
00004BD0:  00 00 00 00 00 00 00 00 00 00 00 00 00 00 00 00  ................ [zeros]
00004BE0:  00 00 00 00 00 00 00 00 00 00 00 00 00 00 00 00  ................ [zeros]
00004BF0:  00 00 00 00 00 00 00 00 00 00 00 00 00 00 00 00  ................ [zeros]
00004C00:  00 00 00 00 00 00 00 00 00 00 00 00 00 00 00 00  ................ [zeros]
00004C10:  00 00 00 00 00 00 00 00 00 00 00 00 00 00 00 00  ................ [zeros]
00004C20:  00 00 00 00 00 00 00 00 00 00 00 00 00 00 00 00  ................ [zeros]
00004C30:  00 00 00 00 00 00 00 00 00 00 00 00 00 00 00 00  ................ [zeros]
00004C40:  00 00 00 00 00 00 00 00 00 00 00 00 00 00 00 00  ................ [zeros]
00004C50:  00 00 00 00 00 00 00 00 00 00 00 00 00 00 00 00  ................ [zeros]
00004C60:  00 00 00 00 00 00 00 00 00 00 00 00 00 00 00 00  ................ [zeros]
00004C70:  00 00 00 00 00 00 00 00 00 00 00 00 00 00 00 00  ................ [zeros]
00004C80:  00 00 00 00 00 00 00 00 00 00 00 00 00 00 00 00  ................ [zeros]
00004C90:  00 00 00 00 00 00 00 00 00 00 00 00 00 00 00 00  ................ [zeros]
00004CA0:  00 00 00 00 00 00 00 00 00 00 00 00 00 00 00 00  ................ [zeros]
00004CB0:  00 00 00 00 00 00 00 00 00 00 00 00 00 00 00 00  ................ [zeros]
00004CC0:  00 00 00 00 00 00 7A A3 8F FC 95 80 B9 77 0B AA  ......z......w..
00004CD0:  67 0F 0D D7 F9 44 D0 F3 69 6D C6 B5 42 88 20 7C  g....D..im..B. |
00004CE0:  CD E2 62 D9 81 81 D0 F3 69 6D C6 B5 42 88 20 7C  ..b.....im..B. |
00004CF0:  CD E2 62 D9 81 81 D0 F3 69 6D C6 B5 42 88 20 7C  ..b.....im..B. |
00004D00:  CD E2 62 D9 81 81 D0 F3 69 6D C6 B5 42 88 20 7C  ..b.....im..B. |
00004D10:  CD E2 62 D9 81 81 D0 F3 69 6D C6 B5 42 88 20 7C  ..b.....im..B. |
00004D20:  CD E2 62 D9 81 81 D0 F3 69 6D C6 B5 42 88 20 7C  ..b.....im..B. |
00004D30:  CD E2 62 D9 81 81 D0 F3 69 6D C6 B5 42 88 20 7C  ..b.....im..B. |
00004D40:  CD E2 62 D9 81 81 D0 F3 69 6D C6 B5 42 88 20 7C  ..b.....im..B. |
00004D50:  CD E2 62 D9 81 81 D0 F3 69 6D C6 B5 42 88 20 7C  ..b.....im..B. |
00004D60:  CD E2 62 D9 81 81 D0 F3 69 6D C6 B5 42 88 20 7C  ..b.....im..B. |
00004D70:  CD E2 62 D9 81 81 D0 F3 69 6D C6 B5 42 88 20 7C  ..b.....im..B. |
00004D80:  CD E2 62 D9 81 81 D0 F3 69 6D C6 B5 42 88 20 7C  ..b.....im..B. |
00004D90:  CD E2 62 D9 81 81 D0 F3 69 6D C6 B5 42 88 20 7C  ..b.....im..B. |
00004DA0:  CD E2 62 D9 81 81 D0 F3 69 6D C6 B5 42 88 20 7C  ..b.....im..B. |
00004DB0:  CD E2 62 D9 81 81 D0 F3 69 6D C6 B5 42 88 20 7C  ..b.....im..B. |
00004DC0:  CD E2 62 D9 81 81 21 2A B4 C7 C3 22 F8 F3 FF BD  ..b...!*..."....
00004DD0:  71 56 39 E8 6E D4 D0 F3 69 6D C6 B5 42 88 20 7C  qV9.n...im..B. |
00004DE0:  CD E2 62 D9 81 81 D0 F3 69 6D C6 B5 42 88 20 7C  ..b.....im..B. |
00004DF0:  CD E2 62 D9 81 81 D0 F3 69 6D C6 B5 42 88 20 7C  ..b.....im..B. |
00004E00:  CD E2 62 D9 81 81 D0 F3 69 6D C6 B5 42 88 20 7C  ..b.....im..B. |
00004E10:  CD E2 62 D9 81 81 D0 F3 69 6D C6 B5 42 88 20 7C  ..b.....im..B. |
00004E20:  CD E2 62 D9 81 81 D0 F3 69 6D C6 B5 42 88 20 7C  ..b.....im..B. |
00004E30:  CD E2 62 D9 81 81 D0 F3 69 6D C6 B5 42 88 20 7C  ..b.....im..B. |
00004E40:  CD E2 62 D9 81 81 D0 F3 69 6D C6 B5 42 88 20 7C  ..b.....im..B. |
00004E50:  CD E2 62 D9 81 81 D0 F3 69 6D C6 B5 42 88 20 7C  ..b.....im..B. |
00004E60:  CD E2 62 D9 81 81 D0 F3 69 6D C6 B5 42 88 20 7C  ..b.....im..B. |
00004E70:  CD E2 62 D9 81 81 D0 F3 69 6D C6 B5 42 88 20 7C  ..b.....im..B. |
00004E80:  CD E2 62 D9 81 81 D0 F3 69 6D C6 B5 42 88 20 7C  ..b.....im..B. |
00004E90:  CD E2 62 D9 81 81 D0 F3 69 6D C6 B5 42 88 20 7C  ..b.....im..B. |
00004EA0:  CD E2 62 D9 81 81 D0 F3 69 6D C6 B5 42 88 20 7C  ..b.....im..B. |
00004EB0:  CD E2 62 D9 81 81 D0 F3 69 6D C6 B5 42 88 20 7C  ..b.....im..B. |
00004EC0:  CD E2 62 D9 81 81 7C 0E FB 77 18 A7 02 81 1C 19  ..b...|..w......
00004ED0:  98 BE 3C 4E DE 00 00 00 00 00 00 00 00 00 00 00  ..<N............
00004EE0:  00 00 00 00 00 00 00 00 00 00 00 00 00 00 00 00  ................ [zeros]
00004EF0:  00 00 00 00 00 00 00 00 00 00 00 00 00 00 00 00  ................ [zeros]
00004F00:  00 00 00 00 00 00 00 00 00 00 00 00 00 00 00 00  ................ [zeros]
00004F10:  00 00 00 00 00 00 3F 1E 4A F9 73 49 13 33 36 F8  ......?.J.sI.36.
00004F20:  40 3A 52 C6 69 11 8D 95 08 75 58 69 78 CF B2 D2  @:R.i....uXix...
00004F30:  F5 78 56 52 81 8E 2C 95 A9 DD DB 75 94 04 1F 7A  .xVR..,....u...z
00004F40:  29 F0 7B C3 FB 0E 84 BA C0 00 CF F1 C4 F0 1E 10  ).{.............
00004F50:  3B BD 5A E2 53 F7 00 22 9C 96 7E EC B7 8C 02 E8  ;.Z.S.."..~.....
00004F60:  70 89 A3 7D 88 58 EF D5 91 22 75 CF 5C 50 2E 12  p..}.X..."u.\P..
00004F70:  62 48 16 1C 82 16 0D 32 75 3B 63 D8 FB D7 AB 67  bH.....2u;c....g
00004F80:  3B BF F1 30 61 02 DD 6E E3 03 57 78 FB AD A3 C6  ;..0a..n..Wx....
00004F90:  62 B8 1D 3F 54 14 7D FC 43 F4 E3 CB E2 56 59 D4  b..?T.}.C....VY.
00004FA0:  58 DE D0 5D 40 79 00 00 00 00 00 00 00 00 00 00  X..]@y..........
00004FB0:  00 00 00 00 00 00 00 00 00 00 00 00 00 00 00 00  ................ [zeros]
00004FC0:  00 00 00 00 00 00 00 00 00 00 00 00 00 00 00 00  ................ [zeros]
00004FD0:  00 00 00 00 00 00 00 00 00 00 00 00 00 00 00 00  ................ [zeros]
00004FE0:  00 00 00 00 00 00 00 00 00 00 00 00 00 00 00 00  ................ [zeros]
00004FF0:  00 00 00 00 00 00 00 00 00 00 00 00 00 00 00 00  ................ [zeros]
00005000:  00 00 00 00 00 00 00 00 00 00 00 00 00 00 00 00  ................ [zeros]
00005010:  00 00 00 00 00 00 00 00 00 00 00 00 00 00 00 00  ................ [zeros]
00005020:  00 00 00 00 00 00 00 00 00 00 00 00 00 00 00 00  ................ [zeros]
00005030:  00 00 00 00 00 00 00 00 00 00 00 00 00 00 00 00  ................ [zeros]
00005040:  00 00 00 00 00 00 00 00 00 00 00 00 00 00 00 00  ................ [zeros]
00005050:  00 00 00 00 00 00 00 00 00 00 00 00 00 00 00 00  ................ [zeros]
00005060:  00 00 00 00 00 00 4E 0A 12 62 31 32 08 E2 F0 C2  ......N..b12....
00005070:  21 83 7C 71 98 23 93 12 2A FE DB 80 5F CC 75 8C  !.|q.#..*..._.u.
00005080:  BF 42 06 1C 1A 84 55 3A 48 4B 7F EC E2 2C A8 A5  .B....U:HK...,..
00005090:  45 35 CD DF AA 62 A7 23 AB 63 00 EA 72 9A 05 57  E5...b.#.c..r..W
000050A0:  94 A4 3E 5A 37 D4 2E FC 57 7F E5 8F 62 F6 26 0F  ..>Z7...W...b.&.
000050B0:  6A 44 8A B7 EA D7 7E A4 5C 5D DF E6 0B 5B 21 23  jD....~.\]...[!#
000050C0:  85 F8 53 6D 9C 81 68 9E 98 8A DE 03 26 11 64 50  ..Sm..h.....&.dP
000050D0:  FD 9D EA 99 59 F1 97 0E 30 8B FA 8B 48 54 A3 10  ....Y...0...HT..
000050E0:  84 A1 8E 0C 23 C4 B5 13 4E FC AD EB E3 09 36 D2  ....#...N.....6.
000050F0:  84 78 ED A6 1E 7E 00 00 00 00 00 00 00 00 00 00  .x...~..........
00005100:  00 00 00 00 00 00 00 00 00 00 00 00 00 00 00 00  ................ [zeros]
00005110:  00 00 00 00 00 00 97 28 93 23 C5 74 75 99 58 C6  .......(.#.tu.X.
00005120:  BF 68 10 38 F8 4E 28 71 84 B9 5F 0E A5 E2 75 7C  .h.8.N(q.._...u|
00005130:  F9 DD 5D A1 E2 78 A9 D5 AA 41 99 4E 17 D0 DC 2B  ..]..x...A.N...+
00005140:  F0 D5 22 5E A7 AB D2 84 BB DD 2C CF 98 97 8A 01  .."^......,.....
00005150:  81 63 A0 14 35 1D 00 00 00 00 00 00 00 00 00 00  .c..5...........
00005160:  00 00 00 00 00 00 F2 C6 9B 11 8C 08 3A AD 29 FA  ............:.).
00005170:  4A 2B 9F 2F 55 4E F0 2F F6 1C E1 F2 21 47 A2 83  J+./UN./....!G..
00005180:  63 63 EC 18 6D DF 88 07 F0 A5 7A 2C 61 15 1E 72  cc..m.....z,a..r
00005190:  BF 4B D6 F2 BE 82 1C F7 75 57 C9 CC AB 11 0C A9  .K......uW......
000051A0:  AE E1 85 95 56 FF F1 B7 90 03 DE 0E 87 D6 3E 41  ....V.........>A
000051B0:  17 87 8B 27 87 47 06 88 6E D8 8C 0B 41 BB FC AE  ...'.G..n...A...
000051C0:  48 CB C5 FD BF F1 A9 D5 AA 41 99 4E 17 D0 DC 2B  H........A.N...+
000051D0:  F0 D5 22 5E A7 AB 00 00 00 00 00 00 00 00 00 00  .."^............
000051E0:  00 00 00 00 00 00 00 00 00 00 00 00 00 00 00 00  ................ [zeros]
000051F0:  00 00 00 00 00 00 00 00 00 00 00 00 00 00 00 00  ................ [zeros]
00005200:  00 00 00 00 00 00 00 00 00 00 00 00 00 00 00 00  ................ [zeros]
00005210:  00 00 00 00 00 00 00 00 00 00 00 00 00 00 00 00  ................ [zeros]
00005220:  00 00 00 00 00 00 00 00 00 00 00 00 00 00 00 00  ................ [zeros]
00005230:  00 00 00 00 00 00 00 00 00 00 00 00 00 00 00 00  ................ [zeros]
00005240:  00 00 00 00 00 00 00 00 00 00 00 00 00 00 00 00  ................ [zeros]
00005250:  00 00 00 00 00 00 00 00 00 00 00 00 00 00 00 00  ................ [zeros]
00005260:  00 00 00 00 00 00 00 00 00 00 00 00 00 00 00 00  ................ [zeros]
00005270:  00 00 00 00 00 00 00 00 00 00 00 00 00 00 00 00  ................ [zeros]
00005280:  00 00 00 00 00 00 00 00 00 00 00 00 00 00 00 00  ................ [zeros]
00005290:  00 00 00 00 00 00 00 00 00 00 00 00 00 00 00 00  ................ [zeros]
000052A0:  00 00 00 00 00 00 DE E8 6F 7D 36 83 2E 6E 66 B1  ........o}6..nf.
000052B0:  49 26 6C 97 42 B0 A4 6A 36 7D CB 98 F3 4F 17 D6  I&l.B..j6}...O..
000052C0:  DE 56 B9 D6 81 8D 8E C1 B2 92 68 E6 A5 E7 EE 3C  .V........h....<
000052D0:  0E CD 12 9F D6 F9 CE 67 90 EC 85 87 9E 21 15 88  .......g.....!..
000052E0:  62 FB 96 8E A5 4A A4 6A 36 7D CB 98 F3 4F 17 D6  b....J.j6}...O..
000052F0:  DE 56 B9 D6 81 8D 8E C1 B2 92 68 E6 A5 E7 EE 3C  .V........h....<
00005300:  0E CD 12 9F D6 F9 CE 67 90 EC 85 87 9E 21 15 88  .......g.....!..
00005310:  62 FB 96 8E A5 4A 47 28 4F 8F 55 52 56 90 52 91  b....JG(O.URV.R.
00005320:  57 D0 55 C4 B8 4B 4D 86 98 94 1E A2 62 D3 29 6A  W.U..KM.....b.)j
00005330:  FF 81 2A 2F B0 D0 F8 39 00 95 75 DF 14 66 2B 28  ..*/...9..u..f+(
00005340:  2A 57 DC 0F D9 61 63 F8 C2 66 C1 B6 F8 3A 3C 95  *W...ac..f...:<.
00005350:  8D DF 6B 71 16 06 EF 26 B4 5E 1A 82 8A B5 79 EC  ..kq...&.^....y.
00005360:  16 88 2C 91 A7 2A 32 E3 D0 41 D7 49 89 74 F7 6E  ..,..*2..A.I.t.n
00005370:  2A 0A 70 5F 81 54 FF C7 D6 5F 27 C7 9A EC 13 33  *.p_.T..._'....3
00005380:  30 07 CD 23 1F DA 8A 1F 4A D0 C6 DE 0C BF 1B 17  0..#....J.......
00005390:  5C F3 3E F8 43 F1 00 00 00 00 00 00 00 00 00 00  \.>.C...........
000053A0:  00 00 00 00 00 00 4A 91 0D 0C 5C 8C 60 DC 57 1D  ......J...\.`.W.
000053B0:  58 E1 F7 E4 6F EB 8D 4A 77 5A B2 78 41 C3 2D 60  X...o..JwZ.xA.-`
000053C0:  CB 64 2F FB 1D D9 7B F2 F8 BE 79 D5 EA 4F 23 16  .d/...{...y..O#.
000053D0:  E3 76 17 4F A5 2A 0D 2C AE 57 22 10 5D 54 D1 53  .v.O.*.,.W".]T.S
000053E0:  26 1C 55 9E BE D4 6B D1 23 78 C6 29 C4 B8 89 2F  &.U...k.#x.).../
000053F0:  C8 E7 73 A4 5F AB 52 28 16 15 FF E0 5A D9 E0 EB  ..s._.R(....Z...
00005400:  89 73 57 8D 42 85 38 3F C7 75 6C 81 56 C9 AB 08  .sW.B.8?.ul.V...
00005410:  59 07 4E 47 54 29 B4 35 78 38 6C C8 34 D2 E2 58  Y.NGT).5x8l.4..X
00005420:  CE 4B CC 44 FE 9D 06 88 6E D8 8C 0B 41 BB FC AE  .K.D....n...A...
00005430:  48 CB C5 FD BF F1 00 00 00 00 00 00 00 00 00 00  H...............
00005440:  00 00 00 00 00 00 88 07 F0 A5 7A 2C 61 15 1E 72  ..........z,a..r
00005450:  BF 4B D6 F2 BE 82 D2 84 BB DD 2C CF 98 97 8A 01  .K........,.....
00005460:  81 63 A0 14 35 1D 00 00 00 00 00 00 00 00 00 00  .c..5...........
00005470:  00 00 00 00 00 00 F1 B7 90 03 DE 0E 87 D6 3E 41  ..............>A
00005480:  17 87 8B 27 87 47 00 00 00 00 00 00 00 00 00 00  ...'.G..........
00005490:  00 00 00 00 00 00 F0 2F F6 1C E1 F2 21 47 A2 83  ......./....!G..
000054A0:  63 63 EC 18 6D DF A9 D5 AA 41 99 4E 17 D0 DC 2B  cc..m....A.N...+
000054B0:  F0 D5 22 5E A7 AB 00 00 00 00 00 00 00 00 00 00  .."^............
000054C0:  00 00 00 00 00 00 1C F7 75 57 C9 CC AB 11 0C A9  ........uW......
000054D0:  AE E1 85 95 56 FF 00 00 00 00 00 00 00 00 00 00  ....V...........
000054E0:  00 00 00 00 00 00 F2 C6 9B 11 8C 08 3A AD 29 FA  ............:.).
000054F0:  4A 2B 9F 2F 55 4E 06 88 6E D8 8C 0B 41 BB FC AE  J+./UN..n...A...
00005500:  48 CB C5 FD BF F1 00 00 00 00 00 00 00 00 00 00  H...............
00005510:  00 00 00 00 00 00 88 07 F0 A5 7A 2C 61 15 1E 72  ..........z,a..r
00005520:  BF 4B D6 F2 BE 82 00 00 00 00 00 00 00 00 00 00  .K..............
00005530:  00 00 00 00 00 00 00 00 00 00 00 00 00 00 00 00  ................ [zeros]
00005540:  00 00 00 00 00 00 00 00 00 00 00 00 00 00 00 00  ................ [zeros]
00005550:  00 00 00 00 00 00 00 00 00 00 00 00 00 00 00 00  ................ [zeros]
00005560:  00 00 00 00 00 00 00 00 00 00 00 00 00 00 00 00  ................ [zeros]
00005570:  00 00 00 00 00 00 90 19 F3 3B FD 9D 3A 07 16 4E  .........;..:..N
00005580:  91 07 C6 A8 68 87 C2 BB 0E AA AC 98 8E 15 33 CD  ....h.........3.
00005590:  AB 28 0A A1 AF F9 24 51 9C EF 07 00 E5 C6 FA A9  .(....$Q........
000055A0:  26 52 86 53 BF B9 C2 BB 0E AA AC 98 8E 15 33 CD  &R.S..........3.
000055B0:  AB 28 0A A1 AF F9 8B F6 ED F3 C1 D7 E2 62 4F FD  .(...........bO.
000055C0:  7A CE 22 7D F6 D7 3E D3 2F 5D 62 56 67 99 43 81  z."}..>./]bVg.C.
000055D0:  63 21 17 EF 13 9E BD A8 31 13 8F 51 BB 5F 31 29  c!......1..Q._1)
000055E0:  69 A7 4B 54 A6 BF 5B F7 E3 D2 6B 89 D2 DE 09 79  i.KT..[...k....y
000055F0:  1F 0C 07 88 EB BD F9 B4 4E C5 26 D5 8E 4D E7 EC  ........N.&..M..
00005600:  0F 51 92 60 9B FC 74 C9 D7 44 B0 7D CD 4D B8 A2  .Q.`..t..D.}.M..
00005610:  4F 96 01 ED 7A CE 00 00 00 00 00 00 00 00 00 00  O...z...........
00005620:  00 00 00 00 00 00 AA B8 A2 2B B6 1B B4 DA 09 45  .........+.....E
00005630:  D5 E6 2B 60 F7 3B 7C F7 15 81 C0 33 8E 31 41 92  ..+`.;|....3.1A.
00005640:  B5 3C 7C F0 6B 0B 20 49 0C E0 51 A1 30 F1 61 A9  .<|.k. I..Q.0.a.
00005650:  2D 2F BF EF F3 E7 CF 25 B6 83 A0 03 8D 4F FF DB  -/.....%.....O..
00005660:  51 A2 F1 86 03 09 BC 79 D6 BD 22 CB C7 7C 3C E6  Q......y.."..|<.
00005670:  FD 40 35 36 D5 BA 4B 4F CB 1F F4 C5 65 F6 CD F2  .@56..KO....e...
00005680:  51 8D 5D D6 FB C1 38 A6 38 52 2B CD AE 50 17 B6  Q.]...8.8R+..P..
00005690:  8C 43 E8 DD 1B AF CF F7 6D A1 82 22 E7 92 C9 F7  .C......m.."....
000056A0:  6C C9 4D 8F 67 AB 87 27 41 F1 10 FB 70 AE 30 77  l.M.g..'A...p.0w
000056B0:  FC 97 88 4D 48 4C 9E 57 E3 BC 9C A1 A7 D8 70 B1  ...MHL.W......p.
000056C0:  5F 2F A7 23 7D F6 33 E3 28 7D 47 70 5A 86 77 C9  _/.#}.3.(}GpZ.w.
000056D0:  F5 7D 08 51 DD 8B 00 00 00 00 00 00 00 00 00 00  .}.Q............
000056E0:  00 00 00 00 00 00 00 00 00 00 00 00 00 00 00 00  ................ [zeros]
000056F0:  00 00 00 00 00 00 00 00 00 00 00 00 00 00 00 00  ................ [zeros]
00005700:  00 00 00 00 00 00 00 00 00 00 00 00 00 00 00 00  ................ [zeros]
00005710:  00 00 00 00 00 00 DB EF FF 63 B1 F6 7B 07 30 96  .........c..{.0.
00005720:  6E 60 AE 1D CF 33 9B 00 64 1B 25 F9 4B D6 C6 B5  n`...3..d.%.K...
00005730:  0F D4 44 3B EF D1 51 F0 5D DF 91 36 05 A5 B8 56  ..D;..Q.]..6...V
00005740:  B9 8E 69 39 0A 76 C7 7A 03 9F 5A AB B1 6B 5E 62  ..i9.v.z..Z..k^b
00005750:  B8 55 1A 04 8B 78 38 24 19 47 D1 A7 75 2B AE B6  .U...x8$.G..u+..
00005760:  58 C4 72 3F 92 E0 F3 C6 98 C8 CF 53 86 3D FE 59  X.r?.......S.=.Y
00005770:  72 76 3E 5C D6 0E D1 B7 0B A3 78 EB F5 FB 7D F2  rv>\......x...}.
00005780:  F3 B4 3E 9D 0E BD 41 AE 44 85 44 ED 15 4D B7 3C  ..>...A.D.D..M.<
00005790:  37 4C 6D 01 25 DB 29 80 3F BF F6 7F 86 40 DD 2D  7Lm.%.).?....@.-
000057A0:  00 D0 DB 78 DA 2B 01 45 C2 49 9D D0 3F 4F BD 9B  ...x.+.E.I..?O..
000057B0:  FA AD E4 5A 0D 5F CC 04 93 D3 27 16 B6 A1 14 F6  ...Z._....'.....
000057C0:  23 20 9E BD 11 BC C0 26 A9 B6 36 D7 81 5F 64 BB  # .....&..6.._d.
000057D0:  57 B3 C1 F0 E5 B7 3F E2 27 19 88 E4 A6 E0 33 38  W.....?.'.....38
000057E0:  26 9D EA 3C 5E D7 65 F8 B3 28 84 E7 D6 AA 4D C3  &..<^.e..(....M.
000057F0:  5B 33 98 91 E9 BA 5F 4E 0D 4D 55 04 5D 8D 78 B4  [3...._N.MU.].x.
00005800:  49 F9 9D CB 97 BE 36 19 A0 B6 E3 0C 02 67 E6 EB  I.....6......g..
00005810:  43 62 52 28 B4 B4 6F 57 F8 7D E7 C0 59 49 EC B9  CbR(..oW.}..YI..
00005820:  8B DC 9A 60 4F 81 69 1A 5F D6 03 6A 24 31 7D A8  ...`O.i._..j$1}.
00005830:  19 94 D5 AB 47 CF 5C 09 C7 43 4C D8 71 3C 21 44  ....G.\..CL.q<!D
00005840:  30 70 D0 58 DB E5 4F 9B DD 39 27 16 9B F1 84 17  0p.X..O..9'.....
00005850:  D1 F1 11 51 15 C0 EE FB F9 B5 90 92 C8 A6 6F FC  ...Q..........o.
00005860:  DA AF 98 95 A0 36 19 D3 1F E3 D9 EB 82 30 E3 FB  .....6.......0..
00005870:  0E 15 08 D8 5E 2F 21 18 57 FD C6 37 08 F7 16 42  ....^/!.W..7...B
00005880:  3E 62 E0 32 E6 70 69 26 43 49 D1 65 19 2B 87 72  >b.2.pi&CI.e.+.r
00005890:  80 52 B2 0D C1 2E 68 EA CA 34 B9 C2 67 7D A6 22  .R....h..4..g}."
000058A0:  28 16 FE F0 E6 1F 88 1F F0 47 18 B3 7C D0 D9 C0  (........G..|...
000058B0:  8B AC 58 64 FE 7A 91 2A E6 20 5B 01 D3 A9 DC C2  ..Xd.z.*. [.....
000058C0:  EA 10 D1 D6 1C F2 00 00 00 00 00 00 00 00 00 00  ................
000058D0:  00 00 00 00 00 00 1F D7 22 96 7A F5 0E 45 95 8F  ........".z..E..
000058E0:  37 8C 1C 18 C1 92 A2 56 09 75 23 51 E5 C6 BF 9C  7......V.u#Q....
000058F0:  DB 2A B4 87 B6 9C 81 D1 49 B2 7C 36 3D FE 44 99  .*......I.|6=.D.
00005900:  E5 84 E5 43 C0 D7 4E 4A E9 B3 9D 56 EA 25 17 C0  ...C..NJ...V.%..
00005910:  BF 2B 8A A8 74 A9 D8 2D C2 2E 12 40 2B 2E 5C 55  .+..t..-...@+.\U
00005920:  EC 55 21 F8 10 61 F0 48 83 98 0A 2B F3 73 8B 16  .U!..a.H...+.s..
00005930:  A0 61 BD F2 20 84 24 78 07 D8 F6 75 A9 6C D5 00  .a.. .$x...u.l..
00005940:  6D 89 F6 DD E9 DF 86 07 6A D0 91 D1 BF 42 C3 52  m.......j....B.R
00005950:  F7 D3 0D 32 56 C6 E3 23 A9 FA 02 3A 24 0C 90 0E  ...2V..#...:$...
00005960:  8A 7B E4 F0 1F E4 BB 30 A8 D8 89 54 59 89 98 AA  .{.....0...TY...
00005970:  A4 0B 40 B2 24 81 C3 5A 19 7F 76 47 6B 2E 9E D1  ..@.$..Z..vGk...
00005980:  61 93 37 57 39 25 00 00 00 00 00 00 00 00 00 00  a.7W9%..........
00005990:  00 00 00 00 00 00 00 00 00 00 00 00 00 00 00 00  ................ [zeros]
000059A0:  00 00 00 00 00 00 00 00 00 00 00 00 00 00 00 00  ................ [zeros]
000059B0:  00 00 00 00 00 00 00 00 00 00 00 00 00 00 00 00  ................ [zeros]
000059C0:  00 00 00 00 00 00 00 00 00 00 00 00 00 00 00 00  ................ [zeros]
000059D0:  00 00 00 00 00 00 00 00 00 00 00 00 00 00 00 00  ................ [zeros]
000059E0:  00 00 00 00 00 00 00 00 00 00 00 00 00 00 00 00  ................ [zeros]
000059F0:  00 00 00 00 00 00 6D 99 4B A6 69 5F C1 02 6A 6B  ......m.K.i_..jk
00005A00:  A4 AF F8 6B 75 79 03 B6 3D A7 12 42 09 2D AB CC  ...kuy..=..B.-..
00005A10:  A2 EA E6 A8 4C 60 9B 4F F6 6B 1C C2 C1 C6 38 7A  ....L`.O.k....8z
00005A20:  2F 09 29 BA A8 8D E1 D9 AA A9 8F 6F E0 2D 7D DA  /.)........o.-}.
00005A30:  51 A9 4A E9 55 FC BC F0 83 CF A4 9C 77 4B A1 86  Q.J.U.......wK..
00005A40:  F5 AF E5 10 DD 00 15 8C E3 64 A2 E5 2B F4 8D F0  .........d..+...
00005A50:  2C 17 49 11 2A DB 98 81 B9 41 06 24 D9 58 36 6B  ,.I.*....A.$.X6k
00005A60:  18 55 EF 0D 68 65 9F FF 69 55 0B 54 64 19 73 82  .U..he..iU.Td.s.
00005A70:  DB 17 F3 55 53 88 4D 9C AF A1 6F 75 76 9D 3F 2B  ...US.M...ouv.?+
00005A80:  92 3A 24 C6 8B DD 7F 11 C7 1A 5B 64 37 03 14 31  .:$.......[d7..1
00005A90:  E3 1F 53 01 DD A7 6C E8 7F 0F 99 4D BC 4E 25 D9  ..S...l....M.N%.
00005AA0:  87 35 8D D1 62 BD C2 E6 E9 9A 79 11 C6 C2 60 E7  .5..b.....y...`.
00005AB0:  19 65 68 92 6F 56 0F 3E DC 43 D0 F2 7D 17 44 C3  .eh.oV.>.C..}.D.
00005AC0:  AB F4 5D 37 4C 3F A7 4A 4A 86 32 C1 6B 44 EA 8C  ..]7L?.JJ.2.kD..
00005AD0:  5D 1E 63 5A F9 DB 00 00 00 00 00 00 00 00 00 00  ].cZ............
00005AE0:  00 00 00 00 00 00 00 00 00 00 00 00 00 00 00 00  ................ [zeros]
00005AF0:  00 00 00 00 00 00 00 00 00 00 00 00 00 00 00 00  ................ [zeros]
00005B00:  00 00 00 00 00 00 00 00 00 00 00 00 00 00 00 00  ................ [zeros]
00005B10:  00 00 00 00 00 00 00 00 00 00 00 00 00 00 00 00  ................ [zeros]
00005B20:  00 00 00 00 00 00 00 00 00 00 00 00 00 00 00 00  ................ [zeros]
00005B30:  00 00 00 00 00 00 00 00 00 00 00 00 00 00 00 00  ................ [zeros]
00005B40:  00 00 00 00 00 00 00 00 00 00 00 00 00 00 00 00  ................ [zeros]
00005B50:  00 00 00 00 00 00 00 00 00 00 00 00 00 00 00 00  ................ [zeros]
00005B60:  00 00 00 00 00 00 00 00 00 00 00 00 00 00 00 00  ................ [zeros]
00005B70:  00 00 00 00 00 00 00 00 00 00 00 00 00 00 00 00  ................ [zeros]
00005B80:  00 00 00 00 00 00 00 00 00 00 00 00 00 00 00 00  ................ [zeros]
00005B90:  00 00 00 00 00 00 00 00 00 00 00 00 00 00 00 00  ................ [zeros]
00005BA0:  00 00 00 00 00 00 00 00 00 00 00 00 00 00 00 00  ................ [zeros]
00005BB0:  00 00 00 00 00 00 52 0D 6C 6D BB D3 8C D8 75 65  ......R.lm....ue
00005BC0:  E5 63 B2 19 4A 5D 00 00 00 00 00 00 00 00 00 00  .c..J]..........
00005BD0:  00 00 00 00 00 00 F7 6C B4 FD E9 EE 89 21 EA 6E  .......l.....!.n
00005BE0:  FC 12 44 71 BB F9 6A 72 16 37 94 34 0C E6 47 8E  ..Dq..jr.7.4..G.
00005BF0:  3F 37 72 E5 AE 82 D7 39 81 4D 3E 41 F7 8A B2 CD  ?7r....9.M>A....
00005C00:  A2 1A AD 5A 2D 45 9A 73 2D 50 6C D1 9C A1 25 9E  ...Z-E.s-Pl...%.
00005C10:  47 90 6B 9E 4F 50 00 00 00 00 00 00 00 00 00 00  G.k.OP..........
00005C20:  00 00 00 00 00 00 FC C9 BC 50 49 87 F1 C9 28 3E  .........PI...(>
00005C30:  C1 E7 BB 0C FC F6 AC 8C 37 72 89 B7 38 A6 74 DE  ........7r..8.t.
00005C40:  05 4C 27 F0 06 85 0E 21 25 62 FC BC 6D E5 84 0D  .L'....!%b..m...
00005C50:  9C 31 53 FF D8 05 91 35 08 72 18 EC 89 DF 59 22  .1S....5.r....Y"
00005C60:  BF C6 A1 B9 5D 95 40 88 CA 61 3A 65 29 3C DB B3  ....].@..a:e)<..
00005C70:  17 E8 E5 51 89 83 A8 4F 3A E1 12 4B 81 5C A9 95  ...Q...O:..K.\..
00005C80:  2D 03 D8 5B 25 B6 DD 83 75 10 09 44 0E 58 1B 14  -..[%...u..D.X..
00005C90:  EC B9 7F C0 EE 46 41 78 ED 0C DF E1 DC 4C 93 A5  .....FAx.....L..
00005CA0:  E4 03 C7 6F E8 EF CA D6 35 C3 1E B8 7F D9 24 15  ...o....5.....$.
00005CB0:  02 CA 1D 43 4F D6 4C AA 61 62 EE B7 BC 61 E2 00  ...CO.L.ab...a..
00005CC0:  ED 45 7A 10 63 11 94 85 59 AF 43 21 2F D2 9C 9B  .Ez.c...Y.C!/...
00005CD0:  7B 02 CA E8 BF 62 D5 65 3C 6A F7 C6 8B 37 26 FE  {....b.e<j...7&.
00005CE0:  09 B9 26 49 03 ED A7 B4 B0 A1 65 E9 95 87 F0 2B  ..&I......e....+
00005CF0:  1E 22 7F 56 F8 27 20 A9 5B 8F 11 58 5F 6B E5 78  .".V.' .[..X_k.x
00005D00:  28 8C 73 9F F6 30 BA 2D C3 06 3E 8C AA 48 20 11  (.s..0.-..>..H .
00005D10:  19 9D 41 C8 CF C6 02 4A 77 18 52 23 AF 60 F6 8D  ..A....Jw.R#.`..
00005D20:  13 92 C5 E9 7B 96 72 10 33 97 42 20 0B 9B 7C 9E  ....{.r.3.B ..|.
00005D30:  9C 75 39 81 E5 C2 74 EB 2D DC 7F 06 01 4A BA 13  .u9...t.-....J..
00005D40:  78 DE FF 66 E4 FD D4 11 1B F4 4C 7C 2C 48 FE 50  x..f......L|,H.P
00005D50:  D4 73 31 4B 29 CC 07 22 C6 A7 52 FB A5 F1 96 EA  .s1K).."..R.....
00005D60:  02 DD 10 93 6A 9F D4 72 53 A7 71 6C 39 ED E8 DF  ....j..rS.ql9...
00005D70:  A7 F0 3E 9C 31 64 FB 91 52 BE 90 72 02 E6 F4 D5  ..>.1d..R..r....
00005D80:  F6 F2 2F 91 7F 5A 52 43 78 E5 0E 5A 55 B4 5F B1  ../..ZRCx..ZU._.
00005D90:  64 A3 85 08 3E 34 15 C0 9D 00 6A 44 35 37 9E 85  d...>4....jD57..
00005DA0:  B2 C3 64 5E FE E5 9C 58 7D 5D A1 F3 17 A8 03 1D  ..d^...X}]......
00005DB0:  36 F4 F7 59 2A 81 4B 65 C3 24 59 59 58 5D B6 52  6..Y*.Ke.$YYX].R
00005DC0:  3C AD 87 C1 55 B2 BF 65 84 19 90 C2 17 64 E1 AF  <...U..e.....d..
00005DD0:  E4 28 1E 79 D8 D7 C2 B9 1D F5 F8 EB 56 35 82 AE  .(.y........V5..
00005DE0:  4E 02 1F 9B A2 7D F8 DD F6 6F FE EB 9F 6E 7E D1  N....}...o...n~.
00005DF0:  C8 89 D5 56 92 5E 00 00 00 00 00 00 00 00 00 00  ...V.^..........
00005E00:  00 00 00 00 00 00 00 00 00 00 00 00 00 00 00 00  ................ [zeros]
00005E10:  00 00 00 00 00 00 00 00 00 00 00 00 00 00 00 00  ................ [zeros]
00005E20:  00 00 00 00 00 00 00 00 00 00 00 00 00 00 00 00  ................ [zeros]
00005E30:  00 00 00 00 00 00 00 00 00 00 00 00 00 00 00 00  ................ [zeros]
00005E40:  00 00 00 00 00 00 00 00 00 00 00 00 00 00 00 00  ................ [zeros]
00005E50:  00 00 00 00 00 00 00 00 00 00 00 00 00 00 00 00  ................ [zeros]
00005E60:  00 00 00 00 00 00 00 00 00 00 00 00 00 00 00 00  ................ [zeros]
00005E70:  00 00 00 00 00 00 00 00 00 00 00 00 00 00 00 00  ................ [zeros]
00005E80:  00 00 00 00 00 00 00 00 00 00 00 00 00 00 00 00  ................ [zeros]
00005E90:  00 00 00 00 00 00 00 00 00 00 00 00 00 00 00 00  ................ [zeros]
00005EA0:  00 00 00 00 00 00 00 00 00 00 00 00 00 00 00 00  ................ [zeros]
00005EB0:  00 00 00 00 00 00 00 00 00 00 00 00 00 00 00 00  ................ [zeros]
00005EC0:  00 00 00 00 00 00 7C 9D A5 71 86 1B 13 0B 2E 25  ......|..q.....%
00005ED0:  B1 71 8B E3 BF FC 00 00 00 00 00 00 00 00 00 00  .q..............
00005EE0:  00 00 00 00 00 00 0A 73 7D C3 E4 20 A7 2E A3 48  .......s}.. ...H
00005EF0:  47 2E AC 48 FA 46 15 AB 89 E4 9A 2A 62 4D DA B4  G..H.F.....*bM..
00005F00:  4F E2 E5 32 BA CB 6A 84 51 D8 EF 9D 9C AE 30 17  O..2..j.Q.....0.
00005F10:  00 12 0E 2C 40 B0 12 9E FA 68 7F 91 85 73 17 88  ...,@....h...s..
00005F20:  73 BA F0 D6 74 CD 00 00 00 00 00 00 00 00 00 00  s...t...........
00005F30:  00 00 00 00 00 00 AF F4 42 E8 E8 23 14 A9 65 83  ........B..#..e.
00005F40:  7C AD 57 B7 10 D2 C2 AD 95 E9 6B 9E 18 21 18 B8  |.W.......k..!..
00005F50:  D0 23 3F 5D C1 99 C9 08 7D 14 23 0A 3B B1 4D 50  .#?]....}.#.;.MP
00005F60:  8A FF 5A A3 58 44 0D 0C 99 58 45 C6 E7 5C 10 3B  ..Z.XD...XE..\.;
00005F70:  88 49 66 CA 1B ED 2B 80 B1 A0 44 CB 07 96 95 42  .If...+...D....B
00005F80:  AD A1 4C A1 EE 5B 1D 57 9E 37 68 B5 82 11 BE 01  ..L..[.W.7h.....
00005F90:  68 0D E6 71 14 A3 47 3B 10 DC 9E 80 DA 6E 30 4C  h..q..G;.....n0L
00005FA0:  93 83 17 A3 73 6A 87 93 69 A3 E9 67 4B 0C 44 60  ....sj..i..gK.D`
00005FB0:  2D 40 0D D1 40 6E 69 85 1D BF 34 40 B9 B3 BE 5F  -@..@ni...4@..._
00005FC0:  B1 86 06 C0 1E 82 9B 0A E0 42 68 08 EC F5 C8 AB  .........Bh.....
00005FD0:  2F 78 E0 BE 8A BD 42 81 06 2B 0B 3E 62 C3 F4 E6  /x....B..+.>b...
00005FE0:  57 B4 74 2A 46 1A 87 25 65 D7 6D A2 C0 35 80 D5  W.t*F..%e.m..5..
00005FF0:  2D 1D A4 1C 9B 3A 16 F6 3F 43 8C 2F 1F E3 67 60  -....:..?C./..g`
00006000:  94 5A 11 7A A2 70 49 3F 0E 85 B0 A5 DA 29 26 46  .Z.z.pI?.....)&F
00006010:  CB C9 A3 7C 5D A6 9A B0 DE 68 FB B7 0C 56 5E 71  ...|]....h...V^q
00006020:  21 76 55 75 84 EA C0 31 A5 0C 7A 7B 6D 6F 6D 66  !vUu...1..z{momf
00006030:  B4 58 6F A8 36 41 A3 A8 51 77 29 0C 28 D0 4B A3  .Xo.6A..Qw).(.K.
00006040:  11 C2 8F 66 94 19 DE 8E 7E 03 26 80 E3 B3 EC 9B  ...f....~.&.....
00006050:  7B F2 D6 52 08 38 31 D0 B9 8D 9E 89 81 CD 39 35  {..R.81.......95
00006060:  E3 B6 1B 26 29 F3 EC 2F 1F F2 14 BA AF E9 B4 82  ...&)../........
00006070:  48 58 2D 95 65 B9 F0 42 11 DB 68 0D 53 1E 40 37  HX-.e..B..h.S.@7
00006080:  B2 65 54 54 E0 B4 AE E2 46 8D 56 3E EE D6 86 7A  .eTT....F.V>...z
00006090:  EC AA 77 90 72 C1 B2 28 67 37 8A 71 C2 94 1E 16  ..w.r..(g7.q....
000060A0:  D8 55 C0 1E 5A D7 DD 9A E4 EE BA 30 1D 97 06 D9  .U..Z......0....
000060B0:  3D BC A4 C2 F6 51 0C A5 6E 6C F5 16 98 E0 E0 6D  =....Q..nl.....m
000060C0:  8A 10 05 0A DE C4 59 72 A3 B6 9A 3C 7A E8 A5 E4  ......Yr...<z...
000060D0:  CE 26 FA 76 A7 11 FB 2D A2 2D D6 73 9F 08 8C C5  .&.v...-.-.s....
000060E0:  6B 7B 3B CB 58 2F 00 00 00 00 00 00 00 00 00 00  k{;.X/..........
000060F0:  00 00 00 00 00 00 00 00 00 00 00 00 00 00 00 00  ................ [zeros]
00006100:  00 00 00 00 00 00 00 00 00 00 00 00 00 00 00 00  ................ [zeros]
00006110:  00 00 00 00 00 00 00 00 00 00 00 00 00 00 00 00  ................ [zeros]
00006120:  00 00 00 00 00 00 00 00 00 00 00 00 00 00 00 00  ................ [zeros]
00006130:  00 00 00 00 00 00 FF C8 A5 7F 3A 56 93 1B C4 F0  ..........:V....
00006140:  CC B4 BD 11 B9 A0 26 CA AB EA E0 EE 0B 8E BC 95  ......&.........
00006150:  19 66 23 6D BC 4B EC 1F 78 39 91 1D 39 89 04 39  .f#m.K..x9..9..9
00006160:  B3 E4 C3 D2 B0 3E B9 D0 85 6E 18 0C 34 A8 7B 8F  .....>...n..4.{.
00006170:  81 D9 12 3E DF 4F 00 00 00 00 00 00 00 00 00 00  ...>.O..........
00006180:  00 00 00 00 00 00 00 00 00 00 00 00 00 00 00 00  ................ [zeros]
00006190:  00 00 00 00 00 00 00 00 00 00 00 00 00 00 00 00  ................ [zeros]
000061A0:  00 00 00 00 00 00 00 00 00 00 00 00 00 00 00 00  ................ [zeros]
000061B0:  00 00 00 00 00 00 00 00 00 00 00 00 00 00 00 00  ................ [zeros]
000061C0:  00 00 00 00 00 00 00 00 00 00 00 00 00 00 00 00  ................ [zeros]
000061D0:  00 00 00 00 00 00 00 00 00 00 00 00 00 00 00 00  ................ [zeros]
000061E0:  00 00 00 00 00 00 00 00 00 00 00 00 00 00 00 00  ................ [zeros]
000061F0:  00 00 00 00 00 00 00 00 00 00 00 00 00 00 00 00  ................ [zeros]
00006200:  00 00 00 00 00 00 00 00 00 00 00 00 00 00 00 00  ................ [zeros]
00006210:  00 00 00 00 00 00 00 00 00 00 00 00 00 00 00 00  ................ [zeros]
00006220:  00 00 00 00 00 00 45 0E D3 0D 63 68 22 D4 BD 04  ......E...ch"...
00006230:  ED 1B 0B 8F 8F 02 A5 9A 5D A4 7D 9D D8 8C E8 45  ........].}....E
00006240:  3C 22 D3 19 16 93 C4 E5 FA 3F BC 2B 95 35 87 29  <".......?.+.5.)
00006250:  30 C0 56 53 7E 0B B3 A6 EC DA 77 DE B9 9A 2E 7D  0.VS~.....w....}
00006260:  FF 5F 24 44 1D 44 83 21 5C 31 DC 9A E2 8A D6 D6  ._$D.D.!\1......
00006270:  75 7C 1B 3B BE A3 00 00 00 00 00 00 00 00 00 00  u|.;............
00006280:  00 00 00 00 00 00 00 00 00 00 00 00 00 00 00 00  ................ [zeros]
00006290:  00 00 00 00 00 00 00 00 00 00 00 00 00 00 00 00  ................ [zeros]
000062A0:  00 00 00 00 00 00 00 00 00 00 00 00 00 00 00 00  ................ [zeros]
000062B0:  00 00 00 00 00 00 00 00 00 00 00 00 00 00 00 00  ................ [zeros]
000062C0:  00 00 00 00 00 00 A1 A7 D8 2E E9 3C D1 BE FF 29  ...........<...)
000062D0:  F3 D8 BE 71 33 2D B4 C6 5D F2 C3 A9 09 17 62 8D  ...q3-..].....b.
000062E0:  5C 94 BF A2 81 29 00 00 00 00 00 00 00 00 00 00  \....)..........
000062F0:  00 00 00 00 00 00 00 00 00 00 00 00 00 00 00 00  ................ [zeros]
00006300:  00 00 00 00 00 00 00 00 00 00 00 00 00 00 00 00  ................ [zeros]
00006310:  00 00 00 00 00 00 00 00 00 00 00 00 00 00 00 00  ................ [zeros]
00006320:  00 00 00 00 00 00 00 00 00 00 00 00 00 00 00 00  ................ [zeros]
00006330:  00 00 00 00 00 00 00 00 00 00 00 00 00 00 00 00  ................ [zeros]
00006340:  00 00 00 00 00 00 00 00 00 00 00 00 00 00 00 00  ................ [zeros]
00006350:  00 00 00 00 00 00 00 00 00 00 00 00 00 00 00 00  ................ [zeros]
00006360:  00 00 00 00 00 00 00 00 00 00 00 00 00 00 00 00  ................ [zeros]
00006370:  00 00 00 00 00 00 00 00 00 00 00 00 00 00 00 00  ................ [zeros]
00006380:  00 00 00 00 00 00 00 00 00 00 00 00 00 00 00 00  ................ [zeros]
00006390:  00 00 00 00 00 00 DE 13 50 CC FB C1 AB 48 D5 08  ........P....H..
000063A0:  17 95 7A E5 59 E2 58 3C 9C 03 45 F9 A6 CA BF 8B  ..z.Y.X<..E.....
000063B0:  EB 18 F3 E3 57 7D 66 98 95 A4 9F 90 97 A5 F4 4F  ....W}f........O
000063C0:  F6 17 62 0D 21 A2 BF 65 84 19 90 C2 17 64 E1 AF  ..b.!..e.....d..
000063D0:  E4 28 1E 79 D8 D7 00 00 00 00 00 00 00 00 00 00  .(.y............
000063E0:  00 00 00 00 00 00 00 00 00 00 00 00 00 00 00 00  ................ [zeros]
000063F0:  00 00 00 00 00 00 00 00 00 00 00 00 00 00 00 00  ................ [zeros]
00006400:  00 00 00 00 00 00 00 00 00 00 00 00 00 00 00 00  ................ [zeros]
00006410:  00 00 00 00 00 00 00 00 00 00 00 00 00 00 00 00  ................ [zeros]
00006420:  00 00 00 00 00 00 DE CF A1 80 31 36 98 11 30 76  ..........16..0v
00006430:  F6 8B 4A 88 72 57 91 02 7C 91 0E D8 DA 64 5E 42  ..J.rW..|....d^B
00006440:  F6 C6 55 0D 4D 02 00 00 00 00 00 00 00 00 00 00  ..U.M...........
00006450:  00 00 00 00 00 00 00 00 00 00 00 00 00 00 00 00  ................ [zeros]
00006460:  00 00 00 00 00 00 00 00 00 00 00 00 00 00 00 00  ................ [zeros]
00006470:  00 00 00 00 00 00 00 00 00 00 00 00 00 00 00 00  ................ [zeros]
00006480:  00 00 00 00 00 00 00 00 00 00 00 00 00 00 00 00  ................ [zeros]
00006490:  00 00 00 00 00 00 00 00 00 00 00 00 00 00 00 00  ................ [zeros]
000064A0:  00 00 00 00 00 00 00 00 00 00 00 00 00 00 00 00  ................ [zeros]
000064B0:  00 00 00 00 00 00 00 00 00 00 00 00 00 00 00 00  ................ [zeros]
000064C0:  00 00 00 00 00 00 00 00 00 00 00 00 00 00 00 00  ................ [zeros]
000064D0:  00 00 00 00 00 00 00 00 00 00 00 00 00 00 00 00  ................ [zeros]
000064E0:  00 00 00 00 00 00 00 00 00 00 00 00 00 00 00 00  ................ [zeros]
000064F0:  00 00 00 00 00 00 AC 98 2C 8B C1 8B 56 D2 AE 46  ........,...V..F
00006500:  42 82 6A EF 37 D0 4E 7E CC 30 9D 91 C7 1F 15 2C  B.j.7.N~.0.....,
00006510:  18 D8 5F 9A F5 FB 3D 65 7F AE BF 7C 98 FC F6 65  .._...=e...|...e
00006520:  C3 C7 9E AB D0 69 93 DD E7 67 A4 42 DE B2 96 26  .....i...g.B...&
00006530:  1B 7D 40 AB 65 52 DE 2E 04 C3 F7 E8 05 11 24 82  .}@.eR........$.
00006540:  D4 C8 7E FF 15 61 7A C7 0C A0 BE 6F 38 7A 28 04  ..~..az....o8z(.
00006550:  0E 3A 7A 46 7D 39 56 C3 17 9C 07 7F 72 0F E7 03  .:zF}9V.....r...
00006560:  2C 98 E7 1E 27 9A 3B CD 06 D9 E3 0E 26 0A 4B 60  ,...'.;.....&.K`
00006570:  D9 42 BD 98 6F 74 86 2C 5B 0E C9 C4 FD 35 61 4E  .B..ot.,[....5aN
00006580:  6E 74 05 11 11 0C E5 9B DA F7 D4 74 15 DF 36 91  nt.........t..6.
00006590:  EB 58 C8 AA F6 7D 00 5B 0D 0C 60 25 E1 5B A8 C1  .X...}.[..`%.[..
000065A0:  5A A3 0B D3 DD 1B F6 FE 63 C2 FF 03 57 48 2B 84  Z.......c...WH+.
000065B0:  51 D0 18 41 D5 C4 7E 2B 3E FD 74 2B 94 DF D5 45  Q..A..~+>.t+...E
000065C0:  10 6A 86 AD 99 86 7F 45 84 76 0A DA 48 F2 CE 3E  .j.....E.v..H..>
000065D0:  4C BC 16 73 9E C2 B9 9C FA 8C 6B 1F 50 BA 1E 24  L..s......k.P..$
000065E0:  A6 61 54 5D 14 DC 8A EF A4 3D 51 B2 9E 24 5B 8E  .aT].....=Q..$[.
000065F0:  05 6D CB CD B6 74 C1 A7 9A CF 0A 4F 34 D8 97 B2  .m...t.....O4...
00006600:  8B 2F 2E 78 B6 4F 8F 97 CF 0E 97 79 AE EF 36 90  ./.x.O.....y..6.
00006610:  09 85 7B A5 A7 F2 9F 1B 48 82 D2 2B 1C FE 8D B2  ..{.....H..+....
00006620:  1C CA F3 3D F2 57 4B E2 A3 E8 BF 5F 99 FB 25 86  ...=.WK...._..%.
00006630:  08 6A FA 48 75 47 56 70 AB 30 34 89 12 85 00 2A  .j.HuGVp.04....*
00006640:  8D 97 9C CC 77 12 00 00 00 00 00 00 00 00 00 00  ....w...........
00006650:  00 00 00 00 00 00 59 94 EE 66 6A 52 A3 22 1A B7  ......Y..fjR."..
00006660:  2F 99 97 10 75 8E D3 44 AF AA 0D 38 B3 F1 67 9A  /...u..D...8..g.
00006670:  C6 A7 69 C1 F0 A7 69 A8 18 58 D6 22 0F 64 1D 05  ..i...i..X.".d..
00006680:  E0 93 15 D5 26 0A 00 00 00 00 00 00 00 00 00 00  ....&...........
00006690:  00 00 00 00 00 00 B3 A6 EC DA 77 DE B9 9A 2E 7D  ..........w....}
000066A0:  FF 5F 24 44 1D 44 94 5F 71 06 30 CB 95 22 F0 05  ._$D.D._q.0.."..
000066B0:  52 E8 E1 0C 6B E4 44 67 BD 5B 1E F1 8B 90 C6 96  R...k.Dg.[......
000066C0:  D9 CC 95 BC E3 47 70 CF E2 F8 FE 5C DB 62 69 2D  .....Gp....\.bi-
000066D0:  A1 BB 59 E6 E5 A1 E6 72 62 52 31 A7 23 CD 0C F0  ..Y....rbR1.#...
000066E0:  AC F7 08 89 80 86 EE 12 E9 B7 CF 5B CA 9C E7 7E  ...........[...~
000066F0:  BE CC C7 7C 3D 63 00 00 00 00 00 00 00 00 00 00  ...|=c..........
00006700:  00 00 00 00 00 00 17 74 94 B3 64 0C 45 80 1E 16  .......t..d.E...
00006710:  61 33 7F 3D 4C 92 EE BF 77 F9 AE E6 0D 45 83 47  a3.=L...w....E.G
00006720:  19 36 21 32 40 0A 1E BB 7D 49 07 AB CF 8A 6F D8  .6!2@...}I....o.
00006730:  3F FC 4F 24 A9 7B 00 00 00 00 00 00 00 00 00 00  ?.O$.{..........
00006740:  00 00 00 00 00 00 59 94 EE 66 6A 52 A3 22 1A B7  ......Y..fjR."..
00006750:  2F 99 97 10 75 8E D3 44 AF AA 0D 38 B3 F1 67 9A  /...u..D...8..g.
00006760:  C6 A7 69 C1 F0 A7 04 78 94 EB 50 0C A2 B3 6A BE  ..i....x..P...j.
00006770:  DD B0 25 DE 72 FD 00 00 00 00 00 00 00 00 00 00  ..%.r...........
00006780:  00 00 00 00 00 00 00 00 00 00 00 00 00 00 00 00  ................ [zeros]
00006790:  00 00 00 00 00 00 00 00 00 00 00 00 00 00 00 00  ................ [zeros]
000067A0:  00 00 00 00 00 00 00 00 00 00 00 00 00 00 00 00  ................ [zeros]
000067B0:  00 00 00 00 00 00 00 00 00 00 00 00 00 00 00 00  ................ [zeros]
000067C0:  00 00 00 00 00 00 00 00 00 00 00 00 00 00 00 00  ................ [zeros]
000067D0:  00 00 00 00 00 00 00 00 00 00 00 00 00 00 00 00  ................ [zeros]
000067E0:  00 00 00 00 00 00 00 00 00 00 00 00 00 00 00 00  ................ [zeros]
000067F0:  00 00 00 00 00 00 00 00 00 00 00 00 00 00 00 00  ................ [zeros]
00006800:  00 00 00 00 00 00 00 00 00 00 00 00 00 00 00 00  ................ [zeros]
00006810:  00 00 00 00 00 00 00 00 00 00 00 00 00 00 00 00  ................ [zeros]
00006820:  00 00 00 00 00 00 00 00 00 00 00 00 00 00 00 00  ................ [zeros]
00006830:  00 00 00 00 00 00 00 00 00 00 00 00 00 00 00 00  ................ [zeros]
00006840:  00 00 00 00 00 00 51 2E 5C 8D 45 C9 EA 50 34 40  ......Q.\.E..P4@
00006850:  83 26 73 76 E1 EC FE 03 7E 23 D7 B6 76 B7 E3 6B  .&sv....~#..v..k
00006860:  22 E3 FD AA 4A 8A FA 28 C8 8B 64 EB 65 DA DD D0  "...J..(..d.e...
00006870:  35 1E 02 95 2F 3D 00 00 00 00 00 00 00 00 00 00  5.../=..........
00006880:  00 00 00 00 00 00 08 57 DB 78 A0 EA 01 68 A9 7D  .......W.x...h.}
00006890:  46 3B 55 B2 9C 1E 70 CF E2 F8 FE 5C DB 62 69 2D  F;U...p....\.bi-
000068A0:  A1 BB 59 E6 E5 A1 AC 15 EE 25 A4 45 29 9E 68 BE  ..Y......%.E).h.
000068B0:  9F 47 5E 44 1C D7 83 1A D3 B2 D3 50 64 1E 49 88  .G^D.......Pd.I.
000068C0:  D5 CA 9D DC 4C B5 79 3B 92 66 8B A1 2F 80 23 27  ....L.y;.f../.#'
000068D0:  2A 8D EA 9C 47 52 20 64 45 26 DB 5C 68 C5 A3 A9  *...GR dE&.\h...
000068E0:  FE B7 7A E2 CF A8 0B D1 CE 7C 74 56 F2 29 2B F5  ..z......|tV.)+.
000068F0:  4C 98 46 40 1B B4 21 DF 63 1D 85 4E 0A 3E 4D 7F  L.F@..!.c..N.>M.
00006900:  F7 E9 B3 92 DE 5F 47 E6 79 61 1A 5C 4E 9A AC B8  ....._G.ya.\N...
00006910:  74 79 C8 94 CB A8 7D 6F F8 2B E5 BE 8B 7D 1B 87  ty....}o.+...}..
00006920:  B9 50 A9 AF B4 1A 4F 6F 46 B2 F0 7D B4 AA DE 50  .P....OoF..}...P
00006930:  09 F4 F7 0C 5B 6F 42 23 17 8C 6D 3D 35 58 74 D3  ....[oB#..m=5Xt.
00006940:  20 50 AB 79 36 40 3E F6 BA 4A 1E 2F 15 1E 6C 48   P.y6@>..J./..lH
00006950:  F1 70 21 65 D9 4A 53 F9 87 5B 56 5D 4F A5 2C 83  .p!e.JS..[V]O.,.
00006960:  AB 68 C7 95 EA AD 93 B7 72 CE 3F C1 5F FE DB 65  .h......r.?._..e
00006970:  B7 82 5C 93 02 B0 4E 72 60 0C 56 94 FE 36 B4 E1  ..\...Nr`.V..6..
00006980:  5B DE 61 32 F1 84 57 8F 7C C3 8E 18 B2 61 DE 4E  [.a2..W.|....a.N
00006990:  D1 0D EF F6 29 70 7F B8 E0 58 3F 2C 53 CA 6B D8  ....)p...X?,S.k.
000069A0:  7D 53 F2 B6 45 3C DA 35 B4 85 1E 9A 89 49 3A B3  }S..E<.5.....I:.
000069B0:  0C 09 21 F8 5C 50 65 A9 C3 52 CD CA 15 FE 67 73  ..!.\Pe..R....gs
000069C0:  47 B8 C6 5F 3C D5 00 00 00 00 00 00 00 00 00 00  G.._<...........
000069D0:  00 00 00 00 00 00 00 00 00 00 00 00 00 00 00 00  ................ [zeros]
000069E0:  00 00 00 00 00 00 44 67 BD 5B 1E F1 8B 90 C6 96  ......Dg.[......
000069F0:  D9 CC 95 BC E3 47 00 00 00 00 00 00 00 00 00 00  .....G..........
00006A00:  00 00 00 00 00 00 00 00 00 00 00 00 00 00 00 00  ................ [zeros]
00006A10:  00 00 00 00 00 00 03 B7 84 8C 9F 1E 15 38 AD 91  .............8..
00006A20:  10 1C 46 35 03 C1 00 00 00 00 00 00 00 00 00 00  ..F5............
00006A30:  00 00 00 00 00 00 00 00 00 00 00 00 00 00 00 00  ................ [zeros]
00006A40:  00 00 00 00 00 00 00 00 00 00 00 00 00 00 00 00  ................ [zeros]
00006A50:  00 00 00 00 00 00 59 0D 76 FF BE B0 63 15 66 70  ......Y.v...c.fp
00006A60:  DE 5D 82 C5 85 F5 00 00 00 00 00 00 00 00 00 00  .]..............
00006A70:  00 00 00 00 00 00 00 00 00 00 00 00 00 00 00 00  ................ [zeros]
00006A80:  00 00 00 00 00 00 51 16 0B FE E8 C0 40 D2 2D DC  ......Q.....@.-.
00006A90:  37 27 2A 0D ED 07 00 00 00 00 00 00 00 00 00 00  7'*.............
00006AA0:  00 00 00 00 00 00 00 00 00 00 00 00 00 00 00 00  ................ [zeros]
00006AB0:  00 00 00 00 00 00 AA A2 83 E1 31 BA D9 7A 3B 74  ..........1..z;t
00006AC0:  7E 07 8F 22 A1 6F 00 00 00 00 00 00 00 00 00 00  ~..".o..........
00006AD0:  00 00 00 00 00 00 00 00 00 00 00 00 00 00 00 00  ................ [zeros]
00006AE0:  00 00 00 00 00 00 00 00 00 00 00 00 00 00 00 00  ................ [zeros]
00006AF0:  00 00 00 00 00 00 34 63 D7 DC 1E 30 87 E6 B5 D4  ......4c...0....
00006B00:  2A F8 CE F1 BF A1 00 00 00 00 00 00 00 00 00 00  *...............
00006B10:  00 00 00 00 00 00 00 00 00 00 00 00 00 00 00 00  ................ [zeros]
00006B20:  00 00 00 00 00 00 C6 89 E6 AC 54 B2 C5 5D F6 6C  ..........T..].l
00006B30:  4E 31 2C A7 80 53 E1 44 31 E9 3A B7 09 F6 6E 56  N1,..S.D1.:...nV
00006B40:  47 49 CE 5F 6D 8A E1 44 31 E9 3A B7 09 F6 6E 56  GI._m..D1.:...nV
00006B50:  47 49 CE 5F 6D 8A 7B 26 2C 03 45 B6 D4 BA 82 B3  GI._m.{&,.E.....
00006B60:  5E AD 73 11 1C 99 4F 9B DD 39 27 16 9B F1 84 17  ^.s...O..9'.....
00006B70:  D1 F1 11 51 15 C0 97 5B 23 79 5E DD 5A 88 C5 2C  ...Q...[#y^.Z..,
00006B80:  2A C8 88 2E 53 69 D5 6A B5 EC 59 7F 10 16 23 8D  *...Si.j..Y...#.
00006B90:  8B 33 F4 55 95 0C 2C 8A 06 CE 36 36 D4 21 FE E5  .3.U..,...66.!..
00006BA0:  5C ED 9F 91 80 ED 7D 0C 9F A9 B8 34 4D 57 95 34  \.....}....4MW.4
00006BB0:  81 86 F7 16 3D 09 DB 19 9B 2B DB B8 94 83 A0 96  ....=....+......
00006BC0:  FF 09 FE 56 CB 43 6D 04 09 6F FB 1E B6 90 B7 BA  ...V.Cm..o......
00006BD0:  01 F5 5E C8 95 AD 65 12 74 BA 0A 2B 03 C0 8E AA  ..^...e.t..+....
00006BE0:  F0 36 23 D3 95 5A 6C 67 60 FB FE 74 9E 5D 68 2B  .6#..Zlg`..t.]h+
00006BF0:  9A A1 1F 77 B5 69 49 CE AD 70 22 C8 88 4D 81 5A  ...w.iI..p"..M.Z
00006C00:  F7 A4 5F FA C0 97 77 B8 FD 8C 51 E6 73 AB 9E 9B  .._...w...Q.s...
00006C10:  07 8D DF 43 3C 20 8E 07 EC 0F 61 4C 9C AF 8B A3  ...C< ....aL....
00006C20:  2B 89 48 9A 13 D5 FA F5 28 B3 42 28 D2 E9 D9 7C  +.H.....(.B(...|
00006C30:  5C E3 31 9A AD 80 61 8B 97 89 76 E6 7B AC 40 EB  \.1...a...v.{.@.
00006C40:  59 24 06 D0 EB 6D 61 8B 97 89 76 E6 7B AC 40 EB  Y$...ma...v.{.@.
00006C50:  59 24 06 D0 EB 6D 61 8B 97 89 76 E6 7B AC 40 EB  Y$...ma...v.{.@.
00006C60:  59 24 06 D0 EB 6D 48 C5 8D 1B 77 11 74 19 75 99  Y$...mH...w.t.u.
00006C70:  A5 64 68 FF 47 8B C4 41 D0 23 41 6A 2D 93 91 4C  .dh.G..A.#Aj-..L
00006C80:  CF 33 A3 50 94 D4 C4 41 D0 23 41 6A 2D 93 91 4C  .3.P...A.#Aj-..L
00006C90:  CF 33 A3 50 94 D4 75 CF B7 9F 2F 14 3D 3F BE 7C  .3.P..u.../.=?.|
00006CA0:  F5 89 D7 AD 60 9D 1F 47 D4 8E 61 0A EC BC 9F 10  ....`..G..a.....
00006CB0:  31 2F 89 23 36 2E AF 02 67 2F A4 77 01 DF 39 AA  1/.#6...g/.w..9.
00006CC0:  8F 36 B7 B5 EA 02 2D EC FF 1C B7 7F 8A CF 2A A1  .6....-.......*.
00006CD0:  CD 90 91 A2 84 9B 1E 04 14 AF 1E FF E5 DC 53 A2  ..............S.
00006CE0:  26 58 78 A4 BC ED D2 63 6D AE E6 46 63 CE B1 32  &Xx....cm..Fc..2
00006CF0:  4E 9A 1D 1A 43 5A 0E 5E 56 13 15 E9 5A 0C 71 E4  N...CZ.^V...Z.q.
00006D00:  A5 F9 30 ED E2 35 CA 77 7E 0A A1 F8 C5 1E B6 81  ..0..5.w~.......
00006D10:  84 E5 E0 F6 9D C8 CA 77 7E 0A A1 F8 C5 1E B6 81  .......w~.......
00006D20:  84 E5 E0 F6 9D C8 CA 77 7E 0A A1 F8 C5 1E B6 81  .......w~.......
00006D30:  84 E5 E0 F6 9D C8 24 86 8F AB D6 3D 0B AF CD 27  ......$....=...'
00006D40:  A2 8E 41 55 90 15 95 68 35 B3 61 86 03 50 FF 39  ..AU...h5.a..P.9
00006D50:  02 E4 A2 45 D7 5B BA A1 D2 D0 D3 CC 17 B2 12 78  ...E.[.........x
00006D60:  F6 D5 45 6C C0 68 E1 99 3F A9 68 75 B4 41 0C 44  ..El.h..?.hu.A.D
00006D70:  B8 82 34 1E 92 52 F6 C5 D4 86 A9 9F 12 97 DA E2  ..4..R..........
00006D80:  1D 16 8D 69 28 BD 51 88 2D 11 08 89 FB 46 20 05  ...i(.Q.-....F .
00006D90:  B3 BC E4 D5 78 44 BD 6D 7B C7 59 4D 93 0F C4 3D  ....xD.m{.YM...=
00006DA0:  8D DF B0 65 56 78 91 1F B2 97 0C 79 9A 1B 8A 50  ...eVx.....y...P
00006DB0:  BF 5A 04 2E D5 C7 36 E2 DF 9A C5 D4 E3 2F 77 70  .Z....6....../wp
00006DC0:  CD 0C CC 20 87 D9 8C F1 54 1C A7 CF D4 08 BF 33  ... ....T......3
00006DD0:  F8 CF 4A 6E 34 67 95 68 35 B3 61 86 03 50 FF 39  ..Jn4g.h5.a..P.9
00006DE0:  02 E4 A2 45 D7 5B BA A1 D2 D0 D3 CC 17 B2 12 78  ...E.[.........x
00006DF0:  F6 D5 45 6C C0 68 E1 99 3F A9 68 75 B4 41 0C 44  ..El.h..?.hu.A.D
00006E00:  B8 82 34 1E 92 52 F6 C5 D4 86 A9 9F 12 97 DA E2  ..4..R..........
00006E10:  1D 16 8D 69 28 BD 51 88 2D 11 08 89 FB 46 20 05  ...i(.Q.-....F .
00006E20:  B3 BC E4 D5 78 44 BD 6D 7B C7 59 4D 93 0F C4 3D  ....xD.m{.YM...=
00006E30:  8D DF B0 65 56 78 08 60 DA 58 DE 30 1E AE F1 89  ...eVx.`.X.0....
00006E40:  A0 D3 B9 6C AD 4B 91 F6 E3 D3 AB B9 CF 88 DF D1  ...l.K..........
00006E50:  B2 19 7D A5 26 0F A4 18 5F 9B 95 79 02 05 DB 66  ..}.&..._..y...f
00006E60:  CE 87 6D CC 7B 0C 00 00 00 00 00 00 00 00 00 00  ..m.{...........
00006E70:  00 00 00 00 00 00 C4 46 E9 43 6B AF 8B A4 0D 0D  .......F.Ck.....
00006E80:  00 01 31 C4 4F BD 00 00 00 00 00 00 00 00 00 00  ..1.O...........
00006E90:  00 00 00 00 00 00 00 00 00 00 00 00 00 00 00 00  ................ [zeros]
00006EA0:  00 00 00 00 00 00 00 00 00 00 00 00 00 00 00 00  ................ [zeros]
00006EB0:  00 00 00 00 00 00 00 00 00 00 00 00 00 00 00 00  ................ [zeros]
00006EC0:  00 00 00 00 00 00 BC 59 21 5E 1D BA BB EB EE 5F  .......Y!^....._
00006ED0:  51 CB 6E B2 6F 7F 7C 12 6A D7 ED 3F 85 24 F3 CA  Q.n.o.|.j..?.$..
00006EE0:  B3 E5 D0 EB F3 71 61 50 BC F9 EC EA 6B 20 90 F3  .....qaP....k ..
00006EF0:  07 FF 5B FA E3 B2 6F 87 2F FF 0F 1D 6D E6 7A FB  ..[...o./...m.z.
00006F00:  D7 9A 87 CD 65 28 00 00 00 00 00 00 00 00 00 00  ....e(..........
00006F10:  00 00 00 00 00 00 00 00 00 00 00 00 00 00 00 00  ................ [zeros]
00006F20:  00 00 00 00 00 00 00 00 00 00 00 00 00 00 00 00  ................ [zeros]
00006F30:  00 00 00 00 00 00 00 00 00 00 00 00 00 00 00 00  ................ [zeros]
00006F40:  00 00 00 00 00 00 00 00 00 00 00 00 00 00 00 00  ................ [zeros]
00006F50:  00 00 00 00 00 00 00 00 00 00 00 00 00 00 00 00  ................ [zeros]
00006F60:  00 00 00 00 00 00 00 00 00 00 00 00 00 00 00 00  ................ [zeros]
00006F70:  00 00 00 00 00 00 00 00 00 00 00 00 00 00 00 00  ................ [zeros]
00006F80:  00 00 00 00 00 00 00 00 00 00 00 00 00 00 00 00  ................ [zeros]
00006F90:  00 00 00 00 00 00 00 00 00 00 00 00 00 00 00 00  ................ [zeros]
00006FA0:  00 00 00 00 00 00 00 00 00 00 00 00 00 00 00 00  ................ [zeros]
00006FB0:  00 00 00 00 00 00 00 00 00 00 00 00 00 00 00 00  ................ [zeros]
00006FC0:  00 00 00 00 00 00 7E 74 2F BF 8A 4A CD D4 80 6B  ......~t/..J...k
00006FD0:  9C E7 69 09 17 90 C8 F8 7F EE 52 22 98 E1 ED C6  ..i.......R"....
00006FE0:  84 37 2F BF 59 D8 DC 76 DF FA B2 F7 16 5D 58 8A  .7/.Y..v.....]X.
00006FF0:  CB 90 D2 89 F9 59 52 56 C4 2F E5 C4 EF C5 62 E9  .....YRV./....b.
00007000:  D9 C3 59 70 B5 3A 00 00 00 00 00 00 00 00 00 00  ..Yp.:..........
00007010:  00 00 00 00 00 00 00 00 00 00 00 00 00 00 00 00  ................ [zeros]
00007020:  00 00 00 00 00 00 00 00 00 00 00 00 00 00 00 00  ................ [zeros]
00007030:  00 00 00 00 00 00 00 00 00 00 00 00 00 00 00 00  ................ [zeros]
00007040:  00 00 00 00 00 00 00 00 00 00 00 00 00 00 00 00  ................ [zeros]
00007050:  00 00 00 00 00 00 B9 1D 85 62 FE 76 D6 8E 3D D4  .........b.v..=.
00007060:  D1 CF 68 13 6A 7D 43 C6 0B 1B 39 17 3B 11 CF 52  ..h.j}C...9.;..R
00007070:  12 59 36 DC 8E DC 00 00 00 00 00 00 00 00 00 00  .Y6.............
00007080:  00 00 00 00 00 00 00 00 00 00 00 00 00 00 00 00  ................ [zeros]
00007090:  00 00 00 00 00 00 00 00 00 00 00 00 00 00 00 00  ................ [zeros]
000070A0:  00 00 00 00 00 00 00 00 00 00 00 00 00 00 00 00  ................ [zeros]
000070B0:  00 00 00 00 00 00 00 00 00 00 00 00 00 00 00 00  ................ [zeros]
000070C0:  00 00 00 00 00 00 00 00 00 00 00 00 00 00 00 00  ................ [zeros]
000070D0:  00 00 00 00 00 00 00 00 00 00 00 00 00 00 00 00  ................ [zeros]
000070E0:  00 00 00 00 00 00 00 00 00 00 00 00 00 00 00 00  ................ [zeros]
000070F0:  00 00 00 00 00 00 00 00 00 00 00 00 00 00 00 00  ................ [zeros]
00007100:  00 00 00 00 00 00 00 00 00 00 00 00 00 00 00 00  ................ [zeros]
00007110:  00 00 00 00 00 00 00 00 00 00 00 00 00 00 00 00  ................ [zeros]
00007120:  00 00 00 00 00 00 3F A3 2C 3E 67 FF 35 21 4F 70  ......?.,>g.5!Op
00007130:  86 8D FE CD 7F E6 D6 C7 F9 46 66 DD F3 FB DC 6E  .........Ff....n
00007140:  FB BB C0 44 21 6D F6 21 9B BF 43 B5 C0 53 28 B1  ...D!m.!..C..S(.
00007150:  BA 42 92 6F DE EA 00 00 00 00 00 00 00 00 00 00  .B.o............
00007160:  00 00 00 00 00 00 6B 08 23 09 D9 50 33 B0 BC A0  ......k.#..P3...
00007170:  9F 4A 7C 8B 65 85 00 00 00 00 00 00 00 00 00 00  .J|.e...........
00007180:  00 00 00 00 00 00 00 00 00 00 00 00 00 00 00 00  ................ [zeros]
00007190:  00 00 00 00 00 00 00 00 00 00 00 00 00 00 00 00  ................ [zeros]
000071A0:  00 00 00 00 00 00 00 00 00 00 00 00 00 00 00 00  ................ [zeros]
000071B0:  00 00 00 00 00 00 00 00 00 00 00 00 00 00 00 00  ................ [zeros]
000071C0:  00 00 00 00 00 00 8A EC A1 3A B5 B3 8F 48 63 07  .........:...Hc.
000071D0:  E6 8E D3 E3 05 C1 00 00 00 00 00 00 00 00 00 00  ................
000071E0:  00 00 00 00 00 00 00 00 00 00 00 00 00 00 00 00  ................ [zeros]
000071F0:  00 00 00 00 00 00 00 00 00 00 00 00 00 00 00 00  ................ [zeros]
00007200:  00 00 00 00 00 00 00 00 00 00 00 00 00 00 00 00  ................ [zeros]
00007210:  00 00 00 00 00 00 00 00 00 00 00 00 00 00 00 00  ................ [zeros]
00007220:  00 00 00 00 00 00 00 00 00 00 00 00 00 00 00 00  ................ [zeros]
00007230:  00 00 00 00 00 00 00 00 00 00 00 00 00 00 00 00  ................ [zeros]
00007240:  00 00 00 00 00 00 00 00 00 00 00 00 00 00 00 00  ................ [zeros]
00007250:  00 00 00 00 00 00 00 00 00 00 00 00 00 00 00 00  ................ [zeros]
00007260:  00 00 00 00 00 00 00 00 00 00 00 00 00 00 00 00  ................ [zeros]
00007270:  00 00 00 00 00 00 00 00 00 00 00 00 00 00 00 00  ................ [zeros]
00007280:  00 00 00 00 00 00 00 00 00 00 00 00 00 00 00 00  ................ [zeros]
00007290:  00 00 00 00 00 00 E1 D2 36 74 63 B0 AB F1 F9 89  ........6tc.....
000072A0:  6A 7B 76 63 5E 74 5B 1C 48 93 A2 92 EC 69 0F F6  j{vc^t[.H....i..
000072B0:  56 2A 9A 07 0E 6B F7 98 65 95 9E 38 5D A5 30 74  V*...k..e..8].0t
000072C0:  8A 89 E5 3C 77 A8 6F 51 7D D0 C4 D9 CE 94 4A F0  ...<w.oQ}.....J.
000072D0:  54 0A 44 61 5A 35 60 E7 CA 5C 85 40 FF EE 6F 10  T.DaZ5`..\.@..o.
000072E0:  7B C1 E0 4B 8B 70 44 F3 BB 5A E2 0A 4B 2D 3B AE  {..K.pD..Z..K-;.
000072F0:  FA E9 B6 39 95 35 2F 39 19 C3 87 A2 AD CC EF 8A  ...9.5/9........
00007300:  DB F1 BD 19 8B 44 D0 F3 69 6D C6 B5 42 88 20 7C  .....D..im..B. |
00007310:  CD E2 62 D9 81 81 BA 80 5A E1 E2 09 36 4A 55 BC  ..b.....Z...6JU.
00007320:  D3 4F A2 E5 1C 7D C1 A7 9A CF 0A 4F 34 D8 97 B2  .O...}.....O4...
00007330:  8B 2F 2E 78 B6 4F 5A 07 6B 69 B3 F2 1A 63 6B 11  ./.x.OZ.ki...ck.
00007340:  31 A0 68 1B 26 63 99 15 13 20 E4 63 03 61 E2 78  1.h.&c... .c.a.x
00007350:  8A 91 4B 73 98 DA A3 7C 8C 3E E8 FC 68 B0 E7 9A  ..Ks...|.>..h...
00007360:  3E 40 C7 70 A8 B6 51 CA AE 16 13 20 6F B6 1A 46  >@.p..Q.... o..F
00007370:  E7 63 C0 C3 F6 CF 4E CF 72 6A A7 FE 07 DF A8 A5  .c....N.rj......
00007380:  B9 58 A3 08 5D 3F DA 21 B0 65 99 96 F9 B7 31 41  .X..]?.!.e....1A
00007390:  08 26 92 09 FC BD 7B E3 4B 0B 54 AB 52 58 29 D6  .&....{.K.T.RX).
000073A0:  FD EA C8 12 CA 43 39 E5 2E DB 12 4F 76 86 07 95  .....C9....Ov...
000073B0:  5F 2E D1 1A A6 A8 C2 7D FA 94 93 65 93 E3 D3 B0  _......}...e....
000073C0:  7E 89 17 0E F4 DF E6 9F 65 42 42 F6 D5 20 72 FD  ~.......eBB.. r.
000073D0:  2B 32 2B 17 20 0D 78 B6 8F 05 1B 22 3E E9 A9 EC  +2+. .x....">...
000073E0:  9B EF C8 01 40 92 EE BF 77 F9 AE E6 0D 45 83 47  ....@...w....E.G
000073F0:  19 36 21 32 40 0A 1E BB 7D 49 07 AB CF 8A 6F D8  .6!2@...}I....o.
00007400:  3F FC 4F 24 A9 7B 00 00 00 00 00 00 00 00 00 00  ?.O$.{..........
00007410:  00 00 00 00 00 00 59 94 EE 66 6A 52 A3 22 1A B7  ......Y..fjR."..
00007420:  2F 99 97 10 75 8E D3 44 AF AA 0D 38 B3 F1 67 9A  /...u..D...8..g.
00007430:  C6 A7 69 C1 F0 A7 69 A8 18 58 D6 22 0F 64 1D 05  ..i...i..X.".d..
00007440:  E0 93 15 D5 26 0A 00 00 00 00 00 00 00 00 00 00  ....&...........
00007450:  00 00 00 00 00 00 B3 A6 EC DA 77 DE B9 9A 2E 7D  ..........w....}
00007460:  FF 5F 24 44 1D 44 91 EC C1 95 63 D6 DD E0 FE AB  ._$D.D....c.....
00007470:  41 C6 72 BF A8 90 00 00 00 00 00 00 00 00 00 00  A.r.............
00007480:  00 00 00 00 00 00 34 63 D7 DC 1E 30 87 E6 B5 D4  ......4c...0....
00007490:  2A F8 CE F1 BF A1 35 23 F0 34 8D 6F 7E 9A 35 9F  *.....5#.4.o~.5.
000074A0:  C7 3F 4A C2 8D CB EE 12 E9 B7 CF 5B CA 9C E7 7E  .?J........[...~
000074B0:  BE CC C7 7C 3D 63 00 00 00 00 00 00 00 00 00 00  ...|=c..........
000074C0:  00 00 00 00 00 00 17 74 94 B3 64 0C 45 80 1E 16  .......t..d.E...
000074D0:  61 33 7F 3D 4C 92 EE BF 77 F9 AE E6 0D 45 83 47  a3.=L...w....E.G
000074E0:  19 36 21 32 40 0A 1E BB 7D 49 07 AB CF 8A 6F D8  .6!2@...}I....o.
000074F0:  3F FC 4F 24 A9 7B 00 00 00 00 00 00 00 00 00 00  ?.O$.{..........
00007500:  00 00 00 00 00 00 A2 C5 7D 3D 15 DE C2 59 52 D1  ........}=...YR.
00007510:  6D 7E F6 C0 E2 69 00 00 00 00 00 00 00 00 00 00  m~...i..........
00007520:  00 00 00 00 00 00 00 00 00 00 00 00 00 00 00 00  ................ [zeros]
00007530:  00 00 00 00 00 00 00 00 00 00 00 00 00 00 00 00  ................ [zeros]
00007540:  00 00 00 00 00 00 00 00 00 00 00 00 00 00 00 00  ................ [zeros]
00007550:  00 00 00 00 00 00 00 00 00 00 00 00 00 00 00 00  ................ [zeros]
00007560:  00 00 00 00 00 00 00 00 00 00 00 00 00 00 00 00  ................ [zeros]
00007570:  00 00 00 00 00 00 00 00 00 00 00 00 00 00 00 00  ................ [zeros]
00007580:  00 00 00 00 00 00 00 00 00 00 00 00 00 00 00 00  ................ [zeros]
00007590:  00 00 00 00 00 00 00 00 00 00 00 00 00 00 00 00  ................ [zeros]
000075A0:  00 00 00 00 00 00 00 00 00 00 00 00 00 00 00 00  ................ [zeros]
000075B0:  00 00 00 00 00 00 00 00 00 00 00 00 00 00 00 00  ................ [zeros]
000075C0:  00 00 00 00 00 00 00 00 00 00 00 00 00 00 00 00  ................ [zeros]
000075D0:  00 00 00 00 00 00 00 00 00 00 00 00 00 00 00 00  ................ [zeros]
000075E0:  00 00 00 00 00 00 D1 F7 87 0C 39 FB 3E E6 DE 10  ..........9.>...
000075F0:  38 3C 60 01 A2 30 04 78 94 EB 50 0C A2 B3 6A BE  8<`..0.x..P...j.
00007600:  DD B0 25 DE 72 FD 00 00 00 00 00 00 00 00 00 00  ..%.r...........
00007610:  00 00 00 00 00 00 72 07 6D 5C 9D 3B 3E A7 77 25  ......r.m\.;>.w%
00007620:  91 2B 7A D0 01 8C 00 00 00 00 00 00 00 00 00 00  .+z.............
00007630:  00 00 00 00 00 00 C0 11 B7 A9 71 B4 86 E6 B7 B0  ..........q.....
00007640:  4E 76 23 E2 30 A5 76 2C AF 9D 52 6C C5 25 BE 41  Nv#.0.v,..Rl.%.A
00007650:  8E E9 65 49 4E 93 8B 79 1B AD 2D 9D 71 5C DE 02  ..eIN..y..-.q\..
00007660:  13 6F 04 20 0A 64 62 69 DC C4 05 03 A5 D1 B8 72  .o. .dbi.......r
00007670:  4B 5F 31 5C 2D 37 21 AE 79 60 8E 4F F4 FB 38 3F  K_1\-7!.y`.O..8?
00007680:  56 CB C4 3F 4C 60 D0 26 B5 78 28 1C 15 7A 62 E7  V..?L`.&.x(..zb.
00007690:  69 D4 4D BB E5 EB 9D 8D D0 DC 80 C6 2D 64 C1 C6  i.M.........-d..
000076A0:  75 E3 08 3A E8 BF 57 1D 62 47 C1 55 9D 95 38 09  u..:..W.bG.U..8.
000076B0:  D2 B3 E5 7D E3 62 13 75 06 0F 6C E5 09 5E 68 BA  ...}.b.u..l..^h.
000076C0:  9E BD FA CC 9B A8 B2 38 0D 40 B1 54 BF F8 E6 6C  .......8.@.T...l
000076D0:  94 5F 51 3B 41 82 85 12 7D 95 6E 92 9E 2B F9 0D  ._Q;A...}.n..+..
000076E0:  4A 4E D3 36 4E 97 83 EE D9 75 5C 20 4A 6A C4 29  JN.6N....u\ Jj.)
000076F0:  68 4D 0B 53 2C 20 E7 17 5F 43 E4 62 FF 7B C5 EE  hM.S, .._C.b.{..
00007700:  C6 37 0C 69 CB 43 87 63 31 2E BE F9 7D 63 7C A2  .7.i.C.c1...}c|.
00007710:  11 35 2D 5E 2A 83 53 D7 D6 84 E7 F8 6A AA 7F 75  .5-^*.S.....j..u
00007720:  AA 20 EC 72 19 D1 31 6D 19 89 04 EE E3 84 E1 B5  . .r..1m........
00007730:  9A EC FC 2D 65 CD ED 39 80 6F E2 4E 6E 5C D4 73  ...-e..9.o.Nn\.s
00007740:  CA BD ED 98 16 7D A2 74 8B CB DF 0A 41 F9 AC FA  .....}.t....A...
00007750:  52 03 A5 DA 2B B7 00 00 00 00 00 00 00 00 00 00  R...+...........
00007760:  00 00 00 00 00 00 00 00 00 00 00 00 00 00 00 00  ................ [zeros]
00007770:  00 00 00 00 00 00 00 00 00 00 00 00 00 00 00 00  ................ [zeros]
00007780:  00 00 00 00 00 00 B3 A6 EC DA 77 DE B9 9A 2E 7D  ..........w....}
00007790:  FF 5F 24 44 1D 44 00 00 00 00 00 00 00 00 00 00  ._$D.D..........
000077A0:  00 00 00 00 00 00 00 00 00 00 00 00 00 00 00 00  ................ [zeros]
000077B0:  00 00 00 00 00 00 94 5F 71 06 30 CB 95 22 F0 05  ......._q.0.."..
000077C0:  52 E8 E1 0C 6B E4 00 00 00 00 00 00 00 00 00 00  R...k...........
000077D0:  00 00 00 00 00 00 00 00 00 00 00 00 00 00 00 00  ................ [zeros]
000077E0:  00 00 00 00 00 00 44 67 BD 5B 1E F1 8B 90 C6 96  ......Dg.[......
000077F0:  D9 CC 95 BC E3 47 00 00 00 00 00 00 00 00 00 00  .....G..........
00007800:  00 00 00 00 00 00 00 00 00 00 00 00 00 00 00 00  ................ [zeros]
00007810:  00 00 00 00 00 00 03 B7 84 8C 9F 1E 15 38 AD 91  .............8..
00007820:  10 1C 46 35 03 C1 00 00 00 00 00 00 00 00 00 00  ..F5............
00007830:  00 00 00 00 00 00 00 00 00 00 00 00 00 00 00 00  ................ [zeros]
00007840:  00 00 00 00 00 00 00 00 00 00 00 00 00 00 00 00  ................ [zeros]
00007850:  00 00 00 00 00 00 59 0D 76 FF BE B0 63 15 66 70  ......Y.v...c.fp
00007860:  DE 5D 82 C5 85 F5 00 00 00 00 00 00 00 00 00 00  .]..............
00007870:  00 00 00 00 00 00 00 00 00 00 00 00 00 00 00 00  ................ [zeros]
00007880:  00 00 00 00 00 00 51 16 0B FE E8 C0 40 D2 2D DC  ......Q.....@.-.
00007890:  37 27 2A 0D ED 07 00 00 00 00 00 00 00 00 00 00  7'*.............
000078A0:  00 00 00 00 00 00 00 00 00 00 00 00 00 00 00 00  ................ [zeros]
000078B0:  00 00 00 00 00 00 A8 86 68 37 CB 17 EE EB AA A6  ........h7......
000078C0:  B8 08 5C 58 24 34 4B 61 5E 43 04 35 66 E1 88 3F  ..\X$4Ka^C.5f..?
000078D0:  CB 4C 06 95 FA 43 1F BF 91 F0 34 9E 14 3E CA 35  .L...C....4..>.5
000078E0:  D7 96 19 C2 80 93 CD C2 AF F8 5E 80 37 39 5C 37  ..........^.79\7
000078F0:  6C A2 ED 0F DC AA 5C 09 C7 43 4C D8 71 3C 21 44  l.....\..CL.q<!D
00007900:  30 70 D0 58 DB E5 4F 9B DD 39 27 16 9B F1 84 17  0p.X..O..9'.....
00007910:  D1 F1 11 51 15 C0 48 85 80 18 14 F0 94 72 9F 6B  ...Q..H......r.k
00007920:  CD D6 93 BA F9 FA B1 0F DD FE C5 D6 8F DB 81 27  ...............'
00007930:  4A D8 C3 FB 10 E6 FD 7D DA CA 3D C5 06 95 4E D0  J......}..=...N.
00007940:  20 C6 E2 94 1A D2 F1 5A 66 59 A6 7C EF 43 9A F9   ......ZfY.|.C..
00007950:  54 32 3F 7B 57 8B 84 EE 5B 50 AB 68 27 2E 51 1A  T2?{W...[P.h'.Q.
00007960:  5D 53 6E 76 0D 66 FD E4 8D 6C 4A FC 0C 14 BD 45  ]Snv.f...lJ....E
00007970:  8E F3 E5 33 E0 2A 5A D3 8E 09 7C D2 A0 42 F3 61  ...3.*Z...|..B.a
00007980:  75 AF D4 D8 F9 AD E6 FE 79 88 31 67 61 1A A2 3C  u.......y.1ga..<
00007990:  9A A1 D5 78 DB C1 49 CE AD 70 22 C8 88 4D 81 5A  ...x..I..p"..M.Z
000079A0:  F7 A4 5F FA C0 97 77 B8 FD 8C 51 E6 73 AB 9E 9B  .._...w...Q.s...
000079B0:  07 8D DF 43 3C 20 8E 07 EC 0F 61 4C 9C AF 8B A3  ...C< ....aL....
000079C0:  2B 89 48 9A 13 D5 0D 6B 6B AE AC F5 AD DC 84 19  +.H....kk.......
000079D0:  96 3B 7F A5 CC C1 F6 DF E9 33 76 D0 22 49 B2 CF  .;.......3v."I..
000079E0:  46 50 63 75 49 EF F6 DF E9 33 76 D0 22 49 B2 CF  FPcuI....3v."I..
000079F0:  46 50 63 75 49 EF 9B 7F 58 F7 A3 36 BC F9 4F 6B  FPcuI...X..6..Ok
00007A00:  B9 95 E4 90 D7 C7 32 C5 6E B9 FA EA 6A 17 B3 46  ......2.n...j..F
00007A10:  6B 4B 89 BD 11 B6 32 C5 6E B9 FA EA 6A 17 B3 46  kK....2.n...j..F
00007A20:  6B 4B 89 BD 11 B6 32 C5 6E B9 FA EA 6A 17 B3 46  kK....2.n...j..F
00007A30:  6B 4B 89 BD 11 B6 D0 27 63 97 BF 1C 3C 1D E4 A4  kK.....'c...<...
00007A40:  01 67 F2 25 B9 EF 2D EC FF 1C B7 7F 8A CF 2A A1  .g.%..-.......*.
00007A50:  CD 90 91 A2 84 9B 1E 04 14 AF 1E FF E5 DC 53 A2  ..............S.
00007A60:  26 58 78 A4 BC ED 72 58 44 A3 26 A0 21 09 90 33  &Xx...rXD.&.!..3
00007A70:  E7 A0 8B 32 25 A0 0E 31 C1 27 68 B8 72 19 E1 77  ...2%..1.'h.r..w
00007A80:  85 9B 38 0B 0E D0 97 BA A4 A6 95 4F AF 66 4B F6  ..8........O.fK.
00007A90:  7E 6E 10 37 97 B1 A1 50 BA 57 48 5F 05 11 63 5F  ~n.7...P.WH_..c_
00007AA0:  E4 95 20 86 EE D9 B7 99 CA A9 0D 38 38 7B 09 F8  .. ........88{..
00007AB0:  F0 99 88 B2 CA 8E B7 99 CA A9 0D 38 38 7B 09 F8  ...........88{..
00007AC0:  F0 99 88 B2 CA 8E 03 DB 0B CC 00 69 0C BA 06 DE  ...........i....
00007AD0:  82 BA A8 92 AC 9A B4 EA 6A A8 01 AE AF AE CA 25  ........j......%
00007AE0:  CC 03 2B 87 1F DC 9C 4C 66 94 02 55 D6 1E 79 7E  ..+....Lf..U..y~
00007AF0:  E7 F0 5A 31 88 54 3F A1 16 9A FE 7B CE 7B 9E 28  ..Z1.T?....{.{.(
00007B00:  28 3A 8C 9A 89 54 D9 59 75 B9 EA 3A C0 C3 13 18  (:...T.Yu..:....
00007B10:  CA B9 31 94 9F 56 67 E7 86 C8 97 F0 F1 59 DF 43  ..1..Vg......Y.C
00007B20:  7A 46 F5 02 1B E8 76 C4 D3 A2 A2 23 20 8E 49 4F  zF....v....# .IO
00007B30:  D4 A1 8A F4 1C 15 8E 9C 19 43 89 62 C0 6B 8F D9  .........C.b.k..
00007B40:  31 09 69 28 C8 F7 D5 65 3C 6A F7 C6 8B 37 26 FE  1.i(...e<j...7&.
00007B50:  09 B9 26 49 03 ED 51 B2 51 7A 26 07 12 F9 3F 7A  ..&I..Q.Qz&...?z
00007B60:  1D E0 56 E6 A2 CC B4 EA 6A A8 01 AE AF AE CA 25  ..V.....j......%
00007B70:  CC 03 2B 87 1F DC 9C 4C 66 94 02 55 D6 1E 79 7E  ..+....Lf..U..y~
00007B80:  E7 F0 5A 31 88 54 3F A1 16 9A FE 7B CE 7B 9E 28  ..Z1.T?....{.{.(
00007B90:  28 3A 8C 9A 89 54 D9 59 75 B9 EA 3A C0 C3 13 18  (:...T.Yu..:....
00007BA0:  CA B9 31 94 9F 56 67 E7 86 C8 97 F0 F1 59 DF 43  ..1..Vg......Y.C
00007BB0:  7A 46 F5 02 1B E8 76 C4 D3 A2 A2 23 20 8E 49 4F  zF....v....# .IO
00007BC0:  D4 A1 8A F4 1C 15 A5 AC C8 6D 64 5D 41 E2 A1 73  .........md]A..s
00007BD0:  90 1D 11 F1 7E D8 73 ED 87 08 91 4F 65 62 03 F5  ....~.s....Oeb..
00007BE0:  8A 5D CC 7A BF 63 00 00 00 00 00 00 00 00 00 00  .].z.c..........
00007BF0:  00 00 00 00 00 00 CD 69 43 67 06 48 01 B5 08 0F  .......iCg.H....
00007C00:  45 1D 5D 1E 38 6B 2E 02 1D DD 2B A2 89 E7 FB 96  E.].8k....+.....
00007C10:  DB C0 0E 7D 75 BB 1B BA F9 9E 37 7F E5 2D EF 66  ...}u.....7..-.f
00007C20:  94 A9 A9 23 5B 95 79 35                          ...#[.y5

; --- structure summary (block types) ---
; 0x00000060..+0xD0  data   (208 bytes)
; 0x00000130..+0x40  zeros  (64 bytes)
; 0x00000170..+0x210  data   (528 bytes)
; 0x00000380..+0x180  zeros  (384 bytes)
; 0x00000500..+0x580  data   (1408 bytes)
; 0x00000A80..+0x3E0  zeros  (992 bytes)
; 0x00000E60..+0x20  data   (32 bytes)
; 0x00000E80..+0x3E0  zeros  (992 bytes)
; 0x00001260..+0x20  data   (32 bytes)
; 0x00001280..+0x3E0  zeros  (992 bytes)
; 0x00001660..+0x20  data   (32 bytes)
; 0x00001680..+0x3F0  zeros  (1008 bytes)
; 0x00001A70..+0x2400  data   (9216 bytes)
; 0x00003E70..+0x10  zeros  (16 bytes)
; 0x00003E80..+0x30  data   (48 bytes)
; 0x00003EB0..+0x80  zeros  (128 bytes)
; 0x00003F30..+0x110  data   (272 bytes)
; 0x00004040..+0xB0  zeros  (176 bytes)
; 0x000040F0..+0x50  data   (80 bytes)
; 0x00004140..+0x150  zeros  (336 bytes)
; 0x00004290..+0x40  data   (64 bytes)
; 0x000042D0..+0xF0  zeros  (240 bytes)
; 0x000043C0..+0xF0  data   (240 bytes)
; 0x000044B0..+0x5E0  zeros  (1504 bytes)
; 0x00004A90..+0x140  data   (320 bytes)
; 0x00004BD0..+0xF0  zeros  (240 bytes)
; 0x00004CC0..+0x220  data   (544 bytes)
; 0x00004EE0..+0x30  zeros  (48 bytes)
; 0x00004F10..+0xA0  data   (160 bytes)
; 0x00004FB0..+0xB0  zeros  (176 bytes)
; 0x00005060..+0xA0  data   (160 bytes)
; 0x00005100..+0x10  zeros  (16 bytes)
; 0x00005110..+0xD0  data   (208 bytes)
; 0x000051E0..+0xC0  zeros  (192 bytes)
; 0x000052A0..+0x290  data   (656 bytes)
; 0x00005530..+0x40  zeros  (64 bytes)
; 0x00005570..+0x170  data   (368 bytes)
; 0x000056E0..+0x30  zeros  (48 bytes)
; 0x00005710..+0x280  data   (640 bytes)
; 0x00005990..+0x60  zeros  (96 bytes)
; 0x000059F0..+0xF0  data   (240 bytes)
; 0x00005AE0..+0xD0  zeros  (208 bytes)
; 0x00005BB0..+0x250  data   (592 bytes)
; 0x00005E00..+0xC0  zeros  (192 bytes)
; 0x00005EC0..+0x230  data   (560 bytes)
; 0x000060F0..+0x40  zeros  (64 bytes)
; 0x00006130..+0x50  data   (80 bytes)
; 0x00006180..+0xA0  zeros  (160 bytes)
; 0x00006220..+0x60  data   (96 bytes)
; 0x00006280..+0x40  zeros  (64 bytes)
; 0x000062C0..+0x30  data   (48 bytes)
; 0x000062F0..+0xA0  zeros  (160 bytes)
; 0x00006390..+0x50  data   (80 bytes)
; 0x000063E0..+0x40  zeros  (64 bytes)
; 0x00006420..+0x30  data   (48 bytes)
; 0x00006450..+0xA0  zeros  (160 bytes)
; 0x000064F0..+0x290  data   (656 bytes)
; 0x00006780..+0xC0  zeros  (192 bytes)
; 0x00006840..+0x190  data   (400 bytes)
; 0x000069D0..+0x10  zeros  (16 bytes)
; 0x000069E0..+0x20  data   (32 bytes)
; 0x00006A00..+0x10  zeros  (16 bytes)
; 0x00006A10..+0x20  data   (32 bytes)
; 0x00006A30..+0x20  zeros  (32 bytes)
; 0x00006A50..+0x20  data   (32 bytes)
; 0x00006A70..+0x10  zeros  (16 bytes)
; 0x00006A80..+0x20  data   (32 bytes)
; 0x00006AA0..+0x10  zeros  (16 bytes)
; 0x00006AB0..+0x20  data   (32 bytes)
; 0x00006AD0..+0x20  zeros  (32 bytes)
; 0x00006AF0..+0x20  data   (32 bytes)
; 0x00006B10..+0x10  zeros  (16 bytes)
; 0x00006B20..+0x370  data   (880 bytes)
; 0x00006E90..+0x30  zeros  (48 bytes)
; 0x00006EC0..+0x50  data   (80 bytes)
; 0x00006F10..+0xB0  zeros  (176 bytes)
; 0x00006FC0..+0x50  data   (80 bytes)
; 0x00007010..+0x40  zeros  (64 bytes)
; 0x00007050..+0x30  data   (48 bytes)
; 0x00007080..+0xA0  zeros  (160 bytes)
; 0x00007120..+0x60  data   (96 bytes)
; 0x00007180..+0x40  zeros  (64 bytes)
; 0x000071C0..+0x20  data   (32 bytes)
; 0x000071E0..+0xB0  zeros  (176 bytes)
; 0x00007290..+0x290  data   (656 bytes)
; 0x00007520..+0xC0  zeros  (192 bytes)
; 0x000075E0..+0x180  data   (384 bytes)
; 0x00007760..+0x20  zeros  (32 bytes)
; 0x00007780..+0x20  data   (32 bytes)
; 0x000077A0..+0x10  zeros  (16 bytes)
; 0x000077B0..+0x20  data   (32 bytes)
; 0x000077D0..+0x10  zeros  (16 bytes)
; 0x000077E0..+0x20  data   (32 bytes)
; 0x00007800..+0x10  zeros  (16 bytes)
; 0x00007810..+0x20  data   (32 bytes)
; 0x00007830..+0x20  zeros  (32 bytes)
; 0x00007850..+0x20  data   (32 bytes)
; 0x00007870..+0x10  zeros  (16 bytes)
; 0x00007880..+0x20  data   (32 bytes)
; 0x000078A0..+0x10  zeros  (16 bytes)
; 0x000078B0..+0x370  data   (880 bytes)
