; Decrypted GatewaySettings dump (see FORMAT.md)
; key = bba98af0f2ad1fc748e793a3fd0bfd0e (aligned at 0x60)

00000060:  10 4E B7 E3 43 3F 7D 51 8D 77 44 2B 33 04 67 06  .N..C?}Q.wD+3.g.
00000070:  70 8B 88 78 AA B6 92 D9 4A BD 09 A0 59 91 CA AC  p..x....J...Y...
00000080:  95 C6 C7 56 DE 40 BA A2 28 CB D5 B1 E3 88 C2 D5  ...V.@..(.......
00000090:  CD 6E 50 21 7E C7 A1 68 8A 65 27 5F 3E 42 23 EE  .nP!~..h.e'_>B#.
000000A0:  7A 68 39 D1 88 AB B1 29 2E AE 84 AA 95 1A DC 8B  zh9....)........
000000B0:  EB 87 EC D7 72 C7 12 B3 50 CB A1 81 59 2B 53 90  ....r...P...Y+S.
000000C0:  C6 8F 6A BC 4E 60 F4 91 94 80 4C A1 4A C8 CF 30  ..j.N`....L.J..0
000000D0:  DC 98 22 86 8F B7 64 DC 00 7F 8F 9B 36 FE AF E5  .."...d.....6...
000000E0:  8F 80 1A 50 67 E4 BC 1F D4 16 35 C1 A0 C6 08 17  ...Pg.....5.....
000000F0:  7B BC 75 05 F5 72 0B 3E A1 65 60 90 3B 39 AB AD  {.u..r.>.e`.;9..
00000100:  05 A6 25 3B 36 70 FA 67 56 6B 31 31 50 A1 19 D9  ..%;6p.gVk11P...
00000110:  8F 09 52 87 0E 79 7D 4E AC 93 A6 FF 1C C4 D7 72  ..R..y}N.......r
00000120:  81 36 F9 5C 5E B5 00 00 00 00 00 00 00 00 00 00  .6.\^...........
00000130:  00 00 00 00 00 00 00 00 00 00 00 00 00 00 00 00  ................ [zeros]
00000140:  00 00 00 00 00 00 00 00 00 00 00 00 00 00 00 00  ................ [zeros]
00000150:  00 00 00 00 00 00 00 00 00 00 00 00 00 00 00 00  ................ [zeros]
00000160:  00 00 00 00 00 00 00 00 00 00 00 00 00 00 00 00  ................ [zeros]
00000170:  00 00 00 00 00 00 4C 8A CC 51 D2 C4 E4 67 46 33  ......L..Q...gF3
00000180:  25 04 1A 5C C0 55 B9 F3 B4 66 B6 E2 5E 78 CD D9  %..\.U...f..^x..
00000190:  6C FA 74 68 D8 E9 67 BB 17 F4 69 14 5D 02 31 5F  l.th..g...i.].1_
000001A0:  D0 8E 63 6D A3 69 8A B0 15 2D 41 EE 5C B4 C9 9F  ..cm.i...-A.\...
000001B0:  DE 5A FC 0C B0 44 89 7D 66 B1 E3 C9 23 07 21 CD  .Z...D.}f...#.!.
000001C0:  8B 75 20 F7 13 E7 97 C4 ED 99 0C D7 33 09 A8 30  .u .........3..0
000001D0:  64 60 AE 28 FC AB 6F 09 E2 0B CC 0C 2D 1C 0A 29  d`.(..o.....-..)
000001E0:  E2 3F 96 5B EC A1 31 CA A3 95 15 E8 06 E7 99 E3  .?.[..1.........
000001F0:  D6 93 DA A0 26 48 FB 03 E1 3E 0B 58 CF B4 57 7B  ....&H...>.X..W{
00000200:  C4 ED 86 77 D6 EF D1 6E 03 6D 9C FC 33 9A B3 47  ...w...n.m..3..G
00000210:  A4 EB A4 78 00 C5 5E DF FA 2A C7 AD 2E 59 33 DE  ...x..^..*...Y3.
00000220:  22 C3 94 78 79 26 C2 38 97 1B 47 42 A8 C3 AA 7F  "..xy&.8..GB....
00000230:  42 6C 14 E5 38 86 82 95 59 63 6F 55 9C DD 75 1E  Bl..8...YcoU..u.
00000240:  9C 5F 07 E5 78 49 D8 82 FC 3E FD 8F BC 00 F3 33  ._..xI...>.....3
00000250:  FE B9 A1 F3 84 06 9B 23 A7 C9 86 8C A9 0E D8 52  .......#.......R
00000260:  04 0B FD 8C BD E4 9A 3D 23 EB DE C9 66 32 4F DE  .......=#...f2O.
00000270:  14 FB 87 41 7F C4 FB 79 1D E4 22 D6 0F DE 06 40  ...A...y.."....@
00000280:  86 94 C5 4B FC 1B 57 F2 F4 A1 A1 79 80 D4 C5 33  ...K..W....y...3
00000290:  21 38 2B 8E 35 6C 8F 6D A5 76 93 D5 2B 1E E8 26  !8+.5l.m.v..+..&
000002A0:  D9 91 AD A6 31 B7 A2 3E 78 AC 45 0D 52 49 72 DE  ....1..>x.E.RIr.
000002B0:  E6 C0 EC 65 C9 D6 4A 97 6E 16 E0 AC 95 C3 C5 A7  ...e..J.n.......
000002C0:  92 4E 41 51 0F 5C 32 8E 1F E7 0A 48 80 BA C1 88  .NAQ.\2....H....
000002D0:  73 29 B1 D0 13 37 B7 6A FC 6F 2E 30 5D 3E 7E 77  s)...7.j.o.0]>~w
000002E0:  87 6E F4 80 39 78 00 21 DF 44 6D 00 3F 39 17 2E  .n..9x.!.Dm.?9..
000002F0:  F1 C2 58 6B 8A 27 2F 9C 90 B0 4C C9 C4 F7 16 A5  ..Xk.'/...L.....
00000300:  E7 0F CD 3F 17 24 26 B8 7F DE 7C 8B 1C 02 1B B6  ...?.$&...|.....
00000310:  90 D7 F3 5E A9 39 6C 3B 92 BB 33 73 F3 53 7E E9  ...^.9l;..3s.S~.
00000320:  2F A2 48 8D 0F B9 23 FC 49 97 4F 8C 5C 14 FF 27  /.H...#.I.O.\..'
00000330:  64 D8 FF 74 D2 C3 B8 C8 5E A1 54 3C 16 70 C2 73  d..t....^.T<.p.s
00000340:  7F D3 5D 88 A2 E6 6A 90 56 A4 9F 1F 8C D0 EF 2F  ..]...j.V....../
00000350:  8B 22 55 CF 7E E6 B8 C8 5E A1 54 3C 16 70 C2 73  ."U.~...^.T<.p.s
00000360:  7F D3 5D 88 A2 E6 C1 DC F1 19 25 5E 14 AC C7 D8  ..].......%^....
00000370:  DE 47 6B 6B FF FB 00 00 00 00 00 00 00 00 00 00  .Gkk............
00000380:  00 00 00 00 00 00 00 00 00 00 00 00 00 00 00 00  ................ [zeros]
00000390:  00 00 00 00 00 00 00 00 00 00 00 00 00 00 00 00  ................ [zeros]
000003A0:  00 00 00 00 00 00 00 00 00 00 00 00 00 00 00 00  ................ [zeros]
000003B0:  00 00 00 00 00 00 00 00 00 00 00 00 00 00 00 00  ................ [zeros]
000003C0:  00 00 00 00 00 00 00 00 00 00 00 00 00 00 00 00  ................ [zeros]
000003D0:  00 00 00 00 00 00 00 00 00 00 00 00 00 00 00 00  ................ [zeros]
000003E0:  00 00 00 00 00 00 00 00 00 00 00 00 00 00 00 00  ................ [zeros]
000003F0:  00 00 00 00 00 00 00 00 00 00 00 00 00 00 00 00  ................ [zeros]
00000400:  00 00 00 00 00 00 00 00 00 00 00 00 00 00 00 00  ................ [zeros]
00000410:  00 00 00 00 00 00 00 00 00 00 00 00 00 00 00 00  ................ [zeros]
00000420:  00 00 00 00 00 00 00 00 00 00 00 00 00 00 00 00  ................ [zeros]
00000430:  00 00 00 00 00 00 00 00 00 00 00 00 00 00 00 00  ................ [zeros]
00000440:  00 00 00 00 00 00 00 00 00 00 00 00 00 00 00 00  ................ [zeros]
00000450:  00 00 00 00 00 00 00 00 00 00 00 00 00 00 00 00  ................ [zeros]
00000460:  00 00 00 00 00 00 00 00 00 00 00 00 00 00 00 00  ................ [zeros]
00000470:  00 00 00 00 00 00 00 00 00 00 00 00 00 00 00 00  ................ [zeros]
00000480:  00 00 00 00 00 00 00 00 00 00 00 00 00 00 00 00  ................ [zeros]
00000490:  00 00 00 00 00 00 00 00 00 00 00 00 00 00 00 00  ................ [zeros]
000004A0:  00 00 00 00 00 00 00 00 00 00 00 00 00 00 00 00  ................ [zeros]
000004B0:  00 00 00 00 00 00 00 00 00 00 00 00 00 00 00 00  ................ [zeros]
000004C0:  00 00 00 00 00 00 00 00 00 00 00 00 00 00 00 00  ................ [zeros]
000004D0:  00 00 00 00 00 00 00 00 00 00 00 00 00 00 00 00  ................ [zeros]
000004E0:  00 00 00 00 00 00 00 00 00 00 00 00 00 00 00 00  ................ [zeros]
000004F0:  00 00 00 00 00 00 00 00 00 00 00 00 00 00 00 00  ................ [zeros]
00000500:  00 00 00 00 00 00 14 CA 1D F9 FC 89 A7 73 3A 4D  .............s:M
00000510:  D1 F7 DE A6 B2 16 46 22 0F 64 73 E0 D6 92 B8 80  ......F".ds.....
00000520:  A6 ED B2 C8 50 26 92 C1 58 A8 0F 41 C7 53 0D 8C  ....P&..X..A.S..
00000530:  FC D1 0B 8D 05 43 E3 01 B2 A5 FC CD E8 49 BD 19  .....C.......I..
00000540:  45 C6 72 5A BD EA 42 49 75 61 94 07 00 18 2B 9C  E.rZ..BIua....+.
00000550:  AF 44 A9 B1 E3 64 AD 0F 4E 05 AF 12 01 71 CF F6  .D...d..N....q..
00000560:  9C 07 0A B1 E8 15 C3 E1 E3 9D 60 03 F7 37 45 5F  ..........`..7E_
00000570:  C8 2F C4 7B 84 FA A3 FE 48 25 B6 E6 D6 84 8A 33  ./.{....H%.....3
00000580:  7A 71 AD 77 70 FB 60 9D 1D 14 99 74 8A B5 AD 7F  zq.wp.`....t....
00000590:  7E 35 45 7B 9A 50 7C 94 27 2F 3C DD 77 F6 D0 30  ~5E{.P|.'/<.w..0
000005A0:  CF 22 07 1C AE F0 71 F9 3E E1 4D D4 0A 97 16 26  ."....q.>.M....&
000005B0:  84 84 87 6A F4 2D C7 0F C7 B3 03 82 4B 41 4F 55  ...j.-......KAOU
000005C0:  FD 8F E0 69 49 6A 6F 13 C8 87 80 26 88 A3 03 4A  ...iIjo....&...J
000005D0:  EC 53 B6 12 8A 98 B9 BD 73 00 1C 15 AA 19 36 1C  .S......s.....6.
000005E0:  47 AA F5 3C 93 FF 1A 71 B2 60 BB C6 39 39 6D 6D  G..<...q.`..99mm
000005F0:  C5 14 64 FF 0F B1 30 8A 6B F4 78 8F 57 9C 79 15  ..d...0.k.x.W.y.
00000600:  5C 76 67 06 23 54 A3 1C CD DF BA 37 84 83 CC 51  \vg.#T.....7...Q
00000610:  0E 01 58 41 70 51 97 F7 23 3C BA BF 14 44 6B 32  ..XApQ..#<...Dk2
00000620:  F3 9E A8 08 2D FD 61 F9 1F 86 38 7A FF C2 8A 6D  ....-.a...8z...m
00000630:  D7 95 9F 14 FD A2 C7 85 A4 4E 89 A2 CF 0E EC 5F  .........N....._
00000640:  C5 A2 A4 5D F3 21 8B A4 A6 8F 53 B2 0A A9 A0 88  ...].!....S.....
00000650:  4D 87 23 61 27 BD 7D 0E D9 47 C6 0B DB 50 52 86  M.#a'.}..G...PR.
00000660:  75 B8 C4 70 F2 3D FF 22 A7 E9 55 AF DC 9B EE F4  u..p.=."..U.....
00000670:  EC 17 CE A0 00 B2 95 34 46 F0 91 93 64 9E 0D 1D  .......4F...d...
00000680:  63 0E 54 E5 C6 70 86 16 A2 6B C7 AC 4B 13 48 6B  c.T..p...k..K.Hk
00000690:  CC 3D 42 93 17 65 76 85 24 BE 7A 38 BA CB CC 4B  .=B..ev.$.z8...K
000006A0:  5A 54 07 68 DD 86 C2 4F A8 CC 7D 94 9B BB 31 75  ZT.h...O..}...1u
000006B0:  F2 7C EF 81 79 D6 EE 60 24 7D C2 7A 5E 49 60 5A  .|..y..`$}.z^I`Z
000006C0:  08 BE 35 09 69 18 10 43 E5 19 0E 48 97 61 34 94  ..5.i..C...H.a4.
000006D0:  ED 1C DD 67 64 D2 D5 AE 80 2A A6 6C 66 7B 7C DD  ...gd....*.lf{|.
000006E0:  72 F7 BE 16 32 34 9E 2F FF 22 A5 A5 A0 2C 4E 86  r...24./."...,N.
000006F0:  F4 B0 8C C5 37 79 1D 49 07 B5 55 5F 58 B7 43 DE  ....7y.I..U_X.C.
00000700:  F3 D4 61 30 33 E0 E0 D2 3F 5F 1D C2 C6 6E 42 6A  ..a03...?_...nBj
00000710:  EA 08 C6 1A BF 8B 7B 1D 98 45 58 BE 84 D7 5D B1  ......{..EX...].
00000720:  62 13 BD 9D D5 BB 5A 56 50 76 2C 06 8E 8D CD C8  b.....ZVPv,.....
00000730:  0C D0 E9 18 CC C8 FE 70 AA D8 32 20 23 B3 FF 8A  .......p..2 #...
00000740:  2F 6A F5 44 64 A7 B4 96 AC 3D 96 B2 46 66 EC D6  /j.Dd....=..Ff..
00000750:  C3 EE F5 CB D1 35 E7 D8 B9 7F 57 4D F0 A9 75 12  .....5....WM..u.
00000760:  E3 47 AB 04 3F A7 C7 D9 7A 8C 55 EF EC B9 67 0C  .G..?...z.U...g.
00000770:  EE 42 72 65 87 4A FA 7B B4 17 EA 24 D2 E6 25 41  .Bre.J.{...$..%A
00000780:  A9 00 21 C7 28 72 B7 EF 64 6D 8F 4A 0E 55 F3 56  ..!.(r..dm.J.U.V
00000790:  6E 6B 98 4A 38 51 AB 93 51 B2 1C 9B AD 95 DF 66  nk.J8Q..Q......f
000007A0:  95 A5 F2 5E 8E 6E 96 D1 8C C4 D4 62 73 13 B9 8B  ...^.n.....bs...
000007B0:  A6 C3 D5 AB CD 7B 95 A8 46 E6 71 9A 23 21 8D EE  .....{..F.q.#!..
000007C0:  1E A8 1B 72 79 72 36 98 90 A7 15 1E BA 4B 95 22  ...ryr6......K."
000007D0:  2E 6F 60 C7 39 E3 B9 26 B3 5E 99 7E 12 1C FB A4  .o`.9..&.^.~....
000007E0:  CC 4F C2 26 8B BE 84 0D 41 4A A5 15 01 C2 32 87  .O.&....AJ....2.
000007F0:  9A 7C 17 F8 60 78 EA C9 3B FA 12 50 C6 8C AD CA  .|..`x..;..P....
00000800:  32 A9 1B 88 D3 98 55 3F 5E CD 57 17 E0 B3 8D B7  2.....U?^.W.....
00000810:  BA 6B 91 EE 51 EE 13 27 5B 27 79 78 FE 48 E5 42  .k..Q..'['yx.H.B
00000820:  52 CA 8D 5E 6B 66 4E AE D0 9D 44 0B F5 0D EC 71  R..^kfN...D....q
00000830:  DB 27 E3 78 93 9D 8B FE 32 99 76 36 7B 28 BF AF  .'.x....2.v6{(..
00000840:  D1 09 06 60 BC 89 F1 99 EA 94 0C 92 80 69 A5 04  ...`.........i..
00000850:  98 6D 25 65 72 1B 62 68 4F D6 EA 30 FA DF 8C 35  .m%er.bhO..0...5
00000860:  39 B4 16 A9 6D BD A8 A4 AF F6 9E 9C E6 FA B2 D3  9...m...........
00000870:  3F C4 3D 77 F5 B7 78 ED 82 72 6E CD 93 87 C8 BB  ?.=w..x..rn.....
00000880:  EC 09 46 CA 84 8B 4C 16 13 83 A7 2E 1F 81 6A 81  ..F...L.......j.
00000890:  03 1B 01 EC 90 E1 84 FD 5F 03 5E 85 F7 05 43 DF  ........_.^...C.
000008A0:  4C 78 E4 55 E3 E3 E6 81 7F 82 D8 0B D5 20 C2 33  Lx.U......... .3
000008B0:  21 F7 20 02 55 BE C8 87 33 99 85 A2 03 D8 5A 34  !. .U...3.....Z4
000008C0:  E3 F2 65 D9 EA A6 E0 E1 88 AE 93 EE EB EF C6 8A  ..e.............
000008D0:  F8 04 E4 C5 B1 80 FC D3 1B 87 2F 84 CA 4C B2 82  ........../..L..
000008E0:  39 CE 67 80 88 28 28 EA CC 85 DD 30 16 15 AC EE  9.g..((....0....
000008F0:  6B E2 19 9C 7B 6E 7A 54 9C F8 39 55 71 E3 CB 08  k...{nzT..9Uq...
00000900:  5F 8C 6B 1B 6E 2C 43 79 4C 2B 3D 41 7F 4A FB 95  _.k.n,CyL+=A.J..
00000910:  FD B7 C7 3C FB 56 2D 47 F6 4B C8 DF 7B B6 0B 50  ...<.V-G.K..{..P
00000920:  88 03 D2 A4 2D 8D B6 41 9B E4 10 D2 2D 7E 8A EA  ....-..A....-~..
00000930:  F0 69 11 77 43 1E B0 C3 B4 4E 1F 09 55 AD EE D2  .i.wC....N..U...
00000940:  D2 3A 52 38 00 BC 20 92 89 AA A2 2B 56 6C 34 4D  .:R8.. ....+Vl4M
00000950:  71 38 A7 51 03 84 2F 52 DF FE 20 A3 95 C2 0A 5B  q8.Q../R.. ....[
00000960:  D5 18 01 FF C1 D7 81 D5 B9 44 AE 4C 7F 57 61 27  .........D.L.Wa'
00000970:  65 37 18 25 8E 1E 53 ED 9D D9 D6 4A 49 F2 76 88  e7.%..S....JI.v.
00000980:  5B 0E 8A E1 E5 11 1B 5B 00 4A 8D 9A C5 D8 CA 66  [......[.J.....f
00000990:  A8 F7 AE 93 51 8A 12 30 0C 79 E5 38 38 B9 E3 C0  ....Q..0.y.88...
000009A0:  87 6A D0 3E 10 06 F2 05 36 8E 3E 42 FC 69 33 80  .j.>....6.>B.i3.
000009B0:  29 A5 FF DC FC C8 BB 1D 2D E8 DD C1 F1 81 CF C7  ).......-.......
000009C0:  5F 12 DA 6C 52 EC D3 33 55 92 6A 07 35 52 0E 3D  _..lR..3U.j.5R.=
000009D0:  9C 27 2D 6B A2 AC 24 E3 B6 7C 25 7A CB 2A D9 06  .'-k..$..|%z.*..
000009E0:  78 9A E9 E0 DD 2B 14 7C DE AC C0 CE 4B F3 A5 8B  x....+.|....K...
000009F0:  83 B2 67 5C A4 1A 88 20 B5 1D 9F 48 9A B4 8F EE  ..g\... ...H....
00000A00:  9C BE 82 76 D5 75 C0 AB 86 C4 98 E1 28 7F B8 DC  ...v.u......(...
00000A10:  64 FE 4C F6 8C 9C 75 5B 30 49 81 F8 BA 21 16 49  d.L...u[0I...!.I
00000A20:  F4 33 A3 50 17 F4 4B FC 65 8C C3 59 E7 32 30 F1  .3.P..K.e..Y.20.
00000A30:  15 D2 F3 DD A0 85 1C 91 06 CF 19 80 90 D5 37 CA  ..............7.
00000A40:  01 00 C9 8E AE 8D C0 80 12 8E 4B 47 F9 BA 7D 4E  ..........KG..}N
00000A50:  69 69 40 E6 17 1D 09 CA 7D 1C 20 15 62 A1 1C DF  ii@.....}. .b...
00000A60:  69 DE A4 88 4A 48 47 BB 3F F1 74 DB 87 82 4B 13  i...JHG.?.t...K.
00000A70:  DB 2C 41 8F F5 E1 00 00 00 00 00 00 00 00 00 00  .,A.............
00000A80:  00 00 00 00 00 00 00 00 00 00 00 00 00 00 00 00  ................ [zeros]
00000A90:  00 00 00 00 00 00 00 00 00 00 00 00 00 00 00 00  ................ [zeros]
00000AA0:  00 00 00 00 00 00 00 00 00 00 00 00 00 00 00 00  ................ [zeros]
00000AB0:  00 00 00 00 00 00 00 00 00 00 00 00 00 00 00 00  ................ [zeros]
00000AC0:  00 00 00 00 00 00 00 00 00 00 00 00 00 00 00 00  ................ [zeros]
00000AD0:  00 00 00 00 00 00 00 00 00 00 00 00 00 00 00 00  ................ [zeros]
00000AE0:  00 00 00 00 00 00 00 00 00 00 00 00 00 00 00 00  ................ [zeros]
00000AF0:  00 00 00 00 00 00 00 00 00 00 00 00 00 00 00 00  ................ [zeros]
00000B00:  00 00 00 00 00 00 00 00 00 00 00 00 00 00 00 00  ................ [zeros]
00000B10:  00 00 00 00 00 00 00 00 00 00 00 00 00 00 00 00  ................ [zeros]
00000B20:  00 00 00 00 00 00 00 00 00 00 00 00 00 00 00 00  ................ [zeros]
00000B30:  00 00 00 00 00 00 00 00 00 00 00 00 00 00 00 00  ................ [zeros]
00000B40:  00 00 00 00 00 00 00 00 00 00 00 00 00 00 00 00  ................ [zeros]
00000B50:  00 00 00 00 00 00 00 00 00 00 00 00 00 00 00 00  ................ [zeros]
00000B60:  00 00 00 00 00 00 00 00 00 00 00 00 00 00 00 00  ................ [zeros]
00000B70:  00 00 00 00 00 00 00 00 00 00 00 00 00 00 00 00  ................ [zeros]
00000B80:  00 00 00 00 00 00 00 00 00 00 00 00 00 00 00 00  ................ [zeros]
00000B90:  00 00 00 00 00 00 00 00 00 00 00 00 00 00 00 00  ................ [zeros]
00000BA0:  00 00 00 00 00 00 00 00 00 00 00 00 00 00 00 00  ................ [zeros]
00000BB0:  00 00 00 00 00 00 00 00 00 00 00 00 00 00 00 00  ................ [zeros]
00000BC0:  00 00 00 00 00 00 00 00 00 00 00 00 00 00 00 00  ................ [zeros]
00000BD0:  00 00 00 00 00 00 00 00 00 00 00 00 00 00 00 00  ................ [zeros]
00000BE0:  00 00 00 00 00 00 00 00 00 00 00 00 00 00 00 00  ................ [zeros]
00000BF0:  00 00 00 00 00 00 00 00 00 00 00 00 00 00 00 00  ................ [zeros]
00000C00:  00 00 00 00 00 00 00 00 00 00 00 00 00 00 00 00  ................ [zeros]
00000C10:  00 00 00 00 00 00 00 00 00 00 00 00 00 00 00 00  ................ [zeros]
00000C20:  00 00 00 00 00 00 00 00 00 00 00 00 00 00 00 00  ................ [zeros]
00000C30:  00 00 00 00 00 00 00 00 00 00 00 00 00 00 00 00  ................ [zeros]
00000C40:  00 00 00 00 00 00 00 00 00 00 00 00 00 00 00 00  ................ [zeros]
00000C50:  00 00 00 00 00 00 00 00 00 00 00 00 00 00 00 00  ................ [zeros]
00000C60:  00 00 00 00 00 00 00 00 00 00 00 00 00 00 00 00  ................ [zeros]
00000C70:  00 00 00 00 00 00 00 00 00 00 00 00 00 00 00 00  ................ [zeros]
00000C80:  00 00 00 00 00 00 00 00 00 00 00 00 00 00 00 00  ................ [zeros]
00000C90:  00 00 00 00 00 00 00 00 00 00 00 00 00 00 00 00  ................ [zeros]
00000CA0:  00 00 00 00 00 00 00 00 00 00 00 00 00 00 00 00  ................ [zeros]
00000CB0:  00 00 00 00 00 00 00 00 00 00 00 00 00 00 00 00  ................ [zeros]
00000CC0:  00 00 00 00 00 00 00 00 00 00 00 00 00 00 00 00  ................ [zeros]
00000CD0:  00 00 00 00 00 00 00 00 00 00 00 00 00 00 00 00  ................ [zeros]
00000CE0:  00 00 00 00 00 00 00 00 00 00 00 00 00 00 00 00  ................ [zeros]
00000CF0:  00 00 00 00 00 00 00 00 00 00 00 00 00 00 00 00  ................ [zeros]
00000D00:  00 00 00 00 00 00 00 00 00 00 00 00 00 00 00 00  ................ [zeros]
00000D10:  00 00 00 00 00 00 00 00 00 00 00 00 00 00 00 00  ................ [zeros]
00000D20:  00 00 00 00 00 00 00 00 00 00 00 00 00 00 00 00  ................ [zeros]
00000D30:  00 00 00 00 00 00 00 00 00 00 00 00 00 00 00 00  ................ [zeros]
00000D40:  00 00 00 00 00 00 00 00 00 00 00 00 00 00 00 00  ................ [zeros]
00000D50:  00 00 00 00 00 00 00 00 00 00 00 00 00 00 00 00  ................ [zeros]
00000D60:  00 00 00 00 00 00 00 00 00 00 00 00 00 00 00 00  ................ [zeros]
00000D70:  00 00 00 00 00 00 00 00 00 00 00 00 00 00 00 00  ................ [zeros]
00000D80:  00 00 00 00 00 00 00 00 00 00 00 00 00 00 00 00  ................ [zeros]
00000D90:  00 00 00 00 00 00 00 00 00 00 00 00 00 00 00 00  ................ [zeros]
00000DA0:  00 00 00 00 00 00 00 00 00 00 00 00 00 00 00 00  ................ [zeros]
00000DB0:  00 00 00 00 00 00 00 00 00 00 00 00 00 00 00 00  ................ [zeros]
00000DC0:  00 00 00 00 00 00 00 00 00 00 00 00 00 00 00 00  ................ [zeros]
00000DD0:  00 00 00 00 00 00 00 00 00 00 00 00 00 00 00 00  ................ [zeros]
00000DE0:  00 00 00 00 00 00 00 00 00 00 00 00 00 00 00 00  ................ [zeros]
00000DF0:  00 00 00 00 00 00 00 00 00 00 00 00 00 00 00 00  ................ [zeros]
00000E00:  00 00 00 00 00 00 00 00 00 00 00 00 00 00 00 00  ................ [zeros]
00000E10:  00 00 00 00 00 00 00 00 00 00 00 00 00 00 00 00  ................ [zeros]
00000E20:  00 00 00 00 00 00 00 00 00 00 00 00 00 00 00 00  ................ [zeros]
00000E30:  00 00 00 00 00 00 00 00 00 00 00 00 00 00 00 00  ................ [zeros]
00000E40:  00 00 00 00 00 00 00 00 00 00 00 00 00 00 00 00  ................ [zeros]
00000E50:  00 00 00 00 00 00 00 00 00 00 00 00 00 00 00 00  ................ [zeros]
00000E60:  00 00 00 00 00 00 00 00 00 00 00 00 00 00 00 00  ................ [zeros]
00000E70:  00 00 00 00 00 00 64 4E 37 9A 33 0D 82 AD A0 5C  ......dN7.3....\
00000E80:  69 B3 9C 1C 4C B3 00 00 00 00 00 00 00 00 00 00  i...L...........
00000E90:  00 00 00 00 00 00 00 00 00 00 00 00 00 00 00 00  ................ [zeros]
00000EA0:  00 00 00 00 00 00 00 00 00 00 00 00 00 00 00 00  ................ [zeros]
00000EB0:  00 00 00 00 00 00 00 00 00 00 00 00 00 00 00 00  ................ [zeros]
00000EC0:  00 00 00 00 00 00 00 00 00 00 00 00 00 00 00 00  ................ [zeros]
00000ED0:  00 00 00 00 00 00 00 00 00 00 00 00 00 00 00 00  ................ [zeros]
00000EE0:  00 00 00 00 00 00 00 00 00 00 00 00 00 00 00 00  ................ [zeros]
00000EF0:  00 00 00 00 00 00 00 00 00 00 00 00 00 00 00 00  ................ [zeros]
00000F00:  00 00 00 00 00 00 00 00 00 00 00 00 00 00 00 00  ................ [zeros]
00000F10:  00 00 00 00 00 00 00 00 00 00 00 00 00 00 00 00  ................ [zeros]
00000F20:  00 00 00 00 00 00 00 00 00 00 00 00 00 00 00 00  ................ [zeros]
00000F30:  00 00 00 00 00 00 00 00 00 00 00 00 00 00 00 00  ................ [zeros]
00000F40:  00 00 00 00 00 00 00 00 00 00 00 00 00 00 00 00  ................ [zeros]
00000F50:  00 00 00 00 00 00 00 00 00 00 00 00 00 00 00 00  ................ [zeros]
00000F60:  00 00 00 00 00 00 00 00 00 00 00 00 00 00 00 00  ................ [zeros]
00000F70:  00 00 00 00 00 00 00 00 00 00 00 00 00 00 00 00  ................ [zeros]
00000F80:  00 00 00 00 00 00 00 00 00 00 00 00 00 00 00 00  ................ [zeros]
00000F90:  00 00 00 00 00 00 00 00 00 00 00 00 00 00 00 00  ................ [zeros]
00000FA0:  00 00 00 00 00 00 00 00 00 00 00 00 00 00 00 00  ................ [zeros]
00000FB0:  00 00 00 00 00 00 00 00 00 00 00 00 00 00 00 00  ................ [zeros]
00000FC0:  00 00 00 00 00 00 00 00 00 00 00 00 00 00 00 00  ................ [zeros]
00000FD0:  00 00 00 00 00 00 00 00 00 00 00 00 00 00 00 00  ................ [zeros]
00000FE0:  00 00 00 00 00 00 00 00 00 00 00 00 00 00 00 00  ................ [zeros]
00000FF0:  00 00 00 00 00 00 00 00 00 00 00 00 00 00 00 00  ................ [zeros]
00001000:  00 00 00 00 00 00 00 00 00 00 00 00 00 00 00 00  ................ [zeros]
00001010:  00 00 00 00 00 00 00 00 00 00 00 00 00 00 00 00  ................ [zeros]
00001020:  00 00 00 00 00 00 00 00 00 00 00 00 00 00 00 00  ................ [zeros]
00001030:  00 00 00 00 00 00 00 00 00 00 00 00 00 00 00 00  ................ [zeros]
00001040:  00 00 00 00 00 00 00 00 00 00 00 00 00 00 00 00  ................ [zeros]
00001050:  00 00 00 00 00 00 00 00 00 00 00 00 00 00 00 00  ................ [zeros]
00001060:  00 00 00 00 00 00 00 00 00 00 00 00 00 00 00 00  ................ [zeros]
00001070:  00 00 00 00 00 00 00 00 00 00 00 00 00 00 00 00  ................ [zeros]
00001080:  00 00 00 00 00 00 00 00 00 00 00 00 00 00 00 00  ................ [zeros]
00001090:  00 00 00 00 00 00 00 00 00 00 00 00 00 00 00 00  ................ [zeros]
000010A0:  00 00 00 00 00 00 00 00 00 00 00 00 00 00 00 00  ................ [zeros]
000010B0:  00 00 00 00 00 00 00 00 00 00 00 00 00 00 00 00  ................ [zeros]
000010C0:  00 00 00 00 00 00 00 00 00 00 00 00 00 00 00 00  ................ [zeros]
000010D0:  00 00 00 00 00 00 00 00 00 00 00 00 00 00 00 00  ................ [zeros]
000010E0:  00 00 00 00 00 00 00 00 00 00 00 00 00 00 00 00  ................ [zeros]
000010F0:  00 00 00 00 00 00 00 00 00 00 00 00 00 00 00 00  ................ [zeros]
00001100:  00 00 00 00 00 00 00 00 00 00 00 00 00 00 00 00  ................ [zeros]
00001110:  00 00 00 00 00 00 00 00 00 00 00 00 00 00 00 00  ................ [zeros]
00001120:  00 00 00 00 00 00 00 00 00 00 00 00 00 00 00 00  ................ [zeros]
00001130:  00 00 00 00 00 00 00 00 00 00 00 00 00 00 00 00  ................ [zeros]
00001140:  00 00 00 00 00 00 00 00 00 00 00 00 00 00 00 00  ................ [zeros]
00001150:  00 00 00 00 00 00 00 00 00 00 00 00 00 00 00 00  ................ [zeros]
00001160:  00 00 00 00 00 00 00 00 00 00 00 00 00 00 00 00  ................ [zeros]
00001170:  00 00 00 00 00 00 00 00 00 00 00 00 00 00 00 00  ................ [zeros]
00001180:  00 00 00 00 00 00 00 00 00 00 00 00 00 00 00 00  ................ [zeros]
00001190:  00 00 00 00 00 00 00 00 00 00 00 00 00 00 00 00  ................ [zeros]
000011A0:  00 00 00 00 00 00 00 00 00 00 00 00 00 00 00 00  ................ [zeros]
000011B0:  00 00 00 00 00 00 00 00 00 00 00 00 00 00 00 00  ................ [zeros]
000011C0:  00 00 00 00 00 00 00 00 00 00 00 00 00 00 00 00  ................ [zeros]
000011D0:  00 00 00 00 00 00 00 00 00 00 00 00 00 00 00 00  ................ [zeros]
000011E0:  00 00 00 00 00 00 00 00 00 00 00 00 00 00 00 00  ................ [zeros]
000011F0:  00 00 00 00 00 00 00 00 00 00 00 00 00 00 00 00  ................ [zeros]
00001200:  00 00 00 00 00 00 00 00 00 00 00 00 00 00 00 00  ................ [zeros]
00001210:  00 00 00 00 00 00 00 00 00 00 00 00 00 00 00 00  ................ [zeros]
00001220:  00 00 00 00 00 00 00 00 00 00 00 00 00 00 00 00  ................ [zeros]
00001230:  00 00 00 00 00 00 00 00 00 00 00 00 00 00 00 00  ................ [zeros]
00001240:  00 00 00 00 00 00 00 00 00 00 00 00 00 00 00 00  ................ [zeros]
00001250:  00 00 00 00 00 00 00 00 00 00 00 00 00 00 00 00  ................ [zeros]
00001260:  00 00 00 00 00 00 00 00 00 00 00 00 00 00 00 00  ................ [zeros]
00001270:  00 00 00 00 00 00 ED 18 F4 14 DF C2 42 E1 D5 BC  ............B...
00001280:  2C D4 36 40 BF 7D 00 00 00 00 00 00 00 00 00 00  ,.6@.}..........
00001290:  00 00 00 00 00 00 00 00 00 00 00 00 00 00 00 00  ................ [zeros]
000012A0:  00 00 00 00 00 00 00 00 00 00 00 00 00 00 00 00  ................ [zeros]
000012B0:  00 00 00 00 00 00 00 00 00 00 00 00 00 00 00 00  ................ [zeros]
000012C0:  00 00 00 00 00 00 00 00 00 00 00 00 00 00 00 00  ................ [zeros]
000012D0:  00 00 00 00 00 00 00 00 00 00 00 00 00 00 00 00  ................ [zeros]
000012E0:  00 00 00 00 00 00 00 00 00 00 00 00 00 00 00 00  ................ [zeros]
000012F0:  00 00 00 00 00 00 00 00 00 00 00 00 00 00 00 00  ................ [zeros]
00001300:  00 00 00 00 00 00 00 00 00 00 00 00 00 00 00 00  ................ [zeros]
00001310:  00 00 00 00 00 00 00 00 00 00 00 00 00 00 00 00  ................ [zeros]
00001320:  00 00 00 00 00 00 00 00 00 00 00 00 00 00 00 00  ................ [zeros]
00001330:  00 00 00 00 00 00 00 00 00 00 00 00 00 00 00 00  ................ [zeros]
00001340:  00 00 00 00 00 00 00 00 00 00 00 00 00 00 00 00  ................ [zeros]
00001350:  00 00 00 00 00 00 00 00 00 00 00 00 00 00 00 00  ................ [zeros]
00001360:  00 00 00 00 00 00 00 00 00 00 00 00 00 00 00 00  ................ [zeros]
00001370:  00 00 00 00 00 00 00 00 00 00 00 00 00 00 00 00  ................ [zeros]
00001380:  00 00 00 00 00 00 00 00 00 00 00 00 00 00 00 00  ................ [zeros]
00001390:  00 00 00 00 00 00 00 00 00 00 00 00 00 00 00 00  ................ [zeros]
000013A0:  00 00 00 00 00 00 00 00 00 00 00 00 00 00 00 00  ................ [zeros]
000013B0:  00 00 00 00 00 00 00 00 00 00 00 00 00 00 00 00  ................ [zeros]
000013C0:  00 00 00 00 00 00 00 00 00 00 00 00 00 00 00 00  ................ [zeros]
000013D0:  00 00 00 00 00 00 00 00 00 00 00 00 00 00 00 00  ................ [zeros]
000013E0:  00 00 00 00 00 00 00 00 00 00 00 00 00 00 00 00  ................ [zeros]
000013F0:  00 00 00 00 00 00 00 00 00 00 00 00 00 00 00 00  ................ [zeros]
00001400:  00 00 00 00 00 00 00 00 00 00 00 00 00 00 00 00  ................ [zeros]
00001410:  00 00 00 00 00 00 00 00 00 00 00 00 00 00 00 00  ................ [zeros]
00001420:  00 00 00 00 00 00 00 00 00 00 00 00 00 00 00 00  ................ [zeros]
00001430:  00 00 00 00 00 00 00 00 00 00 00 00 00 00 00 00  ................ [zeros]
00001440:  00 00 00 00 00 00 00 00 00 00 00 00 00 00 00 00  ................ [zeros]
00001450:  00 00 00 00 00 00 00 00 00 00 00 00 00 00 00 00  ................ [zeros]
00001460:  00 00 00 00 00 00 00 00 00 00 00 00 00 00 00 00  ................ [zeros]
00001470:  00 00 00 00 00 00 00 00 00 00 00 00 00 00 00 00  ................ [zeros]
00001480:  00 00 00 00 00 00 00 00 00 00 00 00 00 00 00 00  ................ [zeros]
00001490:  00 00 00 00 00 00 00 00 00 00 00 00 00 00 00 00  ................ [zeros]
000014A0:  00 00 00 00 00 00 00 00 00 00 00 00 00 00 00 00  ................ [zeros]
000014B0:  00 00 00 00 00 00 00 00 00 00 00 00 00 00 00 00  ................ [zeros]
000014C0:  00 00 00 00 00 00 00 00 00 00 00 00 00 00 00 00  ................ [zeros]
000014D0:  00 00 00 00 00 00 00 00 00 00 00 00 00 00 00 00  ................ [zeros]
000014E0:  00 00 00 00 00 00 00 00 00 00 00 00 00 00 00 00  ................ [zeros]
000014F0:  00 00 00 00 00 00 00 00 00 00 00 00 00 00 00 00  ................ [zeros]
00001500:  00 00 00 00 00 00 00 00 00 00 00 00 00 00 00 00  ................ [zeros]
00001510:  00 00 00 00 00 00 00 00 00 00 00 00 00 00 00 00  ................ [zeros]
00001520:  00 00 00 00 00 00 00 00 00 00 00 00 00 00 00 00  ................ [zeros]
00001530:  00 00 00 00 00 00 00 00 00 00 00 00 00 00 00 00  ................ [zeros]
00001540:  00 00 00 00 00 00 00 00 00 00 00 00 00 00 00 00  ................ [zeros]
00001550:  00 00 00 00 00 00 00 00 00 00 00 00 00 00 00 00  ................ [zeros]
00001560:  00 00 00 00 00 00 00 00 00 00 00 00 00 00 00 00  ................ [zeros]
00001570:  00 00 00 00 00 00 00 00 00 00 00 00 00 00 00 00  ................ [zeros]
00001580:  00 00 00 00 00 00 00 00 00 00 00 00 00 00 00 00  ................ [zeros]
00001590:  00 00 00 00 00 00 00 00 00 00 00 00 00 00 00 00  ................ [zeros]
000015A0:  00 00 00 00 00 00 00 00 00 00 00 00 00 00 00 00  ................ [zeros]
000015B0:  00 00 00 00 00 00 00 00 00 00 00 00 00 00 00 00  ................ [zeros]
000015C0:  00 00 00 00 00 00 00 00 00 00 00 00 00 00 00 00  ................ [zeros]
000015D0:  00 00 00 00 00 00 00 00 00 00 00 00 00 00 00 00  ................ [zeros]
000015E0:  00 00 00 00 00 00 00 00 00 00 00 00 00 00 00 00  ................ [zeros]
000015F0:  00 00 00 00 00 00 00 00 00 00 00 00 00 00 00 00  ................ [zeros]
00001600:  00 00 00 00 00 00 00 00 00 00 00 00 00 00 00 00  ................ [zeros]
00001610:  00 00 00 00 00 00 00 00 00 00 00 00 00 00 00 00  ................ [zeros]
00001620:  00 00 00 00 00 00 00 00 00 00 00 00 00 00 00 00  ................ [zeros]
00001630:  00 00 00 00 00 00 00 00 00 00 00 00 00 00 00 00  ................ [zeros]
00001640:  00 00 00 00 00 00 00 00 00 00 00 00 00 00 00 00  ................ [zeros]
00001650:  00 00 00 00 00 00 00 00 00 00 00 00 00 00 00 00  ................ [zeros]
00001660:  00 00 00 00 00 00 00 00 00 00 00 00 00 00 00 00  ................ [zeros]
00001670:  00 00 00 00 00 00 7F 6A 79 29 5F C3 8B 9B 0B 98  .......jy)_.....
00001680:  97 A9 14 C4 49 0E 00 00 00 00 00 00 00 00 00 00  ....I...........
00001690:  00 00 00 00 00 00 00 00 00 00 00 00 00 00 00 00  ................ [zeros]
000016A0:  00 00 00 00 00 00 00 00 00 00 00 00 00 00 00 00  ................ [zeros]
000016B0:  00 00 00 00 00 00 00 00 00 00 00 00 00 00 00 00  ................ [zeros]
000016C0:  00 00 00 00 00 00 00 00 00 00 00 00 00 00 00 00  ................ [zeros]
000016D0:  00 00 00 00 00 00 00 00 00 00 00 00 00 00 00 00  ................ [zeros]
000016E0:  00 00 00 00 00 00 00 00 00 00 00 00 00 00 00 00  ................ [zeros]
000016F0:  00 00 00 00 00 00 00 00 00 00 00 00 00 00 00 00  ................ [zeros]
00001700:  00 00 00 00 00 00 00 00 00 00 00 00 00 00 00 00  ................ [zeros]
00001710:  00 00 00 00 00 00 00 00 00 00 00 00 00 00 00 00  ................ [zeros]
00001720:  00 00 00 00 00 00 00 00 00 00 00 00 00 00 00 00  ................ [zeros]
00001730:  00 00 00 00 00 00 00 00 00 00 00 00 00 00 00 00  ................ [zeros]
00001740:  00 00 00 00 00 00 00 00 00 00 00 00 00 00 00 00  ................ [zeros]
00001750:  00 00 00 00 00 00 00 00 00 00 00 00 00 00 00 00  ................ [zeros]
00001760:  00 00 00 00 00 00 00 00 00 00 00 00 00 00 00 00  ................ [zeros]
00001770:  00 00 00 00 00 00 00 00 00 00 00 00 00 00 00 00  ................ [zeros]
00001780:  00 00 00 00 00 00 00 00 00 00 00 00 00 00 00 00  ................ [zeros]
00001790:  00 00 00 00 00 00 00 00 00 00 00 00 00 00 00 00  ................ [zeros]
000017A0:  00 00 00 00 00 00 00 00 00 00 00 00 00 00 00 00  ................ [zeros]
000017B0:  00 00 00 00 00 00 00 00 00 00 00 00 00 00 00 00  ................ [zeros]
000017C0:  00 00 00 00 00 00 00 00 00 00 00 00 00 00 00 00  ................ [zeros]
000017D0:  00 00 00 00 00 00 00 00 00 00 00 00 00 00 00 00  ................ [zeros]
000017E0:  00 00 00 00 00 00 00 00 00 00 00 00 00 00 00 00  ................ [zeros]
000017F0:  00 00 00 00 00 00 00 00 00 00 00 00 00 00 00 00  ................ [zeros]
00001800:  00 00 00 00 00 00 00 00 00 00 00 00 00 00 00 00  ................ [zeros]
00001810:  00 00 00 00 00 00 00 00 00 00 00 00 00 00 00 00  ................ [zeros]
00001820:  00 00 00 00 00 00 00 00 00 00 00 00 00 00 00 00  ................ [zeros]
00001830:  00 00 00 00 00 00 00 00 00 00 00 00 00 00 00 00  ................ [zeros]
00001840:  00 00 00 00 00 00 00 00 00 00 00 00 00 00 00 00  ................ [zeros]
00001850:  00 00 00 00 00 00 00 00 00 00 00 00 00 00 00 00  ................ [zeros]
00001860:  00 00 00 00 00 00 00 00 00 00 00 00 00 00 00 00  ................ [zeros]
00001870:  00 00 00 00 00 00 00 00 00 00 00 00 00 00 00 00  ................ [zeros]
00001880:  00 00 00 00 00 00 00 00 00 00 00 00 00 00 00 00  ................ [zeros]
00001890:  00 00 00 00 00 00 00 00 00 00 00 00 00 00 00 00  ................ [zeros]
000018A0:  00 00 00 00 00 00 00 00 00 00 00 00 00 00 00 00  ................ [zeros]
000018B0:  00 00 00 00 00 00 00 00 00 00 00 00 00 00 00 00  ................ [zeros]
000018C0:  00 00 00 00 00 00 00 00 00 00 00 00 00 00 00 00  ................ [zeros]
000018D0:  00 00 00 00 00 00 00 00 00 00 00 00 00 00 00 00  ................ [zeros]
000018E0:  00 00 00 00 00 00 00 00 00 00 00 00 00 00 00 00  ................ [zeros]
000018F0:  00 00 00 00 00 00 00 00 00 00 00 00 00 00 00 00  ................ [zeros]
00001900:  00 00 00 00 00 00 00 00 00 00 00 00 00 00 00 00  ................ [zeros]
00001910:  00 00 00 00 00 00 00 00 00 00 00 00 00 00 00 00  ................ [zeros]
00001920:  00 00 00 00 00 00 00 00 00 00 00 00 00 00 00 00  ................ [zeros]
00001930:  00 00 00 00 00 00 00 00 00 00 00 00 00 00 00 00  ................ [zeros]
00001940:  00 00 00 00 00 00 00 00 00 00 00 00 00 00 00 00  ................ [zeros]
00001950:  00 00 00 00 00 00 00 00 00 00 00 00 00 00 00 00  ................ [zeros]
00001960:  00 00 00 00 00 00 00 00 00 00 00 00 00 00 00 00  ................ [zeros]
00001970:  00 00 00 00 00 00 00 00 00 00 00 00 00 00 00 00  ................ [zeros]
00001980:  00 00 00 00 00 00 00 00 00 00 00 00 00 00 00 00  ................ [zeros]
00001990:  00 00 00 00 00 00 00 00 00 00 00 00 00 00 00 00  ................ [zeros]
000019A0:  00 00 00 00 00 00 00 00 00 00 00 00 00 00 00 00  ................ [zeros]
000019B0:  00 00 00 00 00 00 00 00 00 00 00 00 00 00 00 00  ................ [zeros]
000019C0:  00 00 00 00 00 00 00 00 00 00 00 00 00 00 00 00  ................ [zeros]
000019D0:  00 00 00 00 00 00 00 00 00 00 00 00 00 00 00 00  ................ [zeros]
000019E0:  00 00 00 00 00 00 00 00 00 00 00 00 00 00 00 00  ................ [zeros]
000019F0:  00 00 00 00 00 00 00 00 00 00 00 00 00 00 00 00  ................ [zeros]
00001A00:  00 00 00 00 00 00 00 00 00 00 00 00 00 00 00 00  ................ [zeros]
00001A10:  00 00 00 00 00 00 00 00 00 00 00 00 00 00 00 00  ................ [zeros]
00001A20:  00 00 00 00 00 00 00 00 00 00 00 00 00 00 00 00  ................ [zeros]
00001A30:  00 00 00 00 00 00 00 00 00 00 00 00 00 00 00 00  ................ [zeros]
00001A40:  00 00 00 00 00 00 00 00 00 00 00 00 00 00 00 00  ................ [zeros]
00001A50:  00 00 00 00 00 00 00 00 00 00 00 00 00 00 00 00  ................ [zeros]
00001A60:  00 00 00 00 00 00 00 00 00 00 00 00 00 00 00 00  ................ [zeros]
00001A70:  00 00 00 00 00 00 09 85 6E 5D 2F 23 EC E8 11 73  ........n]/#...s
00001A80:  D2 CF B7 9B C2 E4 5A 48 92 C5 D6 7D 65 AF 1E D3  ......ZH...}e...
00001A90:  E1 21 B2 E8 E5 72 16 C0 AF 61 95 D9 98 A1 60 4D  .!...r...a....`M
00001AA0:  1C 3D 91 61 FB 4F 5C 64 3E 9F 65 C7 0C 6B F0 7E  .=.a.O\d>.e..k.~
00001AB0:  4B 31 1E D2 73 5E AB BE FD F9 64 0A A5 D6 F1 3A  K1..s^....d....:
00001AC0:  6E 33 63 CB 85 F8 EA E4 97 3B 55 77 33 04 DB 8C  n3c......;Uw3...
00001AD0:  D7 0B BE 2E 3A EF DE 09 08 DE 96 DD 2B 18 8C 10  ....:.......+...
00001AE0:  0F BD A9 8B BC C8 D3 BB 73 37 20 4F AE FD 7D 83  ........s7 O..}.
00001AF0:  75 88 F5 41 6C 5D 18 E8 1B 21 EB 87 FB 90 B4 3E  u..Al]...!.....>
00001B00:  31 A7 D2 8C 3F 2F BF 88 C7 DF BE 73 F1 2D 79 3D  1...?/.....s.-y=
00001B10:  17 87 28 04 06 54 23 1F C9 3D D9 29 14 9E E5 21  ..(..T#..=.)...!
00001B20:  7C 48 79 C7 02 83 03 D8 52 5A E7 CC EB 95 F8 A6  |Hy.....RZ......
00001B30:  64 82 4C 3F 1A 7F CA 94 CA E4 D8 95 7E 5B 3D 3A  d.L?........~[=:
00001B40:  42 0D 7A 61 BC 5A BB D1 29 F2 77 D0 2D 0E 22 17  B.za.Z..).w.-.".
00001B50:  30 4D 12 91 55 32 0B D1 38 D6 5C 51 5D 7C A0 8F  0M..U2..8.\Q]|..
00001B60:  71 48 1E 83 67 24 D8 20 7F 1F E5 ED 74 90 77 85  qH..g$. ....t.w.
00001B70:  B9 0A EF 30 0F 40 3B D7 41 5A 69 68 49 C3 D4 73  ...0.@;.AZihI..s
00001B80:  D1 DF A1 A7 A7 BE BE 4D F9 24 31 94 FD 28 74 E3  .......M.$1..(t.
00001B90:  25 4A 72 97 83 0C 55 C0 02 78 E6 21 79 CE 45 0E  %Jr...U..x.!y.E.
00001BA0:  6E 6E 52 02 CF 03 67 21 ED FE 21 BD 03 6D 2A F2  nnR...g!..!..m*.
00001BB0:  D5 9F D2 AA 25 3C B5 31 F6 A3 44 55 71 9D FE 99  ....%<.1..DUq...
00001BC0:  8C F0 1C 64 58 DC 70 4D 76 C0 2F 5A 5F 3D EB F8  ...dX.pMv./Z_=..
00001BD0:  F6 6C 84 A5 D5 8F 75 83 57 74 76 28 A0 D0 F3 D1  .l....u.Wtv(....
00001BE0:  55 FB 5B 5B 3F CB 89 4E D6 5C A6 9C 52 32 87 E3  U.[[?..N.\..R2..
00001BF0:  A5 E5 05 01 AB 13 82 C4 D8 66 7C 4F 6D 6F E8 2E  .........f|Omo..
00001C00:  68 83 8A F4 F4 28 F0 76 8D 6C 2D E0 9A 46 EF 3D  h....(.v.l-..F.=
00001C10:  5A C9 38 39 54 CD 78 0A 21 D4 1F 1B F2 78 46 46  Z.89T.x.!....xFF
00001C20:  C3 9E 46 FC 7F 01 6A 44 F6 ED B3 3C 0A E9 BD 57  ..F...jD...<...W
00001C30:  8A 87 3A 3C 1F EC 0D C4 0A DF 24 37 CC 09 A4 A7  ..:<......$7....
00001C40:  49 0B AD 1B 36 78 B5 E5 36 06 E9 97 05 F8 F8 A6  I...6x..6.......
00001C50:  1A B3 5E DF E7 04 8F F5 79 E3 D6 97 AD 3F FC FD  ..^.....y....?..
00001C60:  3E BA FE 39 57 93 07 D7 7E 58 F7 F6 6F 16 4F 53  >..9W...~X..o.OS
00001C70:  3D BA 1C E5 87 A2 AF 8D 36 91 83 A4 A3 47 DA 37  =.......6....G.7
00001C80:  96 08 B3 8F 9B 8B F5 A8 83 5E BE 19 44 61 56 0D  .........^..DaV.
00001C90:  25 CD 47 38 25 4E 06 31 8B CA 44 A3 67 B9 D9 02  %.G8%N.1..D.g...
00001CA0:  93 D9 B0 1E D8 86 12 3F 8F 0C 5C EB A6 9D 7D EB  .......?..\...}.
00001CB0:  B7 4C 18 FB 9D E9 3F 71 4F BE 9C 89 92 74 2D 6D  .L....?qO....t-m
00001CC0:  4B 1F DE 7B FD 1A 59 33 9A 5E 95 8B 4C 99 ED 04  K..{..Y3.^..L...
00001CD0:  41 5F 5F C7 1D 2F B9 E9 80 CB B8 F2 0C 2A E9 8A  A__../.......*..
00001CE0:  8E 13 81 F7 2B CB B4 B0 FB 4C 7C 8B DB 74 6E 93  ....+....L|..tn.
00001CF0:  C5 ED 64 7E 1A E4 19 4F 85 E4 B2 9E 4E 89 8F FD  ..d~...O....N...
00001D00:  07 37 FD 25 BB FC 96 29 42 C8 2D 3F 6E 63 C8 99  .7.%...)B.-?nc..
00001D10:  E7 04 2E FA EA B1 1B 6A 8C FF B4 6D 3E 14 68 3B  .......j...m>.h;
00001D20:  25 01 E9 F4 97 32 C7 95 34 D1 EE 73 BC 91 E8 72  %....2..4..s...r
00001D30:  F6 6B 82 22 05 37 BE 4D F9 24 31 94 FD 28 74 E3  .k.".7.M.$1..(t.
00001D40:  25 4A 72 97 83 0C 36 5F E2 9B B2 DB CD A7 EB FD  %Jr...6_........
00001D50:  87 94 80 E6 3C 76 09 1A C5 7D A0 41 C9 E6 AF 81  ....<v...}.A....
00001D60:  BA 3F 02 5A BA A9 87 1E C5 C2 4A 33 38 6F 91 B4  .?.Z......J38o..
00001D70:  D8 8F 1D A6 A0 FF 45 B7 A3 D1 F9 6D C1 D4 D3 49  ......E....m...I
00001D80:  6B B8 0E 51 44 00 5C 71 31 2E AA 6C 4D 26 EE 4D  k..QD.\q1..lM&.M
00001D90:  78 1E 45 CB 37 BE A2 13 5D 68 C2 3F D7 C2 1E B0  x.E.7...]h.?....
00001DA0:  AE BB F6 E9 62 52 36 75 E8 73 A2 54 58 57 1F 72  ....bR6u.s.TXW.r
00001DB0:  FB 7F 60 79 25 89 F3 78 09 79 B2 8E 92 F8 AD 2C  ..`y%..x.y.....,
00001DC0:  C5 E0 16 AE D4 40 2C B9 48 CC 1E FC 13 F8 13 86  .....@,.H.......
00001DD0:  E2 3D 81 8D B6 10 E2 9D AC 8C BC CB 12 26 36 68  .=...........&6h
00001DE0:  39 E8 8E AB F3 E6 82 C4 D8 66 7C 4F 6D 6F E8 2E  9........f|Omo..
00001DF0:  68 83 8A F4 F4 28 E2 88 07 96 44 09 9A 40 CE FE  h....(....D..@..
00001E00:  2A B9 CC D5 DC 28 40 55 BD 31 99 B1 CE 0D F0 02  *....(@U.1......
00001E10:  EA D7 42 E4 7E 19 9A 8D 3C 29 C5 AE 8D 76 C9 D8  ..B.~...<)...v..
00001E20:  D1 EC 56 18 00 42 74 CF B0 90 C4 9C 1F 7F 69 D3  ..V..Bt.......i.
00001E30:  D4 A0 5F 9E CF D5 69 B9 E5 2F 43 8E 57 4C 8F 95  .._...i../C.WL..
00001E40:  9F 1F 39 23 AD 7F 3C 27 EC 3F 00 44 1A 18 65 4B  ..9#..<'.?.D..eK
00001E50:  DC 54 DD 2C 10 89 B7 56 C4 9D 4D FF AA 53 FC 54  .T.,...V..M..S.T
00001E60:  DD 94 9E CD 0F 1C 0E 8A 09 96 1B F1 B3 E2 CD 89  ................
00001E70:  FE 98 E3 6B 41 17 75 77 F6 50 84 EB D5 E3 67 EC  ...kA.uw.P....g.
00001E80:  27 DA 88 80 EA EB D5 8B 16 E6 B0 56 EE E1 B4 8A  '..........V....
00001E90:  7D 44 D1 5D 8E D4 DC 54 9E 5D 1D 70 0F 6F 23 BD  }D.]...T.].p.o#.
00001EA0:  37 87 1F 9E BF F2 B7 D2 69 EC EE 0F E0 5B FF B2  7.......i....[..
00001EB0:  A7 96 3A 0C 0E A3 12 36 1A AE 33 E9 7B 86 41 CC  ..:....6..3.{.A.
00001EC0:  44 B3 AC DF 3B 80 D7 22 B3 47 D6 98 33 43 42 E8  D...;..".G..3CB.
00001ED0:  45 B1 FC E3 71 E3 BF 88 C7 DF BE 73 F1 2D 79 3D  E...q......s.-y=
00001EE0:  17 87 28 04 06 54 23 1F C9 3D D9 29 14 9E E5 21  ..(..T#..=.)...!
00001EF0:  7C 48 79 C7 02 83 03 D8 52 5A E7 CC EB 95 F8 A6  |Hy.....RZ......
00001F00:  64 82 4C 3F 1A 7F CA 94 CA E4 D8 95 7E 5B 3D 3A  d.L?........~[=:
00001F10:  42 0D 7A 61 BC 5A 7C BA 19 21 67 57 8B 1F 80 D7  B.za.Z|..!gW....
00001F20:  18 06 94 2E 8D 2A B8 38 C5 3E FD BC BD DF 5F 31  .....*.8.>...._1
00001F30:  BE 78 BF B9 FE C6 6E 36 99 BC 4E 69 C3 82 51 FB  .x....n6..Ni..Q.
00001F40:  45 8C 40 42 D3 6F 48 A3 4D 8A FF 80 3B C1 F3 D9  E.@B.oH.M...;...
00001F50:  D2 40 EE 66 2E FD 0E 24 58 BC 34 54 3C 95 00 74  .@.f...$X.4T<..t
00001F60:  49 1F 9A E7 87 6C 33 D3 82 D4 A5 75 6F 15 33 1D  I....l3....uo.3.
00001F70:  A8 82 72 82 60 06 E1 51 50 EF 36 48 2B 54 A1 26  ..r.`..QP.6H+T.&
00001F80:  F1 FB F8 FC 5F C6 61 AB 53 CC 7F 9F 7D F6 E5 E6  ...._.a.S...}...
00001F90:  BE A9 9D AB 57 55 C0 B2 BF 6D 17 CC FE 06 D0 82  ....WU...m......
00001FA0:  BC 2C 95 FD E6 D2 69 3D A8 F7 0C 63 E2 F9 A7 FB  .,....i=...c....
00001FB0:  F4 1C 4D 4E 38 9B 56 C0 A1 5C 7C 59 51 26 0D 8A  ..MN8.V..\|YQ&..
00001FC0:  7A 59 85 75 82 D2 76 B3 80 DF B1 B9 22 21 40 A6  zY.u..v....."!@.
00001FD0:  EB 33 76 A2 D3 F1 6C 6B 1D 59 8F E4 3F 5F 3B F0  .3v...lk.Y..?_;.
00001FE0:  91 5C B9 AB 40 3C 81 D8 FF EA 38 80 8B 27 8F 66  .\..@<....8..'.f
00001FF0:  82 B3 F1 ED 0D BC AD EF 40 22 07 9D CA 9D 5B 6F  ........@"....[o
00002000:  5B 1E 3F 85 3D 10 DD 59 8F C5 06 2D 02 BE 42 17  [.?.=..Y...-..B.
00002010:  0A 5F 08 65 EA 45 A2 55 70 61 FE 90 44 87 6A E5  ._.e.E.Upa..D.j.
00002020:  72 36 54 F5 8C FB FD A1 43 D3 FE 53 93 D0 89 E9  r6T.....C..S....
00002030:  11 A4 66 29 68 6F 77 26 17 C9 88 BA 21 25 10 C1  ..f)how&....!%..
00002040:  81 23 E8 CF 09 31 AE 32 B7 D3 EF BB 90 6D 71 08  .#...1.2.....mq.
00002050:  80 50 55 38 9F 71 54 D0 A3 77 27 60 61 08 19 30  .PU8.qT..w'`a..0
00002060:  DD 09 A8 C5 52 D1 FC 5C 95 4B 5E 0D B4 0A EB E4  ....R..\.K^.....
00002070:  01 83 1B D3 49 12 22 7F 91 65 87 A7 84 DF C3 87  ....I."..e......
00002080:  9B 1F 96 B1 F1 8E 8E 98 15 D7 D3 E7 28 DA BC CB  ............(...
00002090:  0F 94 0A 82 C6 6E 01 CC C5 CE 66 C7 2A BC B2 04  .....n....f.*...
000020A0:  D9 BB 02 A2 E7 30 0B CD 52 E8 99 E5 DA 04 65 1D  .....0..R.....e.
000020B0:  B9 6C 92 6F D7 9E 6F B1 DC 55 A1 C1 15 F3 BD 48  .l.o..o..U.....H
000020C0:  00 07 8E 2C 36 66 C2 17 B5 1A AE FD 00 96 B0 24  ...,6f.........$
000020D0:  52 36 DB B1 E5 7F 75 B3 02 75 55 26 77 5B 1A D4  R6....u..uU&w[..
000020E0:  FC CC 60 33 1C 0A C9 DC 1A 62 D4 9C 90 C2 45 C7  ..`3.....b....E.
000020F0:  E7 40 12 32 31 3C D6 BA 4F E2 BD 92 5D B3 AA 47  .@.21<..O...]..G
00002100:  A6 44 EA 25 CD CE 6B 6F 2A 8C BB F0 8A F6 88 F9  .D.%..ko*.......
00002110:  83 A5 2A EB 37 96 A8 FE A9 D7 8B DB 13 FF B7 5C  ..*.7..........\
00002120:  14 96 85 3E A6 5A 24 D4 45 36 AD AB D6 21 C7 A1  ...>.Z$.E6...!..
00002130:  F3 63 F3 3D 52 B1 69 DB 04 C5 0C 11 8C B4 61 8A  .c.=R.i.......a.
00002140:  83 18 B7 C7 EF 7F 2A 66 78 B5 B5 24 EE B0 B9 C3  ......*fx..$....
00002150:  C9 E1 98 79 69 3A 6A 59 B5 B6 7E E1 DE 4D 3E 49  ...yi:jY..~..M>I
00002160:  47 DD D0 25 BF 99 62 67 60 2B 37 A0 9A 01 91 31  G..%..bg`+7....1
00002170:  A0 95 8D D6 01 CC 7B 61 8C DE C4 06 96 72 31 FF  ......{a.....r1.
00002180:  1C 6C AB FD 73 4D 0E 41 1A 45 11 D6 25 EA F2 03  .l..sM.A.E..%...
00002190:  21 8E 8D 1A 2C CD B8 A6 D5 1F 1E 25 22 5C A0 C9  !...,......%"\..
000021A0:  DE C6 6A 28 52 93 3D 0C 2C 1F F4 6F 83 5D 00 D1  ..j(R.=.,..o.]..
000021B0:  D9 81 2B 73 42 67 B0 86 2E E1 3E 2F FE A6 70 57  ..+sBg....>/..pW
000021C0:  69 FE 4F 8D 98 07 2E 53 A6 82 81 E7 D7 56 7A A5  i.O....S.....Vz.
000021D0:  D8 63 FB E0 CE 75 5E 13 D7 72 00 92 6D B8 F5 0F  .c...u^..r..m...
000021E0:  EE B4 4D 97 23 16 7E FA E0 70 BB 04 3A C9 1D 27  ..M.#.~..p..:..'
000021F0:  41 8B C9 B6 4B CD 8D BE AA 0A 14 6B C3 C1 77 70  A...K......k..wp
00002200:  78 7E 05 79 97 7C 4F EA B9 8A 65 CB BC A7 6F 38  x~.y.|O...e...o8
00002210:  F5 74 D0 9C AB A6 3E 5F 41 C3 6E F3 15 24 81 45  .t....>_A.n..$.E
00002220:  34 0C E7 8F 66 84 79 39 30 7D EB E9 79 99 1B 07  4...f.y90}..y...
00002230:  CD 19 00 92 39 CA 60 26 C9 89 CA 9A F4 5C 3D F1  ....9.`&.....\=.
00002240:  7D CF AB 3D 59 43 5F 2F 69 D6 11 04 CC C1 AF 1A  }..=YC_/i.......
00002250:  31 B3 37 C1 66 72 95 59 92 B4 8F 1F 74 73 76 F2  1.7.fr.Y....tsv.
00002260:  B1 D6 CE 01 02 AD 2E 4E 6D 46 7C 5B FF 24 9D B2  .......NmF|[.$..
00002270:  A4 BC 04 7D E1 39 38 5D 94 AC 71 A1 36 04 27 5F  ...}.98]..q.6.'_
00002280:  BB 41 83 66 DE 6D 48 A3 4D 8A FF 80 3B C1 F3 D9  .A.f.mH.M...;...
00002290:  D2 40 EE 66 2E FD 0E 24 58 BC 34 54 3C 95 00 74  .@.f...$X.4T<..t
000022A0:  49 1F 9A E7 87 6C 37 CB 21 E8 97 BE 4D 65 0F 7A  I....l7.!...Me.z
000022B0:  E3 67 34 7F 4C F8 8E 95 5C DC DC 69 C3 54 7D A2  .g4.L...\..i.T}.
000022C0:  C9 C4 0E 64 E2 A0 B1 83 E2 4D 99 CF 1F C7 20 E7  ...d.....M.... .
000022D0:  F7 E6 FF CB 30 E9 36 75 E8 73 A2 54 58 57 1F 72  ....0.6u.s.TXW.r
000022E0:  FB 7F 60 79 25 89 F3 78 09 79 B2 8E 92 F8 AD 2C  ..`y%..x.y.....,
000022F0:  C5 E0 16 AE D4 40 2C B9 48 CC 1E FC 13 F8 13 86  .....@,.H.......
00002300:  E2 3D 81 8D B6 10 23 EE 11 8A 39 7C E7 86 E3 B2  .=....#...9|....
00002310:  62 E1 87 58 5C 7C BF 7B 66 08 F2 B9 94 EB 66 F1  b..X\|.{f.....f.
00002320:  02 5E C0 99 F2 7C 81 79 B5 82 5E 68 03 F4 CB F8  .^...|.y..^h....
00002330:  F5 17 E1 43 2F 7A BE 4F 92 68 AE C6 D8 63 0D 21  ...C/z.O.h...c.!
00002340:  39 36 A6 16 DC 98 9A 8D 3C 29 C5 AE 8D 76 C9 D8  96......<)...v..
00002350:  D1 EC 56 18 00 42 BC 98 66 B6 DA FF EC FF 89 30  ..V..B..f......0
00002360:  6E C9 02 11 F5 A4 C3 F2 A1 D0 66 1F 63 8E F5 DC  n.........f.c...
00002370:  AA 4F 11 49 C8 73 3C 27 EC 3F 00 44 1A 18 65 4B  .O.I.s<'.?.D..eK
00002380:  DC 54 DD 2C 10 89 B7 56 C4 9D 4D FF AA 53 FC 54  .T.,...V..M..S.T
00002390:  DD 94 9E CD 0F 1C 0E 8A 09 96 1B F1 B3 E2 CD 89  ................
000023A0:  FE 98 E3 6B 41 17 75 77 F6 50 84 EB D5 E3 67 EC  ...kA.uw.P....g.
000023B0:  27 DA 88 80 EA EB DF 02 41 FD 21 3F BB B7 F7 A4  '.......A.!?....
000023C0:  D4 5B DC 6D C5 3D 23 0E 45 8B C8 4F DF BB F5 06  .[.m.=#.E..O....
000023D0:  27 67 F6 9A 2E 5B 2B 09 8A FD B6 1B 77 F6 7F 9C  'g...[+.....w...
000023E0:  9D 14 D3 E0 A6 30 12 36 1A AE 33 E9 7B 86 41 CC  .....0.6..3.{.A.
000023F0:  44 B3 AC DF 3B 80 06 27 EB 54 11 AF 5C EA FA 71  D...;..'.T..\..q
00002400:  CD 41 3D 6B A9 7F BF 88 C7 DF BE 73 F1 2D 79 3D  .A=k.......s.-y=
00002410:  17 87 28 04 06 54 23 1F C9 3D D9 29 14 9E E5 21  ..(..T#..=.)...!
00002420:  7C 48 79 C7 02 83 03 D8 52 5A E7 CC EB 95 F8 A6  |Hy.....RZ......
00002430:  64 82 4C 3F 1A 7F CA 94 CA E4 D8 95 7E 5B 3D 3A  d.L?........~[=:
00002440:  42 0D 7A 61 BC 5A BB D1 29 F2 77 D0 2D 0E 22 17  B.za.Z..).w.-.".
00002450:  30 4D 12 91 55 32 0F FF 75 27 C3 AE B8 38 84 4D  0M..U2..u'...8.M
00002460:  AC 7C E2 52 C7 A4 3C 6E 60 F3 AB A9 FF CF A0 4F  .|.R..<n`......O
00002470:  8C 4B 8E 28 7A E9 3B D7 41 5A 69 68 49 C3 D4 73  .K.(z.;.AZihI..s
00002480:  D1 DF A1 A7 A7 BE BE 4D F9 24 31 94 FD 28 74 E3  .......M.$1..(t.
00002490:  25 4A 72 97 83 0C F3 74 2B E8 9A 8C C1 06 19 FA  %Jr....t+.......
000024A0:  DF AB 73 99 2E DE 48 A3 4D 8A FF 80 3B C1 F3 D9  ..s...H.M...;...
000024B0:  D2 40 EE 66 2E FD 8F 68 1F 33 B1 22 6A 2E 5F C4  .@.f...h.3."j._.
000024C0:  64 BF 4C E3 DD 77 F2 D7 E6 F7 06 EB FD CA B4 E2  d.L..w..........
000024D0:  4F 43 00 F3 E6 85 83 2C 4C 06 42 7C EC 07 BA 26  OC.....,L.B|...&
000024E0:  B8 35 00 61 73 54 8D 1E BA 6C 15 D2 3E 71 BC C5  .5.asT...l..>q..
000024F0:  AC 6B C4 67 3D E2 9A 6D 5E A5 18 0D 52 6F 2F E0  .k.g=..m^...Ro/.
00002500:  F5 BE 99 18 89 C6 41 01 4E 77 5A EE 55 1F 68 84  ......A.NwZ.U.h.
00002510:  BD 9F E3 BF D0 8D 5C 9D F8 06 0F 73 99 58 6D 21  ......\....s.Xm!
00002520:  FA 3C 39 6D 54 7D A1 FE 06 B5 82 4A 11 0D 7A 13  .<9mT}.....J..z.
00002530:  35 F5 74 2C 1A 52 BF 7B 66 08 F2 B9 94 EB 66 F1  5.t,.R.{f.....f.
00002540:  02 5E C0 99 F2 7C 16 CE DC 5D FF 84 CB 93 DD AB  .^...|...]......
00002550:  E0 30 31 25 D7 45 BA 6C 8D 68 C5 ED AA 1E 24 79  .01%.E.l.h....$y
00002560:  5F 0E 18 E5 63 3D E5 00 94 1A 61 CE 9D D2 74 52  _...c=....a...tR
00002570:  E2 2C 19 E2 C8 F1 C0 A6 73 03 D8 E8 6A 06 60 6A  .,......s...j.`j
00002580:  AE 96 24 74 DF E6 57 2A 9E 89 AF A5 75 A4 46 C0  ..$t..W*....u.F.
00002590:  8C 6C D5 77 C1 DB FB 2A 42 3A E3 9A BD 71 1D 90  .l.w...*B:...q..
000025A0:  0C AB C4 80 2F 20 06 73 C5 3A 91 F2 F6 90 87 44  ..../ .s.:.....D
000025B0:  70 39 B1 35 E1 C4 18 2F 3E E1 B0 61 07 CB EF 51  p9.5.../>..a...Q
000025C0:  79 77 76 66 13 67 48 CB 34 12 BA 52 4F B5 AC ED  ywvf.gH.4..RO...
000025D0:  0D A6 A1 97 A1 D3 18 3C 69 0B C3 24 1B BD E2 94  .......<i..$....
000025E0:  DF B9 E3 83 05 21 88 4A 3F 46 B1 61 C1 51 A9 E5  .....!.J?F.a.Q..
000025F0:  6C 1A 83 01 BA 35 F2 C3 9B 04 6F 4E 85 BF 5E C5  l....5....oN..^.
00002600:  B8 D1 8F 13 37 22 E9 EC 5B CA 9D C0 B8 4D 74 6A  ....7"..[....Mtj
00002610:  F1 31 06 29 5A 7D 43 32 8F 94 C1 3A DB BA FC 8A  .1.)Z}C2...:....
00002620:  68 1B BD 99 2A 35 C3 F2 A1 D0 66 1F 63 8E F5 DC  h...*5....f.c...
00002630:  AA 4F 11 49 C8 73 3C 27 EC 3F 00 44 1A 18 65 4B  .O.I.s<'.?.D..eK
00002640:  DC 54 DD 2C 10 89 B7 56 C4 9D 4D FF AA 53 FC 54  .T.,...V..M..S.T
00002650:  DD 94 9E CD 0F 1C 0A 81 90 B2 C7 B9 B2 5A E4 91  .............Z..
00002660:  9C FB CF 33 65 25 CF 9B 5F 2B 4C 4B 8E B1 2F 4E  ...3e%.._+LK../N
00002670:  D7 65 D6 60 61 F6 42 DD 19 18 DB 5D D7 EF CE 80  .e.`a.B....]....
00002680:  9E 7A 04 FA 9F 1D 77 49 02 8C 7D 82 46 4F A5 0C  .z....wI..}.FO..
00002690:  3C AA A5 45 78 E0 2B 09 8A FD B6 1B 77 F6 7F 9C  <..Ex.+.....w...
000026A0:  9D 14 D3 E0 A6 30 12 36 1A AE 33 E9 7B 86 41 CC  .....0.6..3.{.A.
000026B0:  44 B3 AC DF 3B 80 24 85 6B 39 23 FC D1 67 1A 84  D...;.$.k9#..g..
000026C0:  2B A3 A4 01 6D 17 5B 54 57 2E 2C 94 DA 61 BF 61  +...m.[TW.,..a.a
000026D0:  B2 1A 0A 7B 35 FE 23 1F C9 3D D9 29 14 9E E5 21  ...{5.#..=.)...!
000026E0:  7C 48 79 C7 02 83 03 D8 52 5A E7 CC EB 95 F8 A6  |Hy.....RZ......
000026F0:  64 82 4C 3F 1A 7F CA 94 CA E4 D8 95 7E 5B 3D 3A  d.L?........~[=:
00002700:  42 0D 7A 61 BC 5A 28 FA A2 A9 B0 3F 13 0E 84 D5  B.za.Z(....?....
00002710:  6E F1 F3 ED 04 47 37 A8 F2 31 DC 27 03 F3 BE 64  n....G7..1.'...d
00002720:  90 A4 FB A4 24 9F B5 ED 85 FC 19 97 58 3A 45 F6  ....$.......X:E.
00002730:  3D B4 E3 51 60 D9 C7 95 34 D1 EE 73 BC 91 E8 72  =..Q`...4..s...r
00002740:  F6 6B 82 22 05 37 BE 4D F9 24 31 94 FD 28 74 E3  .k.".7.M.$1..(t.
00002750:  25 4A 72 97 83 0C 51 9B E8 66 7B C8 C9 62 50 C7  %Jr...Q..f{..bP.
00002760:  05 62 40 38 CD 67 48 A3 4D 8A FF 80 3B C1 F3 D9  .b@8.gH.M...;...
00002770:  D2 40 EE 66 2E FD 8F 68 1F 33 B1 22 6A 2E 5F C4  .@.f...h.3."j._.
00002780:  64 BF 4C E3 DD 77 F2 D7 E6 F7 06 EB FD CA B4 E2  d.L..w..........
00002790:  4F 43 00 F3 E6 85 83 2C 4C 06 42 7C EC 07 BA 26  OC.....,L.B|...&
000027A0:  B8 35 00 61 73 54 87 D1 A9 F2 7B 2D D6 06 E2 C6  .5.asT....{-....
000027B0:  C8 5F 76 5C C1 53 54 8F 26 39 D5 D2 BD 17 DF EE  ._v\.ST.&9......
000027C0:  EC 0F 13 E2 5F 63 AD 04 3E 2C 67 FC B5 E6 F7 44  ...._c..>,g....D
000027D0:  B5 07 9A 40 C0 76 5E 8F 4F E1 24 1D D9 59 A6 5C  ...@.v^.O.$..Y.\
000027E0:  BF DC 4B BE 88 11 40 55 BD 31 99 B1 CE 0D F0 02  ..K...@U.1......
000027F0:  EA D7 42 E4 7E 19 9A 8D 3C 29 C5 AE 8D 76 C9 D8  ..B.~...<)...v..
00002800:  D1 EC 56 18 00 42 38 77 01 E8 1E 8B 62 80 56 2D  ..V..B8w....b.V-
00002810:  6A AE 88 C0 B9 D3 69 B9 E5 2F 43 8E 57 4C 8F 95  j.....i../C.WL..
00002820:  9F 1F 39 23 AD 7F 3C 27 EC 3F 00 44 1A 18 65 4B  ..9#..<'.?.D..eK
00002830:  DC 54 DD 2C 10 89 B7 56 C4 9D 4D FF AA 53 FC 54  .T.,...V..M..S.T
00002840:  DD 94 9E CD 0F 1C 79 1B 2A E0 A4 56 D8 02 9E F3  ......y.*..V....
00002850:  8E 0D DA 9B F0 8F B9 1E 4F F2 E3 81 CE 53 F2 0A  ........O....S..
00002860:  39 9B B7 F1 F4 3D F7 5E EB EF 16 BF 23 7E 4B F1  9....=.^....#~K.
00002870:  01 DD 19 33 CA 5D 55 06 82 FA CE 0D AC 3E 56 26  ...3.]U......>V&
00002880:  C5 71 49 AE 92 E2 C7 B3 93 45 37 03 4A 9E 5C A8  .qI......E7.J.\.
00002890:  EE 49 22 80 59 35 8D BE AA 0A 14 6B C3 C1 77 70  .I".Y5.....k..wp
000028A0:  78 7E 05 79 97 7C A9 61 C9 27 02 42 72 13 27 49  x~.y.|.a.'.Br.'I
000028B0:  B3 F4 6B 44 FF 19 3E 5F 41 C3 6E F3 15 24 81 45  ..kD..>_A.n..$.E
000028C0:  34 0C E7 8F 66 84 79 39 30 7D EB E9 79 99 1B 07  4...f.y90}..y...
000028D0:  CD 19 00 92 39 CA 60 26 C9 89 CA 9A F4 5C 3D F1  ....9.`&.....\=.
000028E0:  7D CF AB 3D 59 43 5F 2F 69 D6 11 04 CC C1 AF 1A  }..=YC_/i.......
000028F0:  31 B3 37 C1 66 72 05 2F 4B 3D 42 2A EB EB 96 5F  1.7.fr./K=B*..._
00002900:  63 18 67 BC AA D4 2E 4E 6D 46 7C 5B FF 24 9D B2  c.g....NmF|[.$..
00002910:  A4 BC 04 7D E1 39 69 40 82 8C 44 4E 50 6E 38 E8  ...}.9i@..DNPn8.
00002920:  E9 49 A7 06 3B 27 48 A3 4D 8A FF 80 3B C1 F3 D9  .I..;'H.M...;...
00002930:  D2 40 EE 66 2E FD 0E 24 58 BC 34 54 3C 95 00 74  .@.f...$X.4T<..t
00002940:  49 1F 9A E7 87 6C D1 8B DD 9F AF EA A9 6D B6 5D  I....l.......m.]
00002950:  E3 2B AC 68 C4 4B 5C 71 31 2E AA 6C 4D 26 EE 4D  .+.h.K\q1..lM&.M
00002960:  78 1E 45 CB 37 BE A2 13 5D 68 C2 3F D7 C2 1E B0  x.E.7...]h.?....
00002970:  AE BB F6 E9 62 52 36 75 E8 73 A2 54 58 57 1F 72  ....bR6u.s.TXW.r
00002980:  FB 7F 60 79 25 89 F3 78 09 79 B2 8E 92 F8 AD 2C  ..`y%..x.y.....,
00002990:  C5 E0 16 AE D4 40 2C B9 48 CC 1E FC 13 F8 13 86  .....@,.H.......
000029A0:  E2 3D 81 8D B6 10 0A 6C AB C9 53 B2 A2 AF 24 55  .=.....l..S...$U
000029B0:  1A 6F 00 9D B5 5F AD 04 3E 2C 67 FC B5 E6 F7 44  .o..._..>,g....D
000029C0:  B5 07 9A 40 C0 76 B6 B2 C5 67 9B AF 5A 64 BE 34  ...@.v...g..Zd.4
000029D0:  FB B4 69 EC 34 9C 40 55 BD 31 99 B1 CE 0D F0 02  ..i.4.@U.1......
000029E0:  EA D7 42 E4 7E 19 9A 8D 3C 29 C5 AE 8D 76 C9 D8  ..B.~...<)...v..
000029F0:  D1 EC 56 18 00 42 FD 72 6D 20 49 69 F1 DD 37 45  ..V..B.rm Ii..7E
00002A00:  94 D3 72 C6 F7 A2 97 6A 8D 0C 4F 2D 48 60 A3 14  ..r....j..O-H`..
00002A10:  BA 5D 26 B6 E5 09 59 BA 71 C7 B9 B8 A3 E9 12 C8  .]&...Y.q.......
00002A20:  8F 41 B7 CE F1 79 47 58 97 F2 4A 7E DB DB 4C 35  .A...yGX..J~..L5
00002A30:  71 9D EC 95 19 98 5C C1 BF 89 66 55 93 BC AB 17  q.....\...fU....
00002A40:  C5 93 BA 70 8A BA EA 7E 2B 31 06 61 54 F4 05 90  ...p...~+1.aT...
00002A50:  CF 18 6F 2D 9E AE AD 04 3E 2C 67 FC B5 E6 F7 44  ..o-....>,g....D
00002A60:  B5 07 9A 40 C0 76 13 DD 8D 4B 4C 68 B2 A6 CC 94  ...@.v...KLh....
00002A70:  66 C3 85 17 F0 C2 78 0A 21 D4 1F 1B F2 78 46 46  f.....x.!....xFF
00002A80:  C3 9E 46 FC 7F 01 6A 44 F6 ED B3 3C 0A E9 BD 57  ..F...jD...<...W
00002A90:  8A 87 3A 3C 1F EC 0D C4 0A DF 24 37 CC 09 A4 A7  ..:<......$7....
00002AA0:  49 0B AD 1B 36 78 D4 41 B1 B2 F8 CE 54 48 E3 A6  I...6x.A....TH..
00002AB0:  07 AC F7 63 A1 FE 78 44 59 6D 78 32 F1 FD 1B 2D  ...c..xDYmx2...-
00002AC0:  5B 6E E5 60 1D 2E 07 D7 7E 58 F7 F6 6F 16 4F 53  [n.`....~X..o.OS
00002AD0:  3D BA 1C E5 87 A2 80 FA 0A 01 97 C5 4D 2D 26 A4  =...........M-&.
00002AE0:  CA 13 43 8A 21 E3 F5 A8 83 5E BE 19 44 61 56 0D  ..C.!....^..DaV.
00002AF0:  25 CD 47 38 25 4E 06 31 8B CA 44 A3 67 B9 D9 02  %.G8%N.1..D.g...
00002B00:  93 D9 B0 1E D8 86 48 E5 B7 3C C9 0A 41 A7 5C 51  ......H..<..A.\Q
00002B10:  52 5A 60 87 9F 2E 1B C8 1E 09 92 C9 BC 4E 53 D1  RZ`..........NS.
00002B20:  E7 95 45 36 B8 38 59 33 9A 5E 95 8B 4C 99 ED 04  ..E6.8Y3.^..L...
00002B30:  41 5F 5F C7 1D 2F B9 E9 80 CB B8 F2 0C 2A E9 8A  A__../.......*..
00002B40:  8E 13 81 F7 2B CB B4 B0 FB 4C 7C 8B DB 74 6E 93  ....+....L|..tn.
00002B50:  C5 ED 64 7E 1A E4 C9 21 0C 1F 16 2F EB 1A 68 B5  ..d~...!.../..h.
00002B60:  4C 6E 3A AD C6 46 08 29 F5 50 35 74 10 9B 2A 06  Ln:..F.).P5t..*.
00002B70:  11 B5 45 63 53 69 82 3B A4 C5 24 C0 3D 65 BC D7  ..EcSi.;..$.=e..
00002B80:  A9 74 4A B4 A0 21 21 FD 5B C1 56 3A 30 28 13 1F  .tJ..!!.[.V:0(..
00002B90:  BD 7C 54 2F 2E 7C 3B DF C1 27 AB B8 C0 5F 6F 23  .|T/.|;..'..._o#
00002BA0:  DB F9 75 E9 7C CE F9 41 B7 85 B9 A2 01 33 E2 71  ..u.|..A.....3.q
00002BB0:  5E 1D 9E 25 5A 83 3B D7 41 5A 69 68 49 C3 D4 73  ^..%Z.;.AZihI..s
00002BC0:  D1 DF A1 A7 A7 BE A9 7A EC BD 33 0E DE 0D D9 D2  .......z..3.....
00002BD0:  9C 4B EC 06 26 4B 1C 4E D4 83 9E 7E 2E 3C EF 2A  .K..&K.N...~.<.*
00002BE0:  46 C6 A5 6F 2A 26 04 01 40 55 39 5E 45 5F B4 EF  F..o*&..@U9^E_..
00002BF0:  1E 48 CD BC A3 20 97 57 76 FD 56 94 67 F8 A1 37  .H... .Wv.V.g..7
00002C00:  BB 99 E0 00 C5 33 B7 12 13 F0 C5 0C 4B 29 64 9A  .....3......K)d.
00002C10:  4E AF A0 87 3D CA 79 88 CC A4 92 DE 7E 5E 12 B6  N...=.y.....~^..
00002C20:  2F 7C 92 C0 2F C0 C5 C4 C3 F7 F1 A8 73 F5 C9 C5  /|../.......s...
00002C30:  04 86 4F 2C BE 76 4B D2 F4 51 17 6B 21 6C 07 70  ..O,.vK..Q.k!l.p
00002C40:  04 01 A5 E0 AA 2F B3 E4 1B F3 9F 3A 8B CC 84 0F  ...../.....:....
00002C50:  D1 53 1F 38 35 8B 35 3E 9B 8D A8 32 31 FD E5 E6  .S.85.5>...21...
00002C60:  26 CA 3C 97 B0 FF 63 2B 63 CB 2F 5A 16 30 F9 EF  &.<...c+c./Z.0..
00002C70:  BA AD B4 CF B5 60 D2 12 0E 10 83 27 D9 2D 2B 76  .....`.....'.-+v
00002C80:  29 9A 5E E2 1A 62 4F E3 45 E1 EA 2C 96 91 7D 8A  ).^..bO.E..,..}.
00002C90:  5F 5C D8 06 68 88 40 ED F0 28 22 4F 92 CA AF 92  _\..h.@..("O....
00002CA0:  17 8E 9E F9 1D C4 AE 8A 37 3C 17 17 9D 34 97 BA  ........7<...4..
00002CB0:  FC 5A 93 A2 71 AB 1E 5D 64 F8 A5 AF E3 67 BE 99  .Z..q..]d....g..
00002CC0:  36 63 3F CF 3D 58 0D FA D5 01 FB 78 2D 52 8C 19  6c?.=X.....x-R..
00002CD0:  B9 24 CA 34 B6 43 B6 4F B8 86 71 AE F6 9A 6E 43  .$.4.C.O..q...nC
00002CE0:  25 AE 4B 12 92 68 F3 4A EE A1 D4 D2 AD 8F 0C 70  %.K..h.J.......p
00002CF0:  1E E5 16 9F AC 03 10 E1 1E 2D 7C 4C 36 BD 9B 2A  .........-|L6..*
00002D00:  B7 59 52 32 FB 28 2D 68 AF 3E A7 DE 4B 3D 80 95  .YR2.(-h.>..K=..
00002D10:  92 23 58 98 32 17 90 C3 83 CC 9A 00 5A C7 A7 4F  .#X.2.......Z..O
00002D20:  A2 76 13 AB 20 D6 41 D0 08 B4 A6 DD 88 0C 56 DB  .v.. .A.......V.
00002D30:  DB 23 87 46 16 5B FC A4 86 F6 8E F8 6D F4 8E E0  .#.F.[......m...
00002D40:  D7 D0 47 25 5F FA 43 A4 D4 AD F6 E9 22 81 6D DD  ..G%_.C.....".m.
00002D50:  BF 5A 63 27 16 11 2F CF B9 5D B8 F8 B8 8E EF 91  .Zc'../..]......
00002D60:  A7 6C 6E AE 1A 0D DC 5A 90 78 E4 3E E2 5B 40 02  .ln....Z.x.>.[@.
00002D70:  31 51 E5 03 08 01 21 FD 5B C1 56 3A 30 28 13 1F  1Q....!.[.V:0(..
00002D80:  BD 7C 54 2F 2E 7C 3B DF C1 27 AB B8 C0 5F 6F 23  .|T/.|;..'..._o#
00002D90:  DB F9 75 E9 7C CE AC E2 0D 0F 05 87 BF 63 26 DB  ..u.|........c&.
00002DA0:  55 2B FC F1 35 16 C7 95 34 D1 EE 73 BC 91 E8 72  U+..5...4..s...r
00002DB0:  F6 6B 82 22 05 37 A9 7A EC BD 33 0E DE 0D D9 D2  .k.".7.z..3.....
00002DC0:  9C 4B EC 06 26 4B 1C 4E D4 83 9E 7E 2E 3C EF 2A  .K..&K.N...~.<.*
00002DD0:  46 C6 A5 6F 2A 26 04 01 40 55 39 5E 45 5F B4 EF  F..o*&..@U9^E_..
00002DE0:  1E 48 CD BC A3 20 98 48 09 F9 0F AC 9D 4E 32 DF  .H... .H.....N2.
00002DF0:  A8 6B CF E9 48 91 08 C1 2F 0F B3 8E 05 D5 C6 A7  .k..H.../.......
00002E00:  10 30 C9 9F 60 D7 1F E6 9A 73 33 27 EC 17 04 68  .0..`....s3'...h
00002E10:  B7 9F 62 D0 60 47 B2 FB BC 40 99 94 03 29 60 17  ..b.`G...@...)`.
00002E20:  6A 69 BF 5D 0E 01 61 F2 D1 FE AF 28 96 8C 54 F4  ji.]..a....(..T.
00002E30:  70 F7 18 F9 CC 7E E8 AA D0 12 51 5A 8E 98 12 60  p....~....QZ...`
00002E40:  1E C6 36 9E 21 68 6D 65 CD AD F8 D1 E0 70 6F 46  ..6.!hme.....poF
00002E50:  16 C7 EB 25 61 86 DB FE 2C 56 77 66 8E D1 64 94  ...%a...,Vwf..d.
00002E60:  45 26 DB 37 48 3E D2 12 0E 10 83 27 D9 2D 2B 76  E&.7H>.....'.-+v
00002E70:  29 9A 5E E2 1A 62 4F E3 45 E1 EA 2C 96 91 7D 8A  ).^..bO.E..,..}.
00002E80:  5F 5C D8 06 68 88 DD BB 6C 28 4D 23 48 34 48 9D  _\..h...l(M#H4H.
00002E90:  DA C1 9C 4F 26 0E 1A 7D 07 DF 97 AC D2 E7 54 1F  ...O&..}......T.
00002EA0:  5B CD 82 62 F7 A6 1E 5D 64 F8 A5 AF E3 67 BE 99  [..b...]d....g..
00002EB0:  36 63 3F CF 3D 58 04 A2 55 AD 07 B7 4B 4D 1B C1  6c?.=X..U...KM..
00002EC0:  F8 87 37 45 13 06 BC 14 41 60 AB 99 10 F2 A8 D1  ..7E....A`......
00002ED0:  F6 38 75 7E 8D 0D F3 4A EE A1 D4 D2 AD 8F 0C 70  .8u~...J.......p
00002EE0:  1E E5 16 9F AC 03 C6 A1 7E 8D 0B 6A 0B 98 01 A7  ........~..j....
00002EF0:  E7 DA D0 3F AF 0C 7E C2 E0 71 CB 46 33 4C 0D D4  ...?..~..q.F3L..
00002F00:  AF 23 49 E4 06 86 90 C3 83 CC 9A 00 5A C7 A7 4F  .#I.........Z..O
00002F10:  A2 76 13 AB 20 D6 41 D0 08 B4 A6 DD 88 0C 56 DB  .v.. .A.......V.
00002F20:  DB 23 87 46 16 5B FC A4 86 F6 8E F8 6D F4 8E E0  .#.F.[......m...
00002F30:  D7 D0 47 25 5F FA B6 DC E2 9C C6 B0 D1 3E E7 AE  ..G%_........>..
00002F40:  DF A3 E1 76 C2 59 91 4D 65 00 4C DB 97 DA D6 99  ...v.Y.Me.L.....
00002F50:  D3 39 7A A2 E4 05 2B F8 07 45 D6 15 E0 46 07 FE  .9z...+..E...F..
00002F60:  70 AB E9 79 B3 B8 5E 9F EA 31 9F D5 E4 96 EE F6  p..y..^..1......
00002F70:  97 43 37 B1 95 6C 29 2A BB 04 2F EB 1E A4 6A 40  .C7..l)*../...j@
00002F80:  94 FB 2D DA 27 C8 7C A9 2F 2D 71 F8 25 48 5E F0  ..-.'.|./-q.%H^.
00002F90:  83 65 E4 3D 82 33 28 3E A4 6F EE 79 F5 C4 D4 89  .e.=.3(>.o.y....
00002FA0:  A0 6C E9 C0 18 C8 AB CA 6A 78 EB E9 93 94 FE 1C  .l......jx......
00002FB0:  45 D0 18 E0 F3 57 35 71 01 A9 7C 4E 85 4F 3F C1  E....W5q..|N.O?.
00002FC0:  CB 04 E6 23 FC 2C A9 0D E4 92 7F 2E F9 34 EB 6A  ...#.,.......4.j
00002FD0:  E5 50 F3 F0 1F 98 FB 0A 4E 47 5F 41 D9 08 76 D9  .P......NG_A..v.
00002FE0:  F6 55 7B 39 A9 D7 0B CF 9E 0A 2A 0D EB 76 EE CB  .U{9......*..v..
00002FF0:  6C 0C 98 92 AE 0C 02 A1 C2 49 CC 62 99 20 FF 77  l........I.b. .w
00003000:  D2 3F 89 5E 36 79 12 5C E8 1A F7 0A 29 8D EB 7A  .?.^6y.\....)..z
00003010:  39 4E E0 62 3B CD FA 10 8C A6 10 18 8C CC BD 16  9N.b;...........
00003020:  61 C1 C6 23 F2 94 D2 33 D3 C1 9C A7 61 9D 3C B7  a..#...3....a.<.
00003030:  3D 71 62 25 C1 67 03 FD 53 A2 5D 44 13 98 26 AE  =qb%.g..S.]D..&.
00003040:  B0 36 69 9C 8F 0C 67 5F C5 C0 CD 69 69 09 13 3A  .6i...g_...ii..:
00003050:  A4 C3 1A 3B 35 9E C0 C5 A9 CB 56 92 4A 35 27 11  ...;5.....V.J5'.
00003060:  86 01 5B EB 26 17 D7 CB 7F 77 E6 64 EE 32 3D 97  ..[.&....w.d.2=.
00003070:  56 87 6D 30 CD 66 03 AC C1 FC B1 1E 54 B5 33 4B  V.m0.f......T.3K
00003080:  D0 14 55 38 13 35 02 25 31 48 ED 6E D2 6D 38 53  ..U8.5.%1H.n.m8S
00003090:  4E 81 BB E6 9E 23 86 51 44 91 2A 42 36 DE FA 62  N....#.QD.*B6..b
000030A0:  14 63 6B EF 1C 18 B4 BE 30 12 53 B7 4F FC 13 3D  .ck.....0.S.O..=
000030B0:  39 C3 30 70 AC 3F D8 1D F2 FC C2 DC EC 7E 95 F2  9.0p.?.......~..
000030C0:  EF CA 37 04 7E 3B 9A D6 16 65 98 E6 99 D0 2D 41  ..7.~;...e....-A
000030D0:  B4 9F 8F 2F 52 FC 4F F9 1E 6C A7 2A 7A 3E 03 AB  .../R.O..l.*z>..
000030E0:  8C 51 DF A4 F1 21 0C 41 EB 84 AD 2F 0F F7 3A E6  .Q...!.A.../..:.
000030F0:  1D D7 16 27 72 5B 27 1F 98 56 9C B8 6A 0D FC 8E  ...'r['..V..j...
00003100:  F6 87 26 0B 0C 28 C0 C5 A9 CB 56 92 4A 35 27 11  ..&..(....V.J5'.
00003110:  86 01 5B EB 26 17 D7 CB 7F 77 E6 64 EE 32 3D 97  ..[.&....w.d.2=.
00003120:  56 87 6D 30 CD 66 38 E6 69 0F CC FD 80 F4 AD C4  V.m0.f8.i.......
00003130:  62 AE E4 D6 10 81 B7 DD ED E8 C6 EB 81 48 02 A6  b............H..
00003140:  C8 B8 D1 47 46 B5 98 68 07 9D 30 3F 5A 29 DA E2  ...GF..h..0?Z)..
00003150:  53 EB 47 00 4F FB 35 D1 68 B1 3F 0C B4 4A E0 ED  S.G.O.5.h.?..J..
00003160:  26 5E 33 01 64 36 58 95 0B FF 52 D1 45 E9 78 D0  &^3.d6X...R.E.x.
00003170:  9D 91 55 34 CA B8 9A D6 16 65 98 E6 99 D0 2D 41  ..U4.....e....-A
00003180:  B4 9F 8F 2F 52 FC 4F F9 1E 6C A7 2A 7A 3E 03 AB  .../R.O..l.*z>..
00003190:  8C 51 DF A4 F1 21 0C 41 EB 84 AD 2F 0F F7 3A E6  .Q...!.A.../..:.
000031A0:  1D D7 16 27 72 5B 04 B9 38 6B 88 B0 C8 76 02 31  ...'r[..8k...v.1
000031B0:  29 D6 EA 57 EB 86 18 30 70 45 73 57 BA B1 4F 18  )..W...0pEsW..O.
000031C0:  95 D1 8F D1 1B AE 07 23 42 3E 4B 1D 0E 52 43 A3  .......#B>K..RC.
000031D0:  AF 8C 81 FC 88 3F E8 51 6F B7 4B 1A 54 1B 01 38  .....?.Qo.K.T..8
000031E0:  01 DB 39 6F C1 5E 9E 14 52 46 32 BE 66 54 56 B9  ..9o.^..RF2.fTV.
000031F0:  7C 02 E0 08 E4 20 03 15 14 A8 F6 3F EF D3 2B DC  |.... .....?..+.
00003200:  86 E3 BE 44 3A 16 C7 16 88 F8 A6 85 56 73 DA E1  ...D:.......Vs..
00003210:  F9 E0 52 92 25 75 65 F3 94 06 CB 94 C1 B1 C5 A6  ..R.%ue.........
00003220:  EB 08 E4 FC 0C 8C 3D 2A 53 01 9D CA AF 07 19 C7  ......=*S.......
00003230:  36 89 BA A8 F5 E8 70 4D 76 C0 2F 5A 5F 3D EB F8  6.....pMv./Z_=..
00003240:  F6 6C 84 A5 D5 8F C5 7A 65 47 B2 11 5B 4E AA 6B  .l.....zeG..[N.k
00003250:  78 8F 56 B0 4C FD 85 67 D2 9A 73 E4 8B 83 BE 38  x.V.L..g..s....8
00003260:  A8 87 11 3B E1 D1 B9 4F A3 28 A8 3D B9 02 84 2D  ...;...O.(.=...-
00003270:  F8 A3 D3 CC 82 FA 6C C0 3C 86 8D F5 4D 36 EA 18  ......l.<...M6..
00003280:  D1 45 D8 9B 5F 41 82 58 A8 61 6D D5 59 B3 69 A2  .E.._A.X.am.Y.i.
00003290:  67 D8 32 5A BA 0C B1 0A 66 26 66 B8 FA A9 2C 3A  g.2Z....f&f...,:
000032A0:  0C 40 C5 AB 37 3F 38 DC B4 51 1E E3 69 C8 D7 32  .@..7?8..Q..i..2
000032B0:  8C 7F 86 20 01 B6 50 E8 FA 56 F7 32 04 59 8D C9  ... ..P..V.2.Y..
000032C0:  60 E4 EB 50 DF 1D 26 FA C9 36 1F 0B 3C A4 CE 8D  `..P..&..6..<...
000032D0:  8B 65 23 25 60 5C 1A 9B 0A 62 BE A4 64 CD 04 84  .e#%`\...b..d...
000032E0:  71 E8 80 E1 FB F2 56 C6 63 AC 14 FF 43 AD 05 08  q.....V.c...C...
000032F0:  80 54 9D AC 95 26 70 A1 20 00 73 9C CC 07 78 AB  .T...&p. .s...x.
00003300:  48 FA C9 C0 26 13 CE C9 28 9F 5C 03 61 8C 53 FB  H...&...(.\.a.S.
00003310:  12 7D 8D 82 2E BF E9 3D FE C8 BB EA BD 74 4A E5  .}.....=.....tJ.
00003320:  0C E5 24 13 5B D4 C0 30 7D B4 BE 88 27 47 17 32  ..$.[..0}...'G.2
00003330:  2D A1 BE 7D 22 A7 E6 25 7D 33 2E C3 90 CD 53 B6  -..}"..%}3....S.
00003340:  47 91 95 4D 13 E5 A8 22 84 67 B0 69 ED BD 35 D2  G..M...".g.i..5.
00003350:  D7 C0 A0 63 4D B6 66 FD 82 71 24 6F AB 49 E2 C0  ...cM.f..q$o.I..
00003360:  3A 07 DD 76 B3 89 C8 6D 39 F0 8E EF 74 7B 30 CC  :..v...m9...t{0.
00003370:  BE 59 92 25 9F 9B F3 C9 FE 8A C7 62 6B 57 B5 D0  .Y.%.......bkW..
00003380:  B7 3D B5 E6 B1 9D 25 0C 4F 06 4A 35 30 AB 59 14  .=....%.O.J50.Y.
00003390:  37 A2 69 7A 82 2D A5 67 6C 21 A0 CE 46 9B 91 BC  7.iz.-.gl!..F...
000033A0:  1F 5C EA 52 C7 F7 31 89 0F 32 72 92 76 C1 99 2F  .\.R..1..2r.v../
000033B0:  17 7A 3D 0F 7B 6D 66 85 0B 76 CE AB 09 0F 24 37  .z=.{mf..v....$7
000033C0:  71 BF 77 27 73 93 BB C6 64 36 DE 7A 52 2E A6 F1  q.w's...d6.zR...
000033D0:  8D FF CE 66 E4 6E 06 2B 90 F9 CC 5D EC 69 9E EF  ...f.n.+...].i..
000033E0:  24 AB D2 4E 8F B2 D0 D9 65 71 4C 76 08 DC 38 4B  $..N....eqLv..8K
000033F0:  FA D4 B9 FE D0 B7 EB 25 2B 95 D0 71 5A C8 90 A7  .......%+..qZ...
00003400:  0D 89 FF DD 34 70 16 C0 AF 61 95 D9 98 A1 60 4D  ....4p...a....`M
00003410:  1C 3D 91 61 FB 4F 5C 64 3E 9F 65 C7 0C 6B F0 7E  .=.a.O\d>.e..k.~
00003420:  4B 31 1E D2 73 5E AB BE FD F9 64 0A A5 D6 F1 3A  K1..s^....d....:
00003430:  6E 33 63 CB 85 F8 EA E4 97 3B 55 77 33 04 DB 8C  n3c......;Uw3...
00003440:  D7 0B BE 2E 3A EF DE 09 08 DE 96 DD 2B 18 8C 10  ....:.......+...
00003450:  0F BD A9 8B BC C8 3A FC FE D5 7C 38 69 23 00 D3  ......:...|8i#..
00003460:  C5 3F EB 8F AD 92 16 53 73 32 C1 FD 21 D5 E2 51  .?.....Ss2..!..Q
00003470:  E7 CA F4 C9 3A FF 2A 8D F4 4A 43 E2 CE DA FA C8  ....:.*..JC.....
00003480:  BC 56 13 1F 88 D0 96 7C AC 3B A3 EA 51 51 0C 63  .V.....|.;..QQ.c
00003490:  B4 2A A7 64 C8 60 D6 E3 60 D3 BD 4D B6 2D 3E BC  .*.d.`..`..M.->.
000034A0:  EA 19 1C 76 56 61 38 F7 D3 19 F6 8B 5F 3E 07 63  ...vVa8....._>.c
000034B0:  01 70 90 07 5A A0 E8 45 ED 0A 28 64 AD 22 2B 5B  .p..Z..E..(d."+[
000034C0:  89 6B 69 B9 15 5C F3 EA E4 73 7E 9B 7E 2B AE 64  .ki..\...s~.~+.d
000034D0:  00 A7 3D C9 BC 04 67 21 ED FE 21 BD 03 6D 2A F2  ..=...g!..!..m*.
000034E0:  D5 9F D2 AA 25 3C CB 58 DF 70 6B EE EB 93 FD B4  ....%<.X.pk.....
000034F0:  7C 34 FC 58 CE 55 B3 07 02 65 78 E2 CB 4A F8 CC  |4.X.U...ex..J..
00003500:  AC 51 3D 72 ED 7D 67 4A B4 05 06 FE 66 01 79 10  .Q=r.}gJ....f.y.
00003510:  B0 90 77 41 C4 E7 7C 28 08 3A 1D 0C 93 C1 D8 52  ..wA..|(.:.....R
00003520:  82 2A A0 39 89 0F 4E A6 7F 56 04 77 9C 98 D6 5A  .*.9..N..V.w...Z
00003530:  42 38 91 7E B9 24 AC F1 69 76 8E 1D B2 15 01 0A  B8.~.$..iv......
00003540:  20 1C 6B 8C 41 D4 DE C1 94 BF B7 26 A5 9F 26 DD   .k.A......&..&.
00003550:  3A 41 3A 1B E6 57 F8 82 1A 88 BF 2B 3F 1B 5E E2  :A:..W.....+?.^.
00003560:  F7 DB 14 E6 37 D9 25 50 9C 81 1A 40 F5 82 C8 A3  ....7.%P...@....
00003570:  6D 5E D6 34 A0 B2 E3 41 45 F2 78 5F C0 FF CA 49  m^.4...AE.x_...I
00003580:  3F 8E 95 4C 09 2B D1 11 1C 88 A0 39 11 C0 5E 95  ?..L.+.....9..^.
00003590:  74 E1 B1 7E CD B6 70 14 57 40 7E D0 C9 15 DD 38  t..~..p.W@~....8
000035A0:  A8 CB C2 DF C9 EA 18 2F 3E E1 B0 61 07 CB EF 51  ......./>..a...Q
000035B0:  79 77 76 66 13 67 9B 1A E0 CC 18 D0 E0 BC 37 9A  ywvf.g........7.
000035C0:  19 FB 2A 3F 41 F4 70 4D 76 C0 2F 5A 5F 3D EB F8  ..*?A.pMv./Z_=..
000035D0:  F6 6C 84 A5 D5 8F 9D 2B 56 73 FA CF 73 01 35 D7  .l.....+Vs..s.5.
000035E0:  B6 A7 70 47 32 C5 42 27 F3 5E 72 3A CD 14 FE 40  ..pG2.B'.^r:...@
000035F0:  B9 68 A0 4F 29 87 04 A8 BE 32 2E 93 06 A9 A6 5F  .h.O)....2....._
00003600:  E5 B1 1F A0 06 A8 40 04 1B 40 A0 4B 3E 3C 3F F1  ......@..@.K><?.
00003610:  B0 E0 08 E3 88 D5 6C C0 3C 86 8D F5 4D 36 EA 18  ......l.<...M6..
00003620:  D1 45 D8 9B 5F 41 79 14 E3 B1 2D 19 97 27 87 F0  .E.._Ay...-..'..
00003630:  DE 22 8A 93 01 D4 35 71 01 A9 7C 4E 85 4F 3F C1  ."....5q..|N.O?.
00003640:  CB 04 E6 23 FC 2C 5C CF 7A C8 6D 3C 96 50 A3 73  ...#.,\.z.m<.P.s
00003650:  48 95 58 9E 90 EA CB 17 91 F5 C7 DB 62 CF E5 B5  H.X.........b...
00003660:  DF 60 33 07 B0 38 7F 32 C8 C4 2E 97 61 1D AC 2A  .`3..8.2....a..*
00003670:  E1 D5 B5 70 EE CE 74 42 D9 A4 9C A3 EC 0B F6 B8  ...p..tB........
00003680:  A0 A7 18 48 D3 B4 E2 CC 30 2C AD AD D9 30 60 E1  ...H....0,...0`.
00003690:  07 83 C0 EF 70 0B 18 3C 69 0B C3 24 1B BD E2 94  ....p..<i..$....
000036A0:  DF B9 E3 83 05 21 A5 CF 3E 22 92 70 88 BD 04 9B  .....!..>".p....
000036B0:  8A CC 6F 47 0F AF C2 5E 20 37 3B C2 6C BF C7 73  ..oG...^ 7;.l..s
000036C0:  FB 5A 24 BA AD A1 2B 52 89 C3 9B AD 3E 30 DD 71  .Z$...+R....>0.q
000036D0:  61 0A 3D C3 90 10 2E E2 38 1F A3 75 19 80 3D 05  a.=.....8..u..=.
000036E0:  F0 39 3C 81 F1 26 A1 B9 F4 A2 01 0D 42 15 4B 3C  .9<..&......B.K<
000036F0:  05 20 B7 49 0C BE B6 1A 65 F4 C2 36 E7 6E 76 9B  . .I....e..6.nv.
00003700:  87 7D 6C 55 77 AE AB BE FD F9 64 0A A5 D6 F1 3A  .}lUw.....d....:
00003710:  6E 33 63 CB 85 F8 C5 34 D0 F8 94 79 E6 E2 9F 47  n3c....4...y...G
00003720:  64 7A 43 A8 FB BF E7 67 16 1B 74 63 9D 33 09 6B  dzC....g..tc.3.k
00003730:  02 76 78 55 95 C7 D0 3F A4 84 E1 9B BE A5 35 88  .vxU...?......5.
00003740:  BA F2 A1 B7 7E E8 F2 E4 C8 BD D5 6D 80 96 12 16  ....~......m....
00003750:  7E 29 DA 06 50 9D 9A C7 88 90 4E D7 A9 BB 82 E8  ~)..P.....N.....
00003760:  27 84 19 BB B1 74 BB C6 64 36 DE 7A 52 2E A6 F1  '....t..d6.zR...
00003770:  8D FF CE 66 E4 6E 24 7B 45 86 FC CB C6 B8 C2 87  ...f.n${E.......
00003780:  6D 52 28 31 1A 95 78 16 5C 73 05 3D 34 D1 6F FF  mR(1..x.\s.=4.o.
00003790:  A6 C6 99 1E 2E 98 21 8B CE EA 15 98 99 91 A3 1C  ......!.........
000037A0:  A2 79 D5 D3 AC 2F AB 0A 8A DE 63 36 50 5F 8D 8B  .y.../....c6P_..
000037B0:  8B C8 68 DE 4D 4E 16 C0 AF 61 95 D9 98 A1 60 4D  ..h.MN...a....`M
000037C0:  1C 3D 91 61 FB 4F 27 F4 A7 E2 1A 9D 71 AF 47 55  .=.a.O'.....q.GU
000037D0:  C8 80 E7 FF 40 EE B3 07 02 65 78 E2 CB 4A F8 CC  ....@....ex..J..
000037E0:  AC 51 3D 72 ED 7D E1 97 AE 3F 12 5C 48 5C 33 D2  .Q=r.}...?.\H\3.
000037F0:  6C 5F 52 8B 4D 87 DA 31 DA 5B 99 B1 BF 68 46 24  l_R.M..1.[...hF$
00003800:  33 5C 94 3A 77 9E AB 72 36 70 5F C3 BE 67 54 3A  3\.:w..r6p_..gT:
00003810:  D6 C1 1F F7 7F 46 86 25 91 96 54 09 5C 11 45 B0  .....F.%..T.\.E.
00003820:  1F 5E 5F F3 AA 4A 74 AF D7 72 F8 49 E9 4A E2 93  .^_..Jt..r.I.J..
00003830:  4E 88 83 A3 27 59 90 2C 38 A7 8D 70 A0 ED FB DB  N...'Y.,8..p....
00003840:  2C 05 67 16 01 2F 91 11 3D E5 7D 49 37 B2 FF 29  ,.g../..=.}I7..)
00003850:  2D C3 E1 B6 D9 89 52 5E 35 D3 E4 24 F9 CB 1B 22  -.....R^5..$..."
00003860:  CF 7B 5F 00 2B 9C 14 C8 78 D4 E3 FB 50 C6 E4 67  .{_.+...x...P..g
00003870:  FB F1 0F F6 3F 19 42 29 07 37 A0 F5 93 E2 F8 21  ....?.B).7.....!
00003880:  DA 61 E1 B9 D5 C6 67 21 ED FE 21 BD 03 6D 2A F2  .a....g!..!..m*.
00003890:  D5 9F D2 AA 25 3C B5 31 F6 A3 44 55 71 9D FE 99  ....%<.1..DUq...
000038A0:  8C F0 1C 64 58 DC 70 4D 76 C0 2F 5A 5F 3D EB F8  ...dX.pMv./Z_=..
000038B0:  F6 6C 84 A5 D5 8F 75 83 57 74 76 28 A0 D0 F3 D1  .l....u.Wtv(....
000038C0:  55 FB 5B 5B 3F CB 89 4E D6 5C A6 9C 52 32 87 E3  U.[[?..N.\..R2..
000038D0:  A5 E5 05 01 AB 13 2D ED 86 74 4D 62 2C 0C 51 F2  ......-..tMb,.Q.
000038E0:  8C 8F 4C 8A 4E C4 F6 1C 8E A9 F9 11 62 D9 3E E9  ..L.N.......b.>.
000038F0:  57 6D B2 84 70 71 BA 6C 8D 68 C5 ED AA 1E 24 79  Wm..pq.l.h....$y
00003900:  5F 0E 18 E5 63 3D E5 00 94 1A 61 CE 9D D2 74 52  _...c=....a...tR
00003910:  E2 2C 19 E2 C8 F1 C0 A6 73 03 D8 E8 6A 06 60 6A  .,......s...j.`j
00003920:  AE 96 24 74 DF E6 57 2A 9E 89 AF A5 75 A4 46 C0  ..$t..W*....u.F.
00003930:  8C 6C D5 77 C1 DB A8 00 6A A6 B0 F2 CB B6 DA 52  .l.w....j......R
00003940:  50 79 E4 BA 55 C5 89 A1 68 A7 A2 61 6E 4D EF 87  Py..U...h..anM..
00003950:  6E 02 6E B3 E5 D2 18 2F 3E E1 B0 61 07 CB EF 51  n.n..../>..a...Q
00003960:  79 77 76 66 13 67 48 CB 34 12 BA 52 4F B5 AC ED  ywvf.gH.4..RO...
00003970:  0D A6 A1 97 A1 D3 18 3C 69 0B C3 24 1B BD E2 94  .......<i..$....
00003980:  DF B9 E3 83 05 21 88 4A 3F 46 B1 61 C1 51 A9 E5  .....!.J?F.a.Q..
00003990:  6C 1A 83 01 BA 35 F2 C3 9B 04 6F 4E 85 BF 5E C5  l....5....oN..^.
000039A0:  B8 D1 8F 13 37 22 2B 27 82 2A 28 54 0B 77 CA 34  ....7"+'.*(T.w.4
000039B0:  DA 56 C1 6F 08 A4 31 4C BF 86 84 1B C2 23 9D AF  .V.o..1L.....#..
000039C0:  7A E8 23 73 6C A6 A8 22 84 67 B0 69 ED BD 35 D2  z.#sl..".g.i..5.
000039D0:  D7 C0 A0 63 4D B6 66 FD 82 71 24 6F AB 49 E2 C0  ...cM.f..q$o.I..
000039E0:  3A 07 DD 76 B3 89 C8 6D 39 F0 8E EF 74 7B 30 CC  :..v...m9...t{0.
000039F0:  BE 59 92 25 9F 9B F3 C9 FE 8A C7 62 6B 57 B5 D0  .Y.%.......bkW..
00003A00:  B7 3D B5 E6 B1 9D 25 0C 4F 06 4A 35 30 AB 59 14  .=....%.O.J50.Y.
00003A10:  37 A2 69 7A 82 2D FC F6 92 A1 2E 4D 70 B7 90 53  7.iz.-.....Mp..S
00003A20:  58 FF 29 DF A3 AF 62 84 8A 4A EE FB 8E 05 C1 27  X.)...b..J.....'
00003A30:  6B 0E 17 27 AC D1 66 85 0B 76 CE AB 09 0F 24 37  k..'..f..v....$7
00003A40:  71 BF 77 27 73 93 BB C6 64 36 DE 7A 52 2E A6 F1  q.w's...d6.zR...
00003A50:  8D FF CE 66 E4 6E 06 2B 90 F9 CC 5D EC 69 9E EF  ...f.n.+...].i..
00003A60:  24 AB D2 4E 8F B2 DC 2D C4 FF 13 76 3E CA 4A B4  $..N...-...v>.J.
00003A70:  46 6A C3 76 91 09 A8 B6 2B 9B B0 AB 0C FE 44 58  Fj.v....+.....DX
00003A80:  BC 39 4D 42 7E 6A D9 68 76 9E 41 23 C9 10 7D 3F  .9MB~j.hv.A#..}?
00003A90:  DB E7 92 13 9A 2C 12 44 D9 6A 04 9F E7 AB 34 53  .....,.D.j....4S
00003AA0:  AA 83 F1 FD 7E D7 87 4B 61 F7 F4 6A 9B D1 AA 76  ....~..Ka..j...v
00003AB0:  13 D6 38 48 32 87 5A FA 0C 3B C6 9A 93 BA 9D F3  ..8H2.Z..;......
00003AC0:  12 67 5B 4C C1 F8 1E A3 71 7A 56 67 B6 A5 B8 9D  .g[L....qzVg....
00003AD0:  53 CA FC 8E 52 9F 4B A6 83 94 DC F7 22 C1 B6 72  S...R.K....."..r
00003AE0:  A5 71 1B 6E E2 64 97 D6 B9 67 1B EF 92 65 24 66  .q.n.d...g...e$f
00003AF0:  21 BF 07 0F 90 49 D7 6D CF 69 B8 47 0B EF 3A BF  !....I.m.i.G..:.
00003B00:  75 DC 4D 45 CD B5 3C 8A 1B 0B 53 01 57 0A 69 D8  u.ME..<...S.W.i.
00003B10:  A8 C9 C5 7B 6A 01 90 2C 38 A7 8D 70 A0 ED FB DB  ...{j..,8..p....
00003B20:  2C 05 67 16 01 2F 17 9C B3 D1 0F 56 2B 8D AF 4B  ,.g../.....V+..K
00003B30:  37 49 45 58 D9 2D 94 7D 16 37 C8 0C 1D 4F C6 34  7IEX.-.}.7...O.4
00003B40:  7A EB 4D A1 93 C4 72 78 6D DD FB E8 A2 63 FA B4  z.M...rxm....c..
00003B50:  B2 6D 2C 3D 72 94 74 52 F8 3B D5 FE 28 0F 71 2A  .m,=r.tR.;..(.q*
00003B60:  49 8F 05 40 C0 38 65 8C 64 5F 73 63 71 89 A6 D7  I..@.8e.d_scq...
00003B70:  D2 49 58 41 90 BA 84 CC A6 10 ED 2D 40 C1 C4 CA  .IXA.......-@...
00003B80:  3E 0F 7C 2F 42 94 58 BE 39 6A 6B 87 3B C0 34 09  >.|/B.X.9jk.;.4.
00003B90:  D5 92 64 EE 6B C8 E4 A8 C5 3C C0 9B 40 01 4F D9  ..d.k....<..@.O.
00003BA0:  C4 2E 4C 73 9A 0E 0A 3E 77 87 F9 69 D7 21 45 84  ..Ls...>w..i.!E.
00003BB0:  CE 64 4E 17 EE 8C EF 77 47 26 8F 09 FB FA 99 20  .dN....wG&..... 
00003BC0:  4D BE 29 1D C0 BC 10 9D 6D CF 33 9D E4 21 D8 EA  M.).....m.3..!..
00003BD0:  21 D4 AE 94 A4 28 C6 CF 5A A7 15 5D A0 C0 AD 29  !....(..Z..]...)
00003BE0:  9B 82 94 97 EE D7 2D 11 27 A0 AF E8 C9 15 18 3A  ......-.'......:
00003BF0:  78 F2 39 68 1C D4 57 0F 5B AC 9A 9A 86 BA D2 54  x.9h..W.[......T
00003C00:  DD 4F 7A 38 B2 EE 20 0C 2D 6B 9D 79 B5 B3 15 36  .Oz8.. .-k.y...6
00003C10:  B2 A8 73 83 D1 DF 21 C6 1E D7 57 C9 C8 F8 9B 85  ..s...!...W.....
00003C20:  9F 3A EF D4 F5 02 E9 29 6E 21 15 8D 72 44 07 65  .:.....)n!..rD.e
00003C30:  F1 DD 94 08 23 45 C3 17 A6 CD 02 0A EE 7F 14 15  ....#E..........
00003C40:  CA 9C 97 33 3B A0 B8 C8 5E A1 54 3C 16 70 C2 73  ...3;...^.T<.p.s
00003C50:  7F D3 5D 88 A2 E6 75 1E A4 57 4C 41 C5 D9 DB EB  ..]...u..WLA....
00003C60:  B7 0D 20 6A F2 D6 90 06 17 B7 8F 50 A8 46 EC B6  .. j.......P.F..
00003C70:  43 9D 1F 3E DB B5 CE 7E 00 FF 53 4F 15 AE F1 DA  C..>...~..SO....
00003C80:  91 12 32 09 D7 E1 F9 E6 04 B3 CA CF 8C E0 A1 38  ..2............8
00003C90:  C1 83 D0 1D 11 C7 92 9A 80 78 4A 3E A5 B9 69 A1  .........xJ>..i.
00003CA0:  A9 F2 67 F4 3E F7 6F E0 FD E3 1B 84 26 39 72 F0  ..g.>.o.....&9r.
00003CB0:  41 13 27 F6 5D C9 6F F7 46 AB 78 29 63 F7 40 77  A.'.].o.F.x)c.@w
00003CC0:  DD 06 23 46 5B FA 68 76 B0 B7 DD 06 BF 0A C9 28  ..#F[.hv.......(
00003CD0:  60 F2 BC 83 75 5E 59 4D 95 44 E4 40 94 BB 8C 65  `...u^YM.D.@...e
00003CE0:  29 D8 3A 69 E3 86 A5 25 59 96 77 5F EE 41 8F 9E  ).:i...%Y.w_.A..
00003CF0:  69 7A 51 0A 26 86 C9 B9 65 F7 1C B0 01 CB B2 AA  izQ.&...e.......
00003D00:  D3 7D 4F FE A3 2C E3 35 4A 98 8A 02 8F 19 D7 6C  .}O..,.5J......l
00003D10:  95 40 E7 25 03 58 98 2B 58 D4 5C E7 82 05 E4 60  .@.%.X.+X.\....`
00003D20:  BA E3 C4 37 15 7C 6E FE BF 39 44 A3 EA 31 63 64  ...7.|n..9D..1cd
00003D30:  8E DA E0 3B C5 A8 03 5B F2 E5 1C 28 FA 8E 1F 71  ...;...[...(...q
00003D40:  8D 7D 3D 94 0C DF 13 F2 F4 D7 E1 E0 94 E6 F4 E2  .}=.............
00003D50:  0D F3 36 98 14 AF BB 1A 86 8D A7 B4 9E 9B 84 FF  ..6.............
00003D60:  92 3A 3D 64 44 C6 C5 27 72 56 F4 86 F8 22 CF 48  .:=dD..'rV...".H
00003D70:  36 03 B6 FB 24 F5 CA 38 A5 2C C1 DD 9B 8A F4 B6  6...$..8.,......
00003D80:  29 1E 2F E4 3B 08 5D 9C 39 6C 21 71 6F DC E4 FA  )./.;.].9l!qo...
00003D90:  4A 63 15 83 BA 0D 04 FB AD 62 2E 26 91 4E 7D 6A  Jc.......b.&.N}j
00003DA0:  2D C4 F3 5F 1D 8C 72 62 32 B9 3E 75 EB DE 54 D2  -.._..rb2.>u..T.
00003DB0:  E0 CA 80 75 AD 52 3D CA 9A 8B 1E 46 02 42 6C 3F  ...u.R=....F.Bl?
00003DC0:  2B 7B C1 F3 01 58 EC 0F AB 07 C7 7B 47 9A 8B 1A  +{...X.....{G...
00003DD0:  BB 5E 01 FA E3 61 F4 86 DA 0D 41 8E AB 6F 0F CC  .^...a....A..o..
00003DE0:  EA 1E 79 ED 32 1B 00 00 00 00 00 00 00 00 00 00  ..y.2...........
00003DF0:  00 00 00 00 00 00 00 00 00 00 00 00 00 00 00 00  ................ [zeros]
00003E00:  00 00 00 00 00 00 3F AE 1C 9A 93 62 3C 90 02 CF  ......?....b<...
00003E10:  86 D2 BE 75 DB EE A7 D6 19 C4 34 A2 D9 6B 0B C0  ...u......4..k..
00003E20:  38 7E D1 74 34 DE 4A EE 4D EB 42 8E ED D5 CF 08  8~.t4.J.M.B.....
00003E30:  BC 37 BD 20 10 2A 00 00 00 00 00 00 00 00 00 00  .7. .*..........
00003E40:  00 00 00 00 00 00 00 00 00 00 00 00 00 00 00 00  ................ [zeros]
00003E50:  00 00 00 00 00 00 00 00 00 00 00 00 00 00 00 00  ................ [zeros]
00003E60:  00 00 00 00 00 00 00 00 00 00 00 00 00 00 00 00  ................ [zeros]
00003E70:  00 00 00 00 00 00 00 00 00 00 00 00 00 00 00 00  ................ [zeros]
00003E80:  00 00 00 00 00 00 00 00 00 00 00 00 00 00 00 00  ................ [zeros]
00003E90:  00 00 00 00 00 00 00 00 00 00 00 00 00 00 00 00  ................ [zeros]
00003EA0:  00 00 00 00 00 00 00 00 00 00 00 00 00 00 00 00  ................ [zeros]
00003EB0:  00 00 00 00 00 00 DE C4 9D B4 FE 64 81 E6 89 51  ...........d...Q
00003EC0:  DD 7B 0F 55 17 17 99 30 AA D7 96 21 9F 0B B5 05  .{.U...0...!....
00003ED0:  80 44 17 53 E6 CB 69 F5 98 04 04 7C 6A 52 A4 CF  .D.S..i....|jR..
00003EE0:  76 B6 A4 19 1C 23 BC 56 C8 6A 27 DA 38 1A 90 EF  v....#.V.j'.8...
00003EF0:  7C A8 6F D6 44 5C D7 11 F9 77 DD F2 E1 F2 FB 0F  |.o.D\...w......
00003F00:  57 B6 87 49 40 35 03 2F 24 21 34 B0 63 EF 30 72  W..I@5./$!4.c.0r
00003F10:  3E 4A D9 A1 DA 14 D4 50 F9 25 85 53 92 FA 27 FC  >J.....P.%.S..'.
00003F20:  F4 21 82 67 FF 4A C2 91 4B 36 02 AF CB 25 B8 7F  .!.g.J..K6...%..
00003F30:  E6 E8 1C 44 D7 3F 3D 46 C3 9B 03 14 08 BC 9C 7F  ...D.?=F........
00003F40:  42 FE FE E8 E8 C0 F1 50 77 36 B9 7A F4 2A 15 F1  B......Pw6.z.*..
00003F50:  D0 3D 4F 77 DD A9 43 BA 9C F1 93 FF 82 6E 15 6A  .=Ow..C......n.j
00003F60:  4E 40 F4 FF B5 E8 4A 51 A1 92 D2 8C FB 8F DA FF  N@....JQ........
00003F70:  3B E0 85 69 04 12 0A 03 E5 43 F7 19 41 C0 3E 36  ;..i.....C..A.>6
00003F80:  F8 09 68 BE F3 00 31 8D 32 A5 16 AE D4 D1 C2 76  ..h...1.2......v
00003F90:  3F E8 CA D7 DD D8 03 F4 45 D7 38 27 60 BA 52 C4  ?.......E.8'`.R.
00003FA0:  64 A7 92 8A BB F5 E2 2D C1 45 56 BE 1E 31 13 85  d......-.EV..1..
00003FB0:  68 2B A6 3E 09 41 9C 2D 2F E9 AA 01 F2 AC E8 FC  h+.>.A.-/.......
00003FC0:  7D 4A 6D E4 76 45 00 00 00 00 00 00 00 00 00 00  }Jm.vE..........
00003FD0:  00 00 00 00 00 00 00 00 00 00 00 00 00 00 00 00  ................ [zeros]
00003FE0:  00 00 00 00 00 00 00 00 00 00 00 00 00 00 00 00  ................ [zeros]
00003FF0:  00 00 00 00 00 00 00 00 00 00 00 00 00 00 00 00  ................ [zeros]
00004000:  00 00 00 00 00 00 00 00 00 00 00 00 00 00 00 00  ................ [zeros]
00004010:  00 00 00 00 00 00 00 00 00 00 00 00 00 00 00 00  ................ [zeros]
00004020:  00 00 00 00 00 00 00 00 00 00 00 00 00 00 00 00  ................ [zeros]
00004030:  00 00 00 00 00 00 00 00 00 00 00 00 00 00 00 00  ................ [zeros]
00004040:  00 00 00 00 00 00 00 00 00 00 00 00 00 00 00 00  ................ [zeros]
00004050:  00 00 00 00 00 00 00 00 00 00 00 00 00 00 00 00  ................ [zeros]
00004060:  00 00 00 00 00 00 00 00 00 00 00 00 00 00 00 00  ................ [zeros]
00004070:  00 00 00 00 00 00 FC EA 3C D1 A3 3B 1C 09 AE 94  ........<..;....
00004080:  EB 85 7D 4D 4D 6E F4 F1 9E DB 84 29 44 AE D6 6C  ..}MMn.....)D..l
00004090:  2A 73 93 B9 4E EC DF 9D E8 D5 F6 07 0B 88 14 DC  *s..N...........
000040A0:  76 60 D1 C4 82 F3 71 8D 3E 66 17 31 85 82 3B 5D  v`....q.>f.1..;]
000040B0:  5B 88 4C 6A 46 B8 00 00 00 00 00 00 00 00 00 00  [.LjF...........
000040C0:  00 00 00 00 00 00 00 00 00 00 00 00 00 00 00 00  ................ [zeros]
000040D0:  00 00 00 00 00 00 00 00 00 00 00 00 00 00 00 00  ................ [zeros]
000040E0:  00 00 00 00 00 00 00 00 00 00 00 00 00 00 00 00  ................ [zeros]
000040F0:  00 00 00 00 00 00 00 00 00 00 00 00 00 00 00 00  ................ [zeros]
00004100:  00 00 00 00 00 00 00 00 00 00 00 00 00 00 00 00  ................ [zeros]
00004110:  00 00 00 00 00 00 00 00 00 00 00 00 00 00 00 00  ................ [zeros]
00004120:  00 00 00 00 00 00 00 00 00 00 00 00 00 00 00 00  ................ [zeros]
00004130:  00 00 00 00 00 00 00 00 00 00 00 00 00 00 00 00  ................ [zeros]
00004140:  00 00 00 00 00 00 00 00 00 00 00 00 00 00 00 00  ................ [zeros]
00004150:  00 00 00 00 00 00 00 00 00 00 00 00 00 00 00 00  ................ [zeros]
00004160:  00 00 00 00 00 00 00 00 00 00 00 00 00 00 00 00  ................ [zeros]
00004170:  00 00 00 00 00 00 00 00 00 00 00 00 00 00 00 00  ................ [zeros]
00004180:  00 00 00 00 00 00 00 00 00 00 00 00 00 00 00 00  ................ [zeros]
00004190:  00 00 00 00 00 00 00 00 00 00 00 00 00 00 00 00  ................ [zeros]
000041A0:  00 00 00 00 00 00 00 00 00 00 00 00 00 00 00 00  ................ [zeros]
000041B0:  00 00 00 00 00 00 00 00 00 00 00 00 00 00 00 00  ................ [zeros]
000041C0:  00 00 00 00 00 00 00 00 00 00 00 00 00 00 00 00  ................ [zeros]
000041D0:  00 00 00 00 00 00 00 00 00 00 00 00 00 00 00 00  ................ [zeros]
000041E0:  00 00 00 00 00 00 00 00 00 00 00 00 00 00 00 00  ................ [zeros]
000041F0:  00 00 00 00 00 00 00 00 00 00 00 00 00 00 00 00  ................ [zeros]
00004200:  00 00 00 00 00 00 00 00 00 00 00 00 00 00 00 00  ................ [zeros]
00004210:  00 00 00 00 00 00 00 00 00 00 00 00 00 00 00 00  ................ [zeros]
00004220:  00 00 00 00 00 00 F9 63 A2 01 39 CC 52 E7 AF 35  .......c..9.R..5
00004230:  2B 4E 1F 53 6E 91 42 4E 7A 90 C1 68 4F D6 59 5F  +N.Sn.BNz..hO.Y_
00004240:  83 A2 BE 63 03 10 00 00 00 00 00 00 00 00 00 00  ...c............
00004250:  00 00 00 00 00 00 00 00 00 00 00 00 00 00 00 00  ................ [zeros]
00004260:  00 00 00 00 00 00 00 00 00 00 00 00 00 00 00 00  ................ [zeros]
00004270:  00 00 00 00 00 00 00 00 00 00 00 00 00 00 00 00  ................ [zeros]
00004280:  00 00 00 00 00 00 00 00 00 00 00 00 00 00 00 00  ................ [zeros]
00004290:  00 00 00 00 00 00 00 00 00 00 00 00 00 00 00 00  ................ [zeros]
000042A0:  00 00 00 00 00 00 00 00 00 00 00 00 00 00 00 00  ................ [zeros]
000042B0:  00 00 00 00 00 00 00 00 00 00 00 00 00 00 00 00  ................ [zeros]
000042C0:  00 00 00 00 00 00 00 00 00 00 00 00 00 00 00 00  ................ [zeros]
000042D0:  00 00 00 00 00 00 00 00 00 00 00 00 00 00 00 00  ................ [zeros]
000042E0:  00 00 00 00 00 00 00 00 00 00 00 00 00 00 00 00  ................ [zeros]
000042F0:  00 00 00 00 00 00 00 00 00 00 00 00 00 00 00 00  ................ [zeros]
00004300:  00 00 00 00 00 00 00 00 00 00 00 00 00 00 00 00  ................ [zeros]
00004310:  00 00 00 00 00 00 00 00 00 00 00 00 00 00 00 00  ................ [zeros]
00004320:  00 00 00 00 00 00 00 00 00 00 00 00 00 00 00 00  ................ [zeros]
00004330:  00 00 00 00 00 00 00 00 00 00 00 00 00 00 00 00  ................ [zeros]
00004340:  00 00 00 00 00 00 B0 F3 3A 1A 2B 9D 54 FA C2 A0  ........:.+.T...
00004350:  58 C6 AB 17 67 A0 3E C8 B6 62 34 B2 AD 42 7C AA  X...g.>..b4..B|.
00004360:  8C 8F E6 3C 00 93 96 A4 F7 09 26 84 3F 83 CF DE  ...<......&.?...
00004370:  42 22 F2 35 4F 30 C1 EF 11 1E F4 7B AD 8A 15 B2  B".5O0.....{....
00004380:  DC EB F2 D3 12 C1 ED 06 FC E2 79 56 1E BE 46 87  ..........yV..F.
00004390:  C4 BC CD C7 FB 34 43 9C F8 A8 7B 5D A1 29 D5 5D  .....4C...{].).]
000043A0:  4D 9F 01 69 B9 FA 00 00 00 00 00 00 00 00 00 00  M..i............
000043B0:  00 00 00 00 00 00 8E 41 8D C1 53 53 F4 31 85 ED  .......A..SS.1..
000043C0:  4B 3B 4F 4B 08 11 0D A4 54 83 97 84 63 8D 59 C1  K;OK....T...c.Y.
000043D0:  89 70 72 C6 3B 38 C1 EF 11 1E F4 7B AD 8A 15 B2  .pr.;8.....{....
000043E0:  DC EB F2 D3 12 C1 00 00 00 00 00 00 00 00 00 00  ................
000043F0:  00 00 00 00 00 00 78 09 5C 52 06 CA 39 39 A5 A7  ......x.\R..99..
00004400:  DE 1F 05 24 2D 19 47 38 C0 9E AC BA 3E FA 5F D0  ...$-.G8....>._.
00004410:  87 0F 21 C3 9F 59 F4 01 26 63 22 A5 A7 7A FE 32  ..!..Y..&c"..z.2
00004420:  00 E0 05 EB AC 01 00 00 00 00 00 00 00 00 00 00  ................
00004430:  00 00 00 00 00 00 00 00 00 00 00 00 00 00 00 00  ................ [zeros]
00004440:  00 00 00 00 00 00 00 00 00 00 00 00 00 00 00 00  ................ [zeros]
00004450:  00 00 00 00 00 00 00 00 00 00 00 00 00 00 00 00  ................ [zeros]
00004460:  00 00 00 00 00 00 00 00 00 00 00 00 00 00 00 00  ................ [zeros]
00004470:  00 00 00 00 00 00 00 00 00 00 00 00 00 00 00 00  ................ [zeros]
00004480:  00 00 00 00 00 00 00 00 00 00 00 00 00 00 00 00  ................ [zeros]
00004490:  00 00 00 00 00 00 00 00 00 00 00 00 00 00 00 00  ................ [zeros]
000044A0:  00 00 00 00 00 00 00 00 00 00 00 00 00 00 00 00  ................ [zeros]
000044B0:  00 00 00 00 00 00 00 00 00 00 00 00 00 00 00 00  ................ [zeros]
000044C0:  00 00 00 00 00 00 00 00 00 00 00 00 00 00 00 00  ................ [zeros]
000044D0:  00 00 00 00 00 00 00 00 00 00 00 00 00 00 00 00  ................ [zeros]
000044E0:  00 00 00 00 00 00 00 00 00 00 00 00 00 00 00 00  ................ [zeros]
000044F0:  00 00 00 00 00 00 00 00 00 00 00 00 00 00 00 00  ................ [zeros]
00004500:  00 00 00 00 00 00 00 00 00 00 00 00 00 00 00 00  ................ [zeros]
00004510:  00 00 00 00 00 00 00 00 00 00 00 00 00 00 00 00  ................ [zeros]
00004520:  00 00 00 00 00 00 00 00 00 00 00 00 00 00 00 00  ................ [zeros]
00004530:  00 00 00 00 00 00 00 00 00 00 00 00 00 00 00 00  ................ [zeros]
00004540:  00 00 00 00 00 00 00 00 00 00 00 00 00 00 00 00  ................ [zeros]
00004550:  00 00 00 00 00 00 00 00 00 00 00 00 00 00 00 00  ................ [zeros]
00004560:  00 00 00 00 00 00 00 00 00 00 00 00 00 00 00 00  ................ [zeros]
00004570:  00 00 00 00 00 00 00 00 00 00 00 00 00 00 00 00  ................ [zeros]
00004580:  00 00 00 00 00 00 00 00 00 00 00 00 00 00 00 00  ................ [zeros]
00004590:  00 00 00 00 00 00 00 00 00 00 00 00 00 00 00 00  ................ [zeros]
000045A0:  00 00 00 00 00 00 00 00 00 00 00 00 00 00 00 00  ................ [zeros]
000045B0:  00 00 00 00 00 00 00 00 00 00 00 00 00 00 00 00  ................ [zeros]
000045C0:  00 00 00 00 00 00 00 00 00 00 00 00 00 00 00 00  ................ [zeros]
000045D0:  00 00 00 00 00 00 00 00 00 00 00 00 00 00 00 00  ................ [zeros]
000045E0:  00 00 00 00 00 00 00 00 00 00 00 00 00 00 00 00  ................ [zeros]
000045F0:  00 00 00 00 00 00 00 00 00 00 00 00 00 00 00 00  ................ [zeros]
00004600:  00 00 00 00 00 00 00 00 00 00 00 00 00 00 00 00  ................ [zeros]
00004610:  00 00 00 00 00 00 00 00 00 00 00 00 00 00 00 00  ................ [zeros]
00004620:  00 00 00 00 00 00 00 00 00 00 00 00 00 00 00 00  ................ [zeros]
00004630:  00 00 00 00 00 00 00 00 00 00 00 00 00 00 00 00  ................ [zeros]
00004640:  00 00 00 00 00 00 00 00 00 00 00 00 00 00 00 00  ................ [zeros]
00004650:  00 00 00 00 00 00 00 00 00 00 00 00 00 00 00 00  ................ [zeros]
00004660:  00 00 00 00 00 00 00 00 00 00 00 00 00 00 00 00  ................ [zeros]
00004670:  00 00 00 00 00 00 00 00 00 00 00 00 00 00 00 00  ................ [zeros]
00004680:  00 00 00 00 00 00 00 00 00 00 00 00 00 00 00 00  ................ [zeros]
00004690:  00 00 00 00 00 00 00 00 00 00 00 00 00 00 00 00  ................ [zeros]
000046A0:  00 00 00 00 00 00 00 00 00 00 00 00 00 00 00 00  ................ [zeros]
000046B0:  00 00 00 00 00 00 00 00 00 00 00 00 00 00 00 00  ................ [zeros]
000046C0:  00 00 00 00 00 00 00 00 00 00 00 00 00 00 00 00  ................ [zeros]
000046D0:  00 00 00 00 00 00 00 00 00 00 00 00 00 00 00 00  ................ [zeros]
000046E0:  00 00 00 00 00 00 00 00 00 00 00 00 00 00 00 00  ................ [zeros]
000046F0:  00 00 00 00 00 00 00 00 00 00 00 00 00 00 00 00  ................ [zeros]
00004700:  00 00 00 00 00 00 00 00 00 00 00 00 00 00 00 00  ................ [zeros]
00004710:  00 00 00 00 00 00 00 00 00 00 00 00 00 00 00 00  ................ [zeros]
00004720:  00 00 00 00 00 00 00 00 00 00 00 00 00 00 00 00  ................ [zeros]
00004730:  00 00 00 00 00 00 00 00 00 00 00 00 00 00 00 00  ................ [zeros]
00004740:  00 00 00 00 00 00 00 00 00 00 00 00 00 00 00 00  ................ [zeros]
00004750:  00 00 00 00 00 00 00 00 00 00 00 00 00 00 00 00  ................ [zeros]
00004760:  00 00 00 00 00 00 00 00 00 00 00 00 00 00 00 00  ................ [zeros]
00004770:  00 00 00 00 00 00 00 00 00 00 00 00 00 00 00 00  ................ [zeros]
00004780:  00 00 00 00 00 00 00 00 00 00 00 00 00 00 00 00  ................ [zeros]
00004790:  00 00 00 00 00 00 00 00 00 00 00 00 00 00 00 00  ................ [zeros]
000047A0:  00 00 00 00 00 00 00 00 00 00 00 00 00 00 00 00  ................ [zeros]
000047B0:  00 00 00 00 00 00 00 00 00 00 00 00 00 00 00 00  ................ [zeros]
000047C0:  00 00 00 00 00 00 00 00 00 00 00 00 00 00 00 00  ................ [zeros]
000047D0:  00 00 00 00 00 00 00 00 00 00 00 00 00 00 00 00  ................ [zeros]
000047E0:  00 00 00 00 00 00 00 00 00 00 00 00 00 00 00 00  ................ [zeros]
000047F0:  00 00 00 00 00 00 00 00 00 00 00 00 00 00 00 00  ................ [zeros]
00004800:  00 00 00 00 00 00 00 00 00 00 00 00 00 00 00 00  ................ [zeros]
00004810:  00 00 00 00 00 00 00 00 00 00 00 00 00 00 00 00  ................ [zeros]
00004820:  00 00 00 00 00 00 00 00 00 00 00 00 00 00 00 00  ................ [zeros]
00004830:  00 00 00 00 00 00 00 00 00 00 00 00 00 00 00 00  ................ [zeros]
00004840:  00 00 00 00 00 00 00 00 00 00 00 00 00 00 00 00  ................ [zeros]
00004850:  00 00 00 00 00 00 00 00 00 00 00 00 00 00 00 00  ................ [zeros]
00004860:  00 00 00 00 00 00 00 00 00 00 00 00 00 00 00 00  ................ [zeros]
00004870:  00 00 00 00 00 00 00 00 00 00 00 00 00 00 00 00  ................ [zeros]
00004880:  00 00 00 00 00 00 00 00 00 00 00 00 00 00 00 00  ................ [zeros]
00004890:  00 00 00 00 00 00 00 00 00 00 00 00 00 00 00 00  ................ [zeros]
000048A0:  00 00 00 00 00 00 00 00 00 00 00 00 00 00 00 00  ................ [zeros]
000048B0:  00 00 00 00 00 00 00 00 00 00 00 00 00 00 00 00  ................ [zeros]
000048C0:  00 00 00 00 00 00 00 00 00 00 00 00 00 00 00 00  ................ [zeros]
000048D0:  00 00 00 00 00 00 00 00 00 00 00 00 00 00 00 00  ................ [zeros]
000048E0:  00 00 00 00 00 00 00 00 00 00 00 00 00 00 00 00  ................ [zeros]
000048F0:  00 00 00 00 00 00 00 00 00 00 00 00 00 00 00 00  ................ [zeros]
00004900:  00 00 00 00 00 00 00 00 00 00 00 00 00 00 00 00  ................ [zeros]
00004910:  00 00 00 00 00 00 00 00 00 00 00 00 00 00 00 00  ................ [zeros]
00004920:  00 00 00 00 00 00 00 00 00 00 00 00 00 00 00 00  ................ [zeros]
00004930:  00 00 00 00 00 00 00 00 00 00 00 00 00 00 00 00  ................ [zeros]
00004940:  00 00 00 00 00 00 00 00 00 00 00 00 00 00 00 00  ................ [zeros]
00004950:  00 00 00 00 00 00 00 00 00 00 00 00 00 00 00 00  ................ [zeros]
00004960:  00 00 00 00 00 00 00 00 00 00 00 00 00 00 00 00  ................ [zeros]
00004970:  00 00 00 00 00 00 00 00 00 00 00 00 00 00 00 00  ................ [zeros]
00004980:  00 00 00 00 00 00 00 00 00 00 00 00 00 00 00 00  ................ [zeros]
00004990:  00 00 00 00 00 00 00 00 00 00 00 00 00 00 00 00  ................ [zeros]
000049A0:  00 00 00 00 00 00 00 00 00 00 00 00 00 00 00 00  ................ [zeros]
000049B0:  00 00 00 00 00 00 00 00 00 00 00 00 00 00 00 00  ................ [zeros]
000049C0:  00 00 00 00 00 00 00 00 00 00 00 00 00 00 00 00  ................ [zeros]
000049D0:  00 00 00 00 00 00 00 00 00 00 00 00 00 00 00 00  ................ [zeros]
000049E0:  00 00 00 00 00 00 00 00 00 00 00 00 00 00 00 00  ................ [zeros]
000049F0:  00 00 00 00 00 00 00 00 00 00 00 00 00 00 00 00  ................ [zeros]
00004A00:  00 00 00 00 00 00 00 00 00 00 00 00 00 00 00 00  ................ [zeros]
00004A10:  00 00 00 00 00 00 00 00 00 00 00 00 00 00 00 00  ................ [zeros]
00004A20:  00 00 00 00 00 00 01 D7 3B AE 47 2E 36 BD FA 3E  ........;.G.6..>
00004A30:  E0 03 70 58 2A 2B 1A E7 2C 0C E6 97 99 64 5E 7B  ..pX*+..,....d^{
00004A40:  F1 0C 29 3D D7 72 22 9F 29 56 62 B9 7B CD 8B 71  ..)=.r".)Vb.{..q
00004A50:  8D A4 6A 8A DE A6 22 9F 29 56 62 B9 7B CD 8B 71  ..j...".)Vb.{..q
00004A60:  8D A4 6A 8A DE A6 22 9F 29 56 62 B9 7B CD 8B 71  ..j...".)Vb.{..q
00004A70:  8D A4 6A 8A DE A6 22 9F 29 56 62 B9 7B CD 8B 71  ..j...".)Vb.{..q
00004A80:  8D A4 6A 8A DE A6 22 9F 29 56 62 B9 7B CD 8B 71  ..j...".)Vb.{..q
00004A90:  8D A4 6A 8A DE A6 22 9F 29 56 62 B9 7B CD 8B 71  ..j...".)Vb.{..q
00004AA0:  8D A4 6A 8A DE A6 22 9F 29 56 62 B9 7B CD 8B 71  ..j...".)Vb.{..q
00004AB0:  8D A4 6A 8A DE A6 22 9F 29 56 62 B9 7B CD 8B 71  ..j...".)Vb.{..q
00004AC0:  8D A4 6A 8A DE A6 22 9F 29 56 62 B9 7B CD 8B 71  ..j...".)Vb.{..q
00004AD0:  8D A4 6A 8A DE A6 22 9F 29 56 62 B9 7B CD 8B 71  ..j...".)Vb.{..q
00004AE0:  8D A4 6A 8A DE A6 22 9F 29 56 62 B9 7B CD 8B 71  ..j...".)Vb.{..q
00004AF0:  8D A4 6A 8A DE A6 22 9F 29 56 62 B9 7B CD 8B 71  ..j...".)Vb.{..q
00004B00:  8D A4 6A 8A DE A6 22 9F 29 56 62 B9 7B CD 8B 71  ..j...".)Vb.{..q
00004B10:  8D A4 6A 8A DE A6 22 9F 29 56 62 B9 7B CD 8B 71  ..j...".)Vb.{..q
00004B20:  8D A4 6A 8A DE A6 22 9F 29 56 62 B9 7B CD 8B 71  ..j...".)Vb.{..q
00004B30:  8D A4 6A 8A DE A6 0A D8 97 6B 1A 79 F4 C6 95 8F  ..j......k.y....
00004B40:  E5 D1 8F C1 55 BE 00 00 00 00 00 00 00 00 00 00  ....U...........
00004B50:  00 00 00 00 00 00 00 00 00 00 00 00 00 00 00 00  ................ [zeros]
00004B60:  00 00 00 00 00 00 00 00 00 00 00 00 00 00 00 00  ................ [zeros]
00004B70:  00 00 00 00 00 00 00 00 00 00 00 00 00 00 00 00  ................ [zeros]
00004B80:  00 00 00 00 00 00 00 00 00 00 00 00 00 00 00 00  ................ [zeros]
00004B90:  00 00 00 00 00 00 00 00 00 00 00 00 00 00 00 00  ................ [zeros]
00004BA0:  00 00 00 00 00 00 00 00 00 00 00 00 00 00 00 00  ................ [zeros]
00004BB0:  00 00 00 00 00 00 00 00 00 00 00 00 00 00 00 00  ................ [zeros]
00004BC0:  00 00 00 00 00 00 00 00 00 00 00 00 00 00 00 00  ................ [zeros]
00004BD0:  00 00 00 00 00 00 00 00 00 00 00 00 00 00 00 00  ................ [zeros]
00004BE0:  00 00 00 00 00 00 00 00 00 00 00 00 00 00 00 00  ................ [zeros]
00004BF0:  00 00 00 00 00 00 00 00 00 00 00 00 00 00 00 00  ................ [zeros]
00004C00:  00 00 00 00 00 00 00 00 00 00 00 00 00 00 00 00  ................ [zeros]
00004C10:  00 00 00 00 00 00 00 00 00 00 00 00 00 00 00 00  ................ [zeros]
00004C20:  00 00 00 00 00 00 00 00 00 00 00 00 00 00 00 00  ................ [zeros]
00004C30:  00 00 00 00 00 00 00 00 00 00 00 00 00 00 00 00  ................ [zeros]
00004C40:  00 00 00 00 00 00 A9 3B 74 24 48 C5 B8 B9 73 CE  .......;t$H...s.
00004C50:  18 1F D4 3C 50 71 22 9F 29 56 62 B9 7B CD 8B 71  ...<Pq".)Vb.{..q
00004C60:  8D A4 6A 8A DE A6 22 9F 29 56 62 B9 7B CD 8B 71  ..j...".)Vb.{..q
00004C70:  8D A4 6A 8A DE A6 22 9F 29 56 62 B9 7B CD 8B 71  ..j...".)Vb.{..q
00004C80:  8D A4 6A 8A DE A6 22 9F 29 56 62 B9 7B CD 8B 71  ..j...".)Vb.{..q
00004C90:  8D A4 6A 8A DE A6 22 9F 29 56 62 B9 7B CD 8B 71  ..j...".)Vb.{..q
00004CA0:  8D A4 6A 8A DE A6 22 9F 29 56 62 B9 7B CD 8B 71  ..j...".)Vb.{..q
00004CB0:  8D A4 6A 8A DE A6 22 9F 29 56 62 B9 7B CD 8B 71  ..j...".)Vb.{..q
00004CC0:  8D A4 6A 8A DE A6 22 9F 29 56 62 B9 7B CD 8B 71  ..j...".)Vb.{..q
00004CD0:  8D A4 6A 8A DE A6 22 9F 29 56 62 B9 7B CD 8B 71  ..j...".)Vb.{..q
00004CE0:  8D A4 6A 8A DE A6 22 9F 29 56 62 B9 7B CD 8B 71  ..j...".)Vb.{..q
00004CF0:  8D A4 6A 8A DE A6 22 9F 29 56 62 B9 7B CD 8B 71  ..j...".)Vb.{..q
00004D00:  8D A4 6A 8A DE A6 22 9F 29 56 62 B9 7B CD 8B 71  ..j...".)Vb.{..q
00004D10:  8D A4 6A 8A DE A6 22 9F 29 56 62 B9 7B CD 8B 71  ..j...".)Vb.{..q
00004D20:  8D A4 6A 8A DE A6 22 9F 29 56 62 B9 7B CD 8B 71  ..j...".)Vb.{..q
00004D30:  8D A4 6A 8A DE A6 22 9F 29 56 62 B9 7B CD 8B 71  ..j...".)Vb.{..q
00004D40:  8D A4 6A 8A DE A6 C2 9A 34 A9 F3 93 0B 02 74 25  ..j.....4.....t%
00004D50:  56 FC 96 62 CB 43 22 9F 29 56 62 B9 7B CD 8B 71  V..b.C".)Vb.{..q
00004D60:  8D A4 6A 8A DE A6 22 9F 29 56 62 B9 7B CD 8B 71  ..j...".)Vb.{..q
00004D70:  8D A4 6A 8A DE A6 22 9F 29 56 62 B9 7B CD 8B 71  ..j...".)Vb.{..q
00004D80:  8D A4 6A 8A DE A6 22 9F 29 56 62 B9 7B CD 8B 71  ..j...".)Vb.{..q
00004D90:  8D A4 6A 8A DE A6 22 9F 29 56 62 B9 7B CD 8B 71  ..j...".)Vb.{..q
00004DA0:  8D A4 6A 8A DE A6 22 9F 29 56 62 B9 7B CD 8B 71  ..j...".)Vb.{..q
00004DB0:  8D A4 6A 8A DE A6 22 9F 29 56 62 B9 7B CD 8B 71  ..j...".)Vb.{..q
00004DC0:  8D A4 6A 8A DE A6 22 9F 29 56 62 B9 7B CD 8B 71  ..j...".)Vb.{..q
00004DD0:  8D A4 6A 8A DE A6 22 9F 29 56 62 B9 7B CD 8B 71  ..j...".)Vb.{..q
00004DE0:  8D A4 6A 8A DE A6 22 9F 29 56 62 B9 7B CD 8B 71  ..j...".)Vb.{..q
00004DF0:  8D A4 6A 8A DE A6 22 9F 29 56 62 B9 7B CD 8B 71  ..j...".)Vb.{..q
00004E00:  8D A4 6A 8A DE A6 22 9F 29 56 62 B9 7B CD 8B 71  ..j...".)Vb.{..q
00004E10:  8D A4 6A 8A DE A6 22 9F 29 56 62 B9 7B CD 8B 71  ..j...".)Vb.{..q
00004E20:  8D A4 6A 8A DE A6 22 9F 29 56 62 B9 7B CD 8B 71  ..j...".)Vb.{..q
00004E30:  8D A4 6A 8A DE A6 22 9F 29 56 62 B9 7B CD 8B 71  ..j...".)Vb.{..q
00004E40:  8D A4 6A 8A DE A6 D1 D6 D1 B3 B8 30 EB 8D 8F 36  ..j........0...6
00004E50:  58 C3 EC D9 A1 30 00 00 00 00 00 00 00 00 00 00  X....0..........
00004E60:  00 00 00 00 00 00 00 00 00 00 00 00 00 00 00 00  ................ [zeros]
00004E70:  00 00 00 00 00 00 00 00 00 00 00 00 00 00 00 00  ................ [zeros]
00004E80:  00 00 00 00 00 00 00 00 00 00 00 00 00 00 00 00  ................ [zeros]
00004E90:  00 00 00 00 00 00 CF B1 27 9D 05 FF FE 41 7C 8A  ........'....A|.
00004EA0:  71 3C 5C 6D 8F 70 86 83 78 48 40 E3 32 70 F2 CC  q<\m.p..xH@.2p..
00004EB0:  86 4A 72 64 8C 00 86 83 78 48 40 E3 32 70 F2 CC  .Jrd....xH@.2p..
00004EC0:  86 4A 72 64 8C 00 48 8E 14 89 EC C3 99 2B 50 7B  .Jrd..H......+P{
00004ED0:  03 48 A7 60 F7 2A 9A B2 24 73 58 F5 62 9E C7 1E  .H.`.*..$sX.b...
00004EE0:  4F 01 A2 5C 0F 14 F5 DF 0A 50 82 EC 4F AF D9 70  O..\.....P..O..p
00004EF0:  4F 71 26 53 42 AF 24 25 A7 17 58 3B E8 95 39 63  Oq&SB.$%..X;..9c
00004F00:  96 8A 8D 15 C8 DB 38 10 E2 5F 39 59 1E 76 9A 9F  ......8.._9Y.v..
00004F10:  E4 E9 1D 07 5D 4D 96 4F 8D 46 50 1A CC 8F 4A 3F  ....]M.O.FP...J?
00004F20:  59 84 09 48 51 94 00 00 00 00 00 00 00 00 00 00  Y..HQ...........
00004F30:  00 00 00 00 00 00 00 00 00 00 00 00 00 00 00 00  ................ [zeros]
00004F40:  00 00 00 00 00 00 00 00 00 00 00 00 00 00 00 00  ................ [zeros]
00004F50:  00 00 00 00 00 00 00 00 00 00 00 00 00 00 00 00  ................ [zeros]
00004F60:  00 00 00 00 00 00 00 00 00 00 00 00 00 00 00 00  ................ [zeros]
00004F70:  00 00 00 00 00 00 00 00 00 00 00 00 00 00 00 00  ................ [zeros]
00004F80:  00 00 00 00 00 00 00 00 00 00 00 00 00 00 00 00  ................ [zeros]
00004F90:  00 00 00 00 00 00 00 00 00 00 00 00 00 00 00 00  ................ [zeros]
00004FA0:  00 00 00 00 00 00 00 00 00 00 00 00 00 00 00 00  ................ [zeros]
00004FB0:  00 00 00 00 00 00 00 00 00 00 00 00 00 00 00 00  ................ [zeros]
00004FC0:  00 00 00 00 00 00 00 00 00 00 00 00 00 00 00 00  ................ [zeros]
00004FD0:  00 00 00 00 00 00 00 00 00 00 00 00 00 00 00 00  ................ [zeros]
00004FE0:  00 00 00 00 00 00 D3 41 A0 E1 71 36 BE 70 6D FD  .......A..q6.pm.
00004FF0:  0B 9D 2C 6E 40 2D 02 E5 2D E3 93 20 60 9A 5B F7  ..,n@-..-.. `.[.
00005000:  AE 42 4E 88 14 DF 43 68 DD 56 61 64 F6 7E 0B EA  .BN...Ch.Vad.~..
00005010:  21 21 F6 97 2B A4 D1 6D 9D EC 03 D7 43 1E 8C 4D  !!..+..m....C..M
00005020:  8F CE F3 EB 90 4E B0 49 9D 34 7D 7C AB 85 28 6F  .....N.I.4}|..(o
00005030:  27 24 00 9B 1A C4 C8 F3 36 3C 0F 13 E6 79 A7 DC  '$......6<...y..
00005040:  D3 A2 42 0E 45 FD 14 89 B8 37 A4 6B 42 73 50 DB  ..B.E....7.kBsP.
00005050:  C7 26 5B D1 D2 82 CE 6C A7 F2 4A 79 5D 69 7E AB  .&[....l..Jy]i~.
00005060:  8E 16 C0 A4 BE 54 2E A6 EF CA D2 90 5B B6 D0 57  .....T......[..W
00005070:  BD FC 90 A8 67 E9 B9 04 5D E9 9C 5F 17 11 5B 23  ....g...].._..[#
00005080:  62 18 31 04 D9 FF 00 00 00 00 00 00 00 00 00 00  b.1.............
00005090:  00 00 00 00 00 00 00 00 00 00 00 00 00 00 00 00  ................ [zeros]
000050A0:  00 00 00 00 00 00 35 3D 28 2C 8D AF C5 15 E6 EC  ......5=(,......
000050B0:  3A 02 AA F9 B3 F4 A3 6C BF 1D EC 60 E1 C8 23 F6  :......l...`..#.
000050C0:  CD 43 4C BB 7B A8 D4 96 79 3B 68 7C CB 19 F1 A9  .CL.{...y;h|....
000050D0:  51 BA 0D 08 4A 20 AD 48 FD F7 66 EF 91 19 59 BE  Q...J .H..f...Y.
000050E0:  95 AA 32 22 36 2F C5 A5 1D CD 64 5A 79 7D 91 CD  ..2"6/....dZy}..
000050F0:  27 B5 81 57 76 F2 41 86 7F 86 0D 3C 24 AE 8C 88  '..Wv.A....<$...
00005100:  95 97 12 FA 29 FC DE 14 23 C5 9E E7 7C E8 A3 7E  ....)...#...|..~
00005110:  EE B1 1A F0 23 F4 2F 5A D5 50 70 3E 47 81 E1 B3  ....#./Z.Pp>G...
00005120:  49 30 26 8D 59 9B 5E 0D E6 DE 1D 56 49 25 EA E8  I0&.Y.^....VI%..
00005130:  9E 22 95 2C 26 65 00 00 00 00 00 00 00 00 00 00  .".,&e..........
00005140:  00 00 00 00 00 00 A3 6C BF 1D EC 60 E1 C8 23 F6  .......l...`..#.
00005150:  CD 43 4C BB 7B A8 D4 96 79 3B 68 7C CB 19 F1 A9  .CL.{...y;h|....
00005160:  51 BA 0D 08 4A 20 00 00 00 00 00 00 00 00 00 00  Q...J ..........
00005170:  00 00 00 00 00 00 00 00 00 00 00 00 00 00 00 00  ................ [zeros]
00005180:  00 00 00 00 00 00 00 00 00 00 00 00 00 00 00 00  ................ [zeros]
00005190:  00 00 00 00 00 00 00 00 00 00 00 00 00 00 00 00  ................ [zeros]
000051A0:  00 00 00 00 00 00 00 00 00 00 00 00 00 00 00 00  ................ [zeros]
000051B0:  00 00 00 00 00 00 00 00 00 00 00 00 00 00 00 00  ................ [zeros]
000051C0:  00 00 00 00 00 00 00 00 00 00 00 00 00 00 00 00  ................ [zeros]
000051D0:  00 00 00 00 00 00 00 00 00 00 00 00 00 00 00 00  ................ [zeros]
000051E0:  00 00 00 00 00 00 00 00 00 00 00 00 00 00 00 00  ................ [zeros]
000051F0:  00 00 00 00 00 00 00 00 00 00 00 00 00 00 00 00  ................ [zeros]
00005200:  00 00 00 00 00 00 00 00 00 00 00 00 00 00 00 00  ................ [zeros]
00005210:  00 00 00 00 00 00 00 00 00 00 00 00 00 00 00 00  ................ [zeros]
00005220:  00 00 00 00 00 00 0D E9 EB 15 7E 5F 79 26 91 CB  ..........~_y&..
00005230:  9D 6A DC 7F 7A D4 B7 F0 37 0F 84 26 68 E8 09 6E  .j..z...7..&h..n
00005240:  28 4A 29 ED BF 24 8A 33 06 FE 34 36 56 DD 71 12  (J)..$.3..46V.q.
00005250:  9A 8E B6 D7 D7 40 00 DD 7F EA F2 DD 72 84 F0 AA  .....@......r...
00005260:  4D A9 11 86 B4 4F B7 F0 37 0F 84 26 68 E8 09 6E  M....O..7..&h..n
00005270:  28 4A 29 ED BF 24 8A 33 06 FE 34 36 56 DD 71 12  (J)..$.3..46V.q.
00005280:  9A 8E B6 D7 D7 40 00 DD 7F EA F2 DD 72 84 F0 AA  .....@......r...
00005290:  4D A9 11 86 B4 4F B7 F0 37 0F 84 26 68 E8 09 6E  M....O..7..&h..n
000052A0:  28 4A 29 ED BF 24 39 44 3E 29 9B CE 78 30 F8 7C  (J)..$9D>)..x0.|
000052B0:  51 8E 60 05 C6 03 FE D5 96 24 51 A4 03 FA C1 E7  Q.`......$Q.....
000052C0:  87 CA 8D E4 BC A2 0F A7 65 DB E6 4E 82 CD C0 5D  ........e..N...]
000052D0:  82 46 33 2A F2 3D CA D2 34 2A 42 CF 73 1A D7 B6  .F3*.=..4*B.s...
000052E0:  02 AD 3C 12 42 52 79 B4 BD D0 BC 01 4F 3F DB 9A  ..<.BRy.....O?..
000052F0:  79 B8 C0 1E 72 EF 2A 0B 33 A1 4B 9F 69 1E DD 98  y...r.*.3.K.i...
00005300:  3A 98 C9 C0 A9 A2 C2 9E F4 65 34 77 ED 19 98 70  :........e4w...p
00005310:  E8 29 07 86 FD FD D7 FC 8D 83 BC DD 7F C9 66 32  .)............f2
00005320:  F6 A0 F9 16 D7 8E 63 66 BE 54 1C B0 00 AA 12 82  ......cf.T......
00005330:  15 E0 17 C5 A7 53 81 30 A8 1A 5C 1C 0B 8E F1 85  .....S.0..\.....
00005340:  84 3E 3C CE D5 17 85 6A A2 E0 09 87 4B E9 FB 1A  .><....j....K...
00005350:  C3 AE BC DD 65 B7 6F 28 8C 7D 24 05 15 AB FC AE  ....e.o(.}$.....
00005360:  A1 17 46 96 25 97 A1 13 C0 0A 19 61 FD 74 ED 34  ..F.%......a.t.4
00005370:  E2 A4 27 7C A4 A0 E4 92 EA 1A D9 96 A2 3B 7D 12  ..'|.........;}.
00005380:  42 51 48 8F 42 58 F5 D8 31 C0 3B 64 01 CB 2F 5F  BQH.BX..1.;d../_
00005390:  24 02 A5 4F F5 BC 2A F4 F8 30 EF B9 C0 4F 79 88  $..O..*..0...Oy.
000053A0:  C7 18 AA 46 A5 71 00 00 00 00 00 00 00 00 00 00  ...F.q..........
000053B0:  00 00 00 00 00 00 A3 6C BF 1D EC 60 E1 C8 23 F6  .......l...`..#.
000053C0:  CD 43 4C BB 7B A8 DE 14 23 C5 9E E7 7C E8 A3 7E  .CL.{...#...|..~
000053D0:  EE B1 1A F0 23 F4 00 00 00 00 00 00 00 00 00 00  ....#...........
000053E0:  00 00 00 00 00 00 AD 48 FD F7 66 EF 91 19 59 BE  .......H..f...Y.
000053F0:  95 AA 32 22 36 2F 5E 0D E6 DE 1D 56 49 25 EA E8  ..2"6/^....VI%..
00005400:  9E 22 95 2C 26 65 00 00 00 00 00 00 00 00 00 00  .".,&e..........
00005410:  00 00 00 00 00 00 41 86 7F 86 0D 3C 24 AE 8C 88  ......A....<$...
00005420:  95 97 12 FA 29 FC 00 00 00 00 00 00 00 00 00 00  ....)...........
00005430:  00 00 00 00 00 00 D4 96 79 3B 68 7C CB 19 F1 A9  ........y;h|....
00005440:  51 BA 0D 08 4A 20 2F 5A D5 50 70 3E 47 81 E1 B3  Q...J /Z.Pp>G...
00005450:  49 30 26 8D 59 9B 00 00 00 00 00 00 00 00 00 00  I0&.Y...........
00005460:  00 00 00 00 00 00 C5 A5 1D CD 64 5A 79 7D 91 CD  ..........dZy}..
00005470:  27 B5 81 57 76 F2 00 00 00 00 00 00 00 00 00 00  '..Wv...........
00005480:  00 00 00 00 00 00 A3 6C BF 1D EC 60 E1 C8 23 F6  .......l...`..#.
00005490:  CD 43 4C BB 7B A8 DE 14 23 C5 9E E7 7C E8 A3 7E  .CL.{...#...|..~
000054A0:  EE B1 1A F0 23 F4 00 00 00 00 00 00 00 00 00 00  ....#...........
000054B0:  00 00 00 00 00 00 00 00 00 00 00 00 00 00 00 00  ................ [zeros]
000054C0:  00 00 00 00 00 00 00 00 00 00 00 00 00 00 00 00  ................ [zeros]
000054D0:  00 00 00 00 00 00 00 00 00 00 00 00 00 00 00 00  ................ [zeros]
000054E0:  00 00 00 00 00 00 00 00 00 00 00 00 00 00 00 00  ................ [zeros]
000054F0:  00 00 00 00 00 00 0D 31 57 A2 1B DA B8 8F D4 0A  .......1W.......
00005500:  C2 0A 33 1C D7 A4 6B B0 6F 42 E3 D2 48 29 13 9D  ..3...k.oB..H)..
00005510:  12 1C 4C CA B3 40 00 00 00 00 00 00 00 00 00 00  ..L..@..........
00005520:  00 00 00 00 00 00 50 42 4C 14 33 C7 CB 22 70 AF  ......PBL.3.."p.
00005530:  97 43 18 FD 0A C9 00 00 00 00 00 00 00 00 00 00  .C..............
00005540:  00 00 00 00 00 00 45 E3 F7 57 43 91 B4 67 47 C1  ......E..WC..gG.
00005550:  B4 6E 31 0B 83 D3 3E 3A A7 2E 41 1F 8A 9E FF 2A  .n1...>:..A....*
00005560:  18 9E FC 0F 64 A5 97 DE 2C 96 64 18 E9 D1 E3 BB  ....d...,.d.....
00005570:  D5 50 EE 60 20 25 79 03 65 D6 4F 68 7B 13 FD 9C  .P.` %y.e.Oh{...
00005580:  51 F5 0F 5E 07 9E 55 71 2D EC 56 E5 93 E7 D7 8E  Q..^..Uq-.V.....
00005590:  64 38 92 09 76 CB 00 00 00 00 00 00 00 00 00 00  d8..v...........
000055A0:  00 00 00 00 00 00 12 A4 76 CC 1C 2A E5 4F D7 8B  ........v..*.O..
000055B0:  35 23 BF B8 C0 6A AF CA BD 80 33 C8 04 E5 4D EF  5#...j....3...M.
000055C0:  45 62 82 6F 05 C6 6F 89 15 1F F2 D9 20 6B 1C 3B  Eb.o..o..... k.;
000055D0:  F1 FF DE 7E D0 60 CD 98 67 EF 7F C3 E0 CB 8C E4  ...~.`..g.......
000055E0:  CE F8 FE 2A 1F 8B 46 4B 9C 22 67 BB 09 A1 B6 09  ...*..FK."g.....
000055F0:  37 57 9C 1C 57 DB 7A 7D 40 BD 4B 4A DD 79 D8 53  7W..W.z}@.KJ.y.S
00005600:  F1 28 23 7E C5 4F 34 3C 77 45 C4 59 80 96 C5 9D  .(#~.O4<wE.Y....
00005610:  E4 BC 8F 91 86 52 6E 56 86 9F 95 37 69 8F 0A 3E  .....RnV...7i..>
00005620:  2B 5D A2 FF 79 3F 20 89 5A 75 00 9D BA 2C E3 63  +]..y? .Zu...,.c
00005630:  5F 04 53 31 3D 22 F3 E3 54 C9 96 1E C5 A5 46 2F  _.S1="..T.....F/
00005640:  A4 D2 58 59 71 AE 08 4A 20 9A 9B F4 2E 6B 38 B5  ..XYq..J ....k8.
00005650:  F6 EB B4 09 21 41 00 00 00 00 00 00 00 00 00 00  ....!A..........
00005660:  00 00 00 00 00 00 00 00 00 00 00 00 00 00 00 00  ................ [zeros]
00005670:  00 00 00 00 00 00 00 00 00 00 00 00 00 00 00 00  ................ [zeros]
00005680:  00 00 00 00 00 00 00 00 00 00 00 00 00 00 00 00  ................ [zeros]
00005690:  00 00 00 00 00 00 10 85 85 7F 10 FC 23 9D 51 8F  ............#.Q.
000056A0:  CF 8E 5E 28 8D 34 66 AE 85 30 D4 CB 6B BC 9D 73  ..^(.4f..0..k..s
000056B0:  7F B6 DC 7C 0C D6 CE E4 2B E0 F1 26 66 10 04 0E  ...|....+..&f...
000056C0:  AA 6A BD 59 DC FF DD 6E 0D EC FF 61 78 C7 5A C4  .j.Y...n...ax.Z.
000056D0:  C0 44 F1 8D 78 1C A3 6A 9C 6A AF 3D A7 E6 3C 47  .D..x..j.j.=..<G
000056E0:  EA 79 61 8B C9 B8 7F F7 4B B3 B8 5A 7B A9 54 E0  .ya.....K..Z{.T.
000056F0:  07 77 72 A0 02 26 BE 0F 7B 0D 22 AF 1F 68 BF CB  .wr..&..{."..h..
00005700:  F3 DB EB DB E7 75 99 5E 08 32 72 33 18 76 8E E3  .....u.^.2r3.v..
00005710:  CB 13 AF E4 5F C3 07 5C 2B FA 34 59 4A 21 AB E9  ...._..\+.4YJ!..
00005720:  A8 21 97 D9 26 8F C3 D6 48 CE 3D 88 47 EE D3 77  .!..&...H.=.G..w
00005730:  A7 2E A2 9C F8 0E 73 7E 26 9B 35 7D 54 D5 9E 03  ......s~&.5}T...
00005740:  F5 6A E4 C8 D2 1B AD D7 8B D3 E8 EF A0 B6 DF 93  .j..............
00005750:  08 2E C6 0F CB 73 8A E2 CB 06 86 73 7E E1 CD 81  .....s.....s~...
00005760:  C7 03 88 36 9F C9 92 BD F0 26 25 DD F5 70 38 46  ...6.....&%..p8F
00005770:  EA 2E 74 CB F6 62 E5 59 7C 2F E6 AF AC C9 5D E8  ..t..b.Y|/....].
00005780:  8C EC 5F 5E 89 38 28 66 C9 BF AE F4 D2 EF 3D A1  .._^.8(f......=.
00005790:  32 A4 04 8A F9 69 47 32 B2 77 7B 60 51 7A 45 68  2....iG2.w{`QzEh
000057A0:  D1 37 A9 82 BB 6F 7F F7 24 12 B5 55 7C 36 4B 5D  .7...o..$..U|6K]
000057B0:  6E 8D 7F EB 95 C8 C4 68 BC 59 D4 DA EF B9 9C 49  n......h.Y.....I
000057C0:  AC 51 F5 F6 DD F2 F5 10 9E 6D 2C 9A 14 F9 BF CF  .Q.......m,.....
000057D0:  F2 EF A9 38 24 FD 28 66 C9 BF AE F4 D2 EF 3D A1  ...8$.(f......=.
000057E0:  32 A4 04 8A F9 69 28 36 53 D4 48 26 27 3E 2E 94  2....i(6S.H&'>..
000057F0:  E6 97 6D 88 2C 79 90 FF 1D 6C 48 10 03 5D 0B 19  ..m.,y...lH..]..
00005800:  E8 EC 0E BF 6E 81 C0 7C 5E 3A E6 94 7F 64 95 B8  ....n..|^:...d..
00005810:  D2 92 D9 72 4B 67 2E 75 4F F6 0E 32 32 01 72 40  ...rKg.uO..22.r@
00005820:  42 EE 22 54 70 18 33 D0 C5 48 2E 92 53 0E 2B C7  B."Tp.3..H..S.+.
00005830:  7E 58 AA 39 48 2F 53 43 2E E4 CB 6F C8 90 90 FD  ~X.9H/SC...o....
00005840:  00 F1 DB B8 78 E8 98 9D 12 32 61 A6 F9 83 B6 2E  ....x....2a.....
00005850:  A9 CB D9 38 F5 FE 99 7D A5 BB 22 43 30 E4 7C B3  ...8...}.."C0.|.
00005860:  FD E0 2E FD E4 76 C0 98 41 29 B2 C9 DF 08 94 2A  .....v..A).....*
00005870:  9A 57 59 D9 6D 80 B9 FA 39 92 08 99 F5 25 21 6C  .WY.m...9....%!l
00005880:  00 31 32 7B C0 42 AC 30 AD 3C 37 44 86 C2 04 E5  .12{.B.0.<7D....
00005890:  10 7B 2C 6F 59 D7 F7 AA 15 DC 72 70 6A 7F 32 2E  .{,oY.....rpj.2.
000058A0:  AB CE BD B9 3C 16 DE A4 0F 43 31 07 01 B6 C1 7F  ....<....C1.....
000058B0:  EB CC B8 5C D2 5E 14 32 E0 86 11 B3 58 D3 D4 86  ...\.^.2....X...
000058C0:  86 FB 10 F2 6E E4 78 7F 7B CA 62 1E 6D 93 5E 2F  ....n.x.{.b.m.^/
000058D0:  97 A7 13 D5 C9 4F 62 13 02 B9 61 35 05 88 CF B2  .....Ob...a5....
000058E0:  96 75 70 F8 B6 81 03 B1 D1 37 AE 36 09 95 33 8B  .up......7.6..3.
000058F0:  66 13 C8 FD 59 FE 17 B0 AD 2C 1C C8 B1 A4 C1 29  f...Y....,.....)
00005900:  13 27 5E AE 72 CD 00 00 00 00 00 00 00 00 00 00  .'^.r...........
00005910:  00 00 00 00 00 00 00 00 00 00 00 00 00 00 00 00  ................ [zeros]
00005920:  00 00 00 00 00 00 00 00 00 00 00 00 00 00 00 00  ................ [zeros]
00005930:  00 00 00 00 00 00 00 00 00 00 00 00 00 00 00 00  ................ [zeros]
00005940:  00 00 00 00 00 00 00 00 00 00 00 00 00 00 00 00  ................ [zeros]
00005950:  00 00 00 00 00 00 00 00 00 00 00 00 00 00 00 00  ................ [zeros]
00005960:  00 00 00 00 00 00 00 00 00 00 00 00 00 00 00 00  ................ [zeros]
00005970:  00 00 00 00 00 00 17 3D B3 7A DE 06 16 5F A7 F9  .......=.z..._..
00005980:  4D E7 62 2E 6E 18 A3 FF 80 65 B8 19 BB FC 73 2A  M.b.n....e....s*
00005990:  3F AE 8F 86 90 9D C1 EE 8E F0 D9 DD BC F7 F1 BE  ?...............
000059A0:  5F 7F D2 EB C6 99 3C BE BC 0D 0E 4C 1E AE C6 AB  _.....<....L....
000059B0:  5A 44 1E 9C AE 6A 66 81 66 BB CD 0F B3 08 5C 82  ZD...jf.f.....\.
000059C0:  49 20 21 ED 82 5B E6 34 DF D6 33 A0 54 D0 F2 2A  I !..[.4..3.T..*
000059D0:  53 08 49 01 6B 24 83 31 7D 2F 80 E7 BA 2B B6 3F  S.I.k$.1}/...+.?
000059E0:  FC C8 BD 54 87 76 ED 5E AF 24 44 32 88 6F B7 09  ...T.v.^.$D2.o..
000059F0:  9A B5 4A C5 44 56 54 7C 15 A6 F1 53 CE 27 27 1F  ..J.DVT|...S.''.
00005A00:  0C 17 4D 9C 03 5A 58 91 B1 8D D3 DC 82 66 D2 A2  ..M..ZX......f..
00005A10:  B8 01 14 C7 39 D6 D6 40 F5 9D 92 37 1F 77 9E 34  ....9..@...7.w.4
00005A20:  50 66 17 C5 7B C4 05 2A 0F 3E 96 23 90 32 79 AF  Pf..{..*.>.#.2y.
00005A30:  D4 B2 4F A9 15 EF 0D 31 57 A2 1B DA B8 8F D4 0A  ..O....1W.......
00005A40:  C2 0A 33 1C D7 A4 A3 9C ED 16 37 8E 18 8E C9 C9  ..3.......7.....
00005A50:  67 47 1C FC 37 02 FE DF BC C5 01 37 61 8A 82 0F  gG..7......7a...
00005A60:  87 F4 D3 CF 8A 94 00 00 00 00 00 00 00 00 00 00  ................
00005A70:  00 00 00 00 00 00 00 00 00 00 00 00 00 00 00 00  ................ [zeros]
00005A80:  00 00 00 00 00 00 00 00 00 00 00 00 00 00 00 00  ................ [zeros]
00005A90:  00 00 00 00 00 00 00 00 00 00 00 00 00 00 00 00  ................ [zeros]
00005AA0:  00 00 00 00 00 00 00 00 00 00 00 00 00 00 00 00  ................ [zeros]
00005AB0:  00 00 00 00 00 00 00 00 00 00 00 00 00 00 00 00  ................ [zeros]
00005AC0:  00 00 00 00 00 00 00 00 00 00 00 00 00 00 00 00  ................ [zeros]
00005AD0:  00 00 00 00 00 00 00 00 00 00 00 00 00 00 00 00  ................ [zeros]
00005AE0:  00 00 00 00 00 00 00 00 00 00 00 00 00 00 00 00  ................ [zeros]
00005AF0:  00 00 00 00 00 00 00 00 00 00 00 00 00 00 00 00  ................ [zeros]
00005B00:  00 00 00 00 00 00 00 00 00 00 00 00 00 00 00 00  ................ [zeros]
00005B10:  00 00 00 00 00 00 00 00 00 00 00 00 00 00 00 00  ................ [zeros]
00005B20:  00 00 00 00 00 00 00 00 00 00 00 00 00 00 00 00  ................ [zeros]
00005B30:  00 00 00 00 00 00 32 0D B3 F2 6D B9 E8 5C A3 93  ......2...m..\..
00005B40:  8B 0B 47 91 3A 1C 00 00 00 00 00 00 00 00 00 00  ..G.:...........
00005B50:  00 00 00 00 00 00 E9 64 E0 F1 1A 24 CE A2 48 71  .......d...$..Hq
00005B60:  AC 83 0E 0E 31 5C 7F 88 D2 DF 6D 60 37 E7 56 F7  ....1\....m`7.V.
00005B70:  2B 0E 46 66 25 A0 A6 DE F0 D4 7B 22 4B 9B 0B D4  +.Ff%.....{"K...
00005B80:  82 D0 C6 11 B1 EA CE 56 B5 EE BB D2 3F 15 11 19  .......V....?...
00005B90:  79 9A FE A0 7E 58 00 00 00 00 00 00 00 00 00 00  y...~X..........
00005BA0:  00 00 00 00 00 00 84 4E 7A D0 8D B9 3B 36 D6 BA  .......Nz...;6..
00005BB0:  9F 84 EA B4 A5 DD F3 B4 5A 7C F2 A3 2C 40 3B 37  ........Z|..,@;7
00005BC0:  17 A0 DC 06 9D F4 48 A3 64 EE 7F 4E F6 C5 1D D2  ......H.d..N....
00005BD0:  EF 80 0D 9B B6 B9 AA 94 75 80 15 9C FD 99 3D 27  ........u.....='
00005BE0:  3B BD 3F 47 CC 3A C6 D8 95 F6 15 B0 42 52 AD 37  ;.?G.:......BR.7
00005BF0:  BD FE A9 B5 27 B0 64 BE CF AA 4E 66 DC CD 1D 09  ....'.d...Nf....
00005C00:  D2 5D 16 B2 35 95 D8 BF 3F E2 41 7D 12 25 78 E8  .]..5...?.A}.%x.
00005C10:  10 78 5D 5F 3D F2 20 1B E8 36 0D ED 98 E4 EC 37  .x]_=. ..6.....7
00005C20:  15 36 69 3B 1A 8C 6B A2 C5 A7 DA 42 9F 8B BC F6  .6i;..k....B....
00005C30:  F2 DE 99 CD 7B E8 7A D3 A1 A4 09 27 74 8D B9 9F  ....{.z....'t...
00005C40:  EF 2F 27 B7 37 99 98 E6 F2 6C C4 01 8F B6 86 B5  ./'.7....l......
00005C50:  7D 58 45 AD 4C DD F0 8B 09 61 2B D6 D6 B7 EB 27  }XE.L....a+....'
00005C60:  E9 6A A2 8A A7 8D B2 31 DC 8C D1 5A 01 D0 57 63  .j.....1...Z..Wc
00005C70:  67 5C C2 7A BA 0D 8E 16 98 21 5D 26 55 C5 70 F4  g\.z.....!]&U.p.
00005C80:  74 DB 16 FD 68 74 CF 7B 38 00 71 A0 C9 78 76 59  t...ht.{8.q..xvY
00005C90:  BC 13 CC 0C 9D F1 D8 7B DF 40 20 82 7E 76 E6 90  .......{.@ .~v..
00005CA0:  1A 59 05 92 53 5B 34 8F 04 40 6F C1 B9 EF EA 47  .Y..S[4..@o....G
00005CB0:  B1 BC A0 44 1F 96 4A 8B C5 37 27 61 24 AC 82 ED  ...D..J..7'a$...
00005CC0:  70 AC 06 64 77 3A 76 D9 AA 58 C2 A7 83 EC C1 F6  p..dw:v..X......
00005CD0:  A0 73 00 83 7A 1D 30 C8 D8 65 E3 86 CF 7E B2 20  .s..z.0..e...~. 
00005CE0:  BF 93 71 C9 8B 47 52 83 B0 AF 17 C4 38 DB B9 E4  ..q..GR.....8...
00005CF0:  BA 5F 09 FB 19 2B EC C8 B0 24 33 C9 34 9E 26 6B  ._...+...$3.4.&k
00005D00:  54 26 00 E9 83 2B B7 80 67 05 F6 28 F5 A6 AE 33  T&...+..g..(...3
00005D10:  F3 A2 CB 97 51 41 B8 AC D4 D6 76 BF F7 A6 B1 55  ....QA....v....U
00005D20:  D9 84 51 5F 71 E5 AE D5 D1 1A 44 50 5E 48 33 5C  ..Q_q.....DP^H3\
00005D30:  DD 12 D1 03 6C F7 47 60 85 10 AC 46 5C A8 F8 D5  ....l.G`...F\...
00005D40:  7B B4 4A 93 1A 56 00 00 00 00 00 00 00 00 00 00  {.J..V..........
00005D50:  00 00 00 00 00 00 55 B0 A0 1E 10 E2 C3 2B 46 C1  ......U......+F.
00005D60:  A0 01 23 4A C1 FF 5C A2 54 10 84 28 56 AE BF 17  ..#J..\.T..(V...
00005D70:  00 7E CF 21 C1 36 00 00 00 00 00 00 00 00 00 00  .~.!.6..........
00005D80:  00 00 00 00 00 00 00 00 00 00 00 00 00 00 00 00  ................ [zeros]
00005D90:  00 00 00 00 00 00 00 00 00 00 00 00 00 00 00 00  ................ [zeros]
00005DA0:  00 00 00 00 00 00 00 00 00 00 00 00 00 00 00 00  ................ [zeros]
00005DB0:  00 00 00 00 00 00 00 00 00 00 00 00 00 00 00 00  ................ [zeros]
00005DC0:  00 00 00 00 00 00 00 00 00 00 00 00 00 00 00 00  ................ [zeros]
00005DD0:  00 00 00 00 00 00 00 00 00 00 00 00 00 00 00 00  ................ [zeros]
00005DE0:  00 00 00 00 00 00 00 00 00 00 00 00 00 00 00 00  ................ [zeros]
00005DF0:  00 00 00 00 00 00 00 00 00 00 00 00 00 00 00 00  ................ [zeros]
00005E00:  00 00 00 00 00 00 00 00 00 00 00 00 00 00 00 00  ................ [zeros]
00005E10:  00 00 00 00 00 00 00 00 00 00 00 00 00 00 00 00  ................ [zeros]
00005E20:  00 00 00 00 00 00 00 00 00 00 00 00 00 00 00 00  ................ [zeros]
00005E30:  00 00 00 00 00 00 00 00 00 00 00 00 00 00 00 00  ................ [zeros]
00005E40:  00 00 00 00 00 00 00 00 00 00 00 00 00 00 00 00  ................ [zeros]
00005E50:  00 00 00 00 00 00 E9 10 4D 3F 63 69 3C 6E C4 A8  ........M?ci<n..
00005E60:  43 9B 22 A4 B0 77 00 00 00 00 00 00 00 00 00 00  C."..w..........
00005E70:  00 00 00 00 00 00 CC DB 0C 86 E4 CE 60 69 65 7E  ............`ie~
00005E80:  5E C0 E3 DA D3 18 D8 19 78 6E B5 10 68 B9 B1 91  ^.......xn..h...
00005E90:  7C B8 5F F0 25 AA CC 23 74 96 B5 B7 43 34 5E A5  |._.%..#t...C4^.
00005EA0:  86 BE D8 AA 34 87 26 1E 7B BD 2B 25 6E E0 5A CF  ....4.&.{.+%n.Z.
00005EB0:  0A 4F 6E 83 BA 2D BD C7 D5 60 32 94 CC E4 DB E5  .On..-...`2.....
00005EC0:  6A 2C 77 AF AB 8C EC 59 9E E9 19 BE 86 29 CB 74  j,w....Y.....).t
00005ED0:  30 C4 09 7D 3B 94 8B B8 48 0C 08 1B 86 29 08 A2  0..};...H....)..
00005EE0:  84 8A 2F 35 66 FB 71 94 C3 C0 E0 13 28 F8 17 76  ../5f.q.....(..v
00005EF0:  22 44 BA 87 57 4A D4 9E 71 58 64 4B 08 F9 13 EE  "D..WJ..qXdK....
00005F00:  9D 52 1C 5F 92 45 D8 B5 4D 0A FA B6 CD C8 8E 55  .R._.E..M......U
00005F10:  00 B7 82 F1 93 90 07 30 10 2C 1F 78 BB EA A0 96  .......0.,.x....
00005F20:  5E D7 62 59 FA 68 4A AC 6C EB 6B D7 5A B7 E0 30  ^.bY.hJ.l.k.Z..0
00005F30:  48 BC 8A 50 5E B3 3A 9B 13 83 29 A7 07 C7 48 1C  H..P^.:...)...H.
00005F40:  0D 9D 37 11 68 EB 5D 0F D9 34 2E 09 6D 02 2A 3A  ..7.h.]..4..m.*:
00005F50:  E9 87 BD BD D2 98 81 39 BE DA 9C 55 92 9E BD E6  .......9...U....
00005F60:  D9 37 B7 86 C3 F8 5E DA 7C A1 61 F5 87 04 5C A5  .7....^.|.a...\.
00005F70:  B6 B3 B6 A9 2C AE EA 25 D5 11 25 40 D5 D2 42 1D  ....,..%..%@..B.
00005F80:  BB DD 0D 42 DB 6A D7 C0 A3 E3 E8 B8 F0 15 17 8D  ...B.j..........
00005F90:  2E E2 F3 51 49 24 7F FA F5 17 F9 16 E7 5F 2E 89  ...QI$......._..
00005FA0:  EB 62 70 E9 41 CB 55 6B 02 92 5F 10 25 9B 73 63  .bp.A.Uk.._.%.sc
00005FB0:  0E D7 5E 34 CF AD 93 BB B5 D3 11 2E 5E 97 06 E8  ..^4........^...
00005FC0:  BA 43 8B 05 F5 A3 6D 05 68 76 5D C8 F2 9F A5 DA  .C....m.hv].....
00005FD0:  13 49 AA 5A 7A 77 BB 21 C3 E3 35 23 E8 88 27 97  .I.Zzw.!..5#..'.
00005FE0:  C7 D9 19 F6 AC 7A 9D F1 59 91 04 96 38 A8 C1 C3  .....z..Y...8...
00005FF0:  21 98 2A 50 CB 16 30 8D 8C 44 41 9D 35 FB 81 E5  !.*P..0..DA.5...
00006000:  41 72 02 A9 3A 7A 7A F2 32 67 EB 60 DD 85 A2 61  Ar..:zz.2g.`...a
00006010:  AC CF 83 A5 21 A0 CD 1E B3 7E 16 9D E2 ED A0 55  ....!....~.....U
00006020:  37 20 F1 64 8F 22 AC 39 48 37 D5 66 26 C3 62 AD  7 .d.".9H7.f&.b.
00006030:  2E 88 CA E7 2C 94 4D 9B C1 03 0D 18 70 E0 EA FB  ....,.M.....p...
00006040:  7A 2C A1 63 9A 5C 60 C3 D1 CF 5E 60 D3 38 52 25  z,.c.\`...^`.8R%
00006050:  28 78 3A 7E D7 96 00 00 00 00 00 00 00 00 00 00  (x:~............
00006060:  00 00 00 00 00 00 F5 1B 79 6D A3 B6 0F 41 4F EC  ........ym...AO.
00006070:  F1 89 30 7B EE 80 00 00 00 00 00 00 00 00 00 00  ..0{............
00006080:  00 00 00 00 00 00 00 00 00 00 00 00 00 00 00 00  ................ [zeros]
00006090:  00 00 00 00 00 00 00 00 00 00 00 00 00 00 00 00  ................ [zeros]
000060A0:  00 00 00 00 00 00 00 00 00 00 00 00 00 00 00 00  ................ [zeros]
000060B0:  00 00 00 00 00 00 64 D1 A2 5A C3 37 7D 17 3D 01  ......d..Z.7}.=.
000060C0:  9C C2 B7 A9 F4 01 4C 34 9F 39 28 1D D8 16 9F 7F  ......L4.9(.....
000060D0:  55 23 8B A8 E5 67 23 EE AF 8D F5 DD 51 B2 B9 4B  U#...g#.....Q..K
000060E0:  8A 37 E1 5C 75 12 74 E0 DE F7 BB F2 BD DD FB 13  .7.\u.t.........
000060F0:  B4 4D E7 B7 9A 58 00 00 00 00 00 00 00 00 00 00  .M...X..........
00006100:  00 00 00 00 00 00 00 00 00 00 00 00 00 00 00 00  ................ [zeros]
00006110:  00 00 00 00 00 00 00 00 00 00 00 00 00 00 00 00  ................ [zeros]
00006120:  00 00 00 00 00 00 00 00 00 00 00 00 00 00 00 00  ................ [zeros]
00006130:  00 00 00 00 00 00 00 00 00 00 00 00 00 00 00 00  ................ [zeros]
00006140:  00 00 00 00 00 00 00 00 00 00 00 00 00 00 00 00  ................ [zeros]
00006150:  00 00 00 00 00 00 00 00 00 00 00 00 00 00 00 00  ................ [zeros]
00006160:  00 00 00 00 00 00 00 00 00 00 00 00 00 00 00 00  ................ [zeros]
00006170:  00 00 00 00 00 00 00 00 00 00 00 00 00 00 00 00  ................ [zeros]
00006180:  00 00 00 00 00 00 00 00 00 00 00 00 00 00 00 00  ................ [zeros]
00006190:  00 00 00 00 00 00 00 00 00 00 00 00 00 00 00 00  ................ [zeros]
000061A0:  00 00 00 00 00 00 00 00 00 00 00 00 00 00 00 00  ................ [zeros]
000061B0:  00 00 00 00 00 00 1D B2 B6 B7 CD 54 0B 3B 6B 48  ...........T.;kH
000061C0:  71 80 9F 5F D4 5A 91 6D 79 D3 13 E6 BE FE 3B 45  q.._.Z.my.....;E
000061D0:  F1 08 D1 F3 A6 FF 15 0B 75 10 FB 23 5D 02 0F 94  ........u..#]...
000061E0:  A6 CC C7 81 58 DE 36 5C B7 B6 63 A1 BE 9B 87 7F  ....X.6\..c.....
000061F0:  34 D6 9F 84 63 B8 00 00 00 00 00 00 00 00 00 00  4...c...........
00006200:  00 00 00 00 00 00 00 00 00 00 00 00 00 00 00 00  ................ [zeros]
00006210:  00 00 00 00 00 00 00 00 00 00 00 00 00 00 00 00  ................ [zeros]
00006220:  00 00 00 00 00 00 00 00 00 00 00 00 00 00 00 00  ................ [zeros]
00006230:  00 00 00 00 00 00 00 00 00 00 00 00 00 00 00 00  ................ [zeros]
00006240:  00 00 00 00 00 00 8A 08 74 4A 52 9F BD BF 80 3C  ........tJR....<
00006250:  7F D1 58 0B AA 8F 27 5C F7 C3 B7 AD B4 60 FB 65  ..X...'\.....`.e
00006260:  90 AB 0B 5E 8B B8 00 00 00 00 00 00 00 00 00 00  ...^............
00006270:  00 00 00 00 00 00 00 00 00 00 00 00 00 00 00 00  ................ [zeros]
00006280:  00 00 00 00 00 00 00 00 00 00 00 00 00 00 00 00  ................ [zeros]
00006290:  00 00 00 00 00 00 00 00 00 00 00 00 00 00 00 00  ................ [zeros]
000062A0:  00 00 00 00 00 00 00 00 00 00 00 00 00 00 00 00  ................ [zeros]
000062B0:  00 00 00 00 00 00 00 00 00 00 00 00 00 00 00 00  ................ [zeros]
000062C0:  00 00 00 00 00 00 00 00 00 00 00 00 00 00 00 00  ................ [zeros]
000062D0:  00 00 00 00 00 00 00 00 00 00 00 00 00 00 00 00  ................ [zeros]
000062E0:  00 00 00 00 00 00 00 00 00 00 00 00 00 00 00 00  ................ [zeros]
000062F0:  00 00 00 00 00 00 00 00 00 00 00 00 00 00 00 00  ................ [zeros]
00006300:  00 00 00 00 00 00 00 00 00 00 00 00 00 00 00 00  ................ [zeros]
00006310:  00 00 00 00 00 00 22 B3 09 2B 8E 6B 56 4A E3 D7  ......"..+.kVJ..
00006320:  E8 91 76 9E EE CF AF 65 7C 8E 7B 25 67 42 96 E9  ..v....e|.{%gB..
00006330:  53 41 65 93 EE 4C EC 0E 0A 26 89 EB BD 3E 43 05  SAe..L...&...>C.
00006340:  84 6F 60 DF 24 5E 00 00 00 00 00 00 00 00 00 00  .o`.$^..........
00006350:  00 00 00 00 00 00 55 B0 A0 1E 10 E2 C3 2B 46 C1  ......U......+F.
00006360:  A0 01 23 4A C1 FF 00 00 00 00 00 00 00 00 00 00  ..#J............
00006370:  00 00 00 00 00 00 00 00 00 00 00 00 00 00 00 00  ................ [zeros]
00006380:  00 00 00 00 00 00 00 00 00 00 00 00 00 00 00 00  ................ [zeros]
00006390:  00 00 00 00 00 00 00 00 00 00 00 00 00 00 00 00  ................ [zeros]
000063A0:  00 00 00 00 00 00 00 00 00 00 00 00 00 00 00 00  ................ [zeros]
000063B0:  00 00 00 00 00 00 14 41 84 18 53 D4 72 FF AD 8B  .......A..S.r...
000063C0:  AE 24 67 5B 92 B8 00 00 00 00 00 00 00 00 00 00  .$g[............
000063D0:  00 00 00 00 00 00 00 00 00 00 00 00 00 00 00 00  ................ [zeros]
000063E0:  00 00 00 00 00 00 00 00 00 00 00 00 00 00 00 00  ................ [zeros]
000063F0:  00 00 00 00 00 00 00 00 00 00 00 00 00 00 00 00  ................ [zeros]
00006400:  00 00 00 00 00 00 00 00 00 00 00 00 00 00 00 00  ................ [zeros]
00006410:  00 00 00 00 00 00 00 00 00 00 00 00 00 00 00 00  ................ [zeros]
00006420:  00 00 00 00 00 00 00 00 00 00 00 00 00 00 00 00  ................ [zeros]
00006430:  00 00 00 00 00 00 00 00 00 00 00 00 00 00 00 00  ................ [zeros]
00006440:  00 00 00 00 00 00 00 00 00 00 00 00 00 00 00 00  ................ [zeros]
00006450:  00 00 00 00 00 00 00 00 00 00 00 00 00 00 00 00  ................ [zeros]
00006460:  00 00 00 00 00 00 00 00 00 00 00 00 00 00 00 00  ................ [zeros]
00006470:  00 00 00 00 00 00 00 00 00 00 00 00 00 00 00 00  ................ [zeros]
00006480:  00 00 00 00 00 00 27 95 A6 69 93 92 8B FF F6 C6  ......'..i......
00006490:  FA F6 36 20 E4 A5 42 51 3B 39 86 D5 3B E6 04 27  ..6 ..BQ;9..;..'
000064A0:  D8 FA FE 5E 80 75 78 AA 1D 94 94 E4 0D 82 F5 DC  ...^.ux.........
000064B0:  A1 93 EE 85 0F 54 9C F0 0E C1 83 CC A4 8B D4 5B  .....T.........[
000064C0:  E1 B9 E7 EB 3F 9E 0A 3D 6D CA 8A 97 04 4B DC 76  ....?..=m....K.v
000064D0:  D5 ED 32 45 FD 5A 98 65 DE AE 31 34 8E 5B 24 18  ..2E.Z.e..14.[$.
000064E0:  4A F8 B7 4E D6 9D 83 BF A1 86 28 2B F5 91 29 C9  J..N......(+..).
000064F0:  82 DC AC 50 66 B0 22 9F 29 56 62 B9 7B CD 8B 71  ...Pf.".)Vb.{..q
00006500:  8D A4 6A 8A DE A6 F7 AB 17 1F 84 80 BE F1 28 EA  ..j...........(.
00006510:  E3 0A D3 94 7D 98 00 3C DC EB 55 F5 87 6D 27 48  ....}..<..U..m'H
00006520:  A1 38 CD 27 5C 81 21 51 D6 00 5B 24 F9 A7 35 0A  .8.'\.!Q..[$..5.
00006530:  CA EB 12 E5 30 78 D5 92 6D B5 3E 59 D9 E6 E3 D1  ....0x..m.>Y....
00006540:  5F 08 15 64 F1 9A E1 1D D9 14 CC 6A CD 65 8F D2  _..d.......j.e..
00006550:  C1 F8 7C 44 72 01 1B 6A 78 E8 A3 9F DC 99 A8 13  ..|Dr..jx.......
00006560:  5B B2 D8 2B 54 46 A0 D7 14 3C 31 1F 42 CF 17 BF  [..+TF...<1.B...
00006570:  97 CC C5 2D 83 E0 CF 1C B5 3B AF 45 B9 A1 F8 76  ...-.....;.E...v
00006580:  E4 18 5F 10 EC 8E F3 FA 6A 9C 2F 1A 53 9F F4 3C  .._.....j./.S..<
00006590:  A7 37 E4 1D 40 49 62 27 51 05 3B 40 FF 10 D8 67  .7..@Ib'Q.;@...g
000065A0:  4E D2 4F FB 90 3E A9 A4 8B 97 85 8C 2B 4F 0B FA  N.O..>......+O..
000065B0:  A4 49 03 B6 C8 E5 C4 83 FB 86 A7 18 C0 EB 2B 1A  .I............+.
000065C0:  61 1B CF 25 C3 55 9C DC 44 50 8F D3 4D 16 58 40  a..%.U..DP..M.X@
000065D0:  BD 08 D0 D1 D7 48 7F 6A 79 29 5F C3 8B 9B 0B 98  .....H.jy)_.....
000065E0:  97 A9 14 C4 49 0E 7C 80 34 5C 67 42 C6 98 51 7A  ....I.|.4\gB..Qz
000065F0:  B4 1F A2 A7 B6 B1 00 00 00 00 00 00 00 00 00 00  ................
00006600:  00 00 00 00 00 00 74 48 41 D1 D4 5F C1 5F 40 DA  ......tHA.._._@.
00006610:  22 E4 10 38 A1 25 0D 4E 57 5B 37 19 1B 18 73 E7  "..8.%.NW[7...s.
00006620:  51 95 0C AD B3 C9 DC 99 40 12 ED 1F 03 10 11 A8  Q.......@.......
00006630:  3A 5C 59 69 42 42 00 00 00 00 00 00 00 00 00 00  :\YiBB..........
00006640:  00 00 00 00 00 00 64 4E 37 9A 33 0D 82 AD A0 5C  ......dN7.3....\
00006650:  69 B3 9C 1C 4C B3 1A 60 7B 67 15 15 FD 6D 17 00  i...L..`{g...m..
00006660:  47 3D 49 E9 1F EC 00 00 00 00 00 00 00 00 00 00  G=I.............
00006670:  00 00 00 00 00 00 44 98 F8 CE D9 0C 1C 18 62 33  ......D.......b3
00006680:  47 D4 98 09 45 89 F0 2E D2 35 3A 04 D7 1A C9 1F  G...E....5:.....
00006690:  41 FC 3E 77 37 92 7D 61 7D 8B EC 95 6C 72 AA 76  A.>w7.}a}...lr.v
000066A0:  34 6F 60 A0 D7 3B 00 00 00 00 00 00 00 00 00 00  4o`..;..........
000066B0:  00 00 00 00 00 00 C0 81 DD BF 22 82 61 C9 AD 32  ..........".a..2
000066C0:  43 97 8E C6 E9 02 7F 6A 79 29 5F C3 8B 9B 0B 98  C......jy)_.....
000066D0:  97 A9 14 C4 49 0E 7C 80 34 5C 67 42 C6 98 51 7A  ....I.|.4\gB..Qz
000066E0:  B4 1F A2 A7 B6 B1 00 00 00 00 00 00 00 00 00 00  ................
000066F0:  00 00 00 00 00 00 02 A9 D0 F3 D3 AA 5A E4 57 B4  ............Z.W.
00006700:  32 57 F5 B4 B3 CB 00 00 00 00 00 00 00 00 00 00  2W..............
00006710:  00 00 00 00 00 00 00 00 00 00 00 00 00 00 00 00  ................ [zeros]
00006720:  00 00 00 00 00 00 00 00 00 00 00 00 00 00 00 00  ................ [zeros]
00006730:  00 00 00 00 00 00 00 00 00 00 00 00 00 00 00 00  ................ [zeros]
00006740:  00 00 00 00 00 00 00 00 00 00 00 00 00 00 00 00  ................ [zeros]
00006750:  00 00 00 00 00 00 00 00 00 00 00 00 00 00 00 00  ................ [zeros]
00006760:  00 00 00 00 00 00 00 00 00 00 00 00 00 00 00 00  ................ [zeros]
00006770:  00 00 00 00 00 00 00 00 00 00 00 00 00 00 00 00  ................ [zeros]
00006780:  00 00 00 00 00 00 00 00 00 00 00 00 00 00 00 00  ................ [zeros]
00006790:  00 00 00 00 00 00 00 00 00 00 00 00 00 00 00 00  ................ [zeros]
000067A0:  00 00 00 00 00 00 00 00 00 00 00 00 00 00 00 00  ................ [zeros]
000067B0:  00 00 00 00 00 00 00 00 00 00 00 00 00 00 00 00  ................ [zeros]
000067C0:  00 00 00 00 00 00 00 00 00 00 00 00 00 00 00 00  ................ [zeros]
000067D0:  00 00 00 00 00 00 E0 D8 46 29 E1 3E 2C 52 C3 B5  ........F).>,R..
000067E0:  3C 8D 49 34 51 80 21 C7 AE C3 F5 9C 06 2D 78 B2  <.I4Q.!......-x.
000067F0:  A4 C1 6F FB 6D 33 00 00 00 00 00 00 00 00 00 00  ..o.m3..........
00006800:  00 00 00 00 00 00 AD 14 AA ED 95 3F 8E 90 0F C5  ...........?....
00006810:  F4 A0 D8 A1 2E 37 00 00 00 00 00 00 00 00 00 00  .....7..........
00006820:  00 00 00 00 00 00 2F EF D9 83 EC 97 3E 7F 3D 70  ....../.....>.=p
00006830:  31 D8 A6 33 06 1D F6 34 7B E5 B7 40 17 F6 82 F7  1..3...4{..@....
00006840:  81 1A 27 29 57 64 3D 36 A7 DF 6C F0 1F E0 CB A6  ..')Wd=6..l.....
00006850:  97 B9 10 2C D2 55 EF 8A 13 29 86 DC 4F 9A 61 98  ...,.U...)..O.a.
00006860:  40 07 7A 3D 8B A2 F4 E2 58 E2 CC 2F 51 58 BC B8  @.z=....X../QX..
00006870:  88 8F C9 4D E1 CA D1 E5 C2 16 A9 A2 81 EF 7E 56  ...M..........~V
00006880:  5E 3C 6D B6 17 86 2F 55 BF FE 44 A5 65 6E 4C DB  ^<m.../U..D.enL.
00006890:  01 AA 6E 59 6D EC 86 A3 CE 37 74 59 D8 82 35 FC  ..nYm....7tY..5.
000068A0:  D9 7D 13 F2 C2 E6 B8 E9 19 EE 49 6B CC E0 43 3D  .}........Ik..C=
000068B0:  49 80 29 AD 51 FD B3 31 E4 A7 42 8C DE 49 E7 4F  I.).Q..1..B..I.O
000068C0:  35 57 8D 38 AA E7 09 3A 35 C2 CC EB 0D BB D4 B0  5W.8...:5.......
000068D0:  77 E6 19 85 5B 4B B6 64 55 69 BB C4 15 5E AD EB  w...[K.dUi...^..
000068E0:  0B 58 EE 4F 4C 25 3C AB B4 D3 3E 57 65 BD 8F 22  .X.OL%<...>We.."
000068F0:  0F C2 5D 32 C1 5E AB 18 1A DB A7 99 12 F2 ED 1B  ..]2.^..........
00006900:  C8 BD 58 7F E6 42 28 3F 9A 0C 67 AB 09 B8 91 34  ..X..B(?..g....4
00006910:  63 EB 8D D8 D1 42 75 F4 06 F5 12 5A F5 BE D6 D7  c....Bu....Z....
00006920:  E9 6F E7 DB 85 F6 65 E4 EA C0 D7 12 BB F6 56 96  .o....e.......V.
00006930:  71 20 1C 43 05 E7 14 35 BA D3 ED 75 7E 4C 3B 94  q .C...5...u~L;.
00006940:  1B 21 69 22 35 D3 00 00 00 00 00 00 00 00 00 00  .!i"5...........
00006950:  00 00 00 00 00 00 00 00 00 00 00 00 00 00 00 00  ................ [zeros]
00006960:  00 00 00 00 00 00 00 00 00 00 00 00 00 00 00 00  ................ [zeros]
00006970:  00 00 00 00 00 00 64 4E 37 9A 33 0D 82 AD A0 5C  ......dN7.3....\
00006980:  69 B3 9C 1C 4C B3 00 00 00 00 00 00 00 00 00 00  i...L...........
00006990:  00 00 00 00 00 00 00 00 00 00 00 00 00 00 00 00  ................ [zeros]
000069A0:  00 00 00 00 00 00 ED 18 F4 14 DF C2 42 E1 D5 BC  ............B...
000069B0:  2C D4 36 40 BF 7D 00 00 00 00 00 00 00 00 00 00  ,.6@.}..........
000069C0:  00 00 00 00 00 00 00 00 00 00 00 00 00 00 00 00  ................ [zeros]
000069D0:  00 00 00 00 00 00 4A AC 70 D6 71 0F CD 93 F9 2E  ......J.p.q.....
000069E0:  B7 08 48 F6 E9 91 00 00 00 00 00 00 00 00 00 00  ..H.............
000069F0:  00 00 00 00 00 00 00 00 00 00 00 00 00 00 00 00  ................ [zeros]
00006A00:  00 00 00 00 00 00 34 6D 6E A8 17 1F A6 1B 13 B9  ......4mn.......
00006A10:  F4 28 01 FA C0 DA 00 00 00 00 00 00 00 00 00 00  .(..............
00006A20:  00 00 00 00 00 00 00 00 00 00 00 00 00 00 00 00  ................ [zeros]
00006A30:  00 00 00 00 00 00 00 00 00 00 00 00 00 00 00 00  ................ [zeros]
00006A40:  00 00 00 00 00 00 37 61 FD 4C 3D 8E B7 D5 AA 17  ......7a.L=.....
00006A50:  FA C8 F3 6C 1F 7E 00 00 00 00 00 00 00 00 00 00  ...l.~..........
00006A60:  00 00 00 00 00 00 00 00 00 00 00 00 00 00 00 00  ................ [zeros]
00006A70:  00 00 00 00 00 00 51 D5 AA F3 AA 13 57 52 57 7B  ......Q.....WRW{
00006A80:  D1 D4 59 89 73 C2 00 00 00 00 00 00 00 00 00 00  ..Y.s...........
00006A90:  00 00 00 00 00 00 00 00 00 00 00 00 00 00 00 00  ................ [zeros]
00006AA0:  00 00 00 00 00 00 28 21 84 D9 47 A2 05 8E C2 E6  ......(!..G.....
00006AB0:  90 74 2D 5C 9D D9 76 38 F4 47 37 D3 37 8B E0 DA  .t-\..v8.G7.7...
00006AC0:  DD 23 1C 95 5D 8D 8A 12 CD 50 52 A7 1C 7E A6 A2  .#..]....PR..~..
00006AD0:  42 78 F7 18 EB 82 C1 67 AD 96 51 FB 43 66 65 CD  Bx.....g..Q.Cfe.
00006AE0:  CD 0E 16 F9 20 92 F5 10 9E 6D 2C 9A 14 F9 BF CF  .... ....m,.....
00006AF0:  F2 EF A9 38 24 FD 28 66 C9 BF AE F4 D2 EF 3D A1  ...8$.(f......=.
00006B00:  32 A4 04 8A F9 69 32 A0 FC A4 82 D9 52 12 E8 DD  2....i2.....R...
00006B10:  96 CE D0 73 3A 59 A7 0D 13 1E 47 A9 2E 0B 8A 39  ...s:Y....G....9
00006B20:  CC E9 BA 33 35 63 D7 AE 92 60 C5 62 A7 6D 75 3D  ...35c...`.b.mu=
00006B30:  BF E4 D8 95 E9 6A A5 E2 7C D2 DF 34 9A DF 7F 44  .....j..|..4...D
00006B40:  57 1A B6 F6 0C 3F 46 AA 2B 44 36 86 EA 6F 58 D4  W....?F.+D6..oX.
00006B50:  A1 EC D7 9A E0 86 ED A2 48 14 C0 93 56 C2 68 C2  ........H...V.h.
00006B60:  ED 47 B9 AA DC B4 83 94 71 A0 72 97 C7 92 DB 46  .G......q.r....F
00006B70:  4C 6F 33 95 DD F6 78 49 8E 5A C1 D2 6A 6E BA 98  Lo3...xI.Z..jn..
00006B80:  E8 2B 02 2A B5 9F D4 11 ED FE FC F1 74 00 09 38  .+.*........t..8
00006B90:  2D 79 2B 5C D9 49 06 EE 1B 38 D3 97 6F 49 B8 9B  -y+\.I...8..oI..
00006BA0:  5C 18 AB CF B0 AA 78 53 9B D6 11 6F 25 77 20 0B  \.....xS...o%w .
00006BB0:  46 DD 55 7A B5 FD F1 21 9F 46 71 77 43 E3 6F DA  F.Uz...!.FqwC.o.
00006BC0:  D4 03 E9 BF EB FE 2F CD D4 89 3F 7E 33 9E 38 AA  ....../...?~3.8.
00006BD0:  FE BD E4 BA E7 AB 2F CD D4 89 3F 7E 33 9E 38 AA  ....../...?~3.8.
00006BE0:  FE BD E4 BA E7 AB D9 8F 8E 82 90 E1 AA C3 1D 9E  ................
00006BF0:  AA 3B CC CA 04 6B 6B 01 1C 0B 7D 86 79 B2 0A 38  .;...kk...}.y..8
00006C00:  4E 04 FA 67 78 00 6B 01 1C 0B 7D 86 79 B2 0A 38  N..gx.k...}.y..8
00006C10:  4E 04 FA 67 78 00 6B 01 1C 0B 7D 86 79 B2 0A 38  N..gx.k...}.y..8
00006C20:  4E 04 FA 67 78 00 E7 D0 84 09 DF C2 68 10 B0 95  N..gx.......h...
00006C30:  1A 71 13 6D E5 D8 31 9B 78 0D 15 10 E8 0B 43 B0  .q.m..1.x.....C.
00006C40:  24 7F DF 1E F3 69 59 C8 0A 71 AA FE BD 94 4F 1C  $....iY..q....O.
00006C50:  A9 0D 68 8A 39 90 79 46 97 C5 BE 33 8C AF 93 EF  ..h.9.yF...3....
00006C60:  88 B5 C8 FB 65 6A 69 78 71 1E 0C 8B 3C FE F4 94  ....ejixq...<...
00006C70:  9C EF 55 54 E0 DE A4 A9 4C B3 43 5D C7 79 6F B5  ..UT....L.C].yo.
00006C80:  F4 8F 77 F3 7D D1 30 D7 B5 41 71 F9 BB 83 2A D1  ..w.}.0..Aq...*.
00006C90:  9D DC 4E 22 3E 10 D9 57 60 FA 9A 9A 90 96 B0 EF  ..N">..W`.......
00006CA0:  48 32 BC F9 5E C0 D9 57 60 FA 9A 9A 90 96 B0 EF  H2..^..W`.......
00006CB0:  48 32 BC F9 5E C0 6F DF 13 32 90 90 05 11 61 B0  H2..^.o..2....a.
00006CC0:  EE 7B 16 52 49 57 77 31 B1 25 E7 BC C1 6E 83 D0  .{.RIWw1.%...n..
00006CD0:  D1 8C 88 48 38 BD 6E 07 CC 24 7A 2B 85 F7 B4 44  ...H8.n..$z+...D
00006CE0:  B4 6D BB 8A 02 36 C8 05 BD 7E 02 31 AA 3C E7 FB  .m...6...~.1.<..
00006CF0:  28 B6 10 51 EC 28 37 4C B6 EA 91 02 09 D2 CB 3A  (..Q.(7L.......:
00006D00:  E7 E5 E1 3C 5B 19 86 D0 80 4B DA CE 86 47 E9 EF  ...<[....K...G..
00006D10:  87 B7 38 0C 18 B2 E3 E6 89 AB C1 77 6B 68 E4 67  ..8........wkh.g
00006D20:  F3 C8 F5 15 8C 43 83 32 48 E3 F9 45 3F 0E 4E 94  .....C.2H..E?.N.
00006D30:  D6 9B 75 27 78 AE 1D 34 3F 9F 9F BE 64 33 0D 57  ..u'x..4?...d3.W
00006D40:  DD C6 B8 D4 D0 ED D3 E3 83 12 79 A5 CA EE C1 A5  ..........y.....
00006D50:  FF 73 B1 C2 ED 26 77 31 B1 25 E7 BC C1 6E 83 D0  .s...&w1.%...n..
00006D60:  D1 8C 88 48 38 BD 6E 07 CC 24 7A 2B 85 F7 B4 44  ...H8.n..$z+...D
00006D70:  B4 6D BB 8A 02 36 C8 05 BD 7E 02 31 AA 3C E7 FB  .m...6...~.1.<..
00006D80:  28 B6 10 51 EC 28 37 4C B6 EA 91 02 09 D2 CB 3A  (..Q.(7L.......:
00006D90:  E7 E5 E1 3C 5B 19 86 D0 80 4B DA CE 86 47 E9 EF  ...<[....K...G..
00006DA0:  87 B7 38 0C 18 B2 E3 E6 89 AB C1 77 6B 68 E4 67  ..8........wkh.g
00006DB0:  F3 C8 F5 15 8C 43 C9 A9 C9 28 DF 81 BD 1C 59 85  .....C...(....Y.
00006DC0:  1F 39 73 F3 52 B9 3F 58 E3 1A 46 7D AE 03 99 57  .9s.R.?X..F}...W
00006DD0:  6B 3F 17 64 E1 13 4F 67 1D 3D B9 77 74 95 FB 72  k?.d..Og.=.wt..r
00006DE0:  59 16 D9 D2 21 A7 51 00 BA 26 EA CE 79 C5 0F 29  Y...!.Q..&..y..)
00006DF0:  5C 55 84 0B 34 92 3D 49 B0 0D 7A C6 C5 C8 E4 39  \U..4.=I..z....9
00006E00:  74 BF 45 64 6E 26 00 00 00 00 00 00 00 00 00 00  t.Edn&..........
00006E10:  00 00 00 00 00 00 00 00 00 00 00 00 00 00 00 00  ................ [zeros]
00006E20:  00 00 00 00 00 00 00 00 00 00 00 00 00 00 00 00  ................ [zeros]
00006E30:  00 00 00 00 00 00 00 00 00 00 00 00 00 00 00 00  ................ [zeros]
00006E40:  00 00 00 00 00 00 A2 BB B0 A6 7C 43 70 C5 D3 6B  ..........|Cp..k
00006E50:  05 3C 48 C8 00 B9 61 35 10 71 29 E2 D1 F7 1F 4F  .<H...a5.q)....O
00006E60:  83 78 6D 86 D6 FD C8 EA C3 61 D2 A8 F3 D5 DD B1  .xm......a......
00006E70:  93 06 7F 59 AF BD CC 85 19 53 75 21 D3 1B 93 79  ...Y.....Su!...y
00006E80:  64 F9 C4 27 26 0D 7C 82 C4 08 F1 95 67 5C 68 20  d..'&.|.....g\h 
00006E90:  4C 7E B1 BD 5F E9 00 00 00 00 00 00 00 00 00 00  L~.._...........
00006EA0:  00 00 00 00 00 00 00 00 00 00 00 00 00 00 00 00  ................ [zeros]
00006EB0:  00 00 00 00 00 00 00 00 00 00 00 00 00 00 00 00  ................ [zeros]
00006EC0:  00 00 00 00 00 00 00 00 00 00 00 00 00 00 00 00  ................ [zeros]
00006ED0:  00 00 00 00 00 00 00 00 00 00 00 00 00 00 00 00  ................ [zeros]
00006EE0:  00 00 00 00 00 00 00 00 00 00 00 00 00 00 00 00  ................ [zeros]
00006EF0:  00 00 00 00 00 00 00 00 00 00 00 00 00 00 00 00  ................ [zeros]
00006F00:  00 00 00 00 00 00 00 00 00 00 00 00 00 00 00 00  ................ [zeros]
00006F10:  00 00 00 00 00 00 00 00 00 00 00 00 00 00 00 00  ................ [zeros]
00006F20:  00 00 00 00 00 00 00 00 00 00 00 00 00 00 00 00  ................ [zeros]
00006F30:  00 00 00 00 00 00 00 00 00 00 00 00 00 00 00 00  ................ [zeros]
00006F40:  00 00 00 00 00 00 3B D1 AB 1E 95 42 48 91 BD 65  ......;....BH..e
00006F50:  0C 62 A7 86 1F 1C 68 8A F9 8B 53 4A D8 D4 B1 27  .b....h...SJ...'
00006F60:  AB E1 C2 20 F1 8F F8 78 AD A0 24 D6 46 F4 77 6C  ... ...x..$.F.wl
00006F70:  31 6A 79 A5 57 C1 00 00 00 00 00 00 00 00 00 00  1jy.W...........
00006F80:  00 00 00 00 00 00 45 66 A9 86 2D 6B 0E 0E 56 CF  ......Ef..-k..V.
00006F90:  7C D9 1B 2B B9 D8 00 00 00 00 00 00 00 00 00 00  |..+............
00006FA0:  00 00 00 00 00 00 00 00 00 00 00 00 00 00 00 00  ................ [zeros]
00006FB0:  00 00 00 00 00 00 00 00 00 00 00 00 00 00 00 00  ................ [zeros]
00006FC0:  00 00 00 00 00 00 00 00 00 00 00 00 00 00 00 00  ................ [zeros]
00006FD0:  00 00 00 00 00 00 00 00 00 00 00 00 00 00 00 00  ................ [zeros]
00006FE0:  00 00 00 00 00 00 04 41 E4 8C AD DC 6A 9B D0 72  .......A....j..r
00006FF0:  A6 F5 AB 62 1D 07 00 00 00 00 00 00 00 00 00 00  ...b............
00007000:  00 00 00 00 00 00 00 00 00 00 00 00 00 00 00 00  ................ [zeros]
00007010:  00 00 00 00 00 00 00 00 00 00 00 00 00 00 00 00  ................ [zeros]
00007020:  00 00 00 00 00 00 00 00 00 00 00 00 00 00 00 00  ................ [zeros]
00007030:  00 00 00 00 00 00 00 00 00 00 00 00 00 00 00 00  ................ [zeros]
00007040:  00 00 00 00 00 00 00 00 00 00 00 00 00 00 00 00  ................ [zeros]
00007050:  00 00 00 00 00 00 00 00 00 00 00 00 00 00 00 00  ................ [zeros]
00007060:  00 00 00 00 00 00 00 00 00 00 00 00 00 00 00 00  ................ [zeros]
00007070:  00 00 00 00 00 00 00 00 00 00 00 00 00 00 00 00  ................ [zeros]
00007080:  00 00 00 00 00 00 00 00 00 00 00 00 00 00 00 00  ................ [zeros]
00007090:  00 00 00 00 00 00 00 00 00 00 00 00 00 00 00 00  ................ [zeros]
000070A0:  00 00 00 00 00 00 00 00 00 00 00 00 00 00 00 00  ................ [zeros]
000070B0:  00 00 00 00 00 00 58 AB 28 DD B3 BD 78 00 53 D6  ......X.(...x.S.
000070C0:  D4 CA 4B CE 17 E0 22 9F 29 56 62 B9 7B CD 8B 71  ..K...".)Vb.{..q
000070D0:  8D A4 6A 8A DE A6 48 4E 05 20 54 5E 1A C6 68 E2  ..j...HN. T^..h.
000070E0:  AF D8 54 9E C8 62 5B 1C 0B 3C A4 0F F8 9A 09 34  ..T..b[..<.....4
000070F0:  CE D8 17 62 03 11 00 00 00 00 00 00 00 00 00 00  ...b............
00007100:  00 00 00 00 00 00 00 00 00 00 00 00 00 00 00 00  ................ [zeros]
00007110:  00 00 00 00 00 00 00 00 00 00 00 00 00 00 00 00  ................ [zeros]
00007120:  00 00 00 00 00 00 00 00 00 00 00 00 00 00 00 00  ................ [zeros]
00007130:  00 00 00 00 00 00 00 00 00 00 00 00 00 00 00 00  ................ [zeros]
00007140:  00 00 00 00 00 00 A7 8D 3D 35 07 CD 6A 14 13 57  ........=5..j..W
00007150:  8D 4D 3B A7 BE 30 1E EB 7D F2 50 43 5F B2 9D 79  .M;..0..}.PC_..y
00007160:  52 D9 FC 69 F5 2E 00 00 00 00 00 00 00 00 00 00  R..i............
00007170:  00 00 00 00 00 00 00 00 00 00 00 00 00 00 00 00  ................ [zeros]
00007180:  00 00 00 00 00 00 00 00 00 00 00 00 00 00 00 00  ................ [zeros]
00007190:  00 00 00 00 00 00 00 00 00 00 00 00 00 00 00 00  ................ [zeros]
000071A0:  00 00 00 00 00 00 00 00 00 00 00 00 00 00 00 00  ................ [zeros]
000071B0:  00 00 00 00 00 00 00 00 00 00 00 00 00 00 00 00  ................ [zeros]
000071C0:  00 00 00 00 00 00 00 00 00 00 00 00 00 00 00 00  ................ [zeros]
000071D0:  00 00 00 00 00 00 00 00 00 00 00 00 00 00 00 00  ................ [zeros]
000071E0:  00 00 00 00 00 00 00 00 00 00 00 00 00 00 00 00  ................ [zeros]
000071F0:  00 00 00 00 00 00 00 00 00 00 00 00 00 00 00 00  ................ [zeros]
00007200:  00 00 00 00 00 00 00 00 00 00 00 00 00 00 00 00  ................ [zeros]
00007210:  00 00 00 00 00 00 2C FF E7 78 60 5E 3F D8 F0 30  ......,..x`^?..0
00007220:  C4 60 F0 44 6D 30 10 D6 F5 C8 BD D5 DB 8B 2D 08  .`.Dm0........-.
00007230:  2C E1 54 F2 C3 CD BB 20 29 77 A9 26 7A 74 29 7E  ,.T.... )w.&zt)~
00007240:  21 26 5D D9 4B B7 E0 79 B8 2D 26 82 C1 92 43 23  !&].K..y.-&...C#
00007250:  9C CF 83 6C 5E 32 8F 6F F4 B0 43 53 8D 2C 18 9F  ...l^2.o..CS.,..
00007260:  F3 AE C8 19 0B 47 8B 93 0B B9 F6 32 4E 58 4F C4  .....G.....2NXO.
00007270:  06 AA C0 E9 F6 7F 5F 99 40 5F 5D FE BD 2D 22 D3  ......_.@_]..-".
00007280:  BC 56 04 59 DA E0 F0 90 24 D5 DC 39 2B 56 F7 28  .V.Y....$..9+V.(
00007290:  5C 79 B8 5E 0C EE 79 DC DF A2 8E F1 9C 3D 37 8C  \y.^..y......=7.
000072A0:  98 02 9F 53 15 30 F7 B4 E7 AC A9 47 54 EF 36 49  ...S.0.....GT.6I
000072B0:  63 A5 04 8C EE 90 F3 FA 6A 9C 2F 1A 53 9F F4 3C  c.......j./.S..<
000072C0:  A7 37 E4 1D 40 49 88 83 B9 88 C7 A8 3E A7 5B 38  .7..@I......>.[8
000072D0:  CC C7 67 58 E0 19 13 EB F0 9A 61 28 05 F6 C1 45  ..gX......a(...E
000072E0:  7A 74 B2 10 62 6E 31 00 19 D8 1A 98 E6 07 49 D3  zt..bn1.......I.
000072F0:  FE 78 88 3B 17 01 E0 92 15 EE 16 18 34 F8 27 95  .x.;........4.'.
00007300:  26 AF 82 F7 14 B1 77 9A E0 68 36 E2 72 FE 6D 76  &.....w..h6.r.mv
00007310:  C4 A8 30 03 CD 5B 92 4F 9C A7 A9 28 B5 08 AD 15  ..0..[.O...(....
00007320:  13 B1 90 F8 BF 1B CC F1 64 D8 B8 51 8D BD 5D A2  ........d..Q..].
00007330:  44 91 3A 05 26 73 22 9F 29 56 62 B9 7B CD 8B 71  D.:.&s".)Vb.{..q
00007340:  8D A4 6A 8A DE A6 88 52 E7 19 7F EB 06 AB E4 3B  ..j....R.......;
00007350:  DB 85 4D 5C 0A 69 4A 39 64 FE BB 19 78 D0 37 78  ..M\.iJ9d...x.7x
00007360:  CE 61 85 25 32 7B 7D 61 7D 8B EC 95 6C 72 AA 76  .a.%2{}a}...lr.v
00007370:  34 6F 60 A0 D7 3B 00 00 00 00 00 00 00 00 00 00  4o`..;..........
00007380:  00 00 00 00 00 00 C0 81 DD BF 22 82 61 C9 AD 32  ..........".a..2
00007390:  43 97 8E C6 E9 02 7F 6A 79 29 5F C3 8B 9B 0B 98  C......jy)_.....
000073A0:  97 A9 14 C4 49 0E 7C 80 34 5C 67 42 C6 98 51 7A  ....I.|.4\gB..Qz
000073B0:  B4 1F A2 A7 B6 B1 00 00 00 00 00 00 00 00 00 00  ................
000073C0:  00 00 00 00 00 00 74 48 41 D1 D4 5F C1 5F 40 DA  ......tHA.._._@.
000073D0:  22 E4 10 38 A1 25 0D 4E 57 5B 37 19 1B 18 73 E7  "..8.%.NW[7...s.
000073E0:  51 95 0C AD B3 C9 4D 32 0A DD 77 05 D4 96 F4 ED  Q.....M2..w.....
000073F0:  28 B0 46 A7 C1 5C 60 C7 24 D3 F6 4D 5E 0A 8F D3  (.F..\`.$..M^...
00007400:  64 02 5F EE 27 E9 51 D5 AA F3 AA 13 57 52 57 7B  d._.'.Q.....WRW{
00007410:  D1 D4 59 89 73 C2 AC 7E 97 94 2D C6 9A 4D 2C 4D  ..Y.s..~..-..M,M
00007420:  93 72 C6 13 78 4A 00 00 00 00 00 00 00 00 00 00  .r..xJ..........
00007430:  00 00 00 00 00 00 44 98 F8 CE D9 0C 1C 18 62 33  ......D.......b3
00007440:  47 D4 98 09 45 89 F0 2E D2 35 3A 04 D7 1A C9 1F  G...E....5:.....
00007450:  41 FC 3E 77 37 92 7D 61 7D 8B EC 95 6C 72 AA 76  A.>w7.}a}...lr.v
00007460:  34 6F 60 A0 D7 3B 00 00 00 00 00 00 00 00 00 00  4o`..;..........
00007470:  00 00 00 00 00 00 C0 81 DD BF 22 82 61 C9 AD 32  ..........".a..2
00007480:  43 97 8E C6 E9 02 25 8A E3 06 0F A2 9C 5A 6B 46  C.....%......ZkF
00007490:  39 CF 8F EE B1 FE 00 00 00 00 00 00 00 00 00 00  9...............
000074A0:  00 00 00 00 00 00 00 00 00 00 00 00 00 00 00 00  ................ [zeros]
000074B0:  00 00 00 00 00 00 00 00 00 00 00 00 00 00 00 00  ................ [zeros]
000074C0:  00 00 00 00 00 00 00 00 00 00 00 00 00 00 00 00  ................ [zeros]
000074D0:  00 00 00 00 00 00 00 00 00 00 00 00 00 00 00 00  ................ [zeros]
000074E0:  00 00 00 00 00 00 00 00 00 00 00 00 00 00 00 00  ................ [zeros]
000074F0:  00 00 00 00 00 00 00 00 00 00 00 00 00 00 00 00  ................ [zeros]
00007500:  00 00 00 00 00 00 00 00 00 00 00 00 00 00 00 00  ................ [zeros]
00007510:  00 00 00 00 00 00 00 00 00 00 00 00 00 00 00 00  ................ [zeros]
00007520:  00 00 00 00 00 00 00 00 00 00 00 00 00 00 00 00  ................ [zeros]
00007530:  00 00 00 00 00 00 00 00 00 00 00 00 00 00 00 00  ................ [zeros]
00007540:  00 00 00 00 00 00 00 00 00 00 00 00 00 00 00 00  ................ [zeros]
00007550:  00 00 00 00 00 00 00 00 00 00 00 00 00 00 00 00  ................ [zeros]
00007560:  00 00 00 00 00 00 E7 95 2D A0 05 81 03 67 1D 47  ........-....g.G
00007570:  E9 BB 58 81 D1 62 9F 8D 97 58 13 C4 15 8F 1F FC  ..X..b...X......
00007580:  69 A5 43 C2 E6 4D 02 A9 D0 F3 D3 AA 5A E4 57 B4  i.C..M......Z.W.
00007590:  32 57 F5 B4 B3 CB 92 2F 5D 0A D2 C7 FF 6F 72 BD  2W...../]....or.
000075A0:  49 5D 53 86 26 78 00 00 00 00 00 00 00 00 00 00  I]S.&x..........
000075B0:  00 00 00 00 00 00 81 47 C5 27 82 8E 75 5C 31 FC  .......G.'..u\1.
000075C0:  35 42 0F 4F B6 32 45 88 70 AA F7 40 DD C7 5E B0  5B.O.2E.p..@..^.
000075D0:  82 90 D6 B9 CF 28 70 4D DD 1A A3 75 B8 7E 3C 3C  .....(pM...u.~<<
000075E0:  E9 F2 D5 58 11 26 E3 0F 65 91 03 C9 55 EA 63 AB  ...X.&..e...U.c.
000075F0:  32 F5 C1 51 76 45 87 6B 3D D9 BA AC B2 8D 39 05  2..QvE.k=.....9.
00007600:  37 A3 02 2C 59 64 4F 83 7A 15 DE 86 22 E2 FE A6  7..,YdO.z..."...
00007610:  3B 4C F0 3E CF D5 47 F1 EF 2C 9E E5 41 16 F5 8C  ;L.>..G..,..A...
00007620:  3B 43 98 83 6F 43 B1 5E B8 C7 19 21 D1 05 C4 8A  ;C..oC.^...!....
00007630:  6D 09 58 5A 21 BF A1 1B 1F CE A9 8A 10 AE 9D 2A  m.XZ!..........*
00007640:  6F 75 AB E6 AB CE B7 B6 3A 72 0E D4 CA 88 E3 C9  ou......:r......
00007650:  42 D3 78 EC 28 B1 FA 25 2E DC 3B B9 BA 68 32 57  B.x.(..%..;..h2W
00007660:  90 65 61 AF 41 43 A6 DD 9B 09 40 61 6C 5B C3 BF  .ea.AC....@al[..
00007670:  43 2B E4 15 E5 86 97 8C 04 D9 1E 37 A7 C4 2D 7B  C+.........7..-{
00007680:  66 DA CC 33 59 5C 09 B2 E7 08 71 48 19 76 2D 39  f..3Y\....qH.v-9
00007690:  3F 79 C1 7D 6A E1 0C 57 B2 9C 8A 2B 24 C7 40 79  ?y.}j..W...+$.@y
000076A0:  6F 8E FD 75 17 9F F2 B4 02 57 3C 28 CC 6E 12 33  o..u.....W<(.n.3
000076B0:  BC C5 34 7B F9 53 CB C9 D2 1E 06 6D A0 2B 74 CF  ..4{.S.....m.+t.
000076C0:  04 AF DD 4A FC 88 A4 CD 0C EA FC BB 27 1D 7B A0  ...J........'.{.
000076D0:  CB CE 61 06 C0 D7 5A 74 EC 43 DD 0F 53 30 80 9D  ..a...Zt.C..S0..
000076E0:  C5 FF D0 21 57 52 00 00 00 00 00 00 00 00 00 00  ...!WR..........
000076F0:  00 00 00 00 00 00 00 00 00 00 00 00 00 00 00 00  ................ [zeros]
00007700:  00 00 00 00 00 00 0D 4E 57 5B 37 19 1B 18 73 E7  .......NW[7...s.
00007710:  51 95 0C AD B3 C9 00 00 00 00 00 00 00 00 00 00  Q...............
00007720:  00 00 00 00 00 00 00 00 00 00 00 00 00 00 00 00  ................ [zeros]
00007730:  00 00 00 00 00 00 DC 99 40 12 ED 1F 03 10 11 A8  ........@.......
00007740:  3A 5C 59 69 42 42 00 00 00 00 00 00 00 00 00 00  :\YiBB..........
00007750:  00 00 00 00 00 00 00 00 00 00 00 00 00 00 00 00  ................ [zeros]
00007760:  00 00 00 00 00 00 00 00 00 00 00 00 00 00 00 00  ................ [zeros]
00007770:  00 00 00 00 00 00 64 4E 37 9A 33 0D 82 AD A0 5C  ......dN7.3....\
00007780:  69 B3 9C 1C 4C B3 00 00 00 00 00 00 00 00 00 00  i...L...........
00007790:  00 00 00 00 00 00 00 00 00 00 00 00 00 00 00 00  ................ [zeros]
000077A0:  00 00 00 00 00 00 ED 18 F4 14 DF C2 42 E1 D5 BC  ............B...
000077B0:  2C D4 36 40 BF 7D 00 00 00 00 00 00 00 00 00 00  ,.6@.}..........
000077C0:  00 00 00 00 00 00 00 00 00 00 00 00 00 00 00 00  ................ [zeros]
000077D0:  00 00 00 00 00 00 4A AC 70 D6 71 0F CD 93 F9 2E  ......J.p.q.....
000077E0:  B7 08 48 F6 E9 91 00 00 00 00 00 00 00 00 00 00  ..H.............
000077F0:  00 00 00 00 00 00 00 00 00 00 00 00 00 00 00 00  ................ [zeros]
00007800:  00 00 00 00 00 00 34 6D 6E A8 17 1F A6 1B 13 B9  ......4mn.......
00007810:  F4 28 01 FA C0 DA 00 00 00 00 00 00 00 00 00 00  .(..............
00007820:  00 00 00 00 00 00 00 00 00 00 00 00 00 00 00 00  ................ [zeros]
00007830:  00 00 00 00 00 00 00 00 00 00 00 00 00 00 00 00  ................ [zeros]
00007840:  00 00 00 00 00 00 7E B3 5F E9 DB EC 5A 62 0B B3  ......~._...Zb..
00007850:  40 9A 35 FB 96 6C A8 B5 DF 27 72 E4 00 C9 60 01  @.5..l...'r...`.
00007860:  5B 42 E9 1F C5 BE 4C B9 B6 AC EB 1A AE 93 7F E9  [B....L.........
00007870:  26 B1 42 AE 71 64 74 DB DC 3D E0 8A 69 46 53 4F  &.B.qdt..=..iFSO
00007880:  D7 78 4E 98 25 C8 F5 10 9E 6D 2C 9A 14 F9 BF CF  .xN.%....m,.....
00007890:  F2 EF A9 38 24 FD 0B BD B9 83 3D 41 3E 4D BC 79  ...8$.....=A>M.y
000078A0:  E6 7A A0 9C 6E 86 78 F9 58 F1 D0 0A B4 82 EA 38  .z..n.x.X......8
000078B0:  08 2F 50 7C 8A F6 CB C9 D2 1E 06 6D A0 2B 74 CF  ./P|.......m.+t.
000078C0:  04 AF DD 4A FC 88 EB 9C 59 A8 C0 5F E3 36 9D 48  ...J....Y.._.6.H
000078D0:  FC 9C C0 03 9B 73 7C 68 DA 22 8F E6 23 8F EC 5D  .....s|h."..#..]
000078E0:  5A E8 AD 15 CF 3F 4C 8C C9 4B A5 23 06 AE 7C 84  Z....?L..K.#..|.
000078F0:  05 17 D7 C4 BA 9D 01 D3 1D 7B FF 56 A5 DB A2 70  .........{.V...p
00007900:  B5 3D 69 D6 22 76 EC 84 B8 51 B7 6B 87 B0 9F 16  .=i."v...Q.k....
00007910:  D3 D6 FE 90 BB 29 78 49 8E 5A C1 D2 6A 6E BA 98  .....)xI.Z..jn..
00007920:  E8 2B 02 2A B5 9F D4 11 ED FE FC F1 74 00 09 38  .+.*........t..8
00007930:  2D 79 2B 5C D9 49 06 EE 1B 38 D3 97 6F 49 B8 9B  -y+\.I...8..oI..
00007940:  5C 18 AB CF B0 AA 6B 6E 9A 81 2E 57 00 E1 3D 9E  \.....kn...W..=.
00007950:  3B 20 36 D0 CB 09 B2 D9 C2 3E A3 31 0C A1 E7 15  ; 6......>.1....
00007960:  1C 89 10 43 C4 C5 B2 D9 C2 3E A3 31 0C A1 E7 15  ...C.....>.1....
00007970:  1C 89 10 43 C4 C5 B2 D9 C2 3E A3 31 0C A1 E7 15  ...C.....>.1....
00007980:  1C 89 10 43 C4 C5 F3 F8 4B 46 66 38 35 83 32 B5  ...C....KFf85.2.
00007990:  37 3C B1 C2 0C E9 0F A9 16 B1 FF 25 07 D4 DF 6C  7<.........%...l
000079A0:  8D 0F 98 A7 79 96 0F A9 16 B1 FF 25 07 D4 DF 6C  ....y......%...l
000079B0:  8D 0F 98 A7 79 96 22 C7 92 2D F9 0F F6 2F ED 00  ....y."..-.../..
000079C0:  39 F3 EC EB 74 BF 59 C8 0A 71 AA FE BD 94 4F 1C  9...t.Y..q....O.
000079D0:  A9 0D 68 8A 39 90 79 46 97 C5 BE 33 8C AF 93 EF  ..h.9.yF...3....
000079E0:  88 B5 C8 FB 65 6A 69 78 71 1E 0C 8B 3C FE F4 94  ....ejixq...<...
000079F0:  9C EF 55 54 E0 DE AD 19 81 BB A5 25 3E EB 43 1C  ..UT.......%>.C.
00007A00:  66 48 6A 46 32 D4 3C B3 63 F8 35 B2 80 EB 7C 34  fHjF2.<.c.5...|4
00007A10:  D9 C5 B9 A3 4A 0A 78 79 6A 86 5F F1 78 29 B2 9C  ....J.xyj._.x)..
00007A20:  2C 16 B3 52 F9 FA 10 FA 11 19 64 4A 49 F7 3C BF  ,..R......dJI.<.
00007A30:  34 91 D5 3B B5 3F 10 FA 11 19 64 4A 49 F7 3C BF  4..;.?....dJI.<.
00007A40:  34 91 D5 3B B5 3F 10 FA 11 19 64 4A 49 F7 3C BF  4..;.?....dJI.<.
00007A50:  34 91 D5 3B B5 3F 3D 7B 2C 6E B8 65 4A 64 04 5D  4..;.?={,n.eJd.]
00007A60:  3F DD 9F 5E 6E 66 F6 49 5C ED 33 67 8D 9B 85 B0  ?..^nf.I\.3g....
00007A70:  E1 51 F6 E8 7D 3E 42 19 5E F4 44 4D AE 25 D3 A5  .Q..}>B.^.DM.%..
00007A80:  D1 36 06 17 40 EE 50 BC AE 0D 14 B9 F5 36 44 09  .6..@.P......6D.
00007A90:  7B 3A D9 1C CC 5D 1A D1 E3 FD 89 5C C5 F8 9B E5  {:...].....\....
00007AA0:  45 73 0E DB 36 F9 5B 66 86 04 81 07 F7 F4 EE F5  Es..6.[f........
00007AB0:  B9 7A 5C 5B 92 36 45 78 5D 89 0D E9 EA 08 88 8D  .z\[.6Ex].......
00007AC0:  E2 78 A1 66 AE 0A F0 8B 09 61 2B D6 D6 B7 EB 27  .x.f.....a+....'
00007AD0:  E9 6A A2 8A A7 8D B2 31 DC 8C D1 5A 01 D0 57 63  .j.....1...Z..Wc
00007AE0:  67 5C C2 7A BA 0D 3D 7B 2C 6E B8 65 4A 64 04 5D  g\.z..={,n.eJd.]
00007AF0:  3F DD 9F 5E 6E 66 F6 49 5C ED 33 67 8D 9B 85 B0  ?..^nf.I\.3g....
00007B00:  E1 51 F6 E8 7D 3E 42 19 5E F4 44 4D AE 25 D3 A5  .Q..}>B.^.DM.%..
00007B10:  D1 36 06 17 40 EE 50 BC AE 0D 14 B9 F5 36 44 09  .6..@.P......6D.
00007B20:  7B 3A D9 1C CC 5D 1A D1 E3 FD 89 5C C5 F8 9B E5  {:...].....\....
00007B30:  45 73 0E DB 36 F9 5B 66 86 04 81 07 F7 F4 EE F5  Es..6.[f........
00007B40:  B9 7A 5C 5B 92 36 D7 80 FF AD 36 7D CA F7 74 0C  .z\[.6....6}..t.
00007B50:  9A F2 5A EE CF 51 FA 13 0B 32 56 F6 A0 F7 5B 07  ..Z..Q...2V...[.
00007B60:  03 39 C6 20 71 8C 0E F9 7E 34 59 2C 68 25 51 57  .9. q...~4Y,h%QW
00007B70:  83 0A 47 A4 24 C7 A7 FB F5 35 AB 78 63 18 43 2B  ..G.$....5.xc.C+
00007B80:  AD 4D 4B 6E D4 C7 13 71 D9 E5 76 09 CC DA 51 6D  .MKn...q..v...Qm
00007B90:  0B DA DC 00 B0 8E 8F 57 54 06 D8 FE 0D B6 3D 76  .......WT.....=v
00007BA0:  EC F9 B7 B4 D8 2B 15 C7 48 E6 99 A3 FD F5        .....+..H.....

; --- structure summary (block types) ---
; 0x00000060..+0xD0  data   (208 bytes)
; 0x00000130..+0x40  zeros  (64 bytes)
; 0x00000170..+0x210  data   (528 bytes)
; 0x00000380..+0x180  zeros  (384 bytes)
; 0x00000500..+0x580  data   (1408 bytes)
; 0x00000A80..+0x3F0  zeros  (1008 bytes)
; 0x00000E70..+0x20  data   (32 bytes)
; 0x00000E90..+0x3E0  zeros  (992 bytes)
; 0x00001270..+0x20  data   (32 bytes)
; 0x00001290..+0x3E0  zeros  (992 bytes)
; 0x00001670..+0x20  data   (32 bytes)
; 0x00001690..+0x3E0  zeros  (992 bytes)
; 0x00001A70..+0x2380  data   (9088 bytes)
; 0x00003DF0..+0x10  zeros  (16 bytes)
; 0x00003E00..+0x40  data   (64 bytes)
; 0x00003E40..+0x70  zeros  (112 bytes)
; 0x00003EB0..+0x120  data   (288 bytes)
; 0x00003FD0..+0xA0  zeros  (160 bytes)
; 0x00004070..+0x50  data   (80 bytes)
; 0x000040C0..+0x160  zeros  (352 bytes)
; 0x00004220..+0x30  data   (48 bytes)
; 0x00004250..+0xF0  zeros  (240 bytes)
; 0x00004340..+0xF0  data   (240 bytes)
; 0x00004430..+0x5F0  zeros  (1520 bytes)
; 0x00004A20..+0x130  data   (304 bytes)
; 0x00004B50..+0xF0  zeros  (240 bytes)
; 0x00004C40..+0x220  data   (544 bytes)
; 0x00004E60..+0x30  zeros  (48 bytes)
; 0x00004E90..+0xA0  data   (160 bytes)
; 0x00004F30..+0xB0  zeros  (176 bytes)
; 0x00004FE0..+0xB0  data   (176 bytes)
; 0x00005090..+0x10  zeros  (16 bytes)
; 0x000050A0..+0xD0  data   (208 bytes)
; 0x00005170..+0xB0  zeros  (176 bytes)
; 0x00005220..+0x290  data   (656 bytes)
; 0x000054B0..+0x40  zeros  (64 bytes)
; 0x000054F0..+0x170  data   (368 bytes)
; 0x00005660..+0x30  zeros  (48 bytes)
; 0x00005690..+0x280  data   (640 bytes)
; 0x00005910..+0x60  zeros  (96 bytes)
; 0x00005970..+0x100  data   (256 bytes)
; 0x00005A70..+0xC0  zeros  (192 bytes)
; 0x00005B30..+0x250  data   (592 bytes)
; 0x00005D80..+0xD0  zeros  (208 bytes)
; 0x00005E50..+0x230  data   (560 bytes)
; 0x00006080..+0x30  zeros  (48 bytes)
; 0x000060B0..+0x50  data   (80 bytes)
; 0x00006100..+0xB0  zeros  (176 bytes)
; 0x000061B0..+0x50  data   (80 bytes)
; 0x00006200..+0x40  zeros  (64 bytes)
; 0x00006240..+0x30  data   (48 bytes)
; 0x00006270..+0xA0  zeros  (160 bytes)
; 0x00006310..+0x60  data   (96 bytes)
; 0x00006370..+0x40  zeros  (64 bytes)
; 0x000063B0..+0x20  data   (32 bytes)
; 0x000063D0..+0xB0  zeros  (176 bytes)
; 0x00006480..+0x290  data   (656 bytes)
; 0x00006710..+0xC0  zeros  (192 bytes)
; 0x000067D0..+0x180  data   (384 bytes)
; 0x00006950..+0x20  zeros  (32 bytes)
; 0x00006970..+0x20  data   (32 bytes)
; 0x00006990..+0x10  zeros  (16 bytes)
; 0x000069A0..+0x20  data   (32 bytes)
; 0x000069C0..+0x10  zeros  (16 bytes)
; 0x000069D0..+0x20  data   (32 bytes)
; 0x000069F0..+0x10  zeros  (16 bytes)
; 0x00006A00..+0x20  data   (32 bytes)
; 0x00006A20..+0x20  zeros  (32 bytes)
; 0x00006A40..+0x20  data   (32 bytes)
; 0x00006A60..+0x10  zeros  (16 bytes)
; 0x00006A70..+0x20  data   (32 bytes)
; 0x00006A90..+0x10  zeros  (16 bytes)
; 0x00006AA0..+0x370  data   (880 bytes)
; 0x00006E10..+0x30  zeros  (48 bytes)
; 0x00006E40..+0x60  data   (96 bytes)
; 0x00006EA0..+0xA0  zeros  (160 bytes)
; 0x00006F40..+0x60  data   (96 bytes)
; 0x00006FA0..+0x40  zeros  (64 bytes)
; 0x00006FE0..+0x20  data   (32 bytes)
; 0x00007000..+0xB0  zeros  (176 bytes)
; 0x000070B0..+0x50  data   (80 bytes)
; 0x00007100..+0x40  zeros  (64 bytes)
; 0x00007140..+0x30  data   (48 bytes)
; 0x00007170..+0xA0  zeros  (160 bytes)
; 0x00007210..+0x290  data   (656 bytes)
; 0x000074A0..+0xC0  zeros  (192 bytes)
; 0x00007560..+0x190  data   (400 bytes)
; 0x000076F0..+0x10  zeros  (16 bytes)
; 0x00007700..+0x20  data   (32 bytes)
; 0x00007720..+0x10  zeros  (16 bytes)
; 0x00007730..+0x20  data   (32 bytes)
; 0x00007750..+0x20  zeros  (32 bytes)
; 0x00007770..+0x20  data   (32 bytes)
; 0x00007790..+0x10  zeros  (16 bytes)
; 0x000077A0..+0x20  data   (32 bytes)
; 0x000077C0..+0x10  zeros  (16 bytes)
; 0x000077D0..+0x20  data   (32 bytes)
; 0x000077F0..+0x10  zeros  (16 bytes)
; 0x00007800..+0x20  data   (32 bytes)
; 0x00007820..+0x20  zeros  (32 bytes)
; 0x00007840..+0x360  data   (864 bytes)
