; Decrypted GatewaySettings dump (see FORMAT.md)
; key = ef34b8e245466aa0f9f23b07ebd72798 (aligned at 0x60)

00000060:  98 2F 83 DA EB 9A 44 68 8B 91 0B 66 C0 5F 40 CC  ./....Dh...f._@.
00000070:  F2 B7 18 65 37 3E 5B 77 98 73 87 BF DC A3 BE 8B  ...e7>[w.s......
00000080:  05 E9 9A 12 B7 CD 10 CA 87 6A 8B D4 7B BB 32 24  .........j..{.2$
00000090:  16 D7 30 F2 B1 F8 A0 97 93 97 BA 18 B9 49 55 84  ..0..........IU.
000000A0:  AD F8 1F 27 A5 C3 87 0F FD D7 34 4C 49 B7 7D 69  ...'......4LI.}i
000000B0:  D8 E8 00 9D 3E AF A5 EF 9E C3 06 E6 70 91 D3 CF  ....>.......p...
000000C0:  13 93 C4 83 AB 65 22 E1 49 1B 04 48 CB 8C 0C 49  .....e".I..H...I
000000D0:  10 C4 46 F0 F9 73 74 FC 16 3C 8A A2 4C A0 98 19  ..F..st..<..L...
000000E0:  43 37 19 EB 69 9D 58 61 AD 43 5A 38 7E 36 98 75  C7..i.Xa.CZ8~6.u
000000F0:  CE 5D AB 80 43 68 EF 93 C2 D8 2B 6A 7F B5 68 79  .]..Ch....+j..hy
00000100:  D9 2E AD 53 61 B2 A5 81 9A 08 8D D9 14 16 73 60  ...Sa.........s`
00000110:  2A CD 6F 23 06 78 26 B1 D9 BC B4 AC F7 AE 08 47  *.o#.x&........G
00000120:  27 88 FC 45 46 40 00 00 00 00 00 00 00 00 00 00  '..EF@..........
00000130:  00 00 00 00 00 00 00 00 00 00 00 00 00 00 00 00  ................ [zeros]
00000140:  00 00 00 00 00 00 00 00 00 00 00 00 00 00 00 00  ................ [zeros]
00000150:  00 00 00 00 00 00 00 00 00 00 00 00 00 00 00 00  ................ [zeros]
00000160:  00 00 00 00 00 00 00 00 00 00 00 00 00 00 00 00  ................ [zeros]
00000170:  00 00 00 00 00 00 66 CB 49 F4 2E B9 F6 E2 2D 90  ......f.I.....-.
00000180:  A9 8A 24 D4 3E E6 FD 65 F5 3B D7 7E 35 E1 4A 4A  ..$.>..e.;.~5.JJ
00000190:  CF 73 7D A0 D7 94 B3 79 F1 2B 95 8E F6 BE FE F4  .s}....y.+......
000001A0:  23 16 8A D0 DB 5A 09 50 14 AD 52 01 63 F9 C0 D3  #....Z.P..R.c...
000001B0:  B2 30 DD AB DF 57 02 4E 8D BE 19 31 D3 81 82 6A  .0...W.N...1...j
000001C0:  78 EB D1 2D 06 AA E0 22 3D 00 CE 8F 76 F8 7C A7  x..-..."=...v.|.
000001D0:  1E 72 17 B3 7A FD B0 8A 10 97 77 46 2A A0 7B 35  .r..z.....wF*.{5
000001E0:  29 DD CE AC 6F 84 C0 B6 58 04 07 4E 1A ED 3C 4A  )...o...X..N..<J
000001F0:  5D 20 A8 DB 09 C6 C4 FB 70 BB 83 76 8D B1 37 B6  ] ......p..v..7.
00000200:  8F A8 66 15 3A 4D 24 A5 0C 51 12 03 6F E8 EB 14  ..f.:M$..Q..o...
00000210:  D1 69 EE 4A C0 25 40 96 A2 72 A8 A2 78 1B 50 B7  .i.J.%@..r..x.P.
00000220:  16 BC 3B B4 C8 E4 0B 94 EC 93 01 0E 03 CB 80 D5  ..;.............
00000230:  18 BB 8C E9 E9 39 40 23 7D 2D DA D5 50 CE 67 6E  .....9@#}-..P.gn
00000240:  B8 E0 8D C2 52 7C 6C 1B 69 D8 4E 09 24 8D B0 A4  ....R|l.i.N.$...
00000250:  A3 70 17 2D 22 83 82 20 C6 BD AC D2 D1 5B 84 75  .p.-".. .....[.u
00000260:  3B 67 95 CE E8 0B 6B BC C5 F5 E3 61 61 8B 81 47  ;g....k....aa..G
00000270:  91 A2 BC D7 89 7B 43 BB C5 9D 39 23 2E 59 CC 44  .....{C...9#.Y.D
00000280:  5D 4C 99 77 DB 33 7F D4 C2 C4 AE 70 E4 8D 52 EE  ]L.w.3.....p..R.
00000290:  5B C6 0D E2 DE 5C 96 56 13 75 C1 48 E8 DC 8B 1D  [....\.V.u.H....
000002A0:  1D 96 D8 15 E1 17 36 D9 40 5D 64 19 E0 0C 58 7D  ......6.@]d...X}
000002B0:  6B FB A0 EA 8A 13 D6 88 41 5E 20 99 EB 32 00 3D  k.......A^ ..2.=
000002C0:  89 7E 38 01 1E 77 A8 66 97 EA 0F A9 A5 EB 42 53  .~8..w.f......BS
000002D0:  E0 D2 EE 08 DC 65 3B 04 C0 0A 89 50 8D 3C 4A D8  .....e;....P.<J.
000002E0:  81 7F 1C 03 A8 6C 7F FF 0C A9 07 6E C8 F8 F1 15  .....l.....n....
000002F0:  38 D9 AE 8F AC 14 85 8A 99 04 EE 1E 02 F3 FA F3  8...............
00000300:  E2 6C AF 13 28 C4 A9 CA 48 17 93 34 E4 96 FB C6  .l..(...H..4....
00000310:  CE 67 39 AA 1A 40 7B 3D FF 25 D2 FC 4B 54 A8 8C  .g9..@{=.%..KT..
00000320:  A8 13 4A 8C EF 06 7B 3D FF 25 D2 FC 4B 54 A8 8C  ..J...{=.%..KT..
00000330:  A8 13 4A 8C EF 06 8E 54 73 BC A3 6D CA 4B 13 D3  ..J....Ts..m.K..
00000340:  B4 66 A6 3E 1F 55 16 13 E2 2C D0 DF DF 8C DE 21  .f.>.U...,.....!
00000350:  31 EC 64 BE 40 53 C2 5B 51 BD 57 DA D6 B5 F0 42  1.d.@S.[Q.W....B
00000360:  09 3A E0 F6 70 75 C1 97 8B 7F 7E 87 B6 C2 72 DD  .:..pu....~...r.
00000370:  CC B2 03 72 DF 91 1C 37 EF 85 2C 56 36 3E AC 7A  ...r...7..,V6>.z
00000380:  C2 A8 70 11 56 5A 00 00 00 00 00 00 00 00 00 00  ..p.VZ..........
00000390:  00 00 00 00 00 00 00 00 00 00 00 00 00 00 00 00  ................ [zeros]
000003A0:  00 00 00 00 00 00 00 00 00 00 00 00 00 00 00 00  ................ [zeros]
000003B0:  00 00 00 00 00 00 00 00 00 00 00 00 00 00 00 00  ................ [zeros]
000003C0:  00 00 00 00 00 00 00 00 00 00 00 00 00 00 00 00  ................ [zeros]
000003D0:  00 00 00 00 00 00 00 00 00 00 00 00 00 00 00 00  ................ [zeros]
000003E0:  00 00 00 00 00 00 00 00 00 00 00 00 00 00 00 00  ................ [zeros]
000003F0:  00 00 00 00 00 00 00 00 00 00 00 00 00 00 00 00  ................ [zeros]
00000400:  00 00 00 00 00 00 00 00 00 00 00 00 00 00 00 00  ................ [zeros]
00000410:  00 00 00 00 00 00 00 00 00 00 00 00 00 00 00 00  ................ [zeros]
00000420:  00 00 00 00 00 00 00 00 00 00 00 00 00 00 00 00  ................ [zeros]
00000430:  00 00 00 00 00 00 00 00 00 00 00 00 00 00 00 00  ................ [zeros]
00000440:  00 00 00 00 00 00 00 00 00 00 00 00 00 00 00 00  ................ [zeros]
00000450:  00 00 00 00 00 00 00 00 00 00 00 00 00 00 00 00  ................ [zeros]
00000460:  00 00 00 00 00 00 00 00 00 00 00 00 00 00 00 00  ................ [zeros]
00000470:  00 00 00 00 00 00 00 00 00 00 00 00 00 00 00 00  ................ [zeros]
00000480:  00 00 00 00 00 00 00 00 00 00 00 00 00 00 00 00  ................ [zeros]
00000490:  00 00 00 00 00 00 00 00 00 00 00 00 00 00 00 00  ................ [zeros]
000004A0:  00 00 00 00 00 00 00 00 00 00 00 00 00 00 00 00  ................ [zeros]
000004B0:  00 00 00 00 00 00 00 00 00 00 00 00 00 00 00 00  ................ [zeros]
000004C0:  00 00 00 00 00 00 00 00 00 00 00 00 00 00 00 00  ................ [zeros]
000004D0:  00 00 00 00 00 00 00 00 00 00 00 00 00 00 00 00  ................ [zeros]
000004E0:  00 00 00 00 00 00 00 00 00 00 00 00 00 00 00 00  ................ [zeros]
000004F0:  00 00 00 00 00 00 00 00 00 00 00 00 00 00 00 00  ................ [zeros]
00000500:  00 00 00 00 00 00 DE 42 1C F3 D1 9F C5 F6 63 6C  .......B......cl
00000510:  85 FC A4 2F 9B AA 43 BF 27 F8 D4 E8 A3 0D 0A 07  .../..C.'.......
00000520:  09 38 C4 51 20 8C 1C 6D CE 73 90 96 E9 A6 2A 9D  .8.Q ..m.s....*.
00000530:  D9 84 0C BF A5 B7 74 91 0C 81 4C FD CC 21 50 2A  ......t...L..!P*
00000540:  23 2B 3E DA B6 26 DB DF 57 02 9A 05 33 AD 7C 85  #+>..&..W...3.|.
00000550:  88 70 05 FC 94 83 E1 EB 09 03 88 F6 71 4A 03 A3  .p..........qJ..
00000560:  20 B1 1C 95 45 DA 28 97 34 FA 61 15 31 D1 DE 79   ...E.(.4.a.1..y
00000570:  F1 3E 31 DC 74 21 E0 3C 72 4B D5 F9 50 6B D2 FE  .>1.t!.<rK..Pk..
00000580:  F6 1E D0 57 BE 22 E7 28 D1 F4 ED 15 AE 79 C1 5B  ...W.".(.....y.[
00000590:  2B 64 89 16 C3 19 1F 56 AB 1D B6 52 BF 9C F2 59  +d.....V...R...Y
000005A0:  3A 95 5B E5 35 C7 03 DB C1 9E 15 DE FA E1 A0 06  :.[.5...........
000005B0:  48 DE DE A5 C4 39 D3 BA A8 0B 18 FF C8 AC 64 21  H....9........d!
000005C0:  2F 2E 4C D5 2A 2F 4B E0 D6 1B 09 CC A8 F7 ED E1  /.L.*/K.........
000005D0:  BD C0 B2 FB 31 05 3A 95 49 23 C2 2D 3E D5 BC BA  ....1.:.I#.->...
000005E0:  7B F8 2F CB A0 2C F2 F2 F5 03 71 5E 47 4F A0 B1  {./..,....q^GO..
000005F0:  65 95 00 6A 64 2A CC 5F 8A D5 45 55 28 06 49 4D  e..jd*._..EU(.IM
00000600:  AE 93 D8 79 A7 86 3E BD DC 76 87 1D 7D 42 65 86  ...y..>..v..}Be.
00000610:  5C 5A E0 54 DE 13 0B A0 1D 69 4C 36 6E 0A BD 39  \Z.T.....iL6n..9
00000620:  C1 37 33 43 94 FD FA 03 BF 4B 18 67 DF 5D AA EB  .73C.....K.g.]..
00000630:  92 6F F8 6C 69 67 EC 9C 1D EA 30 05 8B 0B 93 BB  .o.lig....0.....
00000640:  4E BE B6 5E 6F AF 07 95 ED D0 AE 03 73 5E 1A 98  N..^o.......s^..
00000650:  D2 CC BA F6 7B 7E 05 44 00 8D 78 E5 A9 C7 D6 4B  ....{~.D..x....K
00000660:  27 17 23 97 56 47 78 ED D0 59 C0 42 D3 37 15 54  '.#.VGx..Y.B.7.T
00000670:  C9 C6 73 35 C0 9D E0 4C 87 00 B0 04 86 AA 1F D7  ..s5...L........
00000680:  BB 1D A3 5B AB 8C 6B A3 85 21 ED F6 33 93 96 33  ...[..k..!..3..3
00000690:  6B A6 60 1B A4 29 0E 5F FA 5E 62 09 36 BD DE E9  k.`..)._.^b.6...
000006A0:  0C 69 53 B6 A9 BE 44 BF 0C 06 24 93 A2 21 8B 13  .iS...D...$..!..
000006B0:  06 95 1D 75 9D EB 3F 2D AC C4 E4 B5 95 E0 C1 59  ...u..?-.......Y
000006C0:  20 32 00 1B 7C FD 27 4D 4C 9A 7A BF 32 A9 6B 8B   2..|.'ML.z.2.k.
000006D0:  D5 59 66 0A 93 C1 82 11 CF CD 3C 4E BE AD AE C2  .Yf.......<N....
000006E0:  03 0B C8 A3 8C 87 0B 25 D7 E4 1D 9A 28 0F D5 E7  .......%....(...
000006F0:  20 51 B8 2D 5C FC 22 C4 B2 79 90 34 19 52 36 23   Q.-\."..y.4.R6#
00000700:  98 D1 5F 6D 26 B9 97 8F FD F3 12 6A 71 FA 1F F1  .._m&......jq...
00000710:  AD 9D EE CD 00 71 9B 94 C2 48 0C 83 6B 59 19 61  .....q...H..kY.a
00000720:  37 E6 BF E4 FB 29 2A 5E 10 29 E3 46 CF 4F A0 28  7....)*^.).F.O.(
00000730:  21 C7 2D 22 7A 24 E8 05 D8 E4 F0 16 D7 C3 20 82  !.-"z$........ .
00000740:  28 C5 EA 90 D6 68 7B 21 69 66 7E 1E CB 5F CF EB  (....h{!if~.._..
00000750:  CE F7 CF A9 C1 E5 59 EE A7 F9 04 D6 1B 24 B7 E8  ......Y......$..
00000760:  72 52 61 7F 7E 4A 27 9E F4 47 5A A5 22 DB FC 97  rRa.~J'..GZ."...
00000770:  E3 7A DA 35 52 DF 07 27 2B 5F D8 A0 A2 D8 E8 6F  .z.5R..'+_.....o
00000780:  4A 98 63 CB DC 26 B0 93 72 78 3D 87 47 DA EA 3E  J.c..&..rx=.G..>
00000790:  E1 CC A2 15 1B EB C3 A3 AB C3 2C 00 E9 AB 23 57  ..........,...#W
000007A0:  FF AB 5A 5D 0B CB 2A 5E 10 29 E3 46 CF 4F A0 28  ..Z]..*^.).F.O.(
000007B0:  21 C7 2D 22 7A 24 10 F2 C2 55 FD 51 5E 95 14 C9  !.-"z$...U.Q^...
000007C0:  36 A9 49 F4 65 31 68 51 9D 24 E1 21 B7 B6 B0 47  6.I.e1hQ.$.!...G
000007D0:  18 5D C6 F1 5A 4D 97 35 EA 86 9A 18 A9 82 1A E1  .]..ZM.5........
000007E0:  3B E6 CB 77 6F 3F E4 09 53 AB 00 FE 34 71 6F C9  ;..wo?..S...4qo.
000007F0:  BC 2A 94 AB EB 25 65 09 B3 76 97 DF 0E 99 3F AC  .*...%e..v....?.
00000800:  AF C2 79 5E 67 C7 AC CA B3 B9 F2 6C 00 CF 6C 0C  ..y^g......l..l.
00000810:  85 7D D8 33 03 E4 E8 C2 06 64 AE 9E F1 92 FE E2  .}.3.....d......
00000820:  FE B8 49 BC E8 0C 24 E0 42 9F 6A 0E 0C 03 96 09  ..I...$.B.j.....
00000830:  1F 6E 3C 47 13 83 9A F6 63 C4 26 C5 FD F8 4E 19  .n<G....c.&...N.
00000840:  94 02 BF C3 06 64 2B 98 27 71 9A E8 F6 70 BF 96  .....d+.'q...p..
00000850:  3F 33 A3 30 16 04 AB A7 1C 6B BF 05 3B 31 FA 43  ?3.0.....k..;1.C
00000860:  E7 B9 77 83 1D 1E 7E CD FB 08 1B D3 6C 13 9D 7B  ..w...~.....l..{
00000870:  F5 0B 1F 4E 9C 93 C1 A9 38 AB 83 FD 34 6A 49 A2  ...N....8...4jI.
00000880:  05 C1 D3 1B BC FB F1 3F 43 0E 4F BE 24 72 7C 7D  .......?C.O.$r|}
00000890:  E5 35 E9 A3 58 60 13 7E FC E6 3D 6A A6 93 DB E3  .5..X`.~..=j....
000008A0:  D0 5D D9 EB E3 42 0A 1A 75 8E 1D 1D 71 3A 1B D7  .]...B..u...q:..
000008B0:  52 42 04 31 9C AC B1 C0 9A 9D 62 FA 75 8D 90 A3  RB.1......b.u...
000008C0:  95 10 D3 BB 62 86 6F CD 46 14 81 19 2C CD 33 26  ....b.o.F...,.3&
000008D0:  C7 B7 03 94 A5 F0 C1 FE C9 D8 03 3F F1 45 28 B9  ...........?.E(.
000008E0:  DF 7D 54 2E E8 29 28 14 01 3B 22 87 5D 59 22 0A  .}T..)(..;".]Y".
000008F0:  60 57 DD 59 BD F4 B3 CB EC 2A 2C 1D FB 46 8F FC  `W.Y.....*,..F..
00000900:  4D 2D 6B 55 EF A6 12 D4 BE B8 64 BD CC 29 1B 86  M-kU......d..)..
00000910:  84 80 DF 13 67 E5 AA 6C 54 85 0F D4 A8 45 EF D7  ....g..lT....E..
00000920:  5A 07 AB D2 CC F2 3B D5 5E 24 23 FB 65 8D 42 B7  Z.....;.^$#.e.B.
00000930:  01 91 95 79 F3 6E F4 A7 71 66 47 A9 42 EC 0F D0  ...y.n..qfG.B...
00000940:  44 B1 40 5E D6 E8 26 35 54 0F 55 43 CC 96 4C 5F  D.@^..&5T.UC..L_
00000950:  4A F8 C5 5A 3F E8 98 18 A1 F6 CA 15 7A 26 6C 13  J..Z?.......z&l.
00000960:  38 C2 2B 17 9F AA 03 99 66 DA 89 D7 D3 81 6C 49  8.+.....f.....lI
00000970:  70 FE 03 96 3C 2D 7A 91 3D A9 A7 E1 C8 F3 16 43  p...<-z.=......C
00000980:  D1 F9 7B C6 89 64 FA 49 4B 9B D6 1C 13 18 99 D9  ..{..d.IK.......
00000990:  89 49 E3 BD 22 22 8F CA 7B EF C0 55 BE AE 5A AF  .I..""..{..U..Z.
000009A0:  10 4A DC 38 89 2D 29 B4 BB E5 CB 3D ED 39 A2 97  .J.8.-)....=.9..
000009B0:  CD C5 39 D7 44 99 C9 C8 86 F7 5F 4B FF D0 40 A0  ..9.D....._K..@.
000009C0:  1F 4A 80 9B E9 61 51 52 58 E3 98 F3 7E 6A B0 59  .J...aQRX...~j.Y
000009D0:  85 73 05 5D D1 94 F4 38 2F 4F 99 9A B1 72 64 66  .s.]...8/O...rdf
000009E0:  FD FA 23 1B B5 C7 C4 BC FA 43 34 A0 59 B2 5D 4D  ..#......C4.Y.]M
000009F0:  03 42 AF 5B 0C 64 E2 6D B3 24 D1 36 E9 46 77 F2  .B.[.d.m.$.6.Fw.
00000A00:  32 3E 8C 1A 57 E5 51 AB 6C ED 62 CA 6F E2 27 B5  2>..W.Q.l.b.o.'.
00000A10:  65 7B E1 F3 F7 58 6B 9D 42 1E 39 65 A6 76 8E 9E  e{...Xk.B.9e.v..
00000A20:  CE 80 CE 26 E0 0D D8 15 29 27 70 38 D8 D3 7C 73  ...&....)'p8..|s
00000A30:  47 1E 16 79 79 BD 49 05 AF 32 80 A0 7A F2 1E 57  G..yy.I..2..z..W
00000A40:  27 0A 1A EE DB A6 91 8F 30 B4 9E 15 0B E4 E6 56  '.......0......V
00000A50:  C3 D0 F0 CD C2 69 F7 2E 61 F3 09 AA 35 DA FB 96  .....i..a...5...
00000A60:  78 73 CC 83 B6 00 93 8F 33 F2 BC 07 82 4D EB 85  xs......3....M..
00000A70:  73 05 16 AF D2 67 00 00 00 00 00 00 00 00 00 00  s....g..........
00000A80:  00 00 00 00 00 00 00 00 00 00 00 00 00 00 00 00  ................ [zeros]
00000A90:  00 00 00 00 00 00 00 00 00 00 00 00 00 00 00 00  ................ [zeros]
00000AA0:  00 00 00 00 00 00 00 00 00 00 00 00 00 00 00 00  ................ [zeros]
00000AB0:  00 00 00 00 00 00 00 00 00 00 00 00 00 00 00 00  ................ [zeros]
00000AC0:  00 00 00 00 00 00 00 00 00 00 00 00 00 00 00 00  ................ [zeros]
00000AD0:  00 00 00 00 00 00 00 00 00 00 00 00 00 00 00 00  ................ [zeros]
00000AE0:  00 00 00 00 00 00 00 00 00 00 00 00 00 00 00 00  ................ [zeros]
00000AF0:  00 00 00 00 00 00 00 00 00 00 00 00 00 00 00 00  ................ [zeros]
00000B00:  00 00 00 00 00 00 00 00 00 00 00 00 00 00 00 00  ................ [zeros]
00000B10:  00 00 00 00 00 00 00 00 00 00 00 00 00 00 00 00  ................ [zeros]
00000B20:  00 00 00 00 00 00 00 00 00 00 00 00 00 00 00 00  ................ [zeros]
00000B30:  00 00 00 00 00 00 00 00 00 00 00 00 00 00 00 00  ................ [zeros]
00000B40:  00 00 00 00 00 00 00 00 00 00 00 00 00 00 00 00  ................ [zeros]
00000B50:  00 00 00 00 00 00 00 00 00 00 00 00 00 00 00 00  ................ [zeros]
00000B60:  00 00 00 00 00 00 00 00 00 00 00 00 00 00 00 00  ................ [zeros]
00000B70:  00 00 00 00 00 00 00 00 00 00 00 00 00 00 00 00  ................ [zeros]
00000B80:  00 00 00 00 00 00 00 00 00 00 00 00 00 00 00 00  ................ [zeros]
00000B90:  00 00 00 00 00 00 00 00 00 00 00 00 00 00 00 00  ................ [zeros]
00000BA0:  00 00 00 00 00 00 00 00 00 00 00 00 00 00 00 00  ................ [zeros]
00000BB0:  00 00 00 00 00 00 00 00 00 00 00 00 00 00 00 00  ................ [zeros]
00000BC0:  00 00 00 00 00 00 00 00 00 00 00 00 00 00 00 00  ................ [zeros]
00000BD0:  00 00 00 00 00 00 00 00 00 00 00 00 00 00 00 00  ................ [zeros]
00000BE0:  00 00 00 00 00 00 00 00 00 00 00 00 00 00 00 00  ................ [zeros]
00000BF0:  00 00 00 00 00 00 00 00 00 00 00 00 00 00 00 00  ................ [zeros]
00000C00:  00 00 00 00 00 00 00 00 00 00 00 00 00 00 00 00  ................ [zeros]
00000C10:  00 00 00 00 00 00 00 00 00 00 00 00 00 00 00 00  ................ [zeros]
00000C20:  00 00 00 00 00 00 00 00 00 00 00 00 00 00 00 00  ................ [zeros]
00000C30:  00 00 00 00 00 00 00 00 00 00 00 00 00 00 00 00  ................ [zeros]
00000C40:  00 00 00 00 00 00 00 00 00 00 00 00 00 00 00 00  ................ [zeros]
00000C50:  00 00 00 00 00 00 00 00 00 00 00 00 00 00 00 00  ................ [zeros]
00000C60:  00 00 00 00 00 00 00 00 00 00 00 00 00 00 00 00  ................ [zeros]
00000C70:  00 00 00 00 00 00 00 00 00 00 00 00 00 00 00 00  ................ [zeros]
00000C80:  00 00 00 00 00 00 00 00 00 00 00 00 00 00 00 00  ................ [zeros]
00000C90:  00 00 00 00 00 00 00 00 00 00 00 00 00 00 00 00  ................ [zeros]
00000CA0:  00 00 00 00 00 00 00 00 00 00 00 00 00 00 00 00  ................ [zeros]
00000CB0:  00 00 00 00 00 00 00 00 00 00 00 00 00 00 00 00  ................ [zeros]
00000CC0:  00 00 00 00 00 00 00 00 00 00 00 00 00 00 00 00  ................ [zeros]
00000CD0:  00 00 00 00 00 00 00 00 00 00 00 00 00 00 00 00  ................ [zeros]
00000CE0:  00 00 00 00 00 00 00 00 00 00 00 00 00 00 00 00  ................ [zeros]
00000CF0:  00 00 00 00 00 00 00 00 00 00 00 00 00 00 00 00  ................ [zeros]
00000D00:  00 00 00 00 00 00 00 00 00 00 00 00 00 00 00 00  ................ [zeros]
00000D10:  00 00 00 00 00 00 00 00 00 00 00 00 00 00 00 00  ................ [zeros]
00000D20:  00 00 00 00 00 00 00 00 00 00 00 00 00 00 00 00  ................ [zeros]
00000D30:  00 00 00 00 00 00 00 00 00 00 00 00 00 00 00 00  ................ [zeros]
00000D40:  00 00 00 00 00 00 00 00 00 00 00 00 00 00 00 00  ................ [zeros]
00000D50:  00 00 00 00 00 00 00 00 00 00 00 00 00 00 00 00  ................ [zeros]
00000D60:  00 00 00 00 00 00 00 00 00 00 00 00 00 00 00 00  ................ [zeros]
00000D70:  00 00 00 00 00 00 00 00 00 00 00 00 00 00 00 00  ................ [zeros]
00000D80:  00 00 00 00 00 00 00 00 00 00 00 00 00 00 00 00  ................ [zeros]
00000D90:  00 00 00 00 00 00 00 00 00 00 00 00 00 00 00 00  ................ [zeros]
00000DA0:  00 00 00 00 00 00 00 00 00 00 00 00 00 00 00 00  ................ [zeros]
00000DB0:  00 00 00 00 00 00 00 00 00 00 00 00 00 00 00 00  ................ [zeros]
00000DC0:  00 00 00 00 00 00 00 00 00 00 00 00 00 00 00 00  ................ [zeros]
00000DD0:  00 00 00 00 00 00 00 00 00 00 00 00 00 00 00 00  ................ [zeros]
00000DE0:  00 00 00 00 00 00 00 00 00 00 00 00 00 00 00 00  ................ [zeros]
00000DF0:  00 00 00 00 00 00 00 00 00 00 00 00 00 00 00 00  ................ [zeros]
00000E00:  00 00 00 00 00 00 00 00 00 00 00 00 00 00 00 00  ................ [zeros]
00000E10:  00 00 00 00 00 00 00 00 00 00 00 00 00 00 00 00  ................ [zeros]
00000E20:  00 00 00 00 00 00 00 00 00 00 00 00 00 00 00 00  ................ [zeros]
00000E30:  00 00 00 00 00 00 00 00 00 00 00 00 00 00 00 00  ................ [zeros]
00000E40:  00 00 00 00 00 00 00 00 00 00 00 00 00 00 00 00  ................ [zeros]
00000E50:  00 00 00 00 00 00 00 00 00 00 00 00 00 00 00 00  ................ [zeros]
00000E60:  00 00 00 00 00 00 E4 00 69 7D B1 E1 4E AA 20 56  ........i}..N. V
00000E70:  62 3C 37 EC 28 6C 00 00 00 00 00 00 00 00 00 00  b<7.(l..........
00000E80:  00 00 00 00 00 00 00 00 00 00 00 00 00 00 00 00  ................ [zeros]
00000E90:  00 00 00 00 00 00 00 00 00 00 00 00 00 00 00 00  ................ [zeros]
00000EA0:  00 00 00 00 00 00 00 00 00 00 00 00 00 00 00 00  ................ [zeros]
00000EB0:  00 00 00 00 00 00 00 00 00 00 00 00 00 00 00 00  ................ [zeros]
00000EC0:  00 00 00 00 00 00 00 00 00 00 00 00 00 00 00 00  ................ [zeros]
00000ED0:  00 00 00 00 00 00 00 00 00 00 00 00 00 00 00 00  ................ [zeros]
00000EE0:  00 00 00 00 00 00 00 00 00 00 00 00 00 00 00 00  ................ [zeros]
00000EF0:  00 00 00 00 00 00 00 00 00 00 00 00 00 00 00 00  ................ [zeros]
00000F00:  00 00 00 00 00 00 00 00 00 00 00 00 00 00 00 00  ................ [zeros]
00000F10:  00 00 00 00 00 00 00 00 00 00 00 00 00 00 00 00  ................ [zeros]
00000F20:  00 00 00 00 00 00 00 00 00 00 00 00 00 00 00 00  ................ [zeros]
00000F30:  00 00 00 00 00 00 00 00 00 00 00 00 00 00 00 00  ................ [zeros]
00000F40:  00 00 00 00 00 00 00 00 00 00 00 00 00 00 00 00  ................ [zeros]
00000F50:  00 00 00 00 00 00 00 00 00 00 00 00 00 00 00 00  ................ [zeros]
00000F60:  00 00 00 00 00 00 00 00 00 00 00 00 00 00 00 00  ................ [zeros]
00000F70:  00 00 00 00 00 00 00 00 00 00 00 00 00 00 00 00  ................ [zeros]
00000F80:  00 00 00 00 00 00 00 00 00 00 00 00 00 00 00 00  ................ [zeros]
00000F90:  00 00 00 00 00 00 00 00 00 00 00 00 00 00 00 00  ................ [zeros]
00000FA0:  00 00 00 00 00 00 00 00 00 00 00 00 00 00 00 00  ................ [zeros]
00000FB0:  00 00 00 00 00 00 00 00 00 00 00 00 00 00 00 00  ................ [zeros]
00000FC0:  00 00 00 00 00 00 00 00 00 00 00 00 00 00 00 00  ................ [zeros]
00000FD0:  00 00 00 00 00 00 00 00 00 00 00 00 00 00 00 00  ................ [zeros]
00000FE0:  00 00 00 00 00 00 00 00 00 00 00 00 00 00 00 00  ................ [zeros]
00000FF0:  00 00 00 00 00 00 00 00 00 00 00 00 00 00 00 00  ................ [zeros]
00001000:  00 00 00 00 00 00 00 00 00 00 00 00 00 00 00 00  ................ [zeros]
00001010:  00 00 00 00 00 00 00 00 00 00 00 00 00 00 00 00  ................ [zeros]
00001020:  00 00 00 00 00 00 00 00 00 00 00 00 00 00 00 00  ................ [zeros]
00001030:  00 00 00 00 00 00 00 00 00 00 00 00 00 00 00 00  ................ [zeros]
00001040:  00 00 00 00 00 00 00 00 00 00 00 00 00 00 00 00  ................ [zeros]
00001050:  00 00 00 00 00 00 00 00 00 00 00 00 00 00 00 00  ................ [zeros]
00001060:  00 00 00 00 00 00 00 00 00 00 00 00 00 00 00 00  ................ [zeros]
00001070:  00 00 00 00 00 00 00 00 00 00 00 00 00 00 00 00  ................ [zeros]
00001080:  00 00 00 00 00 00 00 00 00 00 00 00 00 00 00 00  ................ [zeros]
00001090:  00 00 00 00 00 00 00 00 00 00 00 00 00 00 00 00  ................ [zeros]
000010A0:  00 00 00 00 00 00 00 00 00 00 00 00 00 00 00 00  ................ [zeros]
000010B0:  00 00 00 00 00 00 00 00 00 00 00 00 00 00 00 00  ................ [zeros]
000010C0:  00 00 00 00 00 00 00 00 00 00 00 00 00 00 00 00  ................ [zeros]
000010D0:  00 00 00 00 00 00 00 00 00 00 00 00 00 00 00 00  ................ [zeros]
000010E0:  00 00 00 00 00 00 00 00 00 00 00 00 00 00 00 00  ................ [zeros]
000010F0:  00 00 00 00 00 00 00 00 00 00 00 00 00 00 00 00  ................ [zeros]
00001100:  00 00 00 00 00 00 00 00 00 00 00 00 00 00 00 00  ................ [zeros]
00001110:  00 00 00 00 00 00 00 00 00 00 00 00 00 00 00 00  ................ [zeros]
00001120:  00 00 00 00 00 00 00 00 00 00 00 00 00 00 00 00  ................ [zeros]
00001130:  00 00 00 00 00 00 00 00 00 00 00 00 00 00 00 00  ................ [zeros]
00001140:  00 00 00 00 00 00 00 00 00 00 00 00 00 00 00 00  ................ [zeros]
00001150:  00 00 00 00 00 00 00 00 00 00 00 00 00 00 00 00  ................ [zeros]
00001160:  00 00 00 00 00 00 00 00 00 00 00 00 00 00 00 00  ................ [zeros]
00001170:  00 00 00 00 00 00 00 00 00 00 00 00 00 00 00 00  ................ [zeros]
00001180:  00 00 00 00 00 00 00 00 00 00 00 00 00 00 00 00  ................ [zeros]
00001190:  00 00 00 00 00 00 00 00 00 00 00 00 00 00 00 00  ................ [zeros]
000011A0:  00 00 00 00 00 00 00 00 00 00 00 00 00 00 00 00  ................ [zeros]
000011B0:  00 00 00 00 00 00 00 00 00 00 00 00 00 00 00 00  ................ [zeros]
000011C0:  00 00 00 00 00 00 00 00 00 00 00 00 00 00 00 00  ................ [zeros]
000011D0:  00 00 00 00 00 00 00 00 00 00 00 00 00 00 00 00  ................ [zeros]
000011E0:  00 00 00 00 00 00 00 00 00 00 00 00 00 00 00 00  ................ [zeros]
000011F0:  00 00 00 00 00 00 00 00 00 00 00 00 00 00 00 00  ................ [zeros]
00001200:  00 00 00 00 00 00 00 00 00 00 00 00 00 00 00 00  ................ [zeros]
00001210:  00 00 00 00 00 00 00 00 00 00 00 00 00 00 00 00  ................ [zeros]
00001220:  00 00 00 00 00 00 00 00 00 00 00 00 00 00 00 00  ................ [zeros]
00001230:  00 00 00 00 00 00 00 00 00 00 00 00 00 00 00 00  ................ [zeros]
00001240:  00 00 00 00 00 00 00 00 00 00 00 00 00 00 00 00  ................ [zeros]
00001250:  00 00 00 00 00 00 00 00 00 00 00 00 00 00 00 00  ................ [zeros]
00001260:  00 00 00 00 00 00 AC A8 6B D5 2E 27 94 EE 03 B8  ........k..'....
00001270:  4F 43 16 DB 42 84 00 00 00 00 00 00 00 00 00 00  OC..B...........
00001280:  00 00 00 00 00 00 00 00 00 00 00 00 00 00 00 00  ................ [zeros]
00001290:  00 00 00 00 00 00 00 00 00 00 00 00 00 00 00 00  ................ [zeros]
000012A0:  00 00 00 00 00 00 00 00 00 00 00 00 00 00 00 00  ................ [zeros]
000012B0:  00 00 00 00 00 00 00 00 00 00 00 00 00 00 00 00  ................ [zeros]
000012C0:  00 00 00 00 00 00 00 00 00 00 00 00 00 00 00 00  ................ [zeros]
000012D0:  00 00 00 00 00 00 00 00 00 00 00 00 00 00 00 00  ................ [zeros]
000012E0:  00 00 00 00 00 00 00 00 00 00 00 00 00 00 00 00  ................ [zeros]
000012F0:  00 00 00 00 00 00 00 00 00 00 00 00 00 00 00 00  ................ [zeros]
00001300:  00 00 00 00 00 00 00 00 00 00 00 00 00 00 00 00  ................ [zeros]
00001310:  00 00 00 00 00 00 00 00 00 00 00 00 00 00 00 00  ................ [zeros]
00001320:  00 00 00 00 00 00 00 00 00 00 00 00 00 00 00 00  ................ [zeros]
00001330:  00 00 00 00 00 00 00 00 00 00 00 00 00 00 00 00  ................ [zeros]
00001340:  00 00 00 00 00 00 00 00 00 00 00 00 00 00 00 00  ................ [zeros]
00001350:  00 00 00 00 00 00 00 00 00 00 00 00 00 00 00 00  ................ [zeros]
00001360:  00 00 00 00 00 00 00 00 00 00 00 00 00 00 00 00  ................ [zeros]
00001370:  00 00 00 00 00 00 00 00 00 00 00 00 00 00 00 00  ................ [zeros]
00001380:  00 00 00 00 00 00 00 00 00 00 00 00 00 00 00 00  ................ [zeros]
00001390:  00 00 00 00 00 00 00 00 00 00 00 00 00 00 00 00  ................ [zeros]
000013A0:  00 00 00 00 00 00 00 00 00 00 00 00 00 00 00 00  ................ [zeros]
000013B0:  00 00 00 00 00 00 00 00 00 00 00 00 00 00 00 00  ................ [zeros]
000013C0:  00 00 00 00 00 00 00 00 00 00 00 00 00 00 00 00  ................ [zeros]
000013D0:  00 00 00 00 00 00 00 00 00 00 00 00 00 00 00 00  ................ [zeros]
000013E0:  00 00 00 00 00 00 00 00 00 00 00 00 00 00 00 00  ................ [zeros]
000013F0:  00 00 00 00 00 00 00 00 00 00 00 00 00 00 00 00  ................ [zeros]
00001400:  00 00 00 00 00 00 00 00 00 00 00 00 00 00 00 00  ................ [zeros]
00001410:  00 00 00 00 00 00 00 00 00 00 00 00 00 00 00 00  ................ [zeros]
00001420:  00 00 00 00 00 00 00 00 00 00 00 00 00 00 00 00  ................ [zeros]
00001430:  00 00 00 00 00 00 00 00 00 00 00 00 00 00 00 00  ................ [zeros]
00001440:  00 00 00 00 00 00 00 00 00 00 00 00 00 00 00 00  ................ [zeros]
00001450:  00 00 00 00 00 00 00 00 00 00 00 00 00 00 00 00  ................ [zeros]
00001460:  00 00 00 00 00 00 00 00 00 00 00 00 00 00 00 00  ................ [zeros]
00001470:  00 00 00 00 00 00 00 00 00 00 00 00 00 00 00 00  ................ [zeros]
00001480:  00 00 00 00 00 00 00 00 00 00 00 00 00 00 00 00  ................ [zeros]
00001490:  00 00 00 00 00 00 00 00 00 00 00 00 00 00 00 00  ................ [zeros]
000014A0:  00 00 00 00 00 00 00 00 00 00 00 00 00 00 00 00  ................ [zeros]
000014B0:  00 00 00 00 00 00 00 00 00 00 00 00 00 00 00 00  ................ [zeros]
000014C0:  00 00 00 00 00 00 00 00 00 00 00 00 00 00 00 00  ................ [zeros]
000014D0:  00 00 00 00 00 00 00 00 00 00 00 00 00 00 00 00  ................ [zeros]
000014E0:  00 00 00 00 00 00 00 00 00 00 00 00 00 00 00 00  ................ [zeros]
000014F0:  00 00 00 00 00 00 00 00 00 00 00 00 00 00 00 00  ................ [zeros]
00001500:  00 00 00 00 00 00 00 00 00 00 00 00 00 00 00 00  ................ [zeros]
00001510:  00 00 00 00 00 00 00 00 00 00 00 00 00 00 00 00  ................ [zeros]
00001520:  00 00 00 00 00 00 00 00 00 00 00 00 00 00 00 00  ................ [zeros]
00001530:  00 00 00 00 00 00 00 00 00 00 00 00 00 00 00 00  ................ [zeros]
00001540:  00 00 00 00 00 00 00 00 00 00 00 00 00 00 00 00  ................ [zeros]
00001550:  00 00 00 00 00 00 00 00 00 00 00 00 00 00 00 00  ................ [zeros]
00001560:  00 00 00 00 00 00 00 00 00 00 00 00 00 00 00 00  ................ [zeros]
00001570:  00 00 00 00 00 00 00 00 00 00 00 00 00 00 00 00  ................ [zeros]
00001580:  00 00 00 00 00 00 00 00 00 00 00 00 00 00 00 00  ................ [zeros]
00001590:  00 00 00 00 00 00 00 00 00 00 00 00 00 00 00 00  ................ [zeros]
000015A0:  00 00 00 00 00 00 00 00 00 00 00 00 00 00 00 00  ................ [zeros]
000015B0:  00 00 00 00 00 00 00 00 00 00 00 00 00 00 00 00  ................ [zeros]
000015C0:  00 00 00 00 00 00 00 00 00 00 00 00 00 00 00 00  ................ [zeros]
000015D0:  00 00 00 00 00 00 00 00 00 00 00 00 00 00 00 00  ................ [zeros]
000015E0:  00 00 00 00 00 00 00 00 00 00 00 00 00 00 00 00  ................ [zeros]
000015F0:  00 00 00 00 00 00 00 00 00 00 00 00 00 00 00 00  ................ [zeros]
00001600:  00 00 00 00 00 00 00 00 00 00 00 00 00 00 00 00  ................ [zeros]
00001610:  00 00 00 00 00 00 00 00 00 00 00 00 00 00 00 00  ................ [zeros]
00001620:  00 00 00 00 00 00 00 00 00 00 00 00 00 00 00 00  ................ [zeros]
00001630:  00 00 00 00 00 00 00 00 00 00 00 00 00 00 00 00  ................ [zeros]
00001640:  00 00 00 00 00 00 00 00 00 00 00 00 00 00 00 00  ................ [zeros]
00001650:  00 00 00 00 00 00 00 00 00 00 00 00 00 00 00 00  ................ [zeros]
00001660:  00 00 00 00 00 00 00 00 00 00 00 00 00 00 00 00  ................ [zeros]
00001670:  00 00 00 00 00 00 16 AC 43 AE 7D A6 28 3E 1A 74  ........C.}.(>.t
00001680:  5B 98 2B 10 24 CC 00 00 00 00 00 00 00 00 00 00  [.+.$...........
00001690:  00 00 00 00 00 00 00 00 00 00 00 00 00 00 00 00  ................ [zeros]
000016A0:  00 00 00 00 00 00 00 00 00 00 00 00 00 00 00 00  ................ [zeros]
000016B0:  00 00 00 00 00 00 00 00 00 00 00 00 00 00 00 00  ................ [zeros]
000016C0:  00 00 00 00 00 00 00 00 00 00 00 00 00 00 00 00  ................ [zeros]
000016D0:  00 00 00 00 00 00 00 00 00 00 00 00 00 00 00 00  ................ [zeros]
000016E0:  00 00 00 00 00 00 00 00 00 00 00 00 00 00 00 00  ................ [zeros]
000016F0:  00 00 00 00 00 00 00 00 00 00 00 00 00 00 00 00  ................ [zeros]
00001700:  00 00 00 00 00 00 00 00 00 00 00 00 00 00 00 00  ................ [zeros]
00001710:  00 00 00 00 00 00 00 00 00 00 00 00 00 00 00 00  ................ [zeros]
00001720:  00 00 00 00 00 00 00 00 00 00 00 00 00 00 00 00  ................ [zeros]
00001730:  00 00 00 00 00 00 00 00 00 00 00 00 00 00 00 00  ................ [zeros]
00001740:  00 00 00 00 00 00 00 00 00 00 00 00 00 00 00 00  ................ [zeros]
00001750:  00 00 00 00 00 00 00 00 00 00 00 00 00 00 00 00  ................ [zeros]
00001760:  00 00 00 00 00 00 00 00 00 00 00 00 00 00 00 00  ................ [zeros]
00001770:  00 00 00 00 00 00 00 00 00 00 00 00 00 00 00 00  ................ [zeros]
00001780:  00 00 00 00 00 00 00 00 00 00 00 00 00 00 00 00  ................ [zeros]
00001790:  00 00 00 00 00 00 00 00 00 00 00 00 00 00 00 00  ................ [zeros]
000017A0:  00 00 00 00 00 00 00 00 00 00 00 00 00 00 00 00  ................ [zeros]
000017B0:  00 00 00 00 00 00 00 00 00 00 00 00 00 00 00 00  ................ [zeros]
000017C0:  00 00 00 00 00 00 00 00 00 00 00 00 00 00 00 00  ................ [zeros]
000017D0:  00 00 00 00 00 00 00 00 00 00 00 00 00 00 00 00  ................ [zeros]
000017E0:  00 00 00 00 00 00 00 00 00 00 00 00 00 00 00 00  ................ [zeros]
000017F0:  00 00 00 00 00 00 00 00 00 00 00 00 00 00 00 00  ................ [zeros]
00001800:  00 00 00 00 00 00 00 00 00 00 00 00 00 00 00 00  ................ [zeros]
00001810:  00 00 00 00 00 00 00 00 00 00 00 00 00 00 00 00  ................ [zeros]
00001820:  00 00 00 00 00 00 00 00 00 00 00 00 00 00 00 00  ................ [zeros]
00001830:  00 00 00 00 00 00 00 00 00 00 00 00 00 00 00 00  ................ [zeros]
00001840:  00 00 00 00 00 00 00 00 00 00 00 00 00 00 00 00  ................ [zeros]
00001850:  00 00 00 00 00 00 00 00 00 00 00 00 00 00 00 00  ................ [zeros]
00001860:  00 00 00 00 00 00 00 00 00 00 00 00 00 00 00 00  ................ [zeros]
00001870:  00 00 00 00 00 00 00 00 00 00 00 00 00 00 00 00  ................ [zeros]
00001880:  00 00 00 00 00 00 00 00 00 00 00 00 00 00 00 00  ................ [zeros]
00001890:  00 00 00 00 00 00 00 00 00 00 00 00 00 00 00 00  ................ [zeros]
000018A0:  00 00 00 00 00 00 00 00 00 00 00 00 00 00 00 00  ................ [zeros]
000018B0:  00 00 00 00 00 00 00 00 00 00 00 00 00 00 00 00  ................ [zeros]
000018C0:  00 00 00 00 00 00 00 00 00 00 00 00 00 00 00 00  ................ [zeros]
000018D0:  00 00 00 00 00 00 00 00 00 00 00 00 00 00 00 00  ................ [zeros]
000018E0:  00 00 00 00 00 00 00 00 00 00 00 00 00 00 00 00  ................ [zeros]
000018F0:  00 00 00 00 00 00 00 00 00 00 00 00 00 00 00 00  ................ [zeros]
00001900:  00 00 00 00 00 00 00 00 00 00 00 00 00 00 00 00  ................ [zeros]
00001910:  00 00 00 00 00 00 00 00 00 00 00 00 00 00 00 00  ................ [zeros]
00001920:  00 00 00 00 00 00 00 00 00 00 00 00 00 00 00 00  ................ [zeros]
00001930:  00 00 00 00 00 00 00 00 00 00 00 00 00 00 00 00  ................ [zeros]
00001940:  00 00 00 00 00 00 00 00 00 00 00 00 00 00 00 00  ................ [zeros]
00001950:  00 00 00 00 00 00 00 00 00 00 00 00 00 00 00 00  ................ [zeros]
00001960:  00 00 00 00 00 00 00 00 00 00 00 00 00 00 00 00  ................ [zeros]
00001970:  00 00 00 00 00 00 00 00 00 00 00 00 00 00 00 00  ................ [zeros]
00001980:  00 00 00 00 00 00 00 00 00 00 00 00 00 00 00 00  ................ [zeros]
00001990:  00 00 00 00 00 00 00 00 00 00 00 00 00 00 00 00  ................ [zeros]
000019A0:  00 00 00 00 00 00 00 00 00 00 00 00 00 00 00 00  ................ [zeros]
000019B0:  00 00 00 00 00 00 00 00 00 00 00 00 00 00 00 00  ................ [zeros]
000019C0:  00 00 00 00 00 00 00 00 00 00 00 00 00 00 00 00  ................ [zeros]
000019D0:  00 00 00 00 00 00 00 00 00 00 00 00 00 00 00 00  ................ [zeros]
000019E0:  00 00 00 00 00 00 00 00 00 00 00 00 00 00 00 00  ................ [zeros]
000019F0:  00 00 00 00 00 00 00 00 00 00 00 00 00 00 00 00  ................ [zeros]
00001A00:  00 00 00 00 00 00 00 00 00 00 00 00 00 00 00 00  ................ [zeros]
00001A10:  00 00 00 00 00 00 00 00 00 00 00 00 00 00 00 00  ................ [zeros]
00001A20:  00 00 00 00 00 00 00 00 00 00 00 00 00 00 00 00  ................ [zeros]
00001A30:  00 00 00 00 00 00 00 00 00 00 00 00 00 00 00 00  ................ [zeros]
00001A40:  00 00 00 00 00 00 00 00 00 00 00 00 00 00 00 00  ................ [zeros]
00001A50:  00 00 00 00 00 00 00 00 00 00 00 00 00 00 00 00  ................ [zeros]
00001A60:  00 00 00 00 00 00 00 00 00 00 00 00 00 00 00 00  ................ [zeros]
00001A70:  00 00 00 00 00 00 33 C2 94 6F 69 F2 1E DF 53 0C  ......3..oi...S.
00001A80:  22 28 02 1B 61 B4 AF 37 3E 4E 78 2A 4A 83 50 72  "(..a..7>Nx*J.Pr
00001A90:  D4 87 0D 1D 6C BE 17 1F 91 19 08 39 FE 2D 8B 4D  ....l......9.-.M
00001AA0:  D7 EF F5 E8 CA 9F D2 12 18 F8 9B 75 78 3C C6 2F  ...........ux<./
00001AB0:  A9 B1 3B C6 12 C5 40 47 2C CB 6D 38 F6 6E 53 43  ..;...@G,.m8.nSC
00001AC0:  3A AD 29 F8 94 4C EB 20 0D 93 36 9A C4 BA FE 81  :.)..L. ..6.....
00001AD0:  36 56 27 56 50 1C A7 3E 19 D7 C3 1D CE A9 10 FD  6V'VP..>........
00001AE0:  25 DD 49 80 2A CF 32 61 E1 ED BF 89 F6 01 F9 3E  %.I.*.2a.......>
00001AF0:  FE E5 90 AD 58 9E FC 53 FD DC 87 13 61 31 1F 0C  ....X..S....a1..
00001B00:  24 B6 55 88 82 26 B1 AE 80 70 04 30 DF 00 83 95  $.U..&...p.0....
00001B10:  16 13 A3 D5 B0 99 B6 36 08 53 72 0D 09 0E CE 49  .......6.Sr....I
00001B20:  04 D0 F8 0A C1 F7 B2 F4 5E 27 79 B8 B3 8F 54 CB  ........^'y...T.
00001B30:  F0 70 5F 71 41 58 93 AD 4C 4E FA 0C 0F C0 C0 B1  .p_qAX..LN......
00001B40:  19 F6 9C ED 83 0E E9 42 7A 17 7F A6 3A 77 6D E4  .......Bz...:wm.
00001B50:  50 9B E7 2D 51 FA 05 6E F3 D1 C2 23 55 86 6F 30  P..-Q..n...#U.o0
00001B60:  C8 58 D7 D5 3B 8C 4E 11 11 C4 D9 EB FB 40 1E 8E  .X..;.N......@..
00001B70:  F0 38 36 1A DF 3A E5 D4 75 90 A5 BE E8 AE 84 AB  .86..:..u.......
00001B80:  4C 2E 57 34 1A 87 49 D2 B7 A5 FD 35 C1 2A 80 76  L.W4..I....5.*.v
00001B90:  C7 83 7F D6 BC D9 F0 FF C1 9F A7 DF 06 21 E4 B7  .............!..
00001BA0:  90 66 18 2E D9 70 85 F5 B6 9B E6 8C E5 80 75 16  .f...p........u.
00001BB0:  16 67 82 51 37 99 AE 71 BF 26 E0 B7 B1 50 93 08  .g.Q7..q.&...P..
00001BC0:  31 B3 27 E9 C7 81 10 2A 51 19 5A 87 71 DE 66 2D  1.'....*Q.Z.q.f-
00001BD0:  05 D1 5F 6B 1B 23 88 8E D3 DD 58 E0 38 41 C6 C2  .._k.#....X.8A..
00001BE0:  FE 85 3F 83 E8 4E B2 B9 4E 1B 65 1C AA 0A 9B FD  ..?..N..N.e.....
00001BF0:  34 08 CD E8 A1 DD 87 85 53 22 E0 DC 5D 67 0F 7A  4.......S"..]g.z
00001C00:  2F 64 D0 99 D7 96 F7 10 27 42 04 0B C4 4E AA 59  /d......'B...N.Y
00001C10:  83 DA D6 4A E5 E0 75 88 8B C5 97 D2 D5 64 98 5A  ...J..u......d.Z
00001C20:  B3 9C 3F BF 35 8D ED F4 DF 42 ED D2 F7 DA 13 D4  ..?.5....B......
00001C30:  7F CF C5 86 EB 8D EA AD 7B 55 F2 5E 9B 35 29 23  ........{U.^.5)#
00001C40:  9C D4 93 C4 6B BB B7 8A DA 7D C0 A0 8F 15 DD AF  ....k....}......
00001C50:  F6 E3 00 43 D4 08 75 43 D8 4A 2F FB 32 9C DC 70  ...C..uC.J/.2..p
00001C60:  0B 99 2B D8 66 4E 2D 12 87 4F 24 48 5C 5D 76 58  ..+.fN-..O$H\]vX
00001C70:  B7 E1 1E 7C 8B 12 09 E7 68 9A 92 FC 4C 4E 4B AC  ...|....h...LNK.
00001C80:  F2 34 31 C5 0F AA F0 9E DA 43 04 A1 4B 3D FE A1  .41......C..K=..
00001C90:  63 C0 73 68 7B 79 7A 72 62 62 7D EF F4 6B BE 9D  c.sh{yzrbb}..k..
00001CA0:  4E 5A 57 A3 66 4B CC A9 65 EB 17 E7 7F A8 33 73  NZW.fK..e.....3s
00001CB0:  5C DF 2E 9E F3 CA 6C 39 FC 1A F6 CB 95 FF CB D0  \.....l9........
00001CC0:  09 22 FD B3 8A A5 0D BD E0 4E F9 9C 87 CA 3B B2  .".......N....;.
00001CD0:  F5 94 84 3D 74 20 B1 AE 80 70 04 30 DF 00 83 95  ...=t ...p.0....
00001CE0:  16 13 A3 D5 B0 99 4A 2C 74 88 3D C7 6E CC 39 31  ......J,t.=.n.91
00001CF0:  CB 0C 03 2F 14 80 CA ED CC A3 31 86 8B 7F 73 5C  .../......1...s\
00001D00:  5F F7 38 94 0B 46 50 2D 47 76 21 18 79 70 66 9C  _.8..FP-Gv!.ypf.
00001D10:  4A 36 2E 1C 4B 01 45 2F B4 A1 5B DB 44 86 68 2C  J6..K.E/..[.D.h,
00001D20:  D8 3C 8E 1C 3F 3C 7A 4A 17 BA A8 68 62 CF C4 A4  .<..?<zJ...hb...
00001D30:  09 16 B1 E6 FF EF 07 9E 84 CE 83 83 B9 AA A3 27  ...............'
00001D40:  C8 A3 F2 BD 6B 11 D8 6B 8C BD A8 22 D6 AF 30 FF  ....k..k..."..0.
00001D50:  A1 06 DC 4D 9A 3F 62 3B 35 20 2F DA A9 71 45 47  ...M.?b;5 /..qEG
00001D60:  BE 0E 67 7B 7A 9B 4E 11 11 C4 D9 EB FB 40 1E 8E  ..g{z.N......@..
00001D70:  F0 38 36 1A DF 3A F3 2F 1B 32 01 E4 49 15 EC 23  .86..:./.2..I..#
00001D80:  09 AD 54 46 25 88 37 71 F7 DC 25 E3 5A BE 21 23  ..TF%.7q..%.Z.!#
00001D90:  30 E1 A4 2A 9E 61 81 8E 20 1E 3F 56 63 06 04 F5  0..*.a.. .?Vc...
00001DA0:  DB 42 FD AE 93 F9 93 D0 AA 0B 66 2D F1 58 67 03  .B........f-.Xg.
00001DB0:  F7 2E 7B 3E 74 5D 2F 62 B0 46 1D CD 51 FA F9 30  ..{>t]/b.F..Q..0
00001DC0:  A0 78 F0 E3 D0 A2 99 8C 53 51 66 CF FB 6A 91 DF  .x......SQf..j..
00001DD0:  CC 38 BD 8F 47 25 34 E0 31 7B 2D AC 16 2F 7F A6  .8..G%4.1{-../..
00001DE0:  B2 22 1D 30 B8 C5 64 EE 5B DE E0 C3 48 B6 87 37  .".0..d.[...H..7
00001DF0:  5D 69 61 BD 26 37 34 07 98 A6 EE 40 28 F3 53 72  ]ia.&74....@(.Sr
00001E00:  24 02 C1 75 20 86 DF 55 85 82 AA DA C5 59 1B E0  $..u ..U.....Y..
00001E10:  E8 59 5C 2E 0E 0A 10 68 77 0E 8D 55 EE 78 29 3B  .Y\....hw..U.x);
00001E20:  1D 61 A6 72 FF 29 7D D6 3A FE D6 FC 1D 06 D9 E4  .a.r.)}.:.......
00001E30:  31 39 35 BE 1E 04 FB 3D 57 F2 FD 9E 47 8F 54 CA  195....=W...G.T.
00001E40:  DF C6 5D 9B 94 72 7E 50 BC 12 BA 86 28 5A 54 2B  ..]..r~P....(ZT+
00001E50:  12 C5 A5 C5 B8 35 D6 4D B8 77 D5 EB C8 59 EF 3B  .....5.M.w...Y.;
00001E60:  D8 95 5D 32 A8 62 69 72 70 7C 96 A3 BF 82 AB 80  ..]2.birp|......
00001E70:  2C 8A 29 D5 99 D5 36 4E E1 F2 9C 2D 88 19 B5 A3  ,.)...6N...-....
00001E80:  A0 11 4B 5C F4 21 FF CD 2E DB 9F 77 99 27 3F 28  ..K\.!.....w.'?(
00001E90:  8F 7D 0E D8 4A E7 A4 71 FF BC 24 16 C9 D5 48 D5  .}..J..q..$...H.
00001EA0:  E5 C1 4D 99 93 8E 2D 12 87 4F 24 48 5C 5D 76 58  ..M...-..O$H\]vX
00001EB0:  B7 E1 1E 7C 8B 12 09 E7 68 9A 92 FC 4C 4E 4B AC  ...|....h...LNK.
00001EC0:  F2 34 31 C5 0F AA F0 9E DA 43 04 A1 4B 3D FE A1  .41......C..K=..
00001ED0:  63 C0 73 68 7B 79 2B 86 A4 90 AF B2 1C E4 EA 5D  c.sh{y+........]
00001EE0:  91 1A 20 CF 03 9E C5 B2 C5 40 92 AB C3 6B C8 22  .. ......@...k."
00001EF0:  06 59 33 68 78 F2 5E 60 05 0F EC 3A 5B 07 59 D7  .Y3hx.^`...:[.Y.
00001F00:  61 AB 2D 12 E5 14 48 7F 7F 3C ED 18 52 55 3A ED  a.-...H..<..RU:.
00001F10:  C5 80 C7 BA 83 33 D3 1D 7D E3 03 40 58 9F CD F9  .....3..}..@X...
00001F20:  EB ED B5 32 4D AA E1 70 08 AC F0 8B 7A 3D AF BF  ...2M..p....z=..
00001F30:  2B CE 52 55 25 EC C8 41 17 9C 1C 04 7A C0 B5 BB  +.RU%..A....z...
00001F40:  2A 72 0D DC EB B0 9F 90 C4 41 75 71 5E 7F 4D D0  *r.......Auq^.M.
00001F50:  75 A6 E8 5D E9 88 CD 54 82 42 0C AD 00 56 CD C6  u..]...T.B...V..
00001F60:  E9 C7 79 B2 94 3A 48 5E 75 4E BD E5 8A 02 13 14  ..y..:H^uN......
00001F70:  AF E9 06 7E FD 78 3E 77 96 BE 76 B6 F4 C9 D9 B7  ...~.x>w..v.....
00001F80:  CE B0 34 73 4E DB D0 2A 01 31 92 20 73 04 3E EF  ..4sN..*.1. s.>.
00001F90:  5C D9 60 13 0B 80 34 F2 C5 DA 47 24 1A 81 01 F4  \.`...4...G$....
00001FA0:  33 F6 3F 24 56 59 03 D7 AD 4A 3D 02 76 1C C6 94  3.?$VY...J=.v...
00001FB0:  31 45 DC 08 47 42 E4 B9 65 77 B9 9D 65 E1 D7 C6  1E..GB..ew..e...
00001FC0:  84 4B 9F C9 77 06 42 26 E6 74 A6 7E 72 BE 91 05  .K..w.B&.t.~r...
00001FD0:  85 24 CD 54 F1 81 DB 1C 1F E6 57 7B 31 80 9D BD  .$.T......W{1...
00001FE0:  B1 40 80 01 2F B8 56 31 DC AF C2 B5 A3 67 3D A0  .@../.V1.....g=.
00001FF0:  AB 05 35 B1 AB D7 1D 7D 49 5A 47 B8 C1 38 AC 7F  ..5....}IZG..8..
00002000:  58 AC 17 43 71 BC CF B6 F1 91 0B C2 67 D1 93 10  X..Cq.......g...
00002010:  7A 67 27 77 B9 AB 69 32 73 52 BA 0A 12 AA 49 2E  zg'w..i2sR....I.
00002020:  AD 75 56 B0 EF D1 F9 84 3E 60 3F C8 A1 93 A2 DD  .uV.....>`?.....
00002030:  15 21 83 36 38 9C AE F5 6D 97 0C 51 17 7C D3 B5  .!.68...m..Q.|..
00002040:  6A 10 EA E5 9D 63 3E 8C 13 4D 2D D8 81 F0 A9 9E  j....c>..M-.....
00002050:  C8 E5 85 7B E6 36 DB 32 31 CF 19 7D 06 CE B4 86  ...{.6.21..}....
00002060:  F4 BF 95 03 30 7E 63 F1 69 83 D6 B3 B1 92 39 1C  ....0~c.i.....9.
00002070:  72 9A 0E B7 15 31 D7 52 99 78 0A 7D E1 04 F8 2C  r....1.R.x.}...,
00002080:  E9 56 B6 04 FD 8D E4 41 B0 C6 73 10 E8 AF A7 EE  .V.....A..s.....
00002090:  04 A6 B1 31 42 18 F7 CE D4 56 42 05 CF A5 62 FE  ...1B....VB...b.
000020A0:  CB AE 63 C3 9E D0 5A 8B 29 86 AF C7 4E 9E B8 9B  ..c...Z.)...N...
000020B0:  C2 46 E1 D1 11 D6 38 63 90 56 3B 5B 20 0B 32 79  .F....8c.V;[ .2y
000020C0:  58 B3 B0 32 C4 84 D8 19 C7 AE ED CD BE E5 36 53  X..2..........6S
000020D0:  B0 0D A8 BF 5C 40 9F A5 92 CC 56 F4 CF 9D 37 91  ....\@....V...7.
000020E0:  7C 7B B5 6A E4 10 2B FF 3C 6F A2 49 87 24 CA 77  |{.j..+.<o.I.$.w
000020F0:  02 84 4A E3 72 8A B3 AF 2B 21 8C 38 F4 CA 5C 15  ..J.r...+!.8..\.
00002100:  3F 57 40 B9 5E 17 63 EC 06 43 AA 94 93 B0 A0 2C  ?W@.^.c..C.....,
00002110:  9F 5B 40 87 ED 28 C4 27 7E CD EB DD A7 DD 74 3F  .[@..(.'~.....t?
00002120:  DF FF 0C FE 04 54 21 C3 99 99 7A 44 CE 68 8C A0  .....T!...zD.h..
00002130:  12 38 A5 34 03 EF E8 89 72 77 B7 4D 3A EF 2D E9  .8.4....rw.M:.-.
00002140:  D1 7B 9C 4B AF 16 B1 AE 80 70 04 30 DF 00 83 95  .{.K.....p.0....
00002150:  16 13 A3 D5 B0 99 B6 36 08 53 72 0D 09 0E CE 49  .......6.Sr....I
00002160:  04 D0 F8 0A C1 F7 B2 F4 5E 27 79 B8 B3 8F 54 CB  ........^'y...T.
00002170:  F0 70 5F 71 41 58 93 AD 4C 4E FA 0C 0F C0 C0 B1  .p_qAX..LN......
00002180:  19 F6 9C ED 83 0E E9 42 7A 17 7F A6 3A 77 6D E4  .......Bz...:wm.
00002190:  50 9B E7 2D 51 FA 64 C6 53 2D D4 14 EF 83 D4 2E  P..-Q.d.S-......
000021A0:  AD 80 BD F3 F8 33 8A B9 3E EF 7F 2D B1 6B A9 27  .....3..>..-.k.'
000021B0:  5B 43 B6 1F 99 70 59 83 E5 2A B8 38 2D 48 34 F5  [C...pY..*.8-H4.
000021C0:  5B 84 4B D2 16 01 49 D2 B7 A5 FD 35 C1 2A 80 76  [.K...I....5.*.v
000021D0:  C7 83 7F D6 BC D9 57 2C 7D A2 94 89 03 26 7D A3  ......W,}....&}.
000021E0:  8A 33 46 C4 76 C9 5D 1D 5F C5 3C 0C C5 72 61 53  .3F.v.]._.<..raS
000021F0:  AF B2 61 98 C4 80 12 56 F6 14 A1 A4 AB 0A 00 B9  ..a....V........
00002200:  B0 13 0A AB 20 96 A2 17 27 47 93 74 AC 28 5F 2A  .... ...'G.t.(_*
00002210:  D2 86 62 C3 32 20 BC AA C9 AD A6 AB 13 2C AB 85  ..b.2 .......,..
00002220:  B7 7D A1 12 3D 0C 43 7F D1 B8 38 17 2A 29 3B 13  .}..=.C...8.*);.
00002230:  77 EF A0 D5 19 C9 40 76 54 18 A3 B1 A4 56 4C A2  w.....@vT....VL.
00002240:  0D 46 81 E1 11 1F BE DD EB AB B9 C8 26 21 7F 23  .F..........&!.#
00002250:  3A 22 96 89 43 0B 02 FD E4 34 96 68 BC 45 2B 4B  :"..C....4.h.E+K
00002260:  CE 6C E5 DB 0B 54 3C 9C ED 8C E4 5F A9 35 B6 29  .l...T<...._.5.)
00002270:  E0 EB B1 FC A7 40 DD 16 34 E3 86 39 4E 9F 4B 06  .....@..4..9N.K.
00002280:  3F 08 32 85 2D 05 FB 6C 21 D1 F0 11 85 3A 32 99  ?.2.-..l!....:2.
00002290:  8B 64 75 7D 52 C5 AB BA 8A A3 6E 9C EE F7 4D D8  .du}R.....n...M.
000022A0:  5B 62 F7 88 02 99 D2 12 18 F8 9B 75 78 3C C6 2F  [b.........ux<./
000022B0:  A9 B1 3B C6 12 C5 40 47 2C CB 6D 38 F6 6E 53 43  ..;...@G,.m8.nSC
000022C0:  3A AD 29 F8 94 4C EB 20 0D 93 36 9A C4 BA FE 81  :.)..L. ..6.....
000022D0:  36 56 27 56 50 1C 34 92 9C F9 EB 4F 6E A0 3D 8C  6V'VP.4....On.=.
000022E0:  67 BF 74 C3 CB BF E9 12 0F 54 31 D9 5A 7F 03 5A  g.t......T1.Z..Z
000022F0:  2A F0 60 BF 45 A3 D1 51 14 2F 6D 47 AB F1 79 61  *.`.E..Q./mG..ya
00002300:  00 45 52 FF 1C C1 A7 AD E4 1F C3 E1 41 62 8D 65  .ER.........Ab.e
00002310:  E3 7E D8 8D 1D E7 4D 10 4B D3 1E AB E0 D9 C3 1C  .~....M.K.......
00002320:  D4 78 13 3F 6B D9 A5 0A B2 BB A4 5C E3 A0 BC C0  .x.?k......\....
00002330:  D6 C4 64 1E 9A 1D A8 FE 27 E0 53 CA 02 9A FB 8F  ..d.....'.S.....
00002340:  58 FD 67 3A 67 62 F3 04 CB 65 E9 AE 4E 63 A1 BA  X.g:gb...e..Nc..
00002350:  B4 E5 5A DC 0A 88 D3 26 F0 01 A6 81 75 B4 18 DE  ..Z....&....u...
00002360:  D9 14 A0 CB 67 44 62 71 75 30 B5 03 9B A8 11 E4  ....gDbqu0......
00002370:  90 8E A4 8A EA C2 38 3B 4C E1 6F F5 51 4D EF 9A  ......8;L.o.QM..
00002380:  D7 2A 9B 3C CB 2A B9 BE B8 18 06 36 B3 43 2B 21  .*.<.*.....6.C+!
00002390:  B2 DE D7 0E AD D2 8A B9 3E EF 7F 2D B1 6B A9 27  ........>..-.k.'
000023A0:  5B 43 B6 1F 99 70 39 FE C0 BB B1 4C C8 E9 4E 94  [C...p9....L..N.
000023B0:  59 11 87 F6 BA 10 96 13 8F 72 75 6C D7 C4 6C 09  Y........rul..l.
000023C0:  78 B6 82 6B C6 36 81 8E 20 1E 3F 56 63 06 04 F5  x..k.6.. .?Vc...
000023D0:  DB 42 FD AE 93 F9 73 AF CB D3 50 74 76 65 F3 49  .B....s...Ptve.I
000023E0:  33 06 AB F2 E7 C0 45 7F 7B 3C 92 EC 3A 59 BE 17  3.....E.{<..:Y..
000023F0:  49 4B 84 87 52 FC 30 EB 8C EE 1F 6E 24 D9 51 B7  IK..R.0....n$.Q.
00002400:  58 DC FD 91 1A F5 4C 9E A9 68 67 5D 4F 47 6C 91  X.....L..hg]OGl.
00002410:  FB 11 1B 4E 23 69 06 45 B4 D4 BD 81 08 21 C2 D4  ...N#i.E.....!..
00002420:  44 9B 63 BA 89 64 05 D8 3F F6 CC D6 6B 1F 6D 89  D.c..d..?...k.m.
00002430:  D8 C5 A4 D1 41 54 FD B3 93 E2 F9 8F BD FD 13 F7  ....AT..........
00002440:  8E 38 48 DE 0A D8 85 B3 0A EA 11 E5 1F 6C F6 60  .8H..........l.`
00002450:  14 33 A9 8C 10 3E 0B FE 04 8F 26 4E 2C D4 7B DC  .3...>....&N,.{.
00002460:  7A A3 00 10 01 1C EE D0 5E 85 BE 2A 47 2B 13 8B  z.......^..*G+..
00002470:  CD 24 A8 DB 41 D7 57 F7 8D EF D1 16 AA 87 E7 73  .$..A.W........s
00002480:  3E BA 4F 75 D6 08 28 52 C6 8D 40 82 0D B2 7C AA  >.Ou..(R..@...|.
00002490:  AA 2B 57 3A 4D 01 DF E8 84 DB D0 13 19 62 4E 5C  .+W:M........bN\
000024A0:  4D 36 89 83 21 9D 26 13 1A 8D 61 0E 2C 51 DC 72  M6..!.&...a.,Q.r
000024B0:  90 16 BD BC A7 E7 FE 21 99 73 27 E7 61 5F 82 B1  .......!.s'.a_..
000024C0:  22 8C 96 00 BC 7D A7 AD E4 1F C3 E1 41 62 8D 65  "....}......Ab.e
000024D0:  E3 7E D8 8D 1D E7 4D 10 4B D3 1E AB E0 D9 C3 1C  .~....M.K.......
000024E0:  D4 78 13 3F 6B D9 A5 0A B2 BB A4 5C E3 A0 BC C0  .x.?k......\....
000024F0:  D6 C4 64 1E 9A 1D D7 DD 67 D9 47 94 C7 26 07 B6  ..d.....g.G..&..
00002500:  E4 3E B0 79 5E F6 61 65 B7 33 AA 7A 04 85 E8 28  .>.y^.ae.3.z...(
00002510:  72 97 C9 75 78 60 C9 50 8A 13 21 7A 43 A7 A3 95  r..ux`.P..!zC...
00002520:  51 50 5B 44 50 52 A9 40 17 03 36 96 ED 22 3D F2  QP[DPR.@..6.."=.
00002530:  2D EC 6B 1E 92 A5 FD DB C5 EA 70 0D 0E 1D C4 9B  -.k.......p.....
00002540:  51 6B 7C 45 AA BD D2 7A DB B9 7C B1 2E 32 1F A4  Qk|E...z..|..2..
00002550:  0D 64 CA B3 80 47 7A 4A 17 BA A8 68 62 CF C4 A4  .d...GzJ...hb...
00002560:  09 16 B1 E6 FF EF AA B1 AD F3 E8 A4 73 D1 36 C4  ............s.6.
00002570:  F2 56 7F 7F 67 E0 80 55 FB BC 39 C6 26 3D CC 05  .V..g..U..9.&=..
00002580:  D3 B7 ED 80 97 57 00 13 DD B1 42 F1 C2 80 65 79  .....W....B...ey
00002590:  43 9F 5B 9E F0 FA 4C 9E A9 68 67 5D 4F 47 6C 91  C.[...L..hg]OGl.
000025A0:  FB 11 1B 4E 23 69 B7 08 4F F3 CC B4 31 74 24 1D  ...N#i..O...1t$.
000025B0:  2D 9A DA F9 53 0A F3 0D 71 FE B3 35 AD CA FA 62  -...S...q..5...b
000025C0:  9E 15 F7 67 79 18 82 33 15 83 1E CD 21 12 81 C8  ...gy..3....!...
000025D0:  48 AF DD DD 00 B0 20 B1 A4 53 EE 27 60 CD F2 72  H..... ..S.'`..r
000025E0:  68 43 B6 22 A0 A7 C7 B1 BB 20 D9 CD 70 38 E2 CE  hC."..... ..p8..
000025F0:  AF 81 DE 3D A1 05 F7 10 27 42 04 0B C4 4E AA 59  ...=....'B...N.Y
00002600:  83 DA D6 4A E5 E0 75 88 8B C5 97 D2 D5 64 98 5A  ...J..u......d.Z
00002610:  B3 9C 3F BF 35 8D ED F4 DF 42 ED D2 F7 DA 13 D4  ..?.5....B......
00002620:  7F CF C5 86 EB 8D 25 F7 D4 9B 1D AB AE 8B 02 B8  ......%.........
00002630:  0B 0E E6 15 E3 4A C5 1B 4D 83 8C 2C 37 80 9E 2E  .....J..M..,7...
00002640:  70 37 7B 6B 31 E5 50 74 F9 AA 1E 3F BB 90 E6 67  p7{k1.Pt...?...g
00002650:  8A 4F E5 FA C3 DF 97 2F BE C0 85 E8 CB E2 9C 20  .O...../....... 
00002660:  69 0A 03 E4 0E 45 2B FF 3C 6F A2 49 87 24 CA 77  i....E+.<o.I.$.w
00002670:  02 84 4A E3 72 8A B3 AF 2B 21 8C 38 F4 CA 5C 15  ..J.r...+!.8..\.
00002680:  3F 57 40 B9 5E 17 6E 59 6C 56 5C 55 28 3F 30 09  ?W@.^.nYlV\U(?0.
00002690:  C0 9F 5E 45 78 A9 61 65 B7 33 AA 7A 04 85 E8 28  ..^Ex.ae.3.z...(
000026A0:  72 97 C9 75 78 60 5D 54 D5 1A 6E F8 2C 8C E8 EC  r..ux`]T..n.,...
000026B0:  8F 4B 5B CC D2 09 B6 97 D2 68 8F 9E 5E F9 AC AF  .K[......h..^...
000026C0:  05 A6 9D D9 A3 01 FD DB C5 EA 70 0D 0E 1D C4 9B  ..........p.....
000026D0:  51 6B 7C 45 AA BD 94 E3 8B 84 10 10 D3 04 88 A0  Qk|E............
000026E0:  AF 87 A0 A9 0C 42 44 3B F4 D7 BC 30 1A B7 BE 14  .....BD;...0....
000026F0:  34 CD 1D 22 51 B7 2D 10 AA 9C B5 C5 32 A5 39 AF  4.."Q.-.....2.9.
00002700:  03 30 81 C4 82 2E 6E 9A F9 4A 1E 17 AA A3 06 1D  .0....n..J......
00002710:  AF 6F 21 D0 A2 07 CF 8B 9F 1A 8B 19 A8 31 84 75  .o!..........1.u
00002720:  2E 82 72 91 FB 78 FF B2 2D A6 05 86 74 0D C4 CB  ..r..x..-...t...
00002730:  25 61 C7 D0 C5 6E 6F AD 2E 0F 95 E1 1C 78 CB 80  %a...no......x..
00002740:  9D 58 90 6B E3 32 8B 4F 6E 98 32 89 0C 26 14 E6  .X.k.2.On.2..&..
00002750:  EE 83 4F C3 2D 22 32 18 2D E6 B9 A6 1D 47 82 C9  ..O.-"2.-....G..
00002760:  AE 1C 01 07 F1 8E BB A7 B5 D8 EC 2E 26 75 FD 38  ............&u.8
00002770:  A6 73 46 F3 7C FB 47 BB 6D 44 3D E2 12 69 F4 7C  .sF.|.G.mD=..i.|
00002780:  99 55 74 BF 53 17 E9 B2 60 30 E7 D1 D8 A6 AE E7  .Ut.S...`0......
00002790:  EC 7F 88 CC 18 E6 23 0B 9A 66 DE 40 D2 B0 F6 5F  ......#..f.@..._
000027A0:  9C 1E CF AA C8 00 87 D7 01 30 D0 C5 B9 4C C0 F9  .........0...L..
000027B0:  AD EE CD 6C EB 9D 74 63 70 B4 72 C7 B8 A8 26 4B  ...l..tcp.r...&K
000027C0:  7A 79 F3 00 20 1B 2B FF 3C 6F A2 49 87 24 CA 77  zy.. .+.<o.I.$.w
000027D0:  02 84 4A E3 72 8A B3 AF 2B 21 8C 38 F4 CA 5C 15  ..J.r...+!.8..\.
000027E0:  3F 57 40 B9 5E 17 6E 59 6C 56 5C 55 28 3F 30 09  ?W@.^.nYlV\U(?0.
000027F0:  C0 9F 5E 45 78 A9 61 65 B7 33 AA 7A 04 85 E8 28  ..^Ex.ae.3.z...(
00002800:  72 97 C9 75 78 60 31 8D 23 1D 80 41 1E 7C B7 39  r..ux`1.#..A.|.9
00002810:  2B 51 E1 FF 3F 73 B7 DF 01 0B 46 FC 8C 55 54 79  +Q..?s....F..UTy
00002820:  5F A4 62 8C F0 DC DF 22 41 F6 D4 44 9E D5 1F 4A  _.b...."A..D...J
00002830:  33 F7 44 0D 66 DC 85 06 C8 B4 3F DA 50 2A 04 3D  3.D.f.....?.P*.=
00002840:  2B D5 EB FC 76 AB CA 72 D3 D5 4C EB 18 61 2B BE  +...v..r..L..a+.
00002850:  C1 D9 8E 2F C6 E9 D0 2A 01 31 92 20 73 04 3E EF  .../...*.1. s.>.
00002860:  5C D9 60 13 0B 80 97 29 00 2F 4B F9 05 33 1A 9F  \.`....)./K..3..
00002870:  D6 32 63 B5 1E 7F 65 23 F5 00 C2 B5 EA 73 D4 03  .2c...e#.....s..
00002880:  EA 89 52 A7 3A 37 8E 25 33 77 95 BF F9 6A 99 24  ..R.:7.%3w...j.$
00002890:  C9 E5 D0 C4 3D CB 6D D6 23 77 78 19 94 13 D9 FE  ....=.m.#wx.....
000028A0:  24 A7 75 47 CE 61 BA 8D 81 A6 3E BD 1C 83 F5 B2  $.uG.a....>.....
000028B0:  A5 B2 D5 48 A0 FB E4 6A 6C BB 18 7B FD 49 06 A8  ...H...jl..{.I..
000028C0:  98 44 5D B4 0D 59 8A A4 09 A7 9F 5A 22 16 1B E9  .D]..Y.....Z"...
000028D0:  FD E5 10 B1 0B 43 8E C1 3E CC 34 0D 12 B4 20 55  .....C..>.4... U
000028E0:  A2 D1 98 67 05 8D A2 17 27 47 93 74 AC 28 5F 2A  ...g....'G.t.(_*
000028F0:  D2 86 62 C3 32 20 BC AA C9 AD A6 AB 13 2C AB 85  ..b.2 .......,..
00002900:  B7 7D A1 12 3D 0C 3B 5A 19 13 56 73 7A 62 20 B4  .}..=.;Z..Vszb .
00002910:  EB 54 06 B8 F6 D6 F2 F3 E2 13 7B D3 EB E8 02 25  .T........{....%
00002920:  66 71 05 B4 AF 9F 99 7F B9 CA 56 AA 8C AD FA 65  fq........V....e
00002930:  43 DE E1 E6 47 9E 0F 1F C6 EB A7 CF B3 50 C2 9F  C...G........P..
00002940:  3E 99 C5 6E 66 5D A6 BD 99 77 EA 02 A0 FE E1 E3  >..nf]...w......
00002950:  6C DB 56 AF 02 21 F2 59 73 8E 8B 1B 61 93 6C 49  l.V..!.Ys...a.lI
00002960:  2C AB 8B 4A 05 2B EE CD 73 8C 1C 38 0A C6 58 AB  ,..J.+..s..8..X.
00002970:  09 D6 B6 65 E6 02 2D 12 87 4F 24 48 5C 5D 76 58  ...e..-..O$H\]vX
00002980:  B7 E1 1E 7C 8B 12 09 E7 68 9A 92 FC 4C 4E 4B AC  ...|....h...LNK.
00002990:  F2 34 31 C5 0F AA F0 9E DA 43 04 A1 4B 3D FE A1  .41......C..K=..
000029A0:  63 C0 73 68 7B 79 2B 86 A4 90 AF B2 1C E4 EA 5D  c.sh{y+........]
000029B0:  91 1A 20 CF 03 9E 7B 41 33 2A 5D 6B 4E 7A AD 15  .. ...{A3*]kNz..
000029C0:  4E 68 EC 2F 80 C9 18 62 65 03 F0 C5 DE 3D 96 45  Nh./...be....=.E
000029D0:  79 2C 92 E8 08 94 92 6F 8E 5B AD 0B 9E 86 5C B0  y,.....o.[....\.
000029E0:  0C 01 97 09 0C 83 D3 1D 7D E3 03 40 58 9F CD F9  ........}..@X...
000029F0:  EB ED B5 32 4D AA E1 70 08 AC F0 8B 7A 3D AF BF  ...2M..p....z=..
00002A00:  2B CE 52 55 25 EC C8 41 17 9C 1C 04 7A C0 B5 BB  +.RU%..A....z...
00002A10:  2A 72 0D DC EB B0 9F 90 C4 41 75 71 5E 7F 4D D0  *r.......Auq^.M.
00002A20:  75 A6 E8 5D E9 88 A3 62 12 7F 08 FE C9 A3 C8 1A  u..]...b........
00002A30:  47 9D 87 37 F8 1A 76 0B A3 CF E3 9E D7 4B BB 51  G..7..v......K.Q
00002A40:  83 EA BB 05 23 51 34 2A 13 3C 3C D9 A5 F7 4E 54  ....#Q4*.<<...NT
00002A50:  A1 DE 7C CF 23 88 26 60 57 72 29 D5 D8 B6 C0 81  ..|.#.&`Wr).....
00002A60:  45 BB 1D 07 36 CB 1E CE 61 05 89 60 50 8E AA 3B  E...6...a..`P..;
00002A70:  C6 28 6A 06 7C BE D3 1F 98 02 A0 81 C8 4B 64 B7  .(j.|........Kd.
00002A80:  81 8C 03 B2 47 A3 FC 32 86 45 35 89 32 9C B6 C2  ....G..2.E5.2...
00002A90:  D5 AB 80 01 3D DF A3 A2 C8 11 DA 27 19 A8 E8 D6  ....=......'....
00002AA0:  B4 5F CD 90 7B B5 D5 62 20 DF DF CE F4 46 8E 88  ._..{..b ....F..
00002AB0:  97 64 84 78 41 6E D3 32 9B 4C 75 85 B1 C9 1B 18  .d.xAn.2.Lu.....
00002AC0:  B7 83 4D E0 DF 25 9F E4 57 AC 7D 05 44 03 A0 60  ..M..%..W.}.D..`
00002AD0:  30 C8 0B 82 DD FF 81 75 A5 DF 6B F2 85 AA D8 A2  0......u..k.....
00002AE0:  2C 63 AD D4 49 CD 65 23 F5 00 C2 B5 EA 73 D4 03  ,c..I.e#.....s..
00002AF0:  EA 89 52 A7 3A 37 8E 25 33 77 95 BF F9 6A 99 24  ..R.:7.%3w...j.$
00002B00:  C9 E5 D0 C4 3D CB 6D D6 23 77 78 19 94 13 D9 FE  ....=.m.#wx.....
00002B10:  24 A7 75 47 CE 61 20 87 71 19 06 72 94 61 21 6A  $.uG.a .q..r.a!j
00002B20:  C8 F6 E8 6E 1F 08 56 21 36 48 4B CD AF 54 2B ED  ...n..V!6HK..T+.
00002B30:  CB 0F 79 DF AE 1E 78 7E 27 BA 37 59 AF 31 59 2A  ..y...x~'.7Y.1Y*
00002B40:  08 4E 76 61 87 EE 6F A1 20 FC 40 9B D6 1E 6B EB  .Nva..o. .@...k.
00002B50:  77 9D D3 E8 8D 03 58 23 46 BC 6B 37 D9 40 4A 66  w.....X#F.k7.@Jf
00002B60:  62 DF AC 07 F3 69 3E 09 7B 4E 02 8D FF B4 EC 57  b....i>.{N.....W
00002B70:  68 7D CE 74 D6 D6 F4 AA 48 5A 37 65 1B 0F 5A 9E  h}.t....HZ7e..Z.
00002B80:  2D 9C 8C 89 72 3D 3E 8C 13 4D 2D D8 81 F0 A9 9E  -...r=>..M-.....
00002B90:  C8 E5 85 7B E6 36 DB 32 31 CF 19 7D 06 CE B4 86  ...{.6.21..}....
00002BA0:  F4 BF 95 03 30 7E 57 AB 91 E9 6F 94 48 3A 0B 47  ....0~W...o.H:.G
00002BB0:  8D C1 84 88 18 E1 36 D6 BD F1 1B 16 B5 27 CF FC  ......6......'..
00002BC0:  23 BC B2 7F 77 ED 34 E0 31 7B 2D AC 16 2F 7F A6  #...w.4.1{-../..
00002BD0:  B2 22 1D 30 B8 C5 E0 BC 02 C0 32 04 24 88 4B C9  .".0......2.$.K.
00002BE0:  F3 C4 12 F6 5C D4 50 91 F3 25 D0 3C 43 7C D5 5D  ....\.P..%.<C|.]
00002BF0:  12 0D 0C B5 05 4C D2 12 18 F8 9B 75 78 3C C6 2F  .....L.....ux<./
00002C00:  A9 B1 3B C6 12 C5 40 47 2C CB 6D 38 F6 6E 53 43  ..;...@G,.m8.nSC
00002C10:  3A AD 29 F8 94 4C 20 35 CF 79 7D 28 85 63 8D FD  :.)..L 5.y}(.c..
00002C20:  4D 33 89 86 2B 16 8C FD F2 86 B2 19 2C E9 BE 4D  M3..+.......,..M
00002C30:  BC 6F 58 57 6A 4E 96 DE 18 13 4A 7D D0 1A D8 0F  .oXWjN....J}....
00002C40:  10 E7 15 E4 68 16 AC 4D 24 A1 DB AC 5A 05 47 70  ....h..M$...Z.Gp
00002C50:  C3 06 29 A6 48 5D 0C 2E BA FC 62 6A A0 4F CC 66  ..).H]....bj.O.f
00002C60:  8B 56 1D C6 93 FB E5 CA 5B 0F 95 38 5D F1 F2 D7  .V......[..8]...
00002C70:  55 48 17 F8 8C 98 6E 0D F3 5E 12 57 BD 2E 83 EA  UH....n..^.W....
00002C80:  29 AF 96 84 61 CD 48 54 D7 C3 B3 E3 EC B0 75 FC  )...a.HT......u.
00002C90:  27 08 36 E8 6F D6 AF 8E 16 1F 5A BB 68 30 CA 7F  '.6.o.....Z.h0..
00002CA0:  8C F5 DA 17 4D 81 CE 04 63 AF CA 63 8D 91 F8 31  ....M...c..c...1
00002CB0:  6D 56 12 79 F9 DD A6 D6 6D 11 39 FC 5B 49 21 22  mV.y....m.9.[I!"
00002CC0:  E0 EA 8B 53 5A D1 09 98 24 57 E7 AC D2 E2 A3 31  ...SZ...$W.....1
00002CD0:  EC 64 7F 17 26 B6 4D 10 4B D3 1E AB E0 D9 C3 1C  .d..&.M.K.......
00002CE0:  D4 78 13 3F 6B D9 A5 0A B2 BB A4 5C E3 A0 BC C0  .x.?k......\....
00002CF0:  D6 C4 64 1E 9A 1D D7 DD 67 D9 47 94 C7 26 07 B6  ..d.....g.G..&..
00002D00:  E4 3E B0 79 5E F6 C7 AC 0A FC A2 17 8A 05 AA 73  .>.y^..........s
00002D10:  9A C6 BA 68 3A D4 F5 D4 B4 C3 FA 96 42 CE 55 DC  ...h:.......B.U.
00002D20:  E1 2E 3F 1C 42 89 AA F0 83 3C F0 1D 51 E8 B9 E5  ..?.B....<..Q...
00002D30:  8C 3D 5B 6A A6 61 8F 9D 42 38 40 B0 83 60 7E 5F  .=[j.a..B8@..`~_
00002D40:  67 AC 15 B9 5E 7F 4A 2C 74 88 3D C7 6E CC 39 31  g...^.J,t.=.n.91
00002D50:  CB 0C 03 2F 14 80 B0 E7 D3 76 F3 F5 DD B8 C1 2B  .../.....v.....+
00002D60:  89 11 4B 91 F5 88 EE 6F 7F CB 42 FF C8 90 76 3C  ..K....o..B...v<
00002D70:  C8 ED 0F 87 4D AA AD 39 DB 54 45 56 D0 C6 BC 00  ....M..9.TEV....
00002D80:  B0 0D BA 69 4B E9 98 72 DA FA E4 E7 AA D5 E5 44  ...iK..r.......D
00002D90:  40 DF F2 82 22 B8 36 8E CE 24 59 4B 61 71 51 EF  @...".6..$YKaqQ.
00002DA0:  A6 DA 40 58 20 A9 48 54 D7 C3 B3 E3 EC B0 75 FC  ..@X .HT......u.
00002DB0:  27 08 36 E8 6F D6 14 EB 94 72 49 DA DE F4 83 E6  '.6.o....rI.....
00002DC0:  79 0D 8F 31 47 1C CE C6 99 5D 29 2D DA B5 04 EF  y..1G....])-....
00002DD0:  F6 3D 90 D0 FC 5B F5 E7 8B 60 16 D9 B5 FA FB 69  .=...[...`.....i
00002DE0:  15 52 A2 7E 91 B1 6E A9 96 BB 7C 12 7C 9F D6 4A  .R.~..n...|.|..J
00002DF0:  A2 DD D9 9E 34 31 EC F1 A8 44 D5 87 A1 7F CA 8B  ....41...D......
00002E00:  7D 3C 30 40 35 FD 17 56 F5 63 AF E5 64 DB 81 D0  }<0@5..V.c..d...
00002E10:  E6 62 F5 27 0D 8D 9F E4 57 AC 7D 05 44 03 A0 60  .b.'....W.}.D..`
00002E20:  30 C8 0B 82 DD FF 81 75 A5 DF 6B F2 85 AA D8 A2  0......u..k.....
00002E30:  2C 63 AD D4 49 CD 65 23 F5 00 C2 B5 EA 73 D4 03  ,c..I.e#.....s..
00002E40:  EA 89 52 A7 3A 37 AE 90 06 8F 94 32 9C 33 A7 D3  ..R.:7.....2.3..
00002E50:  3A C0 63 81 3A E5 19 16 23 93 44 06 40 7B 6C 0B  :.c.:...#.D.@{l.
00002E60:  FC EA 0E 6F D7 C7 33 7A 40 2A 9D 3E 36 CE 62 EA  ...o..3z@*.>6.b.
00002E70:  56 41 D3 A2 A8 B0 70 36 81 54 6B 35 26 85 CD AC  VA....p6.Tk5&...
00002E80:  D5 5A AA 35 FF 74 4E 8D 27 9A 56 8A 1E 3B 7E 85  .Z.5.tN.'.V..;~.
00002E90:  35 49 EB 06 E8 FE B7 CC 80 AE 60 BF 10 1F 31 53  5I........`...1S
00002EA0:  1A 36 2D B9 B3 B9 F5 BB F0 90 12 D4 3F 9E BD 9C  .6-.........?...
00002EB0:  72 4B 70 79 31 F8 30 FF F1 AC 16 33 62 6E 80 CB  rKpy1.0....3bn..
00002EC0:  B3 60 07 4C 83 B2 9B 38 DB A5 94 52 FA 5D A5 4E  .`.L...8...R.].N
00002ED0:  E2 5F 41 4B E8 DB DF C5 FD FE D6 65 5F 2B 81 90  ._AK.......e_+..
00002EE0:  F8 A2 3D 62 88 E8 16 74 E3 67 78 68 A9 2A 09 B9  ..=b...t.gxh.*..
00002EF0:  5A 7A ED 25 0B A5 BE DA C2 BD 8B 60 F2 48 2C 5F  Zz.%.......`.H,_
00002F00:  A0 15 2F 6A FC C6 73 20 4A 03 56 F7 6D EA 8D 33  ../j..s J.V.m..3
00002F10:  D8 A7 76 01 69 0A A2 17 27 47 93 74 AC 28 5F 2A  ..v.i...'G.t.(_*
00002F20:  D2 86 62 C3 32 20 BC AA C9 AD A6 AB 13 2C AB 85  ..b.2 .......,..
00002F30:  B7 7D A1 12 3D 0C 15 DB 98 7A 48 9C 12 FC F7 51  .}..=....zH....Q
00002F40:  69 3D CC B9 32 F9 6C 12 2D 36 8A 64 86 BE 33 BE  i=..2.l.-6.d..3.
00002F50:  BC 0D EB 5F 42 A4 34 E0 31 7B 2D AC 16 2F 7F A6  ..._B.4.1{-../..
00002F60:  B2 22 1D 30 B8 C5 FF 28 FB 13 3A 1A B9 67 F3 EF  .".0...(..:..g..
00002F70:  2F AC 3C 4F A8 CD 52 C0 B1 96 01 2A 70 35 46 BA  /.<O..R....*p5F.
00002F80:  C1 24 14 2E 08 34 DF 55 85 82 AA DA C5 59 1B E0  .$...4.U.....Y..
00002F90:  E8 59 5C 2E 0E 0A FC 24 09 74 86 2D A9 C9 0D 4B  .Y\....$.t.-...K
00002FA0:  09 09 FB FB D8 C4 AB B1 61 D2 94 6D 72 1E 97 7B  ........a..mr..{
00002FB0:  43 68 11 0A 20 97 1A 76 D2 81 B2 27 B0 D6 25 48  Ch.. ..v...'..%H
00002FC0:  BE 24 9F F1 5B C8 5E 6F 5E 2C B9 6B 9D 28 E8 7F  .$..[.^o^,.k.(..
00002FD0:  5A 12 62 0F 1C BE 23 E6 AB 85 98 CF 1F C7 C7 14  Z.b...#.........
00002FE0:  4E 07 48 6C B2 67 77 1D 41 46 F7 C9 5F 91 CE 73  N.Hl.gw.AF.._..s
00002FF0:  C0 A7 DA 90 BC 78 B5 26 FE B1 28 8D 84 ED 70 E7  .....x.&..(...p.
00003000:  E6 FC 71 89 03 A3 B5 3F 88 E9 57 4C 1D 35 83 14  ..q....?..WL.5..
00003010:  A3 04 02 8D 87 D5 AD FE 3B 17 32 B6 0F ED B9 A6  ........;.2.....
00003020:  D3 5B 99 09 A1 47 4D 29 1A 32 60 4D 6F 9A 65 6F  .[...GM).2`Mo.eo
00003030:  6A 0C C6 D3 26 81 93 F1 BA 8E 0C BD 62 47 B1 49  j...&.......bG.I
00003040:  29 10 A2 9C 17 72 8B 17 19 0C 18 90 08 29 FF 4B  )....r.......).K
00003050:  84 FF 85 D8 10 F6 E1 70 08 AC F0 8B 7A 3D AF BF  .......p....z=..
00003060:  2B CE 52 55 25 EC C8 41 17 9C 1C 04 7A C0 B5 BB  +.RU%..A....z...
00003070:  2A 72 0D DC EB B0 84 D0 A6 68 FA CE A1 E3 9A 87  *r.......h......
00003080:  9E C2 2B 0C DE D9 52 0B 86 98 1A D9 67 3B F3 B8  ..+...R.....g;..
00003090:  CB 34 F1 5F BF 52 7E BC 97 7C 15 BF AC 2F E2 68  .4._.R~..|.../.h
000030A0:  47 FD 76 96 08 55 F9 28 54 C9 A0 64 88 4A 1A 3E  G.v..U.(T..d.J.>
000030B0:  C7 F7 B2 99 DF FE EE 6F 7F CB 42 FF C8 90 76 3C  .......o..B...v<
000030C0:  C8 ED 0F 87 4D AA 9A DE 6F 5D 74 87 80 85 5C 04  ....M...o]t...\.
000030D0:  41 6A 7E 2B F1 40 97 64 A1 CE 6E D6 12 78 40 0B  Aj~+.@.d..n..x@.
000030E0:  37 87 7D C5 6E 36 9F E4 57 AC 7D 05 44 03 A0 60  7.}.n6..W.}.D..`
000030F0:  30 C8 0B 82 DD FF 17 D7 97 A4 05 ED 35 F5 95 12  0...........5...
00003100:  F9 96 20 BC 30 FA 30 E4 A0 4F 1B 13 B1 FD A3 EB  .. .0.0..O......
00003110:  81 9C 4D E3 95 D0 F6 51 0F 7B 79 EE BE 2B F0 74  ..M....Q.{y..+.t
00003120:  31 08 E6 EC 0B 9C 9A 38 B4 C8 DB 96 E1 8D 5D CE  1......8......].
00003130:  FF 49 F1 BA 05 BA DB 1C 1F E6 57 7B 31 80 9D BD  .I........W{1...
00003140:  B1 40 80 01 2F B8 76 5C CB 86 09 47 76 17 DC 5A  .@../.v\...Gv..Z
00003150:  48 B5 A7 D9 A4 8F D8 C5 01 73 D7 46 DA E0 B0 F5  H........s.F....
00003160:  2F 0B C0 B2 E2 F3 C0 60 C5 9E 9C 7C 49 29 CB 66  /......`...|I).f
00003170:  CC 0C CB D5 DA CA 4C 9E A9 68 67 5D 4F 47 6C 91  ......L..hg]OGl.
00003180:  FB 11 1B 4E 23 69 C9 65 1E 10 1F 72 88 48 15 34  ...N#i.e...r.H.4
00003190:  5D 70 3A B2 DB C6 19 C6 61 88 7E A2 86 A5 9B FE  ]p:.....a.~.....
000031A0:  E8 1B A3 DA BD 01 82 33 15 83 1E CD 21 12 81 C8  .......3....!...
000031B0:  48 AF DD DD 00 B0 71 D8 72 02 BD 22 72 AD 29 4B  H.....q.r.."r.)K
000031C0:  30 38 FD 81 39 2A 87 85 53 22 E0 DC 5D 67 0F 7A  08..9*..S"..]g.z
000031D0:  2F 64 D0 99 D7 96 F7 10 27 42 04 0B C4 4E AA 59  /d......'B...N.Y
000031E0:  83 DA D6 4A E5 E0 75 88 8B C5 97 D2 D5 64 98 5A  ...J..u......d.Z
000031F0:  B3 9C 3F BF 35 8D ED F4 DF 42 ED D2 F7 DA 13 D4  ..?.5....B......
00003200:  7F CF C5 86 EB 8D 52 9F CB 84 25 5C 90 2D 73 3C  ......R...%\.-s<
00003210:  4B 16 36 7A 87 85 68 EE BE FC AA A1 B2 50 AC B2  K.6z..h......P..
00003220:  62 53 19 BD AB A0 DF FD C0 F4 65 1F 39 AD 61 5C  bS........e.9.a\
00003230:  38 09 92 DE 8D ED 20 B9 A4 83 9B 5C 2C 2E 17 B1  8..... ....\,...
00003240:  9B B9 65 D2 B6 14 14 EB 94 72 49 DA DE F4 83 E6  ..e......rI.....
00003250:  79 0D 8F 31 47 1C CE C6 99 5D 29 2D DA B5 04 EF  y..1G....])-....
00003260:  F6 3D 90 D0 FC 5B 3C 45 2E B2 87 1B C9 26 08 29  .=...[<E.....&.)
00003270:  5B 26 93 7C AA 0F AC 22 DA 37 DB E8 4B 30 C2 52  [&.|...".7..K0.R
00003280:  5B CB 0A 98 23 83 D3 45 42 75 37 F0 92 83 E1 55  [...#..EBu7....U
00003290:  B7 92 2F 29 52 BB D2 A3 6E 11 45 AE 7E E8 37 FD  ../)R...n.E.~.7.
000032A0:  0C 6B B3 7B 4C B6 FE 47 D3 8F 13 4C 4C A3 45 3A  .k.{L..G...LL.E:
000032B0:  11 05 2D 41 BE CE 1E CE 61 05 89 60 50 8E AA 3B  ..-A....a..`P..;
000032C0:  C6 28 6A 06 7C BE 15 41 1B 93 29 0A F0 EA D8 7E  .(j.|..A..)....~
000032D0:  26 21 AD 7F 55 FE 24 B9 C5 47 74 2D 17 32 EA 2E  &!..U.$..Gt-.2..
000032E0:  F4 84 D5 0E 00 11 F5 11 62 64 4D C0 94 4A BC AE  ........bdM..J..
000032F0:  0F 19 59 E9 F8 0F 0E 0C 5D 66 E7 BA E5 96 CA 63  ..Y.....]f.....c
00003300:  F8 0C 59 0C 6D 4C 1E 0B 01 A0 A6 D3 29 D4 70 B5  ..Y.mL......).p.
00003310:  DD A5 EE B6 CC 1B 19 E3 DD 3E A8 66 55 2F FE 79  .........>.fU/.y
00003320:  E9 CC A0 A5 D4 0C 09 93 7E EC 12 2B 82 B2 DF 6F  ........~..+...o
00003330:  66 9E 53 C9 7A 82 FD B3 93 E2 F9 8F BD FD 13 F7  f.S.z...........
00003340:  8E 38 48 DE 0A D8 85 B3 0A EA 11 E5 1F 6C F6 60  .8H..........l.`
00003350:  14 33 A9 8C 10 3E 83 2A 0F D4 95 CE 50 BB D5 41  .3...>.*....P..A
00003360:  8D 11 B2 01 DC FF CF 12 EE 04 1D 90 60 10 E4 FF  ............`...
00003370:  E7 FB 10 41 A0 AD 99 7F B9 CA 56 AA 8C AD FA 65  ...A......V....e
00003380:  43 DE E1 E6 47 9E 50 32 A1 95 9D E6 8D BC 41 CB  C...G.P2......A.
00003390:  E0 75 5E CA 81 C0 62 43 22 B0 03 CC 42 5E 66 72  .u^...bC"...B^fr
000033A0:  5D A4 9E 9C 34 56 1A 76 D2 81 B2 27 B0 D6 25 48  ]...4V.v...'..%H
000033B0:  BE 24 9F F1 5B C8 5E 6F 5E 2C B9 6B 9D 28 E8 7F  .$..[.^o^,.k.(..
000033C0:  5A 12 62 0F 1C BE 30 95 AD E3 67 E2 B7 19 8F BB  Z.b...0...g.....
000033D0:  20 30 06 82 03 E6 54 96 30 55 6B 29 63 09 62 8C   0....T.0Uk)c.b.
000033E0:  52 B0 76 DA 9E 6E 44 DC D1 64 9C A9 0A 46 36 17  R.v..nD..d...F6.
000033F0:  A6 FA 52 EE E7 70 1F 6F 81 C0 4E 04 6D 78 B9 86  ..R..p.o..N.mx..
00003400:  95 A7 3A 12 20 A1 D3 1D 7D E3 03 40 58 9F CD F9  ..:. ...}..@X...
00003410:  EB ED B5 32 4D AA E5 CA 5B 0F 95 38 5D F1 F2 D7  ...2M...[..8]...
00003420:  55 48 17 F8 8C 98 96 29 73 EA 69 A1 9E 73 A2 47  UH.....)s.i..s.G
00003430:  6A E5 33 50 82 3F 20 B9 A4 83 9B 5C 2C 2E 17 B1  j.3P.? ....\,...
00003440:  9B B9 65 D2 B6 14 14 EB 94 72 49 DA DE F4 83 E6  ..e......rI.....
00003450:  79 0D 8F 31 47 1C CE C6 99 5D 29 2D DA B5 04 EF  y..1G....])-....
00003460:  F6 3D 90 D0 FC 5B F5 E7 8B 60 16 D9 B5 FA FB 69  .=...[...`.....i
00003470:  15 52 A2 7E 91 B1 6E A9 96 BB 7C 12 7C 9F D6 4A  .R.~..n...|.|..J
00003480:  A2 DD D9 9E 34 31 25 B7 63 18 23 FC 3F 97 D9 02  ....41%.c.#.?...
00003490:  0C CB 46 78 B1 78 28 AC E6 92 96 BD 9C 5F E6 8F  ..Fx.x(......_..
000034A0:  20 64 5D FA FD 61 D0 2A 01 31 92 20 73 04 3E EF   d]..a.*.1. s.>.
000034B0:  5C D9 60 13 0B 80 97 29 00 2F 4B F9 05 33 1A 9F  \.`....)./K..3..
000034C0:  D6 32 63 B5 1E 7F 65 23 F5 00 C2 B5 EA 73 D4 03  .2c...e#.....s..
000034D0:  EA 89 52 A7 3A 37 AE 90 06 8F 94 32 9C 33 A7 D3  ..R.:7.....2.3..
000034E0:  3A C0 63 81 3A E5 B6 BB 4C D9 23 C3 D6 AF 38 23  :.c.:...L.#...8#
000034F0:  A7 59 9E 18 0F 7A AC CA 29 56 B9 CD A3 8F 37 A4  .Y...z..)V....7.
00003500:  EF 78 58 F4 C4 76 4C 9E A9 68 67 5D 4F 47 6C 91  .xX..vL..hg]OGl.
00003510:  FB 11 1B 4E 23 69 A4 6E 68 9A 55 86 FF 69 21 1A  ...N#i.nh.U..i!.
00003520:  F8 45 4D C7 A8 2F 3D 05 BE FB CB 7F B7 54 D0 32  .EM../=......T.2
00003530:  CE F9 AB 2E 39 2E 82 33 15 83 1E CD 21 12 81 C8  ....9..3....!...
00003540:  48 AF DD DD 00 B0 23 64 52 E1 32 61 0F B2 AD 56  H.....#dR.2a...V
00003550:  D5 02 68 26 42 3C 87 85 53 22 E0 DC 5D 67 0F 7A  ..h&B<..S"..]g.z
00003560:  2F 64 D0 99 D7 96 F7 10 27 42 04 0B C4 4E AA 59  /d......'B...N.Y
00003570:  83 DA D6 4A E5 E0 75 88 8B C5 97 D2 D5 64 98 5A  ...J..u......d.Z
00003580:  B3 9C 3F BF 35 8D ED F4 DF 42 ED D2 F7 DA 13 D4  ..?.5....B......
00003590:  7F CF C5 86 EB 8D 83 3E E9 75 96 68 87 4D C9 F8  .......>.u.h.M..
000035A0:  4E 2B 0C FE E1 82 9F AF 0D BD EA 37 8E AB CC 26  N+.........7...&
000035B0:  7B 83 E3 AB 2F 54 78 A2 51 03 C3 AE 10 8B 25 A5  {.../Tx.Q.....%.
000035C0:  4D 6E 72 05 62 59 2D 12 87 4F 24 48 5C 5D 76 58  Mnr.bY-..O$H\]vX
000035D0:  B7 E1 1E 7C 8B 12 09 E7 68 9A 92 FC 4C 4E 4B AC  ...|....h...LNK.
000035E0:  F2 34 31 C5 0F AA F0 9E DA 43 04 A1 4B 3D FE A1  .41......C..K=..
000035F0:  63 C0 73 68 7B 79 7A 72 62 62 7D EF F4 6B BE 9D  c.sh{yzrbb}..k..
00003600:  4E 5A 57 A3 66 4B F2 0A 2E 82 A9 A8 54 59 7B 42  NZW.fK......TY{B
00003610:  85 6D 2E 7A 6E 36 EE 1E 64 4B DD C3 2D F7 3B A4  .m.zn6..dK..-.;.
00003620:  BD 0E 9D EC 21 AA 2A C3 87 BE 2B B4 00 06 60 98  ....!.*...+...`.
00003630:  44 1B 8A 68 05 7D B1 AE 80 70 04 30 DF 00 83 95  D..h.}...p.0....
00003640:  16 13 A3 D5 B0 99 4A 2C 74 88 3D C7 6E CC 39 31  ......J,t.=.n.91
00003650:  CB 0C 03 2F 14 80 19 85 9C 18 B4 83 9C 4C 9B 75  .../.........L.u
00003660:  20 63 FF A0 49 6B 50 2D 47 76 21 18 79 70 66 9C   c..IkP-Gv!.ypf.
00003670:  4A 36 2E 1C 4B 01 7A F4 97 C1 0F 1E 25 BA 6A F7  J6..K.z.....%.j.
00003680:  B3 F5 06 3A 10 0B 98 72 DA FA E4 E7 AA D5 E5 44  ...:...r.......D
00003690:  40 DF F2 82 22 B8 87 43 64 63 BE EA 30 14 A3 FC  @..."..Cdc..0...
000036A0:  F4 7B F5 08 FE 01 20 B9 A4 83 9B 5C 2C 2E 17 B1  .{.... ....\,...
000036B0:  9B B9 65 D2 B6 14 14 EB 94 72 49 DA DE F4 83 E6  ..e......rI.....
000036C0:  79 0D 8F 31 47 1C CE C6 99 5D 29 2D DA B5 04 EF  y..1G....])-....
000036D0:  F6 3D 90 D0 FC 5B F5 E7 8B 60 16 D9 B5 FA FB 69  .=...[...`.....i
000036E0:  15 52 A2 7E 91 B1 6E A9 96 BB 7C 12 7C 9F D6 4A  .R.~..n...|.|..J
000036F0:  A2 DD D9 9E 34 31 A7 15 4D B2 EC 7A E5 C7 FD 8F  ....41..M..z....
00003700:  B7 E3 62 12 6A 7A 10 94 B3 DE 25 C7 A5 E5 11 DC  ..b.jz....%.....
00003710:  A8 FC BE 73 7E 99 D0 2A 01 31 92 20 73 04 3E EF  ...s~..*.1. s.>.
00003720:  5C D9 60 13 0B 80 97 29 00 2F 4B F9 05 33 1A 9F  \.`....)./K..3..
00003730:  D6 32 63 B5 1E 7F 65 23 F5 00 C2 B5 EA 73 D4 03  .2c...e#.....s..
00003740:  EA 89 52 A7 3A 37 AE 90 06 8F 94 32 9C 33 A7 D3  ..R.:7.....2.3..
00003750:  3A C0 63 81 3A E5 19 16 23 93 44 06 40 7B 6C 0B  :.c.:...#.D.@{l.
00003760:  FC EA 0E 6F D7 C7 93 31 8C AB A7 6A EF 6B 23 0D  ...o...1...j.k#.
00003770:  FA 63 8D 04 8B 30 66 86 49 C1 C1 EE 83 79 84 B0  .c...0f.I....y..
00003780:  2E F2 E0 7E F3 14 34 2F FC C7 D7 C4 1B EB 57 30  ...~..4/......W0
00003790:  32 16 C7 6D 01 89 56 A3 4D 2A D0 D8 1C A5 62 CA  2..m..V.M*....b.
000037A0:  60 42 50 7E 38 A6 63 AC 71 2D A4 A8 1F 64 07 D0  `BP~8.c.q-...d..
000037B0:  0F 86 51 2B 50 C5 D2 B8 F2 7A 91 7E 69 99 C7 CD  ..Q+P....z.~i...
000037C0:  27 15 6C BA 22 DA EE A7 9F 80 16 B2 3E 0B F4 6D  '.l.".......>..m
000037D0:  A6 9D 3E CF 53 54 DF C5 FD FE D6 65 5F 2B 81 90  ..>.ST.....e_+..
000037E0:  F8 A2 3D 62 88 E8 39 16 11 EC A6 79 8D 3A 4A 77  ..=b..9....y.:Jw
000037F0:  B6 73 D4 19 A3 B0 62 84 06 6D 41 FD 1F 32 4A 38  .s....b..mA..2J8
00003800:  79 10 FF 45 3F 2D 8E C1 3E CC 34 0D 12 B4 20 55  y..E?-..>.4... U
00003810:  A2 D1 98 67 05 8D A2 17 27 47 93 74 AC 28 5F 2A  ...g....'G.t.(_*
00003820:  D2 86 62 C3 32 20 BC AA C9 AD A6 AB 13 2C AB 85  ..b.2 .......,..
00003830:  B7 7D A1 12 3D 0C 3B 5A 19 13 56 73 7A 62 20 B4  .}..=.;Z..Vszb .
00003840:  EB 54 06 B8 F6 D6 C7 B9 69 86 99 AD E2 EE 5F FD  .T......i....._.
00003850:  19 61 EF 54 BF 40 99 7F B9 CA 56 AA 8C AD FA 65  .a.T.@....V....e
00003860:  43 DE E1 E6 47 9E 75 46 15 BB 2D 80 7B 83 2C 92  C...G.uF..-.{.,.
00003870:  58 52 72 BD 68 07 A6 BD 99 77 EA 02 A0 FE E1 E3  XRr.h....w......
00003880:  6C DB 56 AF 02 21 F2 59 73 8E 8B 1B 61 93 6C 49  l.V..!.Ys...a.lI
00003890:  2C AB 8B 4A 05 2B 99 6C B5 80 D7 8A A3 2C A9 85  ,..J.+.l.....,..
000038A0:  E3 81 45 FB 06 7F 2D 12 87 4F 24 48 5C 5D 76 58  ..E...-..O$H\]vX
000038B0:  B7 E1 1E 7C 8B 12 09 E7 68 9A 92 FC 4C 4E 4B AC  ...|....h...LNK.
000038C0:  F2 34 31 C5 0F AA F0 9E DA 43 04 A1 4B 3D FE A1  .41......C..K=..
000038D0:  63 C0 73 68 7B 79 7A 72 62 62 7D EF F4 6B BE 9D  c.sh{yzrbb}..k..
000038E0:  4E 5A 57 A3 66 4B 79 A6 7E 8C 3F 46 3F DF 96 ED  NZW.fKy.~.?F?...
000038F0:  BD 71 06 12 DA 19 FA 7A 89 EF D8 87 1F 6F 46 B2  .q.....z.....oF.
00003900:  C1 E6 EE 24 C3 47 5F CD 03 02 E3 56 A2 60 3C 2C  ...$.G_....V.`<,
00003910:  AB AA 53 3D 39 1A B1 AE 80 70 04 30 DF 00 83 95  ..S=9....p.0....
00003920:  16 13 A3 D5 B0 99 4A 2C 74 88 3D C7 6E CC 39 31  ......J,t.=.n.91
00003930:  CB 0C 03 2F 14 80 55 CD 50 68 2E A3 7F B2 18 F7  .../..U.Ph......
00003940:  5A 42 BA 97 EB 3E 50 2D 47 76 21 18 79 70 66 9C  ZB...>P-Gv!.ypf.
00003950:  4A 36 2E 1C 4B 01 45 2F B4 A1 5B DB 44 86 68 2C  J6..K.E/..[.D.h,
00003960:  D8 3C 8E 1C 3F 3C 7A 4A 17 BA A8 68 62 CF C4 A4  .<..?<zJ...hb...
00003970:  09 16 B1 E6 FF EF 07 9E 84 CE 83 83 B9 AA A3 27  ...............'
00003980:  C8 A3 F2 BD 6B 11 1D 05 87 54 F5 03 E2 8C 93 29  ....k....T.....)
00003990:  55 A5 39 C8 6C 96 20 87 71 19 06 72 94 61 21 6A  U.9.l. .q..r.a!j
000039A0:  C8 F6 E8 6E 1F 08 61 B7 27 9B EA 21 C3 E6 77 A9  ...n..a.'..!..w.
000039B0:  EB B3 21 77 E5 60 5F 08 41 7A 93 B0 7F 7A EC 83  ..!w.`_.Az...z..
000039C0:  75 7E D7 0C 6B DD 8E C1 3E CC 34 0D 12 B4 20 55  u~..k...>.4... U
000039D0:  A2 D1 98 67 05 8D A2 17 27 47 93 74 AC 28 5F 2A  ...g....'G.t.(_*
000039E0:  D2 86 62 C3 32 20 BC AA C9 AD A6 AB 13 2C AB 85  ..b.2 .......,..
000039F0:  B7 7D A1 12 3D 0C 5C EF 48 C0 3F 62 B1 13 D2 F4  .}..=.\.H.?b....
00003A00:  DF 46 7C 69 6C C1 A4 95 59 86 37 5C 91 26 CC 86  .F|il...Y.7\.&..
00003A10:  6E D0 96 F5 1C 1E 9F AF 0D BD EA 37 8E AB CC 26  n..........7...&
00003A20:  7B 83 E3 AB 2F 54 A0 BA A5 CB 2E D3 3D 28 E6 7A  {.../T......=(.z
00003A30:  17 38 64 DF 17 4C 5A 8B 29 86 AF C7 4E 9E B8 9B  .8d..LZ.)...N...
00003A40:  C2 46 E1 D1 11 D6 38 63 90 56 3B 5B 20 0B 32 79  .F....8c.V;[ .2y
00003A50:  58 B3 B0 32 C4 84 76 AA 79 21 FF 0A C1 4C BF B5  X..2..v.y!...L..
00003A60:  B8 8B C8 43 C1 4F 9F A5 92 CC 56 F4 CF 9D 37 91  ...C.O....V...7.
00003A70:  7C 7B B5 6A E4 10 2B FF 3C 6F A2 49 87 24 CA 77  |{.j..+.<o.I.$.w
00003A80:  02 84 4A E3 72 8A B3 AF 2B 21 8C 38 F4 CA 5C 15  ..J.r...+!.8..\.
00003A90:  3F 57 40 B9 5E 17 63 EC 06 43 AA 94 93 B0 A0 2C  ?W@.^.c..C.....,
00003AA0:  9F 5B 40 87 ED 28 9A FD 45 91 5C 4E 56 16 D1 81  .[@..(..E.\NV...
00003AB0:  E3 48 24 EE 0F 5A AE 9B 58 31 8D 9C 73 A9 87 D1  .H$..Z..X1..s...
00003AC0:  FF 7B B2 8E 06 C7 69 60 3A 3E 98 20 6C 9E EF 81  .{....i`:>. l...
00003AD0:  89 A9 4A 12 DE DB B1 AE 80 70 04 30 DF 00 83 95  ..J......p.0....
00003AE0:  16 13 A3 D5 B0 99 B6 36 08 53 72 0D 09 0E CE 49  .......6.Sr....I
00003AF0:  04 D0 F8 0A C1 F7 B2 F4 5E 27 79 B8 B3 8F 54 CB  ........^'y...T.
00003B00:  F0 70 5F 71 41 58 93 AD 4C 4E FA 0C 0F C0 C0 B1  .p_qAX..LN......
00003B10:  19 F6 9C ED 83 0E 1D 05 87 54 F5 03 E2 8C 93 29  .........T.....)
00003B20:  55 A5 39 C8 6C 96 D6 AF 29 F8 2D 47 FB 60 A9 0F  U.9.l...).-G.`..
00003B30:  AA D8 C2 71 EA DD 2A 3E 95 8E CC FB 36 78 2A 13  ...q..*>....6x*.
00003B40:  63 D0 C3 ED 1B 63 07 E2 B1 00 52 78 38 29 3A A5  c....c....Rx8):.
00003B50:  DC C8 97 FB 52 F7 38 FD CF 19 67 85 ED 9C C8 82  ....R.8...g.....
00003B60:  9C 17 50 1D 15 53 66 86 49 C1 C1 EE 83 79 84 B0  ..P..Sf.I....y..
00003B70:  2E F2 E0 7E F3 14 C7 BB 77 B4 72 56 39 8A AC 0D  ...~....w.rV9...
00003B80:  03 FB D7 AC E0 3B AE F5 6D 97 0C 51 17 7C D3 B5  .....;..m..Q.|..
00003B90:  6A 10 EA E5 9D 63 3E 8C 13 4D 2D D8 81 F0 A9 9E  j....c>..M-.....
00003BA0:  C8 E5 85 7B E6 36 DB 32 31 CF 19 7D 06 CE B4 86  ...{.6.21..}....
00003BB0:  F4 BF 95 03 30 7E 1C 3C 84 D8 E5 8F 50 E5 81 D1  ....0~.<....P...
00003BC0:  C3 E7 30 4A 06 C5 0D 35 49 6E 3D E4 EF 38 CE 7B  ..0J...5In=..8.{
00003BD0:  2A D9 11 EC 7D 8D 99 7F B9 CA 56 AA 8C AD FA 65  *...}.....V....e
00003BE0:  43 DE E1 E6 47 9E B7 EE 63 EE 9A 8D 43 E2 D7 47  C...G...c...C..G
00003BF0:  9A FB 0A 1D 92 37 62 43 22 B0 03 CC 42 5E 66 72  .....7bC"...B^fr
00003C00:  5D A4 9E 9C 34 56 1A 76 D2 81 B2 27 B0 D6 25 48  ]...4V.v...'..%H
00003C10:  BE 24 9F F1 5B C8 5E 6F 5E 2C B9 6B 9D 28 E8 7F  .$..[.^o^,.k.(..
00003C20:  5A 12 62 0F 1C BE 30 95 AD E3 67 E2 B7 19 8F BB  Z.b...0...g.....
00003C30:  20 30 06 82 03 E6 54 96 30 55 6B 29 63 09 62 8C   0....T.0Uk)c.b.
00003C40:  52 B0 76 DA 9E 6E 29 99 3A 74 4E A7 84 A8 A1 B7  R.v..n).:tN.....
00003C50:  6F D0 66 88 5D 9B 11 9E 85 CC 23 88 23 4E 08 7E  o.f.].....#.#N.~
00003C60:  A7 0B 69 07 A4 1F D3 1D 7D E3 03 40 58 9F CD F9  ..i.....}..@X...
00003C70:  EB ED B5 32 4D AA 73 14 2E CD 1F 0B 4D 6B 10 D8  ...2M.s.....Mk..
00003C80:  B8 12 78 13 CD DC 6F 71 4D AB 86 5F 39 95 7D 3C  ..x...oqM.._9.}<
00003C90:  D1 A1 89 A1 D3 E5 3D DE 04 EF E2 63 5A B8 2F 05  ......=....cZ./.
00003CA0:  BF 09 6A 8C B0 93 8E 54 73 BC A3 6D CA 4B 13 D3  ..j....Ts..m.K..
00003CB0:  B4 66 A6 3E 1F 55 D2 91 62 D4 1E C8 11 5E 57 BA  .f.>.U..b....^W.
00003CC0:  FB 93 8B 0F 34 2E DC 6E 9F D6 E9 47 6B 97 F2 B6  ....4..n...Gk...
00003CD0:  F2 47 35 7C DE 7B 42 72 F4 5C 1D D0 50 C7 59 13  .G5|.{Br.\..P.Y.
00003CE0:  35 30 6D DE B1 FE 53 9D 21 1E A1 3F 97 A3 36 D7  50m...S.!..?..6.
00003CF0:  B4 06 44 8C A6 BE 39 8B 47 34 9C 30 3E 2B 84 22  ..D...9.G4.0>+."
00003D00:  BC 54 A2 B9 F7 6A 8D F3 3A 7B 04 2D 79 36 44 A8  .T...j..:{.-y6D.
00003D10:  56 1E 9B 2C 10 94 76 A7 75 C7 4F A9 AD 06 40 63  V..,..v.u.O...@c
00003D20:  1D 1D 5B FA 51 C9 92 7F BE 83 6E 91 5C 66 84 EE  ..[.Q.....n.\f..
00003D30:  19 CA FF 1A 5E 9F FB 93 DF 38 BC 99 18 F2 F2 93  ....^....8......
00003D40:  9C 33 24 6E 98 D0 59 22 53 0E F9 BE 09 37 5C 65  .3$n..Y"S....7\e
00003D50:  D4 CF A2 72 2C AB 95 57 FC 33 B3 AB 6A CE 4D 08  ...r,..W.3..j.M.
00003D60:  86 EE A9 5A C2 93 47 94 A4 27 F2 B4 EF DA 16 06  ...Z..G..'......
00003D70:  55 72 26 24 6E 99 AD 3A 68 F5 CD 1A C2 74 FC 35  Ur&$n..:h....t.5
00003D80:  4B EC E5 14 B0 EF 55 88 C8 16 79 EE 83 66 6A AE  K.....U...y..fj.
00003D90:  0C 0D C5 B1 FF E0 B7 15 2A FB 4F B7 5E AA 4E 14  ........*.O.^.N.
00003DA0:  1B 5D 2B BB 3F 39 2D A4 D0 64 56 50 FB A8 6C 05  .]+.?9-..dVP..l.
00003DB0:  27 4E E5 2D 8A DA 51 ED F1 B4 CE 6C 02 F8 48 5F  'N.-..Q....l..H_
00003DC0:  02 81 2D 23 6A 50 A9 3B 40 9D D8 BF F1 EA 9D B6  ..-#jP.;@.......
00003DD0:  2B DB F1 39 55 6A 06 69 58 D2 26 09 89 D4 A5 C9  +..9Uj.iX.&.....
00003DE0:  1E FF 9C C4 A4 DC 8A 86 31 15 27 36 83 A6 0D 03  ........1.'6....
00003DF0:  B5 D6 17 46 AA A6 F1 EF D8 8A BF A9 5C 9D 18 7F  ...F........\...
00003E00:  DE C8 2C 90 68 D3 82 6F BF 54 D5 21 60 81 0E 4C  ..,.h..o.T.!`..L
00003E10:  48 33 2F 61 96 D1 E6 95 9A B2 3F 2C 2F 91 F9 4D  H3/a......?,/..M
00003E20:  35 0A 05 C4 A6 31 08 1E 78 1E B5 F3 AB B7 08 D1  5....1..x.......
00003E30:  C1 6C D6 AA 9B 4D 46 88 C9 52 4D DA EA 90 A0 71  .l...MF..RM....q
00003E40:  8C 12 2B D7 32 A3 00 00 00 00 00 00 00 00 00 00  ..+.2...........
00003E50:  00 00 00 00 00 00 00 00 00 00 00 00 00 00 00 00  ................ [zeros]
00003E60:  00 00 00 00 00 00 87 0F FD D7 34 4C 49 B7 7D 69  ..........4LI.}i
00003E70:  D8 E8 00 9D 3E AF FB 4B 19 F6 17 D1 09 C0 80 5D  ....>..K.......]
00003E80:  8D F4 09 C5 5E B1 A6 36 66 75 02 C6 03 79 11 85  ....^..6fu...y..
00003E90:  F8 81 46 59 51 BA 00 00 00 00 00 00 00 00 00 00  ..FYQ...........
00003EA0:  00 00 00 00 00 00 00 00 00 00 00 00 00 00 00 00  ................ [zeros]
00003EB0:  00 00 00 00 00 00 00 00 00 00 00 00 00 00 00 00  ................ [zeros]
00003EC0:  00 00 00 00 00 00 00 00 00 00 00 00 00 00 00 00  ................ [zeros]
00003ED0:  00 00 00 00 00 00 00 00 00 00 00 00 00 00 00 00  ................ [zeros]
00003EE0:  00 00 00 00 00 00 00 00 00 00 00 00 00 00 00 00  ................ [zeros]
00003EF0:  00 00 00 00 00 00 00 00 00 00 00 00 00 00 00 00  ................ [zeros]
00003F00:  00 00 00 00 00 00 00 00 00 00 00 00 00 00 00 00  ................ [zeros]
00003F10:  00 00 00 00 00 00 17 6A C4 8D 31 40 48 82 4A 61  .......j..1@H.Ja
00003F20:  7C 16 FC 41 2C 9B 89 FB 39 03 1A B5 9F AC 9D 1A  |..A,...9.......
00003F30:  A7 52 66 AA CD 21 36 44 8E 81 3C 52 B5 EA D6 20  .Rf..!6D..<R... 
00003F40:  80 95 B9 F0 3C 11 75 A7 74 9A 0F 33 A1 5F 9D 14  ....<.u.t..3._..
00003F50:  BC 13 B4 0A 20 9B 00 00 00 00 00 00 00 00 00 00  .... ...........
00003F60:  00 00 00 00 00 00 00 00 00 00 00 00 00 00 00 00  ................ [zeros]
00003F70:  00 00 00 00 00 00 00 00 00 00 00 00 00 00 00 00  ................ [zeros]
00003F80:  00 00 00 00 00 00 68 2A 97 49 FD B5 D9 EE 5B C3  ......h*.I....[.
00003F90:  92 97 C9 9C AE AE 4F 18 B4 0E 63 2D 09 61 B9 4C  ......O...c-.a.L
00003FA0:  67 D9 24 49 65 2B C8 95 5B F8 89 2D 19 D0 36 3A  g.$Ie+..[..-..6:
00003FB0:  99 95 9B 78 A7 13 B7 0A F6 17 19 43 99 FD BB EA  ...x.......C....
00003FC0:  B7 A2 7E 45 ED 6E E9 42 BF D0 B9 5D AA A0 67 4E  ..~E.n.B...]..gN
00003FD0:  76 79 37 F6 B9 D1 90 64 9F 7D A1 4E 6E 7A 3C BB  vy7....d.}.Nnz<.
00003FE0:  C5 48 EF FB 19 1E 88 70 E0 59 FD 36 87 3A 84 5D  .H.....p.Y.6.:.]
00003FF0:  37 EE 80 F2 0E D1 D8 90 92 07 4E D2 F1 81 2F A8  7.........N.../.
00004000:  2C BF 47 BB 9C C2 9D 56 2A 5C 17 AD F0 38 0E 01  ,.G....V*\...8..
00004010:  7B 32 DF E3 FC 6C 1B 5D D4 D9 86 D0 E6 76 ED C4  {2...l.].....v..
00004020:  66 F5 B3 EC 48 5A 00 00 00 00 00 00 00 00 00 00  f...HZ..........
00004030:  00 00 00 00 00 00 00 00 00 00 00 00 00 00 00 00  ................ [zeros]
00004040:  00 00 00 00 00 00 00 00 00 00 00 00 00 00 00 00  ................ [zeros]
00004050:  00 00 00 00 00 00 00 00 00 00 00 00 00 00 00 00  ................ [zeros]
00004060:  00 00 00 00 00 00 00 00 00 00 00 00 00 00 00 00  ................ [zeros]
00004070:  00 00 00 00 00 00 00 00 00 00 00 00 00 00 00 00  ................ [zeros]
00004080:  00 00 00 00 00 00 00 00 00 00 00 00 00 00 00 00  ................ [zeros]
00004090:  00 00 00 00 00 00 00 00 00 00 00 00 00 00 00 00  ................ [zeros]
000040A0:  00 00 00 00 00 00 00 00 00 00 00 00 00 00 00 00  ................ [zeros]
000040B0:  00 00 00 00 00 00 00 00 00 00 00 00 00 00 00 00  ................ [zeros]
000040C0:  00 00 00 00 00 00 00 00 00 00 00 00 00 00 00 00  ................ [zeros]
000040D0:  00 00 00 00 00 00 AC 20 F2 F4 56 9B FA 1B 10 20  ....... ..V.... 
000040E0:  EE 4D 97 EF 15 28 11 68 E9 27 74 5C C4 99 0E CC  .M...(.h.'t\....
000040F0:  A3 06 8C 96 0E C7 96 82 71 40 BD 72 67 41 91 DE  ........q@.rgA..
00004100:  35 A9 97 98 40 8F 00 00 00 00 00 00 00 00 00 00  5...@...........
00004110:  00 00 00 00 00 00 00 00 00 00 00 00 00 00 00 00  ................ [zeros]
00004120:  00 00 00 00 00 00 00 00 00 00 00 00 00 00 00 00  ................ [zeros]
00004130:  00 00 00 00 00 00 00 00 00 00 00 00 00 00 00 00  ................ [zeros]
00004140:  00 00 00 00 00 00 00 00 00 00 00 00 00 00 00 00  ................ [zeros]
00004150:  00 00 00 00 00 00 00 00 00 00 00 00 00 00 00 00  ................ [zeros]
00004160:  00 00 00 00 00 00 00 00 00 00 00 00 00 00 00 00  ................ [zeros]
00004170:  00 00 00 00 00 00 00 00 00 00 00 00 00 00 00 00  ................ [zeros]
00004180:  00 00 00 00 00 00 00 00 00 00 00 00 00 00 00 00  ................ [zeros]
00004190:  00 00 00 00 00 00 00 00 00 00 00 00 00 00 00 00  ................ [zeros]
000041A0:  00 00 00 00 00 00 00 00 00 00 00 00 00 00 00 00  ................ [zeros]
000041B0:  00 00 00 00 00 00 00 00 00 00 00 00 00 00 00 00  ................ [zeros]
000041C0:  00 00 00 00 00 00 00 00 00 00 00 00 00 00 00 00  ................ [zeros]
000041D0:  00 00 00 00 00 00 00 00 00 00 00 00 00 00 00 00  ................ [zeros]
000041E0:  00 00 00 00 00 00 00 00 00 00 00 00 00 00 00 00  ................ [zeros]
000041F0:  00 00 00 00 00 00 00 00 00 00 00 00 00 00 00 00  ................ [zeros]
00004200:  00 00 00 00 00 00 68 1A B6 5A C0 AA 6B 68 94 01  ......h..Z..kh..
00004210:  C5 22 03 20 A8 0A 21 67 A4 55 8F CF FC 69 F3 26  .". ..!g.U...i.&
00004220:  C3 65 B6 C0 37 7E 3B E3 33 4C 65 01 B4 7D 42 5B  .e..7~;.3Le..}B[
00004230:  6F 6B FA 97 68 45 00 00 00 00 00 00 00 00 00 00  ok..hE..........
00004240:  00 00 00 00 00 00 00 00 00 00 00 00 00 00 00 00  ................ [zeros]
00004250:  00 00 00 00 00 00 00 00 00 00 00 00 00 00 00 00  ................ [zeros]
00004260:  00 00 00 00 00 00 00 00 00 00 00 00 00 00 00 00  ................ [zeros]
00004270:  00 00 00 00 00 00 00 00 00 00 00 00 00 00 00 00  ................ [zeros]
00004280:  00 00 00 00 00 00 00 00 00 00 00 00 00 00 00 00  ................ [zeros]
00004290:  00 00 00 00 00 00 00 00 00 00 00 00 00 00 00 00  ................ [zeros]
000042A0:  00 00 00 00 00 00 00 00 00 00 00 00 00 00 00 00  ................ [zeros]
000042B0:  00 00 00 00 00 00 00 00 00 00 00 00 00 00 00 00  ................ [zeros]
000042C0:  00 00 00 00 00 00 00 00 00 00 00 00 00 00 00 00  ................ [zeros]
000042D0:  00 00 00 00 00 00 00 00 00 00 00 00 00 00 00 00  ................ [zeros]
000042E0:  00 00 00 00 00 00 00 00 00 00 00 00 00 00 00 00  ................ [zeros]
000042F0:  00 00 00 00 00 00 00 00 00 00 00 00 00 00 00 00  ................ [zeros]
00004300:  00 00 00 00 00 00 00 00 00 00 00 00 00 00 00 00  ................ [zeros]
00004310:  00 00 00 00 00 00 00 00 00 00 00 00 00 00 00 00  ................ [zeros]
00004320:  00 00 00 00 00 00 00 00 00 00 00 00 00 00 00 00  ................ [zeros]
00004330:  00 00 00 00 00 00 00 00 00 00 00 00 00 00 00 00  ................ [zeros]
00004340:  00 00 00 00 00 00 00 00 00 00 00 00 00 00 00 00  ................ [zeros]
00004350:  00 00 00 00 00 00 00 00 00 00 00 00 00 00 00 00  ................ [zeros]
00004360:  00 00 00 00 00 00 00 00 00 00 00 00 00 00 00 00  ................ [zeros]
00004370:  00 00 00 00 00 00 00 00 00 00 00 00 00 00 00 00  ................ [zeros]
00004380:  00 00 00 00 00 00 00 00 00 00 00 00 00 00 00 00  ................ [zeros]
00004390:  00 00 00 00 00 00 00 00 00 00 00 00 00 00 00 00  ................ [zeros]
000043A0:  00 00 00 00 00 00 00 00 00 00 00 00 00 00 00 00  ................ [zeros]
000043B0:  00 00 00 00 00 00 6B 39 7D 2F D4 4D 02 CF 5F 1C  ......k9}/.M.._.
000043C0:  E7 14 19 AE 9C 79 48 A0 A2 35 75 53 BF F2 66 D2  .....yH..5uS..f.
000043D0:  C4 E3 DD 36 CE 9F 02 4C 5D AD A8 5B 45 D0 86 C1  ...6...L]..[E...
000043E0:  69 66 5D BB FC 78 02 2F 69 83 48 0A E5 E1 CC C3  if]..x./i.H.....
000043F0:  C4 B6 E9 DF 9D 6E 2B 29 05 1E AB FB D0 8C 7C 30  .....n+)......|0
00004400:  F2 B5 34 88 02 12 00 00 00 00 00 00 00 00 00 00  ..4.............
00004410:  00 00 00 00 00 00 E8 54 0F E5 55 36 12 E3 B6 A5  .......T..U6....
00004420:  89 FB 10 37 9C 80 56 C4 4E 01 62 0C 8F 16 94 4A  ...7..V.N.b....J
00004430:  A9 68 F5 09 45 1B BF 53 2E 59 EB 1E C7 1B 19 F1  .h..E..S.Y......
00004440:  AD 7D F9 C0 F8 D5 02 2F 69 83 48 0A E5 E1 CC C3  .}...../i.H.....
00004450:  C4 B6 E9 DF 9D 6E 47 16 AF 23 EA B9 EF 55 71 49  .....nG..#...UqI
00004460:  6F 92 C9 54 AE DB 5A CB D7 E4 0E 43 86 92 50 B7  o..T..Z....C..P.
00004470:  BA F9 5B 27 9F FB CA 88 48 00 C8 48 AD 0F 00 9C  ..['....H..H....
00004480:  4A 5C 2B D1 94 B1 00 00 00 00 00 00 00 00 00 00  J\+.............
00004490:  00 00 00 00 00 00 00 00 00 00 00 00 00 00 00 00  ................ [zeros]
000044A0:  00 00 00 00 00 00 00 00 00 00 00 00 00 00 00 00  ................ [zeros]
000044B0:  00 00 00 00 00 00 00 00 00 00 00 00 00 00 00 00  ................ [zeros]
000044C0:  00 00 00 00 00 00 00 00 00 00 00 00 00 00 00 00  ................ [zeros]
000044D0:  00 00 00 00 00 00 00 00 00 00 00 00 00 00 00 00  ................ [zeros]
000044E0:  00 00 00 00 00 00 00 00 00 00 00 00 00 00 00 00  ................ [zeros]
000044F0:  00 00 00 00 00 00 00 00 00 00 00 00 00 00 00 00  ................ [zeros]
00004500:  00 00 00 00 00 00 00 00 00 00 00 00 00 00 00 00  ................ [zeros]
00004510:  00 00 00 00 00 00 00 00 00 00 00 00 00 00 00 00  ................ [zeros]
00004520:  00 00 00 00 00 00 00 00 00 00 00 00 00 00 00 00  ................ [zeros]
00004530:  00 00 00 00 00 00 00 00 00 00 00 00 00 00 00 00  ................ [zeros]
00004540:  00 00 00 00 00 00 00 00 00 00 00 00 00 00 00 00  ................ [zeros]
00004550:  00 00 00 00 00 00 00 00 00 00 00 00 00 00 00 00  ................ [zeros]
00004560:  00 00 00 00 00 00 00 00 00 00 00 00 00 00 00 00  ................ [zeros]
00004570:  00 00 00 00 00 00 00 00 00 00 00 00 00 00 00 00  ................ [zeros]
00004580:  00 00 00 00 00 00 00 00 00 00 00 00 00 00 00 00  ................ [zeros]
00004590:  00 00 00 00 00 00 00 00 00 00 00 00 00 00 00 00  ................ [zeros]
000045A0:  00 00 00 00 00 00 00 00 00 00 00 00 00 00 00 00  ................ [zeros]
000045B0:  00 00 00 00 00 00 00 00 00 00 00 00 00 00 00 00  ................ [zeros]
000045C0:  00 00 00 00 00 00 00 00 00 00 00 00 00 00 00 00  ................ [zeros]
000045D0:  00 00 00 00 00 00 00 00 00 00 00 00 00 00 00 00  ................ [zeros]
000045E0:  00 00 00 00 00 00 00 00 00 00 00 00 00 00 00 00  ................ [zeros]
000045F0:  00 00 00 00 00 00 00 00 00 00 00 00 00 00 00 00  ................ [zeros]
00004600:  00 00 00 00 00 00 00 00 00 00 00 00 00 00 00 00  ................ [zeros]
00004610:  00 00 00 00 00 00 00 00 00 00 00 00 00 00 00 00  ................ [zeros]
00004620:  00 00 00 00 00 00 00 00 00 00 00 00 00 00 00 00  ................ [zeros]
00004630:  00 00 00 00 00 00 00 00 00 00 00 00 00 00 00 00  ................ [zeros]
00004640:  00 00 00 00 00 00 00 00 00 00 00 00 00 00 00 00  ................ [zeros]
00004650:  00 00 00 00 00 00 00 00 00 00 00 00 00 00 00 00  ................ [zeros]
00004660:  00 00 00 00 00 00 00 00 00 00 00 00 00 00 00 00  ................ [zeros]
00004670:  00 00 00 00 00 00 00 00 00 00 00 00 00 00 00 00  ................ [zeros]
00004680:  00 00 00 00 00 00 00 00 00 00 00 00 00 00 00 00  ................ [zeros]
00004690:  00 00 00 00 00 00 00 00 00 00 00 00 00 00 00 00  ................ [zeros]
000046A0:  00 00 00 00 00 00 00 00 00 00 00 00 00 00 00 00  ................ [zeros]
000046B0:  00 00 00 00 00 00 00 00 00 00 00 00 00 00 00 00  ................ [zeros]
000046C0:  00 00 00 00 00 00 00 00 00 00 00 00 00 00 00 00  ................ [zeros]
000046D0:  00 00 00 00 00 00 00 00 00 00 00 00 00 00 00 00  ................ [zeros]
000046E0:  00 00 00 00 00 00 00 00 00 00 00 00 00 00 00 00  ................ [zeros]
000046F0:  00 00 00 00 00 00 00 00 00 00 00 00 00 00 00 00  ................ [zeros]
00004700:  00 00 00 00 00 00 00 00 00 00 00 00 00 00 00 00  ................ [zeros]
00004710:  00 00 00 00 00 00 00 00 00 00 00 00 00 00 00 00  ................ [zeros]
00004720:  00 00 00 00 00 00 00 00 00 00 00 00 00 00 00 00  ................ [zeros]
00004730:  00 00 00 00 00 00 00 00 00 00 00 00 00 00 00 00  ................ [zeros]
00004740:  00 00 00 00 00 00 00 00 00 00 00 00 00 00 00 00  ................ [zeros]
00004750:  00 00 00 00 00 00 00 00 00 00 00 00 00 00 00 00  ................ [zeros]
00004760:  00 00 00 00 00 00 00 00 00 00 00 00 00 00 00 00  ................ [zeros]
00004770:  00 00 00 00 00 00 00 00 00 00 00 00 00 00 00 00  ................ [zeros]
00004780:  00 00 00 00 00 00 00 00 00 00 00 00 00 00 00 00  ................ [zeros]
00004790:  00 00 00 00 00 00 00 00 00 00 00 00 00 00 00 00  ................ [zeros]
000047A0:  00 00 00 00 00 00 00 00 00 00 00 00 00 00 00 00  ................ [zeros]
000047B0:  00 00 00 00 00 00 00 00 00 00 00 00 00 00 00 00  ................ [zeros]
000047C0:  00 00 00 00 00 00 00 00 00 00 00 00 00 00 00 00  ................ [zeros]
000047D0:  00 00 00 00 00 00 00 00 00 00 00 00 00 00 00 00  ................ [zeros]
000047E0:  00 00 00 00 00 00 00 00 00 00 00 00 00 00 00 00  ................ [zeros]
000047F0:  00 00 00 00 00 00 00 00 00 00 00 00 00 00 00 00  ................ [zeros]
00004800:  00 00 00 00 00 00 00 00 00 00 00 00 00 00 00 00  ................ [zeros]
00004810:  00 00 00 00 00 00 00 00 00 00 00 00 00 00 00 00  ................ [zeros]
00004820:  00 00 00 00 00 00 00 00 00 00 00 00 00 00 00 00  ................ [zeros]
00004830:  00 00 00 00 00 00 00 00 00 00 00 00 00 00 00 00  ................ [zeros]
00004840:  00 00 00 00 00 00 00 00 00 00 00 00 00 00 00 00  ................ [zeros]
00004850:  00 00 00 00 00 00 00 00 00 00 00 00 00 00 00 00  ................ [zeros]
00004860:  00 00 00 00 00 00 00 00 00 00 00 00 00 00 00 00  ................ [zeros]
00004870:  00 00 00 00 00 00 00 00 00 00 00 00 00 00 00 00  ................ [zeros]
00004880:  00 00 00 00 00 00 00 00 00 00 00 00 00 00 00 00  ................ [zeros]
00004890:  00 00 00 00 00 00 00 00 00 00 00 00 00 00 00 00  ................ [zeros]
000048A0:  00 00 00 00 00 00 00 00 00 00 00 00 00 00 00 00  ................ [zeros]
000048B0:  00 00 00 00 00 00 00 00 00 00 00 00 00 00 00 00  ................ [zeros]
000048C0:  00 00 00 00 00 00 00 00 00 00 00 00 00 00 00 00  ................ [zeros]
000048D0:  00 00 00 00 00 00 00 00 00 00 00 00 00 00 00 00  ................ [zeros]
000048E0:  00 00 00 00 00 00 00 00 00 00 00 00 00 00 00 00  ................ [zeros]
000048F0:  00 00 00 00 00 00 00 00 00 00 00 00 00 00 00 00  ................ [zeros]
00004900:  00 00 00 00 00 00 00 00 00 00 00 00 00 00 00 00  ................ [zeros]
00004910:  00 00 00 00 00 00 00 00 00 00 00 00 00 00 00 00  ................ [zeros]
00004920:  00 00 00 00 00 00 00 00 00 00 00 00 00 00 00 00  ................ [zeros]
00004930:  00 00 00 00 00 00 00 00 00 00 00 00 00 00 00 00  ................ [zeros]
00004940:  00 00 00 00 00 00 00 00 00 00 00 00 00 00 00 00  ................ [zeros]
00004950:  00 00 00 00 00 00 00 00 00 00 00 00 00 00 00 00  ................ [zeros]
00004960:  00 00 00 00 00 00 00 00 00 00 00 00 00 00 00 00  ................ [zeros]
00004970:  00 00 00 00 00 00 00 00 00 00 00 00 00 00 00 00  ................ [zeros]
00004980:  00 00 00 00 00 00 00 00 00 00 00 00 00 00 00 00  ................ [zeros]
00004990:  00 00 00 00 00 00 00 00 00 00 00 00 00 00 00 00  ................ [zeros]
000049A0:  00 00 00 00 00 00 00 00 00 00 00 00 00 00 00 00  ................ [zeros]
000049B0:  00 00 00 00 00 00 00 00 00 00 00 00 00 00 00 00  ................ [zeros]
000049C0:  00 00 00 00 00 00 00 00 00 00 00 00 00 00 00 00  ................ [zeros]
000049D0:  00 00 00 00 00 00 00 00 00 00 00 00 00 00 00 00  ................ [zeros]
000049E0:  00 00 00 00 00 00 00 00 00 00 00 00 00 00 00 00  ................ [zeros]
000049F0:  00 00 00 00 00 00 00 00 00 00 00 00 00 00 00 00  ................ [zeros]
00004A00:  00 00 00 00 00 00 00 00 00 00 00 00 00 00 00 00  ................ [zeros]
00004A10:  00 00 00 00 00 00 00 00 00 00 00 00 00 00 00 00  ................ [zeros]
00004A20:  00 00 00 00 00 00 00 00 00 00 00 00 00 00 00 00  ................ [zeros]
00004A30:  00 00 00 00 00 00 00 00 00 00 00 00 00 00 00 00  ................ [zeros]
00004A40:  00 00 00 00 00 00 00 00 00 00 00 00 00 00 00 00  ................ [zeros]
00004A50:  00 00 00 00 00 00 00 00 00 00 00 00 00 00 00 00  ................ [zeros]
00004A60:  00 00 00 00 00 00 00 00 00 00 00 00 00 00 00 00  ................ [zeros]
00004A70:  00 00 00 00 00 00 00 00 00 00 00 00 00 00 00 00  ................ [zeros]
00004A80:  00 00 00 00 00 00 C4 51 09 1A D9 BD A8 3B 1C 2F  .......Q.....;./
00004A90:  14 38 A1 12 60 57 B2 68 7D 3F 8B 05 06 48 3C 60  .8..`W.h}?...H<`
00004AA0:  BB 64 AD A8 11 AD A6 9F B1 6E F4 0B 6D 6B 05 1F  .d.......n..mk..
00004AB0:  49 8C D6 DA 1F 49 06 5A 3C 8B 62 F8 A3 CB F8 D5  I....I.Z<.b.....
00004AC0:  46 7D CC 9B 9B B3 06 5A 3C 8B 62 F8 A3 CB F8 D5  F}.....Z<.b.....
00004AD0:  46 7D CC 9B 9B B3 06 5A 3C 8B 62 F8 A3 CB F8 D5  F}.....Z<.b.....
00004AE0:  46 7D CC 9B 9B B3 06 5A 3C 8B 62 F8 A3 CB F8 D5  F}.....Z<.b.....
00004AF0:  46 7D CC 9B 9B B3 06 5A 3C 8B 62 F8 A3 CB F8 D5  F}.....Z<.b.....
00004B00:  46 7D CC 9B 9B B3 06 5A 3C 8B 62 F8 A3 CB F8 D5  F}.....Z<.b.....
00004B10:  46 7D CC 9B 9B B3 06 5A 3C 8B 62 F8 A3 CB F8 D5  F}.....Z<.b.....
00004B20:  46 7D CC 9B 9B B3 06 5A 3C 8B 62 F8 A3 CB F8 D5  F}.....Z<.b.....
00004B30:  46 7D CC 9B 9B B3 06 5A 3C 8B 62 F8 A3 CB F8 D5  F}.....Z<.b.....
00004B40:  46 7D CC 9B 9B B3 06 5A 3C 8B 62 F8 A3 CB F8 D5  F}.....Z<.b.....
00004B50:  46 7D CC 9B 9B B3 06 5A 3C 8B 62 F8 A3 CB F8 D5  F}.....Z<.b.....
00004B60:  46 7D CC 9B 9B B3 06 5A 3C 8B 62 F8 A3 CB F8 D5  F}.....Z<.b.....
00004B70:  46 7D CC 9B 9B B3 06 5A 3C 8B 62 F8 A3 CB F8 D5  F}.....Z<.b.....
00004B80:  46 7D CC 9B 9B B3 06 5A 3C 8B 62 F8 A3 CB F8 D5  F}.....Z<.b.....
00004B90:  46 7D CC 9B 9B B3 BB A3 6A 77 72 D1 99 D8 F9 8E  F}......jwr.....
00004BA0:  C7 7E 1A 4D F7 C3 6F EE 93 F6 13 03 9F 18 06 AA  .~.M..o.........
00004BB0:  27 28 21 16 27 B7 00 00 00 00 00 00 00 00 00 00  '(!.'...........
00004BC0:  00 00 00 00 00 00 00 00 00 00 00 00 00 00 00 00  ................ [zeros]
00004BD0:  00 00 00 00 00 00 00 00 00 00 00 00 00 00 00 00  ................ [zeros]
00004BE0:  00 00 00 00 00 00 00 00 00 00 00 00 00 00 00 00  ................ [zeros]
00004BF0:  00 00 00 00 00 00 00 00 00 00 00 00 00 00 00 00  ................ [zeros]
00004C00:  00 00 00 00 00 00 00 00 00 00 00 00 00 00 00 00  ................ [zeros]
00004C10:  00 00 00 00 00 00 00 00 00 00 00 00 00 00 00 00  ................ [zeros]
00004C20:  00 00 00 00 00 00 00 00 00 00 00 00 00 00 00 00  ................ [zeros]
00004C30:  00 00 00 00 00 00 00 00 00 00 00 00 00 00 00 00  ................ [zeros]
00004C40:  00 00 00 00 00 00 00 00 00 00 00 00 00 00 00 00  ................ [zeros]
00004C50:  00 00 00 00 00 00 00 00 00 00 00 00 00 00 00 00  ................ [zeros]
00004C60:  00 00 00 00 00 00 00 00 00 00 00 00 00 00 00 00  ................ [zeros]
00004C70:  00 00 00 00 00 00 00 00 00 00 00 00 00 00 00 00  ................ [zeros]
00004C80:  00 00 00 00 00 00 00 00 00 00 00 00 00 00 00 00  ................ [zeros]
00004C90:  00 00 00 00 00 00 00 00 00 00 00 00 00 00 00 00  ................ [zeros]
00004CA0:  00 00 00 00 00 00 00 00 00 00 00 00 00 00 00 00  ................ [zeros]
00004CB0:  00 00 00 00 00 00 0C 4C 54 24 F1 DE 06 D6 15 47  .......LT$.....G
00004CC0:  E6 32 63 FC AD 1C 06 5A 3C 8B 62 F8 A3 CB F8 D5  .2c....Z<.b.....
00004CD0:  46 7D CC 9B 9B B3 06 5A 3C 8B 62 F8 A3 CB F8 D5  F}.....Z<.b.....
00004CE0:  46 7D CC 9B 9B B3 06 5A 3C 8B 62 F8 A3 CB F8 D5  F}.....Z<.b.....
00004CF0:  46 7D CC 9B 9B B3 06 5A 3C 8B 62 F8 A3 CB F8 D5  F}.....Z<.b.....
00004D00:  46 7D CC 9B 9B B3 06 5A 3C 8B 62 F8 A3 CB F8 D5  F}.....Z<.b.....
00004D10:  46 7D CC 9B 9B B3 06 5A 3C 8B 62 F8 A3 CB F8 D5  F}.....Z<.b.....
00004D20:  46 7D CC 9B 9B B3 06 5A 3C 8B 62 F8 A3 CB F8 D5  F}.....Z<.b.....
00004D30:  46 7D CC 9B 9B B3 06 5A 3C 8B 62 F8 A3 CB F8 D5  F}.....Z<.b.....
00004D40:  46 7D CC 9B 9B B3 06 5A 3C 8B 62 F8 A3 CB F8 D5  F}.....Z<.b.....
00004D50:  46 7D CC 9B 9B B3 06 5A 3C 8B 62 F8 A3 CB F8 D5  F}.....Z<.b.....
00004D60:  46 7D CC 9B 9B B3 06 5A 3C 8B 62 F8 A3 CB F8 D5  F}.....Z<.b.....
00004D70:  46 7D CC 9B 9B B3 06 5A 3C 8B 62 F8 A3 CB F8 D5  F}.....Z<.b.....
00004D80:  46 7D CC 9B 9B B3 06 5A 3C 8B 62 F8 A3 CB F8 D5  F}.....Z<.b.....
00004D90:  46 7D CC 9B 9B B3 06 5A 3C 8B 62 F8 A3 CB F8 D5  F}.....Z<.b.....
00004DA0:  46 7D CC 9B 9B B3 06 5A 3C 8B 62 F8 A3 CB F8 D5  F}.....Z<.b.....
00004DB0:  46 7D CC 9B 9B B3 0E FB 49 04 46 01 DB 98 BD 5D  F}......I.F....]
00004DC0:  D5 95 68 A0 A0 BF 06 5A 3C 8B 62 F8 A3 CB F8 D5  ..h....Z<.b.....
00004DD0:  46 7D CC 9B 9B B3 06 5A 3C 8B 62 F8 A3 CB F8 D5  F}.....Z<.b.....
00004DE0:  46 7D CC 9B 9B B3 06 5A 3C 8B 62 F8 A3 CB F8 D5  F}.....Z<.b.....
00004DF0:  46 7D CC 9B 9B B3 06 5A 3C 8B 62 F8 A3 CB F8 D5  F}.....Z<.b.....
00004E00:  46 7D CC 9B 9B B3 06 5A 3C 8B 62 F8 A3 CB F8 D5  F}.....Z<.b.....
00004E10:  46 7D CC 9B 9B B3 06 5A 3C 8B 62 F8 A3 CB F8 D5  F}.....Z<.b.....
00004E20:  46 7D CC 9B 9B B3 06 5A 3C 8B 62 F8 A3 CB F8 D5  F}.....Z<.b.....
00004E30:  46 7D CC 9B 9B B3 06 5A 3C 8B 62 F8 A3 CB F8 D5  F}.....Z<.b.....
00004E40:  46 7D CC 9B 9B B3 06 5A 3C 8B 62 F8 A3 CB F8 D5  F}.....Z<.b.....
00004E50:  46 7D CC 9B 9B B3 06 5A 3C 8B 62 F8 A3 CB F8 D5  F}.....Z<.b.....
00004E60:  46 7D CC 9B 9B B3 06 5A 3C 8B 62 F8 A3 CB F8 D5  F}.....Z<.b.....
00004E70:  46 7D CC 9B 9B B3 06 5A 3C 8B 62 F8 A3 CB F8 D5  F}.....Z<.b.....
00004E80:  46 7D CC 9B 9B B3 06 5A 3C 8B 62 F8 A3 CB F8 D5  F}.....Z<.b.....
00004E90:  46 7D CC 9B 9B B3 06 5A 3C 8B 62 F8 A3 CB F8 D5  F}.....Z<.b.....
00004EA0:  46 7D CC 9B 9B B3 06 5A 3C 8B 62 F8 A3 CB F8 D5  F}.....Z<.b.....
00004EB0:  46 7D CC 9B 9B B3 BD 48 5F BB D0 28 63 9A 9B CE  F}.....H_..(c...
00004EC0:  F7 79 0D 43 73 80 00 00 00 00 00 00 00 00 00 00  .y.Cs...........
00004ED0:  00 00 00 00 00 00 00 00 00 00 00 00 00 00 00 00  ................ [zeros]
00004EE0:  00 00 00 00 00 00 00 00 00 00 00 00 00 00 00 00  ................ [zeros]
00004EF0:  00 00 00 00 00 00 00 00 00 00 00 00 00 00 00 00  ................ [zeros]
00004F00:  00 00 00 00 00 00 80 D9 97 5A 02 A1 64 1D 6D FB  .........Z..d.m.
00004F10:  44 B5 AD 3D 5E F1 D9 BA 75 C6 6C 0E 10 42 38 82  D..=^...u.l..B8.
00004F20:  DB 7A C8 E5 E2 5D AF 1F 77 A1 30 23 34 2A F9 6D  .z...]..w.0#4*.m
00004F30:  EE 18 66 B3 15 B3 8C 84 55 8D C0 30 26 81 0A BC  ..f.....U..0&...
00004F40:  8E 25 91 F9 D6 CD D1 35 C2 34 3A 9A 6B CD 05 6D  .%.....5.4:.k..m
00004F50:  00 9C B5 61 29 14 7A C7 36 F2 84 C2 7B E4 99 7A  ...a).z.6...{..z
00004F60:  B2 9B EE 2C 68 AB 03 AA 05 27 61 C1 BB A6 E2 47  ...,h....'a....G
00004F70:  B1 36 C1 4F EC 88 37 2F 0D F3 95 63 E1 8D 45 55  .6.O..7/...c..EU
00004F80:  83 93 85 D0 F2 87 D9 69 BC FB F2 81 F1 D6 35 5E  .......i......5^
00004F90:  DD 43 BB 7F 84 FD 00 00 00 00 00 00 00 00 00 00  .C..............
00004FA0:  00 00 00 00 00 00 00 00 00 00 00 00 00 00 00 00  ................ [zeros]
00004FB0:  00 00 00 00 00 00 00 00 00 00 00 00 00 00 00 00  ................ [zeros]
00004FC0:  00 00 00 00 00 00 00 00 00 00 00 00 00 00 00 00  ................ [zeros]
00004FD0:  00 00 00 00 00 00 00 00 00 00 00 00 00 00 00 00  ................ [zeros]
00004FE0:  00 00 00 00 00 00 00 00 00 00 00 00 00 00 00 00  ................ [zeros]
00004FF0:  00 00 00 00 00 00 00 00 00 00 00 00 00 00 00 00  ................ [zeros]
00005000:  00 00 00 00 00 00 00 00 00 00 00 00 00 00 00 00  ................ [zeros]
00005010:  00 00 00 00 00 00 00 00 00 00 00 00 00 00 00 00  ................ [zeros]
00005020:  00 00 00 00 00 00 00 00 00 00 00 00 00 00 00 00  ................ [zeros]
00005030:  00 00 00 00 00 00 00 00 00 00 00 00 00 00 00 00  ................ [zeros]
00005040:  00 00 00 00 00 00 AC 20 F2 F4 56 9B FA 1B 10 20  ....... ..V.... 
00005050:  EE 4D 97 EF 15 28 00 00 00 00 00 00 00 00 00 00  .M...(..........
00005060:  00 00 00 00 00 00 6C 56 33 1F 0D 9B C0 EC CA EB  ......lV3.......
00005070:  A9 DA D2 9B 97 02 A3 45 C5 A7 39 FB 38 73 2C 3B  .......E..9.8s,;
00005080:  F1 8F AC 52 8C 4B B0 70 E8 46 7F F2 6F 65 21 E8  ...R.K.p.F..oe!.
00005090:  5D CE 17 5B 6A C5 AB 94 86 2F 91 E0 01 23 6D 4E  ]..[j..../...#mN
000050A0:  A8 3A 06 89 92 30 0C 1F 0A 40 52 42 A8 86 FC 55  .:...0...@RB...U
000050B0:  F2 E3 9E 92 77 33 BC 21 00 DA 3F 94 D7 C7 74 04  ....w3.!..?...t.
000050C0:  73 20 BD 87 E2 E5 F4 F4 AC 84 B0 DA F3 DE 50 89  s ............P.
000050D0:  2E 99 53 7B B4 54 DE F0 DC B8 06 C2 34 9E 3D D1  ..S{.T......4.=.
000050E0:  F9 12 32 F5 26 04 00 00 00 00 00 00 00 00 00 00  ..2.&...........
000050F0:  00 00 00 00 00 00 00 00 00 00 00 00 00 00 00 00  ................ [zeros]
00005100:  00 00 00 00 00 00 EA 7E 8D E5 64 59 1E F4 10 42  .......~..dY...B
00005110:  87 77 99 AA 60 8C 1E 17 FC AA 57 DD DA DA 07 90  .w..`.....W.....
00005120:  E5 06 18 5B A7 C6 BE A8 86 2A 06 9D 05 40 CC 3C  ...[.....*...@.<
00005130:  6F 86 ED C1 10 E5 49 D5 6F C9 28 6E 32 48 4B 67  o.....I.o.(n2HKg
00005140:  0B 13 46 D0 3E 7B D9 D2 BB 09 E0 4B FD 61 00 C5  ..F.>{.....K.a..
00005150:  EE DA 86 17 5F F9 11 B9 FB 4C 9F C7 8F FB 65 27  ...._....L....e'
00005160:  34 15 C7 51 69 21 4B 1D 69 95 86 11 EA 85 02 71  4..Qi!K.i......q
00005170:  45 C3 93 82 81 91 00 00 00 00 00 00 00 00 00 00  E...............
00005180:  00 00 00 00 00 00 B5 D5 F9 22 97 61 59 71 66 3D  .........".aYqf=
00005190:  57 99 0D E6 45 6F 98 EB 28 37 14 08 24 AF 2C F6  W...Eo..(7..$.,.
000051A0:  9F 3F E7 05 D9 27 B3 4E F3 EA 6E DD 11 29 F5 48  .?...'.N..n..).H
000051B0:  31 CD C4 D8 3A D6 BE A8 86 2A 06 9D 05 40 CC 3C  1...:....*...@.<
000051C0:  6F 86 ED C1 10 E5 00 00 00 00 00 00 00 00 00 00  o...............
000051D0:  00 00 00 00 00 00 00 00 00 00 00 00 00 00 00 00  ................ [zeros]
000051E0:  00 00 00 00 00 00 00 00 00 00 00 00 00 00 00 00  ................ [zeros]
000051F0:  00 00 00 00 00 00 00 00 00 00 00 00 00 00 00 00  ................ [zeros]
00005200:  00 00 00 00 00 00 00 00 00 00 00 00 00 00 00 00  ................ [zeros]
00005210:  00 00 00 00 00 00 00 00 00 00 00 00 00 00 00 00  ................ [zeros]
00005220:  00 00 00 00 00 00 00 00 00 00 00 00 00 00 00 00  ................ [zeros]
00005230:  00 00 00 00 00 00 00 00 00 00 00 00 00 00 00 00  ................ [zeros]
00005240:  00 00 00 00 00 00 00 00 00 00 00 00 00 00 00 00  ................ [zeros]
00005250:  00 00 00 00 00 00 00 00 00 00 00 00 00 00 00 00  ................ [zeros]
00005260:  00 00 00 00 00 00 00 00 00 00 00 00 00 00 00 00  ................ [zeros]
00005270:  00 00 00 00 00 00 00 00 00 00 00 00 00 00 00 00  ................ [zeros]
00005280:  00 00 00 00 00 00 00 00 00 00 00 00 00 00 00 00  ................ [zeros]
00005290:  00 00 00 00 00 00 F7 0D D7 E5 38 A7 4E 30 85 07  ..........8.N0..
000052A0:  44 0F FA 88 CA 2E 8F 94 19 04 D7 51 54 D3 16 6E  D..........QT..n
000052B0:  CD 0F 27 2C FB 1E CD D7 66 CB AF 3D 9D EF 8D 94  ..',....f..=....
000052C0:  8C 55 04 1F FF DE F7 0D D7 E5 38 A7 4E 30 85 07  .U........8.N0..
000052D0:  44 0F FA 88 CA 2E 8F 94 19 04 D7 51 54 D3 16 6E  D..........QT..n
000052E0:  CD 0F 27 2C FB 1E CD D7 66 CB AF 3D 9D EF 8D 94  ..',....f..=....
000052F0:  8C 55 04 1F FF DE F7 0D D7 E5 38 A7 4E 30 85 07  .U........8.N0..
00005300:  44 0F FA 88 CA 2E 12 7E 43 24 70 DC 56 CD 4F C2  D......~C$p.V.O.
00005310:  EB 87 7E 2A 2E B6 78 56 B2 70 56 20 19 70 14 A0  ..~*..xV.pV .p..
00005320:  D5 BD 6B ED B5 A8 BF D2 8D E7 21 89 D3 65 98 B0  ..k.......!..e..
00005330:  23 44 B1 33 93 1F 20 E0 93 48 64 AB 8B F1 D1 78  #D.3.. ..Hd....x
00005340:  90 71 38 EE 87 25 69 AD 95 BE 6B 34 84 3A 52 75  .q8..%i...k4.:Ru
00005350:  BB 8B BA 35 37 6F 93 76 71 83 FD F7 77 23 24 F7  ...57o.vq...w#$.
00005360:  88 EB 07 6F B5 8F 9A 94 20 3F 4D 8D BD AA DA FC  ...o.... ?M.....
00005370:  3C A7 62 0E D8 C5 38 85 36 44 1E ED C2 01 77 C4  <.b...8.6D....w.
00005380:  11 8B DE 7C 3F F1 97 76 FA 8F 00 18 E7 EF 45 EF  ...|?..v......E.
00005390:  16 56 7F F5 C1 E0 EF 00 AE BD 1B 29 01 CB 62 49  .V.........)..bI
000053A0:  64 79 B6 6A 64 23 88 6B D9 93 69 E0 E8 5C 66 C4  dy.jd#.k..i..\f.
000053B0:  76 AC C5 40 E4 58 1B CF 2B 0B 02 88 61 6F 15 B7  v..@.X..+...ao..
000053C0:  62 59 98 16 D6 7E E2 E9 CD BE FF 13 B2 A0 B8 81  bY...~..........
000053D0:  8E 04 FD 19 0B DE 40 F3 47 F7 C2 DF 3F 07 44 EA  ......@.G...?.D.
000053E0:  3A 6A 3A 7A FB 5E B5 D5 F9 22 97 61 59 71 66 3D  :j:z.^...".aYqf=
000053F0:  57 99 0D E6 45 6F D9 D2 BB 09 E0 4B FD 61 00 C5  W...Eo.....K.a..
00005400:  EE DA 86 17 5F F9 00 00 00 00 00 00 00 00 00 00  ...._...........
00005410:  00 00 00 00 00 00 B3 4E F3 EA 6E DD 11 29 F5 48  .......N..n..).H
00005420:  31 CD C4 D8 3A D6 4B 1D 69 95 86 11 EA 85 02 71  1...:.K.i......q
00005430:  45 C3 93 82 81 91 00 00 00 00 00 00 00 00 00 00  E...............
00005440:  00 00 00 00 00 00 49 D5 6F C9 28 6E 32 48 4B 67  ......I.o.(n2HKg
00005450:  0B 13 46 D0 3E 7B 00 00 00 00 00 00 00 00 00 00  ..F.>{..........
00005460:  00 00 00 00 00 00 98 EB 28 37 14 08 24 AF 2C F6  ........(7..$.,.
00005470:  9F 3F E7 05 D9 27 11 B9 FB 4C 9F C7 8F FB 65 27  .?...'...L....e'
00005480:  34 15 C7 51 69 21 00 00 00 00 00 00 00 00 00 00  4..Qi!..........
00005490:  00 00 00 00 00 00 BE A8 86 2A 06 9D 05 40 CC 3C  .........*...@.<
000054A0:  6F 86 ED C1 10 E5 00 00 00 00 00 00 00 00 00 00  o...............
000054B0:  00 00 00 00 00 00 B5 D5 F9 22 97 61 59 71 66 3D  .........".aYqf=
000054C0:  57 99 0D E6 45 6F D9 D2 BB 09 E0 4B FD 61 00 C5  W...Eo.....K.a..
000054D0:  EE DA 86 17 5F F9 00 00 00 00 00 00 00 00 00 00  ...._...........
000054E0:  00 00 00 00 00 00 B3 4E F3 EA 6E DD 11 29 F5 48  .......N..n..).H
000054F0:  31 CD C4 D8 3A D6 4B 1D 69 95 86 11 EA 85 02 71  1...:.K.i......q
00005500:  45 C3 93 82 81 91 00 00 00 00 00 00 00 00 00 00  E...............
00005510:  00 00 00 00 00 00 00 00 00 00 00 00 00 00 00 00  ................ [zeros]
00005520:  00 00 00 00 00 00 00 00 00 00 00 00 00 00 00 00  ................ [zeros]
00005530:  00 00 00 00 00 00 00 00 00 00 00 00 00 00 00 00  ................ [zeros]
00005540:  00 00 00 00 00 00 00 00 00 00 00 00 00 00 00 00  ................ [zeros]
00005550:  00 00 00 00 00 00 00 00 00 00 00 00 00 00 00 00  ................ [zeros]
00005560:  00 00 00 00 00 00 E5 B8 2B B0 F2 E0 74 26 24 75  ........+...t&$u
00005570:  58 9B 02 24 6D F5 F5 B0 4F 14 A4 E0 EF 9F 19 1F  X..$m...O.......
00005580:  2E 5E 7C B0 C1 33 3D BB 5B BC 69 62 DB 4A D0 F6  .^|..3=.[.ib.J..
00005590:  F7 7E 2A 31 FC 6E F5 B0 4F 14 A4 E0 EF 9F 19 1F  .~*1.n..O.......
000055A0:  2E 5E 7C B0 C1 33 95 AE 96 7F E6 AE AF 4C 09 7C  .^|..3.......L.|
000055B0:  B2 B7 FF C6 91 E1 33 8F EA 85 19 FD 7F 5C D0 6B  ......3......\.k
000055C0:  50 25 F2 F5 83 70 1B 8B 61 CC B1 04 D8 C8 92 F4  P%...p..a.......
000055D0:  78 BF 77 FC 88 78 5C 62 D2 5B A4 8F 3E 00 B7 88  x.w..x\b.[..>...
000055E0:  87 22 10 3F C7 24 64 51 1C 14 C6 49 F5 97 3B 87  .".?.$dQ...I..;.
000055F0:  94 1E 48 5E AE E8 00 00 00 00 00 00 00 00 00 00  ..H^............
00005600:  00 00 00 00 00 00 FF 04 F1 1B D4 37 DF BC ED 7F  ...........7....
00005610:  50 6F 2F C2 38 E8 C8 35 12 37 AD F6 2E 6B F3 28  Po/.8..5.7...k.(
00005620:  FB CE 6F 7E A2 77 A3 F8 E1 5F E7 04 41 E5 0A A8  ..o~.w..._..A...
00005630:  05 49 1D B8 54 23 21 2C E0 AA 8A 19 2D DC 01 E9  .I..T#!,....-...
00005640:  70 31 4A 8F DA 05 99 2A 1F 6D 37 51 70 F8 FD A3  p1J....*.m7Qp...
00005650:  F0 23 FD 76 33 D6 AE 82 80 EB D3 74 48 EC 48 35  .#.v3......tH.H5
00005660:  4A 79 1F 58 ED 2B 0A 18 7E AA 34 F6 33 88 EA F4  Jy.X.+..~.4.3...
00005670:  B0 18 53 44 05 65 9F 12 6F BA 13 47 72 13 CA F9  ..SD.e..o..Gr...
00005680:  2F 90 BA 73 8C B3 3A 0B 76 0F 69 82 9E A7 81 C1  /..s..:.v.i.....
00005690:  F4 0A 63 50 88 A3 2E CB 64 8D 1D 57 51 01 66 C1  ..cP....d..WQ.f.
000056A0:  3F 1D 19 66 DA E3 A1 CF 6D 80 C6 F8 44 EE 86 AF  ?..f....m...D...
000056B0:  D5 AD 5F CD 52 54 00 00 00 00 00 00 00 00 00 00  .._.RT..........
000056C0:  00 00 00 00 00 00 00 00 00 00 00 00 00 00 00 00  ................ [zeros]
000056D0:  00 00 00 00 00 00 00 00 00 00 00 00 00 00 00 00  ................ [zeros]
000056E0:  00 00 00 00 00 00 00 00 00 00 00 00 00 00 00 00  ................ [zeros]
000056F0:  00 00 00 00 00 00 00 00 00 00 00 00 00 00 00 00  ................ [zeros]
00005700:  00 00 00 00 00 00 22 47 21 59 9D C3 8E 70 A3 2D  ......"G!Y...p.-
00005710:  F7 B2 13 FA 8E F4 1A 84 D5 69 D3 87 4A 60 09 D1  .........i..J`..
00005720:  54 8D CB 33 A3 1E 04 80 F7 E5 1C DD A6 A4 4A 0A  T..3..........J.
00005730:  D7 C8 6F 06 35 BE 9C 23 AD B6 0D B9 8C 83 A3 E1  ..o.5..#........
00005740:  68 5B D0 E0 C1 A2 10 43 4A E3 08 85 69 91 CA AF  h[.....CJ...i...
00005750:  DA 0D 04 7C EC F8 CB 03 48 ED 0F A8 8B C2 3B E3  ...|....H.....;.
00005760:  62 31 43 8E AF 5A 50 F4 E4 A0 3D 6A 1E 27 FB 7C  b1C..ZP...=j.'.|
00005770:  10 E7 AD B4 33 E0 D7 8A 63 8E 67 2D 22 C6 34 FB  ....3...c.g-".4.
00005780:  05 3E 31 41 9B C3 32 00 4E 84 72 10 90 88 90 63  .>1A..2.N.r....c
00005790:  0A 42 B6 07 63 B8 48 9B 00 B1 D8 25 78 5B AD 78  .B..c.H....%x[.x
000057A0:  11 86 0F EB E3 F3 FE 0E 23 AE B7 C9 48 46 3C E9  ........#...HF<.
000057B0:  E3 FF 81 AA 0D 21 0E 21 8E 3D C6 D3 5B 33 99 B7  .....!.!.=..[3..
000057C0:  FB AC 33 C8 F3 9F 0F C8 4C 16 5A 0D E6 78 A4 9E  ..3.....L.Z..x..
000057D0:  84 03 23 C6 A6 12 8C E8 A0 EE 3E 3B 22 55 34 29  ..#.......>;"U4)
000057E0:  25 F9 CC 49 2B E6 43 04 8F 0D BD 96 9D 79 68 7D  %..I+.C......yh}
000057F0:  92 3C C5 05 C2 3A 17 1D 14 43 75 18 18 F6 4B 93  .<...:...Cu...K.
00005800:  AD D9 11 37 69 DB 79 47 01 CE F3 8E 33 32 DD 85  ...7i.yG....32..
00005810:  4B DF 39 C2 AA 1C F6 B0 50 C0 AD 33 74 D1 4F 49  K.9.....P..3t.OI
00005820:  32 3D 82 8D D3 86 B9 7A 40 2D 45 D5 41 66 63 B0  2=.....z@-E.Afc.
00005830:  07 25 DE 35 02 5C C7 A2 E7 3C 53 A5 F5 57 7D 8C  .%.5.\...<S..W}.
00005840:  02 2E 9B 74 CF 87 48 1B 8D 1A 60 5D 9C 4A 98 79  ...t..H...`].J.y
00005850:  ED F0 B6 B2 B6 4C BD FF 7B BB 5A 79 E8 FF 4A E7  .....L..{.Zy..J.
00005860:  D1 8D 0E 2F C1 67 DD F9 C9 43 BB 32 61 20 52 CC  .../.g...C.2a R.
00005870:  19 78 9F FD AA 44 D9 80 BB E0 D7 5C 1B C3 B6 B1  .x...D.....\....
00005880:  5B 21 31 6D 56 D7 F7 94 59 39 3B B1 A2 07 89 D1  [!1mV...Y9;.....
00005890:  A6 92 0B A4 9B BC AE 83 74 34 FB 53 90 BF EE 27  ........t4.S...'
000058A0:  DB D7 E4 B3 2C 56 F4 1F D9 5A FD 43 BA DE 80 6D  ....,V...Z.C...m
000058B0:  83 31 66 57 07 EB 57 20 4A 05 81 B7 6B F3 9F C2  .1fW..W J...k...
000058C0:  F4 D6 C6 DD 06 17 C5 A4 FC 69 E3 DD 10 0B 59 46  .........i....YF
000058D0:  ED 97 4B EC 7E 56 4D 22 BF 7F 0B EE 03 9B 9E 57  ..K.~VM".......W
000058E0:  CD 55 19 69 9C 11 BB 22 CC E5 DD B7 16 E1 69 51  .U.i..."......iQ
000058F0:  2D 38 16 77 02 A5 FD EC FD 9B A7 1A 13 BE 05 98  -8.w............
00005900:  3C 78 23 8A B5 D0 5A 90 84 DB 13 F0 79 32 E5 34  <x#...Z.....y2.4
00005910:  FE 20 58 CC FF 4B BE C4 32 E5 05 9A 71 84 F0 22  . X..K..2...q.."
00005920:  27 56 E2 49 63 84 C6 93 9E AA AF B8 55 43 7F 16  'V.Ic.......UC..
00005930:  47 94 98 83 63 BD 64 63 73 33 89 AF F2 38 C6 56  G...c.dcs3...8.V
00005940:  C8 9E DC E2 29 46 00 00 00 00 00 00 00 00 00 00  ....)F..........
00005950:  00 00 00 00 00 00 00 00 00 00 00 00 00 00 00 00  ................ [zeros]
00005960:  00 00 00 00 00 00 00 00 00 00 00 00 00 00 00 00  ................ [zeros]
00005970:  00 00 00 00 00 00 00 00 00 00 00 00 00 00 00 00  ................ [zeros]
00005980:  00 00 00 00 00 00 00 00 00 00 00 00 00 00 00 00  ................ [zeros]
00005990:  00 00 00 00 00 00 00 00 00 00 00 00 00 00 00 00  ................ [zeros]
000059A0:  00 00 00 00 00 00 00 00 00 00 00 00 00 00 00 00  ................ [zeros]
000059B0:  00 00 00 00 00 00 85 5A 4D FC D5 DD 61 B1 AE A4  .......ZM...a...
000059C0:  40 45 38 07 2A 0C 7B 56 AA 11 97 2B EC 5A 52 7D  @E8.*.{V...+.ZR}
000059D0:  E1 BC 33 16 C4 11 45 59 56 50 C9 16 2D 9E 80 F0  ..3...EYVP..-...
000059E0:  72 00 74 D6 A7 C0 B7 B1 38 79 0D E2 E3 80 3D 05  r.t.....8y....=.
000059F0:  01 26 68 BE 63 99 B4 FF 3B DB 54 6E 92 DD 78 01  .&h.c...;.Tn..x.
00005A00:  D8 40 F2 66 8B 32 EA D5 95 A5 37 1B 23 3F 1C 53  .@.f.2....7.#?.S
00005A10:  69 2A 35 BF 2A 24 4F 50 59 D6 8C EB DD 0B 6E DD  i*5.*$OPY.....n.
00005A20:  99 97 82 5E 57 49 CF 51 80 2F 45 58 D5 4C 12 4B  ...^WI.Q./EX.L.K
00005A30:  A4 FC FF 80 F8 62 DB F3 4B 9D 60 FF D9 8F F7 30  .....b..K.`....0
00005A40:  9C 71 6E A5 CD C0 65 BA 6E 8A 40 29 FA 75 26 73  .qn...e.n.@).u&s
00005A50:  46 D3 45 19 0E 73 5C 3C D7 7E 1F 92 77 59 9B 4D  F.E..s\<.~..wY.M
00005A60:  03 C8 D6 0E 31 0D 00 00 00 00 00 00 00 00 00 00  ....1...........
00005A70:  00 00 00 00 00 00 20 B2 57 F9 D9 C5 23 E2 BE F7  ...... .W...#...
00005A80:  36 E5 C5 16 DB 89 6C BB F1 09 2F 29 57 41 A9 A7  6.....l.../)WA..
00005A90:  B2 4B 60 0A 6E 50 00 00 00 00 00 00 00 00 00 00  .K`.nP..........
00005AA0:  00 00 00 00 00 00 00 00 00 00 00 00 00 00 00 00  ................ [zeros]
00005AB0:  00 00 00 00 00 00 00 00 00 00 00 00 00 00 00 00  ................ [zeros]
00005AC0:  00 00 00 00 00 00 00 00 00 00 00 00 00 00 00 00  ................ [zeros]
00005AD0:  00 00 00 00 00 00 00 00 00 00 00 00 00 00 00 00  ................ [zeros]
00005AE0:  00 00 00 00 00 00 00 00 00 00 00 00 00 00 00 00  ................ [zeros]
00005AF0:  00 00 00 00 00 00 00 00 00 00 00 00 00 00 00 00  ................ [zeros]
00005B00:  00 00 00 00 00 00 00 00 00 00 00 00 00 00 00 00  ................ [zeros]
00005B10:  00 00 00 00 00 00 00 00 00 00 00 00 00 00 00 00  ................ [zeros]
00005B20:  00 00 00 00 00 00 00 00 00 00 00 00 00 00 00 00  ................ [zeros]
00005B30:  00 00 00 00 00 00 00 00 00 00 00 00 00 00 00 00  ................ [zeros]
00005B40:  00 00 00 00 00 00 00 00 00 00 00 00 00 00 00 00  ................ [zeros]
00005B50:  00 00 00 00 00 00 00 00 00 00 00 00 00 00 00 00  ................ [zeros]
00005B60:  00 00 00 00 00 00 00 00 00 00 00 00 00 00 00 00  ................ [zeros]
00005B70:  00 00 00 00 00 00 C9 78 2E 39 11 5D 06 02 D7 38  .......x.9.]...8
00005B80:  52 5C 7E EC 6A 83 00 00 00 00 00 00 00 00 00 00  R\~.j...........
00005B90:  00 00 00 00 00 00 13 6A AB 8D 08 1C 62 3C 70 16  .......j....b<p.
00005BA0:  B4 1A F2 77 22 D7 10 0E C0 C9 43 6A 81 FC 73 52  ...w".....Cj..sR
00005BB0:  30 A5 A4 95 DC A9 6D 17 F2 1B 4B E2 BB EF C8 A5  0.....m...K.....
00005BC0:  91 D6 22 E3 65 89 1C 37 EF 85 2C 56 36 3E AC 7A  ..".e..7..,V6>.z
00005BD0:  C2 A8 70 11 56 5A 74 AA 1B A3 19 A6 3E 05 B5 0E  ..p.VZt.....>...
00005BE0:  1E 91 80 4E 68 68 47 B7 B4 4A 33 E9 BC 09 B0 57  ...NhhG..J3....W
00005BF0:  5F E5 08 A0 98 D6 A2 56 AC 43 49 C8 D8 CD 9B 20  _......V.CI.... 
00005C00:  66 E7 68 20 03 77 4B E0 8F 6C A5 20 03 74 66 EA  f.h .wK..l. .tf.
00005C10:  34 4A 56 AB A6 D7 A1 96 23 2F F3 02 B9 FC DC 84  4JV.....#/......
00005C20:  FE 7F B5 72 22 E9 C5 8C 52 EA D8 08 E9 A3 6D 08  ...r"...R.....m.
00005C30:  63 6F CF C2 CF C2 2E 85 A9 97 27 27 53 C9 D2 B3  co........''S...
00005C40:  F1 23 D9 86 D0 D5 7E 89 67 A6 0E 90 96 38 76 AD  .#....~.g....8v.
00005C50:  A0 D9 43 64 37 AE A2 69 9B B9 68 7B 90 2A F9 9F  ..Cd7..i..h{.*..
00005C60:  7B 26 FA FD D8 80 87 E8 D6 12 3B 7C B1 C8 B8 06  {&........;|....
00005C70:  77 D9 1A 83 27 91 5A CE 62 41 FD 8D 86 3A CE 00  w...'.Z.bA...:..
00005C80:  EE 17 73 11 77 3B E5 C9 6C 29 14 83 D9 FC E0 72  ..s.w;..l).....r
00005C90:  35 B6 FA 10 CB AB 47 DD E1 33 EA 4A 14 E4 42 00  5.....G..3.J..B.
00005CA0:  75 F2 59 62 81 FC C1 C9 44 09 24 FE 53 4C 90 1E  u.Yb....D.$.SL..
00005CB0:  40 9D E4 BE 0C 26 49 CC 5D 2B 80 D8 97 7F 75 3A  @....&I.]+....u:
00005CC0:  06 4B 6F F0 AA B7 46 71 38 0D 21 76 84 A0 E5 EB  .Ko...Fq8.!v....
00005CD0:  88 BF 3B BA 7E 4B 2F 44 CB CF 2C 89 41 FF 60 1A  ..;.~K/D..,.A.`.
00005CE0:  F1 8B 61 3C 8E D9 2B 19 5F B3 A1 07 3A 2E 3C 68  ..a<..+._...:.<h
00005CF0:  FD A4 2D 36 9B C9 E4 52 8A 3E 7E 39 F6 44 88 AD  ..-6...R.>~9.D..
00005D00:  47 FD 27 B1 72 D7 69 34 E1 BB 17 B7 6E C5 50 95  G.'.r.i4....n.P.
00005D10:  A7 13 76 19 EC A0 DF 84 9D 86 45 7C A5 DB BA 76  ..v.......E|...v
00005D20:  D4 77 97 06 60 1C D9 1E 61 4E 84 20 03 78 15 F9  .w..`...aN. .x..
00005D30:  18 B9 CD A5 B1 29 F4 CC 01 25 C4 C8 E5 F5 B2 C7  .....)...%......
00005D40:  55 FB 9B 20 01 A4 31 E0 EA 42 13 D8 FD 07 A2 A1  U.. ..1..B......
00005D50:  F8 7A F3 DF 2F A2 69 69 67 DF B5 C2 55 A9 9E D3  .z../.iig...U...
00005D60:  A3 E3 29 E6 A7 51 7C E5 C0 BD 29 C7 7D 26 2E CB  ..)..Q|...).}&..
00005D70:  75 8F 10 6C 22 EA 83 93 BA 3E F8 43 C6 0B EF C1  u..l"....>.C....
00005D80:  AA 1E B1 55 23 B4 63 F6 5D 10 78 01 8C 12 4A AF  ...U#.c.].x...J.
00005D90:  65 DF 2D BB C0 1A 1C 67 CE 40 84 76 6E 60 27 96  e.-....g.@.vn`'.
00005DA0:  3E 4E 5E CD F7 EA 00 00 00 00 00 00 00 00 00 00  >N^.............
00005DB0:  00 00 00 00 00 00 00 00 00 00 00 00 00 00 00 00  ................ [zeros]
00005DC0:  00 00 00 00 00 00 00 00 00 00 00 00 00 00 00 00  ................ [zeros]
00005DD0:  00 00 00 00 00 00 00 00 00 00 00 00 00 00 00 00  ................ [zeros]
00005DE0:  00 00 00 00 00 00 00 00 00 00 00 00 00 00 00 00  ................ [zeros]
00005DF0:  00 00 00 00 00 00 00 00 00 00 00 00 00 00 00 00  ................ [zeros]
00005E00:  00 00 00 00 00 00 00 00 00 00 00 00 00 00 00 00  ................ [zeros]
00005E10:  00 00 00 00 00 00 00 00 00 00 00 00 00 00 00 00  ................ [zeros]
00005E20:  00 00 00 00 00 00 00 00 00 00 00 00 00 00 00 00  ................ [zeros]
00005E30:  00 00 00 00 00 00 00 00 00 00 00 00 00 00 00 00  ................ [zeros]
00005E40:  00 00 00 00 00 00 00 00 00 00 00 00 00 00 00 00  ................ [zeros]
00005E50:  00 00 00 00 00 00 00 00 00 00 00 00 00 00 00 00  ................ [zeros]
00005E60:  00 00 00 00 00 00 00 00 00 00 00 00 00 00 00 00  ................ [zeros]
00005E70:  00 00 00 00 00 00 00 00 00 00 00 00 00 00 00 00  ................ [zeros]
00005E80:  00 00 00 00 00 00 A8 8C C9 35 CD 0A 52 4A 7E A8  .........5..RJ~.
00005E90:  22 8B 0E 53 33 21 00 00 00 00 00 00 00 00 00 00  "..S3!..........
00005EA0:  00 00 00 00 00 00 22 89 D0 30 8A 22 C3 F2 B9 10  ......"..0."....
00005EB0:  60 D6 A7 42 45 3A 06 7E 2E 31 AA DB 39 F6 FE FF  `..BE:.~.1..9...
00005EC0:  81 6E 89 EC 39 0F 7F 05 C5 4D 89 04 BA F0 D3 5E  .n..9....M.....^
00005ED0:  36 BE D8 EF 30 77 2B 2F DE E9 7F DF F5 6E EC 41  6...0w+/.....n.A
00005EE0:  11 0B 60 A4 AF 92 00 00 00 00 00 00 00 00 00 00  ..`.............
00005EF0:  00 00 00 00 00 00 5B 71 9C 00 53 87 C2 3D DE F9  ......[q..S..=..
00005F00:  DB EB AA 14 48 98 84 81 5E C9 71 5E BA 59 9B DB  ....H...^.q^.Y..
00005F10:  74 3E 0C 14 20 08 62 23 A7 E1 71 15 2B 64 36 97  t>.. .b#..q.+d6.
00005F20:  3E C3 14 21 15 19 75 C7 F5 3E 14 D4 77 4E 23 1E  >..!..u..>..wN#.
00005F30:  9C FD 48 49 0F 32 92 55 03 BD 88 F4 AE FF 1B B5  ..HI.2.U........
00005F40:  39 41 06 3C F4 2A 33 55 11 4E D9 2C 4F 28 28 93  9A.<.*3U.N.,O((.
00005F50:  FC 79 97 DD 64 82 76 0A 87 89 C8 16 BE C4 1A BD  .y..d.v.........
00005F60:  3F 47 A4 51 78 43 3A D1 AE AE A4 EA 01 79 6E A3  ?G.QxC:......yn.
00005F70:  E5 F4 CF 3F 8C 51 93 DE A2 F3 68 D2 1E 09 CF C0  ...?.Q....h.....
00005F80:  9E 15 B3 12 35 E2 88 87 98 AF 58 70 10 95 46 17  ....5.....Xp..F.
00005F90:  74 DB 2B 27 D6 E8 4C 4C 0F 93 0A 8D 68 E1 F6 B7  t.+'..LL....h...
00005FA0:  15 B9 59 DF E0 68 3A C9 5D E2 5E C4 E3 DD 50 3E  ..Y..h:.].^...P>
00005FB0:  81 BE 55 05 3F 0A 94 7D 1F 7F 59 BC A8 DE 10 E6  ..U.?..}..Y.....
00005FC0:  AE 9C E2 94 C6 35 FD 8F 18 9F 50 D6 84 DA 50 75  .....5....P...Pu
00005FD0:  BF ED D0 D0 7C 22 65 7C 7D C7 EB BA 89 0A E5 E5  ....|"e|}.......
00005FE0:  EF C9 41 6E FC AD DA 09 90 E7 2C 6A 54 89 17 DC  ..An......,jT...
00005FF0:  6E 56 22 48 AF E6 53 A0 EA 52 1A 41 51 B2 CF 97  nV"H..S..R.AQ...
00006000:  82 BE 8A 0F 6B 76 2D 1C 60 58 4F 9D 9D 4F A4 7B  ....kv-.`XO..O.{
00006010:  22 3E 72 74 48 05 98 78 C8 0F CB 39 82 8F 7F 62  ">rtH..x...9...b
00006020:  1C F0 D6 D9 57 19 0C 74 6A AB FE 11 3D FA F5 2F  ....W..tj...=../
00006030:  C7 17 D0 4F 1B 26 17 4D 5A 4B 93 79 40 64 CE 6E  ...O.&.MZK.y@d.n
00006040:  65 DA 6F 53 CA 7F E4 BE A9 55 B1 42 B7 F1 74 6A  e.oS.....U.B..tj
00006050:  AF E1 BB 8E 6B D7 49 B4 84 07 95 88 6F FE E0 39  ....k.I.....o..9
00006060:  7C AE EE 5B A9 C5 49 2D 6A 70 5D 6E 26 E6 B5 AF  |..[..I-jp]n&...
00006070:  F5 4D B5 1F B0 D8 AD 9F E2 45 EB B2 0A 8A 2A 18  .M.......E....*.
00006080:  94 68 A3 C9 01 96 71 4B 9C 76 A2 D2 4D 1C AE 0D  .h....qK.v..M...
00006090:  2F B9 11 2B D0 00 C1 4E 22 C0 81 8B 68 5E E6 EA  /..+...N"...h^..
000060A0:  CC 99 51 E6 94 2C 00 00 00 00 00 00 00 00 00 00  ..Q..,..........
000060B0:  00 00 00 00 00 00 00 00 00 00 00 00 00 00 00 00  ................ [zeros]
000060C0:  00 00 00 00 00 00 00 00 00 00 00 00 00 00 00 00  ................ [zeros]
000060D0:  00 00 00 00 00 00 00 00 00 00 00 00 00 00 00 00  ................ [zeros]
000060E0:  00 00 00 00 00 00 44 46 81 C3 DE AC A8 02 00 1A  ......DF........
000060F0:  2E 96 95 23 BD C7 78 64 66 D8 D5 9D 04 FB 65 B2  ...#..xdf.....e.
00006100:  05 01 DE 13 4A 60 87 C3 64 AC 58 2C 65 64 31 47  ....J`..d.X,ed1G
00006110:  E7 C6 24 67 EA 4D 1E 31 D0 60 CF 49 20 06 08 03  ..$g.M.1.`.I ...
00006120:  6B 5B F2 47 32 95 0D 23 CD 83 87 F0 DF 54 3E 11  k[.G2..#.....T>.
00006130:  DF EC 20 00 FD 4B 00 00 00 00 00 00 00 00 00 00  .. ..K..........
00006140:  00 00 00 00 00 00 00 00 00 00 00 00 00 00 00 00  ................ [zeros]
00006150:  00 00 00 00 00 00 00 00 00 00 00 00 00 00 00 00  ................ [zeros]
00006160:  00 00 00 00 00 00 00 00 00 00 00 00 00 00 00 00  ................ [zeros]
00006170:  00 00 00 00 00 00 00 00 00 00 00 00 00 00 00 00  ................ [zeros]
00006180:  00 00 00 00 00 00 00 00 00 00 00 00 00 00 00 00  ................ [zeros]
00006190:  00 00 00 00 00 00 00 00 00 00 00 00 00 00 00 00  ................ [zeros]
000061A0:  00 00 00 00 00 00 00 00 00 00 00 00 00 00 00 00  ................ [zeros]
000061B0:  00 00 00 00 00 00 00 00 00 00 00 00 00 00 00 00  ................ [zeros]
000061C0:  00 00 00 00 00 00 00 00 00 00 00 00 00 00 00 00  ................ [zeros]
000061D0:  00 00 00 00 00 00 00 00 00 00 00 00 00 00 00 00  ................ [zeros]
000061E0:  00 00 00 00 00 00 08 C0 81 16 9E A6 21 0C 62 06  ............!.b.
000061F0:  E8 58 CE 33 B8 FD 3B 6C 3C 9C 4A B8 ED 39 DE CD  .X.3..;l<.J..9..
00006200:  7E 8C A1 FC B0 69 3F 1E 34 93 02 98 A0 13 97 A4  ~....i?.4.......
00006210:  C2 00 B3 D0 57 4C 00 00 00 00 00 00 00 00 00 00  ....WL..........
00006220:  00 00 00 00 00 00 6B BC C5 F5 E3 61 61 8B 81 47  ......k....aa..G
00006230:  91 A2 BC D7 89 7B 00 00 00 00 00 00 00 00 00 00  .....{..........
00006240:  00 00 00 00 00 00 00 00 00 00 00 00 00 00 00 00  ................ [zeros]
00006250:  00 00 00 00 00 00 00 00 00 00 00 00 00 00 00 00  ................ [zeros]
00006260:  00 00 00 00 00 00 00 00 00 00 00 00 00 00 00 00  ................ [zeros]
00006270:  00 00 00 00 00 00 00 00 00 00 00 00 00 00 00 00  ................ [zeros]
00006280:  00 00 00 00 00 00 EB E8 91 7D 14 FD 7F A7 D7 13  .........}......
00006290:  8B 03 1E 0A F5 89 00 00 00 00 00 00 00 00 00 00  ................
000062A0:  00 00 00 00 00 00 00 00 00 00 00 00 00 00 00 00  ................ [zeros]
000062B0:  00 00 00 00 00 00 00 00 00 00 00 00 00 00 00 00  ................ [zeros]
000062C0:  00 00 00 00 00 00 00 00 00 00 00 00 00 00 00 00  ................ [zeros]
000062D0:  00 00 00 00 00 00 00 00 00 00 00 00 00 00 00 00  ................ [zeros]
000062E0:  00 00 00 00 00 00 00 00 00 00 00 00 00 00 00 00  ................ [zeros]
000062F0:  00 00 00 00 00 00 00 00 00 00 00 00 00 00 00 00  ................ [zeros]
00006300:  00 00 00 00 00 00 00 00 00 00 00 00 00 00 00 00  ................ [zeros]
00006310:  00 00 00 00 00 00 00 00 00 00 00 00 00 00 00 00  ................ [zeros]
00006320:  00 00 00 00 00 00 00 00 00 00 00 00 00 00 00 00  ................ [zeros]
00006330:  00 00 00 00 00 00 00 00 00 00 00 00 00 00 00 00  ................ [zeros]
00006340:  00 00 00 00 00 00 00 00 00 00 00 00 00 00 00 00  ................ [zeros]
00006350:  00 00 00 00 00 00 D2 6D 47 08 3E EC 2B 1F 07 6E  .......mG.>.+..n
00006360:  B1 86 58 09 7F 62 06 5A 3C 8B 62 F8 A3 CB F8 D5  ..X..b.Z<.b.....
00006370:  46 7D CC 9B 9B B3 A0 0A 4E 8E 9F E6 59 18 2A 24  F}......N...Y.*$
00006380:  BF 7D E3 19 C3 7D 63 F6 5D 10 78 01 8C 12 4A AF  .}...}c.].x...J.
00006390:  65 DF 2D BB C0 1A 00 00 00 00 00 00 00 00 00 00  e.-.............
000063A0:  00 00 00 00 00 00 00 00 00 00 00 00 00 00 00 00  ................ [zeros]
000063B0:  00 00 00 00 00 00 00 00 00 00 00 00 00 00 00 00  ................ [zeros]
000063C0:  00 00 00 00 00 00 00 00 00 00 00 00 00 00 00 00  ................ [zeros]
000063D0:  00 00 00 00 00 00 00 00 00 00 00 00 00 00 00 00  ................ [zeros]
000063E0:  00 00 00 00 00 00 DB 4C C8 60 E8 C3 84 5A 22 94  .......L.`...Z".
000063F0:  9D 7B 67 0B C3 C8 3D 45 42 23 41 6A AF 74 5B B0  .{g...=EB#Aj.t[.
00006400:  51 34 B5 0C 58 E0 00 00 00 00 00 00 00 00 00 00  Q4..X...........
00006410:  00 00 00 00 00 00 00 00 00 00 00 00 00 00 00 00  ................ [zeros]
00006420:  00 00 00 00 00 00 00 00 00 00 00 00 00 00 00 00  ................ [zeros]
00006430:  00 00 00 00 00 00 00 00 00 00 00 00 00 00 00 00  ................ [zeros]
00006440:  00 00 00 00 00 00 00 00 00 00 00 00 00 00 00 00  ................ [zeros]
00006450:  00 00 00 00 00 00 00 00 00 00 00 00 00 00 00 00  ................ [zeros]
00006460:  00 00 00 00 00 00 00 00 00 00 00 00 00 00 00 00  ................ [zeros]
00006470:  00 00 00 00 00 00 00 00 00 00 00 00 00 00 00 00  ................ [zeros]
00006480:  00 00 00 00 00 00 00 00 00 00 00 00 00 00 00 00  ................ [zeros]
00006490:  00 00 00 00 00 00 00 00 00 00 00 00 00 00 00 00  ................ [zeros]
000064A0:  00 00 00 00 00 00 00 00 00 00 00 00 00 00 00 00  ................ [zeros]
000064B0:  00 00 00 00 00 00 D6 66 52 6D 49 CE 31 7C CA 27  .......fRmI.1|.'
000064C0:  2B DC 43 5A FB FE 24 7B 4C 81 1B F7 F3 72 30 D1  +.CZ..${L....r0.
000064D0:  20 16 B9 32 A1 57 28 15 DD 8E E8 6D 6D 77 80 21   ..2.W(....mmw.!
000064E0:  7A D9 AB 7E 14 52 66 F6 55 A8 5C D8 F7 B1 60 B9  z..~.Rf.U.\...`.
000064F0:  B3 80 7D E3 FD 4C 6F D3 39 34 EF 03 1F 22 03 D2  ..}..Lo.94..."..
00006500:  0E DA C6 72 F7 52 3C C7 02 B7 AA D7 87 54 46 40  ...r.R<......TF@
00006510:  C3 CC A4 0C B1 34 B7 1C C5 2A 89 83 FF 45 C9 26  .....4...*...E.&
00006520:  D6 0B 21 2E C4 D4 9D 58 35 43 79 05 5E E9 91 C9  ..!....X5Cy.^...
00006530:  4F 7B 25 C7 80 76 5E D3 78 B6 CA 4A 9C 9A F5 6B  O{%..v^.x..J...k
00006540:  1B 8F 91 9F A6 46 28 CA 4F CC B2 66 F7 7C B4 F2  .....F(.O..f.|..
00006550:  98 4B C4 34 B2 94 D9 5A C5 E1 CC 40 B6 B5 4B FD  .K.4...Z...@..K.
00006560:  65 24 A4 2F CD 8F D1 B7 86 33 E6 2B 8B 77 B7 B8  e$./.....3.+.w..
00006570:  93 4B D4 AA 8A 38 3B D9 24 9A 81 CD 63 89 4B E5  .K...8;.$...c.K.
00006580:  2B 94 D6 B0 70 19 33 F0 C0 91 4F DD 7E DD AA F2  +...p.3...O.~...
00006590:  28 8D D3 50 0E 61 71 9C 28 43 42 B7 CF 48 0D 1B  (..P.aq.(CB..H..
000065A0:  99 1D 1C 74 BF 93 A0 0B 2A 27 47 38 95 84 AC A4  ...t....*'G8....
000065B0:  53 88 10 F8 30 6A 72 24 58 E1 4E 9A F0 9B E3 F0  S...0jr$X.N.....
000065C0:  CD F9 7C 34 70 33 80 A3 B8 64 2E 29 B9 0F 27 D2  ..|4p3...d.)..'.
000065D0:  F0 13 DA 85 BB 17 06 5A 3C 8B 62 F8 A3 CB F8 D5  .......Z<.b.....
000065E0:  46 7D CC 9B 9B B3 24 A8 62 8D DD 87 A7 60 BF 28  F}....$.b....`.(
000065F0:  5B 6E E6 21 1A 03 79 10 06 DE 38 D2 A6 94 76 65  [n.!..y...8...ve
00006600:  FB D4 2D 19 2A 6C 47 5B 58 F0 04 AE 41 12 98 A4  ..-.*lG[X...A...
00006610:  88 C7 C8 5A 65 A6 00 00 00 00 00 00 00 00 00 00  ...Ze...........
00006620:  00 00 00 00 00 00 39 CB 32 15 94 08 7F CC 7E 79  ......9.2.....~y
00006630:  B9 18 80 D3 9D A5 7B F6 A9 7F 67 EA 76 0A D1 69  ......{...g.v..i
00006640:  7C 77 72 3A 36 7D CE 9B FA 91 F1 EF 96 AB 6C 31  |wr:6}........l1
00006650:  70 59 89 7E 1F FA 00 00 00 00 00 00 00 00 00 00  pY.~............
00006660:  00 00 00 00 00 00 D4 9E 55 5F B5 7E 63 90 41 E2  ........U_.~c.A.
00006670:  1D 3A C5 FC 35 28 F0 E0 85 F8 C7 48 57 1B D8 FE  .:..5(.....HW...
00006680:  CA 91 F0 F6 0E E9 F4 98 4A CC D1 92 A4 CF D8 FD  ........J.......
00006690:  A1 72 EC C9 55 9C 67 1B 19 A4 83 FF D7 06 B9 C8  .r..U.g.........
000066A0:  D0 DE F3 D3 7F 4C E4 00 69 7D B1 E1 4E AA 20 56  .....L..i}..N. V
000066B0:  62 3C 37 EC 28 6C AC A8 6B D5 2E 27 94 EE 03 B8  b<7.(l..k..'....
000066C0:  4F 43 16 DB 42 84 00 00 00 00 00 00 00 00 00 00  OC..B...........
000066D0:  00 00 00 00 00 00 64 63 73 33 89 AF F2 38 C6 56  ......dcs3...8.V
000066E0:  C8 9E DC E2 29 46 02 95 4A 6C E7 BB 36 0D EE 72  ....)F..Jl..6..r
000066F0:  F5 53 F1 88 BE D6 47 5B 58 F0 04 AE 41 12 98 A4  .S....G[X...A...
00006700:  88 C7 C8 5A 65 A6 00 00 00 00 00 00 00 00 00 00  ...Ze...........
00006710:  00 00 00 00 00 00 39 CB 32 15 94 08 7F CC 7E 79  ......9.2.....~y
00006720:  B9 18 80 D3 9D A5 15 60 79 72 CB BA C7 A8 31 BD  .......`yr....1.
00006730:  AD 2C 2A 95 20 2F 00 00 00 00 00 00 00 00 00 00  .,*. /..........
00006740:  00 00 00 00 00 00 00 00 00 00 00 00 00 00 00 00  ................ [zeros]
00006750:  00 00 00 00 00 00 00 00 00 00 00 00 00 00 00 00  ................ [zeros]
00006760:  00 00 00 00 00 00 00 00 00 00 00 00 00 00 00 00  ................ [zeros]
00006770:  00 00 00 00 00 00 00 00 00 00 00 00 00 00 00 00  ................ [zeros]
00006780:  00 00 00 00 00 00 00 00 00 00 00 00 00 00 00 00  ................ [zeros]
00006790:  00 00 00 00 00 00 00 00 00 00 00 00 00 00 00 00  ................ [zeros]
000067A0:  00 00 00 00 00 00 00 00 00 00 00 00 00 00 00 00  ................ [zeros]
000067B0:  00 00 00 00 00 00 00 00 00 00 00 00 00 00 00 00  ................ [zeros]
000067C0:  00 00 00 00 00 00 00 00 00 00 00 00 00 00 00 00  ................ [zeros]
000067D0:  00 00 00 00 00 00 00 00 00 00 00 00 00 00 00 00  ................ [zeros]
000067E0:  00 00 00 00 00 00 00 00 00 00 00 00 00 00 00 00  ................ [zeros]
000067F0:  00 00 00 00 00 00 00 00 00 00 00 00 00 00 00 00  ................ [zeros]
00006800:  00 00 00 00 00 00 6F 77 2D 61 8B EE 3A DA CA B3  ......ow-a..:...
00006810:  73 B9 1D 9B 74 1D FD F8 80 09 EA DF 10 97 64 99  s...t.........d.
00006820:  05 84 16 C3 BC C8 70 1F 24 8D 54 27 DA 2F CA E0  ......p.$.T'./..
00006830:  5C 67 D2 82 19 6F 96 8B FE 54 F5 32 D8 C9 C0 B9  \g...o...T.2....
00006840:  CD F3 DF 0D 84 6F 00 00 00 00 00 00 00 00 00 00  .....o..........
00006850:  00 00 00 00 00 00 9D 74 45 6A B7 F8 9D CA ED DC  .......tEj......
00006860:  FE 57 13 57 8C 47 76 56 47 D1 9E 16 93 63 B1 1F  .W.W.GvVG....c..
00006870:  7F 94 B0 B6 AF A7 45 EE 6E 0D 94 E2 CC B7 23 81  ......E.n.....#.
00006880:  F7 8F DB CD 20 AC 39 C5 6C 50 0C 6E 74 D5 88 64  .... .9.lP.nt..d
00006890:  AA F2 84 7B 22 2A 22 CE 12 6F 41 21 4A C7 7E AF  ...{"*"..oA!J.~.
000068A0:  DB A8 F2 F6 0A 2A 54 28 8B 47 95 2C 72 2B 81 85  .....*T(.G.,r+..
000068B0:  C4 55 53 C8 25 54 EA 6C 57 8D 8F BF 38 D3 8B 43  .US.%T.lW...8..C
000068C0:  6E 04 E0 2D 98 E3 E2 9B 63 AF 72 C4 71 76 B6 58  n..-....c.r.qv.X
000068D0:  27 2D DA F3 68 B2 C0 5E 17 C4 5E 12 8C 52 27 B0  '-..h..^..^..R'.
000068E0:  0C C0 AB AB 86 1D 44 4D C7 A3 FA F7 44 ED 75 CD  ......DM....D.u.
000068F0:  5C 02 77 72 48 D7 6F 65 DC 4E 81 B4 98 FE 88 DA  \.wrH.oe.N......
00006900:  22 FD 7F 76 5C 4F 34 04 FC 09 05 ED 65 79 99 D2  "..v\O4.....ey..
00006910:  9E 41 CB 47 21 5F CC 21 2F E9 B1 8A C8 1A 32 6D  .A.G!_.!/.....2m
00006920:  1A A7 22 18 30 15 F6 84 95 88 EE F1 04 E5 30 45  ..".0.........0E
00006930:  7D D1 10 83 10 4E F2 F1 51 83 CC FC 00 69 F8 6B  }....N..Q....i.k
00006940:  8E BE C6 98 0F 7C DE CD A8 01 1C 25 13 43 21 FD  .....|.....%.C!.
00006950:  60 B3 7B 1E D2 6C 56 D2 2B EC 33 58 37 55 85 09  `.{..lV.+.3X7U..
00006960:  FB 8C 90 65 3F 93 8A 2F 10 25 26 D7 DE EF 7F 6A  ...e?../.%&....j
00006970:  6D 0D 69 3E B1 D8 43 02 7B BF 9D BD A2 66 F2 26  m.i>..C.{....f.&
00006980:  55 F1 AB CB 0B D1 00 00 00 00 00 00 00 00 00 00  U...............
00006990:  00 00 00 00 00 00 00 00 00 00 00 00 00 00 00 00  ................ [zeros]
000069A0:  00 00 00 00 00 00 F0 E0 85 F8 C7 48 57 1B D8 FE  ...........HW...
000069B0:  CA 91 F0 F6 0E E9 00 00 00 00 00 00 00 00 00 00  ................
000069C0:  00 00 00 00 00 00 00 00 00 00 00 00 00 00 00 00  ................ [zeros]
000069D0:  00 00 00 00 00 00 0B 7A 3F 6A 8A 4A 04 2D 3F 8C  .......z?j.J.-?.
000069E0:  EE 8D 16 AB BD A0 00 00 00 00 00 00 00 00 00 00  ................
000069F0:  00 00 00 00 00 00 00 00 00 00 00 00 00 00 00 00  ................ [zeros]
00006A00:  00 00 00 00 00 00 00 00 00 00 00 00 00 00 00 00  ................ [zeros]
00006A10:  00 00 00 00 00 00 16 AC 43 AE 7D A6 28 3E 1A 74  ........C.}.(>.t
00006A20:  5B 98 2B 10 24 CC 00 00 00 00 00 00 00 00 00 00  [.+.$...........
00006A30:  00 00 00 00 00 00 00 00 00 00 00 00 00 00 00 00  ................ [zeros]
00006A40:  00 00 00 00 00 00 13 A6 A1 A5 5B CA E4 58 9A 74  ..........[..X.t
00006A50:  E9 B0 67 19 4E 61 00 00 00 00 00 00 00 00 00 00  ..g.Na..........
00006A60:  00 00 00 00 00 00 00 00 00 00 00 00 00 00 00 00  ................ [zeros]
00006A70:  00 00 00 00 00 00 A2 06 59 C2 25 28 FE 1A 92 29  ........Y.%(...)
00006A80:  9F 6D DD 3B 10 BB 00 00 00 00 00 00 00 00 00 00  .m.;............
00006A90:  00 00 00 00 00 00 00 00 00 00 00 00 00 00 00 00  ................ [zeros]
00006AA0:  00 00 00 00 00 00 20 DD 35 63 3B BA 11 D0 0A 19  ...... .5c;.....
00006AB0:  E6 5A 8F 57 F9 D5 00 00 00 00 00 00 00 00 00 00  .Z.W............
00006AC0:  00 00 00 00 00 00 00 00 00 00 00 00 00 00 00 00  ................ [zeros]
00006AD0:  00 00 00 00 00 00 00 00 00 00 00 00 00 00 00 00  ................ [zeros]
00006AE0:  00 00 00 00 00 00 68 67 A8 D7 7F 7E 2A 91 98 20  ......hg...~*.. 
00006AF0:  5B 99 39 B0 1B AD A1 79 E9 28 CE 1F 10 A9 AF 00  [.9....y.(......
00006B00:  BF 09 ED 6B 89 1A FC C1 AC E2 97 3F 3F 76 B5 AA  ...k.......??v..
00006B10:  55 C5 21 BE 75 53 92 B2 CA F9 6F BB D6 B1 2B 57  U.!.uS....o...+W
00006B20:  81 95 E5 96 BA 10 79 47 01 CE F3 8E 33 32 DD 85  ......yG....32..
00006B30:  4B DF 39 C2 AA 1C F9 2C 67 5B 8C 9A DE 28 B7 A4  K.9....,g[...(..
00006B40:  67 BF C9 5A 04 3C E1 BC 47 6D 75 A2 73 B4 75 E2  g..Z.<..Gmu.s.u.
00006B50:  ED 7C 44 EC 5B 88 56 D2 2B EC 33 58 37 55 85 09  .|D.[.V.+.3X7U..
00006B60:  FB 8C 90 65 3F 93 B9 38 69 F9 48 14 27 8D 44 99  ...e?..8i.H.'.D.
00006B70:  0D C7 CE 02 E9 64 97 5F 69 42 13 F9 3B 11 69 BC  .....d._iB..;.i.
00006B80:  BA 22 4C 4A 73 1C 73 71 EF 17 7C 71 E3 5E 6B 6F  ."LJs.sq..|q.^ko
00006B90:  71 13 BA B6 A2 F3 14 D0 7C 42 27 45 A9 1E E4 D3  q.......|B'E....
00006BA0:  C4 A5 30 33 08 F6 41 28 26 D4 B3 A2 03 27 5D CD  ..03..A(&....'].
00006BB0:  92 EF 6E 90 1D FE 6D 76 4A C9 CC 6F F0 98 FA 7B  ..n...mvJ..o...{
00006BC0:  56 24 EE D7 22 A0 8C D1 C7 DC 08 80 8A D4 0C 69  V$.."..........i
00006BD0:  3E 75 91 1F D4 78 B0 BE A1 06 94 9F 63 4C 3F 81  >u...x......cL?.
00006BE0:  4D 45 B4 8C A5 8B 1B 7D 44 C8 1A 6D C1 52 90 61  ME.....}D..m.R.a
00006BF0:  E6 33 CD 07 FC C5 BC 68 CD DC CF 9A 2E AD 62 B2  .3.....h......b.
00006C00:  70 C9 D1 D9 73 05 BC 68 CD DC CF 9A 2E AD 62 B2  p...s..h......b.
00006C10:  70 C9 D1 D9 73 05 BC 68 CD DC CF 9A 2E AD 62 B2  p...s..h......b.
00006C20:  70 C9 D1 D9 73 05 FF 16 82 AC 47 AF 47 9C CA 2A  p...s.....G.G..*
00006C30:  E2 8E F2 AF CF 21 91 E2 0E B0 68 73 C5 20 67 8C  .....!....hs. g.
00006C40:  65 D7 32 CB 55 0A 91 E2 0E B0 68 73 C5 20 67 8C  e.2.U.....hs. g.
00006C50:  65 D7 32 CB 55 0A 86 96 8A E5 09 69 48 02 5A 27  e.2.U......iH.Z'
00006C60:  2E 9C B7 4B 7E F7 26 CF 78 16 71 59 AC E1 70 37  ...K~.&.x.qY..p7
00006C70:  F8 F2 FA 45 DC C6 68 71 38 09 7D 81 5F 9F C9 8E  ...E..hq8.}._...
00006C80:  94 CB 5F 08 ED BB 8E 3F 99 A3 1F F4 F5 30 9D 3B  .._....?.....0.;
00006C90:  22 71 82 8C D0 E4 B7 04 59 BE 8F F6 FD D2 7C B2  "q......Y.....|.
00006CA0:  3F A7 60 EC 0F 0B E3 56 B4 0C A4 00 73 8E 33 AE  ?.`....V....s.3.
00006CB0:  FB 22 25 54 92 87 2D E3 83 BD 57 0D FA 78 E9 98  ."%T..-...W..x..
00006CC0:  50 CA F2 30 D0 39 FD AE 8D 71 32 14 E6 0F 85 11  P..0.9...q2.....
00006CD0:  1E F7 37 15 53 92 FD AE 8D 71 32 14 E6 0F 85 11  ..7.S....q2.....
00006CE0:  1E F7 37 15 53 92 FD AE 8D 71 32 14 E6 0F 85 11  ..7.S....q2.....
00006CF0:  1E F7 37 15 53 92 05 D6 13 7C 12 F2 70 65 2C 72  ..7.S....|..pe,r
00006D00:  DA 73 43 6A 3C 4D FC 47 65 55 57 4C 47 33 D0 64  .sCj<M.GeUWLG3.d
00006D10:  B2 33 16 33 B8 C9 97 07 4E 44 7C E4 E0 1B 98 5F  .3.3....ND|...._
00006D20:  80 14 20 5D C7 BC 32 86 1A 53 9F 87 77 66 1C EB  .. ]..2..S..wf..
00006D30:  B9 A5 1A E7 74 8A BD CF 94 2A 3E D2 57 3A 64 B0  ....t....*>.W:d.
00006D40:  49 01 7C 86 D2 66 6C 64 0F 2A F7 26 56 53 19 0A  I.|..fld.*.&VS..
00006D50:  7B D6 BE D3 A3 1E FB A9 14 94 3E 48 A3 14 47 78  {.........>H..Gx
00006D60:  7A C7 CF A3 2F CE DE 21 52 E1 22 6A AC E0 3D 6A  z.../..!R."j..=j
00006D70:  4B 62 44 E1 A4 E9 98 D8 C5 E7 77 6A 8E E9 5A C5  KbD.......wj..Z.
00006D80:  A4 CE 1E 99 14 14 05 D6 13 7C 12 F2 70 65 2C 72  .........|..pe,r
00006D90:  DA 73 43 6A 3C 4D FC 47 65 55 57 4C 47 33 D0 64  .sCj<M.GeUWLG3.d
00006DA0:  B2 33 16 33 B8 C9 97 07 4E 44 7C E4 E0 1B 98 5F  .3.3....ND|...._
00006DB0:  80 14 20 5D C7 BC 32 86 1A 53 9F 87 77 66 1C EB  .. ]..2..S..wf..
00006DC0:  B9 A5 1A E7 74 8A BD CF 94 2A 3E D2 57 3A 64 B0  ....t....*>.W:d.
00006DD0:  49 01 7C 86 D2 66 6C 64 0F 2A F7 26 56 53 19 0A  I.|..fld.*.&VS..
00006DE0:  7B D6 BE D3 A3 1E F0 B8 56 98 35 FF 62 D1 35 75  {.......V.5.b.5u
00006DF0:  28 D5 7E F9 36 E2 B5 C3 67 C1 C8 27 DE 37 4D EC  (.~.6...g..'.7M.
00006E00:  C4 B3 53 FB 82 2E FB 67 88 36 5F E7 C2 3B 46 78  ..S....g.6_..;Fx
00006E10:  20 8B DF 15 58 F1 67 01 86 C3 EA EB 56 C0 42 D3   ...X.g.....V.B.
00006E20:  0C F3 D1 B2 83 77 AC 20 F2 F4 56 9B FA 1B 10 20  .....w. ..V.... 
00006E30:  EE 4D 97 EF 15 28 00 00 00 00 00 00 00 00 00 00  .M...(..........
00006E40:  00 00 00 00 00 00 00 00 00 00 00 00 00 00 00 00  ................ [zeros]
00006E50:  00 00 00 00 00 00 00 00 00 00 00 00 00 00 00 00  ................ [zeros]
00006E60:  00 00 00 00 00 00 00 00 00 00 00 00 00 00 00 00  ................ [zeros]
00006E70:  00 00 00 00 00 00 00 00 00 00 00 00 00 00 00 00  ................ [zeros]
00006E80:  00 00 00 00 00 00 0D 36 55 17 DC 93 9F A4 2A C6  .......6U.....*.
00006E90:  B0 AB 5A F4 B4 30 9B 2E B2 06 81 18 8F 44 AD B6  ..Z..0.......D..
00006EA0:  49 2B 32 AF 6C C4 00 7F F9 EF 31 1D 96 D4 B3 CA  I+2.l.....1.....
00006EB0:  08 34 CB B2 9B 2E 91 A1 6A C2 3B 23 1B 82 EB 47  .4......j.;#...G
00006EC0:  08 D0 B0 A9 42 EF 00 00 00 00 00 00 00 00 00 00  ....B...........
00006ED0:  00 00 00 00 00 00 00 00 00 00 00 00 00 00 00 00  ................ [zeros]
00006EE0:  00 00 00 00 00 00 00 00 00 00 00 00 00 00 00 00  ................ [zeros]
00006EF0:  00 00 00 00 00 00 00 00 00 00 00 00 00 00 00 00  ................ [zeros]
00006F00:  00 00 00 00 00 00 00 00 00 00 00 00 00 00 00 00  ................ [zeros]
00006F10:  00 00 00 00 00 00 00 00 00 00 00 00 00 00 00 00  ................ [zeros]
00006F20:  00 00 00 00 00 00 00 00 00 00 00 00 00 00 00 00  ................ [zeros]
00006F30:  00 00 00 00 00 00 00 00 00 00 00 00 00 00 00 00  ................ [zeros]
00006F40:  00 00 00 00 00 00 00 00 00 00 00 00 00 00 00 00  ................ [zeros]
00006F50:  00 00 00 00 00 00 00 00 00 00 00 00 00 00 00 00  ................ [zeros]
00006F60:  00 00 00 00 00 00 00 00 00 00 00 00 00 00 00 00  ................ [zeros]
00006F70:  00 00 00 00 00 00 AD 97 A2 13 28 FB F2 A9 4D E8  ..........(...M.
00006F80:  0A DD 56 31 78 48 F4 DE 2F E6 33 65 4C F4 2E 01  ..V1xH../.3eL...
00006F90:  D7 29 53 0E 6E F3 06 5A 3C 8B 62 F8 A3 CB F8 D5  .)S.n..Z<.b.....
00006FA0:  46 7D CC 9B 9B B3 6D 29 63 0A C1 F1 82 1A F0 02  F}....m)c.......
00006FB0:  22 4D 0B 06 E5 CF D6 7A 38 DE C6 53 BD 56 92 AF  "M.....z8..S.V..
00006FC0:  F7 A9 F9 62 5A 66 00 00 00 00 00 00 00 00 00 00  ...bZf..........
00006FD0:  00 00 00 00 00 00 00 00 00 00 00 00 00 00 00 00  ................ [zeros]
00006FE0:  00 00 00 00 00 00 00 00 00 00 00 00 00 00 00 00  ................ [zeros]
00006FF0:  00 00 00 00 00 00 00 00 00 00 00 00 00 00 00 00  ................ [zeros]
00007000:  00 00 00 00 00 00 00 00 00 00 00 00 00 00 00 00  ................ [zeros]
00007010:  00 00 00 00 00 00 FE D0 59 E8 33 BB 22 64 F7 08  ........Y.3."d..
00007020:  75 8B 67 5E DA 40 9D 93 7E 55 78 48 EF F4 1B 38  u.g^.@..~UxH...8
00007030:  29 F7 C4 A8 4D A6 00 00 00 00 00 00 00 00 00 00  )...M...........
00007040:  00 00 00 00 00 00 00 00 00 00 00 00 00 00 00 00  ................ [zeros]
00007050:  00 00 00 00 00 00 00 00 00 00 00 00 00 00 00 00  ................ [zeros]
00007060:  00 00 00 00 00 00 00 00 00 00 00 00 00 00 00 00  ................ [zeros]
00007070:  00 00 00 00 00 00 00 00 00 00 00 00 00 00 00 00  ................ [zeros]
00007080:  00 00 00 00 00 00 00 00 00 00 00 00 00 00 00 00  ................ [zeros]
00007090:  00 00 00 00 00 00 00 00 00 00 00 00 00 00 00 00  ................ [zeros]
000070A0:  00 00 00 00 00 00 00 00 00 00 00 00 00 00 00 00  ................ [zeros]
000070B0:  00 00 00 00 00 00 00 00 00 00 00 00 00 00 00 00  ................ [zeros]
000070C0:  00 00 00 00 00 00 00 00 00 00 00 00 00 00 00 00  ................ [zeros]
000070D0:  00 00 00 00 00 00 00 00 00 00 00 00 00 00 00 00  ................ [zeros]
000070E0:  00 00 00 00 00 00 B5 3E E1 C8 63 00 A6 FA 5D 52  .......>..c...]R
000070F0:  45 C2 57 74 6E F8 29 39 FB AF F3 5F 2D 68 0E 16  E.Wtn.)9..._-h..
00007100:  B4 40 F4 5B 21 C1 6C 45 C1 A5 58 97 64 E2 1A 2D  .@.[!.lE..X.d..-
00007110:  9C 9A EA 5A BB F5 87 0F FD D7 34 4C 49 B7 7D 69  ...Z......4LI.}i
00007120:  D8 E8 00 9D 3E AF 00 00 00 00 00 00 00 00 00 00  ....>...........
00007130:  00 00 00 00 00 00 00 00 00 00 00 00 00 00 00 00  ................ [zeros]
00007140:  00 00 00 00 00 00 00 00 00 00 00 00 00 00 00 00  ................ [zeros]
00007150:  00 00 00 00 00 00 00 00 00 00 00 00 00 00 00 00  ................ [zeros]
00007160:  00 00 00 00 00 00 00 00 00 00 00 00 00 00 00 00  ................ [zeros]
00007170:  00 00 00 00 00 00 46 63 23 C8 10 28 CA 7F 07 31  ......Fc#..(...1
00007180:  CF 4A C7 43 F0 F4 44 08 C9 53 76 3F A5 C2 23 E2  .J.C..D..Sv?..#.
00007190:  43 10 EC C4 1A B5 00 00 00 00 00 00 00 00 00 00  C...............
000071A0:  00 00 00 00 00 00 00 00 00 00 00 00 00 00 00 00  ................ [zeros]
000071B0:  00 00 00 00 00 00 00 00 00 00 00 00 00 00 00 00  ................ [zeros]
000071C0:  00 00 00 00 00 00 00 00 00 00 00 00 00 00 00 00  ................ [zeros]
000071D0:  00 00 00 00 00 00 00 00 00 00 00 00 00 00 00 00  ................ [zeros]
000071E0:  00 00 00 00 00 00 00 00 00 00 00 00 00 00 00 00  ................ [zeros]
000071F0:  00 00 00 00 00 00 00 00 00 00 00 00 00 00 00 00  ................ [zeros]
00007200:  00 00 00 00 00 00 00 00 00 00 00 00 00 00 00 00  ................ [zeros]
00007210:  00 00 00 00 00 00 00 00 00 00 00 00 00 00 00 00  ................ [zeros]
00007220:  00 00 00 00 00 00 00 00 00 00 00 00 00 00 00 00  ................ [zeros]
00007230:  00 00 00 00 00 00 00 00 00 00 00 00 00 00 00 00  ................ [zeros]
00007240:  00 00 00 00 00 00 00 00 00 00 00 00 00 00 00 00  ................ [zeros]
00007250:  00 00 00 00 00 00 75 A1 A2 C4 1C 0A 4A 41 D1 5F  ......u.....JA._
00007260:  28 DB 21 EE 7D 44 3B C4 2B 54 EF 04 C7 2F E6 42  (.!.}D;.+T.../.B
00007270:  1D F8 75 19 9E E8 E2 32 BF 34 26 80 3E 4F BC 1D  ..u....2.4&.>O..
00007280:  79 ED FA 9C 86 F5 A6 EB A2 6B 59 10 18 65 0B A7  y........kY..e..
00007290:  B6 69 9D 91 92 8B 5E E1 8C 1F 1D 91 59 47 C8 8F  .i....^.....YG..
000072A0:  A7 B7 66 34 5A DB 6C 80 40 A0 87 23 EA 72 E7 EB  ..f4Z.l.@..#.r..
000072B0:  94 40 7A A9 A4 49 6D 0C C0 BC 75 6D 71 59 1F 05  .@z..Im...umqY..
000072C0:  EA FA C7 D9 70 26 45 AD 7F 26 1E 53 5C C6 73 5F  ....p&E..&.S\.s_
000072D0:  6B 9A 67 E4 15 D0 31 A9 32 9D 74 7E 1F 10 8E 86  k.g...1.2.t~....
000072E0:  F2 EE 5B 2F 94 76 72 24 58 E1 4E 9A F0 9B E3 F0  ..[/.vr$X.N.....
000072F0:  CD F9 7C 34 70 33 E1 3E 46 B3 F5 D8 8D A9 84 9B  ..|4p3.>F.......
00007300:  6A 3D D3 4E 49 06 06 5A 3C 8B 62 F8 A3 CB F8 D5  j=.NI..Z<.b.....
00007310:  46 7D CC 9B 9B B3 F4 14 17 B0 EA F6 06 75 FA 5B  F}...........u.[
00007320:  6A 57 74 1B B1 9E A6 9F B1 6E F4 0B 6D 6B 05 1F  jWt......n..mk..
00007330:  49 8C D6 DA 1F 49 9F 83 7F CC 87 AC AC 14 83 9D  I....I..........
00007340:  22 76 A3 E5 F2 5B C8 52 DF 61 97 66 02 B9 06 E0  "v...[.R.a.f....
00007350:  84 18 4D E7 BD FD 89 84 38 C8 6C 80 E6 44 0A 91  ..M.....8.l..D..
00007360:  77 1C 6F 44 35 4E B7 52 44 C5 86 8C 9D 2B 59 C6  w.oD5N.RD....+Y.
00007370:  5D 49 8A 90 C8 23 3F 8D 0D 63 0F 84 6D 76 9F C6  ]I...#?..c..mv..
00007380:  B3 25 B3 2A 0E 2A 6A 99 89 C3 EB 18 CD A6 03 73  .%.*.*j........s
00007390:  37 A6 F4 5D 8A 43 00 00 00 00 00 00 00 00 00 00  7..].C..........
000073A0:  00 00 00 00 00 00 64 63 73 33 89 AF F2 38 C6 56  ......dcs3...8.V
000073B0:  C8 9E DC E2 29 46 02 95 4A 6C E7 BB 36 0D EE 72  ....)F..Jl..6..r
000073C0:  F5 53 F1 88 BE D6 47 5B 58 F0 04 AE 41 12 98 A4  .S....G[X...A...
000073D0:  88 C7 C8 5A 65 A6 00 00 00 00 00 00 00 00 00 00  ...Ze...........
000073E0:  00 00 00 00 00 00 39 CB 32 15 94 08 7F CC 7E 79  ......9.2.....~y
000073F0:  B9 18 80 D3 9D A5 7B F6 A9 7F 67 EA 76 0A D1 69  ......{...g.v..i
00007400:  7C 77 72 3A 36 7D CE 9B FA 91 F1 EF 96 AB 6C 31  |wr:6}........l1
00007410:  70 59 89 7E 1F FA 00 00 00 00 00 00 00 00 00 00  pY.~............
00007420:  00 00 00 00 00 00 8B 69 32 BD 6B 83 BA E9 85 7E  .......i2.k....~
00007430:  05 9A EB D4 7C 1A 20 DD 35 63 3B BA 11 D0 0A 19  ....|. .5c;.....
00007440:  E6 5A 8F 57 F9 D5 00 00 00 00 00 00 00 00 00 00  .Z.W............
00007450:  00 00 00 00 00 00 5A 1D 5A 2F 86 29 41 B8 A8 52  ......Z.Z/.)A..R
00007460:  1E 0C CA 52 86 CF E4 00 69 7D B1 E1 4E AA 20 56  ...R....i}..N. V
00007470:  62 3C 37 EC 28 6C AC A8 6B D5 2E 27 94 EE 03 B8  b<7.(l..k..'....
00007480:  4F 43 16 DB 42 84 00 00 00 00 00 00 00 00 00 00  OC..B...........
00007490:  00 00 00 00 00 00 64 63 73 33 89 AF F2 38 C6 56  ......dcs3...8.V
000074A0:  C8 9E DC E2 29 46 02 95 4A 6C E7 BB 36 0D EE 72  ....)F..Jl..6..r
000074B0:  F5 53 F1 88 BE D6 76 68 DE 68 70 4C 45 95 98 A0  .S....vh.hpLE...
000074C0:  C8 3F 9B 56 83 10 00 00 00 00 00 00 00 00 00 00  .?.V............
000074D0:  00 00 00 00 00 00 00 00 00 00 00 00 00 00 00 00  ................ [zeros]
000074E0:  00 00 00 00 00 00 00 00 00 00 00 00 00 00 00 00  ................ [zeros]
000074F0:  00 00 00 00 00 00 00 00 00 00 00 00 00 00 00 00  ................ [zeros]
00007500:  00 00 00 00 00 00 00 00 00 00 00 00 00 00 00 00  ................ [zeros]
00007510:  00 00 00 00 00 00 00 00 00 00 00 00 00 00 00 00  ................ [zeros]
00007520:  00 00 00 00 00 00 00 00 00 00 00 00 00 00 00 00  ................ [zeros]
00007530:  00 00 00 00 00 00 00 00 00 00 00 00 00 00 00 00  ................ [zeros]
00007540:  00 00 00 00 00 00 00 00 00 00 00 00 00 00 00 00  ................ [zeros]
00007550:  00 00 00 00 00 00 00 00 00 00 00 00 00 00 00 00  ................ [zeros]
00007560:  00 00 00 00 00 00 00 00 00 00 00 00 00 00 00 00  ................ [zeros]
00007570:  00 00 00 00 00 00 00 00 00 00 00 00 00 00 00 00  ................ [zeros]
00007580:  00 00 00 00 00 00 00 00 00 00 00 00 00 00 00 00  ................ [zeros]
00007590:  00 00 00 00 00 00 96 8B FE 54 F5 32 D8 C9 C0 B9  .........T.2....
000075A0:  CD F3 DF 0D 84 6F 68 ED A6 14 91 A3 EE 79 98 BE  .....oh......y..
000075B0:  7C EE 49 F1 8C 73 15 60 79 72 CB BA C7 A8 31 BD  |.I..s.`yr....1.
000075C0:  AD 2C 2A 95 20 2F 00 00 00 00 00 00 00 00 00 00  .,*. /..........
000075D0:  00 00 00 00 00 00 85 09 DD 7C FE 3C 5B 73 7F 20  .........|.<[s. 
000075E0:  36 12 F8 DC EE B9 00 00 00 00 00 00 00 00 00 00  6...............
000075F0:  00 00 00 00 00 00 6B B1 F8 D1 13 74 96 03 83 FC  ......k....t....
00007600:  6B 09 EF 0F 18 45 E4 40 BD B6 72 DE 84 45 11 57  k....E.@..r..E.W
00007610:  1E B3 6C 92 B5 9C 96 8B FE 54 F5 32 D8 C9 C0 B9  ..l......T.2....
00007620:  CD F3 DF 0D 84 6F AC 7C 51 6B 6C 0A 11 1E 7F 54  .....o.|Qkl....T
00007630:  6D 7D 48 11 B8 9C 2A 35 CC 6F 05 47 AB 63 C8 48  m}H...*5.o.G.c.H
00007640:  30 65 D6 43 DC AA F5 30 CB 0C 80 FD 7D 77 36 CA  0e.C...0....}w6.
00007650:  B9 EA 01 1F 4A FB 46 48 B0 11 94 98 BD 5F 57 15  ....J.FH....._W.
00007660:  02 4A 41 D8 D9 DA A2 E8 A6 80 75 C1 02 14 1F A8  .JA.......u.....
00007670:  55 F2 6A 34 F4 2E 1F 6E D0 F4 BB 21 32 76 80 F9  U.j4...n...!2v..
00007680:  C7 CE E4 B0 45 6D 3E 7A 10 E7 77 24 A3 F8 5E D5  ....Em>z..w$..^.
00007690:  4D 1D 9E 42 35 B9 DC 7B 71 F7 FE E1 90 BA D6 44  M..B5..{q......D
000076A0:  0B 3F A2 D3 8D 53 FA 2B B6 FB 9C E8 FE 67 4B B0  .?...S.+.....gK.
000076B0:  C6 E9 15 5C 10 0E F5 DA B7 DE B3 E9 11 D8 28 F3  ...\..........(.
000076C0:  85 EF F7 A8 AA 32 6B FC 01 7F 30 BF 78 A2 A8 73  .....2k...0.x..s
000076D0:  0E CF AD 1D 6E 6C BF FD 18 2F 15 CC 35 14 60 9F  ....nl.../..5.`.
000076E0:  83 53 82 38 7D B4 B2 D0 0D 76 2A 95 5E D4 C0 B1  .S.8}....v*.^...
000076F0:  1E 2F 7B FC 56 D2 52 B9 80 CB 90 93 E4 64 28 8E  ./{.V.R......d(.
00007700:  23 84 7D 2C C6 65 BD 41 92 D3 DC 4C EE 06 6D 0C  #.},.e.A...L..m.
00007710:  9D 4B ED 7F 61 96 00 00 00 00 00 00 00 00 00 00  .K..a...........
00007720:  00 00 00 00 00 00 00 00 00 00 00 00 00 00 00 00  ................ [zeros]
00007730:  00 00 00 00 00 00 CE 9B FA 91 F1 EF 96 AB 6C 31  ..............l1
00007740:  70 59 89 7E 1F FA 00 00 00 00 00 00 00 00 00 00  pY.~............
00007750:  00 00 00 00 00 00 00 00 00 00 00 00 00 00 00 00  ................ [zeros]
00007760:  00 00 00 00 00 00 00 00 00 00 00 00 00 00 00 00  ................ [zeros]
00007770:  00 00 00 00 00 00 D4 9E 55 5F B5 7E 63 90 41 E2  ........U_.~c.A.
00007780:  1D 3A C5 FC 35 28 00 00 00 00 00 00 00 00 00 00  .:..5(..........
00007790:  00 00 00 00 00 00 00 00 00 00 00 00 00 00 00 00  ................ [zeros]
000077A0:  00 00 00 00 00 00 F0 E0 85 F8 C7 48 57 1B D8 FE  ...........HW...
000077B0:  CA 91 F0 F6 0E E9 00 00 00 00 00 00 00 00 00 00  ................
000077C0:  00 00 00 00 00 00 00 00 00 00 00 00 00 00 00 00  ................ [zeros]
000077D0:  00 00 00 00 00 00 0B 7A 3F 6A 8A 4A 04 2D 3F 8C  .......z?j.J.-?.
000077E0:  EE 8D 16 AB BD A0 00 00 00 00 00 00 00 00 00 00  ................
000077F0:  00 00 00 00 00 00 00 00 00 00 00 00 00 00 00 00  ................ [zeros]
00007800:  00 00 00 00 00 00 00 00 00 00 00 00 00 00 00 00  ................ [zeros]
00007810:  00 00 00 00 00 00 16 AC 43 AE 7D A6 28 3E 1A 74  ........C.}.(>.t
00007820:  5B 98 2B 10 24 CC 00 00 00 00 00 00 00 00 00 00  [.+.$...........
00007830:  00 00 00 00 00 00 00 00 00 00 00 00 00 00 00 00  ................ [zeros]
00007840:  00 00 00 00 00 00 13 A6 A1 A5 5B CA E4 58 9A 74  ..........[..X.t
00007850:  E9 B0 67 19 4E 61 00 00 00 00 00 00 00 00 00 00  ..g.Na..........
00007860:  00 00 00 00 00 00 00 00 00 00 00 00 00 00 00 00  ................ [zeros]
00007870:  00 00 00 00 00 00 32 4C 86 84 AE 0C 48 01 4A 97  ......2L....H.J.
00007880:  88 78 0E 67 A5 F9 CC 94 B3 54 CF 14 E5 0F 5B A2  .x.g.....T....[.
00007890:  B7 49 26 17 C2 51 37 0C 12 87 0A B5 A5 41 2E B7  .I&..Q7......A..
000078A0:  93 1C 0B FD A7 3F 0A 08 F7 DF 31 37 7F B6 19 91  .....?....17....
000078B0:  76 04 FF D0 1D A7 17 1D 14 43 75 18 18 F6 4B 93  v........Cu...K.
000078C0:  AD D9 11 37 69 DB 39 2D 35 AD E9 11 39 78 22 90  ...7i.9-5...9x".
000078D0:  A4 67 8D B6 9E AD 21 F3 1C F3 F2 0A 5E 0C 49 96  .g....!.....^.I.
000078E0:  42 02 6B 43 A5 EF BD 12 CA 76 19 D8 B5 B6 F6 39  B.kC.....v.....9
000078F0:  BC 89 0B 4F AE 4F FF 86 2F CE 06 A7 38 A2 1A 28  ...O.O../...8..(
00007900:  4A EE 4A DC 26 92 73 2E E0 98 7E 40 56 6A 02 0E  J.J.&.s...~@Vj..
00007910:  CD 0E 9C 8E B7 42 D9 BB 68 9E 9C 10 C1 98 0E 96  .....B..h.......
00007920:  62 FE 88 CD 18 39 2B EB BA CC 02 31 9B 81 52 1B  b....9+....1..R.
00007930:  35 C5 FD 78 93 4D F0 1C 94 F1 11 64 5D 60 BC 3F  5..x.M.....d]`.?
00007940:  2D 27 2B 54 2F C0 26 66 EA 52 69 7C 6D DB 2F 69  -'+T/.&f.Ri|m./i
00007950:  87 3B 36 BB E3 6F 6D 76 4A C9 CC 6F F0 98 FA 7B  .;6..omvJ..o...{
00007960:  56 24 EE D7 22 A0 8C D1 C7 DC 08 80 8A D4 0C 69  V$.."..........i
00007970:  3E 75 91 1F D4 78 58 7D BD 57 5F F0 B4 5E 94 1D  >u...xX}.W_..^..
00007980:  C9 44 88 D7 FD 03 C8 37 B9 DD 81 31 2D 49 1C 42  .D.....7...1-I.B
00007990:  6A F3 97 E2 D2 7A C8 37 B9 DD 81 31 2D 49 1C 42  j....z.7...1-I.B
000079A0:  6A F3 97 E2 D2 7A C8 37 B9 DD 81 31 2D 49 1C 42  j....z.7...1-I.B
000079B0:  6A F3 97 E2 D2 7A 4A D6 5B 8B 31 6E 1A 0C 8B AB  j....zJ.[.1n....
000079C0:  F4 61 F3 FC 52 BC F4 58 CF 03 88 76 70 0B B8 04  .a..R..X...vp...
000079D0:  C3 59 5A 16 77 DF F4 58 CF 03 88 76 70 0B B8 04  .YZ.w..X...vp...
000079E0:  C3 59 5A 16 77 DF F4 58 CF 03 88 76 70 0B B8 04  .YZ.w..X...vp...
000079F0:  C3 59 5A 16 77 DF 68 71 38 09 7D 81 5F 9F C9 8E  .YZ.w.hq8.}._...
00007A00:  94 CB 5F 08 ED BB 8E 3F 99 A3 1F F4 F5 30 9D 3B  .._....?.....0.;
00007A10:  22 71 82 8C D0 E4 B7 04 59 BE 8F F6 FD D2 7C B2  "q......Y.....|.
00007A20:  3F A7 60 EC 0F 0B 21 F8 C7 69 66 7E 97 8E CE 1D  ?.`...!..if~....
00007A30:  64 9D 3B ED 02 2D 5A 10 75 D7 48 91 08 B7 66 7F  d.;..-Z.u.H...f.
00007A40:  89 CE 35 45 1D 45 A6 79 03 C8 A8 A0 41 E2 35 10  ..5E.E.y....A.5.
00007A50:  8C 72 76 B1 D7 E3 42 AE 25 94 D7 F1 24 E4 26 89  .rv...B.%...$.&.
00007A60:  FF 44 9F F4 02 3D 42 AE 25 94 D7 F1 24 E4 26 89  .D...=B.%...$.&.
00007A70:  FF 44 9F F4 02 3D 42 AE 25 94 D7 F1 24 E4 26 89  .D...=B.%...$.&.
00007A80:  FF 44 9F F4 02 3D D8 D4 58 69 17 30 42 DD B9 A8  .D...=..Xi.0B...
00007A90:  8E EE EC 90 3C 60 53 AD E3 E7 23 38 82 91 7E 30  ....<`S...#8..~0
00007AA0:  00 0A AA D3 77 6C 37 BE A0 14 44 D5 B1 52 FD 9B  ....wl7...D..R..
00007AB0:  18 96 0F 9B EC 6B 86 61 8B E0 FB 0B 5A 2B 25 16  .....k.a....Z+%.
00007AC0:  B0 66 04 F1 94 69 05 00 AA 84 7F 2E 93 2F 05 8F  .f...i......./..
00007AD0:  F7 B4 C5 FD C2 83 C5 13 BA 42 67 A6 A7 84 CD 31  .........Bg....1
00007AE0:  0F F1 A5 BA C5 E8 F0 10 84 2A 67 8A 03 62 65 79  .........*g..bey
00007AF0:  95 5D 56 8C 2D 95 B1 AD 0D F4 F9 BF E0 3D A2 15  .]V.-........=..
00007B00:  24 A7 E5 DB BC B1 5A 1C FD 4A AA 33 D7 85 B0 07  $.....Z..J.3....
00007B10:  F7 EC 34 DC C1 20 6A BD 29 C1 3D CC 3E 00 24 D8  ..4.. j.).=.>.$.
00007B20:  56 43 83 70 1D E3 53 AD E3 E7 23 38 82 91 7E 30  VC.p..S...#8..~0
00007B30:  00 0A AA D3 77 6C 37 BE A0 14 44 D5 B1 52 FD 9B  ....wl7...D..R..
00007B40:  18 96 0F 9B EC 6B 86 61 8B E0 FB 0B 5A 2B 25 16  .....k.a....Z+%.
00007B50:  B0 66 04 F1 94 69 05 00 AA 84 7F 2E 93 2F 05 8F  .f...i......./..
00007B60:  F7 B4 C5 FD C2 83 C5 13 BA 42 67 A6 A7 84 CD 31  .........Bg....1
00007B70:  0F F1 A5 BA C5 E8 F0 10 84 2A 67 8A 03 62 65 79  .........*g..bey
00007B80:  95 5D 56 8C 2D 95 1C 14 F5 75 74 1E 1C A1 33 90  .]V.-....ut...3.
00007B90:  9B 86 DB C7 09 FE 71 3B 9C B5 9F 25 17 FB E7 06  ......q;...%....
00007BA0:  F7 AE CD F3 F0 BB 87 0F FD D7 34 4C 49 B7 7D 69  ..........4LI.}i
00007BB0:  D8 E8 00 9D 3E AF 0C 7E EF 3B 6F 11 10 26 2E 47  ....>..~.;o..&.G
00007BC0:  AB 08 EE 6B 6B 64 94 32 09 F7 E4 75 AC B6 18 AC  ...kkd.2...u....
00007BD0:  6B 72 E3 02 76 B9 6A A1 F9 F2 3B 06 E1 D7 27 99  kr..v.j...;...'.
00007BE0:  E5 34 B8 1C                                      .4..

; --- structure summary (block types) ---
; 0x00000060..+0xD0  data   (208 bytes)
; 0x00000130..+0x40  zeros  (64 bytes)
; 0x00000170..+0x220  data   (544 bytes)
; 0x00000390..+0x170  zeros  (368 bytes)
; 0x00000500..+0x580  data   (1408 bytes)
; 0x00000A80..+0x3E0  zeros  (992 bytes)
; 0x00000E60..+0x20  data   (32 bytes)
; 0x00000E80..+0x3E0  zeros  (992 bytes)
; 0x00001260..+0x20  data   (32 bytes)
; 0x00001280..+0x3F0  zeros  (1008 bytes)
; 0x00001670..+0x20  data   (32 bytes)
; 0x00001690..+0x3E0  zeros  (992 bytes)
; 0x00001A70..+0x23E0  data   (9184 bytes)
; 0x00003E50..+0x10  zeros  (16 bytes)
; 0x00003E60..+0x40  data   (64 bytes)
; 0x00003EA0..+0x70  zeros  (112 bytes)
; 0x00003F10..+0x50  data   (80 bytes)
; 0x00003F60..+0x20  zeros  (32 bytes)
; 0x00003F80..+0xB0  data   (176 bytes)
; 0x00004030..+0xA0  zeros  (160 bytes)
; 0x000040D0..+0x40  data   (64 bytes)
; 0x00004110..+0xF0  zeros  (240 bytes)
; 0x00004200..+0x40  data   (64 bytes)
; 0x00004240..+0x170  zeros  (368 bytes)
; 0x000043B0..+0xE0  data   (224 bytes)
; 0x00004490..+0x5F0  zeros  (1520 bytes)
; 0x00004A80..+0x140  data   (320 bytes)
; 0x00004BC0..+0xF0  zeros  (240 bytes)
; 0x00004CB0..+0x220  data   (544 bytes)
; 0x00004ED0..+0x30  zeros  (48 bytes)
; 0x00004F00..+0xA0  data   (160 bytes)
; 0x00004FA0..+0xA0  zeros  (160 bytes)
; 0x00005040..+0xB0  data   (176 bytes)
; 0x000050F0..+0x10  zeros  (16 bytes)
; 0x00005100..+0xD0  data   (208 bytes)
; 0x000051D0..+0xC0  zeros  (192 bytes)
; 0x00005290..+0x280  data   (640 bytes)
; 0x00005510..+0x50  zeros  (80 bytes)
; 0x00005560..+0x160  data   (352 bytes)
; 0x000056C0..+0x40  zeros  (64 bytes)
; 0x00005700..+0x250  data   (592 bytes)
; 0x00005950..+0x60  zeros  (96 bytes)
; 0x000059B0..+0xF0  data   (240 bytes)
; 0x00005AA0..+0xD0  zeros  (208 bytes)
; 0x00005B70..+0x240  data   (576 bytes)
; 0x00005DB0..+0xD0  zeros  (208 bytes)
; 0x00005E80..+0x230  data   (560 bytes)
; 0x000060B0..+0x30  zeros  (48 bytes)
; 0x000060E0..+0x60  data   (96 bytes)
; 0x00006140..+0xA0  zeros  (160 bytes)
; 0x000061E0..+0x60  data   (96 bytes)
; 0x00006240..+0x40  zeros  (64 bytes)
; 0x00006280..+0x20  data   (32 bytes)
; 0x000062A0..+0xB0  zeros  (176 bytes)
; 0x00006350..+0x50  data   (80 bytes)
; 0x000063A0..+0x40  zeros  (64 bytes)
; 0x000063E0..+0x30  data   (48 bytes)
; 0x00006410..+0xA0  zeros  (160 bytes)
; 0x000064B0..+0x290  data   (656 bytes)
; 0x00006740..+0xC0  zeros  (192 bytes)
; 0x00006800..+0x190  data   (400 bytes)
; 0x00006990..+0x10  zeros  (16 bytes)
; 0x000069A0..+0x20  data   (32 bytes)
; 0x000069C0..+0x10  zeros  (16 bytes)
; 0x000069D0..+0x20  data   (32 bytes)
; 0x000069F0..+0x20  zeros  (32 bytes)
; 0x00006A10..+0x20  data   (32 bytes)
; 0x00006A30..+0x10  zeros  (16 bytes)
; 0x00006A40..+0x20  data   (32 bytes)
; 0x00006A60..+0x10  zeros  (16 bytes)
; 0x00006A70..+0x20  data   (32 bytes)
; 0x00006A90..+0x10  zeros  (16 bytes)
; 0x00006AA0..+0x20  data   (32 bytes)
; 0x00006AC0..+0x20  zeros  (32 bytes)
; 0x00006AE0..+0x360  data   (864 bytes)
; 0x00006E40..+0x40  zeros  (64 bytes)
; 0x00006E80..+0x50  data   (80 bytes)
; 0x00006ED0..+0xA0  zeros  (160 bytes)
; 0x00006F70..+0x60  data   (96 bytes)
; 0x00006FD0..+0x40  zeros  (64 bytes)
; 0x00007010..+0x30  data   (48 bytes)
; 0x00007040..+0xA0  zeros  (160 bytes)
; 0x000070E0..+0x50  data   (80 bytes)
; 0x00007130..+0x40  zeros  (64 bytes)
; 0x00007170..+0x30  data   (48 bytes)
; 0x000071A0..+0xB0  zeros  (176 bytes)
; 0x00007250..+0x280  data   (640 bytes)
; 0x000074D0..+0xC0  zeros  (192 bytes)
; 0x00007590..+0x190  data   (400 bytes)
; 0x00007720..+0x10  zeros  (16 bytes)
; 0x00007730..+0x20  data   (32 bytes)
; 0x00007750..+0x20  zeros  (32 bytes)
; 0x00007770..+0x20  data   (32 bytes)
; 0x00007790..+0x10  zeros  (16 bytes)
; 0x000077A0..+0x20  data   (32 bytes)
; 0x000077C0..+0x10  zeros  (16 bytes)
; 0x000077D0..+0x20  data   (32 bytes)
; 0x000077F0..+0x20  zeros  (32 bytes)
; 0x00007810..+0x20  data   (32 bytes)
; 0x00007830..+0x10  zeros  (16 bytes)
; 0x00007840..+0x20  data   (32 bytes)
; 0x00007860..+0x10  zeros  (16 bytes)
; 0x00007870..+0x370  data   (880 bytes)
