; Decrypted GatewaySettings dump (see FORMAT.md)
; key = c108f366f6b815cb282fab31e7d24089 (aligned at 0x60)

00000060:  6D 7B 5F 65 72 84 50 3A 12 80 99 95 70 2B F8 83  m{_er.P:....p+..
00000070:  84 B2 C8 26 B3 E6 E6 43 B3 D5 D2 10 9C C0 B0 61  ...&...C.......a
00000080:  A5 E8 62 1F 9C 5F D3 43 7F 15 A7 D7 3D 6D 0A 00  ..b.._.C....=m..
00000090:  75 4C DA 87 33 6D 0A E9 AA 86 A3 40 CC 9F 1B A8  uL..3m.....@....
000000A0:  36 F0 F4 1E 84 31 00 00 00 00 00 00 00 00 00 00  6....1..........
000000B0:  00 00 00 00 00 00 A8 AE A7 BA BF 5F F9 19 61 6D  ..........._..am
000000C0:  21 5C 45 9C FE 7E 1C DE CA 94 92 0D A6 62 B7 ED  !\E..~.......b..
000000D0:  E5 B4 98 97 3B EF 64 60 CB 30 25 92 46 56 C7 2E  ....;.d`.0%.FV..
000000E0:  2A 92 25 AD D6 04 E6 95 17 7E 3C 2A 79 A7 66 77  *.%......~<*y.fw
000000F0:  B3 47 E2 3E A1 1A C8 2D 8A 14 3C D1 CF DA 82 B2  .G.>...-..<.....
00000100:  EE 7A 85 35 0A BF 6B 67 90 90 3A 0C A5 42 62 97  .z.5..kg..:..Bb.
00000110:  3C F6 50 C2 E7 B0 25 87 43 83 F9 DF F4 1A 41 9A  <.P...%.C.....A.
00000120:  9F 80 79 BB 96 FA 00 00 00 00 00 00 00 00 00 00  ..y.............
00000130:  00 00 00 00 00 00 00 00 00 00 00 00 00 00 00 00  ................ [zeros]
00000140:  00 00 00 00 00 00 00 00 00 00 00 00 00 00 00 00  ................ [zeros]
00000150:  00 00 00 00 00 00 00 00 00 00 00 00 00 00 00 00  ................ [zeros]
00000160:  00 00 00 00 00 00 00 00 00 00 00 00 00 00 00 00  ................ [zeros]
00000170:  00 00 00 00 00 00 27 5C 7E C7 A0 28 A9 71 50 B7  ......'\~..(.qP.
00000180:  9D 95 D6 20 DB 8E 85 3D 25 75 D1 A2 A4 56 93 4E  ... ...=%u...V.N
00000190:  51 08 F3 4D 38 DE 2B FB BB 35 D5 F8 D7 7C 50 87  Q..M8.+..5...|P.
000001A0:  8F 3E 7A FB 4E DB 0F 9E ED 91 02 C2 98 51 92 78  .>z.N........Q.x
000001B0:  D7 60 BF A4 5D 1F 2D E8 5C 70 67 5C 21 32 85 41  .`..].-.\pg\!2.A
000001C0:  3C BB 51 91 DB 7B AF 02 9B DF EA 65 85 B1 1D EC  <.Q..{.....e....
000001D0:  32 AF D2 E9 02 FE 45 15 0B 7B EE 37 95 91 C0 12  2.....E..{.7....
000001E0:  60 33 34 22 27 9B DC C0 E6 25 7B 08 20 29 57 6D  `34"'....%{. )Wm
000001F0:  CE 68 90 DE 53 68 B4 3A A3 3C D6 CC A5 57 FB EF  .h..Sh.:.<...W..
00000200:  FD 35 AE 3B 44 5A BD A4 50 98 09 42 D5 67 91 86  .5.;DZ..P..B.g..
00000210:  38 9B 31 54 9D E2 DA 3A 52 C5 18 39 D5 BC B5 DA  8.1T...:R..9....
00000220:  7D F5 1E 85 13 29 D4 D8 28 34 35 6E B2 F5 02 7F  }....)..(45n....
00000230:  CA E4 FB AF C1 3F 94 91 6D C7 AB 7F A6 B6 9E 1E  .....?..m.......
00000240:  7E 23 81 F0 0B 02 80 7C C9 56 95 7D 44 D1 91 C3  ~#.....|.V.}D...
00000250:  2F 5E 1D 22 43 5D A5 05 64 23 AA 14 4E AA 7C DF  /^."C]..d#..N.|.
00000260:  47 79 1F F8 D4 AE 1B DE D7 58 DE B8 17 A8 40 46  Gy.......X....@F
00000270:  FB F1 83 89 D9 CC CC E0 E5 85 4C A9 4F 16 CC A4  ..........L.O...
00000280:  4C B7 25 C9 07 2E 71 C6 DB AF 63 F9 00 7A 98 E4  L.%...q...c..z..
00000290:  87 07 12 97 72 BA EC 53 65 DE BD C5 8A F8 37 D4  ....r..Se.....7.
000002A0:  82 9B 75 EC DC CB CC BE 1A 1A BE 44 C8 89 BB 02  ..u........D....
000002B0:  6C 79 13 BC 45 18 F4 1B 13 8E BA 82 D6 80 02 95  ly..E...........
000002C0:  1F E7 19 CC EE 71 90 9F C3 D1 D4 20 16 76 4A 0E  .....q..... .vJ.
000002D0:  20 9B EF 92 4D FE 3B 04 63 1E 29 F1 E8 2D 57 3E   ...M.;.c.)..-W>
000002E0:  6C 6E 5A D7 8B AB C9 B8 2B 92 69 33 26 44 3D 25  lnZ.....+.i3&D=%
000002F0:  F0 4F 1C B1 18 DA 40 E5 BA 07 42 51 FA D8 6C D3  .O....@...BQ..l.
00000300:  3E 49 08 53 91 2E 7A 06 3D FD AB 90 98 FE 59 8C  >I.S..z.=.....Y.
00000310:  FB 53 B8 4F 6B 24 E9 88 7B DD E1 FC 8E B4 15 83  .S.Ok$..{.......
00000320:  63 A1 C3 E3 F8 EF E9 88 7B DD E1 FC 8E B4 15 83  c.......{.......
00000330:  63 A1 C3 E3 F8 EF 8C E8 C8 0E EE 9E 74 83 2B 18  c...........t.+.
00000340:  A5 D4 FE F2 60 F5 01 8A 05 59 84 EB D6 69 3A 4B  ....`....Y...i:K
00000350:  22 52 53 1A C1 AD F5 3B D9 E8 6A 9E 05 8B 31 BC  "RS....;..j...1.
00000360:  DC FD 34 2E 2F 34 92 86 00 BD 76 C8 4D D1 21 09  ..4./4....v.M.!.
00000370:  93 F1 BF 64 D3 43 CD A5 74 A2 D3 B6 B0 2B 78 27  ...d.C..t....+x'
00000380:  7D 41 EC 90 67 37 00 00 00 00 00 00 00 00 00 00  }A..g7..........
00000390:  00 00 00 00 00 00 00 00 00 00 00 00 00 00 00 00  ................ [zeros]
000003A0:  00 00 00 00 00 00 00 00 00 00 00 00 00 00 00 00  ................ [zeros]
000003B0:  00 00 00 00 00 00 00 00 00 00 00 00 00 00 00 00  ................ [zeros]
000003C0:  00 00 00 00 00 00 00 00 00 00 00 00 00 00 00 00  ................ [zeros]
000003D0:  00 00 00 00 00 00 00 00 00 00 00 00 00 00 00 00  ................ [zeros]
000003E0:  00 00 00 00 00 00 00 00 00 00 00 00 00 00 00 00  ................ [zeros]
000003F0:  00 00 00 00 00 00 00 00 00 00 00 00 00 00 00 00  ................ [zeros]
00000400:  00 00 00 00 00 00 00 00 00 00 00 00 00 00 00 00  ................ [zeros]
00000410:  00 00 00 00 00 00 00 00 00 00 00 00 00 00 00 00  ................ [zeros]
00000420:  00 00 00 00 00 00 00 00 00 00 00 00 00 00 00 00  ................ [zeros]
00000430:  00 00 00 00 00 00 00 00 00 00 00 00 00 00 00 00  ................ [zeros]
00000440:  00 00 00 00 00 00 00 00 00 00 00 00 00 00 00 00  ................ [zeros]
00000450:  00 00 00 00 00 00 00 00 00 00 00 00 00 00 00 00  ................ [zeros]
00000460:  00 00 00 00 00 00 00 00 00 00 00 00 00 00 00 00  ................ [zeros]
00000470:  00 00 00 00 00 00 00 00 00 00 00 00 00 00 00 00  ................ [zeros]
00000480:  00 00 00 00 00 00 00 00 00 00 00 00 00 00 00 00  ................ [zeros]
00000490:  00 00 00 00 00 00 00 00 00 00 00 00 00 00 00 00  ................ [zeros]
000004A0:  00 00 00 00 00 00 00 00 00 00 00 00 00 00 00 00  ................ [zeros]
000004B0:  00 00 00 00 00 00 00 00 00 00 00 00 00 00 00 00  ................ [zeros]
000004C0:  00 00 00 00 00 00 00 00 00 00 00 00 00 00 00 00  ................ [zeros]
000004D0:  00 00 00 00 00 00 00 00 00 00 00 00 00 00 00 00  ................ [zeros]
000004E0:  00 00 00 00 00 00 00 00 00 00 00 00 00 00 00 00  ................ [zeros]
000004F0:  00 00 00 00 00 00 00 00 00 00 00 00 00 00 00 00  ................ [zeros]
00000500:  00 00 00 00 00 00 94 DB 98 23 BA 27 3F F2 F7 49  .........#.'?..I
00000510:  8E 21 CA 7B 3C 1C BD 45 09 9A 70 F9 CE C2 DE 23  .!.{<..E..p....#
00000520:  D2 4A 11 BB 6D CB 39 04 5A 36 2F D2 2E 13 83 C0  .J..m.9.Z6/.....
00000530:  03 D4 CC D2 C3 D4 3B B5 1B EB 75 11 6F 24 FB AD  ......;...u.o$..
00000540:  B4 ED 30 54 BD 92 92 8C EF 79 82 7E F9 DC 54 13  ..0T.....y.~..T.
00000550:  89 BD 99 67 88 BC 88 22 4A 4B 72 61 06 FD A0 0E  ...g..."JKra....
00000560:  F9 CD 7B EA 8F DA E5 DF 43 93 B4 C5 C7 A5 C0 9E  ..{.....C.......
00000570:  BB 98 01 95 FD 51 68 00 87 05 87 94 2C 23 ED B7  .....Qh.....,#..
00000580:  0A FC 1D FB B8 7A F5 34 71 6A 90 AE 3D 9A E1 78  .....z.4qj..=..x
00000590:  A9 7C DE 11 D0 0A 73 E8 36 12 54 15 2A F1 AF F2  .|....s.6.T.*...
000005A0:  EA C8 2E 83 9E 8D 63 EE 73 B6 C3 64 D7 BD B7 EB  ......c.s..d....
000005B0:  EF D5 E4 9C 09 9F 65 86 7B 1D 99 15 D2 DC 60 2C  ......e.{.....`,
000005C0:  15 02 6E B3 B3 68 73 E3 1D C3 B9 CB 9D F4 27 16  ..n..hs.......'.
000005D0:  05 65 4F 9C A2 B7 00 72 BF 32 CA 13 BD A7 C8 BC  .eO....r.2......
000005E0:  65 3C 2A C2 45 A7 1B 50 69 AB B0 C6 8E 14 36 6D  e<*.E..Pi.....6m
000005F0:  5F B1 7F 7D 65 76 58 1D 72 F4 09 F9 B0 62 14 DA  _..}evX.r....b..
00000600:  51 F8 2D 40 3A 4A 71 1B 23 5F 00 08 CD 2A 3D 33  Q.-@:Jq.#_...*=3
00000610:  D3 26 E1 B7 75 27 20 01 7B DF 4F EB 41 92 48 BB  .&..u' .{.O.A.H.
00000620:  19 EF 15 9F 17 95 74 AB D5 A8 39 24 26 37 51 EA  ......t...9$&7Q.
00000630:  0F B9 7A 9A DE 41 D6 99 00 32 37 ED 02 7F D5 C0  ..z..A...27.....
00000640:  BF 45 D1 7E 94 AD 3C 69 1E F8 D0 8D 8C 78 3C F1  .E.~..<i.....x<.
00000650:  33 31 73 41 8C 06 64 9F F2 59 F9 35 92 35 AE 51  31sA..d..Y.5.5.Q
00000660:  2C 55 A8 14 87 25 6E 4D B2 17 27 F3 16 16 CA 6C  ,U...%nM..'....l
00000670:  04 75 7A E8 FC F3 5E 84 3E E3 3E 8C 5B 72 CE 82  .uz...^.>.>.[r..
00000680:  FC 98 DB AC 02 07 FF 53 42 E7 D0 14 04 D7 F6 4F  .......SB......O
00000690:  19 2F 5F 84 D1 94 28 CD 1C DA 7D 29 89 3B 09 EE  ./_...(...}).;..
000006A0:  70 C7 9C D2 81 1E A6 0E 72 7F 1B 41 5C C3 6E 4B  p.......r..A\.nK
000006B0:  42 08 60 3B DD B1 AB 08 60 57 12 33 BB 83 81 C0  B.`;....`W.3....
000006C0:  ED BB 24 A0 C1 DC 28 C0 D2 98 D2 AF CA 97 02 1C  ..$...(.........
000006D0:  19 68 5A B1 00 F9 6F 11 CA D6 FA 74 55 3C 55 3B  .hZ...o....tU<U;
000006E0:  9E F4 22 B4 57 95 D2 4D FD D0 76 D4 F0 2B 4A DF  ..".W..M..v..+J.
000006F0:  CF 39 61 4A 93 6A 42 22 B8 57 FB 7A AC 33 54 48  .9aJ.jB".W.z.3TH
00000700:  9E 22 72 A8 E2 9C 0B 3E 19 85 BA 08 CF 96 08 B9  ."r....>........
00000710:  21 DA BF 05 5C AF C1 3E 29 87 0F 51 85 AA A0 25  !...\..>)..Q...%
00000720:  14 8F 79 9C C2 A4 A2 2D D7 81 80 06 1C 31 D9 C6  ..y....-.....1..
00000730:  BC 55 3E 12 61 F8 72 4D D5 F7 1D 79 9B 5E A7 C2  .U>.a.rM...y.^..
00000740:  9B DD 6A 2C 04 80 86 DA 34 F6 70 80 19 4A 13 54  ..j,....4.p..J.T
00000750:  17 D8 D6 7A E7 52 2B 1F 8E D6 32 95 C8 DF C1 B5  ...z.R+...2.....
00000760:  90 74 CE C2 BA 2C 19 4B 6B DB D9 9E 74 1B E8 EC  .t...,.Kk...t...
00000770:  1F 7D BC 8C E5 16 42 96 AE 6F 72 73 A4 26 F8 5F  .}....B..ors.&._
00000780:  34 7F B9 D7 DC 70 43 5F BE DA 3A 2F E5 36 81 AC  4....pC_..:/.6..
00000790:  31 20 45 93 EE 24 7D 25 06 11 AA A2 5B E4 DD 39  1 E..$}%....[..9
000007A0:  87 44 B3 83 58 2E 06 E7 33 A0 22 00 07 5D 45 8C  .D..X...3."..]E.
000007B0:  08 1A 44 22 95 58 29 38 B3 9F A6 B4 AC A3 92 33  ..D".X)8.......3
000007C0:  E0 63 D7 B0 E0 67 8D E6 57 00 50 5C 68 6F 10 DE  .c...g..W.P\ho..
000007D0:  C4 78 4D 85 A4 5B C4 03 63 07 EE 6E AE 8A D5 7A  .xM..[..c..n...z
000007E0:  FE D2 BB 0D EC A1 A3 EA 24 7B 21 03 49 03 6F F9  ........${!.I.o.
000007F0:  45 33 69 B2 44 F9 94 CF CA 6E 67 85 26 EE 5C 75  E3i.D....ng.&.\u
00000800:  26 3B 0B 0B F5 1E 5B 76 42 A8 21 98 0B CB 9D A8  &;....[vB.!.....
00000810:  74 25 5F F9 E5 DE 23 F5 F9 CB A2 64 B4 EE DF 63  t%_...#....d...c
00000820:  8C E8 EB EE 23 63 B7 6E 50 FD A4 76 E6 36 76 A7  ....#c.nP..v.6v.
00000830:  6A 05 E1 D7 B8 C5 81 A0 3B 87 BE 88 6E 1E D8 C5  j.......;...n...
00000840:  6A 20 40 23 7D B0 D6 6C 77 FB 96 9A BC 96 B4 AC  j @#}..lw.......
00000850:  1C 6A EE 33 8D 70 A9 53 6F 05 47 D6 25 0F 8E 53  .j.3.p.So.G.%..S
00000860:  7C A3 B0 54 B9 A0 8A 33 07 51 F2 7D BC 31 93 11  |..T...3.Q.}.1..
00000870:  CE E0 53 9C 6E 27 CA 59 4E 83 08 CE D1 02 A2 68  ..S.n'.YN......h
00000880:  30 88 D8 36 5C CC 83 09 D6 7D 4D D9 E6 9D 3A 6F  0..6\....}M...:o
00000890:  0C 75 98 D6 9C 56 47 A0 B8 ED AD 29 91 B4 B2 4D  .u...VG....)...M
000008A0:  D7 76 84 3D 7E 84 8B C4 86 0B E0 A7 C8 1D 8B BD  .v.=~...........
000008B0:  21 E1 F6 48 10 24 FA 39 08 AB 55 9B 2F D1 0D 7A  !..H.$.9..U./..z
000008C0:  A8 95 5A 4E AC E9 5B 17 DB 83 3D E7 12 08 E9 45  ..ZN..[...=....E
000008D0:  34 1E 79 C7 09 B3 24 7F B9 04 AD B3 D2 5E 57 6E  4.y...$......^Wn
000008E0:  96 8F 53 CF F0 50 F9 16 22 9C 97 94 2B 81 68 5C  ..S..P.."...+.h\
000008F0:  56 6E BB 6E B8 9B 59 F9 EE 03 7F 63 A6 3A ED 63  Vn.n..Y....c.:.c
00000900:  C1 67 5B 02 79 39 8C DC 7D 38 8F 80 1F C5 9E 7E  .g[.y9..}8.....~
00000910:  4A D9 5C 53 B5 22 76 6C 69 88 73 A6 E7 B0 64 0B  J.\S."vli.s...d.
00000920:  04 C4 41 9C 91 A0 A0 04 F7 28 C5 12 E6 13 A2 46  ..A......(.....F
00000930:  0E 82 C2 4C C1 85 03 F8 AC 62 15 62 68 BD C1 29  ...L.....b.bh..)
00000940:  7A 26 6A 9F 87 5D 8D 5E F0 3C 93 1F 10 A4 50 BE  z&j..].^.<....P.
00000950:  CF 2A 63 68 62 5A F1 5F 06 69 48 5D BA C7 58 EF  .*chbZ._.iH]..X.
00000960:  C1 9E A1 A4 EC 60 6F B2 4D 89 10 94 D5 6C 22 C4  .....`o.M....l".
00000970:  D7 CB F0 62 00 D6 4D 81 16 D6 8E 7F FB 81 2F 3A  ...b..M......./:
00000980:  CD 5C B8 6E 87 83 20 F2 FD 4E 1C 88 1E B9 E5 3E  .\.n.. ..N.....>
00000990:  05 51 ED 7F 25 F0 49 0E 1F AC BC 9A 48 1B E3 B2  .Q..%.I.....H...
000009A0:  A5 D3 CD 1E 33 48 D2 9E 40 7B 21 A0 B1 C5 4E 2D  ....3H..@{!...N-
000009B0:  CB 48 C8 58 60 70 76 6C 69 88 73 A6 E7 B0 64 0B  .H.X`pvli.s...d.
000009C0:  04 C4 41 9C 91 A0 C6 E1 4D BB 4C 07 21 96 50 60  ..A.....M.L.!.P`
000009D0:  49 38 72 59 41 C2 1D DF BC 9F 4C 28 A1 80 8D 8E  I8rYA.....L(....
000009E0:  3C 3C EA 0D 05 FC A0 6B 39 BE ED 7B 31 5E F6 61  <<.....k9..{1^.a
000009F0:  3F 30 D4 27 C8 C6 48 FD D1 D5 E8 17 F0 53 99 F3  ?0.'..H......S..
00000A00:  E3 F4 55 48 F5 2C A1 5B 33 78 5B A0 D2 F0 E9 3F  ..UH.,.[3x[....?
00000A10:  25 3B 34 FD D9 E8 CD D5 33 D2 17 A4 69 38 57 7A  %;4.....3...i8Wz
00000A20:  35 4E A7 74 19 C9 FF E3 6A 22 1C 79 27 A7 4E 49  5N.t....j".y'.NI
00000A30:  99 99 68 E7 75 6F 37 6F 08 0B CE 9B AA 55 34 39  ..h.uo7o.....U49
00000A40:  9A 26 16 DC E7 EF 32 C7 11 39 C9 0D 88 AE 6E 27  .&....2..9....n'
00000A50:  F5 F5 6C 60 34 46 E4 84 AE A9 CD 34 E2 88 D3 88  ..l`4F.....4....
00000A60:  1C AF CA 17 8F F1 40 6C FD D9 BC B0 BB F4 1E 40  ......@l.......@
00000A70:  DC B6 52 ED 33 FD 00 00 00 00 00 00 00 00 00 00  ..R.3...........
00000A80:  00 00 00 00 00 00 00 00 00 00 00 00 00 00 00 00  ................ [zeros]
00000A90:  00 00 00 00 00 00 00 00 00 00 00 00 00 00 00 00  ................ [zeros]
00000AA0:  00 00 00 00 00 00 00 00 00 00 00 00 00 00 00 00  ................ [zeros]
00000AB0:  00 00 00 00 00 00 00 00 00 00 00 00 00 00 00 00  ................ [zeros]
00000AC0:  00 00 00 00 00 00 00 00 00 00 00 00 00 00 00 00  ................ [zeros]
00000AD0:  00 00 00 00 00 00 00 00 00 00 00 00 00 00 00 00  ................ [zeros]
00000AE0:  00 00 00 00 00 00 00 00 00 00 00 00 00 00 00 00  ................ [zeros]
00000AF0:  00 00 00 00 00 00 00 00 00 00 00 00 00 00 00 00  ................ [zeros]
00000B00:  00 00 00 00 00 00 00 00 00 00 00 00 00 00 00 00  ................ [zeros]
00000B10:  00 00 00 00 00 00 00 00 00 00 00 00 00 00 00 00  ................ [zeros]
00000B20:  00 00 00 00 00 00 00 00 00 00 00 00 00 00 00 00  ................ [zeros]
00000B30:  00 00 00 00 00 00 00 00 00 00 00 00 00 00 00 00  ................ [zeros]
00000B40:  00 00 00 00 00 00 00 00 00 00 00 00 00 00 00 00  ................ [zeros]
00000B50:  00 00 00 00 00 00 00 00 00 00 00 00 00 00 00 00  ................ [zeros]
00000B60:  00 00 00 00 00 00 00 00 00 00 00 00 00 00 00 00  ................ [zeros]
00000B70:  00 00 00 00 00 00 00 00 00 00 00 00 00 00 00 00  ................ [zeros]
00000B80:  00 00 00 00 00 00 00 00 00 00 00 00 00 00 00 00  ................ [zeros]
00000B90:  00 00 00 00 00 00 00 00 00 00 00 00 00 00 00 00  ................ [zeros]
00000BA0:  00 00 00 00 00 00 00 00 00 00 00 00 00 00 00 00  ................ [zeros]
00000BB0:  00 00 00 00 00 00 00 00 00 00 00 00 00 00 00 00  ................ [zeros]
00000BC0:  00 00 00 00 00 00 00 00 00 00 00 00 00 00 00 00  ................ [zeros]
00000BD0:  00 00 00 00 00 00 00 00 00 00 00 00 00 00 00 00  ................ [zeros]
00000BE0:  00 00 00 00 00 00 00 00 00 00 00 00 00 00 00 00  ................ [zeros]
00000BF0:  00 00 00 00 00 00 00 00 00 00 00 00 00 00 00 00  ................ [zeros]
00000C00:  00 00 00 00 00 00 00 00 00 00 00 00 00 00 00 00  ................ [zeros]
00000C10:  00 00 00 00 00 00 00 00 00 00 00 00 00 00 00 00  ................ [zeros]
00000C20:  00 00 00 00 00 00 00 00 00 00 00 00 00 00 00 00  ................ [zeros]
00000C30:  00 00 00 00 00 00 00 00 00 00 00 00 00 00 00 00  ................ [zeros]
00000C40:  00 00 00 00 00 00 00 00 00 00 00 00 00 00 00 00  ................ [zeros]
00000C50:  00 00 00 00 00 00 00 00 00 00 00 00 00 00 00 00  ................ [zeros]
00000C60:  00 00 00 00 00 00 00 00 00 00 00 00 00 00 00 00  ................ [zeros]
00000C70:  00 00 00 00 00 00 00 00 00 00 00 00 00 00 00 00  ................ [zeros]
00000C80:  00 00 00 00 00 00 00 00 00 00 00 00 00 00 00 00  ................ [zeros]
00000C90:  00 00 00 00 00 00 00 00 00 00 00 00 00 00 00 00  ................ [zeros]
00000CA0:  00 00 00 00 00 00 00 00 00 00 00 00 00 00 00 00  ................ [zeros]
00000CB0:  00 00 00 00 00 00 00 00 00 00 00 00 00 00 00 00  ................ [zeros]
00000CC0:  00 00 00 00 00 00 00 00 00 00 00 00 00 00 00 00  ................ [zeros]
00000CD0:  00 00 00 00 00 00 00 00 00 00 00 00 00 00 00 00  ................ [zeros]
00000CE0:  00 00 00 00 00 00 00 00 00 00 00 00 00 00 00 00  ................ [zeros]
00000CF0:  00 00 00 00 00 00 00 00 00 00 00 00 00 00 00 00  ................ [zeros]
00000D00:  00 00 00 00 00 00 00 00 00 00 00 00 00 00 00 00  ................ [zeros]
00000D10:  00 00 00 00 00 00 00 00 00 00 00 00 00 00 00 00  ................ [zeros]
00000D20:  00 00 00 00 00 00 00 00 00 00 00 00 00 00 00 00  ................ [zeros]
00000D30:  00 00 00 00 00 00 00 00 00 00 00 00 00 00 00 00  ................ [zeros]
00000D40:  00 00 00 00 00 00 00 00 00 00 00 00 00 00 00 00  ................ [zeros]
00000D50:  00 00 00 00 00 00 00 00 00 00 00 00 00 00 00 00  ................ [zeros]
00000D60:  00 00 00 00 00 00 00 00 00 00 00 00 00 00 00 00  ................ [zeros]
00000D70:  00 00 00 00 00 00 00 00 00 00 00 00 00 00 00 00  ................ [zeros]
00000D80:  00 00 00 00 00 00 00 00 00 00 00 00 00 00 00 00  ................ [zeros]
00000D90:  00 00 00 00 00 00 00 00 00 00 00 00 00 00 00 00  ................ [zeros]
00000DA0:  00 00 00 00 00 00 00 00 00 00 00 00 00 00 00 00  ................ [zeros]
00000DB0:  00 00 00 00 00 00 00 00 00 00 00 00 00 00 00 00  ................ [zeros]
00000DC0:  00 00 00 00 00 00 00 00 00 00 00 00 00 00 00 00  ................ [zeros]
00000DD0:  00 00 00 00 00 00 00 00 00 00 00 00 00 00 00 00  ................ [zeros]
00000DE0:  00 00 00 00 00 00 00 00 00 00 00 00 00 00 00 00  ................ [zeros]
00000DF0:  00 00 00 00 00 00 00 00 00 00 00 00 00 00 00 00  ................ [zeros]
00000E00:  00 00 00 00 00 00 00 00 00 00 00 00 00 00 00 00  ................ [zeros]
00000E10:  00 00 00 00 00 00 00 00 00 00 00 00 00 00 00 00  ................ [zeros]
00000E20:  00 00 00 00 00 00 00 00 00 00 00 00 00 00 00 00  ................ [zeros]
00000E30:  00 00 00 00 00 00 00 00 00 00 00 00 00 00 00 00  ................ [zeros]
00000E40:  00 00 00 00 00 00 00 00 00 00 00 00 00 00 00 00  ................ [zeros]
00000E50:  00 00 00 00 00 00 00 00 00 00 00 00 00 00 00 00  ................ [zeros]
00000E60:  00 00 00 00 00 00 3A A6 D2 E3 CC F8 18 93 B0 93  ......:.........
00000E70:  3A 73 29 CD 53 45 00 00 00 00 00 00 00 00 00 00  :s).SE..........
00000E80:  00 00 00 00 00 00 00 00 00 00 00 00 00 00 00 00  ................ [zeros]
00000E90:  00 00 00 00 00 00 00 00 00 00 00 00 00 00 00 00  ................ [zeros]
00000EA0:  00 00 00 00 00 00 00 00 00 00 00 00 00 00 00 00  ................ [zeros]
00000EB0:  00 00 00 00 00 00 00 00 00 00 00 00 00 00 00 00  ................ [zeros]
00000EC0:  00 00 00 00 00 00 00 00 00 00 00 00 00 00 00 00  ................ [zeros]
00000ED0:  00 00 00 00 00 00 00 00 00 00 00 00 00 00 00 00  ................ [zeros]
00000EE0:  00 00 00 00 00 00 00 00 00 00 00 00 00 00 00 00  ................ [zeros]
00000EF0:  00 00 00 00 00 00 00 00 00 00 00 00 00 00 00 00  ................ [zeros]
00000F00:  00 00 00 00 00 00 00 00 00 00 00 00 00 00 00 00  ................ [zeros]
00000F10:  00 00 00 00 00 00 00 00 00 00 00 00 00 00 00 00  ................ [zeros]
00000F20:  00 00 00 00 00 00 00 00 00 00 00 00 00 00 00 00  ................ [zeros]
00000F30:  00 00 00 00 00 00 00 00 00 00 00 00 00 00 00 00  ................ [zeros]
00000F40:  00 00 00 00 00 00 00 00 00 00 00 00 00 00 00 00  ................ [zeros]
00000F50:  00 00 00 00 00 00 00 00 00 00 00 00 00 00 00 00  ................ [zeros]
00000F60:  00 00 00 00 00 00 00 00 00 00 00 00 00 00 00 00  ................ [zeros]
00000F70:  00 00 00 00 00 00 00 00 00 00 00 00 00 00 00 00  ................ [zeros]
00000F80:  00 00 00 00 00 00 00 00 00 00 00 00 00 00 00 00  ................ [zeros]
00000F90:  00 00 00 00 00 00 00 00 00 00 00 00 00 00 00 00  ................ [zeros]
00000FA0:  00 00 00 00 00 00 00 00 00 00 00 00 00 00 00 00  ................ [zeros]
00000FB0:  00 00 00 00 00 00 00 00 00 00 00 00 00 00 00 00  ................ [zeros]
00000FC0:  00 00 00 00 00 00 00 00 00 00 00 00 00 00 00 00  ................ [zeros]
00000FD0:  00 00 00 00 00 00 00 00 00 00 00 00 00 00 00 00  ................ [zeros]
00000FE0:  00 00 00 00 00 00 00 00 00 00 00 00 00 00 00 00  ................ [zeros]
00000FF0:  00 00 00 00 00 00 00 00 00 00 00 00 00 00 00 00  ................ [zeros]
00001000:  00 00 00 00 00 00 00 00 00 00 00 00 00 00 00 00  ................ [zeros]
00001010:  00 00 00 00 00 00 00 00 00 00 00 00 00 00 00 00  ................ [zeros]
00001020:  00 00 00 00 00 00 00 00 00 00 00 00 00 00 00 00  ................ [zeros]
00001030:  00 00 00 00 00 00 00 00 00 00 00 00 00 00 00 00  ................ [zeros]
00001040:  00 00 00 00 00 00 00 00 00 00 00 00 00 00 00 00  ................ [zeros]
00001050:  00 00 00 00 00 00 00 00 00 00 00 00 00 00 00 00  ................ [zeros]
00001060:  00 00 00 00 00 00 00 00 00 00 00 00 00 00 00 00  ................ [zeros]
00001070:  00 00 00 00 00 00 00 00 00 00 00 00 00 00 00 00  ................ [zeros]
00001080:  00 00 00 00 00 00 00 00 00 00 00 00 00 00 00 00  ................ [zeros]
00001090:  00 00 00 00 00 00 00 00 00 00 00 00 00 00 00 00  ................ [zeros]
000010A0:  00 00 00 00 00 00 00 00 00 00 00 00 00 00 00 00  ................ [zeros]
000010B0:  00 00 00 00 00 00 00 00 00 00 00 00 00 00 00 00  ................ [zeros]
000010C0:  00 00 00 00 00 00 00 00 00 00 00 00 00 00 00 00  ................ [zeros]
000010D0:  00 00 00 00 00 00 00 00 00 00 00 00 00 00 00 00  ................ [zeros]
000010E0:  00 00 00 00 00 00 00 00 00 00 00 00 00 00 00 00  ................ [zeros]
000010F0:  00 00 00 00 00 00 00 00 00 00 00 00 00 00 00 00  ................ [zeros]
00001100:  00 00 00 00 00 00 00 00 00 00 00 00 00 00 00 00  ................ [zeros]
00001110:  00 00 00 00 00 00 00 00 00 00 00 00 00 00 00 00  ................ [zeros]
00001120:  00 00 00 00 00 00 00 00 00 00 00 00 00 00 00 00  ................ [zeros]
00001130:  00 00 00 00 00 00 00 00 00 00 00 00 00 00 00 00  ................ [zeros]
00001140:  00 00 00 00 00 00 00 00 00 00 00 00 00 00 00 00  ................ [zeros]
00001150:  00 00 00 00 00 00 00 00 00 00 00 00 00 00 00 00  ................ [zeros]
00001160:  00 00 00 00 00 00 00 00 00 00 00 00 00 00 00 00  ................ [zeros]
00001170:  00 00 00 00 00 00 00 00 00 00 00 00 00 00 00 00  ................ [zeros]
00001180:  00 00 00 00 00 00 00 00 00 00 00 00 00 00 00 00  ................ [zeros]
00001190:  00 00 00 00 00 00 00 00 00 00 00 00 00 00 00 00  ................ [zeros]
000011A0:  00 00 00 00 00 00 00 00 00 00 00 00 00 00 00 00  ................ [zeros]
000011B0:  00 00 00 00 00 00 00 00 00 00 00 00 00 00 00 00  ................ [zeros]
000011C0:  00 00 00 00 00 00 00 00 00 00 00 00 00 00 00 00  ................ [zeros]
000011D0:  00 00 00 00 00 00 00 00 00 00 00 00 00 00 00 00  ................ [zeros]
000011E0:  00 00 00 00 00 00 00 00 00 00 00 00 00 00 00 00  ................ [zeros]
000011F0:  00 00 00 00 00 00 00 00 00 00 00 00 00 00 00 00  ................ [zeros]
00001200:  00 00 00 00 00 00 00 00 00 00 00 00 00 00 00 00  ................ [zeros]
00001210:  00 00 00 00 00 00 00 00 00 00 00 00 00 00 00 00  ................ [zeros]
00001220:  00 00 00 00 00 00 00 00 00 00 00 00 00 00 00 00  ................ [zeros]
00001230:  00 00 00 00 00 00 00 00 00 00 00 00 00 00 00 00  ................ [zeros]
00001240:  00 00 00 00 00 00 00 00 00 00 00 00 00 00 00 00  ................ [zeros]
00001250:  00 00 00 00 00 00 00 00 00 00 00 00 00 00 00 00  ................ [zeros]
00001260:  00 00 00 00 00 00 C7 5A 8E AA 0C 7F C8 C0 93 CF  .......Z........
00001270:  C9 CF 8C 97 D9 EE 00 00 00 00 00 00 00 00 00 00  ................
00001280:  00 00 00 00 00 00 00 00 00 00 00 00 00 00 00 00  ................ [zeros]
00001290:  00 00 00 00 00 00 00 00 00 00 00 00 00 00 00 00  ................ [zeros]
000012A0:  00 00 00 00 00 00 00 00 00 00 00 00 00 00 00 00  ................ [zeros]
000012B0:  00 00 00 00 00 00 00 00 00 00 00 00 00 00 00 00  ................ [zeros]
000012C0:  00 00 00 00 00 00 00 00 00 00 00 00 00 00 00 00  ................ [zeros]
000012D0:  00 00 00 00 00 00 00 00 00 00 00 00 00 00 00 00  ................ [zeros]
000012E0:  00 00 00 00 00 00 00 00 00 00 00 00 00 00 00 00  ................ [zeros]
000012F0:  00 00 00 00 00 00 00 00 00 00 00 00 00 00 00 00  ................ [zeros]
00001300:  00 00 00 00 00 00 00 00 00 00 00 00 00 00 00 00  ................ [zeros]
00001310:  00 00 00 00 00 00 00 00 00 00 00 00 00 00 00 00  ................ [zeros]
00001320:  00 00 00 00 00 00 00 00 00 00 00 00 00 00 00 00  ................ [zeros]
00001330:  00 00 00 00 00 00 00 00 00 00 00 00 00 00 00 00  ................ [zeros]
00001340:  00 00 00 00 00 00 00 00 00 00 00 00 00 00 00 00  ................ [zeros]
00001350:  00 00 00 00 00 00 00 00 00 00 00 00 00 00 00 00  ................ [zeros]
00001360:  00 00 00 00 00 00 00 00 00 00 00 00 00 00 00 00  ................ [zeros]
00001370:  00 00 00 00 00 00 00 00 00 00 00 00 00 00 00 00  ................ [zeros]
00001380:  00 00 00 00 00 00 00 00 00 00 00 00 00 00 00 00  ................ [zeros]
00001390:  00 00 00 00 00 00 00 00 00 00 00 00 00 00 00 00  ................ [zeros]
000013A0:  00 00 00 00 00 00 00 00 00 00 00 00 00 00 00 00  ................ [zeros]
000013B0:  00 00 00 00 00 00 00 00 00 00 00 00 00 00 00 00  ................ [zeros]
000013C0:  00 00 00 00 00 00 00 00 00 00 00 00 00 00 00 00  ................ [zeros]
000013D0:  00 00 00 00 00 00 00 00 00 00 00 00 00 00 00 00  ................ [zeros]
000013E0:  00 00 00 00 00 00 00 00 00 00 00 00 00 00 00 00  ................ [zeros]
000013F0:  00 00 00 00 00 00 00 00 00 00 00 00 00 00 00 00  ................ [zeros]
00001400:  00 00 00 00 00 00 00 00 00 00 00 00 00 00 00 00  ................ [zeros]
00001410:  00 00 00 00 00 00 00 00 00 00 00 00 00 00 00 00  ................ [zeros]
00001420:  00 00 00 00 00 00 00 00 00 00 00 00 00 00 00 00  ................ [zeros]
00001430:  00 00 00 00 00 00 00 00 00 00 00 00 00 00 00 00  ................ [zeros]
00001440:  00 00 00 00 00 00 00 00 00 00 00 00 00 00 00 00  ................ [zeros]
00001450:  00 00 00 00 00 00 00 00 00 00 00 00 00 00 00 00  ................ [zeros]
00001460:  00 00 00 00 00 00 00 00 00 00 00 00 00 00 00 00  ................ [zeros]
00001470:  00 00 00 00 00 00 00 00 00 00 00 00 00 00 00 00  ................ [zeros]
00001480:  00 00 00 00 00 00 00 00 00 00 00 00 00 00 00 00  ................ [zeros]
00001490:  00 00 00 00 00 00 00 00 00 00 00 00 00 00 00 00  ................ [zeros]
000014A0:  00 00 00 00 00 00 00 00 00 00 00 00 00 00 00 00  ................ [zeros]
000014B0:  00 00 00 00 00 00 00 00 00 00 00 00 00 00 00 00  ................ [zeros]
000014C0:  00 00 00 00 00 00 00 00 00 00 00 00 00 00 00 00  ................ [zeros]
000014D0:  00 00 00 00 00 00 00 00 00 00 00 00 00 00 00 00  ................ [zeros]
000014E0:  00 00 00 00 00 00 00 00 00 00 00 00 00 00 00 00  ................ [zeros]
000014F0:  00 00 00 00 00 00 00 00 00 00 00 00 00 00 00 00  ................ [zeros]
00001500:  00 00 00 00 00 00 00 00 00 00 00 00 00 00 00 00  ................ [zeros]
00001510:  00 00 00 00 00 00 00 00 00 00 00 00 00 00 00 00  ................ [zeros]
00001520:  00 00 00 00 00 00 00 00 00 00 00 00 00 00 00 00  ................ [zeros]
00001530:  00 00 00 00 00 00 00 00 00 00 00 00 00 00 00 00  ................ [zeros]
00001540:  00 00 00 00 00 00 00 00 00 00 00 00 00 00 00 00  ................ [zeros]
00001550:  00 00 00 00 00 00 00 00 00 00 00 00 00 00 00 00  ................ [zeros]
00001560:  00 00 00 00 00 00 00 00 00 00 00 00 00 00 00 00  ................ [zeros]
00001570:  00 00 00 00 00 00 00 00 00 00 00 00 00 00 00 00  ................ [zeros]
00001580:  00 00 00 00 00 00 00 00 00 00 00 00 00 00 00 00  ................ [zeros]
00001590:  00 00 00 00 00 00 00 00 00 00 00 00 00 00 00 00  ................ [zeros]
000015A0:  00 00 00 00 00 00 00 00 00 00 00 00 00 00 00 00  ................ [zeros]
000015B0:  00 00 00 00 00 00 00 00 00 00 00 00 00 00 00 00  ................ [zeros]
000015C0:  00 00 00 00 00 00 00 00 00 00 00 00 00 00 00 00  ................ [zeros]
000015D0:  00 00 00 00 00 00 00 00 00 00 00 00 00 00 00 00  ................ [zeros]
000015E0:  00 00 00 00 00 00 00 00 00 00 00 00 00 00 00 00  ................ [zeros]
000015F0:  00 00 00 00 00 00 00 00 00 00 00 00 00 00 00 00  ................ [zeros]
00001600:  00 00 00 00 00 00 00 00 00 00 00 00 00 00 00 00  ................ [zeros]
00001610:  00 00 00 00 00 00 00 00 00 00 00 00 00 00 00 00  ................ [zeros]
00001620:  00 00 00 00 00 00 00 00 00 00 00 00 00 00 00 00  ................ [zeros]
00001630:  00 00 00 00 00 00 00 00 00 00 00 00 00 00 00 00  ................ [zeros]
00001640:  00 00 00 00 00 00 00 00 00 00 00 00 00 00 00 00  ................ [zeros]
00001650:  00 00 00 00 00 00 00 00 00 00 00 00 00 00 00 00  ................ [zeros]
00001660:  00 00 00 00 00 00 11 A8 40 E3 1E 3B 00 69 04 BD  ........@..;.i..
00001670:  79 80 C2 39 20 4B 00 00 00 00 00 00 00 00 00 00  y..9 K..........
00001680:  00 00 00 00 00 00 00 00 00 00 00 00 00 00 00 00  ................ [zeros]
00001690:  00 00 00 00 00 00 00 00 00 00 00 00 00 00 00 00  ................ [zeros]
000016A0:  00 00 00 00 00 00 00 00 00 00 00 00 00 00 00 00  ................ [zeros]
000016B0:  00 00 00 00 00 00 00 00 00 00 00 00 00 00 00 00  ................ [zeros]
000016C0:  00 00 00 00 00 00 00 00 00 00 00 00 00 00 00 00  ................ [zeros]
000016D0:  00 00 00 00 00 00 00 00 00 00 00 00 00 00 00 00  ................ [zeros]
000016E0:  00 00 00 00 00 00 00 00 00 00 00 00 00 00 00 00  ................ [zeros]
000016F0:  00 00 00 00 00 00 00 00 00 00 00 00 00 00 00 00  ................ [zeros]
00001700:  00 00 00 00 00 00 00 00 00 00 00 00 00 00 00 00  ................ [zeros]
00001710:  00 00 00 00 00 00 00 00 00 00 00 00 00 00 00 00  ................ [zeros]
00001720:  00 00 00 00 00 00 00 00 00 00 00 00 00 00 00 00  ................ [zeros]
00001730:  00 00 00 00 00 00 00 00 00 00 00 00 00 00 00 00  ................ [zeros]
00001740:  00 00 00 00 00 00 00 00 00 00 00 00 00 00 00 00  ................ [zeros]
00001750:  00 00 00 00 00 00 00 00 00 00 00 00 00 00 00 00  ................ [zeros]
00001760:  00 00 00 00 00 00 00 00 00 00 00 00 00 00 00 00  ................ [zeros]
00001770:  00 00 00 00 00 00 00 00 00 00 00 00 00 00 00 00  ................ [zeros]
00001780:  00 00 00 00 00 00 00 00 00 00 00 00 00 00 00 00  ................ [zeros]
00001790:  00 00 00 00 00 00 00 00 00 00 00 00 00 00 00 00  ................ [zeros]
000017A0:  00 00 00 00 00 00 00 00 00 00 00 00 00 00 00 00  ................ [zeros]
000017B0:  00 00 00 00 00 00 00 00 00 00 00 00 00 00 00 00  ................ [zeros]
000017C0:  00 00 00 00 00 00 00 00 00 00 00 00 00 00 00 00  ................ [zeros]
000017D0:  00 00 00 00 00 00 00 00 00 00 00 00 00 00 00 00  ................ [zeros]
000017E0:  00 00 00 00 00 00 00 00 00 00 00 00 00 00 00 00  ................ [zeros]
000017F0:  00 00 00 00 00 00 00 00 00 00 00 00 00 00 00 00  ................ [zeros]
00001800:  00 00 00 00 00 00 00 00 00 00 00 00 00 00 00 00  ................ [zeros]
00001810:  00 00 00 00 00 00 00 00 00 00 00 00 00 00 00 00  ................ [zeros]
00001820:  00 00 00 00 00 00 00 00 00 00 00 00 00 00 00 00  ................ [zeros]
00001830:  00 00 00 00 00 00 00 00 00 00 00 00 00 00 00 00  ................ [zeros]
00001840:  00 00 00 00 00 00 00 00 00 00 00 00 00 00 00 00  ................ [zeros]
00001850:  00 00 00 00 00 00 00 00 00 00 00 00 00 00 00 00  ................ [zeros]
00001860:  00 00 00 00 00 00 00 00 00 00 00 00 00 00 00 00  ................ [zeros]
00001870:  00 00 00 00 00 00 00 00 00 00 00 00 00 00 00 00  ................ [zeros]
00001880:  00 00 00 00 00 00 00 00 00 00 00 00 00 00 00 00  ................ [zeros]
00001890:  00 00 00 00 00 00 00 00 00 00 00 00 00 00 00 00  ................ [zeros]
000018A0:  00 00 00 00 00 00 00 00 00 00 00 00 00 00 00 00  ................ [zeros]
000018B0:  00 00 00 00 00 00 00 00 00 00 00 00 00 00 00 00  ................ [zeros]
000018C0:  00 00 00 00 00 00 00 00 00 00 00 00 00 00 00 00  ................ [zeros]
000018D0:  00 00 00 00 00 00 00 00 00 00 00 00 00 00 00 00  ................ [zeros]
000018E0:  00 00 00 00 00 00 00 00 00 00 00 00 00 00 00 00  ................ [zeros]
000018F0:  00 00 00 00 00 00 00 00 00 00 00 00 00 00 00 00  ................ [zeros]
00001900:  00 00 00 00 00 00 00 00 00 00 00 00 00 00 00 00  ................ [zeros]
00001910:  00 00 00 00 00 00 00 00 00 00 00 00 00 00 00 00  ................ [zeros]
00001920:  00 00 00 00 00 00 00 00 00 00 00 00 00 00 00 00  ................ [zeros]
00001930:  00 00 00 00 00 00 00 00 00 00 00 00 00 00 00 00  ................ [zeros]
00001940:  00 00 00 00 00 00 00 00 00 00 00 00 00 00 00 00  ................ [zeros]
00001950:  00 00 00 00 00 00 00 00 00 00 00 00 00 00 00 00  ................ [zeros]
00001960:  00 00 00 00 00 00 00 00 00 00 00 00 00 00 00 00  ................ [zeros]
00001970:  00 00 00 00 00 00 00 00 00 00 00 00 00 00 00 00  ................ [zeros]
00001980:  00 00 00 00 00 00 00 00 00 00 00 00 00 00 00 00  ................ [zeros]
00001990:  00 00 00 00 00 00 00 00 00 00 00 00 00 00 00 00  ................ [zeros]
000019A0:  00 00 00 00 00 00 00 00 00 00 00 00 00 00 00 00  ................ [zeros]
000019B0:  00 00 00 00 00 00 00 00 00 00 00 00 00 00 00 00  ................ [zeros]
000019C0:  00 00 00 00 00 00 00 00 00 00 00 00 00 00 00 00  ................ [zeros]
000019D0:  00 00 00 00 00 00 00 00 00 00 00 00 00 00 00 00  ................ [zeros]
000019E0:  00 00 00 00 00 00 00 00 00 00 00 00 00 00 00 00  ................ [zeros]
000019F0:  00 00 00 00 00 00 00 00 00 00 00 00 00 00 00 00  ................ [zeros]
00001A00:  00 00 00 00 00 00 00 00 00 00 00 00 00 00 00 00  ................ [zeros]
00001A10:  00 00 00 00 00 00 00 00 00 00 00 00 00 00 00 00  ................ [zeros]
00001A20:  00 00 00 00 00 00 00 00 00 00 00 00 00 00 00 00  ................ [zeros]
00001A30:  00 00 00 00 00 00 00 00 00 00 00 00 00 00 00 00  ................ [zeros]
00001A40:  00 00 00 00 00 00 00 00 00 00 00 00 00 00 00 00  ................ [zeros]
00001A50:  00 00 00 00 00 00 00 00 00 00 00 00 00 00 00 00  ................ [zeros]
00001A60:  00 00 00 00 00 00 10 E9 99 14 C2 37 37 91 2F 6F  ...........77./o
00001A70:  53 36 B9 43 11 C0 36 A5 8B 88 39 9C 4A 5E 52 28  S6.C..6...9.J^R(
00001A80:  66 F1 9B 0D 39 A0 20 0B 51 1E FD F8 FC 62 0D 9A  f...9. .Q....b..
00001A90:  61 68 02 48 97 AA C0 4C 36 D7 15 03 32 BF 69 D3  ah.H...L6...2.i.
00001AA0:  95 C6 49 50 2B 4F 0F 3A 2E 7E D9 6A 4E 72 F5 E2  ..IP+O.:.~.jNr..
00001AB0:  F4 35 41 95 F1 E5 11 6C 63 BD 1C 96 CA 29 58 14  .5A....lc....)X.
00001AC0:  09 80 A3 FD 7E AB A2 75 45 08 D8 E9 CF 64 12 72  ....~..uE....d.r
00001AD0:  46 C3 F7 C7 42 60 D4 3E 93 A1 37 69 3D 89 98 4C  F...B`.>..7i=..L
00001AE0:  FA 64 4A 55 51 80 11 33 B5 B7 38 51 B2 9C 65 7B  .dJUQ..3..8Q..e{
00001AF0:  8A E9 E2 4D F1 9B AC 85 7D DF 1E F6 D9 46 96 35  ...M....}....F.5
00001B00:  28 98 B4 92 90 34 4E 8A 76 D4 F8 05 C5 18 28 00  (....4N.v.....(.
00001B10:  C2 FE 41 FE 96 47 45 52 AD 8D 30 E4 D1 91 89 A9  ..A..GER..0.....
00001B20:  D5 73 73 13 B9 A1 8E 53 74 8D 69 A0 E3 92 1C 59  .ss....St.i....Y
00001B30:  DF 8B 8C 5D 71 AD A9 16 45 AC F2 7C 52 BD 07 86  ...]q...E..|R...
00001B40:  45 34 2E 5E CC B4 DB 11 2F F3 A5 F5 85 53 A6 B3  E4.^..../....S..
00001B50:  7B C4 FF D9 B8 F8 1F CA F9 A0 24 B6 89 5C 3E 97  {.........$..\>.
00001B60:  5D 00 5F 5A 53 25 20 A5 90 11 61 15 2A 70 39 2E  ]._ZS% ...a.*p9.
00001B70:  46 6D 5E 38 8B 97 09 B1 0A 09 6F 66 F6 21 7A 70  Fm^8......of.!zp
00001B80:  61 55 19 4E 9A 2E 2A 27 3D 5E E7 FE 71 FF 6E AA  aU.N..*'=^..q.n.
00001B90:  3B AC 65 69 8A 0A CB B3 64 01 31 39 E8 1D 86 AA  ;.ei....d.19....
00001BA0:  41 01 DA 6B A7 31 8F 1F 24 69 ED 64 84 D5 D4 7A  A..k.1..$i.d...z
00001BB0:  C7 29 E8 CD F5 EC 44 47 6C 58 71 C0 97 5E 93 F2  .)....DGlXq..^..
00001BC0:  07 45 B3 91 D1 0F 70 7B C1 36 37 CF E2 E1 B8 04  .E....p{.67.....
00001BD0:  57 1B 46 10 91 3B 26 3B CC 4E AE CA 9B 55 2F 66  W.F..;&;.N...U/f
00001BE0:  11 A5 D6 40 EF 4F EE 94 C6 70 AF 11 7E BE 59 D1  ...@.O...p..~.Y.
00001BF0:  4B D6 C6 10 B1 AA 6C 13 C3 C6 DC A6 75 63 A1 CB  K.....l.....uc..
00001C00:  6A AD 06 A0 A4 77 73 0C 9D B8 A5 32 1E A8 A0 DB  j....ws....2....
00001C10:  C2 3D 9A FB A3 A7 1A 3F F1 FA 0A B6 31 DD 6C A1  .=.....?....1.l.
00001C20:  D4 EB 68 08 E1 3B 35 83 88 79 0A 0C 8B F1 51 37  ..h..;5..y....Q7
00001C30:  02 7F 57 01 1E 0A 31 E2 4F F2 B0 B9 3F 7C 33 41  ..W...1.O...?|3A
00001C40:  C4 57 19 D3 1F DD C2 09 4F 26 EB 75 77 2C 22 D5  .W......O&.uw,".
00001C50:  06 E7 EF DD E7 E7 5C AD 36 6E 3D 4A 27 F7 75 AE  ......\.6n=J'.u.
00001C60:  A0 CD F3 02 33 DE 75 A4 FC BA A6 05 29 11 B1 30  ....3.u.....)..0
00001C70:  FE 40 73 27 BF 88 F9 19 65 80 40 9C 14 81 B7 F9  .@s'....e.@.....
00001C80:  79 61 40 F6 FE A5 5A AC 08 3F 26 C7 44 25 C1 06  ya@...Z..?&.D%..
00001C90:  CE 6E 7A 67 1D 31 C2 0B 32 CA 9A EC 45 2E 5F AD  .nzg.1..2...E._.
00001CA0:  3B 57 31 C3 78 06 8E F7 A5 52 D1 52 E0 3E 25 EA  ;W1.x....R.R.>%.
00001CB0:  49 A2 F5 18 CC E0 65 EC FF 49 88 E5 2F E2 5C 92  I.....e..I../.\.
00001CC0:  81 92 45 05 47 44 CE C5 7E 4D 88 2B F2 CA D7 2F  ..E.GD..~M.+.../
00001CD0:  61 87 02 09 D8 67 74 9E 9B 86 F7 05 79 64 80 D6  a....gt.....yd..
00001CE0:  90 02 16 85 59 46 69 C3 94 4D 36 41 79 16 AC 3A  ....YFi..M6Ay..:
00001CF0:  7C 29 01 55 53 14 8F 95 E9 02 BD F6 E2 B1 EF 34  |).US..........4
00001D00:  07 02 C5 84 2F 3F 32 61 38 F4 8D 77 EB 38 60 BC  ..../?2a8..w.8`.
00001D10:  4A 0C 71 96 AB B5 8F A7 5C FC BD AA 48 1D 5A D0  J.q.....\...H.Z.
00001D20:  5F 55 41 4B 58 20 19 A2 9F 6B D3 4B 37 2D 95 6C  _UAKX ...k.K7-.l
00001D30:  9A 5A EB 28 56 7C CB 72 06 D5 E9 01 C1 37 35 8D  .Z.(V|.r.....75.
00001D40:  82 6A 27 66 AA 36 C9 91 3A 8B F4 D9 34 CC 08 18  .j'f.6..:...4...
00001D50:  CE 64 03 50 E8 DD CE 12 AF 5C 8D 53 32 B8 DB 7E  .d.P.....\.S2..~
00001D60:  4E C1 10 C9 EC 2F 3B 46 DD 64 15 64 7A 21 BE A5  N..../;F.d.dz!..
00001D70:  A1 3F BE 6D 7E 6C 3A C5 50 C4 42 B1 EC C5 3A BE  .?.m~l:.P.B...:.
00001D80:  29 E7 F5 08 39 A8 FA 4E C6 69 C1 FF D0 D1 D1 FA  )...9..N.i......
00001D90:  4B FC D9 A0 F5 4C CA FE 66 F4 AC B1 38 6D 3F 83  K....L..f...8m?.
00001DA0:  B2 2B A3 65 B2 D4 62 27 9F D9 34 AE 11 49 AD 17  .+.e..b'..4..I..
00001DB0:  2B C9 52 E2 A8 92 14 B5 3D 68 32 BB E8 11 61 C2  +.R.....=h2...a.
00001DC0:  20 D3 D3 DF 54 09 06 79 FC B8 C6 E2 C8 98 93 15   ...T..y........
00001DD0:  D3 B5 85 B1 76 37 C8 AA 7F A1 C6 56 63 90 3D D2  ....v7.....Vc.=.
00001DE0:  5B FA 01 07 B3 4E 21 F1 FC EA 5B 44 70 BA BA F7  [....N!...[Dp...
00001DF0:  30 6E F1 E3 F0 0C 17 03 3C E0 97 E7 84 5B B5 90  0n......<....[..
00001E00:  B1 A2 07 BD BD 03 A8 16 E6 B7 F9 F4 C9 42 85 A1  .............B..
00001E10:  B9 A0 A9 C7 87 7F C3 3D 7A C1 83 76 D8 5A B9 EA  .......=z..v.Z..
00001E20:  5E 75 1D 66 FF 21 EF DB E9 00 0B 60 6A 3B AB B9  ^u.f.!.....`j;..
00001E30:  47 31 2E 04 C6 2C C8 EB D5 40 3D 6B 3A 00 F3 38  G1...,...@=k:..8
00001E40:  2B AD 47 DB 3F E6 DE 7F 8F 07 20 2F 04 83 04 90  +.G.?..... /....
00001E50:  D1 14 98 EA AB 8D 12 E8 C1 46 D1 A5 8E E2 1C 27  .........F.....'
00001E60:  00 DA 6A B3 A9 B9 75 A4 FC BA A6 05 29 11 B1 30  ..j...u.....)..0
00001E70:  FE 40 73 27 BF 88 41 55 E1 F1 B2 C5 25 7B 03 62  .@s'..AU....%{.b
00001E80:  4A AD F1 AD A1 CC 2D 74 81 A8 29 06 CF 50 B3 F4  J.....-t..)..P..
00001E90:  02 46 94 05 1A D7 67 94 E3 D0 58 A7 0B E7 F4 FC  .F....g...X.....
00001EA0:  1E 5B 96 5F 08 E5 20 E7 48 1C CE F3 96 D0 E6 D4  .[._.. .H.......
00001EB0:  D6 94 D3 31 2D 55 A1 71 6A B6 5D E2 6A 3D E2 EA  ...1-U.qj.].j=..
00001EC0:  B0 F5 25 74 DB 62 4C 1D 41 7B 08 19 5B 9B AE 97  ..%t.bL.A{..[...
00001ED0:  A4 EA FE 76 2B 86 97 AD A4 0C 53 77 E3 06 FD CE  ...v+.....Sw....
00001EE0:  99 A6 4D C0 63 87 40 4B 48 8B 93 CC 6F 2F 45 19  ..M.c.@KH...o/E.
00001EF0:  B9 9C 99 2B 0F C1 C0 4C 36 D7 15 03 32 BF 69 D3  ...+...L6...2.i.
00001F00:  95 C6 49 50 2B 4F 0F 3A 2E 7E D9 6A 4E 72 F5 E2  ..IP+O.:.~.jNr..
00001F10:  F4 35 41 95 F1 E5 C3 27 FD CB AF DE 66 16 99 A3  .5A....'....f...
00001F20:  0F BC 02 CA E8 C1 CB 42 90 46 E5 73 F3 21 EF 8C  .......B.F.s.!..
00001F30:  E0 24 7E 60 73 88 6E BA D4 B1 4F 54 81 40 21 BD  .$~`s.n...OT.@!.
00001F40:  55 1D 5A 06 2F 13 8F 36 C3 19 88 78 A8 44 B7 05  U.Z./..6...x.D..
00001F50:  84 02 96 FC E7 5B F2 A5 54 54 A7 1D 43 9A B4 24  .....[..TT..C..$
00001F60:  B3 2F A0 D2 0F 21 27 2F 04 9A 6B 09 5E D2 62 5D  ./...!'/..k.^.b]
00001F70:  C0 D7 14 B3 BA 28 EE 19 48 14 93 3E E0 C3 06 F7  .....(..H..>....
00001F80:  A2 35 C2 D6 53 88 98 D5 A0 60 C2 10 90 2A 3C 0C  .5..S....`...*<.
00001F90:  3D D4 50 95 89 35 66 64 01 54 4D 8E 21 35 BE DB  =.P..5fd.TM.!5..
00001FA0:  E6 7C 86 FC CE 4A 2D 65 53 0E 38 0A 97 97 23 B0  .|...J-eS.8...#.
00001FB0:  88 6D AC E2 66 58 AB 58 10 77 0B 69 AB 8E 56 08  .m..fX.X.w.i..V.
00001FC0:  B1 31 6E 33 98 BC B1 9F 23 41 C8 70 43 0C 69 C9  .1n3....#A.pC.i.
00001FD0:  B1 F7 DA B9 BD 3D 3B 46 DD 64 15 64 7A 21 BE A5  .....=;F.d.dz!..
00001FE0:  A1 3F BE 6D 7E 6C 3A C5 50 C4 42 B1 EC C5 3A BE  .?.m~l:.P.B...:.
00001FF0:  29 E7 F5 08 39 A8 57 52 4A B0 EC 90 A7 A4 61 FD  )...9.WRJ.....a.
00002000:  B3 21 E8 F6 FC A9 CA FE 66 F4 AC B1 38 6D 3F 83  .!......f...8m?.
00002010:  B2 2B A3 65 B2 D4 62 27 9F D9 34 AE 11 49 AD 17  .+.e..b'..4..I..
00002020:  2B C9 52 E2 A8 92 14 B5 3D 68 32 BB E8 11 61 C2  +.R.....=h2...a.
00002030:  20 D3 D3 DF 54 09 06 79 FC B8 C6 E2 C8 98 93 15   ...T..y........
00002040:  D3 B5 85 B1 76 37 AD C7 41 11 AD 28 9A B8 EB 9E  ....v7..A..(....
00002050:  0D 19 D3 FE DA 33 08 9C B0 3C 89 D6 A3 DB 45 EB  .....3...<....E.
00002060:  25 13 77 49 C4 97 CF D8 80 6E 6E AD 44 42 44 D5  %.wI.....nn.DBD.
00002070:  D9 48 0B 6A 0B 7A AB 00 57 CB 39 AC 91 DA 85 05  .H.j.z..W.9.....
00002080:  A1 08 0B B0 0A C2 EE 53 B4 31 FB 9D CC A9 FB B0  .......S.1......
00002090:  69 0B 62 C8 3C 58 EF 5E EC AA BA 08 EB 27 C8 C1  i.b.<X.^.....'..
000020A0:  DE CF AF 5E A7 41 AC A2 76 F7 D4 5F 56 2F D2 41  ...^.A..v.._V/.A
000020B0:  17 B9 42 FC 4B 9B 0A C2 C6 26 D4 AA 3E 33 9D 01  ..B.K....&..>3..
000020C0:  31 EF 29 69 80 67 D5 2F CF 54 76 AE 33 64 66 1E  1.)i.g./.Tv.3df.
000020D0:  F0 72 AD AA A0 4D 2D 97 5E 60 3F 0E 3F 5B C4 98  .r...M-.^`?.?[..
000020E0:  03 73 76 04 32 80 C9 75 B4 C8 48 81 D4 BD C0 B3  .sv.2..u..H.....
000020F0:  54 5A 2D 4A BC 06 2D 74 81 A8 29 06 CF 50 B3 F4  TZ-J..-t..)..P..
00002100:  02 46 94 05 1A D7 61 ED BD 66 5D 56 5F A4 D9 70  .F....a..f]V_..p
00002110:  9F 37 4E D3 BA 94 A0 49 F0 A3 24 55 87 1D AC EA  .7N....I..$U....
00002120:  4F 83 C5 D1 D2 85 A1 71 6A B6 5D E2 6A 3D E2 EA  O......qj.].j=..
00002130:  B0 F5 25 74 DB 62 4C 1D 41 7B 08 19 5B 9B AE 97  ..%t.bL.A{..[...
00002140:  A4 EA FE 76 2B 86 85 54 D6 9B 2C 15 7F 1D 5D 40  ...v+..T..,...]@
00002150:  67 5E 44 74 42 39 7E 07 A7 26 5D ED AB AD 24 4F  g^DtB9~..&]...$O
00002160:  8A 67 8E 56 69 C5 C0 4C 36 D7 15 03 32 BF 69 D3  .g.Vi..L6...2.i.
00002170:  95 C6 49 50 2B 4F 0F 3A 2E 7E D9 6A 4E 72 F5 E2  ..IP+O.:.~.jNr..
00002180:  F4 35 41 95 F1 E5 C3 27 FD CB AF DE 66 16 99 A3  .5A....'....f...
00002190:  0F BC 02 CA E8 C1 CB 42 90 46 E5 73 F3 21 EF 8C  .......B.F.s.!..
000021A0:  E0 24 7E 60 73 88 A6 59 DE A1 E4 3B 6B 92 D6 20  .$~`s..Y...;k.. 
000021B0:  BB 2B B9 F5 F9 EC 8F 36 C3 19 88 78 A8 44 B7 05  .+.....6...x.D..
000021C0:  84 02 96 FC E7 5B 15 6F 47 65 94 8B F9 09 F9 C1  .....[.oGe......
000021D0:  BB 31 95 C1 4E 27 27 2F 04 9A 6B 09 5E D2 62 5D  .1..N''/..k.^.b]
000021E0:  C0 D7 14 B3 BA 28 EE 19 48 14 93 3E E0 C3 06 F7  .....(..H..>....
000021F0:  A2 35 C2 D6 53 88 98 D5 A0 60 C2 10 90 2A 3C 0C  .5..S....`...*<.
00002200:  3D D4 50 95 89 35 66 64 01 54 4D 8E 21 35 BE DB  =.P..5fd.TM.!5..
00002210:  E6 7C 86 FC CE 4A 58 C9 41 32 2F 10 B0 EF C5 D9  .|...JX.A2/.....
00002220:  4D 7A 30 6F 77 7C 34 A3 9B 17 9C 1D 1A 5D 53 E8  Mz0ow|4......]S.
00002230:  43 0E 04 F3 71 CD 1C 43 AD 0A 54 85 E8 07 24 78  C...q..C..T...$x
00002240:  3B E3 99 7C 45 1C 3B 46 DD 64 15 64 7A 21 BE A5  ;..|E.;F.d.dz!..
00002250:  A1 3F BE 6D 7E 6C 3A C5 50 C4 42 B1 EC C5 3A BE  .?.m~l:.P.B...:.
00002260:  29 E7 F5 08 39 A8 89 84 59 72 86 01 96 D8 17 C1  )...9...Yr......
00002270:  62 BE 5F EA EB 94 CA FE 66 F4 AC B1 38 6D 3F 83  b._.....f...8m?.
00002280:  B2 2B A3 65 B2 D4 62 27 9F D9 34 AE 11 49 AD 17  .+.e..b'..4..I..
00002290:  2B C9 52 E2 A8 92 14 B5 3D 68 32 BB E8 11 61 C2  +.R.....=h2...a.
000022A0:  20 D3 D3 DF 54 09 06 79 FC B8 C6 E2 C8 98 93 15   ...T..y........
000022B0:  D3 B5 85 B1 76 37 02 EA FF F1 14 50 23 54 50 5F  ....v7.....P#TP_
000022C0:  47 B5 56 83 90 5A 6D 3E 55 06 78 F7 BC 54 DC 60  G.V..Zm>U.x..T.`
000022D0:  99 1A 2A D6 C8 06 9A 2C A6 E0 AE 99 96 67 43 48  ..*....,.....gCH
000022E0:  3F A1 58 21 6F 70 AB 00 57 CB 39 AC 91 DA 85 05  ?.X!op..W.9.....
000022F0:  A1 08 0B B0 0A C2 EE 53 B4 31 FB 9D CC A9 FB B0  .......S.1......
00002300:  69 0B 62 C8 3C 58 EF 5E EC AA BA 08 EB 27 C8 C1  i.b.<X.^.....'..
00002310:  DE CF AF 5E A7 41 AC A2 76 F7 D4 5F 56 2F D2 41  ...^.A..v.._V/.A
00002320:  17 B9 42 FC 4B 9B 10 30 77 61 1E 1C 5E 3E 85 ED  ..B.K..0wa..^>..
00002330:  7B CD 40 3C 28 1C 51 2D D8 C3 D7 74 58 79 FC D7  {.@<(.Q-...tXy..
00002340:  22 DB 14 52 59 19 ED B4 47 1B 0D 92 CB 42 F0 21  "..RY...G....B.!
00002350:  C6 5F 03 43 CD EC DF DB 5E DF D1 B4 2B AA BB C7  ._.C....^...+...
00002360:  52 F9 8D 12 A9 76 2D 74 81 A8 29 06 CF 50 B3 F4  R....v-t..)..P..
00002370:  02 46 94 05 1A D7 61 ED BD 66 5D 56 5F A4 D9 70  .F....a..f]V_..p
00002380:  9F 37 4E D3 BA 94 58 5B D6 1B 5E 80 68 25 73 6C  .7N...X[..^.h%sl
00002390:  FC C4 ED 76 7F 8D 26 B5 6C 6A 0A 83 62 5E 7E FC  ...v..&.lj..b^~.
000023A0:  29 67 83 22 12 11 87 FA 8B 97 CA BF 99 35 BF CE  )g.".........5..
000023B0:  7E FA B5 AF 6C 07 32 C1 CC 14 C7 70 86 79 87 06  ~...l.2....p.y..
000023C0:  FB 4E 1A BE 5B 33 25 0C 94 FF 04 14 1F 32 0A AC  .N..[3%......2..
000023D0:  96 7A 14 06 C7 A6 EF F2 5F 7E D7 AA 36 35 8C C7  .z......_~..65..
000023E0:  57 DA A8 93 ED 8C 11 33 B5 B7 38 51 B2 9C 65 7B  W......3..8Q..e{
000023F0:  8A E9 E2 4D F1 9B 2C 24 C9 89 C2 2B 34 9C E8 4B  ...M..,$...+4..K
00002400:  6F EA C3 E9 C8 56 AC F8 41 AE E3 93 FB A1 6B C1  o....V..A.....k.
00002410:  B8 E0 FA 64 E6 01 A1 B7 DC 2C 87 DF 87 76 56 51  ...d.....,...vVQ
00002420:  56 5C 8A 2F DD 89 39 13 59 DF 10 E0 80 63 49 D0  V\./..9.Y....cI.
00002430:  4A C5 EF E7 64 10 9C CB B4 88 72 01 AD DA 2E 0B  J...d.....r.....
00002440:  23 A8 E2 15 34 F3 89 E5 86 C4 22 FD ED 9A D6 B9  #...4.....".....
00002450:  91 C7 E0 1C BD D5 18 16 C8 E8 53 7B D9 EA 5A 77  ..........S{..Zw
00002460:  89 D9 65 E6 8E EA F4 5D 86 FD 6F 5E 69 56 14 D1  ..e....]..o^iV..
00002470:  CA 38 06 B4 5B AB 97 BD EB 06 38 3D 06 9A 91 9A  .8..[.....8=....
00002480:  1E 51 A4 8F B8 CC 44 47 6C 58 71 C0 97 5E 93 F2  .Q....DGlXq..^..
00002490:  07 45 B3 91 D1 0F 0E 9D 21 2A 45 6B 95 E1 1D 09  .E......!*Ek....
000024A0:  11 A5 3D BA 78 0B 22 3A 1B B9 0B B5 22 DA 1C 68  ..=.x.":...."..h
000024B0:  BE 1B A2 D4 73 4C EE 94 C6 70 AF 11 7E BE 59 D1  ....sL...p..~.Y.
000024C0:  4B D6 C6 10 B1 AA 6C 13 C3 C6 DC A6 75 63 A1 CB  K.....l.....uc..
000024D0:  6A AD 06 A0 A4 77 AE A3 B1 9B 68 74 2F 3A 48 8B  j....w....ht/:H.
000024E0:  07 AF 8E BF BB 52 8A 48 43 DD F4 4C 5F 0E 77 BE  .....R.HC..L_.w.
000024F0:  47 7D 77 E8 CF 92 B0 04 99 5C 47 D1 02 F6 D0 F8  G}w......\G.....
00002500:  84 C3 8D F4 0A 46 51 68 DC 58 6B 34 16 F6 64 0C  .....FQh.Xk4..d.
00002510:  41 C7 2D 4B 72 0C E6 B7 89 22 F0 FA D5 54 EF C1  A.-Kr...."...T..
00002520:  CA DC 53 B7 47 54 10 58 81 66 98 33 4F 31 BD F3  ..S.GT.X.f.3O1..
00002530:  BB 8C 3C 8D BA 38 4B 90 0B 24 47 F4 4D F4 75 2D  ..<..8K..$G.M.u-
00002540:  E8 21 CF 04 1C F6 AD BC E1 35 11 F3 2C 50 9F 54  .!.......5..,P.T
00002550:  F1 60 9A 5B 6E 43 62 BD E3 15 0A 2D 2F 3D 84 CB  .`.[nCb....-/=..
00002560:  6B F4 DF 99 80 12 D2 3A 89 27 1E A2 F3 43 83 51  k......:.'...C.Q
00002570:  9A 4D F1 56 98 FB 8F 36 C3 19 88 78 A8 44 B7 05  .M.V...6...x.D..
00002580:  84 02 96 FC E7 5B 28 AE 7B 2D 1C 6E 47 27 B1 31  .....[(.{-.nG'.1
00002590:  AD 58 0B A4 29 49 82 7B 07 0F 5C B0 86 2C 33 08  .X..)I.{..\..,3.
000025A0:  1A 85 58 36 7B 22 96 F9 6F 71 9C ED 0B 96 D5 3E  ..X6{"..oq.....>
000025B0:  2B 2C 57 91 94 FE 9F 59 C6 F5 8A EA 48 E9 8B 69  +,W....Y....H..i
000025C0:  F2 C3 1A 11 50 25 9C FA CD 83 BD EF 05 FF 8D CE  ....P%..........
000025D0:  9E 35 C8 35 D0 B3 DF 51 96 53 65 60 B0 7E AB 8A  .5.5...Q.Se`.~..
000025E0:  15 9A D0 51 BD C4 61 ED BD 66 5D 56 5F A4 D9 70  ...Q..a..f]V_..p
000025F0:  9F 37 4E D3 BA 94 B4 22 74 E8 03 21 32 07 F3 4E  .7N...."t..!2..N
00002600:  DA 72 9D 29 F0 D4 26 B5 6C 6A 0A 83 62 5E 7E FC  .r.)..&.lj..b^~.
00002610:  29 67 83 22 12 11 87 FA 8B 97 CA BF 99 35 BF CE  )g.".........5..
00002620:  7E FA B5 AF 6C 07 32 C1 CC 14 C7 70 86 79 87 06  ~...l.2....p.y..
00002630:  FB 4E 1A BE 5B 33 25 0C 94 FF 04 14 1F 32 0A AC  .N..[3%......2..
00002640:  96 7A 14 06 C7 A6 BC 89 09 D3 74 F9 7D 22 03 4A  .z........t.}".J
00002650:  CD DB 66 27 E5 44 11 33 B5 B7 38 51 B2 9C 65 7B  ..f'.D.3..8Q..e{
00002660:  8A E9 E2 4D F1 9B 5F 96 2B 60 42 8C 8C 02 D5 A3  ...M.._.+`B.....
00002670:  10 31 B2 C3 5B 93 AC F8 41 AE E3 93 FB A1 6B C1  .1..[...A.....k.
00002680:  B8 E0 FA 64 E6 01 A1 B7 DC 2C 87 DF 87 76 56 51  ...d.....,...vVQ
00002690:  56 5C 8A 2F DD 89 39 13 59 DF 10 E0 80 63 49 D0  V\./..9.Y....cI.
000026A0:  4A C5 EF E7 64 10 9C CB B4 88 72 01 AD DA 2E 0B  J...d.....r.....
000026B0:  23 A8 E2 15 34 F3 8D E7 3B 96 65 3D 93 B5 D9 7B  #...4...;.e=...{
000026C0:  1D 1F 27 AE C9 B1 2A 27 3D 5E E7 FE 71 FF 6E AA  ..'...*'=^..q.n.
000026D0:  3B AC 65 69 8A 0A EA 7E 70 C5 53 14 C7 73 43 B7  ;.ei...~p.S..sC.
000026E0:  85 55 9E 06 67 40 97 BD EB 06 38 3D 06 9A 91 9A  .U..g@....8=....
000026F0:  1E 51 A4 8F B8 CC 44 47 6C 58 71 C0 97 5E 93 F2  .Q....DGlXq..^..
00002700:  07 45 B3 91 D1 0F 96 25 1B D4 FA 89 04 C2 B2 51  .E.....%.......Q
00002710:  74 AB 4C 49 B2 D1 22 3A 1B B9 0B B5 22 DA 1C 68  t.LI..":...."..h
00002720:  BE 1B A2 D4 73 4C EE 94 C6 70 AF 11 7E BE 59 D1  ....sL...p..~.Y.
00002730:  4B D6 C6 10 B1 AA 6C 13 C3 C6 DC A6 75 63 A1 CB  K.....l.....uc..
00002740:  6A AD 06 A0 A4 77 AE A3 B1 9B 68 74 2F 3A 48 8B  j....w....ht/:H.
00002750:  07 AF 8E BF BB 52 2A 56 71 1A F8 56 A5 68 01 35  .....R*Vq..V.h.5
00002760:  6F 29 5A 38 8F 33 F6 FA 02 14 6C 51 3D 2C 92 B2  o)Z8.3....lQ=,..
00002770:  04 EA 69 CD FF C1 D9 5F 36 7F E0 E2 AF FB 9E 4D  ..i...._6......M
00002780:  6C FC C6 53 75 1D E6 B7 89 22 F0 FA D5 54 EF C1  l..Su...."...T..
00002790:  CA DC 53 B7 47 54 10 58 81 66 98 33 4F 31 BD F3  ..S.GT.X.f.3O1..
000027A0:  BB 8C 3C 8D BA 38 4B 90 0B 24 47 F4 4D F4 75 2D  ..<..8K..$G.M.u-
000027B0:  E8 21 CF 04 1C F6 AD BC E1 35 11 F3 2C 50 9F 54  .!.......5..,P.T
000027C0:  F1 60 9A 5B 6E 43 4A B9 73 81 4B 59 11 9F BB 05  .`.[nCJ.s.KY....
000027D0:  21 8E 89 D0 DA F0 48 B6 7C AE D9 3E 66 10 8D DD  !.....H.|..>f...
000027E0:  C3 E2 F7 6D 43 5A 8F 36 C3 19 88 78 A8 44 B7 05  ...mCZ.6...x.D..
000027F0:  84 02 96 FC E7 5B 26 54 6A F5 40 14 67 9E 89 A4  .....[&Tj.@.g...
00002800:  B2 2C 56 78 C3 14 82 7B 07 0F 5C B0 86 2C 33 08  .,Vx...{..\..,3.
00002810:  1A 85 58 36 7B 22 96 F9 6F 71 9C ED 0B 96 D5 3E  ..X6{"..oq.....>
00002820:  2B 2C 57 91 94 FE 96 46 D2 FD E4 66 02 03 DE 7E  +,W....F...f...~
00002830:  FA 58 75 5F 26 5C 9C FA CD 83 BD EF 05 FF 8D CE  .Xu_&\..........
00002840:  9E 35 C8 35 D0 B3 DF 51 96 53 65 60 B0 7E AB 8A  .5.5...Q.Se`.~..
00002850:  15 9A D0 51 BD C4 61 ED BD 66 5D 56 5F A4 D9 70  ...Q..a..f]V_..p
00002860:  9F 37 4E D3 BA 94 FA C5 07 4F 3C BB C4 A9 4B E7  .7N......O<...K.
00002870:  6D 15 DA 81 E7 18 26 B5 6C 6A 0A 83 62 5E 7E FC  m.....&.lj..b^~.
00002880:  29 67 83 22 12 11 87 FA 8B 97 CA BF 99 35 BF CE  )g.".........5..
00002890:  7E FA B5 AF 6C 07 32 C1 CC 14 C7 70 86 79 87 06  ~...l.2....p.y..
000028A0:  FB 4E 1A BE 5B 33 25 0C 94 FF 04 14 1F 32 0A AC  .N..[3%......2..
000028B0:  96 7A 14 06 C7 A6 BC 89 09 D3 74 F9 7D 22 03 4A  .z........t.}".J
000028C0:  CD DB 66 27 E5 44 11 33 B5 B7 38 51 B2 9C 65 7B  ..f'.D.3..8Q..e{
000028D0:  8A E9 E2 4D F1 9B C7 93 A3 2E BB A9 E2 DD B5 C5  ...M............
000028E0:  8B FB 06 55 68 B0 AC F8 41 AE E3 93 FB A1 6B C1  ...Uh...A.....k.
000028F0:  B8 E0 FA 64 E6 01 A1 B7 DC 2C 87 DF 87 76 56 51  ...d.....,...vVQ
00002900:  56 5C 8A 2F DD 89 39 13 59 DF 10 E0 80 63 49 D0  V\./..9.Y....cI.
00002910:  4A C5 EF E7 64 10 9C CB B4 88 72 01 AD DA 2E 0B  J...d.....r.....
00002920:  23 A8 E2 15 34 F3 20 E7 2D AB C5 41 18 AE 9F 6C  #...4. .-..A...l
00002930:  82 8E 54 37 38 34 E5 66 F3 5D 6D AD F5 D8 F0 1A  ..T784.f.]m.....
00002940:  4B 1B 46 48 E7 81 8C 9B 15 ED E5 42 E1 65 C1 84  K.FH.......B.e..
00002950:  A7 25 E6 FA F6 49 97 BD EB 06 38 3D 06 9A 91 9A  .%...I....8=....
00002960:  1E 51 A4 8F B8 CC 44 47 6C 58 71 C0 97 5E 93 F2  .Q....DGlXq..^..
00002970:  07 45 B3 91 D1 0F BE BA EC BC B4 F8 B7 CE 4A B9  .E............J.
00002980:  1B 63 32 7C E1 D7 22 3A 1B B9 0B B5 22 DA 1C 68  .c2|..":...."..h
00002990:  BE 1B A2 D4 73 4C EE 94 C6 70 AF 11 7E BE 59 D1  ....sL...p..~.Y.
000029A0:  4B D6 C6 10 B1 AA 6C 13 C3 C6 DC A6 75 63 A1 CB  K.....l.....uc..
000029B0:  6A AD 06 A0 A4 77 AE A3 B1 9B 68 74 2F 3A 48 8B  j....w....ht/:H.
000029C0:  07 AF 8E BF BB 52 8A 48 43 DD F4 4C 5F 0E 77 BE  .....R.HC..L_.w.
000029D0:  47 7D 77 E8 CF 92 F6 FA 02 14 6C 51 3D 2C 92 B2  G}w.......lQ=,..
000029E0:  04 EA 69 CD FF C1 65 9A 80 5D 1F 4F F0 B5 80 AF  ..i...e..].O....
000029F0:  3F 8D 38 A8 50 7B E6 B7 89 22 F0 FA D5 54 EF C1  ?.8.P{..."...T..
00002A00:  CA DC 53 B7 47 54 10 58 81 66 98 33 4F 31 BD F3  ..S.GT.X.f.3O1..
00002A10:  BB 8C 3C 8D BA 38 4B 90 0B 24 47 F4 4D F4 75 2D  ..<..8K..$G.M.u-
00002A20:  E8 21 CF 04 1C F6 AD BC E1 35 11 F3 2C 50 9F 54  .!.......5..,P.T
00002A30:  F1 60 9A 5B 6E 43 62 BD E3 15 0A 2D 2F 3D 84 CB  .`.[nCb....-/=..
00002A40:  6B F4 DF 99 80 12 0C A1 9C 2B 5F D3 3D F5 DB 44  k........+_.=..D
00002A50:  A9 A4 E8 87 CC D8 8F 36 C3 19 88 78 A8 44 B7 05  .......6...x.D..
00002A60:  84 02 96 FC E7 5B 2B B7 72 AF 01 EF 60 A5 99 22  .....[+.r...`.."
00002A70:  46 18 D0 79 01 E3 82 7B 07 0F 5C B0 86 2C 33 08  F..y...{..\..,3.
00002A80:  1A 85 58 36 7B 22 96 F9 6F 71 9C ED 0B 96 D5 3E  ..X6{"..oq.....>
00002A90:  2B 2C 57 91 94 FE 81 B1 00 2A EA 59 22 2E D7 EB  +,W......*.Y"...
00002AA0:  AE 31 E7 BB 0F DC 9C FA CD 83 BD EF 05 FF 8D CE  .1..............
00002AB0:  9E 35 C8 35 D0 B3 DF 51 96 53 65 60 B0 7E AB 8A  .5.5...Q.Se`.~..
00002AC0:  15 9A D0 51 BD C4 61 ED BD 66 5D 56 5F A4 D9 70  ...Q..a..f]V_..p
00002AD0:  9F 37 4E D3 BA 94 95 33 EC 8E 05 53 45 00 1A 1A  .7N....3...SE...
00002AE0:  EE 11 40 7C 86 2F 26 B5 6C 6A 0A 83 62 5E 7E FC  ..@|./&.lj..b^~.
00002AF0:  29 67 83 22 12 11 87 FA 8B 97 CA BF 99 35 BF CE  )g.".........5..
00002B00:  7E FA B5 AF 6C 07 32 C1 CC 14 C7 70 86 79 87 06  ~...l.2....p.y..
00002B10:  FB 4E 1A BE 5B 33 8F 97 6C B1 B9 DD D2 78 BD 4D  .N..[3..l....x.M
00002B20:  29 BD E0 90 23 BF 2F 63 2F D2 99 54 D1 2B F4 78  )...#./c/..T.+.x
00002B30:  DD 90 C1 4E 5F 64 66 44 D8 FF 36 24 DE D0 98 D1  ...N_dfD..6$....
00002B40:  B0 6B B5 35 07 67 DF 99 EE 10 B9 A2 E6 08 1F 5B  .k.5.g.........[
00002B50:  7D C7 C4 C9 31 30 C7 EE 5A 06 8B DB 47 98 D8 99  }...10..Z...G...
00002B60:  43 C7 5E 3A 64 02 DB 11 2F F3 A5 F5 85 53 A6 B3  C.^:d.../....S..
00002B70:  7B C4 FF D9 B8 F8 1F CA F9 A0 24 B6 89 5C 3E 97  {.........$..\>.
00002B80:  5D 00 5F 5A 53 25 20 A5 90 11 61 15 2A 70 39 2E  ]._ZS% ...a.*p9.
00002B90:  46 6D 5E 38 8B 97 09 B1 0A 09 6F 66 F6 21 7A 70  Fm^8......of.!zp
00002BA0:  61 55 19 4E 9A 2E CD 91 AD 53 AC F5 9B FC F1 B8  aU.N.....S......
00002BB0:  B7 C3 1B AF E6 AD 62 53 C9 65 F8 C1 FA 3B 7E D4  ......bS.e...;~.
00002BC0:  B9 E6 26 27 78 05 97 BD EB 06 38 3D 06 9A 91 9A  ..&'x.....8=....
00002BD0:  1E 51 A4 8F B8 CC 44 47 6C 58 71 C0 97 5E 93 F2  .Q....DGlXq..^..
00002BE0:  07 45 B3 91 D1 0F 41 0E A1 60 ED 36 C0 4D BB 68  .E....A..`.6.M.h
00002BF0:  33 E7 72 A6 A0 75 22 3A 1B B9 0B B5 22 DA 1C 68  3.r..u":...."..h
00002C00:  BE 1B A2 D4 73 4C 67 77 F6 68 65 6E 0C 57 E0 AE  ....sLgw.hen.W..
00002C10:  06 B3 5C 82 B7 BD 58 14 A8 F2 3A 7D CB D2 80 AC  ..\...X...:}....
00002C20:  FE 73 12 25 56 55 3A 12 06 CD 6D 69 FF 4F 45 18  .s.%VU:...mi.OE.
00002C30:  50 08 45 0C BC 1C CA FE 66 F4 AC B1 38 6D 3F 83  P.E.....f...8m?.
00002C40:  B2 2B A3 65 B2 D4 62 27 9F D9 34 AE 11 49 AD 17  .+.e..b'..4..I..
00002C50:  2B C9 52 E2 A8 92 14 B5 3D 68 32 BB E8 11 61 C2  +.R.....=h2...a.
00002C60:  20 D3 D3 DF 54 09 06 79 FC B8 C6 E2 C8 98 93 15   ...T..y........
00002C70:  D3 B5 85 B1 76 37 AD C7 41 11 AD 28 9A B8 EB 9E  ....v7..A..(....
00002C80:  0D 19 D3 FE DA 33 72 B3 68 F1 52 16 E1 65 16 73  .....3r.h.R..e.s
00002C90:  CC A4 03 38 DD 03 8C 7B F4 FB 23 D5 A0 C1 2E 75  ...8...{..#....u
00002CA0:  EE B0 10 9C 54 B2 AB 00 57 CB 39 AC 91 DA 85 05  ....T...W.9.....
00002CB0:  A1 08 0B B0 0A C2 EE 53 B4 31 FB 9D CC A9 FB B0  .......S.1......
00002CC0:  69 0B 62 C8 3C 58 EF 5E EC AA BA 08 EB 27 C8 C1  i.b.<X.^.....'..
00002CD0:  DE CF AF 5E A7 41 AC A2 76 F7 D4 5F 56 2F D2 41  ...^.A..v.._V/.A
00002CE0:  17 B9 42 FC 4B 9B 6E 0D 34 55 DD 27 93 1B 86 32  ..B.K.n.4U.'...2
00002CF0:  E1 74 D4 91 6C B9 76 A5 AF 71 95 9E D5 3E 85 E2  .t..l.v..q...>..
00002D00:  67 00 EC EB 90 F3 85 3D 96 02 43 DA 42 FE 1C 15  g......=..C.B...
00002D10:  4D 35 8B 43 C9 A6 12 6F B9 3C 75 38 13 26 7C 58  M5.C...o.<u8.&|X
00002D20:  30 1B A3 72 92 94 2D 74 81 A8 29 06 CF 50 B3 F4  0..r..-t..)..P..
00002D30:  02 46 94 05 1A D7 61 ED BD 66 5D 56 5F A4 D9 70  .F....a..f]V_..p
00002D40:  9F 37 4E D3 BA 94 FA 3C 1A 91 AA F8 EB 2E 2E EB  .7N....<........
00002D50:  EC D9 AE FD 1B E9 A1 71 6A B6 5D E2 6A 3D E2 EA  .......qj.].j=..
00002D60:  B0 F5 25 74 DB 62 4C 1D 41 7B 08 19 5B 9B AE 97  ..%t.bL.A{..[...
00002D70:  A4 EA FE 76 2B 86 54 1F 97 E4 61 24 B0 0F 9A 4C  ...v+.T...a$...L
00002D80:  82 3A 6C 5A 55 80 B4 B9 4B 06 F3 F2 FC 14 22 C2  .:lZU...K.....".
00002D90:  4F 2C 4E 58 5E 00 C0 4C 36 D7 15 03 32 BF 69 D3  O,NX^..L6...2.i.
00002DA0:  95 C6 49 50 2B 4F 0F 3A 2E 7E D9 6A 4E 72 F5 E2  ..IP+O.:.~.jNr..
00002DB0:  F4 35 41 95 F1 E5 C3 27 FD CB AF DE 66 16 99 A3  .5A....'....f...
00002DC0:  0F BC 02 CA E8 C1 CB 42 90 46 E5 73 F3 21 EF 8C  .......B.F.s.!..
00002DD0:  E0 24 7E 60 73 88 0B 3D 53 C7 11 AB 9A 6A BA 81  .$~`s..=S....j..
00002DE0:  9D 4F 6C DE 9D 47 8F 36 C3 19 88 78 A8 44 B7 05  .Ol..G.6...x.D..
00002DF0:  84 02 96 FC E7 5B F2 A3 52 D1 04 5F 7D E6 79 24  .....[..R.._}.y$
00002E00:  E9 3F 17 19 FE DB 27 2F 04 9A 6B 09 5E D2 62 5D  .?....'/..k.^.b]
00002E10:  C0 D7 14 B3 BA 28 EE 19 48 14 93 3E E0 C3 06 F7  .....(..H..>....
00002E20:  A2 35 C2 D6 53 88 98 D5 A0 60 C2 10 90 2A 3C 0C  .5..S....`...*<.
00002E30:  3D D4 50 95 89 35 66 64 01 54 4D 8E 21 35 BE DB  =.P..5fd.TM.!5..
00002E40:  E6 7C 86 FC CE 4A AA 1E FC 48 B7 06 4C 0E CE 1C  .|...J...H..L...
00002E50:  30 60 EF 3F D7 68 34 A3 9B 17 9C 1D 1A 5D 53 E8  0`.?.h4......]S.
00002E60:  43 0E 04 F3 71 CD 3A 9B 58 39 76 DF BD 0D FC 5C  C...q.:.X9v....\
00002E70:  E8 E8 5D 91 37 E4 3B 46 DD 64 15 64 7A 21 BE A5  ..].7.;F.d.dz!..
00002E80:  A1 3F BE 6D 7E 6C 3A C5 50 C4 42 B1 EC C5 3A BE  .?.m~l:.P.B...:.
00002E90:  29 E7 F5 08 39 A8 1F F9 18 4D 06 EA 5C 17 91 48  )...9....M..\..H
00002EA0:  2C BC 8B 28 E8 B4 CA FE 66 F4 AC B1 38 6D 3F 83  ,..(....f...8m?.
00002EB0:  B2 2B A3 65 B2 D4 62 27 9F D9 34 AE 11 49 AD 17  .+.e..b'..4..I..
00002EC0:  2B C9 52 E2 A8 92 14 B5 3D 68 32 BB E8 11 61 C2  +.R.....=h2...a.
00002ED0:  20 D3 D3 DF 54 09 06 79 FC B8 C6 E2 C8 98 93 15   ...T..y........
00002EE0:  D3 B5 85 B1 76 37 AD C7 41 11 AD 28 9A B8 EB 9E  ....v7..A..(....
00002EF0:  0D 19 D3 FE DA 33 85 7E 37 48 61 76 45 87 6F 70  .....3.~7HavE.op
00002F00:  23 AF A2 EE 89 14 70 04 C1 D7 54 AE C7 3C D3 0E  #.....p...T..<..
00002F10:  78 16 D5 31 88 D5 AB 00 57 CB 39 AC 91 DA 85 05  x..1....W.9.....
00002F20:  A1 08 0B B0 0A C2 EE 53 B4 31 FB 9D CC A9 FB B0  .......S.1......
00002F30:  69 0B 62 C8 3C 58 EF 5E EC AA BA 08 EB 27 C8 C1  i.b.<X.^.....'..
00002F40:  DE CF AF 5E A7 41 AC A2 76 F7 D4 5F 56 2F D2 41  ...^.A..v.._V/.A
00002F50:  17 B9 42 FC 4B 9B 6E 0D 34 55 DD 27 93 1B 86 32  ..B.K.n.4U.'...2
00002F60:  E1 74 D4 91 6C B9 51 2D D8 C3 D7 74 58 79 FC D7  .t..l.Q-...tXy..
00002F70:  22 DB 14 52 59 19 03 1C 3C A4 C7 1E 40 93 49 72  "..RY...<...@.Ir
00002F80:  C8 1C 9D 29 92 7F 86 A2 C5 CD 8A 02 5D 11 10 3E  ...)........]..>
00002F90:  05 37 0F 4C 51 6F 2D 74 81 A8 29 06 CF 50 B3 F4  .7.LQo-t..)..P..
00002FA0:  02 46 94 05 1A D7 61 ED BD 66 5D 56 5F A4 D9 70  .F....a..f]V_..p
00002FB0:  9F 37 4E D3 BA 94 20 E7 48 1C CE F3 96 D0 E6 D4  .7N... .H.......
00002FC0:  D6 94 D3 31 2D 55 A1 71 6A B6 5D E2 6A 3D E2 EA  ...1-U.qj.].j=..
00002FD0:  B0 F5 25 74 DB 62 4C 1D 41 7B 08 19 5B 9B AE 97  ..%t.bL.A{..[...
00002FE0:  A4 EA FE 76 2B 86 00 41 8B A3 9D 4E 19 70 16 AE  ...v+..A...N.p..
00002FF0:  6A 07 D8 9C 65 10 47 E4 44 18 09 DF 9B E6 F6 DD  j...e.G.D.......
00003000:  29 C3 25 28 0B 61 C0 4C 36 D7 15 03 32 BF 69 D3  ).%(.a.L6...2.i.
00003010:  95 C6 49 50 2B 4F 0F 3A 2E 7E D9 6A 4E 72 F5 E2  ..IP+O.:.~.jNr..
00003020:  F4 35 41 95 F1 E5 C3 27 FD CB AF DE 66 16 99 A3  .5A....'....f...
00003030:  0F BC 02 CA E8 C1 B1 2F 4E 2C 17 C0 6D 77 55 0C  ......./N,..mwU.
00003040:  D9 8E 8F 80 ED 14 B7 A7 71 1D B1 18 44 D8 58 A6  ........q...D.X.
00003050:  B7 97 A2 4D F6 80 C9 55 B8 56 68 4F DD 46 E7 DA  ...M...U.VhO.F..
00003060:  93 7B C5 4A D4 C6 47 1F F0 2B F2 C1 2B 6F F0 B4  .{.J..G..+..+o..
00003070:  61 F0 0C F5 50 B5 8F 95 E9 02 BD F6 E2 B1 EF 34  a...P..........4
00003080:  07 02 C5 84 2F 3F 32 61 38 F4 8D 77 EB 38 60 BC  ..../?2a8..w.8`.
00003090:  4A 0C 71 96 AB B5 8F A7 5C FC BD AA 48 1D 5A D0  J.q.....\...H.Z.
000030A0:  5F 55 41 4B 58 20 19 A2 9F 6B D3 4B 37 2D 95 6C  _UAKX ...k.K7-.l
000030B0:  9A 5A EB 28 56 7C 07 13 90 F2 D7 98 30 71 48 53  .Z.(V|......0qHS
000030C0:  50 9A 66 48 43 F9 3D B8 BA C2 AD DE 0A 22 8C 0A  P.fHC.=......"..
000030D0:  72 AD 5D 37 F0 43 98 59 8E 6D E6 7F 20 1F DC 35  r.]7.C.Y.m.. ..5
000030E0:  35 3A 2B 87 37 48 08 A8 02 CD 3A 8C 0F E2 A5 6D  5:+.7H....:....m
000030F0:  36 A8 0B 21 FD EA 9C 36 A9 6E 70 87 BC F9 A1 71  6..!...6.np....q
00003100:  D6 B5 75 1C D3 A0 BD 4C 5E DA FD B9 73 DB C2 07  ..u....L^...s...
00003110:  D9 79 21 BA CA 10 7A 13 7C CB 29 30 E2 0B 53 D3  .y!...z.|.)0..S.
00003120:  00 C5 33 46 E0 0C 7A D6 C6 F7 95 FF 63 B8 07 04  ..3F..z.....c...
00003130:  38 CB 0C AE 31 B5 D1 1D 95 58 78 3C 9F E1 8C 05  8...1....Xx<....
00003140:  71 52 64 62 6C B3 56 5B 49 30 2D 27 87 87 6D 1F  qRdbl.V[I0-'..m.
00003150:  32 2B 2C 11 53 10 ED 19 23 5E 42 7E 32 80 F1 33  2+,.S...#^B~2..3
00003160:  0F 5B B6 75 94 88 71 4F 58 91 11 79 C8 97 46 9A  .[.u..qOX..y..F.
00003170:  53 B7 9F 18 37 10 85 B1 5F 81 17 02 B2 D5 47 55  S...7..._.....GU
00003180:  EB 43 FA 49 2B 71 A3 E6 84 E7 A5 CA E4 00 7C 22  .C.I+q........|"
00003190:  68 EB 1D 0C 3F EF 70 8A 4A D1 1A 48 10 83 54 BF  h...?.p.J..H..T.
000031A0:  2F 41 7B D7 D0 AB A7 0E 60 F0 FC 5B 8F A3 A1 1F  /A{.....`..[....
000031B0:  7B F1 44 16 A5 03 64 B4 FF 70 79 5A 4C 33 02 B8  {.D...d..pyZL3..
000031C0:  BA 4A 54 8A 4A C5 B8 CE 37 94 EA 8F D4 9C E4 C6  .JT.J...7.......
000031D0:  89 34 35 58 58 39 76 77 A9 8E A2 7F AC CA A7 05  .45XX9vw........
000031E0:  00 15 27 26 50 8D 2C 79 74 79 46 04 CC 09 98 81  ..'&P.,ytyF.....
000031F0:  A4 DA 20 A1 A0 C0 94 24 F9 67 22 19 E4 4C 20 16  .. ....$.g"..L .
00003200:  B0 1B FF AF CD 00 5A AC 08 3F 26 C7 44 25 C1 06  ......Z..?&.D%..
00003210:  CE 6E 7A 67 1D 31 C2 0B 32 CA 9A EC 45 2E 5F AD  .nzg.1..2...E._.
00003220:  3B 57 31 C3 78 06 8E F7 A5 52 D1 52 E0 3E 25 EA  ;W1.x....R.R.>%.
00003230:  49 A2 F5 18 CC E0 6B 73 C7 7B 74 2C 0D E3 8D 49  I.....ks.{t,...I
00003240:  A2 A7 AA 50 FB 60 CB 76 35 EC ED 5F 7E 62 DC 7E  ...P.`.v5.._~b.~
00003250:  02 BD DD FA 4E 31 66 44 D8 FF 36 24 DE D0 98 D1  ....N1fD..6$....
00003260:  B0 6B B5 35 07 67 D3 1F F0 7E 94 1A 14 D0 C8 DD  .k.5.g...~......
00003270:  0E 85 73 52 AF 6C 39 9B 3D 94 04 37 89 BA 57 66  ..sR.l9.=..7..Wf
00003280:  A7 E0 45 A7 EF 1C 02 ED F0 5A 67 66 F4 F7 85 DD  ..E......Zgf....
00003290:  F2 F9 0C 6F 61 D3 4B 0C EA A5 44 01 C6 B4 69 12  ...oa.K...D...i.
000032A0:  C7 89 09 E1 DB F2 1F FB A9 A1 93 74 A1 99 0B 86  ...........t....
000032B0:  09 A1 96 2A 4E F0 34 70 A3 95 FD 28 34 BE BA 11  ...*N.4p...(4...
000032C0:  D7 9B D3 6A CE 04 8B F9 74 AA FE AA 0C EE BE 5E  ...j....t......^
000032D0:  3B 22 7B 7A 3E 58 20 52 76 69 B6 FB 79 2E 2F 38  ;"{z>X Rvi..y./8
000032E0:  DD 5B F9 80 1E 85 8F D0 04 FB F9 47 F3 97 0C 7F  .[.........G....
000032F0:  AE B5 89 AE 4A AB 09 55 8F 76 AC 23 7B 8C 9D 05  ....J..U.v.#{...
00003300:  43 F4 60 A1 F8 4B 54 09 D7 AF 0C D4 26 92 60 27  C.`..KT.....&.`'
00003310:  0F 33 7B 18 7A E3 D6 DC F9 CF A0 8B 17 CF 23 DE  .3{.z.........#.
00003320:  5C B7 CF 59 41 3D F0 31 E9 67 38 4F DB C7 7E 77  \..YA=.1.g8O..~w
00003330:  F8 E4 AD 81 A6 2F 7F C2 C0 5A E7 E2 61 C7 FA 2A  ...../...Z..a..*
00003340:  9E 82 72 A2 6E 3A 64 B4 FF 70 79 5A 4C 33 02 B8  ..r.n:d..pyZL3..
00003350:  BA 4A 54 8A 4A C5 6A B0 01 17 05 8B 62 83 20 DA  .JT.J.j.....b. .
00003360:  3C 21 01 1A CF 24 65 33 63 99 60 B6 C6 5A 94 88  <!...$e3c.`..Z..
00003370:  13 62 18 16 DE D5 2C 79 74 79 46 04 CC 09 98 81  .b....,ytyF.....
00003380:  A4 DA 20 A1 A0 C0 40 22 E0 1F 61 C1 97 A3 07 16  .. ...@"..a.....
00003390:  C3 2D BB 7B 23 09 5A AC 08 3F 26 C7 44 25 C1 06  .-.{#.Z..?&.D%..
000033A0:  CE 6E 7A 67 1D 31 C2 0B 32 CA 9A EC 45 2E 5F AD  .nzg.1..2...E._.
000033B0:  3B 57 31 C3 78 06 8E F7 A5 52 D1 52 E0 3E 25 EA  ;W1.x....R.R.>%.
000033C0:  49 A2 F5 18 CC E0 65 EC FF 49 88 E5 2F E2 5C 92  I.....e..I../.\.
000033D0:  81 92 45 05 47 44 CE C5 7E 4D 88 2B F2 CA D7 2F  ..E.GD..~M.+.../
000033E0:  61 87 02 09 D8 67 C9 55 B8 56 68 4F DD 46 E7 DA  a....g.U.VhO.F..
000033F0:  93 7B C5 4A D4 C6 B7 01 D0 F1 D2 EE 91 DB 68 47  .{.J..........hG
00003400:  43 52 81 D3 DB 79 8F 95 E9 02 BD F6 E2 B1 EF 34  CR...y.........4
00003410:  07 02 C5 84 2F 3F 32 61 38 F4 8D 77 EB 38 60 BC  ..../?2a8..w.8`.
00003420:  4A 0C 71 96 AB B5 8F A7 5C FC BD AA 48 1D 5A D0  J.q.....\...H.Z.
00003430:  5F 55 41 4B 58 20 19 A2 9F 6B D3 4B 37 2D 95 6C  _UAKX ...k.K7-.l
00003440:  9A 5A EB 28 56 7C 3F 89 1C 27 0A AA 73 CF DC 66  .Z.(V|?..'..s..f
00003450:  F7 53 3B 50 21 2E B6 96 9C BC 76 6C 78 49 07 FA  .S;P!.....vlxI..
00003460:  8E 55 9B A8 DE 23 78 5C 22 2B 31 AE 03 6C EB 7C  .U...#x\"+1..l.|
00003470:  E9 3E D3 E9 E5 67 08 A8 02 CD 3A 8C 0F E2 A5 6D  .>...g....:....m
00003480:  36 A8 0B 21 FD EA 9C 36 A9 6E 70 87 BC F9 A1 71  6..!...6.np....q
00003490:  D6 B5 75 1C D3 A0 4E EF FE 7D 6D 05 16 44 B8 17  ..u...N..}m..D..
000034A0:  BD 96 F5 80 B7 F7 97 BD EB 06 38 3D 06 9A 91 9A  ..........8=....
000034B0:  1E 51 A4 8F B8 CC 09 55 8F 76 AC 23 7B 8C 9D 05  .Q.....U.v.#{...
000034C0:  43 F4 60 A1 F8 4B 54 09 D7 AF 0C D4 26 92 60 27  C.`..KT.....&.`'
000034D0:  0F 33 7B 18 7A E3 55 6B 9E 3B F2 48 DC 70 52 63  .3{.z.Uk.;.H.pRc
000034E0:  B9 F2 DC 4E F5 C1 E6 12 B9 8D 0E BC AB F7 48 4F  ...N..........HO
000034F0:  CE 72 CA 9A 3F 4F DD EB 25 AD DC 9B D7 B7 0B 6C  .r..?O..%......l
00003500:  02 AC 15 62 3D 07 33 05 9F 1C 8C 23 9B DA 20 3B  ...b=.3....#.. ;
00003510:  AD D3 D4 B6 C1 AB A8 16 E6 B7 F9 F4 C9 42 85 A1  .............B..
00003520:  B9 A0 A9 C7 87 7F C3 3D 7A C1 83 76 D8 5A B9 EA  .......=z..v.Z..
00003530:  5E 75 1D 66 FF 21 EF DB E9 00 0B 60 6A 3B AB B9  ^u.f.!.....`j;..
00003540:  47 31 2E 04 C6 2C C8 EB D5 40 3D 6B 3A 00 F3 38  G1...,...@=k:..8
00003550:  2B AD 47 DB 3F E6 2E 2B 2B 0D 00 B9 14 35 77 0F  +.G.?..++....5w.
00003560:  13 F6 8D 80 EB 91 3D F1 0F 18 27 07 08 32 FC BD  ......=...'..2..
00003570:  26 AC F3 9C C0 3C 2B E7 60 C4 31 FB 5D D5 3C 4B  &....<+.`.1.].<K
00003580:  50 B7 88 20 3E A6 C3 E8 E2 7C F0 D3 63 5C B2 EF  P.. >....|..c\..
00003590:  24 2D 8A EF 1C 8F 1D 4B 4E 5B 70 18 FC DA F5 26  $-.....KN[p....&
000035A0:  EB 7F 13 71 32 50 FD D5 9B 6A 31 1B 82 9B B4 0B  ...q2P...j1.....
000035B0:  3B E0 36 48 49 12 2C 1E 64 A5 28 96 79 3F 05 85  ;.6HI.,.d.(.y?..
000035C0:  C7 4B A5 63 52 CB 27 2F 04 9A 6B 09 5E D2 62 5D  .K.cR.'/..k.^.b]
000035D0:  C0 D7 14 B3 BA 28 EE 19 48 14 93 3E E0 C3 06 F7  .....(..H..>....
000035E0:  A2 35 C2 D6 53 88 98 D5 A0 60 C2 10 90 2A 3C 0C  .5..S....`...*<.
000035F0:  3D D4 50 95 89 35 01 C3 FE 78 67 D1 D5 D7 F4 DA  =.P..5...xg.....
00003600:  29 56 97 0E C3 89 8E 55 E5 56 4D E7 8D 60 EA 70  )V.....U.VM..`.p
00003610:  BD BD 33 03 A4 B4 66 44 D8 FF 36 24 DE D0 98 D1  ..3...fD..6$....
00003620:  B0 6B B5 35 07 67 85 A7 69 74 1F DA 5A 77 2E 9E  .k.5.g..it..Zw..
00003630:  B9 D8 DE E1 77 AA C7 EE 5A 06 8B DB 47 98 D8 99  ....w...Z...G...
00003640:  43 C7 5E 3A 64 02 DB 11 2F F3 A5 F5 85 53 A6 B3  C.^:d.../....S..
00003650:  7B C4 FF D9 B8 F8 1F CA F9 A0 24 B6 89 5C 3E 97  {.........$..\>.
00003660:  5D 00 5F 5A 53 25 20 A5 90 11 61 15 2A 70 39 2E  ]._ZS% ...a.*p9.
00003670:  46 6D 5E 38 8B 97 C1 42 2E 81 5D 2D A1 84 76 FB  Fm^8...B..]-..v.
00003680:  ED 49 6E DC BB E8 E7 DF DD 03 F2 41 77 23 51 D4  .In........Aw#Q.
00003690:  80 51 68 20 D1 53 56 06 E9 E3 98 6E 39 4E AA 6A  .Qh .SV....n9N.j
000036A0:  23 36 40 7B FE 96 22 3A 1B B9 0B B5 22 DA 1C 68  #6@{..":...."..h
000036B0:  BE 1B A2 D4 73 4C B7 B9 12 4A 8E 58 77 A7 CD CD  ....sL...J.Xw...
000036C0:  EC 78 53 5F 70 E3 62 9F 81 83 C0 3C 6F 08 AE 61  .xS_p.b....<o..a
000036D0:  C4 D0 75 BF 11 53 AB 00 57 CB 39 AC 91 DA 85 05  ..u..S..W.9.....
000036E0:  A1 08 0B B0 0A C2 B7 9D 62 29 A9 02 A9 C4 12 24  ........b).....$
000036F0:  7B 51 94 A7 BA 39 07 89 C0 18 98 C2 FB 98 22 15  {Q...9........".
00003700:  A9 0B 68 AF E4 B3 95 C2 2B 66 F9 20 95 E2 6C 39  ..h.....+f. ..l9
00003710:  3B 70 32 BC 5E C0 BC 97 A6 54 38 98 26 2B 8B 2F  ;p2.^....T8.&+./
00003720:  30 B8 2C 8A 44 93 7A D6 C6 F7 95 FF 63 B8 07 04  0.,.D.z.....c...
00003730:  38 CB 0C AE 31 B5 D1 1D 95 58 78 3C 9F E1 8C 05  8...1....Xx<....
00003740:  71 52 64 62 6C B3 90 66 43 F7 7C BA 0B B5 1B 8D  qRdbl..fC.|.....
00003750:  6F FA 98 D0 4A D1 F6 C0 AC 16 EA F9 2A 2F 04 56  o...J.......*/.V
00003760:  06 AC E0 A4 60 AC 47 64 80 33 0D C5 D2 13 0E 85  ....`.Gd.3......
00003770:  61 68 BF AB CF 5E 1A 87 FE 43 D5 3F C9 EF CE 07  ah...^...C.?....
00003780:  BA F4 8B 2E 37 F7 42 9D 80 4E F4 6B B7 89 B4 D2  ....7.B..N.k....
00003790:  8E F3 DB B6 AF D7 52 A5 AF 8F B3 82 DE B9 B7 6E  ......R........n
000037A0:  B1 1E B2 1C E9 88 F1 C7 68 B1 93 30 22 E3 E0 94  ........h..0"...
000037B0:  85 67 ED 60 A7 AF 46 58 70 A5 C5 8F 47 9F B7 B8  .g.`..FXp...G...
000037C0:  F3 8F 74 34 B8 41 3A 10 D4 52 D0 F5 25 CF 88 E3  ..t4.A:..R..%...
000037D0:  5A 2E 18 F0 00 9D 18 5A 08 CA FD 05 BA 11 45 A2  Z......Z......E.
000037E0:  ED 3F 66 30 49 9B BD E5 45 E4 2E 9C 83 CD 9E CB  .?f0I...E.......
000037F0:  E1 70 EB EB 62 99 27 DF 4A 99 EE E2 B2 BF 78 44  .p..b.'.J.....xD
00003800:  9E F8 0B D9 4D C8 6A 2D A1 14 C4 27 B1 46 6D 17  ....M.j-...'.Fm.
00003810:  FA F7 FE 79 8C 91 0C 07 BB 2E 9A E1 BB 68 9E 21  ...y.........h.!
00003820:  39 E8 BB DB 61 AB F2 A5 04 53 37 B7 A2 F2 5C C4  9...a....S7...\.
00003830:  B1 AD 74 39 23 52 77 31 DF B4 78 11 EA 67 28 8C  ..t9#Rw1..x..g(.
00003840:  69 54 BD 09 43 4E 6A 7A D6 BF 9A 90 BB 29 A0 C1  iT..CNjz.....)..
00003850:  E1 F8 5D 09 6D 91 7C 20 EF 87 99 C3 F8 ED 4B B3  ..].m.| ......K.
00003860:  2F CC 67 59 2C 7B 7C BB 3D 7D 95 A4 30 53 0A B6  /.gY,{|.=}..0S..
00003870:  95 91 2D B5 02 84 71 2E 1E 21 5A 7B 07 E2 C2 FE  ..-...q..!Z{....
00003880:  08 FF 58 C5 36 02 9C 4B 17 10 17 24 88 05 DA 10  ..X.6..K...$....
00003890:  ED D8 EF 41 98 1A 7A 9F 97 75 EE D1 8A 67 B1 F3  ...A..z..u...g..
000038A0:  78 0F 2C AA EC 41 41 95 5A 0B 87 F1 18 8D 25 EE  x.,..AA.Z.....%.
000038B0:  9B 8A 99 E2 F4 3E 18 16 09 DB 7D 01 99 D1 70 F4  .....>....}...p.
000038C0:  C1 D3 71 56 40 23 ED 19 23 5E 42 7E 32 80 F1 33  ..qV@#..#^B~2..3
000038D0:  0F 5B B6 75 94 88 71 4F 58 91 11 79 C8 97 46 9A  .[.u..qOX..y..F.
000038E0:  53 B7 9F 18 37 10 85 B1 5F 81 17 02 B2 D5 47 55  S...7..._.....GU
000038F0:  EB 43 FA 49 2B 71 21 DB D6 92 85 C9 B1 84 C3 7E  .C.I+q!........~
00003900:  6B 64 71 AD 08 05 CF 16 9A F9 30 E2 C9 6F A3 87  kdq.......0..o..
00003910:  A5 6A F6 A0 FB 89 59 2D A8 38 4E 79 BF 81 83 22  .j....Y-.8Ny..."
00003920:  0C A2 88 F7 53 55 07 1A B9 78 86 DF 51 84 52 02  ....SU...x..Q.R.
00003930:  C1 EF 66 3E E9 DB 22 3A 1B B9 0B B5 22 DA 1C 68  ..f>..":...."..h
00003940:  BE 1B A2 D4 73 4C EE 94 C6 70 AF 11 7E BE 59 D1  ....sL...p..~.Y.
00003950:  4B D6 C6 10 B1 AA 6C 13 C3 C6 DC A6 75 63 A1 CB  K.....l.....uc..
00003960:  6A AD 06 A0 A4 77 73 0C 9D B8 A5 32 1E A8 A0 DB  j....ws....2....
00003970:  C2 3D 9A FB A3 A7 D7 55 6D 32 18 E3 00 D9 62 58  .=.....Um2....bX
00003980:  ED 08 0E A4 B2 B9 A9 E7 4A 2C 91 D8 90 FE 08 66  ........J,.....f
00003990:  98 71 5A F2 27 A9 8B A6 71 FC B6 3D E8 23 83 73  .qZ.'...q..=.#.s
000039A0:  22 63 4D 5C 0D 07 84 74 15 C1 63 8C B8 0B 53 C5  "cM\...t..c...S.
000039B0:  01 D4 04 AD 8D A2 D1 A8 AA 33 36 E5 C8 6C 42 19  .........36..lB.
000039C0:  8C 53 2F 47 63 48 71 82 85 88 92 5D D1 AA DC E5  .S/GcHq....]....
000039D0:  16 39 93 2E BC 97 B1 50 B0 89 F4 6A 5C 61 13 52  .9.....P...j\a.R
000039E0:  2E 6B B6 5B BC F2 9B D9 36 C0 63 A9 1B B2 EF A4  .k.[....6.c.....
000039F0:  71 40 3C DD A1 60 3E E7 8E D4 D3 C0 10 47 74 B7  q@<..`>......Gt.
00003A00:  CC 53 9C 75 8B 37 B1 90 5D 9E 61 CC 72 5E 10 CE  .S.u.7..].a.r^..
00003A10:  F3 D0 C6 53 6E 5B E6 B7 89 22 F0 FA D5 54 EF C1  ...Sn[..."...T..
00003A20:  CA DC 53 B7 47 54 10 58 81 66 98 33 4F 31 BD F3  ..S.GT.X.f.3O1..
00003A30:  BB 8C 3C 8D BA 38 4B 90 0B 24 47 F4 4D F4 75 2D  ..<..8K..$G.M.u-
00003A40:  E8 21 CF 04 1C F6 D7 3A 49 76 7E 74 D2 5C 84 05  .!.....:Iv~t.\..
00003A50:  60 FE B7 1C 7B 17 E2 3B F4 6F 4B E1 62 CC DF 3B  `...{..;.oK.b..;
00003A60:  E6 6C E7 18 67 BB 3A D6 97 8B CA 50 2E 86 28 DD  .l..g.:....P..(.
00003A70:  E4 8D AB 86 24 39 BB 9C 40 3F 39 D9 C0 E4 5C 97  ....$9..@?9...\.
00003A80:  20 76 0D 44 98 82 20 86 63 F5 FE 3E DB 22 22 B2   v.D.. .c..>."".
00003A90:  9C C7 55 8B 01 E8 5A AC 08 3F 26 C7 44 25 C1 06  ..U...Z..?&.D%..
00003AA0:  CE 6E 7A 67 1D 31 C2 0B 32 CA 9A EC 45 2E 5F AD  .nzg.1..2...E._.
00003AB0:  3B 57 31 C3 78 06 8E F7 A5 52 D1 52 E0 3E 25 EA  ;W1.x....R.R.>%.
00003AC0:  49 A2 F5 18 CC E0 CD 91 DE E1 72 AA AF 0C 89 13  I.........r.....
00003AD0:  9B 78 96 F0 95 91 5A 32 41 E6 CB 69 30 6E 86 FB  .x....Z2A..i0n..
00003AE0:  9C 26 DE 43 A0 C6 66 44 D8 FF 36 24 DE D0 98 D1  .&.C..fD..6$....
00003AF0:  B0 6B B5 35 07 67 0D A7 02 ED 28 CE 5A BF 29 AA  .k.5.g....(.Z.).
00003B00:  98 CA 0C C6 0E 0D 39 9B 3D 94 04 37 89 BA 57 66  ......9.=..7..Wf
00003B10:  A7 E0 45 A7 EF 1C 02 ED F0 5A 67 66 F4 F7 85 DD  ..E......Zgf....
00003B20:  F2 F9 0C 6F 61 D3 37 F1 02 B9 2E 15 E2 B1 65 45  ...oa.7.......eE
00003B30:  34 CC 31 FB B8 B4 1E F9 C4 52 42 86 68 68 B0 EB  4.1......RB.hh..
00003B40:  0B AE D4 0F 63 D8 2D 42 6B 79 3E 4B 85 2C 81 37  ....c.-Bky>K.,.7
00003B50:  84 2C AB E2 C6 81 8A 7D E4 3F 19 05 7F DC 50 BB  .,.....}.?....P.
00003B60:  49 59 86 44 EC DE 50 00 64 F8 F5 80 4D A2 90 26  IY.D..P.d...M..&
00003B70:  FF 82 B9 BC 3E 98 AC F8 41 AE E3 93 FB A1 6B C1  ....>...A.....k.
00003B80:  B8 E0 FA 64 E6 01 A1 B7 DC 2C 87 DF 87 76 56 51  ...d.....,...vVQ
00003B90:  56 5C 8A 2F DD 89 39 13 59 DF 10 E0 80 63 49 D0  V\./..9.Y....cI.
00003BA0:  4A C5 EF E7 64 10 5E 24 64 18 9E 4F 13 B9 62 3E  J...d.^$d..O..b>
00003BB0:  C9 79 70 55 76 63 2A 50 6B 7D FD AD 67 E9 F9 BC  .ypUvc*Pk}..g...
00003BC0:  FE C0 FB 80 29 E3 66 2D 1E 0F AA F3 EE 84 13 29  ....).f-.......)
00003BD0:  C3 46 83 72 4F FC E7 7F 03 DA 0F FF C6 2A 83 5F  .F.rO........*._
00003BE0:  D9 36 EF AB AE B3 CA FE 66 F4 AC B1 38 6D 3F 83  .6......f...8m?.
00003BF0:  B2 2B A3 65 B2 D4 62 27 9F D9 34 AE 11 49 AD 17  .+.e..b'..4..I..
00003C00:  2B C9 52 E2 A8 92 14 B5 3D 68 32 BB E8 11 61 C2  +.R.....=h2...a.
00003C10:  20 D3 D3 DF 54 09 A4 2D 49 88 98 C0 98 5E 78 71   ...T..-I....^xq
00003C20:  B0 4D 54 1F 8B 21 E6 12 B9 8D 0E BC AB F7 48 4F  .MT..!........HO
00003C30:  CE 72 CA 9A 3F 4F 32 1C A7 8B 64 5E 2C CB D6 D8  .r..?O2...d^,...
00003C40:  EE 46 E6 59 C3 F0 7D 7F 7B CE C7 16 42 38 A8 A0  .F.Y..}.{...B8..
00003C50:  01 F2 68 57 84 F7 A8 16 E6 B7 F9 F4 C9 42 85 A1  ..hW.........B..
00003C60:  B9 A0 A9 C7 87 7F 79 C5 23 71 DF E3 27 13 0E BF  ......y.#q..'...
00003C70:  F5 16 30 91 38 04 62 A5 1A B3 7E 7E F4 87 E8 1C  ..0.8.b...~~....
00003C80:  A3 12 7E 17 4F 5E E6 B7 89 22 F0 FA D5 54 EF C1  ..~.O^..."...T..
00003C90:  CA DC 53 B7 47 54 DE CC F6 C3 D5 A1 0D FD B1 75  ..S.GT.........u
00003CA0:  6E 3D 1A A7 BF 8D E5 E0 AC 62 65 D6 8D EA 1B 1F  n=.......be.....
00003CB0:  AD 8D E6 65 DE FC DF 6B 0F 24 3D EE 8F 7C FE 5B  ...e...k.$=..|.[
00003CC0:  76 F5 47 28 FC 0B 8E 4B 14 B9 F8 49 BD 34 A5 4D  v.G(...K...I.4.M
00003CD0:  80 27 23 EF 58 B1 54 64 AB F0 28 9B B1 B2 0F 80  .'#.X.Td..(.....
00003CE0:  AD 0D EB 6E 20 B5 4B 4C 2B EF C8 20 D3 67 87 94  ...n .KL+.. .g..
00003CF0:  5E B2 3F A0 75 89 65 9F CD 42 E5 51 41 37 E1 05  ^.?.u.e..B.QA7..
00003D00:  E7 63 88 02 87 12 C5 BF B4 99 15 BB E3 98 97 66  .c.............f
00003D10:  04 5A BF 6E 65 03 78 5C 97 7B F8 17 2C A4 8D 4D  .Z.ne.x\.{..,..M
00003D20:  18 E7 C3 43 7F 73 C1 6E EF D7 13 35 15 8A 41 CA  ...C.s.n...5..A.
00003D30:  21 16 B7 E9 41 A5 BA F4 AE 89 A8 23 2D 67 D7 F9  !...A......#-g..
00003D40:  06 0F 65 34 3D 1E 9E 90 77 B3 46 52 CE AE CA 2D  ..e4=...w.FR...-
00003D50:  72 AB 2F AC 17 18 F4 22 1C 62 E8 EA 91 93 B1 0D  r./....".b......
00003D60:  18 BE 23 3A 92 F9 3D 1E C1 00 D8 F1 D3 9D 78 1B  ..#:..=.......x.
00003D70:  08 8B 16 FD 18 14 27 03 1A 23 E8 41 AB 29 01 59  ......'..#.A.).Y
00003D80:  4F CE 0E 96 82 01 DC B5 D2 90 E5 30 02 85 43 18  O..........0..C.
00003D90:  6F 3F 07 F4 93 D6 3F C4 2B 74 24 46 EA EB 98 DA  o?....?.+t$F....
00003DA0:  6D D7 99 86 31 21 AC 25 8A E9 0A 74 7C A9 CE DF  m...1!.%...t|...
00003DB0:  79 8D F5 25 5B 2D 42 BB 47 62 A3 53 AC 00 F8 20  y..%[-B.Gb.S... 
00003DC0:  09 FE 51 55 2A B9 69 A5 4B 48 C4 5A DA F5 DA CB  ..QU*.i.KH.Z....
00003DD0:  9A 64 02 55 2D AE E6 3B B7 76 82 81 32 BD 74 58  .d.U-..;.v..2.tX
00003DE0:  47 3C B0 DD 01 E0 CE EA 2A E1 80 9F 8F AB 76 7C  G<......*.....v|
00003DF0:  5A FC EB 14 80 53 D0 9A EA 22 D1 62 EF 12 FE 9F  Z....S...".b....
00003E00:  9A D2 B8 62 F2 BF 71 B8 51 02 7C 6E 70 0A 9D 2C  ...b..q.Q.|np..,
00003E10:  A8 74 34 EE 87 D7 1E AE F3 F3 B1 92 F8 CF 2E E9  .t4.............
00003E20:  E8 CE 8E F6 64 48 8F FB 00 38 79 07 D9 31 BF BE  ....dH...8y..1..
00003E30:  24 0A AB 91 78 CF B8 B4 FC 60 C3 C7 71 EA 1C E1  $...x....`..q...
00003E40:  76 76 19 64 8D A5 77 13 26 97 E5 EF 95 82 70 AA  vv.d..w.&.....p.
00003E50:  B8 9C 5F 95 28 04 42 A1 F9 CE 7E 9E C0 CE 96 6B  .._.(.B...~....k
00003E60:  41 49 84 03 07 DB 21 E4 D9 98 92 E5 E0 D2 A1 28  AI....!........(
00003E70:  F9 D0 C3 18 51 74 00 00 00 00 00 00 00 00 00 00  ....Qt..........
00003E80:  00 00 00 00 00 00 00 00 00 00 00 00 00 00 00 00  ................ [zeros]
00003E90:  00 00 00 00 00 00 C8 CA AB 3C 2E 5E 8D 7E DA 74  .........<.^.~.t
00003EA0:  0B 92 05 37 36 91 AE 05 24 F6 9C 45 A0 B4 F3 C0  ...76...$..E....
00003EB0:  41 2E 9B 25 85 9B 2C 7A E0 FE EA D9 D0 BF CE 40  A..%..,z.......@
00003EC0:  AE 66 1D 0A EE 0E 00 00 00 00 00 00 00 00 00 00  .f..............
00003ED0:  00 00 00 00 00 00 00 00 00 00 00 00 00 00 00 00  ................ [zeros]
00003EE0:  00 00 00 00 00 00 00 00 00 00 00 00 00 00 00 00  ................ [zeros]
00003EF0:  00 00 00 00 00 00 00 00 00 00 00 00 00 00 00 00  ................ [zeros]
00003F00:  00 00 00 00 00 00 00 00 00 00 00 00 00 00 00 00  ................ [zeros]
00003F10:  00 00 00 00 00 00 00 00 00 00 00 00 00 00 00 00  ................ [zeros]
00003F20:  00 00 00 00 00 00 00 00 00 00 00 00 00 00 00 00  ................ [zeros]
00003F30:  00 00 00 00 00 00 00 00 00 00 00 00 00 00 00 00  ................ [zeros]
00003F40:  00 00 00 00 00 00 B6 33 C4 A1 DA B5 5D 4C 80 A8  .......3....]L..
00003F50:  24 0B D8 70 3E 31 E5 7F 01 EB 8E 62 4C 5E 93 BD  $..p>1.....bL^..
00003F60:  78 92 80 91 D4 6D E2 2F 71 9A 57 87 A1 10 A5 A3  x....m./q.W.....
00003F70:  1A 53 92 8D 8C 25 87 E1 D6 47 7A CE 92 7B E5 5E  .S...%...Gz..{.^
00003F80:  B4 D9 A2 FE 18 A3 00 00 00 00 00 00 00 00 00 00  ................
00003F90:  00 00 00 00 00 00 00 00 00 00 00 00 00 00 00 00  ................ [zeros]
00003FA0:  00 00 00 00 00 00 00 00 00 00 00 00 00 00 00 00  ................ [zeros]
00003FB0:  00 00 00 00 00 00 6C 13 BD 9D 3E 0B 6C 24 C6 26  ......l...>.l$.&
00003FC0:  CF 95 AB A2 EC D2 36 0F BC B4 A2 C1 2A 04 A5 F7  ......6.....*...
00003FD0:  EF D6 B4 B7 71 C2 7E 07 0A CB 97 AF C8 FA A9 A5  ....q.~.........
00003FE0:  14 A1 1C 8D 52 76 9E F5 F8 C8 8C EE 6A B5 A9 CD  ....Rv......j...
00003FF0:  61 91 3A 29 DA 2B 1E 99 AB 69 CA C4 C4 04 0F D2  a.:).+...i......
00004000:  68 10 4F 5D 5E 55 41 2A 56 81 DD C0 73 EA AE FE  h.O]^UA*V...s...
00004010:  C1 AA 16 09 53 68 B5 40 C4 B1 D4 EB 4D 2C 17 0A  ....Sh.@....M,..
00004020:  97 71 80 98 E0 09 A6 7E 52 35 58 21 3D 48 2A CA  .q.....~R5X!=H*.
00004030:  67 05 A9 ED 91 55 BD 99 FD 22 85 36 C1 BC D4 D9  g....U...".6....
00004040:  D7 11 DF 92 06 10 DA 33 79 C7 EE AE 12 0A CA E9  .......3y.......
00004050:  50 50 3A DB 7B 84 00 00 00 00 00 00 00 00 00 00  PP:.{...........
00004060:  00 00 00 00 00 00 00 00 00 00 00 00 00 00 00 00  ................ [zeros]
00004070:  00 00 00 00 00 00 00 00 00 00 00 00 00 00 00 00  ................ [zeros]
00004080:  00 00 00 00 00 00 00 00 00 00 00 00 00 00 00 00  ................ [zeros]
00004090:  00 00 00 00 00 00 00 00 00 00 00 00 00 00 00 00  ................ [zeros]
000040A0:  00 00 00 00 00 00 00 00 00 00 00 00 00 00 00 00  ................ [zeros]
000040B0:  00 00 00 00 00 00 00 00 00 00 00 00 00 00 00 00  ................ [zeros]
000040C0:  00 00 00 00 00 00 00 00 00 00 00 00 00 00 00 00  ................ [zeros]
000040D0:  00 00 00 00 00 00 00 00 00 00 00 00 00 00 00 00  ................ [zeros]
000040E0:  00 00 00 00 00 00 00 00 00 00 00 00 00 00 00 00  ................ [zeros]
000040F0:  00 00 00 00 00 00 00 00 00 00 00 00 00 00 00 00  ................ [zeros]
00004100:  00 00 00 00 00 00 00 00 00 00 00 00 00 00 00 00  ................ [zeros]
00004110:  00 00 00 00 00 00 77 00 0C 06 58 52 A4 35 7F BB  ......w...XR.5..
00004120:  B3 F6 56 7B A1 06 DC A5 CB DA 6E DB 08 1D 41 0D  ..V{......n...A.
00004130:  8A 59 88 B0 37 88 00 00 00 00 00 00 00 00 00 00  .Y..7...........
00004140:  00 00 00 00 00 00 00 00 00 00 00 00 00 00 00 00  ................ [zeros]
00004150:  00 00 00 00 00 00 00 00 00 00 00 00 00 00 00 00  ................ [zeros]
00004160:  00 00 00 00 00 00 00 00 00 00 00 00 00 00 00 00  ................ [zeros]
00004170:  00 00 00 00 00 00 00 00 00 00 00 00 00 00 00 00  ................ [zeros]
00004180:  00 00 00 00 00 00 00 00 00 00 00 00 00 00 00 00  ................ [zeros]
00004190:  00 00 00 00 00 00 00 00 00 00 00 00 00 00 00 00  ................ [zeros]
000041A0:  00 00 00 00 00 00 00 00 00 00 00 00 00 00 00 00  ................ [zeros]
000041B0:  00 00 00 00 00 00 00 00 00 00 00 00 00 00 00 00  ................ [zeros]
000041C0:  00 00 00 00 00 00 00 00 00 00 00 00 00 00 00 00  ................ [zeros]
000041D0:  00 00 00 00 00 00 00 00 00 00 00 00 00 00 00 00  ................ [zeros]
000041E0:  00 00 00 00 00 00 00 00 00 00 00 00 00 00 00 00  ................ [zeros]
000041F0:  00 00 00 00 00 00 00 00 00 00 00 00 00 00 00 00  ................ [zeros]
00004200:  00 00 00 00 00 00 00 00 00 00 00 00 00 00 00 00  ................ [zeros]
00004210:  00 00 00 00 00 00 00 00 00 00 00 00 00 00 00 00  ................ [zeros]
00004220:  00 00 00 00 00 00 00 00 00 00 00 00 00 00 00 00  ................ [zeros]
00004230:  00 00 00 00 00 00 00 00 00 00 00 00 00 00 00 00  ................ [zeros]
00004240:  00 00 00 00 00 00 00 00 00 00 00 00 00 00 00 00  ................ [zeros]
00004250:  00 00 00 00 00 00 00 00 00 00 00 00 00 00 00 00  ................ [zeros]
00004260:  00 00 00 00 00 00 00 00 00 00 00 00 00 00 00 00  ................ [zeros]
00004270:  00 00 00 00 00 00 00 00 00 00 00 00 00 00 00 00  ................ [zeros]
00004280:  00 00 00 00 00 00 00 00 00 00 00 00 00 00 00 00  ................ [zeros]
00004290:  00 00 00 00 00 00 00 00 00 00 00 00 00 00 00 00  ................ [zeros]
000042A0:  00 00 00 00 00 00 00 00 00 00 00 00 00 00 00 00  ................ [zeros]
000042B0:  00 00 00 00 00 00 00 00 00 00 00 00 00 00 00 00  ................ [zeros]
000042C0:  00 00 00 00 00 00 00 00 00 00 00 00 00 00 00 00  ................ [zeros]
000042D0:  00 00 00 00 00 00 00 00 00 00 00 00 00 00 00 00  ................ [zeros]
000042E0:  00 00 00 00 00 00 00 00 00 00 00 00 00 00 00 00  ................ [zeros]
000042F0:  00 00 00 00 00 00 00 00 00 00 00 00 00 00 00 00  ................ [zeros]
00004300:  00 00 00 00 00 00 00 00 00 00 00 00 00 00 00 00  ................ [zeros]
00004310:  00 00 00 00 00 00 00 00 00 00 00 00 00 00 00 00  ................ [zeros]
00004320:  00 00 00 00 00 00 00 00 00 00 00 00 00 00 00 00  ................ [zeros]
00004330:  00 00 00 00 00 00 00 00 00 00 00 00 00 00 00 00  ................ [zeros]
00004340:  00 00 00 00 00 00 00 00 00 00 00 00 00 00 00 00  ................ [zeros]
00004350:  00 00 00 00 00 00 00 00 00 00 00 00 00 00 00 00  ................ [zeros]
00004360:  00 00 00 00 00 00 00 00 00 00 00 00 00 00 00 00  ................ [zeros]
00004370:  00 00 00 00 00 00 00 00 00 00 00 00 00 00 00 00  ................ [zeros]
00004380:  00 00 00 00 00 00 00 00 00 00 00 00 00 00 00 00  ................ [zeros]
00004390:  00 00 00 00 00 00 00 00 00 00 00 00 00 00 00 00  ................ [zeros]
000043A0:  00 00 00 00 00 00 00 00 00 00 00 00 00 00 00 00  ................ [zeros]
000043B0:  00 00 00 00 00 00 00 00 00 00 00 00 00 00 00 00  ................ [zeros]
000043C0:  00 00 00 00 00 00 00 00 00 00 00 00 00 00 00 00  ................ [zeros]
000043D0:  00 00 00 00 00 00 00 00 00 00 00 00 00 00 00 00  ................ [zeros]
000043E0:  00 00 00 00 00 00 AF 5D 5C 21 91 39 3F 13 F5 6E  .......]\!.9?..n
000043F0:  5E F6 13 64 91 A2 24 43 51 E3 1D 3B 0B 21 F3 8C  ^..d..$CQ..;.!..
00004400:  68 8A 81 FC 6C A8 59 EA 35 F2 C8 56 B8 34 AA 86  h...l.Y.5..V.4..
00004410:  1B 3F 81 48 FE FD D1 97 C8 9A B8 52 0C 9A 9C 79  .?.H.......R...y
00004420:  71 0A 8E 3C 4C D5 7A 00 E3 FA 73 A7 67 7C 0A 72  q..<L.z...s.g|.r
00004430:  46 33 F5 39 71 BD CD A5 74 A2 D3 B6 B0 2B 78 27  F3.9q...t....+x'
00004440:  7D 41 EC 90 67 37 CB C7 2B F5 43 15 49 26 60 58  }A..g7..+.C.I&`X
00004450:  6B 8E 95 2E 44 D2 CB 23 EB CE D2 07 98 6B 0C BF  k...D..#.....k..
00004460:  40 92 77 1C 60 23 1F 0F 18 BE F9 DF 97 13 70 CD  @.w.`#........p.
00004470:  40 67 8F B4 96 71 D1 97 C8 9A B8 52 0C 9A 9C 79  @g...q.....R...y
00004480:  71 0A 8E 3C 4C D5 85 FE 44 12 12 BC 6F AB DE 6A  q..<L...D...o..j
00004490:  37 A3 C7 04 39 5D A6 62 35 B7 D4 26 DC 9E 6A 46  7...9].b5..&..jF
000044A0:  B3 10 59 6E CB FB 43 CF FF 7A F3 0F 1B 8C 7A 28  ..Yn..C..z....z(
000044B0:  00 72 B7 3D 97 D8 81 B1 DE E6 DD 57 28 B1 13 0C  .r.=.......W(...
000044C0:  E9 C5 97 81 9B F6 00 00 00 00 00 00 00 00 00 00  ................
000044D0:  00 00 00 00 00 00 00 00 00 00 00 00 00 00 00 00  ................ [zeros]
000044E0:  00 00 00 00 00 00 00 00 00 00 00 00 00 00 00 00  ................ [zeros]
000044F0:  00 00 00 00 00 00 00 00 00 00 00 00 00 00 00 00  ................ [zeros]
00004500:  00 00 00 00 00 00 00 00 00 00 00 00 00 00 00 00  ................ [zeros]
00004510:  00 00 00 00 00 00 00 00 00 00 00 00 00 00 00 00  ................ [zeros]
00004520:  00 00 00 00 00 00 00 00 00 00 00 00 00 00 00 00  ................ [zeros]
00004530:  00 00 00 00 00 00 00 00 00 00 00 00 00 00 00 00  ................ [zeros]
00004540:  00 00 00 00 00 00 00 00 00 00 00 00 00 00 00 00  ................ [zeros]
00004550:  00 00 00 00 00 00 00 00 00 00 00 00 00 00 00 00  ................ [zeros]
00004560:  00 00 00 00 00 00 00 00 00 00 00 00 00 00 00 00  ................ [zeros]
00004570:  00 00 00 00 00 00 00 00 00 00 00 00 00 00 00 00  ................ [zeros]
00004580:  00 00 00 00 00 00 00 00 00 00 00 00 00 00 00 00  ................ [zeros]
00004590:  00 00 00 00 00 00 00 00 00 00 00 00 00 00 00 00  ................ [zeros]
000045A0:  00 00 00 00 00 00 00 00 00 00 00 00 00 00 00 00  ................ [zeros]
000045B0:  00 00 00 00 00 00 00 00 00 00 00 00 00 00 00 00  ................ [zeros]
000045C0:  00 00 00 00 00 00 00 00 00 00 00 00 00 00 00 00  ................ [zeros]
000045D0:  00 00 00 00 00 00 00 00 00 00 00 00 00 00 00 00  ................ [zeros]
000045E0:  00 00 00 00 00 00 00 00 00 00 00 00 00 00 00 00  ................ [zeros]
000045F0:  00 00 00 00 00 00 00 00 00 00 00 00 00 00 00 00  ................ [zeros]
00004600:  00 00 00 00 00 00 00 00 00 00 00 00 00 00 00 00  ................ [zeros]
00004610:  00 00 00 00 00 00 00 00 00 00 00 00 00 00 00 00  ................ [zeros]
00004620:  00 00 00 00 00 00 00 00 00 00 00 00 00 00 00 00  ................ [zeros]
00004630:  00 00 00 00 00 00 00 00 00 00 00 00 00 00 00 00  ................ [zeros]
00004640:  00 00 00 00 00 00 00 00 00 00 00 00 00 00 00 00  ................ [zeros]
00004650:  00 00 00 00 00 00 00 00 00 00 00 00 00 00 00 00  ................ [zeros]
00004660:  00 00 00 00 00 00 00 00 00 00 00 00 00 00 00 00  ................ [zeros]
00004670:  00 00 00 00 00 00 00 00 00 00 00 00 00 00 00 00  ................ [zeros]
00004680:  00 00 00 00 00 00 00 00 00 00 00 00 00 00 00 00  ................ [zeros]
00004690:  00 00 00 00 00 00 00 00 00 00 00 00 00 00 00 00  ................ [zeros]
000046A0:  00 00 00 00 00 00 00 00 00 00 00 00 00 00 00 00  ................ [zeros]
000046B0:  00 00 00 00 00 00 00 00 00 00 00 00 00 00 00 00  ................ [zeros]
000046C0:  00 00 00 00 00 00 00 00 00 00 00 00 00 00 00 00  ................ [zeros]
000046D0:  00 00 00 00 00 00 00 00 00 00 00 00 00 00 00 00  ................ [zeros]
000046E0:  00 00 00 00 00 00 00 00 00 00 00 00 00 00 00 00  ................ [zeros]
000046F0:  00 00 00 00 00 00 00 00 00 00 00 00 00 00 00 00  ................ [zeros]
00004700:  00 00 00 00 00 00 00 00 00 00 00 00 00 00 00 00  ................ [zeros]
00004710:  00 00 00 00 00 00 00 00 00 00 00 00 00 00 00 00  ................ [zeros]
00004720:  00 00 00 00 00 00 00 00 00 00 00 00 00 00 00 00  ................ [zeros]
00004730:  00 00 00 00 00 00 00 00 00 00 00 00 00 00 00 00  ................ [zeros]
00004740:  00 00 00 00 00 00 00 00 00 00 00 00 00 00 00 00  ................ [zeros]
00004750:  00 00 00 00 00 00 00 00 00 00 00 00 00 00 00 00  ................ [zeros]
00004760:  00 00 00 00 00 00 00 00 00 00 00 00 00 00 00 00  ................ [zeros]
00004770:  00 00 00 00 00 00 00 00 00 00 00 00 00 00 00 00  ................ [zeros]
00004780:  00 00 00 00 00 00 00 00 00 00 00 00 00 00 00 00  ................ [zeros]
00004790:  00 00 00 00 00 00 00 00 00 00 00 00 00 00 00 00  ................ [zeros]
000047A0:  00 00 00 00 00 00 00 00 00 00 00 00 00 00 00 00  ................ [zeros]
000047B0:  00 00 00 00 00 00 00 00 00 00 00 00 00 00 00 00  ................ [zeros]
000047C0:  00 00 00 00 00 00 00 00 00 00 00 00 00 00 00 00  ................ [zeros]
000047D0:  00 00 00 00 00 00 00 00 00 00 00 00 00 00 00 00  ................ [zeros]
000047E0:  00 00 00 00 00 00 00 00 00 00 00 00 00 00 00 00  ................ [zeros]
000047F0:  00 00 00 00 00 00 00 00 00 00 00 00 00 00 00 00  ................ [zeros]
00004800:  00 00 00 00 00 00 00 00 00 00 00 00 00 00 00 00  ................ [zeros]
00004810:  00 00 00 00 00 00 00 00 00 00 00 00 00 00 00 00  ................ [zeros]
00004820:  00 00 00 00 00 00 00 00 00 00 00 00 00 00 00 00  ................ [zeros]
00004830:  00 00 00 00 00 00 00 00 00 00 00 00 00 00 00 00  ................ [zeros]
00004840:  00 00 00 00 00 00 00 00 00 00 00 00 00 00 00 00  ................ [zeros]
00004850:  00 00 00 00 00 00 00 00 00 00 00 00 00 00 00 00  ................ [zeros]
00004860:  00 00 00 00 00 00 00 00 00 00 00 00 00 00 00 00  ................ [zeros]
00004870:  00 00 00 00 00 00 00 00 00 00 00 00 00 00 00 00  ................ [zeros]
00004880:  00 00 00 00 00 00 00 00 00 00 00 00 00 00 00 00  ................ [zeros]
00004890:  00 00 00 00 00 00 00 00 00 00 00 00 00 00 00 00  ................ [zeros]
000048A0:  00 00 00 00 00 00 00 00 00 00 00 00 00 00 00 00  ................ [zeros]
000048B0:  00 00 00 00 00 00 00 00 00 00 00 00 00 00 00 00  ................ [zeros]
000048C0:  00 00 00 00 00 00 00 00 00 00 00 00 00 00 00 00  ................ [zeros]
000048D0:  00 00 00 00 00 00 00 00 00 00 00 00 00 00 00 00  ................ [zeros]
000048E0:  00 00 00 00 00 00 00 00 00 00 00 00 00 00 00 00  ................ [zeros]
000048F0:  00 00 00 00 00 00 00 00 00 00 00 00 00 00 00 00  ................ [zeros]
00004900:  00 00 00 00 00 00 00 00 00 00 00 00 00 00 00 00  ................ [zeros]
00004910:  00 00 00 00 00 00 00 00 00 00 00 00 00 00 00 00  ................ [zeros]
00004920:  00 00 00 00 00 00 00 00 00 00 00 00 00 00 00 00  ................ [zeros]
00004930:  00 00 00 00 00 00 00 00 00 00 00 00 00 00 00 00  ................ [zeros]
00004940:  00 00 00 00 00 00 00 00 00 00 00 00 00 00 00 00  ................ [zeros]
00004950:  00 00 00 00 00 00 00 00 00 00 00 00 00 00 00 00  ................ [zeros]
00004960:  00 00 00 00 00 00 00 00 00 00 00 00 00 00 00 00  ................ [zeros]
00004970:  00 00 00 00 00 00 00 00 00 00 00 00 00 00 00 00  ................ [zeros]
00004980:  00 00 00 00 00 00 00 00 00 00 00 00 00 00 00 00  ................ [zeros]
00004990:  00 00 00 00 00 00 00 00 00 00 00 00 00 00 00 00  ................ [zeros]
000049A0:  00 00 00 00 00 00 00 00 00 00 00 00 00 00 00 00  ................ [zeros]
000049B0:  00 00 00 00 00 00 00 00 00 00 00 00 00 00 00 00  ................ [zeros]
000049C0:  00 00 00 00 00 00 00 00 00 00 00 00 00 00 00 00  ................ [zeros]
000049D0:  00 00 00 00 00 00 00 00 00 00 00 00 00 00 00 00  ................ [zeros]
000049E0:  00 00 00 00 00 00 00 00 00 00 00 00 00 00 00 00  ................ [zeros]
000049F0:  00 00 00 00 00 00 00 00 00 00 00 00 00 00 00 00  ................ [zeros]
00004A00:  00 00 00 00 00 00 00 00 00 00 00 00 00 00 00 00  ................ [zeros]
00004A10:  00 00 00 00 00 00 00 00 00 00 00 00 00 00 00 00  ................ [zeros]
00004A20:  00 00 00 00 00 00 00 00 00 00 00 00 00 00 00 00  ................ [zeros]
00004A30:  00 00 00 00 00 00 00 00 00 00 00 00 00 00 00 00  ................ [zeros]
00004A40:  00 00 00 00 00 00 00 00 00 00 00 00 00 00 00 00  ................ [zeros]
00004A50:  00 00 00 00 00 00 00 00 00 00 00 00 00 00 00 00  ................ [zeros]
00004A60:  00 00 00 00 00 00 00 00 00 00 00 00 00 00 00 00  ................ [zeros]
00004A70:  00 00 00 00 00 00 00 00 00 00 00 00 00 00 00 00  ................ [zeros]
00004A80:  00 00 00 00 00 00 00 00 00 00 00 00 00 00 00 00  ................ [zeros]
00004A90:  00 00 00 00 00 00 00 00 00 00 00 00 00 00 00 00  ................ [zeros]
00004AA0:  00 00 00 00 00 00 00 00 00 00 00 00 00 00 00 00  ................ [zeros]
00004AB0:  00 00 00 00 00 00 3A 8A B6 66 A7 7D 11 C2 14 B2  ......:..f.}....
00004AC0:  86 6F B1 0D 20 00 49 44 19 B4 9D EB 8B FE 70 07  .o.. .ID......p.
00004AD0:  20 86 49 A8 66 F6 58 E3 E7 FE 26 1F D5 27 67 AC   .I.f.X...&..'g.
00004AE0:  3B E5 CD 06 6D C9 9A 56 A5 A8 33 3B 4C D5 72 52  ;...m..V..3;L.rR
00004AF0:  56 F1 0F 9C A5 AD 9A 56 A5 A8 33 3B 4C D5 72 52  V......V..3;L.rR
00004B00:  56 F1 0F 9C A5 AD 9A 56 A5 A8 33 3B 4C D5 72 52  V......V..3;L.rR
00004B10:  56 F1 0F 9C A5 AD 9A 56 A5 A8 33 3B 4C D5 72 52  V......V..3;L.rR
00004B20:  56 F1 0F 9C A5 AD 9A 56 A5 A8 33 3B 4C D5 72 52  V......V..3;L.rR
00004B30:  56 F1 0F 9C A5 AD 9A 56 A5 A8 33 3B 4C D5 72 52  V......V..3;L.rR
00004B40:  56 F1 0F 9C A5 AD 9A 56 A5 A8 33 3B 4C D5 72 52  V......V..3;L.rR
00004B50:  56 F1 0F 9C A5 AD 9A 56 A5 A8 33 3B 4C D5 72 52  V......V..3;L.rR
00004B60:  56 F1 0F 9C A5 AD 9A 56 A5 A8 33 3B 4C D5 72 52  V......V..3;L.rR
00004B70:  56 F1 0F 9C A5 AD 9A 56 A5 A8 33 3B 4C D5 72 52  V......V..3;L.rR
00004B80:  56 F1 0F 9C A5 AD 9A 56 A5 A8 33 3B 4C D5 72 52  V......V..3;L.rR
00004B90:  56 F1 0F 9C A5 AD 9A 56 A5 A8 33 3B 4C D5 72 52  V......V..3;L.rR
00004BA0:  56 F1 0F 9C A5 AD 9A 56 A5 A8 33 3B 4C D5 72 52  V......V..3;L.rR
00004BB0:  56 F1 0F 9C A5 AD 9A 56 A5 A8 33 3B 4C D5 72 52  V......V..3;L.rR
00004BC0:  56 F1 0F 9C A5 AD 64 CE C0 F5 07 29 B0 36 D8 24  V.....d....).6.$
00004BD0:  D0 13 7E B5 3B C7 30 30 C4 0A 6A 9F 41 98 A2 C4  ..~.;.00..j.A...
00004BE0:  DC FF 6F 30 27 30 00 00 00 00 00 00 00 00 00 00  ..o0'0..........
00004BF0:  00 00 00 00 00 00 00 00 00 00 00 00 00 00 00 00  ................ [zeros]
00004C00:  00 00 00 00 00 00 00 00 00 00 00 00 00 00 00 00  ................ [zeros]
00004C10:  00 00 00 00 00 00 00 00 00 00 00 00 00 00 00 00  ................ [zeros]
00004C20:  00 00 00 00 00 00 00 00 00 00 00 00 00 00 00 00  ................ [zeros]
00004C30:  00 00 00 00 00 00 00 00 00 00 00 00 00 00 00 00  ................ [zeros]
00004C40:  00 00 00 00 00 00 00 00 00 00 00 00 00 00 00 00  ................ [zeros]
00004C50:  00 00 00 00 00 00 00 00 00 00 00 00 00 00 00 00  ................ [zeros]
00004C60:  00 00 00 00 00 00 00 00 00 00 00 00 00 00 00 00  ................ [zeros]
00004C70:  00 00 00 00 00 00 00 00 00 00 00 00 00 00 00 00  ................ [zeros]
00004C80:  00 00 00 00 00 00 00 00 00 00 00 00 00 00 00 00  ................ [zeros]
00004C90:  00 00 00 00 00 00 00 00 00 00 00 00 00 00 00 00  ................ [zeros]
00004CA0:  00 00 00 00 00 00 00 00 00 00 00 00 00 00 00 00  ................ [zeros]
00004CB0:  00 00 00 00 00 00 00 00 00 00 00 00 00 00 00 00  ................ [zeros]
00004CC0:  00 00 00 00 00 00 00 00 00 00 00 00 00 00 00 00  ................ [zeros]
00004CD0:  00 00 00 00 00 00 00 00 00 00 00 00 00 00 00 00  ................ [zeros]
00004CE0:  00 00 00 00 00 00 F3 91 DC 98 6F 36 7B 03 F4 D7  ..........o6{...
00004CF0:  4C A2 18 52 C1 EF 9A 56 A5 A8 33 3B 4C D5 72 52  L..R...V..3;L.rR
00004D00:  56 F1 0F 9C A5 AD 9A 56 A5 A8 33 3B 4C D5 72 52  V......V..3;L.rR
00004D10:  56 F1 0F 9C A5 AD 9A 56 A5 A8 33 3B 4C D5 72 52  V......V..3;L.rR
00004D20:  56 F1 0F 9C A5 AD 9A 56 A5 A8 33 3B 4C D5 72 52  V......V..3;L.rR
00004D30:  56 F1 0F 9C A5 AD 9A 56 A5 A8 33 3B 4C D5 72 52  V......V..3;L.rR
00004D40:  56 F1 0F 9C A5 AD 9A 56 A5 A8 33 3B 4C D5 72 52  V......V..3;L.rR
00004D50:  56 F1 0F 9C A5 AD 9A 56 A5 A8 33 3B 4C D5 72 52  V......V..3;L.rR
00004D60:  56 F1 0F 9C A5 AD 9A 56 A5 A8 33 3B 4C D5 72 52  V......V..3;L.rR
00004D70:  56 F1 0F 9C A5 AD 9A 56 A5 A8 33 3B 4C D5 72 52  V......V..3;L.rR
00004D80:  56 F1 0F 9C A5 AD 9A 56 A5 A8 33 3B 4C D5 72 52  V......V..3;L.rR
00004D90:  56 F1 0F 9C A5 AD 9A 56 A5 A8 33 3B 4C D5 72 52  V......V..3;L.rR
00004DA0:  56 F1 0F 9C A5 AD 9A 56 A5 A8 33 3B 4C D5 72 52  V......V..3;L.rR
00004DB0:  56 F1 0F 9C A5 AD 9A 56 A5 A8 33 3B 4C D5 72 52  V......V..3;L.rR
00004DC0:  56 F1 0F 9C A5 AD 9A 56 A5 A8 33 3B 4C D5 72 52  V......V..3;L.rR
00004DD0:  56 F1 0F 9C A5 AD 9A 56 A5 A8 33 3B 4C D5 72 52  V......V..3;L.rR
00004DE0:  56 F1 0F 9C A5 AD E4 A5 F6 B4 F5 23 58 BF 64 33  V..........#X.d3
00004DF0:  D6 A5 56 7A 18 A0 9A 56 A5 A8 33 3B 4C D5 72 52  ..Vz...V..3;L.rR
00004E00:  56 F1 0F 9C A5 AD 9A 56 A5 A8 33 3B 4C D5 72 52  V......V..3;L.rR
00004E10:  56 F1 0F 9C A5 AD 9A 56 A5 A8 33 3B 4C D5 72 52  V......V..3;L.rR
00004E20:  56 F1 0F 9C A5 AD 9A 56 A5 A8 33 3B 4C D5 72 52  V......V..3;L.rR
00004E30:  56 F1 0F 9C A5 AD 9A 56 A5 A8 33 3B 4C D5 72 52  V......V..3;L.rR
00004E40:  56 F1 0F 9C A5 AD 9A 56 A5 A8 33 3B 4C D5 72 52  V......V..3;L.rR
00004E50:  56 F1 0F 9C A5 AD 9A 56 A5 A8 33 3B 4C D5 72 52  V......V..3;L.rR
00004E60:  56 F1 0F 9C A5 AD 9A 56 A5 A8 33 3B 4C D5 72 52  V......V..3;L.rR
00004E70:  56 F1 0F 9C A5 AD 9A 56 A5 A8 33 3B 4C D5 72 52  V......V..3;L.rR
00004E80:  56 F1 0F 9C A5 AD 9A 56 A5 A8 33 3B 4C D5 72 52  V......V..3;L.rR
00004E90:  56 F1 0F 9C A5 AD 9A 56 A5 A8 33 3B 4C D5 72 52  V......V..3;L.rR
00004EA0:  56 F1 0F 9C A5 AD 9A 56 A5 A8 33 3B 4C D5 72 52  V......V..3;L.rR
00004EB0:  56 F1 0F 9C A5 AD 9A 56 A5 A8 33 3B 4C D5 72 52  V......V..3;L.rR
00004EC0:  56 F1 0F 9C A5 AD 9A 56 A5 A8 33 3B 4C D5 72 52  V......V..3;L.rR
00004ED0:  56 F1 0F 9C A5 AD 9A 56 A5 A8 33 3B 4C D5 72 52  V......V..3;L.rR
00004EE0:  56 F1 0F 9C A5 AD EA 4C 96 8E BE 31 B3 AD 1C 39  V......L...1...9
00004EF0:  6B 23 E5 66 C8 70 00 00 00 00 00 00 00 00 00 00  k#.f.p..........
00004F00:  00 00 00 00 00 00 00 00 00 00 00 00 00 00 00 00  ................ [zeros]
00004F10:  00 00 00 00 00 00 00 00 00 00 00 00 00 00 00 00  ................ [zeros]
00004F20:  00 00 00 00 00 00 00 00 00 00 00 00 00 00 00 00  ................ [zeros]
00004F30:  00 00 00 00 00 00 65 B6 23 0E BE 65 01 23 E8 72  ......e.#..e.#.r
00004F40:  A2 DB DE BA B2 83 67 42 9D 64 4B DE 70 9E 4A 0B  ......gB.dK.p.J.
00004F50:  4F C4 22 C6 62 E3 6A 24 9F 06 FB 42 84 41 3A DA  O.".b.j$...B.A:.
00004F60:  EA 47 0B 87 28 25 1D AF 56 4E F1 9D A6 22 F4 E9  .G..(%..VN..."..
00004F70:  09 92 3E 4B CA 52 18 30 C1 26 0A 5B 73 B9 4A 50  ..>K.R.0.&.[s.JP
00004F80:  D9 3D C3 07 F3 51 1F EA F5 76 EB C3 96 49 1A 5B  .=...Q...v...I.[
00004F90:  26 08 1C 02 92 EF 30 46 54 76 4D AA 56 13 3C B7  &.....0FTvM.V.<.
00004FA0:  20 F2 45 EE 89 6A A2 48 02 3A DD D1 01 82 CC 4C   .E..j.H.:.....L
00004FB0:  2B EC 05 98 B1 DB EF 16 3C 9F 08 1E AF 09 4B 19  +.......<.....K.
00004FC0:  FE A1 C4 7D 05 D9 00 00 00 00 00 00 00 00 00 00  ...}............
00004FD0:  00 00 00 00 00 00 00 00 00 00 00 00 00 00 00 00  ................ [zeros]
00004FE0:  00 00 00 00 00 00 00 00 00 00 00 00 00 00 00 00  ................ [zeros]
00004FF0:  00 00 00 00 00 00 00 00 00 00 00 00 00 00 00 00  ................ [zeros]
00005000:  00 00 00 00 00 00 00 00 00 00 00 00 00 00 00 00  ................ [zeros]
00005010:  00 00 00 00 00 00 00 00 00 00 00 00 00 00 00 00  ................ [zeros]
00005020:  00 00 00 00 00 00 00 00 00 00 00 00 00 00 00 00  ................ [zeros]
00005030:  00 00 00 00 00 00 00 00 00 00 00 00 00 00 00 00  ................ [zeros]
00005040:  00 00 00 00 00 00 00 00 00 00 00 00 00 00 00 00  ................ [zeros]
00005050:  00 00 00 00 00 00 00 00 00 00 00 00 00 00 00 00  ................ [zeros]
00005060:  00 00 00 00 00 00 00 00 00 00 00 00 00 00 00 00  ................ [zeros]
00005070:  00 00 00 00 00 00 00 00 00 00 00 00 00 00 00 00  ................ [zeros]
00005080:  00 00 00 00 00 00 CD A5 74 A2 D3 B6 B0 2B 78 27  ........t....+x'
00005090:  7D 41 EC 90 67 37 97 6D AC 00 12 57 B0 CD 41 6A  }A..g7.m...W..Aj
000050A0:  82 B4 09 2C 41 0B A2 77 12 EC D9 4B 20 12 10 EF  ...,A..w...K ...
000050B0:  84 CD 78 D3 6E BC F4 DD 32 AA 6D CD B3 85 C9 4A  ..x.n...2.m....J
000050C0:  30 5B 4A 8D F2 0D 35 74 3E 0E 35 F1 A9 0A E5 75  0[J...5t>.5....u
000050D0:  8D 2A 08 A4 83 27 12 EC 32 AB 1C 08 C3 2A 58 45  .*...'..2....*XE
000050E0:  04 77 96 3C EF 3B 28 9F 6D 0B 9D AF DD 35 61 C6  .w.<.;(.m....5a.
000050F0:  65 3D C2 80 3B 25 41 A4 B7 78 4A 1A D8 42 24 2E  e=..;%A..xJ..B$.
00005100:  EA 15 F1 98 4B 7B 8B 29 05 25 B8 E2 CC 9E CB 09  ....K{.).%......
00005110:  3C EF 13 DB 68 22 00 00 00 00 00 00 00 00 00 00  <...h"..........
00005120:  00 00 00 00 00 00 00 00 00 00 00 00 00 00 00 00  ................ [zeros]
00005130:  00 00 00 00 00 00 C1 E1 1C EC F1 42 B9 FD 1A 87  ...........B....
00005140:  D7 F4 6A 20 7C F8 B4 76 EA AA CA B3 F0 45 8E 05  ..j |..v.....E..
00005150:  05 52 EA 91 24 14 79 DA 1C 0E AE 22 A5 49 F7 71  .R..$.y....".I.q
00005160:  E6 54 C3 38 28 E3 B5 3A FA 43 5E 42 B0 F8 69 43  .T.8(..:.C^B..iC
00005170:  A7 44 1D E0 0E 37 26 CE F7 F0 B2 EF 0F E9 FE 25  .D...7&........%
00005180:  DF DE F3 B0 CF 62 78 4A A9 74 67 07 91 02 1E 75  .....bxJ.tg....u
00005190:  AB 07 96 F7 60 A8 00 00 00 00 00 00 00 00 00 00  ....`...........
000051A0:  00 00 00 00 00 00 50 9A D5 A4 88 18 27 12 61 CB  ......P.....'.a.
000051B0:  88 CF B1 19 69 22 F1 0D 4F DE C9 78 5E BA 2E A4  ....i"..O..x^...
000051C0:  98 9D 8D 02 15 1A F9 51 28 7A 62 79 71 56 57 57  .......Q(zbyqVWW
000051D0:  14 97 D5 42 97 6A A4 1E 2B 06 C8 2B 3F D8 8B B5  ...B.j..+..+?...
000051E0:  C5 CF 85 81 AF 4D 79 DA 1C 0E AE 22 A5 49 F7 71  .....My....".I.q
000051F0:  E6 54 C3 38 28 E3 00 00 00 00 00 00 00 00 00 00  .T.8(...........
00005200:  00 00 00 00 00 00 00 00 00 00 00 00 00 00 00 00  ................ [zeros]
00005210:  00 00 00 00 00 00 00 00 00 00 00 00 00 00 00 00  ................ [zeros]
00005220:  00 00 00 00 00 00 00 00 00 00 00 00 00 00 00 00  ................ [zeros]
00005230:  00 00 00 00 00 00 00 00 00 00 00 00 00 00 00 00  ................ [zeros]
00005240:  00 00 00 00 00 00 00 00 00 00 00 00 00 00 00 00  ................ [zeros]
00005250:  00 00 00 00 00 00 00 00 00 00 00 00 00 00 00 00  ................ [zeros]
00005260:  00 00 00 00 00 00 00 00 00 00 00 00 00 00 00 00  ................ [zeros]
00005270:  00 00 00 00 00 00 00 00 00 00 00 00 00 00 00 00  ................ [zeros]
00005280:  00 00 00 00 00 00 00 00 00 00 00 00 00 00 00 00  ................ [zeros]
00005290:  00 00 00 00 00 00 00 00 00 00 00 00 00 00 00 00  ................ [zeros]
000052A0:  00 00 00 00 00 00 00 00 00 00 00 00 00 00 00 00  ................ [zeros]
000052B0:  00 00 00 00 00 00 00 00 00 00 00 00 00 00 00 00  ................ [zeros]
000052C0:  00 00 00 00 00 00 BB 10 22 73 03 0B 44 28 29 29  ........"s..D())
000052D0:  96 99 5F 46 0D AA DF E6 92 A6 E3 DE 70 67 87 BE  .._F........pg..
000052E0:  62 CB C3 20 D1 65 24 4B 62 1A 04 E1 69 2B F4 B6  b.. .e$Kb...i+..
000052F0:  30 B4 1E 7A 2F AF B7 58 15 A7 35 FD 6F 19 1E BD  0..z/..X..5.o...
00005300:  8E 14 85 4D CF 49 DF E6 92 A6 E3 DE 70 67 87 BE  ...M.I......pg..
00005310:  62 CB C3 20 D1 65 24 4B 62 1A 04 E1 69 2B F4 B6  b.. .e$Kb...i+..
00005320:  30 B4 1E 7A 2F AF B7 58 15 A7 35 FD 6F 19 1E BD  0..z/..X..5.o...
00005330:  8E 14 85 4D CF 49 2E 5A 30 98 64 EA 21 C0 A4 66  ...M.I.Z0.d.!..f
00005340:  1F F7 24 1F 90 47 5C 97 43 CE 22 D6 8A 96 DE 72  ..$..G\.C."....r
00005350:  15 9E A5 AD 69 09 63 72 F3 64 8D C7 39 FB CE C0  ....i.cr.d..9...
00005360:  22 0C A4 44 29 9C 2C 11 14 73 0D B5 FD 6F AC 43  "..D).,..s...o.C
00005370:  31 8F D2 FD 56 57 CB E4 97 00 0B 1D A3 8E 6B 33  1...VW........k3
00005380:  17 A2 70 1B 5B D8 07 09 B4 88 D9 3A E3 05 8A C0  ..p.[......:....
00005390:  E1 F8 91 42 64 68 6F 3D BC 6D C1 67 CC 48 6B 9D  ...Bdho=.m.g.Hk.
000053A0:  AA 7B 33 59 D1 CA DF C0 C9 51 58 36 2F 46 6C 81  .{3Y.....QX6/Fl.
000053B0:  A8 73 5F 9B 9F 59 DF 77 E9 77 9B 0C D3 CF 63 73  .s_..Y.w.w....cs
000053C0:  F3 F5 2A D0 E4 7D 10 30 A2 05 D5 80 5F DB 7B 5D  ..*..}.0...._.{]
000053D0:  52 46 44 19 15 96 E4 37 2E F3 53 5A F2 23 75 F6  RFD....7..SZ.#u.
000053E0:  21 24 DE 2C D9 78 3D E1 D0 11 A7 C2 8E BC B5 22  !$.,.x=........"
000053F0:  EB 36 5A D6 3C 55 79 DA 1C 0E AE 22 A5 49 F7 71  .6Z.<Uy....".I.q
00005400:  E6 54 C3 38 28 E3 00 00 00 00 00 00 00 00 00 00  .T.8(...........
00005410:  00 00 00 00 00 00 F1 0D 4F DE C9 78 5E BA 2E A4  ........O..x^...
00005420:  98 9D 8D 02 15 1A 26 CE F7 F0 B2 EF 0F E9 FE 25  ......&........%
00005430:  DF DE F3 B0 CF 62 00 00 00 00 00 00 00 00 00 00  .....b..........
00005440:  00 00 00 00 00 00 A4 1E 2B 06 C8 2B 3F D8 8B B5  ........+..+?...
00005450:  C5 CF 85 81 AF 4D 00 00 00 00 00 00 00 00 00 00  .....M..........
00005460:  00 00 00 00 00 00 50 9A D5 A4 88 18 27 12 61 CB  ......P.....'.a.
00005470:  88 CF B1 19 69 22 B5 3A FA 43 5E 42 B0 F8 69 43  ....i".:.C^B..iC
00005480:  A7 44 1D E0 0E 37 00 00 00 00 00 00 00 00 00 00  .D...7..........
00005490:  00 00 00 00 00 00 F9 51 28 7A 62 79 71 56 57 57  .......Q(zbyqVWW
000054A0:  14 97 D5 42 97 6A 78 4A A9 74 67 07 91 02 1E 75  ...B.jxJ.tg....u
000054B0:  AB 07 96 F7 60 A8 00 00 00 00 00 00 00 00 00 00  ....`...........
000054C0:  00 00 00 00 00 00 79 DA 1C 0E AE 22 A5 49 F7 71  ......y....".I.q
000054D0:  E6 54 C3 38 28 E3 00 00 00 00 00 00 00 00 00 00  .T.8(...........
000054E0:  00 00 00 00 00 00 F1 0D 4F DE C9 78 5E BA 2E A4  ........O..x^...
000054F0:  98 9D 8D 02 15 1A 26 CE F7 F0 B2 EF 0F E9 FE 25  ......&........%
00005500:  DF DE F3 B0 CF 62 00 00 00 00 00 00 00 00 00 00  .....b..........
00005510:  00 00 00 00 00 00 A4 1E 2B 06 C8 2B 3F D8 8B B5  ........+..+?...
00005520:  C5 CF 85 81 AF 4D 00 00 00 00 00 00 00 00 00 00  .....M..........
00005530:  00 00 00 00 00 00 50 9A D5 A4 88 18 27 12 61 CB  ......P.....'.a.
00005540:  88 CF B1 19 69 22 00 00 00 00 00 00 00 00 00 00  ....i"..........
00005550:  00 00 00 00 00 00 00 00 00 00 00 00 00 00 00 00  ................ [zeros]
00005560:  00 00 00 00 00 00 00 00 00 00 00 00 00 00 00 00  ................ [zeros]
00005570:  00 00 00 00 00 00 00 00 00 00 00 00 00 00 00 00  ................ [zeros]
00005580:  00 00 00 00 00 00 00 00 00 00 00 00 00 00 00 00  ................ [zeros]
00005590:  00 00 00 00 00 00 E9 C2 F6 FC F2 B8 93 0B 0C 35  ...............5
000055A0:  DC 5E 15 91 44 FA D5 B8 00 10 A6 17 7B E8 75 AC  .^..D.......{.u.
000055B0:  38 ED 99 3F 4E EC 18 3A BC 9D A3 23 5C CA 69 8A  8..?N..:...#\.i.
000055C0:  CA 40 B2 EF 33 64 D5 B8 00 10 A6 17 7B E8 75 AC  .@..3d......{.u.
000055D0:  38 ED 99 3F 4E EC 7F 7D C0 37 DC 5B 07 77 E5 E7  8..?N..}.7.[.w..
000055E0:  C2 AA D7 30 AE 02 7D 25 1D 1E 1B 87 CB 49 29 1C  ...0..}%.....I).
000055F0:  D4 25 0E 02 4F F8 3D 34 5B BB BE D8 33 AA 21 BA  .%..O.=4[...3.!.
00005600:  11 FC 05 FB F1 C1 03 FB 5C FA C1 6B 01 B6 86 F9  ........\..k....
00005610:  6D DD 00 AF 3F 57 C2 A3 47 EF D1 2C 43 1D 7C EA  m...?W..G..,C.|.
00005620:  1C 8D BF CE 2E 30 20 6C CD 46 E8 8D 37 B4 E5 72  .....0 l.F..7..r
00005630:  6B 53 3A 2C 5B 20 00 00 00 00 00 00 00 00 00 00  kS:,[ ..........
00005640:  00 00 00 00 00 00 7B 6C 08 86 69 D6 47 96 07 B4  ......{l..i.G...
00005650:  30 39 31 68 BC 88 38 6F 62 E3 BE 80 99 67 B9 49  091h..8ob....g.I
00005660:  00 D7 DD A2 C8 B4 18 08 A5 E2 75 24 B4 15 10 80  ..........u$....
00005670:  80 AD 1F 89 63 F1 95 71 74 6C 55 2E CF 60 9B E6  ....c..qtlU..`..
00005680:  7F 00 7A 28 3F 52 2F 0F 81 2B D4 BB 2D 5B 5B 1F  ..z(?R/..+..-[[.
00005690:  AB 4B DF 4E BD 38 53 C0 FB B3 26 4A C9 2D 61 17  .K.N.8S...&J.-a.
000056A0:  DA 54 AC 62 95 9D 44 2A EB 34 C5 E5 CF D0 0D 45  .T.b..D*.4.....E
000056B0:  34 69 4B 8D 5F 35 76 28 75 C9 0D A2 54 95 BD FE  4iK._5v(u...T...
000056C0:  41 D7 60 74 87 0F 27 76 CD AF 5A C0 DB 7B 9D D4  A.`t..'v..Z..{..
000056D0:  7B 48 6C D7 59 1A 00 00 00 00 00 00 00 00 00 00  {Hl.Y...........
000056E0:  00 00 00 00 00 00 00 00 00 00 00 00 00 00 00 00  ................ [zeros]
000056F0:  00 00 00 00 00 00 00 00 00 00 00 00 00 00 00 00  ................ [zeros]
00005700:  00 00 00 00 00 00 00 00 00 00 00 00 00 00 00 00  ................ [zeros]
00005710:  00 00 00 00 00 00 00 00 00 00 00 00 00 00 00 00  ................ [zeros]
00005720:  00 00 00 00 00 00 00 00 00 00 00 00 00 00 00 00  ................ [zeros]
00005730:  00 00 00 00 00 00 E9 C2 78 9E 40 B3 2B 85 01 A1  ........x.@.+...
00005740:  0A F9 18 EB 34 52 77 33 C0 0E 36 04 48 00 18 C4  ....4Rw3..6.H...
00005750:  9B FE 0B B6 4F F4 51 6E 8F FD 5A FC DA 9D 5D 4C  ....O.Qn..Z...]L
00005760:  3F 05 35 07 38 D2 B1 DE BD C6 CE 19 7B 52 26 26  ?.5.8.......{R&&
00005770:  FF 5D 9A 81 30 4D 38 EC 7B D6 FD 83 8F B5 46 DF  .]..0M8.{.....F.
00005780:  09 70 EB 17 16 F8 17 BE 60 E6 EC 4A 89 82 82 79  .p......`..J...y
00005790:  84 11 86 04 39 70 4C 14 0B E4 E0 58 C8 C6 68 64  ....9pL....X..hd
000057A0:  59 58 17 3F E9 B0 DA E7 08 17 96 C4 55 C0 2E 27  YX.?........U..'
000057B0:  D9 5D D5 79 FB C2 12 E4 29 72 A6 E9 9A 3C FA 5E  .].y....)r...<.^
000057C0:  80 8E FE 15 CF 64 B5 30 BB DF 80 79 E0 F1 0F 97  .....d.0...y....
000057D0:  09 D1 33 01 0E 6C 37 F8 35 5A 09 E3 F7 81 19 3C  ..3..l7.5Z.....<
000057E0:  66 73 ED 28 99 09 38 BF E3 E2 86 BA 5C 2A 97 4E  fs.(..8.....\*.N
000057F0:  D9 A5 C8 46 BA 38 65 B5 FA D0 85 A2 45 67 9F BF  ...F.8e.....Eg..
00005800:  0F ED 5A F5 06 F3 25 51 EE F5 A6 F1 47 E2 42 2B  ..Z...%Q....G.B+
00005810:  BB 3C 8B 87 EF 44 D7 2C 9C D5 87 74 15 4A DF F1  .<...D.,...t.J..
00005820:  49 6D 22 4C EB 95 D3 75 6A 26 D2 68 BE E5 86 16  Im"L...uj&.h....
00005830:  E2 67 D3 B9 57 72 39 01 63 44 CE 88 C9 72 56 44  .g..Wr9.cD...rVD
00005840:  63 DA 74 3F 97 6F C0 E4 BD AE 8C F7 E6 83 4F B3  c.t?.o........O.
00005850:  CE 93 03 F5 0D DD 6D 75 CC 03 0F AA 38 95 65 51  ......mu....8.eQ
00005860:  92 A3 02 5C DE 6C 0D 91 FD 85 05 FB 9C 6B 55 23  ...\.l.......kU#
00005870:  9D 40 4F BF FE F4 28 80 18 2A 76 8D BA 28 76 F5  .@O...(..*v..(v.
00005880:  AF 33 77 D3 74 14 37 3B 87 69 25 01 B1 93 6D 94  .3w.t.7;.i%...m.
00005890:  90 5F C9 01 27 BD 80 F2 28 86 6F 23 87 24 6A EB  ._..'...(.o#.$j.
000058A0:  3B AA F6 F4 90 1B A2 55 88 4C 49 0B E8 CF 1A 97  ;......U.LI.....
000058B0:  45 DB 86 7D D7 BD CA DB 63 59 88 95 E6 39 7D E6  E..}....cY...9}.
000058C0:  FB 0C 03 2E 27 A9 97 08 3C 20 33 7A 11 76 F3 E8  ....'...< 3z.v..
000058D0:  84 E6 50 C2 FC B3 1E 53 E4 45 58 24 00 4C E6 8A  ..P....S.EX$.L..
000058E0:  DB EB 24 DE 1F B2 94 4E 07 8E 3C 90 D0 F5 42 B3  ..$....N..<...B.
000058F0:  79 4F 7E 01 89 07 56 BB B8 DC 28 48 D7 ED 22 0F  yO~...V...(H..".
00005900:  D8 3A E0 C2 70 3B F7 88 19 E8 68 20 44 E2 17 E1  .:..p;....h D...
00005910:  B2 8F 0F 30 D5 E9 1D 39 77 E9 51 96 EA E8 F7 B6  ...0...9w.Q.....
00005920:  1F 73 06 69 8D 6C 3B FA 7B 62 8B 2F 47 F3 00 92  .s.i.l;.{b./G...
00005930:  2E 84 F9 9F 79 31 2E CA D8 F3 AE DC D1 80 45 F1  ....y1........E.
00005940:  80 06 DA 26 88 77 3A A6 D2 E3 CC F8 18 93 B0 93  ...&.w:.........
00005950:  3A 73 29 CD 53 45 00 00 00 00 00 00 00 00 00 00  :s).SE..........
00005960:  00 00 00 00 00 00 00 00 00 00 00 00 00 00 00 00  ................ [zeros]
00005970:  00 00 00 00 00 00 00 00 00 00 00 00 00 00 00 00  ................ [zeros]
00005980:  00 00 00 00 00 00 00 00 00 00 00 00 00 00 00 00  ................ [zeros]
00005990:  00 00 00 00 00 00 00 00 00 00 00 00 00 00 00 00  ................ [zeros]
000059A0:  00 00 00 00 00 00 00 00 00 00 00 00 00 00 00 00  ................ [zeros]
000059B0:  00 00 00 00 00 00 00 00 00 00 00 00 00 00 00 00  ................ [zeros]
000059C0:  00 00 00 00 00 00 D7 6D 40 7A 10 ED 44 A3 BC 00  .......m@z..D...
000059D0:  CC 9D DF 78 F6 61 A0 E1 5C 96 67 D0 AC F4 13 84  ...x.a..\.g.....
000059E0:  B8 77 BB 1A 8C F3 D9 BC 41 84 C1 44 A8 12 BE C0  .w......A..D....
000059F0:  23 4F BD 7B 7E DA 93 B1 78 73 6A 9A BF E5 A1 31  #O.{~...xsj....1
00005A00:  51 59 1E CA 1E 32 EC 30 DF 9D 9F 76 EB 13 63 D0  QY...2.0...v..c.
00005A10:  E7 48 0B F1 33 14 7B F6 49 7B 9C C4 72 30 9E 3C  .H..3.{.I{..r0.<
00005A20:  05 00 39 E0 3D 27 ED 61 2F 2B 3B 8F 58 22 39 2B  ..9.='.a/+;.X"9+
00005A30:  5D 01 3C 29 F3 5A 5F 4B F4 CF D2 43 07 DC 45 EF  ].<).Z_K...C..E.
00005A40:  E6 72 49 EA 6A B9 4E 19 A2 7D 6F 1D 97 52 B7 67  .rI.j.N..}o..R.g
00005A50:  7E 24 80 14 93 4A 12 65 4A 5E 3D A6 90 01 B1 5E  ~$...J.eJ^=....^
00005A60:  D5 43 5E D7 A1 05 2D 6B CF 2A 90 09 68 37 36 19  .C^...-k.*..h76.
00005A70:  D4 5F E0 4D 49 96 00 00 00 00 00 00 00 00 00 00  ._.MI...........
00005A80:  00 00 00 00 00 00 E9 F0 9F 0E 5C 81 3C F0 26 19  ..........\.<.&.
00005A90:  8A 98 2E 7C EE 20 16 BB 74 2E FE C2 FE 06 BB 26  ...|. ..t......&
00005AA0:  C6 E0 4C 37 3E EB 00 00 00 00 00 00 00 00 00 00  ..L7>...........
00005AB0:  00 00 00 00 00 00 00 00 00 00 00 00 00 00 00 00  ................ [zeros]
00005AC0:  00 00 00 00 00 00 00 00 00 00 00 00 00 00 00 00  ................ [zeros]
00005AD0:  00 00 00 00 00 00 00 00 00 00 00 00 00 00 00 00  ................ [zeros]
00005AE0:  00 00 00 00 00 00 00 00 00 00 00 00 00 00 00 00  ................ [zeros]
00005AF0:  00 00 00 00 00 00 00 00 00 00 00 00 00 00 00 00  ................ [zeros]
00005B00:  00 00 00 00 00 00 00 00 00 00 00 00 00 00 00 00  ................ [zeros]
00005B10:  00 00 00 00 00 00 00 00 00 00 00 00 00 00 00 00  ................ [zeros]
00005B20:  00 00 00 00 00 00 00 00 00 00 00 00 00 00 00 00  ................ [zeros]
00005B30:  00 00 00 00 00 00 00 00 00 00 00 00 00 00 00 00  ................ [zeros]
00005B40:  00 00 00 00 00 00 00 00 00 00 00 00 00 00 00 00  ................ [zeros]
00005B50:  00 00 00 00 00 00 00 00 00 00 00 00 00 00 00 00  ................ [zeros]
00005B60:  00 00 00 00 00 00 00 00 00 00 00 00 00 00 00 00  ................ [zeros]
00005B70:  00 00 00 00 00 00 00 00 00 00 00 00 00 00 00 00  ................ [zeros]
00005B80:  00 00 00 00 00 00 46 3D A7 9B A0 CB 08 3F C9 0E  ......F=.....?..
00005B90:  8D 88 C8 7C 45 BA 00 00 00 00 00 00 00 00 00 00  ...|E...........
00005BA0:  00 00 00 00 00 00 EF 8F B9 84 9A EE 84 DB 0C 73  ...............s
00005BB0:  25 F3 42 55 61 22 6B 7D B0 E8 4E CA 03 D0 7E 56  %.BUa"k}..N...~V
00005BC0:  BA AE 6A 47 BD 28 65 9C C6 D7 25 82 9A D0 BB B2  ..jG.(e...%.....
00005BD0:  A2 71 C1 4C 38 71 1B DE D7 58 DE B8 17 A8 40 46  .q.L8q...X....@F
00005BE0:  FB F1 83 89 D9 CC D8 F3 75 E8 E9 57 71 EA AA 04  ........u..Wq...
00005BF0:  7B C6 5C EC BD 51 D7 5D F3 E0 A5 0E 6E 2F EB 68  {.\..Q.]....n/.h
00005C00:  C8 9C D1 67 34 64 CE C3 E7 78 64 76 DB 80 77 D8  ...g4d...xdv..w.
00005C10:  4D 58 99 74 10 8D BB 89 D5 DC 38 93 91 54 D3 A3  MX.t......8..T..
00005C20:  95 93 B4 7F C0 D3 42 4F 9D 33 35 0C A8 EC 72 1B  ......BO.35...r.
00005C30:  69 BA 33 D9 77 37 66 51 8F 01 68 27 03 B9 07 F8  i.3.w7fQ..h'....
00005C40:  04 45 4D 41 7C BF 04 53 F8 6D FE 9D 04 72 A7 51  .EMA|..S.m...r.Q
00005C50:  D8 BD 0B B5 9F BA 7B FF 5C 98 F3 CC EA 8D 46 4D  ......{.\.....FM
00005C60:  99 64 3A 25 B2 CA FB 12 AC 81 80 58 25 D9 9B 36  .d:%.......X%..6
00005C70:  58 3B 66 C9 2B 16 A7 61 68 EF 3B E2 82 A2 33 4D  X;f.+..ah.;...3M
00005C80:  12 EA 0C BF 31 DC 1C BD 61 2A EE A8 89 BD CB 24  ....1...a*.....$
00005C90:  50 1B CB C5 4E C3 9A 11 6C 74 D0 D0 9D 0F 4C AC  P...N...lt....L.
00005CA0:  5B 9C 94 98 75 4D E0 BD 00 11 64 FF 02 2B 8E 0C  [...uM....d..+..
00005CB0:  3F 12 F0 EF 9E 19 DA A0 D0 F6 00 5B 83 DF 92 AE  ?..........[....
00005CC0:  7B 48 91 74 A6 47 59 A5 56 6F 9C BD BB E5 62 6E  {H.t.GY.Vo....bn
00005CD0:  5A 1D 6E 8E 48 A2 55 4D 39 2A 89 52 35 47 29 9B  Z.n.H.UM9*.R5G).
00005CE0:  59 DE 36 73 05 E1 CD 8C ED 77 9C 39 1C 9F 3E 16  Y.6s.....w.9..>.
00005CF0:  C8 8F 09 10 7B 68 79 93 EB BF 19 0B C6 07 CB 23  ....{hy........#
00005D00:  D8 CB F0 AC 74 0C 08 5D BF 03 A3 FA DE 49 7D 87  ....t..].....I}.
00005D10:  2D EA E7 0A 04 59 58 B7 17 DF 2F 2F 15 EC C0 FF  -....YX...//....
00005D20:  B7 39 F8 A3 19 11 BD 19 07 2F AA 55 20 F2 B8 E3  .9......./.U ...
00005D30:  65 47 45 6D D9 C1 2A 19 08 ED F3 8A F9 F5 01 45  eGEm..*........E
00005D40:  C3 E7 B4 A8 40 00 83 BA BF 16 53 B8 C4 74 1D 83  ....@.....S..t..
00005D50:  D7 16 38 43 5C 05 4B 26 73 B7 F7 D1 15 9A F3 EA  ..8C\.K&s.......
00005D60:  4F DF AC 88 BC F0 A8 8D 93 9D A8 6B 5E 31 5B 41  O..........k^1[A
00005D70:  42 CA C2 A9 39 37 71 94 6D 71 50 89 7C C9 E0 0D  B...97q.mqP.|...
00005D80:  FD AD 65 7E 2E 77 01 15 CC D6 9C 24 87 E6 09 53  ..e~.w.....$...S
00005D90:  98 A1 74 9D E5 17 9D 45 20 D0 38 E4 55 D4 D3 09  ..t....E .8.U...
00005DA0:  FD CD 59 BD E3 32 06 D0 5A 96 CC C4 F1 42 14 21  ..Y..2..Z....B.!
00005DB0:  4C 02 15 C6 B3 36 00 00 00 00 00 00 00 00 00 00  L....6..........
00005DC0:  00 00 00 00 00 00 00 00 00 00 00 00 00 00 00 00  ................ [zeros]
00005DD0:  00 00 00 00 00 00 00 00 00 00 00 00 00 00 00 00  ................ [zeros]
00005DE0:  00 00 00 00 00 00 00 00 00 00 00 00 00 00 00 00  ................ [zeros]
00005DF0:  00 00 00 00 00 00 00 00 00 00 00 00 00 00 00 00  ................ [zeros]
00005E00:  00 00 00 00 00 00 00 00 00 00 00 00 00 00 00 00  ................ [zeros]
00005E10:  00 00 00 00 00 00 00 00 00 00 00 00 00 00 00 00  ................ [zeros]
00005E20:  00 00 00 00 00 00 00 00 00 00 00 00 00 00 00 00  ................ [zeros]
00005E30:  00 00 00 00 00 00 00 00 00 00 00 00 00 00 00 00  ................ [zeros]
00005E40:  00 00 00 00 00 00 00 00 00 00 00 00 00 00 00 00  ................ [zeros]
00005E50:  00 00 00 00 00 00 00 00 00 00 00 00 00 00 00 00  ................ [zeros]
00005E60:  00 00 00 00 00 00 00 00 00 00 00 00 00 00 00 00  ................ [zeros]
00005E70:  00 00 00 00 00 00 00 00 00 00 00 00 00 00 00 00  ................ [zeros]
00005E80:  00 00 00 00 00 00 00 00 00 00 00 00 00 00 00 00  ................ [zeros]
00005E90:  00 00 00 00 00 00 CA 17 CD 27 94 D4 BA D7 87 40  .........'.....@
00005EA0:  F1 B9 7F D5 DF 6F 00 00 00 00 00 00 00 00 00 00  .....o..........
00005EB0:  00 00 00 00 00 00 01 F8 2F 96 F9 66 3D BA A1 57  ......../..f=..W
00005EC0:  AC 7E BB 30 63 53 96 55 DE 9B FA DD 25 C8 11 A3  .~.0cS.U....%...
00005ED0:  CA 01 73 0E 20 4B DB 94 79 76 60 AC AE 4A EF 77  ..s. K..yv`..J.w
00005EE0:  DE BB 71 0C 25 EC B0 49 45 76 E5 06 A0 DF CF 53  ..q.%..IEv.....S
00005EF0:  15 04 A4 2D 99 BB 00 00 00 00 00 00 00 00 00 00  ...-............
00005F00:  00 00 00 00 00 00 96 45 51 21 88 AA AD A8 54 3E  .......EQ!....T>
00005F10:  31 A7 91 48 83 82 D8 52 B5 D2 4C 0D 4D EE 9E EB  1..H...R..L.M...
00005F20:  E7 20 55 34 15 DC A1 3F CE D8 49 F0 E2 3C 87 DC  . U4...?..I..<..
00005F30:  25 F5 17 87 92 65 1C 9D 23 50 35 07 25 35 89 F8  %....e..#P5.%5..
00005F40:  23 F2 39 0A 17 2C 12 93 75 3E 11 4E 85 ED 6A FE  #.9..,..u>.N..j.
00005F50:  70 3B 3E A7 B3 E5 DF 24 4F 87 5B 6C 34 1C 38 45  p;>....$O.[l4.8E
00005F60:  15 DD 60 05 C6 BA 4E 94 50 BE 90 03 46 E1 4E 52  ..`...N.P...F.NR
00005F70:  81 01 72 6C 22 65 0E C3 C4 F1 B2 E2 E0 B8 55 7A  ..rl"e........Uz
00005F80:  4F E4 AD D8 63 DE A6 F6 84 48 36 CE C1 CF 0D 5F  O...c....H6...._
00005F90:  B0 B2 A2 BB C1 9C 23 FB EE 3B 57 61 12 0B 55 C9  ......#..;Wa..U.
00005FA0:  32 B3 09 E8 65 9F B5 4E 9A 16 21 FD 87 EB 6A A2  2...e..N..!...j.
00005FB0:  15 32 48 3C 32 85 83 62 06 CB 54 E8 A9 2A 3A 44  .2H<2..b..T..*:D
00005FC0:  A0 52 66 CE DF 26 7C E9 A1 F3 38 C7 9F E4 11 0D  .Rf..&|...8.....
00005FD0:  B4 B5 36 87 71 36 82 B9 74 3D 34 88 57 F5 65 F0  ..6.q6..t=4.W.e.
00005FE0:  46 49 FD 8A 32 2B 44 65 83 21 89 D5 0A DC 74 B4  FI..2+De.!....t.
00005FF0:  1A 61 AD F5 7F 7D 2C 92 15 09 78 07 2F D2 87 5C  .a...},...x./..\
00006000:  F6 EE D1 4A D1 65 29 C4 2C DE 34 52 21 53 AD F7  ...J.e).,.4R!S..
00006010:  2F 13 16 94 3B 26 2F ED C2 1D E1 FB 68 86 48 E5  /...;&/.....h.H.
00006020:  D6 31 8E A7 8A D6 43 6D 7D B8 4B 85 FB 4A 7D FF  .1....Cm}.K..J}.
00006030:  BC 81 36 FC 5E B1 52 DC D5 76 A9 B5 0C 9E F0 87  ..6.^.R..v......
00006040:  AD 6F F7 37 CC 15 C8 D1 28 A3 BD C3 89 22 13 D4  .o.7....(...."..
00006050:  35 C3 5A B1 78 71 D7 16 44 CC 21 17 90 62 9A 61  5.Z.xq..D.!..b.a
00006060:  DD 7B 9A FD EB 69 29 BE 7B D7 BD B1 1D EE B8 24  .{...i).{......$
00006070:  19 E1 35 34 9C 66 B0 33 CC 2D D1 9A 11 14 E3 91  ..54.f.3.-......
00006080:  30 1A 6B 9D 25 1A 32 45 C7 EE 83 E6 F9 C5 E7 3F  0.k.%.2E.......?
00006090:  C5 A0 01 D0 5F 49 2A 90 55 98 83 BE 51 6B 61 4B  ...._I*.U...QkaK
000060A0:  1A E6 E6 96 67 7E E8 6E 41 26 53 21 8C D3 24 53  ....g~.nA&S!..$S
000060B0:  4E 28 0F 82 5F A1 00 00 00 00 00 00 00 00 00 00  N(.._...........
000060C0:  00 00 00 00 00 00 00 00 00 00 00 00 00 00 00 00  ................ [zeros]
000060D0:  00 00 00 00 00 00 00 00 00 00 00 00 00 00 00 00  ................ [zeros]
000060E0:  00 00 00 00 00 00 00 00 00 00 00 00 00 00 00 00  ................ [zeros]
000060F0:  00 00 00 00 00 00 5D 5B FF D2 AD 93 AB AE 92 0B  ......][........
00006100:  EA 7C ED 6B 11 5A E4 BF 7A 12 F9 FC B7 9D 65 16  .|.k.Z..z.....e.
00006110:  27 C2 41 AC BA 79 46 53 B3 13 6E 86 56 24 DD C2  '.A..yFS..n.V$..
00006120:  41 5C 14 60 E6 0C FF 96 7C D8 87 52 0E 1D 6C 96  A\.`....|..R..l.
00006130:  E9 E8 1F 88 79 7B F0 E4 5C AF DD 5B CF B5 88 44  ....y{..\..[...D
00006140:  DC 18 64 2D E0 8C 00 00 00 00 00 00 00 00 00 00  ..d-............
00006150:  00 00 00 00 00 00 00 00 00 00 00 00 00 00 00 00  ................ [zeros]
00006160:  00 00 00 00 00 00 00 00 00 00 00 00 00 00 00 00  ................ [zeros]
00006170:  00 00 00 00 00 00 00 00 00 00 00 00 00 00 00 00  ................ [zeros]
00006180:  00 00 00 00 00 00 00 00 00 00 00 00 00 00 00 00  ................ [zeros]
00006190:  00 00 00 00 00 00 00 00 00 00 00 00 00 00 00 00  ................ [zeros]
000061A0:  00 00 00 00 00 00 00 00 00 00 00 00 00 00 00 00  ................ [zeros]
000061B0:  00 00 00 00 00 00 00 00 00 00 00 00 00 00 00 00  ................ [zeros]
000061C0:  00 00 00 00 00 00 00 00 00 00 00 00 00 00 00 00  ................ [zeros]
000061D0:  00 00 00 00 00 00 00 00 00 00 00 00 00 00 00 00  ................ [zeros]
000061E0:  00 00 00 00 00 00 00 00 00 00 00 00 00 00 00 00  ................ [zeros]
000061F0:  00 00 00 00 00 00 37 BA 51 77 62 44 A9 D8 EA DA  ......7.QwbD....
00006200:  5F C1 3B 92 78 C3 59 68 2C C5 DE B8 B8 02 67 CA  _.;.x.Yh,.....g.
00006210:  93 CE 4D 17 32 9D F8 A5 2A 0F 8B D8 57 B4 C7 55  ..M.2...*...W..U
00006220:  ED F8 23 A1 F8 96 00 00 00 00 00 00 00 00 00 00  ..#.............
00006230:  00 00 00 00 00 00 1B DE D7 58 DE B8 17 A8 40 46  .........X....@F
00006240:  FB F1 83 89 D9 CC 00 00 00 00 00 00 00 00 00 00  ................
00006250:  00 00 00 00 00 00 00 00 00 00 00 00 00 00 00 00  ................ [zeros]
00006260:  00 00 00 00 00 00 00 00 00 00 00 00 00 00 00 00  ................ [zeros]
00006270:  00 00 00 00 00 00 00 00 00 00 00 00 00 00 00 00  ................ [zeros]
00006280:  00 00 00 00 00 00 00 00 00 00 00 00 00 00 00 00  ................ [zeros]
00006290:  00 00 00 00 00 00 F3 41 59 4A 0A A7 17 F2 2C E0  .......AYJ....,.
000062A0:  9D 84 19 43 D9 8F 00 00 00 00 00 00 00 00 00 00  ...C............
000062B0:  00 00 00 00 00 00 00 00 00 00 00 00 00 00 00 00  ................ [zeros]
000062C0:  00 00 00 00 00 00 00 00 00 00 00 00 00 00 00 00  ................ [zeros]
000062D0:  00 00 00 00 00 00 00 00 00 00 00 00 00 00 00 00  ................ [zeros]
000062E0:  00 00 00 00 00 00 00 00 00 00 00 00 00 00 00 00  ................ [zeros]
000062F0:  00 00 00 00 00 00 00 00 00 00 00 00 00 00 00 00  ................ [zeros]
00006300:  00 00 00 00 00 00 00 00 00 00 00 00 00 00 00 00  ................ [zeros]
00006310:  00 00 00 00 00 00 00 00 00 00 00 00 00 00 00 00  ................ [zeros]
00006320:  00 00 00 00 00 00 00 00 00 00 00 00 00 00 00 00  ................ [zeros]
00006330:  00 00 00 00 00 00 00 00 00 00 00 00 00 00 00 00  ................ [zeros]
00006340:  00 00 00 00 00 00 00 00 00 00 00 00 00 00 00 00  ................ [zeros]
00006350:  00 00 00 00 00 00 00 00 00 00 00 00 00 00 00 00  ................ [zeros]
00006360:  00 00 00 00 00 00 15 F6 07 78 34 AC B0 4D CF 49  .........x4..M.I
00006370:  7C 47 76 71 91 12 9A 56 A5 A8 33 3B 4C D5 72 52  |Gvq...V..3;L.rR
00006380:  56 F1 0F 9C A5 AD D4 B9 0E AC C6 6C 40 8F AB AC  V..........l@...
00006390:  62 B8 C4 B2 E8 CD 9D 45 20 D0 38 E4 55 D4 D3 09  b......E .8.U...
000063A0:  FD CD 59 BD E3 32 00 00 00 00 00 00 00 00 00 00  ..Y..2..........
000063B0:  00 00 00 00 00 00 00 00 00 00 00 00 00 00 00 00  ................ [zeros]
000063C0:  00 00 00 00 00 00 00 00 00 00 00 00 00 00 00 00  ................ [zeros]
000063D0:  00 00 00 00 00 00 00 00 00 00 00 00 00 00 00 00  ................ [zeros]
000063E0:  00 00 00 00 00 00 00 00 00 00 00 00 00 00 00 00  ................ [zeros]
000063F0:  00 00 00 00 00 00 6F 1B 8B 85 86 43 80 FD 63 FD  ......o....C..c.
00006400:  01 71 7B CE 1A 46 3B C6 B4 64 3F 84 B9 09 88 A5  .q{..F;..d?.....
00006410:  CB DA DA 5A 2A B0 00 00 00 00 00 00 00 00 00 00  ...Z*...........
00006420:  00 00 00 00 00 00 00 00 00 00 00 00 00 00 00 00  ................ [zeros]
00006430:  00 00 00 00 00 00 00 00 00 00 00 00 00 00 00 00  ................ [zeros]
00006440:  00 00 00 00 00 00 00 00 00 00 00 00 00 00 00 00  ................ [zeros]
00006450:  00 00 00 00 00 00 00 00 00 00 00 00 00 00 00 00  ................ [zeros]
00006460:  00 00 00 00 00 00 00 00 00 00 00 00 00 00 00 00  ................ [zeros]
00006470:  00 00 00 00 00 00 00 00 00 00 00 00 00 00 00 00  ................ [zeros]
00006480:  00 00 00 00 00 00 00 00 00 00 00 00 00 00 00 00  ................ [zeros]
00006490:  00 00 00 00 00 00 00 00 00 00 00 00 00 00 00 00  ................ [zeros]
000064A0:  00 00 00 00 00 00 00 00 00 00 00 00 00 00 00 00  ................ [zeros]
000064B0:  00 00 00 00 00 00 00 00 00 00 00 00 00 00 00 00  ................ [zeros]
000064C0:  00 00 00 00 00 00 77 09 E3 2C 2E 10 33 1E D2 11  ......w..,..3...
000064D0:  3C 17 6F A2 93 62 C1 17 7A D9 21 9C 8F 83 7E C9  <.o..b..z.!...~.
000064E0:  EB 49 E5 57 2D A0 18 05 40 4A EE 78 74 CE 5A 56  .I.W-...@J.xt.ZV
000064F0:  89 36 22 53 A1 AE 00 EA 51 27 0E AA BD A9 92 2B  .6"S....Q'.....+
00006500:  07 19 D5 7A FB 8A F9 51 78 1B F9 9B 4C 3F A7 CC  ...z...Qx...L?..
00006510:  2E 24 ED 13 8A 82 77 31 DF B4 78 11 EA 67 28 8C  .$....w1..x..g(.
00006520:  69 54 BD 09 43 4E D5 EE 19 60 CD AE FB 9F 1D 0D  iT..CN...`......
00006530:  1C 14 2E C4 66 47 3A 09 7F 94 D2 C3 A7 1F 19 44  ....fG:........D
00006540:  AB DA 43 5D 43 7C 6D 72 F4 5F F1 37 ED 7E ED E6  ..C]C|mr._.7.~..
00006550:  47 97 0F 7A 48 2D 0E 74 95 69 38 7E DF E6 51 F1  G..zH-.t.i8~..Q.
00006560:  2E 1D D8 95 95 BD 51 F8 4D 7D B9 28 E9 E3 0E 45  ......Q.M}.(...E
00006570:  E2 73 88 69 F2 75 AD 15 9A 10 1B 3C E7 F5 91 F5  .s.i.u.....<....
00006580:  0D 6F F2 73 AF BE 6C 07 1B F5 0B E0 89 37 31 54  .o.s..l......71T
00006590:  C4 63 D3 13 23 5D AF 23 BF F0 73 A3 9C F7 63 81  .c..#].#..s...c.
000065A0:  D3 8A 3B A9 79 FA CB 9A F6 79 3C DA 9F AA B3 42  ..;.y....y<....B
000065B0:  0B 38 43 A2 87 70 D4 0F C9 00 07 51 B9 C0 4B CC  .8C..p.....Q..K.
000065C0:  05 06 69 D5 24 6A EF BA E8 21 2B A2 DA FC 8F 78  ..i.$j...!+....x
000065D0:  3E 57 34 A6 D7 8E 89 06 55 61 6B 23 D9 4F 0D 54  >W4.....Uak#.O.T
000065E0:  05 91 2A 9D 6F 6F 9A 56 A5 A8 33 3B 4C D5 72 52  ..*.oo.V..3;L.rR
000065F0:  56 F1 0F 9C A5 AD D5 A5 F3 55 40 89 6C B3 29 95  V........U@.l.).
00006600:  FD D2 A8 33 DB F1 C8 7E DA 89 C5 1F 29 08 48 C8  ...3...~....).H.
00006610:  8F B6 C4 FF 9D A2 7A 78 55 97 4E 60 11 04 8E 0C  ......zxU.N`....
00006620:  BB 0A 18 8D 8D E8 00 00 00 00 00 00 00 00 00 00  ................
00006630:  00 00 00 00 00 00 01 D2 FA 44 96 18 B4 28 0D 3A  .........D...(.:
00006640:  30 15 1C 4D 81 96 29 33 0B 36 43 8F C0 80 EA A0  0..M..)3.6C.....
00006650:  0F B5 53 3E 34 B7 48 4B 8C B1 3B B6 B9 78 89 C9  ..S>4.HK..;..x..
00006660:  41 1A 36 97 25 74 00 00 00 00 00 00 00 00 00 00  A.6.%t..........
00006670:  00 00 00 00 00 00 B5 0D 2C 7A 51 AE BB 9B 0A 37  ........,zQ....7
00006680:  88 D4 54 B8 F6 55 F8 A0 E4 B3 18 A4 85 CB DF 51  ..T..U.........Q
00006690:  B1 67 C7 20 2A 0C B8 0C FD 21 01 D2 C6 76 C0 0C  .g. *....!...v..
000066A0:  A6 2C C4 34 08 10 14 D8 28 0C 9A 79 43 49 F1 37  .,.4....(..yCI.7
000066B0:  94 44 8A E1 ED 3A C7 5A 8E AA 0C 7F C8 C0 93 CF  .D...:.Z........
000066C0:  C9 CF 8C 97 D9 EE 6A 9A B9 EA FB 8D 88 06 B3 38  ......j........8
000066D0:  75 C1 60 1E F1 96 00 00 00 00 00 00 00 00 00 00  u.`.............
000066E0:  00 00 00 00 00 00 E5 6E 56 A6 65 BF BF 89 82 8F  .......nV.e.....
000066F0:  F9 1E 03 B7 CB 93 D6 FE 58 F0 38 70 4A 92 FB 0A  ........X.8pJ...
00006700:  46 93 AC 9A 61 84 7A 78 55 97 4E 60 11 04 8E 0C  F...a.zxU.N`....
00006710:  BB 0A 18 8D 8D E8 00 00 00 00 00 00 00 00 00 00  ................
00006720:  00 00 00 00 00 00 01 D2 FA 44 96 18 B4 28 0D 3A  .........D...(.:
00006730:  30 15 1C 4D 81 96 97 A3 97 23 AB 38 67 A9 59 E3  0..M.....#.8g.Y.
00006740:  CB EA A7 FE 39 83 00 00 00 00 00 00 00 00 00 00  ....9...........
00006750:  00 00 00 00 00 00 00 00 00 00 00 00 00 00 00 00  ................ [zeros]
00006760:  00 00 00 00 00 00 00 00 00 00 00 00 00 00 00 00  ................ [zeros]
00006770:  00 00 00 00 00 00 00 00 00 00 00 00 00 00 00 00  ................ [zeros]
00006780:  00 00 00 00 00 00 00 00 00 00 00 00 00 00 00 00  ................ [zeros]
00006790:  00 00 00 00 00 00 00 00 00 00 00 00 00 00 00 00  ................ [zeros]
000067A0:  00 00 00 00 00 00 00 00 00 00 00 00 00 00 00 00  ................ [zeros]
000067B0:  00 00 00 00 00 00 00 00 00 00 00 00 00 00 00 00  ................ [zeros]
000067C0:  00 00 00 00 00 00 00 00 00 00 00 00 00 00 00 00  ................ [zeros]
000067D0:  00 00 00 00 00 00 00 00 00 00 00 00 00 00 00 00  ................ [zeros]
000067E0:  00 00 00 00 00 00 00 00 00 00 00 00 00 00 00 00  ................ [zeros]
000067F0:  00 00 00 00 00 00 00 00 00 00 00 00 00 00 00 00  ................ [zeros]
00006800:  00 00 00 00 00 00 00 00 00 00 00 00 00 00 00 00  ................ [zeros]
00006810:  00 00 00 00 00 00 55 2A 5A 30 A0 B1 4E D2 43 74  ......U*Z0..N.Ct
00006820:  55 4D E3 E0 56 72 8D C7 50 BE 97 F1 B7 99 28 C8  UM..Vr..P.....(.
00006830:  26 42 FF BA 28 A3 C6 00 4B 94 67 21 B5 84 DC 09  &B..(...K.g!....
00006840:  76 1E F2 90 5E 55 37 64 E6 07 22 22 A8 8A B8 33  v...^U7d..""...3
00006850:  0C 12 F8 B1 6A 72 00 00 00 00 00 00 00 00 00 00  ....jr..........
00006860:  00 00 00 00 00 00 6D 07 55 20 88 C3 18 CE 58 99  ......m.U ....X.
00006870:  E6 7E EE 7C 24 7F E4 CD C7 23 F4 DD 4D 64 24 53  .~.|$....#..Md$S
00006880:  9F F7 71 B9 0A 89 37 22 EC 64 0D 11 30 94 29 CA  ..q...7".d..0.).
00006890:  06 6B 17 F2 39 55 33 AF 30 11 55 C3 65 95 33 2C  .k..9U3.0.U.e.3,
000068A0:  48 4B F5 70 00 55 AA BE 5D E7 1C E9 8F 79 62 72  HK.p.U..]....ybr
000068B0:  66 E2 52 D3 5E 90 B6 F5 5F 1E 9A 37 D4 88 17 AC  f.R.^..._..7....
000068C0:  DE CF CA F4 82 84 9C 1A 1A E9 B4 E2 72 9D 80 7E  ............r..~
000068D0:  56 5A 43 81 35 F5 09 A7 73 66 E3 C2 B4 40 97 C5  VZC.5...sf...@..
000068E0:  88 F2 58 66 18 33 E8 79 E3 14 86 18 CA 3C B0 15  ..Xf.3.y.....<..
000068F0:  14 89 32 D4 D3 35 97 51 EA 7D 0B FA 6B 06 3A 5B  ..2..5.Q.}..k.:[
00006900:  F4 1B 5A 73 1F 06 10 2B F5 D5 EB 76 C0 3E FF 1C  ..Zs...+...v.>..
00006910:  34 74 CB 21 00 27 96 3F EE 79 C6 3C 7D 36 BD 2F  4t.!.'.?.y.<}6./
00006920:  E2 97 8B 59 97 A4 06 90 8B 4B 61 2A 89 02 7B AD  ...Y.....Ka*..{.
00006930:  FE C4 8E 6E 1D 54 8A FC EC 8B FA 76 76 7C 29 46  ...n.T.....vv|)F
00006940:  56 62 9C B5 7A 66 60 28 4D 01 44 A5 E0 86 B6 FD  Vb..zf`(M.D.....
00006950:  6E 74 B9 CB B1 5C BB E4 21 06 97 63 25 0F 77 F1  nt...\..!..c%.w.
00006960:  99 C8 E2 43 94 84 1B 34 AB 21 D3 7E 0D 75 F0 D6  ...C...4.!.~.u..
00006970:  E4 26 EB 95 CB A2 12 39 CE 13 B5 80 59 FE DE E1  .&.....9....Y...
00006980:  2D 7F 1E 0C 06 96 DB 10 34 82 2D 3D 08 B0 4E AB  -.......4.-=..N.
00006990:  EC 2E F5 5B 2C A2 00 00 00 00 00 00 00 00 00 00  ...[,...........
000069A0:  00 00 00 00 00 00 00 00 00 00 00 00 00 00 00 00  ................ [zeros]
000069B0:  00 00 00 00 00 00 F8 A0 E4 B3 18 A4 85 CB DF 51  ...............Q
000069C0:  B1 67 C7 20 2A 0C 00 00 00 00 00 00 00 00 00 00  .g. *...........
000069D0:  00 00 00 00 00 00 00 00 00 00 00 00 00 00 00 00  ................ [zeros]
000069E0:  00 00 00 00 00 00 11 A8 40 E3 1E 3B 00 69 04 BD  ........@..;.i..
000069F0:  79 80 C2 39 20 4B 00 00 00 00 00 00 00 00 00 00  y..9 K..........
00006A00:  00 00 00 00 00 00 00 00 00 00 00 00 00 00 00 00  ................ [zeros]
00006A10:  00 00 00 00 00 00 00 00 00 00 00 00 00 00 00 00  ................ [zeros]
00006A20:  00 00 00 00 00 00 C0 BE AF 44 01 A8 0F 04 9C 58  .........D.....X
00006A30:  B7 06 23 70 0C E8 00 00 00 00 00 00 00 00 00 00  ..#p............
00006A40:  00 00 00 00 00 00 00 00 00 00 00 00 00 00 00 00  ................ [zeros]
00006A50:  00 00 00 00 00 00 B3 03 74 91 F4 7D 4E 1D 7C 45  ........t..}N.|E
00006A60:  E5 7F 02 97 BC 82 00 00 00 00 00 00 00 00 00 00  ................
00006A70:  00 00 00 00 00 00 00 00 00 00 00 00 00 00 00 00  ................ [zeros]
00006A80:  00 00 00 00 00 00 65 5D 27 58 DC A6 CB 33 2B 1E  ......e]'X...3+.
00006A90:  E6 B2 48 8E EC 33 00 00 00 00 00 00 00 00 00 00  ..H..3..........
00006AA0:  00 00 00 00 00 00 00 00 00 00 00 00 00 00 00 00  ................ [zeros]
00006AB0:  00 00 00 00 00 00 C5 53 37 81 EA 31 5F 33 08 01  .......S7..1_3..
00006AC0:  A8 CD 99 6B 27 74 00 00 00 00 00 00 00 00 00 00  ...k't..........
00006AD0:  00 00 00 00 00 00 00 00 00 00 00 00 00 00 00 00  ................ [zeros]
00006AE0:  00 00 00 00 00 00 00 00 00 00 00 00 00 00 00 00  ................ [zeros]
00006AF0:  00 00 00 00 00 00 74 CA 83 9E BC E1 A9 04 1B CA  ......t.........
00006B00:  08 1F EA 7C C6 0E F5 E5 B9 1F 63 80 82 D4 C8 B0  ...|......c.....
00006B10:  1A 66 52 E1 B1 31 C9 DB B8 FD 20 E1 09 B0 5B C6  .fR..1.... ...[.
00006B20:  2B BC 4E F4 F2 8B CB 48 BC 6E 50 32 C4 4F 90 A3  +.N....H.nP2.O..
00006B30:  BE 13 20 9A C0 54 39 01 63 44 CE 88 C9 72 56 44  .. ..T9.cD...rVD
00006B40:  63 DA 74 3F 97 6F C3 AB 3C BA 13 55 5D C3 52 55  c.t?.o..<..U].RU
00006B50:  D9 72 62 3F 33 2B C6 BF 8F DC 06 C8 B5 60 02 2E  .rb?3+.......`..
00006B60:  5E 69 2F 52 06 80 1B 34 AB 21 D3 7E 0D 75 F0 D6  ^i/R...4.!.~.u..
00006B70:  E4 26 EB 95 CB A2 AA 25 F6 46 87 F9 B7 50 AF B9  .&.....%.F...P..
00006B80:  D6 69 2B 6C BA E0 95 6D 0F 92 7E 66 13 E3 22 D8  .i+l...m..~f..".
00006B90:  A9 15 62 8E 70 6B 37 0C 47 A0 9A F5 BD 9F ED A5  ..b.pk7.G.......
00006BA0:  C7 D6 74 BC 61 0A 42 03 FD 59 D5 1F C6 32 84 4B  ..t.a.B..Y...2.K
00006BB0:  F9 42 7A FE E3 47 87 89 69 0F 79 26 02 AB C2 CC  .Bz..G..i.y&....
00006BC0:  E2 B7 06 01 AB 6E 2D B0 85 06 50 A5 19 44 29 D4  .....n-...P..D).
00006BD0:  7E 8F 59 F3 28 60 4C 5D 92 B7 2D 35 B2 CF 96 EB  ~.Y.(`L]..-5....
00006BE0:  5B 93 63 09 05 EA 96 E4 AF 0A 78 4E 06 42 77 10  [.c.......xN.Bw.
00006BF0:  EF DD 00 90 54 57 FE EB A0 45 F2 57 33 FC AF CF  ....TW...E.W3...
00006C00:  B2 17 4B 08 91 F8 C8 4A A7 0C 7D D3 B1 51 0D B0  ..K....J..}..Q..
00006C10:  9F 3D 81 35 B5 B1 C8 4A A7 0C 7D D3 B1 51 0D B0  .=.5...J..}..Q..
00006C20:  9F 3D 81 35 B5 B1 C8 4A A7 0C 7D D3 B1 51 0D B0  .=.5...J..}..Q..
00006C30:  9F 3D 81 35 B5 B1 14 13 73 7F D8 B3 50 F6 83 BE  .=.5....s...P...
00006C40:  60 A0 FD 19 79 F7 5C BD D2 C5 08 8B 61 17 75 55  `...y.\.....a.uU
00006C50:  8E 1D 14 79 75 7E 5C BD D2 C5 08 8B 61 17 75 55  ...yu~\.....a.uU
00006C60:  8E 1D 14 79 75 7E 02 81 1A 4C 3B 2B A4 83 02 36  ...yu~...L;+...6
00006C70:  2E CC 1E 04 D6 A2 E6 96 AC 80 DC 9F 18 A2 D1 BC  ................
00006C80:  6C B4 C4 51 DD A0 CB C4 6E C4 A8 CC 5B 3A BD BC  l..Q....n...[:..
00006C90:  B9 89 0C A2 ED F5 BA 30 61 17 E3 D4 10 A2 B3 BF  .......0a.......
00006CA0:  D9 AC 9D 7E 53 9A BC 2C 20 29 FC E2 20 E7 49 45  ...~S.., ).. .IE
00006CB0:  69 92 E2 8B 26 5C D1 A6 D5 EA 22 CC DE 65 9B F1  i...&\...."..e..
00006CC0:  FF FF C3 07 3A D8 2A 0D AA 4E 1B 34 38 01 32 B3  ....:.*..N.48.2.
00006CD0:  93 34 C3 F2 45 CF E4 7A 87 7A C1 DB 6A 90 E3 63  .4..E..z.z..j..c
00006CE0:  A8 7C A3 84 8B 0D E4 7A 87 7A C1 DB 6A 90 E3 63  .|.....z.z..j..c
00006CF0:  A8 7C A3 84 8B 0D E4 7A 87 7A C1 DB 6A 90 E3 63  .|.....z.z..j..c
00006D00:  A8 7C A3 84 8B 0D 28 D3 63 25 C2 41 AB 59 E1 06  .|....(.c%.A.Y..
00006D10:  B7 D5 76 82 01 6B 6D E0 5E AA D7 FC BE FB 36 29  ..v..km.^.....6)
00006D20:  ED 84 6F B6 57 4D 49 43 78 65 73 16 B5 DD FD 19  ..o.WMICxes.....
00006D30:  92 11 B1 DE 33 B0 CF C1 AD 38 60 E3 4A B4 24 96  ....3....8`.J.$.
00006D40:  95 02 3D 70 72 1B E6 DA E8 5C C1 F1 6C 90 36 CB  ..=pr....\..l.6.
00006D50:  E2 9E 1C 38 A6 48 1A 94 8D 3A 29 82 EF E6 53 2E  ...8.H...:)...S.
00006D60:  C9 E8 8B 42 38 78 D3 41 9A 2C BD 1E E5 A7 A7 30  ...B8x.A.,.....0
00006D70:  C5 5B 01 0E C6 3A 5D CE 49 F7 A7 D0 89 4D 93 E6  .[...:].I....M..
00006D80:  FF 31 79 CE 34 1F B3 39 97 BE DF 81 CF 6F E6 D5  .1y.4..9.....o..
00006D90:  78 A0 C2 79 6F 7C 28 D3 63 25 C2 41 AB 59 E1 06  x..yo|(.c%.A.Y..
00006DA0:  B7 D5 76 82 01 6B 6D E0 5E AA D7 FC BE FB 36 29  ..v..km.^.....6)
00006DB0:  ED 84 6F B6 57 4D 49 43 78 65 73 16 B5 DD FD 19  ..o.WMICxes.....
00006DC0:  92 11 B1 DE 33 B0 CF C1 AD 38 60 E3 4A B4 24 96  ....3....8`.J.$.
00006DD0:  95 02 3D 70 72 1B E6 DA E8 5C C1 F1 6C 90 36 CB  ..=pr....\..l.6.
00006DE0:  E2 9E 1C 38 A6 48 1A 94 8D 3A 29 82 EF E6 53 2E  ...8.H...:)...S.
00006DF0:  C9 E8 8B 42 38 78 F3 06 19 24 02 F5 0F 83 E7 99  ...B8x...$......
00006E00:  0D 86 7E 88 16 A5 37 84 9C A1 5D C6 41 0E 8A CF  ..~...7...].A...
00006E10:  33 F8 A4 CA 39 EC 34 A6 76 5A 14 C7 AF 7E F8 22  3...9.4.vZ...~."
00006E20:  EC F9 6C BF A5 6B C2 F6 70 FA 56 63 49 FF C7 A9  ..l..k..p.VcI...
00006E30:  C5 67 5C 28 B1 B9 C8 CA AB 3C 2E 5E 8D 7E DA 74  .g\(.....<.^.~.t
00006E40:  0B 92 05 37 36 91 00 00 00 00 00 00 00 00 00 00  ...76...........
00006E50:  00 00 00 00 00 00 00 00 00 00 00 00 00 00 00 00  ................ [zeros]
00006E60:  00 00 00 00 00 00 00 00 00 00 00 00 00 00 00 00  ................ [zeros]
00006E70:  00 00 00 00 00 00 00 00 00 00 00 00 00 00 00 00  ................ [zeros]
00006E80:  00 00 00 00 00 00 00 00 00 00 00 00 00 00 00 00  ................ [zeros]
00006E90:  00 00 00 00 00 00 D8 83 20 DC 4A B4 0B 35 DD 25  ........ .J..5.%
00006EA0:  F3 89 7A B4 21 DB 63 D1 FA CA F0 B7 AF 96 EF BE  ..z.!.c.........
00006EB0:  C8 08 08 F7 3C D5 AD 58 6F AC 68 48 48 16 6F 26  ....<..Xo.hHH.o&
00006EC0:  82 C9 52 98 95 7D 75 9B 44 F1 BA 98 87 2D 30 FB  ..R..}u.D....-0.
00006ED0:  C8 F0 63 E7 76 CB 00 00 00 00 00 00 00 00 00 00  ..c.v...........
00006EE0:  00 00 00 00 00 00 00 00 00 00 00 00 00 00 00 00  ................ [zeros]
00006EF0:  00 00 00 00 00 00 00 00 00 00 00 00 00 00 00 00  ................ [zeros]
00006F00:  00 00 00 00 00 00 00 00 00 00 00 00 00 00 00 00  ................ [zeros]
00006F10:  00 00 00 00 00 00 00 00 00 00 00 00 00 00 00 00  ................ [zeros]
00006F20:  00 00 00 00 00 00 00 00 00 00 00 00 00 00 00 00  ................ [zeros]
00006F30:  00 00 00 00 00 00 00 00 00 00 00 00 00 00 00 00  ................ [zeros]
00006F40:  00 00 00 00 00 00 00 00 00 00 00 00 00 00 00 00  ................ [zeros]
00006F50:  00 00 00 00 00 00 00 00 00 00 00 00 00 00 00 00  ................ [zeros]
00006F60:  00 00 00 00 00 00 00 00 00 00 00 00 00 00 00 00  ................ [zeros]
00006F70:  00 00 00 00 00 00 00 00 00 00 00 00 00 00 00 00  ................ [zeros]
00006F80:  00 00 00 00 00 00 E6 65 70 53 C4 BD 8D 63 46 FA  .......epS...cF.
00006F90:  46 11 C8 BF 75 C5 50 30 53 CA 00 7D FE BC 38 E4  F...u.P0S..}..8.
00006FA0:  E6 C1 7F 07 BE 6B 9A 56 A5 A8 33 3B 4C D5 72 52  .....k.V..3;L.rR
00006FB0:  56 F1 0F 9C A5 AD 68 24 A0 CB 93 A0 84 2A E2 94  V.....h$.....*..
00006FC0:  85 0F 38 6B 0B 7F 16 3F D9 FF A6 51 E0 2F 2D 3F  ..8k...?...Q./-?
00006FD0:  A5 CC 4B 1D 29 FC 00 00 00 00 00 00 00 00 00 00  ..K.)...........
00006FE0:  00 00 00 00 00 00 00 00 00 00 00 00 00 00 00 00  ................ [zeros]
00006FF0:  00 00 00 00 00 00 00 00 00 00 00 00 00 00 00 00  ................ [zeros]
00007000:  00 00 00 00 00 00 00 00 00 00 00 00 00 00 00 00  ................ [zeros]
00007010:  00 00 00 00 00 00 00 00 00 00 00 00 00 00 00 00  ................ [zeros]
00007020:  00 00 00 00 00 00 89 F2 BC E3 B2 62 0A 47 99 1C  ...........b.G..
00007030:  67 92 8C A9 3D 89 55 39 CA 99 1A 40 50 52 33 04  g...=.U9...@PR3.
00007040:  E4 87 C8 22 F4 5A 00 00 00 00 00 00 00 00 00 00  ...".Z..........
00007050:  00 00 00 00 00 00 00 00 00 00 00 00 00 00 00 00  ................ [zeros]
00007060:  00 00 00 00 00 00 00 00 00 00 00 00 00 00 00 00  ................ [zeros]
00007070:  00 00 00 00 00 00 00 00 00 00 00 00 00 00 00 00  ................ [zeros]
00007080:  00 00 00 00 00 00 00 00 00 00 00 00 00 00 00 00  ................ [zeros]
00007090:  00 00 00 00 00 00 00 00 00 00 00 00 00 00 00 00  ................ [zeros]
000070A0:  00 00 00 00 00 00 00 00 00 00 00 00 00 00 00 00  ................ [zeros]
000070B0:  00 00 00 00 00 00 00 00 00 00 00 00 00 00 00 00  ................ [zeros]
000070C0:  00 00 00 00 00 00 00 00 00 00 00 00 00 00 00 00  ................ [zeros]
000070D0:  00 00 00 00 00 00 00 00 00 00 00 00 00 00 00 00  ................ [zeros]
000070E0:  00 00 00 00 00 00 00 00 00 00 00 00 00 00 00 00  ................ [zeros]
000070F0:  00 00 00 00 00 00 E4 7B 24 07 DC 86 F8 B2 49 60  .......{$.....I`
00007100:  72 E7 82 8C B1 3E CA EA 1A C7 74 7E 48 7B 24 D5  r....>....t~H{$.
00007110:  85 FA FC E7 64 DA E2 71 3A 96 14 CB 19 3C 43 B5  ....d..q:....<C.
00007120:  70 CE 28 95 5E EF B6 33 C4 A1 DA B5 5D 4C 80 A8  p.(.^..3....]L..
00007130:  24 0B D8 70 3E 31 00 00 00 00 00 00 00 00 00 00  $..p>1..........
00007140:  00 00 00 00 00 00 00 00 00 00 00 00 00 00 00 00  ................ [zeros]
00007150:  00 00 00 00 00 00 00 00 00 00 00 00 00 00 00 00  ................ [zeros]
00007160:  00 00 00 00 00 00 00 00 00 00 00 00 00 00 00 00  ................ [zeros]
00007170:  00 00 00 00 00 00 00 00 00 00 00 00 00 00 00 00  ................ [zeros]
00007180:  00 00 00 00 00 00 E1 61 2B DF BB 7F F8 B2 39 4D  .......a+.....9M
00007190:  BB BC 3A 91 5F 91 B4 CC BA 1A 31 CE D3 7A D8 28  ..:._.....1..z.(
000071A0:  06 23 C5 51 58 F5 00 00 00 00 00 00 00 00 00 00  .#.QX...........
000071B0:  00 00 00 00 00 00 00 00 00 00 00 00 00 00 00 00  ................ [zeros]
000071C0:  00 00 00 00 00 00 00 00 00 00 00 00 00 00 00 00  ................ [zeros]
000071D0:  00 00 00 00 00 00 00 00 00 00 00 00 00 00 00 00  ................ [zeros]
000071E0:  00 00 00 00 00 00 00 00 00 00 00 00 00 00 00 00  ................ [zeros]
000071F0:  00 00 00 00 00 00 00 00 00 00 00 00 00 00 00 00  ................ [zeros]
00007200:  00 00 00 00 00 00 00 00 00 00 00 00 00 00 00 00  ................ [zeros]
00007210:  00 00 00 00 00 00 00 00 00 00 00 00 00 00 00 00  ................ [zeros]
00007220:  00 00 00 00 00 00 00 00 00 00 00 00 00 00 00 00  ................ [zeros]
00007230:  00 00 00 00 00 00 00 00 00 00 00 00 00 00 00 00  ................ [zeros]
00007240:  00 00 00 00 00 00 00 00 00 00 00 00 00 00 00 00  ................ [zeros]
00007250:  00 00 00 00 00 00 00 00 00 00 00 00 00 00 00 00  ................ [zeros]
00007260:  00 00 00 00 00 00 DC 9E A9 7F CB FE 6F B7 E5 D4  ............o...
00007270:  9F E9 69 E4 B7 D5 54 62 DE 43 09 E9 F3 D4 1B 21  ..i...Tb.C.....!
00007280:  03 38 26 88 94 51 6A 6E C0 92 74 53 3B 62 83 E2  .8&..Qjn..tS;b..
00007290:  1B AE 70 8C 2B 44 EA A6 6D E3 23 D5 97 1D 9E 75  ..p.+D..m.#....u
000072A0:  03 A9 FB BF 2D 05 40 45 24 11 84 FA 04 A9 EE 91  ....-.@E$.......
000072B0:  D8 8B 9F 8F 72 54 1F D8 E2 31 97 0F 46 3C CE 27  ....rT...1..F<.'
000072C0:  40 5D FB 6D B4 4D A2 10 29 7D AF 5C 71 3B 1E C2  @].m.M..)}.\q;..
000072D0:  FE 58 A1 01 D1 22 CE 17 F3 7C DA 12 C5 4D 98 02  .X..."...|...M..
000072E0:  8A D0 66 36 EB ED BC 61 6E FB 61 BE 58 70 F8 27  ..f6...an.a.Xp.'
000072F0:  CD 66 9C 45 19 46 EF BA E8 21 2B A2 DA FC 8F 78  .f.E.F...!+....x
00007300:  3E 57 34 A6 D7 8E 66 1B 01 BB AD 5A 5B A5 C2 D1  >W4...f....Z[...
00007310:  75 E9 A3 2E FE 33 9A 56 A5 A8 33 3B 4C D5 72 52  u....3.V..3;L.rR
00007320:  56 F1 0F 9C A5 AD 46 65 48 38 74 32 05 BC 03 0C  V.....FeH8t2....
00007330:  C0 43 95 62 66 97 B4 9A AD 81 62 27 B4 99 B7 6D  .C.bf.....b'...m
00007340:  29 4B 0B 7D E7 76 5C C0 9D 3E 71 48 E9 2E B7 94  )K.}.v\..>qH....
00007350:  20 4F 18 E9 26 DC 1B BC 41 67 E0 F5 7C 23 D7 91   O..&...Ag..|#..
00007360:  F6 15 E5 04 94 A3 53 AA BA 5F 05 C8 06 ED E3 7A  ......S.._.....z
00007370:  F2 89 6C 6B B9 42 F4 19 BC 32 B1 6D 95 51 B0 11  ..lk.B...2.m.Q..
00007380:  6F A0 7E 14 3A 6E FE 92 CC 32 2D D9 D9 B5 F7 37  o.~.:n...2-....7
00007390:  D9 EA AE AD A3 9C 43 02 59 D5 AF 24 4E 22 C5 FC  ......C.Y..$N"..
000073A0:  A8 5A 19 70 C0 11 00 00 00 00 00 00 00 00 00 00  .Z.p............
000073B0:  00 00 00 00 00 00 E5 6E 56 A6 65 BF BF 89 82 8F  .......nV.e.....
000073C0:  F9 1E 03 B7 CB 93 D6 FE 58 F0 38 70 4A 92 FB 0A  ........X.8pJ...
000073D0:  46 93 AC 9A 61 84 7A 78 55 97 4E 60 11 04 8E 0C  F...a.zxU.N`....
000073E0:  BB 0A 18 8D 8D E8 00 00 00 00 00 00 00 00 00 00  ................
000073F0:  00 00 00 00 00 00 01 D2 FA 44 96 18 B4 28 0D 3A  .........D...(.:
00007400:  30 15 1C 4D 81 96 29 33 0B 36 43 8F C0 80 EA A0  0..M..)3.6C.....
00007410:  0F B5 53 3E 34 B7 48 4B 8C B1 3B B6 B9 78 89 C9  ..S>4.HK..;..x..
00007420:  41 1A 36 97 25 74 00 00 00 00 00 00 00 00 00 00  A.6.%t..........
00007430:  00 00 00 00 00 00 89 F6 83 2C 47 F4 D4 D9 6C 7B  .........,G...l{
00007440:  C0 66 6C 5C 6A 71 C5 53 37 81 EA 31 5F 33 08 01  .fl\jq.S7..1_3..
00007450:  A8 CD 99 6B 27 74 00 00 00 00 00 00 00 00 00 00  ...k't..........
00007460:  00 00 00 00 00 00 3A A6 D2 E3 CC F8 18 93 B0 93  ......:.........
00007470:  3A 73 29 CD 53 45 C7 5A 8E AA 0C 7F C8 C0 93 CF  :s).SE.Z........
00007480:  C9 CF 8C 97 D9 EE 6A 9A B9 EA FB 8D 88 06 B3 38  ......j........8
00007490:  75 C1 60 1E F1 96 00 00 00 00 00 00 00 00 00 00  u.`.............
000074A0:  00 00 00 00 00 00 E5 6E 56 A6 65 BF BF 89 82 8F  .......nV.e.....
000074B0:  F9 1E 03 B7 CB 93 D6 FE 58 F0 38 70 4A 92 FB 0A  ........X.8pJ...
000074C0:  46 93 AC 9A 61 84 AC 59 07 A5 94 00 A6 B8 2B DF  F...a..Y......+.
000074D0:  1A 90 EC 3C 67 0E 00 00 00 00 00 00 00 00 00 00  ...<g...........
000074E0:  00 00 00 00 00 00 00 00 00 00 00 00 00 00 00 00  ................ [zeros]
000074F0:  00 00 00 00 00 00 00 00 00 00 00 00 00 00 00 00  ................ [zeros]
00007500:  00 00 00 00 00 00 00 00 00 00 00 00 00 00 00 00  ................ [zeros]
00007510:  00 00 00 00 00 00 00 00 00 00 00 00 00 00 00 00  ................ [zeros]
00007520:  00 00 00 00 00 00 00 00 00 00 00 00 00 00 00 00  ................ [zeros]
00007530:  00 00 00 00 00 00 00 00 00 00 00 00 00 00 00 00  ................ [zeros]
00007540:  00 00 00 00 00 00 00 00 00 00 00 00 00 00 00 00  ................ [zeros]
00007550:  00 00 00 00 00 00 00 00 00 00 00 00 00 00 00 00  ................ [zeros]
00007560:  00 00 00 00 00 00 00 00 00 00 00 00 00 00 00 00  ................ [zeros]
00007570:  00 00 00 00 00 00 00 00 00 00 00 00 00 00 00 00  ................ [zeros]
00007580:  00 00 00 00 00 00 00 00 00 00 00 00 00 00 00 00  ................ [zeros]
00007590:  00 00 00 00 00 00 00 00 00 00 00 00 00 00 00 00  ................ [zeros]
000075A0:  00 00 00 00 00 00 37 64 E6 07 22 22 A8 8A B8 33  ......7d..""...3
000075B0:  0C 12 F8 B1 6A 72 59 9F 3F D2 A5 A5 A4 63 7D B8  ....jrY.?....c}.
000075C0:  FF 91 FA A5 1E B2 97 A3 97 23 AB 38 67 A9 59 E3  .........#.8g.Y.
000075D0:  CB EA A7 FE 39 83 00 00 00 00 00 00 00 00 00 00  ....9...........
000075E0:  00 00 00 00 00 00 3A 7E 7A BB DB 9D 02 50 06 D5  ......:~z....P..
000075F0:  A8 DA C6 D1 D9 72 00 00 00 00 00 00 00 00 00 00  .....r..........
00007600:  00 00 00 00 00 00 82 9D E9 A8 AE 8C F5 A5 EB B9  ................
00007610:  15 86 D1 3A 43 FE 7A F6 CF 79 31 04 87 A6 B0 9F  ...:C.z..y1.....
00007620:  A3 54 9B 3C FF 2F 37 64 E6 07 22 22 A8 8A B8 33  .T.<./7d..""...3
00007630:  0C 12 F8 B1 6A 72 5E E6 7F 7B 13 9E EF 26 F8 B9  ....jr^..{...&..
00007640:  0D 23 05 15 FD 9E 6A 1B C4 A1 72 68 14 ED 55 0F  .#....j...rh..U.
00007650:  3C 68 7F 64 55 44 8E A4 E8 BD 7D BC E8 A3 9B 62  <h.dUD....}....b
00007660:  4F EA D4 B4 1A AB 5F 2F 63 E0 25 D2 0F 48 D2 82  O....._/c.%..H..
00007670:  80 75 7E F1 0D A7 FD F5 C5 58 FB 46 29 EC 9E FE  .u~......X.F)...
00007680:  BF 55 1B E4 66 9A 92 22 58 90 F8 D3 21 5A 01 9E  .U..f.."X...!Z..
00007690:  EB B6 42 65 40 9A 66 D6 B7 CD 6D A7 0B 1B 6D F5  ..Be@.f...m...m.
000076A0:  D3 13 17 BC 50 2A F8 F3 D1 7E 10 01 47 E1 79 30  ....P*...~..G.y0
000076B0:  99 78 34 B6 21 F0 AB F5 97 21 E2 C6 08 51 2A B2  .x4.!....!...Q*.
000076C0:  27 ED EF D7 22 0C 47 DB 30 BB 5D 85 0D B8 B0 2B  '...".G.0.]....+
000076D0:  5E 17 FB 4B F8 B9 18 E2 65 13 84 33 D4 49 1F 9F  ^..K....e..3.I..
000076E0:  5A 6D CC 78 8A CB CB BF 25 5E C4 B0 A3 22 1F 82  Zm.x....%^..."..
000076F0:  40 9D 6C 48 90 07 93 E3 2E 8D CF 7E 00 B8 1F 42  @.lH.......~...B
00007700:  70 F6 5E C4 AF 55 11 76 54 36 2A 62 9D EB B4 FE  p.^..U.vT6*b....
00007710:  94 5E A1 E7 26 94 AD 86 D5 0F D1 32 03 94 F7 F6  .^..&......2....
00007720:  A3 68 D9 71 58 5A 00 00 00 00 00 00 00 00 00 00  .h.qXZ..........
00007730:  00 00 00 00 00 00 00 00 00 00 00 00 00 00 00 00  ................ [zeros]
00007740:  00 00 00 00 00 00 48 4B 8C B1 3B B6 B9 78 89 C9  ......HK..;..x..
00007750:  41 1A 36 97 25 74 00 00 00 00 00 00 00 00 00 00  A.6.%t..........
00007760:  00 00 00 00 00 00 00 00 00 00 00 00 00 00 00 00  ................ [zeros]
00007770:  00 00 00 00 00 00 00 00 00 00 00 00 00 00 00 00  ................ [zeros]
00007780:  00 00 00 00 00 00 B5 0D 2C 7A 51 AE BB 9B 0A 37  ........,zQ....7
00007790:  88 D4 54 B8 F6 55 00 00 00 00 00 00 00 00 00 00  ..T..U..........
000077A0:  00 00 00 00 00 00 00 00 00 00 00 00 00 00 00 00  ................ [zeros]
000077B0:  00 00 00 00 00 00 F8 A0 E4 B3 18 A4 85 CB DF 51  ...............Q
000077C0:  B1 67 C7 20 2A 0C 00 00 00 00 00 00 00 00 00 00  .g. *...........
000077D0:  00 00 00 00 00 00 00 00 00 00 00 00 00 00 00 00  ................ [zeros]
000077E0:  00 00 00 00 00 00 11 A8 40 E3 1E 3B 00 69 04 BD  ........@..;.i..
000077F0:  79 80 C2 39 20 4B 00 00 00 00 00 00 00 00 00 00  y..9 K..........
00007800:  00 00 00 00 00 00 00 00 00 00 00 00 00 00 00 00  ................ [zeros]
00007810:  00 00 00 00 00 00 00 00 00 00 00 00 00 00 00 00  ................ [zeros]
00007820:  00 00 00 00 00 00 C0 BE AF 44 01 A8 0F 04 9C 58  .........D.....X
00007830:  B7 06 23 70 0C E8 00 00 00 00 00 00 00 00 00 00  ..#p............
00007840:  00 00 00 00 00 00 00 00 00 00 00 00 00 00 00 00  ................ [zeros]
00007850:  00 00 00 00 00 00 B3 03 74 91 F4 7D 4E 1D 7C 45  ........t..}N.|E
00007860:  E5 7F 02 97 BC 82 00 00 00 00 00 00 00 00 00 00  ................
00007870:  00 00 00 00 00 00 00 00 00 00 00 00 00 00 00 00  ................ [zeros]
00007880:  00 00 00 00 00 00 09 71 F6 03 71 73 2D 47 48 BC  .......q..qs-GH.
00007890:  9B 94 FA F5 F1 A3 17 50 D6 AD 07 B2 9F 27 32 A8  .......P.....'2.
000078A0:  23 74 DB 83 AD 90 7C 8D 2A C9 C7 25 29 CA 12 74  #t....|.*..%)..t
000078B0:  F1 0C 7C 71 BE FE 0A 38 DA A5 08 BA C7 8D 9C BC  ..|q...8........
000078C0:  9C 3A 90 C3 7B A9 D3 75 6A 26 D2 68 BE E5 86 16  .:..{..uj&.h....
000078D0:  E2 67 D3 B9 57 72 EC 32 68 CA AD 37 3A 3F B4 AE  .g..Wr.2h..7:?..
000078E0:  D1 75 F5 45 EE 64 A0 23 89 4F 6E F5 DD 53 A4 EB  .u.E.d.#.On..S..
000078F0:  0B AC 43 4D 72 FC CA A7 75 22 40 79 B3 6E 32 B1  ..CMr...u"@y.n2.
00007900:  11 F9 84 9E CC 04 A5 76 C2 62 F1 63 42 B2 75 67  .......v.b.cB.ug
00007910:  8C 6B 85 50 84 76 69 8A B9 B9 2A 6F ED 06 F8 B4  .k.P.vi...*o....
00007920:  48 17 91 56 01 FC 6D F2 76 36 28 C8 F9 AD 09 3D  H..V..m.v6(....=
00007930:  B3 D2 05 38 C8 1A C0 12 F3 C0 B4 0D 15 4D B1 00  ...8.........M..
00007940:  3B FD CF 2C EE 71 4D 0D 94 CB 00 CD 10 D3 6B 68  ;..,.qM.......kh
00007950:  6A 9B C1 68 7A 1D 31 0C 85 4E 3F 9F 71 63 78 60  j..hz.1..N?.qcx`
00007960:  EB 4A BB DD 53 F1 2D B0 85 06 50 A5 19 44 29 D4  .J..S.-...P..D).
00007970:  7E 8F 59 F3 28 60 4C 5D 92 B7 2D 35 B2 CF 96 EB  ~.Y.(`L]..-5....
00007980:  5B 93 63 09 05 EA DF E8 F9 46 6A 8F FC D1 CC 3D  [.c......Fj....=
00007990:  0C C3 E1 47 65 C9 A3 A9 87 E4 85 03 57 F9 E2 09  ...Ge.......W...
000079A0:  FF AE D6 91 79 41 A3 A9 87 E4 85 03 57 F9 E2 09  ....yA......W...
000079B0:  FF AE D6 91 79 41 A3 A9 87 E4 85 03 57 F9 E2 09  ....yA......W...
000079C0:  FF AE D6 91 79 41 8D B0 D1 D3 63 21 B1 B2 D8 C7  ....yA....c!....
000079D0:  00 06 D4 7E 40 7F B7 C5 29 76 C8 6C 25 D4 18 A8  ...~@...)v.l%...
000079E0:  4F 99 FB 70 50 CC B7 C5 29 76 C8 6C 25 D4 18 A8  O..pP...)v.l%...
000079F0:  4F 99 FB 70 50 CC B7 C5 29 76 C8 6C 25 D4 18 A8  O..pP...)v.l%...
00007A00:  4F 99 FB 70 50 CC CB C4 6E C4 A8 CC 5B 3A BD BC  O..pP...n...[:..
00007A10:  B9 89 0C A2 ED F5 BA 30 61 17 E3 D4 10 A2 B3 BF  .......0a.......
00007A20:  D9 AC 9D 7E 53 9A BC 2C 20 29 FC E2 20 E7 49 45  ...~S.., ).. .IE
00007A30:  69 92 E2 8B 26 5C C0 95 A2 17 22 1B 7D 1D CE AF  i...&\....".}...
00007A40:  B8 92 9B 32 E1 0B 4D 7A 81 48 EB AD 42 68 FA 95  ...2..Mz.H..Bh..
00007A50:  55 92 2D A6 E1 0C C0 4E CF 09 F5 1C 72 18 A9 48  U.-....N....r..H
00007A60:  BF C1 4E CE 4A 34 FA C7 9F 7C 91 49 84 C7 07 0F  ..N.J4...|.I....
00007A70:  1E 85 72 3C F6 4C FA C7 9F 7C 91 49 84 C7 07 0F  ..r<.L...|.I....
00007A80:  1E 85 72 3C F6 4C FA C7 9F 7C 91 49 84 C7 07 0F  ..r<.L...|.I....
00007A90:  1E 85 72 3C F6 4C AD 01 62 C3 5F C6 5C 23 19 EB  ..r<.L..b._.\#..
00007AA0:  55 2F DD DC 9C 60 ED 05 83 0F E4 A7 03 1F 78 61  U/...`........xa
00007AB0:  05 93 96 E5 7E E4 67 30 F4 53 AB 42 B2 ED 8F 66  ....~.g0.S.B...f
00007AC0:  8F A6 0F 98 6B E4 55 ED 6C 1E 85 3D D2 FA B2 C8  ....k.U.l..=....
00007AD0:  AE 89 36 7D 38 66 2A 38 05 48 27 FB 30 D7 D4 B8  ..6}8f*8.H'.0...
00007AE0:  AC 8B 30 F3 76 7A 92 58 E3 BF F6 DC 80 73 6F 67  ..0.vz.X.....sog
00007AF0:  C4 DF 74 63 89 EF D9 C6 23 52 E6 01 6D F6 72 10  ..tc....#R..m.r.
00007B00:  BA 71 B3 B0 C7 3D 7C D4 FB D3 17 1B 92 EF 66 63  .q...=|.......fc
00007B10:  68 C8 7E 5E BF DC E0 BD 00 11 64 FF 02 2B 8E 0C  h.~^......d..+..
00007B20:  3F 12 F0 EF 9E 19 7B 77 DF 64 1B 8C 3A 4D 47 84  ?.....{w.d..:MG.
00007B30:  F4 5C 2A A7 A9 98 ED 05 83 0F E4 A7 03 1F 78 61  .\*...........xa
00007B40:  05 93 96 E5 7E E4 67 30 F4 53 AB 42 B2 ED 8F 66  ....~.g0.S.B...f
00007B50:  8F A6 0F 98 6B E4 55 ED 6C 1E 85 3D D2 FA B2 C8  ....k.U.l..=....
00007B60:  AE 89 36 7D 38 66 2A 38 05 48 27 FB 30 D7 D4 B8  ..6}8f*8.H'.0...
00007B70:  AC 8B 30 F3 76 7A 92 58 E3 BF F6 DC 80 73 6F 67  ..0.vz.X.....sog
00007B80:  C4 DF 74 63 89 EF D9 C6 23 52 E6 01 6D F6 72 10  ..tc....#R..m.r.
00007B90:  BA 71 B3 B0 C7 3D DB 98 F2 F8 73 0E 8E 04 1B C6  .q...=....s.....
00007BA0:  88 1B 8D 75 0B 29 F9 4A A6 AA C1 18 49 89 63 EA  ...u.).J....I.c.
00007BB0:  6F 90 17 7A B2 8A B6 33 C4 A1 DA B5 5D 4C 80 A8  o..z...3....]L..
00007BC0:  24 0B D8 70 3E 31 17 13 CF 65 51 D6 F7 29 6D F8  $..p>1...eQ..)m.
00007BD0:  FB 14 38 1A 13 97 4C 61 8E 39 28 40 0D B6 67 56  ..8...La.9(@..gV
00007BE0:  0E B6 B4 27 E5 7E 15 CA 28 2F AB 30 ED D2 40 88  ...'.~..(/.0..@.
00007BF0:  CB 08 F3 98                                      ....

; --- structure summary (block types) ---
; 0x00000060..+0xD0  data   (208 bytes)
; 0x00000130..+0x40  zeros  (64 bytes)
; 0x00000170..+0x220  data   (544 bytes)
; 0x00000390..+0x170  zeros  (368 bytes)
; 0x00000500..+0x580  data   (1408 bytes)
; 0x00000A80..+0x3E0  zeros  (992 bytes)
; 0x00000E60..+0x20  data   (32 bytes)
; 0x00000E80..+0x3E0  zeros  (992 bytes)
; 0x00001260..+0x20  data   (32 bytes)
; 0x00001280..+0x3E0  zeros  (992 bytes)
; 0x00001660..+0x20  data   (32 bytes)
; 0x00001680..+0x3E0  zeros  (992 bytes)
; 0x00001A60..+0x2420  data   (9248 bytes)
; 0x00003E80..+0x10  zeros  (16 bytes)
; 0x00003E90..+0x40  data   (64 bytes)
; 0x00003ED0..+0x70  zeros  (112 bytes)
; 0x00003F40..+0x50  data   (80 bytes)
; 0x00003F90..+0x20  zeros  (32 bytes)
; 0x00003FB0..+0xB0  data   (176 bytes)
; 0x00004060..+0xB0  zeros  (176 bytes)
; 0x00004110..+0x30  data   (48 bytes)
; 0x00004140..+0x2A0  zeros  (672 bytes)
; 0x000043E0..+0xF0  data   (240 bytes)
; 0x000044D0..+0x5E0  zeros  (1504 bytes)
; 0x00004AB0..+0x140  data   (320 bytes)
; 0x00004BF0..+0xF0  zeros  (240 bytes)
; 0x00004CE0..+0x220  data   (544 bytes)
; 0x00004F00..+0x30  zeros  (48 bytes)
; 0x00004F30..+0xA0  data   (160 bytes)
; 0x00004FD0..+0xB0  zeros  (176 bytes)
; 0x00005080..+0xA0  data   (160 bytes)
; 0x00005120..+0x10  zeros  (16 bytes)
; 0x00005130..+0xD0  data   (208 bytes)
; 0x00005200..+0xC0  zeros  (192 bytes)
; 0x000052C0..+0x290  data   (656 bytes)
; 0x00005550..+0x40  zeros  (64 bytes)
; 0x00005590..+0x150  data   (336 bytes)
; 0x000056E0..+0x50  zeros  (80 bytes)
; 0x00005730..+0x230  data   (560 bytes)
; 0x00005960..+0x60  zeros  (96 bytes)
; 0x000059C0..+0xF0  data   (240 bytes)
; 0x00005AB0..+0xD0  zeros  (208 bytes)
; 0x00005B80..+0x240  data   (576 bytes)
; 0x00005DC0..+0xD0  zeros  (208 bytes)
; 0x00005E90..+0x230  data   (560 bytes)
; 0x000060C0..+0x30  zeros  (48 bytes)
; 0x000060F0..+0x60  data   (96 bytes)
; 0x00006150..+0xA0  zeros  (160 bytes)
; 0x000061F0..+0x60  data   (96 bytes)
; 0x00006250..+0x40  zeros  (64 bytes)
; 0x00006290..+0x20  data   (32 bytes)
; 0x000062B0..+0xB0  zeros  (176 bytes)
; 0x00006360..+0x50  data   (80 bytes)
; 0x000063B0..+0x40  zeros  (64 bytes)
; 0x000063F0..+0x30  data   (48 bytes)
; 0x00006420..+0xA0  zeros  (160 bytes)
; 0x000064C0..+0x290  data   (656 bytes)
; 0x00006750..+0xC0  zeros  (192 bytes)
; 0x00006810..+0x190  data   (400 bytes)
; 0x000069A0..+0x10  zeros  (16 bytes)
; 0x000069B0..+0x20  data   (32 bytes)
; 0x000069D0..+0x10  zeros  (16 bytes)
; 0x000069E0..+0x20  data   (32 bytes)
; 0x00006A00..+0x20  zeros  (32 bytes)
; 0x00006A20..+0x20  data   (32 bytes)
; 0x00006A40..+0x10  zeros  (16 bytes)
; 0x00006A50..+0x20  data   (32 bytes)
; 0x00006A70..+0x10  zeros  (16 bytes)
; 0x00006A80..+0x20  data   (32 bytes)
; 0x00006AA0..+0x10  zeros  (16 bytes)
; 0x00006AB0..+0x20  data   (32 bytes)
; 0x00006AD0..+0x20  zeros  (32 bytes)
; 0x00006AF0..+0x360  data   (864 bytes)
; 0x00006E50..+0x40  zeros  (64 bytes)
; 0x00006E90..+0x50  data   (80 bytes)
; 0x00006EE0..+0xA0  zeros  (160 bytes)
; 0x00006F80..+0x60  data   (96 bytes)
; 0x00006FE0..+0x40  zeros  (64 bytes)
; 0x00007020..+0x30  data   (48 bytes)
; 0x00007050..+0xA0  zeros  (160 bytes)
; 0x000070F0..+0x50  data   (80 bytes)
; 0x00007140..+0x40  zeros  (64 bytes)
; 0x00007180..+0x30  data   (48 bytes)
; 0x000071B0..+0xB0  zeros  (176 bytes)
; 0x00007260..+0x280  data   (640 bytes)
; 0x000074E0..+0xC0  zeros  (192 bytes)
; 0x000075A0..+0x190  data   (400 bytes)
; 0x00007730..+0x10  zeros  (16 bytes)
; 0x00007740..+0x20  data   (32 bytes)
; 0x00007760..+0x20  zeros  (32 bytes)
; 0x00007780..+0x20  data   (32 bytes)
; 0x000077A0..+0x10  zeros  (16 bytes)
; 0x000077B0..+0x20  data   (32 bytes)
; 0x000077D0..+0x10  zeros  (16 bytes)
; 0x000077E0..+0x20  data   (32 bytes)
; 0x00007800..+0x20  zeros  (32 bytes)
; 0x00007820..+0x20  data   (32 bytes)
; 0x00007840..+0x10  zeros  (16 bytes)
; 0x00007850..+0x20  data   (32 bytes)
; 0x00007870..+0x10  zeros  (16 bytes)
; 0x00007880..+0x370  data   (880 bytes)
